dataset,variable,label,description
Network Survey Wave 1 (Summer 2011),sender,Study Participant's Number,NA
Network Survey Wave 1 (Summer 2011),position_1,NA,NA
Network Survey Wave 1 (Summer 2011),altername,Alter Name,NA
Network Survey Wave 1 (Summer 2011),receiver_string,Phone Number,NA
Network Survey Wave 1 (Summer 2011),receiver,Phone Number,NA
Network Survey Wave 1 (Summer 2011),email_1,Email,NA
Network Survey Wave 1 (Summer 2011),freqlast3months_1,Frequency Last 3 Months,NA
Network Survey Wave 1 (Summer 2011),freqlastyear_1,Frequency Last Year,NA
Network Survey Wave 1 (Summer 2011),closeness_1,Closeness,NA
Network Survey Wave 1 (Summer 2011),duration_1,"Duration of Relationship, in Years",NA
Network Survey Wave 1 (Summer 2011),emotionloving_1,Loving,NA
Network Survey Wave 1 (Summer 2011),emotionexciting_1,Exciting,NA
Network Survey Wave 1 (Summer 2011),emotionsignificant_1,Significant,NA
Network Survey Wave 1 (Summer 2011),notredamerelation_1,Relationship to Notre Dame,NA
Network Survey Wave 1 (Summer 2011),socialcontextSchool_1,Interacted at School,NA
Network Survey Wave 1 (Summer 2011),socialcontextClubReligious_1,Interacted at club or religious organization,NA
Network Survey Wave 1 (Summer 2011),socialcontexthomeneighborhood_1,Interacted at Home or Neighborhood,NA
Network Survey Wave 1 (Summer 2011),socialcontextwork_1,Interacted at Work,NA
Network Survey Wave 1 (Summer 2011),socialcontextinternet_1,Interacted over the internet,NA
Network Survey Wave 1 (Summer 2011),socialcontextcallingtexting_1,Interacted wth them through calling or texting,NA
Network Survey Wave 1 (Summer 2011),socialcontextholidays_1,Interacted with them over holidays,NA
Network Survey Wave 1 (Summer 2011),socialcontextother_1,Interacted with them Other,NA
Network Survey Wave 1 (Summer 2011),activitiesact01_1,5.activities [act01],NA
Network Survey Wave 1 (Summer 2011),activitiesact02_1,5.activities [act02],NA
Network Survey Wave 1 (Summer 2011),activitiesact03_1,5.activities [act03],NA
Network Survey Wave 1 (Summer 2011),activitiesact04_1,5.activities [act04],NA
Network Survey Wave 1 (Summer 2011),activitiesact05_1,5.activities [act05],NA
Network Survey Wave 1 (Summer 2011),sameactivities1_1,Does Activity 1,NA
Network Survey Wave 1 (Summer 2011),sameactivities2_1,Does actiivty 2,NA
Network Survey Wave 1 (Summer 2011),sameactivities3_1,Does activity 3,NA
Network Survey Wave 1 (Summer 2011),sameactivities4_1,Does Activity 4,NA
Network Survey Wave 1 (Summer 2011),sameactivities5_1,Does Activity 5,NA
Network Survey Wave 1 (Summer 2011),alterbooks_1,Enjoys books,NA
Network Survey Wave 1 (Summer 2011),altergames_1,Enjoys Games,NA
Network Survey Wave 1 (Summer 2011),altermovies_1,Enjoys Movies,NA
Network Survey Wave 1 (Summer 2011),altermusic_1,Enjoy Music,NA
Network Survey Wave 1 (Summer 2011),alterother_1,Other type of alter,NA
Network Survey Wave 1 (Summer 2011),alteroutdoor_1,Enjoys Outdoors,NA
Network Survey Wave 1 (Summer 2011),altersports_1,Enjoys Sports,NA
Network Survey Wave 1 (Summer 2011),alter10relsq001_sq019_1,alter10.rel [SQ001_SQ019],NA
Network Survey Wave 1 (Summer 2011),alter10relsq002_sq019_1,alter10.rel [SQ002_SQ019],NA
Network Survey Wave 1 (Summer 2011),alter10relsq003_sq019_1,alter10.rel [SQ003_SQ019],NA
Network Survey Wave 1 (Summer 2011),alter10relsq004_sq019_1,alter10.rel [SQ004_SQ019],NA
Network Survey Wave 1 (Summer 2011),alter10relsq005_sq019_1,alter10.rel [SQ005_SQ019],NA
Network Survey Wave 1 (Summer 2011),alter10relsq006_sq019_1,alter10.rel [SQ006_SQ019],NA
Network Survey Wave 1 (Summer 2011),alter10relsq007_sq019_1,alter10.rel [SQ007_SQ019],NA
Network Survey Wave 1 (Summer 2011),alter10relsq008_sq019_1,alter10.rel [SQ008_SQ019],NA
Network Survey Wave 1 (Summer 2011),alter10relsq009_sq019_1,alter10.rel [SQ009_SQ019],NA
Network Survey Wave 1 (Summer 2011),alter10relsq010_sq019_1,alter10.rel [SQ010_SQ019],NA
Network Survey Wave 1 (Summer 2011),alter11relsq001_sq019_1,alter11.rel [SQ001_SQ019],NA
Network Survey Wave 1 (Summer 2011),alter11relsq002_sq019_1,alter11.rel [SQ002_SQ019],NA
Network Survey Wave 1 (Summer 2011),alter11relsq003_sq019_1,alter11.rel [SQ003_SQ019],NA
Network Survey Wave 1 (Summer 2011),alter11relsq004_sq019_1,alter11.rel [SQ004_SQ019],NA
Network Survey Wave 1 (Summer 2011),alter11relsq005_sq019_1,alter11.rel [SQ005_SQ019],NA
Network Survey Wave 1 (Summer 2011),alter11relsq006_sq019_1,alter11.rel [SQ006_SQ019],NA
Network Survey Wave 1 (Summer 2011),alter11relsq007_sq019_1,alter11.rel [SQ007_SQ019],NA
Network Survey Wave 1 (Summer 2011),alter11relsq008_sq019_1,alter11.rel [SQ008_SQ019],NA
Network Survey Wave 1 (Summer 2011),alter11relsq009_sq019_1,alter11.rel [SQ009_SQ019],NA
Network Survey Wave 1 (Summer 2011),alter12relsq001_sq019_1,alter12.rel [SQ001_SQ019],NA
Network Survey Wave 1 (Summer 2011),alter12relsq002_sq019_1,alter12.rel [SQ002_SQ019],NA
Network Survey Wave 1 (Summer 2011),alter12relsq003_sq019_1,alter12.rel [SQ003_SQ019],NA
Network Survey Wave 1 (Summer 2011),alter12relsq004_sq019_1,alter12.rel [SQ004_SQ019],NA
Network Survey Wave 1 (Summer 2011),alter12relsq005_sq019_1,alter12.rel [SQ005_SQ019],NA
Network Survey Wave 1 (Summer 2011),alter12relsq006_sq019_1,alter12.rel [SQ006_SQ019],NA
Network Survey Wave 1 (Summer 2011),alter12relsq007_sq019_1,alter12.rel [SQ007_SQ019],NA
Network Survey Wave 1 (Summer 2011),alter12relsq008_sq019_1,alter12.rel [SQ008_SQ019],NA
Network Survey Wave 1 (Summer 2011),alter13relsq001_sq019_1,alter13.rel [SQ001_SQ019],NA
Network Survey Wave 1 (Summer 2011),alter13relsq002_sq019_1,alter13.rel [SQ002_SQ019],NA
Network Survey Wave 1 (Summer 2011),alter13relsq003_sq019_1,alter13.rel [SQ003_SQ019],NA
Network Survey Wave 1 (Summer 2011),alter13relsq004_sq019_1,alter13.rel [SQ004_SQ019],NA
Network Survey Wave 1 (Summer 2011),alter13relsq005_sq019_1,alter13.rel [SQ005_SQ019],NA
Network Survey Wave 1 (Summer 2011),alter13relsq006_sq019_1,alter13.rel [SQ006_SQ019],NA
Network Survey Wave 1 (Summer 2011),alter13relsq007_sq019_1,alter13.rel [SQ007_SQ019],NA
Network Survey Wave 1 (Summer 2011),alter14relsq001_sq019_1,alter14.rel [SQ001_SQ019],NA
Network Survey Wave 1 (Summer 2011),alter14relsq002_sq019_1,alter14.rel [SQ002_SQ019],NA
Network Survey Wave 1 (Summer 2011),alter14relsq003_sq019_1,alter14.rel [SQ003_SQ019],NA
Network Survey Wave 1 (Summer 2011),alter14relsq004_sq019_1,alter14.rel [SQ004_SQ019],NA
Network Survey Wave 1 (Summer 2011),alter14relsq005_sq019_1,alter14.rel [SQ005_SQ019],NA
Network Survey Wave 1 (Summer 2011),alter14relsq006_sq019_1,alter14.rel [SQ006_SQ019],NA
Network Survey Wave 1 (Summer 2011),alter15relsq001_sq019_1,alter15.rel [SQ001_SQ019],NA
Network Survey Wave 1 (Summer 2011),alter15relsq002_sq019_1,alter15.rel [SQ002_SQ019],NA
Network Survey Wave 1 (Summer 2011),alter15relsq003_sq019_1,alter15.rel [SQ003_SQ019],NA
Network Survey Wave 1 (Summer 2011),alter15relsq004_sq019_1,alter15.rel [SQ004_SQ019],NA
Network Survey Wave 1 (Summer 2011),alter15relsq005_sq019_1,alter15.rel [SQ005_SQ019],NA
Network Survey Wave 1 (Summer 2011),alter16relsq001_sq019_1,alter16.rel [SQ001_SQ019],NA
Network Survey Wave 1 (Summer 2011),alter16relsq002_sq019_1,alter16.rel [SQ002_SQ019],NA
Network Survey Wave 1 (Summer 2011),alter16relsq003_sq019_1,alter16.rel [SQ003_SQ019],NA
Network Survey Wave 1 (Summer 2011),alter16relsq004_sq019_1,alter16.rel [SQ004_SQ019],NA
Network Survey Wave 1 (Summer 2011),alter17relsq001_sq019_1,alter17.rel [SQ001_SQ019],NA
Network Survey Wave 1 (Summer 2011),alter17relsq002_sq019_1,alter17.rel [SQ002_SQ019],NA
Network Survey Wave 1 (Summer 2011),alter17relsq003_sq019_1,alter17.rel [SQ003_SQ019],NA
Network Survey Wave 1 (Summer 2011),alter18relsq001_sq019_1,alter18.rel [SQ001_SQ019],NA
Network Survey Wave 1 (Summer 2011),alter18relsq002_sq019_1,alter18.rel [SQ002_SQ019],NA
Network Survey Wave 1 (Summer 2011),alter19relsq001_sq001_1,alter19.rel [SQ001_SQ001],NA
Network Survey Wave 1 (Summer 2011),alter1relsq001_sq001_1,alter1.rel [SQ001_SQ001],NA
Network Survey Wave 1 (Summer 2011),alter1relsq002_sq001_1,alter1.rel [SQ002_SQ001],NA
Network Survey Wave 1 (Summer 2011),alter1relsq003_sq001_1,alter1.rel [SQ003_SQ001],NA
Network Survey Wave 1 (Summer 2011),alter1relsq004_sq001_1,alter1.rel [SQ004_SQ001],NA
Network Survey Wave 1 (Summer 2011),alter1relsq005_sq001_1,alter1.rel [SQ005_SQ001],NA
Network Survey Wave 1 (Summer 2011),alter1relsq006_sq001_1,alter1.rel [SQ006_SQ001],NA
Network Survey Wave 1 (Summer 2011),alter1relsq007_sq001_1,alter1.rel [SQ007_SQ001],NA
Network Survey Wave 1 (Summer 2011),alter1relsq008_sq001_1,alter1.rel [SQ008_SQ001],NA
Network Survey Wave 1 (Summer 2011),alter1relsq009_sq001_1,alter1.rel [SQ009_SQ001],NA
Network Survey Wave 1 (Summer 2011),alter1relsq010_sq001_1,alter1.rel [SQ010_SQ001],NA
Network Survey Wave 1 (Summer 2011),alter1relsq011_sq001_1,alter1.rel [SQ011_SQ001],NA
Network Survey Wave 1 (Summer 2011),alter1relsq012_sq001_1,alter1.rel [SQ012_SQ001],NA
Network Survey Wave 1 (Summer 2011),alter1relsq013_sq001_1,alter1.rel [SQ013_SQ001],NA
Network Survey Wave 1 (Summer 2011),alter1relsq014_sq001_1,alter1.rel [SQ014_SQ001],NA
Network Survey Wave 1 (Summer 2011),alter1relsq015_sq001_1,alter1.rel [SQ015_SQ001],NA
Network Survey Wave 1 (Summer 2011),alter1relsq016_sq001_1,alter1.rel [SQ016_SQ001],NA
Network Survey Wave 1 (Summer 2011),alter1relsq017_sq001_1,alter1.rel [SQ017_SQ001],NA
Network Survey Wave 1 (Summer 2011),alter1relsq018_sq001_1,alter1.rel [SQ018_SQ001],NA
Network Survey Wave 1 (Summer 2011),alter1relsq019_sq001_1,alter1.rel [SQ019_SQ001],NA
Network Survey Wave 1 (Summer 2011),alter2relsq001_sq019_1,alter2.rel [SQ001_SQ019],NA
Network Survey Wave 1 (Summer 2011),alter2relsq002_sq019_1,alter2.rel [SQ002_SQ019],NA
Network Survey Wave 1 (Summer 2011),alter2relsq003_sq019_1,alter2.rel [SQ003_SQ019],NA
Network Survey Wave 1 (Summer 2011),alter2relsq004_sq019_1,alter2.rel [SQ004_SQ019],NA
Network Survey Wave 1 (Summer 2011),alter2relsq005_sq019_1,alter2.rel [SQ005_SQ019],NA
Network Survey Wave 1 (Summer 2011),alter2relsq006_sq019_1,alter2.rel [SQ006_SQ019],NA
Network Survey Wave 1 (Summer 2011),alter2relsq007_sq019_1,alter2.rel [SQ007_SQ019],NA
Network Survey Wave 1 (Summer 2011),alter2relsq008_sq019_1,alter2.rel [SQ008_SQ019],NA
Network Survey Wave 1 (Summer 2011),alter2relsq009_sq019_1,alter2.rel [SQ009_SQ019],NA
Network Survey Wave 1 (Summer 2011),alter2relsq010_sq019_1,alter2.rel [SQ010_SQ019],NA
Network Survey Wave 1 (Summer 2011),alter2relsq011_sq019_1,alter2.rel [SQ011_SQ019],NA
Network Survey Wave 1 (Summer 2011),alter2relsq012_sq019_1,alter2.rel [SQ012_SQ019],NA
Network Survey Wave 1 (Summer 2011),alter2relsq013_sq019_1,alter2.rel [SQ013_SQ019],NA
Network Survey Wave 1 (Summer 2011),alter2relsq014_sq019_1,alter2.rel [SQ014_SQ019],NA
Network Survey Wave 1 (Summer 2011),alter2relsq015_sq019_1,alter2.rel [SQ015_SQ019],NA
Network Survey Wave 1 (Summer 2011),alter2relsq016_sq019_1,alter2.rel [SQ016_SQ019],NA
Network Survey Wave 1 (Summer 2011),alter2relsq017_sq019_1,alter2.rel [SQ017_SQ019],NA
Network Survey Wave 1 (Summer 2011),alter2relsq018_sq019_1,alter2.rel [SQ018_SQ019],NA
Network Survey Wave 1 (Summer 2011),alter3relsq001_sq019_1,alter3.rel [SQ001_SQ019],NA
Network Survey Wave 1 (Summer 2011),alter3relsq002_sq019_1,alter3.rel [SQ002_SQ019],NA
Network Survey Wave 1 (Summer 2011),alter3relsq003_sq019_1,alter3.rel [SQ003_SQ019],NA
Network Survey Wave 1 (Summer 2011),alter3relsq004_sq019_1,alter3.rel [SQ004_SQ019],NA
Network Survey Wave 1 (Summer 2011),alter3relsq005_sq019_1,alter3.rel [SQ005_SQ019],NA
Network Survey Wave 1 (Summer 2011),alter3relsq006_sq019_1,alter3.rel [SQ006_SQ019],NA
Network Survey Wave 1 (Summer 2011),alter3relsq007_sq019_1,alter3.rel [SQ007_SQ019],NA
Network Survey Wave 1 (Summer 2011),alter3relsq008_sq019_1,alter3.rel [SQ008_SQ019],NA
Network Survey Wave 1 (Summer 2011),alter3relsq009_sq019_1,alter3.rel [SQ009_SQ019],NA
Network Survey Wave 1 (Summer 2011),alter3relsq010_sq019_1,alter3.rel [SQ010_SQ019],NA
Network Survey Wave 1 (Summer 2011),alter3relsq011_sq019_1,alter3.rel [SQ011_SQ019],NA
Network Survey Wave 1 (Summer 2011),alter3relsq012_sq019_1,alter3.rel [SQ012_SQ019],NA
Network Survey Wave 1 (Summer 2011),alter3relsq013_sq019_1,alter3.rel [SQ013_SQ019],NA
Network Survey Wave 1 (Summer 2011),alter3relsq014_sq019_1,alter3.rel [SQ014_SQ019],NA
Network Survey Wave 1 (Summer 2011),alter3relsq015_sq019_1,alter3.rel [SQ015_SQ019],NA
Network Survey Wave 1 (Summer 2011),alter3relsq016_sq019_1,alter3.rel [SQ016_SQ019],NA
Network Survey Wave 1 (Summer 2011),alter3relsq017_sq019_1,alter3.rel [SQ017_SQ019],NA
Network Survey Wave 1 (Summer 2011),alter4relsq001_sq019_1,alter4.rel [SQ001_SQ019],NA
Network Survey Wave 1 (Summer 2011),alter4relsq002_sq019_1,alter4.rel [SQ002_SQ019],NA
Network Survey Wave 1 (Summer 2011),alter4relsq003_sq019_1,alter4.rel [SQ003_SQ019],NA
Network Survey Wave 1 (Summer 2011),alter4relsq004_sq019_1,alter4.rel [SQ004_SQ019],NA
Network Survey Wave 1 (Summer 2011),alter4relsq005_sq019_1,alter4.rel [SQ005_SQ019],NA
Network Survey Wave 1 (Summer 2011),alter4relsq006_sq019_1,alter4.rel [SQ006_SQ019],NA
Network Survey Wave 1 (Summer 2011),alter4relsq007_sq019_1,alter4.rel [SQ007_SQ019],NA
Network Survey Wave 1 (Summer 2011),alter4relsq008_sq019_1,alter4.rel [SQ008_SQ019],NA
Network Survey Wave 1 (Summer 2011),alter4relsq009_sq019_1,alter4.rel [SQ009_SQ019],NA
Network Survey Wave 1 (Summer 2011),alter4relsq010_sq019_1,alter4.rel [SQ010_SQ019],NA
Network Survey Wave 1 (Summer 2011),alter4relsq011_sq019_1,alter4.rel [SQ011_SQ019],NA
Network Survey Wave 1 (Summer 2011),alter4relsq012_sq019_1,alter4.rel [SQ012_SQ019],NA
Network Survey Wave 1 (Summer 2011),alter4relsq013_sq019_1,alter4.rel [SQ013_SQ019],NA
Network Survey Wave 1 (Summer 2011),alter4relsq014_sq019_1,alter4.rel [SQ014_SQ019],NA
Network Survey Wave 1 (Summer 2011),alter4relsq015_sq019_1,alter4.rel [SQ015_SQ019],NA
Network Survey Wave 1 (Summer 2011),alter4relsq016_sq019_1,alter4.rel [SQ016_SQ019],NA
Network Survey Wave 1 (Summer 2011),alter5relsq001_sq019_1,alter5.rel [SQ001_SQ019],NA
Network Survey Wave 1 (Summer 2011),alter5relsq002_sq019_1,alter5.rel [SQ002_SQ019],NA
Network Survey Wave 1 (Summer 2011),alter5relsq003_sq019_1,alter5.rel [SQ003_SQ019],NA
Network Survey Wave 1 (Summer 2011),alter5relsq004_sq019_1,alter5.rel [SQ004_SQ019],NA
Network Survey Wave 1 (Summer 2011),alter5relsq005_sq019_1,alter5.rel [SQ005_SQ019],NA
Network Survey Wave 1 (Summer 2011),alter5relsq006_sq019_1,alter5.rel [SQ006_SQ019],NA
Network Survey Wave 1 (Summer 2011),alter5relsq007_sq019_1,alter5.rel [SQ007_SQ019],NA
Network Survey Wave 1 (Summer 2011),alter5relsq008_sq019_1,alter5.rel [SQ008_SQ019],NA
Network Survey Wave 1 (Summer 2011),alter5relsq009_sq019_1,alter5.rel [SQ009_SQ019],NA
Network Survey Wave 1 (Summer 2011),alter5relsq010_sq019_1,alter5.rel [SQ010_SQ019],NA
Network Survey Wave 1 (Summer 2011),alter5relsq011_sq019_1,alter5.rel [SQ011_SQ019],NA
Network Survey Wave 1 (Summer 2011),alter5relsq012_sq019_1,alter5.rel [SQ012_SQ019],NA
Network Survey Wave 1 (Summer 2011),alter5relsq013_sq019_1,alter5.rel [SQ013_SQ019],NA
Network Survey Wave 1 (Summer 2011),alter5relsq014_sq019_1,alter5.rel [SQ014_SQ019],NA
Network Survey Wave 1 (Summer 2011),alter5relsq015_sq019_1,alter5.rel [SQ015_SQ019],NA
Network Survey Wave 1 (Summer 2011),alter6relsq001_sq019_1,alter6.rel [SQ001_SQ019],NA
Network Survey Wave 1 (Summer 2011),alter6relsq002_sq019_1,alter6.rel [SQ002_SQ019],NA
Network Survey Wave 1 (Summer 2011),alter6relsq003_sq019_1,alter6.rel [SQ003_SQ019],NA
Network Survey Wave 1 (Summer 2011),alter6relsq004_sq019_1,alter6.rel [SQ004_SQ019],NA
Network Survey Wave 1 (Summer 2011),alter6relsq005_sq019_1,alter6.rel [SQ005_SQ019],NA
Network Survey Wave 1 (Summer 2011),alter6relsq006_sq019_1,alter6.rel [SQ006_SQ019],NA
Network Survey Wave 1 (Summer 2011),alter6relsq007_sq019_1,alter6.rel [SQ007_SQ019],NA
Network Survey Wave 1 (Summer 2011),alter6relsq008_sq019_1,alter6.rel [SQ008_SQ019],NA
Network Survey Wave 1 (Summer 2011),alter6relsq009_sq019_1,alter6.rel [SQ009_SQ019],NA
Network Survey Wave 1 (Summer 2011),alter6relsq010_sq019_1,alter6.rel [SQ010_SQ019],NA
Network Survey Wave 1 (Summer 2011),alter6relsq011_sq019_1,alter6.rel [SQ011_SQ019],NA
Network Survey Wave 1 (Summer 2011),alter6relsq012_sq019_1,alter6.rel [SQ012_SQ019],NA
Network Survey Wave 1 (Summer 2011),alter6relsq013_sq019_1,alter6.rel [SQ013_SQ019],NA
Network Survey Wave 1 (Summer 2011),alter6relsq014_sq019_1,alter6.rel [SQ014_SQ019],NA
Network Survey Wave 1 (Summer 2011),alter7relsq001_sq019_1,alter7.rel [SQ001_SQ019],NA
Network Survey Wave 1 (Summer 2011),alter7relsq002_sq019_1,alter7.rel [SQ002_SQ019],NA
Network Survey Wave 1 (Summer 2011),alter7relsq003_sq019_1,alter7.rel [SQ003_SQ019],NA
Network Survey Wave 1 (Summer 2011),alter7relsq004_sq019_1,alter7.rel [SQ004_SQ019],NA
Network Survey Wave 1 (Summer 2011),alter7relsq005_sq019_1,alter7.rel [SQ005_SQ019],NA
Network Survey Wave 1 (Summer 2011),alter7relsq006_sq019_1,alter7.rel [SQ006_SQ019],NA
Network Survey Wave 1 (Summer 2011),alter7relsq007_sq019_1,alter7.rel [SQ007_SQ019],NA
Network Survey Wave 1 (Summer 2011),alter7relsq008_sq019_1,alter7.rel [SQ008_SQ019],NA
Network Survey Wave 1 (Summer 2011),alter7relsq009_sq019_1,alter7.rel [SQ009_SQ019],NA
Network Survey Wave 1 (Summer 2011),alter7relsq010_sq019_1,alter7.rel [SQ010_SQ019],NA
Network Survey Wave 1 (Summer 2011),alter7relsq011_sq019_1,alter7.rel [SQ011_SQ019],NA
Network Survey Wave 1 (Summer 2011),alter7relsq012_sq019_1,alter7.rel [SQ012_SQ019],NA
Network Survey Wave 1 (Summer 2011),alter7relsq013_sq019_1,alter7.rel [SQ013_SQ019],NA
Network Survey Wave 1 (Summer 2011),alter8relsq001_sq019_1,alter8.rel [SQ001_SQ019],NA
Network Survey Wave 1 (Summer 2011),alter8relsq002_sq019_1,alter8.rel [SQ002_SQ019],NA
Network Survey Wave 1 (Summer 2011),alter8relsq003_sq019_1,alter8.rel [SQ003_SQ019],NA
Network Survey Wave 1 (Summer 2011),alter8relsq004_sq019_1,alter8.rel [SQ004_SQ019],NA
Network Survey Wave 1 (Summer 2011),alter8relsq005_sq019_1,alter8.rel [SQ005_SQ019],NA
Network Survey Wave 1 (Summer 2011),alter8relsq006_sq019_1,alter8.rel [SQ006_SQ019],NA
Network Survey Wave 1 (Summer 2011),alter8relsq007_sq019_1,alter8.rel [SQ007_SQ019],NA
Network Survey Wave 1 (Summer 2011),alter8relsq008_sq019_1,alter8.rel [SQ008_SQ019],NA
Network Survey Wave 1 (Summer 2011),alter8relsq009_sq019_1,alter8.rel [SQ009_SQ019],NA
Network Survey Wave 1 (Summer 2011),alter8relsq010_sq019_1,alter8.rel [SQ010_SQ019],NA
Network Survey Wave 1 (Summer 2011),alter8relsq011_sq019_1,alter8.rel [SQ011_SQ019],NA
Network Survey Wave 1 (Summer 2011),alter8relsq012_sq019_1,alter8.rel [SQ012_SQ019],NA
Network Survey Wave 1 (Summer 2011),alter9relsq001_sq019_1,alter9.rel [SQ001_SQ019],NA
Network Survey Wave 1 (Summer 2011),alter9relsq002_sq019_1,alter9.rel [SQ002_SQ019],NA
Network Survey Wave 1 (Summer 2011),alter9relsq003_sq019_1,alter9.rel [SQ003_SQ019],NA
Network Survey Wave 1 (Summer 2011),alter9relsq004_sq019_1,alter9.rel [SQ004_SQ019],NA
Network Survey Wave 1 (Summer 2011),alter9relsq005_sq019_1,alter9.rel [SQ005_SQ019],NA
Network Survey Wave 1 (Summer 2011),alter9relsq006_sq019_1,alter9.rel [SQ006_SQ019],NA
Network Survey Wave 1 (Summer 2011),alter9relsq007_sq019_1,alter9.rel [SQ007_SQ019],NA
Network Survey Wave 1 (Summer 2011),alter9relsq008_sq019_1,alter9.rel [SQ008_SQ019],NA
Network Survey Wave 1 (Summer 2011),alter9relsq009_sq019_1,alter9.rel [SQ009_SQ019],NA
Network Survey Wave 1 (Summer 2011),alter9relsq010_sq019_1,alter9.rel [SQ010_SQ019],NA
Network Survey Wave 1 (Summer 2011),alter9relsq011_sq019_1,alter9.rel [SQ011_SQ019],NA
Network Survey Wave 1 (Summer 2011),startlanguage_1,Start language,NA
Network Survey Wave 1 (Summer 2011),token_1,Token,NA
Network Survey Wave 1 (Summer 2011),id_1,Survey ID,NA
Network Survey Wave 1 (Summer 2011),completed_1,Completed,NA
Network Survey Wave 1 (Summer 2011),lastpageseen_1,Last page seen,NA
Network Survey Wave 1 (Summer 2011),FirstName_1,First Name,NA
Network Survey Wave 1 (Summer 2011),LastName_1,Last Name,NA
Network Survey Wave 1 (Summer 2011),gender_1,Gender,NA
Network Survey Wave 1 (Summer 2011),reltype_1,Relationship Type,NA
Network Survey Wave 1 (Summer 2011),survey_1,Survey,NA
Network Survey Wave 1 (Summer 2011),duplicate,NA,NA
Network Survey Wave 1 (Summer 2011),duplicate_name_1,NA,NA
Network Survey Wave 1 (Summer 2011),duplicate_number_1,NA,NA
Network Survey Wave 2 (Winter 2012),sender,Study Participant's Number,NA
Network Survey Wave 2 (Winter 2012),position_2,Position listed in survey,NA
Network Survey Wave 2 (Winter 2012),altername,Alter Name,NA
Network Survey Wave 2 (Winter 2012),receiver_string,Phone Number,NA
Network Survey Wave 2 (Winter 2012),receiver,Phone Number,NA
Network Survey Wave 2 (Winter 2012),email_2,Email,NA
Network Survey Wave 2 (Winter 2012),closeness_2,Closeness,NA
Network Survey Wave 2 (Winter 2012),duration_2,"Duration of Relationship, in Years",NA
Network Survey Wave 2 (Winter 2012),emotionloving_2,Loving,NA
Network Survey Wave 2 (Winter 2012),emotionexciting_2,Exciting,NA
Network Survey Wave 2 (Winter 2012),emotionsignificant_2,Significant,NA
Network Survey Wave 2 (Winter 2012),notredamerelation_2,Relationship to Notre Dame,NA
Network Survey Wave 2 (Winter 2012),socialcontextOffcampus_2,Interact off campus,NA
Network Survey Wave 2 (Winter 2012),socialcontextInclass_2,Interact in class,NA
Network Survey Wave 2 (Winter 2012),socialcontextOutsideclass_2,Interact outside of class,NA
Network Survey Wave 2 (Winter 2012),socialcontextDormroom_2,Interact Your/Their dormroom,NA
Network Survey Wave 2 (Winter 2012),socialcontextDorm_2,Interact in the dorm,NA
Network Survey Wave 2 (Winter 2012),socialcontextReligious_2,Interact at religious event,NA
Network Survey Wave 2 (Winter 2012),socialcontextHome_2,Interact at home,NA
Network Survey Wave 2 (Winter 2012),socialcontextClubteam_2,Interact through club or team,NA
Network Survey Wave 2 (Winter 2012),activitiesact01_2,5.activities [act01],NA
Network Survey Wave 2 (Winter 2012),activitiesact02_2,5.activities [act02],NA
Network Survey Wave 2 (Winter 2012),activitiesact03_2,5.activities [act03],NA
Network Survey Wave 2 (Winter 2012),activitiesact04_2,5.activities [act04],NA
Network Survey Wave 2 (Winter 2012),activitiesact05_2,5.activities [act05],NA
Network Survey Wave 2 (Winter 2012),sameactivities1_2,Does Activity 1,NA
Network Survey Wave 2 (Winter 2012),sameactivities2_2,Does actiivty 2,NA
Network Survey Wave 2 (Winter 2012),sameactivities3_2,Does activity 3,NA
Network Survey Wave 2 (Winter 2012),sameactivities4_2,Does Activity 4,NA
Network Survey Wave 2 (Winter 2012),sameactivities5_2,Does Activity 5,NA
Network Survey Wave 2 (Winter 2012),alterbooks_2,Enjoys books,NA
Network Survey Wave 2 (Winter 2012),altergames_2,Enjoys Games,NA
Network Survey Wave 2 (Winter 2012),altermovies_2,Enjoys Movies,NA
Network Survey Wave 2 (Winter 2012),altermusic_2,Enjoy Music,NA
Network Survey Wave 2 (Winter 2012),alterother_2,Other type of alter,NA
Network Survey Wave 2 (Winter 2012),alteroutdoor_2,Enjoys Outdoors,NA
Network Survey Wave 2 (Winter 2012),altersports_2,Enjoys Sports,NA
Network Survey Wave 2 (Winter 2012),alter10relsq001_sq019_2,alter10.rel [SQ001_SQ019],NA
Network Survey Wave 2 (Winter 2012),alter10relsq002_sq019_2,alter10.rel [SQ002_SQ019],NA
Network Survey Wave 2 (Winter 2012),alter10relsq003_sq019_2,alter10.rel [SQ003_SQ019],NA
Network Survey Wave 2 (Winter 2012),alter10relsq004_sq019_2,alter10.rel [SQ004_SQ019],NA
Network Survey Wave 2 (Winter 2012),alter10relsq005_sq019_2,alter10.rel [SQ005_SQ019],NA
Network Survey Wave 2 (Winter 2012),alter10relsq006_sq019_2,alter10.rel [SQ006_SQ019],NA
Network Survey Wave 2 (Winter 2012),alter10relsq007_sq019_2,alter10.rel [SQ007_SQ019],NA
Network Survey Wave 2 (Winter 2012),alter10relsq008_sq019_2,alter10.rel [SQ008_SQ019],NA
Network Survey Wave 2 (Winter 2012),alter10relsq009_sq019_2,alter10.rel [SQ009_SQ019],NA
Network Survey Wave 2 (Winter 2012),alter10relsq010_sq019_2,alter10.rel [SQ010_SQ019],NA
Network Survey Wave 2 (Winter 2012),alter11relsq001_sq019_2,alter11.rel [SQ001_SQ019],NA
Network Survey Wave 2 (Winter 2012),alter11relsq002_sq019_2,alter11.rel [SQ002_SQ019],NA
Network Survey Wave 2 (Winter 2012),alter11relsq003_sq019_2,alter11.rel [SQ003_SQ019],NA
Network Survey Wave 2 (Winter 2012),alter11relsq004_sq019_2,alter11.rel [SQ004_SQ019],NA
Network Survey Wave 2 (Winter 2012),alter11relsq005_sq019_2,alter11.rel [SQ005_SQ019],NA
Network Survey Wave 2 (Winter 2012),alter11relsq006_sq019_2,alter11.rel [SQ006_SQ019],NA
Network Survey Wave 2 (Winter 2012),alter11relsq007_sq019_2,alter11.rel [SQ007_SQ019],NA
Network Survey Wave 2 (Winter 2012),alter11relsq008_sq019_2,alter11.rel [SQ008_SQ019],NA
Network Survey Wave 2 (Winter 2012),alter11relsq009_sq019_2,alter11.rel [SQ009_SQ019],NA
Network Survey Wave 2 (Winter 2012),alter12relsq001_sq019_2,alter12.rel [SQ001_SQ019],NA
Network Survey Wave 2 (Winter 2012),alter12relsq002_sq019_2,alter12.rel [SQ002_SQ019],NA
Network Survey Wave 2 (Winter 2012),alter12relsq003_sq019_2,alter12.rel [SQ003_SQ019],NA
Network Survey Wave 2 (Winter 2012),alter12relsq004_sq019_2,alter12.rel [SQ004_SQ019],NA
Network Survey Wave 2 (Winter 2012),alter12relsq005_sq019_2,alter12.rel [SQ005_SQ019],NA
Network Survey Wave 2 (Winter 2012),alter12relsq006_sq019_2,alter12.rel [SQ006_SQ019],NA
Network Survey Wave 2 (Winter 2012),alter12relsq007_sq019_2,alter12.rel [SQ007_SQ019],NA
Network Survey Wave 2 (Winter 2012),alter12relsq008_sq019_2,alter12.rel [SQ008_SQ019],NA
Network Survey Wave 2 (Winter 2012),alter13relsq001_sq019_2,alter13.rel [SQ001_SQ019],NA
Network Survey Wave 2 (Winter 2012),alter13relsq002_sq019_2,alter13.rel [SQ002_SQ019],NA
Network Survey Wave 2 (Winter 2012),alter13relsq003_sq019_2,alter13.rel [SQ003_SQ019],NA
Network Survey Wave 2 (Winter 2012),alter13relsq004_sq019_2,alter13.rel [SQ004_SQ019],NA
Network Survey Wave 2 (Winter 2012),alter13relsq005_sq019_2,alter13.rel [SQ005_SQ019],NA
Network Survey Wave 2 (Winter 2012),alter13relsq006_sq019_2,alter13.rel [SQ006_SQ019],NA
Network Survey Wave 2 (Winter 2012),alter13relsq007_sq019_2,alter13.rel [SQ007_SQ019],NA
Network Survey Wave 2 (Winter 2012),alter14relsq001_sq019_2,alter14.rel [SQ001_SQ019],NA
Network Survey Wave 2 (Winter 2012),alter14relsq002_sq019_2,alter14.rel [SQ002_SQ019],NA
Network Survey Wave 2 (Winter 2012),alter14relsq003_sq019_2,alter14.rel [SQ003_SQ019],NA
Network Survey Wave 2 (Winter 2012),alter14relsq004_sq019_2,alter14.rel [SQ004_SQ019],NA
Network Survey Wave 2 (Winter 2012),alter14relsq005_sq019_2,alter14.rel [SQ005_SQ019],NA
Network Survey Wave 2 (Winter 2012),alter14relsq006_sq019_2,alter14.rel [SQ006_SQ019],NA
Network Survey Wave 2 (Winter 2012),alter15relsq001_sq019_2,alter15.rel [SQ001_SQ019],NA
Network Survey Wave 2 (Winter 2012),alter15relsq002_sq019_2,alter15.rel [SQ002_SQ019],NA
Network Survey Wave 2 (Winter 2012),alter15relsq003_sq019_2,alter15.rel [SQ003_SQ019],NA
Network Survey Wave 2 (Winter 2012),alter15relsq004_sq019_2,alter15.rel [SQ004_SQ019],NA
Network Survey Wave 2 (Winter 2012),alter15relsq005_sq019_2,alter15.rel [SQ005_SQ019],NA
Network Survey Wave 2 (Winter 2012),alter16relsq001_sq019_2,alter16.rel [SQ001_SQ019],NA
Network Survey Wave 2 (Winter 2012),alter16relsq002_sq019_2,alter16.rel [SQ002_SQ019],NA
Network Survey Wave 2 (Winter 2012),alter16relsq003_sq019_2,alter16.rel [SQ003_SQ019],NA
Network Survey Wave 2 (Winter 2012),alter16relsq004_sq019_2,alter16.rel [SQ004_SQ019],NA
Network Survey Wave 2 (Winter 2012),alter17relsq001_sq019_2,alter17.rel [SQ001_SQ019],NA
Network Survey Wave 2 (Winter 2012),alter17relsq002_sq019_2,alter17.rel [SQ002_SQ019],NA
Network Survey Wave 2 (Winter 2012),alter17relsq003_sq019_2,alter17.rel [SQ003_SQ019],NA
Network Survey Wave 2 (Winter 2012),alter18relsq001_sq019_2,alter18.rel [SQ001_SQ019],NA
Network Survey Wave 2 (Winter 2012),alter18relsq002_sq019_2,alter18.rel [SQ002_SQ019],NA
Network Survey Wave 2 (Winter 2012),alter19relsq001_sq001_2,alter19.rel [SQ001_SQ001],NA
Network Survey Wave 2 (Winter 2012),alter1relsq001_sq001_2,alter1.rel [SQ001_SQ001],NA
Network Survey Wave 2 (Winter 2012),alter1relsq002_sq001_2,alter1.rel [SQ002_SQ001],NA
Network Survey Wave 2 (Winter 2012),alter1relsq003_sq001_2,alter1.rel [SQ003_SQ001],NA
Network Survey Wave 2 (Winter 2012),alter1relsq004_sq001_2,alter1.rel [SQ004_SQ001],NA
Network Survey Wave 2 (Winter 2012),alter1relsq005_sq001_2,alter1.rel [SQ005_SQ001],NA
Network Survey Wave 2 (Winter 2012),alter1relsq006_sq001_2,alter1.rel [SQ006_SQ001],NA
Network Survey Wave 2 (Winter 2012),alter1relsq007_sq001_2,alter1.rel [SQ007_SQ001],NA
Network Survey Wave 2 (Winter 2012),alter1relsq008_sq001_2,alter1.rel [SQ008_SQ001],NA
Network Survey Wave 2 (Winter 2012),alter1relsq009_sq001_2,alter1.rel [SQ009_SQ001],NA
Network Survey Wave 2 (Winter 2012),alter1relsq010_sq001_2,alter1.rel [SQ010_SQ001],NA
Network Survey Wave 2 (Winter 2012),alter1relsq011_sq001_2,alter1.rel [SQ011_SQ001],NA
Network Survey Wave 2 (Winter 2012),alter1relsq012_sq001_2,alter1.rel [SQ012_SQ001],NA
Network Survey Wave 2 (Winter 2012),alter1relsq013_sq001_2,alter1.rel [SQ013_SQ001],NA
Network Survey Wave 2 (Winter 2012),alter1relsq014_sq001_2,alter1.rel [SQ014_SQ001],NA
Network Survey Wave 2 (Winter 2012),alter1relsq015_sq001_2,alter1.rel [SQ015_SQ001],NA
Network Survey Wave 2 (Winter 2012),alter1relsq016_sq001_2,alter1.rel [SQ016_SQ001],NA
Network Survey Wave 2 (Winter 2012),alter1relsq017_sq001_2,alter1.rel [SQ017_SQ001],NA
Network Survey Wave 2 (Winter 2012),alter1relsq018_sq001_2,alter1.rel [SQ018_SQ001],NA
Network Survey Wave 2 (Winter 2012),alter1relsq019_sq001_2,alter1.rel [SQ019_SQ001],NA
Network Survey Wave 2 (Winter 2012),alter2relsq001_sq019_2,alter2.rel [SQ001_SQ019],NA
Network Survey Wave 2 (Winter 2012),alter2relsq002_sq019_2,alter2.rel [SQ002_SQ019],NA
Network Survey Wave 2 (Winter 2012),alter2relsq003_sq019_2,alter2.rel [SQ003_SQ019],NA
Network Survey Wave 2 (Winter 2012),alter2relsq004_sq019_2,alter2.rel [SQ004_SQ019],NA
Network Survey Wave 2 (Winter 2012),alter2relsq005_sq019_2,alter2.rel [SQ005_SQ019],NA
Network Survey Wave 2 (Winter 2012),alter2relsq006_sq019_2,alter2.rel [SQ006_SQ019],NA
Network Survey Wave 2 (Winter 2012),alter2relsq007_sq019_2,alter2.rel [SQ007_SQ019],NA
Network Survey Wave 2 (Winter 2012),alter2relsq008_sq019_2,alter2.rel [SQ008_SQ019],NA
Network Survey Wave 2 (Winter 2012),alter2relsq009_sq019_2,alter2.rel [SQ009_SQ019],NA
Network Survey Wave 2 (Winter 2012),alter2relsq010_sq019_2,alter2.rel [SQ010_SQ019],NA
Network Survey Wave 2 (Winter 2012),alter2relsq011_sq019_2,alter2.rel [SQ011_SQ019],NA
Network Survey Wave 2 (Winter 2012),alter2relsq012_sq019_2,alter2.rel [SQ012_SQ019],NA
Network Survey Wave 2 (Winter 2012),alter2relsq013_sq019_2,alter2.rel [SQ013_SQ019],NA
Network Survey Wave 2 (Winter 2012),alter2relsq014_sq019_2,alter2.rel [SQ014_SQ019],NA
Network Survey Wave 2 (Winter 2012),alter2relsq015_sq019_2,alter2.rel [SQ015_SQ019],NA
Network Survey Wave 2 (Winter 2012),alter2relsq016_sq019_2,alter2.rel [SQ016_SQ019],NA
Network Survey Wave 2 (Winter 2012),alter2relsq017_sq019_2,alter2.rel [SQ017_SQ019],NA
Network Survey Wave 2 (Winter 2012),alter2relsq018_sq019_2,alter2.rel [SQ018_SQ019],NA
Network Survey Wave 2 (Winter 2012),alter3relsq001_sq019_2,alter3.rel [SQ001_SQ019],NA
Network Survey Wave 2 (Winter 2012),alter3relsq002_sq019_2,alter3.rel [SQ002_SQ019],NA
Network Survey Wave 2 (Winter 2012),alter3relsq003_sq019_2,alter3.rel [SQ003_SQ019],NA
Network Survey Wave 2 (Winter 2012),alter3relsq004_sq019_2,alter3.rel [SQ004_SQ019],NA
Network Survey Wave 2 (Winter 2012),alter3relsq005_sq019_2,alter3.rel [SQ005_SQ019],NA
Network Survey Wave 2 (Winter 2012),alter3relsq006_sq019_2,alter3.rel [SQ006_SQ019],NA
Network Survey Wave 2 (Winter 2012),alter3relsq007_sq019_2,alter3.rel [SQ007_SQ019],NA
Network Survey Wave 2 (Winter 2012),alter3relsq008_sq019_2,alter3.rel [SQ008_SQ019],NA
Network Survey Wave 2 (Winter 2012),alter3relsq009_sq019_2,alter3.rel [SQ009_SQ019],NA
Network Survey Wave 2 (Winter 2012),alter3relsq010_sq019_2,alter3.rel [SQ010_SQ019],NA
Network Survey Wave 2 (Winter 2012),alter3relsq011_sq019_2,alter3.rel [SQ011_SQ019],NA
Network Survey Wave 2 (Winter 2012),alter3relsq012_sq019_2,alter3.rel [SQ012_SQ019],NA
Network Survey Wave 2 (Winter 2012),alter3relsq013_sq019_2,alter3.rel [SQ013_SQ019],NA
Network Survey Wave 2 (Winter 2012),alter3relsq014_sq019_2,alter3.rel [SQ014_SQ019],NA
Network Survey Wave 2 (Winter 2012),alter3relsq015_sq019_2,alter3.rel [SQ015_SQ019],NA
Network Survey Wave 2 (Winter 2012),alter3relsq016_sq019_2,alter3.rel [SQ016_SQ019],NA
Network Survey Wave 2 (Winter 2012),alter3relsq017_sq019_2,alter3.rel [SQ017_SQ019],NA
Network Survey Wave 2 (Winter 2012),alter4relsq001_sq019_2,alter4.rel [SQ001_SQ019],NA
Network Survey Wave 2 (Winter 2012),alter4relsq002_sq019_2,alter4.rel [SQ002_SQ019],NA
Network Survey Wave 2 (Winter 2012),alter4relsq003_sq019_2,alter4.rel [SQ003_SQ019],NA
Network Survey Wave 2 (Winter 2012),alter4relsq004_sq019_2,alter4.rel [SQ004_SQ019],NA
Network Survey Wave 2 (Winter 2012),alter4relsq005_sq019_2,alter4.rel [SQ005_SQ019],NA
Network Survey Wave 2 (Winter 2012),alter4relsq006_sq019_2,alter4.rel [SQ006_SQ019],NA
Network Survey Wave 2 (Winter 2012),alter4relsq007_sq019_2,alter4.rel [SQ007_SQ019],NA
Network Survey Wave 2 (Winter 2012),alter4relsq008_sq019_2,alter4.rel [SQ008_SQ019],NA
Network Survey Wave 2 (Winter 2012),alter4relsq009_sq019_2,alter4.rel [SQ009_SQ019],NA
Network Survey Wave 2 (Winter 2012),alter4relsq010_sq019_2,alter4.rel [SQ010_SQ019],NA
Network Survey Wave 2 (Winter 2012),alter4relsq011_sq019_2,alter4.rel [SQ011_SQ019],NA
Network Survey Wave 2 (Winter 2012),alter4relsq012_sq019_2,alter4.rel [SQ012_SQ019],NA
Network Survey Wave 2 (Winter 2012),alter4relsq013_sq019_2,alter4.rel [SQ013_SQ019],NA
Network Survey Wave 2 (Winter 2012),alter4relsq014_sq019_2,alter4.rel [SQ014_SQ019],NA
Network Survey Wave 2 (Winter 2012),alter4relsq015_sq019_2,alter4.rel [SQ015_SQ019],NA
Network Survey Wave 2 (Winter 2012),alter4relsq016_sq019_2,alter4.rel [SQ016_SQ019],NA
Network Survey Wave 2 (Winter 2012),alter5relsq001_sq019_2,alter5.rel [SQ001_SQ019],NA
Network Survey Wave 2 (Winter 2012),alter5relsq002_sq019_2,alter5.rel [SQ002_SQ019],NA
Network Survey Wave 2 (Winter 2012),alter5relsq003_sq019_2,alter5.rel [SQ003_SQ019],NA
Network Survey Wave 2 (Winter 2012),alter5relsq004_sq019_2,alter5.rel [SQ004_SQ019],NA
Network Survey Wave 2 (Winter 2012),alter5relsq005_sq019_2,alter5.rel [SQ005_SQ019],NA
Network Survey Wave 2 (Winter 2012),alter5relsq006_sq019_2,alter5.rel [SQ006_SQ019],NA
Network Survey Wave 2 (Winter 2012),alter5relsq007_sq019_2,alter5.rel [SQ007_SQ019],NA
Network Survey Wave 2 (Winter 2012),alter5relsq008_sq019_2,alter5.rel [SQ008_SQ019],NA
Network Survey Wave 2 (Winter 2012),alter5relsq009_sq019_2,alter5.rel [SQ009_SQ019],NA
Network Survey Wave 2 (Winter 2012),alter5relsq010_sq019_2,alter5.rel [SQ010_SQ019],NA
Network Survey Wave 2 (Winter 2012),alter5relsq011_sq019_2,alter5.rel [SQ011_SQ019],NA
Network Survey Wave 2 (Winter 2012),alter5relsq012_sq019_2,alter5.rel [SQ012_SQ019],NA
Network Survey Wave 2 (Winter 2012),alter5relsq013_sq019_2,alter5.rel [SQ013_SQ019],NA
Network Survey Wave 2 (Winter 2012),alter5relsq014_sq019_2,alter5.rel [SQ014_SQ019],NA
Network Survey Wave 2 (Winter 2012),alter5relsq015_sq019_2,alter5.rel [SQ015_SQ019],NA
Network Survey Wave 2 (Winter 2012),alter6relsq001_sq019_2,alter6.rel [SQ001_SQ019],NA
Network Survey Wave 2 (Winter 2012),alter6relsq002_sq019_2,alter6.rel [SQ002_SQ019],NA
Network Survey Wave 2 (Winter 2012),alter6relsq003_sq019_2,alter6.rel [SQ003_SQ019],NA
Network Survey Wave 2 (Winter 2012),alter6relsq004_sq019_2,alter6.rel [SQ004_SQ019],NA
Network Survey Wave 2 (Winter 2012),alter6relsq005_sq019_2,alter6.rel [SQ005_SQ019],NA
Network Survey Wave 2 (Winter 2012),alter6relsq006_sq019_2,alter6.rel [SQ006_SQ019],NA
Network Survey Wave 2 (Winter 2012),alter6relsq007_sq019_2,alter6.rel [SQ007_SQ019],NA
Network Survey Wave 2 (Winter 2012),alter6relsq008_sq019_2,alter6.rel [SQ008_SQ019],NA
Network Survey Wave 2 (Winter 2012),alter6relsq009_sq019_2,alter6.rel [SQ009_SQ019],NA
Network Survey Wave 2 (Winter 2012),alter6relsq010_sq019_2,alter6.rel [SQ010_SQ019],NA
Network Survey Wave 2 (Winter 2012),alter6relsq011_sq019_2,alter6.rel [SQ011_SQ019],NA
Network Survey Wave 2 (Winter 2012),alter6relsq012_sq019_2,alter6.rel [SQ012_SQ019],NA
Network Survey Wave 2 (Winter 2012),alter6relsq013_sq019_2,alter6.rel [SQ013_SQ019],NA
Network Survey Wave 2 (Winter 2012),alter6relsq014_sq019_2,alter6.rel [SQ014_SQ019],NA
Network Survey Wave 2 (Winter 2012),alter7relsq001_sq019_2,alter7.rel [SQ001_SQ019],NA
Network Survey Wave 2 (Winter 2012),alter7relsq002_sq019_2,alter7.rel [SQ002_SQ019],NA
Network Survey Wave 2 (Winter 2012),alter7relsq003_sq019_2,alter7.rel [SQ003_SQ019],NA
Network Survey Wave 2 (Winter 2012),alter7relsq004_sq019_2,alter7.rel [SQ004_SQ019],NA
Network Survey Wave 2 (Winter 2012),alter7relsq005_sq019_2,alter7.rel [SQ005_SQ019],NA
Network Survey Wave 2 (Winter 2012),alter7relsq006_sq019_2,alter7.rel [SQ006_SQ019],NA
Network Survey Wave 2 (Winter 2012),alter7relsq007_sq019_2,alter7.rel [SQ007_SQ019],NA
Network Survey Wave 2 (Winter 2012),alter7relsq008_sq019_2,alter7.rel [SQ008_SQ019],NA
Network Survey Wave 2 (Winter 2012),alter7relsq009_sq019_2,alter7.rel [SQ009_SQ019],NA
Network Survey Wave 2 (Winter 2012),alter7relsq010_sq019_2,alter7.rel [SQ010_SQ019],NA
Network Survey Wave 2 (Winter 2012),alter7relsq011_sq019_2,alter7.rel [SQ011_SQ019],NA
Network Survey Wave 2 (Winter 2012),alter7relsq012_sq019_2,alter7.rel [SQ012_SQ019],NA
Network Survey Wave 2 (Winter 2012),alter7relsq013_sq019_2,alter7.rel [SQ013_SQ019],NA
Network Survey Wave 2 (Winter 2012),alter8relsq001_sq019_2,alter8.rel [SQ001_SQ019],NA
Network Survey Wave 2 (Winter 2012),alter8relsq002_sq019_2,alter8.rel [SQ002_SQ019],NA
Network Survey Wave 2 (Winter 2012),alter8relsq003_sq019_2,alter8.rel [SQ003_SQ019],NA
Network Survey Wave 2 (Winter 2012),alter8relsq004_sq019_2,alter8.rel [SQ004_SQ019],NA
Network Survey Wave 2 (Winter 2012),alter8relsq005_sq019_2,alter8.rel [SQ005_SQ019],NA
Network Survey Wave 2 (Winter 2012),alter8relsq006_sq019_2,alter8.rel [SQ006_SQ019],NA
Network Survey Wave 2 (Winter 2012),alter8relsq007_sq019_2,alter8.rel [SQ007_SQ019],NA
Network Survey Wave 2 (Winter 2012),alter8relsq008_sq019_2,alter8.rel [SQ008_SQ019],NA
Network Survey Wave 2 (Winter 2012),alter8relsq009_sq019_2,alter8.rel [SQ009_SQ019],NA
Network Survey Wave 2 (Winter 2012),alter8relsq010_sq019_2,alter8.rel [SQ010_SQ019],NA
Network Survey Wave 2 (Winter 2012),alter8relsq011_sq019_2,alter8.rel [SQ011_SQ019],NA
Network Survey Wave 2 (Winter 2012),alter8relsq012_sq019_2,alter8.rel [SQ012_SQ019],NA
Network Survey Wave 2 (Winter 2012),alter9relsq001_sq019_2,alter9.rel [SQ001_SQ019],NA
Network Survey Wave 2 (Winter 2012),alter9relsq002_sq019_2,alter9.rel [SQ002_SQ019],NA
Network Survey Wave 2 (Winter 2012),alter9relsq003_sq019_2,alter9.rel [SQ003_SQ019],NA
Network Survey Wave 2 (Winter 2012),alter9relsq004_sq019_2,alter9.rel [SQ004_SQ019],NA
Network Survey Wave 2 (Winter 2012),alter9relsq005_sq019_2,alter9.rel [SQ005_SQ019],NA
Network Survey Wave 2 (Winter 2012),alter9relsq006_sq019_2,alter9.rel [SQ006_SQ019],NA
Network Survey Wave 2 (Winter 2012),alter9relsq007_sq019_2,alter9.rel [SQ007_SQ019],NA
Network Survey Wave 2 (Winter 2012),alter9relsq008_sq019_2,alter9.rel [SQ008_SQ019],NA
Network Survey Wave 2 (Winter 2012),alter9relsq009_sq019_2,alter9.rel [SQ009_SQ019],NA
Network Survey Wave 2 (Winter 2012),alter9relsq010_sq019_2,alter9.rel [SQ010_SQ019],NA
Network Survey Wave 2 (Winter 2012),alter9relsq011_sq019_2,alter9.rel [SQ011_SQ019],NA
Network Survey Wave 2 (Winter 2012),startlanguage_2,Start language,NA
Network Survey Wave 2 (Winter 2012),token_2,Token,NA
Network Survey Wave 2 (Winter 2012),id_2,Survey ID,NA
Network Survey Wave 2 (Winter 2012),completed_2,Completed,NA
Network Survey Wave 2 (Winter 2012),lastpageseen_2,Last page seen,NA
Network Survey Wave 2 (Winter 2012),FirstName_2,First Name,NA
Network Survey Wave 2 (Winter 2012),LastName_2,Last Name,NA
Network Survey Wave 2 (Winter 2012),survey_2,Survey,NA
Network Survey Wave 2 (Winter 2012),socialcontextWork_2,Interact at work,NA
Network Survey Wave 2 (Winter 2012),socialcontextTextcalling_2,Interact through text or calling,NA
Network Survey Wave 2 (Winter 2012),socialcontextInternet_2,Interact through the internet,NA
Network Survey Wave 2 (Winter 2012),socialcontextCulturalathletic_2,Interact through cultural or athletic event,NA
Network Survey Wave 2 (Winter 2012),socialcontextOther_2,Interact Other,NA
Network Survey Wave 2 (Winter 2012),freqfall2011_2,Frequency of interaction during fall 2011,NA
Network Survey Wave 2 (Winter 2012),freqwinter2011_2,Frequency of Interaction over Winter Break 2012,NA
Network Survey Wave 2 (Winter 2012),gender_2,Gender,NA
Network Survey Wave 2 (Winter 2012),reltype_2,Relationship Type,NA
Network Survey Wave 2 (Winter 2012),subjectivesimilar_2,Ego's perception of similarity to alter,NA
Network Survey Wave 2 (Winter 2012),duplicate_2,NA,NA
Network Survey Wave 2 (Winter 2012),duplicate_name_2,NA,NA
Network Survey Wave 2 (Winter 2012),duplicate_number_2,NA,NA
Network Survey Wave 3 (Summer 2012),sender,Study Participant's Number,NA
Network Survey Wave 3 (Summer 2012),position_3,Position listed in survey,NA
Network Survey Wave 3 (Summer 2012),altername,Alter Name,NA
Network Survey Wave 3 (Summer 2012),receiver_string,Phone Number,NA
Network Survey Wave 3 (Summer 2012),receiver,Phone Number,NA
Network Survey Wave 3 (Summer 2012),email_3,Email,NA
Network Survey Wave 3 (Summer 2012),freqspring2012_3,Frequency of interaction during Spring 2012,NA
Network Survey Wave 3 (Summer 2012),closeness_3,Closeness,NA
Network Survey Wave 3 (Summer 2012),duration_3,"Duration of Relationship, in Years",NA
Network Survey Wave 3 (Summer 2012),emotionloving_3,Loving,NA
Network Survey Wave 3 (Summer 2012),emotionexciting_3,Exciting,NA
Network Survey Wave 3 (Summer 2012),emotionsignificant_3,Significant,NA
Network Survey Wave 3 (Summer 2012),notredamerelation_3,Relationship to Notre Dame,NA
Network Survey Wave 3 (Summer 2012),socialcontextOffcampus_3,Interact off campus,NA
Network Survey Wave 3 (Summer 2012),socialcontextInclass_3,Interact in class,NA
Network Survey Wave 3 (Summer 2012),socialcontextOutsideclass_3,Interact outside of class,NA
Network Survey Wave 3 (Summer 2012),socialcontextDormroom_3,Interact Your/Their dormroom,NA
Network Survey Wave 3 (Summer 2012),socialcontextDorm_3,Interact in the dorm,NA
Network Survey Wave 3 (Summer 2012),socialcontextReligious_3,Interact at religious event,NA
Network Survey Wave 3 (Summer 2012),socialcontextHome_3,Interact at home,NA
Network Survey Wave 3 (Summer 2012),socialcontextClubteam_3,Interact through club or team,NA
Network Survey Wave 3 (Summer 2012),activitiesact01_3,5.activities [act01],NA
Network Survey Wave 3 (Summer 2012),activitiesact02_3,5.activities [act02],NA
Network Survey Wave 3 (Summer 2012),activitiesact03_3,5.activities [act03],NA
Network Survey Wave 3 (Summer 2012),activitiesact04_3,5.activities [act04],NA
Network Survey Wave 3 (Summer 2012),activitiesact05_3,5.activities [act05],NA
Network Survey Wave 3 (Summer 2012),sameactivities1_3,Does Activity 1,NA
Network Survey Wave 3 (Summer 2012),sameactivities2_3,Does actiivty 2,NA
Network Survey Wave 3 (Summer 2012),sameactivities3_3,Does activity 3,NA
Network Survey Wave 3 (Summer 2012),sameactivities4_3,Does Activity 4,NA
Network Survey Wave 3 (Summer 2012),sameactivities5_3,Does Activity 5,NA
Network Survey Wave 3 (Summer 2012),alter10relsq001_sq019_3,alter10.rel [SQ001_SQ019],NA
Network Survey Wave 3 (Summer 2012),alter10relsq002_sq019_3,alter10.rel [SQ002_SQ019],NA
Network Survey Wave 3 (Summer 2012),alter10relsq003_sq019_3,alter10.rel [SQ003_SQ019],NA
Network Survey Wave 3 (Summer 2012),alter10relsq004_sq019_3,alter10.rel [SQ004_SQ019],NA
Network Survey Wave 3 (Summer 2012),alter10relsq005_sq019_3,alter10.rel [SQ005_SQ019],NA
Network Survey Wave 3 (Summer 2012),alter10relsq006_sq019_3,alter10.rel [SQ006_SQ019],NA
Network Survey Wave 3 (Summer 2012),alter10relsq007_sq019_3,alter10.rel [SQ007_SQ019],NA
Network Survey Wave 3 (Summer 2012),alter10relsq008_sq019_3,alter10.rel [SQ008_SQ019],NA
Network Survey Wave 3 (Summer 2012),alter10relsq009_sq019_3,alter10.rel [SQ009_SQ019],NA
Network Survey Wave 3 (Summer 2012),alter10relsq010_sq019_3,alter10.rel [SQ010_SQ019],NA
Network Survey Wave 3 (Summer 2012),alter11relsq001_sq019_3,alter11.rel [SQ001_SQ019],NA
Network Survey Wave 3 (Summer 2012),alter11relsq002_sq019_3,alter11.rel [SQ002_SQ019],NA
Network Survey Wave 3 (Summer 2012),alter11relsq003_sq019_3,alter11.rel [SQ003_SQ019],NA
Network Survey Wave 3 (Summer 2012),alter11relsq004_sq019_3,alter11.rel [SQ004_SQ019],NA
Network Survey Wave 3 (Summer 2012),alter11relsq005_sq019_3,alter11.rel [SQ005_SQ019],NA
Network Survey Wave 3 (Summer 2012),alter11relsq006_sq019_3,alter11.rel [SQ006_SQ019],NA
Network Survey Wave 3 (Summer 2012),alter11relsq007_sq019_3,alter11.rel [SQ007_SQ019],NA
Network Survey Wave 3 (Summer 2012),alter11relsq008_sq019_3,alter11.rel [SQ008_SQ019],NA
Network Survey Wave 3 (Summer 2012),alter11relsq009_sq019_3,alter11.rel [SQ009_SQ019],NA
Network Survey Wave 3 (Summer 2012),alter12relsq001_sq019_3,alter12.rel [SQ001_SQ019],NA
Network Survey Wave 3 (Summer 2012),alter12relsq002_sq019_3,alter12.rel [SQ002_SQ019],NA
Network Survey Wave 3 (Summer 2012),alter12relsq003_sq019_3,alter12.rel [SQ003_SQ019],NA
Network Survey Wave 3 (Summer 2012),alter12relsq004_sq019_3,alter12.rel [SQ004_SQ019],NA
Network Survey Wave 3 (Summer 2012),alter12relsq005_sq019_3,alter12.rel [SQ005_SQ019],NA
Network Survey Wave 3 (Summer 2012),alter12relsq006_sq019_3,alter12.rel [SQ006_SQ019],NA
Network Survey Wave 3 (Summer 2012),alter12relsq007_sq019_3,alter12.rel [SQ007_SQ019],NA
Network Survey Wave 3 (Summer 2012),alter12relsq008_sq019_3,alter12.rel [SQ008_SQ019],NA
Network Survey Wave 3 (Summer 2012),alter13relsq001_sq019_3,alter13.rel [SQ001_SQ019],NA
Network Survey Wave 3 (Summer 2012),alter13relsq002_sq019_3,alter13.rel [SQ002_SQ019],NA
Network Survey Wave 3 (Summer 2012),alter13relsq003_sq019_3,alter13.rel [SQ003_SQ019],NA
Network Survey Wave 3 (Summer 2012),alter13relsq004_sq019_3,alter13.rel [SQ004_SQ019],NA
Network Survey Wave 3 (Summer 2012),alter13relsq005_sq019_3,alter13.rel [SQ005_SQ019],NA
Network Survey Wave 3 (Summer 2012),alter13relsq006_sq019_3,alter13.rel [SQ006_SQ019],NA
Network Survey Wave 3 (Summer 2012),alter13relsq007_sq019_3,alter13.rel [SQ007_SQ019],NA
Network Survey Wave 3 (Summer 2012),alter14relsq001_sq019_3,alter14.rel [SQ001_SQ019],NA
Network Survey Wave 3 (Summer 2012),alter14relsq002_sq019_3,alter14.rel [SQ002_SQ019],NA
Network Survey Wave 3 (Summer 2012),alter14relsq003_sq019_3,alter14.rel [SQ003_SQ019],NA
Network Survey Wave 3 (Summer 2012),alter14relsq004_sq019_3,alter14.rel [SQ004_SQ019],NA
Network Survey Wave 3 (Summer 2012),alter14relsq005_sq019_3,alter14.rel [SQ005_SQ019],NA
Network Survey Wave 3 (Summer 2012),alter14relsq006_sq019_3,alter14.rel [SQ006_SQ019],NA
Network Survey Wave 3 (Summer 2012),alter15relsq001_sq019_3,alter15.rel [SQ001_SQ019],NA
Network Survey Wave 3 (Summer 2012),alter15relsq002_sq019_3,alter15.rel [SQ002_SQ019],NA
Network Survey Wave 3 (Summer 2012),alter15relsq003_sq019_3,alter15.rel [SQ003_SQ019],NA
Network Survey Wave 3 (Summer 2012),alter15relsq004_sq019_3,alter15.rel [SQ004_SQ019],NA
Network Survey Wave 3 (Summer 2012),alter15relsq005_sq019_3,alter15.rel [SQ005_SQ019],NA
Network Survey Wave 3 (Summer 2012),alter16relsq001_sq019_3,alter16.rel [SQ001_SQ019],NA
Network Survey Wave 3 (Summer 2012),alter16relsq002_sq019_3,alter16.rel [SQ002_SQ019],NA
Network Survey Wave 3 (Summer 2012),alter16relsq003_sq019_3,alter16.rel [SQ003_SQ019],NA
Network Survey Wave 3 (Summer 2012),alter16relsq004_sq019_3,alter16.rel [SQ004_SQ019],NA
Network Survey Wave 3 (Summer 2012),alter17relsq001_sq019_3,alter17.rel [SQ001_SQ019],NA
Network Survey Wave 3 (Summer 2012),alter17relsq002_sq019_3,alter17.rel [SQ002_SQ019],NA
Network Survey Wave 3 (Summer 2012),alter17relsq003_sq019_3,alter17.rel [SQ003_SQ019],NA
Network Survey Wave 3 (Summer 2012),alter18relsq001_sq019_3,alter18.rel [SQ001_SQ019],NA
Network Survey Wave 3 (Summer 2012),alter18relsq002_sq019_3,alter18.rel [SQ002_SQ019],NA
Network Survey Wave 3 (Summer 2012),alter19relsq001_sq001_3,alter19.rel [SQ001_SQ001],NA
Network Survey Wave 3 (Summer 2012),alter1relsq001_sq001_3,alter1.rel [SQ001_SQ001],NA
Network Survey Wave 3 (Summer 2012),alter1relsq002_sq001_3,alter1.rel [SQ002_SQ001],NA
Network Survey Wave 3 (Summer 2012),alter1relsq003_sq001_3,alter1.rel [SQ003_SQ001],NA
Network Survey Wave 3 (Summer 2012),alter1relsq004_sq001_3,alter1.rel [SQ004_SQ001],NA
Network Survey Wave 3 (Summer 2012),alter1relsq005_sq001_3,alter1.rel [SQ005_SQ001],NA
Network Survey Wave 3 (Summer 2012),alter1relsq006_sq001_3,alter1.rel [SQ006_SQ001],NA
Network Survey Wave 3 (Summer 2012),alter1relsq007_sq001_3,alter1.rel [SQ007_SQ001],NA
Network Survey Wave 3 (Summer 2012),alter1relsq008_sq001_3,alter1.rel [SQ008_SQ001],NA
Network Survey Wave 3 (Summer 2012),alter1relsq009_sq001_3,alter1.rel [SQ009_SQ001],NA
Network Survey Wave 3 (Summer 2012),alter1relsq010_sq001_3,alter1.rel [SQ010_SQ001],NA
Network Survey Wave 3 (Summer 2012),alter1relsq011_sq001_3,alter1.rel [SQ011_SQ001],NA
Network Survey Wave 3 (Summer 2012),alter1relsq012_sq001_3,alter1.rel [SQ012_SQ001],NA
Network Survey Wave 3 (Summer 2012),alter1relsq013_sq001_3,alter1.rel [SQ013_SQ001],NA
Network Survey Wave 3 (Summer 2012),alter1relsq014_sq001_3,alter1.rel [SQ014_SQ001],NA
Network Survey Wave 3 (Summer 2012),alter1relsq015_sq001_3,alter1.rel [SQ015_SQ001],NA
Network Survey Wave 3 (Summer 2012),alter1relsq016_sq001_3,alter1.rel [SQ016_SQ001],NA
Network Survey Wave 3 (Summer 2012),alter1relsq017_sq001_3,alter1.rel [SQ017_SQ001],NA
Network Survey Wave 3 (Summer 2012),alter1relsq018_sq001_3,alter1.rel [SQ018_SQ001],NA
Network Survey Wave 3 (Summer 2012),alter1relsq019_sq001_3,alter1.rel [SQ019_SQ001],NA
Network Survey Wave 3 (Summer 2012),alter2relsq001_sq019_3,alter2.rel [SQ001_SQ019],NA
Network Survey Wave 3 (Summer 2012),alter2relsq002_sq019_3,alter2.rel [SQ002_SQ019],NA
Network Survey Wave 3 (Summer 2012),alter2relsq003_sq019_3,alter2.rel [SQ003_SQ019],NA
Network Survey Wave 3 (Summer 2012),alter2relsq004_sq019_3,alter2.rel [SQ004_SQ019],NA
Network Survey Wave 3 (Summer 2012),alter2relsq005_sq019_3,alter2.rel [SQ005_SQ019],NA
Network Survey Wave 3 (Summer 2012),alter2relsq006_sq019_3,alter2.rel [SQ006_SQ019],NA
Network Survey Wave 3 (Summer 2012),alter2relsq007_sq019_3,alter2.rel [SQ007_SQ019],NA
Network Survey Wave 3 (Summer 2012),alter2relsq008_sq019_3,alter2.rel [SQ008_SQ019],NA
Network Survey Wave 3 (Summer 2012),alter2relsq009_sq019_3,alter2.rel [SQ009_SQ019],NA
Network Survey Wave 3 (Summer 2012),alter2relsq010_sq019_3,alter2.rel [SQ010_SQ019],NA
Network Survey Wave 3 (Summer 2012),alter2relsq011_sq019_3,alter2.rel [SQ011_SQ019],NA
Network Survey Wave 3 (Summer 2012),alter2relsq012_sq019_3,alter2.rel [SQ012_SQ019],NA
Network Survey Wave 3 (Summer 2012),alter2relsq013_sq019_3,alter2.rel [SQ013_SQ019],NA
Network Survey Wave 3 (Summer 2012),alter2relsq014_sq019_3,alter2.rel [SQ014_SQ019],NA
Network Survey Wave 3 (Summer 2012),alter2relsq015_sq019_3,alter2.rel [SQ015_SQ019],NA
Network Survey Wave 3 (Summer 2012),alter2relsq016_sq019_3,alter2.rel [SQ016_SQ019],NA
Network Survey Wave 3 (Summer 2012),alter2relsq017_sq019_3,alter2.rel [SQ017_SQ019],NA
Network Survey Wave 3 (Summer 2012),alter2relsq018_sq019_3,alter2.rel [SQ018_SQ019],NA
Network Survey Wave 3 (Summer 2012),alter3relsq001_sq019_3,alter3.rel [SQ001_SQ019],NA
Network Survey Wave 3 (Summer 2012),alter3relsq002_sq019_3,alter3.rel [SQ002_SQ019],NA
Network Survey Wave 3 (Summer 2012),alter3relsq003_sq019_3,alter3.rel [SQ003_SQ019],NA
Network Survey Wave 3 (Summer 2012),alter3relsq004_sq019_3,alter3.rel [SQ004_SQ019],NA
Network Survey Wave 3 (Summer 2012),alter3relsq005_sq019_3,alter3.rel [SQ005_SQ019],NA
Network Survey Wave 3 (Summer 2012),alter3relsq006_sq019_3,alter3.rel [SQ006_SQ019],NA
Network Survey Wave 3 (Summer 2012),alter3relsq007_sq019_3,alter3.rel [SQ007_SQ019],NA
Network Survey Wave 3 (Summer 2012),alter3relsq008_sq019_3,alter3.rel [SQ008_SQ019],NA
Network Survey Wave 3 (Summer 2012),alter3relsq009_sq019_3,alter3.rel [SQ009_SQ019],NA
Network Survey Wave 3 (Summer 2012),alter3relsq010_sq019_3,alter3.rel [SQ010_SQ019],NA
Network Survey Wave 3 (Summer 2012),alter3relsq011_sq019_3,alter3.rel [SQ011_SQ019],NA
Network Survey Wave 3 (Summer 2012),alter3relsq012_sq019_3,alter3.rel [SQ012_SQ019],NA
Network Survey Wave 3 (Summer 2012),alter3relsq013_sq019_3,alter3.rel [SQ013_SQ019],NA
Network Survey Wave 3 (Summer 2012),alter3relsq014_sq019_3,alter3.rel [SQ014_SQ019],NA
Network Survey Wave 3 (Summer 2012),alter3relsq015_sq019_3,alter3.rel [SQ015_SQ019],NA
Network Survey Wave 3 (Summer 2012),alter3relsq016_sq019_3,alter3.rel [SQ016_SQ019],NA
Network Survey Wave 3 (Summer 2012),alter3relsq017_sq019_3,alter3.rel [SQ017_SQ019],NA
Network Survey Wave 3 (Summer 2012),alter4relsq001_sq019_3,alter4.rel [SQ001_SQ019],NA
Network Survey Wave 3 (Summer 2012),alter4relsq002_sq019_3,alter4.rel [SQ002_SQ019],NA
Network Survey Wave 3 (Summer 2012),alter4relsq003_sq019_3,alter4.rel [SQ003_SQ019],NA
Network Survey Wave 3 (Summer 2012),alter4relsq004_sq019_3,alter4.rel [SQ004_SQ019],NA
Network Survey Wave 3 (Summer 2012),alter4relsq005_sq019_3,alter4.rel [SQ005_SQ019],NA
Network Survey Wave 3 (Summer 2012),alter4relsq006_sq019_3,alter4.rel [SQ006_SQ019],NA
Network Survey Wave 3 (Summer 2012),alter4relsq007_sq019_3,alter4.rel [SQ007_SQ019],NA
Network Survey Wave 3 (Summer 2012),alter4relsq008_sq019_3,alter4.rel [SQ008_SQ019],NA
Network Survey Wave 3 (Summer 2012),alter4relsq009_sq019_3,alter4.rel [SQ009_SQ019],NA
Network Survey Wave 3 (Summer 2012),alter4relsq010_sq019_3,alter4.rel [SQ010_SQ019],NA
Network Survey Wave 3 (Summer 2012),alter4relsq011_sq019_3,alter4.rel [SQ011_SQ019],NA
Network Survey Wave 3 (Summer 2012),alter4relsq012_sq019_3,alter4.rel [SQ012_SQ019],NA
Network Survey Wave 3 (Summer 2012),alter4relsq013_sq019_3,alter4.rel [SQ013_SQ019],NA
Network Survey Wave 3 (Summer 2012),alter4relsq014_sq019_3,alter4.rel [SQ014_SQ019],NA
Network Survey Wave 3 (Summer 2012),alter4relsq015_sq019_3,alter4.rel [SQ015_SQ019],NA
Network Survey Wave 3 (Summer 2012),alter4relsq016_sq019_3,alter4.rel [SQ016_SQ019],NA
Network Survey Wave 3 (Summer 2012),alter5relsq001_sq019_3,alter5.rel [SQ001_SQ019],NA
Network Survey Wave 3 (Summer 2012),alter5relsq002_sq019_3,alter5.rel [SQ002_SQ019],NA
Network Survey Wave 3 (Summer 2012),alter5relsq003_sq019_3,alter5.rel [SQ003_SQ019],NA
Network Survey Wave 3 (Summer 2012),alter5relsq004_sq019_3,alter5.rel [SQ004_SQ019],NA
Network Survey Wave 3 (Summer 2012),alter5relsq005_sq019_3,alter5.rel [SQ005_SQ019],NA
Network Survey Wave 3 (Summer 2012),alter5relsq006_sq019_3,alter5.rel [SQ006_SQ019],NA
Network Survey Wave 3 (Summer 2012),alter5relsq007_sq019_3,alter5.rel [SQ007_SQ019],NA
Network Survey Wave 3 (Summer 2012),alter5relsq008_sq019_3,alter5.rel [SQ008_SQ019],NA
Network Survey Wave 3 (Summer 2012),alter5relsq009_sq019_3,alter5.rel [SQ009_SQ019],NA
Network Survey Wave 3 (Summer 2012),alter5relsq010_sq019_3,alter5.rel [SQ010_SQ019],NA
Network Survey Wave 3 (Summer 2012),alter5relsq011_sq019_3,alter5.rel [SQ011_SQ019],NA
Network Survey Wave 3 (Summer 2012),alter5relsq012_sq019_3,alter5.rel [SQ012_SQ019],NA
Network Survey Wave 3 (Summer 2012),alter5relsq013_sq019_3,alter5.rel [SQ013_SQ019],NA
Network Survey Wave 3 (Summer 2012),alter5relsq014_sq019_3,alter5.rel [SQ014_SQ019],NA
Network Survey Wave 3 (Summer 2012),alter5relsq015_sq019_3,alter5.rel [SQ015_SQ019],NA
Network Survey Wave 3 (Summer 2012),alter6relsq001_sq019_3,alter6.rel [SQ001_SQ019],NA
Network Survey Wave 3 (Summer 2012),alter6relsq002_sq019_3,alter6.rel [SQ002_SQ019],NA
Network Survey Wave 3 (Summer 2012),alter6relsq003_sq019_3,alter6.rel [SQ003_SQ019],NA
Network Survey Wave 3 (Summer 2012),alter6relsq004_sq019_3,alter6.rel [SQ004_SQ019],NA
Network Survey Wave 3 (Summer 2012),alter6relsq005_sq019_3,alter6.rel [SQ005_SQ019],NA
Network Survey Wave 3 (Summer 2012),alter6relsq006_sq019_3,alter6.rel [SQ006_SQ019],NA
Network Survey Wave 3 (Summer 2012),alter6relsq007_sq019_3,alter6.rel [SQ007_SQ019],NA
Network Survey Wave 3 (Summer 2012),alter6relsq008_sq019_3,alter6.rel [SQ008_SQ019],NA
Network Survey Wave 3 (Summer 2012),alter6relsq009_sq019_3,alter6.rel [SQ009_SQ019],NA
Network Survey Wave 3 (Summer 2012),alter6relsq010_sq019_3,alter6.rel [SQ010_SQ019],NA
Network Survey Wave 3 (Summer 2012),alter6relsq011_sq019_3,alter6.rel [SQ011_SQ019],NA
Network Survey Wave 3 (Summer 2012),alter6relsq012_sq019_3,alter6.rel [SQ012_SQ019],NA
Network Survey Wave 3 (Summer 2012),alter6relsq013_sq019_3,alter6.rel [SQ013_SQ019],NA
Network Survey Wave 3 (Summer 2012),alter6relsq014_sq019_3,alter6.rel [SQ014_SQ019],NA
Network Survey Wave 3 (Summer 2012),alter7relsq001_sq019_3,alter7.rel [SQ001_SQ019],NA
Network Survey Wave 3 (Summer 2012),alter7relsq002_sq019_3,alter7.rel [SQ002_SQ019],NA
Network Survey Wave 3 (Summer 2012),alter7relsq003_sq019_3,alter7.rel [SQ003_SQ019],NA
Network Survey Wave 3 (Summer 2012),alter7relsq004_sq019_3,alter7.rel [SQ004_SQ019],NA
Network Survey Wave 3 (Summer 2012),alter7relsq005_sq019_3,alter7.rel [SQ005_SQ019],NA
Network Survey Wave 3 (Summer 2012),alter7relsq006_sq019_3,alter7.rel [SQ006_SQ019],NA
Network Survey Wave 3 (Summer 2012),alter7relsq007_sq019_3,alter7.rel [SQ007_SQ019],NA
Network Survey Wave 3 (Summer 2012),alter7relsq008_sq019_3,alter7.rel [SQ008_SQ019],NA
Network Survey Wave 3 (Summer 2012),alter7relsq009_sq019_3,alter7.rel [SQ009_SQ019],NA
Network Survey Wave 3 (Summer 2012),alter7relsq010_sq019_3,alter7.rel [SQ010_SQ019],NA
Network Survey Wave 3 (Summer 2012),alter7relsq011_sq019_3,alter7.rel [SQ011_SQ019],NA
Network Survey Wave 3 (Summer 2012),alter7relsq012_sq019_3,alter7.rel [SQ012_SQ019],NA
Network Survey Wave 3 (Summer 2012),alter7relsq013_sq019_3,alter7.rel [SQ013_SQ019],NA
Network Survey Wave 3 (Summer 2012),alter8relsq001_sq019_3,alter8.rel [SQ001_SQ019],NA
Network Survey Wave 3 (Summer 2012),alter8relsq002_sq019_3,alter8.rel [SQ002_SQ019],NA
Network Survey Wave 3 (Summer 2012),alter8relsq003_sq019_3,alter8.rel [SQ003_SQ019],NA
Network Survey Wave 3 (Summer 2012),alter8relsq004_sq019_3,alter8.rel [SQ004_SQ019],NA
Network Survey Wave 3 (Summer 2012),alter8relsq005_sq019_3,alter8.rel [SQ005_SQ019],NA
Network Survey Wave 3 (Summer 2012),alter8relsq006_sq019_3,alter8.rel [SQ006_SQ019],NA
Network Survey Wave 3 (Summer 2012),alter8relsq007_sq019_3,alter8.rel [SQ007_SQ019],NA
Network Survey Wave 3 (Summer 2012),alter8relsq008_sq019_3,alter8.rel [SQ008_SQ019],NA
Network Survey Wave 3 (Summer 2012),alter8relsq009_sq019_3,alter8.rel [SQ009_SQ019],NA
Network Survey Wave 3 (Summer 2012),alter8relsq010_sq019_3,alter8.rel [SQ010_SQ019],NA
Network Survey Wave 3 (Summer 2012),alter8relsq011_sq019_3,alter8.rel [SQ011_SQ019],NA
Network Survey Wave 3 (Summer 2012),alter8relsq012_sq019_3,alter8.rel [SQ012_SQ019],NA
Network Survey Wave 3 (Summer 2012),alter9relsq001_sq019_3,alter9.rel [SQ001_SQ019],NA
Network Survey Wave 3 (Summer 2012),alter9relsq002_sq019_3,alter9.rel [SQ002_SQ019],NA
Network Survey Wave 3 (Summer 2012),alter9relsq003_sq019_3,alter9.rel [SQ003_SQ019],NA
Network Survey Wave 3 (Summer 2012),alter9relsq004_sq019_3,alter9.rel [SQ004_SQ019],NA
Network Survey Wave 3 (Summer 2012),alter9relsq005_sq019_3,alter9.rel [SQ005_SQ019],NA
Network Survey Wave 3 (Summer 2012),alter9relsq006_sq019_3,alter9.rel [SQ006_SQ019],NA
Network Survey Wave 3 (Summer 2012),alter9relsq007_sq019_3,alter9.rel [SQ007_SQ019],NA
Network Survey Wave 3 (Summer 2012),alter9relsq008_sq019_3,alter9.rel [SQ008_SQ019],NA
Network Survey Wave 3 (Summer 2012),alter9relsq009_sq019_3,alter9.rel [SQ009_SQ019],NA
Network Survey Wave 3 (Summer 2012),alter9relsq010_sq019_3,alter9.rel [SQ010_SQ019],NA
Network Survey Wave 3 (Summer 2012),alter9relsq011_sq019_3,alter9.rel [SQ011_SQ019],NA
Network Survey Wave 3 (Summer 2012),startlanguage_3,Start language,NA
Network Survey Wave 3 (Summer 2012),token_3,Token,NA
Network Survey Wave 3 (Summer 2012),id_3,Survey ID,NA
Network Survey Wave 3 (Summer 2012),completed_3,Completed,NA
Network Survey Wave 3 (Summer 2012),lastpageseen_3,Last page seen,NA
Network Survey Wave 3 (Summer 2012),FirstName_3,First Name,NA
Network Survey Wave 3 (Summer 2012),LastName_3,Last Name,NA
Network Survey Wave 3 (Summer 2012),negposition_3,Position listed in Negative Interaction Name Generator,NA
Network Survey Wave 3 (Summer 2012),posposition_3,Position listed in Positive Interaction Name Generator,NA
Network Survey Wave 3 (Summer 2012),dormlistposition_3,Position listed in Dormmate Name Generator,NA
Network Survey Wave 3 (Summer 2012),numberalter_3,Number.alter,NA
Network Survey Wave 3 (Summer 2012),groupmegroupscl001_sq001_3,Groupme.groups [cl001_SQ001],NA
Network Survey Wave 3 (Summer 2012),groupmegroupscl001_sq002_3,Groupme.groups [cl001_SQ002],NA
Network Survey Wave 3 (Summer 2012),groupmegroupscl001_sq003_3,Groupme.groups [cl001_SQ003],NA
Network Survey Wave 3 (Summer 2012),groupmegroupscl001_sq004_3,Groupme.groups [cl001_SQ004],NA
Network Survey Wave 3 (Summer 2012),groupmegroupscl001_sq005_3,Groupme.groups [cl001_SQ005],NA
Network Survey Wave 3 (Summer 2012),groupmegroupscl002_sq001_3,Groupme.groups [cl002_SQ001],NA
Network Survey Wave 3 (Summer 2012),groupmegroupscl002_sq002_3,Groupme.groups [cl002_SQ002],NA
Network Survey Wave 3 (Summer 2012),groupmegroupscl002_sq003_3,Groupme.groups [cl002_SQ003],NA
Network Survey Wave 3 (Summer 2012),groupmegroupscl002_sq004_3,Groupme.groups [cl002_SQ004],NA
Network Survey Wave 3 (Summer 2012),groupmegroupscl002_sq005_3,Groupme.groups [cl002_SQ005],NA
Network Survey Wave 3 (Summer 2012),groupmegroupscl003_sq001_3,Groupme.groups [cl003_SQ001],NA
Network Survey Wave 3 (Summer 2012),groupmegroupscl003_sq002_3,Groupme.groups [cl003_SQ002],NA
Network Survey Wave 3 (Summer 2012),groupmegroupscl003_sq003_3,Groupme.groups [cl003_SQ003],NA
Network Survey Wave 3 (Summer 2012),groupmegroupscl003_sq004_3,Groupme.groups [cl003_SQ004],NA
Network Survey Wave 3 (Summer 2012),groupmegroupscl003_sq005_3,Groupme.groups [cl003_SQ005],NA
Network Survey Wave 3 (Summer 2012),groupmegroupscl004_sq001_3,Groupme.groups [cl004_SQ001],NA
Network Survey Wave 3 (Summer 2012),groupmegroupscl004_sq002_3,Groupme.groups [cl004_SQ002],NA
Network Survey Wave 3 (Summer 2012),groupmegroupscl004_sq003_3,Groupme.groups [cl004_SQ003],NA
Network Survey Wave 3 (Summer 2012),groupmegroupscl004_sq004_3,Groupme.groups [cl004_SQ004],NA
Network Survey Wave 3 (Summer 2012),groupmegroupscl004_sq005_3,Groupme.groups [cl004_SQ005],NA
Network Survey Wave 3 (Summer 2012),groupmegroupscl005_sq001_3,Groupme.groups [cl005_SQ001],NA
Network Survey Wave 3 (Summer 2012),groupmegroupscl005_sq002_3,Groupme.groups [cl005_SQ002],NA
Network Survey Wave 3 (Summer 2012),groupmegroupscl005_sq003_3,Groupme.groups [cl005_SQ003],NA
Network Survey Wave 3 (Summer 2012),groupmegroupscl005_sq004_3,Groupme.groups [cl005_SQ004],NA
Network Survey Wave 3 (Summer 2012),groupmegroupscl005_sq005_3,Groupme.groups [cl005_SQ005],NA
Network Survey Wave 3 (Summer 2012),groupmegroupscl006_sq001_3,Groupme.groups [cl006_SQ001],NA
Network Survey Wave 3 (Summer 2012),groupmegroupscl006_sq002_3,Groupme.groups [cl006_SQ002],NA
Network Survey Wave 3 (Summer 2012),groupmegroupscl006_sq003_3,Groupme.groups [cl006_SQ003],NA
Network Survey Wave 3 (Summer 2012),groupmegroupscl006_sq004_3,Groupme.groups [cl006_SQ004],NA
Network Survey Wave 3 (Summer 2012),groupmegroupscl006_sq005_3,Groupme.groups [cl006_SQ005],NA
Network Survey Wave 3 (Summer 2012),groupmegroupscl007_sq001_3,Groupme.groups [cl007_SQ001],NA
Network Survey Wave 3 (Summer 2012),groupmegroupscl007_sq002_3,Groupme.groups [cl007_SQ002],NA
Network Survey Wave 3 (Summer 2012),groupmegroupscl007_sq003_3,Groupme.groups [cl007_SQ003],NA
Network Survey Wave 3 (Summer 2012),groupmegroupscl007_sq004_3,Groupme.groups [cl007_SQ004],NA
Network Survey Wave 3 (Summer 2012),groupmegroupscl007_sq005_3,Groupme.groups [cl007_SQ005],NA
Network Survey Wave 3 (Summer 2012),groupmegroupscl008_sq001_3,Groupme.groups [cl008_SQ001],NA
Network Survey Wave 3 (Summer 2012),groupmegroupscl008_sq002_3,Groupme.groups [cl008_SQ002],NA
Network Survey Wave 3 (Summer 2012),groupmegroupscl008_sq003_3,Groupme.groups [cl008_SQ003],NA
Network Survey Wave 3 (Summer 2012),groupmegroupscl008_sq004_3,Groupme.groups [cl008_SQ004],NA
Network Survey Wave 3 (Summer 2012),groupmegroupscl008_sq005_3,Groupme.groups [cl008_SQ005],NA
Network Survey Wave 3 (Summer 2012),groupmegroupscl009_sq001_3,Groupme.groups [cl009_SQ001],NA
Network Survey Wave 3 (Summer 2012),groupmegroupscl009_sq002_3,Groupme.groups [cl009_SQ002],NA
Network Survey Wave 3 (Summer 2012),groupmegroupscl009_sq003_3,Groupme.groups [cl009_SQ003],NA
Network Survey Wave 3 (Summer 2012),groupmegroupscl009_sq004_3,Groupme.groups [cl009_SQ004],NA
Network Survey Wave 3 (Summer 2012),groupmegroupscl009_sq005_3,Groupme.groups [cl009_SQ005],NA
Network Survey Wave 3 (Summer 2012),groupmegroupscl010_sq001_3,Groupme.groups [cl010_SQ001],NA
Network Survey Wave 3 (Summer 2012),groupmegroupscl010_sq002_3,Groupme.groups [cl010_SQ002],NA
Network Survey Wave 3 (Summer 2012),groupmegroupscl010_sq003_3,Groupme.groups [cl010_SQ003],NA
Network Survey Wave 3 (Summer 2012),groupmegroupscl010_sq004_3,Groupme.groups [cl010_SQ004],NA
Network Survey Wave 3 (Summer 2012),groupmegroupscl010_sq005_3,Groupme.groups [cl010_SQ005],NA
Network Survey Wave 3 (Summer 2012),groupmegroupscl011_sq001_3,Groupme.groups [cl011_SQ001],NA
Network Survey Wave 3 (Summer 2012),groupmegroupscl011_sq002_3,Groupme.groups [cl011_SQ002],NA
Network Survey Wave 3 (Summer 2012),groupmegroupscl011_sq003_3,Groupme.groups [cl011_SQ003],NA
Network Survey Wave 3 (Summer 2012),groupmegroupscl011_sq004_3,Groupme.groups [cl011_SQ004],NA
Network Survey Wave 3 (Summer 2012),groupmegroupscl011_sq005_3,Groupme.groups [cl011_SQ005],NA
Network Survey Wave 3 (Summer 2012),groupmegroupscl012_sq001_3,Groupme.groups [cl012_SQ001],NA
Network Survey Wave 3 (Summer 2012),groupmegroupscl012_sq002_3,Groupme.groups [cl012_SQ002],NA
Network Survey Wave 3 (Summer 2012),groupmegroupscl012_sq003_3,Groupme.groups [cl012_SQ003],NA
Network Survey Wave 3 (Summer 2012),groupmegroupscl012_sq004_3,Groupme.groups [cl012_SQ004],NA
Network Survey Wave 3 (Summer 2012),groupmegroupscl012_sq005_3,Groupme.groups [cl012_SQ005],NA
Network Survey Wave 3 (Summer 2012),groupmegroupscl013_sq001_3,Groupme.groups [cl013_SQ001],NA
Network Survey Wave 3 (Summer 2012),groupmegroupscl013_sq002_3,Groupme.groups [cl013_SQ002],NA
Network Survey Wave 3 (Summer 2012),groupmegroupscl013_sq003_3,Groupme.groups [cl013_SQ003],NA
Network Survey Wave 3 (Summer 2012),groupmegroupscl013_sq004_3,Groupme.groups [cl013_SQ004],NA
Network Survey Wave 3 (Summer 2012),groupmegroupscl013_sq005_3,Groupme.groups [cl013_SQ005],NA
Network Survey Wave 3 (Summer 2012),groupmegroupscl014_sq001_3,Groupme.groups [cl014_SQ001],NA
Network Survey Wave 3 (Summer 2012),groupmegroupscl014_sq002_3,Groupme.groups [cl014_SQ002],NA
Network Survey Wave 3 (Summer 2012),groupmegroupscl014_sq003_3,Groupme.groups [cl014_SQ003],NA
Network Survey Wave 3 (Summer 2012),groupmegroupscl014_sq004_3,Groupme.groups [cl014_SQ004],NA
Network Survey Wave 3 (Summer 2012),groupmegroupscl014_sq005_3,Groupme.groups [cl014_SQ005],NA
Network Survey Wave 3 (Summer 2012),groupmegroupscl015_sq001_3,Groupme.groups [cl015_SQ001],NA
Network Survey Wave 3 (Summer 2012),groupmegroupscl015_sq002_3,Groupme.groups [cl015_SQ002],NA
Network Survey Wave 3 (Summer 2012),groupmegroupscl015_sq003_3,Groupme.groups [cl015_SQ003],NA
Network Survey Wave 3 (Summer 2012),groupmegroupscl015_sq004_3,Groupme.groups [cl015_SQ004],NA
Network Survey Wave 3 (Summer 2012),groupmegroupscl015_sq005_3,Groupme.groups [cl015_SQ005],NA
Network Survey Wave 3 (Summer 2012),groupmegroupscl016_sq001_3,Groupme.groups [cl016_SQ001],NA
Network Survey Wave 3 (Summer 2012),groupmegroupscl016_sq002_3,Groupme.groups [cl016_SQ002],NA
Network Survey Wave 3 (Summer 2012),groupmegroupscl016_sq003_3,Groupme.groups [cl016_SQ003],NA
Network Survey Wave 3 (Summer 2012),groupmegroupscl016_sq004_3,Groupme.groups [cl016_SQ004],NA
Network Survey Wave 3 (Summer 2012),groupmegroupscl016_sq005_3,Groupme.groups [cl016_SQ005],NA
Network Survey Wave 3 (Summer 2012),groupmegroupscl017_sq001_3,Groupme.groups [cl017_SQ001],NA
Network Survey Wave 3 (Summer 2012),groupmegroupscl017_sq002_3,Groupme.groups [cl017_SQ002],NA
Network Survey Wave 3 (Summer 2012),groupmegroupscl017_sq003_3,Groupme.groups [cl017_SQ003],NA
Network Survey Wave 3 (Summer 2012),groupmegroupscl017_sq004_3,Groupme.groups [cl017_SQ004],NA
Network Survey Wave 3 (Summer 2012),groupmegroupscl017_sq005_3,Groupme.groups [cl017_SQ005],NA
Network Survey Wave 3 (Summer 2012),groupmegroupscl018_sq001_3,Groupme.groups [cl018_SQ001],NA
Network Survey Wave 3 (Summer 2012),groupmegroupscl018_sq002_3,Groupme.groups [cl018_SQ002],NA
Network Survey Wave 3 (Summer 2012),groupmegroupscl018_sq003_3,Groupme.groups [cl018_SQ003],NA
Network Survey Wave 3 (Summer 2012),groupmegroupscl018_sq004_3,Groupme.groups [cl018_SQ004],NA
Network Survey Wave 3 (Summer 2012),groupmegroupscl018_sq005_3,Groupme.groups [cl018_SQ005],NA
Network Survey Wave 3 (Summer 2012),groupmegroupscl019_sq001_3,Groupme.groups [cl019_SQ001],NA
Network Survey Wave 3 (Summer 2012),groupmegroupscl019_sq002_3,Groupme.groups [cl019_SQ002],NA
Network Survey Wave 3 (Summer 2012),groupmegroupscl019_sq003_3,Groupme.groups [cl019_SQ003],NA
Network Survey Wave 3 (Summer 2012),groupmegroupscl019_sq004_3,Groupme.groups [cl019_SQ004],NA
Network Survey Wave 3 (Summer 2012),groupmegroupscl019_sq005_3,Groupme.groups [cl019_SQ005],NA
Network Survey Wave 3 (Summer 2012),groupmegroupscl020_sq001_3,Groupme.groups [cl020_SQ001],NA
Network Survey Wave 3 (Summer 2012),groupmegroupscl020_sq002_3,Groupme.groups [cl020_SQ002],NA
Network Survey Wave 3 (Summer 2012),groupmegroupscl020_sq003_3,Groupme.groups [cl020_SQ003],NA
Network Survey Wave 3 (Summer 2012),groupmegroupscl020_sq004_3,Groupme.groups [cl020_SQ004],NA
Network Survey Wave 3 (Summer 2012),groupmegroupscl020_sq005_3,Groupme.groups [cl020_SQ005],NA
Network Survey Wave 3 (Summer 2012),survey_3,Survey,NA
Network Survey Wave 3 (Summer 2012),socialcontextWork_3,Interact at work,NA
Network Survey Wave 3 (Summer 2012),socialcontextTextcalling_3,Interact through text or calling,NA
Network Survey Wave 3 (Summer 2012),socialcontextInternet_3,Interact through the internet,NA
Network Survey Wave 3 (Summer 2012),socialcontextCulturalathletic_3,Interact through cultural or athletic event,NA
Network Survey Wave 3 (Summer 2012),socialcontextOther_3,Interact Other,NA
Network Survey Wave 3 (Summer 2012),alterother_3,Relationship type other,NA
Network Survey Wave 3 (Summer 2012),whatdorm_3,Dorm of alter,NA
Network Survey Wave 3 (Summer 2012),gender_3,Gender,NA
Network Survey Wave 3 (Summer 2012),reltype_3,Relationship Type,NA
Network Survey Wave 3 (Summer 2012),subjectivesimilar_3,Ego's perception of similarity to alter,NA
Network Survey Wave 3 (Summer 2012),verballypositive_sq001_3,Verbally Positive: publically,NA
Network Survey Wave 3 (Summer 2012),verballypositive_sq002_3,Verbally Positive: Privately,NA
Network Survey Wave 3 (Summer 2012),physicallypositive_sq001_3,Physically positive behavior in public,NA
Network Survey Wave 3 (Summer 2012),physicallypositive_sq002_3,Physically positive behavior in private,NA
Network Survey Wave 3 (Summer 2012),sociallypositive_sq001_3,Socially Positive: Defended You,NA
Network Survey Wave 3 (Summer 2012),sociallypositive_sq002_3,Socially Positive: Complimented or Recommended you to another,NA
Network Survey Wave 3 (Summer 2012),sociallypositive_sq003_3,Socially Positive: Was honest with you,NA
Network Survey Wave 3 (Summer 2012),sociallypositive_sq004_3,Socially Positive: Respected your privacy,NA
Network Survey Wave 3 (Summer 2012),sociallypositive_sq005_3,"Socially Positive: Yes, other",NA
Network Survey Wave 3 (Summer 2012),verballynegative_sq001_3,Verbally Negative publicly,NA
Network Survey Wave 3 (Summer 2012),verballynegative_sq002_3,Verbally Negative privately,NA
Network Survey Wave 3 (Summer 2012),physicallynegative_sq001_3,Physically Negative Publically,NA
Network Survey Wave 3 (Summer 2012),physicallynegative_sq002_3,Physically Negative Privately,NA
Network Survey Wave 3 (Summer 2012),sociallynegative_sq001_3,Socially Negative: Spread Rumors or Gossip,NA
Network Survey Wave 3 (Summer 2012),sociallynegative_sq002_3,Socially Negative: Withheld information from you,NA
Network Survey Wave 3 (Summer 2012),sociallynegative_sq003_3,Socially Negative: Embarrassed You,NA
Network Survey Wave 3 (Summer 2012),sociallynegative_sq004_3,Socially Negative: Made You feel under appreciated,NA
Network Survey Wave 3 (Summer 2012),sociallynegative_sq005_3,"Socially Negative: Yes, Other",NA
Network Survey Wave 3 (Summer 2012),duplicate,NA,NA
Network Survey Wave 3 (Summer 2012),duplicate_name_3,NA,NA
Network Survey Wave 3 (Summer 2012),duplicate_number_3,NA,NA
Network Survey Wave 4 (Fall 2012),v1_4,NA,NA
Network Survey Wave 4 (Fall 2012),FirstName_4,First Name,NA
Network Survey Wave 4 (Fall 2012),LastName_4,Last Name,NA
Network Survey Wave 4 (Fall 2012),language_4,NA,NA
Network Survey Wave 4 (Fall 2012),sent_4,NA,NA
Network Survey Wave 4 (Fall 2012),remindersent_4,NA,NA
Network Survey Wave 4 (Fall 2012),remindercount_4,NA,NA
Network Survey Wave 4 (Fall 2012),usesleft_4,NA,NA
Network Survey Wave 4 (Fall 2012),id_4,Survey ID,NA
Network Survey Wave 4 (Fall 2012),submitdate_4,NA,NA
Network Survey Wave 4 (Fall 2012),startlanguage_4,NA,NA
Network Survey Wave 4 (Fall 2012),token_4,NA,NA
Network Survey Wave 4 (Fall 2012),namenetid_sq001_4,name.netid_SQ001,NA
Network Survey Wave 4 (Fall 2012),namenetid_sq002_4,name.netid_SQ002,NA
Network Survey Wave 4 (Fall 2012),netid_4,name.netid_SQ003,NA
Network Survey Wave 4 (Fall 2012),numberalter_4,Number.alter,NA
Network Survey Wave 4 (Fall 2012),groupmefilter_4,groupme.filter,NA
Network Survey Wave 4 (Fall 2012),q_5activities_act01_4,q_5.activities_act01,NA
Network Survey Wave 4 (Fall 2012),q_5activities_act02_4,q_5.activities_act02,NA
Network Survey Wave 4 (Fall 2012),q_5activities_act03_4,q_5.activities_act03,NA
Network Survey Wave 4 (Fall 2012),q_5activities_act04_4,q_5.activities_act04,NA
Network Survey Wave 4 (Fall 2012),q_5activities_act05_4,q_5.activities_act05,NA
Network Survey Wave 4 (Fall 2012),altermusic_cl001_4,Alter.music_cl001,NA
Network Survey Wave 4 (Fall 2012),altermovies_cl001_4,Alter.movies_cl001,NA
Network Survey Wave 4 (Fall 2012),alterbooks_cl001_4,Alter.books_cl001,NA
Network Survey Wave 4 (Fall 2012),altersports_cl001_4,Alter.sports_cl001,NA
Network Survey Wave 4 (Fall 2012),altergames_cl001_4,Alter.games_cl001,NA
Network Survey Wave 4 (Fall 2012),alteroutdoor_cl001_4,Alter.outdoor_cl001,NA
Network Survey Wave 4 (Fall 2012),alter1rel_sq001_sq001_4,alter1.rel_SQ001_SQ001,NA
Network Survey Wave 4 (Fall 2012),alter1rel_sq002_sq001_4,alter1.rel_SQ002_SQ001,NA
Network Survey Wave 4 (Fall 2012),alter1rel_sq003_sq001_4,alter1.rel_SQ003_SQ001,NA
Network Survey Wave 4 (Fall 2012),alter1rel_sq004_sq001_4,alter1.rel_SQ004_SQ001,NA
Network Survey Wave 4 (Fall 2012),alter1rel_sq005_sq001_4,alter1.rel_SQ005_SQ001,NA
Network Survey Wave 4 (Fall 2012),alter1rel_sq006_sq001_4,alter1.rel_SQ006_SQ001,NA
Network Survey Wave 4 (Fall 2012),alter1rel_sq007_sq001_4,alter1.rel_SQ007_SQ001,NA
Network Survey Wave 4 (Fall 2012),alter1rel_sq008_sq001_4,alter1.rel_SQ008_SQ001,NA
Network Survey Wave 4 (Fall 2012),alter1rel_sq009_sq001_4,alter1.rel_SQ009_SQ001,NA
Network Survey Wave 4 (Fall 2012),alter1rel_sq010_sq001_4,alter1.rel_SQ010_SQ001,NA
Network Survey Wave 4 (Fall 2012),alter1rel_sq011_sq001_4,alter1.rel_SQ011_SQ001,NA
Network Survey Wave 4 (Fall 2012),alter1rel_sq012_sq001_4,alter1.rel_SQ012_SQ001,NA
Network Survey Wave 4 (Fall 2012),alter1rel_sq013_sq001_4,alter1.rel_SQ013_SQ001,NA
Network Survey Wave 4 (Fall 2012),alter1rel_sq014_sq001_4,alter1.rel_SQ014_SQ001,NA
Network Survey Wave 4 (Fall 2012),alter1rel_sq015_sq001_4,alter1.rel_SQ015_SQ001,NA
Network Survey Wave 4 (Fall 2012),alter1rel_sq016_sq001_4,alter1.rel_SQ016_SQ001,NA
Network Survey Wave 4 (Fall 2012),alter1rel_sq017_sq001_4,alter1.rel_SQ017_SQ001,NA
Network Survey Wave 4 (Fall 2012),alter1rel_sq018_sq001_4,alter1.rel_SQ018_SQ001,NA
Network Survey Wave 4 (Fall 2012),alter1rel_sq019_sq001_4,alter1.rel_SQ019_SQ001,NA
Network Survey Wave 4 (Fall 2012),alter2rel_sq001_sq019_4,alter2.rel_SQ001_SQ019,NA
Network Survey Wave 4 (Fall 2012),alter2rel_sq002_sq019_4,alter2.rel_SQ002_SQ019,NA
Network Survey Wave 4 (Fall 2012),alter2rel_sq003_sq019_4,alter2.rel_SQ003_SQ019,NA
Network Survey Wave 4 (Fall 2012),alter2rel_sq004_sq019_4,alter2.rel_SQ004_SQ019,NA
Network Survey Wave 4 (Fall 2012),alter2rel_sq005_sq019_4,alter2.rel_SQ005_SQ019,NA
Network Survey Wave 4 (Fall 2012),alter2rel_sq006_sq019_4,alter2.rel_SQ006_SQ019,NA
Network Survey Wave 4 (Fall 2012),alter2rel_sq007_sq019_4,alter2.rel_SQ007_SQ019,NA
Network Survey Wave 4 (Fall 2012),alter2rel_sq008_sq019_4,alter2.rel_SQ008_SQ019,NA
Network Survey Wave 4 (Fall 2012),alter2rel_sq009_sq019_4,alter2.rel_SQ009_SQ019,NA
Network Survey Wave 4 (Fall 2012),alter2rel_sq010_sq019_4,alter2.rel_SQ010_SQ019,NA
Network Survey Wave 4 (Fall 2012),alter2rel_sq011_sq019_4,alter2.rel_SQ011_SQ019,NA
Network Survey Wave 4 (Fall 2012),alter2rel_sq012_sq019_4,alter2.rel_SQ012_SQ019,NA
Network Survey Wave 4 (Fall 2012),alter2rel_sq013_sq019_4,alter2.rel_SQ013_SQ019,NA
Network Survey Wave 4 (Fall 2012),alter2rel_sq014_sq019_4,alter2.rel_SQ014_SQ019,NA
Network Survey Wave 4 (Fall 2012),alter2rel_sq015_sq019_4,alter2.rel_SQ015_SQ019,NA
Network Survey Wave 4 (Fall 2012),alter2rel_sq016_sq019_4,alter2.rel_SQ016_SQ019,NA
Network Survey Wave 4 (Fall 2012),alter2rel_sq017_sq019_4,alter2.rel_SQ017_SQ019,NA
Network Survey Wave 4 (Fall 2012),alter2rel_sq018_sq019_4,alter2.rel_SQ018_SQ019,NA
Network Survey Wave 4 (Fall 2012),alter3rel_sq001_sq019_4,alter3.rel_SQ001_SQ019,NA
Network Survey Wave 4 (Fall 2012),alter3rel_sq002_sq019_4,alter3.rel_SQ002_SQ019,NA
Network Survey Wave 4 (Fall 2012),alter3rel_sq003_sq019_4,alter3.rel_SQ003_SQ019,NA
Network Survey Wave 4 (Fall 2012),alter3rel_sq004_sq019_4,alter3.rel_SQ004_SQ019,NA
Network Survey Wave 4 (Fall 2012),alter3rel_sq005_sq019_4,alter3.rel_SQ005_SQ019,NA
Network Survey Wave 4 (Fall 2012),alter3rel_sq006_sq019_4,alter3.rel_SQ006_SQ019,NA
Network Survey Wave 4 (Fall 2012),alter3rel_sq007_sq019_4,alter3.rel_SQ007_SQ019,NA
Network Survey Wave 4 (Fall 2012),alter3rel_sq008_sq019_4,alter3.rel_SQ008_SQ019,NA
Network Survey Wave 4 (Fall 2012),alter3rel_sq009_sq019_4,alter3.rel_SQ009_SQ019,NA
Network Survey Wave 4 (Fall 2012),alter3rel_sq010_sq019_4,alter3.rel_SQ010_SQ019,NA
Network Survey Wave 4 (Fall 2012),alter3rel_sq011_sq019_4,alter3.rel_SQ011_SQ019,NA
Network Survey Wave 4 (Fall 2012),alter3rel_sq012_sq019_4,alter3.rel_SQ012_SQ019,NA
Network Survey Wave 4 (Fall 2012),alter3rel_sq013_sq019_4,alter3.rel_SQ013_SQ019,NA
Network Survey Wave 4 (Fall 2012),alter3rel_sq014_sq019_4,alter3.rel_SQ014_SQ019,NA
Network Survey Wave 4 (Fall 2012),alter3rel_sq015_sq019_4,alter3.rel_SQ015_SQ019,NA
Network Survey Wave 4 (Fall 2012),alter3rel_sq016_sq019_4,alter3.rel_SQ016_SQ019,NA
Network Survey Wave 4 (Fall 2012),alter3rel_sq017_sq019_4,alter3.rel_SQ017_SQ019,NA
Network Survey Wave 4 (Fall 2012),alter4rel_sq001_sq019_4,alter4.rel_SQ001_SQ019,NA
Network Survey Wave 4 (Fall 2012),alter4rel_sq002_sq019_4,alter4.rel_SQ002_SQ019,NA
Network Survey Wave 4 (Fall 2012),alter4rel_sq003_sq019_4,alter4.rel_SQ003_SQ019,NA
Network Survey Wave 4 (Fall 2012),alter4rel_sq004_sq019_4,alter4.rel_SQ004_SQ019,NA
Network Survey Wave 4 (Fall 2012),alter4rel_sq005_sq019_4,alter4.rel_SQ005_SQ019,NA
Network Survey Wave 4 (Fall 2012),alter4rel_sq006_sq019_4,alter4.rel_SQ006_SQ019,NA
Network Survey Wave 4 (Fall 2012),alter4rel_sq007_sq019_4,alter4.rel_SQ007_SQ019,NA
Network Survey Wave 4 (Fall 2012),alter4rel_sq008_sq019_4,alter4.rel_SQ008_SQ019,NA
Network Survey Wave 4 (Fall 2012),alter4rel_sq009_sq019_4,alter4.rel_SQ009_SQ019,NA
Network Survey Wave 4 (Fall 2012),alter4rel_sq010_sq019_4,alter4.rel_SQ010_SQ019,NA
Network Survey Wave 4 (Fall 2012),alter4rel_sq011_sq019_4,alter4.rel_SQ011_SQ019,NA
Network Survey Wave 4 (Fall 2012),alter4rel_sq012_sq019_4,alter4.rel_SQ012_SQ019,NA
Network Survey Wave 4 (Fall 2012),alter4rel_sq013_sq019_4,alter4.rel_SQ013_SQ019,NA
Network Survey Wave 4 (Fall 2012),alter4rel_sq014_sq019_4,alter4.rel_SQ014_SQ019,NA
Network Survey Wave 4 (Fall 2012),alter4rel_sq015_sq019_4,alter4.rel_SQ015_SQ019,NA
Network Survey Wave 4 (Fall 2012),alter4rel_sq016_sq019_4,alter4.rel_SQ016_SQ019,NA
Network Survey Wave 4 (Fall 2012),alter5rel_sq001_sq019_4,alter5.rel_SQ001_SQ019,NA
Network Survey Wave 4 (Fall 2012),alter5rel_sq002_sq019_4,alter5.rel_SQ002_SQ019,NA
Network Survey Wave 4 (Fall 2012),alter5rel_sq003_sq019_4,alter5.rel_SQ003_SQ019,NA
Network Survey Wave 4 (Fall 2012),alter5rel_sq004_sq019_4,alter5.rel_SQ004_SQ019,NA
Network Survey Wave 4 (Fall 2012),alter5rel_sq005_sq019_4,alter5.rel_SQ005_SQ019,NA
Network Survey Wave 4 (Fall 2012),alter5rel_sq006_sq019_4,alter5.rel_SQ006_SQ019,NA
Network Survey Wave 4 (Fall 2012),alter5rel_sq007_sq019_4,alter5.rel_SQ007_SQ019,NA
Network Survey Wave 4 (Fall 2012),alter5rel_sq008_sq019_4,alter5.rel_SQ008_SQ019,NA
Network Survey Wave 4 (Fall 2012),alter5rel_sq009_sq019_4,alter5.rel_SQ009_SQ019,NA
Network Survey Wave 4 (Fall 2012),alter5rel_sq010_sq019_4,alter5.rel_SQ010_SQ019,NA
Network Survey Wave 4 (Fall 2012),alter5rel_sq011_sq019_4,alter5.rel_SQ011_SQ019,NA
Network Survey Wave 4 (Fall 2012),alter5rel_sq012_sq019_4,alter5.rel_SQ012_SQ019,NA
Network Survey Wave 4 (Fall 2012),alter5rel_sq013_sq019_4,alter5.rel_SQ013_SQ019,NA
Network Survey Wave 4 (Fall 2012),alter5rel_sq014_sq019_4,alter5.rel_SQ014_SQ019,NA
Network Survey Wave 4 (Fall 2012),alter5rel_sq015_sq019_4,alter5.rel_SQ015_SQ019,NA
Network Survey Wave 4 (Fall 2012),alter6rel_sq001_sq019_4,alter6.rel_SQ001_SQ019,NA
Network Survey Wave 4 (Fall 2012),alter6rel_sq002_sq019_4,alter6.rel_SQ002_SQ019,NA
Network Survey Wave 4 (Fall 2012),alter6rel_sq003_sq019_4,alter6.rel_SQ003_SQ019,NA
Network Survey Wave 4 (Fall 2012),alter6rel_sq004_sq019_4,alter6.rel_SQ004_SQ019,NA
Network Survey Wave 4 (Fall 2012),alter6rel_sq005_sq019_4,alter6.rel_SQ005_SQ019,NA
Network Survey Wave 4 (Fall 2012),alter6rel_sq006_sq019_4,alter6.rel_SQ006_SQ019,NA
Network Survey Wave 4 (Fall 2012),alter6rel_sq007_sq019_4,alter6.rel_SQ007_SQ019,NA
Network Survey Wave 4 (Fall 2012),alter6rel_sq008_sq019_4,alter6.rel_SQ008_SQ019,NA
Network Survey Wave 4 (Fall 2012),alter6rel_sq009_sq019_4,alter6.rel_SQ009_SQ019,NA
Network Survey Wave 4 (Fall 2012),alter6rel_sq010_sq019_4,alter6.rel_SQ010_SQ019,NA
Network Survey Wave 4 (Fall 2012),alter6rel_sq011_sq019_4,alter6.rel_SQ011_SQ019,NA
Network Survey Wave 4 (Fall 2012),alter6rel_sq012_sq019_4,alter6.rel_SQ012_SQ019,NA
Network Survey Wave 4 (Fall 2012),alter6rel_sq013_sq019_4,alter6.rel_SQ013_SQ019,NA
Network Survey Wave 4 (Fall 2012),alter6rel_sq014_sq019_4,alter6.rel_SQ014_SQ019,NA
Network Survey Wave 4 (Fall 2012),alter7rel_sq001_sq019_4,alter7.rel_SQ001_SQ019,NA
Network Survey Wave 4 (Fall 2012),alter7rel_sq002_sq019_4,alter7.rel_SQ002_SQ019,NA
Network Survey Wave 4 (Fall 2012),alter7rel_sq003_sq019_4,alter7.rel_SQ003_SQ019,NA
Network Survey Wave 4 (Fall 2012),alter7rel_sq004_sq019_4,alter7.rel_SQ004_SQ019,NA
Network Survey Wave 4 (Fall 2012),alter7rel_sq005_sq019_4,alter7.rel_SQ005_SQ019,NA
Network Survey Wave 4 (Fall 2012),alter7rel_sq006_sq019_4,alter7.rel_SQ006_SQ019,NA
Network Survey Wave 4 (Fall 2012),alter7rel_sq007_sq019_4,alter7.rel_SQ007_SQ019,NA
Network Survey Wave 4 (Fall 2012),alter7rel_sq008_sq019_4,alter7.rel_SQ008_SQ019,NA
Network Survey Wave 4 (Fall 2012),alter7rel_sq009_sq019_4,alter7.rel_SQ009_SQ019,NA
Network Survey Wave 4 (Fall 2012),alter7rel_sq010_sq019_4,alter7.rel_SQ010_SQ019,NA
Network Survey Wave 4 (Fall 2012),alter7rel_sq011_sq019_4,alter7.rel_SQ011_SQ019,NA
Network Survey Wave 4 (Fall 2012),alter7rel_sq012_sq019_4,alter7.rel_SQ012_SQ019,NA
Network Survey Wave 4 (Fall 2012),alter7rel_sq013_sq019_4,alter7.rel_SQ013_SQ019,NA
Network Survey Wave 4 (Fall 2012),alter8rel_sq001_sq019_4,alter8.rel_SQ001_SQ019,NA
Network Survey Wave 4 (Fall 2012),alter8rel_sq002_sq019_4,alter8.rel_SQ002_SQ019,NA
Network Survey Wave 4 (Fall 2012),alter8rel_sq003_sq019_4,alter8.rel_SQ003_SQ019,NA
Network Survey Wave 4 (Fall 2012),alter8rel_sq004_sq019_4,alter8.rel_SQ004_SQ019,NA
Network Survey Wave 4 (Fall 2012),alter8rel_sq005_sq019_4,alter8.rel_SQ005_SQ019,NA
Network Survey Wave 4 (Fall 2012),alter8rel_sq006_sq019_4,alter8.rel_SQ006_SQ019,NA
Network Survey Wave 4 (Fall 2012),alter8rel_sq007_sq019_4,alter8.rel_SQ007_SQ019,NA
Network Survey Wave 4 (Fall 2012),alter8rel_sq008_sq019_4,alter8.rel_SQ008_SQ019,NA
Network Survey Wave 4 (Fall 2012),alter8rel_sq009_sq019_4,alter8.rel_SQ009_SQ019,NA
Network Survey Wave 4 (Fall 2012),alter8rel_sq010_sq019_4,alter8.rel_SQ010_SQ019,NA
Network Survey Wave 4 (Fall 2012),alter8rel_sq011_sq019_4,alter8.rel_SQ011_SQ019,NA
Network Survey Wave 4 (Fall 2012),alter8rel_sq012_sq019_4,alter8.rel_SQ012_SQ019,NA
Network Survey Wave 4 (Fall 2012),alter9rel_sq001_sq019_4,alter9.rel_SQ001_SQ019,NA
Network Survey Wave 4 (Fall 2012),alter9rel_sq002_sq019_4,alter9.rel_SQ002_SQ019,NA
Network Survey Wave 4 (Fall 2012),alter9rel_sq003_sq019_4,alter9.rel_SQ003_SQ019,NA
Network Survey Wave 4 (Fall 2012),alter9rel_sq004_sq019_4,alter9.rel_SQ004_SQ019,NA
Network Survey Wave 4 (Fall 2012),alter9rel_sq005_sq019_4,alter9.rel_SQ005_SQ019,NA
Network Survey Wave 4 (Fall 2012),alter9rel_sq006_sq019_4,alter9.rel_SQ006_SQ019,NA
Network Survey Wave 4 (Fall 2012),alter9rel_sq007_sq019_4,alter9.rel_SQ007_SQ019,NA
Network Survey Wave 4 (Fall 2012),alter9rel_sq008_sq019_4,alter9.rel_SQ008_SQ019,NA
Network Survey Wave 4 (Fall 2012),alter9rel_sq009_sq019_4,alter9.rel_SQ009_SQ019,NA
Network Survey Wave 4 (Fall 2012),alter9rel_sq010_sq019_4,alter9.rel_SQ010_SQ019,NA
Network Survey Wave 4 (Fall 2012),alter9rel_sq011_sq019_4,alter9.rel_SQ011_SQ019,NA
Network Survey Wave 4 (Fall 2012),alter10rel_sq001_sq019_4,alter10.rel_SQ001_SQ019,NA
Network Survey Wave 4 (Fall 2012),alter10rel_sq002_sq019_4,alter10.rel_SQ002_SQ019,NA
Network Survey Wave 4 (Fall 2012),alter10rel_sq003_sq019_4,alter10.rel_SQ003_SQ019,NA
Network Survey Wave 4 (Fall 2012),alter10rel_sq004_sq019_4,alter10.rel_SQ004_SQ019,NA
Network Survey Wave 4 (Fall 2012),alter10rel_sq005_sq019_4,alter10.rel_SQ005_SQ019,NA
Network Survey Wave 4 (Fall 2012),alter10rel_sq006_sq019_4,alter10.rel_SQ006_SQ019,NA
Network Survey Wave 4 (Fall 2012),alter10rel_sq007_sq019_4,alter10.rel_SQ007_SQ019,NA
Network Survey Wave 4 (Fall 2012),alter10rel_sq008_sq019_4,alter10.rel_SQ008_SQ019,NA
Network Survey Wave 4 (Fall 2012),alter10rel_sq009_sq019_4,alter10.rel_SQ009_SQ019,NA
Network Survey Wave 4 (Fall 2012),alter10rel_sq010_sq019_4,alter10.rel_SQ010_SQ019,NA
Network Survey Wave 4 (Fall 2012),alter11rel_sq001_sq019_4,alter11.rel_SQ001_SQ019,NA
Network Survey Wave 4 (Fall 2012),alter11rel_sq002_sq019_4,alter11.rel_SQ002_SQ019,NA
Network Survey Wave 4 (Fall 2012),alter11rel_sq003_sq019_4,alter11.rel_SQ003_SQ019,NA
Network Survey Wave 4 (Fall 2012),alter11rel_sq004_sq019_4,alter11.rel_SQ004_SQ019,NA
Network Survey Wave 4 (Fall 2012),alter11rel_sq005_sq019_4,alter11.rel_SQ005_SQ019,NA
Network Survey Wave 4 (Fall 2012),alter11rel_sq006_sq019_4,alter11.rel_SQ006_SQ019,NA
Network Survey Wave 4 (Fall 2012),alter11rel_sq007_sq019_4,alter11.rel_SQ007_SQ019,NA
Network Survey Wave 4 (Fall 2012),alter11rel_sq008_sq019_4,alter11.rel_SQ008_SQ019,NA
Network Survey Wave 4 (Fall 2012),alter11rel_sq009_sq019_4,alter11.rel_SQ009_SQ019,NA
Network Survey Wave 4 (Fall 2012),alter12rel_sq001_sq019_4,alter12.rel_SQ001_SQ019,NA
Network Survey Wave 4 (Fall 2012),alter12rel_sq002_sq019_4,alter12.rel_SQ002_SQ019,NA
Network Survey Wave 4 (Fall 2012),alter12rel_sq003_sq019_4,alter12.rel_SQ003_SQ019,NA
Network Survey Wave 4 (Fall 2012),alter12rel_sq004_sq019_4,alter12.rel_SQ004_SQ019,NA
Network Survey Wave 4 (Fall 2012),alter12rel_sq005_sq019_4,alter12.rel_SQ005_SQ019,NA
Network Survey Wave 4 (Fall 2012),alter12rel_sq006_sq019_4,alter12.rel_SQ006_SQ019,NA
Network Survey Wave 4 (Fall 2012),alter12rel_sq007_sq019_4,alter12.rel_SQ007_SQ019,NA
Network Survey Wave 4 (Fall 2012),alter12rel_sq008_sq019_4,alter12.rel_SQ008_SQ019,NA
Network Survey Wave 4 (Fall 2012),alter13rel_sq001_sq019_4,alter13.rel_SQ001_SQ019,NA
Network Survey Wave 4 (Fall 2012),alter13rel_sq002_sq019_4,alter13.rel_SQ002_SQ019,NA
Network Survey Wave 4 (Fall 2012),alter13rel_sq003_sq019_4,alter13.rel_SQ003_SQ019,NA
Network Survey Wave 4 (Fall 2012),alter13rel_sq004_sq019_4,alter13.rel_SQ004_SQ019,NA
Network Survey Wave 4 (Fall 2012),alter13rel_sq005_sq019_4,alter13.rel_SQ005_SQ019,NA
Network Survey Wave 4 (Fall 2012),alter13rel_sq006_sq019_4,alter13.rel_SQ006_SQ019,NA
Network Survey Wave 4 (Fall 2012),alter13rel_sq007_sq019_4,alter13.rel_SQ007_SQ019,NA
Network Survey Wave 4 (Fall 2012),alter14rel_sq001_sq019_4,alter14.rel_SQ001_SQ019,NA
Network Survey Wave 4 (Fall 2012),alter14rel_sq002_sq019_4,alter14.rel_SQ002_SQ019,NA
Network Survey Wave 4 (Fall 2012),alter14rel_sq003_sq019_4,alter14.rel_SQ003_SQ019,NA
Network Survey Wave 4 (Fall 2012),alter14rel_sq004_sq019_4,alter14.rel_SQ004_SQ019,NA
Network Survey Wave 4 (Fall 2012),alter14rel_sq005_sq019_4,alter14.rel_SQ005_SQ019,NA
Network Survey Wave 4 (Fall 2012),alter14rel_sq006_sq019_4,alter14.rel_SQ006_SQ019,NA
Network Survey Wave 4 (Fall 2012),alter15rel_sq001_sq019_4,alter15.rel_SQ001_SQ019,NA
Network Survey Wave 4 (Fall 2012),alter15rel_sq002_sq019_4,alter15.rel_SQ002_SQ019,NA
Network Survey Wave 4 (Fall 2012),alter15rel_sq003_sq019_4,alter15.rel_SQ003_SQ019,NA
Network Survey Wave 4 (Fall 2012),alter15rel_sq004_sq019_4,alter15.rel_SQ004_SQ019,NA
Network Survey Wave 4 (Fall 2012),alter15rel_sq005_sq019_4,alter15.rel_SQ005_SQ019,NA
Network Survey Wave 4 (Fall 2012),alter16rel_sq001_sq019_4,alter16.rel_SQ001_SQ019,NA
Network Survey Wave 4 (Fall 2012),alter16rel_sq002_sq019_4,alter16.rel_SQ002_SQ019,NA
Network Survey Wave 4 (Fall 2012),alter16rel_sq003_sq019_4,alter16.rel_SQ003_SQ019,NA
Network Survey Wave 4 (Fall 2012),alter16rel_sq004_sq019_4,alter16.rel_SQ004_SQ019,NA
Network Survey Wave 4 (Fall 2012),alter17rel_sq001_sq019_4,alter17.rel_SQ001_SQ019,NA
Network Survey Wave 4 (Fall 2012),alter17rel_sq002_sq019_4,alter17.rel_SQ002_SQ019,NA
Network Survey Wave 4 (Fall 2012),alter17rel_sq003_sq019_4,alter17.rel_SQ003_SQ019,NA
Network Survey Wave 4 (Fall 2012),alter18rel_sq001_sq019_4,alter18.rel_SQ001_SQ019,NA
Network Survey Wave 4 (Fall 2012),alter18rel_sq002_sq019_4,alter18.rel_SQ002_SQ019,NA
Network Survey Wave 4 (Fall 2012),alter19rel_sq001_sq001_4,alter19.rel_SQ001_SQ001,NA
Network Survey Wave 4 (Fall 2012),position_4,Position listed in survey,NA
Network Survey Wave 4 (Fall 2012),altermusic_cl002_4,Alter.music_cl002,NA
Network Survey Wave 4 (Fall 2012),altermovies_cl002_4,Alter.movies_cl002,NA
Network Survey Wave 4 (Fall 2012),alterbooks_cl002_4,Alter.books_cl002,NA
Network Survey Wave 4 (Fall 2012),altersports_cl002_4,Alter.sports_cl002,NA
Network Survey Wave 4 (Fall 2012),altergames_cl002_4,Alter.games_cl002,NA
Network Survey Wave 4 (Fall 2012),alteroutdoor_cl002_4,Alter.outdoor_cl002,NA
Network Survey Wave 4 (Fall 2012),altermusic_cl003_4,Alter.music_cl003,NA
Network Survey Wave 4 (Fall 2012),altermovies_cl003_4,Alter.movies_cl003,NA
Network Survey Wave 4 (Fall 2012),alterbooks_cl003_4,Alter.books_cl003,NA
Network Survey Wave 4 (Fall 2012),altersports_cl003_4,Alter.sports_cl003,NA
Network Survey Wave 4 (Fall 2012),altergames_cl003_4,Alter.games_cl003,NA
Network Survey Wave 4 (Fall 2012),alteroutdoor_cl003_4,Alter.outdoor_cl003,NA
Network Survey Wave 4 (Fall 2012),altermusic_cl004_4,Alter.music_cl004,NA
Network Survey Wave 4 (Fall 2012),altermovies_cl004_4,Alter.movies_cl004,NA
Network Survey Wave 4 (Fall 2012),alterbooks_cl004_4,Alter.books_cl004,NA
Network Survey Wave 4 (Fall 2012),altersports_cl004_4,Alter.sports_cl004,NA
Network Survey Wave 4 (Fall 2012),altergames_cl004_4,Alter.games_cl004,NA
Network Survey Wave 4 (Fall 2012),alteroutdoor_cl004_4,Alter.outdoor_cl004,NA
Network Survey Wave 4 (Fall 2012),altermusic_cl005_4,Alter.music_cl005,NA
Network Survey Wave 4 (Fall 2012),altermovies_cl005_4,Alter.movies_cl005,NA
Network Survey Wave 4 (Fall 2012),alterbooks_cl005_4,Alter.books_cl005,NA
Network Survey Wave 4 (Fall 2012),altersports_cl005_4,Alter.sports_cl005,NA
Network Survey Wave 4 (Fall 2012),altergames_cl005_4,Alter.games_cl005,NA
Network Survey Wave 4 (Fall 2012),alteroutdoor_cl005_4,Alter.outdoor_cl005,NA
Network Survey Wave 4 (Fall 2012),altermusic_cl006_4,Alter.music_cl006,NA
Network Survey Wave 4 (Fall 2012),altermovies_cl006_4,Alter.movies_cl006,NA
Network Survey Wave 4 (Fall 2012),alterbooks_cl006_4,Alter.books_cl006,NA
Network Survey Wave 4 (Fall 2012),altersports_cl006_4,Alter.sports_cl006,NA
Network Survey Wave 4 (Fall 2012),altergames_cl006_4,Alter.games_cl006,NA
Network Survey Wave 4 (Fall 2012),alteroutdoor_cl006_4,Alter.outdoor_cl006,NA
Network Survey Wave 4 (Fall 2012),altermusic_cl007_4,Alter.music_cl007,NA
Network Survey Wave 4 (Fall 2012),altermovies_cl007_4,Alter.movies_cl007,NA
Network Survey Wave 4 (Fall 2012),alterbooks_cl007_4,Alter.books_cl007,NA
Network Survey Wave 4 (Fall 2012),altersports_cl007_4,Alter.sports_cl007,NA
Network Survey Wave 4 (Fall 2012),altergames_cl007_4,Alter.games_cl007,NA
Network Survey Wave 4 (Fall 2012),alteroutdoor_cl007_4,Alter.outdoor_cl007,NA
Network Survey Wave 4 (Fall 2012),altermusic_cl008_4,Alter.music_cl008,NA
Network Survey Wave 4 (Fall 2012),altermovies_cl008_4,Alter.movies_cl008,NA
Network Survey Wave 4 (Fall 2012),alterbooks_cl008_4,Alter.books_cl008,NA
Network Survey Wave 4 (Fall 2012),altersports_cl008_4,Alter.sports_cl008,NA
Network Survey Wave 4 (Fall 2012),altergames_cl008_4,Alter.games_cl008,NA
Network Survey Wave 4 (Fall 2012),alteroutdoor_cl008_4,Alter.outdoor_cl008,NA
Network Survey Wave 4 (Fall 2012),altermusic_cl009_4,Alter.music_cl009,NA
Network Survey Wave 4 (Fall 2012),altermovies_cl009_4,Alter.movies_cl009,NA
Network Survey Wave 4 (Fall 2012),alterbooks_cl009_4,Alter.books_cl009,NA
Network Survey Wave 4 (Fall 2012),altersports_cl009_4,Alter.sports_cl009,NA
Network Survey Wave 4 (Fall 2012),altergames_cl009_4,Alter.games_cl009,NA
Network Survey Wave 4 (Fall 2012),alteroutdoor_cl009_4,Alter.outdoor_cl009,NA
Network Survey Wave 4 (Fall 2012),altermusic_cl010_4,Alter.music_cl010,NA
Network Survey Wave 4 (Fall 2012),altermovies_cl010_4,Alter.movies_cl010,NA
Network Survey Wave 4 (Fall 2012),alterbooks_cl010_4,Alter.books_cl010,NA
Network Survey Wave 4 (Fall 2012),altersports_cl010_4,Alter.sports_cl010,NA
Network Survey Wave 4 (Fall 2012),altergames_cl010_4,Alter.games_cl010,NA
Network Survey Wave 4 (Fall 2012),alteroutdoor_cl010_4,Alter.outdoor_cl010,NA
Network Survey Wave 4 (Fall 2012),altermusic_cl011_4,Alter.music_cl011,NA
Network Survey Wave 4 (Fall 2012),altermovies_cl011_4,Alter.movies_cl011,NA
Network Survey Wave 4 (Fall 2012),alterbooks_cl011_4,Alter.books_cl011,NA
Network Survey Wave 4 (Fall 2012),altersports_cl011_4,Alter.sports_cl011,NA
Network Survey Wave 4 (Fall 2012),altergames_cl011_4,Alter.games_cl011,NA
Network Survey Wave 4 (Fall 2012),alteroutdoor_cl011_4,Alter.outdoor_cl011,NA
Network Survey Wave 4 (Fall 2012),altermusic_cl012_4,Alter.music_cl012,NA
Network Survey Wave 4 (Fall 2012),altermovies_cl012_4,Alter.movies_cl012,NA
Network Survey Wave 4 (Fall 2012),alterbooks_cl012_4,Alter.books_cl012,NA
Network Survey Wave 4 (Fall 2012),altersports_cl012_4,Alter.sports_cl012,NA
Network Survey Wave 4 (Fall 2012),altergames_cl012_4,Alter.games_cl012,NA
Network Survey Wave 4 (Fall 2012),alteroutdoor_cl012_4,Alter.outdoor_cl012,NA
Network Survey Wave 4 (Fall 2012),altermusic_cl013_4,Alter.music_cl013,NA
Network Survey Wave 4 (Fall 2012),altermovies_cl013_4,Alter.movies_cl013,NA
Network Survey Wave 4 (Fall 2012),alterbooks_cl013_4,Alter.books_cl013,NA
Network Survey Wave 4 (Fall 2012),altersports_cl013_4,Alter.sports_cl013,NA
Network Survey Wave 4 (Fall 2012),altergames_cl013_4,Alter.games_cl013,NA
Network Survey Wave 4 (Fall 2012),alteroutdoor_cl013_4,Alter.outdoor_cl013,NA
Network Survey Wave 4 (Fall 2012),altermusic_cl014_4,Alter.music_cl014,NA
Network Survey Wave 4 (Fall 2012),altermovies_cl014_4,Alter.movies_cl014,NA
Network Survey Wave 4 (Fall 2012),alterbooks_cl014_4,Alter.books_cl014,NA
Network Survey Wave 4 (Fall 2012),altersports_cl014_4,Alter.sports_cl014,NA
Network Survey Wave 4 (Fall 2012),altergames_cl014_4,Alter.games_cl014,NA
Network Survey Wave 4 (Fall 2012),alteroutdoor_cl014_4,Alter.outdoor_cl014,NA
Network Survey Wave 4 (Fall 2012),altermusic_cl015_4,Alter.music_cl015,NA
Network Survey Wave 4 (Fall 2012),altermovies_cl015_4,Alter.movies_cl015,NA
Network Survey Wave 4 (Fall 2012),alterbooks_cl015_4,Alter.books_cl015,NA
Network Survey Wave 4 (Fall 2012),altersports_cl015_4,Alter.sports_cl015,NA
Network Survey Wave 4 (Fall 2012),altergames_cl015_4,Alter.games_cl015,NA
Network Survey Wave 4 (Fall 2012),alteroutdoor_cl015_4,Alter.outdoor_cl015,NA
Network Survey Wave 4 (Fall 2012),altermusic_cl016_4,Alter.music_cl016,NA
Network Survey Wave 4 (Fall 2012),altermovies_cl016_4,Alter.movies_cl016,NA
Network Survey Wave 4 (Fall 2012),alterbooks_cl016_4,Alter.books_cl016,NA
Network Survey Wave 4 (Fall 2012),altersports_cl016_4,Alter.sports_cl016,NA
Network Survey Wave 4 (Fall 2012),altergames_cl016_4,Alter.games_cl016,NA
Network Survey Wave 4 (Fall 2012),alteroutdoor_cl016_4,Alter.outdoor_cl016,NA
Network Survey Wave 4 (Fall 2012),altermusic_cl017_4,Alter.music_cl017,NA
Network Survey Wave 4 (Fall 2012),altermovies_cl017_4,Alter.movies_cl017,NA
Network Survey Wave 4 (Fall 2012),alterbooks_cl017_4,Alter.books_cl017,NA
Network Survey Wave 4 (Fall 2012),altersports_cl017_4,Alter.sports_cl017,NA
Network Survey Wave 4 (Fall 2012),altergames_cl017_4,Alter.games_cl017,NA
Network Survey Wave 4 (Fall 2012),alteroutdoor_cl017_4,Alter.outdoor_cl017,NA
Network Survey Wave 4 (Fall 2012),altermusic_cl018_4,Alter.music_cl018,NA
Network Survey Wave 4 (Fall 2012),altermovies_cl018_4,Alter.movies_cl018,NA
Network Survey Wave 4 (Fall 2012),alterbooks_cl018_4,Alter.books_cl018,NA
Network Survey Wave 4 (Fall 2012),altersports_cl018_4,Alter.sports_cl018,NA
Network Survey Wave 4 (Fall 2012),altergames_cl018_4,Alter.games_cl018,NA
Network Survey Wave 4 (Fall 2012),alteroutdoor_cl018_4,Alter.outdoor_cl018,NA
Network Survey Wave 4 (Fall 2012),altermusic_cl019_4,Alter.music_cl019,NA
Network Survey Wave 4 (Fall 2012),altermovies_cl019_4,Alter.movies_cl019,NA
Network Survey Wave 4 (Fall 2012),alterbooks_cl019_4,Alter.books_cl019,NA
Network Survey Wave 4 (Fall 2012),altersports_cl019_4,Alter.sports_cl019,NA
Network Survey Wave 4 (Fall 2012),altergames_cl019_4,Alter.games_cl019,NA
Network Survey Wave 4 (Fall 2012),alteroutdoor_cl019_4,Alter.outdoor_cl019,NA
Network Survey Wave 4 (Fall 2012),altermusic_cl020_4,Alter.music_cl020,NA
Network Survey Wave 4 (Fall 2012),altermovies_cl020_4,Alter.movies_cl020,NA
Network Survey Wave 4 (Fall 2012),alterbooks_cl020_4,Alter.books_cl020,NA
Network Survey Wave 4 (Fall 2012),altersports_cl020_4,Alter.sports_cl020,NA
Network Survey Wave 4 (Fall 2012),altergames_cl020_4,Alter.games_cl020,NA
Network Survey Wave 4 (Fall 2012),alteroutdoor_cl020_4,Alter.outdoor_cl020,NA
Network Survey Wave 4 (Fall 2012),survey_4,Survey,NA
Network Survey Wave 4 (Fall 2012),sender,Study Participant's Number,NA
Network Survey Wave 4 (Fall 2012),ndemail_4,ND Email,NA
Network Survey Wave 4 (Fall 2012),secondemail_4,Secondary Emails,NA
Network Survey Wave 4 (Fall 2012),v6_4,NA,NA
Network Survey Wave 4 (Fall 2012),v7_4,NA,NA
Network Survey Wave 4 (Fall 2012),Dorm_4,NA,NA
Network Survey Wave 4 (Fall 2012),altername,Alter Name,NA
Network Survey Wave 4 (Fall 2012),duration_4,"Duration of Relationship, in Years",NA
Network Survey Wave 4 (Fall 2012),emotionloving_4,Loving,NA
Network Survey Wave 4 (Fall 2012),emotionexciting_4,Exciting,NA
Network Survey Wave 4 (Fall 2012),emotionsignificant_4,Significant,NA
Network Survey Wave 4 (Fall 2012),notredamerelation_4,Relationship to Notre Dame,NA
Network Survey Wave 4 (Fall 2012),socialcontextOffcampus_4,Interact off campus,NA
Network Survey Wave 4 (Fall 2012),socialcontextInclass_4,Interact in class,NA
Network Survey Wave 4 (Fall 2012),socialcontextOutsideclass_4,Interact outside of class,NA
Network Survey Wave 4 (Fall 2012),socialcontextDormroom_4,Interact Your/Their dormroom,NA
Network Survey Wave 4 (Fall 2012),socialcontextDorm_4,Interact in the dorm,NA
Network Survey Wave 4 (Fall 2012),socialcontextReligious_4,Interact at religious event,NA
Network Survey Wave 4 (Fall 2012),socialcontextHome_4,Interact at home,NA
Network Survey Wave 4 (Fall 2012),socialcontext_clubteam_4,Interact through club or team,NA
Network Survey Wave 4 (Fall 2012),socialcontextWork_4,Interact at work,NA
Network Survey Wave 4 (Fall 2012),socialcontextTextcalling_4,Interact through text or calling,NA
Network Survey Wave 4 (Fall 2012),socialcontextInternet_4,Interact through the internet,NA
Network Survey Wave 4 (Fall 2012),socialcontextCulturalathletic_4,Interact through cultural or athletic event,NA
Network Survey Wave 4 (Fall 2012),socialcontextOther_4,Interact Other,NA
Network Survey Wave 4 (Fall 2012),alterother_4,Relationship type other,NA
Network Survey Wave 4 (Fall 2012),receiver_string,Phone Number,NA
Network Survey Wave 4 (Fall 2012),receiver,Phone Number,NA
Network Survey Wave 4 (Fall 2012),email_4,Email,NA
Network Survey Wave 4 (Fall 2012),freqsummer2012_4,Frequency of interaction during Spring 2012,NA
Network Survey Wave 4 (Fall 2012),closeness_4,Closeness,NA
Network Survey Wave 4 (Fall 2012),sameactivities1_4,Does Activity 1,NA
Network Survey Wave 4 (Fall 2012),sameactivities2_4,Does actiivty 2,NA
Network Survey Wave 4 (Fall 2012),sameactivities3_4,Does activity 3,NA
Network Survey Wave 4 (Fall 2012),sameactivities4_4,Does Activity 4,NA
Network Survey Wave 4 (Fall 2012),sameactivities5_4,Does Activity 5,NA
Network Survey Wave 4 (Fall 2012),altermusic_4,1 | 2 | 3 | 4 | 5,NA
Network Survey Wave 4 (Fall 2012),altermovies_4,1 | 2 | 3 | 4 | 5,NA
Network Survey Wave 4 (Fall 2012),alterbooks_4,1 | 2 | 3 | 4 | 5,NA
Network Survey Wave 4 (Fall 2012),altersports_4,1 | 2 | 3 | 4 | 5,NA
Network Survey Wave 4 (Fall 2012),altergames_4,1 | 2 | 3 | 4 | 5,NA
Network Survey Wave 4 (Fall 2012),alteroutdoor_4,1 | 2 | 3 | 4 | 5,NA
Network Survey Wave 4 (Fall 2012),gender_4,Gender,NA
Network Survey Wave 4 (Fall 2012),reltype_4,Relationship Type,NA
Network Survey Wave 4 (Fall 2012),subjectivesimilar_4,Ego's perception of similarity to alter,NA
Network Survey Wave 4 (Fall 2012),duplicate,NA,NA
Network Survey Wave 4 (Fall 2012),duplicate_name_4,NA,NA
Network Survey Wave 4 (Fall 2012),duplicate_number_4,NA,NA
Network Survey Wave 5 (Winter 2013),sender,Study Participant's Number,NA
Network Survey Wave 5 (Winter 2013),position_5,Position listed in survey,NA
Network Survey Wave 5 (Winter 2013),altername,Alter Name,NA
Network Survey Wave 5 (Winter 2013),receiver_string,Phone Number,NA
Network Survey Wave 5 (Winter 2013),receiver,Phone Number,NA
Network Survey Wave 5 (Winter 2013),email_5,Email,NA
Network Survey Wave 5 (Winter 2013),freqfall2012_5,Frequency of interaction during Spring 2012,NA
Network Survey Wave 5 (Winter 2013),closeness_5,Closeness,NA
Network Survey Wave 5 (Winter 2013),duration_5,"Duration of Relationship, in Years",NA
Network Survey Wave 5 (Winter 2013),emotionloving_5,Loving,NA
Network Survey Wave 5 (Winter 2013),emotionexciting_5,Exciting,NA
Network Survey Wave 5 (Winter 2013),emotionsignificant_5,Significant,NA
Network Survey Wave 5 (Winter 2013),notredamerelation_5,Relationship to Notre Dame,NA
Network Survey Wave 5 (Winter 2013),socialcontextOffcampus_5,Interact off campus,NA
Network Survey Wave 5 (Winter 2013),socialcontextInclass_5,Interact in class,NA
Network Survey Wave 5 (Winter 2013),socialcontextOutsideclass_5,Interact outside of class,NA
Network Survey Wave 5 (Winter 2013),socialcontextDormroom_5,Interact Your/Their dormroom,NA
Network Survey Wave 5 (Winter 2013),socialcontextDorm_5,Interact in the dorm,NA
Network Survey Wave 5 (Winter 2013),socialcontextReligious_5,Interact at religious event,NA
Network Survey Wave 5 (Winter 2013),socialcontextHome_5,Interact at home,NA
Network Survey Wave 5 (Winter 2013),socialcontextClubteam_5,Interact through club or team,NA
Network Survey Wave 5 (Winter 2013),activitiesact01_5,5.activities [act01],NA
Network Survey Wave 5 (Winter 2013),activitiesact02_5,5.activities [act02],NA
Network Survey Wave 5 (Winter 2013),activitiesact03_5,5.activities [act03],NA
Network Survey Wave 5 (Winter 2013),activitiesact04_5,5.activities [act04],NA
Network Survey Wave 5 (Winter 2013),activitiesact05_5,5.activities [act05],NA
Network Survey Wave 5 (Winter 2013),sameactivities1_5,Does Activity 1,NA
Network Survey Wave 5 (Winter 2013),sameactivities2_5,Does actiivty 2,NA
Network Survey Wave 5 (Winter 2013),sameactivities3_5,Does activity 3,NA
Network Survey Wave 5 (Winter 2013),sameactivities4_5,Does Activity 4,NA
Network Survey Wave 5 (Winter 2013),sameactivities5_5,Does Activity 5,NA
Network Survey Wave 5 (Winter 2013),altermusic_5,1 | 2 | 3 | 4 | 5,NA
Network Survey Wave 5 (Winter 2013),altermovies_5,1 | 2 | 3 | 4 | 5,NA
Network Survey Wave 5 (Winter 2013),alterbooks_5,1 | 2 | 3 | 4 | 5,NA
Network Survey Wave 5 (Winter 2013),altersports_5,1 | 2 | 3 | 4 | 5,NA
Network Survey Wave 5 (Winter 2013),altergames_5,1 | 2 | 3 | 4 | 5,NA
Network Survey Wave 5 (Winter 2013),alteroutdoor_5,1 | 2 | 3 | 4 | 5,NA
Network Survey Wave 5 (Winter 2013),classtogether_5,1 | 2 | 3,NA
Network Survey Wave 5 (Winter 2013),alter10relsq001_sq019_5,alter10.rel [SQ001_SQ019],NA
Network Survey Wave 5 (Winter 2013),alter10relsq002_sq019_5,alter10.rel [SQ002_SQ019],NA
Network Survey Wave 5 (Winter 2013),alter10relsq003_sq019_5,alter10.rel [SQ003_SQ019],NA
Network Survey Wave 5 (Winter 2013),alter10relsq004_sq019_5,alter10.rel [SQ004_SQ019],NA
Network Survey Wave 5 (Winter 2013),alter10relsq005_sq019_5,alter10.rel [SQ005_SQ019],NA
Network Survey Wave 5 (Winter 2013),alter10relsq006_sq019_5,alter10.rel [SQ006_SQ019],NA
Network Survey Wave 5 (Winter 2013),alter10relsq007_sq019_5,alter10.rel [SQ007_SQ019],NA
Network Survey Wave 5 (Winter 2013),alter10relsq008_sq019_5,alter10.rel [SQ008_SQ019],NA
Network Survey Wave 5 (Winter 2013),alter10relsq009_sq019_5,alter10.rel [SQ009_SQ019],NA
Network Survey Wave 5 (Winter 2013),alter10relsq010_sq019_5,alter10.rel [SQ010_SQ019],NA
Network Survey Wave 5 (Winter 2013),alter11relsq001_sq019_5,alter11.rel [SQ001_SQ019],NA
Network Survey Wave 5 (Winter 2013),alter11relsq002_sq019_5,alter11.rel [SQ002_SQ019],NA
Network Survey Wave 5 (Winter 2013),alter11relsq003_sq019_5,alter11.rel [SQ003_SQ019],NA
Network Survey Wave 5 (Winter 2013),alter11relsq004_sq019_5,alter11.rel [SQ004_SQ019],NA
Network Survey Wave 5 (Winter 2013),alter11relsq005_sq019_5,alter11.rel [SQ005_SQ019],NA
Network Survey Wave 5 (Winter 2013),alter11relsq006_sq019_5,alter11.rel [SQ006_SQ019],NA
Network Survey Wave 5 (Winter 2013),alter11relsq007_sq019_5,alter11.rel [SQ007_SQ019],NA
Network Survey Wave 5 (Winter 2013),alter11relsq008_sq019_5,alter11.rel [SQ008_SQ019],NA
Network Survey Wave 5 (Winter 2013),alter11relsq009_sq019_5,alter11.rel [SQ009_SQ019],NA
Network Survey Wave 5 (Winter 2013),alter12relsq001_sq019_5,alter12.rel [SQ001_SQ019],NA
Network Survey Wave 5 (Winter 2013),alter12relsq002_sq019_5,alter12.rel [SQ002_SQ019],NA
Network Survey Wave 5 (Winter 2013),alter12relsq003_sq019_5,alter12.rel [SQ003_SQ019],NA
Network Survey Wave 5 (Winter 2013),alter12relsq004_sq019_5,alter12.rel [SQ004_SQ019],NA
Network Survey Wave 5 (Winter 2013),alter12relsq005_sq019_5,alter12.rel [SQ005_SQ019],NA
Network Survey Wave 5 (Winter 2013),alter12relsq006_sq019_5,alter12.rel [SQ006_SQ019],NA
Network Survey Wave 5 (Winter 2013),alter12relsq007_sq019_5,alter12.rel [SQ007_SQ019],NA
Network Survey Wave 5 (Winter 2013),alter12relsq008_sq019_5,alter12.rel [SQ008_SQ019],NA
Network Survey Wave 5 (Winter 2013),alter13relsq001_sq019_5,alter13.rel [SQ001_SQ019],NA
Network Survey Wave 5 (Winter 2013),alter13relsq002_sq019_5,alter13.rel [SQ002_SQ019],NA
Network Survey Wave 5 (Winter 2013),alter13relsq003_sq019_5,alter13.rel [SQ003_SQ019],NA
Network Survey Wave 5 (Winter 2013),alter13relsq004_sq019_5,alter13.rel [SQ004_SQ019],NA
Network Survey Wave 5 (Winter 2013),alter13relsq005_sq019_5,alter13.rel [SQ005_SQ019],NA
Network Survey Wave 5 (Winter 2013),alter13relsq006_sq019_5,alter13.rel [SQ006_SQ019],NA
Network Survey Wave 5 (Winter 2013),alter13relsq007_sq019_5,alter13.rel [SQ007_SQ019],NA
Network Survey Wave 5 (Winter 2013),alter14relsq001_sq019_5,alter14.rel [SQ001_SQ019],NA
Network Survey Wave 5 (Winter 2013),alter14relsq002_sq019_5,alter14.rel [SQ002_SQ019],NA
Network Survey Wave 5 (Winter 2013),alter14relsq003_sq019_5,alter14.rel [SQ003_SQ019],NA
Network Survey Wave 5 (Winter 2013),alter14relsq004_sq019_5,alter14.rel [SQ004_SQ019],NA
Network Survey Wave 5 (Winter 2013),alter14relsq005_sq019_5,alter14.rel [SQ005_SQ019],NA
Network Survey Wave 5 (Winter 2013),alter14relsq006_sq019_5,alter14.rel [SQ006_SQ019],NA
Network Survey Wave 5 (Winter 2013),alter15relsq001_sq019_5,alter15.rel [SQ001_SQ019],NA
Network Survey Wave 5 (Winter 2013),alter15relsq002_sq019_5,alter15.rel [SQ002_SQ019],NA
Network Survey Wave 5 (Winter 2013),alter15relsq003_sq019_5,alter15.rel [SQ003_SQ019],NA
Network Survey Wave 5 (Winter 2013),alter15relsq004_sq019_5,alter15.rel [SQ004_SQ019],NA
Network Survey Wave 5 (Winter 2013),alter15relsq005_sq019_5,alter15.rel [SQ005_SQ019],NA
Network Survey Wave 5 (Winter 2013),alter16relsq001_sq019_5,alter16.rel [SQ001_SQ019],NA
Network Survey Wave 5 (Winter 2013),alter16relsq002_sq019_5,alter16.rel [SQ002_SQ019],NA
Network Survey Wave 5 (Winter 2013),alter16relsq003_sq019_5,alter16.rel [SQ003_SQ019],NA
Network Survey Wave 5 (Winter 2013),alter16relsq004_sq019_5,alter16.rel [SQ004_SQ019],NA
Network Survey Wave 5 (Winter 2013),alter17relsq001_sq019_5,alter17.rel [SQ001_SQ019],NA
Network Survey Wave 5 (Winter 2013),alter17relsq002_sq019_5,alter17.rel [SQ002_SQ019],NA
Network Survey Wave 5 (Winter 2013),alter17relsq003_sq019_5,alter17.rel [SQ003_SQ019],NA
Network Survey Wave 5 (Winter 2013),alter18relsq001_sq019_5,alter18.rel [SQ001_SQ019],NA
Network Survey Wave 5 (Winter 2013),alter18relsq002_sq019_5,alter18.rel [SQ002_SQ019],NA
Network Survey Wave 5 (Winter 2013),alter19relsq001_sq001_5,alter19.rel [SQ001_SQ001],NA
Network Survey Wave 5 (Winter 2013),alter1relsq001_sq001_5,alter1.rel [SQ001_SQ001],NA
Network Survey Wave 5 (Winter 2013),alter1relsq002_sq001_5,alter1.rel [SQ002_SQ001],NA
Network Survey Wave 5 (Winter 2013),alter1relsq003_sq001_5,alter1.rel [SQ003_SQ001],NA
Network Survey Wave 5 (Winter 2013),alter1relsq004_sq001_5,alter1.rel [SQ004_SQ001],NA
Network Survey Wave 5 (Winter 2013),alter1relsq005_sq001_5,alter1.rel [SQ005_SQ001],NA
Network Survey Wave 5 (Winter 2013),alter1relsq006_sq001_5,alter1.rel [SQ006_SQ001],NA
Network Survey Wave 5 (Winter 2013),alter1relsq007_sq001_5,alter1.rel [SQ007_SQ001],NA
Network Survey Wave 5 (Winter 2013),alter1relsq008_sq001_5,alter1.rel [SQ008_SQ001],NA
Network Survey Wave 5 (Winter 2013),alter1relsq009_sq001_5,alter1.rel [SQ009_SQ001],NA
Network Survey Wave 5 (Winter 2013),alter1relsq010_sq001_5,alter1.rel [SQ010_SQ001],NA
Network Survey Wave 5 (Winter 2013),alter1relsq011_sq001_5,alter1.rel [SQ011_SQ001],NA
Network Survey Wave 5 (Winter 2013),alter1relsq012_sq001_5,alter1.rel [SQ012_SQ001],NA
Network Survey Wave 5 (Winter 2013),alter1relsq013_sq001_5,alter1.rel [SQ013_SQ001],NA
Network Survey Wave 5 (Winter 2013),alter1relsq014_sq001_5,alter1.rel [SQ014_SQ001],NA
Network Survey Wave 5 (Winter 2013),alter1relsq015_sq001_5,alter1.rel [SQ015_SQ001],NA
Network Survey Wave 5 (Winter 2013),alter1relsq016_sq001_5,alter1.rel [SQ016_SQ001],NA
Network Survey Wave 5 (Winter 2013),alter1relsq017_sq001_5,alter1.rel [SQ017_SQ001],NA
Network Survey Wave 5 (Winter 2013),alter1relsq018_sq001_5,alter1.rel [SQ018_SQ001],NA
Network Survey Wave 5 (Winter 2013),alter1relsq019_sq001_5,alter1.rel [SQ019_SQ001],NA
Network Survey Wave 5 (Winter 2013),alter2relsq001_sq019_5,alter2.rel [SQ001_SQ019],NA
Network Survey Wave 5 (Winter 2013),alter2relsq002_sq019_5,alter2.rel [SQ002_SQ019],NA
Network Survey Wave 5 (Winter 2013),alter2relsq003_sq019_5,alter2.rel [SQ003_SQ019],NA
Network Survey Wave 5 (Winter 2013),alter2relsq004_sq019_5,alter2.rel [SQ004_SQ019],NA
Network Survey Wave 5 (Winter 2013),alter2relsq005_sq019_5,alter2.rel [SQ005_SQ019],NA
Network Survey Wave 5 (Winter 2013),alter2relsq006_sq019_5,alter2.rel [SQ006_SQ019],NA
Network Survey Wave 5 (Winter 2013),alter2relsq007_sq019_5,alter2.rel [SQ007_SQ019],NA
Network Survey Wave 5 (Winter 2013),alter2relsq008_sq019_5,alter2.rel [SQ008_SQ019],NA
Network Survey Wave 5 (Winter 2013),alter2relsq009_sq019_5,alter2.rel [SQ009_SQ019],NA
Network Survey Wave 5 (Winter 2013),alter2relsq010_sq019_5,alter2.rel [SQ010_SQ019],NA
Network Survey Wave 5 (Winter 2013),alter2relsq011_sq019_5,alter2.rel [SQ011_SQ019],NA
Network Survey Wave 5 (Winter 2013),alter2relsq012_sq019_5,alter2.rel [SQ012_SQ019],NA
Network Survey Wave 5 (Winter 2013),alter2relsq013_sq019_5,alter2.rel [SQ013_SQ019],NA
Network Survey Wave 5 (Winter 2013),alter2relsq014_sq019_5,alter2.rel [SQ014_SQ019],NA
Network Survey Wave 5 (Winter 2013),alter2relsq015_sq019_5,alter2.rel [SQ015_SQ019],NA
Network Survey Wave 5 (Winter 2013),alter2relsq016_sq019_5,alter2.rel [SQ016_SQ019],NA
Network Survey Wave 5 (Winter 2013),alter2relsq017_sq019_5,alter2.rel [SQ017_SQ019],NA
Network Survey Wave 5 (Winter 2013),alter2relsq018_sq019_5,alter2.rel [SQ018_SQ019],NA
Network Survey Wave 5 (Winter 2013),alter3relsq001_sq019_5,alter3.rel [SQ001_SQ019],NA
Network Survey Wave 5 (Winter 2013),alter3relsq002_sq019_5,alter3.rel [SQ002_SQ019],NA
Network Survey Wave 5 (Winter 2013),alter3relsq003_sq019_5,alter3.rel [SQ003_SQ019],NA
Network Survey Wave 5 (Winter 2013),alter3relsq004_sq019_5,alter3.rel [SQ004_SQ019],NA
Network Survey Wave 5 (Winter 2013),alter3relsq005_sq019_5,alter3.rel [SQ005_SQ019],NA
Network Survey Wave 5 (Winter 2013),alter3relsq006_sq019_5,alter3.rel [SQ006_SQ019],NA
Network Survey Wave 5 (Winter 2013),alter3relsq007_sq019_5,alter3.rel [SQ007_SQ019],NA
Network Survey Wave 5 (Winter 2013),alter3relsq008_sq019_5,alter3.rel [SQ008_SQ019],NA
Network Survey Wave 5 (Winter 2013),alter3relsq009_sq019_5,alter3.rel [SQ009_SQ019],NA
Network Survey Wave 5 (Winter 2013),alter3relsq010_sq019_5,alter3.rel [SQ010_SQ019],NA
Network Survey Wave 5 (Winter 2013),alter3relsq011_sq019_5,alter3.rel [SQ011_SQ019],NA
Network Survey Wave 5 (Winter 2013),alter3relsq012_sq019_5,alter3.rel [SQ012_SQ019],NA
Network Survey Wave 5 (Winter 2013),alter3relsq013_sq019_5,alter3.rel [SQ013_SQ019],NA
Network Survey Wave 5 (Winter 2013),alter3relsq014_sq019_5,alter3.rel [SQ014_SQ019],NA
Network Survey Wave 5 (Winter 2013),alter3relsq015_sq019_5,alter3.rel [SQ015_SQ019],NA
Network Survey Wave 5 (Winter 2013),alter3relsq016_sq019_5,alter3.rel [SQ016_SQ019],NA
Network Survey Wave 5 (Winter 2013),alter3relsq017_sq019_5,alter3.rel [SQ017_SQ019],NA
Network Survey Wave 5 (Winter 2013),alter4relsq001_sq019_5,alter4.rel [SQ001_SQ019],NA
Network Survey Wave 5 (Winter 2013),alter4relsq002_sq019_5,alter4.rel [SQ002_SQ019],NA
Network Survey Wave 5 (Winter 2013),alter4relsq003_sq019_5,alter4.rel [SQ003_SQ019],NA
Network Survey Wave 5 (Winter 2013),alter4relsq004_sq019_5,alter4.rel [SQ004_SQ019],NA
Network Survey Wave 5 (Winter 2013),alter4relsq005_sq019_5,alter4.rel [SQ005_SQ019],NA
Network Survey Wave 5 (Winter 2013),alter4relsq006_sq019_5,alter4.rel [SQ006_SQ019],NA
Network Survey Wave 5 (Winter 2013),alter4relsq007_sq019_5,alter4.rel [SQ007_SQ019],NA
Network Survey Wave 5 (Winter 2013),alter4relsq008_sq019_5,alter4.rel [SQ008_SQ019],NA
Network Survey Wave 5 (Winter 2013),alter4relsq009_sq019_5,alter4.rel [SQ009_SQ019],NA
Network Survey Wave 5 (Winter 2013),alter4relsq010_sq019_5,alter4.rel [SQ010_SQ019],NA
Network Survey Wave 5 (Winter 2013),alter4relsq011_sq019_5,alter4.rel [SQ011_SQ019],NA
Network Survey Wave 5 (Winter 2013),alter4relsq012_sq019_5,alter4.rel [SQ012_SQ019],NA
Network Survey Wave 5 (Winter 2013),alter4relsq013_sq019_5,alter4.rel [SQ013_SQ019],NA
Network Survey Wave 5 (Winter 2013),alter4relsq014_sq019_5,alter4.rel [SQ014_SQ019],NA
Network Survey Wave 5 (Winter 2013),alter4relsq015_sq019_5,alter4.rel [SQ015_SQ019],NA
Network Survey Wave 5 (Winter 2013),alter4relsq016_sq019_5,alter4.rel [SQ016_SQ019],NA
Network Survey Wave 5 (Winter 2013),alter5relsq001_sq019_5,alter5.rel [SQ001_SQ019],NA
Network Survey Wave 5 (Winter 2013),alter5relsq002_sq019_5,alter5.rel [SQ002_SQ019],NA
Network Survey Wave 5 (Winter 2013),alter5relsq003_sq019_5,alter5.rel [SQ003_SQ019],NA
Network Survey Wave 5 (Winter 2013),alter5relsq004_sq019_5,alter5.rel [SQ004_SQ019],NA
Network Survey Wave 5 (Winter 2013),alter5relsq005_sq019_5,alter5.rel [SQ005_SQ019],NA
Network Survey Wave 5 (Winter 2013),alter5relsq006_sq019_5,alter5.rel [SQ006_SQ019],NA
Network Survey Wave 5 (Winter 2013),alter5relsq007_sq019_5,alter5.rel [SQ007_SQ019],NA
Network Survey Wave 5 (Winter 2013),alter5relsq008_sq019_5,alter5.rel [SQ008_SQ019],NA
Network Survey Wave 5 (Winter 2013),alter5relsq009_sq019_5,alter5.rel [SQ009_SQ019],NA
Network Survey Wave 5 (Winter 2013),alter5relsq010_sq019_5,alter5.rel [SQ010_SQ019],NA
Network Survey Wave 5 (Winter 2013),alter5relsq011_sq019_5,alter5.rel [SQ011_SQ019],NA
Network Survey Wave 5 (Winter 2013),alter5relsq012_sq019_5,alter5.rel [SQ012_SQ019],NA
Network Survey Wave 5 (Winter 2013),alter5relsq013_sq019_5,alter5.rel [SQ013_SQ019],NA
Network Survey Wave 5 (Winter 2013),alter5relsq014_sq019_5,alter5.rel [SQ014_SQ019],NA
Network Survey Wave 5 (Winter 2013),alter5relsq015_sq019_5,alter5.rel [SQ015_SQ019],NA
Network Survey Wave 5 (Winter 2013),alter6relsq001_sq019_5,alter6.rel [SQ001_SQ019],NA
Network Survey Wave 5 (Winter 2013),alter6relsq002_sq019_5,alter6.rel [SQ002_SQ019],NA
Network Survey Wave 5 (Winter 2013),alter6relsq003_sq019_5,alter6.rel [SQ003_SQ019],NA
Network Survey Wave 5 (Winter 2013),alter6relsq004_sq019_5,alter6.rel [SQ004_SQ019],NA
Network Survey Wave 5 (Winter 2013),alter6relsq005_sq019_5,alter6.rel [SQ005_SQ019],NA
Network Survey Wave 5 (Winter 2013),alter6relsq006_sq019_5,alter6.rel [SQ006_SQ019],NA
Network Survey Wave 5 (Winter 2013),alter6relsq007_sq019_5,alter6.rel [SQ007_SQ019],NA
Network Survey Wave 5 (Winter 2013),alter6relsq008_sq019_5,alter6.rel [SQ008_SQ019],NA
Network Survey Wave 5 (Winter 2013),alter6relsq009_sq019_5,alter6.rel [SQ009_SQ019],NA
Network Survey Wave 5 (Winter 2013),alter6relsq010_sq019_5,alter6.rel [SQ010_SQ019],NA
Network Survey Wave 5 (Winter 2013),alter6relsq011_sq019_5,alter6.rel [SQ011_SQ019],NA
Network Survey Wave 5 (Winter 2013),alter6relsq012_sq019_5,alter6.rel [SQ012_SQ019],NA
Network Survey Wave 5 (Winter 2013),alter6relsq013_sq019_5,alter6.rel [SQ013_SQ019],NA
Network Survey Wave 5 (Winter 2013),alter6relsq014_sq019_5,alter6.rel [SQ014_SQ019],NA
Network Survey Wave 5 (Winter 2013),alter7relsq001_sq019_5,alter7.rel [SQ001_SQ019],NA
Network Survey Wave 5 (Winter 2013),alter7relsq002_sq019_5,alter7.rel [SQ002_SQ019],NA
Network Survey Wave 5 (Winter 2013),alter7relsq003_sq019_5,alter7.rel [SQ003_SQ019],NA
Network Survey Wave 5 (Winter 2013),alter7relsq004_sq019_5,alter7.rel [SQ004_SQ019],NA
Network Survey Wave 5 (Winter 2013),alter7relsq005_sq019_5,alter7.rel [SQ005_SQ019],NA
Network Survey Wave 5 (Winter 2013),alter7relsq006_sq019_5,alter7.rel [SQ006_SQ019],NA
Network Survey Wave 5 (Winter 2013),alter7relsq007_sq019_5,alter7.rel [SQ007_SQ019],NA
Network Survey Wave 5 (Winter 2013),alter7relsq008_sq019_5,alter7.rel [SQ008_SQ019],NA
Network Survey Wave 5 (Winter 2013),alter7relsq009_sq019_5,alter7.rel [SQ009_SQ019],NA
Network Survey Wave 5 (Winter 2013),alter7relsq010_sq019_5,alter7.rel [SQ010_SQ019],NA
Network Survey Wave 5 (Winter 2013),alter7relsq011_sq019_5,alter7.rel [SQ011_SQ019],NA
Network Survey Wave 5 (Winter 2013),alter7relsq012_sq019_5,alter7.rel [SQ012_SQ019],NA
Network Survey Wave 5 (Winter 2013),alter7relsq013_sq019_5,alter7.rel [SQ013_SQ019],NA
Network Survey Wave 5 (Winter 2013),alter8relsq001_sq019_5,alter8.rel [SQ001_SQ019],NA
Network Survey Wave 5 (Winter 2013),alter8relsq002_sq019_5,alter8.rel [SQ002_SQ019],NA
Network Survey Wave 5 (Winter 2013),alter8relsq003_sq019_5,alter8.rel [SQ003_SQ019],NA
Network Survey Wave 5 (Winter 2013),alter8relsq004_sq019_5,alter8.rel [SQ004_SQ019],NA
Network Survey Wave 5 (Winter 2013),alter8relsq005_sq019_5,alter8.rel [SQ005_SQ019],NA
Network Survey Wave 5 (Winter 2013),alter8relsq006_sq019_5,alter8.rel [SQ006_SQ019],NA
Network Survey Wave 5 (Winter 2013),alter8relsq007_sq019_5,alter8.rel [SQ007_SQ019],NA
Network Survey Wave 5 (Winter 2013),alter8relsq008_sq019_5,alter8.rel [SQ008_SQ019],NA
Network Survey Wave 5 (Winter 2013),alter8relsq009_sq019_5,alter8.rel [SQ009_SQ019],NA
Network Survey Wave 5 (Winter 2013),alter8relsq010_sq019_5,alter8.rel [SQ010_SQ019],NA
Network Survey Wave 5 (Winter 2013),alter8relsq011_sq019_5,alter8.rel [SQ011_SQ019],NA
Network Survey Wave 5 (Winter 2013),alter8relsq012_sq019_5,alter8.rel [SQ012_SQ019],NA
Network Survey Wave 5 (Winter 2013),alter9relsq001_sq019_5,alter9.rel [SQ001_SQ019],NA
Network Survey Wave 5 (Winter 2013),alter9relsq002_sq019_5,alter9.rel [SQ002_SQ019],NA
Network Survey Wave 5 (Winter 2013),alter9relsq003_sq019_5,alter9.rel [SQ003_SQ019],NA
Network Survey Wave 5 (Winter 2013),alter9relsq004_sq019_5,alter9.rel [SQ004_SQ019],NA
Network Survey Wave 5 (Winter 2013),alter9relsq005_sq019_5,alter9.rel [SQ005_SQ019],NA
Network Survey Wave 5 (Winter 2013),alter9relsq006_sq019_5,alter9.rel [SQ006_SQ019],NA
Network Survey Wave 5 (Winter 2013),alter9relsq007_sq019_5,alter9.rel [SQ007_SQ019],NA
Network Survey Wave 5 (Winter 2013),alter9relsq008_sq019_5,alter9.rel [SQ008_SQ019],NA
Network Survey Wave 5 (Winter 2013),alter9relsq009_sq019_5,alter9.rel [SQ009_SQ019],NA
Network Survey Wave 5 (Winter 2013),alter9relsq010_sq019_5,alter9.rel [SQ010_SQ019],NA
Network Survey Wave 5 (Winter 2013),alter9relsq011_sq019_5,alter9.rel [SQ011_SQ019],NA
Network Survey Wave 5 (Winter 2013),startlanguage_5,Start language,NA
Network Survey Wave 5 (Winter 2013),token_5,Token,NA
Network Survey Wave 5 (Winter 2013),id_5,Survey ID,NA
Network Survey Wave 5 (Winter 2013),completed_5,Completed,NA
Network Survey Wave 5 (Winter 2013),lastpageseen_5,Last page seen,NA
Network Survey Wave 5 (Winter 2013),FirstName_5,First Name,NA
Network Survey Wave 5 (Winter 2013),LastName_5,Last Name,NA
Network Survey Wave 5 (Winter 2013),numberalter_5,Number.alter,NA
Network Survey Wave 5 (Winter 2013),survey_5,Survey,NA
Network Survey Wave 5 (Winter 2013),socialcontextWork_5,Interact at work,NA
Network Survey Wave 5 (Winter 2013),socialcontextTextcalling_5,Interact through text or calling,NA
Network Survey Wave 5 (Winter 2013),socialcontextInternet_5,Interact through the internet,NA
Network Survey Wave 5 (Winter 2013),socialcontextCulturalathletic_5,Interact through cultural or athletic event,NA
Network Survey Wave 5 (Winter 2013),socialcontextOther_5,Interact Other,NA
Network Survey Wave 5 (Winter 2013),alterother_5,Relationship type other,NA
Network Survey Wave 5 (Winter 2013),whatdorm_5,Dorm of alter,NA
Network Survey Wave 5 (Winter 2013),gender_5,Gender,NA
Network Survey Wave 5 (Winter 2013),reltype_5,Relationship Type,NA
Network Survey Wave 5 (Winter 2013),subjectivesimilar_5,Ego's perception of similarity to alter,NA
Network Survey Wave 5 (Winter 2013),duplicate,NA,NA
Network Survey Wave 5 (Winter 2013),duplicate_name_5,NA,NA
Network Survey Wave 5 (Winter 2013),duplicate_number_5,NA,NA
Network Survey Wave 6 (Summer 2013),sender,Study Participant's Number,NA
Network Survey Wave 6 (Summer 2013),position_6,Position listed in survey,NA
Network Survey Wave 6 (Summer 2013),altername,Alter Name,NA
Network Survey Wave 6 (Summer 2013),receiver_string,Phone Number,NA
Network Survey Wave 6 (Summer 2013),receiver,Phone Number,NA
Network Survey Wave 6 (Summer 2013),email_6,Email,NA
Network Survey Wave 6 (Summer 2013),freqspring2013_6,Frequency of interaction during Spring 2012,NA
Network Survey Wave 6 (Summer 2013),closeness_6,Closeness,NA
Network Survey Wave 6 (Summer 2013),duration_6,"Duration of Relationship, in Years",NA
Network Survey Wave 6 (Summer 2013),emotionloving_6,Loving,NA
Network Survey Wave 6 (Summer 2013),emotionexciting_6,Exciting,NA
Network Survey Wave 6 (Summer 2013),emotionsignificant_6,Significant,NA
Network Survey Wave 6 (Summer 2013),notredamerelation_6,Relationship to Notre Dame,NA
Network Survey Wave 6 (Summer 2013),socialcontextOffcampus_6,Interact off campus,NA
Network Survey Wave 6 (Summer 2013),socialcontextInclass_6,Interact in class,NA
Network Survey Wave 6 (Summer 2013),socialcontextOutsideclass_6,Interact outside of class,NA
Network Survey Wave 6 (Summer 2013),socialcontextDormroom_6,Interact Your/Their dormroom,NA
Network Survey Wave 6 (Summer 2013),socialcontextDorm_6,Interact in the dorm,NA
Network Survey Wave 6 (Summer 2013),socialcontextReligious_6,Interact at religious event,NA
Network Survey Wave 6 (Summer 2013),socialcontextHome_6,Interact at home,NA
Network Survey Wave 6 (Summer 2013),socialcontextClubteam_6,Interact through club or team,NA
Network Survey Wave 6 (Summer 2013),activitiesact01_6,5.activities [act01],NA
Network Survey Wave 6 (Summer 2013),activitiesact02_6,5.activities [act02],NA
Network Survey Wave 6 (Summer 2013),activitiesact03_6,5.activities [act03],NA
Network Survey Wave 6 (Summer 2013),activitiesact04_6,5.activities [act04],NA
Network Survey Wave 6 (Summer 2013),activitiesact05_6,5.activities [act05],NA
Network Survey Wave 6 (Summer 2013),sameactivities1_6,Does Activity 1,NA
Network Survey Wave 6 (Summer 2013),sameactivities2_6,Does actiivty 2,NA
Network Survey Wave 6 (Summer 2013),sameactivities3_6,Does activity 3,NA
Network Survey Wave 6 (Summer 2013),sameactivities4_6,Does Activity 4,NA
Network Survey Wave 6 (Summer 2013),sameactivities5_6,Does Activity 5,NA
Network Survey Wave 6 (Summer 2013),altermusic_6,1 | 2 | 3 | 4 | 5,NA
Network Survey Wave 6 (Summer 2013),altermovies_6,1 | 2 | 3 | 4 | 5,NA
Network Survey Wave 6 (Summer 2013),alterbooks_6,1 | 2 | 3 | 4 | 5,NA
Network Survey Wave 6 (Summer 2013),altersports_6,1 | 2 | 3 | 4 | 5,NA
Network Survey Wave 6 (Summer 2013),altergames_6,1 | 2 | 3 | 4 | 5,NA
Network Survey Wave 6 (Summer 2013),alteroutdoor_6,1 | 2 | 3 | 4 | 5,NA
Network Survey Wave 6 (Summer 2013),classtogether_6,1 | 2 | 3,NA
Network Survey Wave 6 (Summer 2013),startlanguage_6,Start language,NA
Network Survey Wave 6 (Summer 2013),token_6,Token,NA
Network Survey Wave 6 (Summer 2013),id_6,Survey ID,NA
Network Survey Wave 6 (Summer 2013),completed_6,Completed,NA
Network Survey Wave 6 (Summer 2013),lastpageseen_6,Last page seen,NA
Network Survey Wave 6 (Summer 2013),FirstName_6,First Name,NA
Network Survey Wave 6 (Summer 2013),LastName_6,Last Name,NA
Network Survey Wave 6 (Summer 2013),numberalter_6,Number.alter,NA
Network Survey Wave 6 (Summer 2013),survey_6,Survey,NA
Network Survey Wave 6 (Summer 2013),socialcontextWork_6,Interact at work,NA
Network Survey Wave 6 (Summer 2013),socialcontextTextcalling_6,Interact through text or calling,NA
Network Survey Wave 6 (Summer 2013),socialcontextInternet_6,Interact through the internet,NA
Network Survey Wave 6 (Summer 2013),socialcontextCulturalathletic_6,Interact through cultural or athletic event,NA
Network Survey Wave 6 (Summer 2013),socialcontextOther_6,Interact Other,NA
Network Survey Wave 6 (Summer 2013),alterother_6,Relationship type other,NA
Network Survey Wave 6 (Summer 2013),whatdorm_6,Dorm of alter,NA
Network Survey Wave 6 (Summer 2013),gender_6,Gender,NA
Network Survey Wave 6 (Summer 2013),reltype_6,Relationship Type,NA
Network Survey Wave 6 (Summer 2013),subjectivesimilar_6,Ego's perception of similarity to alter,NA
Network Survey Wave 6 (Summer 2013),duplicate,NA,NA
Network Survey Wave 6 (Summer 2013),duplicate_name_6,NA,NA
Network Survey Wave 6 (Summer 2013),duplicate_number_6,NA,NA
Network Survey Wave 7 (Fall 2013),sender,Study Participant's Number,NA
Network Survey Wave 7 (Fall 2013),position_7,Position listed in survey,NA
Network Survey Wave 7 (Fall 2013),altername,Alter Name,NA
Network Survey Wave 7 (Fall 2013),receiver_string,Phone Number,NA
Network Survey Wave 7 (Fall 2013),receiver,Phone Number,NA
Network Survey Wave 7 (Fall 2013),email_7,Email,NA
Network Survey Wave 7 (Fall 2013),freqsummer2013_7,Frequency of interaction during Spring 2012,NA
Network Survey Wave 7 (Fall 2013),closeness_7,Closeness,NA
Network Survey Wave 7 (Fall 2013),duration_7,"Duration of Relationship, in Years",NA
Network Survey Wave 7 (Fall 2013),emotionloving_7,Loving,NA
Network Survey Wave 7 (Fall 2013),emotionexciting_7,Exciting,NA
Network Survey Wave 7 (Fall 2013),emotionsignificant_7,Significant,NA
Network Survey Wave 7 (Fall 2013),notredamerelation_7,Relationship to Notre Dame,NA
Network Survey Wave 7 (Fall 2013),socialcontextOffcampus_7,Interact off campus,NA
Network Survey Wave 7 (Fall 2013),socialcontextInclass_7,Interact in class,NA
Network Survey Wave 7 (Fall 2013),socialcontextOutsideclass_7,Interact outside of class,NA
Network Survey Wave 7 (Fall 2013),socialcontextDormroom_7,Interact Your/Their dormroom,NA
Network Survey Wave 7 (Fall 2013),socialcontextDorm_7,Interact in the dorm,NA
Network Survey Wave 7 (Fall 2013),socialcontextReligious_7,Interact at religious event,NA
Network Survey Wave 7 (Fall 2013),socialcontextHome_7,Interact at home,NA
Network Survey Wave 7 (Fall 2013),socialcontextClubteam_7,Interact through club or team,NA
Network Survey Wave 7 (Fall 2013),activitiesact01_7,5.activities [act01],NA
Network Survey Wave 7 (Fall 2013),activitiesact02_7,5.activities [act02],NA
Network Survey Wave 7 (Fall 2013),activitiesact03_7,5.activities [act03],NA
Network Survey Wave 7 (Fall 2013),activitiesact04_7,5.activities [act04],NA
Network Survey Wave 7 (Fall 2013),activitiesact05_7,5.activities [act05],NA
Network Survey Wave 7 (Fall 2013),sameactivities1_7,Does Activity 1,NA
Network Survey Wave 7 (Fall 2013),sameactivities2_7,Does actiivty 2,NA
Network Survey Wave 7 (Fall 2013),sameactivities3_7,Does activity 3,NA
Network Survey Wave 7 (Fall 2013),sameactivities4_7,Does Activity 4,NA
Network Survey Wave 7 (Fall 2013),sameactivities5_7,Does Activity 5,NA
Network Survey Wave 7 (Fall 2013),altermusic_7,1 | 2 | 3 | 4 | 5,NA
Network Survey Wave 7 (Fall 2013),altermovies_7,1 | 2 | 3 | 4 | 5,NA
Network Survey Wave 7 (Fall 2013),alterbooks_7,1 | 2 | 3 | 4 | 5,NA
Network Survey Wave 7 (Fall 2013),altersports_7,1 | 2 | 3 | 4 | 5,NA
Network Survey Wave 7 (Fall 2013),altergames_7,1 | 2 | 3 | 4 | 5,NA
Network Survey Wave 7 (Fall 2013),alteroutdoor_7,1 | 2 | 3 | 4 | 5,NA
Network Survey Wave 7 (Fall 2013),classtogether_7,1 | 2 | 3,NA
Network Survey Wave 7 (Fall 2013),alter10rel1_sq019_7,alter10.rel [1_SQ019],NA
Network Survey Wave 7 (Fall 2013),alter10rel2_sq019_7,alter10.rel [2_SQ019],NA
Network Survey Wave 7 (Fall 2013),alter10rel3_sq019_7,alter10.rel [3_SQ019],NA
Network Survey Wave 7 (Fall 2013),alter10rel4_sq019_7,alter10.rel [4_SQ019],NA
Network Survey Wave 7 (Fall 2013),alter10rel5_sq019_7,alter10.rel [5_SQ019],NA
Network Survey Wave 7 (Fall 2013),alter11rel1_sq019_7,alter11.rel [1_SQ019],NA
Network Survey Wave 7 (Fall 2013),alter11rel2_sq019_7,alter11.rel [2_SQ019],NA
Network Survey Wave 7 (Fall 2013),alter11rel3_sq019_7,alter11.rel [3_SQ019],NA
Network Survey Wave 7 (Fall 2013),alter11rel4_sq019_7,alter11.rel [4_SQ019],NA
Network Survey Wave 7 (Fall 2013),alter12rel1_sq019_7,alter12.rel [1_SQ019],NA
Network Survey Wave 7 (Fall 2013),alter12rel2_sq019_7,alter12.rel [2_SQ019],NA
Network Survey Wave 7 (Fall 2013),alter12rel3_sq019_7,alter12.rel [3_SQ019],NA
Network Survey Wave 7 (Fall 2013),alter13rel1_sq019_7,alter13.rel [1_SQ019],NA
Network Survey Wave 7 (Fall 2013),alter13rel2_sq019_7,alter13.rel [2_SQ019],NA
Network Survey Wave 7 (Fall 2013),alter14rel1_sq019_7,alter14.rel [1_SQ019],NA
Network Survey Wave 7 (Fall 2013),alter1rel1_sq001_7,alter1.rel [1_SQ001],NA
Network Survey Wave 7 (Fall 2013),alter1rel2_sq001_7,alter1.rel [2_SQ001],NA
Network Survey Wave 7 (Fall 2013),alter1rel3_sq001_7,alter1.rel [3_SQ001],NA
Network Survey Wave 7 (Fall 2013),alter1rel4_sq001_7,alter1.rel [4_SQ001],NA
Network Survey Wave 7 (Fall 2013),alter1rel5_sq001_7,alter1.rel [5_SQ001],NA
Network Survey Wave 7 (Fall 2013),alter1rel6_sq001_7,alter1.rel [6_SQ001],NA
Network Survey Wave 7 (Fall 2013),alter1rel7_sq001_7,alter1.rel [7_SQ001],NA
Network Survey Wave 7 (Fall 2013),alter1rel8_sq001_7,alter1.rel [8_SQ001],NA
Network Survey Wave 7 (Fall 2013),alter1rel9_sq001_7,alter1.rel [9_SQ001],NA
Network Survey Wave 7 (Fall 2013),alter1rel10_sq001_7,alter1.rel [10_SQ001],NA
Network Survey Wave 7 (Fall 2013),alter1rel11_sq001_7,alter1.rel [11_SQ001],NA
Network Survey Wave 7 (Fall 2013),alter1rel12_sq001_7,alter1.rel [12_SQ001],NA
Network Survey Wave 7 (Fall 2013),alter1rel13_sq001_7,alter1.rel [13_SQ001],NA
Network Survey Wave 7 (Fall 2013),alter1rel14_sq001_7,alter1.rel [14_SQ001],NA
Network Survey Wave 7 (Fall 2013),alter2rel1_sq019_7,alter2.rel [1_SQ019],NA
Network Survey Wave 7 (Fall 2013),alter2rel2_sq019_7,alter2.rel [2_SQ019],NA
Network Survey Wave 7 (Fall 2013),alter2rel3_sq019_7,alter2.rel [3_SQ019],NA
Network Survey Wave 7 (Fall 2013),alter2rel4_sq019_7,alter2.rel [4_SQ019],NA
Network Survey Wave 7 (Fall 2013),alter2rel5_sq019_7,alter2.rel [5_SQ019],NA
Network Survey Wave 7 (Fall 2013),alter2rel6_sq019_7,alter2.rel [6_SQ019],NA
Network Survey Wave 7 (Fall 2013),alter2rel7_sq019_7,alter2.rel [7_SQ019],NA
Network Survey Wave 7 (Fall 2013),alter2rel8_sq019_7,alter2.rel [8_SQ019],NA
Network Survey Wave 7 (Fall 2013),alter2rel9_sq019_7,alter2.rel [9_SQ019],NA
Network Survey Wave 7 (Fall 2013),alter2rel10_sq019_7,alter2.rel [10_SQ019],NA
Network Survey Wave 7 (Fall 2013),alter2rel11_sq019_7,alter2.rel [11_SQ019],NA
Network Survey Wave 7 (Fall 2013),alter2rel12_sq019_7,alter2.rel [12_SQ019],NA
Network Survey Wave 7 (Fall 2013),alter2rel13_sq019_7,alter2.rel [13_SQ019],NA
Network Survey Wave 7 (Fall 2013),alter3rel1_sq019_7,alter3.rel [1_SQ019],NA
Network Survey Wave 7 (Fall 2013),alter3rel2_sq019_7,alter3.rel [2_SQ019],NA
Network Survey Wave 7 (Fall 2013),alter3rel3_sq019_7,alter3.rel [3_SQ019],NA
Network Survey Wave 7 (Fall 2013),alter3rel4_sq019_7,alter3.rel [4_SQ019],NA
Network Survey Wave 7 (Fall 2013),alter3rel5_sq019_7,alter3.rel [5_SQ019],NA
Network Survey Wave 7 (Fall 2013),alter3rel6_sq019_7,alter3.rel [6_SQ019],NA
Network Survey Wave 7 (Fall 2013),alter3rel7_sq019_7,alter3.rel [7_SQ019],NA
Network Survey Wave 7 (Fall 2013),alter3rel8_sq019_7,alter3.rel [8_SQ019],NA
Network Survey Wave 7 (Fall 2013),alter3rel9_sq019_7,alter3.rel [9_SQ019],NA
Network Survey Wave 7 (Fall 2013),alter3rel10_sq019_7,alter3.rel [10_SQ019],NA
Network Survey Wave 7 (Fall 2013),alter3rel11_sq019_7,alter3.rel [11_SQ019],NA
Network Survey Wave 7 (Fall 2013),alter3rel12_sq019_7,alter3.rel [12_SQ019],NA
Network Survey Wave 7 (Fall 2013),alter4rel1_sq019_7,alter4.rel [1_SQ019],NA
Network Survey Wave 7 (Fall 2013),alter4rel2_sq019_7,alter4.rel [2_SQ019],NA
Network Survey Wave 7 (Fall 2013),alter4rel3_sq019_7,alter4.rel [3_SQ019],NA
Network Survey Wave 7 (Fall 2013),alter4rel4_sq019_7,alter4.rel [4_SQ019],NA
Network Survey Wave 7 (Fall 2013),alter4rel5_sq019_7,alter4.rel [5_SQ019],NA
Network Survey Wave 7 (Fall 2013),alter4rel6_sq019_7,alter4.rel [6_SQ019],NA
Network Survey Wave 7 (Fall 2013),alter4rel7_sq019_7,alter4.rel [7_SQ019],NA
Network Survey Wave 7 (Fall 2013),alter4rel8_sq019_7,alter4.rel [8_SQ019],NA
Network Survey Wave 7 (Fall 2013),alter4rel9_sq019_7,alter4.rel [9_SQ019],NA
Network Survey Wave 7 (Fall 2013),alter4rel10_sq019_7,alter4.rel [10_SQ019],NA
Network Survey Wave 7 (Fall 2013),alter4rel11_sq019_7,alter4.rel [11_SQ019],NA
Network Survey Wave 7 (Fall 2013),alter5rel1_sq019_7,alter5.rel [1_SQ019],NA
Network Survey Wave 7 (Fall 2013),alter5rel2_sq019_7,alter5.rel [2_SQ019],NA
Network Survey Wave 7 (Fall 2013),alter5rel3_sq019_7,alter5.rel [3_SQ019],NA
Network Survey Wave 7 (Fall 2013),alter5rel4_sq019_7,alter5.rel [4_SQ019],NA
Network Survey Wave 7 (Fall 2013),alter5rel5_sq019_7,alter5.rel [5_SQ019],NA
Network Survey Wave 7 (Fall 2013),alter5rel6_sq019_7,alter5.rel [6_SQ019],NA
Network Survey Wave 7 (Fall 2013),alter5rel7_sq019_7,alter5.rel [7_SQ019],NA
Network Survey Wave 7 (Fall 2013),alter5rel8_sq019_7,alter5.rel [8_SQ019],NA
Network Survey Wave 7 (Fall 2013),alter5rel9_sq019_7,alter5.rel [9_SQ019],NA
Network Survey Wave 7 (Fall 2013),alter5rel10_sq019_7,alter5.rel [10_SQ019],NA
Network Survey Wave 7 (Fall 2013),alter6rel1_sq019_7,alter6.rel [1_SQ019],NA
Network Survey Wave 7 (Fall 2013),alter6rel2_sq019_7,alter6.rel [2_SQ019],NA
Network Survey Wave 7 (Fall 2013),alter6rel3_sq019_7,alter6.rel [3_SQ019],NA
Network Survey Wave 7 (Fall 2013),alter6rel4_sq019_7,alter6.rel [4_SQ019],NA
Network Survey Wave 7 (Fall 2013),alter6rel5_sq019_7,alter6.rel [5_SQ019],NA
Network Survey Wave 7 (Fall 2013),alter6rel6_sq019_7,alter6.rel [6_SQ019],NA
Network Survey Wave 7 (Fall 2013),alter6rel7_sq019_7,alter6.rel [7_SQ019],NA
Network Survey Wave 7 (Fall 2013),alter6rel8_sq019_7,alter6.rel [8_SQ019],NA
Network Survey Wave 7 (Fall 2013),alter6rel9_sq019_7,alter6.rel [9_SQ019],NA
Network Survey Wave 7 (Fall 2013),alter7rel1_sq019_7,alter7.rel [1_SQ019],NA
Network Survey Wave 7 (Fall 2013),alter7rel2_sq019_7,alter7.rel [2_SQ019],NA
Network Survey Wave 7 (Fall 2013),alter7rel3_sq019_7,alter7.rel [3_SQ019],NA
Network Survey Wave 7 (Fall 2013),alter7rel4_sq019_7,alter7.rel [4_SQ019],NA
Network Survey Wave 7 (Fall 2013),alter7rel5_sq019_7,alter7.rel [5_SQ019],NA
Network Survey Wave 7 (Fall 2013),alter7rel6_sq019_7,alter7.rel [6_SQ019],NA
Network Survey Wave 7 (Fall 2013),alter7rel7_sq019_7,alter7.rel [7_SQ019],NA
Network Survey Wave 7 (Fall 2013),alter7rel8_sq019_7,alter7.rel [8_SQ019],NA
Network Survey Wave 7 (Fall 2013),alter8rel1_sq019_7,alter8.rel [1_SQ019],NA
Network Survey Wave 7 (Fall 2013),alter8rel2_sq019_7,alter8.rel [2_SQ019],NA
Network Survey Wave 7 (Fall 2013),alter8rel3_sq019_7,alter8.rel [3_SQ019],NA
Network Survey Wave 7 (Fall 2013),alter8rel4_sq019_7,alter8.rel [4_SQ019],NA
Network Survey Wave 7 (Fall 2013),alter8rel5_sq019_7,alter8.rel [5_SQ019],NA
Network Survey Wave 7 (Fall 2013),alter8rel6_sq019_7,alter8.rel [6_SQ019],NA
Network Survey Wave 7 (Fall 2013),alter8rel7_sq019_7,alter8.rel [7_SQ019],NA
Network Survey Wave 7 (Fall 2013),alter9rel1_sq019_7,alter9.rel [1_SQ019],NA
Network Survey Wave 7 (Fall 2013),alter9rel2_sq019_7,alter9.rel [2_SQ019],NA
Network Survey Wave 7 (Fall 2013),alter9rel3_sq019_7,alter9.rel [3_SQ019],NA
Network Survey Wave 7 (Fall 2013),alter9rel4_sq019_7,alter9.rel [4_SQ019],NA
Network Survey Wave 7 (Fall 2013),alter9rel5_sq019_7,alter9.rel [5_SQ019],NA
Network Survey Wave 7 (Fall 2013),alter9rel6_sq019_7,alter9.rel [6_SQ019],NA
Network Survey Wave 7 (Fall 2013),startlanguage_7,Start language,NA
Network Survey Wave 7 (Fall 2013),token_7,Token,NA
Network Survey Wave 7 (Fall 2013),id_7,Survey ID,NA
Network Survey Wave 7 (Fall 2013),completed_7,Completed,NA
Network Survey Wave 7 (Fall 2013),lastpageseen_7,Last page seen,NA
Network Survey Wave 7 (Fall 2013),FirstName_7,First Name,NA
Network Survey Wave 7 (Fall 2013),LastName_7,Last Name,NA
Network Survey Wave 7 (Fall 2013),numberalter_7,Number.alter,NA
Network Survey Wave 7 (Fall 2013),survey_7,Survey,NA
Network Survey Wave 7 (Fall 2013),socialcontextWork_7,Interact at work,NA
Network Survey Wave 7 (Fall 2013),socialcontextTextcalling_7,Interact through text or calling,NA
Network Survey Wave 7 (Fall 2013),socialcontextInternet_7,Interact through the internet,NA
Network Survey Wave 7 (Fall 2013),socialcontextCulturalathletic_7,Interact through cultural or athletic event,NA
Network Survey Wave 7 (Fall 2013),socialcontextOther_7,Interact Other,NA
Network Survey Wave 7 (Fall 2013),alterother_7,Relationship type other,NA
Network Survey Wave 7 (Fall 2013),whatdorm_7,Dorm of alter,NA
Network Survey Wave 7 (Fall 2013),gender_7,Gender,NA
Network Survey Wave 7 (Fall 2013),race_7,1 | 2 | 3 | 4 | 5 | 6 | 7 | 8 | 9,NA
Network Survey Wave 7 (Fall 2013),reltype_7,Relationship Type,NA
Network Survey Wave 7 (Fall 2013),subjectivesimilar_7,Ego's perception of similarity to alter,NA
Network Survey Wave 7 (Fall 2013),duplicate,NA,NA
Network Survey Wave 7 (Fall 2013),duplicate_name_7,NA,NA
Network Survey Wave 7 (Fall 2013),duplicate_number_7,NA,NA
Network Survey Wave 7.2 (Fall 2013),firstname_75,First name,NA
Network Survey Wave 7.2 (Fall 2013),lastname_75,Last name,NA
Network Survey Wave 7.2 (Fall 2013),emailaddress_75,Email address,NA
Network Survey Wave 7.2 (Fall 2013),namenetidsq003_75,name.netid [SQ003],NA
Network Survey Wave 7.2 (Fall 2013),sender,Study Participant's Number,NA
Network Survey Wave 7.2 (Fall 2013),position_75,Position listed in survey,NA
Network Survey Wave 7.2 (Fall 2013),altername,Alter Name,NA
Network Survey Wave 7.2 (Fall 2013),receiver_string,Phone Number,NA
Network Survey Wave 7.2 (Fall 2013),receiver,Phone Number,NA
Network Survey Wave 7.2 (Fall 2013),email_75,Email,NA
Network Survey Wave 7.2 (Fall 2013),freqsummer2013_75,Frequency of interaction during Spring 2012,NA
Network Survey Wave 7.2 (Fall 2013),freqlastyearhs_75,1 | 2 | 3 | 4 | 5,NA
Network Survey Wave 7.2 (Fall 2013),freqlastyear_75,1 | 2 | 3 | 4,NA
Network Survey Wave 7.2 (Fall 2013),closeness_75,Closeness,NA
Network Survey Wave 7.2 (Fall 2013),duration_75,"Duration of Relationship, in Years",NA
Network Survey Wave 7.2 (Fall 2013),emotionloving_75,Loving,NA
Network Survey Wave 7.2 (Fall 2013),emotionexciting_75,Exciting,NA
Network Survey Wave 7.2 (Fall 2013),emotionsignificant_75,Significant,NA
Network Survey Wave 7.2 (Fall 2013),notredamerelation_75,Relationship to Notre Dame,NA
Network Survey Wave 7.2 (Fall 2013),socialcontextOffcampus_75,Interact off campus,NA
Network Survey Wave 7.2 (Fall 2013),socialcontextInclass_75,Interact in class,NA
Network Survey Wave 7.2 (Fall 2013),socialcontextOutsideclass_75,Interact outside of class,NA
Network Survey Wave 7.2 (Fall 2013),socialcontextDormroom_75,Interact Your/Their dormroom,NA
Network Survey Wave 7.2 (Fall 2013),socialcontextDorm_75,Interact in the dorm,NA
Network Survey Wave 7.2 (Fall 2013),socialcontextReligious_75,Interact at religious event,NA
Network Survey Wave 7.2 (Fall 2013),socialcontextHome_75,Interact at home,NA
Network Survey Wave 7.2 (Fall 2013),socialcontextClubteam_75,Interact through club or team,NA
Network Survey Wave 7.2 (Fall 2013),activitiesact01_75,5.activities [act01],NA
Network Survey Wave 7.2 (Fall 2013),activitiesact02_75,5.activities [act02],NA
Network Survey Wave 7.2 (Fall 2013),activitiesact03_75,5.activities [act03],NA
Network Survey Wave 7.2 (Fall 2013),activitiesact04_75,5.activities [act04],NA
Network Survey Wave 7.2 (Fall 2013),activitiesact05_75,5.activities [act05],NA
Network Survey Wave 7.2 (Fall 2013),sameactivities1_75,Does Activity 1,NA
Network Survey Wave 7.2 (Fall 2013),sameactivities2_75,Does actiivty 2,NA
Network Survey Wave 7.2 (Fall 2013),sameactivities3_75,Does activity 3,NA
Network Survey Wave 7.2 (Fall 2013),sameactivities4_75,Does Activity 4,NA
Network Survey Wave 7.2 (Fall 2013),sameactivities5_75,Does Activity 5,NA
Network Survey Wave 7.2 (Fall 2013),altermusic_75,1 | 2 | 3 | 4 | 5,NA
Network Survey Wave 7.2 (Fall 2013),altermovies_75,1 | 2 | 3 | 4 | 5,NA
Network Survey Wave 7.2 (Fall 2013),alterbooks_75,1 | 2 | 3 | 4 | 5,NA
Network Survey Wave 7.2 (Fall 2013),altersports_75,1 | 2 | 3 | 4 | 5,NA
Network Survey Wave 7.2 (Fall 2013),altergames_75,1 | 2 | 3 | 4 | 5,NA
Network Survey Wave 7.2 (Fall 2013),alteroutdoor_75,1 | 2 | 3 | 4 | 5,NA
Network Survey Wave 7.2 (Fall 2013),classtogether_75,1 | 2 | 3,NA
Network Survey Wave 7.2 (Fall 2013),alter10rel1_sq019_75,alter10.rel [1_SQ019],NA
Network Survey Wave 7.2 (Fall 2013),alter10rel2_sq019_75,alter10.rel [2_SQ019],NA
Network Survey Wave 7.2 (Fall 2013),alter10rel3_sq019_75,alter10.rel [3_SQ019],NA
Network Survey Wave 7.2 (Fall 2013),alter10rel4_sq019_75,alter10.rel [4_SQ019],NA
Network Survey Wave 7.2 (Fall 2013),alter10rel5_sq019_75,alter10.rel [5_SQ019],NA
Network Survey Wave 7.2 (Fall 2013),alter11rel1_sq019_75,alter11.rel [1_SQ019],NA
Network Survey Wave 7.2 (Fall 2013),alter11rel2_sq019_75,alter11.rel [2_SQ019],NA
Network Survey Wave 7.2 (Fall 2013),alter11rel3_sq019_75,alter11.rel [3_SQ019],NA
Network Survey Wave 7.2 (Fall 2013),alter11rel4_sq019_75,alter11.rel [4_SQ019],NA
Network Survey Wave 7.2 (Fall 2013),alter12rel1_sq019_75,alter12.rel [1_SQ019],NA
Network Survey Wave 7.2 (Fall 2013),alter12rel2_sq019_75,alter12.rel [2_SQ019],NA
Network Survey Wave 7.2 (Fall 2013),alter12rel3_sq019_75,alter12.rel [3_SQ019],NA
Network Survey Wave 7.2 (Fall 2013),alter13rel1_sq019_75,alter13.rel [1_SQ019],NA
Network Survey Wave 7.2 (Fall 2013),alter13rel2_sq019_75,alter13.rel [2_SQ019],NA
Network Survey Wave 7.2 (Fall 2013),alter14rel1_sq019_75,alter14.rel [1_SQ019],NA
Network Survey Wave 7.2 (Fall 2013),alter1rel1_sq001_75,alter1.rel [1_SQ001],NA
Network Survey Wave 7.2 (Fall 2013),alter1rel2_sq001_75,alter1.rel [2_SQ001],NA
Network Survey Wave 7.2 (Fall 2013),alter1rel3_sq001_75,alter1.rel [3_SQ001],NA
Network Survey Wave 7.2 (Fall 2013),alter1rel4_sq001_75,alter1.rel [4_SQ001],NA
Network Survey Wave 7.2 (Fall 2013),alter1rel5_sq001_75,alter1.rel [5_SQ001],NA
Network Survey Wave 7.2 (Fall 2013),alter1rel6_sq001_75,alter1.rel [6_SQ001],NA
Network Survey Wave 7.2 (Fall 2013),alter1rel7_sq001_75,alter1.rel [7_SQ001],NA
Network Survey Wave 7.2 (Fall 2013),alter1rel8_sq001_75,alter1.rel [8_SQ001],NA
Network Survey Wave 7.2 (Fall 2013),alter1rel9_sq001_75,alter1.rel [9_SQ001],NA
Network Survey Wave 7.2 (Fall 2013),alter1rel10_sq001_75,alter1.rel [10_SQ001],NA
Network Survey Wave 7.2 (Fall 2013),alter1rel11_sq001_75,alter1.rel [11_SQ001],NA
Network Survey Wave 7.2 (Fall 2013),alter1rel12_sq001_75,alter1.rel [12_SQ001],NA
Network Survey Wave 7.2 (Fall 2013),alter1rel13_sq001_75,alter1.rel [13_SQ001],NA
Network Survey Wave 7.2 (Fall 2013),alter1rel14_sq001_75,alter1.rel [14_SQ001],NA
Network Survey Wave 7.2 (Fall 2013),alter2rel1_sq019_75,alter2.rel [1_SQ019],NA
Network Survey Wave 7.2 (Fall 2013),alter2rel2_sq019_75,alter2.rel [2_SQ019],NA
Network Survey Wave 7.2 (Fall 2013),alter2rel3_sq019_75,alter2.rel [3_SQ019],NA
Network Survey Wave 7.2 (Fall 2013),alter2rel4_sq019_75,alter2.rel [4_SQ019],NA
Network Survey Wave 7.2 (Fall 2013),alter2rel5_sq019_75,alter2.rel [5_SQ019],NA
Network Survey Wave 7.2 (Fall 2013),alter2rel6_sq019_75,alter2.rel [6_SQ019],NA
Network Survey Wave 7.2 (Fall 2013),alter2rel7_sq019_75,alter2.rel [7_SQ019],NA
Network Survey Wave 7.2 (Fall 2013),alter2rel8_sq019_75,alter2.rel [8_SQ019],NA
Network Survey Wave 7.2 (Fall 2013),alter2rel9_sq019_75,alter2.rel [9_SQ019],NA
Network Survey Wave 7.2 (Fall 2013),alter2rel10_sq019_75,alter2.rel [10_SQ019],NA
Network Survey Wave 7.2 (Fall 2013),alter2rel11_sq019_75,alter2.rel [11_SQ019],NA
Network Survey Wave 7.2 (Fall 2013),alter2rel12_sq019_75,alter2.rel [12_SQ019],NA
Network Survey Wave 7.2 (Fall 2013),alter2rel13_sq019_75,alter2.rel [13_SQ019],NA
Network Survey Wave 7.2 (Fall 2013),alter3rel1_sq019_75,alter3.rel [1_SQ019],NA
Network Survey Wave 7.2 (Fall 2013),alter3rel2_sq019_75,alter3.rel [2_SQ019],NA
Network Survey Wave 7.2 (Fall 2013),alter3rel3_sq019_75,alter3.rel [3_SQ019],NA
Network Survey Wave 7.2 (Fall 2013),alter3rel4_sq019_75,alter3.rel [4_SQ019],NA
Network Survey Wave 7.2 (Fall 2013),alter3rel5_sq019_75,alter3.rel [5_SQ019],NA
Network Survey Wave 7.2 (Fall 2013),alter3rel6_sq019_75,alter3.rel [6_SQ019],NA
Network Survey Wave 7.2 (Fall 2013),alter3rel7_sq019_75,alter3.rel [7_SQ019],NA
Network Survey Wave 7.2 (Fall 2013),alter3rel8_sq019_75,alter3.rel [8_SQ019],NA
Network Survey Wave 7.2 (Fall 2013),alter3rel9_sq019_75,alter3.rel [9_SQ019],NA
Network Survey Wave 7.2 (Fall 2013),alter3rel10_sq019_75,alter3.rel [10_SQ019],NA
Network Survey Wave 7.2 (Fall 2013),alter3rel11_sq019_75,alter3.rel [11_SQ019],NA
Network Survey Wave 7.2 (Fall 2013),alter3rel12_sq019_75,alter3.rel [12_SQ019],NA
Network Survey Wave 7.2 (Fall 2013),alter4rel1_sq019_75,alter4.rel [1_SQ019],NA
Network Survey Wave 7.2 (Fall 2013),alter4rel2_sq019_75,alter4.rel [2_SQ019],NA
Network Survey Wave 7.2 (Fall 2013),alter4rel3_sq019_75,alter4.rel [3_SQ019],NA
Network Survey Wave 7.2 (Fall 2013),alter4rel4_sq019_75,alter4.rel [4_SQ019],NA
Network Survey Wave 7.2 (Fall 2013),alter4rel5_sq019_75,alter4.rel [5_SQ019],NA
Network Survey Wave 7.2 (Fall 2013),alter4rel6_sq019_75,alter4.rel [6_SQ019],NA
Network Survey Wave 7.2 (Fall 2013),alter4rel7_sq019_75,alter4.rel [7_SQ019],NA
Network Survey Wave 7.2 (Fall 2013),alter4rel8_sq019_75,alter4.rel [8_SQ019],NA
Network Survey Wave 7.2 (Fall 2013),alter4rel9_sq019_75,alter4.rel [9_SQ019],NA
Network Survey Wave 7.2 (Fall 2013),alter4rel10_sq019_75,alter4.rel [10_SQ019],NA
Network Survey Wave 7.2 (Fall 2013),alter4rel11_sq019_75,alter4.rel [11_SQ019],NA
Network Survey Wave 7.2 (Fall 2013),alter5rel1_sq019_75,alter5.rel [1_SQ019],NA
Network Survey Wave 7.2 (Fall 2013),alter5rel2_sq019_75,alter5.rel [2_SQ019],NA
Network Survey Wave 7.2 (Fall 2013),alter5rel3_sq019_75,alter5.rel [3_SQ019],NA
Network Survey Wave 7.2 (Fall 2013),alter5rel4_sq019_75,alter5.rel [4_SQ019],NA
Network Survey Wave 7.2 (Fall 2013),alter5rel5_sq019_75,alter5.rel [5_SQ019],NA
Network Survey Wave 7.2 (Fall 2013),alter5rel6_sq019_75,alter5.rel [6_SQ019],NA
Network Survey Wave 7.2 (Fall 2013),alter5rel7_sq019_75,alter5.rel [7_SQ019],NA
Network Survey Wave 7.2 (Fall 2013),alter5rel8_sq019_75,alter5.rel [8_SQ019],NA
Network Survey Wave 7.2 (Fall 2013),alter5rel9_sq019_75,alter5.rel [9_SQ019],NA
Network Survey Wave 7.2 (Fall 2013),alter5rel10_sq019_75,alter5.rel [10_SQ019],NA
Network Survey Wave 7.2 (Fall 2013),alter6rel1_sq019_75,alter6.rel [1_SQ019],NA
Network Survey Wave 7.2 (Fall 2013),alter6rel2_sq019_75,alter6.rel [2_SQ019],NA
Network Survey Wave 7.2 (Fall 2013),alter6rel3_sq019_75,alter6.rel [3_SQ019],NA
Network Survey Wave 7.2 (Fall 2013),alter6rel4_sq019_75,alter6.rel [4_SQ019],NA
Network Survey Wave 7.2 (Fall 2013),alter6rel5_sq019_75,alter6.rel [5_SQ019],NA
Network Survey Wave 7.2 (Fall 2013),alter6rel6_sq019_75,alter6.rel [6_SQ019],NA
Network Survey Wave 7.2 (Fall 2013),alter6rel7_sq019_75,alter6.rel [7_SQ019],NA
Network Survey Wave 7.2 (Fall 2013),alter6rel8_sq019_75,alter6.rel [8_SQ019],NA
Network Survey Wave 7.2 (Fall 2013),alter6rel9_sq019_75,alter6.rel [9_SQ019],NA
Network Survey Wave 7.2 (Fall 2013),alter7rel1_sq019_75,alter7.rel [1_SQ019],NA
Network Survey Wave 7.2 (Fall 2013),alter7rel2_sq019_75,alter7.rel [2_SQ019],NA
Network Survey Wave 7.2 (Fall 2013),alter7rel3_sq019_75,alter7.rel [3_SQ019],NA
Network Survey Wave 7.2 (Fall 2013),alter7rel4_sq019_75,alter7.rel [4_SQ019],NA
Network Survey Wave 7.2 (Fall 2013),alter7rel5_sq019_75,alter7.rel [5_SQ019],NA
Network Survey Wave 7.2 (Fall 2013),alter7rel6_sq019_75,alter7.rel [6_SQ019],NA
Network Survey Wave 7.2 (Fall 2013),alter7rel7_sq019_75,alter7.rel [7_SQ019],NA
Network Survey Wave 7.2 (Fall 2013),alter7rel8_sq019_75,alter7.rel [8_SQ019],NA
Network Survey Wave 7.2 (Fall 2013),alter8rel1_sq019_75,alter8.rel [1_SQ019],NA
Network Survey Wave 7.2 (Fall 2013),alter8rel2_sq019_75,alter8.rel [2_SQ019],NA
Network Survey Wave 7.2 (Fall 2013),alter8rel3_sq019_75,alter8.rel [3_SQ019],NA
Network Survey Wave 7.2 (Fall 2013),alter8rel4_sq019_75,alter8.rel [4_SQ019],NA
Network Survey Wave 7.2 (Fall 2013),alter8rel5_sq019_75,alter8.rel [5_SQ019],NA
Network Survey Wave 7.2 (Fall 2013),alter8rel6_sq019_75,alter8.rel [6_SQ019],NA
Network Survey Wave 7.2 (Fall 2013),alter8rel7_sq019_75,alter8.rel [7_SQ019],NA
Network Survey Wave 7.2 (Fall 2013),alter9rel1_sq019_75,alter9.rel [1_SQ019],NA
Network Survey Wave 7.2 (Fall 2013),alter9rel2_sq019_75,alter9.rel [2_SQ019],NA
Network Survey Wave 7.2 (Fall 2013),alter9rel3_sq019_75,alter9.rel [3_SQ019],NA
Network Survey Wave 7.2 (Fall 2013),alter9rel4_sq019_75,alter9.rel [4_SQ019],NA
Network Survey Wave 7.2 (Fall 2013),alter9rel5_sq019_75,alter9.rel [5_SQ019],NA
Network Survey Wave 7.2 (Fall 2013),alter9rel6_sq019_75,alter9.rel [6_SQ019],NA
Network Survey Wave 7.2 (Fall 2013),startlanguage_75,Start language,NA
Network Survey Wave 7.2 (Fall 2013),token_75,Token,NA
Network Survey Wave 7.2 (Fall 2013),id_75,Survey ID,NA
Network Survey Wave 7.2 (Fall 2013),completed_75,Completed,NA
Network Survey Wave 7.2 (Fall 2013),lastpageseen_75,Last page seen,NA
Network Survey Wave 7.2 (Fall 2013),FirstName_75,First Name,NA
Network Survey Wave 7.2 (Fall 2013),LastName_75,Last Name,NA
Network Survey Wave 7.2 (Fall 2013),numberalter_75,Number.alter,NA
Network Survey Wave 7.2 (Fall 2013),survey_75,Survey,NA
Network Survey Wave 7.2 (Fall 2013),ndemail_75,ND Email,NA
Network Survey Wave 7.2 (Fall 2013),secondemail_75,Secondary Emails,NA
Network Survey Wave 7.2 (Fall 2013),v6_75,NA,NA
Network Survey Wave 7.2 (Fall 2013),v7_75,NA,NA
Network Survey Wave 7.2 (Fall 2013),Dorm_75,NA,NA
Network Survey Wave 7.2 (Fall 2013),_merge,1 | 2 | 3 | 4 | 5,NA
Network Survey Wave 7.2 (Fall 2013),socialcontextWork_75,Interact at work,NA
Network Survey Wave 7.2 (Fall 2013),socialcontextTextcalling_75,Interact through text or calling,NA
Network Survey Wave 7.2 (Fall 2013),socialcontextInternet_75,Interact through the internet,NA
Network Survey Wave 7.2 (Fall 2013),socialcontextCulturalathletic_75,Interact through cultural or athletic event,NA
Network Survey Wave 7.2 (Fall 2013),socialcontextOther_75,Interact Other,NA
Network Survey Wave 7.2 (Fall 2013),alterother_75,Relationship type other,NA
Network Survey Wave 7.2 (Fall 2013),whatdorm_75,Dorm of alter,NA
Network Survey Wave 7.2 (Fall 2013),gender_75,Gender,NA
Network Survey Wave 7.2 (Fall 2013),race_75,1 | 2 | 3 | 4 | 5 | 6 | 7 | 8 | 9,NA
Network Survey Wave 7.2 (Fall 2013),reltype_75,Relationship Type,NA
Network Survey Wave 7.2 (Fall 2013),subjectivesimilar_75,Ego's perception of similarity to alter,NA
Network Survey Wave 7.2 (Fall 2013),duplicate,NA,NA
Network Survey Wave 7.2 (Fall 2013),duplicate_name_7,NA,NA
Network Survey Wave 7.2 (Fall 2013),duplicate_number_7,NA,NA
Network Survey Wave 8 (Winter 2014),sender,Study Participant's Number,NA
Network Survey Wave 8 (Winter 2014),position_8,Position listed in survey,NA
Network Survey Wave 8 (Winter 2014),altername,Alter Name,NA
Network Survey Wave 8 (Winter 2014),receiver_string,Phone Number,NA
Network Survey Wave 8 (Winter 2014),receiver,Phone Number,NA
Network Survey Wave 8 (Winter 2014),email_8,Email,NA
Network Survey Wave 8 (Winter 2014),freqfall2013_8,Frequency of interaction during Spring 2012,NA
Network Survey Wave 8 (Winter 2014),closeness_8,Closeness,NA
Network Survey Wave 8 (Winter 2014),duration_8,"Duration of Relationship, in Years",NA
Network Survey Wave 8 (Winter 2014),emotionloving_8,Loving,NA
Network Survey Wave 8 (Winter 2014),emotionexciting_8,Exciting,NA
Network Survey Wave 8 (Winter 2014),emotionsignificant_8,Significant,NA
Network Survey Wave 8 (Winter 2014),notredamerelation_8,Relationship to Notre Dame,NA
Network Survey Wave 8 (Winter 2014),socialcontextOffcampus_8,Interact off campus,NA
Network Survey Wave 8 (Winter 2014),socialcontextInclass_8,Interact in class,NA
Network Survey Wave 8 (Winter 2014),socialcontextOutsideclass_8,Interact outside of class,NA
Network Survey Wave 8 (Winter 2014),socialcontextDormroom_8,Interact Your/Their dormroom,NA
Network Survey Wave 8 (Winter 2014),socialcontextDorm_8,Interact in the dorm,NA
Network Survey Wave 8 (Winter 2014),socialcontextReligious_8,Interact at religious event,NA
Network Survey Wave 8 (Winter 2014),socialcontextHome_8,Interact at home,NA
Network Survey Wave 8 (Winter 2014),socialcontextClubteam_8,Interact through club or team,NA
Network Survey Wave 8 (Winter 2014),activitiesact01_8,5.activities [act01],NA
Network Survey Wave 8 (Winter 2014),activitiesact02_8,5.activities [act02],NA
Network Survey Wave 8 (Winter 2014),activitiesact03_8,5.activities [act03],NA
Network Survey Wave 8 (Winter 2014),activitiesact04_8,5.activities [act04],NA
Network Survey Wave 8 (Winter 2014),activitiesact05_8,5.activities [act05],NA
Network Survey Wave 8 (Winter 2014),sameactivities1_8,Does Activity 1,NA
Network Survey Wave 8 (Winter 2014),sameactivities2_8,Does actiivty 2,NA
Network Survey Wave 8 (Winter 2014),sameactivities3_8,Does activity 3,NA
Network Survey Wave 8 (Winter 2014),sameactivities4_8,Does Activity 4,NA
Network Survey Wave 8 (Winter 2014),sameactivities5_8,Does Activity 5,NA
Network Survey Wave 8 (Winter 2014),altermusic_8,1 | 2 | 3 | 4 | 5,NA
Network Survey Wave 8 (Winter 2014),altermovies_8,1 | 2 | 3 | 4 | 5,NA
Network Survey Wave 8 (Winter 2014),alterbooks_8,1 | 2 | 3 | 4 | 5,NA
Network Survey Wave 8 (Winter 2014),altersports_8,1 | 2 | 3 | 4 | 5,NA
Network Survey Wave 8 (Winter 2014),altergames_8,1 | 2 | 3 | 4 | 5,NA
Network Survey Wave 8 (Winter 2014),alteroutdoor_8,1 | 2 | 3 | 4 | 5,NA
Network Survey Wave 8 (Winter 2014),classtogether_8,1 | 2 | 3,NA
Network Survey Wave 8 (Winter 2014),alter10rel1_sq019_8,alter10.rel [1_SQ019],NA
Network Survey Wave 8 (Winter 2014),alter10rel2_sq019_8,alter10.rel [2_SQ019],NA
Network Survey Wave 8 (Winter 2014),alter10rel3_sq019_8,alter10.rel [3_SQ019],NA
Network Survey Wave 8 (Winter 2014),alter10rel4_sq019_8,alter10.rel [4_SQ019],NA
Network Survey Wave 8 (Winter 2014),alter10rel5_sq019_8,alter10.rel [5_SQ019],NA
Network Survey Wave 8 (Winter 2014),alter11rel1_sq019_8,alter11.rel [1_SQ019],NA
Network Survey Wave 8 (Winter 2014),alter11rel2_sq019_8,alter11.rel [2_SQ019],NA
Network Survey Wave 8 (Winter 2014),alter11rel3_sq019_8,alter11.rel [3_SQ019],NA
Network Survey Wave 8 (Winter 2014),alter11rel4_sq019_8,alter11.rel [4_SQ019],NA
Network Survey Wave 8 (Winter 2014),alter12rel1_sq019_8,alter12.rel [1_SQ019],NA
Network Survey Wave 8 (Winter 2014),alter12rel2_sq019_8,alter12.rel [2_SQ019],NA
Network Survey Wave 8 (Winter 2014),alter12rel3_sq019_8,alter12.rel [3_SQ019],NA
Network Survey Wave 8 (Winter 2014),alter13rel1_sq019_8,alter13.rel [1_SQ019],NA
Network Survey Wave 8 (Winter 2014),alter13rel2_sq019_8,alter13.rel [2_SQ019],NA
Network Survey Wave 8 (Winter 2014),alter14rel1_sq019_8,alter14.rel [1_SQ019],NA
Network Survey Wave 8 (Winter 2014),alter1rel1_sq001_8,alter1.rel [1_SQ001],NA
Network Survey Wave 8 (Winter 2014),alter1rel2_sq001_8,alter1.rel [2_SQ001],NA
Network Survey Wave 8 (Winter 2014),alter1rel3_sq001_8,alter1.rel [3_SQ001],NA
Network Survey Wave 8 (Winter 2014),alter1rel4_sq001_8,alter1.rel [4_SQ001],NA
Network Survey Wave 8 (Winter 2014),alter1rel5_sq001_8,alter1.rel [5_SQ001],NA
Network Survey Wave 8 (Winter 2014),alter1rel6_sq001_8,alter1.rel [6_SQ001],NA
Network Survey Wave 8 (Winter 2014),alter1rel7_sq001_8,alter1.rel [7_SQ001],NA
Network Survey Wave 8 (Winter 2014),alter1rel8_sq001_8,alter1.rel [8_SQ001],NA
Network Survey Wave 8 (Winter 2014),alter1rel9_sq001_8,alter1.rel [9_SQ001],NA
Network Survey Wave 8 (Winter 2014),alter1rel10_sq001_8,alter1.rel [10_SQ001],NA
Network Survey Wave 8 (Winter 2014),alter1rel11_sq001_8,alter1.rel [11_SQ001],NA
Network Survey Wave 8 (Winter 2014),alter1rel12_sq001_8,alter1.rel [12_SQ001],NA
Network Survey Wave 8 (Winter 2014),alter1rel13_sq001_8,alter1.rel [13_SQ001],NA
Network Survey Wave 8 (Winter 2014),alter1rel14_sq001_8,alter1.rel [14_SQ001],NA
Network Survey Wave 8 (Winter 2014),alter2rel1_sq019_8,alter2.rel [1_SQ019],NA
Network Survey Wave 8 (Winter 2014),alter2rel2_sq019_8,alter2.rel [2_SQ019],NA
Network Survey Wave 8 (Winter 2014),alter2rel3_sq019_8,alter2.rel [3_SQ019],NA
Network Survey Wave 8 (Winter 2014),alter2rel4_sq019_8,alter2.rel [4_SQ019],NA
Network Survey Wave 8 (Winter 2014),alter2rel5_sq019_8,alter2.rel [5_SQ019],NA
Network Survey Wave 8 (Winter 2014),alter2rel6_sq019_8,alter2.rel [6_SQ019],NA
Network Survey Wave 8 (Winter 2014),alter2rel7_sq019_8,alter2.rel [7_SQ019],NA
Network Survey Wave 8 (Winter 2014),alter2rel8_sq019_8,alter2.rel [8_SQ019],NA
Network Survey Wave 8 (Winter 2014),alter2rel9_sq019_8,alter2.rel [9_SQ019],NA
Network Survey Wave 8 (Winter 2014),alter2rel10_sq019_8,alter2.rel [10_SQ019],NA
Network Survey Wave 8 (Winter 2014),alter2rel11_sq019_8,alter2.rel [11_SQ019],NA
Network Survey Wave 8 (Winter 2014),alter2rel12_sq019_8,alter2.rel [12_SQ019],NA
Network Survey Wave 8 (Winter 2014),alter2rel13_sq019_8,alter2.rel [13_SQ019],NA
Network Survey Wave 8 (Winter 2014),alter3rel1_sq019_8,alter3.rel [1_SQ019],NA
Network Survey Wave 8 (Winter 2014),alter3rel2_sq019_8,alter3.rel [2_SQ019],NA
Network Survey Wave 8 (Winter 2014),alter3rel3_sq019_8,alter3.rel [3_SQ019],NA
Network Survey Wave 8 (Winter 2014),alter3rel4_sq019_8,alter3.rel [4_SQ019],NA
Network Survey Wave 8 (Winter 2014),alter3rel5_sq019_8,alter3.rel [5_SQ019],NA
Network Survey Wave 8 (Winter 2014),alter3rel6_sq019_8,alter3.rel [6_SQ019],NA
Network Survey Wave 8 (Winter 2014),alter3rel7_sq019_8,alter3.rel [7_SQ019],NA
Network Survey Wave 8 (Winter 2014),alter3rel8_sq019_8,alter3.rel [8_SQ019],NA
Network Survey Wave 8 (Winter 2014),alter3rel9_sq019_8,alter3.rel [9_SQ019],NA
Network Survey Wave 8 (Winter 2014),alter3rel10_sq019_8,alter3.rel [10_SQ019],NA
Network Survey Wave 8 (Winter 2014),alter3rel11_sq019_8,alter3.rel [11_SQ019],NA
Network Survey Wave 8 (Winter 2014),alter3rel12_sq019_8,alter3.rel [12_SQ019],NA
Network Survey Wave 8 (Winter 2014),alter4rel1_sq019_8,alter4.rel [1_SQ019],NA
Network Survey Wave 8 (Winter 2014),alter4rel2_sq019_8,alter4.rel [2_SQ019],NA
Network Survey Wave 8 (Winter 2014),alter4rel3_sq019_8,alter4.rel [3_SQ019],NA
Network Survey Wave 8 (Winter 2014),alter4rel4_sq019_8,alter4.rel [4_SQ019],NA
Network Survey Wave 8 (Winter 2014),alter4rel5_sq019_8,alter4.rel [5_SQ019],NA
Network Survey Wave 8 (Winter 2014),alter4rel6_sq019_8,alter4.rel [6_SQ019],NA
Network Survey Wave 8 (Winter 2014),alter4rel7_sq019_8,alter4.rel [7_SQ019],NA
Network Survey Wave 8 (Winter 2014),alter4rel8_sq019_8,alter4.rel [8_SQ019],NA
Network Survey Wave 8 (Winter 2014),alter4rel9_sq019_8,alter4.rel [9_SQ019],NA
Network Survey Wave 8 (Winter 2014),alter4rel10_sq019_8,alter4.rel [10_SQ019],NA
Network Survey Wave 8 (Winter 2014),alter4rel11_sq019_8,alter4.rel [11_SQ019],NA
Network Survey Wave 8 (Winter 2014),alter5rel1_sq019_8,alter5.rel [1_SQ019],NA
Network Survey Wave 8 (Winter 2014),alter5rel2_sq019_8,alter5.rel [2_SQ019],NA
Network Survey Wave 8 (Winter 2014),alter5rel3_sq019_8,alter5.rel [3_SQ019],NA
Network Survey Wave 8 (Winter 2014),alter5rel4_sq019_8,alter5.rel [4_SQ019],NA
Network Survey Wave 8 (Winter 2014),alter5rel5_sq019_8,alter5.rel [5_SQ019],NA
Network Survey Wave 8 (Winter 2014),alter5rel6_sq019_8,alter5.rel [6_SQ019],NA
Network Survey Wave 8 (Winter 2014),alter5rel7_sq019_8,alter5.rel [7_SQ019],NA
Network Survey Wave 8 (Winter 2014),alter5rel8_sq019_8,alter5.rel [8_SQ019],NA
Network Survey Wave 8 (Winter 2014),alter5rel9_sq019_8,alter5.rel [9_SQ019],NA
Network Survey Wave 8 (Winter 2014),alter5rel10_sq019_8,alter5.rel [10_SQ019],NA
Network Survey Wave 8 (Winter 2014),alter6rel1_sq019_8,alter6.rel [1_SQ019],NA
Network Survey Wave 8 (Winter 2014),alter6rel2_sq019_8,alter6.rel [2_SQ019],NA
Network Survey Wave 8 (Winter 2014),alter6rel3_sq019_8,alter6.rel [3_SQ019],NA
Network Survey Wave 8 (Winter 2014),alter6rel4_sq019_8,alter6.rel [4_SQ019],NA
Network Survey Wave 8 (Winter 2014),alter6rel5_sq019_8,alter6.rel [5_SQ019],NA
Network Survey Wave 8 (Winter 2014),alter6rel6_sq019_8,alter6.rel [6_SQ019],NA
Network Survey Wave 8 (Winter 2014),alter6rel7_sq019_8,alter6.rel [7_SQ019],NA
Network Survey Wave 8 (Winter 2014),alter6rel8_sq019_8,alter6.rel [8_SQ019],NA
Network Survey Wave 8 (Winter 2014),alter6rel9_sq019_8,alter6.rel [9_SQ019],NA
Network Survey Wave 8 (Winter 2014),alter7rel1_sq019_8,alter7.rel [1_SQ019],NA
Network Survey Wave 8 (Winter 2014),alter7rel2_sq019_8,alter7.rel [2_SQ019],NA
Network Survey Wave 8 (Winter 2014),alter7rel3_sq019_8,alter7.rel [3_SQ019],NA
Network Survey Wave 8 (Winter 2014),alter7rel4_sq019_8,alter7.rel [4_SQ019],NA
Network Survey Wave 8 (Winter 2014),alter7rel5_sq019_8,alter7.rel [5_SQ019],NA
Network Survey Wave 8 (Winter 2014),alter7rel6_sq019_8,alter7.rel [6_SQ019],NA
Network Survey Wave 8 (Winter 2014),alter7rel7_sq019_8,alter7.rel [7_SQ019],NA
Network Survey Wave 8 (Winter 2014),alter7rel8_sq019_8,alter7.rel [8_SQ019],NA
Network Survey Wave 8 (Winter 2014),alter8rel1_sq019_8,alter8.rel [1_SQ019],NA
Network Survey Wave 8 (Winter 2014),alter8rel2_sq019_8,alter8.rel [2_SQ019],NA
Network Survey Wave 8 (Winter 2014),alter8rel3_sq019_8,alter8.rel [3_SQ019],NA
Network Survey Wave 8 (Winter 2014),alter8rel4_sq019_8,alter8.rel [4_SQ019],NA
Network Survey Wave 8 (Winter 2014),alter8rel5_sq019_8,alter8.rel [5_SQ019],NA
Network Survey Wave 8 (Winter 2014),alter8rel6_sq019_8,alter8.rel [6_SQ019],NA
Network Survey Wave 8 (Winter 2014),alter8rel7_sq019_8,alter8.rel [7_SQ019],NA
Network Survey Wave 8 (Winter 2014),alter9rel1_sq019_8,alter9.rel [1_SQ019],NA
Network Survey Wave 8 (Winter 2014),alter9rel2_sq019_8,alter9.rel [2_SQ019],NA
Network Survey Wave 8 (Winter 2014),alter9rel3_sq019_8,alter9.rel [3_SQ019],NA
Network Survey Wave 8 (Winter 2014),alter9rel4_sq019_8,alter9.rel [4_SQ019],NA
Network Survey Wave 8 (Winter 2014),alter9rel5_sq019_8,alter9.rel [5_SQ019],NA
Network Survey Wave 8 (Winter 2014),alter9rel6_sq019_8,alter9.rel [6_SQ019],NA
Network Survey Wave 8 (Winter 2014),startlanguage_8,Start language,NA
Network Survey Wave 8 (Winter 2014),token_8,Token,NA
Network Survey Wave 8 (Winter 2014),id_8,Survey ID,NA
Network Survey Wave 8 (Winter 2014),completed_8,Completed,NA
Network Survey Wave 8 (Winter 2014),lastpageseen_8,Last page seen,NA
Network Survey Wave 8 (Winter 2014),FirstName_8,First Name,NA
Network Survey Wave 8 (Winter 2014),LastName_8,Last Name,NA
Network Survey Wave 8 (Winter 2014),numberalter_8,Number.alter,NA
Network Survey Wave 8 (Winter 2014),survey_8,Survey,NA
Network Survey Wave 8 (Winter 2014),_merge,1 | 2 | 3 | 4 | 5,NA
Network Survey Wave 8 (Winter 2014),socialcontextWork_8,Interact at work,NA
Network Survey Wave 8 (Winter 2014),socialcontextTextcalling_8,Interact through text or calling,NA
Network Survey Wave 8 (Winter 2014),socialcontextInternet_8,Interact through the internet,NA
Network Survey Wave 8 (Winter 2014),socialcontextCulturalathletic_8,Interact through cultural or athletic event,NA
Network Survey Wave 8 (Winter 2014),socialcontextOther_8,Interact Other,NA
Network Survey Wave 8 (Winter 2014),alterother_8,Relationship type other,NA
Network Survey Wave 8 (Winter 2014),whatdorm_8,Dorm of alter,NA
Network Survey Wave 8 (Winter 2014),gender_8,Gender,NA
Network Survey Wave 8 (Winter 2014),race_8,1 | 2 | 3 | 4 | 5 | 6 | 7 | 8 | 9,NA
Network Survey Wave 8 (Winter 2014),reltype_8,Relationship Type,NA
Network Survey Wave 8 (Winter 2014),subjectivesimilar_8,Ego's perception of similarity to alter,NA
Network Survey Wave 8 (Winter 2014),duplicate,NA,NA
Network Survey Wave 8 (Winter 2014),duplicate_name_8,NA,NA
Network Survey Wave 8 (Winter 2014),duplicate_number_8,NA,NA
Demographic Surveys,egoid,EgoID,NA
Demographic Surveys,completed_6,NA,NA
Demographic Surveys,firstname_6,FirstName_6,NA
Demographic Surveys,lastname_6,LastName_6,NA
Demographic Surveys,duplicate,NA,NA
Demographic Surveys,id_6,NA,NA
Demographic Surveys,netid,NA,NA
Demographic Surveys,_merge_6,NA,NA
Demographic Surveys,phonenumber,NA,NA
Demographic Surveys,lastpageseen_6,NA,NA
Demographic Surveys,startlanguage_6,NA,NA
Demographic Surveys,namenetidsq004_6,NA,NA
Demographic Surveys,spring2013grade_6,NA,NA
Demographic Surveys,semwork_6,NA,NA
Demographic Surveys,clubs1_6,NA,NA
Demographic Surveys,clubs2_6,NA,NA
Demographic Surveys,clubs3_6,NA,NA
Demographic Surveys,clubs4_6,NA,NA
Demographic Surveys,clubs5_6,NA,NA
Demographic Surveys,clubs6_6,NA,NA
Demographic Surveys,clubs7_6,NA,NA
Demographic Surveys,clubs8_6,NA,NA
Demographic Surveys,clubs9_6,NA,NA
Demographic Surveys,clubs10_6,NA,NA
Demographic Surveys,major_6,NA,NA
Demographic Surveys,semclasses1_6,NA,NA
Demographic Surveys,semclasses2_6,NA,NA
Demographic Surveys,semclasses3_6,NA,NA
Demographic Surveys,semclasses4_6,NA,NA
Demographic Surveys,semclasses5_6,NA,NA
Demographic Surveys,semclasses6_6,NA,NA
Demographic Surveys,semclasses7_6,NA,NA
Demographic Surveys,weight_6,NA,NA
Demographic Surveys,heightsq001_6,NA,NA
Demographic Surveys,heightsq002_6,NA,NA
Demographic Surveys,health_6,NA,NA
Demographic Surveys,happy_6,NA,NA
Demographic Surveys,iamsomeonewho1_6,NA,NA
Demographic Surveys,iamsomeonewho2r_6,NA,NA
Demographic Surveys,iamsomeonewho3_6,NA,NA
Demographic Surveys,iamsomeonewho4_6,NA,NA
Demographic Surveys,iamsomeonewho5_6,NA,NA
Demographic Surveys,iamsomeonewho6r_6,NA,NA
Demographic Surveys,iamsomeonewho7_6,NA,NA
Demographic Surveys,iamsomeonewho8r_6,NA,NA
Demographic Surveys,iamsomeonewho9r_6,NA,NA
Demographic Surveys,iamsomeonewho10_6,NA,NA
Demographic Surveys,iamsomeonewho11_6,NA,NA
Demographic Surveys,iamsomeonewho12r_6,NA,NA
Demographic Surveys,iamsomeonewho13_6,NA,NA
Demographic Surveys,iamsomeonewho14_6,NA,NA
Demographic Surveys,iamsomeonewho15_6,NA,NA
Demographic Surveys,iamsomeonewho16_6,NA,NA
Demographic Surveys,iamsomeonewho17_6,NA,NA
Demographic Surveys,iamsomeonewho18r_6,NA,NA
Demographic Surveys,iamsomeonewho19_6,NA,NA
Demographic Surveys,iamsomeonewho20_6,NA,NA
Demographic Surveys,iamsomeonewho21r_6,NA,NA
Demographic Surveys,iamsomeonewho22_6,NA,NA
Demographic Surveys,iamsomeonewho23r_6,NA,NA
Demographic Surveys,iamsomeonewho24r_6,NA,NA
Demographic Surveys,iamsomeonewho25_6,NA,NA
Demographic Surveys,iamsomeonewho26_6,NA,NA
Demographic Surveys,iamsomeonewho27r_6,NA,NA
Demographic Surveys,iamsomeonewho28_6,NA,NA
Demographic Surveys,iamsomeonewho29_6,NA,NA
Demographic Surveys,iamsomeonewho30_6,NA,NA
Demographic Surveys,iamsomeonewho31r_6,NA,NA
Demographic Surveys,iamsomeonewho32_6,NA,NA
Demographic Surveys,iamsomeonewho33_6,NA,NA
Demographic Surveys,iamsomeonewho34r_6,NA,NA
Demographic Surveys,iamsomeonewho35r_6,NA,NA
Demographic Surveys,iamsomeonewho36_6,NA,NA
Demographic Surveys,iamsomeonewho37r_6,NA,NA
Demographic Surveys,iamsomeonewho38_6,NA,NA
Demographic Surveys,iamsomeonewho39_6,NA,NA
Demographic Surveys,iamsomeonewho40_6,NA,NA
Demographic Surveys,iamsomeonewho41r_6,NA,NA
Demographic Surveys,iamsomeonewho42_6,NA,NA
Demographic Surveys,iamsomeonewho43r_6,NA,NA
Demographic Surveys,iamsomeonewho44_6,NA,NA
Demographic Surveys,wellbeing1_6,NA,NA
Demographic Surveys,wellbeing2_6,NA,NA
Demographic Surveys,wellbeing3_6,NA,NA
Demographic Surveys,wellbeing4_6,NA,NA
Demographic Surveys,wellbeing5_6,NA,NA
Demographic Surveys,activity1_6,NA,NA
Demographic Surveys,activity2_6,NA,NA
Demographic Surveys,activity3_6,NA,NA
Demographic Surveys,activity4_6,NA,NA
Demographic Surveys,activity5_6,NA,NA
Demographic Surveys,activity6_6,NA,NA
Demographic Surveys,activity7_6,NA,NA
Demographic Surveys,activity8_6,NA,NA
Demographic Surveys,activity9_6,NA,NA
Demographic Surveys,activity10_6,NA,NA
Demographic Surveys,activity11_6,NA,NA
Demographic Surveys,activity12_6,NA,NA
Demographic Surveys,activity13_6,NA,NA
Demographic Surveys,activity14_6,NA,NA
Demographic Surveys,timeperweekactivea_6,NA,NA
Demographic Surveys,timeperweekactiveb_6,NA,NA
Demographic Surveys,timeperweekactivec_6,NA,NA
Demographic Surveys,timeperweekactived_6,NA,NA
Demographic Surveys,timeperweekactivee_6,NA,NA
Demographic Surveys,timeperweekactivef_6,NA,NA
Demographic Surveys,timeperweekactiveg_6,NA,NA
Demographic Surveys,timeperweekactiveh_6,NA,NA
Demographic Surveys,timeperweekactivei_6,NA,NA
Demographic Surveys,timeperweekactivej_6,NA,NA
Demographic Surveys,timeperweekactivek_6,NA,NA
Demographic Surveys,timeperweekactivel_6,NA,NA
Demographic Surveys,timeperweekactivem_6,NA,NA
Demographic Surveys,timeperweekactiven_6,NA,NA
Demographic Surveys,importance1_6,NA,NA
Demographic Surveys,importance2_6,NA,NA
Demographic Surveys,importance3_6,NA,NA
Demographic Surveys,importance4_6,NA,NA
Demographic Surveys,importance5_6,NA,NA
Demographic Surveys,importance6_6,NA,NA
Demographic Surveys,importance7_6,NA,NA
Demographic Surveys,importance8_6,NA,NA
Demographic Surveys,importance9_6,NA,NA
Demographic Surveys,importance10_6,NA,NA
Demographic Surveys,importance11_6,NA,NA
Demographic Surveys,importance12_6,NA,NA
Demographic Surveys,importance13_6,NA,NA
Demographic Surveys,importance14_6,NA,NA
Demographic Surveys,importance15_6,NA,NA
Demographic Surveys,importance16_6,NA,NA
Demographic Surveys,guesschance1_6,NA,NA
Demographic Surveys,guesschance2_6,NA,NA
Demographic Surveys,guesschance3_6,NA,NA
Demographic Surveys,guesschance4_6,NA,NA
Demographic Surveys,guesschance5_6,NA,NA
Demographic Surveys,guesschance6_6,NA,NA
Demographic Surveys,guesschance7_6,NA,NA
Demographic Surveys,guesschance8_6,NA,NA
Demographic Surveys,guesschance9_6,NA,NA
Demographic Surveys,guesschance10_6,NA,NA
Demographic Surveys,guesschance11_6,NA,NA
Demographic Surveys,guesschance12_6,NA,NA
Demographic Surveys,guesschance13_6,NA,NA
Demographic Surveys,guesschance14_6,NA,NA
Demographic Surveys,political_6,NA,NA
Demographic Surveys,deathpen_6,NA,NA
Demographic Surveys,marijuana_6,NA,NA
Demographic Surveys,abortion_6,NA,NA
Demographic Surveys,homosexual_6,NA,NA
Demographic Surveys,gaymarriage_6,NA,NA
Demographic Surveys,premaritalsex_6,NA,NA
Demographic Surveys,euthanasia_6,NA,NA
Demographic Surveys,fswelfare_6,NA,NA
Demographic Surveys,fssocsec_6,NA,NA
Demographic Surveys,healthins_6,NA,NA
Demographic Surveys,jobguar_6,NA,NA
Demographic Surveys,govnservices_6,NA,NA
Demographic Surveys,toomucheqrights_6,NA,NA
Demographic Surveys,eqchances_6,NA,NA
Demographic Surveys,moreeqchances1_6,NA,NA
Demographic Surveys,lesseq_6,NA,NA
Demographic Surveys,racediscrim_6,NA,NA
Demographic Surveys,musicpref1_6,NA,NA
Demographic Surveys,musicpref2_6,NA,NA
Demographic Surveys,musicpref3_6,NA,NA
Demographic Surveys,musicpref4_6,NA,NA
Demographic Surveys,musicpref5_6,NA,NA
Demographic Surveys,musicpref6_6,NA,NA
Demographic Surveys,musicpref7_6,NA,NA
Demographic Surveys,musicpref8_6,NA,NA
Demographic Surveys,musicpref9_6,NA,NA
Demographic Surveys,musicpref10_6,NA,NA
Demographic Surveys,musicpref11_6,NA,NA
Demographic Surveys,musicpref12_6,NA,NA
Demographic Surveys,musicpref13_6,NA,NA
Demographic Surveys,musicpref14_6,NA,NA
Demographic Surveys,musicpref15_6,NA,NA
Demographic Surveys,musicpref16_6,NA,NA
Demographic Surveys,musicpref17_6,NA,NA
Demographic Surveys,musicpref18_6,NA,NA
Demographic Surveys,musicpref19_6,NA,NA
Demographic Surveys,musicpref20_6,NA,NA
Demographic Surveys,musicpref21_6,NA,NA
Demographic Surveys,musicpref22_6,NA,NA
Demographic Surveys,musicprefother_6,NA,NA
Demographic Surveys,booksread_6,NA,NA
Demographic Surveys,typebookread1_6,NA,NA
Demographic Surveys,typebookread2_6,NA,NA
Demographic Surveys,typebookread3_6,NA,NA
Demographic Surveys,typebookread4_6,NA,NA
Demographic Surveys,typebookread5_6,NA,NA
Demographic Surveys,typebookread6_6,NA,NA
Demographic Surveys,typebookread7_6,NA,NA
Demographic Surveys,typebookread8_6,NA,NA
Demographic Surveys,typebookread9_6,NA,NA
Demographic Surveys,typebookreadother_6,NA,NA
Demographic Surveys,interestitems1_6,NA,NA
Demographic Surveys,interestitems2_6,NA,NA
Demographic Surveys,interestitems3_6,NA,NA
Demographic Surveys,interestitems4_6,NA,NA
Demographic Surveys,interestitems5_6,NA,NA
Demographic Surveys,interestitems6_6,NA,NA
Demographic Surveys,selfrelig_6,NA,NA
Demographic Surveys,occupationmom_6,NA,NA
Demographic Surveys,occupationdad_6,NA,NA
Demographic Surveys,occupationstudent_6,NA,NA
Demographic Surveys,parentsmarriage_6,NA,NA
Demographic Surveys,v208,firstname_6,NA
Demographic Surveys,v209,lastname_6,NA
Demographic Surveys,emailaddress_6,NA,NA
Demographic Surveys,token_6,NA,NA
Demographic Surveys,extraversion_6,NA,NA
Demographic Surveys,agreeableness_6,NA,NA
Demographic Surveys,conscientiousness_6,NA,NA
Demographic Surveys,neuroticism_6,NA,NA
Demographic Surveys,openness_6,NA,NA
Demographic Surveys,completed_5,NA,NA
Demographic Surveys,firstname_5,FirstName_5,NA
Demographic Surveys,lastname_5,LastName_5,NA
Demographic Surveys,id_5,NA,NA
Demographic Surveys,_merge_5,NA,NA
Demographic Surveys,lastpageseen_5,NA,NA
Demographic Surveys,startlanguage_5,NA,NA
Demographic Surveys,namenetidsq004_5,NA,NA
Demographic Surveys,fall2012grade_5,NA,NA
Demographic Surveys,semwork_5,NA,NA
Demographic Surveys,clubs1_5,NA,NA
Demographic Surveys,clubs2_5,NA,NA
Demographic Surveys,clubs3_5,NA,NA
Demographic Surveys,clubs4_5,NA,NA
Demographic Surveys,clubs5_5,NA,NA
Demographic Surveys,clubs6_5,NA,NA
Demographic Surveys,clubs7_5,NA,NA
Demographic Surveys,clubs8_5,NA,NA
Demographic Surveys,clubs9_5,NA,NA
Demographic Surveys,clubs10_5,NA,NA
Demographic Surveys,major_5,NA,NA
Demographic Surveys,semclasses1_5,NA,NA
Demographic Surveys,semclasses2_5,NA,NA
Demographic Surveys,semclasses3_5,NA,NA
Demographic Surveys,semclasses4_5,NA,NA
Demographic Surveys,semclasses5_5,NA,NA
Demographic Surveys,semclasses6_5,NA,NA
Demographic Surveys,semclasses7_5,NA,NA
Demographic Surveys,weight_5,NA,NA
Demographic Surveys,heightsq001_5,NA,NA
Demographic Surveys,heightsq002_5,NA,NA
Demographic Surveys,health_5,NA,NA
Demographic Surveys,happy_5,NA,NA
Demographic Surveys,iamsomeonewho1_5,NA,NA
Demographic Surveys,iamsomeonewho2r_5,NA,NA
Demographic Surveys,iamsomeonewho3_5,NA,NA
Demographic Surveys,iamsomeonewho4_5,NA,NA
Demographic Surveys,iamsomeonewho5_5,NA,NA
Demographic Surveys,iamsomeonewho6r_5,NA,NA
Demographic Surveys,iamsomeonewho7_5,NA,NA
Demographic Surveys,iamsomeonewho8r_5,NA,NA
Demographic Surveys,iamsomeonewho9r_5,NA,NA
Demographic Surveys,iamsomeonewho10_5,NA,NA
Demographic Surveys,iamsomeonewho11_5,NA,NA
Demographic Surveys,iamsomeonewho12r_5,NA,NA
Demographic Surveys,iamsomeonewho13_5,NA,NA
Demographic Surveys,iamsomeonewho14_5,NA,NA
Demographic Surveys,iamsomeonewho15_5,NA,NA
Demographic Surveys,iamsomeonewho16_5,NA,NA
Demographic Surveys,iamsomeonewho17_5,NA,NA
Demographic Surveys,iamsomeonewho18r_5,NA,NA
Demographic Surveys,iamsomeonewho19_5,NA,NA
Demographic Surveys,iamsomeonewho20_5,NA,NA
Demographic Surveys,iamsomeonewho21r_5,NA,NA
Demographic Surveys,iamsomeonewho22_5,NA,NA
Demographic Surveys,iamsomeonewho23r_5,NA,NA
Demographic Surveys,iamsomeonewho24r_5,NA,NA
Demographic Surveys,iamsomeonewho25_5,NA,NA
Demographic Surveys,iamsomeonewho26_5,NA,NA
Demographic Surveys,iamsomeonewho27r_5,NA,NA
Demographic Surveys,iamsomeonewho28_5,NA,NA
Demographic Surveys,iamsomeonewho29_5,NA,NA
Demographic Surveys,iamsomeonewho30_5,NA,NA
Demographic Surveys,iamsomeonewho31r_5,NA,NA
Demographic Surveys,iamsomeonewho32_5,NA,NA
Demographic Surveys,iamsomeonewho33_5,NA,NA
Demographic Surveys,iamsomeonewho34r_5,NA,NA
Demographic Surveys,iamsomeonewho35r_5,NA,NA
Demographic Surveys,iamsomeonewho36_5,NA,NA
Demographic Surveys,iamsomeonewho37r_5,NA,NA
Demographic Surveys,iamsomeonewho38_5,NA,NA
Demographic Surveys,iamsomeonewho39_5,NA,NA
Demographic Surveys,iamsomeonewho40_5,NA,NA
Demographic Surveys,iamsomeonewho41r_5,NA,NA
Demographic Surveys,iamsomeonewho42_5,NA,NA
Demographic Surveys,iamsomeonewho43r_5,NA,NA
Demographic Surveys,iamsomeonewho44_5,NA,NA
Demographic Surveys,wellbeing1_5,NA,NA
Demographic Surveys,wellbeing2_5,NA,NA
Demographic Surveys,wellbeing3_5,NA,NA
Demographic Surveys,wellbeing4_5,NA,NA
Demographic Surveys,wellbeing5_5,NA,NA
Demographic Surveys,activity1_5,NA,NA
Demographic Surveys,activity2_5,NA,NA
Demographic Surveys,activity3_5,NA,NA
Demographic Surveys,activity4_5,NA,NA
Demographic Surveys,activity5_5,NA,NA
Demographic Surveys,activity6_5,NA,NA
Demographic Surveys,activity7_5,NA,NA
Demographic Surveys,activity8_5,NA,NA
Demographic Surveys,activity9_5,NA,NA
Demographic Surveys,activity10_5,NA,NA
Demographic Surveys,activity11_5,NA,NA
Demographic Surveys,activity12_5,NA,NA
Demographic Surveys,activity13_5,NA,NA
Demographic Surveys,activity14_5,NA,NA
Demographic Surveys,timeperweekactivea_5,NA,NA
Demographic Surveys,timeperweekactiveb_5,NA,NA
Demographic Surveys,timeperweekactivec_5,NA,NA
Demographic Surveys,timeperweekactived_5,NA,NA
Demographic Surveys,timeperweekactivee_5,NA,NA
Demographic Surveys,timeperweekactivef_5,NA,NA
Demographic Surveys,timeperweekactiveg_5,NA,NA
Demographic Surveys,timeperweekactiveh_5,NA,NA
Demographic Surveys,timeperweekactivei_5,NA,NA
Demographic Surveys,timeperweekactivej_5,NA,NA
Demographic Surveys,timeperweekactivek_5,NA,NA
Demographic Surveys,timeperweekactivel_5,NA,NA
Demographic Surveys,timeperweekactivem_5,NA,NA
Demographic Surveys,timeperweekactiven_5,NA,NA
Demographic Surveys,importance1_5,NA,NA
Demographic Surveys,importance2_5,NA,NA
Demographic Surveys,importance3_5,NA,NA
Demographic Surveys,importance4_5,NA,NA
Demographic Surveys,importance5_5,NA,NA
Demographic Surveys,importance6_5,NA,NA
Demographic Surveys,importance7_5,NA,NA
Demographic Surveys,importance8_5,NA,NA
Demographic Surveys,importance9_5,NA,NA
Demographic Surveys,importance10_5,NA,NA
Demographic Surveys,importance11_5,NA,NA
Demographic Surveys,importance12_5,NA,NA
Demographic Surveys,importance13_5,NA,NA
Demographic Surveys,importance14_5,NA,NA
Demographic Surveys,importance15_5,NA,NA
Demographic Surveys,importance16_5,NA,NA
Demographic Surveys,guesschance1_5,NA,NA
Demographic Surveys,guesschance2_5,NA,NA
Demographic Surveys,guesschance3_5,NA,NA
Demographic Surveys,guesschance4_5,NA,NA
Demographic Surveys,guesschance5_5,NA,NA
Demographic Surveys,guesschance6_5,NA,NA
Demographic Surveys,guesschance7_5,NA,NA
Demographic Surveys,guesschance8_5,NA,NA
Demographic Surveys,guesschance9_5,NA,NA
Demographic Surveys,guesschance10_5,NA,NA
Demographic Surveys,guesschance11_5,NA,NA
Demographic Surveys,guesschance12_5,NA,NA
Demographic Surveys,guesschance13_5,NA,NA
Demographic Surveys,guesschance14_5,NA,NA
Demographic Surveys,political_5,NA,NA
Demographic Surveys,deathpen_5,NA,NA
Demographic Surveys,marijuana_5,NA,NA
Demographic Surveys,abortion_5,NA,NA
Demographic Surveys,homosexual_5,NA,NA
Demographic Surveys,gaymarriage_5,NA,NA
Demographic Surveys,premaritalsex_5,NA,NA
Demographic Surveys,euthanasia_5,NA,NA
Demographic Surveys,fswelfare_5,NA,NA
Demographic Surveys,fssocsec_5,NA,NA
Demographic Surveys,healthins_5,NA,NA
Demographic Surveys,jobguar_5,NA,NA
Demographic Surveys,govnservices_5,NA,NA
Demographic Surveys,toomucheqrights_5,NA,NA
Demographic Surveys,eqchances_5,NA,NA
Demographic Surveys,moreeqchances1_5,NA,NA
Demographic Surveys,lesseq_5,NA,NA
Demographic Surveys,racediscrim_5,NA,NA
Demographic Surveys,musicpref1_5,NA,NA
Demographic Surveys,musicpref2_5,NA,NA
Demographic Surveys,musicpref3_5,NA,NA
Demographic Surveys,musicpref4_5,NA,NA
Demographic Surveys,musicpref5_5,NA,NA
Demographic Surveys,musicpref6_5,NA,NA
Demographic Surveys,musicpref7_5,NA,NA
Demographic Surveys,musicpref8_5,NA,NA
Demographic Surveys,musicpref9_5,NA,NA
Demographic Surveys,musicpref10_5,NA,NA
Demographic Surveys,musicpref11_5,NA,NA
Demographic Surveys,musicpref12_5,NA,NA
Demographic Surveys,musicpref13_5,NA,NA
Demographic Surveys,musicpref14_5,NA,NA
Demographic Surveys,musicpref15_5,NA,NA
Demographic Surveys,musicpref16_5,NA,NA
Demographic Surveys,musicpref17_5,NA,NA
Demographic Surveys,musicpref18_5,NA,NA
Demographic Surveys,musicpref19_5,NA,NA
Demographic Surveys,musicpref20_5,NA,NA
Demographic Surveys,musicpref21_5,NA,NA
Demographic Surveys,musicpref22_5,NA,NA
Demographic Surveys,musicprefother_5,NA,NA
Demographic Surveys,booksread_5,NA,NA
Demographic Surveys,typebookread1_5,NA,NA
Demographic Surveys,typebookread2_5,NA,NA
Demographic Surveys,typebookread3_5,NA,NA
Demographic Surveys,typebookread4_5,NA,NA
Demographic Surveys,typebookread5_5,NA,NA
Demographic Surveys,typebookread6_5,NA,NA
Demographic Surveys,typebookread7_5,NA,NA
Demographic Surveys,typebookread8_5,NA,NA
Demographic Surveys,typebookread9_5,NA,NA
Demographic Surveys,typebookreadother_5,NA,NA
Demographic Surveys,interestitems1_5,NA,NA
Demographic Surveys,interestitems2_5,NA,NA
Demographic Surveys,interestitems3_5,NA,NA
Demographic Surveys,interestitems4_5,NA,NA
Demographic Surveys,interestitems5_5,NA,NA
Demographic Surveys,interestitems6_5,NA,NA
Demographic Surveys,election2012_5,NA,NA
Demographic Surveys,selfrelig_5,NA,NA
Demographic Surveys,occupationmom_5,NA,NA
Demographic Surveys,occupationdad_5,NA,NA
Demographic Surveys,occupationstudent_5,NA,NA
Demographic Surveys,parentsmarriage_5,NA,NA
Demographic Surveys,v421,firstname_5,NA
Demographic Surveys,v422,lastname_5,NA
Demographic Surveys,emailaddress_5,NA,NA
Demographic Surveys,token_5,NA,NA
Demographic Surveys,extraversion_5,NA,NA
Demographic Surveys,agreeableness_5,NA,NA
Demographic Surveys,conscientiousness_5,NA,NA
Demographic Surveys,neuroticism_5,NA,NA
Demographic Surveys,openness_5,NA,NA
Demographic Surveys,completed_4,NA,NA
Demographic Surveys,firstname_4,FirstName_4,NA
Demographic Surveys,lastname_4,LastName_4,NA
Demographic Surveys,id_4,NA,NA
Demographic Surveys,_merge_4,NA,NA
Demographic Surveys,lastpageseen_4,NA,NA
Demographic Surveys,startlanguage_4,NA,NA
Demographic Surveys,namenetidsq004_4,NA,NA
Demographic Surveys,spring2012grade_4,NA,NA
Demographic Surveys,semwork_4,NA,NA
Demographic Surveys,clubs1_4,NA,NA
Demographic Surveys,clubs2_4,NA,NA
Demographic Surveys,clubs3_4,NA,NA
Demographic Surveys,clubs4_4,NA,NA
Demographic Surveys,clubs5_4,NA,NA
Demographic Surveys,clubs6_4,NA,NA
Demographic Surveys,clubs7_4,NA,NA
Demographic Surveys,clubs8_4,NA,NA
Demographic Surveys,clubs9_4,NA,NA
Demographic Surveys,clubs10_4,NA,NA
Demographic Surveys,major_4,NA,NA
Demographic Surveys,weight_4,NA,NA
Demographic Surveys,health_4,NA,NA
Demographic Surveys,happy_4,NA,NA
Demographic Surveys,iamsomeonewho1_4,NA,NA
Demographic Surveys,iamsomeonewho2r_4,NA,NA
Demographic Surveys,iamsomeonewho3_4,NA,NA
Demographic Surveys,iamsomeonewho4_4,NA,NA
Demographic Surveys,iamsomeonewho5_4,NA,NA
Demographic Surveys,iamsomeonewho6r_4,NA,NA
Demographic Surveys,iamsomeonewho7_4,NA,NA
Demographic Surveys,iamsomeonewho8r_4,NA,NA
Demographic Surveys,iamsomeonewho9r_4,NA,NA
Demographic Surveys,iamsomeonewho10_4,NA,NA
Demographic Surveys,iamsomeonewho11_4,NA,NA
Demographic Surveys,iamsomeonewho12r_4,NA,NA
Demographic Surveys,iamsomeonewho13_4,NA,NA
Demographic Surveys,iamsomeonewho14_4,NA,NA
Demographic Surveys,iamsomeonewho15_4,NA,NA
Demographic Surveys,iamsomeonewho16_4,NA,NA
Demographic Surveys,iamsomeonewho17_4,NA,NA
Demographic Surveys,iamsomeonewho18r_4,NA,NA
Demographic Surveys,iamsomeonewho19_4,NA,NA
Demographic Surveys,iamsomeonewho20_4,NA,NA
Demographic Surveys,iamsomeonewho21r_4,NA,NA
Demographic Surveys,iamsomeonewho22_4,NA,NA
Demographic Surveys,iamsomeonewho23r_4,NA,NA
Demographic Surveys,iamsomeonewho24r_4,NA,NA
Demographic Surveys,iamsomeonewho25_4,NA,NA
Demographic Surveys,iamsomeonewho26_4,NA,NA
Demographic Surveys,iamsomeonewho27r_4,NA,NA
Demographic Surveys,iamsomeonewho28_4,NA,NA
Demographic Surveys,iamsomeonewho29_4,NA,NA
Demographic Surveys,iamsomeonewho30_4,NA,NA
Demographic Surveys,iamsomeonewho31r_4,NA,NA
Demographic Surveys,iamsomeonewho32_4,NA,NA
Demographic Surveys,iamsomeonewho33_4,NA,NA
Demographic Surveys,iamsomeonewho34r_4,NA,NA
Demographic Surveys,iamsomeonewho35r_4,NA,NA
Demographic Surveys,iamsomeonewho36_4,NA,NA
Demographic Surveys,iamsomeonewho37r_4,NA,NA
Demographic Surveys,iamsomeonewho38_4,NA,NA
Demographic Surveys,iamsomeonewho39_4,NA,NA
Demographic Surveys,iamsomeonewho40_4,NA,NA
Demographic Surveys,iamsomeonewho41r_4,NA,NA
Demographic Surveys,iamsomeonewho42_4,NA,NA
Demographic Surveys,iamsomeonewho43r_4,NA,NA
Demographic Surveys,iamsomeonewho44_4,NA,NA
Demographic Surveys,wellbeing1_4,NA,NA
Demographic Surveys,wellbeing2_4,NA,NA
Demographic Surveys,wellbeing3_4,NA,NA
Demographic Surveys,wellbeing4_4,NA,NA
Demographic Surveys,wellbeing5_4,NA,NA
Demographic Surveys,activity1_4,NA,NA
Demographic Surveys,activity2_4,NA,NA
Demographic Surveys,activity3_4,NA,NA
Demographic Surveys,activity4_4,NA,NA
Demographic Surveys,activity5_4,NA,NA
Demographic Surveys,activity6_4,NA,NA
Demographic Surveys,activity7_4,NA,NA
Demographic Surveys,activity8_4,NA,NA
Demographic Surveys,activity9_4,NA,NA
Demographic Surveys,activity10_4,NA,NA
Demographic Surveys,activity11_4,NA,NA
Demographic Surveys,activity12_4,NA,NA
Demographic Surveys,activity13_4,NA,NA
Demographic Surveys,activity14_4,NA,NA
Demographic Surveys,timeperweekactivea_4,NA,NA
Demographic Surveys,timeperweekactiveb_4,NA,NA
Demographic Surveys,timeperweekactivec_4,NA,NA
Demographic Surveys,timeperweekactived_4,NA,NA
Demographic Surveys,timeperweekactivee_4,NA,NA
Demographic Surveys,timeperweekactivef_4,NA,NA
Demographic Surveys,timeperweekactiveg_4,NA,NA
Demographic Surveys,timeperweekactiveh_4,NA,NA
Demographic Surveys,timeperweekactivei_4,NA,NA
Demographic Surveys,timeperweekactivej_4,NA,NA
Demographic Surveys,timeperweekactivek_4,NA,NA
Demographic Surveys,timeperweekactivel_4,NA,NA
Demographic Surveys,timeperweekactivem_4,NA,NA
Demographic Surveys,timeperweekactiven_4,NA,NA
Demographic Surveys,importance1_4,NA,NA
Demographic Surveys,importance2_4,NA,NA
Demographic Surveys,importance3_4,NA,NA
Demographic Surveys,importance4_4,NA,NA
Demographic Surveys,importance5_4,NA,NA
Demographic Surveys,importance6_4,NA,NA
Demographic Surveys,importance7_4,NA,NA
Demographic Surveys,importance8_4,NA,NA
Demographic Surveys,importance9_4,NA,NA
Demographic Surveys,importance10_4,NA,NA
Demographic Surveys,importance11_4,NA,NA
Demographic Surveys,importance12_4,NA,NA
Demographic Surveys,importance13_4,NA,NA
Demographic Surveys,importance14_4,NA,NA
Demographic Surveys,importance15_4,NA,NA
Demographic Surveys,importance16_4,NA,NA
Demographic Surveys,guesschance1_4,NA,NA
Demographic Surveys,guesschance2_4,NA,NA
Demographic Surveys,guesschance3_4,NA,NA
Demographic Surveys,guesschance4_4,NA,NA
Demographic Surveys,guesschance5_4,NA,NA
Demographic Surveys,guesschance6_4,NA,NA
Demographic Surveys,guesschance7_4,NA,NA
Demographic Surveys,guesschance8_4,NA,NA
Demographic Surveys,guesschance9_4,NA,NA
Demographic Surveys,guesschance10_4,NA,NA
Demographic Surveys,guesschance11_4,NA,NA
Demographic Surveys,guesschance12_4,NA,NA
Demographic Surveys,guesschance13_4,NA,NA
Demographic Surveys,guesschance14_4,NA,NA
Demographic Surveys,political_4,NA,NA
Demographic Surveys,deathpen_4,NA,NA
Demographic Surveys,marijuana_4,NA,NA
Demographic Surveys,abortion_4,NA,NA
Demographic Surveys,homosexual_4,NA,NA
Demographic Surveys,gaymarriage_4,NA,NA
Demographic Surveys,premaritalsex_4,NA,NA
Demographic Surveys,euthanasia_4,NA,NA
Demographic Surveys,fswelfare_4,NA,NA
Demographic Surveys,fssocsec_4,NA,NA
Demographic Surveys,healthins_4,NA,NA
Demographic Surveys,jobguar_4,NA,NA
Demographic Surveys,govnservices_4,NA,NA
Demographic Surveys,toomucheqrights_4,NA,NA
Demographic Surveys,eqchances_4,NA,NA
Demographic Surveys,moreeqchances1_4,NA,NA
Demographic Surveys,lesseq_4,NA,NA
Demographic Surveys,racediscrim_4,NA,NA
Demographic Surveys,musicpref1_4,NA,NA
Demographic Surveys,musicpref2_4,NA,NA
Demographic Surveys,musicpref3_4,NA,NA
Demographic Surveys,musicpref4_4,NA,NA
Demographic Surveys,musicpref5_4,NA,NA
Demographic Surveys,musicpref6_4,NA,NA
Demographic Surveys,musicpref7_4,NA,NA
Demographic Surveys,musicpref8_4,NA,NA
Demographic Surveys,musicpref9_4,NA,NA
Demographic Surveys,musicpref10_4,NA,NA
Demographic Surveys,musicpref11_4,NA,NA
Demographic Surveys,musicpref12_4,NA,NA
Demographic Surveys,musicpref13_4,NA,NA
Demographic Surveys,musicpref14_4,NA,NA
Demographic Surveys,musicpref15_4,NA,NA
Demographic Surveys,musicpref16_4,NA,NA
Demographic Surveys,musicpref17_4,NA,NA
Demographic Surveys,musicpref18_4,NA,NA
Demographic Surveys,musicpref19_4,NA,NA
Demographic Surveys,musicpref20_4,NA,NA
Demographic Surveys,musicpref21_4,NA,NA
Demographic Surveys,musicpref22_4,NA,NA
Demographic Surveys,musicprefother_4,NA,NA
Demographic Surveys,culturalevents1_4,NA,NA
Demographic Surveys,culturalevents2_4,NA,NA
Demographic Surveys,culturalevents3_4,NA,NA
Demographic Surveys,culturalevents4_4,NA,NA
Demographic Surveys,culturalevents5_4,NA,NA
Demographic Surveys,culturalevents6_4,NA,NA
Demographic Surveys,culturalevents7_4,NA,NA
Demographic Surveys,culturalevents8_4,NA,NA
Demographic Surveys,culturalevents9_4,NA,NA
Demographic Surveys,culturalevents10_4,NA,NA
Demographic Surveys,culturalevents11_4,NA,NA
Demographic Surveys,culturalevents12_4,NA,NA
Demographic Surveys,booksread_4,NA,NA
Demographic Surveys,typebookread1_4,NA,NA
Demographic Surveys,typebookread2_4,NA,NA
Demographic Surveys,typebookread3_4,NA,NA
Demographic Surveys,typebookread4_4,NA,NA
Demographic Surveys,typebookread5_4,NA,NA
Demographic Surveys,typebookread6_4,NA,NA
Demographic Surveys,typebookread7_4,NA,NA
Demographic Surveys,typebookread8_4,NA,NA
Demographic Surveys,typebookread9_4,NA,NA
Demographic Surveys,typebookreadother_4,NA,NA
Demographic Surveys,landmarks1_4,NA,NA
Demographic Surveys,landmarks2_4,NA,NA
Demographic Surveys,landmarks3_4,NA,NA
Demographic Surveys,landmarks4_4,NA,NA
Demographic Surveys,landmarks5_4,NA,NA
Demographic Surveys,interestitems1_4,NA,NA
Demographic Surveys,interestitems2_4,NA,NA
Demographic Surveys,interestitems3_4,NA,NA
Demographic Surveys,interestitems4_4,NA,NA
Demographic Surveys,interestitems5_4,NA,NA
Demographic Surveys,interestitems6_4,NA,NA
Demographic Surveys,usesocnetwork1_4,NA,NA
Demographic Surveys,usesocnetwork2_4,NA,NA
Demographic Surveys,usesocnetwork3_4,NA,NA
Demographic Surveys,usesocnetwork4_4,NA,NA
Demographic Surveys,usesocnetwork5_4,NA,NA
Demographic Surveys,usesocnetwork6_4,NA,NA
Demographic Surveys,usesocnetwork7_4,NA,NA
Demographic Surveys,usesocnetwork8_4,NA,NA
Demographic Surveys,usesocnetworkother_4,NA,NA
Demographic Surveys,contacts_4,NA,NA
Demographic Surveys,netsenseprojectqualsq002_4,NA,NA
Demographic Surveys,netsenseprojectqualsq003_4,NA,NA
Demographic Surveys,netsenseprojectqualsq001_4,NA,NA
Demographic Surveys,quizreaction_4,NA,NA
Demographic Surveys,selfrelig_4,NA,NA
Demographic Surveys,occupationmom_4,NA,NA
Demographic Surveys,occupationdad_4,NA,NA
Demographic Surveys,occupationstudent_4,NA,NA
Demographic Surveys,parentsmarriage_4,NA,NA
Demographic Surveys,leveledu1_4,NA,NA
Demographic Surveys,leveledu2_4,NA,NA
Demographic Surveys,v657,firstname_4,NA
Demographic Surveys,v658,lastname_4,NA
Demographic Surveys,emailaddress_4,NA,NA
Demographic Surveys,token_4,NA,NA
Demographic Surveys,extraversion_4,NA,NA
Demographic Surveys,agreeableness_4,NA,NA
Demographic Surveys,conscientiousness_4,NA,NA
Demographic Surveys,neuroticism_4,NA,NA
Demographic Surveys,openness_4,NA,NA
Demographic Surveys,completed_3,NA,NA
Demographic Surveys,firstname_3,FirstName_3,NA
Demographic Surveys,lastname_3,LastName_3,NA
Demographic Surveys,id_3,NA,NA
Demographic Surveys,lastpageseen_3,NA,NA
Demographic Surveys,startlanguage_3,NA,NA
Demographic Surveys,netid_3,NA,NA
Demographic Surveys,semwork_3,NA,NA
Demographic Surveys,clubs1_3,NA,NA
Demographic Surveys,clubs2_3,NA,NA
Demographic Surveys,clubs3_3,NA,NA
Demographic Surveys,clubs4_3,NA,NA
Demographic Surveys,clubs5_3,NA,NA
Demographic Surveys,clubs6_3,NA,NA
Demographic Surveys,clubs7_3,NA,NA
Demographic Surveys,clubs8_3,NA,NA
Demographic Surveys,clubs9_3,NA,NA
Demographic Surveys,clubs10_3,NA,NA
Demographic Surveys,semclasses1_3,NA,NA
Demographic Surveys,semclasses2_3,NA,NA
Demographic Surveys,semclasses3_3,NA,NA
Demographic Surveys,semclasses4_3,NA,NA
Demographic Surveys,semclasses5_3,NA,NA
Demographic Surveys,semclasses6_3,NA,NA
Demographic Surveys,semclasses7_3,NA,NA
Demographic Surveys,major_3,NA,NA
Demographic Surveys,weight_3,NA,NA
Demographic Surveys,health_3,NA,NA
Demographic Surveys,happy_3,NA,NA
Demographic Surveys,iamsomeonewho1_3,NA,NA
Demographic Surveys,iamsomeonewho2r_3,NA,NA
Demographic Surveys,iamsomeonewho3_3,NA,NA
Demographic Surveys,iamsomeonewho4_3,NA,NA
Demographic Surveys,iamsomeonewho5_3,NA,NA
Demographic Surveys,iamsomeonewho6r_3,NA,NA
Demographic Surveys,iamsomeonewho7_3,NA,NA
Demographic Surveys,iamsomeonewho8r_3,NA,NA
Demographic Surveys,iamsomeonewho9r_3,NA,NA
Demographic Surveys,iamsomeonewho10_3,NA,NA
Demographic Surveys,iamsomeonewho11_3,NA,NA
Demographic Surveys,iamsomeonewho12r_3,NA,NA
Demographic Surveys,iamsomeonewho13_3,NA,NA
Demographic Surveys,iamsomeonewho14_3,NA,NA
Demographic Surveys,iamsomeonewho15_3,NA,NA
Demographic Surveys,iamsomeonewho16_3,NA,NA
Demographic Surveys,iamsomeonewho17_3,NA,NA
Demographic Surveys,iamsomeonewho18r_3,NA,NA
Demographic Surveys,iamsomeonewho19_3,NA,NA
Demographic Surveys,iamsomeonewho20_3,NA,NA
Demographic Surveys,iamsomeonewho21r_3,NA,NA
Demographic Surveys,iamsomeonewho22_3,NA,NA
Demographic Surveys,iamsomeonewho23r_3,NA,NA
Demographic Surveys,iamsomeonewho24r_3,NA,NA
Demographic Surveys,iamsomeonewho25_3,NA,NA
Demographic Surveys,iamsomeonewho26_3,NA,NA
Demographic Surveys,iamsomeonewho27r_3,NA,NA
Demographic Surveys,iamsomeonewho28_3,NA,NA
Demographic Surveys,iamsomeonewho29_3,NA,NA
Demographic Surveys,iamsomeonewho30_3,NA,NA
Demographic Surveys,iamsomeonewho31r_3,NA,NA
Demographic Surveys,iamsomeonewho32_3,NA,NA
Demographic Surveys,iamsomeonewho33_3,NA,NA
Demographic Surveys,iamsomeonewho34r_3,NA,NA
Demographic Surveys,iamsomeonewho35r_3,NA,NA
Demographic Surveys,iamsomeonewho36_3,NA,NA
Demographic Surveys,iamsomeonewho37r_3,NA,NA
Demographic Surveys,iamsomeonewho38_3,NA,NA
Demographic Surveys,iamsomeonewho39_3,NA,NA
Demographic Surveys,iamsomeonewho40_3,NA,NA
Demographic Surveys,iamsomeonewho41r_3,NA,NA
Demographic Surveys,iamsomeonewho42_3,NA,NA
Demographic Surveys,iamsomeonewho43r_3,NA,NA
Demographic Surveys,iamsomeonewho44_3,NA,NA
Demographic Surveys,wellbeing1_3,NA,NA
Demographic Surveys,wellbeing2_3,NA,NA
Demographic Surveys,wellbeing3_3,NA,NA
Demographic Surveys,wellbeing4_3,NA,NA
Demographic Surveys,wellbeing5_3,NA,NA
Demographic Surveys,activity1_3,NA,NA
Demographic Surveys,activity2_3,NA,NA
Demographic Surveys,activity3_3,NA,NA
Demographic Surveys,activity4_3,NA,NA
Demographic Surveys,activity5_3,NA,NA
Demographic Surveys,activity6_3,NA,NA
Demographic Surveys,activity7_3,NA,NA
Demographic Surveys,activity8_3,NA,NA
Demographic Surveys,activity9_3,NA,NA
Demographic Surveys,activity10_3,NA,NA
Demographic Surveys,activity11_3,NA,NA
Demographic Surveys,activity12_3,NA,NA
Demographic Surveys,activity13_3,NA,NA
Demographic Surveys,activity14_3,NA,NA
Demographic Surveys,timeperweekactivea_3,NA,NA
Demographic Surveys,timeperweekactiveb_3,NA,NA
Demographic Surveys,timeperweekactivec_3,NA,NA
Demographic Surveys,timeperweekactived_3,NA,NA
Demographic Surveys,timeperweekactivee_3,NA,NA
Demographic Surveys,timeperweekactivef_3,NA,NA
Demographic Surveys,timeperweekactiveg_3,NA,NA
Demographic Surveys,timeperweekactiveh_3,NA,NA
Demographic Surveys,timeperweekactivei_3,NA,NA
Demographic Surveys,timeperweekactivej_3,NA,NA
Demographic Surveys,timeperweekactivek_3,NA,NA
Demographic Surveys,timeperweekactivel_3,NA,NA
Demographic Surveys,timeperweekactivem_3,NA,NA
Demographic Surveys,timeperweekactiven_3,NA,NA
Demographic Surveys,importance1_3,NA,NA
Demographic Surveys,importance2_3,NA,NA
Demographic Surveys,importance3_3,NA,NA
Demographic Surveys,importance4_3,NA,NA
Demographic Surveys,importance5_3,NA,NA
Demographic Surveys,importance6_3,NA,NA
Demographic Surveys,importance7_3,NA,NA
Demographic Surveys,importance8_3,NA,NA
Demographic Surveys,importance9_3,NA,NA
Demographic Surveys,importance10_3,NA,NA
Demographic Surveys,importance11_3,NA,NA
Demographic Surveys,importance12_3,NA,NA
Demographic Surveys,importance13_3,NA,NA
Demographic Surveys,importance14_3,NA,NA
Demographic Surveys,importance15_3,NA,NA
Demographic Surveys,importance16_3,NA,NA
Demographic Surveys,guesschance1_3,NA,NA
Demographic Surveys,guesschance2_3,NA,NA
Demographic Surveys,guesschance3_3,NA,NA
Demographic Surveys,guesschance4_3,NA,NA
Demographic Surveys,guesschance5_3,NA,NA
Demographic Surveys,guesschance6_3,NA,NA
Demographic Surveys,guesschance7_3,NA,NA
Demographic Surveys,guesschance8_3,NA,NA
Demographic Surveys,guesschance9_3,NA,NA
Demographic Surveys,guesschance10_3,NA,NA
Demographic Surveys,guesschance11_3,NA,NA
Demographic Surveys,guesschance12_3,NA,NA
Demographic Surveys,guesschance13_3,NA,NA
Demographic Surveys,guesschance14_3,NA,NA
Demographic Surveys,political_3,NA,NA
Demographic Surveys,deathpen_3,NA,NA
Demographic Surveys,marijuana_3,NA,NA
Demographic Surveys,abortion_3,NA,NA
Demographic Surveys,homosexual_3,NA,NA
Demographic Surveys,gaymarriage_3,NA,NA
Demographic Surveys,premaritalsex_3,NA,NA
Demographic Surveys,euthanasia_3,NA,NA
Demographic Surveys,fswelfare_3,NA,NA
Demographic Surveys,fssocsec_3,NA,NA
Demographic Surveys,healthins_3,NA,NA
Demographic Surveys,jobguar_3,NA,NA
Demographic Surveys,govnservices_3,NA,NA
Demographic Surveys,toomucheqrights_3,NA,NA
Demographic Surveys,eqchances_3,NA,NA
Demographic Surveys,moreeqchances1_3,NA,NA
Demographic Surveys,lesseq_3,NA,NA
Demographic Surveys,racediscrim_3,NA,NA
Demographic Surveys,musicpref1_3,NA,NA
Demographic Surveys,musicpref2_3,NA,NA
Demographic Surveys,musicpref3_3,NA,NA
Demographic Surveys,musicpref4_3,NA,NA
Demographic Surveys,musicpref5_3,NA,NA
Demographic Surveys,musicpref6_3,NA,NA
Demographic Surveys,musicpref7_3,NA,NA
Demographic Surveys,musicpref8_3,NA,NA
Demographic Surveys,musicpref9_3,NA,NA
Demographic Surveys,musicpref10_3,NA,NA
Demographic Surveys,musicpref11_3,NA,NA
Demographic Surveys,musicpref12_3,NA,NA
Demographic Surveys,musicpref13_3,NA,NA
Demographic Surveys,musicpref14_3,NA,NA
Demographic Surveys,musicpref15_3,NA,NA
Demographic Surveys,musicpref16_3,NA,NA
Demographic Surveys,musicpref17_3,NA,NA
Demographic Surveys,musicpref18_3,NA,NA
Demographic Surveys,musicpref19_3,NA,NA
Demographic Surveys,musicpref20_3,NA,NA
Demographic Surveys,musicpref21_3,NA,NA
Demographic Surveys,musicpref22_3,NA,NA
Demographic Surveys,musicprefother_3,NA,NA
Demographic Surveys,culturalevents1_3,NA,NA
Demographic Surveys,culturalevents2_3,NA,NA
Demographic Surveys,culturalevents3_3,NA,NA
Demographic Surveys,culturalevents4_3,NA,NA
Demographic Surveys,culturalevents5_3,NA,NA
Demographic Surveys,culturalevents6_3,NA,NA
Demographic Surveys,culturalevents7_3,NA,NA
Demographic Surveys,culturalevents8_3,NA,NA
Demographic Surveys,culturalevents9_3,NA,NA
Demographic Surveys,culturalevents10_3,NA,NA
Demographic Surveys,culturalevents11_3,NA,NA
Demographic Surveys,culturalevents12_3,NA,NA
Demographic Surveys,booksread_3,NA,NA
Demographic Surveys,typebookread1_3,NA,NA
Demographic Surveys,typebookread2_3,NA,NA
Demographic Surveys,typebookread3_3,NA,NA
Demographic Surveys,typebookread4_3,NA,NA
Demographic Surveys,typebookread5_3,NA,NA
Demographic Surveys,typebookread6_3,NA,NA
Demographic Surveys,typebookread7_3,NA,NA
Demographic Surveys,typebookread8_3,NA,NA
Demographic Surveys,typebookread9_3,NA,NA
Demographic Surveys,typebookreadother_3,NA,NA
Demographic Surveys,landmarks1_3,NA,NA
Demographic Surveys,landmarks2_3,NA,NA
Demographic Surveys,landmarks3_3,NA,NA
Demographic Surveys,landmarks4_3,NA,NA
Demographic Surveys,landmarks5_3,NA,NA
Demographic Surveys,interestitems1_3,NA,NA
Demographic Surveys,interestitems2_3,NA,NA
Demographic Surveys,interestitems3_3,NA,NA
Demographic Surveys,interestitems4_3,NA,NA
Demographic Surveys,interestitems5_3,NA,NA
Demographic Surveys,interestitems6_3,NA,NA
Demographic Surveys,usesocnetwork1_3,NA,NA
Demographic Surveys,usesocnetwork2_3,NA,NA
Demographic Surveys,usesocnetwork3_3,NA,NA
Demographic Surveys,usesocnetwork4_3,NA,NA
Demographic Surveys,usesocnetwork5_3,NA,NA
Demographic Surveys,usesocnetwork6_3,NA,NA
Demographic Surveys,usesocnetwork7_3,NA,NA
Demographic Surveys,usesocnetwork8_3,NA,NA
Demographic Surveys,usesocnetworkother_3,NA,NA
Demographic Surveys,contacts_3,NA,NA
Demographic Surveys,netsenseprojectqualsq002_3,NA,NA
Demographic Surveys,netsenseprojectqualsq003_3,NA,NA
Demographic Surveys,netsenseprojectqualsq001_3,NA,NA
Demographic Surveys,quizreaction_3,NA,NA
Demographic Surveys,selfrelig_3,NA,NA
Demographic Surveys,occupationmom_3,NA,NA
Demographic Surveys,occupationdad_3,NA,NA
Demographic Surveys,occupationstudent_3,NA,NA
Demographic Surveys,parentsmarriage_3,NA,NA
Demographic Surveys,v896,firstname_3,NA
Demographic Surveys,v897,lastname_3,NA
Demographic Surveys,emailaddress_3,NA,NA
Demographic Surveys,token_3,NA,NA
Demographic Surveys,extraversion_3,NA,NA
Demographic Surveys,agreeableness_3,NA,NA
Demographic Surveys,conscientiousness_3,NA,NA
Demographic Surveys,neuroticism_3,NA,NA
Demographic Surveys,openness_3,NA,NA
Demographic Surveys,completed_2,NA,NA
Demographic Surveys,firstname_2,FirstName_2,NA
Demographic Surveys,lastname_2,LastName_2,NA
Demographic Surveys,id_2,NA,NA
Demographic Surveys,lastpageseen_2,NA,NA
Demographic Surveys,startlanguage_2,NA,NA
Demographic Surveys,netid_2,NA,NA
Demographic Surveys,semwork_2,NA,NA
Demographic Surveys,clubs1_2,NA,NA
Demographic Surveys,clubs2_2,NA,NA
Demographic Surveys,clubs3_2,NA,NA
Demographic Surveys,clubs4_2,NA,NA
Demographic Surveys,clubs5_2,NA,NA
Demographic Surveys,clubs6_2,NA,NA
Demographic Surveys,clubs7_2,NA,NA
Demographic Surveys,clubs8_2,NA,NA
Demographic Surveys,clubs9_2,NA,NA
Demographic Surveys,clubs10_2,NA,NA
Demographic Surveys,semclasses1_2,NA,NA
Demographic Surveys,semclasses2_2,NA,NA
Demographic Surveys,semclasses3_2,NA,NA
Demographic Surveys,semclasses4_2,NA,NA
Demographic Surveys,semclasses5_2,NA,NA
Demographic Surveys,semclasses6_2,NA,NA
Demographic Surveys,semclasses7_2,NA,NA
Demographic Surveys,firstsemgpa_2,NA,NA
Demographic Surveys,major_2,NA,NA
Demographic Surveys,disabilitylearning_2,NA,NA
Demographic Surveys,disabilityphysical_2,NA,NA
Demographic Surveys,contactlens_2,NA,NA
Demographic Surveys,eyeglasses_2,NA,NA
Demographic Surveys,heighttotal_2,NA,NA
Demographic Surveys,weight_2,NA,NA
Demographic Surveys,health_2,NA,NA
Demographic Surveys,happy_2,NA,NA
Demographic Surveys,iamsomeonewho1_2,NA,NA
Demographic Surveys,iamsomeonewho2r_2,NA,NA
Demographic Surveys,iamsomeonewho3_2,NA,NA
Demographic Surveys,iamsomeonewho4_2,NA,NA
Demographic Surveys,iamsomeonewho5_2,NA,NA
Demographic Surveys,iamsomeonewho6r_2,NA,NA
Demographic Surveys,iamsomeonewho7_2,NA,NA
Demographic Surveys,iamsomeonewho8r_2,NA,NA
Demographic Surveys,iamsomeonewho9r_2,NA,NA
Demographic Surveys,iamsomeonewho10_2,NA,NA
Demographic Surveys,iamsomeonewho11_2,NA,NA
Demographic Surveys,iamsomeonewho12r_2,NA,NA
Demographic Surveys,iamsomeonewho13_2,NA,NA
Demographic Surveys,iamsomeonewho14_2,NA,NA
Demographic Surveys,iamsomeonewho15_2,NA,NA
Demographic Surveys,iamsomeonewho16_2,NA,NA
Demographic Surveys,iamsomeonewho17_2,NA,NA
Demographic Surveys,iamsomeonewho18r_2,NA,NA
Demographic Surveys,iamsomeonewho19_2,NA,NA
Demographic Surveys,iamsomeonewho20_2,NA,NA
Demographic Surveys,iamsomeonewho21r_2,NA,NA
Demographic Surveys,iamsomeonewho22_2,NA,NA
Demographic Surveys,iamsomeonewho23r_2,NA,NA
Demographic Surveys,iamsomeonewho24r_2,NA,NA
Demographic Surveys,iamsomeonewho25_2,NA,NA
Demographic Surveys,iamsomeonewho26_2,NA,NA
Demographic Surveys,iamsomeonewho27r_2,NA,NA
Demographic Surveys,iamsomeonewho28_2,NA,NA
Demographic Surveys,iamsomeonewho29_2,NA,NA
Demographic Surveys,iamsomeonewho30_2,NA,NA
Demographic Surveys,iamsomeonewho31r_2,NA,NA
Demographic Surveys,iamsomeonewho32_2,NA,NA
Demographic Surveys,iamsomeonewho33_2,NA,NA
Demographic Surveys,iamsomeonewho34r_2,NA,NA
Demographic Surveys,iamsomeonewho35r_2,NA,NA
Demographic Surveys,iamsomeonewho36_2,NA,NA
Demographic Surveys,iamsomeonewho37r_2,NA,NA
Demographic Surveys,iamsomeonewho38_2,NA,NA
Demographic Surveys,iamsomeonewho39_2,NA,NA
Demographic Surveys,iamsomeonewho40_2,NA,NA
Demographic Surveys,iamsomeonewho41r_2,NA,NA
Demographic Surveys,iamsomeonewho42_2,NA,NA
Demographic Surveys,iamsomeonewho43r_2,NA,NA
Demographic Surveys,iamsomeonewho44_2,NA,NA
Demographic Surveys,wellbeing1_2,NA,NA
Demographic Surveys,wellbeing2_2,NA,NA
Demographic Surveys,wellbeing3_2,NA,NA
Demographic Surveys,wellbeing4_2,NA,NA
Demographic Surveys,wellbeing5_2,NA,NA
Demographic Surveys,activity1_2,NA,NA
Demographic Surveys,activity2_2,NA,NA
Demographic Surveys,activity3_2,NA,NA
Demographic Surveys,activity4_2,NA,NA
Demographic Surveys,activity5_2,NA,NA
Demographic Surveys,activity6_2,NA,NA
Demographic Surveys,activity7_2,NA,NA
Demographic Surveys,activity8_2,NA,NA
Demographic Surveys,activity9_2,NA,NA
Demographic Surveys,activity10_2,NA,NA
Demographic Surveys,activity11_2,NA,NA
Demographic Surveys,activity12_2,NA,NA
Demographic Surveys,activity13_2,NA,NA
Demographic Surveys,activity14_2,NA,NA
Demographic Surveys,timeperweekactivea_2,NA,NA
Demographic Surveys,timeperweekactiveb_2,NA,NA
Demographic Surveys,timeperweekactivec_2,NA,NA
Demographic Surveys,timeperweekactived_2,NA,NA
Demographic Surveys,timeperweekactivee_2,NA,NA
Demographic Surveys,timeperweekactivef_2,NA,NA
Demographic Surveys,timeperweekactiveg_2,NA,NA
Demographic Surveys,timeperweekactiveh_2,NA,NA
Demographic Surveys,timeperweekactivei_2,NA,NA
Demographic Surveys,timeperweekactivej_2,NA,NA
Demographic Surveys,timeperweekactivek_2,NA,NA
Demographic Surveys,timeperweekactivel_2,NA,NA
Demographic Surveys,timeperweekactivem_2,NA,NA
Demographic Surveys,timeperweekactiven_2,NA,NA
Demographic Surveys,importance1_2,NA,NA
Demographic Surveys,importance2_2,NA,NA
Demographic Surveys,importance3_2,NA,NA
Demographic Surveys,importance4_2,NA,NA
Demographic Surveys,importance5_2,NA,NA
Demographic Surveys,importance6_2,NA,NA
Demographic Surveys,importance7_2,NA,NA
Demographic Surveys,importance8_2,NA,NA
Demographic Surveys,importance9_2,NA,NA
Demographic Surveys,importance10_2,NA,NA
Demographic Surveys,importance11_2,NA,NA
Demographic Surveys,importance12_2,NA,NA
Demographic Surveys,importance13_2,NA,NA
Demographic Surveys,importance14_2,NA,NA
Demographic Surveys,importance15_2,NA,NA
Demographic Surveys,importance16_2,NA,NA
Demographic Surveys,guesschance1_2,NA,NA
Demographic Surveys,guesschance2_2,NA,NA
Demographic Surveys,guesschance3_2,NA,NA
Demographic Surveys,guesschance4_2,NA,NA
Demographic Surveys,guesschance5_2,NA,NA
Demographic Surveys,guesschance6_2,NA,NA
Demographic Surveys,guesschance7_2,NA,NA
Demographic Surveys,guesschance8_2,NA,NA
Demographic Surveys,guesschance9_2,NA,NA
Demographic Surveys,guesschance10_2,NA,NA
Demographic Surveys,guesschance11_2,NA,NA
Demographic Surveys,guesschance12_2,NA,NA
Demographic Surveys,guesschance13_2,NA,NA
Demographic Surveys,guesschance14_2,NA,NA
Demographic Surveys,political_2,NA,NA
Demographic Surveys,deathpen_2,NA,NA
Demographic Surveys,marijuana_2,NA,NA
Demographic Surveys,abortion_2,NA,NA
Demographic Surveys,homosexual_2,NA,NA
Demographic Surveys,gaymarriage_2,NA,NA
Demographic Surveys,premaritalsex_2,NA,NA
Demographic Surveys,euthanasia_2,NA,NA
Demographic Surveys,fswelfare_2,NA,NA
Demographic Surveys,fssocsec_2,NA,NA
Demographic Surveys,healthins_2,NA,NA
Demographic Surveys,jobguar_2,NA,NA
Demographic Surveys,govnservices_2,NA,NA
Demographic Surveys,toomucheqrights_2,NA,NA
Demographic Surveys,eqchances_2,NA,NA
Demographic Surveys,moreeqchances_2,NA,NA
Demographic Surveys,lesseq_2,NA,NA
Demographic Surveys,racediscrim_2,NA,NA
Demographic Surveys,musicpref1_2,NA,NA
Demographic Surveys,musicpref2_2,NA,NA
Demographic Surveys,musicpref3_2,NA,NA
Demographic Surveys,musicpref4_2,NA,NA
Demographic Surveys,musicpref5_2,NA,NA
Demographic Surveys,musicpref6_2,NA,NA
Demographic Surveys,musicpref7_2,NA,NA
Demographic Surveys,musicpref8_2,NA,NA
Demographic Surveys,musicpref9_2,NA,NA
Demographic Surveys,musicpref10_2,NA,NA
Demographic Surveys,musicpref11_2,NA,NA
Demographic Surveys,musicpref12_2,NA,NA
Demographic Surveys,musicpref13_2,NA,NA
Demographic Surveys,musicpref14_2,NA,NA
Demographic Surveys,musicpref15_2,NA,NA
Demographic Surveys,musicpref16_2,NA,NA
Demographic Surveys,musicpref17_2,NA,NA
Demographic Surveys,musicpref18_2,NA,NA
Demographic Surveys,musicpref19_2,NA,NA
Demographic Surveys,musicpref20_2,NA,NA
Demographic Surveys,musicpref21_2,NA,NA
Demographic Surveys,musicpref22_2,NA,NA
Demographic Surveys,musicprefother_2,NA,NA
Demographic Surveys,culturalevents1_2,NA,NA
Demographic Surveys,culturalevents2_2,NA,NA
Demographic Surveys,culturalevents3_2,NA,NA
Demographic Surveys,culturalevents4_2,NA,NA
Demographic Surveys,culturalevents5_2,NA,NA
Demographic Surveys,culturalevents6_2,NA,NA
Demographic Surveys,culturalevents7_2,NA,NA
Demographic Surveys,culturalevents8_2,NA,NA
Demographic Surveys,culturalevents9_2,NA,NA
Demographic Surveys,culturalevents10_2,NA,NA
Demographic Surveys,culturalevents11_2,NA,NA
Demographic Surveys,culturalevents12_2,NA,NA
Demographic Surveys,booksread_2,NA,NA
Demographic Surveys,typebookread1_2,NA,NA
Demographic Surveys,typebookread2_2,NA,NA
Demographic Surveys,typebookread3_2,NA,NA
Demographic Surveys,typebookread4_2,NA,NA
Demographic Surveys,typebookread5_2,NA,NA
Demographic Surveys,typebookread6_2,NA,NA
Demographic Surveys,typebookread7_2,NA,NA
Demographic Surveys,typebookread8_2,NA,NA
Demographic Surveys,typebookread9_2,NA,NA
Demographic Surveys,typebookreadother_2,NA,NA
Demographic Surveys,musiccollection_2,NA,NA
Demographic Surveys,landmarks1_2,NA,NA
Demographic Surveys,landmarks2_2,NA,NA
Demographic Surveys,landmarks3_2,NA,NA
Demographic Surveys,landmarks4_2,NA,NA
Demographic Surveys,landmarks5_2,NA,NA
Demographic Surveys,outus_2,NA,NA
Demographic Surveys,whereoutus1_2,NA,NA
Demographic Surveys,whereoutus2_2,NA,NA
Demographic Surveys,whereoutus3_2,NA,NA
Demographic Surveys,whereoutus4_2,NA,NA
Demographic Surveys,whereoutus5_2,NA,NA
Demographic Surveys,whereoutus6_2,NA,NA
Demographic Surveys,whereoutus7_2,NA,NA
Demographic Surveys,whereoutus8_2,NA,NA
Demographic Surveys,whereoutus9_2,NA,NA
Demographic Surveys,whereoutus10_2,NA,NA
Demographic Surveys,whereoutus11_2,NA,NA
Demographic Surveys,whereoutusother_2,NA,NA
Demographic Surveys,interestitems1_2,NA,NA
Demographic Surveys,interestitems2_2,NA,NA
Demographic Surveys,interestitems3_2,NA,NA
Demographic Surveys,interestitems4_2,NA,NA
Demographic Surveys,interestitems5_2,NA,NA
Demographic Surveys,interestitems6_2,NA,NA
Demographic Surveys,usagedegree_2,NA,NA
Demographic Surveys,planpurchasing1_2,NA,NA
Demographic Surveys,planpurchasing2_2,NA,NA
Demographic Surveys,planpurchasing3_2,NA,NA
Demographic Surveys,planpurchasing4_2,NA,NA
Demographic Surveys,planpurchasing5_2,NA,NA
Demographic Surveys,planpurchasing6_2,NA,NA
Demographic Surveys,planpurchasing7_2,NA,NA
Demographic Surveys,planpurchasing8_2,NA,NA
Demographic Surveys,computeruse_2,NA,NA
Demographic Surveys,usesocnetwork1_2,NA,NA
Demographic Surveys,usesocnetwork2_2,NA,NA
Demographic Surveys,usesocnetwork3_2,NA,NA
Demographic Surveys,usesocnetwork4_2,NA,NA
Demographic Surveys,usesocnetwork5_2,NA,NA
Demographic Surveys,usesocnetwork6_2,NA,NA
Demographic Surveys,usesocnetwork7_2,NA,NA
Demographic Surveys,usesocnetwork8_2,NA,NA
Demographic Surveys,usesocnetworkother_2,NA,NA
Demographic Surveys,fbprivacy_2,NA,NA
Demographic Surveys,phoneuse1_2,NA,NA
Demographic Surveys,phoneuse2_2,NA,NA
Demographic Surveys,phoneuse3_2,NA,NA
Demographic Surveys,phoneuse4_2,NA,NA
Demographic Surveys,phoneuse5_2,NA,NA
Demographic Surveys,phoneuse6_2,NA,NA
Demographic Surveys,phoneuse7_2,NA,NA
Demographic Surveys,phoneuse8_2,NA,NA
Demographic Surveys,phoneuse9_2,NA,NA
Demographic Surveys,phoneuse10_2,NA,NA
Demographic Surveys,phoneuse11_2,NA,NA
Demographic Surveys,talk_2,NA,NA
Demographic Surveys,sendsms_2,NA,NA
Demographic Surveys,receivesms_2,NA,NA
Demographic Surveys,contacts_2,NA,NA
Demographic Surveys,netsenseprojectqualsq001_2,NA,NA
Demographic Surveys,netsenseprojectqualsq002_2,NA,NA
Demographic Surveys,netsenseprojectqualsq003_2,NA,NA
Demographic Surveys,quizreaction_2,NA,NA
Demographic Surveys,selfrelig_2,NA,NA
Demographic Surveys,occupationmom_2,NA,NA
Demographic Surveys,occupationdad_2,NA,NA
Demographic Surveys,occupationstudent_2,NA,NA
Demographic Surveys,parentsmarriage_2,NA,NA
Demographic Surveys,v1180,firstname_2,NA
Demographic Surveys,v1181,lastname_2,NA
Demographic Surveys,emailaddress_2,NA,NA
Demographic Surveys,token_2,NA,NA
Demographic Surveys,_merge_2,NA,NA
Demographic Surveys,extraversion_2,NA,NA
Demographic Surveys,agreeableness_2,NA,NA
Demographic Surveys,conscientiousness_2,NA,NA
Demographic Surveys,neuroticism_2,NA,NA
Demographic Surveys,openness_2,NA,NA
Demographic Surveys,completed_1,NA,NA
Demographic Surveys,lastpageseen_1,NA,NA
Demographic Surveys,startlanguage_1,NA,NA
Demographic Surveys,firstname_1,FirstName_1,NA
Demographic Surveys,lastname_1,LastName_1,NA
Demographic Surveys,netid_1,NA,NA
Demographic Surveys,dropped_1,NA,NA
Demographic Surveys,studyid_1,NA,NA
Demographic Surveys,age_1,NA,NA
Demographic Surveys,hometown_1,NA,NA
Demographic Surveys,ethnicity_1,NA,NA
Demographic Surveys,gender_1,NA,NA
Demographic Surveys,reshall_1,NA,NA
Demographic Surveys,smrtphone_1,NA,NA
Demographic Surveys,cellprovider_1,NA,NA
Demographic Surveys,hstype_1,NA,NA
Demographic Surveys,hstypeother_1,NA,NA
Demographic Surveys,hsgender_1,NA,NA
Demographic Surveys,hsgrade_1,NA,NA
Demographic Surveys,apcourses1_1,NA,NA
Demographic Surveys,apcourses2_1,NA,NA
Demographic Surveys,highestdegree_1,NA,NA
Demographic Surveys,major_1,NA,NA
Demographic Surveys,hswork_1,NA,NA
Demographic Surveys,clubsclu01_1,NA,NA
Demographic Surveys,clubsclu02_1,NA,NA
Demographic Surveys,clubsclu03_1,NA,NA
Demographic Surveys,clubsclu04_1,NA,NA
Demographic Surveys,clubsclu05_1,NA,NA
Demographic Surveys,clubsclu06_1,NA,NA
Demographic Surveys,clubsclu07_1,NA,NA
Demographic Surveys,clubsclu08_1,NA,NA
Demographic Surveys,clubsclu09_1,NA,NA
Demographic Surveys,clubsclu10_1,NA,NA
Demographic Surveys,clubsclu11_1,NA,NA
Demographic Surveys,clubsclu12_1,NA,NA
Demographic Surveys,clubsclu13_1,NA,NA
Demographic Surveys,clubsclu14_1,NA,NA
Demographic Surveys,clubsclu15_1,NA,NA
Demographic Surveys,clubsclu16_1,NA,NA
Demographic Surveys,clubsclu17_1,NA,NA
Demographic Surveys,clubsclu18_1,NA,NA
Demographic Surveys,clubsclu19_1,NA,NA
Demographic Surveys,clubsclu20_1,NA,NA
Demographic Surveys,clubsclu21_1,NA,NA
Demographic Surveys,clubsclu22_1,NA,NA
Demographic Surveys,clubsclu23_1,NA,NA
Demographic Surveys,clubsclu24_1,NA,NA
Demographic Surveys,clubsclu25_1,NA,NA
Demographic Surveys,clubsclu26_1,NA,NA
Demographic Surveys,clubsclu27_1,NA,NA
Demographic Surveys,clubsclu28_1,NA,NA
Demographic Surveys,clubsclu29_1,NA,NA
Demographic Surveys,clubsclu30_1,NA,NA
Demographic Surveys,clubsclu31_1,NA,NA
Demographic Surveys,clubsclu32_1,NA,NA
Demographic Surveys,clubsclu33_1,NA,NA
Demographic Surveys,clubsclu34_1,NA,NA
Demographic Surveys,clubsother_1,NA,NA
Demographic Surveys,relativesndrend1_1,NA,NA
Demographic Surveys,relativesndrend2_1,NA,NA
Demographic Surveys,relativesndrend3_1,NA,NA
Demographic Surveys,relativesndrend4_1,NA,NA
Demographic Surveys,relativesndrend5_1,NA,NA
Demographic Surveys,relativesndother_1,NA,NA
Demographic Surveys,fstchoice_1,NA,NA
Demographic Surveys,wellbeing1_1,NA,NA
Demographic Surveys,wellbeing2_1,NA,NA
Demographic Surveys,wellbeing3_1,NA,NA
Demographic Surveys,wellbeing4_1,NA,NA
Demographic Surveys,wellbeing5_1,NA,NA
Demographic Surveys,iamsomeonewho1_1,NA,NA
Demographic Surveys,iamsomeonewho2r_1,NA,NA
Demographic Surveys,iamsomeonewho3_1,NA,NA
Demographic Surveys,iamsomeonewho4_1,NA,NA
Demographic Surveys,iamsomeonewho5_1,NA,NA
Demographic Surveys,iamsomeonewho6r_1,NA,NA
Demographic Surveys,iamsomeonewho7_1,NA,NA
Demographic Surveys,iamsomeonewho8r_1,NA,NA
Demographic Surveys,iamsomeonewho9r_1,NA,NA
Demographic Surveys,iamsomeonewho10_1,NA,NA
Demographic Surveys,iamsomeonewho11_1,NA,NA
Demographic Surveys,iamsomeonewho12r_1,NA,NA
Demographic Surveys,iamsomeonewho13_1,NA,NA
Demographic Surveys,iamsomeonewho14_1,NA,NA
Demographic Surveys,iamsomeonewho15_1,NA,NA
Demographic Surveys,iamsomeonewho16_1,NA,NA
Demographic Surveys,iamsomeonewho17_1,NA,NA
Demographic Surveys,iamsomeonewho18r_1,NA,NA
Demographic Surveys,iamsomeonewho19_1,NA,NA
Demographic Surveys,iamsomeonewho20_1,NA,NA
Demographic Surveys,iamsomeonewho21r_1,NA,NA
Demographic Surveys,iamsomeonewho22_1,NA,NA
Demographic Surveys,iamsomeonewho23r_1,NA,NA
Demographic Surveys,iamsomeonewho24r_1,NA,NA
Demographic Surveys,iamsomeonewho25_1,NA,NA
Demographic Surveys,iamsomeonewho26_1,NA,NA
Demographic Surveys,iamsomeonewho27r_1,NA,NA
Demographic Surveys,iamsomeonewho28_1,NA,NA
Demographic Surveys,iamsomeonewho29_1,NA,NA
Demographic Surveys,iamsomeonewho30_1,NA,NA
Demographic Surveys,iamsomeonewho31r_1,NA,NA
Demographic Surveys,iamsomeonewho32_1,NA,NA
Demographic Surveys,iamsomeonewho33_1,NA,NA
Demographic Surveys,iamsomeonewho34r_1,NA,NA
Demographic Surveys,iamsomeonewho35r_1,NA,NA
Demographic Surveys,iamsomeonewho36_1,NA,NA
Demographic Surveys,iamsomeonewho37r_1,NA,NA
Demographic Surveys,iamsomeonewho38_1,NA,NA
Demographic Surveys,iamsomeonewho39_1,NA,NA
Demographic Surveys,iamsomeonewho40_1,NA,NA
Demographic Surveys,iamsomeonewho41r_1,NA,NA
Demographic Surveys,iamsomeonewho42_1,NA,NA
Demographic Surveys,iamsomeonewho43r_1,NA,NA
Demographic Surveys,iamsomeonewho44_1,NA,NA
Demographic Surveys,happy_1,NA,NA
Demographic Surveys,health_1,NA,NA
Demographic Surveys,weight_1,NA,NA
Demographic Surveys,heighttotal_1,NA,NA
Demographic Surveys,eyeglasses_1,NA,NA
Demographic Surveys,contactlens_1,NA,NA
Demographic Surveys,disabilityphysical_1,NA,NA
Demographic Surveys,disabilitylearning_1,NA,NA
Demographic Surveys,activity1_1,NA,NA
Demographic Surveys,activity2_1,NA,NA
Demographic Surveys,activity3_1,NA,NA
Demographic Surveys,activity4_1,NA,NA
Demographic Surveys,activity5_1,NA,NA
Demographic Surveys,activity6_1,NA,NA
Demographic Surveys,activity7_1,NA,NA
Demographic Surveys,activity8_1,NA,NA
Demographic Surveys,activity9_1,NA,NA
Demographic Surveys,activity10_1,NA,NA
Demographic Surveys,activity11_1,NA,NA
Demographic Surveys,activity12_1,NA,NA
Demographic Surveys,activity13_1,NA,NA
Demographic Surveys,activity14_1,NA,NA
Demographic Surveys,timeperweekactivea_1,NA,NA
Demographic Surveys,timeperweekactiveb_1,NA,NA
Demographic Surveys,timeperweekactivec_1,NA,NA
Demographic Surveys,timeperweekactived_1,NA,NA
Demographic Surveys,timeperweekactivee_1,NA,NA
Demographic Surveys,timeperweekactivef_1,NA,NA
Demographic Surveys,timeperweekactiveg_1,NA,NA
Demographic Surveys,timeperweekactiveh_1,NA,NA
Demographic Surveys,timeperweekactivei_1,NA,NA
Demographic Surveys,timeperweekactivej_1,NA,NA
Demographic Surveys,timeperweekactivek_1,NA,NA
Demographic Surveys,timeperweekactivel_1,NA,NA
Demographic Surveys,timeperweekactivem_1,NA,NA
Demographic Surveys,timeperweekactiven_1,NA,NA
Demographic Surveys,importance1_1,NA,NA
Demographic Surveys,importance2_1,NA,NA
Demographic Surveys,importance3_1,NA,NA
Demographic Surveys,importance4_1,NA,NA
Demographic Surveys,importance5_1,NA,NA
Demographic Surveys,importance6_1,NA,NA
Demographic Surveys,importance7_1,NA,NA
Demographic Surveys,importance8_1,NA,NA
Demographic Surveys,importance9_1,NA,NA
Demographic Surveys,importance10_1,NA,NA
Demographic Surveys,importance11_1,NA,NA
Demographic Surveys,importance12_1,NA,NA
Demographic Surveys,importance13_1,NA,NA
Demographic Surveys,importance14_1,NA,NA
Demographic Surveys,importance15_1,NA,NA
Demographic Surveys,importance16_1,NA,NA
Demographic Surveys,guesschance1_1,NA,NA
Demographic Surveys,guesschance2_1,NA,NA
Demographic Surveys,guesschance3_1,NA,NA
Demographic Surveys,guesschance4_1,NA,NA
Demographic Surveys,guesschance5_1,NA,NA
Demographic Surveys,guesschance6_1,NA,NA
Demographic Surveys,guesschance7_1,NA,NA
Demographic Surveys,guesschance8_1,NA,NA
Demographic Surveys,guesschance9_1,NA,NA
Demographic Surveys,guesschance10_1,NA,NA
Demographic Surveys,guesschance11_1,NA,NA
Demographic Surveys,guesschance12_1,NA,NA
Demographic Surveys,guesschance13_1,NA,NA
Demographic Surveys,guesschance14_1,NA,NA
Demographic Surveys,political_1,NA,NA
Demographic Surveys,deathpen_1,NA,NA
Demographic Surveys,marijuana_1,NA,NA
Demographic Surveys,abortion_1,NA,NA
Demographic Surveys,homosexual_1,NA,NA
Demographic Surveys,gaymarriage_1,NA,NA
Demographic Surveys,premaritalsex_1,NA,NA
Demographic Surveys,euthanasia_1,NA,NA
Demographic Surveys,fswelfare_1,NA,NA
Demographic Surveys,fssocsec_1,NA,NA
Demographic Surveys,healthins_1,NA,NA
Demographic Surveys,jobguar_1,NA,NA
Demographic Surveys,govnservices_1,NA,NA
Demographic Surveys,toomucheqrights_1,NA,NA
Demographic Surveys,eqchances_1,NA,NA
Demographic Surveys,moreeqchances_1,NA,NA
Demographic Surveys,lesseq_1,NA,NA
Demographic Surveys,racediscrim_1,NA,NA
Demographic Surveys,musicpref1_1,NA,NA
Demographic Surveys,musicpref2_1,NA,NA
Demographic Surveys,musicpref3_1,NA,NA
Demographic Surveys,musicpref4_1,NA,NA
Demographic Surveys,musicpref5_1,NA,NA
Demographic Surveys,musicpref6_1,NA,NA
Demographic Surveys,musicpref7_1,NA,NA
Demographic Surveys,musicpref8_1,NA,NA
Demographic Surveys,musicpref9_1,NA,NA
Demographic Surveys,musicpref10_1,NA,NA
Demographic Surveys,musicpref11_1,NA,NA
Demographic Surveys,musicpref12_1,NA,NA
Demographic Surveys,musicpref13_1,NA,NA
Demographic Surveys,musicpref14_1,NA,NA
Demographic Surveys,musicpref15_1,NA,NA
Demographic Surveys,musicpref16_1,NA,NA
Demographic Surveys,musicpref17_1,NA,NA
Demographic Surveys,musicpref18_1,NA,NA
Demographic Surveys,musicpref19_1,NA,NA
Demographic Surveys,musicpref20_1,NA,NA
Demographic Surveys,musicpref21_1,NA,NA
Demographic Surveys,musicpref22_1,NA,NA
Demographic Surveys,musicprefother_1,NA,NA
Demographic Surveys,culturalevents1_1,NA,NA
Demographic Surveys,culturalevents2_1,NA,NA
Demographic Surveys,culturalevents3_1,NA,NA
Demographic Surveys,culturalevents4_1,NA,NA
Demographic Surveys,culturalevents5_1,NA,NA
Demographic Surveys,culturalevents6_1,NA,NA
Demographic Surveys,culturalevents7_1,NA,NA
Demographic Surveys,culturalevents8_1,NA,NA
Demographic Surveys,culturalevents9_1,NA,NA
Demographic Surveys,culturalevents10_1,NA,NA
Demographic Surveys,culturalevents11_1,NA,NA
Demographic Surveys,culturalevents12_1,NA,NA
Demographic Surveys,booksread_1,NA,NA
Demographic Surveys,typebookread1_1,NA,NA
Demographic Surveys,typebookread2_1,NA,NA
Demographic Surveys,typebookread3_1,NA,NA
Demographic Surveys,typebookread4_1,NA,NA
Demographic Surveys,typebookread5_1,NA,NA
Demographic Surveys,typebookread6_1,NA,NA
Demographic Surveys,typebookread7_1,NA,NA
Demographic Surveys,typebookread8_1,NA,NA
Demographic Surveys,typebookread9_1,NA,NA
Demographic Surveys,typebookreadother_1,NA,NA
Demographic Surveys,musiccollection_1,NA,NA
Demographic Surveys,landmarks1_1,NA,NA
Demographic Surveys,landmarks2_1,NA,NA
Demographic Surveys,landmarks3_1,NA,NA
Demographic Surveys,landmarks4_1,NA,NA
Demographic Surveys,landmarks5_1,NA,NA
Demographic Surveys,outus_1,NA,NA
Demographic Surveys,whereoutus1_1,NA,NA
Demographic Surveys,whereoutus2_1,NA,NA
Demographic Surveys,whereoutus3_1,NA,NA
Demographic Surveys,whereoutus4_1,NA,NA
Demographic Surveys,whereoutus5_1,NA,NA
Demographic Surveys,whereoutus6_1,NA,NA
Demographic Surveys,whereoutus7_1,NA,NA
Demographic Surveys,whereoutus8_1,NA,NA
Demographic Surveys,whereoutus9_1,NA,NA
Demographic Surveys,whereoutus10_1,NA,NA
Demographic Surveys,whereoutus11_1,NA,NA
Demographic Surveys,whereoutusother_1,NA,NA
Demographic Surveys,numberpets_1,NA,NA
Demographic Surveys,interestitems1_1,NA,NA
Demographic Surveys,interestitems2_1,NA,NA
Demographic Surveys,interestitems3_1,NA,NA
Demographic Surveys,interestitems4_1,NA,NA
Demographic Surveys,interestitems5_1,NA,NA
Demographic Surveys,interestitems6_1,NA,NA
Demographic Surveys,cellular_1,NA,NA
Demographic Surveys,phonemaker_1,NA,NA
Demographic Surveys,makerother_1,NA,NA
Demographic Surveys,model_1,NA,NA
Demographic Surveys,period_1,NA,NA
Demographic Surveys,carrier_1,NA,NA
Demographic Surveys,carrierother_1,NA,NA
Demographic Surveys,usagedegree_1,NA,NA
Demographic Surveys,planpurchasing1_1,NA,NA
Demographic Surveys,planpurchasing2_1,NA,NA
Demographic Surveys,planpurchasing3_1,NA,NA
Demographic Surveys,planpurchasing4_1,NA,NA
Demographic Surveys,planpurchasing5_1,NA,NA
Demographic Surveys,planpurchasing6_1,NA,NA
Demographic Surveys,planpurchasing7_1,NA,NA
Demographic Surveys,planpurchasing8_1,NA,NA
Demographic Surveys,computeruse_1,NA,NA
Demographic Surveys,program_1,NA,NA
Demographic Surveys,programwhich1_1,NA,NA
Demographic Surveys,programwhich2_1,NA,NA
Demographic Surveys,programwhich3_1,NA,NA
Demographic Surveys,programwhich4_1,NA,NA
Demographic Surveys,programwhich5_1,NA,NA
Demographic Surveys,programwhich6_1,NA,NA
Demographic Surveys,programwhich7_1,NA,NA
Demographic Surveys,programwhich8_1,NA,NA
Demographic Surveys,programwhich9_1,NA,NA
Demographic Surveys,programwhich10_1,NA,NA
Demographic Surveys,programwhich11_1,NA,NA
Demographic Surveys,programwhichother_1,NA,NA
Demographic Surveys,usesocnetwork1_1,NA,NA
Demographic Surveys,usesocnetwork2_1,NA,NA
Demographic Surveys,usesocnetwork3_1,NA,NA
Demographic Surveys,usesocnetwork4_1,NA,NA
Demographic Surveys,usesocnetwork5_1,NA,NA
Demographic Surveys,usesocnetwork6_1,NA,NA
Demographic Surveys,usesocnetwork7_1,NA,NA
Demographic Surveys,usesocnetwork8_1,NA,NA
Demographic Surveys,usesocnetwork9_1,NA,NA
Demographic Surveys,fbprivacy_1,NA,NA
Demographic Surveys,phoneuse1_1,NA,NA
Demographic Surveys,phoneuse2_1,NA,NA
Demographic Surveys,phoneuse3_1,NA,NA
Demographic Surveys,phoneuse4_1,NA,NA
Demographic Surveys,phoneuse5_1,NA,NA
Demographic Surveys,phoneuse6_1,NA,NA
Demographic Surveys,phoneuse7_1,NA,NA
Demographic Surveys,phoneuse8_1,NA,NA
Demographic Surveys,phoneuse9_1,NA,NA
Demographic Surveys,phoneuse10_1,NA,NA
Demographic Surveys,phoneuse11_1,NA,NA
Demographic Surveys,talk_1,NA,NA
Demographic Surveys,sendsms_1,NA,NA
Demographic Surveys,receivesms_1,NA,NA
Demographic Surveys,contacts_1,NA,NA
Demographic Surveys,engnative_1,NA,NA
Demographic Surveys,citizen_1,NA,NA
Demographic Surveys,parentsmarriage_1,NA,NA
Demographic Surveys,pincome_1,NA,NA
Demographic Surveys,momed_1,NA,NA
Demographic Surveys,daded_1,NA,NA
Demographic Surveys,occupationmom_1,NA,NA
Demographic Surveys,occupationdad_1,NA,NA
Demographic Surveys,occupationstudent_1,NA,NA
Demographic Surveys,momrelig_1,NA,NA
Demographic Surveys,dadrelig_1,NA,NA
Demographic Surveys,selfrelig_1,NA,NA
Demographic Surveys,religcateg_1,NA,NA
Demographic Surveys,military_1,NA,NA
Demographic Surveys,familymilitary_1,NA,NA
Demographic Surveys,closemilitary_1,NA,NA
Demographic Surveys,v1532,firstname_1,NA
Demographic Surveys,v1533,lastname_1,NA
Demographic Surveys,emailaddress_1,NA,NA
Demographic Surveys,sender,NA,NA
Demographic Surveys,_merge_1,NA,NA
Demographic Surveys,extraversion_1,NA,NA
Demographic Surveys,agreeableness_1,NA,NA
Demographic Surveys,conscientiousness_1,NA,NA
Demographic Surveys,neuroticism_1,NA,NA
Demographic Surveys,openness_1,NA,NA
Demographic Surveys,clubsothercode_1,clubsotherCode_1,NA
Demographic Surveys,clubscode1_2,clubsCode1_2,NA
Demographic Surveys,clubscode1_3,clubsCode1_3,NA
Demographic Surveys,clubscode1_4,clubsCode1_4,NA
Demographic Surveys,clubscode1_5,clubsCode1_5,NA
Demographic Surveys,clubscode1_6,clubsCode1_6,NA
Demographic Surveys,clubscode2_2,clubsCode2_2,NA
Demographic Surveys,clubscode2_3,clubsCode2_3,NA
Demographic Surveys,clubscode2_4,clubsCode2_4,NA
Demographic Surveys,clubscode2_5,clubsCode2_5,NA
Demographic Surveys,clubscode2_6,clubsCode2_6,NA
Demographic Surveys,clubscode3_2,clubsCode3_2,NA
Demographic Surveys,clubscode3_3,clubsCode3_3,NA
Demographic Surveys,clubscode3_4,clubsCode3_4,NA
Demographic Surveys,clubscode3_5,clubsCode3_5,NA
Demographic Surveys,clubscode3_6,clubsCode3_6,NA
Demographic Surveys,clubscode4_2,clubsCode4_2,NA
Demographic Surveys,clubscode4_3,clubsCode4_3,NA
Demographic Surveys,clubscode4_4,clubsCode4_4,NA
Demographic Surveys,clubscode4_5,clubsCode4_5,NA
Demographic Surveys,clubscode4_6,clubsCode4_6,NA
Demographic Surveys,clubscode5_2,clubsCode5_2,NA
Demographic Surveys,clubscode5_3,clubsCode5_3,NA
Demographic Surveys,clubscode5_4,clubsCode5_4,NA
Demographic Surveys,clubscode5_5,clubsCode5_5,NA
Demographic Surveys,clubscode5_6,clubsCode5_6,NA
Demographic Surveys,clubscode6_2,clubsCode6_2,NA
Demographic Surveys,clubscode6_3,clubsCode6_3,NA
Demographic Surveys,clubscode6_4,clubsCode6_4,NA
Demographic Surveys,clubscode6_5,clubsCode6_5,NA
Demographic Surveys,clubscode6_6,clubsCode6_6,NA
Demographic Surveys,clubscode7_2,clubsCode7_2,NA
Demographic Surveys,clubscode7_3,clubsCode7_3,NA
Demographic Surveys,clubscode7_4,clubsCode7_4,NA
Demographic Surveys,clubscode7_5,clubsCode7_5,NA
Demographic Surveys,clubscode7_6,clubsCode7_6,NA
Demographic Surveys,clubscode8_2,clubsCode8_2,NA
Demographic Surveys,clubscode8_3,clubsCode8_3,NA
Demographic Surveys,clubscode8_4,clubsCode8_4,NA
Demographic Surveys,clubscode8_5,clubsCode8_5,NA
Demographic Surveys,clubscode8_6,clubsCode8_6,NA
Demographic Surveys,clubscode9_2,clubsCode9_2,NA
Demographic Surveys,clubscode9_3,clubsCode9_3,NA
Demographic Surveys,clubscode9_4,clubsCode9_4,NA
Demographic Surveys,clubscode9_5,clubsCode9_5,NA
Demographic Surveys,clubscode9_6,clubsCode9_6,NA
Demographic Surveys,clubscode10_2,clubsCode10_2,NA
Demographic Surveys,clubscode10_3,clubsCode10_3,NA
Demographic Surveys,clubscode10_4,clubsCode10_4,NA
Demographic Surveys,clubscode10_5,clubsCode10_5,NA
Demographic Surveys,clubscode10_6,clubsCode10_6,NA
Demographic Surveys,counter,NA,NA
Demographic Surveys,dups,NA,NA
Quiz Responses (Master),egoid,NA,NA
Quiz Responses (Master),phonework1,NA,NA
Quiz Responses (Master),fbgame2,NA,NA
Quiz Responses (Master),fbgame4g2,NA,NA
Quiz Responses (Master),_mergeQ2,NA,NA
Quiz Responses (Master),prevphone3,NA,NA
Quiz Responses (Master),facebook3,NA,NA
Quiz Responses (Master),_mergeQ3,NA,NA
Quiz Responses (Master),fallbreak4,NA,NA
Quiz Responses (Master),uscgame4,NA,NA
Quiz Responses (Master),_mergeQ4,NA,NA
Quiz Responses (Master),overwhelmed5,NA,NA
Quiz Responses (Master),cheerful5,NA,NA
Quiz Responses (Master),calm5,NA,NA
Quiz Responses (Master),active5,NA,NA
Quiz Responses (Master),fresh5,NA,NA
Quiz Responses (Master),interest5,NA,NA
Quiz Responses (Master),overall5,NA,NA
Quiz Responses (Master),_mergeQ5,NA,NA
Quiz Responses (Master),health6,NA,NA
Quiz Responses (Master),exercise6,NA,NA
Quiz Responses (Master),sleep6,NA,NA
Quiz Responses (Master),sleepqual6,NA,NA
Quiz Responses (Master),weight6,NA,NA
Quiz Responses (Master),_mergeQ6,NA,NA
Quiz Responses (Master),polviews7,NA,NA
Quiz Responses (Master),gaymarry7,NA,NA
Quiz Responses (Master),govserv7,NA,NA
Quiz Responses (Master),eqlchance7,NA,NA
Quiz Responses (Master),dispol7,NA,NA
Quiz Responses (Master),distv7,NA,NA
Quiz Responses (Master),dissport7,NA,NA
Quiz Responses (Master),disart7,NA,NA
Quiz Responses (Master),_mergeQ7,NA,NA
Quiz Responses (Master),tvmovie8,NA,NA
Quiz Responses (Master),attsport8,NA,NA
Quiz Responses (Master),wtchsport8,NA,NA
Quiz Responses (Master),liveart8,NA,NA
Quiz Responses (Master),alcohol8,NA,NA
Quiz Responses (Master),videogame8,NA,NA
Quiz Responses (Master),_mergeQ8,NA,NA
Quiz Responses (Master),overwhelmed9,NA,NA
Quiz Responses (Master),cheerful9,NA,NA
Quiz Responses (Master),calm9,NA,NA
Quiz Responses (Master),active9,NA,NA
Quiz Responses (Master),fresh9,NA,NA
Quiz Responses (Master),interest9,NA,NA
Quiz Responses (Master),overall9,NA,NA
Quiz Responses (Master),_mergeQ9,NA,NA
Quiz Responses (Master),health10,NA,NA
Quiz Responses (Master),exercise10,NA,NA
Quiz Responses (Master),sleep10,NA,NA
Quiz Responses (Master),sleepqual10,NA,NA
Quiz Responses (Master),weight10,NA,NA
Quiz Responses (Master),angry10,NA,NA
Quiz Responses (Master),embarrassed10,NA,NA
Quiz Responses (Master),_mergeQ10,NA,NA
Quiz Responses (Master),polviews11,NA,NA
Quiz Responses (Master),gaymarry11,NA,NA
Quiz Responses (Master),govserv11,NA,NA
Quiz Responses (Master),eqlchance11,NA,NA
Quiz Responses (Master),dispol11,NA,NA
Quiz Responses (Master),distv11,NA,NA
Quiz Responses (Master),dissport11,NA,NA
Quiz Responses (Master),disart11,NA,NA
Quiz Responses (Master),_mergeQ11,NA,NA
Quiz Responses (Master),tvmovie12,NA,NA
Quiz Responses (Master),attsport12,NA,NA
Quiz Responses (Master),wtchsport12,NA,NA
Quiz Responses (Master),liveart12,NA,NA
Quiz Responses (Master),alcohol12,NA,NA
Quiz Responses (Master),videogame12,NA,NA
Quiz Responses (Master),_mergeQ12,NA,NA
Quiz Responses (Master),overwhelmed13,NA,NA
Quiz Responses (Master),cheerful13,NA,NA
Quiz Responses (Master),calm13,NA,NA
Quiz Responses (Master),active13,NA,NA
Quiz Responses (Master),fresh13,NA,NA
Quiz Responses (Master),interest13,NA,NA
Quiz Responses (Master),overall13,NA,NA
Quiz Responses (Master),_mergeQ13,NA,NA
Quiz Responses (Master),health14,NA,NA
Quiz Responses (Master),exercise14,NA,NA
Quiz Responses (Master),sleep14,NA,NA
Quiz Responses (Master),sleepqual14,NA,NA
Quiz Responses (Master),weight14,NA,NA
Quiz Responses (Master),angry14,NA,NA
Quiz Responses (Master),embarrassed14,NA,NA
Quiz Responses (Master),_mergeQ14,NA,NA
Quiz Responses (Master),polviews15,NA,NA
Quiz Responses (Master),gaymarry15,NA,NA
Quiz Responses (Master),govserv15,NA,NA
Quiz Responses (Master),eqlchance15,NA,NA
Quiz Responses (Master),dispol15,NA,NA
Quiz Responses (Master),distv15,NA,NA
Quiz Responses (Master),dissport15,NA,NA
Quiz Responses (Master),disart15,NA,NA
Quiz Responses (Master),_mergeQ15,NA,NA
Quiz Responses (Master),tvmovie16,NA,NA
Quiz Responses (Master),attsport16,NA,NA
Quiz Responses (Master),wtchsport16,NA,NA
Quiz Responses (Master),liveart16,NA,NA
Quiz Responses (Master),alcohol16,NA,NA
Quiz Responses (Master),videogame16,NA,NA
Quiz Responses (Master),_mergeQ16,NA,NA
Quiz Responses (Master),overwhelmed17,NA,NA
Quiz Responses (Master),cheerful17,NA,NA
Quiz Responses (Master),calm17,NA,NA
Quiz Responses (Master),active17,NA,NA
Quiz Responses (Master),fresh17,NA,NA
Quiz Responses (Master),interest17,NA,NA
Quiz Responses (Master),overall17,NA,NA
Quiz Responses (Master),_mergeQ17,NA,NA
Quiz Responses (Master),health18,NA,NA
Quiz Responses (Master),exercise18,NA,NA
Quiz Responses (Master),sleep18,NA,NA
Quiz Responses (Master),sleepqual18,NA,NA
Quiz Responses (Master),weight18,NA,NA
Quiz Responses (Master),angry18,NA,NA
Quiz Responses (Master),embarrassed18,NA,NA
Quiz Responses (Master),_mergeQ18,NA,NA
Quiz Responses (Master),polviews19,NA,NA
Quiz Responses (Master),gaymarry19,NA,NA
Quiz Responses (Master),govserv19,NA,NA
Quiz Responses (Master),eqlchance19,NA,NA
Quiz Responses (Master),dispol19,NA,NA
Quiz Responses (Master),distv19,NA,NA
Quiz Responses (Master),dissport19,NA,NA
Quiz Responses (Master),disart19,NA,NA
Quiz Responses (Master),_mergeQ19,NA,NA
Quiz Responses (Master),overwhelmed38,NA,NA
Quiz Responses (Master),cheerful38,NA,NA
Quiz Responses (Master),calm38,NA,NA
Quiz Responses (Master),active38,NA,NA
Quiz Responses (Master),fresh38,NA,NA
Quiz Responses (Master),interest38,NA,NA
Quiz Responses (Master),overall38,NA,NA
Quiz Responses (Master),_mergeQ38,NA,NA
Quiz Responses (Master),health39,NA,NA
Quiz Responses (Master),exercise39,NA,NA
Quiz Responses (Master),sleep39,NA,NA
Quiz Responses (Master),sleepqual39,NA,NA
Quiz Responses (Master),weight39,NA,NA
Quiz Responses (Master),angry39,NA,NA
Quiz Responses (Master),embarrassed39,NA,NA
Quiz Responses (Master),_mergeQ39,NA,NA
