egoid,term,semester,academic_year,college_year,crn,final_grade,grade_points,is_letter_grade
10841,201120,Spring 2012,2011-2012,Freshman,20273,A,4.0,1
10841,201120,Spring 2012,2011-2012,Freshman,22081,A,4.0,1
10841,201200,Summer 2012,2012-2013,Sophomore,3435,A,4.0,1
10841,201210,Fall 2012,2012-2013,Sophomore,12382,A,4.0,1
10841,201310,Fall 2013,2013-2014,Junior,13201,A,4.0,1
10841,201310,Fall 2013,2013-2014,Junior,17242,A,4.0,1
10841,201320,Spring 2014,2013-2014,Junior,20969,A,4.0,1
10841,201320,Spring 2014,2013-2014,Junior,24573,A,4.0,1
10841,201320,Spring 2014,2013-2014,Junior,29712,A,4.0,1
10841,201420,Spring 2015,2014-2015,Senior,20518,A,4.0,1
10841,201420,Spring 2015,2014-2015,Senior,21251,A,4.0,1
10841,201100,Summer 2011 / AP,2011-2012,Pre-College,3243,A-,3.667,1
10841,201310,Fall 2013,2013-2014,Junior,15134,A-,3.667,1
10841,201410,Fall 2014,2014-2015,Senior,10868,A-,3.667,1
10841,201420,Spring 2015,2014-2015,Senior,29155,A-,3.667,1
10841,201110,Fall 2011,2011-2012,Freshman,101001001,AD,,0
10841,201110,Fall 2011,2011-2012,Freshman,101001002,AD,,0
10841,201110,Fall 2011,2011-2012,Freshman,201001001,AD,,0
10841,201110,Fall 2011,2011-2012,Freshman,201002002,AD,,0
10841,201110,Fall 2011,2011-2012,Freshman,201003003,AD,,0
10841,201120,Spring 2012,2011-2012,Freshman,201005005,AD,,0
10841,201110,Fall 2011,2011-2012,Freshman,12447,B,3.0,1
10841,201110,Fall 2011,2011-2012,Freshman,14270,B,3.0,1
10841,201120,Spring 2012,2011-2012,Freshman,21659,B,3.0,1
10841,201210,Fall 2012,2012-2013,Sophomore,10987,B,3.0,1
10841,201210,Fall 2012,2012-2013,Sophomore,12627,B,3.0,1
10841,201210,Fall 2012,2012-2013,Sophomore,13917,B,3.0,1
10841,201220,Spring 2013,2012-2013,Sophomore,20378,B,3.0,1
10841,201220,Spring 2013,2012-2013,Sophomore,25447,B,3.0,1
10841,201310,Fall 2013,2013-2014,Junior,10004,B,3.0,1
10841,201310,Fall 2013,2013-2014,Junior,12179,B,3.0,1
10841,201310,Fall 2013,2013-2014,Junior,12181,B,3.0,1
10841,201320,Spring 2014,2013-2014,Junior,20607,B,3.0,1
10841,201110,Fall 2011,2011-2012,Freshman,10870,B-,2.667,1
10841,201210,Fall 2012,2012-2013,Sophomore,13039,B-,2.667,1
10841,201220,Spring 2013,2012-2013,Sophomore,20232,B-,2.667,1
10841,201320,Spring 2014,2013-2014,Junior,21311,B-,2.667,1
10841,201410,Fall 2014,2014-2015,Senior,10009,B-,2.667,1
10841,201420,Spring 2015,2014-2015,Senior,22969,B-,2.667,1
10841,201110,Fall 2011,2011-2012,Freshman,10710,B+,3.333,1
10841,201110,Fall 2011,2011-2012,Freshman,13066,B+,3.333,1
10841,201120,Spring 2012,2011-2012,Freshman,20704,B+,3.333,1
10841,201320,Spring 2014,2013-2014,Junior,21667,B+,3.333,1
10841,201410,Fall 2014,2014-2015,Senior,10869,B+,3.333,1
10841,201410,Fall 2014,2014-2015,Senior,12062,B+,3.333,1
10841,201220,Spring 2013,2012-2013,Sophomore,20268,C,2.0,1
10841,201210,Fall 2012,2012-2013,Sophomore,10635,C+,2.333,1
10841,201210,Fall 2012,2012-2013,Sophomore,10986,C+,2.333,1
10841,201220,Spring 2013,2012-2013,Sophomore,25600,C+,2.333,1
10841,201110,Fall 2011,2011-2012,Freshman,13154,S,,0
10841,201110,Fall 2011,2011-2012,Freshman,15002,S,,0
10841,201120,Spring 2012,2011-2012,Freshman,22733,S,,0
10841,201120,Spring 2012,2011-2012,Freshman,24636,S,,0
10841,201220,Spring 2013,2012-2013,Sophomore,26458,S,,0
10841,201410,Fall 2014,2014-2015,Senior,21002,S,,0
11692,201120,Spring 2012,2011-2012,Freshman,20202,A,4.0,1
11692,201120,Spring 2012,2011-2012,Freshman,20226,A,4.0,1
11692,201120,Spring 2012,2011-2012,Freshman,24643,A,4.0,1
11692,201120,Spring 2012,2011-2012,Freshman,25566,A,4.0,1
11692,201120,Spring 2012,2011-2012,Freshman,26973,A,4.0,1
11692,201210,Fall 2012,2012-2013,Sophomore,11628,A,4.0,1
11692,201210,Fall 2012,2012-2013,Sophomore,12543,A,4.0,1
11692,201210,Fall 2012,2012-2013,Sophomore,12547,A,4.0,1
11692,201210,Fall 2012,2012-2013,Sophomore,12571,A,4.0,1
11692,201210,Fall 2012,2012-2013,Sophomore,14611,A,4.0,1
11692,201220,Spring 2013,2012-2013,Sophomore,20142,A,4.0,1
11692,201220,Spring 2013,2012-2013,Sophomore,20334,A,4.0,1
11692,201220,Spring 2013,2012-2013,Sophomore,20511,A,4.0,1
11692,201220,Spring 2013,2012-2013,Sophomore,22027,A,4.0,1
11692,201310,Fall 2013,2013-2014,Junior,10133,A,4.0,1
11692,201310,Fall 2013,2013-2014,Junior,10772,A,4.0,1
11692,201310,Fall 2013,2013-2014,Junior,11489,A,4.0,1
11692,201310,Fall 2013,2013-2014,Junior,13575,A,4.0,1
11692,201310,Fall 2013,2013-2014,Junior,14325,A,4.0,1
11692,201320,Spring 2014,2013-2014,Junior,22137,A,4.0,1
11692,201320,Spring 2014,2013-2014,Junior,23850,A,4.0,1
11692,201320,Spring 2014,2013-2014,Junior,24954,A,4.0,1
11692,201320,Spring 2014,2013-2014,Junior,25573,A,4.0,1
11692,201410,Fall 2014,2014-2015,Senior,10928,A,4.0,1
11692,201410,Fall 2014,2014-2015,Senior,11756,A,4.0,1
11692,201410,Fall 2014,2014-2015,Senior,12659,A,4.0,1
11692,201420,Spring 2015,2014-2015,Senior,29300,A,4.0,1
11692,201420,Spring 2015,2014-2015,Senior,30055,A,4.0,1
11692,201110,Fall 2011,2011-2012,Freshman,13742,A-,3.667,1
11692,201110,Fall 2011,2011-2012,Freshman,16000,A-,3.667,1
11692,201220,Spring 2013,2012-2013,Sophomore,20588,A-,3.667,1
11692,201320,Spring 2014,2013-2014,Junior,21854,A-,3.667,1
11692,201320,Spring 2014,2013-2014,Junior,24375,A-,3.667,1
11692,201410,Fall 2014,2014-2015,Senior,12324,A-,3.667,1
11692,201410,Fall 2014,2014-2015,Senior,15140,A-,3.667,1
11692,201420,Spring 2015,2014-2015,Senior,29302,A-,3.667,1
11692,201420,Spring 2015,2014-2015,Senior,29418,A-,3.667,1
11692,201110,Fall 2011,2011-2012,Freshman,101001001,AD,,0
11692,201110,Fall 2011,2011-2012,Freshman,101001002,AD,,0
11692,201110,Fall 2011,2011-2012,Freshman,11528,B-,2.667,1
11692,201110,Fall 2011,2011-2012,Freshman,12194,B+,3.333,1
11692,201110,Fall 2011,2011-2012,Freshman,19061,B+,3.333,1
11692,201210,Fall 2012,2012-2013,Sophomore,14619,B+,3.333,1
11692,201420,Spring 2015,2014-2015,Senior,29155,P,,0
11692,201110,Fall 2011,2011-2012,Freshman,13157,S,,0
11692,201120,Spring 2012,2011-2012,Freshman,24634,S,,0
11692,201210,Fall 2012,2012-2013,Sophomore,12584,S,,0
13799,201220,Spring 2013,2012-2013,Sophomore,23168,A,4.0,1
13799,201410,Fall 2014,2014-2015,Senior,11925,A,4.0,1
13799,201420,Spring 2015,2014-2015,Senior,26616,A,4.0,1
13799,201120,Spring 2012,2011-2012,Freshman,29496,A-,3.667,1
13799,201210,Fall 2012,2012-2013,Sophomore,19288,A-,3.667,1
13799,201220,Spring 2013,2012-2013,Sophomore,21910,A-,3.667,1
13799,201310,Fall 2013,2013-2014,Junior,16843,A-,3.667,1
13799,201310,Fall 2013,2013-2014,Junior,18825,A-,3.667,1
13799,201310,Fall 2013,2013-2014,Junior,19330,A-,3.667,1
13799,201410,Fall 2014,2014-2015,Senior,20491,A-,3.667,1
13799,201420,Spring 2015,2014-2015,Senior,22274,A-,3.667,1
13799,201110,Fall 2011,2011-2012,Freshman,11528,B,3.0,1
13799,201110,Fall 2011,2011-2012,Freshman,15978,B,3.0,1
13799,201120,Spring 2012,2011-2012,Freshman,21585,B,3.0,1
13799,201120,Spring 2012,2011-2012,Freshman,22543,B,3.0,1
13799,201120,Spring 2012,2011-2012,Freshman,28855,B,3.0,1
13799,201220,Spring 2013,2012-2013,Sophomore,22310,B,3.0,1
13799,201310,Fall 2013,2013-2014,Junior,16557,B,3.0,1
13799,201320,Spring 2014,2013-2014,Junior,29045,B,3.0,1
13799,201410,Fall 2014,2014-2015,Senior,12425,B,3.0,1
13799,201210,Fall 2012,2012-2013,Sophomore,12777,B-,2.667,1
13799,201410,Fall 2014,2014-2015,Senior,11937,B-,2.667,1
13799,201110,Fall 2011,2011-2012,Freshman,14895,B+,3.333,1
13799,201120,Spring 2012,2011-2012,Freshman,21147,B+,3.333,1
13799,201210,Fall 2012,2012-2013,Sophomore,10113,B+,3.333,1
13799,201210,Fall 2012,2012-2013,Sophomore,18874,B+,3.333,1
13799,201210,Fall 2012,2012-2013,Sophomore,18952,B+,3.333,1
13799,201220,Spring 2013,2012-2013,Sophomore,21958,B+,3.333,1
13799,201320,Spring 2014,2013-2014,Junior,21853,B+,3.333,1
13799,201410,Fall 2014,2014-2015,Senior,19633,B+,3.333,1
13799,201420,Spring 2015,2014-2015,Senior,24697,B+,3.333,1
13799,201420,Spring 2015,2014-2015,Senior,29420,B+,3.333,1
13799,201110,Fall 2011,2011-2012,Freshman,11797,C,2.0,1
13799,201110,Fall 2011,2011-2012,Freshman,12220,C+,2.333,1
13799,201310,Fall 2013,2013-2014,Junior,12073,C+,2.333,1
13799,201320,Spring 2014,2013-2014,Junior,28944,C+,2.333,1
13799,201110,Fall 2011,2011-2012,Freshman,13159,S,,0
13799,201120,Spring 2012,2011-2012,Freshman,24631,S,,0
13799,201210,Fall 2012,2012-2013,Sophomore,10219,S,,0
13799,201220,Spring 2013,2012-2013,Sophomore,20351,S,,0
13799,201320,Spring 2014,2013-2014,Junior,20331,S,,0
13799,201400,Summer 2014,2014-2015,Senior,3419,S,,0
13799,201410,Fall 2014,2014-2015,Senior,17420,S,,0
14106,201120,Spring 2012,2011-2012,Freshman,22200,A,4.0,1
14106,201120,Spring 2012,2011-2012,Freshman,24503,A,4.0,1
14106,201120,Spring 2012,2011-2012,Freshman,28719,A,4.0,1
14106,201120,Spring 2012,2011-2012,Freshman,28801,A,4.0,1
14106,201210,Fall 2012,2012-2013,Sophomore,11269,A,4.0,1
14106,201210,Fall 2012,2012-2013,Sophomore,13773,A,4.0,1
14106,201210,Fall 2012,2012-2013,Sophomore,18451,A,4.0,1
14106,201210,Fall 2012,2012-2013,Sophomore,18452,A,4.0,1
14106,201220,Spring 2013,2012-2013,Sophomore,20711,A,4.0,1
14106,201220,Spring 2013,2012-2013,Sophomore,21421,A,4.0,1
14106,201220,Spring 2013,2012-2013,Sophomore,22751,A,4.0,1
14106,201220,Spring 2013,2012-2013,Sophomore,23615,A,4.0,1
14106,201220,Spring 2013,2012-2013,Sophomore,26177,A,4.0,1
14106,201220,Spring 2013,2012-2013,Sophomore,28976,A,4.0,1
14106,201310,Fall 2013,2013-2014,Junior,12476,A,4.0,1
14106,201310,Fall 2013,2013-2014,Junior,13575,A,4.0,1
14106,201310,Fall 2013,2013-2014,Junior,19045,A,4.0,1
14106,201320,Spring 2014,2013-2014,Junior,23357,A,4.0,1
14106,201320,Spring 2014,2013-2014,Junior,23825,A,4.0,1
14106,201320,Spring 2014,2013-2014,Junior,24571,A,4.0,1
14106,201410,Fall 2014,2014-2015,Senior,20288,A,4.0,1
14106,201420,Spring 2015,2014-2015,Senior,24005,A,4.0,1
14106,201110,Fall 2011,2011-2012,Freshman,10869,A-,3.667,1
14106,201110,Fall 2011,2011-2012,Freshman,13744,A-,3.667,1
14106,201110,Fall 2011,2011-2012,Freshman,14692,A-,3.667,1
14106,201120,Spring 2012,2011-2012,Freshman,28281,A-,3.667,1
14106,201210,Fall 2012,2012-2013,Sophomore,11628,A-,3.667,1
14106,201310,Fall 2013,2013-2014,Junior,11937,A-,3.667,1
14106,201310,Fall 2013,2013-2014,Junior,15362,A-,3.667,1
14106,201310,Fall 2013,2013-2014,Junior,17095,A-,3.667,1
14106,201320,Spring 2014,2013-2014,Junior,21213,A-,3.667,1
14106,201410,Fall 2014,2014-2015,Senior,13836,A-,3.667,1
14106,201420,Spring 2015,2014-2015,Senior,23120,A-,3.667,1
14106,201420,Spring 2015,2014-2015,Senior,25882,A-,3.667,1
14106,201110,Fall 2011,2011-2012,Freshman,101001001,AD,,0
14106,201110,Fall 2011,2011-2012,Freshman,101002002,AD,,0
14106,201110,Fall 2011,2011-2012,Freshman,101003003,AD,,0
14106,201110,Fall 2011,2011-2012,Freshman,101004004,AD,,0
14106,201110,Fall 2011,2011-2012,Freshman,101005005,AD,,0
14106,201110,Fall 2011,2011-2012,Freshman,101006006,AD,,0
14106,201110,Fall 2011,2011-2012,Freshman,101007007,AD,,0
14106,201110,Fall 2011,2011-2012,Freshman,101008008,AD,,0
14106,201110,Fall 2011,2011-2012,Freshman,101008009,AD,,0
14106,201120,Spring 2012,2011-2012,Freshman,101010011,AD,,0
14106,201110,Fall 2011,2011-2012,Freshman,18352,B,3.0,1
14106,201110,Fall 2011,2011-2012,Freshman,11916,B+,3.333,1
14106,201320,Spring 2014,2013-2014,Junior,24375,B+,3.333,1
14106,201410,Fall 2014,2014-2015,Senior,11071,B+,3.333,1
14106,201410,Fall 2014,2014-2015,Senior,15140,B+,3.333,1
14106,201110,Fall 2011,2011-2012,Freshman,13161,S,,0
14106,201120,Spring 2012,2011-2012,Freshman,24631,S,,0
15071,201110,Fall 2011,2011-2012,Freshman,11800,A,4.0,1
15071,201110,Fall 2011,2011-2012,Freshman,12198,A,4.0,1
15071,201110,Fall 2011,2011-2012,Freshman,12438,A,4.0,1
15071,201110,Fall 2011,2011-2012,Freshman,14270,A,4.0,1
15071,201120,Spring 2012,2011-2012,Freshman,20002,A,4.0,1
15071,201120,Spring 2012,2011-2012,Freshman,22195,A,4.0,1
15071,201120,Spring 2012,2011-2012,Freshman,22685,A,4.0,1
15071,201120,Spring 2012,2011-2012,Freshman,24426,A,4.0,1
15071,201210,Fall 2012,2012-2013,Sophomore,12358,A,4.0,1
15071,201210,Fall 2012,2012-2013,Sophomore,12614,A,4.0,1
15071,201210,Fall 2012,2012-2013,Sophomore,13245,A,4.0,1
15071,201210,Fall 2012,2012-2013,Sophomore,15116,A,4.0,1
15071,201220,Spring 2013,2012-2013,Sophomore,20261,A,4.0,1
15071,201220,Spring 2013,2012-2013,Sophomore,20443,A,4.0,1
15071,201220,Spring 2013,2012-2013,Sophomore,22532,A,4.0,1
15071,201220,Spring 2013,2012-2013,Sophomore,22534,A,4.0,1
15071,201220,Spring 2013,2012-2013,Sophomore,24613,A,4.0,1
15071,201310,Fall 2013,2013-2014,Junior,10192,A,4.0,1
15071,201310,Fall 2013,2013-2014,Junior,11449,A,4.0,1
15071,201310,Fall 2013,2013-2014,Junior,11558,A,4.0,1
15071,201310,Fall 2013,2013-2014,Junior,15377,A,4.0,1
15071,201320,Spring 2014,2013-2014,Junior,21020,A,4.0,1
15071,201320,Spring 2014,2013-2014,Junior,21082,A,4.0,1
15071,201320,Spring 2014,2013-2014,Junior,24299,A,4.0,1
15071,201320,Spring 2014,2013-2014,Junior,29775,A,4.0,1
15071,201410,Fall 2014,2014-2015,Senior,11467,A,4.0,1
15071,201410,Fall 2014,2014-2015,Senior,11468,A,4.0,1
15071,201410,Fall 2014,2014-2015,Senior,12839,A,4.0,1
15071,201410,Fall 2014,2014-2015,Senior,16003,A,4.0,1
15071,201410,Fall 2014,2014-2015,Senior,17241,A,4.0,1
15071,201420,Spring 2015,2014-2015,Senior,21773,A,4.0,1
15071,201420,Spring 2015,2014-2015,Senior,21837,A,4.0,1
15071,201420,Spring 2015,2014-2015,Senior,25805,A,4.0,1
15071,201420,Spring 2015,2014-2015,Senior,26345,A,4.0,1
15071,201420,Spring 2015,2014-2015,Senior,30527,A,4.0,1
15071,201120,Spring 2012,2011-2012,Freshman,21006,A-,3.667,1
15071,201210,Fall 2012,2012-2013,Sophomore,18762,A-,3.667,1
15071,201310,Fall 2013,2013-2014,Junior,18890,A-,3.667,1
15071,201110,Fall 2011,2011-2012,Freshman,101001001,AD,,0
15071,201110,Fall 2011,2011-2012,Freshman,101002002,AD,,0
15071,201320,Spring 2014,2013-2014,Junior,28920,B,3.0,1
15071,201110,Fall 2011,2011-2012,Freshman,10913,B+,3.333,1
15071,201110,Fall 2011,2011-2012,Freshman,13160,S,,0
15071,201120,Spring 2012,2011-2012,Freshman,24632,S,,0
15071,201210,Fall 2012,2012-2013,Sophomore,12357,S,,0
15071,201310,Fall 2013,2013-2014,Junior,12227,S,,0
15071,201410,Fall 2014,2014-2015,Senior,11962,S,,0
15071,201420,Spring 2015,2014-2015,Senior,21954,S,,0
15723,201210,Fall 2012,2012-2013,Sophomore,14307,A,4.0,1
15723,201300,Summer 2013,2013-2014,Junior,1229,A,4.0,1
15723,201310,Fall 2013,2013-2014,Junior,11179,A,4.0,1
15723,201320,Spring 2014,2013-2014,Junior,20052,A,4.0,1
15723,201320,Spring 2014,2013-2014,Junior,23430,A,4.0,1
15723,201320,Spring 2014,2013-2014,Junior,29316,A,4.0,1
15723,201320,Spring 2014,2013-2014,Junior,29712,A,4.0,1
15723,201400,Summer 2014,2014-2015,Senior,2640,A,4.0,1
15723,201400,Summer 2014,2014-2015,Senior,3422,A,4.0,1
15723,201410,Fall 2014,2014-2015,Senior,11427,A,4.0,1
15723,201410,Fall 2014,2014-2015,Senior,11897,A,4.0,1
15723,201410,Fall 2014,2014-2015,Senior,17636,A,4.0,1
15723,201410,Fall 2014,2014-2015,Senior,19777,A,4.0,1
15723,201420,Spring 2015,2014-2015,Senior,26131,A,4.0,1
15723,201120,Spring 2012,2011-2012,Freshman,20146,A-,3.667,1
15723,201120,Spring 2012,2011-2012,Freshman,22149,A-,3.667,1
15723,201210,Fall 2012,2012-2013,Sophomore,15138,A-,3.667,1
15723,201220,Spring 2013,2012-2013,Sophomore,21948,A-,3.667,1
15723,201220,Spring 2013,2012-2013,Sophomore,23147,A-,3.667,1
15723,201220,Spring 2013,2012-2013,Sophomore,24094,A-,3.667,1
15723,201420,Spring 2015,2014-2015,Senior,29719,A-,3.667,1
15723,201110,Fall 2011,2011-2012,Freshman,101001001,AD,,0
15723,201110,Fall 2011,2011-2012,Freshman,101002002,AD,,0
15723,201110,Fall 2011,2011-2012,Freshman,101003003,AD,,0
15723,201110,Fall 2011,2011-2012,Freshman,10709,B,3.0,1
15723,201120,Spring 2012,2011-2012,Freshman,23895,B,3.0,1
15723,201220,Spring 2013,2012-2013,Sophomore,20700,B,3.0,1
15723,201220,Spring 2013,2012-2013,Sophomore,21695,B,3.0,1
15723,201220,Spring 2013,2012-2013,Sophomore,24392,B,3.0,1
15723,201310,Fall 2013,2013-2014,Junior,10963,B,3.0,1
15723,201310,Fall 2013,2013-2014,Junior,16156,B,3.0,1
15723,201200,Summer 2012,2012-2013,Sophomore,4079,B-,2.667,1
15723,201210,Fall 2012,2012-2013,Sophomore,11342,B-,2.667,1
15723,201210,Fall 2012,2012-2013,Sophomore,13105,B-,2.667,1
15723,201110,Fall 2011,2011-2012,Freshman,14269,B+,3.333,1
15723,201120,Spring 2012,2011-2012,Freshman,24498,B+,3.333,1
15723,201220,Spring 2013,2012-2013,Sophomore,23056,B+,3.333,1
15723,201310,Fall 2013,2013-2014,Junior,11335,B+,3.333,1
15723,201310,Fall 2013,2013-2014,Junior,12177,B+,3.333,1
15723,201420,Spring 2015,2014-2015,Senior,26479,B+,3.333,1
15723,201110,Fall 2011,2011-2012,Freshman,12373,C,2.0,1
15723,201120,Spring 2012,2011-2012,Freshman,22543,C-,1.667,1
15723,201210,Fall 2012,2012-2013,Sophomore,14301,C-,1.667,1
15723,201110,Fall 2011,2011-2012,Freshman,10693,C+,2.333,1
15723,201110,Fall 2011,2011-2012,Freshman,10872,C+,2.333,1
15723,201210,Fall 2012,2012-2013,Sophomore,16953,C+,2.333,1
15723,201110,Fall 2011,2011-2012,Freshman,13159,S,,0
15723,201120,Spring 2012,2011-2012,Freshman,24633,S,,0
15723,201210,Fall 2012,2012-2013,Sophomore,17034,S,,0
15723,201320,Spring 2014,2013-2014,Junior,25789,S,,0
15723,201420,Spring 2015,2014-2015,Senior,29070,S,,0
15776,201110,Fall 2011,2011-2012,Freshman,11992,A,4.0,1
15776,201110,Fall 2011,2011-2012,Freshman,12577,A,4.0,1
15776,201110,Fall 2011,2011-2012,Freshman,14269,A,4.0,1
15776,201120,Spring 2012,2011-2012,Freshman,21082,A,4.0,1
15776,201120,Spring 2012,2011-2012,Freshman,22164,A,4.0,1
15776,201120,Spring 2012,2011-2012,Freshman,22197,A,4.0,1
15776,201120,Spring 2012,2011-2012,Freshman,23896,A,4.0,1
15776,201200,Summer 2012,2012-2013,Sophomore,4302,A,4.0,1
15776,201210,Fall 2012,2012-2013,Sophomore,11342,A,4.0,1
15776,201210,Fall 2012,2012-2013,Sophomore,11483,A,4.0,1
15776,201210,Fall 2012,2012-2013,Sophomore,14301,A,4.0,1
15776,201210,Fall 2012,2012-2013,Sophomore,14303,A,4.0,1
15776,201220,Spring 2013,2012-2013,Sophomore,20700,A,4.0,1
15776,201220,Spring 2013,2012-2013,Sophomore,23057,A,4.0,1
15776,201220,Spring 2013,2012-2013,Sophomore,23147,A,4.0,1
15776,201220,Spring 2013,2012-2013,Sophomore,24094,A,4.0,1
15776,201220,Spring 2013,2012-2013,Sophomore,24392,A,4.0,1
15776,201220,Spring 2013,2012-2013,Sophomore,24589,A,4.0,1
15776,201220,Spring 2013,2012-2013,Sophomore,25954,A,4.0,1
15776,201220,Spring 2013,2012-2013,Sophomore,30033,A,4.0,1
15776,201300,Summer 2013,2013-2014,Junior,1229,A,4.0,1
15776,201310,Fall 2013,2013-2014,Junior,13432,A,4.0,1
15776,201310,Fall 2013,2013-2014,Junior,13445,A,4.0,1
15776,201310,Fall 2013,2013-2014,Junior,13451,A,4.0,1
15776,201310,Fall 2013,2013-2014,Junior,20534,A,4.0,1
15776,201310,Fall 2013,2013-2014,Junior,20555,A,4.0,1
15776,201320,Spring 2014,2013-2014,Junior,20052,A,4.0,1
15776,201320,Spring 2014,2013-2014,Junior,22533,A,4.0,1
15776,201320,Spring 2014,2013-2014,Junior,22877,A,4.0,1
15776,201320,Spring 2014,2013-2014,Junior,27613,A,4.0,1
15776,201400,Summer 2014,2014-2015,Senior,1033,A,4.0,1
15776,201410,Fall 2014,2014-2015,Senior,11541,A,4.0,1
15776,201410,Fall 2014,2014-2015,Senior,14790,A,4.0,1
15776,201410,Fall 2014,2014-2015,Senior,20163,A,4.0,1
15776,201410,Fall 2014,2014-2015,Senior,20530,A,4.0,1
15776,201410,Fall 2014,2014-2015,Senior,20737,A,4.0,1
15776,201420,Spring 2015,2014-2015,Senior,20034,A,4.0,1
15776,201420,Spring 2015,2014-2015,Senior,24917,A,4.0,1
15776,201420,Spring 2015,2014-2015,Senior,26194,A,4.0,1
15776,201420,Spring 2015,2014-2015,Senior,26750,A,4.0,1
15776,201420,Spring 2015,2014-2015,Senior,29507,A,4.0,1
15776,201110,Fall 2011,2011-2012,Freshman,10159,A-,3.667,1
15776,201110,Fall 2011,2011-2012,Freshman,12372,A-,3.667,1
15776,201120,Spring 2012,2011-2012,Freshman,20145,A-,3.667,1
15776,201210,Fall 2012,2012-2013,Sophomore,10105,A-,3.667,1
15776,201210,Fall 2012,2012-2013,Sophomore,12252,A-,3.667,1
15776,201110,Fall 2011,2011-2012,Freshman,101001001,AD,,0
15776,201110,Fall 2011,2011-2012,Freshman,101002002,AD,,0
15776,201110,Fall 2011,2011-2012,Freshman,101003003,AD,,0
15776,201110,Fall 2011,2011-2012,Freshman,101004004,AD,,0
15776,201110,Fall 2011,2011-2012,Freshman,13163,S,,0
15776,201120,Spring 2012,2011-2012,Freshman,22733,S,,0
15776,201120,Spring 2012,2011-2012,Freshman,24633,S,,0
15776,201210,Fall 2012,2012-2013,Sophomore,20063,S,,0
15776,201320,Spring 2014,2013-2014,Junior,24347,S,,0
15776,201320,Spring 2014,2013-2014,Junior,25550,S,,0
15776,201410,Fall 2014,2014-2015,Senior,12382,S,,0
16313,201110,Fall 2011,2011-2012,Freshman,10516,A,4.0,1
16313,201110,Fall 2011,2011-2012,Freshman,14270,A,4.0,1
16313,201110,Fall 2011,2011-2012,Freshman,20035,A,4.0,1
16313,201120,Spring 2012,2011-2012,Freshman,20517,A,4.0,1
16313,201120,Spring 2012,2011-2012,Freshman,20628,A,4.0,1
16313,201120,Spring 2012,2011-2012,Freshman,20821,A,4.0,1
16313,201120,Spring 2012,2011-2012,Freshman,21899,A,4.0,1
16313,201210,Fall 2012,2012-2013,Sophomore,11342,A,4.0,1
16313,201210,Fall 2012,2012-2013,Sophomore,13109,A,4.0,1
16313,201210,Fall 2012,2012-2013,Sophomore,14301,A,4.0,1
16313,201210,Fall 2012,2012-2013,Sophomore,14305,A,4.0,1
16313,201210,Fall 2012,2012-2013,Sophomore,15217,A,4.0,1
16313,201210,Fall 2012,2012-2013,Sophomore,16953,A,4.0,1
16313,201210,Fall 2012,2012-2013,Sophomore,17444,A,4.0,1
16313,201220,Spring 2013,2012-2013,Sophomore,23054,A,4.0,1
16313,201220,Spring 2013,2012-2013,Sophomore,23095,A,4.0,1
16313,201220,Spring 2013,2012-2013,Sophomore,24095,A,4.0,1
16313,201220,Spring 2013,2012-2013,Sophomore,25865,A,4.0,1
16313,201220,Spring 2013,2012-2013,Sophomore,25891,A,4.0,1
16313,201310,Fall 2013,2013-2014,Junior,21044,A,4.0,1
16313,201310,Fall 2013,2013-2014,Junior,21052,A,4.0,1
16313,201310,Fall 2013,2013-2014,Junior,21053,A,4.0,1
16313,201320,Spring 2014,2013-2014,Junior,21427,A,4.0,1
16313,201320,Spring 2014,2013-2014,Junior,22877,A,4.0,1
16313,201320,Spring 2014,2013-2014,Junior,25304,A,4.0,1
16313,201320,Spring 2014,2013-2014,Junior,29693,A,4.0,1
16313,201410,Fall 2014,2014-2015,Senior,15386,A,4.0,1
16313,201410,Fall 2014,2014-2015,Senior,15814,A,4.0,1
16313,201410,Fall 2014,2014-2015,Senior,20707,A,4.0,1
16313,201420,Spring 2015,2014-2015,Senior,24918,A,4.0,1
16313,201420,Spring 2015,2014-2015,Senior,29989,A,4.0,1
16313,201220,Spring 2013,2012-2013,Sophomore,24392,A-,3.667,1
16313,201320,Spring 2014,2013-2014,Junior,20849,A-,3.667,1
16313,201410,Fall 2014,2014-2015,Senior,11355,A-,3.667,1
16313,201410,Fall 2014,2014-2015,Senior,20653,A-,3.667,1
16313,201420,Spring 2015,2014-2015,Senior,25733,A-,3.667,1
16313,201110,Fall 2011,2011-2012,Freshman,101001001,AD,,0
16313,201110,Fall 2011,2011-2012,Freshman,101002002,AD,,0
16313,201110,Fall 2011,2011-2012,Freshman,101003003,AD,,0
16313,201220,Spring 2013,2012-2013,Sophomore,20700,B,3.0,1
16313,201110,Fall 2011,2011-2012,Freshman,12191,B+,3.333,1
16313,201120,Spring 2012,2011-2012,Freshman,23896,B+,3.333,1
16313,201310,Fall 2013,2013-2014,Junior,21045,B+,3.333,1
16313,201420,Spring 2015,2014-2015,Senior,25099,B+,3.333,1
16313,201110,Fall 2011,2011-2012,Freshman,13160,S,,0
16313,201120,Spring 2012,2011-2012,Freshman,24634,S,,0
16313,201120,Spring 2012,2011-2012,Freshman,28835,S,,0
16313,201210,Fall 2012,2012-2013,Sophomore,10137,S,,0
16313,201220,Spring 2013,2012-2013,Sophomore,29386,S,,0
16313,201310,Fall 2013,2013-2014,Junior,13938,S,,0
16313,201320,Spring 2014,2013-2014,Junior,24347,S,,0
16313,201420,Spring 2015,2014-2015,Senior,29074,S,,0
16313,201420,Spring 2015,2014-2015,Senior,30170,S,,0
16933,201110,Fall 2011,2011-2012,Freshman,12239,A,4.0,1
16933,201110,Fall 2011,2011-2012,Freshman,16132,A,4.0,1
16933,201210,Fall 2012,2012-2013,Sophomore,12169,A,4.0,1
16933,201210,Fall 2012,2012-2013,Sophomore,14301,A,4.0,1
16933,201210,Fall 2012,2012-2013,Sophomore,18700,A,4.0,1
16933,201220,Spring 2013,2012-2013,Sophomore,21110,A,4.0,1
16933,201220,Spring 2013,2012-2013,Sophomore,21634,A,4.0,1
16933,201310,Fall 2013,2013-2014,Junior,14264,A,4.0,1
16933,201310,Fall 2013,2013-2014,Junior,20248,A,4.0,1
16933,201310,Fall 2013,2013-2014,Junior,20259,A,4.0,1
16933,201320,Spring 2014,2013-2014,Junior,22877,A,4.0,1
16933,201320,Spring 2014,2013-2014,Junior,29247,A,4.0,1
16933,201410,Fall 2014,2014-2015,Senior,14466,A,4.0,1
16933,201410,Fall 2014,2014-2015,Senior,16218,A,4.0,1
16933,201410,Fall 2014,2014-2015,Senior,16562,A,4.0,1
16933,201410,Fall 2014,2014-2015,Senior,16685,A,4.0,1
16933,201420,Spring 2015,2014-2015,Senior,25882,A,4.0,1
16933,201110,Fall 2011,2011-2012,Freshman,10091,A-,3.667,1
16933,201110,Fall 2011,2011-2012,Freshman,12101,A-,3.667,1
16933,201120,Spring 2012,2011-2012,Freshman,20517,A-,3.667,1
16933,201120,Spring 2012,2011-2012,Freshman,24659,A-,3.667,1
16933,201210,Fall 2012,2012-2013,Sophomore,14304,A-,3.667,1
16933,201220,Spring 2013,2012-2013,Sophomore,21626,A-,3.667,1
16933,201220,Spring 2013,2012-2013,Sophomore,24092,A-,3.667,1
16933,201310,Fall 2013,2013-2014,Junior,13706,A-,3.667,1
16933,201310,Fall 2013,2013-2014,Junior,20250,A-,3.667,1
16933,201320,Spring 2014,2013-2014,Junior,29895,A-,3.667,1
16933,201110,Fall 2011,2011-2012,Freshman,101001001,AD,,0
16933,201110,Fall 2011,2011-2012,Freshman,101002002,AD,,0
16933,201110,Fall 2011,2011-2012,Freshman,101003003,AD,,0
16933,201110,Fall 2011,2011-2012,Freshman,101004004,AD,,0
16933,201110,Fall 2011,2011-2012,Freshman,101004005,AD,,0
16933,201110,Fall 2011,2011-2012,Freshman,10870,B,3.0,1
16933,201120,Spring 2012,2011-2012,Freshman,22348,B,3.0,1
16933,201120,Spring 2012,2011-2012,Freshman,23896,B,3.0,1
16933,201210,Fall 2012,2012-2013,Sophomore,13113,B,3.0,1
16933,201320,Spring 2014,2013-2014,Junior,20849,B,3.0,1
16933,201420,Spring 2015,2014-2015,Senior,25099,B,3.0,1
16933,201420,Spring 2015,2014-2015,Senior,30377,B,3.0,1
16933,201110,Fall 2011,2011-2012,Freshman,10841,B+,3.333,1
16933,201120,Spring 2012,2011-2012,Freshman,22353,B+,3.333,1
16933,201120,Spring 2012,2011-2012,Freshman,24418,B+,3.333,1
16933,201210,Fall 2012,2012-2013,Sophomore,11893,B+,3.333,1
16933,201220,Spring 2013,2012-2013,Sophomore,24090,B+,3.333,1
16933,201220,Spring 2013,2012-2013,Sophomore,24167,B+,3.333,1
16933,201410,Fall 2014,2014-2015,Senior,10390,B+,3.333,1
16933,201420,Spring 2015,2014-2015,Senior,21736,B+,3.333,1
16933,201110,Fall 2011,2011-2012,Freshman,13159,S,,0
16933,201120,Spring 2012,2011-2012,Freshman,24635,S,,0
16933,201210,Fall 2012,2012-2013,Sophomore,10814,S,,0
16933,201220,Spring 2013,2012-2013,Sophomore,21670,S,,0
16933,201310,Fall 2013,2013-2014,Junior,14263,S,,0
16933,201320,Spring 2014,2013-2014,Junior,24347,S,,0
16933,201420,Spring 2015,2014-2015,Senior,23119,S,,0
16933,201420,Spring 2015,2014-2015,Senior,23321,S,,0
17353,201110,Fall 2011,2011-2012,Freshman,13164,A,4.0,1
17353,201110,Fall 2011,2011-2012,Freshman,15320,A,4.0,1
17353,201120,Spring 2012,2011-2012,Freshman,20826,A,4.0,1
17353,201120,Spring 2012,2011-2012,Freshman,23349,A,4.0,1
17353,201120,Spring 2012,2011-2012,Freshman,25484,A,4.0,1
17353,201210,Fall 2012,2012-2013,Sophomore,18628,A,4.0,1
17353,201220,Spring 2013,2012-2013,Sophomore,22124,A,4.0,1
17353,201220,Spring 2013,2012-2013,Sophomore,28588,A,4.0,1
17353,201300,Summer 2013,2013-2014,Junior,3507,A,4.0,1
17353,201300,Summer 2013,2013-2014,Junior,3510,A,4.0,1
17353,201300,Summer 2013,2013-2014,Junior,3914,A,4.0,1
17353,201310,Fall 2013,2013-2014,Junior,10571,A,4.0,1
17353,201310,Fall 2013,2013-2014,Junior,18558,A,4.0,1
17353,201320,Spring 2014,2013-2014,Junior,22946,A,4.0,1
17353,201410,Fall 2014,2014-2015,Senior,20774,A,4.0,1
17353,201420,Spring 2015,2014-2015,Senior,29649,A,4.0,1
17353,201110,Fall 2011,2011-2012,Freshman,10094,A-,3.667,1
17353,201120,Spring 2012,2011-2012,Freshman,29084,A-,3.667,1
17353,201210,Fall 2012,2012-2013,Sophomore,11637,A-,3.667,1
17353,201210,Fall 2012,2012-2013,Sophomore,12248,A-,3.667,1
17353,201220,Spring 2013,2012-2013,Sophomore,21071,A-,3.667,1
17353,201220,Spring 2013,2012-2013,Sophomore,23697,A-,3.667,1
17353,201220,Spring 2013,2012-2013,Sophomore,28833,A-,3.667,1
17353,201310,Fall 2013,2013-2014,Junior,16408,A-,3.667,1
17353,201410,Fall 2014,2014-2015,Senior,19529,A-,3.667,1
17353,201410,Fall 2014,2014-2015,Senior,20423,A-,3.667,1
17353,201410,Fall 2014,2014-2015,Senior,20564,A-,3.667,1
17353,201420,Spring 2015,2014-2015,Senior,25250,A-,3.667,1
17353,201420,Spring 2015,2014-2015,Senior,30055,A-,3.667,1
17353,201110,Fall 2011,2011-2012,Freshman,101001001,AD,,0
17353,201110,Fall 2011,2011-2012,Freshman,101001002,AD,,0
17353,201110,Fall 2011,2011-2012,Freshman,201001001,AD,,0
17353,201110,Fall 2011,2011-2012,Freshman,201002002,AD,,0
17353,201110,Fall 2011,2011-2012,Freshman,201003003,AD,,0
17353,201110,Fall 2011,2011-2012,Freshman,201004004,AD,,0
17353,201110,Fall 2011,2011-2012,Freshman,201005005,AD,,0
17353,201110,Fall 2011,2011-2012,Freshman,15891,B,3.0,1
17353,201310,Fall 2013,2013-2014,Junior,19175,B,3.0,1
17353,201320,Spring 2014,2013-2014,Junior,21794,B,3.0,1
17353,201320,Spring 2014,2013-2014,Junior,28804,B,3.0,1
17353,201320,Spring 2014,2013-2014,Junior,23877,B-,2.667,1
17353,201120,Spring 2012,2011-2012,Freshman,25044,B+,3.333,1
17353,201210,Fall 2012,2012-2013,Sophomore,14619,B+,3.333,1
17353,201210,Fall 2012,2012-2013,Sophomore,15158,B+,3.333,1
17353,201310,Fall 2013,2013-2014,Junior,20265,B+,3.333,1
17353,201320,Spring 2014,2013-2014,Junior,21850,B+,3.333,1
17353,201320,Spring 2014,2013-2014,Junior,28800,B+,3.333,1
17353,201410,Fall 2014,2014-2015,Senior,20530,B+,3.333,1
17353,201420,Spring 2015,2014-2015,Senior,25679,B+,3.333,1
17353,201110,Fall 2011,2011-2012,Freshman,13067,S,,0
17353,201110,Fall 2011,2011-2012,Freshman,13155,S,,0
17353,201120,Spring 2012,2011-2012,Freshman,24632,S,,0
17353,201210,Fall 2012,2012-2013,Sophomore,12781,S,,0
17353,201320,Spring 2014,2013-2014,Junior,26976,S,,0
17353,201420,Spring 2015,2014-2015,Senior,29074,S,,0
18420,201210,Fall 2012,2012-2013,Sophomore,11887,A,4.0,1
18420,201210,Fall 2012,2012-2013,Sophomore,15346,A,4.0,1
18420,201220,Spring 2013,2012-2013,Sophomore,21795,A,4.0,1
18420,201220,Spring 2013,2012-2013,Sophomore,23492,A,4.0,1
18420,201310,Fall 2013,2013-2014,Junior,11786,A,4.0,1
18420,201310,Fall 2013,2013-2014,Junior,13194,A,4.0,1
18420,201320,Spring 2014,2013-2014,Junior,20236,A,4.0,1
18420,201320,Spring 2014,2013-2014,Junior,21689,A,4.0,1
18420,201410,Fall 2014,2014-2015,Senior,11688,A,4.0,1
18420,201410,Fall 2014,2014-2015,Senior,16684,A,4.0,1
18420,201420,Spring 2015,2014-2015,Senior,20906,A,4.0,1
18420,201420,Spring 2015,2014-2015,Senior,21605,A,4.0,1
18420,201420,Spring 2015,2014-2015,Senior,72454,A,4.0,1
18420,201110,Fall 2011,2011-2012,Freshman,10805,A-,3.667,1
18420,201110,Fall 2011,2011-2012,Freshman,12683,A-,3.667,1
18420,201120,Spring 2012,2011-2012,Freshman,20099,A-,3.667,1
18420,201120,Spring 2012,2011-2012,Freshman,22354,A-,3.667,1
18420,201120,Spring 2012,2011-2012,Freshman,24503,A-,3.667,1
18420,201210,Fall 2012,2012-2013,Sophomore,12147,A-,3.667,1
18420,201210,Fall 2012,2012-2013,Sophomore,12684,A-,3.667,1
18420,201310,Fall 2013,2013-2014,Junior,11900,A-,3.667,1
18420,201310,Fall 2013,2013-2014,Junior,14832,A-,3.667,1
18420,201310,Fall 2013,2013-2014,Junior,18982,A-,3.667,1
18420,201320,Spring 2014,2013-2014,Junior,21702,A-,3.667,1
18420,201320,Spring 2014,2013-2014,Junior,24720,A-,3.667,1
18420,201410,Fall 2014,2014-2015,Senior,16687,A-,3.667,1
18420,201420,Spring 2015,2014-2015,Senior,26785,A-,3.667,1
18420,201110,Fall 2011,2011-2012,Freshman,101001001,AD,,0
18420,201110,Fall 2011,2011-2012,Freshman,101002002,AD,,0
18420,201110,Fall 2011,2011-2012,Freshman,101003003,AD,,0
18420,201110,Fall 2011,2011-2012,Freshman,101004004,AD,,0
18420,201110,Fall 2011,2011-2012,Freshman,101004005,AD,,0
18420,201110,Fall 2011,2011-2012,Freshman,101005006,AD,,0
18420,201220,Spring 2013,2012-2013,Sophomore,22195,B,3.0,1
18420,201220,Spring 2013,2012-2013,Sophomore,22951,B,3.0,1
18420,201310,Fall 2013,2013-2014,Junior,11462,B,3.0,1
18420,201410,Fall 2014,2014-2015,Senior,11885,B,3.0,1
18420,201110,Fall 2011,2011-2012,Freshman,10841,B-,2.667,1
18420,201120,Spring 2012,2011-2012,Freshman,22654,B-,2.667,1
18420,201210,Fall 2012,2012-2013,Sophomore,13093,B-,2.667,1
18420,201110,Fall 2011,2011-2012,Freshman,13042,B+,3.333,1
18420,201110,Fall 2011,2011-2012,Freshman,13744,B+,3.333,1
18420,201110,Fall 2011,2011-2012,Freshman,18662,B+,3.333,1
18420,201120,Spring 2012,2011-2012,Freshman,23937,B+,3.333,1
18420,201210,Fall 2012,2012-2013,Sophomore,12655,B+,3.333,1
18420,201220,Spring 2013,2012-2013,Sophomore,20058,B+,3.333,1
18420,201220,Spring 2013,2012-2013,Sophomore,25122,B+,3.333,1
18420,201310,Fall 2013,2013-2014,Junior,11439,B+,3.333,1
18420,201320,Spring 2014,2013-2014,Junior,21115,B+,3.333,1
18420,201320,Spring 2014,2013-2014,Junior,24718,B+,3.333,1
18420,201410,Fall 2014,2014-2015,Senior,20050,B+,3.333,1
18420,201410,Fall 2014,2014-2015,Senior,20576,B+,3.333,1
18420,201420,Spring 2015,2014-2015,Senior,22725,B+,3.333,1
18420,201420,Spring 2015,2014-2015,Senior,25900,B+,3.333,1
18420,201220,Spring 2013,2012-2013,Sophomore,22953,C+,2.333,1
18420,201210,Fall 2012,2012-2013,Sophomore,13091,D,1.0,1
18420,201110,Fall 2011,2011-2012,Freshman,13163,S,,0
18420,201120,Spring 2012,2011-2012,Freshman,24639,S,,0
18420,201210,Fall 2012,2012-2013,Sophomore,10513,S,,0
18420,201320,Spring 2014,2013-2014,Junior,24347,S,,0
18420,201320,Spring 2014,2013-2014,Junior,30305,S,,0
18420,201410,Fall 2014,2014-2015,Senior,20990,S,,0
19066,201110,Fall 2011,2011-2012,Freshman,12839,A,4.0,1
19066,201110,Fall 2011,2011-2012,Freshman,18653,A,4.0,1
19066,201110,Fall 2011,2011-2012,Freshman,19571,A,4.0,1
19066,201120,Spring 2012,2011-2012,Freshman,20422,A,4.0,1
19066,201120,Spring 2012,2011-2012,Freshman,22197,A,4.0,1
19066,201120,Spring 2012,2011-2012,Freshman,22689,A,4.0,1
19066,201210,Fall 2012,2012-2013,Sophomore,11729,A,4.0,1
19066,201210,Fall 2012,2012-2013,Sophomore,13106,A,4.0,1
19066,201210,Fall 2012,2012-2013,Sophomore,18755,A,4.0,1
19066,201220,Spring 2013,2012-2013,Sophomore,20042,A,4.0,1
19066,201220,Spring 2013,2012-2013,Sophomore,23056,A,4.0,1
19066,201220,Spring 2013,2012-2013,Sophomore,25946,A,4.0,1
19066,201220,Spring 2013,2012-2013,Sophomore,28823,A,4.0,1
19066,201310,Fall 2013,2013-2014,Junior,13505,A,4.0,1
19066,201310,Fall 2013,2013-2014,Junior,20894,A,4.0,1
19066,201310,Fall 2013,2013-2014,Junior,20900,A,4.0,1
19066,201320,Spring 2014,2013-2014,Junior,25379,A,4.0,1
19066,201320,Spring 2014,2013-2014,Junior,28772,A,4.0,1
19066,201410,Fall 2014,2014-2015,Senior,10408,A,4.0,1
19066,201410,Fall 2014,2014-2015,Senior,14990,A,4.0,1
19066,201410,Fall 2014,2014-2015,Senior,17012,A,4.0,1
19066,201420,Spring 2015,2014-2015,Senior,20866,A,4.0,1
19066,201420,Spring 2015,2014-2015,Senior,26591,A,4.0,1
19066,201110,Fall 2011,2011-2012,Freshman,10118,A-,3.667,1
19066,201120,Spring 2012,2011-2012,Freshman,22161,A-,3.667,1
19066,201210,Fall 2012,2012-2013,Sophomore,11342,A-,3.667,1
19066,201210,Fall 2012,2012-2013,Sophomore,12673,A-,3.667,1
19066,201220,Spring 2013,2012-2013,Sophomore,20700,A-,3.667,1
19066,201220,Spring 2013,2012-2013,Sophomore,25954,A-,3.667,1
19066,201310,Fall 2013,2013-2014,Junior,21045,A-,3.667,1
19066,201410,Fall 2014,2014-2015,Senior,19856,A-,3.667,1
19066,201420,Spring 2015,2014-2015,Senior,23755,A-,3.667,1
19066,201110,Fall 2011,2011-2012,Freshman,201001001,AD,,0
19066,201110,Fall 2011,2011-2012,Freshman,201002002,AD,,0
19066,201110,Fall 2011,2011-2012,Freshman,201002003,AD,,0
19066,201320,Spring 2014,2013-2014,Junior,24094,B,3.0,1
19066,201110,Fall 2011,2011-2012,Freshman,14270,B+,3.333,1
19066,201320,Spring 2014,2013-2014,Junior,20052,B+,3.333,1
19066,201320,Spring 2014,2013-2014,Junior,23830,B+,3.333,1
19066,201420,Spring 2015,2014-2015,Senior,23998,B+,3.333,1
19066,201120,Spring 2012,2011-2012,Freshman,23896,C,2.0,1
19066,201110,Fall 2011,2011-2012,Freshman,101001001,IB,,0
19066,201110,Fall 2011,2011-2012,Freshman,13155,S,,0
19066,201120,Spring 2012,2011-2012,Freshman,24635,S,,0
19066,201210,Fall 2012,2012-2013,Sophomore,10814,S,,0
19066,201210,Fall 2012,2012-2013,Sophomore,12044,S,,0
19066,201310,Fall 2013,2013-2014,Junior,13938,S,,0
19066,201320,Spring 2014,2013-2014,Junior,21855,S,,0
19066,201410,Fall 2014,2014-2015,Senior,12388,S,,0
21350,201110,Fall 2011,2011-2012,Freshman,11798,A,4.0,1
21350,201110,Fall 2011,2011-2012,Freshman,15891,A,4.0,1
21350,201110,Fall 2011,2011-2012,Freshman,19774,A,4.0,1
21350,201120,Spring 2012,2011-2012,Freshman,20731,A,4.0,1
21350,201120,Spring 2012,2011-2012,Freshman,23663,A,4.0,1
21350,201120,Spring 2012,2011-2012,Freshman,24417,A,4.0,1
21350,201120,Spring 2012,2011-2012,Freshman,25220,A,4.0,1
21350,201210,Fall 2012,2012-2013,Sophomore,13034,A,4.0,1
21350,201210,Fall 2012,2012-2013,Sophomore,13882,A,4.0,1
21350,201210,Fall 2012,2012-2013,Sophomore,18677,A,4.0,1
21350,201210,Fall 2012,2012-2013,Sophomore,18681,A,4.0,1
21350,201220,Spring 2013,2012-2013,Sophomore,22284,A,4.0,1
21350,201220,Spring 2013,2012-2013,Sophomore,24610,A,4.0,1
21350,201220,Spring 2013,2012-2013,Sophomore,26464,A,4.0,1
21350,201220,Spring 2013,2012-2013,Sophomore,26655,A,4.0,1
21350,201220,Spring 2013,2012-2013,Sophomore,28609,A,4.0,1
21350,201320,Spring 2014,2013-2014,Junior,23082,A,4.0,1
21350,201320,Spring 2014,2013-2014,Junior,29871,A,4.0,1
21350,201320,Spring 2014,2013-2014,Junior,30256,A,4.0,1
21350,201410,Fall 2014,2014-2015,Senior,10167,A,4.0,1
21350,201410,Fall 2014,2014-2015,Senior,11886,A,4.0,1
21350,201410,Fall 2014,2014-2015,Senior,12996,A,4.0,1
21350,201410,Fall 2014,2014-2015,Senior,13770,A,4.0,1
21350,201410,Fall 2014,2014-2015,Senior,14966,A,4.0,1
21350,201420,Spring 2015,2014-2015,Senior,25063,A,4.0,1
21350,201420,Spring 2015,2014-2015,Senior,26524,A,4.0,1
21350,201420,Spring 2015,2014-2015,Senior,29055,A,4.0,1
21350,201420,Spring 2015,2014-2015,Senior,29112,A,4.0,1
21350,201420,Spring 2015,2014-2015,Senior,29684,A,4.0,1
21350,201110,Fall 2011,2011-2012,Freshman,10115,A-,3.667,1
21350,201110,Fall 2011,2011-2012,Freshman,16008,A-,3.667,1
21350,201120,Spring 2012,2011-2012,Freshman,23329,A-,3.667,1
21350,201210,Fall 2012,2012-2013,Sophomore,16027,A-,3.667,1
21350,201320,Spring 2014,2013-2014,Junior,24776,A-,3.667,1
21350,201320,Spring 2014,2013-2014,Junior,30257,B,3.0,1
21350,201110,Fall 2011,2011-2012,Freshman,101001001,IB,,0
21350,201110,Fall 2011,2011-2012,Freshman,13159,S,,0
21350,201120,Spring 2012,2011-2012,Freshman,24638,S,,0
21350,201210,Fall 2012,2012-2013,Sophomore,12008,S,,0
21350,201220,Spring 2013,2012-2013,Sophomore,21633,S,,0
21350,201320,Spring 2014,2013-2014,Junior,27296,S,,0
21350,201410,Fall 2014,2014-2015,Senior,10889,S,,0
21350,201410,Fall 2014,2014-2015,Senior,20787,S,,0
21350,201420,Spring 2015,2014-2015,Senior,30086,S,,0
21350,201420,Spring 2015,2014-2015,Senior,30498,S,,0
21350,201310,Fall 2013,2013-2014,Junior,201001001,TR,,0
22617,201110,Fall 2011,2011-2012,Freshman,10519,A,4.0,1
22617,201110,Fall 2011,2011-2012,Freshman,12842,A,4.0,1
22617,201120,Spring 2012,2011-2012,Freshman,20400,A,4.0,1
22617,201120,Spring 2012,2011-2012,Freshman,20771,A,4.0,1
22617,201120,Spring 2012,2011-2012,Freshman,22144,A,4.0,1
22617,201320,Spring 2014,2013-2014,Junior,27642,A,4.0,1
22617,201110,Fall 2011,2011-2012,Freshman,11963,A-,3.667,1
22617,201110,Fall 2011,2011-2012,Freshman,18649,A-,3.667,1
22617,201120,Spring 2012,2011-2012,Freshman,24643,A-,3.667,1
22617,201210,Fall 2012,2012-2013,Sophomore,11628,A-,3.667,1
22617,201210,Fall 2012,2012-2013,Sophomore,13026,A-,3.667,1
22617,201320,Spring 2014,2013-2014,Junior,22703,A-,3.667,1
22617,201410,Fall 2014,2014-2015,Senior,17125,A-,3.667,1
22617,201420,Spring 2015,2014-2015,Senior,29613,A-,3.667,1
22617,201210,Fall 2012,2012-2013,Sophomore,15442,B,3.0,1
22617,201220,Spring 2013,2012-2013,Sophomore,24521,B,3.0,1
22617,201310,Fall 2013,2013-2014,Junior,14328,B,3.0,1
22617,201310,Fall 2013,2013-2014,Junior,14643,B,3.0,1
22617,201320,Spring 2014,2013-2014,Junior,23331,B,3.0,1
22617,201410,Fall 2014,2014-2015,Senior,14924,B,3.0,1
22617,201420,Spring 2015,2014-2015,Senior,26965,B,3.0,1
22617,201420,Spring 2015,2014-2015,Senior,30259,B,3.0,1
22617,201110,Fall 2011,2011-2012,Freshman,14271,B-,2.667,1
22617,201220,Spring 2013,2012-2013,Sophomore,20711,B-,2.667,1
22617,201220,Spring 2013,2012-2013,Sophomore,22264,B-,2.667,1
22617,201220,Spring 2013,2012-2013,Sophomore,23615,B-,2.667,1
22617,201310,Fall 2013,2013-2014,Junior,12399,B-,2.667,1
22617,201410,Fall 2014,2014-2015,Senior,19747,B-,2.667,1
22617,201420,Spring 2015,2014-2015,Senior,27445,B-,2.667,1
22617,201120,Spring 2012,2011-2012,Freshman,25045,B+,3.333,1
22617,201210,Fall 2012,2012-2013,Sophomore,10204,B+,3.333,1
22617,201210,Fall 2012,2012-2013,Sophomore,18982,B+,3.333,1
22617,201210,Fall 2012,2012-2013,Sophomore,19015,B+,3.333,1
22617,201220,Spring 2013,2012-2013,Sophomore,28817,B+,3.333,1
22617,201300,Summer 2013,2013-2014,Junior,1654,B+,3.333,1
22617,201310,Fall 2013,2013-2014,Junior,11489,B+,3.333,1
22617,201310,Fall 2013,2013-2014,Junior,14118,B+,3.333,1
22617,201310,Fall 2013,2013-2014,Junior,14668,B+,3.333,1
22617,201310,Fall 2013,2013-2014,Junior,16956,B+,3.333,1
22617,201320,Spring 2014,2013-2014,Junior,24477,B+,3.333,1
22617,201320,Spring 2014,2013-2014,Junior,24548,B+,3.333,1
22617,201400,Summer 2014,2014-2015,Senior,2247,B+,3.333,1
22617,201410,Fall 2014,2014-2015,Senior,15605,B+,3.333,1
22617,201410,Fall 2014,2014-2015,Senior,20689,B+,3.333,1
22617,201420,Spring 2015,2014-2015,Senior,29029,B+,3.333,1
22617,201420,Spring 2015,2014-2015,Senior,29278,B+,3.333,1
22617,201220,Spring 2013,2012-2013,Sophomore,22271,C+,2.333,1
22617,201410,Fall 2014,2014-2015,Senior,10924,C+,2.333,1
22617,201420,Spring 2015,2014-2015,Senior,25830,C+,2.333,1
22617,201410,Fall 2014,2014-2015,Senior,13399,P,,0
22617,201110,Fall 2011,2011-2012,Freshman,13159,S,,0
22617,201120,Spring 2012,2011-2012,Freshman,22733,S,,0
22617,201120,Spring 2012,2011-2012,Freshman,24635,S,,0
22617,201220,Spring 2013,2012-2013,Sophomore,22555,S,,0
22617,201310,Fall 2013,2013-2014,Junior,13181,S,,0
22617,201410,Fall 2014,2014-2015,Senior,15018,S,,0
22617,201420,Spring 2015,2014-2015,Senior,21981,S,,0
22617,201420,Spring 2015,2014-2015,Senior,22255,S,,0
22745,201110,Fall 2011,2011-2012,Freshman,14232,A,4.0,1
22745,201120,Spring 2012,2011-2012,Freshman,24046,A,4.0,1
22745,201210,Fall 2012,2012-2013,Sophomore,12571,A,4.0,1
22745,201210,Fall 2012,2012-2013,Sophomore,12666,A,4.0,1
22745,201220,Spring 2013,2012-2013,Sophomore,21071,A,4.0,1
22745,201220,Spring 2013,2012-2013,Sophomore,24557,A,4.0,1
22745,201320,Spring 2014,2013-2014,Junior,22733,A,4.0,1
22745,201320,Spring 2014,2013-2014,Junior,22734,A,4.0,1
22745,201320,Spring 2014,2013-2014,Junior,27695,A,4.0,1
22745,201320,Spring 2014,2013-2014,Junior,27698,A,4.0,1
22745,201320,Spring 2014,2013-2014,Junior,27703,A,4.0,1
22745,201320,Spring 2014,2013-2014,Junior,27707,A,4.0,1
22745,201410,Fall 2014,2014-2015,Senior,10923,A,4.0,1
22745,201410,Fall 2014,2014-2015,Senior,10925,A,4.0,1
22745,201420,Spring 2015,2014-2015,Senior,25832,A,4.0,1
22745,201110,Fall 2011,2011-2012,Freshman,11916,A-,3.667,1
22745,201110,Fall 2011,2011-2012,Freshman,15533,A-,3.667,1
22745,201120,Spring 2012,2011-2012,Freshman,23492,A-,3.667,1
22745,201120,Spring 2012,2011-2012,Freshman,25220,A-,3.667,1
22745,201210,Fall 2012,2012-2013,Sophomore,11268,A-,3.667,1
22745,201310,Fall 2013,2013-2014,Junior,14757,A-,3.667,1
22745,201310,Fall 2013,2013-2014,Junior,16581,A-,3.667,1
22745,201420,Spring 2015,2014-2015,Senior,20429,A-,3.667,1
22745,201420,Spring 2015,2014-2015,Senior,24714,A-,3.667,1
22745,201110,Fall 2011,2011-2012,Freshman,101001001,AD,,0
22745,201110,Fall 2011,2011-2012,Freshman,101002002,AD,,0
22745,201110,Fall 2011,2011-2012,Freshman,101002003,AD,,0
22745,201110,Fall 2011,2011-2012,Freshman,101003004,AD,,0
22745,201110,Fall 2011,2011-2012,Freshman,101004005,AD,,0
22745,201110,Fall 2011,2011-2012,Freshman,10093,B,3.0,1
22745,201210,Fall 2012,2012-2013,Sophomore,11111,B,3.0,1
22745,201210,Fall 2012,2012-2013,Sophomore,18984,B,3.0,1
22745,201220,Spring 2013,2012-2013,Sophomore,21188,B,3.0,1
22745,201220,Spring 2013,2012-2013,Sophomore,22264,B,3.0,1
22745,201310,Fall 2013,2013-2014,Junior,11794,B,3.0,1
22745,201410,Fall 2014,2014-2015,Senior,19748,B,3.0,1
22745,201220,Spring 2013,2012-2013,Sophomore,25824,B-,2.667,1
22745,201110,Fall 2011,2011-2012,Freshman,11528,B+,3.333,1
22745,201120,Spring 2012,2011-2012,Freshman,23348,B+,3.333,1
22745,201120,Spring 2012,2011-2012,Freshman,28227,B+,3.333,1
22745,201210,Fall 2012,2012-2013,Sophomore,11628,B+,3.333,1
22745,201220,Spring 2013,2012-2013,Sophomore,23123,B+,3.333,1
22745,201310,Fall 2013,2013-2014,Junior,13578,B+,3.333,1
22745,201310,Fall 2013,2013-2014,Junior,14641,B+,3.333,1
22745,201410,Fall 2014,2014-2015,Senior,11860,B+,3.333,1
22745,201410,Fall 2014,2014-2015,Senior,14039,B+,3.333,1
22745,201420,Spring 2015,2014-2015,Senior,25830,B+,3.333,1
22745,201310,Fall 2013,2013-2014,Junior,14328,C,2.0,1
22745,201410,Fall 2014,2014-2015,Senior,11873,P,,0
22745,201110,Fall 2011,2011-2012,Freshman,13162,S,,0
22745,201120,Spring 2012,2011-2012,Freshman,24639,S,,0
22745,201220,Spring 2013,2012-2013,Sophomore,22247,S,,0
22745,201220,Spring 2013,2012-2013,Sophomore,22294,S,,0
22745,201300,Summer 2013,2013-2014,Junior,4209,S,,0
22745,201310,Fall 2013,2013-2014,Junior,13181,S,,0
22745,201400,Summer 2014,2014-2015,Senior,3237,S,,0
22745,201420,Spring 2015,2014-2015,Senior,21982,S,,0
22745,201420,Spring 2015,2014-2015,Senior,29070,S,,0
22745,201420,Spring 2015,2014-2015,Senior,30056,S,,0
23040,201110,Fall 2011,2011-2012,Freshman,18661,A,4.0,1
23040,201120,Spring 2012,2011-2012,Freshman,23348,A,4.0,1
23040,201120,Spring 2012,2011-2012,Freshman,28969,A,4.0,1
23040,201210,Fall 2012,2012-2013,Sophomore,19694,A,4.0,1
23040,201220,Spring 2013,2012-2013,Sophomore,22054,A,4.0,1
23040,201220,Spring 2013,2012-2013,Sophomore,24936,A,4.0,1
23040,201220,Spring 2013,2012-2013,Sophomore,25823,A,4.0,1
23040,201220,Spring 2013,2012-2013,Sophomore,26296,A,4.0,1
23040,201310,Fall 2013,2013-2014,Junior,14878,A,4.0,1
23040,201310,Fall 2013,2013-2014,Junior,19694,A,4.0,1
23040,201320,Spring 2014,2013-2014,Junior,21510,A,4.0,1
23040,201320,Spring 2014,2013-2014,Junior,25444,A,4.0,1
23040,201320,Spring 2014,2013-2014,Junior,25486,A,4.0,1
23040,201320,Spring 2014,2013-2014,Junior,29462,A,4.0,1
23040,201410,Fall 2014,2014-2015,Senior,10412,A,4.0,1
23040,201410,Fall 2014,2014-2015,Senior,13963,A,4.0,1
23040,201410,Fall 2014,2014-2015,Senior,14509,A,4.0,1
23040,201410,Fall 2014,2014-2015,Senior,16662,A,4.0,1
23040,201420,Spring 2015,2014-2015,Senior,23610,A,4.0,1
23040,201420,Spring 2015,2014-2015,Senior,25911,A,4.0,1
23040,201420,Spring 2015,2014-2015,Senior,29532,A,4.0,1
23040,201110,Fall 2011,2011-2012,Freshman,11221,A-,3.667,1
23040,201120,Spring 2012,2011-2012,Freshman,25488,A-,3.667,1
23040,201210,Fall 2012,2012-2013,Sophomore,15343,A-,3.667,1
23040,201210,Fall 2012,2012-2013,Sophomore,15924,A-,3.667,1
23040,201210,Fall 2012,2012-2013,Sophomore,19347,A-,3.667,1
23040,201220,Spring 2013,2012-2013,Sophomore,25164,A-,3.667,1
23040,201310,Fall 2013,2013-2014,Junior,16131,A-,3.667,1
23040,201320,Spring 2014,2013-2014,Junior,22927,A-,3.667,1
23040,201110,Fall 2011,2011-2012,Freshman,101001001,AD,,0
23040,201110,Fall 2011,2011-2012,Freshman,101002002,AD,,0
23040,201110,Fall 2011,2011-2012,Freshman,101003003,AD,,0
23040,201110,Fall 2011,2011-2012,Freshman,101004004,AD,,0
23040,201110,Fall 2011,2011-2012,Freshman,101004005,AD,,0
23040,201120,Spring 2012,2011-2012,Freshman,101006007,AD,,0
23040,201110,Fall 2011,2011-2012,Freshman,11800,B,3.0,1
23040,201110,Fall 2011,2011-2012,Freshman,12191,B,3.0,1
23040,201110,Fall 2011,2011-2012,Freshman,14776,B,3.0,1
23040,201120,Spring 2012,2011-2012,Freshman,21397,B,3.0,1
23040,201120,Spring 2012,2011-2012,Freshman,22543,B+,3.333,1
23040,201210,Fall 2012,2012-2013,Sophomore,13885,B+,3.333,1
23040,201310,Fall 2013,2013-2014,Junior,12073,B+,3.333,1
23040,201310,Fall 2013,2013-2014,Junior,15569,B+,3.333,1
23040,201420,Spring 2015,2014-2015,Senior,29435,B+,3.333,1
23040,201110,Fall 2011,2011-2012,Freshman,13159,S,,0
23040,201120,Spring 2012,2011-2012,Freshman,24633,S,,0
23144,201210,Fall 2012,2012-2013,Sophomore,12298,A,4.0,1
23144,201220,Spring 2013,2012-2013,Sophomore,22431,A,4.0,1
23144,201220,Spring 2013,2012-2013,Sophomore,24163,A,4.0,1
23144,201300,Summer 2013,2013-2014,Junior,4120,A,4.0,1
23144,201310,Fall 2013,2013-2014,Junior,12396,A,4.0,1
23144,201310,Fall 2013,2013-2014,Junior,14025,A,4.0,1
23144,201310,Fall 2013,2013-2014,Junior,16394,A,4.0,1
23144,201320,Spring 2014,2013-2014,Junior,22264,A,4.0,1
23144,201320,Spring 2014,2013-2014,Junior,22269,A,4.0,1
23144,201320,Spring 2014,2013-2014,Junior,23892,A,4.0,1
23144,201410,Fall 2014,2014-2015,Senior,12401,A,4.0,1
23144,201410,Fall 2014,2014-2015,Senior,14804,A,4.0,1
23144,201110,Fall 2011,2011-2012,Freshman,10710,A-,3.667,1
23144,201110,Fall 2011,2011-2012,Freshman,14895,A-,3.667,1
23144,201110,Fall 2011,2011-2012,Freshman,19725,A-,3.667,1
23144,201210,Fall 2012,2012-2013,Sophomore,14264,A-,3.667,1
23144,201310,Fall 2013,2013-2014,Junior,10432,A-,3.667,1
23144,201310,Fall 2013,2013-2014,Junior,18941,A-,3.667,1
23144,201320,Spring 2014,2013-2014,Junior,20629,A-,3.667,1
23144,201320,Spring 2014,2013-2014,Junior,22260,A-,3.667,1
23144,201410,Fall 2014,2014-2015,Senior,10990,A-,3.667,1
23144,201410,Fall 2014,2014-2015,Senior,10993,A-,3.667,1
23144,201410,Fall 2014,2014-2015,Senior,14221,A-,3.667,1
23144,201420,Spring 2015,2014-2015,Senior,22620,A-,3.667,1
23144,201420,Spring 2015,2014-2015,Senior,25083,A-,3.667,1
23144,201110,Fall 2011,2011-2012,Freshman,101001001,AD,,0
23144,201110,Fall 2011,2011-2012,Freshman,101002002,AD,,0
23144,201110,Fall 2011,2011-2012,Freshman,101003003,AD,,0
23144,201110,Fall 2011,2011-2012,Freshman,101004004,AD,,0
23144,201110,Fall 2011,2011-2012,Freshman,101005005,AD,,0
23144,201110,Fall 2011,2011-2012,Freshman,101006006,AD,,0
23144,201110,Fall 2011,2011-2012,Freshman,101006007,AD,,0
23144,201110,Fall 2011,2011-2012,Freshman,14270,B,3.0,1
23144,201120,Spring 2012,2011-2012,Freshman,21058,B,3.0,1
23144,201210,Fall 2012,2012-2013,Sophomore,11510,B,3.0,1
23144,201420,Spring 2015,2014-2015,Senior,20862,B,3.0,1
23144,201420,Spring 2015,2014-2015,Senior,21704,B,3.0,1
23144,201420,Spring 2015,2014-2015,Senior,22179,B,3.0,1
23144,201420,Spring 2015,2014-2015,Senior,24346,B,3.0,1
23144,201110,Fall 2011,2011-2012,Freshman,13744,B-,2.667,1
23144,201120,Spring 2012,2011-2012,Freshman,22195,B+,3.333,1
23144,201120,Spring 2012,2011-2012,Freshman,24780,B+,3.333,1
23144,201120,Spring 2012,2011-2012,Freshman,28506,B+,3.333,1
23144,201210,Fall 2012,2012-2013,Sophomore,10637,B+,3.333,1
23144,201210,Fall 2012,2012-2013,Sophomore,10840,B+,3.333,1
23144,201220,Spring 2013,2012-2013,Sophomore,25461,B+,3.333,1
23144,201300,Summer 2013,2013-2014,Junior,2927,B+,3.333,1
23144,201310,Fall 2013,2013-2014,Junior,11417,B+,3.333,1
23144,201320,Spring 2014,2013-2014,Junior,20558,B+,3.333,1
23144,201410,Fall 2014,2014-2015,Senior,12414,B+,3.333,1
23144,201410,Fall 2014,2014-2015,Senior,12431,B+,3.333,1
23144,201410,Fall 2014,2014-2015,Senior,12437,B+,3.333,1
23144,201420,Spring 2015,2014-2015,Senior,21715,B+,3.333,1
23144,201420,Spring 2015,2014-2015,Senior,22150,B+,3.333,1
23144,201420,Spring 2015,2014-2015,Senior,24007,B+,3.333,1
23144,201210,Fall 2012,2012-2013,Sophomore,12297,C,2.0,1
23144,201120,Spring 2012,2011-2012,Freshman,22693,C+,2.333,1
23144,201220,Spring 2013,2012-2013,Sophomore,22151,C+,2.333,1
23144,201220,Spring 2013,2012-2013,Sophomore,23787,C+,2.333,1
23144,201220,Spring 2013,2012-2013,Sophomore,24938,C+,2.333,1
23144,201220,Spring 2013,2012-2013,Sophomore,25106,C+,2.333,1
23144,201110,Fall 2011,2011-2012,Freshman,13155,S,,0
23144,201120,Spring 2012,2011-2012,Freshman,22039,S,,0
23144,201120,Spring 2012,2011-2012,Freshman,24639,S,,0
23144,201210,Fall 2012,2012-2013,Sophomore,12060,S,,0
23144,201220,Spring 2013,2012-2013,Sophomore,21908,S,,0
23144,201220,Spring 2013,2012-2013,Sophomore,21911,S,,0
23144,201220,Spring 2013,2012-2013,Sophomore,22220,S,,0
23144,201310,Fall 2013,2013-2014,Junior,11953,S,,0
23144,201320,Spring 2014,2013-2014,Junior,21795,S,,0
23144,201320,Spring 2014,2013-2014,Junior,21798,S,,0
23144,201320,Spring 2014,2013-2014,Junior,22068,S,,0
23144,201410,Fall 2014,2014-2015,Senior,11846,S,,0
23144,201410,Fall 2014,2014-2015,Senior,14629,S,,0
23144,201410,Fall 2014,2014-2015,Senior,16008,S,,0
23144,201420,Spring 2015,2014-2015,Senior,24806,S,,0
24543,201110,Fall 2011,2011-2012,Freshman,11801,A,4.0,1
24543,201110,Fall 2011,2011-2012,Freshman,11916,A,4.0,1
24543,201110,Fall 2011,2011-2012,Freshman,12437,A,4.0,1
24543,201120,Spring 2012,2011-2012,Freshman,21006,A,4.0,1
24543,201120,Spring 2012,2011-2012,Freshman,21846,A,4.0,1
24543,201120,Spring 2012,2011-2012,Freshman,22049,A,4.0,1
24543,201120,Spring 2012,2011-2012,Freshman,23707,A,4.0,1
24543,201210,Fall 2012,2012-2013,Sophomore,12074,A,4.0,1
24543,201210,Fall 2012,2012-2013,Sophomore,16433,A,4.0,1
24543,201210,Fall 2012,2012-2013,Sophomore,18703,A,4.0,1
24543,201210,Fall 2012,2012-2013,Sophomore,19292,A,4.0,1
24543,201220,Spring 2013,2012-2013,Sophomore,20536,A,4.0,1
24543,201220,Spring 2013,2012-2013,Sophomore,22056,A,4.0,1
24543,201220,Spring 2013,2012-2013,Sophomore,24589,A,4.0,1
24543,201220,Spring 2013,2012-2013,Sophomore,25945,A,4.0,1
24543,201220,Spring 2013,2012-2013,Sophomore,25954,A,4.0,1
24543,201220,Spring 2013,2012-2013,Sophomore,28875,A,4.0,1
24543,201310,Fall 2013,2013-2014,Junior,15319,A,4.0,1
24543,201310,Fall 2013,2013-2014,Junior,15503,A,4.0,1
24543,201310,Fall 2013,2013-2014,Junior,16716,A,4.0,1
24543,201310,Fall 2013,2013-2014,Junior,16813,A,4.0,1
24543,201310,Fall 2013,2013-2014,Junior,19245,A,4.0,1
24543,201320,Spring 2014,2013-2014,Junior,21937,A,4.0,1
24543,201320,Spring 2014,2013-2014,Junior,23963,A,4.0,1
24543,201320,Spring 2014,2013-2014,Junior,23974,A,4.0,1
24543,201320,Spring 2014,2013-2014,Junior,29353,A,4.0,1
24543,201410,Fall 2014,2014-2015,Senior,13373,A,4.0,1
24543,201410,Fall 2014,2014-2015,Senior,15037,A,4.0,1
24543,201410,Fall 2014,2014-2015,Senior,20054,A,4.0,1
24543,201410,Fall 2014,2014-2015,Senior,20068,A,4.0,1
24543,201410,Fall 2014,2014-2015,Senior,20127,A,4.0,1
24543,201420,Spring 2015,2014-2015,Senior,29276,A,4.0,1
24543,201110,Fall 2011,2011-2012,Freshman,10913,A-,3.667,1
24543,201110,Fall 2011,2011-2012,Freshman,14271,A-,3.667,1
24543,201120,Spring 2012,2011-2012,Freshman,25289,A-,3.667,1
24543,201210,Fall 2012,2012-2013,Sophomore,12672,A-,3.667,1
24543,201210,Fall 2012,2012-2013,Sophomore,18762,A-,3.667,1
24543,201310,Fall 2013,2013-2014,Junior,18695,A-,3.667,1
24543,201320,Spring 2014,2013-2014,Junior,24782,A-,3.667,1
24543,201410,Fall 2014,2014-2015,Senior,20070,A-,3.667,1
24543,201110,Fall 2011,2011-2012,Freshman,101001001,AD,,0
24543,201110,Fall 2011,2011-2012,Freshman,101002002,AD,,0
24543,201110,Fall 2011,2011-2012,Freshman,101003003,AD,,0
24543,201110,Fall 2011,2011-2012,Freshman,101004004,AD,,0
24543,201110,Fall 2011,2011-2012,Freshman,101005005,AD,,0
24543,201110,Fall 2011,2011-2012,Freshman,101005006,AD,,0
24543,201110,Fall 2011,2011-2012,Freshman,101006007,AD,,0
24543,201420,Spring 2015,2014-2015,Senior,29373,B,3.0,1
24543,201110,Fall 2011,2011-2012,Freshman,13154,S,,0
24543,201120,Spring 2012,2011-2012,Freshman,24630,S,,0
24543,201210,Fall 2012,2012-2013,Sophomore,11978,S,,0
24543,201210,Fall 2012,2012-2013,Sophomore,12044,S,,0
24543,201320,Spring 2014,2013-2014,Junior,27296,S,,0
24760,201110,Fall 2011,2011-2012,Freshman,11960,A,4.0,1
24760,201120,Spring 2012,2011-2012,Freshman,28834,A,4.0,1
24760,201220,Spring 2013,2012-2013,Sophomore,25446,A,4.0,1
24760,201220,Spring 2013,2012-2013,Sophomore,25512,A,4.0,1
24760,201310,Fall 2013,2013-2014,Junior,12702,A,4.0,1
24760,201310,Fall 2013,2013-2014,Junior,17579,A,4.0,1
24760,201320,Spring 2014,2013-2014,Junior,21513,A,4.0,1
24760,201320,Spring 2014,2013-2014,Junior,21990,A,4.0,1
24760,201320,Spring 2014,2013-2014,Junior,25493,A,4.0,1
24760,201410,Fall 2014,2014-2015,Senior,15959,A,4.0,1
24760,201410,Fall 2014,2014-2015,Senior,16219,A,4.0,1
24760,201410,Fall 2014,2014-2015,Senior,17300,A,4.0,1
24760,201410,Fall 2014,2014-2015,Senior,20168,A,4.0,1
24760,201420,Spring 2015,2014-2015,Senior,26878,A,4.0,1
24760,201110,Fall 2011,2011-2012,Freshman,15533,A-,3.667,1
24760,201120,Spring 2012,2011-2012,Freshman,20226,A-,3.667,1
24760,201210,Fall 2012,2012-2013,Sophomore,12083,A-,3.667,1
24760,201210,Fall 2012,2012-2013,Sophomore,12143,A-,3.667,1
24760,201210,Fall 2012,2012-2013,Sophomore,14308,A-,3.667,1
24760,201210,Fall 2012,2012-2013,Sophomore,15744,A-,3.667,1
24760,201310,Fall 2013,2013-2014,Junior,13924,A-,3.667,1
24760,201310,Fall 2013,2013-2014,Junior,19816,A-,3.667,1
24760,201410,Fall 2014,2014-2015,Senior,19793,A-,3.667,1
24760,201420,Spring 2015,2014-2015,Senior,22418,A-,3.667,1
24760,201420,Spring 2015,2014-2015,Senior,24677,A-,3.667,1
24760,201110,Fall 2011,2011-2012,Freshman,101001001,AD,,0
24760,201110,Fall 2011,2011-2012,Freshman,101002002,AD,,0
24760,201110,Fall 2011,2011-2012,Freshman,101003003,AD,,0
24760,201110,Fall 2011,2011-2012,Freshman,101004004,AD,,0
24760,201110,Fall 2011,2011-2012,Freshman,101005005,AD,,0
24760,201110,Fall 2011,2011-2012,Freshman,101005006,AD,,0
24760,201110,Fall 2011,2011-2012,Freshman,10841,B,3.0,1
24760,201110,Fall 2011,2011-2012,Freshman,12435,B,3.0,1
24760,201120,Spring 2012,2011-2012,Freshman,21932,B,3.0,1
24760,201120,Spring 2012,2011-2012,Freshman,23894,B,3.0,1
24760,201210,Fall 2012,2012-2013,Sophomore,11042,B,3.0,1
24760,201220,Spring 2013,2012-2013,Sophomore,21186,B,3.0,1
24760,201220,Spring 2013,2012-2013,Sophomore,23154,B,3.0,1
24760,201220,Spring 2013,2012-2013,Sophomore,24392,B,3.0,1
24760,201220,Spring 2013,2012-2013,Sophomore,25365,B,3.0,1
24760,201320,Spring 2014,2013-2014,Junior,21146,B,3.0,1
24760,201420,Spring 2015,2014-2015,Senior,29035,B,3.0,1
24760,201120,Spring 2012,2011-2012,Freshman,22348,B-,2.667,1
24760,201320,Spring 2014,2013-2014,Junior,20849,B-,2.667,1
24760,201110,Fall 2011,2011-2012,Freshman,12472,B+,3.333,1
24760,201110,Fall 2011,2011-2012,Freshman,13042,B+,3.333,1
24760,201120,Spring 2012,2011-2012,Freshman,22352,B+,3.333,1
24760,201120,Spring 2012,2011-2012,Freshman,28227,B+,3.333,1
24760,201210,Fall 2012,2012-2013,Sophomore,11121,B+,3.333,1
24760,201220,Spring 2013,2012-2013,Sophomore,24093,B+,3.333,1
24760,201310,Fall 2013,2013-2014,Junior,13926,B+,3.333,1
24760,201420,Spring 2015,2014-2015,Senior,21811,B+,3.333,1
24760,201210,Fall 2012,2012-2013,Sophomore,14300,C+,2.333,1
24760,201110,Fall 2011,2011-2012,Freshman,13155,S,,0
24760,201110,Fall 2011,2011-2012,Freshman,19763,S,,0
24760,201120,Spring 2012,2011-2012,Freshman,22683,S,,0
24760,201120,Spring 2012,2011-2012,Freshman,24638,S,,0
24760,201210,Fall 2012,2012-2013,Sophomore,17034,S,,0
24760,201220,Spring 2013,2012-2013,Sophomore,21670,S,,0
24760,201310,Fall 2013,2013-2014,Junior,17148,S,,0
24760,201320,Spring 2014,2013-2014,Junior,24347,S,,0
24760,201420,Spring 2015,2014-2015,Senior,20543,S,,0
24853,201110,Fall 2011,2011-2012,Freshman,12446,A,4.0,1
24853,201120,Spring 2012,2011-2012,Freshman,20866,A,4.0,1
24853,201120,Spring 2012,2011-2012,Freshman,22691,A,4.0,1
24853,201210,Fall 2012,2012-2013,Sophomore,15754,A,4.0,1
24853,201220,Spring 2013,2012-2013,Sophomore,24589,A,4.0,1
24853,201220,Spring 2013,2012-2013,Sophomore,25426,A,4.0,1
24853,201310,Fall 2013,2013-2014,Junior,11335,A,4.0,1
24853,201310,Fall 2013,2013-2014,Junior,11631,A,4.0,1
24853,201310,Fall 2013,2013-2014,Junior,13932,A,4.0,1
24853,201320,Spring 2014,2013-2014,Junior,23194,A,4.0,1
24853,201320,Spring 2014,2013-2014,Junior,25242,A,4.0,1
24853,201410,Fall 2014,2014-2015,Senior,11290,A,4.0,1
24853,201410,Fall 2014,2014-2015,Senior,11466,A,4.0,1
24853,201410,Fall 2014,2014-2015,Senior,14467,A,4.0,1
24853,201420,Spring 2015,2014-2015,Senior,29112,A,4.0,1
24853,201320,Spring 2014,2013-2014,Junior,20190,A,4.0,1
24853,201410,Fall 2014,2014-2015,Senior,20132,A,4.0,1
24853,201110,Fall 2011,2011-2012,Freshman,11660,A-,3.667,1
24853,201110,Fall 2011,2011-2012,Freshman,18344,A-,3.667,1
24853,201120,Spring 2012,2011-2012,Freshman,20210,A-,3.667,1
24853,201210,Fall 2012,2012-2013,Sophomore,11480,A-,3.667,1
24853,201210,Fall 2012,2012-2013,Sophomore,15751,A-,3.667,1
24853,201220,Spring 2013,2012-2013,Sophomore,23058,A-,3.667,1
24853,201220,Spring 2013,2012-2013,Sophomore,24523,A-,3.667,1
24853,201320,Spring 2014,2013-2014,Junior,26151,A-,3.667,1
24853,201410,Fall 2014,2014-2015,Senior,13933,A-,3.667,1
24853,201420,Spring 2015,2014-2015,Senior,20899,A-,3.667,1
24853,201310,Fall 2013,2013-2014,Junior,14078,A-,3.667,1
24853,201310,Fall 2013,2013-2014,Junior,19368,A-,3.667,1
24853,201320,Spring 2014,2013-2014,Junior,24101,A-,3.667,1
24853,201420,Spring 2015,2014-2015,Senior,20210,A-,3.667,1
24853,201420,Spring 2015,2014-2015,Senior,25989,A-,3.667,1
24853,201110,Fall 2011,2011-2012,Freshman,101001001,AD,,0
24853,201110,Fall 2011,2011-2012,Freshman,101002002,AD,,0
24853,201310,Fall 2013,2013-2014,Junior,101001001,AD,,0
24853,201110,Fall 2011,2011-2012,Freshman,15718,B,3.0,1
24853,201120,Spring 2012,2011-2012,Freshman,20163,B,3.0,1
24853,201220,Spring 2013,2012-2013,Sophomore,20700,B,3.0,1
24853,201320,Spring 2014,2013-2014,Junior,26106,B,3.0,1
24853,201420,Spring 2015,2014-2015,Senior,25099,B,3.0,1
24853,201410,Fall 2014,2014-2015,Senior,10243,B,3.0,1
24853,201420,Spring 2015,2014-2015,Senior,21317,B,3.0,1
24853,201110,Fall 2011,2011-2012,Freshman,14270,B-,2.667,1
24853,201310,Fall 2013,2013-2014,Junior,12509,B-,2.667,1
24853,201410,Fall 2014,2014-2015,Senior,20161,B-,2.667,1
24853,201410,Fall 2014,2014-2015,Senior,10242,B-,2.667,1
24853,201410,Fall 2014,2014-2015,Senior,12326,B-,2.667,1
24853,201110,Fall 2011,2011-2012,Freshman,10118,B+,3.333,1
24853,201120,Spring 2012,2011-2012,Freshman,22479,B+,3.333,1
24853,201210,Fall 2012,2012-2013,Sophomore,12082,B+,3.333,1
24853,201210,Fall 2012,2012-2013,Sophomore,16952,B+,3.333,1
24853,201220,Spring 2013,2012-2013,Sophomore,72552,B+,3.333,1
24853,201320,Spring 2014,2013-2014,Junior,30416,B+,3.333,1
24853,201310,Fall 2013,2013-2014,Junior,10614,B+,3.333,1
24853,201310,Fall 2013,2013-2014,Junior,14581,B+,3.333,1
24853,201320,Spring 2014,2013-2014,Junior,21458,B+,3.333,1
24853,201420,Spring 2015,2014-2015,Senior,22251,C,2.0,1
24853,201310,Fall 2013,2013-2014,Junior,13682,C-,1.667,1
24853,201420,Spring 2015,2014-2015,Senior,20585,C-,1.667,1
24853,201210,Fall 2012,2012-2013,Sophomore,10813,C+,2.333,1
24853,201410,Fall 2014,2014-2015,Senior,11465,C+,2.333,1
24853,201320,Spring 2014,2013-2014,Junior,22344,C+,2.333,1
24853,201410,Fall 2014,2014-2015,Senior,10540,C+,2.333,1
24853,201110,Fall 2011,2011-2012,Freshman,12262,S,,0
24853,201120,Spring 2012,2011-2012,Freshman,22061,S,,0
24853,201420,Spring 2015,2014-2015,Senior,23321,S,,0
24853,201420,Spring 2015,2014-2015,Senior,25223,S,,0
24853,201420,Spring 2015,2014-2015,Senior,29074,S,,0
24853,201310,Fall 2013,2013-2014,Junior,12710,S,,0
24853,201320,Spring 2014,2013-2014,Junior,23965,S,,0
24853,201320,Spring 2014,2013-2014,Junior,29821,S,,0
25171,201210,Fall 2012,2012-2013,Sophomore,11055,A,4.0,1
25171,201210,Fall 2012,2012-2013,Sophomore,19627,A,4.0,1
25171,201220,Spring 2013,2012-2013,Sophomore,28803,A,4.0,1
25171,201220,Spring 2013,2012-2013,Sophomore,28872,A,4.0,1
25171,201420,Spring 2015,2014-2015,Senior,26710,A,4.0,1
25171,201420,Spring 2015,2014-2015,Senior,29446,A,4.0,1
25171,201110,Fall 2011,2011-2012,Freshman,12448,A-,3.667,1
25171,201120,Spring 2012,2011-2012,Freshman,22038,A-,3.667,1
25171,201120,Spring 2012,2011-2012,Freshman,22427,A-,3.667,1
25171,201220,Spring 2013,2012-2013,Sophomore,20588,A-,3.667,1
25171,201220,Spring 2013,2012-2013,Sophomore,20711,A-,3.667,1
25171,201220,Spring 2013,2012-2013,Sophomore,24958,A-,3.667,1
25171,201310,Fall 2013,2013-2014,Junior,12197,A-,3.667,1
25171,201310,Fall 2013,2013-2014,Junior,13933,A-,3.667,1
25171,201310,Fall 2013,2013-2014,Junior,17087,A-,3.667,1
25171,201310,Fall 2013,2013-2014,Junior,19084,A-,3.667,1
25171,201320,Spring 2014,2013-2014,Junior,24376,A-,3.667,1
25171,201320,Spring 2014,2013-2014,Junior,25278,A-,3.667,1
25171,201410,Fall 2014,2014-2015,Senior,10194,A-,3.667,1
25171,201410,Fall 2014,2014-2015,Senior,12344,A-,3.667,1
25171,201420,Spring 2015,2014-2015,Senior,25839,A-,3.667,1
25171,201420,Spring 2015,2014-2015,Senior,25905,A-,3.667,1
25171,201110,Fall 2011,2011-2012,Freshman,101001004,AD,,0
25171,201110,Fall 2011,2011-2012,Freshman,101002002,AD,,0
25171,201110,Fall 2011,2011-2012,Freshman,101003003,AD,,0
25171,201110,Fall 2011,2011-2012,Freshman,101004005,AD,,0
25171,201110,Fall 2011,2011-2012,Freshman,101005006,AD,,0
25171,201120,Spring 2012,2011-2012,Freshman,29479,B,3.0,1
25171,201210,Fall 2012,2012-2013,Sophomore,11467,B,3.0,1
25171,201210,Fall 2012,2012-2013,Sophomore,12552,B,3.0,1
25171,201220,Spring 2013,2012-2013,Sophomore,21501,B,3.0,1
25171,201320,Spring 2014,2013-2014,Junior,23358,B,3.0,1
25171,201410,Fall 2014,2014-2015,Senior,12653,B,3.0,1
25171,201410,Fall 2014,2014-2015,Senior,15747,B,3.0,1
25171,201110,Fall 2011,2011-2012,Freshman,15158,B-,2.667,1
25171,201110,Fall 2011,2011-2012,Freshman,10168,B+,3.333,1
25171,201110,Fall 2011,2011-2012,Freshman,11203,B+,3.333,1
25171,201110,Fall 2011,2011-2012,Freshman,15227,B+,3.333,1
25171,201120,Spring 2012,2011-2012,Freshman,24072,B+,3.333,1
25171,201120,Spring 2012,2011-2012,Freshman,24941,B+,3.333,1
25171,201210,Fall 2012,2012-2013,Sophomore,11628,B+,3.333,1
25171,201320,Spring 2014,2013-2014,Junior,21697,B+,3.333,1
25171,201320,Spring 2014,2013-2014,Junior,22396,B+,3.333,1
25171,201410,Fall 2014,2014-2015,Senior,20745,B+,3.333,1
25171,201110,Fall 2011,2011-2012,Freshman,13155,S,,0
25171,201110,Fall 2011,2011-2012,Freshman,16461,S,,0
25171,201120,Spring 2012,2011-2012,Freshman,24637,S,,0
25171,201310,Fall 2013,2013-2014,Junior,13032,S,,0
25171,201310,Fall 2013,2013-2014,Junior,17148,S,,0
25323,201110,Fall 2011,2011-2012,Freshman,18959,A,4.0,1
25323,201120,Spring 2012,2011-2012,Freshman,20771,A,4.0,1
25323,201120,Spring 2012,2011-2012,Freshman,20821,A,4.0,1
25323,201120,Spring 2012,2011-2012,Freshman,23663,A,4.0,1
25323,201120,Spring 2012,2011-2012,Freshman,25220,A,4.0,1
25323,201210,Fall 2012,2012-2013,Sophomore,16407,A,4.0,1
25323,201220,Spring 2013,2012-2013,Sophomore,22751,A,4.0,1
25323,201220,Spring 2013,2012-2013,Sophomore,25830,A,4.0,1
25323,201310,Fall 2013,2013-2014,Junior,14910,A,4.0,1
25323,201410,Fall 2014,2014-2015,Senior,16738,A,4.0,1
25323,201420,Spring 2015,2014-2015,Senior,23259,A,4.0,1
25323,201420,Spring 2015,2014-2015,Senior,24945,A,4.0,1
25323,201110,Fall 2011,2011-2012,Freshman,18576,A-,3.667,1
25323,201210,Fall 2012,2012-2013,Sophomore,11628,A-,3.667,1
25323,201210,Fall 2012,2012-2013,Sophomore,19015,A-,3.667,1
25323,201220,Spring 2013,2012-2013,Sophomore,21142,A-,3.667,1
25323,201220,Spring 2013,2012-2013,Sophomore,25833,A-,3.667,1
25323,201310,Fall 2013,2013-2014,Junior,12841,A-,3.667,1
25323,201310,Fall 2013,2013-2014,Junior,14642,A-,3.667,1
25323,201310,Fall 2013,2013-2014,Junior,19057,A-,3.667,1
25323,201320,Spring 2014,2013-2014,Junior,23962,A-,3.667,1
25323,201320,Spring 2014,2013-2014,Junior,24780,A-,3.667,1
25323,201410,Fall 2014,2014-2015,Senior,13490,A-,3.667,1
25323,201410,Fall 2014,2014-2015,Senior,16873,A-,3.667,1
25323,201110,Fall 2011,2011-2012,Freshman,101001001,AD,,0
25323,201110,Fall 2011,2011-2012,Freshman,101002002,AD,,0
25323,201110,Fall 2011,2011-2012,Freshman,101003003,AD,,0
25323,201110,Fall 2011,2011-2012,Freshman,15154,B,3.0,1
25323,201120,Spring 2012,2011-2012,Freshman,21932,B,3.0,1
25323,201310,Fall 2013,2013-2014,Junior,11491,B,3.0,1
25323,201310,Fall 2013,2013-2014,Junior,13728,B,3.0,1
25323,201410,Fall 2014,2014-2015,Senior,16538,B,3.0,1
25323,201410,Fall 2014,2014-2015,Senior,19805,B,3.0,1
25323,201310,Fall 2013,2013-2014,Junior,12486,B-,2.667,1
25323,201420,Spring 2015,2014-2015,Senior,24944,B-,2.667,1
25323,201420,Spring 2015,2014-2015,Senior,26382,B-,2.667,1
25323,201110,Fall 2011,2011-2012,Freshman,14770,B+,3.333,1
25323,201110,Fall 2011,2011-2012,Freshman,15891,B+,3.333,1
25323,201210,Fall 2012,2012-2013,Sophomore,13005,B+,3.333,1
25323,201210,Fall 2012,2012-2013,Sophomore,13774,B+,3.333,1
25323,201210,Fall 2012,2012-2013,Sophomore,18919,B+,3.333,1
25323,201220,Spring 2013,2012-2013,Sophomore,20166,B+,3.333,1
25323,201220,Spring 2013,2012-2013,Sophomore,21190,B+,3.333,1
25323,201310,Fall 2013,2013-2014,Junior,15371,B+,3.333,1
25323,201320,Spring 2014,2013-2014,Junior,23646,B+,3.333,1
25323,201320,Spring 2014,2013-2014,Junior,23960,B+,3.333,1
25323,201320,Spring 2014,2013-2014,Junior,29871,B+,3.333,1
25323,201420,Spring 2015,2014-2015,Senior,29440,B+,3.333,1
25323,201110,Fall 2011,2011-2012,Freshman,13163,S,,0
25323,201120,Spring 2012,2011-2012,Freshman,24633,S,,0
25323,201220,Spring 2013,2012-2013,Sophomore,22557,S,,0
25323,201320,Spring 2014,2013-2014,Junior,27296,S,,0
25494,201210,Fall 2012,2012-2013,Sophomore,11055,A,4.0,1
25494,201210,Fall 2012,2012-2013,Sophomore,13003,A,4.0,1
25494,201220,Spring 2013,2012-2013,Sophomore,22254,A,4.0,1
25494,201220,Spring 2013,2012-2013,Sophomore,25903,A,4.0,1
25494,201310,Fall 2013,2013-2014,Junior,11793,A,4.0,1
25494,201310,Fall 2013,2013-2014,Junior,13813,A,4.0,1
25494,201310,Fall 2013,2013-2014,Junior,16600,A,4.0,1
25494,201320,Spring 2014,2013-2014,Junior,30423,A,4.0,1
25494,201410,Fall 2014,2014-2015,Senior,12330,A,4.0,1
25494,201410,Fall 2014,2014-2015,Senior,15751,A,4.0,1
25494,201410,Fall 2014,2014-2015,Senior,15756,A,4.0,1
25494,201420,Spring 2015,2014-2015,Senior,25845,A,4.0,1
25494,201120,Spring 2012,2011-2012,Freshman,22093,A-,3.667,1
25494,201310,Fall 2013,2013-2014,Junior,12486,A-,3.667,1
25494,201310,Fall 2013,2013-2014,Junior,15354,A-,3.667,1
25494,201310,Fall 2013,2013-2014,Junior,19057,A-,3.667,1
25494,201320,Spring 2014,2013-2014,Junior,23195,A-,3.667,1
25494,201320,Spring 2014,2013-2014,Junior,23199,A-,3.667,1
25494,201320,Spring 2014,2013-2014,Junior,25242,A-,3.667,1
25494,201320,Spring 2014,2013-2014,Junior,26112,A-,3.667,1
25494,201410,Fall 2014,2014-2015,Senior,13569,A-,3.667,1
25494,201410,Fall 2014,2014-2015,Senior,19803,A-,3.667,1
25494,201410,Fall 2014,2014-2015,Senior,20338,A-,3.667,1
25494,201420,Spring 2015,2014-2015,Senior,25882,A-,3.667,1
25494,201420,Spring 2015,2014-2015,Senior,29047,A-,3.667,1
25494,201110,Fall 2011,2011-2012,Freshman,101001001,AD,,0
25494,201110,Fall 2011,2011-2012,Freshman,101002002,AD,,0
25494,201110,Fall 2011,2011-2012,Freshman,101003003,AD,,0
25494,201110,Fall 2011,2011-2012,Freshman,11203,B,3.0,1
25494,201120,Spring 2012,2011-2012,Freshman,20517,B,3.0,1
25494,201120,Spring 2012,2011-2012,Freshman,22049,B,3.0,1
25494,201120,Spring 2012,2011-2012,Freshman,28512,B,3.0,1
25494,201210,Fall 2012,2012-2013,Sophomore,12097,B,3.0,1
25494,201410,Fall 2014,2014-2015,Senior,11401,B,3.0,1
25494,201410,Fall 2014,2014-2015,Senior,15916,B,3.0,1
25494,201120,Spring 2012,2011-2012,Freshman,28587,B-,2.667,1
25494,201110,Fall 2011,2011-2012,Freshman,11528,B+,3.333,1
25494,201110,Fall 2011,2011-2012,Freshman,15158,B+,3.333,1
25494,201110,Fall 2011,2011-2012,Freshman,15552,B+,3.333,1
25494,201110,Fall 2011,2011-2012,Freshman,16109,B+,3.333,1
25494,201210,Fall 2012,2012-2013,Sophomore,11387,B+,3.333,1
25494,201210,Fall 2012,2012-2013,Sophomore,12550,B+,3.333,1
25494,201220,Spring 2013,2012-2013,Sophomore,25824,B+,3.333,1
25494,201220,Spring 2013,2012-2013,Sophomore,25832,B+,3.333,1
25494,201220,Spring 2013,2012-2013,Sophomore,29081,B+,3.333,1
25494,201410,Fall 2014,2014-2015,Senior,20337,B+,3.333,1
25494,201420,Spring 2015,2014-2015,Senior,22026,P,,0
25494,201110,Fall 2011,2011-2012,Freshman,13156,S,,0
25494,201120,Spring 2012,2011-2012,Freshman,24635,S,,0
25494,201420,Spring 2015,2014-2015,Senior,29070,S,,0
26425,201110,Fall 2011,2011-2012,Freshman,10872,A,4.0,1
26425,201110,Fall 2011,2011-2012,Freshman,12304,A,4.0,1
26425,201210,Fall 2012,2012-2013,Sophomore,10314,A,4.0,1
26425,201210,Fall 2012,2012-2013,Sophomore,15924,A,4.0,1
26425,201220,Spring 2013,2012-2013,Sophomore,23815,A,4.0,1
26425,201220,Spring 2013,2012-2013,Sophomore,29525,A,4.0,1
26425,201310,Fall 2013,2013-2014,Junior,16105,A,4.0,1
26425,201320,Spring 2014,2013-2014,Junior,20254,A,4.0,1
26425,201320,Spring 2014,2013-2014,Junior,23344,A,4.0,1
26425,201320,Spring 2014,2013-2014,Junior,23656,A,4.0,1
26425,201410,Fall 2014,2014-2015,Senior,11241,A,4.0,1
26425,201410,Fall 2014,2014-2015,Senior,15701,A,4.0,1
26425,201410,Fall 2014,2014-2015,Senior,20265,A,4.0,1
26425,201420,Spring 2015,2014-2015,Senior,21968,A,4.0,1
26425,201420,Spring 2015,2014-2015,Senior,29195,A,4.0,1
26425,201420,Spring 2015,2014-2015,Senior,30118,A,4.0,1
26425,201110,Fall 2011,2011-2012,Freshman,11997,A-,3.667,1
26425,201110,Fall 2011,2011-2012,Freshman,12315,A-,3.667,1
26425,201120,Spring 2012,2011-2012,Freshman,20231,A-,3.667,1
26425,201120,Spring 2012,2011-2012,Freshman,23545,A-,3.667,1
26425,201210,Fall 2012,2012-2013,Sophomore,10313,A-,3.667,1
26425,201210,Fall 2012,2012-2013,Sophomore,11618,A-,3.667,1
26425,201220,Spring 2013,2012-2013,Sophomore,20239,A-,3.667,1
26425,201220,Spring 2013,2012-2013,Sophomore,21473,A-,3.667,1
26425,201220,Spring 2013,2012-2013,Sophomore,28873,A-,3.667,1
26425,201310,Fall 2013,2013-2014,Junior,11043,A-,3.667,1
26425,201310,Fall 2013,2013-2014,Junior,12232,A-,3.667,1
26425,201320,Spring 2014,2013-2014,Junior,20261,A-,3.667,1
26425,201320,Spring 2014,2013-2014,Junior,29744,A-,3.667,1
26425,201410,Fall 2014,2014-2015,Senior,20238,A-,3.667,1
26425,201420,Spring 2015,2014-2015,Senior,29509,A-,3.667,1
26425,201110,Fall 2011,2011-2012,Freshman,101001001,AD,,0
26425,201110,Fall 2011,2011-2012,Freshman,101002002,AD,,0
26425,201110,Fall 2011,2011-2012,Freshman,101003003,AD,,0
26425,201110,Fall 2011,2011-2012,Freshman,101004004,AD,,0
26425,201110,Fall 2011,2011-2012,Freshman,101005005,AD,,0
26425,201110,Fall 2011,2011-2012,Freshman,101006006,AD,,0
26425,201110,Fall 2011,2011-2012,Freshman,101007007,AD,,0
26425,201110,Fall 2011,2011-2012,Freshman,101007008,AD,,0
26425,201120,Spring 2012,2011-2012,Freshman,20704,B,3.0,1
26425,201110,Fall 2011,2011-2012,Freshman,10710,B+,3.333,1
26425,201120,Spring 2012,2011-2012,Freshman,20273,B+,3.333,1
26425,201120,Spring 2012,2011-2012,Freshman,25859,B+,3.333,1
26425,201210,Fall 2012,2012-2013,Sophomore,10023,B+,3.333,1
26425,201310,Fall 2013,2013-2014,Junior,11340,B+,3.333,1
26425,201310,Fall 2013,2013-2014,Junior,19243,B+,3.333,1
26425,201110,Fall 2011,2011-2012,Freshman,12273,S,,0
26425,201110,Fall 2011,2011-2012,Freshman,13067,S,,0
26425,201110,Fall 2011,2011-2012,Freshman,13160,S,,0
26425,201110,Fall 2011,2011-2012,Freshman,13810,S,,0
26425,201120,Spring 2012,2011-2012,Freshman,24634,S,,0
26425,201210,Fall 2012,2012-2013,Sophomore,12781,S,,0
26425,201210,Fall 2012,2012-2013,Sophomore,13459,S,,0
26425,201220,Spring 2013,2012-2013,Sophomore,23939,S,,0
26425,201310,Fall 2013,2013-2014,Junior,13266,S,,0
26425,201320,Spring 2014,2013-2014,Junior,23680,S,,0
26425,201410,Fall 2014,2014-2015,Senior,13051,S,,0
26425,201420,Spring 2015,2014-2015,Senior,21710,S,,0
26425,201420,Spring 2015,2014-2015,Senior,23473,S,,0
26999,201110,Fall 2011,2011-2012,Freshman,11915,A,4.0,1
26999,201110,Fall 2011,2011-2012,Freshman,11960,A,4.0,1
26999,201110,Fall 2011,2011-2012,Freshman,12220,A,4.0,1
26999,201110,Fall 2011,2011-2012,Freshman,14268,A,4.0,1
26999,201120,Spring 2012,2011-2012,Freshman,21311,A,4.0,1
26999,201120,Spring 2012,2011-2012,Freshman,22144,A,4.0,1
26999,201120,Spring 2012,2011-2012,Freshman,22195,A,4.0,1
26999,201120,Spring 2012,2011-2012,Freshman,22200,A,4.0,1
26999,201210,Fall 2012,2012-2013,Sophomore,11111,A,4.0,1
26999,201220,Spring 2013,2012-2013,Sophomore,21258,A,4.0,1
26999,201220,Spring 2013,2012-2013,Sophomore,22067,A,4.0,1
26999,201220,Spring 2013,2012-2013,Sophomore,24550,A,4.0,1
26999,201220,Spring 2013,2012-2013,Sophomore,24935,A,4.0,1
26999,201220,Spring 2013,2012-2013,Sophomore,25833,A,4.0,1
26999,201310,Fall 2013,2013-2014,Junior,11492,A,4.0,1
26999,201310,Fall 2013,2013-2014,Junior,19038,A,4.0,1
26999,201320,Spring 2014,2013-2014,Junior,20578,A,4.0,1
26999,201320,Spring 2014,2013-2014,Junior,28998,A,4.0,1
26999,201410,Fall 2014,2014-2015,Senior,11678,A,4.0,1
26999,201420,Spring 2015,2014-2015,Senior,23681,A,4.0,1
26999,201420,Spring 2015,2014-2015,Senior,25820,A,4.0,1
26999,201420,Spring 2015,2014-2015,Senior,29156,A,4.0,1
26999,201110,Fall 2011,2011-2012,Freshman,19061,A-,3.667,1
26999,201210,Fall 2012,2012-2013,Sophomore,11618,A-,3.667,1
26999,201210,Fall 2012,2012-2013,Sophomore,12549,A-,3.667,1
26999,201210,Fall 2012,2012-2013,Sophomore,14528,A-,3.667,1
26999,201210,Fall 2012,2012-2013,Sophomore,15075,A-,3.667,1
26999,201310,Fall 2013,2013-2014,Junior,12399,A-,3.667,1
26999,201310,Fall 2013,2013-2014,Junior,12842,A-,3.667,1
26999,201310,Fall 2013,2013-2014,Junior,14328,A-,3.667,1
26999,201320,Spring 2014,2013-2014,Junior,20082,A-,3.667,1
26999,201320,Spring 2014,2013-2014,Junior,24224,A-,3.667,1
26999,201110,Fall 2011,2011-2012,Freshman,101001001,AD,,0
26999,201110,Fall 2011,2011-2012,Freshman,101002002,AD,,0
26999,201110,Fall 2011,2011-2012,Freshman,101003003,AD,,0
26999,201110,Fall 2011,2011-2012,Freshman,101004004,AD,,0
26999,201110,Fall 2011,2011-2012,Freshman,101005005,AD,,0
26999,201110,Fall 2011,2011-2012,Freshman,101005006,AD,,0
26999,201210,Fall 2012,2012-2013,Sophomore,12273,B,3.0,1
26999,201310,Fall 2013,2013-2014,Junior,14028,B-,2.667,1
26999,201410,Fall 2014,2014-2015,Senior,13353,B-,2.667,1
26999,201310,Fall 2013,2013-2014,Junior,12474,B+,3.333,1
26999,201310,Fall 2013,2013-2014,Junior,14333,B+,3.333,1
26999,201320,Spring 2014,2013-2014,Junior,29266,B+,3.333,1
26999,201320,Spring 2014,2013-2014,Junior,29422,B+,3.333,1
26999,201410,Fall 2014,2014-2015,Senior,11860,B+,3.333,1
26999,201410,Fall 2014,2014-2015,Senior,12033,B+,3.333,1
26999,201410,Fall 2014,2014-2015,Senior,17397,B+,3.333,1
26999,201420,Spring 2015,2014-2015,Senior,23610,B+,3.333,1
26999,201420,Spring 2015,2014-2015,Senior,24112,B+,3.333,1
26999,201420,Spring 2015,2014-2015,Senior,26965,B+,3.333,1
26999,201420,Spring 2015,2014-2015,Senior,25247,C+,2.333,1
26999,201420,Spring 2015,2014-2015,Senior,29030,D,1.0,1
26999,201110,Fall 2011,2011-2012,Freshman,13157,S,,0
26999,201120,Spring 2012,2011-2012,Freshman,24639,S,,0
26999,201400,Summer 2014,2014-2015,Senior,3823,S,,0
26999,201420,Spring 2015,2014-2015,Senior,30329,S,,0
26999,201110,Fall 2011,2011-2012,Freshman,201001001,TR,,0
28831,201110,Fall 2011,2011-2012,Freshman,15526,A,4.0,1
28831,201120,Spring 2012,2011-2012,Freshman,20231,A,4.0,1
28831,201120,Spring 2012,2011-2012,Freshman,22147,A,4.0,1
28831,201220,Spring 2013,2012-2013,Sophomore,25903,A,4.0,1
28831,201300,Summer 2013,2013-2014,Junior,4077,A,4.0,1
28831,201300,Summer 2013,2013-2014,Junior,4152,A,4.0,1
28831,201310,Fall 2013,2013-2014,Junior,14109,A,4.0,1
28831,201110,Fall 2011,2011-2012,Freshman,13061,A-,3.667,1
28831,201120,Spring 2012,2011-2012,Freshman,24455,A-,3.667,1
28831,201120,Spring 2012,2011-2012,Freshman,28280,A-,3.667,1
28831,201210,Fall 2012,2012-2013,Sophomore,11388,A-,3.667,1
28831,201210,Fall 2012,2012-2013,Sophomore,12544,A-,3.667,1
28831,201210,Fall 2012,2012-2013,Sophomore,14283,A-,3.667,1
28831,201210,Fall 2012,2012-2013,Sophomore,14381,A-,3.667,1
28831,201210,Fall 2012,2012-2013,Sophomore,19003,A-,3.667,1
28831,201220,Spring 2013,2012-2013,Sophomore,22255,A-,3.667,1
28831,201220,Spring 2013,2012-2013,Sophomore,24708,A-,3.667,1
28831,201310,Fall 2013,2013-2014,Junior,12245,A-,3.667,1
28831,201310,Fall 2013,2013-2014,Junior,12842,A-,3.667,1
28831,201320,Spring 2014,2013-2014,Junior,22094,A-,3.667,1
28831,201320,Spring 2014,2013-2014,Junior,24956,A-,3.667,1
28831,201110,Fall 2011,2011-2012,Freshman,101001001,AD,,0
28831,201110,Fall 2011,2011-2012,Freshman,101002002,AD,,0
28831,201110,Fall 2011,2011-2012,Freshman,101003003,AD,,0
28831,201110,Fall 2011,2011-2012,Freshman,101004004,AD,,0
28831,201110,Fall 2011,2011-2012,Freshman,101005005,AD,,0
28831,201110,Fall 2011,2011-2012,Freshman,101006006,AD,,0
28831,201110,Fall 2011,2011-2012,Freshman,101007007,AD,,0
28831,201110,Fall 2011,2011-2012,Freshman,12152,B,3.0,1
28831,201220,Spring 2013,2012-2013,Sophomore,24521,B,3.0,1
28831,201310,Fall 2013,2013-2014,Junior,13066,B,3.0,1
28831,201310,Fall 2013,2013-2014,Junior,13720,B,3.0,1
28831,201320,Spring 2014,2013-2014,Junior,28675,B,3.0,1
28831,201410,Fall 2014,2014-2015,Senior,16731,B,3.0,1
28831,201410,Fall 2014,2014-2015,Senior,20745,B,3.0,1
28831,201420,Spring 2015,2014-2015,Senior,29987,B,3.0,1
28831,201110,Fall 2011,2011-2012,Freshman,14751,B-,2.667,1
28831,201320,Spring 2014,2013-2014,Junior,28674,B-,2.667,1
28831,201410,Fall 2014,2014-2015,Senior,12329,B-,2.667,1
28831,201420,Spring 2015,2014-2015,Senior,29302,B-,2.667,1
28831,201110,Fall 2011,2011-2012,Freshman,13066,B+,3.333,1
28831,201220,Spring 2013,2012-2013,Sophomore,20142,B+,3.333,1
28831,201320,Spring 2014,2013-2014,Junior,20208,B+,3.333,1
28831,201420,Spring 2015,2014-2015,Senior,23684,B+,3.333,1
28831,201410,Fall 2014,2014-2015,Senior,12659,C,2.0,1
28831,201420,Spring 2015,2014-2015,Senior,24714,C,2.0,1
28831,201420,Spring 2015,2014-2015,Senior,25834,C-,1.667,1
28831,201410,Fall 2014,2014-2015,Senior,13397,C+,2.333,1
28831,201110,Fall 2011,2011-2012,Freshman,13155,S,,0
28831,201120,Spring 2012,2011-2012,Freshman,24633,S,,0
29914,201110,Fall 2011,2011-2012,Freshman,12198,A,4.0,1
29914,201110,Fall 2011,2011-2012,Freshman,12239,A,4.0,1
29914,201110,Fall 2011,2011-2012,Freshman,12447,A,4.0,1
29914,201110,Fall 2011,2011-2012,Freshman,16132,A,4.0,1
29914,201120,Spring 2012,2011-2012,Freshman,20704,A,4.0,1
29914,201120,Spring 2012,2011-2012,Freshman,22685,A,4.0,1
29914,201120,Spring 2012,2011-2012,Freshman,22728,A,4.0,1
29914,201210,Fall 2012,2012-2013,Sophomore,12358,A,4.0,1
29914,201210,Fall 2012,2012-2013,Sophomore,15116,A,4.0,1
29914,201210,Fall 2012,2012-2013,Sophomore,18920,A,4.0,1
29914,201220,Spring 2013,2012-2013,Sophomore,22532,A,4.0,1
29914,201220,Spring 2013,2012-2013,Sophomore,22534,A,4.0,1
29914,201220,Spring 2013,2012-2013,Sophomore,24649,A,4.0,1
29914,201220,Spring 2013,2012-2013,Sophomore,28875,A,4.0,1
29914,201310,Fall 2013,2013-2014,Junior,11558,A,4.0,1
29914,201310,Fall 2013,2013-2014,Junior,12156,A,4.0,1
29914,201310,Fall 2013,2013-2014,Junior,15377,A,4.0,1
29914,201310,Fall 2013,2013-2014,Junior,17242,A,4.0,1
29914,201320,Spring 2014,2013-2014,Junior,20222,A,4.0,1
29914,201320,Spring 2014,2013-2014,Junior,21020,A,4.0,1
29914,201320,Spring 2014,2013-2014,Junior,21860,A,4.0,1
29914,201320,Spring 2014,2013-2014,Junior,24299,A,4.0,1
29914,201320,Spring 2014,2013-2014,Junior,26657,A,4.0,1
29914,201320,Spring 2014,2013-2014,Junior,28654,A,4.0,1
29914,201410,Fall 2014,2014-2015,Senior,10184,A,4.0,1
29914,201410,Fall 2014,2014-2015,Senior,11369,A,4.0,1
29914,201410,Fall 2014,2014-2015,Senior,11467,A,4.0,1
29914,201410,Fall 2014,2014-2015,Senior,11468,A,4.0,1
29914,201410,Fall 2014,2014-2015,Senior,12035,A,4.0,1
29914,201410,Fall 2014,2014-2015,Senior,20587,A,4.0,1
29914,201420,Spring 2015,2014-2015,Senior,21029,A,4.0,1
29914,201420,Spring 2015,2014-2015,Senior,21435,A,4.0,1
29914,201420,Spring 2015,2014-2015,Senior,25810,A,4.0,1
29914,201420,Spring 2015,2014-2015,Senior,26873,A,4.0,1
29914,201420,Spring 2015,2014-2015,Senior,28997,A,4.0,1
29914,201420,Spring 2015,2014-2015,Senior,30527,A,4.0,1
29914,201110,Fall 2011,2011-2012,Freshman,10870,A-,3.667,1
29914,201120,Spring 2012,2011-2012,Freshman,21635,A-,3.667,1
29914,201120,Spring 2012,2011-2012,Freshman,28227,A-,3.667,1
29914,201210,Fall 2012,2012-2013,Sophomore,12164,A-,3.667,1
29914,201210,Fall 2012,2012-2013,Sophomore,13245,A-,3.667,1
29914,201220,Spring 2013,2012-2013,Sophomore,20261,A-,3.667,1
29914,201310,Fall 2013,2013-2014,Junior,11449,A-,3.667,1
29914,201310,Fall 2013,2013-2014,Junior,11453,A-,3.667,1
29914,201110,Fall 2011,2011-2012,Freshman,101001001,AD,,0
29914,201110,Fall 2011,2011-2012,Freshman,101002002,AD,,0
29914,201110,Fall 2011,2011-2012,Freshman,13156,S,,0
29914,201120,Spring 2012,2011-2012,Freshman,24637,S,,0
29914,201210,Fall 2012,2012-2013,Sophomore,12357,S,,0
29914,201310,Fall 2013,2013-2014,Junior,12227,S,,0
32100,201110,Fall 2011,2011-2012,Freshman,12577,A,4.0,1
32100,201110,Fall 2011,2011-2012,Freshman,13732,A,4.0,1
32100,201110,Fall 2011,2011-2012,Freshman,13742,A,4.0,1
32100,201110,Fall 2011,2011-2012,Freshman,15156,A,4.0,1
32100,201110,Fall 2011,2011-2012,Freshman,15526,A,4.0,1
32100,201120,Spring 2012,2011-2012,Freshman,20771,A,4.0,1
32100,201120,Spring 2012,2011-2012,Freshman,24643,A,4.0,1
32100,201120,Spring 2012,2011-2012,Freshman,28281,A,4.0,1
32100,201210,Fall 2012,2012-2013,Sophomore,11386,A,4.0,1
32100,201210,Fall 2012,2012-2013,Sophomore,12570,A,4.0,1
32100,201210,Fall 2012,2012-2013,Sophomore,13825,A,4.0,1
32100,201210,Fall 2012,2012-2013,Sophomore,18984,A,4.0,1
32100,201210,Fall 2012,2012-2013,Sophomore,19002,A,4.0,1
32100,201220,Spring 2013,2012-2013,Sophomore,20142,A,4.0,1
32100,201220,Spring 2013,2012-2013,Sophomore,21220,A,4.0,1
32100,201220,Spring 2013,2012-2013,Sophomore,22027,A,4.0,1
32100,201310,Fall 2013,2013-2014,Junior,13933,A,4.0,1
32100,201310,Fall 2013,2013-2014,Junior,14978,A,4.0,1
32100,201320,Spring 2014,2013-2014,Junior,22927,A,4.0,1
32100,201320,Spring 2014,2013-2014,Junior,26927,A,4.0,1
32100,201410,Fall 2014,2014-2015,Senior,15742,A,4.0,1
32100,201420,Spring 2015,2014-2015,Senior,22149,A,4.0,1
32100,201120,Spring 2012,2011-2012,Freshman,20517,A-,3.667,1
32100,201120,Spring 2012,2011-2012,Freshman,25122,A-,3.667,1
32100,201210,Fall 2012,2012-2013,Sophomore,18770,A-,3.667,1
32100,201220,Spring 2013,2012-2013,Sophomore,28554,A-,3.667,1
32100,201310,Fall 2013,2013-2014,Junior,13033,A-,3.667,1
32100,201310,Fall 2013,2013-2014,Junior,19084,A-,3.667,1
32100,201320,Spring 2014,2013-2014,Junior,23358,A-,3.667,1
32100,201320,Spring 2014,2013-2014,Junior,24380,A-,3.667,1
32100,201320,Spring 2014,2013-2014,Junior,25278,A-,3.667,1
32100,201410,Fall 2014,2014-2015,Senior,11071,A-,3.667,1
32100,201410,Fall 2014,2014-2015,Senior,14039,A-,3.667,1
32100,201410,Fall 2014,2014-2015,Senior,14919,A-,3.667,1
32100,201420,Spring 2015,2014-2015,Senior,29303,A-,3.667,1
32100,201110,Fall 2011,2011-2012,Freshman,101001001,AD,,0
32100,201110,Fall 2011,2011-2012,Freshman,101002002,AD,,0
32100,201110,Fall 2011,2011-2012,Freshman,101003003,AD,,0
32100,201220,Spring 2013,2012-2013,Sophomore,21421,B+,3.333,1
32100,201410,Fall 2014,2014-2015,Senior,19797,B+,3.333,1
32100,201420,Spring 2015,2014-2015,Senior,29600,B+,3.333,1
32100,201420,Spring 2015,2014-2015,Senior,28889,P,,0
32100,201110,Fall 2011,2011-2012,Freshman,13157,S,,0
32100,201120,Spring 2012,2011-2012,Freshman,24639,S,,0
32100,201310,Fall 2013,2013-2014,Junior,13032,S,,0
32100,201310,Fall 2013,2013-2014,Junior,17148,S,,0
32100,201420,Spring 2015,2014-2015,Senior,22032,S,,0
32100,201420,Spring 2015,2014-2015,Senior,29070,S,,0
32174,201110,Fall 2011,2011-2012,Freshman,10029,A,4.0,1
32174,201110,Fall 2011,2011-2012,Freshman,11231,A,4.0,1
32174,201110,Fall 2011,2011-2012,Freshman,12312,A,4.0,1
32174,201110,Fall 2011,2011-2012,Freshman,18850,A,4.0,1
32174,201120,Spring 2012,2011-2012,Freshman,22038,A,4.0,1
32174,201120,Spring 2012,2011-2012,Freshman,23330,A,4.0,1
32174,201120,Spring 2012,2011-2012,Freshman,28239,A,4.0,1
32174,201120,Spring 2012,2011-2012,Freshman,28566,A,4.0,1
32174,201210,Fall 2012,2012-2013,Sophomore,10217,A,4.0,1
32174,201210,Fall 2012,2012-2013,Sophomore,12261,A,4.0,1
32174,201210,Fall 2012,2012-2013,Sophomore,12367,A,4.0,1
32174,201210,Fall 2012,2012-2013,Sophomore,13008,A,4.0,1
32174,201220,Spring 2013,2012-2013,Sophomore,23145,A,4.0,1
32174,201220,Spring 2013,2012-2013,Sophomore,24537,A,4.0,1
32174,201220,Spring 2013,2012-2013,Sophomore,26115,A,4.0,1
32174,201220,Spring 2013,2012-2013,Sophomore,26518,A,4.0,1
32174,201220,Spring 2013,2012-2013,Sophomore,28799,A,4.0,1
32174,201310,Fall 2013,2013-2014,Junior,12828,A,4.0,1
32174,201310,Fall 2013,2013-2014,Junior,13593,A,4.0,1
32174,201310,Fall 2013,2013-2014,Junior,18590,A,4.0,1
32174,201310,Fall 2013,2013-2014,Junior,18831,A,4.0,1
32174,201320,Spring 2014,2013-2014,Junior,28838,A,4.0,1
32174,201320,Spring 2014,2013-2014,Junior,29070,A,4.0,1
32174,201410,Fall 2014,2014-2015,Senior,13799,A,4.0,1
32174,201410,Fall 2014,2014-2015,Senior,15698,A,4.0,1
32174,201410,Fall 2014,2014-2015,Senior,19597,A,4.0,1
32174,201420,Spring 2015,2014-2015,Senior,21969,A,4.0,1
32174,201420,Spring 2015,2014-2015,Senior,23673,A,4.0,1
32174,201420,Spring 2015,2014-2015,Senior,26714,A,4.0,1
32174,201420,Spring 2015,2014-2015,Senior,29686,A,4.0,1
32174,201110,Fall 2011,2011-2012,Freshman,10109,A-,3.667,1
32174,201120,Spring 2012,2011-2012,Freshman,21761,A-,3.667,1
32174,201210,Fall 2012,2012-2013,Sophomore,18680,A-,3.667,1
32174,201310,Fall 2013,2013-2014,Junior,19181,A-,3.667,1
32174,201320,Spring 2014,2013-2014,Junior,26306,A-,3.667,1
32174,201320,Spring 2014,2013-2014,Junior,29657,A-,3.667,1
32174,201410,Fall 2014,2014-2015,Senior,19542,A-,3.667,1
32174,201420,Spring 2015,2014-2015,Senior,29684,A-,3.667,1
32174,201110,Fall 2011,2011-2012,Freshman,101001001,AD,,0
32174,201110,Fall 2011,2011-2012,Freshman,101002004,AD,,0
32174,201110,Fall 2011,2011-2012,Freshman,101003003,AD,,0
32174,201110,Fall 2011,2011-2012,Freshman,101004005,AD,,0
32174,201110,Fall 2011,2011-2012,Freshman,101005006,AD,,0
32174,201110,Fall 2011,2011-2012,Freshman,101006007,AD,,0
32174,201120,Spring 2012,2011-2012,Freshman,101008009,AD,,0
32174,201320,Spring 2014,2013-2014,Junior,23572,B,3.0,1
32174,201110,Fall 2011,2011-2012,Freshman,13157,S,,0
32174,201110,Fall 2011,2011-2012,Freshman,20182,S,,0
32174,201120,Spring 2012,2011-2012,Freshman,24634,S,,0
32174,201410,Fall 2014,2014-2015,Senior,14346,S,,0
32174,201410,Fall 2014,2014-2015,Senior,16549,S,,0
33094,201120,Spring 2012,2011-2012,Freshman,21615,A,4.0,1
33094,201120,Spring 2012,2011-2012,Freshman,26973,A,4.0,1
33094,201210,Fall 2012,2012-2013,Sophomore,10737,A,4.0,1
33094,201220,Spring 2013,2012-2013,Sophomore,20708,A,4.0,1
33094,201220,Spring 2013,2012-2013,Sophomore,22953,A,4.0,1
33094,201220,Spring 2013,2012-2013,Sophomore,23657,A,4.0,1
33094,201310,Fall 2013,2013-2014,Junior,11038,A,4.0,1
33094,201310,Fall 2013,2013-2014,Junior,16345,A,4.0,1
33094,201310,Fall 2013,2013-2014,Junior,18996,A,4.0,1
33094,201320,Spring 2014,2013-2014,Junior,21115,A,4.0,1
33094,201320,Spring 2014,2013-2014,Junior,22877,A,4.0,1
33094,201410,Fall 2014,2014-2015,Senior,13409,A,4.0,1
33094,201410,Fall 2014,2014-2015,Senior,14467,A,4.0,1
33094,201410,Fall 2014,2014-2015,Senior,14507,A,4.0,1
33094,201420,Spring 2015,2014-2015,Senior,21103,A,4.0,1
33094,201420,Spring 2015,2014-2015,Senior,23122,A,4.0,1
33094,201420,Spring 2015,2014-2015,Senior,24429,A,4.0,1
33094,201420,Spring 2015,2014-2015,Senior,27294,A,4.0,1
33094,201110,Fall 2011,2011-2012,Freshman,11964,A-,3.667,1
33094,201110,Fall 2011,2011-2012,Freshman,12472,A-,3.667,1
33094,201120,Spring 2012,2011-2012,Freshman,22349,A-,3.667,1
33094,201120,Spring 2012,2011-2012,Freshman,26512,A-,3.667,1
33094,201210,Fall 2012,2012-2013,Sophomore,12143,A-,3.667,1
33094,201210,Fall 2012,2012-2013,Sophomore,12684,A-,3.667,1
33094,201220,Spring 2013,2012-2013,Sophomore,21644,A-,3.667,1
33094,201310,Fall 2013,2013-2014,Junior,11439,A-,3.667,1
33094,201310,Fall 2013,2013-2014,Junior,11900,A-,3.667,1
33094,201320,Spring 2014,2013-2014,Junior,21702,A-,3.667,1
33094,201320,Spring 2014,2013-2014,Junior,22558,A-,3.667,1
33094,201410,Fall 2014,2014-2015,Senior,11428,A-,3.667,1
33094,201410,Fall 2014,2014-2015,Senior,11885,A-,3.667,1
33094,201410,Fall 2014,2014-2015,Senior,12855,A-,3.667,1
33094,201110,Fall 2011,2011-2012,Freshman,101001001,AD,,0
33094,201110,Fall 2011,2011-2012,Freshman,101001002,AD,,0
33094,201110,Fall 2011,2011-2012,Freshman,101002003,AD,,0
33094,201110,Fall 2011,2011-2012,Freshman,101003004,AD,,0
33094,201110,Fall 2011,2011-2012,Freshman,101004005,AD,,0
33094,201110,Fall 2011,2011-2012,Freshman,101005006,AD,,0
33094,201110,Fall 2011,2011-2012,Freshman,101005007,AD,,0
33094,201120,Spring 2012,2011-2012,Freshman,101007009,AD,,0
33094,201120,Spring 2012,2011-2012,Freshman,22348,B,3.0,1
33094,201120,Spring 2012,2011-2012,Freshman,22654,B,3.0,1
33094,201320,Spring 2014,2013-2014,Junior,20849,B,3.0,1
33094,201420,Spring 2015,2014-2015,Senior,20224,B,3.0,1
33094,201210,Fall 2012,2012-2013,Sophomore,13092,B-,2.667,1
33094,201310,Fall 2013,2013-2014,Junior,11462,B-,2.667,1
33094,201110,Fall 2011,2011-2012,Freshman,10841,B+,3.333,1
33094,201110,Fall 2011,2011-2012,Freshman,11654,B+,3.333,1
33094,201110,Fall 2011,2011-2012,Freshman,13042,B+,3.333,1
33094,201110,Fall 2011,2011-2012,Freshman,15185,B+,3.333,1
33094,201210,Fall 2012,2012-2013,Sophomore,14713,B+,3.333,1
33094,201220,Spring 2013,2012-2013,Sophomore,21110,B+,3.333,1
33094,201220,Spring 2013,2012-2013,Sophomore,22951,B+,3.333,1
33094,201220,Spring 2013,2012-2013,Sophomore,25446,B+,3.333,1
33094,201310,Fall 2013,2013-2014,Junior,10963,B+,3.333,1
33094,201410,Fall 2014,2014-2015,Senior,15839,B+,3.333,1
33094,201420,Spring 2015,2014-2015,Senior,24428,B+,3.333,1
33094,201420,Spring 2015,2014-2015,Senior,25098,B+,3.333,1
33094,201210,Fall 2012,2012-2013,Sophomore,13091,C,2.0,1
33094,201110,Fall 2011,2011-2012,Freshman,13163,S,,0
33094,201120,Spring 2012,2011-2012,Freshman,24639,S,,0
33094,201210,Fall 2012,2012-2013,Sophomore,10513,S,,0
33094,201310,Fall 2013,2013-2014,Junior,11938,S,,0
33094,201410,Fall 2014,2014-2015,Senior,201001001,TR,,0
36006,201110,Fall 2011,2011-2012,Freshman,10710,A,4.0,1
36006,201110,Fall 2011,2011-2012,Freshman,10870,A,4.0,1
36006,201110,Fall 2011,2011-2012,Freshman,11999,A,4.0,1
36006,201110,Fall 2011,2011-2012,Freshman,14271,A,4.0,1
36006,201120,Spring 2012,2011-2012,Freshman,20273,A,4.0,1
36006,201120,Spring 2012,2011-2012,Freshman,21058,A,4.0,1
36006,201120,Spring 2012,2011-2012,Freshman,22195,A,4.0,1
36006,201120,Spring 2012,2011-2012,Freshman,22728,A,4.0,1
36006,201210,Fall 2012,2012-2013,Sophomore,10313,A,4.0,1
36006,201210,Fall 2012,2012-2013,Sophomore,10314,A,4.0,1
36006,201210,Fall 2012,2012-2013,Sophomore,10844,A,4.0,1
36006,201210,Fall 2012,2012-2013,Sophomore,11140,A,4.0,1
36006,201210,Fall 2012,2012-2013,Sophomore,15113,A,4.0,1
36006,201220,Spring 2013,2012-2013,Sophomore,20239,A,4.0,1
36006,201220,Spring 2013,2012-2013,Sophomore,21473,A,4.0,1
36006,201220,Spring 2013,2012-2013,Sophomore,29153,A,4.0,1
36006,201220,Spring 2013,2012-2013,Sophomore,29525,A,4.0,1
36006,201310,Fall 2013,2013-2014,Junior,11043,A,4.0,1
36006,201310,Fall 2013,2013-2014,Junior,11340,A,4.0,1
36006,201310,Fall 2013,2013-2014,Junior,12232,A,4.0,1
36006,201310,Fall 2013,2013-2014,Junior,18937,A,4.0,1
36006,201310,Fall 2013,2013-2014,Junior,19802,A,4.0,1
36006,201320,Spring 2014,2013-2014,Junior,20254,A,4.0,1
36006,201320,Spring 2014,2013-2014,Junior,20261,A,4.0,1
36006,201320,Spring 2014,2013-2014,Junior,23344,A,4.0,1
36006,201320,Spring 2014,2013-2014,Junior,24573,A,4.0,1
36006,201410,Fall 2014,2014-2015,Senior,11241,A,4.0,1
36006,201410,Fall 2014,2014-2015,Senior,13751,A,4.0,1
36006,201410,Fall 2014,2014-2015,Senior,14393,A,4.0,1
36006,201410,Fall 2014,2014-2015,Senior,14495,A,4.0,1
36006,201420,Spring 2015,2014-2015,Senior,21968,A,4.0,1
36006,201420,Spring 2015,2014-2015,Senior,23069,A,4.0,1
36006,201420,Spring 2015,2014-2015,Senior,25093,A,4.0,1
36006,201420,Spring 2015,2014-2015,Senior,26479,A,4.0,1
36006,201120,Spring 2012,2011-2012,Freshman,22926,A-,3.667,1
36006,201220,Spring 2013,2012-2013,Sophomore,29127,A-,3.667,1
36006,201110,Fall 2011,2011-2012,Freshman,101001001,AD,,0
36006,201110,Fall 2011,2011-2012,Freshman,101002002,AD,,0
36006,201110,Fall 2011,2011-2012,Freshman,101003003,AD,,0
36006,201110,Fall 2011,2011-2012,Freshman,101004004,AD,,0
36006,201110,Fall 2011,2011-2012,Freshman,13135,B+,3.333,1
36006,201110,Fall 2011,2011-2012,Freshman,13161,S,,0
36006,201120,Spring 2012,2011-2012,Freshman,24637,S,,0
36951,201110,Fall 2011,2011-2012,Freshman,10539,A,4.0,1
36951,201110,Fall 2011,2011-2012,Freshman,12441,A,4.0,1
36951,201110,Fall 2011,2011-2012,Freshman,14772,A,4.0,1
36951,201110,Fall 2011,2011-2012,Freshman,15154,A,4.0,1
36951,201110,Fall 2011,2011-2012,Freshman,15227,A,4.0,1
36951,201110,Fall 2011,2011-2012,Freshman,18953,A,4.0,1
36951,201120,Spring 2012,2011-2012,Freshman,22427,A,4.0,1
36951,201120,Spring 2012,2011-2012,Freshman,24077,A,4.0,1
36951,201120,Spring 2012,2011-2012,Freshman,28468,A,4.0,1
36951,201120,Spring 2012,2011-2012,Freshman,28704,A,4.0,1
36951,201120,Spring 2012,2011-2012,Freshman,29479,A,4.0,1
36951,201210,Fall 2012,2012-2013,Sophomore,11467,A,4.0,1
36951,201210,Fall 2012,2012-2013,Sophomore,12549,A,4.0,1
36951,201210,Fall 2012,2012-2013,Sophomore,13026,A,4.0,1
36951,201210,Fall 2012,2012-2013,Sophomore,14044,A,4.0,1
36951,201210,Fall 2012,2012-2013,Sophomore,19627,A,4.0,1
36951,201220,Spring 2013,2012-2013,Sophomore,21501,A,4.0,1
36951,201220,Spring 2013,2012-2013,Sophomore,25833,A,4.0,1
36951,201220,Spring 2013,2012-2013,Sophomore,29081,A,4.0,1
36951,201310,Fall 2013,2013-2014,Junior,11969,A,4.0,1
36951,201310,Fall 2013,2013-2014,Junior,14109,A,4.0,1
36951,201310,Fall 2013,2013-2014,Junior,14325,A,4.0,1
36951,201310,Fall 2013,2013-2014,Junior,16585,A,4.0,1
36951,201320,Spring 2014,2013-2014,Junior,23960,A,4.0,1
36951,201320,Spring 2014,2013-2014,Junior,23961,A,4.0,1
36951,201320,Spring 2014,2013-2014,Junior,27271,A,4.0,1
36951,201320,Spring 2014,2013-2014,Junior,28712,A,4.0,1
36951,201320,Spring 2014,2013-2014,Junior,29353,A,4.0,1
36951,201410,Fall 2014,2014-2015,Senior,11071,A,4.0,1
36951,201410,Fall 2014,2014-2015,Senior,15140,A,4.0,1
36951,201410,Fall 2014,2014-2015,Senior,16537,A,4.0,1
36951,201410,Fall 2014,2014-2015,Senior,19797,A,4.0,1
36951,201420,Spring 2015,2014-2015,Senior,22013,A,4.0,1
36951,201420,Spring 2015,2014-2015,Senior,22035,A,4.0,1
36951,201420,Spring 2015,2014-2015,Senior,22956,A,4.0,1
36951,201420,Spring 2015,2014-2015,Senior,29302,A,4.0,1
36951,201210,Fall 2012,2012-2013,Sophomore,11628,A-,3.667,1
36951,201220,Spring 2013,2012-2013,Sophomore,22578,A-,3.667,1
36951,201220,Spring 2013,2012-2013,Sophomore,28806,A-,3.667,1
36951,201310,Fall 2013,2013-2014,Junior,14646,A-,3.667,1
36951,201110,Fall 2011,2011-2012,Freshman,101001001,AD,,0
36951,201110,Fall 2011,2011-2012,Freshman,101002002,AD,,0
36951,201110,Fall 2011,2011-2012,Freshman,101003003,AD,,0
36951,201110,Fall 2011,2011-2012,Freshman,101004004,AD,,0
36951,201110,Fall 2011,2011-2012,Freshman,101005005,AD,,0
36951,201110,Fall 2011,2011-2012,Freshman,101006006,AD,,0
36951,201110,Fall 2011,2011-2012,Freshman,101006007,AD,,0
36951,201120,Spring 2012,2011-2012,Freshman,101008009,AD,,0
36951,201110,Fall 2011,2011-2012,Freshman,13157,S,,0
36951,201120,Spring 2012,2011-2012,Freshman,24637,S,,0
36951,201120,Spring 2012,2011-2012,Freshman,29690,S,,0
36951,201320,Spring 2014,2013-2014,Junior,27296,S,,0
37617,201110,Fall 2011,2011-2012,Freshman,11353,A,4.0,1
37617,201110,Fall 2011,2011-2012,Freshman,15691,A,4.0,1
37617,201120,Spring 2012,2011-2012,Freshman,22195,A,4.0,1
37617,201210,Fall 2012,2012-2013,Sophomore,12512,A,4.0,1
37617,201210,Fall 2012,2012-2013,Sophomore,12514,A,4.0,1
37617,201220,Spring 2013,2012-2013,Sophomore,20239,A,4.0,1
37617,201220,Spring 2013,2012-2013,Sophomore,24938,A,4.0,1
37617,201220,Spring 2013,2012-2013,Sophomore,29448,A,4.0,1
37617,201220,Spring 2013,2012-2013,Sophomore,29525,A,4.0,1
37617,201310,Fall 2013,2013-2014,Junior,21075,A,4.0,1
37617,201310,Fall 2013,2013-2014,Junior,21076,A,4.0,1
37617,201320,Spring 2014,2013-2014,Junior,20254,A,4.0,1
37617,201320,Spring 2014,2013-2014,Junior,23344,A,4.0,1
37617,201320,Spring 2014,2013-2014,Junior,24120,A,4.0,1
37617,201410,Fall 2014,2014-2015,Senior,11241,A,4.0,1
37617,201410,Fall 2014,2014-2015,Senior,15834,A,4.0,1
37617,201410,Fall 2014,2014-2015,Senior,15947,A,4.0,1
37617,201420,Spring 2015,2014-2015,Senior,20858,A,4.0,1
37617,201420,Spring 2015,2014-2015,Senior,21968,A,4.0,1
37617,201420,Spring 2015,2014-2015,Senior,24993,A,4.0,1
37617,201420,Spring 2015,2014-2015,Senior,29196,A,4.0,1
37617,201110,Fall 2011,2011-2012,Freshman,10709,A-,3.667,1
37617,201120,Spring 2012,2011-2012,Freshman,21361,A-,3.667,1
37617,201120,Spring 2012,2011-2012,Freshman,24780,A-,3.667,1
37617,201210,Fall 2012,2012-2013,Sophomore,10313,A-,3.667,1
37617,201210,Fall 2012,2012-2013,Sophomore,10314,A-,3.667,1
37617,201310,Fall 2013,2013-2014,Junior,21077,A-,3.667,1
37617,201310,Fall 2013,2013-2014,Junior,21078,A-,3.667,1
37617,201310,Fall 2013,2013-2014,Junior,21079,A-,3.667,1
37617,201320,Spring 2014,2013-2014,Junior,20261,A-,3.667,1
37617,201320,Spring 2014,2013-2014,Junior,20404,A-,3.667,1
37617,201410,Fall 2014,2014-2015,Senior,10994,A-,3.667,1
37617,201110,Fall 2011,2011-2012,Freshman,101001001,AD,,0
37617,201110,Fall 2011,2011-2012,Freshman,101002002,AD,,0
37617,201120,Spring 2012,2011-2012,Freshman,21311,B,3.0,1
37617,201210,Fall 2012,2012-2013,Sophomore,10637,B,3.0,1
37617,201110,Fall 2011,2011-2012,Freshman,14269,B+,3.333,1
37617,201120,Spring 2012,2011-2012,Freshman,25067,B+,3.333,1
37617,201210,Fall 2012,2012-2013,Sophomore,10844,B+,3.333,1
37617,201220,Spring 2013,2012-2013,Sophomore,21473,B+,3.333,1
37617,201410,Fall 2014,2014-2015,Senior,20588,B+,3.333,1
37617,201110,Fall 2011,2011-2012,Freshman,12852,C+,2.333,1
37617,201110,Fall 2011,2011-2012,Freshman,13154,S,,0
37617,201120,Spring 2012,2011-2012,Freshman,24633,S,,0
37617,201320,Spring 2014,2013-2014,Junior,29411,S,,0
38927,201110,Fall 2011,2011-2012,Freshman,11801,A,4.0,1
38927,201210,Fall 2012,2012-2013,Sophomore,11342,A,4.0,1
38927,201210,Fall 2012,2012-2013,Sophomore,11481,A,4.0,1
38927,201210,Fall 2012,2012-2013,Sophomore,18764,A,4.0,1
38927,201220,Spring 2013,2012-2013,Sophomore,24094,A,4.0,1
38927,201220,Spring 2013,2012-2013,Sophomore,24934,A,4.0,1
38927,201220,Spring 2013,2012-2013,Sophomore,29377,A,4.0,1
38927,201310,Fall 2013,2013-2014,Junior,16851,A,4.0,1
38927,201320,Spring 2014,2013-2014,Junior,23515,A,4.0,1
38927,201410,Fall 2014,2014-2015,Senior,15959,A,4.0,1
38927,201420,Spring 2015,2014-2015,Senior,25248,A,4.0,1
38927,201110,Fall 2011,2011-2012,Freshman,10912,A-,3.667,1
38927,201110,Fall 2011,2011-2012,Freshman,11654,A-,3.667,1
38927,201120,Spring 2012,2011-2012,Freshman,21304,A-,3.667,1
38927,201120,Spring 2012,2011-2012,Freshman,21846,A-,3.667,1
38927,201120,Spring 2012,2011-2012,Freshman,23707,A-,3.667,1
38927,201120,Spring 2012,2011-2012,Freshman,25615,A-,3.667,1
38927,201220,Spring 2013,2012-2013,Sophomore,23057,A-,3.667,1
38927,201220,Spring 2013,2012-2013,Sophomore,24433,A-,3.667,1
38927,201310,Fall 2013,2013-2014,Junior,10643,A-,3.667,1
38927,201320,Spring 2014,2013-2014,Junior,24723,A-,3.667,1
38927,201410,Fall 2014,2014-2015,Senior,19674,A-,3.667,1
38927,201110,Fall 2011,2011-2012,Freshman,101001001,AD,,0
38927,201110,Fall 2011,2011-2012,Freshman,101002002,AD,,0
38927,201110,Fall 2011,2011-2012,Freshman,101003003,AD,,0
38927,201110,Fall 2011,2011-2012,Freshman,101004004,AD,,0
38927,201110,Fall 2011,2011-2012,Freshman,101005005,AD,,0
38927,201220,Spring 2013,2012-2013,Sophomore,24392,B,3.0,1
38927,201310,Fall 2013,2013-2014,Junior,10963,B,3.0,1
38927,201320,Spring 2014,2013-2014,Junior,20052,B,3.0,1
38927,201320,Spring 2014,2013-2014,Junior,21115,B,3.0,1
38927,201410,Fall 2014,2014-2015,Senior,15839,B,3.0,1
38927,201410,Fall 2014,2014-2015,Senior,16685,B,3.0,1
38927,201120,Spring 2012,2011-2012,Freshman,24771,B-,2.667,1
38927,201220,Spring 2013,2012-2013,Sophomore,20700,B-,2.667,1
38927,201310,Fall 2013,2013-2014,Junior,11335,B-,2.667,1
38927,201420,Spring 2015,2014-2015,Senior,23768,B-,2.667,1
38927,201110,Fall 2011,2011-2012,Freshman,12438,B+,3.333,1
38927,201110,Fall 2011,2011-2012,Freshman,14271,B+,3.333,1
38927,201210,Fall 2012,2012-2013,Sophomore,10113,B+,3.333,1
38927,201210,Fall 2012,2012-2013,Sophomore,14307,B+,3.333,1
38927,201210,Fall 2012,2012-2013,Sophomore,18738,B+,3.333,1
38927,201310,Fall 2013,2013-2014,Junior,12509,C,2.0,1
38927,201210,Fall 2012,2012-2013,Sophomore,14301,C+,2.333,1
38927,201110,Fall 2011,2011-2012,Freshman,13158,S,,0
38927,201120,Spring 2012,2011-2012,Freshman,24632,S,,0
38927,201320,Spring 2014,2013-2014,Junior,23302,S,,0
38927,201320,Spring 2014,2013-2014,Junior,24347,S,,0
38927,201410,Fall 2014,2014-2015,Senior,11961,S,,0
38927,201420,Spring 2015,2014-2015,Senior,21953,S,,0
39783,201110,Fall 2011,2011-2012,Freshman,16063,A,4.0,1
39783,201120,Spring 2012,2011-2012,Freshman,24643,A,4.0,1
39783,201210,Fall 2012,2012-2013,Sophomore,14283,A,4.0,1
39783,201220,Spring 2013,2012-2013,Sophomore,22061,A,4.0,1
39783,201220,Spring 2013,2012-2013,Sophomore,29394,A,4.0,1
39783,201310,Fall 2013,2013-2014,Junior,19093,A,4.0,1
39783,201310,Fall 2013,2013-2014,Junior,19409,A,4.0,1
39783,201310,Fall 2013,2013-2014,Junior,19412,A,4.0,1
39783,201320,Spring 2014,2013-2014,Junior,29373,A,4.0,1
39783,201410,Fall 2014,2014-2015,Senior,13772,A,4.0,1
39783,201410,Fall 2014,2014-2015,Senior,14778,A,4.0,1
39783,201410,Fall 2014,2014-2015,Senior,20621,A,4.0,1
39783,201420,Spring 2015,2014-2015,Senior,20722,A,4.0,1
39783,201420,Spring 2015,2014-2015,Senior,22309,A,4.0,1
39783,201420,Spring 2015,2014-2015,Senior,23180,A,4.0,1
39783,201110,Fall 2011,2011-2012,Freshman,11796,A-,3.667,1
39783,201110,Fall 2011,2011-2012,Freshman,18965,A-,3.667,1
39783,201120,Spring 2012,2011-2012,Freshman,20173,A-,3.667,1
39783,201120,Spring 2012,2011-2012,Freshman,20231,A-,3.667,1
39783,201120,Spring 2012,2011-2012,Freshman,28510,A-,3.667,1
39783,201210,Fall 2012,2012-2013,Sophomore,10477,A-,3.667,1
39783,201210,Fall 2012,2012-2013,Sophomore,18775,A-,3.667,1
39783,201210,Fall 2012,2012-2013,Sophomore,19036,A-,3.667,1
39783,201220,Spring 2013,2012-2013,Sophomore,20443,A-,3.667,1
39783,201300,Summer 2013,2013-2014,Junior,2825,A-,3.667,1
39783,201310,Fall 2013,2013-2014,Junior,19096,A-,3.667,1
39783,201310,Fall 2013,2013-2014,Junior,19507,A-,3.667,1
39783,201320,Spring 2014,2013-2014,Junior,24973,A-,3.667,1
39783,201320,Spring 2014,2013-2014,Junior,28829,A-,3.667,1
39783,201320,Spring 2014,2013-2014,Junior,29362,A-,3.667,1
39783,201410,Fall 2014,2014-2015,Senior,19931,A-,3.667,1
39783,201420,Spring 2015,2014-2015,Senior,27445,A-,3.667,1
39783,201420,Spring 2015,2014-2015,Senior,29576,A-,3.667,1
39783,201110,Fall 2011,2011-2012,Freshman,15526,B,3.0,1
39783,201100,Summer 2011 / AP,2011-2012,Pre-College,3243,B+,3.333,1
39783,201110,Fall 2011,2011-2012,Freshman,13061,B+,3.333,1
39783,201120,Spring 2012,2011-2012,Freshman,20202,B+,3.333,1
39783,201210,Fall 2012,2012-2013,Sophomore,12253,B+,3.333,1
39783,201220,Spring 2013,2012-2013,Sophomore,20001,B+,3.333,1
39783,201220,Spring 2013,2012-2013,Sophomore,29396,B+,3.333,1
39783,201320,Spring 2014,2013-2014,Junior,25509,B+,3.333,1
39783,201110,Fall 2011,2011-2012,Freshman,13154,S,,0
39783,201110,Fall 2011,2011-2012,Freshman,15002,S,,0
39783,201120,Spring 2012,2011-2012,Freshman,24639,S,,0
39783,201220,Spring 2013,2012-2013,Sophomore,22557,S,,0
40629,201110,Fall 2011,2011-2012,Freshman,15156,A,4.0,1
40629,201210,Fall 2012,2012-2013,Sophomore,15442,A,4.0,1
40629,201220,Spring 2013,2012-2013,Sophomore,22257,A,4.0,1
40629,201220,Spring 2013,2012-2013,Sophomore,25832,A,4.0,1
40629,201310,Fall 2013,2013-2014,Junior,12399,A,4.0,1
40629,201310,Fall 2013,2013-2014,Junior,12480,A,4.0,1
40629,201310,Fall 2013,2013-2014,Junior,12490,A,4.0,1
40629,201320,Spring 2014,2013-2014,Junior,23648,A,4.0,1
40629,201320,Spring 2014,2013-2014,Junior,23960,A,4.0,1
40629,201320,Spring 2014,2013-2014,Junior,24778,A,4.0,1
40629,201320,Spring 2014,2013-2014,Junior,28717,A,4.0,1
40629,201410,Fall 2014,2014-2015,Senior,10923,A,4.0,1
40629,201410,Fall 2014,2014-2015,Senior,20304,A,4.0,1
40629,201420,Spring 2015,2014-2015,Senior,24714,A,4.0,1
40629,201110,Fall 2011,2011-2012,Freshman,12317,A-,3.667,1
40629,201110,Fall 2011,2011-2012,Freshman,15164,A-,3.667,1
40629,201120,Spring 2012,2011-2012,Freshman,22750,A-,3.667,1
40629,201210,Fall 2012,2012-2013,Sophomore,11055,A-,3.667,1
40629,201210,Fall 2012,2012-2013,Sophomore,18982,A-,3.667,1
40629,201210,Fall 2012,2012-2013,Sophomore,19015,A-,3.667,1
40629,201220,Spring 2013,2012-2013,Sophomore,23128,A-,3.667,1
40629,201220,Spring 2013,2012-2013,Sophomore,24661,A-,3.667,1
40629,201310,Fall 2013,2013-2014,Junior,11795,A-,3.667,1
40629,201310,Fall 2013,2013-2014,Junior,19501,A-,3.667,1
40629,201410,Fall 2014,2014-2015,Senior,11401,A-,3.667,1
40629,201410,Fall 2014,2014-2015,Senior,13352,A-,3.667,1
40629,201410,Fall 2014,2014-2015,Senior,19748,A-,3.667,1
40629,201420,Spring 2015,2014-2015,Senior,24364,A-,3.667,1
40629,201420,Spring 2015,2014-2015,Senior,30323,A-,3.667,1
40629,201110,Fall 2011,2011-2012,Freshman,101001004,AD,,0
40629,201110,Fall 2011,2011-2012,Freshman,101002002,AD,,0
40629,201110,Fall 2011,2011-2012,Freshman,101002003,AD,,0
40629,201110,Fall 2011,2011-2012,Freshman,101003005,AD,,0
40629,201110,Fall 2011,2011-2012,Freshman,101004006,AD,,0
40629,201110,Fall 2011,2011-2012,Freshman,12149,B,3.0,1
40629,201210,Fall 2012,2012-2013,Sophomore,18665,B,3.0,1
40629,201220,Spring 2013,2012-2013,Sophomore,28689,B,3.0,1
40629,201410,Fall 2014,2014-2015,Senior,12659,B,3.0,1
40629,201410,Fall 2014,2014-2015,Senior,20318,B,3.0,1
40629,201110,Fall 2011,2011-2012,Freshman,15227,B+,3.333,1
40629,201120,Spring 2012,2011-2012,Freshman,21131,B+,3.333,1
40629,201120,Spring 2012,2011-2012,Freshman,22049,B+,3.333,1
40629,201120,Spring 2012,2011-2012,Freshman,28281,B+,3.333,1
40629,201120,Spring 2012,2011-2012,Freshman,29457,B+,3.333,1
40629,201310,Fall 2013,2013-2014,Junior,14641,B+,3.333,1
40629,201310,Fall 2013,2013-2014,Junior,15353,B+,3.333,1
40629,201420,Spring 2015,2014-2015,Senior,23682,B+,3.333,1
40629,201420,Spring 2015,2014-2015,Senior,30106,B+,3.333,1
40629,201110,Fall 2011,2011-2012,Freshman,12181,S,,0
40629,201110,Fall 2011,2011-2012,Freshman,13157,S,,0
40629,201120,Spring 2012,2011-2012,Freshman,21647,S,,0
40629,201120,Spring 2012,2011-2012,Freshman,24633,S,,0
40629,201220,Spring 2013,2012-2013,Sophomore,24172,S,,0
40629,201310,Fall 2013,2013-2014,Junior,11873,S,,0
40629,201320,Spring 2014,2013-2014,Junior,22578,S,,0
40629,201320,Spring 2014,2013-2014,Junior,27296,S,,0
40997,201110,Fall 2011,2011-2012,Freshman,19271,A,4.0,1
40997,201220,Spring 2013,2012-2013,Sophomore,20022,A,4.0,1
40997,201220,Spring 2013,2012-2013,Sophomore,21473,A,4.0,1
40997,201220,Spring 2013,2012-2013,Sophomore,21611,A,4.0,1
40997,201310,Fall 2013,2013-2014,Junior,16396,A,4.0,1
40997,201320,Spring 2014,2013-2014,Junior,30527,A,4.0,1
40997,201320,Spring 2014,2013-2014,Junior,30534,A,4.0,1
40997,201320,Spring 2014,2013-2014,Junior,30536,A,4.0,1
40997,201320,Spring 2014,2013-2014,Junior,30541,A,4.0,1
40997,201410,Fall 2014,2014-2015,Senior,11930,A,4.0,1
40997,201100,Summer 2011 / AP,2011-2012,Pre-College,3243,A-,3.667,1
40997,201110,Fall 2011,2011-2012,Freshman,13066,A-,3.667,1
40997,201120,Spring 2012,2011-2012,Freshman,20273,A-,3.667,1
40997,201120,Spring 2012,2011-2012,Freshman,20704,A-,3.667,1
40997,201200,Summer 2012,2012-2013,Sophomore,3146,A-,3.667,1
40997,201200,Summer 2012,2012-2013,Sophomore,4196,A-,3.667,1
40997,201210,Fall 2012,2012-2013,Sophomore,12627,A-,3.667,1
40997,201210,Fall 2012,2012-2013,Sophomore,15031,A-,3.667,1
40997,201220,Spring 2013,2012-2013,Sophomore,20436,A-,3.667,1
40997,201310,Fall 2013,2013-2014,Junior,11457,A-,3.667,1
40997,201310,Fall 2013,2013-2014,Junior,11521,A-,3.667,1
40997,201310,Fall 2013,2013-2014,Junior,11700,A-,3.667,1
40997,201310,Fall 2013,2013-2014,Junior,18487,A-,3.667,1
40997,201320,Spring 2014,2013-2014,Junior,30533,A-,3.667,1
40997,201410,Fall 2014,2014-2015,Senior,11070,A-,3.667,1
40997,201410,Fall 2014,2014-2015,Senior,11895,A-,3.667,1
40997,201410,Fall 2014,2014-2015,Senior,20125,A-,3.667,1
40997,201410,Fall 2014,2014-2015,Senior,20738,A-,3.667,1
40997,201420,Spring 2015,2014-2015,Senior,27373,A-,3.667,1
40997,201110,Fall 2011,2011-2012,Freshman,101001001,AD,,0
40997,201110,Fall 2011,2011-2012,Freshman,101002002,AD,,0
40997,201110,Fall 2011,2011-2012,Freshman,101002003,AD,,0
40997,201220,Spring 2013,2012-2013,Sophomore,23570,B,3.0,1
40997,201420,Spring 2015,2014-2015,Senior,20384,B,3.0,1
40997,201420,Spring 2015,2014-2015,Senior,20728,B,3.0,1
40997,201210,Fall 2012,2012-2013,Sophomore,11412,B-,2.667,1
40997,201110,Fall 2011,2011-2012,Freshman,10710,B+,3.333,1
40997,201110,Fall 2011,2011-2012,Freshman,10870,B+,3.333,1
40997,201110,Fall 2011,2011-2012,Freshman,14271,B+,3.333,1
40997,201120,Spring 2012,2011-2012,Freshman,21659,B+,3.333,1
40997,201120,Spring 2012,2011-2012,Freshman,28518,B+,3.333,1
40997,201210,Fall 2012,2012-2013,Sophomore,10635,B+,3.333,1
40997,201210,Fall 2012,2012-2013,Sophomore,11548,B+,3.333,1
40997,201310,Fall 2013,2013-2014,Junior,11456,B+,3.333,1
40997,201120,Spring 2012,2011-2012,Freshman,22728,C+,2.333,1
40997,201420,Spring 2015,2014-2015,Senior,27316,C+,2.333,1
40997,201420,Spring 2015,2014-2015,Senior,25645,P,,0
40997,201110,Fall 2011,2011-2012,Freshman,13156,S,,0
40997,201110,Fall 2011,2011-2012,Freshman,15002,S,,0
40997,201120,Spring 2012,2011-2012,Freshman,24634,S,,0
40997,201120,Spring 2012,2011-2012,Freshman,28835,S,,0
40997,201210,Fall 2012,2012-2013,Sophomore,10701,S,,0
40997,201220,Spring 2013,2012-2013,Sophomore,30075,S,,0
40997,201320,Spring 2014,2013-2014,Junior,30535,S,,0
44167,201110,Fall 2011,2011-2012,Freshman,12479,A,4.0,1
44167,201300,Summer 2013,2013-2014,Junior,2903,A,4.0,1
44167,201400,Summer 2014,2014-2015,Senior,3457,A,4.0,1
44167,201420,Spring 2015,2014-2015,Senior,24487,A,4.0,1
44167,201420,Spring 2015,2014-2015,Senior,25135,A,4.0,1
44167,201420,Spring 2015,2014-2015,Senior,29118,A,4.0,1
44167,201110,Fall 2011,2011-2012,Freshman,10694,A-,3.667,1
44167,201110,Fall 2011,2011-2012,Freshman,14852,A-,3.667,1
44167,201120,Spring 2012,2011-2012,Freshman,23975,A-,3.667,1
44167,201120,Spring 2012,2011-2012,Freshman,28984,A-,3.667,1
44167,201300,Summer 2013,2013-2014,Junior,2440,A-,3.667,1
44167,201300,Summer 2013,2013-2014,Junior,3699,A-,3.667,1
44167,201310,Fall 2013,2013-2014,Junior,11177,A-,3.667,1
44167,201320,Spring 2014,2013-2014,Junior,25655,A-,3.667,1
44167,201400,Summer 2014,2014-2015,Senior,3941,A-,3.667,1
44167,201410,Fall 2014,2014-2015,Senior,20372,A-,3.667,1
44167,201110,Fall 2011,2011-2012,Freshman,101001001,AD,,0
44167,201110,Fall 2011,2011-2012,Freshman,101002002,AD,,0
44167,201120,Spring 2012,2011-2012,Freshman,23359,B,3.0,1
44167,201120,Spring 2012,2011-2012,Freshman,24643,B,3.0,1
44167,201200,Summer 2012,2012-2013,Sophomore,4255,B,3.0,1
44167,201310,Fall 2013,2013-2014,Junior,16238,B,3.0,1
44167,201110,Fall 2011,2011-2012,Freshman,12124,B-,2.667,1
44167,201210,Fall 2012,2012-2013,Sophomore,13826,B-,2.667,1
44167,201210,Fall 2012,2012-2013,Sophomore,18580,B-,2.667,1
44167,201420,Spring 2015,2014-2015,Senior,26437,B-,2.667,1
44167,201120,Spring 2012,2011-2012,Freshman,20210,B+,3.333,1
44167,201200,Summer 2012,2012-2013,Sophomore,4079,B+,3.333,1
44167,201210,Fall 2012,2012-2013,Sophomore,13035,B+,3.333,1
44167,201210,Fall 2012,2012-2013,Sophomore,14704,B+,3.333,1
44167,201220,Spring 2013,2012-2013,Sophomore,21334,B+,3.333,1
44167,201220,Spring 2013,2012-2013,Sophomore,21478,B+,3.333,1
44167,201220,Spring 2013,2012-2013,Sophomore,24611,B+,3.333,1
44167,201220,Spring 2013,2012-2013,Sophomore,29309,B+,3.333,1
44167,201310,Fall 2013,2013-2014,Junior,16241,B+,3.333,1
44167,201320,Spring 2014,2013-2014,Junior,29292,B+,3.333,1
44167,201410,Fall 2014,2014-2015,Senior,15623,B+,3.333,1
44167,201110,Fall 2011,2011-2012,Freshman,15526,C,2.0,1
44167,201220,Spring 2013,2012-2013,Sophomore,25165,C,2.0,1
44167,201410,Fall 2014,2014-2015,Senior,19525,C,2.0,1
44167,201210,Fall 2012,2012-2013,Sophomore,18448,C+,2.333,1
44167,201320,Spring 2014,2013-2014,Junior,29290,C+,2.333,1
44167,201310,Fall 2013,2013-2014,Junior,18470,P,,0
44167,201320,Spring 2014,2013-2014,Junior,26210,P,,0
44167,201410,Fall 2014,2014-2015,Senior,20143,P,,0
44167,201110,Fall 2011,2011-2012,Freshman,13157,S,,0
44167,201120,Spring 2012,2011-2012,Freshman,24633,S,,0
44167,201210,Fall 2012,2012-2013,Sophomore,18577,S,,0
44520,201110,Fall 2011,2011-2012,Freshman,10805,A,4.0,1
44520,201110,Fall 2011,2011-2012,Freshman,12400,A,4.0,1
44520,201110,Fall 2011,2011-2012,Freshman,13164,A,4.0,1
44520,201110,Fall 2011,2011-2012,Freshman,14875,A,4.0,1
44520,201120,Spring 2012,2011-2012,Freshman,20915,A,4.0,1
44520,201200,Summer 2012,2012-2013,Sophomore,4225,A,4.0,1
44520,201210,Fall 2012,2012-2013,Sophomore,12577,A,4.0,1
44520,201210,Fall 2012,2012-2013,Sophomore,18628,A,4.0,1
44520,201210,Fall 2012,2012-2013,Sophomore,19001,A,4.0,1
44520,201220,Spring 2013,2012-2013,Sophomore,22296,A,4.0,1
44520,201220,Spring 2013,2012-2013,Sophomore,28582,A,4.0,1
44520,201310,Fall 2013,2013-2014,Junior,20302,A,4.0,1
44520,201320,Spring 2014,2013-2014,Junior,30460,A,4.0,1
44520,201320,Spring 2014,2013-2014,Junior,30481,A,4.0,1
44520,201410,Fall 2014,2014-2015,Senior,11404,A,4.0,1
44520,201420,Spring 2015,2014-2015,Senior,29166,A,4.0,1
44520,201120,Spring 2012,2011-2012,Freshman,22479,A-,3.667,1
44520,201200,Summer 2012,2012-2013,Sophomore,3025,A-,3.667,1
44520,201210,Fall 2012,2012-2013,Sophomore,18980,A-,3.667,1
44520,201220,Spring 2013,2012-2013,Sophomore,20333,A-,3.667,1
44520,201220,Spring 2013,2012-2013,Sophomore,28584,A-,3.667,1
44520,201410,Fall 2014,2014-2015,Senior,19910,A-,3.667,1
44520,201110,Fall 2011,2011-2012,Freshman,101001001,AD,,0
44520,201110,Fall 2011,2011-2012,Freshman,101001002,AD,,0
44520,201110,Fall 2011,2011-2012,Freshman,201001001,AD,,0
44520,201110,Fall 2011,2011-2012,Freshman,201001002,AD,,0
44520,201110,Fall 2011,2011-2012,Freshman,201002009,AD,,0
44520,201110,Fall 2011,2011-2012,Freshman,201003004,AD,,0
44520,201110,Fall 2011,2011-2012,Freshman,201004005,AD,,0
44520,201110,Fall 2011,2011-2012,Freshman,201004006,AD,,0
44520,201110,Fall 2011,2011-2012,Freshman,201005007,AD,,0
44520,201110,Fall 2011,2011-2012,Freshman,201006008,AD,,0
44520,201110,Fall 2011,2011-2012,Freshman,201007010,AD,,0
44520,201120,Spring 2012,2011-2012,Freshman,201009012,AD,,0
44520,201120,Spring 2012,2011-2012,Freshman,22543,B,3.0,1
44520,201210,Fall 2012,2012-2013,Sophomore,10634,B,3.0,1
44520,201210,Fall 2012,2012-2013,Sophomore,19015,B,3.0,1
44520,201220,Spring 2013,2012-2013,Sophomore,24661,B,3.0,1
44520,201310,Fall 2013,2013-2014,Junior,11490,B,3.0,1
44520,201310,Fall 2013,2013-2014,Junior,14678,B,3.0,1
44520,201320,Spring 2014,2013-2014,Junior,30461,B,3.0,1
44520,201410,Fall 2014,2014-2015,Senior,14321,B,3.0,1
44520,201410,Fall 2014,2014-2015,Senior,14924,B,3.0,1
44520,201420,Spring 2015,2014-2015,Senior,25830,B,3.0,1
44520,201420,Spring 2015,2014-2015,Senior,29027,B,3.0,1
44520,201120,Spring 2012,2011-2012,Freshman,22167,B-,2.667,1
44520,201310,Fall 2013,2013-2014,Junior,11795,B-,2.667,1
44520,201320,Spring 2014,2013-2014,Junior,30462,B-,2.667,1
44520,201310,Fall 2013,2013-2014,Junior,11028,B+,3.333,1
44520,201310,Fall 2013,2013-2014,Junior,16582,B+,3.333,1
44520,201320,Spring 2014,2013-2014,Junior,30463,B+,3.333,1
44520,201410,Fall 2014,2014-2015,Senior,12259,B+,3.333,1
44520,201410,Fall 2014,2014-2015,Senior,12341,B+,3.333,1
44520,201420,Spring 2015,2014-2015,Senior,29030,B+,3.333,1
44520,201110,Fall 2011,2011-2012,Freshman,13160,S,,0
44520,201120,Spring 2012,2011-2012,Freshman,24637,S,,0
44956,201110,Fall 2011,2011-2012,Freshman,11353,A,4.0,1
44956,201120,Spring 2012,2011-2012,Freshman,21182,A,4.0,1
44956,201120,Spring 2012,2011-2012,Freshman,21188,A,4.0,1
44956,201120,Spring 2012,2011-2012,Freshman,22390,A,4.0,1
44956,201120,Spring 2012,2011-2012,Freshman,23894,A,4.0,1
44956,201120,Spring 2012,2011-2012,Freshman,28942,A,4.0,1
44956,201210,Fall 2012,2012-2013,Sophomore,11342,A,4.0,1
44956,201210,Fall 2012,2012-2013,Sophomore,11481,A,4.0,1
44956,201210,Fall 2012,2012-2013,Sophomore,13828,A,4.0,1
44956,201210,Fall 2012,2012-2013,Sophomore,14300,A,4.0,1
44956,201210,Fall 2012,2012-2013,Sophomore,14307,A,4.0,1
44956,201210,Fall 2012,2012-2013,Sophomore,19348,A,4.0,1
44956,201220,Spring 2013,2012-2013,Sophomore,20700,A,4.0,1
44956,201220,Spring 2013,2012-2013,Sophomore,23056,A,4.0,1
44956,201220,Spring 2013,2012-2013,Sophomore,24094,A,4.0,1
44956,201220,Spring 2013,2012-2013,Sophomore,24392,A,4.0,1
44956,201220,Spring 2013,2012-2013,Sophomore,28992,A,4.0,1
44956,201220,Spring 2013,2012-2013,Sophomore,29203,A,4.0,1
44956,201310,Fall 2013,2013-2014,Junior,10963,A,4.0,1
44956,201310,Fall 2013,2013-2014,Junior,11038,A,4.0,1
44956,201310,Fall 2013,2013-2014,Junior,11335,A,4.0,1
44956,201310,Fall 2013,2013-2014,Junior,15447,A,4.0,1
44956,201310,Fall 2013,2013-2014,Junior,16040,A,4.0,1
44956,201310,Fall 2013,2013-2014,Junior,16882,A,4.0,1
44956,201320,Spring 2014,2013-2014,Junior,20849,A,4.0,1
44956,201320,Spring 2014,2013-2014,Junior,24569,A,4.0,1
44956,201320,Spring 2014,2013-2014,Junior,26632,A,4.0,1
44956,201320,Spring 2014,2013-2014,Junior,26787,A,4.0,1
44956,201410,Fall 2014,2014-2015,Senior,15034,A,4.0,1
44956,201410,Fall 2014,2014-2015,Senior,15852,A,4.0,1
44956,201410,Fall 2014,2014-2015,Senior,16685,A,4.0,1
44956,201420,Spring 2015,2014-2015,Senior,24676,A,4.0,1
44956,201420,Spring 2015,2014-2015,Senior,25079,A,4.0,1
44956,201420,Spring 2015,2014-2015,Senior,25792,A,4.0,1
44956,201110,Fall 2011,2011-2012,Freshman,10709,A-,3.667,1
44956,201110,Fall 2011,2011-2012,Freshman,18570,A-,3.667,1
44956,201210,Fall 2012,2012-2013,Sophomore,12147,A-,3.667,1
44956,201220,Spring 2013,2012-2013,Sophomore,28867,A-,3.667,1
44956,201410,Fall 2014,2014-2015,Senior,13399,A-,3.667,1
44956,201410,Fall 2014,2014-2015,Senior,15665,A-,3.667,1
44956,201110,Fall 2011,2011-2012,Freshman,101001001,AD,,0
44956,201110,Fall 2011,2011-2012,Freshman,101002002,AD,,0
44956,201110,Fall 2011,2011-2012,Freshman,101003003,AD,,0
44956,201110,Fall 2011,2011-2012,Freshman,101004004,AD,,0
44956,201110,Fall 2011,2011-2012,Freshman,101004005,AD,,0
44956,201110,Fall 2011,2011-2012,Freshman,101005006,AD,,0
44956,201110,Fall 2011,2011-2012,Freshman,101006007,AD,,0
44956,201110,Fall 2011,2011-2012,Freshman,101006008,AD,,0
44956,201110,Fall 2011,2011-2012,Freshman,101007009,AD,,0
44956,201110,Fall 2011,2011-2012,Freshman,101007010,AD,,0
44956,201110,Fall 2011,2011-2012,Freshman,101008011,AD,,0
44956,201110,Fall 2011,2011-2012,Freshman,12881,B,3.0,1
44956,201110,Fall 2011,2011-2012,Freshman,16132,B+,3.333,1
44956,201420,Spring 2015,2014-2015,Senior,23768,P,,0
44956,201110,Fall 2011,2011-2012,Freshman,13155,S,,0
44956,201120,Spring 2012,2011-2012,Freshman,24636,S,,0
44956,201220,Spring 2013,2012-2013,Sophomore,21670,S,,0
44956,201220,Spring 2013,2012-2013,Sophomore,23525,S,,0
44956,201310,Fall 2013,2013-2014,Junior,11938,S,,0
44956,201320,Spring 2014,2013-2014,Junior,24347,S,,0
45000,201210,Fall 2012,2012-2013,Sophomore,11628,A,4.0,1
45000,201210,Fall 2012,2012-2013,Sophomore,12580,A,4.0,1
45000,201220,Spring 2013,2012-2013,Sophomore,23123,A,4.0,1
45000,201220,Spring 2013,2012-2013,Sophomore,24557,A,4.0,1
45000,201320,Spring 2014,2013-2014,Junior,20737,A,4.0,1
45000,201410,Fall 2014,2014-2015,Senior,16976,A,4.0,1
45000,201110,Fall 2011,2011-2012,Freshman,11221,A-,3.667,1
45000,201120,Spring 2012,2011-2012,Freshman,20202,A-,3.667,1
45000,201120,Spring 2012,2011-2012,Freshman,25822,A-,3.667,1
45000,201120,Spring 2012,2011-2012,Freshman,28752,A-,3.667,1
45000,201210,Fall 2012,2012-2013,Sophomore,12629,A-,3.667,1
45000,201210,Fall 2012,2012-2013,Sophomore,18982,A-,3.667,1
45000,201220,Spring 2013,2012-2013,Sophomore,22305,A-,3.667,1
45000,201310,Fall 2013,2013-2014,Junior,16581,A-,3.667,1
45000,201320,Spring 2014,2013-2014,Junior,27106,A-,3.667,1
45000,201420,Spring 2015,2014-2015,Senior,24714,A-,3.667,1
45000,201420,Spring 2015,2014-2015,Senior,25832,A-,3.667,1
45000,201420,Spring 2015,2014-2015,Senior,27065,A-,3.667,1
45000,201110,Fall 2011,2011-2012,Freshman,101001001,AD,,0
45000,201110,Fall 2011,2011-2012,Freshman,101002002,AD,,0
45000,201210,Fall 2012,2012-2013,Sophomore,15442,B,3.0,1
45000,201220,Spring 2013,2012-2013,Sophomore,21188,B,3.0,1
45000,201220,Spring 2013,2012-2013,Sophomore,22264,B,3.0,1
45000,201310,Fall 2013,2013-2014,Junior,16405,B,3.0,1
45000,201410,Fall 2014,2014-2015,Senior,11860,B,3.0,1
45000,201410,Fall 2014,2014-2015,Senior,13353,B,3.0,1
45000,201410,Fall 2014,2014-2015,Senior,19748,B,3.0,1
45000,201210,Fall 2012,2012-2013,Sophomore,19015,B-,2.667,1
45000,201320,Spring 2014,2013-2014,Junior,22926,B-,2.667,1
45000,201120,Spring 2012,2011-2012,Freshman,20604,B+,3.333,1
45000,201120,Spring 2012,2011-2012,Freshman,23348,B+,3.333,1
45000,201220,Spring 2013,2012-2013,Sophomore,20911,B+,3.333,1
45000,201310,Fall 2013,2013-2014,Junior,11794,B+,3.333,1
45000,201310,Fall 2013,2013-2014,Junior,12399,B+,3.333,1
45000,201310,Fall 2013,2013-2014,Junior,14328,B+,3.333,1
45000,201310,Fall 2013,2013-2014,Junior,14641,B+,3.333,1
45000,201320,Spring 2014,2013-2014,Junior,20082,B+,3.333,1
45000,201320,Spring 2014,2013-2014,Junior,21916,B+,3.333,1
45000,201320,Spring 2014,2013-2014,Junior,25542,B+,3.333,1
45000,201410,Fall 2014,2014-2015,Senior,16281,B+,3.333,1
45000,201420,Spring 2015,2014-2015,Senior,20429,B+,3.333,1
45000,201110,Fall 2011,2011-2012,Freshman,16132,C,2.0,1
45000,201110,Fall 2011,2011-2012,Freshman,10841,C-,1.667,1
45000,201110,Fall 2011,2011-2012,Freshman,12472,C+,2.333,1
45000,201110,Fall 2011,2011-2012,Freshman,10028,F,0.0,1
45000,201320,Spring 2014,2013-2014,Junior,22951,P,,0
45000,201410,Fall 2014,2014-2015,Senior,20134,P,,0
45000,201110,Fall 2011,2011-2012,Freshman,13157,S,,0
45000,201120,Spring 2012,2011-2012,Freshman,24639,S,,0
45000,201220,Spring 2013,2012-2013,Sophomore,22294,S,,0
45000,201220,Spring 2013,2012-2013,Sophomore,22557,S,,0
45000,201310,Fall 2013,2013-2014,Junior,11938,S,,0
45000,201310,Fall 2013,2013-2014,Junior,13181,S,,0
45000,201420,Spring 2015,2014-2015,Senior,21982,S,,0
45000,201420,Spring 2015,2014-2015,Senior,29070,S,,0
45000,201110,Fall 2011,2011-2012,Freshman,201001001,TR,,0
45000,201110,Fall 2011,2011-2012,Freshman,201002002,TR,,0
45000,201110,Fall 2011,2011-2012,Freshman,201003003,TR,,0
45292,201110,Fall 2011,2011-2012,Freshman,10158,A,4.0,1
45292,201110,Fall 2011,2011-2012,Freshman,12149,A,4.0,1
45292,201120,Spring 2012,2011-2012,Freshman,20553,A,4.0,1
45292,201120,Spring 2012,2011-2012,Freshman,20717,A,4.0,1
45292,201120,Spring 2012,2011-2012,Freshman,23348,A,4.0,1
45292,201120,Spring 2012,2011-2012,Freshman,24643,A,4.0,1
45292,201120,Spring 2012,2011-2012,Freshman,29160,A,4.0,1
45292,201210,Fall 2012,2012-2013,Sophomore,11065,A,4.0,1
45292,201210,Fall 2012,2012-2013,Sophomore,14044,A,4.0,1
45292,201210,Fall 2012,2012-2013,Sophomore,15041,A,4.0,1
45292,201210,Fall 2012,2012-2013,Sophomore,16399,A,4.0,1
45292,201210,Fall 2012,2012-2013,Sophomore,19015,A,4.0,1
45292,201220,Spring 2013,2012-2013,Sophomore,21149,A,4.0,1
45292,201220,Spring 2013,2012-2013,Sophomore,22258,A,4.0,1
45292,201220,Spring 2013,2012-2013,Sophomore,22266,A,4.0,1
45292,201220,Spring 2013,2012-2013,Sophomore,25832,A,4.0,1
45292,201310,Fall 2013,2013-2014,Junior,12572,A,4.0,1
45292,201320,Spring 2014,2013-2014,Junior,23459,A,4.0,1
45292,201320,Spring 2014,2013-2014,Junior,24267,A,4.0,1
45292,201320,Spring 2014,2013-2014,Junior,24620,A,4.0,1
45292,201320,Spring 2014,2013-2014,Junior,27038,A,4.0,1
45292,201320,Spring 2014,2013-2014,Junior,28692,A,4.0,1
45292,201410,Fall 2014,2014-2015,Senior,13345,A,4.0,1
45292,201410,Fall 2014,2014-2015,Senior,15700,A,4.0,1
45292,201410,Fall 2014,2014-2015,Senior,15756,A,4.0,1
45292,201410,Fall 2014,2014-2015,Senior,20338,A,4.0,1
45292,201420,Spring 2015,2014-2015,Senior,24944,A,4.0,1
45292,201420,Spring 2015,2014-2015,Senior,25844,A,4.0,1
45292,201420,Spring 2015,2014-2015,Senior,26383,A,4.0,1
45292,201420,Spring 2015,2014-2015,Senior,26391,A,4.0,1
45292,201420,Spring 2015,2014-2015,Senior,29047,A,4.0,1
45292,201110,Fall 2011,2011-2012,Freshman,11654,A-,3.667,1
45292,201110,Fall 2011,2011-2012,Freshman,13742,A-,3.667,1
45292,201220,Spring 2013,2012-2013,Sophomore,20440,A-,3.667,1
45292,201220,Spring 2013,2012-2013,Sophomore,23124,A-,3.667,1
45292,201310,Fall 2013,2013-2014,Junior,10073,A-,3.667,1
45292,201310,Fall 2013,2013-2014,Junior,14118,A-,3.667,1
45292,201310,Fall 2013,2013-2014,Junior,14643,A-,3.667,1
45292,201310,Fall 2013,2013-2014,Junior,16600,A-,3.667,1
45292,201320,Spring 2014,2013-2014,Junior,21534,A-,3.667,1
45292,201420,Spring 2015,2014-2015,Senior,23998,A-,3.667,1
45292,201420,Spring 2015,2014-2015,Senior,24073,A-,3.667,1
45292,201110,Fall 2011,2011-2012,Freshman,101001001,AD,,0
45292,201110,Fall 2011,2011-2012,Freshman,101001002,AD,,0
45292,201110,Fall 2011,2011-2012,Freshman,201001001,AD,,0
45292,201110,Fall 2011,2011-2012,Freshman,201002002,AD,,0
45292,201110,Fall 2011,2011-2012,Freshman,15526,B,3.0,1
45292,201410,Fall 2014,2014-2015,Senior,11404,B-,2.667,1
45292,201310,Fall 2013,2013-2014,Junior,12841,B+,3.333,1
45292,201410,Fall 2014,2014-2015,Senior,14497,B+,3.333,1
45292,201410,Fall 2014,2014-2015,Senior,20337,B+,3.333,1
45292,201110,Fall 2011,2011-2012,Freshman,13163,S,,0
45292,201120,Spring 2012,2011-2012,Freshman,24633,S,,0
45292,201210,Fall 2012,2012-2013,Sophomore,12044,S,,0
45292,201320,Spring 2014,2013-2014,Junior,29318,S,,0
45945,201110,Fall 2011,2011-2012,Freshman,12944,A,4.0,1
45945,201110,Fall 2011,2011-2012,Freshman,13265,A,4.0,1
45945,201110,Fall 2011,2011-2012,Freshman,16546,A,4.0,1
45945,201120,Spring 2012,2011-2012,Freshman,22543,A,4.0,1
45945,201120,Spring 2012,2011-2012,Freshman,23351,A,4.0,1
45945,201210,Fall 2012,2012-2013,Sophomore,16398,A,4.0,1
45945,201210,Fall 2012,2012-2013,Sophomore,18984,A,4.0,1
45945,201220,Spring 2013,2012-2013,Sophomore,20142,A,4.0,1
45945,201220,Spring 2013,2012-2013,Sophomore,26984,A,4.0,1
45945,201310,Fall 2013,2013-2014,Junior,10972,A,4.0,1
45945,201310,Fall 2013,2013-2014,Junior,13720,A,4.0,1
45945,201320,Spring 2014,2013-2014,Junior,22699,A,4.0,1
45945,201320,Spring 2014,2013-2014,Junior,26173,A,4.0,1
45945,201320,Spring 2014,2013-2014,Junior,30351,A,4.0,1
45945,201320,Spring 2014,2013-2014,Junior,30353,A,4.0,1
45945,201320,Spring 2014,2013-2014,Junior,30569,A,4.0,1
45945,201410,Fall 2014,2014-2015,Senior,10929,A,4.0,1
45945,201410,Fall 2014,2014-2015,Senior,12643,A,4.0,1
45945,201410,Fall 2014,2014-2015,Senior,15010,A,4.0,1
45945,201410,Fall 2014,2014-2015,Senior,15747,A,4.0,1
45945,201420,Spring 2015,2014-2015,Senior,26714,A,4.0,1
45945,201420,Spring 2015,2014-2015,Senior,29915,A,4.0,1
45945,201110,Fall 2011,2011-2012,Freshman,12220,A-,3.667,1
45945,201120,Spring 2012,2011-2012,Freshman,21786,A-,3.667,1
45945,201120,Spring 2012,2011-2012,Freshman,22477,A-,3.667,1
45945,201210,Fall 2012,2012-2013,Sophomore,11268,A-,3.667,1
45945,201210,Fall 2012,2012-2013,Sophomore,14528,A-,3.667,1
45945,201210,Fall 2012,2012-2013,Sophomore,18952,A-,3.667,1
45945,201220,Spring 2013,2012-2013,Sophomore,20166,A-,3.667,1
45945,201220,Spring 2013,2012-2013,Sophomore,24550,A-,3.667,1
45945,201220,Spring 2013,2012-2013,Sophomore,25829,A-,3.667,1
45945,201310,Fall 2013,2013-2014,Junior,11490,A-,3.667,1
45945,201310,Fall 2013,2013-2014,Junior,14680,A-,3.667,1
45945,201310,Fall 2013,2013-2014,Junior,15354,A-,3.667,1
45945,201310,Fall 2013,2013-2014,Junior,19349,A-,3.667,1
45945,201410,Fall 2014,2014-2015,Senior,12342,A-,3.667,1
45945,201410,Fall 2014,2014-2015,Senior,13843,A-,3.667,1
45945,201420,Spring 2015,2014-2015,Senior,22956,A-,3.667,1
45945,201420,Spring 2015,2014-2015,Senior,24336,A-,3.667,1
45945,201420,Spring 2015,2014-2015,Senior,28897,A-,3.667,1
45945,201110,Fall 2011,2011-2012,Freshman,101001001,AD,,0
45945,201110,Fall 2011,2011-2012,Freshman,101002002,AD,,0
45945,201110,Fall 2011,2011-2012,Freshman,101003003,AD,,0
45945,201110,Fall 2011,2011-2012,Freshman,101004004,AD,,0
45945,201110,Fall 2011,2011-2012,Freshman,101004005,AD,,0
45945,201210,Fall 2012,2012-2013,Sophomore,13023,B,3.0,1
45945,201110,Fall 2011,2011-2012,Freshman,15227,B+,3.333,1
45945,201120,Spring 2012,2011-2012,Freshman,24077,B+,3.333,1
45945,201220,Spring 2013,2012-2013,Sophomore,23092,B+,3.333,1
45945,201110,Fall 2011,2011-2012,Freshman,13160,S,,0
45945,201120,Spring 2012,2011-2012,Freshman,24632,S,,0
45945,201210,Fall 2012,2012-2013,Sophomore,18726,S,,0
45945,201220,Spring 2013,2012-2013,Sophomore,23289,S,,0
46021,201110,Fall 2011,2011-2012,Freshman,10799,A,4.0,1
46021,201110,Fall 2011,2011-2012,Freshman,11835,A,4.0,1
46021,201110,Fall 2011,2011-2012,Freshman,12239,A,4.0,1
46021,201110,Fall 2011,2011-2012,Freshman,12848,A,4.0,1
46021,201120,Spring 2012,2011-2012,Freshman,22078,A,4.0,1
46021,201120,Spring 2012,2011-2012,Freshman,22543,A,4.0,1
46021,201120,Spring 2012,2011-2012,Freshman,22769,A,4.0,1
46021,201120,Spring 2012,2011-2012,Freshman,24581,A,4.0,1
46021,201120,Spring 2012,2011-2012,Freshman,24643,A,4.0,1
46021,201210,Fall 2012,2012-2013,Sophomore,11545,A,4.0,1
46021,201210,Fall 2012,2012-2013,Sophomore,11546,A,4.0,1
46021,201210,Fall 2012,2012-2013,Sophomore,12615,A,4.0,1
46021,201220,Spring 2013,2012-2013,Sophomore,22281,A,4.0,1
46021,201220,Spring 2013,2012-2013,Sophomore,25106,A,4.0,1
46021,201220,Spring 2013,2012-2013,Sophomore,28592,A,4.0,1
46021,201220,Spring 2013,2012-2013,Sophomore,28594,A,4.0,1
46021,201220,Spring 2013,2012-2013,Sophomore,28835,A,4.0,1
46021,201310,Fall 2013,2013-2014,Junior,13363,A,4.0,1
46021,201310,Fall 2013,2013-2014,Junior,13371,A,4.0,1
46021,201310,Fall 2013,2013-2014,Junior,13372,A,4.0,1
46021,201310,Fall 2013,2013-2014,Junior,13379,A,4.0,1
46021,201310,Fall 2013,2013-2014,Junior,13383,A,4.0,1
46021,201310,Fall 2013,2013-2014,Junior,20906,A,4.0,1
46021,201320,Spring 2014,2013-2014,Junior,23303,A,4.0,1
46021,201320,Spring 2014,2013-2014,Junior,24741,A,4.0,1
46021,201320,Spring 2014,2013-2014,Junior,25705,A,4.0,1
46021,201320,Spring 2014,2013-2014,Junior,28818,A,4.0,1
46021,201320,Spring 2014,2013-2014,Junior,29350,A,4.0,1
46021,201410,Fall 2014,2014-2015,Senior,13964,A,4.0,1
46021,201410,Fall 2014,2014-2015,Senior,15698,A,4.0,1
46021,201410,Fall 2014,2014-2015,Senior,19918,A,4.0,1
46021,201410,Fall 2014,2014-2015,Senior,20432,A,4.0,1
46021,201420,Spring 2015,2014-2015,Senior,29175,A,4.0,1
46021,201420,Spring 2015,2014-2015,Senior,29658,A,4.0,1
46021,201420,Spring 2015,2014-2015,Senior,30165,A,4.0,1
46021,201110,Fall 2011,2011-2012,Freshman,14492,A-,3.667,1
46021,201210,Fall 2012,2012-2013,Sophomore,10092,A-,3.667,1
46021,201210,Fall 2012,2012-2013,Sophomore,12182,A-,3.667,1
46021,201310,Fall 2013,2013-2014,Junior,20919,A-,3.667,1
46021,201420,Spring 2015,2014-2015,Senior,21033,A-,3.667,1
46021,201110,Fall 2011,2011-2012,Freshman,101001001,AD,,0
46021,201110,Fall 2011,2011-2012,Freshman,101002002,AD,,0
46021,201110,Fall 2011,2011-2012,Freshman,101003003,AD,,0
46021,201110,Fall 2011,2011-2012,Freshman,101004004,AD,,0
46021,201110,Fall 2011,2011-2012,Freshman,101005005,AD,,0
46021,201120,Spring 2012,2011-2012,Freshman,101007007,AD,,0
46021,201110,Fall 2011,2011-2012,Freshman,13158,S,,0
46021,201120,Spring 2012,2011-2012,Freshman,24632,S,,0
46021,201210,Fall 2012,2012-2013,Sophomore,13933,S,,0
46021,201210,Fall 2012,2012-2013,Sophomore,18722,S,,0
46021,201210,Fall 2012,2012-2013,Sophomore,20150,S,,0
46160,201110,Fall 2011,2011-2012,Freshman,10742,A,4.0,1
46160,201110,Fall 2011,2011-2012,Freshman,16602,A,4.0,1
46160,201110,Fall 2011,2011-2012,Freshman,16726,A,4.0,1
46160,201110,Fall 2011,2011-2012,Freshman,19349,A,4.0,1
46160,201120,Spring 2012,2011-2012,Freshman,27010,A,4.0,1
46160,201200,Summer 2012,2012-2013,Sophomore,3752,A,4.0,1
46160,201220,Spring 2013,2012-2013,Sophomore,28878,A,4.0,1
46160,201220,Spring 2013,2012-2013,Sophomore,29092,A,4.0,1
46160,201220,Spring 2013,2012-2013,Sophomore,29121,A,4.0,1
46160,201220,Spring 2013,2012-2013,Sophomore,29496,A,4.0,1
46160,201310,Fall 2013,2013-2014,Junior,10191,A,4.0,1
46160,201310,Fall 2013,2013-2014,Junior,15141,A,4.0,1
46160,201310,Fall 2013,2013-2014,Junior,19988,A,4.0,1
46160,201320,Spring 2014,2013-2014,Junior,20492,A,4.0,1
46160,201320,Spring 2014,2013-2014,Junior,22537,A,4.0,1
46160,201320,Spring 2014,2013-2014,Junior,28922,A,4.0,1
46160,201320,Spring 2014,2013-2014,Junior,29159,A,4.0,1
46160,201420,Spring 2015,2014-2015,Senior,25875,A,4.0,1
46160,201110,Fall 2011,2011-2012,Freshman,12933,A-,3.667,1
46160,201110,Fall 2011,2011-2012,Freshman,16718,A-,3.667,1
46160,201120,Spring 2012,2011-2012,Freshman,21846,A-,3.667,1
46160,201120,Spring 2012,2011-2012,Freshman,23492,A-,3.667,1
46160,201120,Spring 2012,2011-2012,Freshman,25289,A-,3.667,1
46160,201200,Summer 2012,2012-2013,Sophomore,4167,A-,3.667,1
46160,201210,Fall 2012,2012-2013,Sophomore,10025,A-,3.667,1
46160,201210,Fall 2012,2012-2013,Sophomore,18764,A-,3.667,1
46160,201220,Spring 2013,2012-2013,Sophomore,28686,A-,3.667,1
46160,201410,Fall 2014,2014-2015,Senior,10168,A-,3.667,1
46160,201410,Fall 2014,2014-2015,Senior,12435,A-,3.667,1
46160,201410,Fall 2014,2014-2015,Senior,15098,A-,3.667,1
46160,201420,Spring 2015,2014-2015,Senior,25853,A-,3.667,1
46160,201420,Spring 2015,2014-2015,Senior,25882,A-,3.667,1
46160,201110,Fall 2011,2011-2012,Freshman,101001001,AD,,0
46160,201110,Fall 2011,2011-2012,Freshman,101002002,AD,,0
46160,201110,Fall 2011,2011-2012,Freshman,101002003,AD,,0
46160,201110,Fall 2011,2011-2012,Freshman,101003004,AD,,0
46160,201110,Fall 2011,2011-2012,Freshman,101004005,AD,,0
46160,201110,Fall 2011,2011-2012,Freshman,101005006,AD,,0
46160,201110,Fall 2011,2011-2012,Freshman,101006007,AD,,0
46160,201120,Spring 2012,2011-2012,Freshman,101008009,AD,,0
46160,201210,Fall 2012,2012-2013,Sophomore,12613,B,3.0,1
46160,201120,Spring 2012,2011-2012,Freshman,28537,B+,3.333,1
46160,201210,Fall 2012,2012-2013,Sophomore,12181,B+,3.333,1
46160,201210,Fall 2012,2012-2013,Sophomore,12711,B+,3.333,1
46160,201310,Fall 2013,2013-2014,Junior,16953,B+,3.333,1
46160,201110,Fall 2011,2011-2012,Freshman,13157,S,,0
46160,201120,Spring 2012,2011-2012,Freshman,22733,S,,0
46160,201120,Spring 2012,2011-2012,Freshman,24633,S,,0
46160,201210,Fall 2012,2012-2013,Sophomore,12066,S,,0
46160,201210,Fall 2012,2012-2013,Sophomore,12781,S,,0
46160,201220,Spring 2013,2012-2013,Sophomore,21904,S,,0
46160,201220,Spring 2013,2012-2013,Sophomore,21908,S,,0
46160,201220,Spring 2013,2012-2013,Sophomore,22220,S,,0
46160,201220,Spring 2013,2012-2013,Sophomore,22239,S,,0
46160,201300,Summer 2013,2013-2014,Junior,2487,S,,0
46160,201310,Fall 2013,2013-2014,Junior,11959,S,,0
46160,201310,Fall 2013,2013-2014,Junior,12628,S,,0
46160,201320,Spring 2014,2013-2014,Junior,21796,S,,0
46160,201320,Spring 2014,2013-2014,Junior,22068,S,,0
46160,201410,Fall 2014,2014-2015,Senior,10138,S,,0
46160,201410,Fall 2014,2014-2015,Senior,11942,S,,0
46160,201410,Fall 2014,2014-2015,Senior,11962,S,,0
46160,201410,Fall 2014,2014-2015,Senior,12475,S,,0
46160,201420,Spring 2015,2014-2015,Senior,21707,S,,0
46160,201420,Spring 2015,2014-2015,Senior,21978,S,,0
46160,201420,Spring 2015,2014-2015,Senior,29625,S,,0
46584,201110,Fall 2011,2011-2012,Freshman,13164,A,4.0,1
46584,201110,Fall 2011,2011-2012,Freshman,19473,A,4.0,1
46584,201120,Spring 2012,2011-2012,Freshman,21006,A,4.0,1
46584,201210,Fall 2012,2012-2013,Sophomore,16756,A,4.0,1
46584,201220,Spring 2013,2012-2013,Sophomore,26907,A,4.0,1
46584,201220,Spring 2013,2012-2013,Sophomore,28684,A,4.0,1
46584,201220,Spring 2013,2012-2013,Sophomore,29723,A,4.0,1
46584,201220,Spring 2013,2012-2013,Sophomore,29814,A,4.0,1
46584,201310,Fall 2013,2013-2014,Junior,13469,A,4.0,1
46584,201410,Fall 2014,2014-2015,Senior,19938,A,4.0,1
46584,201410,Fall 2014,2014-2015,Senior,20355,A,4.0,1
46584,201420,Spring 2015,2014-2015,Senior,27283,A,4.0,1
46584,201420,Spring 2015,2014-2015,Senior,29287,A,4.0,1
46584,201420,Spring 2015,2014-2015,Senior,29683,A,4.0,1
46584,201110,Fall 2011,2011-2012,Freshman,12438,A-,3.667,1
46584,201120,Spring 2012,2011-2012,Freshman,21846,A-,3.667,1
46584,201120,Spring 2012,2011-2012,Freshman,28572,A-,3.667,1
46584,201210,Fall 2012,2012-2013,Sophomore,11828,A-,3.667,1
46584,201210,Fall 2012,2012-2013,Sophomore,13837,A-,3.667,1
46584,201210,Fall 2012,2012-2013,Sophomore,18762,A-,3.667,1
46584,201220,Spring 2013,2012-2013,Sophomore,23136,A-,3.667,1
46584,201410,Fall 2014,2014-2015,Senior,10002,A-,3.667,1
46584,201420,Spring 2015,2014-2015,Senior,21969,A-,3.667,1
46584,201110,Fall 2011,2011-2012,Freshman,101001001,AD,,0
46584,201110,Fall 2011,2011-2012,Freshman,101002002,AD,,0
46584,201110,Fall 2011,2011-2012,Freshman,101003003,AD,,0
46584,201110,Fall 2011,2011-2012,Freshman,101004004,AD,,0
46584,201110,Fall 2011,2011-2012,Freshman,101005005,AD,,0
46584,201110,Fall 2011,2011-2012,Freshman,101006006,AD,,0
46584,201120,Spring 2012,2011-2012,Freshman,20991,B,3.0,1
46584,201110,Fall 2011,2011-2012,Freshman,10913,B+,3.333,1
46584,201120,Spring 2012,2011-2012,Freshman,28582,B+,3.333,1
46584,201110,Fall 2011,2011-2012,Freshman,13155,S,,0
46584,201120,Spring 2012,2011-2012,Freshman,22736,S,,0
46584,201120,Spring 2012,2011-2012,Freshman,24632,S,,0
46584,201210,Fall 2012,2012-2013,Sophomore,12675,S,,0
46584,201220,Spring 2013,2012-2013,Sophomore,29464,S,,0
46584,201410,Fall 2014,2014-2015,Senior,12382,S,,0
46584,201410,Fall 2014,2014-2015,Senior,20871,S,,0
46584,201410,Fall 2014,2014-2015,Senior,21003,S,,0
46584,201420,Spring 2015,2014-2015,Senior,29625,S,,0
46771,201110,Fall 2011,2011-2012,Freshman,12439,A,4.0,1
46771,201110,Fall 2011,2011-2012,Freshman,18966,A,4.0,1
46771,201300,Summer 2013,2013-2014,Junior,3507,A,4.0,1
46771,201320,Spring 2014,2013-2014,Junior,23074,A,4.0,1
46771,201320,Spring 2014,2013-2014,Junior,23825,A,4.0,1
46771,201320,Spring 2014,2013-2014,Junior,26869,A,4.0,1
46771,201320,Spring 2014,2013-2014,Junior,29439,A,4.0,1
46771,201410,Fall 2014,2014-2015,Senior,10878,A,4.0,1
46771,201410,Fall 2014,2014-2015,Senior,19529,A,4.0,1
46771,201410,Fall 2014,2014-2015,Senior,19640,A,4.0,1
46771,201410,Fall 2014,2014-2015,Senior,20814,A,4.0,1
46771,201420,Spring 2015,2014-2015,Senior,23409,A,4.0,1
46771,201420,Spring 2015,2014-2015,Senior,28919,A,4.0,1
46771,201420,Spring 2015,2014-2015,Senior,30106,A,4.0,1
46771,201120,Spring 2012,2011-2012,Freshman,20991,A-,3.667,1
46771,201120,Spring 2012,2011-2012,Freshman,21006,A-,3.667,1
46771,201120,Spring 2012,2011-2012,Freshman,22200,A-,3.667,1
46771,201210,Fall 2012,2012-2013,Sophomore,12172,A-,3.667,1
46771,201210,Fall 2012,2012-2013,Sophomore,16220,A-,3.667,1
46771,201220,Spring 2013,2012-2013,Sophomore,20306,A-,3.667,1
46771,201220,Spring 2013,2012-2013,Sophomore,24619,A-,3.667,1
46771,201220,Spring 2013,2012-2013,Sophomore,28799,A-,3.667,1
46771,201300,Summer 2013,2013-2014,Junior,3510,A-,3.667,1
46771,201310,Fall 2013,2013-2014,Junior,20608,A-,3.667,1
46771,201310,Fall 2013,2013-2014,Junior,20610,A-,3.667,1
46771,201310,Fall 2013,2013-2014,Junior,21109,A-,3.667,1
46771,201320,Spring 2014,2013-2014,Junior,29013,A-,3.667,1
46771,201420,Spring 2015,2014-2015,Senior,29165,A-,3.667,1
46771,201110,Fall 2011,2011-2012,Freshman,101001001,AD,,0
46771,201110,Fall 2011,2011-2012,Freshman,101002002,AD,,0
46771,201110,Fall 2011,2011-2012,Freshman,101003003,AD,,0
46771,201110,Fall 2011,2011-2012,Freshman,101004004,AD,,0
46771,201110,Fall 2011,2011-2012,Freshman,101005005,AD,,0
46771,201110,Fall 2011,2011-2012,Freshman,101006006,AD,,0
46771,201110,Fall 2011,2011-2012,Freshman,101006007,AD,,0
46771,201110,Fall 2011,2011-2012,Freshman,101007008,AD,,0
46771,201110,Fall 2011,2011-2012,Freshman,101008009,AD,,0
46771,201110,Fall 2011,2011-2012,Freshman,10913,B,3.0,1
46771,201120,Spring 2012,2011-2012,Freshman,23349,B,3.0,1
46771,201210,Fall 2012,2012-2013,Sophomore,13367,B,3.0,1
46771,201310,Fall 2013,2013-2014,Junior,14604,B,3.0,1
46771,201310,Fall 2013,2013-2014,Junior,20612,B,3.0,1
46771,201320,Spring 2014,2013-2014,Junior,27136,B,3.0,1
46771,201410,Fall 2014,2014-2015,Senior,13964,B,3.0,1
46771,201210,Fall 2012,2012-2013,Sophomore,14272,B-,2.667,1
46771,201220,Spring 2013,2012-2013,Sophomore,23327,B-,2.667,1
46771,201110,Fall 2011,2011-2012,Freshman,12882,B+,3.333,1
46771,201110,Fall 2011,2011-2012,Freshman,13753,B+,3.333,1
46771,201120,Spring 2012,2011-2012,Freshman,22035,B+,3.333,1
46771,201210,Fall 2012,2012-2013,Sophomore,18762,B+,3.333,1
46771,201220,Spring 2013,2012-2013,Sophomore,23526,B+,3.333,1
46771,201300,Summer 2013,2013-2014,Junior,3914,B+,3.333,1
46771,201110,Fall 2011,2011-2012,Freshman,13154,S,,0
46771,201120,Spring 2012,2011-2012,Freshman,22736,S,,0
46771,201120,Spring 2012,2011-2012,Freshman,24631,S,,0
46771,201120,Spring 2012,2011-2012,Freshman,29591,S,,0
46771,201210,Fall 2012,2012-2013,Sophomore,12044,S,,0
46771,201220,Spring 2013,2012-2013,Sophomore,22723,S,,0
46771,201320,Spring 2014,2013-2014,Junior,22541,S,,0
46771,201410,Fall 2014,2014-2015,Senior,12476,S,,0
46771,201420,Spring 2015,2014-2015,Senior,21953,S,,0
48187,201110,Fall 2011,2011-2012,Freshman,11915,A,4.0,1
48187,201110,Fall 2011,2011-2012,Freshman,12239,A,4.0,1
48187,201110,Fall 2011,2011-2012,Freshman,16813,A,4.0,1
48187,201120,Spring 2012,2011-2012,Freshman,20719,A,4.0,1
48187,201120,Spring 2012,2011-2012,Freshman,22354,A,4.0,1
48187,201210,Fall 2012,2012-2013,Sophomore,10762,A,4.0,1
48187,201210,Fall 2012,2012-2013,Sophomore,15658,A,4.0,1
48187,201220,Spring 2013,2012-2013,Sophomore,21346,A,4.0,1
48187,201310,Fall 2013,2013-2014,Junior,10693,A,4.0,1
48187,201310,Fall 2013,2013-2014,Junior,11335,A,4.0,1
48187,201310,Fall 2013,2013-2014,Junior,19844,A,4.0,1
48187,201320,Spring 2014,2013-2014,Junior,20641,A,4.0,1
48187,201320,Spring 2014,2013-2014,Junior,22533,A,4.0,1
48187,201320,Spring 2014,2013-2014,Junior,24569,A,4.0,1
48187,201320,Spring 2014,2013-2014,Junior,26625,A,4.0,1
48187,201410,Fall 2014,2014-2015,Senior,10658,A,4.0,1
48187,201410,Fall 2014,2014-2015,Senior,11544,A,4.0,1
48187,201410,Fall 2014,2014-2015,Senior,16685,A,4.0,1
48187,201410,Fall 2014,2014-2015,Senior,20752,A,4.0,1
48187,201420,Spring 2015,2014-2015,Senior,23675,A,4.0,1
48187,201420,Spring 2015,2014-2015,Senior,24390,A,4.0,1
48187,201420,Spring 2015,2014-2015,Senior,27293,A,4.0,1
48187,201110,Fall 2011,2011-2012,Freshman,16132,A-,3.667,1
48187,201110,Fall 2011,2011-2012,Freshman,18727,A-,3.667,1
48187,201120,Spring 2012,2011-2012,Freshman,20517,A-,3.667,1
48187,201120,Spring 2012,2011-2012,Freshman,23871,A-,3.667,1
48187,201120,Spring 2012,2011-2012,Freshman,24498,A-,3.667,1
48187,201210,Fall 2012,2012-2013,Sophomore,13828,A-,3.667,1
48187,201210,Fall 2012,2012-2013,Sophomore,14304,A-,3.667,1
48187,201220,Spring 2013,2012-2013,Sophomore,22056,A-,3.667,1
48187,201220,Spring 2013,2012-2013,Sophomore,24095,A-,3.667,1
48187,201220,Spring 2013,2012-2013,Sophomore,25364,A-,3.667,1
48187,201220,Spring 2013,2012-2013,Sophomore,25953,A-,3.667,1
48187,201310,Fall 2013,2013-2014,Junior,14740,A-,3.667,1
48187,201410,Fall 2014,2014-2015,Senior,16281,A-,3.667,1
48187,201110,Fall 2011,2011-2012,Freshman,101001001,AD,,0
48187,201110,Fall 2011,2011-2012,Freshman,101002002,AD,,0
48187,201110,Fall 2011,2011-2012,Freshman,101003003,AD,,0
48187,201110,Fall 2011,2011-2012,Freshman,101004004,AD,,0
48187,201110,Fall 2011,2011-2012,Freshman,101005005,AD,,0
48187,201110,Fall 2011,2011-2012,Freshman,101006006,AD,,0
48187,201110,Fall 2011,2011-2012,Freshman,101007007,AD,,0
48187,201110,Fall 2011,2011-2012,Freshman,101009009,AD,,0
48187,201120,Spring 2012,2011-2012,Freshman,101010010,AD,,0
48187,201110,Fall 2011,2011-2012,Freshman,10841,B,3.0,1
48187,201120,Spring 2012,2011-2012,Freshman,22348,B,3.0,1
48187,201120,Spring 2012,2011-2012,Freshman,24771,B,3.0,1
48187,201210,Fall 2012,2012-2013,Sophomore,14301,B,3.0,1
48187,201210,Fall 2012,2012-2013,Sophomore,11893,B-,2.667,1
48187,201220,Spring 2013,2012-2013,Sophomore,21110,B+,3.333,1
48187,201220,Spring 2013,2012-2013,Sophomore,24392,B+,3.333,1
48187,201310,Fall 2013,2013-2014,Junior,10963,B+,3.333,1
48187,201320,Spring 2014,2013-2014,Junior,20052,B+,3.333,1
48187,201420,Spring 2015,2014-2015,Senior,29085,B+,3.333,1
48187,201110,Fall 2011,2011-2012,Freshman,12273,S,,0
48187,201110,Fall 2011,2011-2012,Freshman,13155,S,,0
48187,201110,Fall 2011,2011-2012,Freshman,20171,S,,0
48187,201120,Spring 2012,2011-2012,Freshman,21788,S,,0
48187,201120,Spring 2012,2011-2012,Freshman,22733,S,,0
48187,201120,Spring 2012,2011-2012,Freshman,24639,S,,0
48187,201210,Fall 2012,2012-2013,Sophomore,11825,S,,0
48187,201210,Fall 2012,2012-2013,Sophomore,11983,S,,0
48187,201210,Fall 2012,2012-2013,Sophomore,12006,S,,0
48187,201220,Spring 2013,2012-2013,Sophomore,29464,S,,0
48187,201310,Fall 2013,2013-2014,Junior,18517,S,,0
48187,201320,Spring 2014,2013-2014,Junior,24347,S,,0
49294,201110,Fall 2011,2011-2012,Freshman,10710,A,4.0,1
49294,201110,Fall 2011,2011-2012,Freshman,10880,A,4.0,1
49294,201110,Fall 2011,2011-2012,Freshman,12191,A,4.0,1
49294,201110,Fall 2011,2011-2012,Freshman,14577,A,4.0,1
49294,201120,Spring 2012,2011-2012,Freshman,20273,A,4.0,1
49294,201120,Spring 2012,2011-2012,Freshman,21397,A,4.0,1
49294,201120,Spring 2012,2011-2012,Freshman,22195,A,4.0,1
49294,201120,Spring 2012,2011-2012,Freshman,22728,A,4.0,1
49294,201210,Fall 2012,2012-2013,Sophomore,10007,A,4.0,1
49294,201210,Fall 2012,2012-2013,Sophomore,10986,A,4.0,1
49294,201210,Fall 2012,2012-2013,Sophomore,10987,A,4.0,1
49294,201210,Fall 2012,2012-2013,Sophomore,12627,A,4.0,1
49294,201210,Fall 2012,2012-2013,Sophomore,18759,A,4.0,1
49294,201220,Spring 2013,2012-2013,Sophomore,20268,A,4.0,1
49294,201220,Spring 2013,2012-2013,Sophomore,20314,A,4.0,1
49294,201220,Spring 2013,2012-2013,Sophomore,22151,A,4.0,1
49294,201220,Spring 2013,2012-2013,Sophomore,28818,A,4.0,1
49294,201310,Fall 2013,2013-2014,Junior,12179,A,4.0,1
49294,201310,Fall 2013,2013-2014,Junior,12182,A,4.0,1
49294,201310,Fall 2013,2013-2014,Junior,12725,A,4.0,1
49294,201310,Fall 2013,2013-2014,Junior,17242,A,4.0,1
49294,201310,Fall 2013,2013-2014,Junior,18930,A,4.0,1
49294,201320,Spring 2014,2013-2014,Junior,20300,A,4.0,1
49294,201320,Spring 2014,2013-2014,Junior,21667,A,4.0,1
49294,201320,Spring 2014,2013-2014,Junior,22955,A,4.0,1
49294,201410,Fall 2014,2014-2015,Senior,17060,A,4.0,1
49294,201420,Spring 2015,2014-2015,Senior,29365,A,4.0,1
49294,201110,Fall 2011,2011-2012,Freshman,12851,A-,3.667,1
49294,201120,Spring 2012,2011-2012,Freshman,22163,A-,3.667,1
49294,201210,Fall 2012,2012-2013,Sophomore,13039,A-,3.667,1
49294,201220,Spring 2013,2012-2013,Sophomore,20791,A-,3.667,1
49294,201310,Fall 2013,2013-2014,Junior,12180,A-,3.667,1
49294,201320,Spring 2014,2013-2014,Junior,23141,A-,3.667,1
49294,201320,Spring 2014,2013-2014,Junior,29148,A-,3.667,1
49294,201410,Fall 2014,2014-2015,Senior,10241,A-,3.667,1
49294,201420,Spring 2015,2014-2015,Senior,21283,A-,3.667,1
49294,201420,Spring 2015,2014-2015,Senior,23175,A-,3.667,1
49294,201110,Fall 2011,2011-2012,Freshman,101001001,AD,,0
49294,201110,Fall 2011,2011-2012,Freshman,101002002,AD,,0
49294,201110,Fall 2011,2011-2012,Freshman,101003003,AD,,0
49294,201110,Fall 2011,2011-2012,Freshman,101004004,AD,,0
49294,201110,Fall 2011,2011-2012,Freshman,101004005,AD,,0
49294,201410,Fall 2014,2014-2015,Senior,15516,B,3.0,1
49294,201420,Spring 2015,2014-2015,Senior,29416,B,3.0,1
49294,201320,Spring 2014,2013-2014,Junior,21311,B+,3.333,1
49294,201410,Fall 2014,2014-2015,Senior,13341,B+,3.333,1
49294,201420,Spring 2015,2014-2015,Senior,26882,B+,3.333,1
49294,201110,Fall 2011,2011-2012,Freshman,12267,S,,0
49294,201110,Fall 2011,2011-2012,Freshman,13067,S,,0
49294,201110,Fall 2011,2011-2012,Freshman,13154,S,,0
49294,201120,Spring 2012,2011-2012,Freshman,22032,S,,0
49294,201120,Spring 2012,2011-2012,Freshman,22039,S,,0
49294,201120,Spring 2012,2011-2012,Freshman,24639,S,,0
49294,201210,Fall 2012,2012-2013,Sophomore,12175,S,,0
49294,201210,Fall 2012,2012-2013,Sophomore,12781,S,,0
49294,201220,Spring 2013,2012-2013,Sophomore,21908,S,,0
49294,201220,Spring 2013,2012-2013,Sophomore,21909,S,,0
49294,201220,Spring 2013,2012-2013,Sophomore,22220,S,,0
49294,201310,Fall 2013,2013-2014,Junior,11953,S,,0
49294,201310,Fall 2013,2013-2014,Junior,11957,S,,0
49294,201310,Fall 2013,2013-2014,Junior,12061,S,,0
49294,201310,Fall 2013,2013-2014,Junior,12628,S,,0
49294,201320,Spring 2014,2013-2014,Junior,21795,S,,0
49294,201320,Spring 2014,2013-2014,Junior,22068,S,,0
49294,201410,Fall 2014,2014-2015,Senior,11849,S,,0
49294,201410,Fall 2014,2014-2015,Senior,11942,S,,0
49294,201410,Fall 2014,2014-2015,Senior,12475,S,,0
49294,201410,Fall 2014,2014-2015,Senior,12546,S,,0
49294,201420,Spring 2015,2014-2015,Senior,21226,S,,0
49294,201420,Spring 2015,2014-2015,Senior,21710,S,,0
49294,201420,Spring 2015,2014-2015,Senior,21711,S,,0
50947,201120,Spring 2012,2011-2012,Freshman,21682,A,4.0,1
50947,201310,Fall 2013,2013-2014,Junior,13646,A,4.0,1
50947,201310,Fall 2013,2013-2014,Junior,18773,A,4.0,1
50947,201320,Spring 2014,2013-2014,Junior,21221,A,4.0,1
50947,201410,Fall 2014,2014-2015,Senior,19556,A,4.0,1
50947,201220,Spring 2013,2012-2013,Sophomore,21611,A-,3.667,1
50947,201320,Spring 2014,2013-2014,Junior,25511,A-,3.667,1
50947,201320,Spring 2014,2013-2014,Junior,29144,A-,3.667,1
50947,201410,Fall 2014,2014-2015,Senior,16853,A-,3.667,1
50947,201420,Spring 2015,2014-2015,Senior,20384,A-,3.667,1
50947,201420,Spring 2015,2014-2015,Senior,25063,A-,3.667,1
50947,201110,Fall 2011,2011-2012,Freshman,101001001,AD,,0
50947,201110,Fall 2011,2011-2012,Freshman,101002002,AD,,0
50947,201110,Fall 2011,2011-2012,Freshman,101003003,AD,,0
50947,201110,Fall 2011,2011-2012,Freshman,101004004,AD,,0
50947,201110,Fall 2011,2011-2012,Freshman,101005005,AD,,0
50947,201110,Fall 2011,2011-2012,Freshman,101006006,AD,,0
50947,201110,Fall 2011,2011-2012,Freshman,101007007,AD,,0
50947,201110,Fall 2011,2011-2012,Freshman,14269,B,3.0,1
50947,201210,Fall 2012,2012-2013,Sophomore,10186,B,3.0,1
50947,201410,Fall 2014,2014-2015,Senior,15834,B,3.0,1
50947,201420,Spring 2015,2014-2015,Senior,27373,B,3.0,1
50947,201120,Spring 2012,2011-2012,Freshman,22195,B-,2.667,1
50947,201210,Fall 2012,2012-2013,Sophomore,11412,B-,2.667,1
50947,201210,Fall 2012,2012-2013,Sophomore,14619,B-,2.667,1
50947,201310,Fall 2013,2013-2014,Junior,11456,B-,2.667,1
50947,201410,Fall 2014,2014-2015,Senior,17591,B-,2.667,1
50947,201110,Fall 2011,2011-2012,Freshman,10028,B+,3.333,1
50947,201110,Fall 2011,2011-2012,Freshman,10710,B+,3.333,1
50947,201110,Fall 2011,2011-2012,Freshman,13066,B+,3.333,1
50947,201120,Spring 2012,2011-2012,Freshman,20273,B+,3.333,1
50947,201120,Spring 2012,2011-2012,Freshman,25067,B+,3.333,1
50947,201320,Spring 2014,2013-2014,Junior,21859,B+,3.333,1
50947,201410,Fall 2014,2014-2015,Senior,11070,B+,3.333,1
50947,201110,Fall 2011,2011-2012,Freshman,10872,C,2.0,1
50947,201120,Spring 2012,2011-2012,Freshman,21476,C,2.0,1
50947,201220,Spring 2013,2012-2013,Sophomore,20022,C,2.0,1
50947,201220,Spring 2013,2012-2013,Sophomore,23570,C,2.0,1
50947,201410,Fall 2014,2014-2015,Senior,10866,C,2.0,1
50947,201420,Spring 2015,2014-2015,Senior,21968,C,2.0,1
50947,201210,Fall 2012,2012-2013,Sophomore,11548,C-,1.667,1
50947,201220,Spring 2013,2012-2013,Sophomore,21473,C-,1.667,1
50947,201210,Fall 2012,2012-2013,Sophomore,10635,C+,2.333,1
50947,201220,Spring 2013,2012-2013,Sophomore,20436,C+,2.333,1
50947,201310,Fall 2013,2013-2014,Junior,11457,C+,2.333,1
50947,201310,Fall 2013,2013-2014,Junior,11700,C+,2.333,1
50947,201320,Spring 2014,2013-2014,Junior,22431,C+,2.333,1
50947,201110,Fall 2011,2011-2012,Freshman,13156,S,,0
50947,201120,Spring 2012,2011-2012,Freshman,24638,S,,0
50947,201310,Fall 2013,2013-2014,Junior,10743,S,,0
51102,201110,Fall 2011,2011-2012,Freshman,10539,A,4.0,1
51102,201110,Fall 2011,2011-2012,Freshman,13306,A,4.0,1
51102,201120,Spring 2012,2011-2012,Freshman,20731,A,4.0,1
51102,201120,Spring 2012,2011-2012,Freshman,23338,A,4.0,1
51102,201120,Spring 2012,2011-2012,Freshman,26561,A,4.0,1
51102,201210,Fall 2012,2012-2013,Sophomore,12074,A,4.0,1
51102,201220,Spring 2013,2012-2013,Sophomore,20302,A,4.0,1
51102,201220,Spring 2013,2012-2013,Sophomore,24589,A,4.0,1
51102,201220,Spring 2013,2012-2013,Sophomore,25949,A,4.0,1
51102,201310,Fall 2013,2013-2014,Junior,12017,A,4.0,1
51102,201310,Fall 2013,2013-2014,Junior,16277,A,4.0,1
51102,201310,Fall 2013,2013-2014,Junior,19844,A,4.0,1
51102,201320,Spring 2014,2013-2014,Junior,23193,A,4.0,1
51102,201410,Fall 2014,2014-2015,Senior,12862,A,4.0,1
51102,201410,Fall 2014,2014-2015,Senior,14209,A,4.0,1
51102,201410,Fall 2014,2014-2015,Senior,15131,A,4.0,1
51102,201410,Fall 2014,2014-2015,Senior,16853,A,4.0,1
51102,201420,Spring 2015,2014-2015,Senior,24117,A,4.0,1
51102,201420,Spring 2015,2014-2015,Senior,29148,A,4.0,1
51102,201420,Spring 2015,2014-2015,Senior,29152,A,4.0,1
51102,201120,Spring 2012,2011-2012,Freshman,20560,A-,3.667,1
51102,201210,Fall 2012,2012-2013,Sophomore,13788,A-,3.667,1
51102,201210,Fall 2012,2012-2013,Sophomore,18703,A-,3.667,1
51102,201220,Spring 2013,2012-2013,Sophomore,24161,A-,3.667,1
51102,201220,Spring 2013,2012-2013,Sophomore,28576,A-,3.667,1
51102,201310,Fall 2013,2013-2014,Junior,10175,A-,3.667,1
51102,201310,Fall 2013,2013-2014,Junior,15498,A-,3.667,1
51102,201320,Spring 2014,2013-2014,Junior,25242,A-,3.667,1
51102,201420,Spring 2015,2014-2015,Senior,25063,A-,3.667,1
51102,201110,Fall 2011,2011-2012,Freshman,101001001,AD,,0
51102,201110,Fall 2011,2011-2012,Freshman,101002002,AD,,0
51102,201110,Fall 2011,2011-2012,Freshman,101003003,AD,,0
51102,201110,Fall 2011,2011-2012,Freshman,101003004,AD,,0
51102,201410,Fall 2014,2014-2015,Senior,20161,B-,2.667,1
51102,201110,Fall 2011,2011-2012,Freshman,11916,B+,3.333,1
51102,201110,Fall 2011,2011-2012,Freshman,16547,B+,3.333,1
51102,201120,Spring 2012,2011-2012,Freshman,22141,B+,3.333,1
51102,201120,Spring 2012,2011-2012,Freshman,24643,B+,3.333,1
51102,201210,Fall 2012,2012-2013,Sophomore,12263,B+,3.333,1
51102,201310,Fall 2013,2013-2014,Junior,18538,B+,3.333,1
51102,201310,Fall 2013,2013-2014,Junior,18892,B+,3.333,1
51102,201320,Spring 2014,2013-2014,Junior,23742,B+,3.333,1
51102,201320,Spring 2014,2013-2014,Junior,26106,B+,3.333,1
51102,201320,Spring 2014,2013-2014,Junior,30416,B+,3.333,1
51102,201410,Fall 2014,2014-2015,Senior,19884,B+,3.333,1
51102,201110,Fall 2011,2011-2012,Freshman,13162,S,,0
51102,201110,Fall 2011,2011-2012,Freshman,19763,S,,0
51102,201120,Spring 2012,2011-2012,Freshman,24634,S,,0
51102,201120,Spring 2012,2011-2012,Freshman,29690,S,,0
51102,201210,Fall 2012,2012-2013,Sophomore,10814,S,,0
51102,201210,Fall 2012,2012-2013,Sophomore,11978,S,,0
51102,201220,Spring 2013,2012-2013,Sophomore,21670,S,,0
51102,201420,Spring 2015,2014-2015,Senior,21465,S,,0
51102,201420,Spring 2015,2014-2015,Senior,29070,S,,0
51102,201300,Summer 2013,2013-2014,Junior,201001001,TR,,0
51102,201300,Summer 2013,2013-2014,Junior,201001002,TR,,0
51552,201110,Fall 2011,2011-2012,Freshman,10912,A,4.0,1
51552,201110,Fall 2011,2011-2012,Freshman,12438,A,4.0,1
51552,201110,Fall 2011,2011-2012,Freshman,14692,A,4.0,1
51552,201110,Fall 2011,2011-2012,Freshman,16132,A,4.0,1
51552,201120,Spring 2012,2011-2012,Freshman,20226,A,4.0,1
51552,201120,Spring 2012,2011-2012,Freshman,21304,A,4.0,1
51552,201120,Spring 2012,2011-2012,Freshman,22685,A,4.0,1
51552,201120,Spring 2012,2011-2012,Freshman,24771,A,4.0,1
51552,201210,Fall 2012,2012-2013,Sophomore,11414,A,4.0,1
51552,201210,Fall 2012,2012-2013,Sophomore,11616,A,4.0,1
51552,201210,Fall 2012,2012-2013,Sophomore,12670,A,4.0,1
51552,201220,Spring 2013,2012-2013,Sophomore,22532,A,4.0,1
51552,201220,Spring 2013,2012-2013,Sophomore,22534,A,4.0,1
51552,201310,Fall 2013,2013-2014,Junior,11558,A,4.0,1
51552,201310,Fall 2013,2013-2014,Junior,12190,A,4.0,1
51552,201310,Fall 2013,2013-2014,Junior,18780,A,4.0,1
51552,201320,Spring 2014,2013-2014,Junior,23217,A,4.0,1
51552,201320,Spring 2014,2013-2014,Junior,30588,A,4.0,1
51552,201320,Spring 2014,2013-2014,Junior,30610,A,4.0,1
51552,201410,Fall 2014,2014-2015,Senior,11467,A,4.0,1
51552,201410,Fall 2014,2014-2015,Senior,14197,A,4.0,1
51552,201420,Spring 2015,2014-2015,Senior,29245,A,4.0,1
51552,201420,Spring 2015,2014-2015,Senior,30333,A,4.0,1
51552,201110,Fall 2011,2011-2012,Freshman,10710,A-,3.667,1
51552,201120,Spring 2012,2011-2012,Freshman,20335,A-,3.667,1
51552,201210,Fall 2012,2012-2013,Sophomore,18765,A-,3.667,1
51552,201220,Spring 2013,2012-2013,Sophomore,20261,A-,3.667,1
51552,201220,Spring 2013,2012-2013,Sophomore,28767,A-,3.667,1
51552,201310,Fall 2013,2013-2014,Junior,10192,A-,3.667,1
51552,201310,Fall 2013,2013-2014,Junior,11449,A-,3.667,1
51552,201320,Spring 2014,2013-2014,Junior,23218,A-,3.667,1
51552,201320,Spring 2014,2013-2014,Junior,30592,A-,3.667,1
51552,201410,Fall 2014,2014-2015,Senior,11875,A-,3.667,1
51552,201410,Fall 2014,2014-2015,Senior,19607,A-,3.667,1
51552,201110,Fall 2011,2011-2012,Freshman,301001001,AD,,0
51552,201110,Fall 2011,2011-2012,Freshman,301001002,AD,,0
51552,201110,Fall 2011,2011-2012,Freshman,301002003,AD,,0
51552,201420,Spring 2015,2014-2015,Senior,21773,B,3.0,1
51552,201420,Spring 2015,2014-2015,Senior,30001,B,3.0,1
51552,201210,Fall 2012,2012-2013,Sophomore,13245,B+,3.333,1
51552,201220,Spring 2013,2012-2013,Sophomore,28775,B+,3.333,1
51552,201420,Spring 2015,2014-2015,Senior,28905,C-,1.667,1
51552,201110,Fall 2011,2011-2012,Freshman,201001001,IB,,0
51552,201110,Fall 2011,2011-2012,Freshman,201001002,IB,,0
51552,201110,Fall 2011,2011-2012,Freshman,13157,S,,0
51552,201120,Spring 2012,2011-2012,Freshman,24639,S,,0
51552,201210,Fall 2012,2012-2013,Sophomore,12357,S,,0
51552,201410,Fall 2014,2014-2015,Senior,11961,S,,0
51552,201420,Spring 2015,2014-2015,Senior,21953,S,,0
51597,201110,Fall 2011,2011-2012,Freshman,11219,A,4.0,1
51597,201120,Spring 2012,2011-2012,Freshman,28599,A,4.0,1
51597,201120,Spring 2012,2011-2012,Freshman,28933,A,4.0,1
51597,201210,Fall 2012,2012-2013,Sophomore,15346,A,4.0,1
51597,201220,Spring 2013,2012-2013,Sophomore,23058,A,4.0,1
51597,201320,Spring 2014,2013-2014,Junior,20300,A,4.0,1
51597,201410,Fall 2014,2014-2015,Senior,13417,A,4.0,1
51597,201420,Spring 2015,2014-2015,Senior,29174,A,4.0,1
51597,201110,Fall 2011,2011-2012,Freshman,12447,A-,3.667,1
51597,201110,Fall 2011,2011-2012,Freshman,16132,A-,3.667,1
51597,201120,Spring 2012,2011-2012,Freshman,25045,A-,3.667,1
51597,201210,Fall 2012,2012-2013,Sophomore,14304,A-,3.667,1
51597,201210,Fall 2012,2012-2013,Sophomore,18919,A-,3.667,1
51597,201220,Spring 2013,2012-2013,Sophomore,24095,A-,3.667,1
51597,201310,Fall 2013,2013-2014,Junior,11335,A-,3.667,1
51597,201320,Spring 2014,2013-2014,Junior,21897,A-,3.667,1
51597,201320,Spring 2014,2013-2014,Junior,22932,A-,3.667,1
51597,201410,Fall 2014,2014-2015,Senior,13964,A-,3.667,1
51597,201110,Fall 2011,2011-2012,Freshman,101001001,AD,,0
51597,201110,Fall 2011,2011-2012,Freshman,101001002,AD,,0
51597,201110,Fall 2011,2011-2012,Freshman,201001001,AD,,0
51597,201110,Fall 2011,2011-2012,Freshman,201002002,AD,,0
51597,201110,Fall 2011,2011-2012,Freshman,201003003,AD,,0
51597,201110,Fall 2011,2011-2012,Freshman,201004004,AD,,0
51597,201110,Fall 2011,2011-2012,Freshman,201005005,AD,,0
51597,201110,Fall 2011,2011-2012,Freshman,201006006,AD,,0
51597,201110,Fall 2011,2011-2012,Freshman,201007007,AD,,0
51597,201110,Fall 2011,2011-2012,Freshman,201007008,AD,,0
51597,201120,Spring 2012,2011-2012,Freshman,201009010,AD,,0
51597,201210,Fall 2012,2012-2013,Sophomore,12511,B,3.0,1
51597,201220,Spring 2013,2012-2013,Sophomore,22485,B,3.0,1
51597,201220,Spring 2013,2012-2013,Sophomore,24090,B,3.0,1
51597,201220,Spring 2013,2012-2013,Sophomore,24144,B,3.0,1
51597,201310,Fall 2013,2013-2014,Junior,11451,B,3.0,1
51597,201310,Fall 2013,2013-2014,Junior,12509,B,3.0,1
51597,201310,Fall 2013,2013-2014,Junior,18564,B,3.0,1
51597,201410,Fall 2014,2014-2015,Senior,16219,B,3.0,1
51597,201410,Fall 2014,2014-2015,Senior,20432,B,3.0,1
51597,201420,Spring 2015,2014-2015,Senior,24917,B,3.0,1
51597,201420,Spring 2015,2014-2015,Senior,26062,B,3.0,1
51597,201220,Spring 2013,2012-2013,Sophomore,28818,B-,2.667,1
51597,201320,Spring 2014,2013-2014,Junior,20052,B-,2.667,1
51597,201120,Spring 2012,2011-2012,Freshman,24077,B+,3.333,1
51597,201210,Fall 2012,2012-2013,Sophomore,11342,B+,3.333,1
51597,201210,Fall 2012,2012-2013,Sophomore,13108,B+,3.333,1
51597,201310,Fall 2013,2013-2014,Junior,18895,B+,3.333,1
51597,201320,Spring 2014,2013-2014,Junior,21427,B+,3.333,1
51597,201420,Spring 2015,2014-2015,Senior,23768,B+,3.333,1
51597,201220,Spring 2013,2012-2013,Sophomore,20700,C,2.0,1
51597,201120,Spring 2012,2011-2012,Freshman,23896,C+,2.333,1
51597,201210,Fall 2012,2012-2013,Sophomore,14301,C+,2.333,1
51597,201110,Fall 2011,2011-2012,Freshman,12273,S,,0
51597,201110,Fall 2011,2011-2012,Freshman,13067,S,,0
51597,201110,Fall 2011,2011-2012,Freshman,13158,S,,0
51597,201120,Spring 2012,2011-2012,Freshman,22032,S,,0
51597,201120,Spring 2012,2011-2012,Freshman,24637,S,,0
51597,201210,Fall 2012,2012-2013,Sophomore,12781,S,,0
51597,201220,Spring 2013,2012-2013,Sophomore,21904,S,,0
51597,201310,Fall 2013,2013-2014,Junior,12628,S,,0
51597,201320,Spring 2014,2013-2014,Junior,21792,S,,0
51597,201320,Spring 2014,2013-2014,Junior,21795,S,,0
51597,201320,Spring 2014,2013-2014,Junior,24347,S,,0
51597,201410,Fall 2014,2014-2015,Senior,11851,S,,0
51597,201410,Fall 2014,2014-2015,Senior,12475,S,,0
51597,201420,Spring 2015,2014-2015,Senior,21707,S,,0
51597,201420,Spring 2015,2014-2015,Senior,21710,S,,0
51597,201410,Fall 2014,2014-2015,Senior,301001001,TR,,0
51597,201410,Fall 2014,2014-2015,Senior,301001002,TR,,0
51675,201110,Fall 2011,2011-2012,Freshman,10742,A,4.0,1
51675,201110,Fall 2011,2011-2012,Freshman,13637,A,4.0,1
51675,201120,Spring 2012,2011-2012,Freshman,20454,A,4.0,1
51675,201120,Spring 2012,2011-2012,Freshman,28537,A,4.0,1
51675,201120,Spring 2012,2011-2012,Freshman,29401,A,4.0,1
51675,201210,Fall 2012,2012-2013,Sophomore,11056,A,4.0,1
51675,201210,Fall 2012,2012-2013,Sophomore,14647,A,4.0,1
51675,201220,Spring 2013,2012-2013,Sophomore,21761,A,4.0,1
51675,201220,Spring 2013,2012-2013,Sophomore,28618,A,4.0,1
51675,201220,Spring 2013,2012-2013,Sophomore,28619,A,4.0,1
51675,201220,Spring 2013,2012-2013,Sophomore,28678,A,4.0,1
51675,201310,Fall 2013,2013-2014,Junior,13511,A,4.0,1
51675,201310,Fall 2013,2013-2014,Junior,19091,A,4.0,1
51675,201310,Fall 2013,2013-2014,Junior,20382,A,4.0,1
51675,201310,Fall 2013,2013-2014,Junior,20643,A,4.0,1
51675,201310,Fall 2013,2013-2014,Junior,21057,A,4.0,1
51675,201310,Fall 2013,2013-2014,Junior,21058,A,4.0,1
51675,201320,Spring 2014,2013-2014,Junior,30629,A,4.0,1
51675,201320,Spring 2014,2013-2014,Junior,30630,A,4.0,1
51675,201320,Spring 2014,2013-2014,Junior,30631,A,4.0,1
51675,201320,Spring 2014,2013-2014,Junior,30632,A,4.0,1
51675,201410,Fall 2014,2014-2015,Senior,13399,A,4.0,1
51675,201410,Fall 2014,2014-2015,Senior,13446,A,4.0,1
51675,201410,Fall 2014,2014-2015,Senior,19540,A,4.0,1
51675,201410,Fall 2014,2014-2015,Senior,19541,A,4.0,1
51675,201410,Fall 2014,2014-2015,Senior,20427,A,4.0,1
51675,201420,Spring 2015,2014-2015,Senior,21969,A,4.0,1
51675,201420,Spring 2015,2014-2015,Senior,23997,A,4.0,1
51675,201420,Spring 2015,2014-2015,Senior,29656,A,4.0,1
51675,201420,Spring 2015,2014-2015,Senior,29677,A,4.0,1
51675,201420,Spring 2015,2014-2015,Senior,30264,A,4.0,1
51675,201420,Spring 2015,2014-2015,Senior,30301,A,4.0,1
51675,201110,Fall 2011,2011-2012,Freshman,10914,A-,3.667,1
51675,201110,Fall 2011,2011-2012,Freshman,12438,A-,3.667,1
51675,201120,Spring 2012,2011-2012,Freshman,21846,A-,3.667,1
51675,201210,Fall 2012,2012-2013,Sophomore,12969,A-,3.667,1
51675,201210,Fall 2012,2012-2013,Sophomore,18681,A-,3.667,1
51675,201210,Fall 2012,2012-2013,Sophomore,18763,A-,3.667,1
51675,201220,Spring 2013,2012-2013,Sophomore,23138,A-,3.667,1
51675,201110,Fall 2011,2011-2012,Freshman,101001001,AD,,0
51675,201110,Fall 2011,2011-2012,Freshman,19349,B+,3.333,1
51675,201120,Spring 2012,2011-2012,Freshman,25289,B+,3.333,1
51675,201110,Fall 2011,2011-2012,Freshman,13158,S,,0
51675,201120,Spring 2012,2011-2012,Freshman,24633,S,,0
51675,201410,Fall 2014,2014-2015,Senior,15183,S,,0
51675,201420,Spring 2015,2014-2015,Senior,21953,S,,0
51722,201110,Fall 2011,2011-2012,Freshman,12136,A,4.0,1
51722,201110,Fall 2011,2011-2012,Freshman,12711,A,4.0,1
51722,201110,Fall 2011,2011-2012,Freshman,12839,A,4.0,1
51722,201110,Fall 2011,2011-2012,Freshman,15415,A,4.0,1
51722,201110,Fall 2011,2011-2012,Freshman,15891,A,4.0,1
51722,201110,Fall 2011,2011-2012,Freshman,18570,A,4.0,1
51722,201120,Spring 2012,2011-2012,Freshman,20623,A,4.0,1
51722,201120,Spring 2012,2011-2012,Freshman,21644,A,4.0,1
51722,201120,Spring 2012,2011-2012,Freshman,21899,A,4.0,1
51722,201120,Spring 2012,2011-2012,Freshman,23472,A,4.0,1
51722,201120,Spring 2012,2011-2012,Freshman,24643,A,4.0,1
51722,201210,Fall 2012,2012-2013,Sophomore,11641,A,4.0,1
51722,201210,Fall 2012,2012-2013,Sophomore,14392,A,4.0,1
51722,201210,Fall 2012,2012-2013,Sophomore,15138,A,4.0,1
51722,201210,Fall 2012,2012-2013,Sophomore,19055,A,4.0,1
51722,201220,Spring 2013,2012-2013,Sophomore,22722,A,4.0,1
51722,201220,Spring 2013,2012-2013,Sophomore,24627,A,4.0,1
51722,201220,Spring 2013,2012-2013,Sophomore,26099,A,4.0,1
51722,201220,Spring 2013,2012-2013,Sophomore,26102,A,4.0,1
51722,201220,Spring 2013,2012-2013,Sophomore,26773,A,4.0,1
51722,201310,Fall 2013,2013-2014,Junior,12725,A,4.0,1
51722,201310,Fall 2013,2013-2014,Junior,14248,A,4.0,1
51722,201310,Fall 2013,2013-2014,Junior,18466,A,4.0,1
51722,201310,Fall 2013,2013-2014,Junior,19803,A,4.0,1
51722,201320,Spring 2014,2013-2014,Junior,30530,A,4.0,1
51722,201320,Spring 2014,2013-2014,Junior,30531,A,4.0,1
51722,201320,Spring 2014,2013-2014,Junior,30536,A,4.0,1
51722,201320,Spring 2014,2013-2014,Junior,30540,A,4.0,1
51722,201410,Fall 2014,2014-2015,Senior,14430,A,4.0,1
51722,201410,Fall 2014,2014-2015,Senior,15776,A,4.0,1
51722,201410,Fall 2014,2014-2015,Senior,19836,A,4.0,1
51722,201420,Spring 2015,2014-2015,Senior,27049,A,4.0,1
51722,201420,Spring 2015,2014-2015,Senior,29067,A,4.0,1
51722,201420,Spring 2015,2014-2015,Senior,29172,A,4.0,1
51722,201110,Fall 2011,2011-2012,Freshman,10562,A-,3.667,1
51722,201120,Spring 2012,2011-2012,Freshman,21990,A-,3.667,1
51722,201120,Spring 2012,2011-2012,Freshman,29084,A-,3.667,1
51722,201210,Fall 2012,2012-2013,Sophomore,16816,A-,3.667,1
51722,201220,Spring 2013,2012-2013,Sophomore,29413,A-,3.667,1
51722,201310,Fall 2013,2013-2014,Junior,11450,A-,3.667,1
51722,201310,Fall 2013,2013-2014,Junior,19124,A-,3.667,1
51722,201320,Spring 2014,2013-2014,Junior,30528,A-,3.667,1
51722,201410,Fall 2014,2014-2015,Senior,14107,A-,3.667,1
51722,201410,Fall 2014,2014-2015,Senior,16255,A-,3.667,1
51722,201420,Spring 2015,2014-2015,Senior,24449,A-,3.667,1
51722,201110,Fall 2011,2011-2012,Freshman,101001001,AD,,0
51722,201110,Fall 2011,2011-2012,Freshman,101002002,AD,,0
51722,201110,Fall 2011,2011-2012,Freshman,101002003,AD,,0
51722,201110,Fall 2011,2011-2012,Freshman,101003004,AD,,0
51722,201110,Fall 2011,2011-2012,Freshman,12018,S,,0
51722,201110,Fall 2011,2011-2012,Freshman,13157,S,,0
51722,201120,Spring 2012,2011-2012,Freshman,21887,S,,0
51722,201120,Spring 2012,2011-2012,Freshman,22032,S,,0
51722,201120,Spring 2012,2011-2012,Freshman,24637,S,,0
51722,201210,Fall 2012,2012-2013,Sophomore,12066,S,,0
51722,201210,Fall 2012,2012-2013,Sophomore,12781,S,,0
51722,201220,Spring 2013,2012-2013,Sophomore,21767,S,,0
51722,201220,Spring 2013,2012-2013,Sophomore,21904,S,,0
51722,201220,Spring 2013,2012-2013,Sophomore,21908,S,,0
51722,201310,Fall 2013,2013-2014,Junior,11959,S,,0
51722,201310,Fall 2013,2013-2014,Junior,12628,S,,0
51722,201320,Spring 2014,2013-2014,Junior,30535,S,,0
51722,201410,Fall 2014,2014-2015,Senior,12475,S,,0
51722,201420,Spring 2015,2014-2015,Senior,21711,S,,0
51722,201420,Spring 2015,2014-2015,Senior,30113,S,,0
52385,201110,Fall 2011,2011-2012,Freshman,16726,A,4.0,1
52385,201110,Fall 2011,2011-2012,Freshman,19349,A,4.0,1
52385,201120,Spring 2012,2011-2012,Freshman,27010,A,4.0,1
52385,201220,Spring 2013,2012-2013,Sophomore,23579,A,4.0,1
52385,201220,Spring 2013,2012-2013,Sophomore,23587,A,4.0,1
52385,201220,Spring 2013,2012-2013,Sophomore,25903,A,4.0,1
52385,201310,Fall 2013,2013-2014,Junior,10445,A,4.0,1
52385,201310,Fall 2013,2013-2014,Junior,12480,A,4.0,1
52385,201310,Fall 2013,2013-2014,Junior,15352,A,4.0,1
52385,201310,Fall 2013,2013-2014,Junior,19499,A,4.0,1
52385,201320,Spring 2014,2013-2014,Junior,20165,A,4.0,1
52385,201320,Spring 2014,2013-2014,Junior,21145,A,4.0,1
52385,201320,Spring 2014,2013-2014,Junior,23986,A,4.0,1
52385,201320,Spring 2014,2013-2014,Junior,24376,A,4.0,1
52385,201410,Fall 2014,2014-2015,Senior,13352,A,4.0,1
52385,201410,Fall 2014,2014-2015,Senior,13411,A,4.0,1
52385,201410,Fall 2014,2014-2015,Senior,17125,A,4.0,1
52385,201410,Fall 2014,2014-2015,Senior,20574,A,4.0,1
52385,201110,Fall 2011,2011-2012,Freshman,12439,A-,3.667,1
52385,201220,Spring 2013,2012-2013,Sophomore,28865,A-,3.667,1
52385,201310,Fall 2013,2013-2014,Junior,11795,A-,3.667,1
52385,201320,Spring 2014,2013-2014,Junior,20082,A-,3.667,1
52385,201320,Spring 2014,2013-2014,Junior,29297,A-,3.667,1
52385,201410,Fall 2014,2014-2015,Senior,10421,A-,3.667,1
52385,201410,Fall 2014,2014-2015,Senior,15758,A-,3.667,1
52385,201410,Fall 2014,2014-2015,Senior,16715,A-,3.667,1
52385,201110,Fall 2011,2011-2012,Freshman,101001001,AD,,0
52385,201110,Fall 2011,2011-2012,Freshman,101001002,AD,,0
52385,201120,Spring 2012,2011-2012,Freshman,201001001,AD,,0
52385,201120,Spring 2012,2011-2012,Freshman,201002002,AD,,0
52385,201120,Spring 2012,2011-2012,Freshman,201003003,AD,,0
52385,201120,Spring 2012,2011-2012,Freshman,201004004,AD,,0
52385,201120,Spring 2012,2011-2012,Freshman,201005005,AD,,0
52385,201120,Spring 2012,2011-2012,Freshman,201006006,AD,,0
52385,201120,Spring 2012,2011-2012,Freshman,201006007,AD,,0
52385,201120,Spring 2012,2011-2012,Freshman,201007008,AD,,0
52385,201120,Spring 2012,2011-2012,Freshman,201008009,AD,,0
52385,201110,Fall 2011,2011-2012,Freshman,15154,B,3.0,1
52385,201120,Spring 2012,2011-2012,Freshman,24426,B,3.0,1
52385,201220,Spring 2013,2012-2013,Sophomore,25904,B,3.0,1
52385,201120,Spring 2012,2011-2012,Freshman,22262,B-,2.667,1
52385,201210,Fall 2012,2012-2013,Sophomore,11113,B-,2.667,1
52385,201210,Fall 2012,2012-2013,Sophomore,18984,B-,2.667,1
52385,201210,Fall 2012,2012-2013,Sophomore,11389,B+,3.333,1
52385,201210,Fall 2012,2012-2013,Sophomore,12548,B+,3.333,1
52385,201220,Spring 2013,2012-2013,Sophomore,25832,B+,3.333,1
52385,201310,Fall 2013,2013-2014,Junior,11794,B+,3.333,1
52385,201310,Fall 2013,2013-2014,Junior,19915,B+,3.333,1
52385,201320,Spring 2014,2013-2014,Junior,20737,B+,3.333,1
52385,201120,Spring 2012,2011-2012,Freshman,21846,C,2.0,1
52385,201120,Spring 2012,2011-2012,Freshman,20991,C-,1.667,1
52385,201410,Fall 2014,2014-2015,Senior,20194,P,,0
52385,201110,Fall 2011,2011-2012,Freshman,20179,S,,0
52385,201310,Fall 2013,2013-2014,Junior,11938,S,,0
52385,201310,Fall 2013,2013-2014,Junior,13834,S,,0
52385,201320,Spring 2014,2013-2014,Junior,23997,S,,0
52385,201110,Fall 2011,2011-2012,Freshman,13154,U,,0
52385,201120,Spring 2012,2011-2012,Freshman,24633,U,,0
52385,201210,Fall 2012,2012-2013,Sophomore,14075,U,,0
52441,201110,Fall 2011,2011-2012,Freshman,12944,A,4.0,1
52441,201210,Fall 2012,2012-2013,Sophomore,12102,A,4.0,1
52441,201320,Spring 2014,2013-2014,Junior,24092,A,4.0,1
52441,201410,Fall 2014,2014-2015,Senior,14209,A,4.0,1
52441,201410,Fall 2014,2014-2015,Senior,19659,A,4.0,1
52441,201420,Spring 2015,2014-2015,Senior,23185,A,4.0,1
52441,201110,Fall 2011,2011-2012,Freshman,12136,A-,3.667,1
52441,201120,Spring 2012,2011-2012,Freshman,24455,A-,3.667,1
52441,201220,Spring 2013,2012-2013,Sophomore,23092,A-,3.667,1
52441,201220,Spring 2013,2012-2013,Sophomore,23897,A-,3.667,1
52441,201310,Fall 2013,2013-2014,Junior,16325,A-,3.667,1
52441,201320,Spring 2014,2013-2014,Junior,23326,A-,3.667,1
52441,201410,Fall 2014,2014-2015,Senior,19543,A-,3.667,1
52441,201410,Fall 2014,2014-2015,Senior,19940,A-,3.667,1
52441,201420,Spring 2015,2014-2015,Senior,26524,A-,3.667,1
52441,201110,Fall 2011,2011-2012,Freshman,101001001,AD,,0
52441,201120,Spring 2012,2011-2012,Freshman,21899,B,3.0,1
52441,201120,Spring 2012,2011-2012,Freshman,22543,B,3.0,1
52441,201210,Fall 2012,2012-2013,Sophomore,12711,B,3.0,1
52441,201210,Fall 2012,2012-2013,Sophomore,15140,B,3.0,1
52441,201310,Fall 2013,2013-2014,Junior,11108,B,3.0,1
52441,201110,Fall 2011,2011-2012,Freshman,15718,B-,2.667,1
52441,201220,Spring 2013,2012-2013,Sophomore,28620,B-,2.667,1
52441,201220,Spring 2013,2012-2013,Sophomore,28969,B-,2.667,1
52441,201410,Fall 2014,2014-2015,Senior,20619,B-,2.667,1
52441,201420,Spring 2015,2014-2015,Senior,26942,B-,2.667,1
52441,201110,Fall 2011,2011-2012,Freshman,12440,B+,3.333,1
52441,201120,Spring 2012,2011-2012,Freshman,22477,B+,3.333,1
52441,201210,Fall 2012,2012-2013,Sophomore,12969,B+,3.333,1
52441,201210,Fall 2012,2012-2013,Sophomore,16846,B+,3.333,1
52441,201220,Spring 2013,2012-2013,Sophomore,26116,B+,3.333,1
52441,201310,Fall 2013,2013-2014,Junior,13070,B+,3.333,1
52441,201310,Fall 2013,2013-2014,Junior,18590,B+,3.333,1
52441,201320,Spring 2014,2013-2014,Junior,24079,B+,3.333,1
52441,201320,Spring 2014,2013-2014,Junior,24477,B+,3.333,1
52441,201320,Spring 2014,2013-2014,Junior,30353,B+,3.333,1
52441,201410,Fall 2014,2014-2015,Senior,19936,B+,3.333,1
52441,201420,Spring 2015,2014-2015,Senior,26789,B+,3.333,1
52441,201110,Fall 2011,2011-2012,Freshman,14269,C+,2.333,1
52441,201310,Fall 2013,2013-2014,Junior,12073,C+,2.333,1
52441,201110,Fall 2011,2011-2012,Freshman,13157,S,,0
52441,201120,Spring 2012,2011-2012,Freshman,24634,S,,0
52441,201210,Fall 2012,2012-2013,Sophomore,10814,S,,0
52441,201420,Spring 2015,2014-2015,Senior,20703,S,,0
52923,201110,Fall 2011,2011-2012,Freshman,12315,A,4.0,1
52923,201120,Spring 2012,2011-2012,Freshman,22689,A,4.0,1
52923,201200,Summer 2012,2012-2013,Sophomore,2944,A,4.0,1
52923,201210,Fall 2012,2012-2013,Sophomore,11628,A,4.0,1
52923,201210,Fall 2012,2012-2013,Sophomore,14528,A,4.0,1
52923,201220,Spring 2013,2012-2013,Sophomore,24093,A,4.0,1
52923,201300,Summer 2013,2013-2014,Junior,3174,A,4.0,1
52923,201300,Summer 2013,2013-2014,Junior,3938,A,4.0,1
52923,201310,Fall 2013,2013-2014,Junior,14957,A,4.0,1
52923,201320,Spring 2014,2013-2014,Junior,21513,A,4.0,1
52923,201320,Spring 2014,2013-2014,Junior,22113,A,4.0,1
52923,201320,Spring 2014,2013-2014,Junior,25335,A,4.0,1
52923,201410,Fall 2014,2014-2015,Senior,16737,A,4.0,1
52923,201410,Fall 2014,2014-2015,Senior,19804,A,4.0,1
52923,201420,Spring 2015,2014-2015,Senior,22007,A,4.0,1
52923,201420,Spring 2015,2014-2015,Senior,25843,A,4.0,1
52923,201420,Spring 2015,2014-2015,Senior,26382,A,4.0,1
52923,201110,Fall 2011,2011-2012,Freshman,10537,A-,3.667,1
52923,201110,Fall 2011,2011-2012,Freshman,11960,A-,3.667,1
52923,201120,Spring 2012,2011-2012,Freshman,29163,A-,3.667,1
52923,201200,Summer 2012,2012-2013,Sophomore,2945,A-,3.667,1
52923,201210,Fall 2012,2012-2013,Sophomore,11416,A-,3.667,1
52923,201210,Fall 2012,2012-2013,Sophomore,13005,A-,3.667,1
52923,201220,Spring 2013,2012-2013,Sophomore,20142,A-,3.667,1
52923,201220,Spring 2013,2012-2013,Sophomore,23054,A-,3.667,1
52923,201220,Spring 2013,2012-2013,Sophomore,23616,A-,3.667,1
52923,201310,Fall 2013,2013-2014,Junior,13933,A-,3.667,1
52923,201310,Fall 2013,2013-2014,Junior,14956,A-,3.667,1
52923,201410,Fall 2014,2014-2015,Senior,13490,A-,3.667,1
52923,201410,Fall 2014,2014-2015,Senior,14925,A-,3.667,1
52923,201420,Spring 2015,2014-2015,Senior,24668,A-,3.667,1
52923,201420,Spring 2015,2014-2015,Senior,24944,A-,3.667,1
52923,201420,Spring 2015,2014-2015,Senior,25086,A-,3.667,1
52923,201110,Fall 2011,2011-2012,Freshman,101001001,AD,,0
52923,201110,Fall 2011,2011-2012,Freshman,101001002,AD,,0
52923,201110,Fall 2011,2011-2012,Freshman,101002003,AD,,0
52923,201110,Fall 2011,2011-2012,Freshman,101003004,AD,,0
52923,201110,Fall 2011,2011-2012,Freshman,101004005,AD,,0
52923,201110,Fall 2011,2011-2012,Freshman,14270,B,3.0,1
52923,201120,Spring 2012,2011-2012,Freshman,25045,B,3.0,1
52923,201210,Fall 2012,2012-2013,Sophomore,11392,B,3.0,1
52923,201220,Spring 2013,2012-2013,Sophomore,24522,B,3.0,1
52923,201320,Spring 2014,2013-2014,Junior,20849,B,3.0,1
52923,201420,Spring 2015,2014-2015,Senior,23259,B,3.0,1
52923,201110,Fall 2011,2011-2012,Freshman,12839,B+,3.333,1
52923,201210,Fall 2012,2012-2013,Sophomore,11342,B+,3.333,1
52923,201210,Fall 2012,2012-2013,Sophomore,13022,B+,3.333,1
52923,201220,Spring 2013,2012-2013,Sophomore,24392,B+,3.333,1
52923,201310,Fall 2013,2013-2014,Junior,12702,B+,3.333,1
52923,201310,Fall 2013,2013-2014,Junior,13924,B+,3.333,1
52923,201320,Spring 2014,2013-2014,Junior,22926,B+,3.333,1
52923,201410,Fall 2014,2014-2015,Senior,11355,B+,3.333,1
52923,201220,Spring 2013,2012-2013,Sophomore,20700,C,2.0,1
52923,201120,Spring 2012,2011-2012,Freshman,23896,C+,2.333,1
52923,201110,Fall 2011,2011-2012,Freshman,13161,S,,0
52923,201120,Spring 2012,2011-2012,Freshman,24637,S,,0
52923,201310,Fall 2013,2013-2014,Junior,17148,S,,0
52923,201320,Spring 2014,2013-2014,Junior,24347,S,,0
52923,201410,Fall 2014,2014-2015,Senior,201001001,TR,,0
53275,201110,Fall 2011,2011-2012,Freshman,11353,A,4.0,1
53275,201110,Fall 2011,2011-2012,Freshman,15660,A,4.0,1
53275,201210,Fall 2012,2012-2013,Sophomore,10987,A,4.0,1
53275,201220,Spring 2013,2012-2013,Sophomore,20232,A,4.0,1
53275,201300,Summer 2013,2013-2014,Junior,3838,A,4.0,1
53275,201320,Spring 2014,2013-2014,Junior,20607,A,4.0,1
53275,201320,Spring 2014,2013-2014,Junior,25633,A,4.0,1
53275,201410,Fall 2014,2014-2015,Senior,10931,A,4.0,1
53275,201410,Fall 2014,2014-2015,Senior,20424,A,4.0,1
53275,201420,Spring 2015,2014-2015,Senior,21576,A,4.0,1
53275,201420,Spring 2015,2014-2015,Senior,26457,A,4.0,1
53275,201110,Fall 2011,2011-2012,Freshman,10709,A-,3.667,1
53275,201220,Spring 2013,2012-2013,Sophomore,25600,A-,3.667,1
53275,201220,Spring 2013,2012-2013,Sophomore,28585,A-,3.667,1
53275,201310,Fall 2013,2013-2014,Junior,15134,A-,3.667,1
53275,201320,Spring 2014,2013-2014,Junior,20969,A-,3.667,1
53275,201410,Fall 2014,2014-2015,Senior,10869,A-,3.667,1
53275,201110,Fall 2011,2011-2012,Freshman,101001001,AD,,0
53275,201110,Fall 2011,2011-2012,Freshman,101002002,AD,,0
53275,201110,Fall 2011,2011-2012,Freshman,101003003,AD,,0
53275,201110,Fall 2011,2011-2012,Freshman,101004004,AD,,0
53275,201110,Fall 2011,2011-2012,Freshman,101005005,AD,,0
53275,201110,Fall 2011,2011-2012,Freshman,101006006,AD,,0
53275,201110,Fall 2011,2011-2012,Freshman,101007007,AD,,0
53275,201110,Fall 2011,2011-2012,Freshman,101008008,AD,,0
53275,201110,Fall 2011,2011-2012,Freshman,101009009,AD,,0
53275,201110,Fall 2011,2011-2012,Freshman,101009010,AD,,0
53275,201110,Fall 2011,2011-2012,Freshman,101010011,AD,,0
53275,201120,Spring 2012,2011-2012,Freshman,22065,B,3.0,1
53275,201220,Spring 2013,2012-2013,Sophomore,20268,B,3.0,1
53275,201310,Fall 2013,2013-2014,Junior,11622,B,3.0,1
53275,201110,Fall 2011,2011-2012,Freshman,10872,B-,2.667,1
53275,201110,Fall 2011,2011-2012,Freshman,14743,B-,2.667,1
53275,201310,Fall 2013,2013-2014,Junior,12179,B-,2.667,1
53275,201310,Fall 2013,2013-2014,Junior,12181,B-,2.667,1
53275,201410,Fall 2014,2014-2015,Senior,20877,B-,2.667,1
53275,201110,Fall 2011,2011-2012,Freshman,12191,B+,3.333,1
53275,201120,Spring 2012,2011-2012,Freshman,22146,B+,3.333,1
53275,201120,Spring 2012,2011-2012,Freshman,24780,B+,3.333,1
53275,201210,Fall 2012,2012-2013,Sophomore,10635,B+,3.333,1
53275,201210,Fall 2012,2012-2013,Sophomore,12350,B+,3.333,1
53275,201220,Spring 2013,2012-2013,Sophomore,20791,B+,3.333,1
53275,201310,Fall 2013,2013-2014,Junior,11621,B+,3.333,1
53275,201310,Fall 2013,2013-2014,Junior,10004,C,2.0,1
53275,201320,Spring 2014,2013-2014,Junior,21311,C,2.0,1
53275,201320,Spring 2014,2013-2014,Junior,21667,C,2.0,1
53275,201410,Fall 2014,2014-2015,Senior,15516,C,2.0,1
53275,201420,Spring 2015,2014-2015,Senior,29656,C,2.0,1
53275,201120,Spring 2012,2011-2012,Freshman,21476,C-,1.667,1
53275,201120,Spring 2012,2011-2012,Freshman,23895,C-,1.667,1
53275,201420,Spring 2015,2014-2015,Senior,29655,C-,1.667,1
53275,201210,Fall 2012,2012-2013,Sophomore,10986,C+,2.333,1
53275,201210,Fall 2012,2012-2013,Sophomore,13039,C+,2.333,1
53275,201420,Spring 2015,2014-2015,Senior,20518,F,0.0,1
53275,201110,Fall 2011,2011-2012,Freshman,12267,S,,0
53275,201110,Fall 2011,2011-2012,Freshman,13162,S,,0
53275,201110,Fall 2011,2011-2012,Freshman,19763,S,,0
53275,201120,Spring 2012,2011-2012,Freshman,22032,S,,0
53275,201120,Spring 2012,2011-2012,Freshman,24639,S,,0
53275,201120,Spring 2012,2011-2012,Freshman,28835,S,,0
53275,201210,Fall 2012,2012-2013,Sophomore,12066,S,,0
53275,201410,Fall 2014,2014-2015,Senior,15995,S,,0
53884,201110,Fall 2011,2011-2012,Freshman,12191,A,4.0,1
53884,201110,Fall 2011,2011-2012,Freshman,18649,A,4.0,1
53884,201210,Fall 2012,2012-2013,Sophomore,10844,A,4.0,1
53884,201210,Fall 2012,2012-2013,Sophomore,15189,A,4.0,1
53884,201210,Fall 2012,2012-2013,Sophomore,18760,A,4.0,1
53884,201220,Spring 2013,2012-2013,Sophomore,20022,A,4.0,1
53884,201220,Spring 2013,2012-2013,Sophomore,21611,A,4.0,1
53884,201310,Fall 2013,2013-2014,Junior,20651,A,4.0,1
53884,201310,Fall 2013,2013-2014,Junior,20653,A,4.0,1
53884,201310,Fall 2013,2013-2014,Junior,21113,A,4.0,1
53884,201310,Fall 2013,2013-2014,Junior,21114,A,4.0,1
53884,201320,Spring 2014,2013-2014,Junior,20675,A,4.0,1
53884,201320,Spring 2014,2013-2014,Junior,21509,A,4.0,1
53884,201320,Spring 2014,2013-2014,Junior,30115,A,4.0,1
53884,201410,Fall 2014,2014-2015,Senior,11070,A,4.0,1
53884,201410,Fall 2014,2014-2015,Senior,20266,A,4.0,1
53884,201420,Spring 2015,2014-2015,Senior,20384,A,4.0,1
53884,201420,Spring 2015,2014-2015,Senior,26873,A,4.0,1
53884,201420,Spring 2015,2014-2015,Senior,27373,A,4.0,1
53884,201110,Fall 2011,2011-2012,Freshman,10538,A-,3.667,1
53884,201110,Fall 2011,2011-2012,Freshman,10710,A-,3.667,1
53884,201110,Fall 2011,2011-2012,Freshman,12851,A-,3.667,1
53884,201120,Spring 2012,2011-2012,Freshman,20273,A-,3.667,1
53884,201120,Spring 2012,2011-2012,Freshman,20604,A-,3.667,1
53884,201120,Spring 2012,2011-2012,Freshman,21397,A-,3.667,1
53884,201210,Fall 2012,2012-2013,Sophomore,11412,A-,3.667,1
53884,201220,Spring 2013,2012-2013,Sophomore,20436,A-,3.667,1
53884,201220,Spring 2013,2012-2013,Sophomore,21473,A-,3.667,1
53884,201220,Spring 2013,2012-2013,Sophomore,24530,A-,3.667,1
53884,201320,Spring 2014,2013-2014,Junior,23345,A-,3.667,1
53884,201410,Fall 2014,2014-2015,Senior,11370,A-,3.667,1
53884,201410,Fall 2014,2014-2015,Senior,19675,A-,3.667,1
53884,201110,Fall 2011,2011-2012,Freshman,101001001,AD,,0
53884,201110,Fall 2011,2011-2012,Freshman,101002002,AD,,0
53884,201110,Fall 2011,2011-2012,Freshman,101003003,AD,,0
53884,201110,Fall 2011,2011-2012,Freshman,101004004,AD,,0
53884,201120,Spring 2012,2011-2012,Freshman,22728,B,3.0,1
53884,201210,Fall 2012,2012-2013,Sophomore,11548,B,3.0,1
53884,201410,Fall 2014,2014-2015,Senior,17063,B,3.0,1
53884,201120,Spring 2012,2011-2012,Freshman,22195,B+,3.333,1
53884,201310,Fall 2013,2013-2014,Junior,13469,B+,3.333,1
53884,201320,Spring 2014,2013-2014,Junior,22431,B+,3.333,1
53884,201420,Spring 2015,2014-2015,Senior,24680,B+,3.333,1
53884,201110,Fall 2011,2011-2012,Freshman,13159,S,,0
53884,201120,Spring 2012,2011-2012,Freshman,24636,S,,0
57637,201110,Fall 2011,2011-2012,Freshman,11963,A,4.0,1
57637,201120,Spring 2012,2011-2012,Freshman,21659,A,4.0,1
57637,201210,Fall 2012,2012-2013,Sophomore,10313,A,4.0,1
57637,201210,Fall 2012,2012-2013,Sophomore,10314,A,4.0,1
57637,201210,Fall 2012,2012-2013,Sophomore,10844,A,4.0,1
57637,201220,Spring 2013,2012-2013,Sophomore,20239,A,4.0,1
57637,201220,Spring 2013,2012-2013,Sophomore,21473,A,4.0,1
57637,201220,Spring 2013,2012-2013,Sophomore,26203,A,4.0,1
57637,201220,Spring 2013,2012-2013,Sophomore,29525,A,4.0,1
57637,201310,Fall 2013,2013-2014,Junior,12700,A,4.0,1
57637,201310,Fall 2013,2013-2014,Junior,12701,A,4.0,1
57637,201320,Spring 2014,2013-2014,Junior,20254,A,4.0,1
57637,201320,Spring 2014,2013-2014,Junior,23344,A,4.0,1
57637,201410,Fall 2014,2014-2015,Senior,11241,A,4.0,1
57637,201410,Fall 2014,2014-2015,Senior,15947,A,4.0,1
57637,201410,Fall 2014,2014-2015,Senior,16628,A,4.0,1
57637,201410,Fall 2014,2014-2015,Senior,20265,A,4.0,1
57637,201420,Spring 2015,2014-2015,Senior,21968,A,4.0,1
57637,201420,Spring 2015,2014-2015,Senior,23450,A,4.0,1
57637,201420,Spring 2015,2014-2015,Senior,29196,A,4.0,1
57637,201110,Fall 2011,2011-2012,Freshman,10709,A-,3.667,1
57637,201120,Spring 2012,2011-2012,Freshman,22195,A-,3.667,1
57637,201120,Spring 2012,2011-2012,Freshman,24780,A-,3.667,1
57637,201210,Fall 2012,2012-2013,Sophomore,10023,A-,3.667,1
57637,201210,Fall 2012,2012-2013,Sophomore,15113,A-,3.667,1
57637,201220,Spring 2013,2012-2013,Sophomore,24938,A-,3.667,1
57637,201310,Fall 2013,2013-2014,Junior,13927,A-,3.667,1
57637,201310,Fall 2013,2013-2014,Junior,14954,A-,3.667,1
57637,201310,Fall 2013,2013-2014,Junior,14976,A-,3.667,1
57637,201320,Spring 2014,2013-2014,Junior,20261,A-,3.667,1
57637,201320,Spring 2014,2013-2014,Junior,29710,A-,3.667,1
57637,201320,Spring 2014,2013-2014,Junior,29744,A-,3.667,1
57637,201420,Spring 2015,2014-2015,Senior,25093,A-,3.667,1
57637,201110,Fall 2011,2011-2012,Freshman,101001001,AD,,0
57637,201110,Fall 2011,2011-2012,Freshman,101002002,AD,,0
57637,201110,Fall 2011,2011-2012,Freshman,101003003,AD,,0
57637,201110,Fall 2011,2011-2012,Freshman,101003004,AD,,0
57637,201110,Fall 2011,2011-2012,Freshman,10870,B,3.0,1
57637,201120,Spring 2012,2011-2012,Freshman,22728,B,3.0,1
57637,201410,Fall 2014,2014-2015,Senior,12110,B-,2.667,1
57637,201110,Fall 2011,2011-2012,Freshman,11915,B+,3.333,1
57637,201110,Fall 2011,2011-2012,Freshman,14268,B+,3.333,1
57637,201120,Spring 2012,2011-2012,Freshman,25821,B+,3.333,1
57637,201110,Fall 2011,2011-2012,Freshman,13163,S,,0
57637,201120,Spring 2012,2011-2012,Freshman,24638,S,,0
57637,201310,Fall 2013,2013-2014,Junior,13032,S,,0
57637,201310,Fall 2013,2013-2014,Junior,17148,S,,0
58909,201210,Fall 2012,2012-2013,Sophomore,11641,A,4.0,1
58909,201310,Fall 2013,2013-2014,Junior,11441,A,4.0,1
58909,201410,Fall 2014,2014-2015,Senior,11339,A,4.0,1
58909,201110,Fall 2011,2011-2012,Freshman,10710,A-,3.667,1
58909,201110,Fall 2011,2011-2012,Freshman,11221,A-,3.667,1
58909,201300,Summer 2013,2013-2014,Junior,2777,A-,3.667,1
58909,201310,Fall 2013,2013-2014,Junior,18895,A-,3.667,1
58909,201320,Spring 2014,2013-2014,Junior,20735,A-,3.667,1
58909,201420,Spring 2015,2014-2015,Senior,29183,A-,3.667,1
58909,201420,Spring 2015,2014-2015,Senior,29241,A-,3.667,1
58909,201110,Fall 2011,2011-2012,Freshman,101001001,AD,,0
58909,201110,Fall 2011,2011-2012,Freshman,101002002,AD,,0
58909,201110,Fall 2011,2011-2012,Freshman,101003003,AD,,0
58909,201110,Fall 2011,2011-2012,Freshman,101004004,AD,,0
58909,201110,Fall 2011,2011-2012,Freshman,101005005,AD,,0
58909,201110,Fall 2011,2011-2012,Freshman,101006006,AD,,0
58909,201120,Spring 2012,2011-2012,Freshman,21659,B,3.0,1
58909,201210,Fall 2012,2012-2013,Sophomore,11516,B,3.0,1
58909,201220,Spring 2013,2012-2013,Sophomore,22606,B,3.0,1
58909,201220,Spring 2013,2012-2013,Sophomore,24571,B,3.0,1
58909,201310,Fall 2013,2013-2014,Junior,10255,B,3.0,1
58909,201320,Spring 2014,2013-2014,Junior,20690,B,3.0,1
58909,201410,Fall 2014,2014-2015,Senior,11337,B,3.0,1
58909,201420,Spring 2015,2014-2015,Senior,21621,B,3.0,1
58909,201120,Spring 2012,2011-2012,Freshman,22049,B-,2.667,1
58909,201210,Fall 2012,2012-2013,Sophomore,10635,B-,2.667,1
58909,201310,Fall 2013,2013-2014,Junior,11440,B-,2.667,1
58909,201320,Spring 2014,2013-2014,Junior,20812,B-,2.667,1
58909,201410,Fall 2014,2014-2015,Senior,11338,B-,2.667,1
58909,201110,Fall 2011,2011-2012,Freshman,14269,B+,3.333,1
58909,201110,Fall 2011,2011-2012,Freshman,18550,B+,3.333,1
58909,201120,Spring 2012,2011-2012,Freshman,20704,B+,3.333,1
58909,201120,Spring 2012,2011-2012,Freshman,24780,B+,3.333,1
58909,201210,Fall 2012,2012-2013,Sophomore,19348,B+,3.333,1
58909,201220,Spring 2013,2012-2013,Sophomore,20548,B+,3.333,1
58909,201220,Spring 2013,2012-2013,Sophomore,22222,B+,3.333,1
58909,201300,Summer 2013,2013-2014,Junior,4119,B+,3.333,1
58909,201320,Spring 2014,2013-2014,Junior,20140,B+,3.333,1
58909,201320,Spring 2014,2013-2014,Junior,29151,B+,3.333,1
58909,201410,Fall 2014,2014-2015,Senior,19675,B+,3.333,1
58909,201410,Fall 2014,2014-2015,Senior,21091,B+,3.333,1
58909,201420,Spring 2015,2014-2015,Senior,29510,B+,3.333,1
58909,201110,Fall 2011,2011-2012,Freshman,12881,C,2.0,1
58909,201310,Fall 2013,2013-2014,Junior,11423,C,2.0,1
58909,201120,Spring 2012,2011-2012,Freshman,25859,C+,2.333,1
58909,201210,Fall 2012,2012-2013,Sophomore,14298,C+,2.333,1
58909,201220,Spring 2013,2012-2013,Sophomore,24089,C+,2.333,1
58909,201310,Fall 2013,2013-2014,Junior,14713,C+,2.333,1
58909,201110,Fall 2011,2011-2012,Freshman,13163,S,,0
58909,201120,Spring 2012,2011-2012,Freshman,24638,S,,0
58909,201220,Spring 2013,2012-2013,Sophomore,21465,S,,0
60482,201110,Fall 2011,2011-2012,Freshman,15588,A,4.0,1
60482,201120,Spring 2012,2011-2012,Freshman,25887,A,4.0,1
60482,201210,Fall 2012,2012-2013,Sophomore,16639,A,4.0,1
60482,201220,Spring 2013,2012-2013,Sophomore,20711,A,4.0,1
60482,201310,Fall 2013,2013-2014,Junior,12841,A,4.0,1
60482,201320,Spring 2014,2013-2014,Junior,25024,A,4.0,1
60482,201320,Spring 2014,2013-2014,Junior,26508,A,4.0,1
60482,201110,Fall 2011,2011-2012,Freshman,11213,A-,3.667,1
60482,201110,Fall 2011,2011-2012,Freshman,18653,A-,3.667,1
60482,201120,Spring 2012,2011-2012,Freshman,20202,A-,3.667,1
60482,201210,Fall 2012,2012-2013,Sophomore,11268,A-,3.667,1
60482,201210,Fall 2012,2012-2013,Sophomore,11391,A-,3.667,1
60482,201210,Fall 2012,2012-2013,Sophomore,11628,A-,3.667,1
60482,201210,Fall 2012,2012-2013,Sophomore,18984,A-,3.667,1
60482,201220,Spring 2013,2012-2013,Sophomore,25829,A-,3.667,1
60482,201310,Fall 2013,2013-2014,Junior,14113,A-,3.667,1
60482,201310,Fall 2013,2013-2014,Junior,14118,A-,3.667,1
60482,201320,Spring 2014,2013-2014,Junior,24377,A-,3.667,1
60482,201320,Spring 2014,2013-2014,Junior,24616,A-,3.667,1
60482,201420,Spring 2015,2014-2015,Senior,29166,A-,3.667,1
60482,201420,Spring 2015,2014-2015,Senior,29660,A-,3.667,1
60482,201110,Fall 2011,2011-2012,Freshman,10517,B,3.0,1
60482,201120,Spring 2012,2011-2012,Freshman,21932,B,3.0,1
60482,201120,Spring 2012,2011-2012,Freshman,22147,B,3.0,1
60482,201220,Spring 2013,2012-2013,Sophomore,24522,B,3.0,1
60482,201220,Spring 2013,2012-2013,Sophomore,24551,B,3.0,1
60482,201310,Fall 2013,2013-2014,Junior,13831,B,3.0,1
60482,201310,Fall 2013,2013-2014,Junior,18546,B,3.0,1
60482,201320,Spring 2014,2013-2014,Junior,25278,B,3.0,1
60482,201410,Fall 2014,2014-2015,Senior,16727,B,3.0,1
60482,201410,Fall 2014,2014-2015,Senior,19675,B,3.0,1
60482,201410,Fall 2014,2014-2015,Senior,20336,B,3.0,1
60482,201220,Spring 2013,2012-2013,Sophomore,25366,B-,2.667,1
60482,201110,Fall 2011,2011-2012,Freshman,14271,B+,3.333,1
60482,201220,Spring 2013,2012-2013,Sophomore,27041,B+,3.333,1
60482,201310,Fall 2013,2013-2014,Junior,12474,B+,3.333,1
60482,201320,Spring 2014,2013-2014,Junior,28803,B+,3.333,1
60482,201320,Spring 2014,2013-2014,Junior,30134,B+,3.333,1
60482,201410,Fall 2014,2014-2015,Senior,19799,B+,3.333,1
60482,201420,Spring 2015,2014-2015,Senior,26967,B+,3.333,1
60482,201420,Spring 2015,2014-2015,Senior,29302,B+,3.333,1
60482,201110,Fall 2011,2011-2012,Freshman,101001001,IB,,0
60482,201110,Fall 2011,2011-2012,Freshman,101001002,IB,,0
60482,201110,Fall 2011,2011-2012,Freshman,101002003,IB,,0
60482,201110,Fall 2011,2011-2012,Freshman,101003004,IB,,0
60482,201110,Fall 2011,2011-2012,Freshman,101003005,IB,,0
60482,201110,Fall 2011,2011-2012,Freshman,13158,S,,0
60482,201120,Spring 2012,2011-2012,Freshman,24639,S,,0
61280,201220,Spring 2013,2012-2013,Sophomore,28876,A,4.0,1
61280,201120,Spring 2012,2011-2012,Freshman,24779,A-,3.667,1
61280,201210,Fall 2012,2012-2013,Sophomore,12672,A-,3.667,1
61280,201110,Fall 2011,2011-2012,Freshman,101001001,AD,,0
61280,201110,Fall 2011,2011-2012,Freshman,101002002,AD,,0
61280,201110,Fall 2011,2011-2012,Freshman,101003003,AD,,0
61280,201110,Fall 2011,2011-2012,Freshman,12913,B,3.0,1
61280,201210,Fall 2012,2012-2013,Sophomore,12074,B,3.0,1
61280,201220,Spring 2013,2012-2013,Sophomore,23169,B,3.0,1
61280,201410,Fall 2014,2014-2015,Senior,10022,B,3.0,1
61280,201110,Fall 2011,2011-2012,Freshman,12435,B-,2.667,1
61280,201120,Spring 2012,2011-2012,Freshman,21932,B-,2.667,1
61280,201120,Spring 2012,2011-2012,Freshman,25043,B-,2.667,1
61280,201210,Fall 2012,2012-2013,Sophomore,11342,B-,2.667,1
61280,201210,Fall 2012,2012-2013,Sophomore,11416,B-,2.667,1
61280,201220,Spring 2013,2012-2013,Sophomore,21448,B-,2.667,1
61280,201310,Fall 2013,2013-2014,Junior,19865,B-,2.667,1
61280,201410,Fall 2014,2014-2015,Senior,14507,B-,2.667,1
61280,201120,Spring 2012,2011-2012,Freshman,20826,B+,3.333,1
61280,201120,Spring 2012,2011-2012,Freshman,23896,C,2.0,1
61280,201210,Fall 2012,2012-2013,Sophomore,14301,C,2.0,1
61280,201220,Spring 2013,2012-2013,Sophomore,21307,C,2.0,1
61280,201310,Fall 2013,2013-2014,Junior,10909,C,2.0,1
61280,201310,Fall 2013,2013-2014,Junior,12482,C,2.0,1
61280,201320,Spring 2014,2013-2014,Junior,20216,C,2.0,1
61280,201320,Spring 2014,2013-2014,Junior,20295,C,2.0,1
61280,201410,Fall 2014,2014-2015,Senior,12058,C,2.0,1
61280,201410,Fall 2014,2014-2015,Senior,12061,C,2.0,1
61280,201110,Fall 2011,2011-2012,Freshman,12198,C-,1.667,1
61280,201310,Fall 2013,2013-2014,Junior,12867,C-,1.667,1
61280,201410,Fall 2014,2014-2015,Senior,12059,C-,1.667,1
61280,201410,Fall 2014,2014-2015,Senior,17060,C-,1.667,1
61280,201420,Spring 2015,2014-2015,Senior,21244,C-,1.667,1
61280,201420,Spring 2015,2014-2015,Senior,21584,C-,1.667,1
61280,201420,Spring 2015,2014-2015,Senior,22969,C-,1.667,1
61280,201110,Fall 2011,2011-2012,Freshman,14270,C+,2.333,1
61280,201220,Spring 2013,2012-2013,Sophomore,22550,C+,2.333,1
61280,201310,Fall 2013,2013-2014,Junior,10255,C+,2.333,1
61280,201320,Spring 2014,2013-2014,Junior,20250,C+,2.333,1
61280,201320,Spring 2014,2013-2014,Junior,20750,C+,2.333,1
61280,201420,Spring 2015,2014-2015,Senior,20922,C+,2.333,1
61280,201420,Spring 2015,2014-2015,Senior,22799,C+,2.333,1
61280,201110,Fall 2011,2011-2012,Freshman,17179,S,,0
61280,201120,Spring 2012,2011-2012,Freshman,24634,S,,0
61280,201120,Spring 2012,2011-2012,Freshman,25801,S,,0
61280,201210,Fall 2012,2012-2013,Sophomore,14075,S,,0
61280,201220,Spring 2013,2012-2013,Sophomore,30075,S,,0
61280,201110,Fall 2011,2011-2012,Freshman,13160,U,,0
63063,201210,Fall 2012,2012-2013,Sophomore,11269,A,4.0,1
63063,201320,Spring 2014,2013-2014,Junior,28674,A,4.0,1
63063,201420,Spring 2015,2014-2015,Senior,29599,A,4.0,1
63063,201110,Fall 2011,2011-2012,Freshman,18656,A-,3.667,1
63063,201120,Spring 2012,2011-2012,Freshman,20472,A-,3.667,1
63063,201120,Spring 2012,2011-2012,Freshman,25566,A-,3.667,1
63063,201210,Fall 2012,2012-2013,Sophomore,19003,A-,3.667,1
63063,201220,Spring 2013,2012-2013,Sophomore,22254,A-,3.667,1
63063,201320,Spring 2014,2013-2014,Junior,20329,A-,3.667,1
63063,201320,Spring 2014,2013-2014,Junior,22539,A-,3.667,1
63063,201410,Fall 2014,2014-2015,Senior,17012,A-,3.667,1
63063,201420,Spring 2015,2014-2015,Senior,23260,A-,3.667,1
63063,201420,Spring 2015,2014-2015,Senior,29301,A-,3.667,1
63063,201110,Fall 2011,2011-2012,Freshman,101001001,AD,,0
63063,201110,Fall 2011,2011-2012,Freshman,101002002,AD,,0
63063,201110,Fall 2011,2011-2012,Freshman,101003003,AD,,0
63063,201110,Fall 2011,2011-2012,Freshman,101004004,AD,,0
63063,201110,Fall 2011,2011-2012,Freshman,10805,B,3.0,1
63063,201110,Fall 2011,2011-2012,Freshman,14270,B,3.0,1
63063,201120,Spring 2012,2011-2012,Freshman,24030,B,3.0,1
63063,201210,Fall 2012,2012-2013,Sophomore,11342,B,3.0,1
63063,201210,Fall 2012,2012-2013,Sophomore,13106,B,3.0,1
63063,201220,Spring 2013,2012-2013,Sophomore,20166,B,3.0,1
63063,201310,Fall 2013,2013-2014,Junior,13229,B,3.0,1
63063,201410,Fall 2014,2014-2015,Senior,14031,B,3.0,1
63063,201420,Spring 2015,2014-2015,Senior,22149,B,3.0,1
63063,201120,Spring 2012,2011-2012,Freshman,29479,B-,2.667,1
63063,201220,Spring 2013,2012-2013,Sophomore,20142,B-,2.667,1
63063,201220,Spring 2013,2012-2013,Sophomore,23054,B-,2.667,1
63063,201320,Spring 2014,2013-2014,Junior,20280,B-,2.667,1
63063,201110,Fall 2011,2011-2012,Freshman,12903,B+,3.333,1
63063,201210,Fall 2012,2012-2013,Sophomore,12546,B+,3.333,1
63063,201210,Fall 2012,2012-2013,Sophomore,16076,B+,3.333,1
63063,201220,Spring 2013,2012-2013,Sophomore,24550,B+,3.333,1
63063,201220,Spring 2013,2012-2013,Sophomore,28753,B+,3.333,1
63063,201310,Fall 2013,2013-2014,Junior,13231,B+,3.333,1
63063,201310,Fall 2013,2013-2014,Junior,13233,B+,3.333,1
63063,201310,Fall 2013,2013-2014,Junior,13260,B+,3.333,1
63063,201310,Fall 2013,2013-2014,Junior,21033,B+,3.333,1
63063,201320,Spring 2014,2013-2014,Junior,22927,B+,3.333,1
63063,201410,Fall 2014,2014-2015,Senior,12342,B+,3.333,1
63063,201410,Fall 2014,2014-2015,Senior,13843,B+,3.333,1
63063,201410,Fall 2014,2014-2015,Senior,20745,B+,3.333,1
63063,201110,Fall 2011,2011-2012,Freshman,15156,C,2.0,1
63063,201220,Spring 2013,2012-2013,Sophomore,20700,C,2.0,1
63063,201120,Spring 2012,2011-2012,Freshman,24771,C-,1.667,1
63063,201110,Fall 2011,2011-2012,Freshman,13163,S,,0
63063,201120,Spring 2012,2011-2012,Freshman,24637,S,,0
63063,201110,Fall 2011,2011-2012,Freshman,201001001,TR,,0
63188,201210,Fall 2012,2012-2013,Sophomore,18543,A,4.0,1
63188,201220,Spring 2013,2012-2013,Sophomore,22283,A,4.0,1
63188,201220,Spring 2013,2012-2013,Sophomore,29665,A,4.0,1
63188,201410,Fall 2014,2014-2015,Senior,20491,A,4.0,1
63188,201420,Spring 2015,2014-2015,Senior,26710,A,4.0,1
63188,201420,Spring 2015,2014-2015,Senior,29841,A,4.0,1
63188,201120,Spring 2012,2011-2012,Freshman,20432,A-,3.667,1
63188,201210,Fall 2012,2012-2013,Sophomore,19101,A-,3.667,1
63188,201310,Fall 2013,2013-2014,Junior,11969,A-,3.667,1
63188,201320,Spring 2014,2013-2014,Junior,21853,A-,3.667,1
63188,201320,Spring 2014,2013-2014,Junior,22395,A-,3.667,1
63188,201320,Spring 2014,2013-2014,Junior,28945,A-,3.667,1
63188,201410,Fall 2014,2014-2015,Senior,12381,A-,3.667,1
63188,201410,Fall 2014,2014-2015,Senior,16535,A-,3.667,1
63188,201410,Fall 2014,2014-2015,Senior,20235,A-,3.667,1
63188,201110,Fall 2011,2011-2012,Freshman,101001001,AD,,0
63188,201110,Fall 2011,2011-2012,Freshman,101002002,AD,,0
63188,201110,Fall 2011,2011-2012,Freshman,101002003,AD,,0
63188,201110,Fall 2011,2011-2012,Freshman,11528,B,3.0,1
63188,201110,Fall 2011,2011-2012,Freshman,11795,B,3.0,1
63188,201210,Fall 2012,2012-2013,Sophomore,12194,B,3.0,1
63188,201210,Fall 2012,2012-2013,Sophomore,19278,B,3.0,1
63188,201220,Spring 2013,2012-2013,Sophomore,29249,B,3.0,1
63188,201310,Fall 2013,2013-2014,Junior,18826,B,3.0,1
63188,201420,Spring 2015,2014-2015,Senior,28912,B,3.0,1
63188,201220,Spring 2013,2012-2013,Sophomore,21912,B-,2.667,1
63188,201410,Fall 2014,2014-2015,Senior,12425,B-,2.667,1
63188,201110,Fall 2011,2011-2012,Freshman,13292,B+,3.333,1
63188,201120,Spring 2012,2011-2012,Freshman,24170,B+,3.333,1
63188,201220,Spring 2013,2012-2013,Sophomore,29315,B+,3.333,1
63188,201310,Fall 2013,2013-2014,Junior,18828,B+,3.333,1
63188,201310,Fall 2013,2013-2014,Junior,19252,B+,3.333,1
63188,201320,Spring 2014,2013-2014,Junior,25565,B+,3.333,1
63188,201320,Spring 2014,2013-2014,Junior,28996,B+,3.333,1
63188,201420,Spring 2015,2014-2015,Senior,23705,B+,3.333,1
63188,201120,Spring 2012,2011-2012,Freshman,20731,C,2.0,1
63188,201110,Fall 2011,2011-2012,Freshman,13066,C-,1.667,1
63188,201110,Fall 2011,2011-2012,Freshman,18352,C+,2.333,1
63188,201120,Spring 2012,2011-2012,Freshman,21174,C+,2.333,1
63188,201120,Spring 2012,2011-2012,Freshman,24075,C+,2.333,1
63188,201210,Fall 2012,2012-2013,Sophomore,10216,C+,2.333,1
63188,201110,Fall 2011,2011-2012,Freshman,13161,S,,0
63188,201120,Spring 2012,2011-2012,Freshman,24635,S,,0
63188,201310,Fall 2013,2013-2014,Junior,11961,S,,0
63757,201110,Fall 2011,2011-2012,Freshman,15588,A,4.0,1
63757,201110,Fall 2011,2011-2012,Freshman,18362,A,4.0,1
63757,201120,Spring 2012,2011-2012,Freshman,20704,A,4.0,1
63757,201120,Spring 2012,2011-2012,Freshman,24780,A,4.0,1
63757,201220,Spring 2013,2012-2013,Sophomore,22554,A,4.0,1
63757,201300,Summer 2013,2013-2014,Junior,2444,A,4.0,1
63757,201310,Fall 2013,2013-2014,Junior,16395,A,4.0,1
63757,201320,Spring 2014,2013-2014,Junior,30674,A,4.0,1
63757,201320,Spring 2014,2013-2014,Junior,30681,A,4.0,1
63757,201410,Fall 2014,2014-2015,Senior,10241,A,4.0,1
63757,201100,Summer 2011 / AP,2011-2012,Pre-College,3243,A-,3.667,1
63757,201110,Fall 2011,2011-2012,Freshman,12476,A-,3.667,1
63757,201110,Fall 2011,2011-2012,Freshman,17198,A-,3.667,1
63757,201120,Spring 2012,2011-2012,Freshman,22702,A-,3.667,1
63757,201120,Spring 2012,2011-2012,Freshman,22769,A-,3.667,1
63757,201120,Spring 2012,2011-2012,Freshman,25067,A-,3.667,1
63757,201210,Fall 2012,2012-2013,Sophomore,10635,A-,3.667,1
63757,201210,Fall 2012,2012-2013,Sophomore,10986,A-,3.667,1
63757,201210,Fall 2012,2012-2013,Sophomore,11962,A-,3.667,1
63757,201210,Fall 2012,2012-2013,Sophomore,13039,A-,3.667,1
63757,201220,Spring 2013,2012-2013,Sophomore,25447,A-,3.667,1
63757,201300,Summer 2013,2013-2014,Junior,1034,A-,3.667,1
63757,201310,Fall 2013,2013-2014,Junior,12182,A-,3.667,1
63757,201320,Spring 2014,2013-2014,Junior,30673,A-,3.667,1
63757,201320,Spring 2014,2013-2014,Junior,30675,A-,3.667,1
63757,201410,Fall 2014,2014-2015,Senior,12058,A-,3.667,1
63757,201410,Fall 2014,2014-2015,Senior,19674,A-,3.667,1
63757,201410,Fall 2014,2014-2015,Senior,19981,A-,3.667,1
63757,201410,Fall 2014,2014-2015,Senior,20068,A-,3.667,1
63757,201420,Spring 2015,2014-2015,Senior,21244,A-,3.667,1
63757,201420,Spring 2015,2014-2015,Senior,22799,A-,3.667,1
63757,201420,Spring 2015,2014-2015,Senior,22969,A-,3.667,1
63757,201110,Fall 2011,2011-2012,Freshman,101001001,AD,,0
63757,201110,Fall 2011,2011-2012,Freshman,101002004,AD,,0
63757,201110,Fall 2011,2011-2012,Freshman,101003003,AD,,0
63757,201110,Fall 2011,2011-2012,Freshman,101004005,AD,,0
63757,201110,Fall 2011,2011-2012,Freshman,101005006,AD,,0
63757,201110,Fall 2011,2011-2012,Freshman,101005007,AD,,0
63757,201310,Fall 2013,2013-2014,Junior,16685,B,3.0,1
63757,201310,Fall 2013,2013-2014,Junior,18546,B,3.0,1
63757,201320,Spring 2014,2013-2014,Junior,30679,B,3.0,1
63757,201420,Spring 2015,2014-2015,Senior,21584,B,3.0,1
63757,201220,Spring 2013,2012-2013,Sophomore,20268,B-,2.667,1
63757,201110,Fall 2011,2011-2012,Freshman,10709,B+,3.333,1
63757,201110,Fall 2011,2011-2012,Freshman,16132,B+,3.333,1
63757,201210,Fall 2012,2012-2013,Sophomore,12111,B+,3.333,1
63757,201210,Fall 2012,2012-2013,Sophomore,12615,B+,3.333,1
63757,201220,Spring 2013,2012-2013,Sophomore,20232,B+,3.333,1
63757,201220,Spring 2013,2012-2013,Sophomore,20894,B+,3.333,1
63757,201220,Spring 2013,2012-2013,Sophomore,25600,B+,3.333,1
63757,201310,Fall 2013,2013-2014,Junior,12140,B+,3.333,1
63757,201310,Fall 2013,2013-2014,Junior,12180,B+,3.333,1
63757,201420,Spring 2015,2014-2015,Senior,29761,B+,3.333,1
63757,201110,Fall 2011,2011-2012,Freshman,13159,S,,0
63757,201110,Fall 2011,2011-2012,Freshman,15002,S,,0
63757,201120,Spring 2012,2011-2012,Freshman,22400,S,,0
63757,201120,Spring 2012,2011-2012,Freshman,22733,S,,0
63757,201120,Spring 2012,2011-2012,Freshman,24637,S,,0
63757,201310,Fall 2013,2013-2014,Junior,14869,S,,0
63757,201420,Spring 2015,2014-2015,Senior,26122,S,,0
66245,201110,Fall 2011,2011-2012,Freshman,12315,A,4.0,1
66245,201110,Fall 2011,2011-2012,Freshman,12962,A,4.0,1
66245,201120,Spring 2012,2011-2012,Freshman,20936,A,4.0,1
66245,201120,Spring 2012,2011-2012,Freshman,22303,A,4.0,1
66245,201120,Spring 2012,2011-2012,Freshman,24077,A,4.0,1
66245,201210,Fall 2012,2012-2013,Sophomore,19279,A,4.0,1
66245,201210,Fall 2012,2012-2013,Sophomore,19434,A,4.0,1
66245,201220,Spring 2013,2012-2013,Sophomore,22471,A,4.0,1
66245,201220,Spring 2013,2012-2013,Sophomore,25518,A,4.0,1
66245,201310,Fall 2013,2013-2014,Junior,12353,A,4.0,1
66245,201310,Fall 2013,2013-2014,Junior,13535,A,4.0,1
66245,201310,Fall 2013,2013-2014,Junior,14229,A,4.0,1
66245,201310,Fall 2013,2013-2014,Junior,20796,A,4.0,1
66245,201310,Fall 2013,2013-2014,Junior,20834,A,4.0,1
66245,201320,Spring 2014,2013-2014,Junior,23691,A,4.0,1
66245,201320,Spring 2014,2013-2014,Junior,29662,A,4.0,1
66245,201410,Fall 2014,2014-2015,Senior,13409,A,4.0,1
66245,201410,Fall 2014,2014-2015,Senior,13776,A,4.0,1
66245,201410,Fall 2014,2014-2015,Senior,14112,A,4.0,1
66245,201420,Spring 2015,2014-2015,Senior,23705,A,4.0,1
66245,201420,Spring 2015,2014-2015,Senior,29576,A,4.0,1
66245,201110,Fall 2011,2011-2012,Freshman,11795,A-,3.667,1
66245,201110,Fall 2011,2011-2012,Freshman,12312,A-,3.667,1
66245,201120,Spring 2012,2011-2012,Freshman,22366,A-,3.667,1
66245,201120,Spring 2012,2011-2012,Freshman,24643,A-,3.667,1
66245,201210,Fall 2012,2012-2013,Sophomore,11640,A-,3.667,1
66245,201210,Fall 2012,2012-2013,Sophomore,14713,A-,3.667,1
66245,201320,Spring 2014,2013-2014,Junior,27318,A-,3.667,1
66245,201410,Fall 2014,2014-2015,Senior,10216,A-,3.667,1
66245,201410,Fall 2014,2014-2015,Senior,14612,A-,3.667,1
66245,201420,Spring 2015,2014-2015,Senior,20134,A-,3.667,1
66245,201110,Fall 2011,2011-2012,Freshman,101001001,AD,,0
66245,201110,Fall 2011,2011-2012,Freshman,101002002,AD,,0
66245,201210,Fall 2012,2012-2013,Sophomore,13837,B,3.0,1
66245,201220,Spring 2013,2012-2013,Sophomore,23159,B,3.0,1
66245,201220,Spring 2013,2012-2013,Sophomore,29280,B-,2.667,1
66245,201320,Spring 2014,2013-2014,Junior,22399,B-,2.667,1
66245,201110,Fall 2011,2011-2012,Freshman,15227,B+,3.333,1
66245,201220,Spring 2013,2012-2013,Sophomore,21236,B+,3.333,1
66245,201320,Spring 2014,2013-2014,Junior,29055,B+,3.333,1
66245,201420,Spring 2015,2014-2015,Senior,26810,B+,3.333,1
66245,201110,Fall 2011,2011-2012,Freshman,13161,S,,0
66245,201120,Spring 2012,2011-2012,Freshman,24639,S,,0
66245,201120,Spring 2012,2011-2012,Freshman,28835,S,,0
66245,201220,Spring 2013,2012-2013,Sophomore,22557,S,,0
66245,201310,Fall 2013,2013-2014,Junior,13538,S,,0
66245,201320,Spring 2014,2013-2014,Junior,21726,S,,0
66245,201410,Fall 2014,2014-2015,Senior,15702,S,,0
66754,201110,Fall 2011,2011-2012,Freshman,10709,A,4.0,1
66754,201110,Fall 2011,2011-2012,Freshman,13630,A,4.0,1
66754,201120,Spring 2012,2011-2012,Freshman,20273,A,4.0,1
66754,201120,Spring 2012,2011-2012,Freshman,22142,A,4.0,1
66754,201120,Spring 2012,2011-2012,Freshman,24498,A,4.0,1
66754,201210,Fall 2012,2012-2013,Sophomore,10314,A,4.0,1
66754,201220,Spring 2013,2012-2013,Sophomore,28876,A,4.0,1
66754,201220,Spring 2013,2012-2013,Sophomore,29525,A,4.0,1
66754,201310,Fall 2013,2013-2014,Junior,12693,A,4.0,1
66754,201310,Fall 2013,2013-2014,Junior,12700,A,4.0,1
66754,201310,Fall 2013,2013-2014,Junior,12701,A,4.0,1
66754,201310,Fall 2013,2013-2014,Junior,14954,A,4.0,1
66754,201310,Fall 2013,2013-2014,Junior,19084,A,4.0,1
66754,201320,Spring 2014,2013-2014,Junior,20254,A,4.0,1
66754,201320,Spring 2014,2013-2014,Junior,23344,A,4.0,1
66754,201410,Fall 2014,2014-2015,Senior,11241,A,4.0,1
66754,201410,Fall 2014,2014-2015,Senior,12110,A,4.0,1
66754,201410,Fall 2014,2014-2015,Senior,14495,A,4.0,1
66754,201410,Fall 2014,2014-2015,Senior,15947,A,4.0,1
66754,201410,Fall 2014,2014-2015,Senior,20265,A,4.0,1
66754,201420,Spring 2015,2014-2015,Senior,21968,A,4.0,1
66754,201420,Spring 2015,2014-2015,Senior,23450,A,4.0,1
66754,201120,Spring 2012,2011-2012,Freshman,20704,A-,3.667,1
66754,201210,Fall 2012,2012-2013,Sophomore,15113,A-,3.667,1
66754,201210,Fall 2012,2012-2013,Sophomore,18758,A-,3.667,1
66754,201220,Spring 2013,2012-2013,Sophomore,20239,A-,3.667,1
66754,201220,Spring 2013,2012-2013,Sophomore,21473,A-,3.667,1
66754,201220,Spring 2013,2012-2013,Sophomore,24938,A-,3.667,1
66754,201310,Fall 2013,2013-2014,Junior,17087,A-,3.667,1
66754,201320,Spring 2014,2013-2014,Junior,25511,A-,3.667,1
66754,201320,Spring 2014,2013-2014,Junior,29744,A-,3.667,1
66754,201110,Fall 2011,2011-2012,Freshman,101001001,AD,,0
66754,201110,Fall 2011,2011-2012,Freshman,101002002,AD,,0
66754,201110,Fall 2011,2011-2012,Freshman,101003003,AD,,0
66754,201110,Fall 2011,2011-2012,Freshman,101004004,AD,,0
66754,201110,Fall 2011,2011-2012,Freshman,14269,B,3.0,1
66754,201210,Fall 2012,2012-2013,Sophomore,10844,B-,2.667,1
66754,201110,Fall 2011,2011-2012,Freshman,14776,B+,3.333,1
66754,201210,Fall 2012,2012-2013,Sophomore,10313,B+,3.333,1
66754,201320,Spring 2014,2013-2014,Junior,20261,B+,3.333,1
66754,201120,Spring 2012,2011-2012,Freshman,21311,C+,2.333,1
66754,201110,Fall 2011,2011-2012,Freshman,13160,S,,0
66754,201120,Spring 2012,2011-2012,Freshman,24631,S,,0
66754,201310,Fall 2013,2013-2014,Junior,17148,S,,0
66991,201110,Fall 2011,2011-2012,Freshman,10168,A,4.0,1
66991,201110,Fall 2011,2011-2012,Freshman,12149,A,4.0,1
66991,201110,Fall 2011,2011-2012,Freshman,18482,A,4.0,1
66991,201120,Spring 2012,2011-2012,Freshman,20422,A,4.0,1
66991,201120,Spring 2012,2011-2012,Freshman,24079,A,4.0,1
66991,201210,Fall 2012,2012-2013,Sophomore,13026,A,4.0,1
66991,201210,Fall 2012,2012-2013,Sophomore,16512,A,4.0,1
66991,201220,Spring 2013,2012-2013,Sophomore,22026,A,4.0,1
66991,201310,Fall 2013,2013-2014,Junior,12018,A,4.0,1
66991,201310,Fall 2013,2013-2014,Junior,14910,A,4.0,1
66991,201310,Fall 2013,2013-2014,Junior,15371,A,4.0,1
66991,201310,Fall 2013,2013-2014,Junior,19057,A,4.0,1
66991,201320,Spring 2014,2013-2014,Junior,24954,A,4.0,1
66991,201320,Spring 2014,2013-2014,Junior,26712,A,4.0,1
66991,201320,Spring 2014,2013-2014,Junior,28694,A,4.0,1
66991,201320,Spring 2014,2013-2014,Junior,29156,A,4.0,1
66991,201410,Fall 2014,2014-2015,Senior,15755,A,4.0,1
66991,201410,Fall 2014,2014-2015,Senior,16738,A,4.0,1
66991,201410,Fall 2014,2014-2015,Senior,19764,A,4.0,1
66991,201410,Fall 2014,2014-2015,Senior,20338,A,4.0,1
66991,201420,Spring 2015,2014-2015,Senior,20089,A,4.0,1
66991,201420,Spring 2015,2014-2015,Senior,24944,A,4.0,1
66991,201420,Spring 2015,2014-2015,Senior,26383,A,4.0,1
66991,201110,Fall 2011,2011-2012,Freshman,10117,A-,3.667,1
66991,201120,Spring 2012,2011-2012,Freshman,23351,A-,3.667,1
66991,201120,Spring 2012,2011-2012,Freshman,29095,A-,3.667,1
66991,201210,Fall 2012,2012-2013,Sophomore,11269,A-,3.667,1
66991,201210,Fall 2012,2012-2013,Sophomore,13005,A-,3.667,1
66991,201220,Spring 2013,2012-2013,Sophomore,21190,A-,3.667,1
66991,201220,Spring 2013,2012-2013,Sophomore,23124,A-,3.667,1
66991,201310,Fall 2013,2013-2014,Junior,13813,A-,3.667,1
66991,201310,Fall 2013,2013-2014,Junior,16578,A-,3.667,1
66991,201320,Spring 2014,2013-2014,Junior,24372,A-,3.667,1
66991,201320,Spring 2014,2013-2014,Junior,29000,A-,3.667,1
66991,201410,Fall 2014,2014-2015,Senior,12340,A-,3.667,1
66991,201410,Fall 2014,2014-2015,Senior,20337,A-,3.667,1
66991,201420,Spring 2015,2014-2015,Senior,25933,A-,3.667,1
66991,201110,Fall 2011,2011-2012,Freshman,101001001,AD,,0
66991,201110,Fall 2011,2011-2012,Freshman,101002002,AD,,0
66991,201110,Fall 2011,2011-2012,Freshman,101003003,AD,,0
66991,201110,Fall 2011,2011-2012,Freshman,101004004,AD,,0
66991,201110,Fall 2011,2011-2012,Freshman,101005005,AD,,0
66991,201110,Fall 2011,2011-2012,Freshman,101006006,AD,,0
66991,201210,Fall 2012,2012-2013,Sophomore,13774,B,3.0,1
66991,201410,Fall 2014,2014-2015,Senior,16729,B,3.0,1
66991,201110,Fall 2011,2011-2012,Freshman,10660,B+,3.333,1
66991,201120,Spring 2012,2011-2012,Freshman,21354,B+,3.333,1
66991,201210,Fall 2012,2012-2013,Sophomore,12549,B+,3.333,1
66991,201210,Fall 2012,2012-2013,Sophomore,18770,B+,3.333,1
66991,201220,Spring 2013,2012-2013,Sophomore,20142,B+,3.333,1
66991,201220,Spring 2013,2012-2013,Sophomore,20166,B+,3.333,1
66991,201320,Spring 2014,2013-2014,Junior,20737,B+,3.333,1
66991,201420,Spring 2015,2014-2015,Senior,25722,P,,0
66991,201110,Fall 2011,2011-2012,Freshman,13161,S,,0
66991,201120,Spring 2012,2011-2012,Freshman,24639,S,,0
66991,201220,Spring 2013,2012-2013,Sophomore,21670,S,,0
66991,201220,Spring 2013,2012-2013,Sophomore,21836,S,,0
66991,201310,Fall 2013,2013-2014,Junior,16409,S,,0
68533,201110,Fall 2011,2011-2012,Freshman,10881,A,4.0,1
68533,201110,Fall 2011,2011-2012,Freshman,18665,A,4.0,1
68533,201120,Spring 2012,2011-2012,Freshman,22159,A,4.0,1
68533,201120,Spring 2012,2011-2012,Freshman,25067,A,4.0,1
68533,201210,Fall 2012,2012-2013,Sophomore,10986,A,4.0,1
68533,201210,Fall 2012,2012-2013,Sophomore,14284,A,4.0,1
68533,201220,Spring 2013,2012-2013,Sophomore,22284,A,4.0,1
68533,201220,Spring 2013,2012-2013,Sophomore,24630,A,4.0,1
68533,201300,Summer 2013,2013-2014,Junior,3459,A,4.0,1
68533,201300,Summer 2013,2013-2014,Junior,4070,A,4.0,1
68533,201310,Fall 2013,2013-2014,Junior,14651,A,4.0,1
68533,201310,Fall 2013,2013-2014,Junior,19950,A,4.0,1
68533,201320,Spring 2014,2013-2014,Junior,20131,A,4.0,1
68533,201410,Fall 2014,2014-2015,Senior,19489,A,4.0,1
68533,201110,Fall 2011,2011-2012,Freshman,10709,A-,3.667,1
68533,201120,Spring 2012,2011-2012,Freshman,20273,A-,3.667,1
68533,201220,Spring 2013,2012-2013,Sophomore,20792,A-,3.667,1
68533,201410,Fall 2014,2014-2015,Senior,10241,A-,3.667,1
68533,201410,Fall 2014,2014-2015,Senior,11115,A-,3.667,1
68533,201410,Fall 2014,2014-2015,Senior,20678,A-,3.667,1
68533,201420,Spring 2015,2014-2015,Senior,23695,A-,3.667,1
68533,201110,Fall 2011,2011-2012,Freshman,101001001,AD,,0
68533,201110,Fall 2011,2011-2012,Freshman,101002002,AD,,0
68533,201110,Fall 2011,2011-2012,Freshman,101002003,AD,,0
68533,201210,Fall 2012,2012-2013,Sophomore,11638,B,3.0,1
68533,201210,Fall 2012,2012-2013,Sophomore,12627,B,3.0,1
68533,201220,Spring 2013,2012-2013,Sophomore,20268,B,3.0,1
68533,201220,Spring 2013,2012-2013,Sophomore,22151,B,3.0,1
68533,201320,Spring 2014,2013-2014,Junior,20295,B,3.0,1
68533,201420,Spring 2015,2014-2015,Senior,29984,B,3.0,1
68533,201120,Spring 2012,2011-2012,Freshman,20704,B-,2.667,1
68533,201210,Fall 2012,2012-2013,Sophomore,13039,B-,2.667,1
68533,201310,Fall 2013,2013-2014,Junior,12179,B-,2.667,1
68533,201320,Spring 2014,2013-2014,Junior,21311,B-,2.667,1
68533,201410,Fall 2014,2014-2015,Senior,15692,B-,2.667,1
68533,201410,Fall 2014,2014-2015,Senior,17060,B-,2.667,1
68533,201420,Spring 2015,2014-2015,Senior,22969,B-,2.667,1
68533,201420,Spring 2015,2014-2015,Senior,26437,B-,2.667,1
68533,201110,Fall 2011,2011-2012,Freshman,16132,B+,3.333,1
68533,201210,Fall 2012,2012-2013,Sophomore,15113,B+,3.333,1
68533,201220,Spring 2013,2012-2013,Sophomore,21442,B+,3.333,1
68533,201310,Fall 2013,2013-2014,Junior,10023,B+,3.333,1
68533,201310,Fall 2013,2013-2014,Junior,15407,B+,3.333,1
68533,201320,Spring 2014,2013-2014,Junior,20227,B+,3.333,1
68533,201410,Fall 2014,2014-2015,Senior,13341,B+,3.333,1
68533,201110,Fall 2011,2011-2012,Freshman,10870,C,2.0,1
68533,201420,Spring 2015,2014-2015,Senior,21283,C,2.0,1
68533,201120,Spring 2012,2011-2012,Freshman,21311,C+,2.333,1
68533,201320,Spring 2014,2013-2014,Junior,20750,C+,2.333,1
68533,201310,Fall 2013,2013-2014,Junior,12182,D,1.0,1
68533,201110,Fall 2011,2011-2012,Freshman,13161,S,,0
68533,201120,Spring 2012,2011-2012,Freshman,24638,S,,0
68533,201210,Fall 2012,2012-2013,Sophomore,12675,S,,0
68533,201220,Spring 2013,2012-2013,Sophomore,29880,S,,0
68533,201420,Spring 2015,2014-2015,Senior,27058,S,,0
68633,201110,Fall 2011,2011-2012,Freshman,15660,A,4.0,1
68633,201110,Fall 2011,2011-2012,Freshman,18653,A,4.0,1
68633,201120,Spring 2012,2011-2012,Freshman,20628,A,4.0,1
68633,201120,Spring 2012,2011-2012,Freshman,20876,A,4.0,1
68633,201120,Spring 2012,2011-2012,Freshman,28969,A,4.0,1
68633,201210,Fall 2012,2012-2013,Sophomore,10084,A,4.0,1
68633,201210,Fall 2012,2012-2013,Sophomore,15217,A,4.0,1
68633,201220,Spring 2013,2012-2013,Sophomore,25013,A,4.0,1
68633,201220,Spring 2013,2012-2013,Sophomore,28795,A,4.0,1
68633,201220,Spring 2013,2012-2013,Sophomore,29866,A,4.0,1
68633,201310,Fall 2013,2013-2014,Junior,13365,A,4.0,1
68633,201310,Fall 2013,2013-2014,Junior,13372,A,4.0,1
68633,201310,Fall 2013,2013-2014,Junior,13382,A,4.0,1
68633,201310,Fall 2013,2013-2014,Junior,15897,A,4.0,1
68633,201310,Fall 2013,2013-2014,Junior,20906,A,4.0,1
68633,201320,Spring 2014,2013-2014,Junior,24986,A,4.0,1
68633,201320,Spring 2014,2013-2014,Junior,25705,A,4.0,1
68633,201320,Spring 2014,2013-2014,Junior,29692,A,4.0,1
68633,201320,Spring 2014,2013-2014,Junior,29693,A,4.0,1
68633,201410,Fall 2014,2014-2015,Senior,11766,A,4.0,1
68633,201410,Fall 2014,2014-2015,Senior,20565,A,4.0,1
68633,201420,Spring 2015,2014-2015,Senior,30074,A,4.0,1
68633,201210,Fall 2012,2012-2013,Sophomore,19402,A-,3.667,1
68633,201220,Spring 2013,2012-2013,Sophomore,26106,A-,3.667,1
68633,201310,Fall 2013,2013-2014,Junior,20919,A-,3.667,1
68633,201320,Spring 2014,2013-2014,Junior,21850,A-,3.667,1
68633,201410,Fall 2014,2014-2015,Senior,14969,A-,3.667,1
68633,201410,Fall 2014,2014-2015,Senior,15675,A-,3.667,1
68633,201410,Fall 2014,2014-2015,Senior,20201,A-,3.667,1
68633,201420,Spring 2015,2014-2015,Senior,30071,A-,3.667,1
68633,201110,Fall 2011,2011-2012,Freshman,101001001,AD,,0
68633,201110,Fall 2011,2011-2012,Freshman,101001002,AD,,0
68633,201110,Fall 2011,2011-2012,Freshman,10710,B,3.0,1
68633,201120,Spring 2012,2011-2012,Freshman,24643,B,3.0,1
68633,201420,Spring 2015,2014-2015,Senior,29246,B,3.0,1
68633,201420,Spring 2015,2014-2015,Senior,26940,B-,2.667,1
68633,201110,Fall 2011,2011-2012,Freshman,19604,B+,3.333,1
68633,201210,Fall 2012,2012-2013,Sophomore,12249,B+,3.333,1
68633,201210,Fall 2012,2012-2013,Sophomore,18761,B+,3.333,1
68633,201310,Fall 2013,2013-2014,Junior,13363,B+,3.333,1
68633,201320,Spring 2014,2013-2014,Junior,22958,B+,3.333,1
68633,201420,Spring 2015,2014-2015,Senior,21695,B+,3.333,1
68633,201110,Fall 2011,2011-2012,Freshman,14271,C,2.0,1
68633,201120,Spring 2012,2011-2012,Freshman,20163,C+,2.333,1
68633,201410,Fall 2014,2014-2015,Senior,11952,C+,2.333,1
68633,201110,Fall 2011,2011-2012,Freshman,201001001,IB,,0
68633,201110,Fall 2011,2011-2012,Freshman,201001002,IB,,0
68633,201110,Fall 2011,2011-2012,Freshman,13155,S,,0
68633,201120,Spring 2012,2011-2012,Freshman,24633,S,,0
68633,201210,Fall 2012,2012-2013,Sophomore,11978,S,,0
68633,201220,Spring 2013,2012-2013,Sophomore,21038,S,,0
68633,201220,Spring 2013,2012-2013,Sophomore,21836,S,,0
68633,201320,Spring 2014,2013-2014,Junior,29715,S,,0
69065,201110,Fall 2011,2011-2012,Freshman,11992,A,4.0,1
69065,201120,Spring 2012,2011-2012,Freshman,24780,A,4.0,1
69065,201120,Spring 2012,2011-2012,Freshman,25067,A,4.0,1
69065,201120,Spring 2012,2011-2012,Freshman,29149,A,4.0,1
69065,201210,Fall 2012,2012-2013,Sophomore,10844,A,4.0,1
69065,201220,Spring 2013,2012-2013,Sophomore,22126,A,4.0,1
69065,201220,Spring 2013,2012-2013,Sophomore,22431,A,4.0,1
69065,201220,Spring 2013,2012-2013,Sophomore,25461,A,4.0,1
69065,201310,Fall 2013,2013-2014,Junior,13339,A,4.0,1
69065,201310,Fall 2013,2013-2014,Junior,14265,A,4.0,1
69065,201310,Fall 2013,2013-2014,Junior,15002,A,4.0,1
69065,201320,Spring 2014,2013-2014,Junior,20558,A,4.0,1
69065,201320,Spring 2014,2013-2014,Junior,21979,A,4.0,1
69065,201320,Spring 2014,2013-2014,Junior,29709,A,4.0,1
69065,201410,Fall 2014,2014-2015,Senior,12256,A,4.0,1
69065,201410,Fall 2014,2014-2015,Senior,20766,A,4.0,1
69065,201420,Spring 2015,2014-2015,Senior,23677,A,4.0,1
69065,201420,Spring 2015,2014-2015,Senior,25742,A,4.0,1
69065,201420,Spring 2015,2014-2015,Senior,29210,A,4.0,1
69065,201110,Fall 2011,2011-2012,Freshman,10709,A-,3.667,1
69065,201110,Fall 2011,2011-2012,Freshman,10868,A-,3.667,1
69065,201120,Spring 2012,2011-2012,Freshman,20704,A-,3.667,1
69065,201210,Fall 2012,2012-2013,Sophomore,10637,A-,3.667,1
69065,201210,Fall 2012,2012-2013,Sophomore,12297,A-,3.667,1
69065,201210,Fall 2012,2012-2013,Sophomore,12298,A-,3.667,1
69065,201220,Spring 2013,2012-2013,Sophomore,22606,A-,3.667,1
69065,201220,Spring 2013,2012-2013,Sophomore,24938,A-,3.667,1
69065,201310,Fall 2013,2013-2014,Junior,13340,A-,3.667,1
69065,201310,Fall 2013,2013-2014,Junior,15001,A-,3.667,1
69065,201320,Spring 2014,2013-2014,Junior,22260,A-,3.667,1
69065,201320,Spring 2014,2013-2014,Junior,22264,A-,3.667,1
69065,201410,Fall 2014,2014-2015,Senior,16637,A-,3.667,1
69065,201420,Spring 2015,2014-2015,Senior,20862,A-,3.667,1
69065,201110,Fall 2011,2011-2012,Freshman,101001001,AD,,0
69065,201110,Fall 2011,2011-2012,Freshman,101002002,AD,,0
69065,201110,Fall 2011,2011-2012,Freshman,101003003,AD,,0
69065,201110,Fall 2011,2011-2012,Freshman,101003004,AD,,0
69065,201110,Fall 2011,2011-2012,Freshman,101004005,AD,,0
69065,201120,Spring 2012,2011-2012,Freshman,101006007,AD,,0
69065,201110,Fall 2011,2011-2012,Freshman,10870,B,3.0,1
69065,201220,Spring 2013,2012-2013,Sophomore,22151,B,3.0,1
69065,201110,Fall 2011,2011-2012,Freshman,14270,B+,3.333,1
69065,201120,Spring 2012,2011-2012,Freshman,22727,B+,3.333,1
69065,201210,Fall 2012,2012-2013,Sophomore,11510,B+,3.333,1
69065,201410,Fall 2014,2014-2015,Senior,12054,B+,3.333,1
69065,201110,Fall 2011,2011-2012,Freshman,13161,S,,0
69065,201120,Spring 2012,2011-2012,Freshman,24633,S,,0
69065,201210,Fall 2012,2012-2013,Sophomore,15098,S,,0
69065,201220,Spring 2013,2012-2013,Sophomore,24919,S,,0
69065,201310,Fall 2013,2013-2014,Junior,14263,S,,0
69065,201320,Spring 2014,2013-2014,Junior,24556,S,,0
69065,201410,Fall 2014,2014-2015,Senior,14379,S,,0
69065,201420,Spring 2015,2014-2015,Senior,24281,S,,0
70889,201120,Spring 2012,2011-2012,Freshman,23290,A,4.0,1
70889,201120,Spring 2012,2011-2012,Freshman,24659,A,4.0,1
70889,201310,Fall 2013,2013-2014,Junior,19916,A,4.0,1
70889,201320,Spring 2014,2013-2014,Junior,23193,A,4.0,1
70889,201410,Fall 2014,2014-2015,Senior,11835,A,4.0,1
70889,201410,Fall 2014,2014-2015,Senior,14782,A,4.0,1
70889,201410,Fall 2014,2014-2015,Senior,16683,A,4.0,1
70889,201420,Spring 2015,2014-2015,Senior,20688,A,4.0,1
70889,201420,Spring 2015,2014-2015,Senior,23895,A,4.0,1
70889,201420,Spring 2015,2014-2015,Senior,26710,A,4.0,1
70889,201110,Fall 2011,2011-2012,Freshman,11916,A-,3.667,1
70889,201110,Fall 2011,2011-2012,Freshman,12220,A-,3.667,1
70889,201120,Spring 2012,2011-2012,Freshman,22480,A-,3.667,1
70889,201210,Fall 2012,2012-2013,Sophomore,10818,A-,3.667,1
70889,201210,Fall 2012,2012-2013,Sophomore,12143,A-,3.667,1
70889,201220,Spring 2013,2012-2013,Sophomore,23062,A-,3.667,1
70889,201220,Spring 2013,2012-2013,Sophomore,26579,A-,3.667,1
70889,201310,Fall 2013,2013-2014,Junior,16851,A-,3.667,1
70889,201310,Fall 2013,2013-2014,Junior,18580,A-,3.667,1
70889,201310,Fall 2013,2013-2014,Junior,18895,A-,3.667,1
70889,201410,Fall 2014,2014-2015,Senior,17223,A-,3.667,1
70889,201110,Fall 2011,2011-2012,Freshman,101001001,AD,,0
70889,201110,Fall 2011,2011-2012,Freshman,101001002,AD,,0
70889,201110,Fall 2011,2011-2012,Freshman,201001001,AD,,0
70889,201110,Fall 2011,2011-2012,Freshman,201002002,AD,,0
70889,201110,Fall 2011,2011-2012,Freshman,201003003,AD,,0
70889,201110,Fall 2011,2011-2012,Freshman,12191,B,3.0,1
70889,201210,Fall 2012,2012-2013,Sophomore,11342,B,3.0,1
70889,201220,Spring 2013,2012-2013,Sophomore,22953,B,3.0,1
70889,201220,Spring 2013,2012-2013,Sophomore,23657,B,3.0,1
70889,201410,Fall 2014,2014-2015,Senior,11352,B,3.0,1
70889,201120,Spring 2012,2011-2012,Freshman,21397,B-,2.667,1
70889,201210,Fall 2012,2012-2013,Sophomore,13091,B-,2.667,1
70889,201310,Fall 2013,2013-2014,Junior,11440,B-,2.667,1
70889,201310,Fall 2013,2013-2014,Junior,11442,B-,2.667,1
70889,201110,Fall 2011,2011-2012,Freshman,13042,B+,3.333,1
70889,201120,Spring 2012,2011-2012,Freshman,22654,B+,3.333,1
70889,201210,Fall 2012,2012-2013,Sophomore,11416,B+,3.333,1
70889,201210,Fall 2012,2012-2013,Sophomore,13093,B+,3.333,1
70889,201210,Fall 2012,2012-2013,Sophomore,13223,B+,3.333,1
70889,201220,Spring 2013,2012-2013,Sophomore,22951,B+,3.333,1
70889,201310,Fall 2013,2013-2014,Junior,11005,B+,3.333,1
70889,201320,Spring 2014,2013-2014,Junior,26106,B+,3.333,1
70889,201320,Spring 2014,2013-2014,Junior,30400,B+,3.333,1
70889,201320,Spring 2014,2013-2014,Junior,30404,B+,3.333,1
70889,201320,Spring 2014,2013-2014,Junior,30411,B+,3.333,1
70889,201410,Fall 2014,2014-2015,Senior,13416,B+,3.333,1
70889,201420,Spring 2015,2014-2015,Senior,21618,B+,3.333,1
70889,201110,Fall 2011,2011-2012,Freshman,12852,C+,2.333,1
70889,201220,Spring 2013,2012-2013,Sophomore,20700,C+,2.333,1
70889,201320,Spring 2014,2013-2014,Junior,26115,C+,2.333,1
70889,201420,Spring 2015,2014-2015,Senior,29669,P,,0
70889,201110,Fall 2011,2011-2012,Freshman,12188,S,,0
70889,201110,Fall 2011,2011-2012,Freshman,12271,S,,0
70889,201110,Fall 2011,2011-2012,Freshman,13154,S,,0
70889,201120,Spring 2012,2011-2012,Freshman,21471,S,,0
70889,201120,Spring 2012,2011-2012,Freshman,24631,S,,0
70889,201210,Fall 2012,2012-2013,Sophomore,10137,S,,0
70889,201220,Spring 2013,2012-2013,Sophomore,21375,S,,0
70889,201310,Fall 2013,2013-2014,Junior,12529,S,,0
70889,201410,Fall 2014,2014-2015,Senior,11849,S,,0
70889,201420,Spring 2015,2014-2015,Senior,21226,S,,0
71518,201110,Fall 2011,2011-2012,Freshman,12769,A,4.0,1
71518,201110,Fall 2011,2011-2012,Freshman,12850,A,4.0,1
71518,201120,Spring 2012,2011-2012,Freshman,22144,A,4.0,1
71518,201120,Spring 2012,2011-2012,Freshman,22720,A,4.0,1
71518,201210,Fall 2012,2012-2013,Sophomore,12514,A,4.0,1
71518,201210,Fall 2012,2012-2013,Sophomore,20037,A,4.0,1
71518,201220,Spring 2013,2012-2013,Sophomore,22542,A,4.0,1
71518,201220,Spring 2013,2012-2013,Sophomore,22953,A,4.0,1
71518,201220,Spring 2013,2012-2013,Sophomore,23492,A,4.0,1
71518,201220,Spring 2013,2012-2013,Sophomore,23657,A,4.0,1
71518,201220,Spring 2013,2012-2013,Sophomore,29000,A,4.0,1
71518,201310,Fall 2013,2013-2014,Junior,12799,A,4.0,1
71518,201310,Fall 2013,2013-2014,Junior,17504,A,4.0,1
71518,201320,Spring 2014,2013-2014,Junior,20236,A,4.0,1
71518,201320,Spring 2014,2013-2014,Junior,26638,A,4.0,1
71518,201410,Fall 2014,2014-2015,Senior,14915,A,4.0,1
71518,201410,Fall 2014,2014-2015,Senior,16144,A,4.0,1
71518,201410,Fall 2014,2014-2015,Senior,16683,A,4.0,1
71518,201420,Spring 2015,2014-2015,Senior,25798,A,4.0,1
71518,201110,Fall 2011,2011-2012,Freshman,10106,A-,3.667,1
71518,201120,Spring 2012,2011-2012,Freshman,22353,A-,3.667,1
71518,201210,Fall 2012,2012-2013,Sophomore,13092,A-,3.667,1
71518,201210,Fall 2012,2012-2013,Sophomore,13828,A-,3.667,1
71518,201220,Spring 2013,2012-2013,Sophomore,28817,A-,3.667,1
71518,201320,Spring 2014,2013-2014,Junior,24318,A-,3.667,1
71518,201420,Spring 2015,2014-2015,Senior,24276,A-,3.667,1
71518,201420,Spring 2015,2014-2015,Senior,24430,A-,3.667,1
71518,201420,Spring 2015,2014-2015,Senior,29131,A-,3.667,1
71518,201110,Fall 2011,2011-2012,Freshman,101001001,AD,,0
71518,201110,Fall 2011,2011-2012,Freshman,101002002,AD,,0
71518,201110,Fall 2011,2011-2012,Freshman,101002003,AD,,0
71518,201110,Fall 2011,2011-2012,Freshman,12101,B,3.0,1
71518,201120,Spring 2012,2011-2012,Freshman,22348,B,3.0,1
71518,201120,Spring 2012,2011-2012,Freshman,22769,B,3.0,1
71518,201210,Fall 2012,2012-2013,Sophomore,12655,B,3.0,1
71518,201220,Spring 2013,2012-2013,Sophomore,22951,B,3.0,1
71518,201310,Fall 2013,2013-2014,Junior,11439,B,3.0,1
71518,201310,Fall 2013,2013-2014,Junior,11900,B,3.0,1
71518,201310,Fall 2013,2013-2014,Junior,13194,B,3.0,1
71518,201410,Fall 2014,2014-2015,Senior,11885,B,3.0,1
71518,201410,Fall 2014,2014-2015,Senior,11937,B,3.0,1
71518,201410,Fall 2014,2014-2015,Senior,14323,B,3.0,1
71518,201110,Fall 2011,2011-2012,Freshman,13042,B-,2.667,1
71518,201220,Spring 2013,2012-2013,Sophomore,20058,B-,2.667,1
71518,201420,Spring 2015,2014-2015,Senior,24428,B-,2.667,1
71518,201110,Fall 2011,2011-2012,Freshman,10841,B+,3.333,1
71518,201110,Fall 2011,2011-2012,Freshman,18662,B+,3.333,1
71518,201210,Fall 2012,2012-2013,Sophomore,14971,B+,3.333,1
71518,201310,Fall 2013,2013-2014,Junior,10963,B+,3.333,1
71518,201310,Fall 2013,2013-2014,Junior,11462,B+,3.333,1
71518,201320,Spring 2014,2013-2014,Junior,21115,B+,3.333,1
71518,201320,Spring 2014,2013-2014,Junior,21702,B+,3.333,1
71518,201320,Spring 2014,2013-2014,Junior,22877,B+,3.333,1
71518,201210,Fall 2012,2012-2013,Sophomore,13091,C,2.0,1
71518,201120,Spring 2012,2011-2012,Freshman,22654,C+,2.333,1
71518,201210,Fall 2012,2012-2013,Sophomore,10513,S,,0
71518,201110,Fall 2011,2011-2012,Freshman,201001001,TR,,0
71518,201110,Fall 2011,2011-2012,Freshman,201002002,TR,,0
71627,201110,Fall 2011,2011-2012,Freshman,18482,A,4.0,1
71627,201110,Fall 2011,2011-2012,Freshman,20136,A,4.0,1
71627,201120,Spring 2012,2011-2012,Freshman,21117,A,4.0,1
71627,201120,Spring 2012,2011-2012,Freshman,24489,A,4.0,1
71627,201210,Fall 2012,2012-2013,Sophomore,13235,A,4.0,1
71627,201220,Spring 2013,2012-2013,Sophomore,20118,A,4.0,1
71627,201220,Spring 2013,2012-2013,Sophomore,23603,A,4.0,1
71627,201320,Spring 2014,2013-2014,Junior,23218,A,4.0,1
71627,201320,Spring 2014,2013-2014,Junior,30611,A,4.0,1
71627,201410,Fall 2014,2014-2015,Senior,19815,A,4.0,1
71627,201420,Spring 2015,2014-2015,Senior,20375,A,4.0,1
71627,201420,Spring 2015,2014-2015,Senior,21018,A,4.0,1
71627,201420,Spring 2015,2014-2015,Senior,23671,A,4.0,1
71627,201110,Fall 2011,2011-2012,Freshman,10656,A-,3.667,1
71627,201120,Spring 2012,2011-2012,Freshman,20146,A-,3.667,1
71627,201120,Spring 2012,2011-2012,Freshman,20876,A-,3.667,1
71627,201210,Fall 2012,2012-2013,Sophomore,11720,A-,3.667,1
71627,201210,Fall 2012,2012-2013,Sophomore,14633,A-,3.667,1
71627,201220,Spring 2013,2012-2013,Sophomore,24616,A-,3.667,1
71627,201310,Fall 2013,2013-2014,Junior,11623,A-,3.667,1
71627,201310,Fall 2013,2013-2014,Junior,12390,A-,3.667,1
71627,201310,Fall 2013,2013-2014,Junior,12526,A-,3.667,1
71627,201310,Fall 2013,2013-2014,Junior,17130,A-,3.667,1
71627,201320,Spring 2014,2013-2014,Junior,23211,A-,3.667,1
71627,201320,Spring 2014,2013-2014,Junior,23212,A-,3.667,1
71627,201420,Spring 2015,2014-2015,Senior,20787,A-,3.667,1
71627,201110,Fall 2011,2011-2012,Freshman,101001001,AD,,0
71627,201110,Fall 2011,2011-2012,Freshman,101002004,AD,,0
71627,201110,Fall 2011,2011-2012,Freshman,101003003,AD,,0
71627,201110,Fall 2011,2011-2012,Freshman,11795,B,3.0,1
71627,201220,Spring 2013,2012-2013,Sophomore,22308,B,3.0,1
71627,201220,Spring 2013,2012-2013,Sophomore,23649,B,3.0,1
71627,201320,Spring 2014,2013-2014,Junior,30581,B,3.0,1
71627,201410,Fall 2014,2014-2015,Senior,14451,B,3.0,1
71627,201110,Fall 2011,2011-2012,Freshman,15227,B+,3.333,1
71627,201120,Spring 2012,2011-2012,Freshman,24643,B+,3.333,1
71627,201210,Fall 2012,2012-2013,Sophomore,10112,B+,3.333,1
71627,201210,Fall 2012,2012-2013,Sophomore,11718,B+,3.333,1
71627,201310,Fall 2013,2013-2014,Junior,16568,B+,3.333,1
71627,201410,Fall 2014,2014-2015,Senior,11282,B+,3.333,1
71627,201410,Fall 2014,2014-2015,Senior,11629,B+,3.333,1
71627,201410,Fall 2014,2014-2015,Senior,14429,B+,3.333,1
71627,201420,Spring 2015,2014-2015,Senior,24994,B+,3.333,1
71627,201110,Fall 2011,2011-2012,Freshman,11528,C,2.0,1
71627,201110,Fall 2011,2011-2012,Freshman,13163,S,,0
71627,201110,Fall 2011,2011-2012,Freshman,20180,S,,0
71627,201120,Spring 2012,2011-2012,Freshman,21788,S,,0
71627,201120,Spring 2012,2011-2012,Freshman,24631,S,,0
71627,201210,Fall 2012,2012-2013,Sophomore,10814,S,,0
71627,201210,Fall 2012,2012-2013,Sophomore,12044,S,,0
71627,201220,Spring 2013,2012-2013,Sophomore,26845,S,,0
71627,201310,Fall 2013,2013-2014,Junior,12788,S,,0
71627,201320,Spring 2014,2013-2014,Junior,23210,S,,0
72700,201110,Fall 2011,2011-2012,Freshman,12312,A,4.0,1
72700,201110,Fall 2011,2011-2012,Freshman,12448,A,4.0,1
72700,201110,Fall 2011,2011-2012,Freshman,13173,A,4.0,1
72700,201120,Spring 2012,2011-2012,Freshman,22188,A,4.0,1
72700,201120,Spring 2012,2011-2012,Freshman,22366,A,4.0,1
72700,201120,Spring 2012,2011-2012,Freshman,22902,A,4.0,1
72700,201120,Spring 2012,2011-2012,Freshman,23330,A,4.0,1
72700,201120,Spring 2012,2011-2012,Freshman,23661,A,4.0,1
72700,201120,Spring 2012,2011-2012,Freshman,24498,A,4.0,1
72700,201120,Spring 2012,2011-2012,Freshman,24643,A,4.0,1
72700,201120,Spring 2012,2011-2012,Freshman,26561,A,4.0,1
72700,201210,Fall 2012,2012-2013,Sophomore,11192,A,4.0,1
72700,201210,Fall 2012,2012-2013,Sophomore,13258,A,4.0,1
72700,201210,Fall 2012,2012-2013,Sophomore,19665,A,4.0,1
72700,201220,Spring 2013,2012-2013,Sophomore,21950,A,4.0,1
72700,201220,Spring 2013,2012-2013,Sophomore,26129,A,4.0,1
72700,201220,Spring 2013,2012-2013,Sophomore,28542,A,4.0,1
72700,201220,Spring 2013,2012-2013,Sophomore,30039,A,4.0,1
72700,201300,Summer 2013,2013-2014,Junior,4085,A,4.0,1
72700,201410,Fall 2014,2014-2015,Senior,16256,A,4.0,1
72700,201410,Fall 2014,2014-2015,Senior,16257,A,4.0,1
72700,201410,Fall 2014,2014-2015,Senior,19945,A,4.0,1
72700,201410,Fall 2014,2014-2015,Senior,19952,A,4.0,1
72700,201420,Spring 2015,2014-2015,Senior,21027,A,4.0,1
72700,201420,Spring 2015,2014-2015,Senior,24029,A,4.0,1
72700,201420,Spring 2015,2014-2015,Senior,27117,A,4.0,1
72700,201420,Spring 2015,2014-2015,Senior,29990,A,4.0,1
72700,201420,Spring 2015,2014-2015,Senior,30716,A,4.0,1
72700,201110,Fall 2011,2011-2012,Freshman,10522,A-,3.667,1
72700,201110,Fall 2011,2011-2012,Freshman,11795,A-,3.667,1
72700,201110,Fall 2011,2011-2012,Freshman,18850,A-,3.667,1
72700,201210,Fall 2012,2012-2013,Sophomore,16024,A-,3.667,1
72700,201220,Spring 2013,2012-2013,Sophomore,21916,A-,3.667,1
72700,201220,Spring 2013,2012-2013,Sophomore,28610,A-,3.667,1
72700,201110,Fall 2011,2011-2012,Freshman,101001001,AD,,0
72700,201110,Fall 2011,2011-2012,Freshman,101002004,AD,,0
72700,201110,Fall 2011,2011-2012,Freshman,101003003,AD,,0
72700,201110,Fall 2011,2011-2012,Freshman,101004005,AD,,0
72700,201210,Fall 2012,2012-2013,Sophomore,13004,B,3.0,1
72700,201110,Fall 2011,2011-2012,Freshman,12273,S,,0
72700,201110,Fall 2011,2011-2012,Freshman,13067,S,,0
72700,201110,Fall 2011,2011-2012,Freshman,13156,S,,0
72700,201120,Spring 2012,2011-2012,Freshman,22032,S,,0
72700,201120,Spring 2012,2011-2012,Freshman,24634,S,,0
72700,201210,Fall 2012,2012-2013,Sophomore,19763,S,,0
72700,201220,Spring 2013,2012-2013,Sophomore,29251,S,,0
72700,201410,Fall 2014,2014-2015,Senior,13491,S,,0
72700,201410,Fall 2014,2014-2015,Senior,20787,S,,0
72746,201120,Spring 2012,2011-2012,Freshman,24654,A,4.0,1
72746,201420,Spring 2015,2014-2015,Senior,26710,A,4.0,1
72746,201110,Fall 2011,2011-2012,Freshman,11353,A-,3.667,1
72746,201210,Fall 2012,2012-2013,Sophomore,12580,A-,3.667,1
72746,201110,Fall 2011,2011-2012,Freshman,101001001,AD,,0
72746,201110,Fall 2011,2011-2012,Freshman,101002002,AD,,0
72746,201110,Fall 2011,2011-2012,Freshman,101002003,AD,,0
72746,201110,Fall 2011,2011-2012,Freshman,101003004,AD,,0
72746,201110,Fall 2011,2011-2012,Freshman,12315,B,3.0,1
72746,201110,Fall 2011,2011-2012,Freshman,13742,B,3.0,1
72746,201110,Fall 2011,2011-2012,Freshman,15154,B,3.0,1
72746,201110,Fall 2011,2011-2012,Freshman,15227,B,3.0,1
72746,201120,Spring 2012,2011-2012,Freshman,20553,B,3.0,1
72746,201120,Spring 2012,2011-2012,Freshman,22190,B,3.0,1
72746,201120,Spring 2012,2011-2012,Freshman,22543,B,3.0,1
72746,201310,Fall 2013,2013-2014,Junior,14328,B,3.0,1
72746,201310,Fall 2013,2013-2014,Junior,16569,B,3.0,1
72746,201410,Fall 2014,2014-2015,Senior,11860,B,3.0,1
72746,201410,Fall 2014,2014-2015,Senior,16534,B,3.0,1
72746,201410,Fall 2014,2014-2015,Senior,16715,B,3.0,1
72746,201210,Fall 2012,2012-2013,Sophomore,11111,B-,2.667,1
72746,201210,Fall 2012,2012-2013,Sophomore,14383,B-,2.667,1
72746,201220,Spring 2013,2012-2013,Sophomore,21188,B-,2.667,1
72746,201410,Fall 2014,2014-2015,Senior,13353,B-,2.667,1
72746,201420,Spring 2015,2014-2015,Senior,24002,B-,2.667,1
72746,201420,Spring 2015,2014-2015,Senior,30424,B-,2.667,1
72746,201120,Spring 2012,2011-2012,Freshman,22049,B+,3.333,1
72746,201220,Spring 2013,2012-2013,Sophomore,23128,B+,3.333,1
72746,201220,Spring 2013,2012-2013,Sophomore,29047,B+,3.333,1
72746,201310,Fall 2013,2013-2014,Junior,11181,B+,3.333,1
72746,201320,Spring 2014,2013-2014,Junior,22923,B+,3.333,1
72746,201320,Spring 2014,2013-2014,Junior,29046,B+,3.333,1
72746,201320,Spring 2014,2013-2014,Junior,29742,B+,3.333,1
72746,201310,Fall 2013,2013-2014,Junior,12399,C,2.0,1
72746,201320,Spring 2014,2013-2014,Junior,21510,C,2.0,1
72746,201320,Spring 2014,2013-2014,Junior,22111,C,2.0,1
72746,201420,Spring 2015,2014-2015,Senior,29030,C,2.0,1
72746,201210,Fall 2012,2012-2013,Sophomore,15670,C-,1.667,1
72746,201320,Spring 2014,2013-2014,Junior,20082,C-,1.667,1
72746,201210,Fall 2012,2012-2013,Sophomore,11113,C+,2.333,1
72746,201210,Fall 2012,2012-2013,Sophomore,12543,C+,2.333,1
72746,201220,Spring 2013,2012-2013,Sophomore,25829,C+,2.333,1
72746,201220,Spring 2013,2012-2013,Sophomore,28747,C+,2.333,1
72746,201310,Fall 2013,2013-2014,Junior,10446,C+,2.333,1
72746,201110,Fall 2011,2011-2012,Freshman,13161,S,,0
72746,201120,Spring 2012,2011-2012,Freshman,24635,S,,0
73303,201110,Fall 2011,2011-2012,Freshman,10537,A,4.0,1
73303,201110,Fall 2011,2011-2012,Freshman,10868,A,4.0,1
73303,201110,Fall 2011,2011-2012,Freshman,12315,A,4.0,1
73303,201120,Spring 2012,2011-2012,Freshman,21615,A,4.0,1
73303,201120,Spring 2012,2011-2012,Freshman,22044,A,4.0,1
73303,201120,Spring 2012,2011-2012,Freshman,24498,A,4.0,1
73303,201120,Spring 2012,2011-2012,Freshman,25044,A,4.0,1
73303,201210,Fall 2012,2012-2013,Sophomore,10873,A,4.0,1
73303,201210,Fall 2012,2012-2013,Sophomore,19109,A,4.0,1
73303,201220,Spring 2013,2012-2013,Sophomore,29171,A,4.0,1
73303,201310,Fall 2013,2013-2014,Junior,12000,A,4.0,1
73303,201310,Fall 2013,2013-2014,Junior,16127,A,4.0,1
73303,201320,Spring 2014,2013-2014,Junior,29406,A,4.0,1
73303,201320,Spring 2014,2013-2014,Junior,29468,A,4.0,1
73303,201400,Summer 2014,2014-2015,Senior,3420,A,4.0,1
73303,201410,Fall 2014,2014-2015,Senior,14053,A,4.0,1
73303,201410,Fall 2014,2014-2015,Senior,14056,A,4.0,1
73303,201420,Spring 2015,2014-2015,Senior,29736,A,4.0,1
73303,201120,Spring 2012,2011-2012,Freshman,28514,A-,3.667,1
73303,201210,Fall 2012,2012-2013,Sophomore,10107,A-,3.667,1
73303,201210,Fall 2012,2012-2013,Sophomore,18698,A-,3.667,1
73303,201220,Spring 2013,2012-2013,Sophomore,26454,A-,3.667,1
73303,201310,Fall 2013,2013-2014,Junior,14139,A-,3.667,1
73303,201310,Fall 2013,2013-2014,Junior,16671,A-,3.667,1
73303,201310,Fall 2013,2013-2014,Junior,17161,A-,3.667,1
73303,201320,Spring 2014,2013-2014,Junior,20031,A-,3.667,1
73303,201320,Spring 2014,2013-2014,Junior,29484,A-,3.667,1
73303,201410,Fall 2014,2014-2015,Senior,10762,A-,3.667,1
73303,201410,Fall 2014,2014-2015,Senior,19951,A-,3.667,1
73303,201420,Spring 2015,2014-2015,Senior,29714,A-,3.667,1
73303,201420,Spring 2015,2014-2015,Senior,29730,A-,3.667,1
73303,201420,Spring 2015,2014-2015,Senior,29732,A-,3.667,1
73303,201110,Fall 2011,2011-2012,Freshman,101001001,AD,,0
73303,201110,Fall 2011,2011-2012,Freshman,101001002,AD,,0
73303,201110,Fall 2011,2011-2012,Freshman,101002003,AD,,0
73303,201210,Fall 2012,2012-2013,Sophomore,19278,B,3.0,1
73303,201220,Spring 2013,2012-2013,Sophomore,22573,B,3.0,1
73303,201320,Spring 2014,2013-2014,Junior,29288,B,3.0,1
73303,201410,Fall 2014,2014-2015,Senior,19755,B,3.0,1
73303,201110,Fall 2011,2011-2012,Freshman,11205,B-,2.667,1
73303,201110,Fall 2011,2011-2012,Freshman,12963,B+,3.333,1
73303,201210,Fall 2012,2012-2013,Sophomore,18919,B+,3.333,1
73303,201220,Spring 2013,2012-2013,Sophomore,22281,B+,3.333,1
73303,201220,Spring 2013,2012-2013,Sophomore,28872,B+,3.333,1
73303,201110,Fall 2011,2011-2012,Freshman,13156,S,,0
73303,201120,Spring 2012,2011-2012,Freshman,24636,S,,0
74916,201120,Spring 2012,2011-2012,Freshman,21682,A,4.0,1
74916,201120,Spring 2012,2011-2012,Freshman,25323,A,4.0,1
74916,201210,Fall 2012,2012-2013,Sophomore,19274,A,4.0,1
74916,201220,Spring 2013,2012-2013,Sophomore,22541,A,4.0,1
74916,201320,Spring 2014,2013-2014,Junior,24291,A,4.0,1
74916,201320,Spring 2014,2013-2014,Junior,25599,A,4.0,1
74916,201110,Fall 2011,2011-2012,Freshman,12768,A-,3.667,1
74916,201110,Fall 2011,2011-2012,Freshman,15715,A-,3.667,1
74916,201210,Fall 2012,2012-2013,Sophomore,12514,A-,3.667,1
74916,201110,Fall 2011,2011-2012,Freshman,101001001,AD,,0
74916,201110,Fall 2011,2011-2012,Freshman,101002002,AD,,0
74916,201110,Fall 2011,2011-2012,Freshman,101003003,AD,,0
74916,201110,Fall 2011,2011-2012,Freshman,101004004,AD,,0
74916,201110,Fall 2011,2011-2012,Freshman,14271,B,3.0,1
74916,201120,Spring 2012,2011-2012,Freshman,20704,B,3.0,1
74916,201120,Spring 2012,2011-2012,Freshman,21659,B,3.0,1
74916,201220,Spring 2013,2012-2013,Sophomore,24541,B,3.0,1
74916,201220,Spring 2013,2012-2013,Sophomore,24652,B,3.0,1
74916,201310,Fall 2013,2013-2014,Junior,11004,B,3.0,1
74916,201310,Fall 2013,2013-2014,Junior,12799,B,3.0,1
74916,201320,Spring 2014,2013-2014,Junior,25411,B,3.0,1
74916,201320,Spring 2014,2013-2014,Junior,26271,B,3.0,1
74916,201410,Fall 2014,2014-2015,Senior,13799,B,3.0,1
74916,201410,Fall 2014,2014-2015,Senior,17252,B,3.0,1
74916,201420,Spring 2015,2014-2015,Senior,27505,B,3.0,1
74916,201420,Spring 2015,2014-2015,Senior,29637,B,3.0,1
74916,201210,Fall 2012,2012-2013,Sophomore,11516,B-,2.667,1
74916,201420,Spring 2015,2014-2015,Senior,26942,B-,2.667,1
74916,201110,Fall 2011,2011-2012,Freshman,10710,B+,3.333,1
74916,201110,Fall 2011,2011-2012,Freshman,13066,B+,3.333,1
74916,201110,Fall 2011,2011-2012,Freshman,18550,B+,3.333,1
74916,201120,Spring 2012,2011-2012,Freshman,20273,B+,3.333,1
74916,201410,Fall 2014,2014-2015,Senior,17714,B+,3.333,1
74916,201410,Fall 2014,2014-2015,Senior,19517,B+,3.333,1
74916,201420,Spring 2015,2014-2015,Senior,22238,B+,3.333,1
74916,201420,Spring 2015,2014-2015,Senior,29148,B+,3.333,1
74916,201220,Spring 2013,2012-2013,Sophomore,24571,C,2.0,1
74916,201310,Fall 2013,2013-2014,Junior,11440,C,2.0,1
74916,201420,Spring 2015,2014-2015,Senior,29372,C,2.0,1
74916,201120,Spring 2012,2011-2012,Freshman,22692,C-,1.667,1
74916,201320,Spring 2014,2013-2014,Junior,23572,C-,1.667,1
74916,201220,Spring 2013,2012-2013,Sophomore,20548,C+,2.333,1
74916,201220,Spring 2013,2012-2013,Sophomore,25106,C+,2.333,1
74916,201310,Fall 2013,2013-2014,Junior,10570,C+,2.333,1
74916,201410,Fall 2014,2014-2015,Senior,15551,C+,2.333,1
74916,201410,Fall 2014,2014-2015,Senior,20709,C+,2.333,1
74916,201420,Spring 2015,2014-2015,Senior,23673,C+,2.333,1
74916,201210,Fall 2012,2012-2013,Sophomore,12616,D,1.0,1
74916,201210,Fall 2012,2012-2013,Sophomore,14298,D,1.0,1
74916,201310,Fall 2013,2013-2014,Junior,14050,F,0.0,1
74916,201120,Spring 2012,2011-2012,Freshman,21749,S,,0
74916,201310,Fall 2013,2013-2014,Junior,12529,S,,0
74916,201320,Spring 2014,2013-2014,Junior,22383,S,,0
74916,201420,Spring 2015,2014-2015,Senior,201001001,TR,,0
74916,201420,Spring 2015,2014-2015,Senior,201001002,TR,,0
75178,201110,Fall 2011,2011-2012,Freshman,10089,A,4.0,1
75178,201110,Fall 2011,2011-2012,Freshman,11295,A,4.0,1
75178,201110,Fall 2011,2011-2012,Freshman,12851,A,4.0,1
75178,201110,Fall 2011,2011-2012,Freshman,14269,A,4.0,1
75178,201110,Fall 2011,2011-2012,Freshman,18647,A,4.0,1
75178,201120,Spring 2012,2011-2012,Freshman,20002,A,4.0,1
75178,201120,Spring 2012,2011-2012,Freshman,20075,A,4.0,1
75178,201120,Spring 2012,2011-2012,Freshman,20704,A,4.0,1
75178,201120,Spring 2012,2011-2012,Freshman,23367,A,4.0,1
75178,201120,Spring 2012,2011-2012,Freshman,25154,A,4.0,1
75178,201210,Fall 2012,2012-2013,Sophomore,11140,A,4.0,1
75178,201210,Fall 2012,2012-2013,Sophomore,11616,A,4.0,1
75178,201210,Fall 2012,2012-2013,Sophomore,11617,A,4.0,1
75178,201210,Fall 2012,2012-2013,Sophomore,19243,A,4.0,1
75178,201220,Spring 2013,2012-2013,Sophomore,21992,A,4.0,1
75178,201220,Spring 2013,2012-2013,Sophomore,22046,A,4.0,1
75178,201220,Spring 2013,2012-2013,Sophomore,29573,A,4.0,1
75178,201310,Fall 2013,2013-2014,Junior,11520,A,4.0,1
75178,201310,Fall 2013,2013-2014,Junior,15448,A,4.0,1
75178,201310,Fall 2013,2013-2014,Junior,16525,A,4.0,1
75178,201310,Fall 2013,2013-2014,Junior,16785,A,4.0,1
75178,201320,Spring 2014,2013-2014,Junior,20153,A,4.0,1
75178,201320,Spring 2014,2013-2014,Junior,26456,A,4.0,1
75178,201320,Spring 2014,2013-2014,Junior,28826,A,4.0,1
75178,201320,Spring 2014,2013-2014,Junior,28964,A,4.0,1
75178,201410,Fall 2014,2014-2015,Senior,12345,A,4.0,1
75178,201410,Fall 2014,2014-2015,Senior,16938,A,4.0,1
75178,201410,Fall 2014,2014-2015,Senior,20119,A,4.0,1
75178,201410,Fall 2014,2014-2015,Senior,20646,A,4.0,1
75178,201420,Spring 2015,2014-2015,Senior,20215,A,4.0,1
75178,201420,Spring 2015,2014-2015,Senior,24177,A,4.0,1
75178,201420,Spring 2015,2014-2015,Senior,29355,A,4.0,1
75178,201420,Spring 2015,2014-2015,Senior,29406,A,4.0,1
75178,201420,Spring 2015,2014-2015,Senior,30312,A,4.0,1
75178,201220,Spring 2013,2012-2013,Sophomore,20551,A-,3.667,1
75178,201220,Spring 2013,2012-2013,Sophomore,21522,A-,3.667,1
75178,201320,Spring 2014,2013-2014,Junior,29607,A-,3.667,1
75178,201210,Fall 2012,2012-2013,Sophomore,12264,B+,3.333,1
75178,201110,Fall 2011,2011-2012,Freshman,101001001,CE,,0
75178,201110,Fall 2011,2011-2012,Freshman,12212,S,,0
75178,201110,Fall 2011,2011-2012,Freshman,13163,S,,0
75178,201120,Spring 2012,2011-2012,Freshman,24632,S,,0
75178,201410,Fall 2014,2014-2015,Senior,14613,S,,0
75468,201110,Fall 2011,2011-2012,Freshman,12647,A,4.0,1
75468,201110,Fall 2011,2011-2012,Freshman,12851,A,4.0,1
75468,201110,Fall 2011,2011-2012,Freshman,16039,A,4.0,1
75468,201110,Fall 2011,2011-2012,Freshman,16132,A,4.0,1
75468,201120,Spring 2012,2011-2012,Freshman,21145,A,4.0,1
75468,201120,Spring 2012,2011-2012,Freshman,22728,A,4.0,1
75468,201120,Spring 2012,2011-2012,Freshman,23895,A,4.0,1
75468,201210,Fall 2012,2012-2013,Sophomore,11342,A,4.0,1
75468,201210,Fall 2012,2012-2013,Sophomore,13105,A,4.0,1
75468,201210,Fall 2012,2012-2013,Sophomore,14300,A,4.0,1
75468,201210,Fall 2012,2012-2013,Sophomore,14307,A,4.0,1
75468,201210,Fall 2012,2012-2013,Sophomore,15158,A,4.0,1
75468,201210,Fall 2012,2012-2013,Sophomore,18763,A,4.0,1
75468,201220,Spring 2013,2012-2013,Sophomore,20317,A,4.0,1
75468,201220,Spring 2013,2012-2013,Sophomore,20548,A,4.0,1
75468,201220,Spring 2013,2012-2013,Sophomore,21548,A,4.0,1
75468,201220,Spring 2013,2012-2013,Sophomore,22554,A,4.0,1
75468,201220,Spring 2013,2012-2013,Sophomore,24392,A,4.0,1
75468,201220,Spring 2013,2012-2013,Sophomore,28768,A,4.0,1
75468,201310,Fall 2013,2013-2014,Junior,10432,A,4.0,1
75468,201310,Fall 2013,2013-2014,Junior,10570,A,4.0,1
75468,201310,Fall 2013,2013-2014,Junior,11323,A,4.0,1
75468,201310,Fall 2013,2013-2014,Junior,11422,A,4.0,1
75468,201310,Fall 2013,2013-2014,Junior,15537,A,4.0,1
75468,201310,Fall 2013,2013-2014,Junior,18779,A,4.0,1
75468,201320,Spring 2014,2013-2014,Junior,30697,A,4.0,1
75468,201320,Spring 2014,2013-2014,Junior,30702,A,4.0,1
75468,201320,Spring 2014,2013-2014,Junior,30704,A,4.0,1
75468,201400,Summer 2014,2014-2015,Senior,3936,A,4.0,1
75468,201400,Summer 2014,2014-2015,Senior,3937,A,4.0,1
75468,201410,Fall 2014,2014-2015,Senior,10960,A,4.0,1
75468,201410,Fall 2014,2014-2015,Senior,11353,A,4.0,1
75468,201410,Fall 2014,2014-2015,Senior,12069,A,4.0,1
75468,201410,Fall 2014,2014-2015,Senior,15914,A,4.0,1
75468,201410,Fall 2014,2014-2015,Senior,16685,A,4.0,1
75468,201410,Fall 2014,2014-2015,Senior,19693,A,4.0,1
75468,201420,Spring 2015,2014-2015,Senior,20132,A,4.0,1
75468,201420,Spring 2015,2014-2015,Senior,20651,A,4.0,1
75468,201420,Spring 2015,2014-2015,Senior,20770,A,4.0,1
75468,201420,Spring 2015,2014-2015,Senior,26323,A,4.0,1
75468,201420,Spring 2015,2014-2015,Senior,28928,A,4.0,1
75468,201420,Spring 2015,2014-2015,Senior,29998,A,4.0,1
75468,201120,Spring 2012,2011-2012,Freshman,22140,A-,3.667,1
75468,201120,Spring 2012,2011-2012,Freshman,28536,A-,3.667,1
75468,201210,Fall 2012,2012-2013,Sophomore,12098,A-,3.667,1
75468,201320,Spring 2014,2013-2014,Junior,30700,A-,3.667,1
75468,201110,Fall 2011,2011-2012,Freshman,101001001,AD,,0
75468,201110,Fall 2011,2011-2012,Freshman,101001002,AD,,0
75468,201110,Fall 2011,2011-2012,Freshman,201001001,AD,,0
75468,201110,Fall 2011,2011-2012,Freshman,201002002,AD,,0
75468,201110,Fall 2011,2011-2012,Freshman,201003003,AD,,0
75468,201110,Fall 2011,2011-2012,Freshman,201004004,AD,,0
75468,201110,Fall 2011,2011-2012,Freshman,201005005,AD,,0
75468,201110,Fall 2011,2011-2012,Freshman,12644,B+,3.333,1
75468,201320,Spring 2014,2013-2014,Junior,30698,B+,3.333,1
75468,201110,Fall 2011,2011-2012,Freshman,13158,S,,0
75468,201120,Spring 2012,2011-2012,Freshman,22733,S,,0
75468,201120,Spring 2012,2011-2012,Freshman,24634,S,,0
75468,201220,Spring 2013,2012-2013,Sophomore,22247,S,,0
77291,201220,Spring 2013,2012-2013,Sophomore,21930,A,4.0,1
77291,201320,Spring 2014,2013-2014,Junior,22585,A,4.0,1
77291,201410,Fall 2014,2014-2015,Senior,20340,A,4.0,1
77291,201420,Spring 2015,2014-2015,Senior,30230,A,4.0,1
77291,201110,Fall 2011,2011-2012,Freshman,10023,A-,3.667,1
77291,201120,Spring 2012,2011-2012,Freshman,20280,A-,3.667,1
77291,201210,Fall 2012,2012-2013,Sophomore,11410,A-,3.667,1
77291,201310,Fall 2013,2013-2014,Junior,12634,A-,3.667,1
77291,201320,Spring 2014,2013-2014,Junior,22584,A-,3.667,1
77291,201320,Spring 2014,2013-2014,Junior,24435,A-,3.667,1
77291,201410,Fall 2014,2014-2015,Senior,20921,A-,3.667,1
77291,201420,Spring 2015,2014-2015,Senior,20980,A-,3.667,1
77291,201110,Fall 2011,2011-2012,Freshman,101001001,AD,,0
77291,201110,Fall 2011,2011-2012,Freshman,101002002,AD,,0
77291,201110,Fall 2011,2011-2012,Freshman,10709,B,3.0,1
77291,201110,Fall 2011,2011-2012,Freshman,15588,B,3.0,1
77291,201120,Spring 2012,2011-2012,Freshman,21643,B,3.0,1
77291,201210,Fall 2012,2012-2013,Sophomore,11783,B,3.0,1
77291,201210,Fall 2012,2012-2013,Sophomore,11795,B,3.0,1
77291,201210,Fall 2012,2012-2013,Sophomore,14726,B,3.0,1
77291,201220,Spring 2013,2012-2013,Sophomore,20616,B,3.0,1
77291,201220,Spring 2013,2012-2013,Sophomore,20638,B,3.0,1
77291,201220,Spring 2013,2012-2013,Sophomore,29255,B,3.0,1
77291,201420,Spring 2015,2014-2015,Senior,21222,B,3.0,1
77291,201420,Spring 2015,2014-2015,Senior,22421,B,3.0,1
77291,201110,Fall 2011,2011-2012,Freshman,14269,B-,2.667,1
77291,201310,Fall 2013,2013-2014,Junior,12632,B-,2.667,1
77291,201320,Spring 2014,2013-2014,Junior,22586,B-,2.667,1
77291,201410,Fall 2014,2014-2015,Senior,11108,B-,2.667,1
77291,201110,Fall 2011,2011-2012,Freshman,10869,B+,3.333,1
77291,201210,Fall 2012,2012-2013,Sophomore,11641,B+,3.333,1
77291,201220,Spring 2013,2012-2013,Sophomore,20824,B+,3.333,1
77291,201310,Fall 2013,2013-2014,Junior,12630,B+,3.333,1
77291,201310,Fall 2013,2013-2014,Junior,12635,B+,3.333,1
77291,201320,Spring 2014,2013-2014,Junior,22580,B+,3.333,1
77291,201410,Fall 2014,2014-2015,Senior,10982,B+,3.333,1
77291,201410,Fall 2014,2014-2015,Senior,11850,B+,3.333,1
77291,201410,Fall 2014,2014-2015,Senior,12440,B+,3.333,1
77291,201120,Spring 2012,2011-2012,Freshman,21058,C+,2.333,1
77291,201110,Fall 2011,2011-2012,Freshman,13154,S,,0
77291,201120,Spring 2012,2011-2012,Freshman,21788,S,,0
77291,201120,Spring 2012,2011-2012,Freshman,24637,S,,0
77291,201210,Fall 2012,2012-2013,Sophomore,12044,S,,0
77291,201420,Spring 2015,2014-2015,Senior,30227,S,,0
77291,201310,Fall 2013,2013-2014,Junior,201001001,TR,,0
78911,201110,Fall 2011,2011-2012,Freshman,10841,A,4.0,1
78911,201110,Fall 2011,2011-2012,Freshman,12220,A,4.0,1
78911,201110,Fall 2011,2011-2012,Freshman,12399,A,4.0,1
78911,201110,Fall 2011,2011-2012,Freshman,12441,A,4.0,1
78911,201110,Fall 2011,2011-2012,Freshman,14268,A,4.0,1
78911,201120,Spring 2012,2011-2012,Freshman,20226,A,4.0,1
78911,201120,Spring 2012,2011-2012,Freshman,21932,A,4.0,1
78911,201120,Spring 2012,2011-2012,Freshman,22348,A,4.0,1
78911,201120,Spring 2012,2011-2012,Freshman,22354,A,4.0,1
78911,201120,Spring 2012,2011-2012,Freshman,22543,A,4.0,1
78911,201210,Fall 2012,2012-2013,Sophomore,11893,A,4.0,1
78911,201210,Fall 2012,2012-2013,Sophomore,14304,A,4.0,1
78911,201210,Fall 2012,2012-2013,Sophomore,15670,A,4.0,1
78911,201220,Spring 2013,2012-2013,Sophomore,20578,A,4.0,1
78911,201220,Spring 2013,2012-2013,Sophomore,22056,A,4.0,1
78911,201220,Spring 2013,2012-2013,Sophomore,23494,A,4.0,1
78911,201220,Spring 2013,2012-2013,Sophomore,24090,A,4.0,1
78911,201220,Spring 2013,2012-2013,Sophomore,26347,A,4.0,1
78911,201310,Fall 2013,2013-2014,Junior,13451,A,4.0,1
78911,201310,Fall 2013,2013-2014,Junior,13469,A,4.0,1
78911,201310,Fall 2013,2013-2014,Junior,20883,A,4.0,1
78911,201310,Fall 2013,2013-2014,Junior,21111,A,4.0,1
78911,201320,Spring 2014,2013-2014,Junior,20037,A,4.0,1
78911,201320,Spring 2014,2013-2014,Junior,21041,A,4.0,1
78911,201320,Spring 2014,2013-2014,Junior,21513,A,4.0,1
78911,201320,Spring 2014,2013-2014,Junior,24011,A,4.0,1
78911,201320,Spring 2014,2013-2014,Junior,27403,A,4.0,1
78911,201320,Spring 2014,2013-2014,Junior,29087,A,4.0,1
78911,201410,Fall 2014,2014-2015,Senior,11253,A,4.0,1
78911,201410,Fall 2014,2014-2015,Senior,13415,A,4.0,1
78911,201410,Fall 2014,2014-2015,Senior,14463,A,4.0,1
78911,201410,Fall 2014,2014-2015,Senior,15085,A,4.0,1
78911,201410,Fall 2014,2014-2015,Senior,15347,A,4.0,1
78911,201410,Fall 2014,2014-2015,Senior,20163,A,4.0,1
78911,201410,Fall 2014,2014-2015,Senior,20166,A,4.0,1
78911,201420,Spring 2015,2014-2015,Senior,21407,A,4.0,1
78911,201420,Spring 2015,2014-2015,Senior,23675,A,4.0,1
78911,201420,Spring 2015,2014-2015,Senior,23785,A,4.0,1
78911,201420,Spring 2015,2014-2015,Senior,24677,A,4.0,1
78911,201420,Spring 2015,2014-2015,Senior,26756,A,4.0,1
78911,201110,Fall 2011,2011-2012,Freshman,12914,A-,3.667,1
78911,201210,Fall 2012,2012-2013,Sophomore,11889,A-,3.667,1
78911,201210,Fall 2012,2012-2013,Sophomore,14301,A-,3.667,1
78911,201210,Fall 2012,2012-2013,Sophomore,15130,A-,3.667,1
78911,201220,Spring 2013,2012-2013,Sophomore,21626,A-,3.667,1
78911,201220,Spring 2013,2012-2013,Sophomore,24092,A-,3.667,1
78911,201310,Fall 2013,2013-2014,Junior,13449,A-,3.667,1
78911,201310,Fall 2013,2013-2014,Junior,20790,A-,3.667,1
78911,201320,Spring 2014,2013-2014,Junior,22877,A-,3.667,1
78911,201410,Fall 2014,2014-2015,Senior,11465,A-,3.667,1
78911,201110,Fall 2011,2011-2012,Freshman,101001001,AD,,0
78911,201110,Fall 2011,2011-2012,Freshman,101002002,AD,,0
78911,201110,Fall 2011,2011-2012,Freshman,101003003,AD,,0
78911,201110,Fall 2011,2011-2012,Freshman,101004004,AD,,0
78911,201110,Fall 2011,2011-2012,Freshman,101005005,AD,,0
78911,201110,Fall 2011,2011-2012,Freshman,101005006,AD,,0
78911,201120,Spring 2012,2011-2012,Freshman,24771,B+,3.333,1
78911,201110,Fall 2011,2011-2012,Freshman,12018,S,,0
78911,201110,Fall 2011,2011-2012,Freshman,13161,S,,0
78911,201120,Spring 2012,2011-2012,Freshman,21887,S,,0
78911,201120,Spring 2012,2011-2012,Freshman,22683,S,,0
78911,201120,Spring 2012,2011-2012,Freshman,24631,S,,0
78911,201210,Fall 2012,2012-2013,Sophomore,11825,S,,0
78911,201220,Spring 2013,2012-2013,Sophomore,21767,S,,0
78911,201320,Spring 2014,2013-2014,Junior,21665,S,,0
78911,201320,Spring 2014,2013-2014,Junior,23623,S,,0
78911,201410,Fall 2014,2014-2015,Senior,11630,S,,0
78966,201110,Fall 2011,2011-2012,Freshman,10517,A,4.0,1
78966,201110,Fall 2011,2011-2012,Freshman,10799,A,4.0,1
78966,201110,Fall 2011,2011-2012,Freshman,12848,A,4.0,1
78966,201210,Fall 2012,2012-2013,Sophomore,10314,A,4.0,1
78966,201220,Spring 2013,2012-2013,Sophomore,20239,A,4.0,1
78966,201220,Spring 2013,2012-2013,Sophomore,21974,A,4.0,1
78966,201220,Spring 2013,2012-2013,Sophomore,22554,A,4.0,1
78966,201220,Spring 2013,2012-2013,Sophomore,29525,A,4.0,1
78966,201300,Summer 2013,2013-2014,Junior,4120,A,4.0,1
78966,201310,Fall 2013,2013-2014,Junior,11520,A,4.0,1
78966,201310,Fall 2013,2013-2014,Junior,16105,A,4.0,1
78966,201320,Spring 2014,2013-2014,Junior,20254,A,4.0,1
78966,201320,Spring 2014,2013-2014,Junior,23344,A,4.0,1
78966,201410,Fall 2014,2014-2015,Senior,12414,A,4.0,1
78966,201410,Fall 2014,2014-2015,Senior,14804,A,4.0,1
78966,201420,Spring 2015,2014-2015,Senior,21996,A,4.0,1
78966,201420,Spring 2015,2014-2015,Senior,22179,A,4.0,1
78966,201110,Fall 2011,2011-2012,Freshman,14268,A-,3.667,1
78966,201120,Spring 2012,2011-2012,Freshman,24488,A-,3.667,1
78966,201210,Fall 2012,2012-2013,Sophomore,10313,A-,3.667,1
78966,201300,Summer 2013,2013-2014,Junior,2927,A-,3.667,1
78966,201310,Fall 2013,2013-2014,Junior,12232,A-,3.667,1
78966,201320,Spring 2014,2013-2014,Junior,20261,A-,3.667,1
78966,201320,Spring 2014,2013-2014,Junior,20629,A-,3.667,1
78966,201410,Fall 2014,2014-2015,Senior,10993,A-,3.667,1
78966,201410,Fall 2014,2014-2015,Senior,12401,A-,3.667,1
78966,201410,Fall 2014,2014-2015,Senior,12431,A-,3.667,1
78966,201410,Fall 2014,2014-2015,Senior,12437,A-,3.667,1
78966,201410,Fall 2014,2014-2015,Senior,14221,A-,3.667,1
78966,201420,Spring 2015,2014-2015,Senior,22150,A-,3.667,1
78966,201420,Spring 2015,2014-2015,Senior,23450,A-,3.667,1
78966,201420,Spring 2015,2014-2015,Senior,25083,A-,3.667,1
78966,201420,Spring 2015,2014-2015,Senior,29722,A-,3.667,1
78966,201110,Fall 2011,2011-2012,Freshman,101001001,AD,,0
78966,201110,Fall 2011,2011-2012,Freshman,101002002,AD,,0
78966,201110,Fall 2011,2011-2012,Freshman,101003003,AD,,0
78966,201110,Fall 2011,2011-2012,Freshman,101004004,AD,,0
78966,201210,Fall 2012,2012-2013,Sophomore,15113,B,3.0,1
78966,201310,Fall 2013,2013-2014,Junior,11340,B,3.0,1
78966,201420,Spring 2015,2014-2015,Senior,24346,B,3.0,1
78966,201310,Fall 2013,2013-2014,Junior,11043,B-,2.667,1
78966,201110,Fall 2011,2011-2012,Freshman,10710,B+,3.333,1
78966,201120,Spring 2012,2011-2012,Freshman,21058,B+,3.333,1
78966,201120,Spring 2012,2011-2012,Freshman,22195,B+,3.333,1
78966,201120,Spring 2012,2011-2012,Freshman,22769,B+,3.333,1
78966,201120,Spring 2012,2011-2012,Freshman,24780,B+,3.333,1
78966,201210,Fall 2012,2012-2013,Sophomore,12616,B+,3.333,1
78966,201210,Fall 2012,2012-2013,Sophomore,15670,B+,3.333,1
78966,201220,Spring 2013,2012-2013,Sophomore,21473,B+,3.333,1
78966,201410,Fall 2014,2014-2015,Senior,10990,B+,3.333,1
78966,201420,Spring 2015,2014-2015,Senior,21715,B+,3.333,1
78966,201420,Spring 2015,2014-2015,Senior,22620,B+,3.333,1
78966,201320,Spring 2014,2013-2014,Junior,24292,C,2.0,1
78966,201110,Fall 2011,2011-2012,Freshman,12188,S,,0
78966,201110,Fall 2011,2011-2012,Freshman,13161,S,,0
78966,201120,Spring 2012,2011-2012,Freshman,21471,S,,0
78966,201120,Spring 2012,2011-2012,Freshman,24632,S,,0
78966,201410,Fall 2014,2014-2015,Senior,14629,S,,0
78966,201410,Fall 2014,2014-2015,Senior,16008,S,,0
78966,201420,Spring 2015,2014-2015,Senior,24806,S,,0
82060,201110,Fall 2011,2011-2012,Freshman,10709,A,4.0,1
82060,201110,Fall 2011,2011-2012,Freshman,10799,A,4.0,1
82060,201110,Fall 2011,2011-2012,Freshman,13757,A,4.0,1
82060,201120,Spring 2012,2011-2012,Freshman,20273,A,4.0,1
82060,201120,Spring 2012,2011-2012,Freshman,20704,A,4.0,1
82060,201210,Fall 2012,2012-2013,Sophomore,10313,A,4.0,1
82060,201210,Fall 2012,2012-2013,Sophomore,10314,A,4.0,1
82060,201210,Fall 2012,2012-2013,Sophomore,10479,A,4.0,1
82060,201210,Fall 2012,2012-2013,Sophomore,10844,A,4.0,1
82060,201210,Fall 2012,2012-2013,Sophomore,19755,A,4.0,1
82060,201220,Spring 2013,2012-2013,Sophomore,20239,A,4.0,1
82060,201220,Spring 2013,2012-2013,Sophomore,21473,A,4.0,1
82060,201220,Spring 2013,2012-2013,Sophomore,24938,A,4.0,1
82060,201220,Spring 2013,2012-2013,Sophomore,29255,A,4.0,1
82060,201220,Spring 2013,2012-2013,Sophomore,29525,A,4.0,1
82060,201310,Fall 2013,2013-2014,Junior,11043,A,4.0,1
82060,201310,Fall 2013,2013-2014,Junior,11340,A,4.0,1
82060,201310,Fall 2013,2013-2014,Junior,12232,A,4.0,1
82060,201310,Fall 2013,2013-2014,Junior,16105,A,4.0,1
82060,201310,Fall 2013,2013-2014,Junior,18937,A,4.0,1
82060,201320,Spring 2014,2013-2014,Junior,20254,A,4.0,1
82060,201320,Spring 2014,2013-2014,Junior,20261,A,4.0,1
82060,201320,Spring 2014,2013-2014,Junior,23344,A,4.0,1
82060,201320,Spring 2014,2013-2014,Junior,24388,A,4.0,1
82060,201320,Spring 2014,2013-2014,Junior,29708,A,4.0,1
82060,201410,Fall 2014,2014-2015,Senior,11241,A,4.0,1
82060,201410,Fall 2014,2014-2015,Senior,11873,A,4.0,1
82060,201410,Fall 2014,2014-2015,Senior,20265,A,4.0,1
82060,201410,Fall 2014,2014-2015,Senior,20588,A,4.0,1
82060,201420,Spring 2015,2014-2015,Senior,21968,A,4.0,1
82060,201120,Spring 2012,2011-2012,Freshman,28516,A-,3.667,1
82060,201410,Fall 2014,2014-2015,Senior,15834,A-,3.667,1
82060,201420,Spring 2015,2014-2015,Senior,30263,A-,3.667,1
82060,201110,Fall 2011,2011-2012,Freshman,101001002,AD,,0
82060,201110,Fall 2011,2011-2012,Freshman,201001001,AD,,0
82060,201120,Spring 2012,2011-2012,Freshman,201003003,AD,,0
82060,201110,Fall 2011,2011-2012,Freshman,101001001,AD,,0
82060,201110,Fall 2011,2011-2012,Freshman,12852,B,3.0,1
82060,201210,Fall 2012,2012-2013,Sophomore,15113,B,3.0,1
82060,201110,Fall 2011,2011-2012,Freshman,14268,B+,3.333,1
82060,201120,Spring 2012,2011-2012,Freshman,21311,B+,3.333,1
82060,201120,Spring 2012,2011-2012,Freshman,25067,B+,3.333,1
82060,201110,Fall 2011,2011-2012,Freshman,13156,S,,0
82060,201120,Spring 2012,2011-2012,Freshman,24631,S,,0
83184,201110,Fall 2011,2011-2012,Freshman,13630,A,4.0,1
83184,201120,Spring 2012,2011-2012,Freshman,22041,A,4.0,1
83184,201120,Spring 2012,2011-2012,Freshman,22073,A,4.0,1
83184,201210,Fall 2012,2012-2013,Sophomore,13367,A,4.0,1
83184,201210,Fall 2012,2012-2013,Sophomore,14529,A,4.0,1
83184,201210,Fall 2012,2012-2013,Sophomore,14721,A,4.0,1
83184,201220,Spring 2013,2012-2013,Sophomore,23327,A,4.0,1
83184,201220,Spring 2013,2012-2013,Sophomore,29062,A,4.0,1
83184,201310,Fall 2013,2013-2014,Junior,12408,A,4.0,1
83184,201310,Fall 2013,2013-2014,Junior,13813,A,4.0,1
83184,201310,Fall 2013,2013-2014,Junior,20265,A,4.0,1
83184,201320,Spring 2014,2013-2014,Junior,20096,A,4.0,1
83184,201320,Spring 2014,2013-2014,Junior,22926,A,4.0,1
83184,201320,Spring 2014,2013-2014,Junior,25277,A,4.0,1
83184,201320,Spring 2014,2013-2014,Junior,26710,A,4.0,1
83184,201320,Spring 2014,2013-2014,Junior,28691,A,4.0,1
83184,201410,Fall 2014,2014-2015,Senior,15755,A,4.0,1
83184,201410,Fall 2014,2014-2015,Senior,16738,A,4.0,1
83184,201410,Fall 2014,2014-2015,Senior,17126,A,4.0,1
83184,201410,Fall 2014,2014-2015,Senior,19803,A,4.0,1
83184,201410,Fall 2014,2014-2015,Senior,20338,A,4.0,1
83184,201410,Fall 2014,2014-2015,Senior,20573,A,4.0,1
83184,201420,Spring 2015,2014-2015,Senior,20216,A,4.0,1
83184,201420,Spring 2015,2014-2015,Senior,21836,A,4.0,1
83184,201420,Spring 2015,2014-2015,Senior,26391,A,4.0,1
83184,201420,Spring 2015,2014-2015,Senior,28896,A,4.0,1
83184,201110,Fall 2011,2011-2012,Freshman,13417,A-,3.667,1
83184,201110,Fall 2011,2011-2012,Freshman,15533,A-,3.667,1
83184,201120,Spring 2012,2011-2012,Freshman,24418,A-,3.667,1
83184,201120,Spring 2012,2011-2012,Freshman,24659,A-,3.667,1
83184,201210,Fall 2012,2012-2013,Sophomore,11388,A-,3.667,1
83184,201210,Fall 2012,2012-2013,Sophomore,19003,A-,3.667,1
83184,201220,Spring 2013,2012-2013,Sophomore,23124,A-,3.667,1
83184,201220,Spring 2013,2012-2013,Sophomore,24661,A-,3.667,1
83184,201310,Fall 2013,2013-2014,Junior,12478,A-,3.667,1
83184,201310,Fall 2013,2013-2014,Junior,14642,A-,3.667,1
83184,201310,Fall 2013,2013-2014,Junior,19046,A-,3.667,1
83184,201320,Spring 2014,2013-2014,Junior,23458,A-,3.667,1
83184,201410,Fall 2014,2014-2015,Senior,20337,A-,3.667,1
83184,201110,Fall 2011,2011-2012,Freshman,101001001,AD,,0
83184,201110,Fall 2011,2011-2012,Freshman,101002002,AD,,0
83184,201210,Fall 2012,2012-2013,Sophomore,11605,B,3.0,1
83184,201110,Fall 2011,2011-2012,Freshman,12152,B-,2.667,1
83184,201110,Fall 2011,2011-2012,Freshman,13061,B+,3.333,1
83184,201120,Spring 2012,2011-2012,Freshman,22078,B+,3.333,1
83184,201220,Spring 2013,2012-2013,Sophomore,20142,B+,3.333,1
83184,201320,Spring 2014,2013-2014,Junior,25501,B+,3.333,1
83184,201420,Spring 2015,2014-2015,Senior,26801,P,,0
83184,201110,Fall 2011,2011-2012,Freshman,13156,S,,0
83184,201120,Spring 2012,2011-2012,Freshman,24632,S,,0
83184,201410,Fall 2014,2014-2015,Senior,14376,S,,0
83568,201110,Fall 2011,2011-2012,Freshman,14691,A,4.0,1
83568,201110,Fall 2011,2011-2012,Freshman,16673,A,4.0,1
83568,201120,Spring 2012,2011-2012,Freshman,23975,A,4.0,1
83568,201120,Spring 2012,2011-2012,Freshman,29457,A,4.0,1
83568,201200,Summer 2012,2012-2013,Sophomore,3783,A,4.0,1
83568,201210,Fall 2012,2012-2013,Sophomore,13561,A,4.0,1
83568,201210,Fall 2012,2012-2013,Sophomore,13575,A,4.0,1
83568,201210,Fall 2012,2012-2013,Sophomore,17385,A,4.0,1
83568,201210,Fall 2012,2012-2013,Sophomore,20192,A,4.0,1
83568,201210,Fall 2012,2012-2013,Sophomore,20369,A,4.0,1
83568,201210,Fall 2012,2012-2013,Sophomore,20370,A,4.0,1
83568,201220,Spring 2013,2012-2013,Sophomore,22932,A,4.0,1
83568,201220,Spring 2013,2012-2013,Sophomore,30119,A,4.0,1
83568,201220,Spring 2013,2012-2013,Sophomore,30128,A,4.0,1
83568,201220,Spring 2013,2012-2013,Sophomore,30393,A,4.0,1
83568,201220,Spring 2013,2012-2013,Sophomore,30394,A,4.0,1
83568,201310,Fall 2013,2013-2014,Junior,12004,A,4.0,1
83568,201310,Fall 2013,2013-2014,Junior,12007,A,4.0,1
83568,201310,Fall 2013,2013-2014,Junior,14759,A,4.0,1
83568,201310,Fall 2013,2013-2014,Junior,16553,A,4.0,1
83568,201320,Spring 2014,2013-2014,Junior,21978,A,4.0,1
83568,201320,Spring 2014,2013-2014,Junior,24290,A,4.0,1
83568,201320,Spring 2014,2013-2014,Junior,25670,A,4.0,1
83568,201320,Spring 2014,2013-2014,Junior,29742,A,4.0,1
83568,201410,Fall 2014,2014-2015,Senior,12996,A,4.0,1
83568,201410,Fall 2014,2014-2015,Senior,20225,A,4.0,1
83568,201420,Spring 2015,2014-2015,Senior,24525,A,4.0,1
83568,201420,Spring 2015,2014-2015,Senior,25316,A,4.0,1
83568,201420,Spring 2015,2014-2015,Senior,26441,A,4.0,1
83568,201420,Spring 2015,2014-2015,Senior,29124,A,4.0,1
83568,201110,Fall 2011,2011-2012,Freshman,10091,A-,3.667,1
83568,201110,Fall 2011,2011-2012,Freshman,16132,A-,3.667,1
83568,201110,Fall 2011,2011-2012,Freshman,18727,A-,3.667,1
83568,201120,Spring 2012,2011-2012,Freshman,22186,A-,3.667,1
83568,201320,Spring 2014,2013-2014,Junior,21829,A-,3.667,1
83568,201410,Fall 2014,2014-2015,Senior,14686,A-,3.667,1
83568,201410,Fall 2014,2014-2015,Senior,15820,A-,3.667,1
83568,201110,Fall 2011,2011-2012,Freshman,101001001,AD,,0
83568,201110,Fall 2011,2011-2012,Freshman,101002002,AD,,0
83568,201110,Fall 2011,2011-2012,Freshman,101003003,AD,,0
83568,201110,Fall 2011,2011-2012,Freshman,101004004,AD,,0
83568,201110,Fall 2011,2011-2012,Freshman,101005005,AD,,0
83568,201110,Fall 2011,2011-2012,Freshman,101005006,AD,,0
83568,201110,Fall 2011,2011-2012,Freshman,10841,B,3.0,1
83568,201120,Spring 2012,2011-2012,Freshman,22348,B,3.0,1
83568,201120,Spring 2012,2011-2012,Freshman,24771,B,3.0,1
83568,201310,Fall 2013,2013-2014,Junior,18557,B,3.0,1
83568,201410,Fall 2014,2014-2015,Senior,15843,B,3.0,1
83568,201120,Spring 2012,2011-2012,Freshman,22353,B+,3.333,1
83568,201320,Spring 2014,2013-2014,Junior,21908,B+,3.333,1
83568,201410,Fall 2014,2014-2015,Senior,15838,B+,3.333,1
83568,201420,Spring 2015,2014-2015,Senior,24895,B+,3.333,1
83568,201110,Fall 2011,2011-2012,Freshman,12181,S,,0
83568,201110,Fall 2011,2011-2012,Freshman,12273,S,,0
83568,201110,Fall 2011,2011-2012,Freshman,13067,S,,0
83568,201110,Fall 2011,2011-2012,Freshman,13162,S,,0
83568,201120,Spring 2012,2011-2012,Freshman,21647,S,,0
83568,201120,Spring 2012,2011-2012,Freshman,22408,S,,0
83568,201120,Spring 2012,2011-2012,Freshman,24631,S,,0
83568,201310,Fall 2013,2013-2014,Junior,11873,S,,0
83568,201310,Fall 2013,2013-2014,Junior,16365,S,,0
83568,201410,Fall 2014,2014-2015,Senior,13590,S,,0
83568,201420,Spring 2015,2014-2015,Senior,29560,S,,0
84472,201110,Fall 2011,2011-2012,Freshman,12797,A,4.0,1
84472,201110,Fall 2011,2011-2012,Freshman,12839,A,4.0,1
84472,201220,Spring 2013,2012-2013,Sophomore,21333,A,4.0,1
84472,201220,Spring 2013,2012-2013,Sophomore,24095,A,4.0,1
84472,201310,Fall 2013,2013-2014,Junior,15541,A,4.0,1
84472,201320,Spring 2014,2013-2014,Junior,21253,A,4.0,1
84472,201320,Spring 2014,2013-2014,Junior,29249,A,4.0,1
84472,201400,Summer 2014,2014-2015,Senior,2293,A,4.0,1
84472,201220,Spring 2013,2012-2013,Sophomore,22230,A-,3.667,1
84472,201220,Spring 2013,2012-2013,Sophomore,23787,A-,3.667,1
84472,201320,Spring 2014,2013-2014,Junior,24999,A-,3.667,1
84472,201320,Spring 2014,2013-2014,Junior,29712,A-,3.667,1
84472,201110,Fall 2011,2011-2012,Freshman,101001001,AD,,0
84472,201110,Fall 2011,2011-2012,Freshman,101001002,AD,,0
84472,201110,Fall 2011,2011-2012,Freshman,101002005,AD,,0
84472,201110,Fall 2011,2011-2012,Freshman,101003004,AD,,0
84472,201110,Fall 2011,2011-2012,Freshman,101004006,AD,,0
84472,201110,Fall 2011,2011-2012,Freshman,101004007,AD,,0
84472,201120,Spring 2012,2011-2012,Freshman,22689,B,3.0,1
84472,201120,Spring 2012,2011-2012,Freshman,23663,B,3.0,1
84472,201220,Spring 2013,2012-2013,Sophomore,24090,B,3.0,1
84472,201310,Fall 2013,2013-2014,Junior,10990,B,3.0,1
84472,201310,Fall 2013,2013-2014,Junior,14821,B,3.0,1
84472,201320,Spring 2014,2013-2014,Junior,23521,B,3.0,1
84472,201400,Summer 2014,2014-2015,Senior,1217,B,3.0,1
84472,201410,Fall 2014,2014-2015,Senior,16219,B,3.0,1
84472,201420,Spring 2015,2014-2015,Senior,25098,B,3.0,1
84472,201420,Spring 2015,2014-2015,Senior,30462,B,3.0,1
84472,201210,Fall 2012,2012-2013,Sophomore,13113,B-,2.667,1
84472,201220,Spring 2013,2012-2013,Sophomore,21626,B-,2.667,1
84472,201310,Fall 2013,2013-2014,Junior,12509,B-,2.667,1
84472,201410,Fall 2014,2014-2015,Senior,19931,B-,2.667,1
84472,201420,Spring 2015,2014-2015,Senior,29982,B-,2.667,1
84472,201110,Fall 2011,2011-2012,Freshman,13066,B+,3.333,1
84472,201110,Fall 2011,2011-2012,Freshman,14269,B+,3.333,1
84472,201120,Spring 2012,2011-2012,Freshman,23359,B+,3.333,1
84472,201120,Spring 2012,2011-2012,Freshman,25318,B+,3.333,1
84472,201210,Fall 2012,2012-2013,Sophomore,14306,B+,3.333,1
84472,201210,Fall 2012,2012-2013,Sophomore,18620,B+,3.333,1
84472,201310,Fall 2013,2013-2014,Junior,11335,B+,3.333,1
84472,201310,Fall 2013,2013-2014,Junior,16920,B+,3.333,1
84472,201410,Fall 2014,2014-2015,Senior,14466,B+,3.333,1
84472,201410,Fall 2014,2014-2015,Senior,15075,B+,3.333,1
84472,201110,Fall 2011,2011-2012,Freshman,12472,C,2.0,1
84472,201210,Fall 2012,2012-2013,Sophomore,14302,C,2.0,1
84472,201420,Spring 2015,2014-2015,Senior,24688,C-,1.667,1
84472,201110,Fall 2011,2011-2012,Freshman,10841,C+,2.333,1
84472,201120,Spring 2012,2011-2012,Freshman,22348,C+,2.333,1
84472,201120,Spring 2012,2011-2012,Freshman,23894,C+,2.333,1
84472,201210,Fall 2012,2012-2013,Sophomore,11893,C+,2.333,1
84472,201210,Fall 2012,2012-2013,Sophomore,12820,C+,2.333,1
84472,201220,Spring 2013,2012-2013,Sophomore,20205,C+,2.333,1
84472,201320,Spring 2014,2013-2014,Junior,23849,C+,2.333,1
84472,201410,Fall 2014,2014-2015,Senior,14463,C+,2.333,1
84472,201110,Fall 2011,2011-2012,Freshman,13067,S,,0
84472,201110,Fall 2011,2011-2012,Freshman,13156,S,,0
84472,201120,Spring 2012,2011-2012,Freshman,24638,S,,0
84472,201210,Fall 2012,2012-2013,Sophomore,12781,S,,0
84472,201220,Spring 2013,2012-2013,Sophomore,21908,S,,0
84472,201220,Spring 2013,2012-2013,Sophomore,22239,S,,0
84472,201310,Fall 2013,2013-2014,Junior,12628,S,,0
84472,201320,Spring 2014,2013-2014,Junior,23623,S,,0
84472,201410,Fall 2014,2014-2015,Senior,12475,S,,0
84472,201420,Spring 2015,2014-2015,Senior,21710,S,,0
85596,201110,Fall 2011,2011-2012,Freshman,11353,A,4.0,1
85596,201120,Spring 2012,2011-2012,Freshman,21311,A,4.0,1
85596,201120,Spring 2012,2011-2012,Freshman,22195,A,4.0,1
85596,201120,Spring 2012,2011-2012,Freshman,24654,A,4.0,1
85596,201210,Fall 2012,2012-2013,Sophomore,10637,A,4.0,1
85596,201210,Fall 2012,2012-2013,Sophomore,12298,A,4.0,1
85596,201210,Fall 2012,2012-2013,Sophomore,14264,A,4.0,1
85596,201220,Spring 2013,2012-2013,Sophomore,22431,A,4.0,1
85596,201220,Spring 2013,2012-2013,Sophomore,22606,A,4.0,1
85596,201220,Spring 2013,2012-2013,Sophomore,24163,A,4.0,1
85596,201220,Spring 2013,2012-2013,Sophomore,25163,A,4.0,1
85596,201310,Fall 2013,2013-2014,Junior,11417,A,4.0,1
85596,201310,Fall 2013,2013-2014,Junior,14025,A,4.0,1
85596,201310,Fall 2013,2013-2014,Junior,19988,A,4.0,1
85596,201320,Spring 2014,2013-2014,Junior,21976,A,4.0,1
85596,201320,Spring 2014,2013-2014,Junior,22269,A,4.0,1
85596,201320,Spring 2014,2013-2014,Junior,23884,A,4.0,1
85596,201320,Spring 2014,2013-2014,Junior,23892,A,4.0,1
85596,201410,Fall 2014,2014-2015,Senior,15900,A,4.0,1
85596,201420,Spring 2015,2014-2015,Senior,20720,A,4.0,1
85596,201420,Spring 2015,2014-2015,Senior,25742,A,4.0,1
85596,201110,Fall 2011,2011-2012,Freshman,10709,A-,3.667,1
85596,201110,Fall 2011,2011-2012,Freshman,16132,A-,3.667,1
85596,201110,Fall 2011,2011-2012,Freshman,18672,A-,3.667,1
85596,201120,Spring 2012,2011-2012,Freshman,20273,A-,3.667,1
85596,201210,Fall 2012,2012-2013,Sophomore,10844,A-,3.667,1
85596,201210,Fall 2012,2012-2013,Sophomore,11510,A-,3.667,1
85596,201210,Fall 2012,2012-2013,Sophomore,12297,A-,3.667,1
85596,201220,Spring 2013,2012-2013,Sophomore,20444,A-,3.667,1
85596,201220,Spring 2013,2012-2013,Sophomore,22151,A-,3.667,1
85596,201300,Summer 2013,2013-2014,Junior,2777,A-,3.667,1
85596,201310,Fall 2013,2013-2014,Junior,10174,A-,3.667,1
85596,201310,Fall 2013,2013-2014,Junior,12396,A-,3.667,1
85596,201310,Fall 2013,2013-2014,Junior,18580,A-,3.667,1
85596,201320,Spring 2014,2013-2014,Junior,20629,A-,3.667,1
85596,201320,Spring 2014,2013-2014,Junior,22264,A-,3.667,1
85596,201320,Spring 2014,2013-2014,Junior,22268,A-,3.667,1
85596,201410,Fall 2014,2014-2015,Senior,10010,A-,3.667,1
85596,201410,Fall 2014,2014-2015,Senior,11918,A-,3.667,1
85596,201410,Fall 2014,2014-2015,Senior,19524,A-,3.667,1
85596,201420,Spring 2015,2014-2015,Senior,20862,A-,3.667,1
85596,201420,Spring 2015,2014-2015,Senior,26952,A-,3.667,1
85596,201110,Fall 2011,2011-2012,Freshman,101001001,AD,,0
85596,201110,Fall 2011,2011-2012,Freshman,10870,B,3.0,1
85596,201120,Spring 2012,2011-2012,Freshman,21058,B+,3.333,1
85596,201300,Summer 2013,2013-2014,Junior,4119,B+,3.333,1
85596,201410,Fall 2014,2014-2015,Senior,12054,B+,3.333,1
85596,201410,Fall 2014,2014-2015,Senior,17273,B+,3.333,1
85596,201420,Spring 2015,2014-2015,Senior,29369,B+,3.333,1
85596,201110,Fall 2011,2011-2012,Freshman,12273,S,,0
85596,201110,Fall 2011,2011-2012,Freshman,13159,S,,0
85596,201120,Spring 2012,2011-2012,Freshman,22037,S,,0
85596,201120,Spring 2012,2011-2012,Freshman,24632,S,,0
85596,201210,Fall 2012,2012-2013,Sophomore,12175,S,,0
85596,201220,Spring 2013,2012-2013,Sophomore,21908,S,,0
85596,201220,Spring 2013,2012-2013,Sophomore,21909,S,,0
85596,201310,Fall 2013,2013-2014,Junior,12061,S,,0
85596,201420,Spring 2015,2014-2015,Senior,24281,S,,0
85970,201110,Fall 2011,2011-2012,Freshman,18550,A,4.0,1
85970,201210,Fall 2012,2012-2013,Sophomore,11879,A,4.0,1
85970,201220,Spring 2013,2012-2013,Sophomore,20239,A,4.0,1
85970,201220,Spring 2013,2012-2013,Sophomore,20264,A,4.0,1
85970,201310,Fall 2013,2013-2014,Junior,12701,A,4.0,1
85970,201320,Spring 2014,2013-2014,Junior,20246,A,4.0,1
85970,201320,Spring 2014,2013-2014,Junior,20254,A,4.0,1
85970,201320,Spring 2014,2013-2014,Junior,24573,A,4.0,1
85970,201410,Fall 2014,2014-2015,Senior,11680,A,4.0,1
85970,201410,Fall 2014,2014-2015,Senior,17832,A,4.0,1
85970,201420,Spring 2015,2014-2015,Senior,20232,A,4.0,1
85970,201420,Spring 2015,2014-2015,Senior,21968,A,4.0,1
85970,201420,Spring 2015,2014-2015,Senior,29197,A,4.0,1
85970,201110,Fall 2011,2011-2012,Freshman,12472,A-,3.667,1
85970,201110,Fall 2011,2011-2012,Freshman,12848,A-,3.667,1
85970,201120,Spring 2012,2011-2012,Freshman,22349,A-,3.667,1
85970,201310,Fall 2013,2013-2014,Junior,12700,A-,3.667,1
85970,201310,Fall 2013,2013-2014,Junior,13924,A-,3.667,1
85970,201310,Fall 2013,2013-2014,Junior,14955,A-,3.667,1
85970,201320,Spring 2014,2013-2014,Junior,23344,A-,3.667,1
85970,201410,Fall 2014,2014-2015,Senior,11406,A-,3.667,1
85970,201420,Spring 2015,2014-2015,Senior,23450,A-,3.667,1
85970,201420,Spring 2015,2014-2015,Senior,30154,A-,3.667,1
85970,201110,Fall 2011,2011-2012,Freshman,101001001,AD,,0
85970,201110,Fall 2011,2011-2012,Freshman,101001002,AD,,0
85970,201110,Fall 2011,2011-2012,Freshman,201001001,AD,,0
85970,201110,Fall 2011,2011-2012,Freshman,201002002,AD,,0
85970,201110,Fall 2011,2011-2012,Freshman,201003003,AD,,0
85970,201120,Spring 2012,2011-2012,Freshman,22348,B,3.0,1
85970,201120,Spring 2012,2011-2012,Freshman,24417,B,3.0,1
85970,201210,Fall 2012,2012-2013,Sophomore,10314,B,3.0,1
85970,201220,Spring 2013,2012-2013,Sophomore,21473,B,3.0,1
85970,201220,Spring 2013,2012-2013,Sophomore,24622,B,3.0,1
85970,201310,Fall 2013,2013-2014,Junior,19084,B,3.0,1
85970,201410,Fall 2014,2014-2015,Senior,12110,B,3.0,1
85970,201210,Fall 2012,2012-2013,Sophomore,12616,B-,2.667,1
85970,201210,Fall 2012,2012-2013,Sophomore,13834,B-,2.667,1
85970,201110,Fall 2011,2011-2012,Freshman,11964,B+,3.333,1
85970,201110,Fall 2011,2011-2012,Freshman,13042,B+,3.333,1
85970,201120,Spring 2012,2011-2012,Freshman,20273,B+,3.333,1
85970,201120,Spring 2012,2011-2012,Freshman,22692,B+,3.333,1
85970,201210,Fall 2012,2012-2013,Sophomore,10313,B+,3.333,1
85970,201210,Fall 2012,2012-2013,Sophomore,15138,B+,3.333,1
85970,201220,Spring 2013,2012-2013,Sophomore,29525,B+,3.333,1
85970,201410,Fall 2014,2014-2015,Senior,11241,B+,3.333,1
85970,201220,Spring 2013,2012-2013,Sophomore,22554,C,2.0,1
85970,201310,Fall 2013,2013-2014,Junior,14954,C,2.0,1
85970,201320,Spring 2014,2013-2014,Junior,20261,C,2.0,1
85970,201410,Fall 2014,2014-2015,Senior,20588,C-,1.667,1
85970,201110,Fall 2011,2011-2012,Freshman,10841,C+,2.333,1
85970,201120,Spring 2012,2011-2012,Freshman,22654,C+,2.333,1
85970,201320,Spring 2014,2013-2014,Junior,21230,C+,2.333,1
85970,201110,Fall 2011,2011-2012,Freshman,13154,S,,0
85970,201120,Spring 2012,2011-2012,Freshman,24630,S,,0
85970,201310,Fall 2013,2013-2014,Junior,17148,S,,0
90289,201110,Fall 2011,2011-2012,Freshman,14691,A,4.0,1
90289,201110,Fall 2011,2011-2012,Freshman,18647,A,4.0,1
90289,201120,Spring 2012,2011-2012,Freshman,24502,A,4.0,1
90289,201120,Spring 2012,2011-2012,Freshman,28320,A,4.0,1
90289,201210,Fall 2012,2012-2013,Sophomore,11342,A,4.0,1
90289,201210,Fall 2012,2012-2013,Sophomore,11482,A,4.0,1
90289,201210,Fall 2012,2012-2013,Sophomore,14301,A,4.0,1
90289,201210,Fall 2012,2012-2013,Sophomore,18484,A,4.0,1
90289,201220,Spring 2013,2012-2013,Sophomore,25866,A,4.0,1
90289,201220,Spring 2013,2012-2013,Sophomore,25891,A,4.0,1
90289,201310,Fall 2013,2013-2014,Junior,12509,A,4.0,1
90289,201310,Fall 2013,2013-2014,Junior,16160,A,4.0,1
90289,201310,Fall 2013,2013-2014,Junior,18873,A,4.0,1
90289,201320,Spring 2014,2013-2014,Junior,25305,A,4.0,1
90289,201410,Fall 2014,2014-2015,Senior,15573,A,4.0,1
90289,201410,Fall 2014,2014-2015,Senior,15852,A,4.0,1
90289,201410,Fall 2014,2014-2015,Senior,19696,A,4.0,1
90289,201420,Spring 2015,2014-2015,Senior,24919,A,4.0,1
90289,201110,Fall 2011,2011-2012,Freshman,13066,A-,3.667,1
90289,201120,Spring 2012,2011-2012,Freshman,22160,A-,3.667,1
90289,201120,Spring 2012,2011-2012,Freshman,23663,A-,3.667,1
90289,201120,Spring 2012,2011-2012,Freshman,23895,A-,3.667,1
90289,201210,Fall 2012,2012-2013,Sophomore,10153,A-,3.667,1
90289,201210,Fall 2012,2012-2013,Sophomore,16953,A-,3.667,1
90289,201220,Spring 2013,2012-2013,Sophomore,20738,A-,3.667,1
90289,201220,Spring 2013,2012-2013,Sophomore,23062,A-,3.667,1
90289,201220,Spring 2013,2012-2013,Sophomore,24093,A-,3.667,1
90289,201220,Spring 2013,2012-2013,Sophomore,29255,A-,3.667,1
90289,201310,Fall 2013,2013-2014,Junior,10963,A-,3.667,1
90289,201310,Fall 2013,2013-2014,Junior,11335,A-,3.667,1
90289,201320,Spring 2014,2013-2014,Junior,25670,A-,3.667,1
90289,201410,Fall 2014,2014-2015,Senior,15839,A-,3.667,1
90289,201110,Fall 2011,2011-2012,Freshman,101001001,AD,,0
90289,201110,Fall 2011,2011-2012,Freshman,11916,B,3.0,1
90289,201210,Fall 2012,2012-2013,Sophomore,18770,B,3.0,1
90289,201220,Spring 2013,2012-2013,Sophomore,20700,B,3.0,1
90289,201310,Fall 2013,2013-2014,Junior,10103,B,3.0,1
90289,201410,Fall 2014,2014-2015,Senior,19524,B,3.0,1
90289,201420,Spring 2015,2014-2015,Senior,29169,B,3.0,1
90289,201420,Spring 2015,2014-2015,Senior,29369,B,3.0,1
90289,201420,Spring 2015,2014-2015,Senior,24364,B-,2.667,1
90289,201110,Fall 2011,2011-2012,Freshman,14269,B+,3.333,1
90289,201120,Spring 2012,2011-2012,Freshman,22049,B+,3.333,1
90289,201210,Fall 2012,2012-2013,Sophomore,14305,B+,3.333,1
90289,201220,Spring 2013,2012-2013,Sophomore,24090,B+,3.333,1
90289,201320,Spring 2014,2013-2014,Junior,20052,B+,3.333,1
90289,201320,Spring 2014,2013-2014,Junior,21115,B+,3.333,1
90289,201410,Fall 2014,2014-2015,Senior,16685,B+,3.333,1
90289,201420,Spring 2015,2014-2015,Senior,23768,P,,0
90289,201110,Fall 2011,2011-2012,Freshman,13159,S,,0
90289,201120,Spring 2012,2011-2012,Freshman,24635,S,,0
90289,201210,Fall 2012,2012-2013,Sophomore,17034,S,,0
90289,201320,Spring 2014,2013-2014,Junior,24347,S,,0
90289,201410,Fall 2014,2014-2015,Senior,17549,S,,0
90844,201220,Spring 2013,2012-2013,Sophomore,26168,A,4.0,1
90844,201420,Spring 2015,2014-2015,Senior,29761,A,4.0,1
90844,201310,Fall 2013,2013-2014,Junior,16685,A-,3.667,1
90844,201410,Fall 2014,2014-2015,Senior,19980,A-,3.667,1
90844,201410,Fall 2014,2014-2015,Senior,19981,A-,3.667,1
91064,201120,Spring 2012,2011-2012,Freshman,21899,A,4.0,1
91064,201210,Fall 2012,2012-2013,Sophomore,13109,A,4.0,1
91064,201220,Spring 2013,2012-2013,Sophomore,24203,A,4.0,1
91064,201310,Fall 2013,2013-2014,Junior,14045,A,4.0,1
91064,201320,Spring 2014,2013-2014,Junior,22537,A,4.0,1
91064,201320,Spring 2014,2013-2014,Junior,23929,A,4.0,1
91064,201110,Fall 2011,2011-2012,Freshman,12194,A-,3.667,1
91064,201110,Fall 2011,2011-2012,Freshman,12577,A-,3.667,1
91064,201220,Spring 2013,2012-2013,Sophomore,29153,A-,3.667,1
91064,201310,Fall 2013,2013-2014,Junior,11631,A-,3.667,1
91064,201310,Fall 2013,2013-2014,Junior,19844,A-,3.667,1
91064,201410,Fall 2014,2014-2015,Senior,14095,A-,3.667,1
91064,201410,Fall 2014,2014-2015,Senior,20166,A-,3.667,1
91064,201420,Spring 2015,2014-2015,Senior,25019,A-,3.667,1
91064,201420,Spring 2015,2014-2015,Senior,29507,A-,3.667,1
91064,201110,Fall 2011,2011-2012,Freshman,101001001,AD,,0
91064,201110,Fall 2011,2011-2012,Freshman,101002002,AD,,0
91064,201110,Fall 2011,2011-2012,Freshman,101003003,AD,,0
91064,201110,Fall 2011,2011-2012,Freshman,101004004,AD,,0
91064,201110,Fall 2011,2011-2012,Freshman,101005005,AD,,0
91064,201110,Fall 2011,2011-2012,Freshman,13066,B,3.0,1
91064,201110,Fall 2011,2011-2012,Freshman,14269,B,3.0,1
91064,201120,Spring 2012,2011-2012,Freshman,22163,B,3.0,1
91064,201210,Fall 2012,2012-2013,Sophomore,12147,B,3.0,1
91064,201220,Spring 2013,2012-2013,Sophomore,22470,B,3.0,1
91064,201320,Spring 2014,2013-2014,Junior,29668,B,3.0,1
91064,201410,Fall 2014,2014-2015,Senior,15668,B,3.0,1
91064,201420,Spring 2015,2014-2015,Senior,29451,B,3.0,1
91064,201210,Fall 2012,2012-2013,Sophomore,11342,B-,2.667,1
91064,201310,Fall 2013,2013-2014,Junior,16348,B-,2.667,1
91064,201110,Fall 2011,2011-2012,Freshman,12839,B+,3.333,1
91064,201120,Spring 2012,2011-2012,Freshman,20226,B+,3.333,1
91064,201210,Fall 2012,2012-2013,Sophomore,12082,B+,3.333,1
91064,201210,Fall 2012,2012-2013,Sophomore,18912,B+,3.333,1
91064,201410,Fall 2014,2014-2015,Senior,15698,B+,3.333,1
91064,201410,Fall 2014,2014-2015,Senior,19675,B+,3.333,1
91064,201420,Spring 2015,2014-2015,Senior,25882,B+,3.333,1
91064,201120,Spring 2012,2011-2012,Freshman,23895,C+,2.333,1
91064,201220,Spring 2013,2012-2013,Sophomore,24167,C+,2.333,1
91064,201320,Spring 2014,2013-2014,Junior,29087,C+,2.333,1
91064,201110,Fall 2011,2011-2012,Freshman,12273,S,,0
91064,201110,Fall 2011,2011-2012,Freshman,13067,S,,0
91064,201110,Fall 2011,2011-2012,Freshman,13156,S,,0
91064,201120,Spring 2012,2011-2012,Freshman,22037,S,,0
91064,201120,Spring 2012,2011-2012,Freshman,24639,S,,0
91064,201210,Fall 2012,2012-2013,Sophomore,12175,S,,0
91064,201210,Fall 2012,2012-2013,Sophomore,12781,S,,0
91064,201220,Spring 2013,2012-2013,Sophomore,21062,S,,0
91064,201220,Spring 2013,2012-2013,Sophomore,21904,S,,0
91064,201220,Spring 2013,2012-2013,Sophomore,21908,S,,0
91064,201220,Spring 2013,2012-2013,Sophomore,22220,S,,0
91064,201310,Fall 2013,2013-2014,Junior,12061,S,,0
91064,201310,Fall 2013,2013-2014,Junior,12628,S,,0
91064,201320,Spring 2014,2013-2014,Junior,21795,S,,0
91064,201320,Spring 2014,2013-2014,Junior,21796,S,,0
91064,201320,Spring 2014,2013-2014,Junior,22068,S,,0
91064,201410,Fall 2014,2014-2015,Senior,11942,S,,0
91064,201410,Fall 2014,2014-2015,Senior,12475,S,,0
91064,201420,Spring 2015,2014-2015,Senior,21710,S,,0
91064,201420,Spring 2015,2014-2015,Senior,21713,S,,0
91064,201420,Spring 2015,2014-2015,Senior,21978,S,,0
92070,201110,Fall 2011,2011-2012,Freshman,10799,A,4.0,1
92070,201110,Fall 2011,2011-2012,Freshman,11997,A,4.0,1
92070,201110,Fall 2011,2011-2012,Freshman,15320,A,4.0,1
92070,201120,Spring 2012,2011-2012,Freshman,25488,A,4.0,1
92070,201120,Spring 2012,2011-2012,Freshman,25654,A,4.0,1
92070,201120,Spring 2012,2011-2012,Freshman,28241,A,4.0,1
92070,201120,Spring 2012,2011-2012,Freshman,28695,A,4.0,1
92070,201210,Fall 2012,2012-2013,Sophomore,12077,A,4.0,1
92070,201210,Fall 2012,2012-2013,Sophomore,15343,A,4.0,1
92070,201210,Fall 2012,2012-2013,Sophomore,15745,A,4.0,1
92070,201210,Fall 2012,2012-2013,Sophomore,18621,A,4.0,1
92070,201220,Spring 2013,2012-2013,Sophomore,26296,A,4.0,1
92070,201220,Spring 2013,2012-2013,Sophomore,28580,A,4.0,1
92070,201310,Fall 2013,2013-2014,Junior,11727,A,4.0,1
92070,201310,Fall 2013,2013-2014,Junior,13809,A,4.0,1
92070,201320,Spring 2014,2013-2014,Junior,30505,A,4.0,1
92070,201320,Spring 2014,2013-2014,Junior,30517,A,4.0,1
92070,201320,Spring 2014,2013-2014,Junior,30518,A,4.0,1
92070,201410,Fall 2014,2014-2015,Senior,15095,A,4.0,1
92070,201420,Spring 2015,2014-2015,Senior,27285,A,4.0,1
92070,201420,Spring 2015,2014-2015,Senior,30536,A,4.0,1
92070,201110,Fall 2011,2011-2012,Freshman,11528,A-,3.667,1
92070,201110,Fall 2011,2011-2012,Freshman,12932,A-,3.667,1
92070,201120,Spring 2012,2011-2012,Freshman,24076,A-,3.667,1
92070,201210,Fall 2012,2012-2013,Sophomore,18919,A-,3.667,1
92070,201220,Spring 2013,2012-2013,Sophomore,23168,A-,3.667,1
92070,201220,Spring 2013,2012-2013,Sophomore,24936,A-,3.667,1
92070,201220,Spring 2013,2012-2013,Sophomore,28800,A-,3.667,1
92070,201310,Fall 2013,2013-2014,Junior,14878,A-,3.667,1
92070,201310,Fall 2013,2013-2014,Junior,18830,A-,3.667,1
92070,201320,Spring 2014,2013-2014,Junior,30507,A-,3.667,1
92070,201320,Spring 2014,2013-2014,Junior,30519,A-,3.667,1
92070,201410,Fall 2014,2014-2015,Senior,12424,A-,3.667,1
92070,201410,Fall 2014,2014-2015,Senior,15698,A-,3.667,1
92070,201420,Spring 2015,2014-2015,Senior,29129,A-,3.667,1
92070,201110,Fall 2011,2011-2012,Freshman,201001001,AD,,0
92070,201110,Fall 2011,2011-2012,Freshman,201002002,AD,,0
92070,201110,Fall 2011,2011-2012,Freshman,201003003,AD,,0
92070,201110,Fall 2011,2011-2012,Freshman,201003004,AD,,0
92070,201110,Fall 2011,2011-2012,Freshman,201004005,AD,,0
92070,201110,Fall 2011,2011-2012,Freshman,201005006,AD,,0
92070,201310,Fall 2013,2013-2014,Junior,16131,B,3.0,1
92070,201410,Fall 2014,2014-2015,Senior,10961,B+,3.333,1
92070,201110,Fall 2011,2011-2012,Freshman,101001001,IB,,0
92070,201110,Fall 2011,2011-2012,Freshman,101002002,IB,,0
92070,201420,Spring 2015,2014-2015,Senior,24425,P,,0
92070,201110,Fall 2011,2011-2012,Freshman,13155,S,,0
92070,201120,Spring 2012,2011-2012,Freshman,24637,S,,0
92070,201220,Spring 2013,2012-2013,Sophomore,22247,S,,0
92220,201310,Fall 2013,2013-2014,Junior,11704,A,4.0,1
92220,201310,Fall 2013,2013-2014,Junior,16301,A,4.0,1
92220,201320,Spring 2014,2013-2014,Junior,20563,A,4.0,1
92220,201320,Spring 2014,2013-2014,Junior,28774,A,4.0,1
92220,201410,Fall 2014,2014-2015,Senior,13788,A,4.0,1
92220,201410,Fall 2014,2014-2015,Senior,15225,A,4.0,1
92220,201420,Spring 2015,2014-2015,Senior,22718,A,4.0,1
92220,201420,Spring 2015,2014-2015,Senior,23618,A,4.0,1
92220,201310,Fall 2013,2013-2014,Junior,10615,A-,3.667,1
92220,201310,Fall 2013,2013-2014,Junior,14559,A-,3.667,1
92220,201320,Spring 2014,2013-2014,Junior,29730,A-,3.667,1
92220,201410,Fall 2014,2014-2015,Senior,11302,A-,3.667,1
92220,201410,Fall 2014,2014-2015,Senior,17625,A-,3.667,1
92220,201420,Spring 2015,2014-2015,Senior,23614,A-,3.667,1
92220,201420,Spring 2015,2014-2015,Senior,24052,A-,3.667,1
92220,201420,Spring 2015,2014-2015,Senior,26959,A-,3.667,1
92220,201310,Fall 2013,2013-2014,Junior,101001001,AD,,0
92220,201310,Fall 2013,2013-2014,Junior,101001002,AD,,0
92220,201310,Fall 2013,2013-2014,Junior,201001001,AD,,0
92220,201310,Fall 2013,2013-2014,Junior,201002002,AD,,0
92220,201310,Fall 2013,2013-2014,Junior,201003003,AD,,0
92220,201310,Fall 2013,2013-2014,Junior,201004004,AD,,0
92220,201310,Fall 2013,2013-2014,Junior,201005005,AD,,0
92220,201310,Fall 2013,2013-2014,Junior,201006006,AD,,0
92220,201310,Fall 2013,2013-2014,Junior,201007007,AD,,0
92220,201310,Fall 2013,2013-2014,Junior,201008008,AD,,0
92220,201310,Fall 2013,2013-2014,Junior,201009009,AD,,0
92220,201310,Fall 2013,2013-2014,Junior,13682,B,3.0,1
92220,201320,Spring 2014,2013-2014,Junior,23391,B,3.0,1
92220,201410,Fall 2014,2014-2015,Senior,15571,B,3.0,1
92220,201420,Spring 2015,2014-2015,Senior,20623,B,3.0,1
92220,201410,Fall 2014,2014-2015,Senior,11179,B+,3.333,1
92220,201410,Fall 2014,2014-2015,Senior,20574,B+,3.333,1
92220,201420,Spring 2015,2014-2015,Senior,25714,B+,3.333,1
92220,201310,Fall 2013,2013-2014,Junior,11953,S,,0
92220,201310,Fall 2013,2013-2014,Junior,12628,S,,0
92220,201310,Fall 2013,2013-2014,Junior,12713,S,,0
92220,201320,Spring 2014,2013-2014,Junior,21792,S,,0
92220,201320,Spring 2014,2013-2014,Junior,21795,S,,0
92220,201320,Spring 2014,2013-2014,Junior,21798,S,,0
92220,201320,Spring 2014,2013-2014,Junior,22068,S,,0
92220,201320,Spring 2014,2013-2014,Junior,23970,S,,0
92220,201410,Fall 2014,2014-2015,Senior,12475,S,,0
92220,201420,Spring 2015,2014-2015,Senior,21707,S,,0
92220,201420,Spring 2015,2014-2015,Senior,21710,S,,0
92220,201420,Spring 2015,2014-2015,Senior,30329,S,,0
92699,201310,Fall 2013,2013-2014,Junior,11549,A,4.0,1
92699,201320,Spring 2014,2013-2014,Junior,21481,A,4.0,1
92699,201320,Spring 2014,2013-2014,Junior,25494,A,4.0,1
92699,201120,Spring 2012,2011-2012,Freshman,20475,A-,3.667,1
92699,201220,Spring 2013,2012-2013,Sophomore,21519,A-,3.667,1
92699,201220,Spring 2013,2012-2013,Sophomore,24093,A-,3.667,1
92699,201220,Spring 2013,2012-2013,Sophomore,29121,A-,3.667,1
92699,201310,Fall 2013,2013-2014,Junior,16407,A-,3.667,1
92699,201410,Fall 2014,2014-2015,Senior,14463,A-,3.667,1
92699,201420,Spring 2015,2014-2015,Senior,21767,A-,3.667,1
92699,201110,Fall 2011,2011-2012,Freshman,12577,B,3.0,1
92699,201110,Fall 2011,2011-2012,Freshman,14268,B,3.0,1
92699,201120,Spring 2012,2011-2012,Freshman,28757,B,3.0,1
92699,201210,Fall 2012,2012-2013,Sophomore,11893,B,3.0,1
92699,201210,Fall 2012,2012-2013,Sophomore,18756,B,3.0,1
92699,201210,Fall 2012,2012-2013,Sophomore,19752,B,3.0,1
92699,201310,Fall 2013,2013-2014,Junior,11335,B,3.0,1
92699,201320,Spring 2014,2013-2014,Junior,20849,B,3.0,1
92699,201320,Spring 2014,2013-2014,Junior,21908,B,3.0,1
92699,201320,Spring 2014,2013-2014,Junior,26828,B,3.0,1
92699,201410,Fall 2014,2014-2015,Senior,15698,B,3.0,1
92699,201420,Spring 2015,2014-2015,Senior,25098,B,3.0,1
92699,201110,Fall 2011,2011-2012,Freshman,10841,B-,2.667,1
92699,201110,Fall 2011,2011-2012,Freshman,19220,B-,2.667,1
92699,201120,Spring 2012,2011-2012,Freshman,22348,B-,2.667,1
92699,201210,Fall 2012,2012-2013,Sophomore,14301,B-,2.667,1
92699,201220,Spring 2013,2012-2013,Sophomore,20138,B-,2.667,1
92699,201220,Spring 2013,2012-2013,Sophomore,21626,B-,2.667,1
92699,201410,Fall 2014,2014-2015,Senior,11355,B-,2.667,1
92699,201110,Fall 2011,2011-2012,Freshman,12521,B+,3.333,1
92699,201110,Fall 2011,2011-2012,Freshman,12844,B+,3.333,1
92699,201120,Spring 2012,2011-2012,Freshman,22354,B+,3.333,1
92699,201210,Fall 2012,2012-2013,Sophomore,13111,B+,3.333,1
92699,201210,Fall 2012,2012-2013,Sophomore,14308,B+,3.333,1
92699,201220,Spring 2013,2012-2013,Sophomore,24090,B+,3.333,1
92699,201310,Fall 2013,2013-2014,Junior,14316,B+,3.333,1
92699,201310,Fall 2013,2013-2014,Junior,14821,B+,3.333,1
92699,201320,Spring 2014,2013-2014,Junior,26829,B+,3.333,1
92699,201410,Fall 2014,2014-2015,Senior,11686,B+,3.333,1
92699,201420,Spring 2015,2014-2015,Senior,26801,B+,3.333,1
92699,201420,Spring 2015,2014-2015,Senior,29499,B+,3.333,1
92699,201120,Spring 2012,2011-2012,Freshman,24779,C,2.0,1
92699,201120,Spring 2012,2011-2012,Freshman,23894,C+,2.333,1
92699,201110,Fall 2011,2011-2012,Freshman,13157,S,,0
92699,201120,Spring 2012,2011-2012,Freshman,24639,S,,0
92699,201310,Fall 2013,2013-2014,Junior,10743,S,,0
92699,201410,Fall 2014,2014-2015,Senior,11684,S,,0
92811,201320,Spring 2014,2013-2014,Junior,20968,A,4.0,1
92811,201400,Summer 2014,2014-2015,Senior,3978,A,4.0,1
92811,201410,Fall 2014,2014-2015,Senior,11451,A,4.0,1
92811,201410,Fall 2014,2014-2015,Senior,11463,A,4.0,1
92811,201410,Fall 2014,2014-2015,Senior,12621,A,4.0,1
92811,201410,Fall 2014,2014-2015,Senior,13787,A,4.0,1
92811,201410,Fall 2014,2014-2015,Senior,14782,A,4.0,1
92811,201410,Fall 2014,2014-2015,Senior,20922,A,4.0,1
92811,201420,Spring 2015,2014-2015,Senior,20863,A,4.0,1
92811,201420,Spring 2015,2014-2015,Senior,26518,A,4.0,1
92811,201420,Spring 2015,2014-2015,Senior,29691,A,4.0,1
92811,201420,Spring 2015,2014-2015,Senior,30410,A,4.0,1
92811,201310,Fall 2013,2013-2014,Junior,15142,A-,3.667,1
92811,201310,Fall 2013,2013-2014,Junior,19618,A-,3.667,1
92811,201420,Spring 2015,2014-2015,Senior,23618,A-,3.667,1
92811,201420,Spring 2015,2014-2015,Senior,23867,A-,3.667,1
92811,201420,Spring 2015,2014-2015,Senior,25719,A-,3.667,1
92811,201310,Fall 2013,2013-2014,Junior,101001001,AD,,0
92811,201310,Fall 2013,2013-2014,Junior,101002002,AD,,0
92811,201310,Fall 2013,2013-2014,Junior,101003003,AD,,0
92811,201310,Fall 2013,2013-2014,Junior,101004004,AD,,0
92811,201310,Fall 2013,2013-2014,Junior,14925,B,3.0,1
92811,201410,Fall 2014,2014-2015,Senior,11460,B,3.0,1
92811,201310,Fall 2013,2013-2014,Junior,10742,B-,2.667,1
92811,201310,Fall 2013,2013-2014,Junior,13682,B-,2.667,1
92811,201310,Fall 2013,2013-2014,Junior,19458,B-,2.667,1
92811,201320,Spring 2014,2013-2014,Junior,23390,B-,2.667,1
92811,201410,Fall 2014,2014-2015,Senior,15571,B-,2.667,1
92811,201320,Spring 2014,2013-2014,Junior,20144,B+,3.333,1
92811,201320,Spring 2014,2013-2014,Junior,21704,B+,3.333,1
92811,201320,Spring 2014,2013-2014,Junior,22049,B+,3.333,1
92811,201320,Spring 2014,2013-2014,Junior,22050,B+,3.333,1
92811,201420,Spring 2015,2014-2015,Senior,20048,B+,3.333,1
92811,201310,Fall 2013,2013-2014,Junior,12706,S,,0
92811,201310,Fall 2013,2013-2014,Junior,17597,S,,0
92811,201320,Spring 2014,2013-2014,Junior,23970,S,,0
93418,201310,Fall 2013,2013-2014,Junior,10614,A-,3.667,1
93418,201320,Spring 2014,2013-2014,Junior,30128,A-,3.667,1
93418,201410,Fall 2014,2014-2015,Senior,13400,A-,3.667,1
93418,201310,Fall 2013,2013-2014,Junior,101001001,AD,,0
93418,201310,Fall 2013,2013-2014,Junior,101001002,AD,,0
93418,201320,Spring 2014,2013-2014,Junior,22344,B,3.0,1
93418,201410,Fall 2014,2014-2015,Senior,10867,B,3.0,1
93418,201420,Spring 2015,2014-2015,Senior,21916,B,3.0,1
93418,201420,Spring 2015,2014-2015,Senior,24770,B,3.0,1
93418,201310,Fall 2013,2013-2014,Junior,11675,B-,2.667,1
93418,201310,Fall 2013,2013-2014,Junior,13682,B-,2.667,1
93418,201320,Spring 2014,2013-2014,Junior,20621,B-,2.667,1
93418,201410,Fall 2014,2014-2015,Senior,10866,B-,2.667,1
93418,201420,Spring 2015,2014-2015,Senior,20710,B-,2.667,1
93418,201310,Fall 2013,2013-2014,Junior,19792,B+,3.333,1
93418,201320,Spring 2014,2013-2014,Junior,24101,B+,3.333,1
93418,201410,Fall 2014,2014-2015,Senior,12676,B+,3.333,1
93418,201310,Fall 2013,2013-2014,Junior,12444,C,2.0,1
93418,201410,Fall 2014,2014-2015,Senior,10540,C,2.0,1
93418,201410,Fall 2014,2014-2015,Senior,14791,C,2.0,1
93418,201420,Spring 2015,2014-2015,Senior,20235,C,2.0,1
93418,201320,Spring 2014,2013-2014,Junior,24297,C+,2.333,1
93418,201420,Spring 2015,2014-2015,Senior,22251,C+,2.333,1
93418,201310,Fall 2013,2013-2014,Junior,201001001,IB,,0
93418,201310,Fall 2013,2013-2014,Junior,201001002,IB,,0
93418,201310,Fall 2013,2013-2014,Junior,12706,S,,0
93418,201320,Spring 2014,2013-2014,Junior,23972,S,,0
95400,201110,Fall 2011,2011-2012,Freshman,15654,A,4.0,1
95400,201210,Fall 2012,2012-2013,Sophomore,13835,A,4.0,1
95400,201210,Fall 2012,2012-2013,Sophomore,18759,A,4.0,1
95400,201220,Spring 2013,2012-2013,Sophomore,22222,A,4.0,1
95400,201220,Spring 2013,2012-2013,Sophomore,28685,A,4.0,1
95400,201310,Fall 2013,2013-2014,Junior,15440,A,4.0,1
95400,201320,Spring 2014,2013-2014,Junior,28921,A,4.0,1
95400,201320,Spring 2014,2013-2014,Junior,29158,A,4.0,1
95400,201320,Spring 2014,2013-2014,Junior,29704,A,4.0,1
95400,201410,Fall 2014,2014-2015,Senior,12464,A,4.0,1
95400,201420,Spring 2015,2014-2015,Senior,23755,A,4.0,1
95400,201110,Fall 2011,2011-2012,Freshman,10516,A-,3.667,1
95400,201210,Fall 2012,2012-2013,Sophomore,12572,A-,3.667,1
95400,201220,Spring 2013,2012-2013,Sophomore,22269,A-,3.667,1
95400,201310,Fall 2013,2013-2014,Junior,12810,A-,3.667,1
95400,201310,Fall 2013,2013-2014,Junior,19915,A-,3.667,1
95400,201320,Spring 2014,2013-2014,Junior,21742,A-,3.667,1
95400,201320,Spring 2014,2013-2014,Junior,25412,A-,3.667,1
95400,201410,Fall 2014,2014-2015,Senior,20237,A-,3.667,1
95400,201420,Spring 2015,2014-2015,Senior,21955,A-,3.667,1
95400,201110,Fall 2011,2011-2012,Freshman,101001001,AD,,0
95400,201110,Fall 2011,2011-2012,Freshman,101002002,AD,,0
95400,201110,Fall 2011,2011-2012,Freshman,101003003,AD,,0
95400,201110,Fall 2011,2011-2012,Freshman,101004004,AD,,0
95400,201110,Fall 2011,2011-2012,Freshman,12848,B,3.0,1
95400,201210,Fall 2012,2012-2013,Sophomore,18982,B,3.0,1
95400,201110,Fall 2011,2011-2012,Freshman,10710,B-,2.667,1
95400,201110,Fall 2011,2011-2012,Freshman,14268,B-,2.667,1
95400,201220,Spring 2013,2012-2013,Sophomore,23123,B-,2.667,1
95400,201410,Fall 2014,2014-2015,Senior,19753,B-,2.667,1
95400,201110,Fall 2011,2011-2012,Freshman,12913,B+,3.333,1
95400,201120,Spring 2012,2011-2012,Freshman,20392,B+,3.333,1
95400,201120,Spring 2012,2011-2012,Freshman,22164,B+,3.333,1
95400,201120,Spring 2012,2011-2012,Freshman,24077,B+,3.333,1
95400,201210,Fall 2012,2012-2013,Sophomore,11628,B+,3.333,1
95400,201210,Fall 2012,2012-2013,Sophomore,14628,B+,3.333,1
95400,201310,Fall 2013,2013-2014,Junior,18896,B+,3.333,1
95400,201410,Fall 2014,2014-2015,Senior,13801,B+,3.333,1
95400,201410,Fall 2014,2014-2015,Senior,20731,B+,3.333,1
95400,201420,Spring 2015,2014-2015,Senior,23426,B+,3.333,1
95400,201420,Spring 2015,2014-2015,Senior,21820,C,2.0,1
95400,201120,Spring 2012,2011-2012,Freshman,22690,C+,2.333,1
95400,201120,Spring 2012,2011-2012,Freshman,28584,C+,2.333,1
95400,201220,Spring 2013,2012-2013,Sophomore,20391,C+,2.333,1
95400,201110,Fall 2011,2011-2012,Freshman,13160,S,,0
95400,201120,Spring 2012,2011-2012,Freshman,22438,S,,0
95400,201120,Spring 2012,2011-2012,Freshman,24634,S,,0
95400,201210,Fall 2012,2012-2013,Sophomore,12044,S,,0
95400,201210,Fall 2012,2012-2013,Sophomore,12682,S,,0
95400,201310,Fall 2013,2013-2014,Junior,15752,S,,0
95400,201310,Fall 2013,2013-2014,Junior,19890,S,,0
95400,201410,Fall 2014,2014-2015,Senior,12465,S,,0
95400,201420,Spring 2015,2014-2015,Senior,20909,S,,0
95400,201420,Spring 2015,2014-2015,Senior,29074,S,,0
95798,201110,Fall 2011,2011-2012,Freshman,10029,A,4.0,1
95798,201110,Fall 2011,2011-2012,Freshman,10868,A,4.0,1
95798,201110,Fall 2011,2011-2012,Freshman,11960,A,4.0,1
95798,201120,Spring 2012,2011-2012,Freshman,21182,A,4.0,1
95798,201210,Fall 2012,2012-2013,Sophomore,12082,A,4.0,1
95798,201210,Fall 2012,2012-2013,Sophomore,16816,A,4.0,1
95798,201220,Spring 2013,2012-2013,Sophomore,21987,A,4.0,1
95798,201220,Spring 2013,2012-2013,Sophomore,24203,A,4.0,1
95798,201220,Spring 2013,2012-2013,Sophomore,26333,A,4.0,1
95798,201310,Fall 2013,2013-2014,Junior,15527,A,4.0,1
95798,201320,Spring 2014,2013-2014,Junior,23648,A,4.0,1
95798,201320,Spring 2014,2013-2014,Junior,24778,A,4.0,1
95798,201320,Spring 2014,2013-2014,Junior,27268,A,4.0,1
95798,201320,Spring 2014,2013-2014,Junior,28710,A,4.0,1
95798,201410,Fall 2014,2014-2015,Senior,12435,A,4.0,1
95798,201410,Fall 2014,2014-2015,Senior,13673,A,4.0,1
95798,201410,Fall 2014,2014-2015,Senior,15061,A,4.0,1
95798,201420,Spring 2015,2014-2015,Senior,24986,A,4.0,1
95798,201420,Spring 2015,2014-2015,Senior,27446,A,4.0,1
95798,201420,Spring 2015,2014-2015,Senior,30344,A,4.0,1
95798,201120,Spring 2012,2011-2012,Freshman,25043,A-,3.667,1
95798,201120,Spring 2012,2011-2012,Freshman,28226,A-,3.667,1
95798,201210,Fall 2012,2012-2013,Sophomore,11192,A-,3.667,1
95798,201210,Fall 2012,2012-2013,Sophomore,13382,A-,3.667,1
95798,201220,Spring 2013,2012-2013,Sophomore,22061,A-,3.667,1
95798,201220,Spring 2013,2012-2013,Sophomore,28617,A-,3.667,1
95798,201310,Fall 2013,2013-2014,Junior,11109,A-,3.667,1
95798,201310,Fall 2013,2013-2014,Junior,11631,A-,3.667,1
95798,201310,Fall 2013,2013-2014,Junior,14740,A-,3.667,1
95798,201310,Fall 2013,2013-2014,Junior,19410,A-,3.667,1
95798,201310,Fall 2013,2013-2014,Junior,19940,A-,3.667,1
95798,201320,Spring 2014,2013-2014,Junior,27295,A-,3.667,1
95798,201410,Fall 2014,2014-2015,Senior,15698,A-,3.667,1
95798,201410,Fall 2014,2014-2015,Senior,19543,A-,3.667,1
95798,201420,Spring 2015,2014-2015,Senior,26751,A-,3.667,1
95798,201110,Fall 2011,2011-2012,Freshman,101001001,AD,,0
95798,201110,Fall 2011,2011-2012,Freshman,101002002,AD,,0
95798,201110,Fall 2011,2011-2012,Freshman,101003003,AD,,0
95798,201110,Fall 2011,2011-2012,Freshman,11528,B,3.0,1
95798,201110,Fall 2011,2011-2012,Freshman,16547,B+,3.333,1
95798,201120,Spring 2012,2011-2012,Freshman,20787,B+,3.333,1
95798,201120,Spring 2012,2011-2012,Freshman,21354,B+,3.333,1
95798,201210,Fall 2012,2012-2013,Sophomore,10109,B+,3.333,1
95798,201220,Spring 2013,2012-2013,Sophomore,24167,B+,3.333,1
95798,201410,Fall 2014,2014-2015,Senior,20161,B+,3.333,1
95798,201420,Spring 2015,2014-2015,Senior,25021,B+,3.333,1
95798,201110,Fall 2011,2011-2012,Freshman,12267,S,,0
95798,201110,Fall 2011,2011-2012,Freshman,13157,S,,0
95798,201110,Fall 2011,2011-2012,Freshman,20179,S,,0
95798,201120,Spring 2012,2011-2012,Freshman,22733,S,,0
95798,201120,Spring 2012,2011-2012,Freshman,24631,S,,0
95798,201210,Fall 2012,2012-2013,Sophomore,11978,S,,0
95798,201310,Fall 2013,2013-2014,Junior,11938,S,,0
95798,201320,Spring 2014,2013-2014,Junior,27296,S,,0
95798,201420,Spring 2015,2014-2015,Senior,30498,S,,0
95994,201110,Fall 2011,2011-2012,Freshman,10841,A,4.0,1
95994,201110,Fall 2011,2011-2012,Freshman,11817,A,4.0,1
95994,201110,Fall 2011,2011-2012,Freshman,12472,A,4.0,1
95994,201110,Fall 2011,2011-2012,Freshman,14270,A,4.0,1
95994,201110,Fall 2011,2011-2012,Freshman,15289,A,4.0,1
95994,201110,Fall 2011,2011-2012,Freshman,15338,A,4.0,1
95994,201110,Fall 2011,2011-2012,Freshman,19604,A,4.0,1
95994,201120,Spring 2012,2011-2012,Freshman,20090,A,4.0,1
95994,201120,Spring 2012,2011-2012,Freshman,22348,A,4.0,1
95994,201120,Spring 2012,2011-2012,Freshman,22350,A,4.0,1
95994,201120,Spring 2012,2011-2012,Freshman,23895,A,4.0,1
95994,201120,Spring 2012,2011-2012,Freshman,24840,A,4.0,1
95994,201210,Fall 2012,2012-2013,Sophomore,10471,A,4.0,1
95994,201210,Fall 2012,2012-2013,Sophomore,10757,A,4.0,1
95994,201210,Fall 2012,2012-2013,Sophomore,11893,A,4.0,1
95994,201210,Fall 2012,2012-2013,Sophomore,14300,A,4.0,1
95994,201210,Fall 2012,2012-2013,Sophomore,14303,A,4.0,1
95994,201210,Fall 2012,2012-2013,Sophomore,18757,A,4.0,1
95994,201220,Spring 2013,2012-2013,Sophomore,24090,A,4.0,1
95994,201220,Spring 2013,2012-2013,Sophomore,24095,A,4.0,1
95994,201220,Spring 2013,2012-2013,Sophomore,24117,A,4.0,1
95994,201310,Fall 2013,2013-2014,Junior,10690,A,4.0,1
95994,201310,Fall 2013,2013-2014,Junior,11532,A,4.0,1
95994,201310,Fall 2013,2013-2014,Junior,12790,A,4.0,1
95994,201320,Spring 2014,2013-2014,Junior,20071,A,4.0,1
95994,201320,Spring 2014,2013-2014,Junior,20108,A,4.0,1
95994,201320,Spring 2014,2013-2014,Junior,21041,A,4.0,1
95994,201320,Spring 2014,2013-2014,Junior,21513,A,4.0,1
95994,201320,Spring 2014,2013-2014,Junior,21737,A,4.0,1
95994,201320,Spring 2014,2013-2014,Junior,21852,A,4.0,1
95994,201320,Spring 2014,2013-2014,Junior,28981,A,4.0,1
95994,201410,Fall 2014,2014-2015,Senior,11355,A,4.0,1
95994,201410,Fall 2014,2014-2015,Senior,11444,A,4.0,1
95994,201410,Fall 2014,2014-2015,Senior,11465,A,4.0,1
95994,201410,Fall 2014,2014-2015,Senior,11466,A,4.0,1
95994,201410,Fall 2014,2014-2015,Senior,11683,A,4.0,1
95994,201410,Fall 2014,2014-2015,Senior,15845,A,4.0,1
95994,201420,Spring 2015,2014-2015,Senior,21025,A,4.0,1
95994,201420,Spring 2015,2014-2015,Senior,21652,A,4.0,1
95994,201420,Spring 2015,2014-2015,Senior,29365,A,4.0,1
95994,201420,Spring 2015,2014-2015,Senior,29503,A,4.0,1
95994,201110,Fall 2011,2011-2012,Freshman,10562,A-,3.667,1
95994,201120,Spring 2012,2011-2012,Freshman,21644,A-,3.667,1
95994,201120,Spring 2012,2011-2012,Freshman,22189,A-,3.667,1
95994,201120,Spring 2012,2011-2012,Freshman,24163,A-,3.667,1
95994,201210,Fall 2012,2012-2013,Sophomore,11890,A-,3.667,1
95994,201210,Fall 2012,2012-2013,Sophomore,12499,A-,3.667,1
95994,201210,Fall 2012,2012-2013,Sophomore,13399,A-,3.667,1
95994,201220,Spring 2013,2012-2013,Sophomore,21626,A-,3.667,1
95994,201220,Spring 2013,2012-2013,Sophomore,22060,A-,3.667,1
95994,201220,Spring 2013,2012-2013,Sophomore,23469,A-,3.667,1
95994,201220,Spring 2013,2012-2013,Sophomore,26347,A-,3.667,1
95994,201310,Fall 2013,2013-2014,Junior,11335,A-,3.667,1
95994,201310,Fall 2013,2013-2014,Junior,11497,A-,3.667,1
95994,201310,Fall 2013,2013-2014,Junior,12051,A-,3.667,1
95994,201310,Fall 2013,2013-2014,Junior,14420,A-,3.667,1
95994,201320,Spring 2014,2013-2014,Junior,21848,A-,3.667,1
95994,201320,Spring 2014,2013-2014,Junior,24150,A-,3.667,1
95994,201410,Fall 2014,2014-2015,Senior,14121,A-,3.667,1
95994,201420,Spring 2015,2014-2015,Senior,23921,A-,3.667,1
95994,201420,Spring 2015,2014-2015,Senior,30307,A-,3.667,1
95994,201110,Fall 2011,2011-2012,Freshman,101001001,AD,,0
95994,201110,Fall 2011,2011-2012,Freshman,101002002,AD,,0
95994,201110,Fall 2011,2011-2012,Freshman,101003003,AD,,0
95994,201110,Fall 2011,2011-2012,Freshman,101004004,AD,,0
95994,201110,Fall 2011,2011-2012,Freshman,101005005,AD,,0
95994,201220,Spring 2013,2012-2013,Sophomore,20024,B+,3.333,1
95994,201110,Fall 2011,2011-2012,Freshman,13159,S,,0
95994,201120,Spring 2012,2011-2012,Freshman,22036,S,,0
95994,201120,Spring 2012,2011-2012,Freshman,22039,S,,0
95994,201120,Spring 2012,2011-2012,Freshman,24633,S,,0
95994,201210,Fall 2012,2012-2013,Sophomore,12781,S,,0
95994,201220,Spring 2013,2012-2013,Sophomore,21904,S,,0
95994,201220,Spring 2013,2012-2013,Sophomore,21908,S,,0
95994,201310,Fall 2013,2013-2014,Junior,12628,S,,0
95994,201320,Spring 2014,2013-2014,Junior,21790,S,,0
95994,201320,Spring 2014,2013-2014,Junior,21792,S,,0
95994,201320,Spring 2014,2013-2014,Junior,21795,S,,0
95994,201410,Fall 2014,2014-2015,Senior,12475,S,,0
95994,201420,Spring 2015,2014-2015,Senior,21662,S,,0
95994,201420,Spring 2015,2014-2015,Senior,21705,S,,0
95994,201420,Spring 2015,2014-2015,Senior,21707,S,,0
95994,201420,Spring 2015,2014-2015,Senior,21710,S,,0
96124,201410,Fall 2014,2014-2015,Senior,16734,A,4.0,1
96124,201310,Fall 2013,2013-2014,Junior,12094,A-,3.667,1
96124,201310,Fall 2013,2013-2014,Junior,14745,A-,3.667,1
96124,201320,Spring 2014,2013-2014,Junior,20084,A-,3.667,1
96124,201420,Spring 2015,2014-2015,Senior,26368,A-,3.667,1
96124,201310,Fall 2013,2013-2014,Junior,101001001,AD,,0
96124,201310,Fall 2013,2013-2014,Junior,101001002,AD,,0
96124,201310,Fall 2013,2013-2014,Junior,201001001,AD,,0
96124,201310,Fall 2013,2013-2014,Junior,201002002,AD,,0
96124,201310,Fall 2013,2013-2014,Junior,201003003,AD,,0
96124,201320,Spring 2014,2013-2014,Junior,23838,B,3.0,1
96124,201410,Fall 2014,2014-2015,Senior,13350,B,3.0,1
96124,201410,Fall 2014,2014-2015,Senior,14347,B,3.0,1
96124,201410,Fall 2014,2014-2015,Senior,16315,B-,2.667,1
96124,201420,Spring 2015,2014-2015,Senior,24882,B-,2.667,1
96124,201420,Spring 2015,2014-2015,Senior,24887,B-,2.667,1
96124,201310,Fall 2013,2013-2014,Junior,11514,B+,3.333,1
96124,201310,Fall 2013,2013-2014,Junior,11548,B+,3.333,1
96124,201310,Fall 2013,2013-2014,Junior,18794,B+,3.333,1
96124,201320,Spring 2014,2013-2014,Junior,26826,B+,3.333,1
96124,201410,Fall 2014,2014-2015,Senior,14359,B+,3.333,1
96124,201420,Spring 2015,2014-2015,Senior,21810,B+,3.333,1
96124,201420,Spring 2015,2014-2015,Senior,24648,B+,3.333,1
96124,201320,Spring 2014,2013-2014,Junior,21907,C,2.0,1
96124,201320,Spring 2014,2013-2014,Junior,20797,C+,2.333,1
96124,201310,Fall 2013,2013-2014,Junior,12707,S,,0
96124,201310,Fall 2013,2013-2014,Junior,16017,S,,0
96124,201310,Fall 2013,2013-2014,Junior,16049,S,,0
96124,201320,Spring 2014,2013-2014,Junior,23967,S,,0
96124,201420,Spring 2015,2014-2015,Senior,21995,S,,0
96492,201210,Fall 2012,2012-2013,Sophomore,11464,A,4.0,1
96492,201210,Fall 2012,2012-2013,Sophomore,14339,A,4.0,1
96492,201210,Fall 2012,2012-2013,Sophomore,14943,A,4.0,1
96492,201210,Fall 2012,2012-2013,Sophomore,16141,A,4.0,1
96492,201220,Spring 2013,2012-2013,Sophomore,20219,A,4.0,1
96492,201220,Spring 2013,2012-2013,Sophomore,23157,A,4.0,1
96492,201220,Spring 2013,2012-2013,Sophomore,23333,A,4.0,1
96492,201220,Spring 2013,2012-2013,Sophomore,24672,A,4.0,1
96492,201220,Spring 2013,2012-2013,Sophomore,28970,A,4.0,1
96492,201310,Fall 2013,2013-2014,Junior,14108,A,4.0,1
96492,201310,Fall 2013,2013-2014,Junior,15479,A,4.0,1
96492,201320,Spring 2014,2013-2014,Junior,21809,A,4.0,1
96492,201320,Spring 2014,2013-2014,Junior,21838,A,4.0,1
96492,201320,Spring 2014,2013-2014,Junior,24253,A,4.0,1
96492,201320,Spring 2014,2013-2014,Junior,26456,A,4.0,1
96492,201320,Spring 2014,2013-2014,Junior,29055,A,4.0,1
96492,201210,Fall 2012,2012-2013,Sophomore,12104,A-,3.667,1
96492,201310,Fall 2013,2013-2014,Junior,10003,A-,3.667,1
96492,201310,Fall 2013,2013-2014,Junior,15684,A-,3.667,1
96492,201310,Fall 2013,2013-2014,Junior,19054,A-,3.667,1
96492,201210,Fall 2012,2012-2013,Sophomore,12865,S,,0
96492,201220,Spring 2013,2012-2013,Sophomore,24257,S,,0
97655,201110,Fall 2011,2011-2012,Freshman,11800,A,4.0,1
97655,201110,Fall 2011,2011-2012,Freshman,12191,A,4.0,1
97655,201120,Spring 2012,2011-2012,Freshman,20787,A,4.0,1
97655,201120,Spring 2012,2011-2012,Freshman,21397,A,4.0,1
97655,201120,Spring 2012,2011-2012,Freshman,22727,A,4.0,1
97655,201120,Spring 2012,2011-2012,Freshman,25043,A,4.0,1
97655,201210,Fall 2012,2012-2013,Sophomore,10085,A,4.0,1
97655,201210,Fall 2012,2012-2013,Sophomore,10106,A,4.0,1
97655,201210,Fall 2012,2012-2013,Sophomore,11614,A,4.0,1
97655,201210,Fall 2012,2012-2013,Sophomore,11618,A,4.0,1
97655,201210,Fall 2012,2012-2013,Sophomore,12273,A,4.0,1
97655,201220,Spring 2013,2012-2013,Sophomore,21145,A,4.0,1
97655,201220,Spring 2013,2012-2013,Sophomore,22067,A,4.0,1
97655,201220,Spring 2013,2012-2013,Sophomore,29091,A,4.0,1
97655,201310,Fall 2013,2013-2014,Junior,11776,A,4.0,1
97655,201310,Fall 2013,2013-2014,Junior,12073,A,4.0,1
97655,201310,Fall 2013,2013-2014,Junior,12154,A,4.0,1
97655,201310,Fall 2013,2013-2014,Junior,12520,A,4.0,1
97655,201310,Fall 2013,2013-2014,Junior,14408,A,4.0,1
97655,201320,Spring 2014,2013-2014,Junior,22037,A,4.0,1
97655,201320,Spring 2014,2013-2014,Junior,22040,A,4.0,1
97655,201320,Spring 2014,2013-2014,Junior,22681,A,4.0,1
97655,201320,Spring 2014,2013-2014,Junior,22682,A,4.0,1
97655,201320,Spring 2014,2013-2014,Junior,27668,A,4.0,1
97655,201410,Fall 2014,2014-2015,Senior,12873,A,4.0,1
97655,201410,Fall 2014,2014-2015,Senior,13761,A,4.0,1
97655,201410,Fall 2014,2014-2015,Senior,19526,A,4.0,1
97655,201420,Spring 2015,2014-2015,Senior,23611,A,4.0,1
97655,201420,Spring 2015,2014-2015,Senior,26345,A,4.0,1
97655,201420,Spring 2015,2014-2015,Senior,28986,A,4.0,1
97655,201110,Fall 2011,2011-2012,Freshman,13582,A-,3.667,1
97655,201110,Fall 2011,2011-2012,Freshman,15005,A-,3.667,1
97655,201120,Spring 2012,2011-2012,Freshman,25122,A-,3.667,1
97655,201220,Spring 2013,2012-2013,Sophomore,20295,A-,3.667,1
97655,201410,Fall 2014,2014-2015,Senior,10393,A-,3.667,1
97655,201410,Fall 2014,2014-2015,Senior,17397,A-,3.667,1
97655,201410,Fall 2014,2014-2015,Senior,20199,A-,3.667,1
97655,201420,Spring 2015,2014-2015,Senior,28885,A-,3.667,1
97655,201110,Fall 2011,2011-2012,Freshman,101001001,AD,,0
97655,201110,Fall 2011,2011-2012,Freshman,101002002,AD,,0
97655,201110,Fall 2011,2011-2012,Freshman,101003003,AD,,0
97655,201420,Spring 2015,2014-2015,Senior,21824,B,3.0,1
97655,201420,Spring 2015,2014-2015,Senior,29365,B,3.0,1
97655,201110,Fall 2011,2011-2012,Freshman,18670,B+,3.333,1
97655,201110,Fall 2011,2011-2012,Freshman,13156,S,,0
97655,201110,Fall 2011,2011-2012,Freshman,20181,S,,0
97655,201120,Spring 2012,2011-2012,Freshman,24638,S,,0
97655,201420,Spring 2015,2014-2015,Senior,30060,S,,0
97933,201310,Fall 2013,2013-2014,Junior,12428,A,4.0,1
97933,201400,Summer 2014,2014-2015,Senior,3935,A-,3.667,1
97933,201420,Spring 2015,2014-2015,Senior,26385,A-,3.667,1
97933,201210,Fall 2012,2012-2013,Sophomore,101001001,AD,,0
97933,201210,Fall 2012,2012-2013,Sophomore,101001002,AD,,0
97933,201210,Fall 2012,2012-2013,Sophomore,13398,B,3.0,1
97933,201210,Fall 2012,2012-2013,Sophomore,16149,B,3.0,1
97933,201210,Fall 2012,2012-2013,Sophomore,18463,B,3.0,1
97933,201220,Spring 2013,2012-2013,Sophomore,21952,B,3.0,1
97933,201220,Spring 2013,2012-2013,Sophomore,24659,B,3.0,1
97933,201320,Spring 2014,2013-2014,Junior,28997,B,3.0,1
97933,201410,Fall 2014,2014-2015,Senior,12663,B,3.0,1
97933,201410,Fall 2014,2014-2015,Senior,15750,B,3.0,1
97933,201420,Spring 2015,2014-2015,Senior,26380,B,3.0,1
97933,201220,Spring 2013,2012-2013,Sophomore,23155,B-,2.667,1
97933,201310,Fall 2013,2013-2014,Junior,10094,B-,2.667,1
97933,201310,Fall 2013,2013-2014,Junior,16591,B-,2.667,1
97933,201420,Spring 2015,2014-2015,Senior,22010,B-,2.667,1
97933,201420,Spring 2015,2014-2015,Senior,23259,B-,2.667,1
97933,201420,Spring 2015,2014-2015,Senior,24339,B-,2.667,1
97933,201420,Spring 2015,2014-2015,Senior,25729,B-,2.667,1
97933,201210,Fall 2012,2012-2013,Sophomore,18449,B+,3.333,1
97933,201220,Spring 2013,2012-2013,Sophomore,29009,B+,3.333,1
97933,201220,Spring 2013,2012-2013,Sophomore,21264,C,2.0,1
97933,201410,Fall 2014,2014-2015,Senior,12339,C,2.0,1
97933,201310,Fall 2013,2013-2014,Junior,19909,C-,1.667,1
97933,201320,Spring 2014,2013-2014,Junior,20889,C-,1.667,1
97933,201310,Fall 2013,2013-2014,Junior,19036,C+,2.333,1
97933,201400,Summer 2014,2014-2015,Senior,1630,C+,2.333,1
97933,201410,Fall 2014,2014-2015,Senior,19762,C+,2.333,1
97933,201210,Fall 2012,2012-2013,Sophomore,11725,D,1.0,1
97933,201310,Fall 2013,2013-2014,Junior,19044,D,1.0,1
97933,201320,Spring 2014,2013-2014,Junior,23354,D,1.0,1
97933,201320,Spring 2014,2013-2014,Junior,25273,D,1.0,1
97933,201410,Fall 2014,2014-2015,Senior,10925,D,1.0,1
97933,201210,Fall 2012,2012-2013,Sophomore,12871,S,,0
97933,201220,Spring 2013,2012-2013,Sophomore,24263,S,,0
97933,201310,Fall 2013,2013-2014,Junior,19878,S,,0
98326,201310,Fall 2013,2013-2014,Junior,13627,A,4.0,1
98326,201320,Spring 2014,2013-2014,Junior,20001,A,4.0,1
98326,201410,Fall 2014,2014-2015,Senior,13117,A,4.0,1
98326,201410,Fall 2014,2014-2015,Senior,17755,A,4.0,1
98326,201420,Spring 2015,2014-2015,Senior,21816,A,4.0,1
98326,201210,Fall 2012,2012-2013,Sophomore,12016,A-,3.667,1
98326,201210,Fall 2012,2012-2013,Sophomore,15028,A-,3.667,1
98326,201220,Spring 2013,2012-2013,Sophomore,28711,A-,3.667,1
98326,201410,Fall 2014,2014-2015,Senior,17804,A-,3.667,1
98326,201420,Spring 2015,2014-2015,Senior,20651,A-,3.667,1
98326,201210,Fall 2012,2012-2013,Sophomore,13888,B,3.0,1
98326,201210,Fall 2012,2012-2013,Sophomore,16149,B,3.0,1
98326,201220,Spring 2013,2012-2013,Sophomore,22054,B,3.0,1
98326,201220,Spring 2013,2012-2013,Sophomore,24402,B,3.0,1
98326,201310,Fall 2013,2013-2014,Junior,14047,B,3.0,1
98326,201310,Fall 2013,2013-2014,Junior,14724,B,3.0,1
98326,201320,Spring 2014,2013-2014,Junior,23822,B,3.0,1
98326,201410,Fall 2014,2014-2015,Senior,13115,B,3.0,1
98326,201410,Fall 2014,2014-2015,Senior,17796,B,3.0,1
98326,201420,Spring 2015,2014-2015,Senior,22301,B,3.0,1
98326,201320,Spring 2014,2013-2014,Junior,24257,B-,2.667,1
98326,201420,Spring 2015,2014-2015,Senior,20770,B-,2.667,1
98326,201210,Fall 2012,2012-2013,Sophomore,10684,B+,3.333,1
98326,201220,Spring 2013,2012-2013,Sophomore,21548,B+,3.333,1
98326,201220,Spring 2013,2012-2013,Sophomore,24399,B+,3.333,1
98326,201310,Fall 2013,2013-2014,Junior,10765,B+,3.333,1
98326,201310,Fall 2013,2013-2014,Junior,11422,B+,3.333,1
98326,201320,Spring 2014,2013-2014,Junior,20520,B+,3.333,1
98326,201420,Spring 2015,2014-2015,Senior,21485,B+,3.333,1
98326,201320,Spring 2014,2013-2014,Junior,23828,C,2.0,1
98326,201210,Fall 2012,2012-2013,Sophomore,12868,S,,0
98326,201220,Spring 2013,2012-2013,Sophomore,24261,S,,0
98326,201410,Fall 2014,2014-2015,Senior,13977,S,,0
98639,201110,Fall 2011,2011-2012,Freshman,12844,A,4.0,1
98639,201120,Spring 2012,2011-2012,Freshman,22691,A,4.0,1
98639,201210,Fall 2012,2012-2013,Sophomore,15056,A,4.0,1
98639,201220,Spring 2013,2012-2013,Sophomore,24203,A,4.0,1
98639,201220,Spring 2013,2012-2013,Sophomore,25942,A,4.0,1
98639,201310,Fall 2013,2013-2014,Junior,12074,A,4.0,1
98639,201310,Fall 2013,2013-2014,Junior,15530,A,4.0,1
98639,201310,Fall 2013,2013-2014,Junior,19357,A,4.0,1
98639,201320,Spring 2014,2013-2014,Junior,23218,A,4.0,1
98639,201410,Fall 2014,2014-2015,Senior,10448,A,4.0,1
98639,201410,Fall 2014,2014-2015,Senior,15064,A,4.0,1
98639,201410,Fall 2014,2014-2015,Senior,20166,A,4.0,1
98639,201410,Fall 2014,2014-2015,Senior,20198,A,4.0,1
98639,201410,Fall 2014,2014-2015,Senior,20565,A,4.0,1
98639,201420,Spring 2015,2014-2015,Senior,20641,A,4.0,1
98639,201420,Spring 2015,2014-2015,Senior,24977,A,4.0,1
98639,201420,Spring 2015,2014-2015,Senior,27314,A,4.0,1
98639,201420,Spring 2015,2014-2015,Senior,30333,A,4.0,1
98639,201110,Fall 2011,2011-2012,Freshman,10522,A-,3.667,1
98639,201120,Spring 2012,2011-2012,Freshman,20623,A-,3.667,1
98639,201120,Spring 2012,2011-2012,Freshman,21182,A-,3.667,1
98639,201120,Spring 2012,2011-2012,Freshman,21324,A-,3.667,1
98639,201120,Spring 2012,2011-2012,Freshman,25047,A-,3.667,1
98639,201210,Fall 2012,2012-2013,Sophomore,12259,A-,3.667,1
98639,201210,Fall 2012,2012-2013,Sophomore,12672,A-,3.667,1
98639,201210,Fall 2012,2012-2013,Sophomore,14665,A-,3.667,1
98639,201220,Spring 2013,2012-2013,Sophomore,20587,A-,3.667,1
98639,201220,Spring 2013,2012-2013,Sophomore,22056,A-,3.667,1
98639,201310,Fall 2013,2013-2014,Junior,11633,A-,3.667,1
98639,201310,Fall 2013,2013-2014,Junior,11975,A-,3.667,1
98639,201310,Fall 2013,2013-2014,Junior,14740,A-,3.667,1
98639,201320,Spring 2014,2013-2014,Junior,30586,A-,3.667,1
98639,201320,Spring 2014,2013-2014,Junior,30589,A-,3.667,1
98639,201420,Spring 2015,2014-2015,Senior,22796,A-,3.667,1
98639,201110,Fall 2011,2011-2012,Freshman,101001001,AD,,0
98639,201110,Fall 2011,2011-2012,Freshman,101002002,AD,,0
98639,201110,Fall 2011,2011-2012,Freshman,101003003,AD,,0
98639,201110,Fall 2011,2011-2012,Freshman,101004004,AD,,0
98639,201110,Fall 2011,2011-2012,Freshman,101005005,AD,,0
98639,201110,Fall 2011,2011-2012,Freshman,101005006,AD,,0
98639,201220,Spring 2013,2012-2013,Sophomore,22195,B,3.0,1
98639,201110,Fall 2011,2011-2012,Freshman,11649,B-,2.667,1
98639,201110,Fall 2011,2011-2012,Freshman,12149,B+,3.333,1
98639,201110,Fall 2011,2011-2012,Freshman,15692,B+,3.333,1
98639,201220,Spring 2013,2012-2013,Sophomore,22199,B+,3.333,1
98639,201220,Spring 2013,2012-2013,Sophomore,26206,B+,3.333,1
98639,201320,Spring 2014,2013-2014,Junior,25783,B+,3.333,1
98639,201320,Spring 2014,2013-2014,Junior,30584,B+,3.333,1
98639,201410,Fall 2014,2014-2015,Senior,20169,B+,3.333,1
98639,201420,Spring 2015,2014-2015,Senior,26750,B+,3.333,1
98639,201110,Fall 2011,2011-2012,Freshman,13156,S,,0
98639,201120,Spring 2012,2011-2012,Freshman,24639,S,,0
98639,201210,Fall 2012,2012-2013,Sophomore,10787,S,,0
98639,201210,Fall 2012,2012-2013,Sophomore,11825,S,,0
98639,201210,Fall 2012,2012-2013,Sophomore,11978,S,,0
98639,201210,Fall 2012,2012-2013,Sophomore,12675,S,,0
98639,201220,Spring 2013,2012-2013,Sophomore,20662,S,,0
98639,201220,Spring 2013,2012-2013,Sophomore,21767,S,,0
98639,201310,Fall 2013,2013-2014,Junior,11724,S,,0
98639,201410,Fall 2014,2014-2015,Senior,11630,S,,0
98639,201420,Spring 2015,2014-2015,Senior,21582,S,,0
99367,201120,Spring 2012,2011-2012,Freshman,29160,A,4.0,1
99367,201320,Spring 2014,2013-2014,Junior,28611,A,4.0,1
99367,201410,Fall 2014,2014-2015,Senior,13409,A,4.0,1
99367,201410,Fall 2014,2014-2015,Senior,13857,A,4.0,1
99367,201110,Fall 2011,2011-2012,Freshman,11960,A-,3.667,1
99367,201220,Spring 2013,2012-2013,Sophomore,20369,A-,3.667,1
99367,201220,Spring 2013,2012-2013,Sophomore,21895,A-,3.667,1
99367,201310,Fall 2013,2013-2014,Junior,13629,A-,3.667,1
99367,201310,Fall 2013,2013-2014,Junior,18596,A-,3.667,1
99367,201310,Fall 2013,2013-2014,Junior,18602,A-,3.667,1
99367,201310,Fall 2013,2013-2014,Junior,18878,A-,3.667,1
99367,201410,Fall 2014,2014-2015,Senior,17458,A-,3.667,1
99367,201420,Spring 2015,2014-2015,Senior,30097,A-,3.667,1
99367,201110,Fall 2011,2011-2012,Freshman,101001001,AD,,0
99367,201110,Fall 2011,2011-2012,Freshman,101001002,AD,,0
99367,201110,Fall 2011,2011-2012,Freshman,201001001,AD,,0
99367,201110,Fall 2011,2011-2012,Freshman,10158,B,3.0,1
99367,201110,Fall 2011,2011-2012,Freshman,14577,B,3.0,1
99367,201110,Fall 2011,2011-2012,Freshman,16547,B,3.0,1
99367,201120,Spring 2012,2011-2012,Freshman,21174,B,3.0,1
99367,201120,Spring 2012,2011-2012,Freshman,28604,B,3.0,1
99367,201220,Spring 2013,2012-2013,Sophomore,26059,B,3.0,1
99367,201220,Spring 2013,2012-2013,Sophomore,28620,B,3.0,1
99367,201310,Fall 2013,2013-2014,Junior,16757,B,3.0,1
99367,201320,Spring 2014,2013-2014,Junior,21835,B,3.0,1
99367,201410,Fall 2014,2014-2015,Senior,19537,B,3.0,1
99367,201120,Spring 2012,2011-2012,Freshman,29458,B-,2.667,1
99367,201210,Fall 2012,2012-2013,Sophomore,14170,B-,2.667,1
99367,201210,Fall 2012,2012-2013,Sophomore,16024,B-,2.667,1
99367,201320,Spring 2014,2013-2014,Junior,28832,B-,2.667,1
99367,201120,Spring 2012,2011-2012,Freshman,20717,B+,3.333,1
99367,201210,Fall 2012,2012-2013,Sophomore,12969,B+,3.333,1
99367,201210,Fall 2012,2012-2013,Sophomore,18681,B+,3.333,1
99367,201220,Spring 2013,2012-2013,Sophomore,24537,B+,3.333,1
99367,201320,Spring 2014,2013-2014,Junior,28831,B+,3.333,1
99367,201420,Spring 2015,2014-2015,Senior,24399,B+,3.333,1
99367,201420,Spring 2015,2014-2015,Senior,29484,B+,3.333,1
99367,201110,Fall 2011,2011-2012,Freshman,15526,C,2.0,1
99367,201320,Spring 2014,2013-2014,Junior,25453,C,2.0,1
99367,201210,Fall 2012,2012-2013,Sophomore,18761,C+,2.333,1
99367,201410,Fall 2014,2014-2015,Senior,19546,C+,2.333,1
99367,201110,Fall 2011,2011-2012,Freshman,13162,S,,0
99367,201120,Spring 2012,2011-2012,Freshman,24631,S,,0
99367,201220,Spring 2013,2012-2013,Sophomore,21360,S,,0
99367,201310,Fall 2013,2013-2014,Junior,11961,S,,0
99367,201320,Spring 2014,2013-2014,Junior,21726,S,,0
99367,201320,Spring 2014,2013-2014,Junior,30116,S,,0
99367,201410,Fall 2014,2014-2015,Senior,15702,S,,0
99367,201420,Spring 2015,2014-2015,Senior,26310,S,,0
99749,201320,Spring 2014,2013-2014,Junior,24104,A,4.0,1
99749,201420,Spring 2015,2014-2015,Senior,24156,A,4.0,1
99749,201310,Fall 2013,2013-2014,Junior,14581,A-,3.667,1
99749,201320,Spring 2014,2013-2014,Junior,21912,A-,3.667,1
99749,201310,Fall 2013,2013-2014,Junior,101001001,AD,,0
99749,201310,Fall 2013,2013-2014,Junior,101002002,AD,,0
99749,201310,Fall 2013,2013-2014,Junior,101002003,AD,,0
99749,201310,Fall 2013,2013-2014,Junior,101003004,AD,,0
99749,201310,Fall 2013,2013-2014,Junior,101004005,AD,,0
99749,201310,Fall 2013,2013-2014,Junior,13682,B,3.0,1
99749,201310,Fall 2013,2013-2014,Junior,15388,B,3.0,1
99749,201320,Spring 2014,2013-2014,Junior,20931,B,3.0,1
99749,201410,Fall 2014,2014-2015,Senior,12327,B,3.0,1
99749,201420,Spring 2015,2014-2015,Senior,23162,B,3.0,1
99749,201310,Fall 2013,2013-2014,Junior,10614,B+,3.333,1
99749,201320,Spring 2014,2013-2014,Junior,20240,B+,3.333,1
99749,201320,Spring 2014,2013-2014,Junior,21873,B+,3.333,1
99749,201400,Summer 2014,2014-2015,Senior,2689,B+,3.333,1
99749,201410,Fall 2014,2014-2015,Senior,10542,B+,3.333,1
99749,201410,Fall 2014,2014-2015,Senior,11238,B+,3.333,1
99749,201420,Spring 2015,2014-2015,Senior,21317,B+,3.333,1
99749,201400,Summer 2014,2014-2015,Senior,3996,C,2.0,1
99749,201310,Fall 2013,2013-2014,Junior,11061,C+,2.333,1
99749,201410,Fall 2014,2014-2015,Senior,10008,C+,2.333,1
99749,201420,Spring 2015,2014-2015,Senior,21231,C+,2.333,1
99749,201420,Spring 2015,2014-2015,Senior,21444,C+,2.333,1
99749,201410,Fall 2014,2014-2015,Senior,11366,F,0.0,1
99749,201310,Fall 2013,2013-2014,Junior,12714,S,,0
99749,201310,Fall 2013,2013-2014,Junior,20312,S,,0
99749,201320,Spring 2014,2013-2014,Junior,23966,S,,0
99856,201110,Fall 2011,2011-2012,Freshman,12844,A,4.0,1
99856,201220,Spring 2013,2012-2013,Sophomore,22056,A,4.0,1
99856,201310,Fall 2013,2013-2014,Junior,14673,A,4.0,1
99856,201410,Fall 2014,2014-2015,Senior,13673,A,4.0,1
99856,201420,Spring 2015,2014-2015,Senior,26752,A,4.0,1
99856,201110,Fall 2011,2011-2012,Freshman,10117,A-,3.667,1
99856,201120,Spring 2012,2011-2012,Freshman,22351,A-,3.667,1
99856,201210,Fall 2012,2012-2013,Sophomore,12674,A-,3.667,1
99856,201210,Fall 2012,2012-2013,Sophomore,15924,A-,3.667,1
99856,201420,Spring 2015,2014-2015,Senior,23675,A-,3.667,1
99856,201420,Spring 2015,2014-2015,Senior,27293,A-,3.667,1
99856,201420,Spring 2015,2014-2015,Senior,29172,A-,3.667,1
99856,201110,Fall 2011,2011-2012,Freshman,101001001,AD,,0
99856,201110,Fall 2011,2011-2012,Freshman,101002002,AD,,0
99856,201110,Fall 2011,2011-2012,Freshman,101003003,AD,,0
99856,201110,Fall 2011,2011-2012,Freshman,101004004,AD,,0
99856,201110,Fall 2011,2011-2012,Freshman,101005005,AD,,0
99856,201110,Fall 2011,2011-2012,Freshman,101005006,AD,,0
99856,201110,Fall 2011,2011-2012,Freshman,101006007,AD,,0
99856,201110,Fall 2011,2011-2012,Freshman,101007008,AD,,0
99856,201110,Fall 2011,2011-2012,Freshman,101008009,AD,,0
99856,201110,Fall 2011,2011-2012,Freshman,101008010,AD,,0
99856,201110,Fall 2011,2011-2012,Freshman,101009011,AD,,0
99856,201110,Fall 2011,2011-2012,Freshman,101010012,AD,,0
99856,201110,Fall 2011,2011-2012,Freshman,101010013,AD,,0
99856,201110,Fall 2011,2011-2012,Freshman,10841,B,3.0,1
99856,201110,Fall 2011,2011-2012,Freshman,12472,B,3.0,1
99856,201110,Fall 2011,2011-2012,Freshman,16132,B,3.0,1
99856,201310,Fall 2013,2013-2014,Junior,14408,B,3.0,1
99856,201320,Spring 2014,2013-2014,Junior,23303,B,3.0,1
99856,201320,Spring 2014,2013-2014,Junior,25379,B,3.0,1
99856,201320,Spring 2014,2013-2014,Junior,28815,B,3.0,1
99856,201320,Spring 2014,2013-2014,Junior,28818,B,3.0,1
99856,201120,Spring 2012,2011-2012,Freshman,22160,B-,2.667,1
99856,201120,Spring 2012,2011-2012,Freshman,22543,B-,2.667,1
99856,201310,Fall 2013,2013-2014,Junior,16666,B-,2.667,1
99856,201410,Fall 2014,2014-2015,Senior,19753,B-,2.667,1
99856,201110,Fall 2011,2011-2012,Freshman,10868,B+,3.333,1
99856,201210,Fall 2012,2012-2013,Sophomore,14051,B+,3.333,1
99856,201210,Fall 2012,2012-2013,Sophomore,15670,B+,3.333,1
99856,201220,Spring 2013,2012-2013,Sophomore,20111,B+,3.333,1
99856,201220,Spring 2013,2012-2013,Sophomore,29309,B+,3.333,1
99856,201310,Fall 2013,2013-2014,Junior,11631,B+,3.333,1
99856,201310,Fall 2013,2013-2014,Junior,14740,B+,3.333,1
99856,201410,Fall 2014,2014-2015,Senior,14406,B+,3.333,1
99856,201410,Fall 2014,2014-2015,Senior,14410,B+,3.333,1
99856,201120,Spring 2012,2011-2012,Freshman,22348,C-,1.667,1
99856,201120,Spring 2012,2011-2012,Freshman,24771,C-,1.667,1
99856,201120,Spring 2012,2011-2012,Freshman,22689,C+,2.333,1
99856,201220,Spring 2013,2012-2013,Sophomore,28591,C+,2.333,1
99856,201320,Spring 2014,2013-2014,Junior,29085,C+,2.333,1
99856,201110,Fall 2011,2011-2012,Freshman,13156,S,,0
99856,201120,Spring 2012,2011-2012,Freshman,24630,S,,0
99856,201220,Spring 2013,2012-2013,Sophomore,21062,S,,0
