ego_id,alter_id,is_study_peer,first_saved_week,last_saved_week,total_weeks_saved
10060,51722,1,59,91,33
10060,78911,1,59,91,33
10060,85596,1,59,91,33
10060,ext_00300370,0,59,91,33
10060,ext_0036847c,0,59,91,33
10060,ext_03161569,0,59,91,33
10060,ext_0d300293,0,59,91,33
10060,ext_0db00645,0,68,91,24
10060,ext_0fb4a571,0,59,91,33
10060,ext_10126ef0,0,59,91,33
10060,ext_11d2f280,0,59,91,33
10060,ext_14a8b438,0,59,91,33
10060,ext_14d45bbb,0,59,91,33
10060,ext_1822a610,0,76,91,16
10060,ext_1a0f71ed,0,59,91,33
10060,ext_1d2094d4,0,87,91,5
10060,ext_1d9ceeee,0,59,91,33
10060,ext_20bdbe8f,0,59,91,33
10060,ext_21680f99,0,62,91,30
10060,ext_221e1384,0,82,91,10
10060,ext_23f3889f,0,59,91,33
10060,ext_2d1bb849,0,59,91,33
10060,ext_2ee0e49a,0,59,91,33
10060,ext_312b820e,0,59,91,33
10060,ext_348ec274,0,59,91,33
10060,ext_3b30148f,0,59,91,33
10060,ext_3df917f2,0,59,91,33
10060,ext_3ef2dd2c,0,59,91,33
10060,ext_411a0a5a,0,59,91,33
10060,ext_440c27ad,0,59,91,33
10060,ext_45c37b30,0,59,91,33
10060,ext_47553e9d,0,69,91,23
10060,ext_495e43bf,0,59,91,33
10060,ext_4cbeefd1,0,59,91,33
10060,ext_502662bb,0,59,91,33
10060,ext_51808950,0,59,91,33
10060,ext_525cf269,0,59,91,33
10060,ext_5527417d,0,59,91,33
10060,ext_5bfd2142,0,59,91,33
10060,ext_5fc1c213,0,59,91,33
10060,ext_603410ab,0,59,91,33
10060,ext_60734707,0,59,91,33
10060,ext_69014275,0,88,91,4
10060,ext_6b4195a7,0,59,91,33
10060,ext_6c4a01d7,0,59,91,33
10060,ext_6f5d79ac,0,59,91,33
10060,ext_7220bd0d,0,89,91,3
10060,ext_7545e05d,0,59,91,33
10060,ext_7acf0f9d,0,65,91,27
10060,ext_7ba21e27,0,59,91,33
10060,ext_7d2649ac,0,62,91,30
10060,ext_7d7de641,0,59,91,33
10060,ext_7eaa148e,0,87,91,5
10060,ext_7f04a1b9,0,59,91,33
10060,ext_7f256924,0,59,91,33
10060,ext_7f8d8b10,0,59,91,33
10060,ext_807cc305,0,59,91,33
10060,ext_85259a53,0,59,91,33
10060,ext_87d7bae8,0,59,91,33
10060,ext_8b128b57,0,87,91,5
10060,ext_8b7ac4a0,0,59,91,33
10060,ext_8be37f3b,0,87,91,5
10060,ext_93b0939b,0,64,91,28
10060,ext_94a2d4e5,0,59,91,33
10060,ext_958baac7,0,59,91,33
10060,ext_971a7ca5,0,59,91,33
10060,ext_97a715b6,0,59,91,33
10060,ext_97ea6bbf,0,59,91,33
10060,ext_9841eb70,0,59,91,33
10060,ext_9d2c66c6,0,59,91,33
10060,ext_a0b57751,0,59,91,33
10060,ext_a197909a,0,59,91,33
10060,ext_a2e09c49,0,59,91,33
10060,ext_a3962972,0,85,91,7
10060,ext_a60c15a9,0,59,91,33
10060,ext_aea91b37,0,59,91,33
10060,ext_b375ad34,0,59,91,33
10060,ext_ba7f786f,0,59,91,33
10060,ext_bf10d9b4,0,59,91,33
10060,ext_bf7c7986,0,59,91,33
10060,ext_c014d723,0,59,91,33
10060,ext_c097c573,0,59,91,33
10060,ext_c14ed4cb,0,59,91,33
10060,ext_c34014d4,0,64,91,28
10060,ext_ca6777ef,0,59,91,33
10060,ext_ca798c5b,0,61,91,31
10060,ext_cac413b2,0,64,91,28
10060,ext_dda82fcc,0,59,91,33
10060,ext_e6100086,0,59,91,33
10060,ext_e83afa4f,0,59,91,33
10060,ext_e8837436,0,59,91,33
10060,ext_eb807df3,0,59,91,33
10060,ext_eb810d60,0,59,91,33
10060,ext_eb8982aa,0,59,91,33
10060,ext_ebec754f,0,59,91,33
10060,ext_ed8e4d32,0,59,91,33
10060,ext_ed9a2d83,0,89,91,3
10060,ext_f20a76d1,0,59,91,33
10060,ext_f2423df1,0,59,91,33
10060,ext_fac7b461,0,59,91,33
10060,ext_fb1fd99e,0,59,91,33
10060,ext_fcb0cd25,0,59,91,33
10281,10281,1,115,119,3
10281,18394,1,59,125,57
10281,ext_00b5f671,0,115,125,11
10281,ext_023594cd,0,75,102,23
10281,ext_03a75ca8,0,59,60,2
10281,ext_04f13864,0,59,125,55
10281,ext_05f96001,0,59,122,52
10281,ext_064f647b,0,59,125,55
10281,ext_06868afb,0,115,125,11
10281,ext_08ca04a2,0,109,125,16
10281,ext_0910820f,0,115,125,11
10281,ext_0b242bc9,0,73,125,43
10281,ext_0b6a452d,0,59,125,55
10281,ext_0c1cabd7,0,78,125,38
10281,ext_0db9c292,0,72,125,44
10281,ext_1226aa0b,0,59,125,55
10281,ext_182ec322,0,99,125,22
10281,ext_1c5c993a,0,59,125,55
10281,ext_1d65364a,0,121,125,5
10281,ext_1e927bc3,0,59,125,55
10281,ext_1ed9bfde,0,59,125,55
10281,ext_1fa7a7f0,0,59,125,55
10281,ext_2731f91c,0,59,125,55
10281,ext_280f0392,0,59,125,55
10281,ext_2f4bc061,0,59,125,55
10281,ext_308a28aa,0,115,125,11
10281,ext_320f1cc6,0,59,125,55
10281,ext_3210ea67,0,59,125,55
10281,ext_325973f7,0,109,125,16
10281,ext_3426d4c4,0,110,125,15
10281,ext_36120c78,0,59,125,40
10281,ext_36de82e2,0,59,125,55
10281,ext_39441c84,0,59,125,55
10281,ext_3b3a15a3,0,108,112,5
10281,ext_3c73283e,0,79,125,37
10281,ext_3ddc0e40,0,70,125,46
10281,ext_40e3fb44,0,59,102,37
10281,ext_4235a301,0,123,125,3
10281,ext_45c37b30,0,59,125,55
10281,ext_45dbb070,0,116,125,10
10281,ext_46d4c260,0,59,78,18
10281,ext_48b3c437,0,63,125,53
10281,ext_4cfad3a5,0,59,125,55
10281,ext_4dfd98e9,0,79,125,37
10281,ext_4eb3d1a5,0,109,111,3
10281,ext_50dcc860,0,59,125,55
10281,ext_53e3426f,0,115,125,11
10281,ext_53f7fbce,0,59,125,55
10281,ext_54221fdc,0,109,125,16
10281,ext_58aa6ef3,0,93,125,28
10281,ext_594d97de,0,59,125,55
10281,ext_595197ac,0,109,125,16
10281,ext_5af6497b,0,59,125,55
10281,ext_5f993116,0,59,102,37
10281,ext_6057183d,0,59,125,55
10281,ext_648a2593,0,59,125,55
10281,ext_66b1c9df,0,108,125,17
10281,ext_69ba88f7,0,73,125,43
10281,ext_6c4a01d7,0,110,125,15
10281,ext_76a4c8d6,0,99,125,22
10281,ext_77e969fe,0,59,122,52
10281,ext_7e2ce280,0,59,125,55
10281,ext_8282b7d4,0,108,122,14
10281,ext_82b1835d,0,59,125,55
10281,ext_8392dbe9,0,85,125,33
10281,ext_8423ded1,0,59,125,55
10281,ext_86fab797,0,59,125,55
10281,ext_8833c731,0,59,125,55
10281,ext_8e1cb7c1,0,59,125,55
10281,ext_8e3ab45e,0,112,125,13
10281,ext_9182c1b1,0,115,125,11
10281,ext_91a9f564,0,69,125,47
10281,ext_9264ef43,0,59,102,37
10281,ext_9446e0c0,0,115,125,11
10281,ext_96cab03d,0,59,84,22
10281,ext_96d181d4,0,59,125,55
10281,ext_979a1a18,0,112,125,13
10281,ext_9a9be816,0,59,125,55
10281,ext_9ac04bf2,0,59,125,55
10281,ext_9bd11992,0,109,125,16
10281,ext_a03b6a25,0,59,125,55
10281,ext_a2eb950c,0,59,125,55
10281,ext_a3ad116e,0,59,125,55
10281,ext_a772abf8,0,60,125,54
10281,ext_a801fa40,0,59,125,55
10281,ext_abd6af54,0,115,125,11
10281,ext_adcc6827,0,59,125,55
10281,ext_b4d7ca4e,0,59,125,55
10281,ext_b568e91c,0,59,125,55
10281,ext_b7dd1855,0,59,125,55
10281,ext_b8f39dfb,0,59,125,55
10281,ext_c00c2d38,0,59,125,55
10281,ext_c919e40d,0,59,125,55
10281,ext_c9cbd6b2,0,59,125,55
10281,ext_cc64b50d,0,109,125,16
10281,ext_cead503f,0,123,125,3
10281,ext_d1ac95f2,0,59,125,55
10281,ext_d4d56b0b,0,99,125,22
10281,ext_da46af22,0,110,125,15
10281,ext_df5fc3d6,0,102,125,19
10281,ext_e107c58d,0,59,125,55
10281,ext_e4af9cf1,0,59,125,55
10281,ext_e96c0d36,0,122,125,4
10281,ext_eb5a0c96,0,80,125,36
10281,ext_ee7b5629,0,59,125,55
10281,ext_ef615af2,0,59,125,55
10281,ext_ef7c92d4,0,60,125,54
10281,ext_f1157a96,0,59,125,55
10281,ext_f5fcfcf5,0,115,122,8
10281,ext_f8f5ee94,0,59,125,55
10281,ext_fbca1133,0,115,125,11
10281,ext_fd5fe6b3,0,59,125,55
10281,ext_fe309f24,0,59,125,55
10353,10353,1,59,77,10
10353,18420,1,59,77,10
10353,ext_00dd934a,0,59,77,10
10353,ext_01304a14,0,59,77,10
10353,ext_0244f3b9,0,59,77,10
10353,ext_038c2e85,0,59,77,10
10353,ext_0530ea7f,0,64,77,7
10353,ext_0634c140,0,59,77,10
10353,ext_06868afb,0,59,77,10
10353,ext_071777dc,0,59,77,12
10353,ext_08d7122c,0,59,77,12
10353,ext_0bef5292,0,59,77,10
10353,ext_10712d15,0,59,77,10
10353,ext_11635388,0,59,77,10
10353,ext_11c19f17,0,59,77,12
10353,ext_1243bc57,0,59,77,12
10353,ext_1247a901,0,59,77,10
10353,ext_13265e9c,0,59,77,12
10353,ext_1420363c,0,59,77,10
10353,ext_1489e260,0,59,77,10
10353,ext_14db01cf,0,75,77,2
10353,ext_15136077,0,59,77,11
10353,ext_1a790ca3,0,59,77,10
10353,ext_1c773b23,0,59,77,10
10353,ext_20cffa48,0,59,77,10
10353,ext_2237ed21,0,59,77,10
10353,ext_256882bd,0,59,77,10
10353,ext_26860eb3,0,59,77,10
10353,ext_27749948,0,59,77,10
10353,ext_27d8ca0e,0,59,77,10
10353,ext_288bb1cd,0,59,77,10
10353,ext_29b7a57b,0,59,77,10
10353,ext_2cd316b4,0,59,77,12
10353,ext_2d443280,0,59,77,10
10353,ext_2fc92766,0,59,77,10
10353,ext_31400401,0,59,77,10
10353,ext_3468ed4c,0,59,77,10
10353,ext_358d2a16,0,59,77,10
10353,ext_364d3046,0,59,77,12
10353,ext_372482dc,0,59,77,12
10353,ext_38deb464,0,59,77,10
10353,ext_3c77ec6b,0,59,77,11
10353,ext_3d7e97f2,0,59,77,12
10353,ext_40210fcf,0,59,77,11
10353,ext_42244a84,0,75,77,2
10353,ext_4a50e2a5,0,59,77,10
10353,ext_4c176d7e,0,59,77,10
10353,ext_4f2c94bc,0,59,77,10
10353,ext_5761f4e4,0,59,77,10
10353,ext_59ac1655,0,59,77,12
10353,ext_5be1b811,0,59,77,10
10353,ext_5cafb89a,0,59,77,10
10353,ext_5e56e6ae,0,59,77,10
10353,ext_5ecb25fb,0,59,77,12
10353,ext_5f2657d9,0,59,77,10
10353,ext_5f768828,0,59,77,10
10353,ext_6087b25a,0,59,77,10
10353,ext_63d2d383,0,59,77,10
10353,ext_6560ee8c,0,59,77,10
10353,ext_6686dd9a,0,59,77,12
10353,ext_66e65bce,0,59,77,10
10353,ext_66f7b31b,0,59,77,11
10353,ext_687e21b1,0,59,77,10
10353,ext_6911f91f,0,59,62,2
10353,ext_69f40357,0,59,77,10
10353,ext_6caa1d64,0,59,77,10
10353,ext_6e3f1292,0,59,77,10
10353,ext_724db810,0,59,77,10
10353,ext_7769b9e4,0,59,77,10
10353,ext_7b573958,0,59,77,10
10353,ext_7be16822,0,59,77,10
10353,ext_7c0e354a,0,59,77,10
10353,ext_7d8d11e9,0,59,77,10
10353,ext_7f83a79e,0,59,77,10
10353,ext_8059d4e9,0,59,77,10
10353,ext_8725c702,0,59,77,12
10353,ext_8746e737,0,63,77,8
10353,ext_884fd45c,0,59,77,10
10353,ext_8a6750e0,0,59,77,11
10353,ext_8abd9b15,0,75,77,2
10353,ext_8af36c0d,0,62,77,9
10353,ext_8bb2ee0c,0,75,77,2
10353,ext_8d1b27c4,0,59,77,10
10353,ext_8d50f183,0,59,77,10
10353,ext_913ac954,0,59,77,10
10353,ext_91652de5,0,59,77,10
10353,ext_9169ba8c,0,59,77,10
10353,ext_93ebc4e1,0,59,77,11
10353,ext_95bd550e,0,59,77,10
10353,ext_96409e7d,0,59,77,10
10353,ext_98033ea7,0,59,77,11
10353,ext_98bd79ea,0,59,77,10
10353,ext_99322a32,0,59,77,10
10353,ext_9c678a24,0,59,77,10
10353,ext_9ed12d01,0,59,77,10
10353,ext_9fe9c726,0,59,77,10
10353,ext_a112fe8d,0,59,77,10
10353,ext_a3c943f4,0,59,77,10
10353,ext_a3d75ded,0,59,77,10
10353,ext_a544249f,0,59,77,10
10353,ext_a6ae4022,0,59,77,10
10353,ext_a6e5e4c1,0,59,77,12
10353,ext_a91fdd9e,0,59,77,10
10353,ext_a9e20c99,0,59,77,10
10353,ext_aa87c4f7,0,59,77,10
10353,ext_ad7132d2,0,75,77,2
10353,ext_ad8db0d2,0,59,77,10
10353,ext_ae83ada2,0,59,77,10
10353,ext_b1632ffa,0,59,77,10
10353,ext_b67785ff,0,59,77,10
10353,ext_b77700d5,0,59,77,10
10353,ext_b7a21b61,0,75,77,2
10353,ext_b8a133f2,0,59,77,10
10353,ext_b986fef9,0,59,77,10
10353,ext_bb89c2e9,0,59,77,10
10353,ext_bcb51c48,0,59,77,10
10353,ext_bdd40663,0,59,77,10
10353,ext_bdf98afe,0,59,77,5
10353,ext_be04c7ba,0,59,77,10
10353,ext_bf0d804b,0,62,77,9
10353,ext_c14e8cab,0,59,77,10
10353,ext_c27f2131,0,59,77,10
10353,ext_c310ffe5,0,62,66,5
10353,ext_c565423c,0,59,77,10
10353,ext_c5992ef4,0,59,77,10
10353,ext_c5ba9db1,0,59,77,10
10353,ext_c781e20e,0,59,77,10
10353,ext_c84aa60c,0,59,77,10
10353,ext_ca999005,0,62,77,9
10353,ext_cb894569,0,62,77,9
10353,ext_cf918ae2,0,59,77,10
10353,ext_cfdec3c2,0,75,77,2
10353,ext_d0097896,0,59,77,10
10353,ext_d2dafe54,0,59,77,12
10353,ext_d334b289,0,59,77,10
10353,ext_d349f33d,0,62,77,9
10353,ext_d4684140,0,59,77,10
10353,ext_d4b2ca33,0,59,77,10
10353,ext_d532c5cf,0,59,77,10
10353,ext_d5d16219,0,59,77,10
10353,ext_d95f5e57,0,59,77,11
10353,ext_d9a2b72c,0,59,77,10
10353,ext_db3f6600,0,59,77,10
10353,ext_de55ce9d,0,59,77,10
10353,ext_df414f91,0,59,77,10
10353,ext_e10ae364,0,59,77,10
10353,ext_e1d9e52e,0,59,77,10
10353,ext_e8aaeb66,0,59,77,12
10353,ext_e991b9a4,0,59,77,10
10353,ext_e9db7281,0,59,77,10
10353,ext_e9fb4424,0,59,77,11
10353,ext_ebd57655,0,59,77,10
10353,ext_ec3cd641,0,59,77,10
10353,ext_ee8dd168,0,59,77,10
10353,ext_f1096e24,0,59,77,10
10353,ext_f48739d2,0,59,77,10
10353,ext_f7363ebe,0,59,77,10
10353,ext_fa9807d1,0,59,77,10
10353,ext_fcdd2b56,0,59,77,10
10353,ext_fdade877,0,59,77,10
10353,ext_ff31e9db,0,59,77,10
10353,ext_ff9c61a9,0,75,77,2
10841,20905,1,60,133,60
10841,22931,1,60,108,40
10841,30076,1,110,133,19
10841,35227,1,60,133,60
10841,39783,1,60,133,60
10841,40997,1,60,133,60
10841,49597,1,60,133,60
10841,53275,1,60,133,60
10841,58909,1,60,133,60
10841,63757,1,60,133,60
10841,68494,1,60,133,60
10841,68633,1,60,133,60
10841,86352,1,60,133,60
10841,88133,1,60,133,60
10841,ext_002d95bf,0,60,133,60
10841,ext_00872183,0,102,120,17
10841,ext_01075b55,0,66,95,23
10841,ext_013ffa75,0,115,133,14
10841,ext_02a2bdbd,0,108,133,21
10841,ext_038ee5ee,0,60,133,60
10841,ext_03e1dee6,0,116,133,13
10841,ext_044a2719,0,60,133,60
10841,ext_0471b2a7,0,62,133,59
10841,ext_05c02b90,0,86,133,43
10841,ext_05fa7c21,0,109,133,20
10841,ext_070fd145,0,60,133,60
10841,ext_0932e025,0,60,133,60
10841,ext_098fe629,0,99,133,30
10841,ext_0ba558f1,0,103,133,16
10841,ext_0bd6afc2,0,60,133,60
10841,ext_0bfc7095,0,99,133,30
10841,ext_0c006251,0,63,133,58
10841,ext_0d489bd5,0,60,105,37
10841,ext_0d612247,0,106,115,10
10841,ext_10712d15,0,60,133,60
10841,ext_1276947e,0,99,133,30
10841,ext_129c7a47,0,92,133,37
10841,ext_13e7af96,0,60,133,60
10841,ext_14284391,0,108,133,21
10841,ext_16f56c29,0,96,133,33
10841,ext_17ec2914,0,100,133,29
10841,ext_1a67fb03,0,106,115,10
10841,ext_1abf3f2d,0,66,133,56
10841,ext_1d2094d4,0,79,133,48
10841,ext_217501db,0,60,133,60
10841,ext_2467d742,0,60,133,60
10841,ext_255cf5ef,0,108,133,21
10841,ext_259f605f,0,115,133,14
10841,ext_25bb5ac0,0,60,133,60
10841,ext_25be3720,0,60,133,60
10841,ext_266ebce7,0,100,133,29
10841,ext_2689ec78,0,60,133,60
10841,ext_26d405dd,0,108,114,7
10841,ext_26f65e2b,0,60,133,60
10841,ext_26fb4085,0,60,133,60
10841,ext_29f4b8f5,0,60,133,60
10841,ext_2b2d4433,0,115,133,14
10841,ext_2ba57547,0,103,133,16
10841,ext_2cf1982f,0,60,133,60
10841,ext_2e76420d,0,60,133,60
10841,ext_2f3a2583,0,99,102,4
10841,ext_2ff16b0c,0,60,133,60
10841,ext_3004ec26,0,60,133,60
10841,ext_314bdab4,0,60,133,60
10841,ext_3243cd6d,0,115,133,14
10841,ext_347c3f3e,0,60,133,60
10841,ext_34e5e533,0,60,133,60
10841,ext_3591e4a6,0,60,133,60
10841,ext_35ddb7b2,0,108,133,21
10841,ext_35ef6bda,0,60,133,60
10841,ext_36b9bce9,0,60,133,60
10841,ext_36e2fcbe,0,92,133,30
10841,ext_38c21fec,0,60,133,60
10841,ext_38d7910d,0,110,114,5
10841,ext_39ff5d65,0,60,133,60
10841,ext_3b639231,0,60,133,60
10841,ext_3ef059e2,0,60,105,37
10841,ext_3ff53bb6,0,60,133,60
10841,ext_401c4894,0,94,133,35
10841,ext_406d2f3b,0,66,133,56
10841,ext_4467b4c7,0,108,133,21
10841,ext_450b1a77,0,103,133,26
10841,ext_45726ed7,0,60,133,60
10841,ext_45fc0348,0,60,127,57
10841,ext_48bbdcb7,0,60,133,60
10841,ext_4939baed,0,60,133,60
10841,ext_49b39286,0,60,133,60
10841,ext_4a50e2a5,0,60,133,60
10841,ext_4aa59885,0,103,133,26
10841,ext_4af784f2,0,60,133,60
10841,ext_4db9895d,0,73,133,54
10841,ext_4de9f98c,0,60,133,60
10841,ext_4e256a4a,0,97,133,32
10841,ext_4e3fadda,0,60,133,60
10841,ext_4f2c19dd,0,133,133,1
10841,ext_50c869bd,0,120,133,11
10841,ext_50d89633,0,115,133,14
10841,ext_53044c3a,0,60,133,60
10841,ext_53b90035,0,103,133,16
10841,ext_573192bb,0,73,133,54
10841,ext_5885757d,0,96,133,33
10841,ext_5a6fc505,0,60,133,60
10841,ext_5c6ea515,0,106,115,10
10841,ext_5dc8b8ff,0,60,133,60
10841,ext_5df05602,0,88,133,41
10841,ext_5ea408df,0,60,133,60
10841,ext_60e2e598,0,99,102,4
10841,ext_61054d7b,0,103,133,16
10841,ext_6191f752,0,60,133,60
10841,ext_63032317,0,66,102,30
10841,ext_6322496d,0,60,133,60
10841,ext_6481ff9d,0,129,133,3
10841,ext_695c7967,0,60,133,60
10841,ext_6aa8dc01,0,85,133,44
10841,ext_6c1f7e04,0,106,115,10
10841,ext_6c596512,0,115,133,14
10841,ext_6f4f9a62,0,60,133,60
10841,ext_7042c32f,0,60,133,60
10841,ext_7052a0e3,0,60,133,60
10841,ext_720f48ec,0,60,133,60
10841,ext_73b065f1,0,60,133,60
10841,ext_73f526ee,0,60,133,60
10841,ext_75d35e56,0,60,133,60
10841,ext_7852f22c,0,60,133,60
10841,ext_786cb4d1,0,103,115,13
10841,ext_793bbdf0,0,112,133,17
10841,ext_79d5368e,0,60,133,60
10841,ext_7a1c9668,0,103,133,16
10841,ext_7c7d8e12,0,60,133,60
10841,ext_7d3d1818,0,60,133,60
10841,ext_7e124717,0,60,133,60
10841,ext_7ef5c4b1,0,60,133,60
10841,ext_811e1a42,0,98,133,24
10841,ext_81472ae0,0,60,133,60
10841,ext_82165b34,0,99,133,30
10841,ext_8433e241,0,60,133,60
10841,ext_85b8ae36,0,103,133,16
10841,ext_8644af3a,0,93,133,33
10841,ext_873de068,0,60,133,60
10841,ext_87e559bb,0,60,133,60
10841,ext_89254682,0,60,133,60
10841,ext_8984c59c,0,60,133,60
10841,ext_8ae75995,0,60,133,60
10841,ext_8be35aa5,0,121,133,10
10841,ext_8c6a7d26,0,60,133,60
10841,ext_8c75a189,0,60,133,60
10841,ext_8d7b2a5e,0,60,133,60
10841,ext_8eb538ac,0,77,133,50
10841,ext_90b12fdb,0,96,99,4
10841,ext_91c9b53b,0,106,115,10
10841,ext_91e57d60,0,60,133,60
10841,ext_92aa30fd,0,91,133,38
10841,ext_96961cf6,0,60,133,60
10841,ext_9834dc38,0,103,105,3
10841,ext_9903830e,0,121,133,10
10841,ext_9b301971,0,60,133,60
10841,ext_9b9feac4,0,105,133,24
10841,ext_9bf28089,0,60,133,60
10841,ext_9bf5b106,0,60,133,60
10841,ext_a21d2c18,0,66,133,56
10841,ext_a222031c,0,60,133,60
10841,ext_a2c413a7,0,109,133,20
10841,ext_a425e664,0,60,133,60
10841,ext_a4ff312a,0,60,111,43
10841,ext_a5427c36,0,120,133,11
10841,ext_a5aa58dd,0,60,133,60
10841,ext_a6434ce5,0,60,133,60
10841,ext_a6e8fe1e,0,110,133,19
10841,ext_a6fafaa8,0,103,133,26
10841,ext_a7685b78,0,60,133,60
10841,ext_a83b6c1b,0,60,133,60
10841,ext_a8a45190,0,92,133,37
10841,ext_a93df387,0,73,133,54
10841,ext_aad966ac,0,60,133,60
10841,ext_ab6c1d97,0,60,133,60
10841,ext_ab87b4ac,0,108,133,21
10841,ext_acec2b22,0,95,133,34
10841,ext_ae22ab13,0,60,133,60
10841,ext_af31fb9c,0,60,133,60
10841,ext_b0f2a77b,0,68,105,32
10841,ext_b2492617,0,60,133,60
10841,ext_b389c1a2,0,106,133,23
10841,ext_b413c3bf,0,60,133,60
10841,ext_b5de5243,0,116,133,13
10841,ext_b6d53f8c,0,73,133,54
10841,ext_b7953daa,0,60,133,60
10841,ext_b83bf3f1,0,129,133,3
10841,ext_ba508bbe,0,60,133,60
10841,ext_baa63a87,0,116,133,13
10841,ext_bc602de6,0,60,133,60
10841,ext_bd923e1d,0,110,133,19
10841,ext_bea557f2,0,108,133,21
10841,ext_bf170820,0,92,133,37
10841,ext_bf248ef1,0,110,133,19
10841,ext_c01f1495,0,106,115,10
10841,ext_c0830c89,0,86,133,43
10841,ext_c1861c89,0,60,105,37
10841,ext_c2e53917,0,60,133,60
10841,ext_c6c6d8e1,0,64,133,57
10841,ext_c6ee988b,0,93,133,36
10841,ext_c7e68750,0,94,133,35
10841,ext_c80a7b99,0,60,133,60
10841,ext_c860c136,0,81,133,47
10841,ext_ca905683,0,60,133,60
10841,ext_cb98b95c,0,60,133,60
10841,ext_cbcdc561,0,86,133,43
10841,ext_cc8d045a,0,60,133,60
10841,ext_ccfb88d9,0,92,133,37
10841,ext_cf1ae468,0,66,133,45
10841,ext_d64e1b14,0,60,133,60
10841,ext_d668569a,0,93,102,10
10841,ext_d80eb1a9,0,60,133,60
10841,ext_d9a97f48,0,62,133,59
10841,ext_db5d506d,0,60,76,10
10841,ext_db627d49,0,77,133,50
10841,ext_dc072301,0,102,133,27
10841,ext_dce643d3,0,60,133,60
10841,ext_dd68136d,0,60,133,60
10841,ext_de55ce9d,0,92,133,30
10841,ext_de95af74,0,60,133,60
10841,ext_e0cc1535,0,60,133,60
10841,ext_e12cbf1c,0,60,133,60
10841,ext_e2d2c966,0,60,133,60
10841,ext_e2dd6491,0,123,133,8
10841,ext_e40fae95,0,60,133,60
10841,ext_e44d93fd,0,60,95,27
10841,ext_e7fdcca8,0,103,133,26
10841,ext_e8105918,0,103,133,16
10841,ext_e84205e9,0,60,133,60
10841,ext_eb90b4d0,0,98,102,5
10841,ext_ebe47cee,0,106,115,10
10841,ext_ec3fcf49,0,60,133,60
10841,ext_ee1a53a0,0,92,133,37
10841,ext_efc5607c,0,60,133,60
10841,ext_efd70099,0,106,133,23
10841,ext_efde9426,0,60,133,60
10841,ext_f16ed1c2,0,60,133,60
10841,ext_f278748c,0,93,133,36
10841,ext_f2d69d8f,0,60,133,60
10841,ext_f5011f1c,0,60,133,60
10841,ext_f5d6c99c,0,60,133,60
10841,ext_f679337f,0,112,133,17
10841,ext_f692853e,0,66,133,56
10841,ext_f9364115,0,60,133,60
10841,ext_f9442ff7,0,62,133,59
10841,ext_fa6288be,0,60,133,60
10841,ext_faa2751c,0,97,133,32
10841,ext_fbfff974,0,106,133,23
10841,ext_fe987219,0,108,133,21
11023,ext_0318c89b,0,61,90,21
11023,ext_11c2e96b,0,61,90,21
11023,ext_136825d4,0,78,90,11
11023,ext_1980c1f4,0,61,90,21
11023,ext_26b46960,0,74,90,14
11023,ext_29e802c9,0,61,90,21
11023,ext_37f73e97,0,61,90,21
11023,ext_38b89eaf,0,61,90,21
11023,ext_391e2060,0,61,90,21
11023,ext_45dbb070,0,61,90,21
11023,ext_4a63f1c9,0,61,90,21
11023,ext_5ebf855c,0,61,90,21
11023,ext_69c65cfb,0,74,90,14
11023,ext_6c8bf9dc,0,61,90,21
11023,ext_8613e4e0,0,67,90,17
11023,ext_90a690fc,0,61,90,21
11023,ext_98e68775,0,61,90,21
11023,ext_a8a45190,0,61,90,21
11023,ext_a91d8671,0,61,90,21
11023,ext_ac87c7eb,0,61,90,21
11023,ext_b5d24900,0,61,90,21
11023,ext_bc122754,0,61,90,21
11023,ext_be040953,0,61,90,21
11023,ext_be9d7fc3,0,61,90,21
11023,ext_bed53a81,0,69,90,16
11023,ext_c1fd91ec,0,74,90,14
11023,ext_ca905683,0,61,90,21
11023,ext_d583d0cd,0,61,90,21
11023,ext_d6906f53,0,84,90,7
11023,ext_e08539ff,0,67,90,17
11023,ext_e88b07cc,0,66,90,18
11023,ext_f0a75c14,0,62,90,20
11023,ext_f15f258c,0,62,90,20
11023,ext_f539cb78,0,61,90,21
11023,ext_f679337f,0,61,90,21
11360,10841,1,59,159,31
11360,14962,1,59,76,18
11360,30952,1,59,76,18
11360,35227,1,66,76,11
11360,40997,1,59,159,31
11360,44520,1,59,76,18
11360,53275,1,59,159,31
11360,63757,1,59,159,31
11360,68494,1,59,76,18
11360,ext_00895bca,0,59,76,18
11360,ext_03cdf55b,0,59,76,18
11360,ext_05222e8d,0,59,76,18
11360,ext_05bd0989,0,135,159,13
11360,ext_0a4fe8c5,0,59,76,18
11360,ext_0d489bd5,0,59,159,31
11360,ext_13028a56,0,59,76,18
11360,ext_1adc7675,0,59,76,18
11360,ext_1befa4dc,0,59,76,18
11360,ext_1dd67efa,0,59,76,18
11360,ext_1e275f04,0,59,76,18
11360,ext_217501db,0,68,76,9
11360,ext_2689ec78,0,59,76,18
11360,ext_26f65e2b,0,59,159,31
11360,ext_27d289e1,0,59,76,18
11360,ext_2948f579,0,59,76,18
11360,ext_29b71067,0,63,76,14
11360,ext_29f4b8f5,0,59,76,18
11360,ext_2b58b5dc,0,59,76,18
11360,ext_2d4f437b,0,62,67,6
11360,ext_2e76420d,0,59,159,31
11360,ext_337216bf,0,59,76,18
11360,ext_38fec5e0,0,59,159,31
11360,ext_3b639231,0,59,76,18
11360,ext_3c9aaf92,0,59,76,18
11360,ext_45726ed7,0,59,159,31
11360,ext_45c37b30,0,59,76,18
11360,ext_480c75d6,0,59,76,18
11360,ext_510c519f,0,68,159,22
11360,ext_511ad653,0,59,76,18
11360,ext_542c319a,0,59,76,18
11360,ext_567a2964,0,135,159,13
11360,ext_573192bb,0,59,76,18
11360,ext_577fc1c6,0,59,76,18
11360,ext_5830bd3f,0,59,159,31
11360,ext_5b19fd44,0,59,76,18
11360,ext_62a765d5,0,59,76,18
11360,ext_636c6ccc,0,59,76,18
11360,ext_63cbf46f,0,59,76,18
11360,ext_6bc0b4e3,0,59,76,18
11360,ext_6e68d4c3,0,59,76,18
11360,ext_6f04245d,0,59,76,18
11360,ext_734d28ab,0,59,76,18
11360,ext_7e6f52fd,0,144,159,12
11360,ext_7f5b4c44,0,59,159,31
11360,ext_8589af3e,0,59,76,18
11360,ext_87019bc2,0,59,76,18
11360,ext_87e559bb,0,64,159,26
11360,ext_896fd4c0,0,74,159,16
11360,ext_89f6c62e,0,59,76,18
11360,ext_8c102d24,0,59,76,18
11360,ext_8c4ccf95,0,59,76,18
11360,ext_8c816988,0,59,76,18
11360,ext_93077103,0,59,76,18
11360,ext_938aebec,0,59,76,18
11360,ext_9b301971,0,59,76,18
11360,ext_9b6076fa,0,59,76,18
11360,ext_9d6d3c0c,0,59,76,18
11360,ext_9e92564b,0,59,76,18
11360,ext_9fd9bae1,0,59,76,18
11360,ext_9fe0e394,0,59,76,18
11360,ext_a19f0b33,0,59,76,18
11360,ext_a1eaa879,0,59,76,18
11360,ext_a222031c,0,59,76,18
11360,ext_a2fcee04,0,59,76,18
11360,ext_a83b6c1b,0,59,159,31
11360,ext_aab4f737,0,65,159,25
11360,ext_aaca7596,0,59,76,18
11360,ext_ac006b3d,0,62,159,28
11360,ext_af869b84,0,59,76,18
11360,ext_b1ea3166,0,59,159,31
11360,ext_b36ff7f3,0,59,159,31
11360,ext_b5452d62,0,59,159,31
11360,ext_b7f69891,0,135,159,13
11360,ext_bb898bb5,0,59,76,18
11360,ext_bc602de6,0,59,76,18
11360,ext_c10769ae,0,59,159,31
11360,ext_c2d3e55b,0,59,76,18
11360,ext_c489eb27,0,59,76,18
11360,ext_c4c764ce,0,59,76,18
11360,ext_c62442fc,0,59,76,18
11360,ext_c704a477,0,59,76,18
11360,ext_cb3a9781,0,59,76,18
11360,ext_cb639f1d,0,59,76,18
11360,ext_d03319ec,0,59,76,18
11360,ext_d226190d,0,59,76,18
11360,ext_d38ea096,0,59,76,18
11360,ext_d72ffb87,0,59,76,18
11360,ext_d840edf1,0,59,76,18
11360,ext_d94a679f,0,59,76,18
11360,ext_d9e22f63,0,59,76,18
11360,ext_ddcae882,0,59,76,18
11360,ext_ddd04ca0,0,59,76,18
11360,ext_e2d2c966,0,59,76,18
11360,ext_e4b76f47,0,59,76,18
11360,ext_e4c9e8bf,0,59,159,31
11360,ext_e9f5399c,0,59,76,18
11360,ext_eb2fc2bd,0,68,76,9
11360,ext_ebd02cb0,0,59,76,18
11360,ext_ec1b2bf1,0,59,76,18
11360,ext_ee8ceee5,0,135,159,13
11360,ext_ef657a5a,0,59,76,18
11360,ext_f2c65545,0,59,159,31
11360,ext_f5011f1c,0,59,159,31
11360,ext_fb34ff55,0,59,159,31
11360,ext_fe8f118d,0,59,76,18
11692,11692,1,59,114,49
11692,22745,1,59,114,49
11692,36951,1,102,114,11
11692,48990,1,59,85,26
11692,60482,1,74,114,35
11692,63063,1,59,114,49
11692,71782,1,59,114,49
11692,82060,1,59,114,49
11692,95426,1,59,114,49
11692,ext_01ec8881,0,95,114,18
11692,ext_0233e2b7,0,59,114,49
11692,ext_04c4652f,0,59,114,49
11692,ext_0753eb19,0,59,114,50
11692,ext_091c2ab0,0,59,114,49
11692,ext_0a893fad,0,102,114,11
11692,ext_0bb40276,0,59,114,49
11692,ext_0c2ca6e7,0,59,114,49
11692,ext_0dd5f4fe,0,63,114,45
11692,ext_0e552c9b,0,59,114,49
11692,ext_0eabff64,0,108,114,7
11692,ext_10f7cc33,0,59,105,42
11692,ext_13b220ff,0,59,114,50
11692,ext_1bd4c084,0,59,114,49
11692,ext_1c6e4988,0,59,114,49
11692,ext_1c8900c1,0,59,114,49
11692,ext_1c9978ad,0,59,114,49
11692,ext_1dff1baf,0,59,114,49
11692,ext_1ffb4399,0,59,114,49
11692,ext_2137a44d,0,102,114,11
11692,ext_21c19496,0,89,114,22
11692,ext_21c353fe,0,59,114,49
11692,ext_21dbfb3c,0,59,114,49
11692,ext_22f66fc5,0,77,114,32
11692,ext_23b8bf7e,0,59,114,49
11692,ext_244b26ff,0,83,85,3
11692,ext_256d4e44,0,59,114,49
11692,ext_25a28b64,0,62,114,46
11692,ext_291f2606,0,59,114,49
11692,ext_29fa7215,0,59,114,49
11692,ext_2b455ffe,0,59,114,49
11692,ext_2b9b4d1d,0,59,114,49
11692,ext_2f61e07c,0,59,114,49
11692,ext_316f46b9,0,59,114,50
11692,ext_3197851e,0,110,114,5
11692,ext_3426d4c4,0,108,114,7
11692,ext_34315532,0,59,114,49
11692,ext_3473dfac,0,75,114,34
11692,ext_34775c29,0,59,114,49
11692,ext_379437ed,0,77,114,32
11692,ext_37beae07,0,59,114,49
11692,ext_3848c485,0,62,114,46
11692,ext_3a16f733,0,59,114,50
11692,ext_3a39d075,0,97,114,16
11692,ext_43ef4d81,0,59,114,49
11692,ext_44e82f3e,0,59,114,48
11692,ext_45c37b30,0,59,114,49
11692,ext_46f03792,0,67,114,41
11692,ext_470f4f94,0,59,114,50
11692,ext_47951e1b,0,59,114,49
11692,ext_50efb68c,0,86,114,24
11692,ext_51a415d3,0,59,114,50
11692,ext_53989eb0,0,59,101,38
11692,ext_54a8ef63,0,59,114,50
11692,ext_56f96d48,0,108,114,7
11692,ext_5c90392d,0,59,114,49
11692,ext_5ef7c8ef,0,59,114,49
11692,ext_6097493d,0,59,114,49
11692,ext_62540fe9,0,59,114,49
11692,ext_6400bc05,0,59,114,49
11692,ext_642f61d8,0,59,114,49
11692,ext_64511378,0,59,114,49
11692,ext_652aa0f8,0,59,114,49
11692,ext_660dd4e6,0,81,114,28
11692,ext_6699ff9a,0,62,114,46
11692,ext_66dd51ca,0,108,114,7
11692,ext_675bad5c,0,105,114,8
11692,ext_6b64dc51,0,59,114,49
11692,ext_6b9f6a7c,0,59,114,49
11692,ext_6d26861a,0,81,114,28
11692,ext_6d307343,0,88,114,23
11692,ext_6e490301,0,59,114,49
11692,ext_6eb7321a,0,60,114,48
11692,ext_6ee1563e,0,59,114,49
11692,ext_6fd4b5d5,0,59,114,49
11692,ext_705d80b2,0,59,114,49
11692,ext_70994323,0,104,114,9
11692,ext_727a652f,0,89,114,22
11692,ext_73cbd2e7,0,59,114,49
11692,ext_75263fa2,0,79,114,30
11692,ext_75b0ec35,0,59,114,49
11692,ext_7744ad83,0,59,114,49
11692,ext_77dd5986,0,59,114,49
11692,ext_77f30eb8,0,59,114,49
11692,ext_7aaf6bf3,0,65,114,43
11692,ext_7d67c950,0,59,114,50
11692,ext_7e1fd5a6,0,59,114,49
11692,ext_7e9493a5,0,114,114,1
11692,ext_7f05d646,0,62,114,46
11692,ext_7fcb2e27,0,59,114,49
11692,ext_80d4041f,0,59,114,49
11692,ext_841f07f3,0,88,114,23
11692,ext_84f1afa9,0,59,114,49
11692,ext_85925bbc,0,59,114,49
11692,ext_867b7132,0,59,114,49
11692,ext_87408170,0,59,114,49
11692,ext_87d2ef58,0,112,114,3
11692,ext_8895fd8b,0,102,114,11
11692,ext_8c3e933a,0,59,114,49
11692,ext_8deed702,0,86,114,24
11692,ext_90567dcb,0,97,114,16
11692,ext_9766bed6,0,59,114,49
11692,ext_97a715b6,0,59,114,49
11692,ext_994deb71,0,59,114,49
11692,ext_9b1dee75,0,59,114,49
11692,ext_9d5a6a66,0,59,114,49
11692,ext_9dadc470,0,59,114,50
11692,ext_9fb53033,0,59,114,49
11692,ext_a00dc7fb,0,59,114,50
11692,ext_a1bf4625,0,59,114,49
11692,ext_a3ccc9c0,0,67,114,41
11692,ext_a3ef67b9,0,77,114,32
11692,ext_a414e2e5,0,75,114,34
11692,ext_a4e15f8d,0,59,114,49
11692,ext_a6f5d88a,0,59,114,49
11692,ext_a8c635b5,0,59,114,49
11692,ext_aa935840,0,59,114,49
11692,ext_ace9c755,0,108,114,7
11692,ext_b07275e5,0,97,114,16
11692,ext_b315e600,0,59,114,49
11692,ext_b31d3a34,0,77,88,10
11692,ext_b3b12c99,0,59,114,50
11692,ext_b3b6b289,0,59,114,49
11692,ext_b524c20b,0,99,114,14
11692,ext_b6bd8009,0,110,114,5
11692,ext_b8c1f2c8,0,59,109,45
11692,ext_b91959b2,0,104,114,9
11692,ext_bc3a7942,0,102,114,11
11692,ext_bdd4c9cf,0,60,114,48
11692,ext_beedf99b,0,89,114,22
11692,ext_c0ee94e4,0,59,114,50
11692,ext_c182f6c1,0,108,114,7
11692,ext_c525d306,0,59,114,49
11692,ext_c8906d7b,0,59,114,49
11692,ext_cbc0b987,0,73,114,36
11692,ext_cc52e222,0,59,114,49
11692,ext_cc61d425,0,114,114,1
11692,ext_cdb32953,0,59,114,49
11692,ext_ce994de7,0,59,114,49
11692,ext_d27b3a96,0,59,114,49
11692,ext_d389608a,0,59,114,49
11692,ext_d3dc52c9,0,59,114,49
11692,ext_d5eb1605,0,59,114,49
11692,ext_d6095248,0,78,114,31
11692,ext_d77c5841,0,59,114,49
11692,ext_d793ce4d,0,59,114,49
11692,ext_d7e8f055,0,59,114,49
11692,ext_db2be32d,0,86,114,24
11692,ext_dc87c6e0,0,59,114,49
11692,ext_dcc08729,0,59,114,49
11692,ext_e0963a38,0,59,114,49
11692,ext_e15275c7,0,109,114,6
11692,ext_e2d2c966,0,88,114,23
11692,ext_e5c584cc,0,59,114,49
11692,ext_e71188fa,0,96,114,17
11692,ext_e934947f,0,59,114,49
11692,ext_eb4f6a47,0,59,114,49
11692,ext_ebdcc606,0,59,114,49
11692,ext_eddb9a98,0,108,114,7
11692,ext_ee9f4e72,0,62,114,46
11692,ext_eea707b9,0,59,114,49
11692,ext_ef74cdfb,0,94,114,19
11692,ext_f02d544a,0,59,114,49
11692,ext_f1bdad24,0,59,114,50
11692,ext_f2e323eb,0,78,114,31
11692,ext_f6105658,0,59,114,49
11692,ext_fa367399,0,59,114,49
11692,ext_fa532bb3,0,59,114,49
11692,ext_fe706c43,0,59,114,49
11692,ext_ff86a4dc,0,59,114,49
13799,45539,1,59,115,37
13799,50869,1,62,115,47
13799,62560,1,59,115,50
13799,77291,1,59,115,49
13799,80193,1,59,115,50
13799,86727,1,59,115,49
13799,ext_0183bf11,0,59,115,50
13799,ext_028277c3,0,59,115,49
13799,ext_04c2a6b6,0,59,115,50
13799,ext_06d7eed5,0,95,115,20
13799,ext_07405b98,0,59,115,49
13799,ext_07be710d,0,59,115,50
13799,ext_07fc840f,0,59,115,50
13799,ext_09fc4236,0,59,115,50
13799,ext_0d468e8a,0,59,115,50
13799,ext_0dac894f,0,59,115,50
13799,ext_11bec28d,0,59,115,48
13799,ext_13c7b4b8,0,59,115,49
13799,ext_1567042a,0,59,115,50
13799,ext_15d7a913,0,59,115,49
13799,ext_188268d1,0,59,115,50
13799,ext_18a0ebd8,0,59,115,50
13799,ext_1a29bf19,0,59,115,50
13799,ext_1afb8254,0,110,115,6
13799,ext_1c932b92,0,59,115,50
13799,ext_1ce5be7b,0,59,115,50
13799,ext_1d29a01b,0,59,115,50
13799,ext_1d4bb197,0,85,115,29
13799,ext_1da53617,0,109,115,7
13799,ext_20ca3680,0,59,115,49
13799,ext_233a7dcc,0,68,115,41
13799,ext_23f3889f,0,85,115,29
13799,ext_24f21fe1,0,59,115,50
13799,ext_2630b111,0,59,115,49
13799,ext_2a2a4371,0,59,115,50
13799,ext_2bff1dde,0,59,115,49
13799,ext_2c05b395,0,59,115,50
13799,ext_2d1983fd,0,59,115,50
13799,ext_2d7820f8,0,100,115,15
13799,ext_2d7d4109,0,71,115,38
13799,ext_30cfb0ab,0,59,115,49
13799,ext_314f297a,0,59,115,50
13799,ext_31cf6b42,0,59,115,50
13799,ext_333f8052,0,59,115,49
13799,ext_34477945,0,59,115,50
13799,ext_35568459,0,95,115,20
13799,ext_35bb714c,0,87,115,28
13799,ext_35ddb7b2,0,59,115,49
13799,ext_38721422,0,109,115,7
13799,ext_3bb564a8,0,68,85,13
13799,ext_3db9afe7,0,59,115,50
13799,ext_40d88b15,0,59,115,50
13799,ext_428cbcc1,0,108,115,8
13799,ext_44ef2ec5,0,59,115,49
13799,ext_45c37b30,0,59,115,50
13799,ext_4761aa2e,0,59,115,50
13799,ext_4a44ff87,0,68,115,41
13799,ext_4d9cae1b,0,59,115,50
13799,ext_4de163f4,0,59,115,50
13799,ext_4f4f2311,0,59,115,50
13799,ext_53634192,0,59,115,50
13799,ext_5417d9ef,0,110,115,6
13799,ext_566e699e,0,59,115,49
13799,ext_5834dc08,0,105,115,11
13799,ext_59cc87ec,0,97,115,18
13799,ext_5ab04296,0,59,115,50
13799,ext_5c0f89ae,0,105,115,11
13799,ext_5c55e593,0,59,115,50
13799,ext_5d266eb2,0,59,115,50
13799,ext_5eb353b7,0,59,115,50
13799,ext_63f9e5f9,0,59,115,50
13799,ext_6509a94a,0,59,115,49
13799,ext_68a993dc,0,59,115,50
13799,ext_6a0cbc8d,0,59,115,50
13799,ext_717b4a83,0,59,115,50
13799,ext_718bdf70,0,59,115,50
13799,ext_720df6e6,0,106,115,10
13799,ext_72653bf3,0,97,115,18
13799,ext_72e36cad,0,87,115,28
13799,ext_745b4fcd,0,59,115,50
13799,ext_752b178e,0,59,115,50
13799,ext_756b8a0c,0,59,115,50
13799,ext_75f8a32d,0,59,115,50
13799,ext_76bc2088,0,59,115,50
13799,ext_79122c07,0,59,115,50
13799,ext_7a0db733,0,59,115,49
13799,ext_7eaa148e,0,59,115,50
13799,ext_80c7c665,0,59,115,50
13799,ext_83dac248,0,59,115,50
13799,ext_8543d527,0,59,115,50
13799,ext_8aa9603c,0,59,115,50
13799,ext_8b18e6be,0,88,115,27
13799,ext_8ca3ebdd,0,92,115,23
13799,ext_8dc2b9f4,0,59,115,50
13799,ext_90aba01b,0,59,115,50
13799,ext_91451929,0,59,115,49
13799,ext_9197ddc3,0,59,115,50
13799,ext_91e5176d,0,59,115,50
13799,ext_9204baf9,0,59,115,50
13799,ext_93dee42c,0,59,115,50
13799,ext_968355c4,0,59,115,49
13799,ext_96e1ae3c,0,59,115,49
13799,ext_97937061,0,59,115,50
13799,ext_97a715b6,0,59,115,50
13799,ext_97cd2750,0,80,115,33
13799,ext_992b65ee,0,59,115,50
13799,ext_992fd697,0,112,115,4
13799,ext_9937262f,0,91,115,24
13799,ext_995ccaa8,0,59,115,49
13799,ext_9b590160,0,59,115,50
13799,ext_9d2c66c6,0,59,115,50
13799,ext_9d612f11,0,59,115,49
13799,ext_9d9e4541,0,59,115,50
13799,ext_9dc2e1e6,0,59,115,50
13799,ext_a2c41b71,0,59,115,50
13799,ext_a3e2d71e,0,59,115,50
13799,ext_a6669bc2,0,59,115,50
13799,ext_a679ffb2,0,95,115,20
13799,ext_a78d2a9b,0,59,115,50
13799,ext_a7b71cf3,0,81,115,32
13799,ext_a7e88bbd,0,59,115,50
13799,ext_a9e0f183,0,59,115,49
13799,ext_aaf0b0c1,0,59,76,16
13799,ext_acb9b229,0,59,115,49
13799,ext_b10a76e8,0,59,115,50
13799,ext_b1aa9127,0,68,115,41
13799,ext_b264fcd8,0,105,115,11
13799,ext_b2ad5b36,0,59,115,50
13799,ext_b5527efa,0,59,115,49
13799,ext_b93772be,0,59,115,50
13799,ext_b93d2ba2,0,59,115,50
13799,ext_bb6761bb,0,59,115,50
13799,ext_c0bbb34c,0,80,115,33
13799,ext_c0ca05b4,0,59,115,50
13799,ext_c27b0d24,0,59,115,50
13799,ext_c690ae17,0,59,115,50
13799,ext_c6abcd42,0,59,115,50
13799,ext_c7cc418b,0,59,115,49
13799,ext_c81566f3,0,59,76,17
13799,ext_c8209b25,0,59,115,50
13799,ext_caf60ab2,0,59,115,50
13799,ext_ce7445e9,0,59,115,50
13799,ext_ceff0b55,0,59,115,50
13799,ext_d01b10d4,0,59,115,50
13799,ext_d55ef97e,0,59,115,50
13799,ext_d7c45a86,0,59,115,49
13799,ext_da359ea0,0,59,115,50
13799,ext_db54866f,0,87,115,28
13799,ext_e0472395,0,59,115,50
13799,ext_e25ce66d,0,59,115,49
13799,ext_e29213ec,0,59,115,50
13799,ext_e5b8dab1,0,59,115,49
13799,ext_e6c8d58e,0,59,115,50
13799,ext_ed9a2e18,0,88,115,27
13799,ext_eebe81d4,0,59,115,50
13799,ext_eee647e4,0,59,115,50
13799,ext_ef1e62a3,0,59,115,50
13799,ext_efb92bf7,0,59,115,50
13799,ext_efed90a5,0,59,115,49
13799,ext_f0302cca,0,59,76,16
13799,ext_f0ccb1d2,0,59,115,50
13799,ext_f0e92739,0,103,115,12
13799,ext_f19651c3,0,59,115,50
13799,ext_f2215c0e,0,59,115,50
13799,ext_f4f73bb0,0,61,115,48
13799,ext_f91bcb88,0,95,115,20
13799,ext_fa44e3c9,0,59,115,50
13799,ext_fa8f6783,0,71,115,38
13799,ext_fc914bcc,0,109,115,7
13799,ext_fde3acba,0,110,115,6
13799,ext_ffe7bf7b,0,95,115,20
13882,13882,1,59,122,23
13882,22745,1,59,85,17
13882,ext_01303721,0,59,122,23
13882,ext_015f8ac0,0,59,122,23
13882,ext_062c5d67,0,59,122,23
13882,ext_083f7ba9,0,71,122,15
13882,ext_09d6425d,0,59,122,23
13882,ext_09ef4656,0,59,122,24
13882,ext_0b90632f,0,94,122,5
13882,ext_0cca7b2b,0,59,122,23
13882,ext_0d6abb64,0,59,122,24
13882,ext_107876ad,0,59,122,23
13882,ext_10ee78a0,0,59,122,23
13882,ext_13265e9c,0,59,122,24
13882,ext_149de92a,0,59,122,23
13882,ext_16815776,0,59,122,23
13882,ext_168e0fe5,0,94,122,5
13882,ext_170f2983,0,59,122,24
13882,ext_182b8242,0,91,122,6
13882,ext_1cee2bd5,0,59,122,23
13882,ext_1d342dff,0,59,122,23
13882,ext_1dd45d22,0,59,122,23
13882,ext_1e070ed7,0,59,122,24
13882,ext_1ef8a26f,0,66,122,18
13882,ext_1fdc814a,0,59,122,23
13882,ext_20a890ee,0,59,122,23
13882,ext_22b9b315,0,59,122,23
13882,ext_23a5d99f,0,59,69,8
13882,ext_26acae64,0,59,122,24
13882,ext_281758fa,0,59,122,23
13882,ext_28361bee,0,59,122,23
13882,ext_2929621a,0,59,122,24
13882,ext_29e4f001,0,59,122,23
13882,ext_2a848072,0,59,122,23
13882,ext_3227d6a8,0,59,122,23
13882,ext_32dc753d,0,59,122,24
13882,ext_33bfc9de,0,59,122,23
13882,ext_352069d2,0,59,122,23
13882,ext_373f70ea,0,99,122,3
13882,ext_3c02e1a8,0,91,122,6
13882,ext_3d5845ad,0,59,122,24
13882,ext_3dc4b864,0,59,122,23
13882,ext_4474d61e,0,59,122,23
13882,ext_45a3ec50,0,120,122,2
13882,ext_45c37b30,0,59,122,24
13882,ext_45f55ce0,0,59,122,23
13882,ext_471f3b0a,0,59,122,23
13882,ext_47f6e6ac,0,59,122,23
13882,ext_483e0c7c,0,59,122,23
13882,ext_4e8a7728,0,91,122,6
13882,ext_5013d6d6,0,59,122,23
13882,ext_50c6e819,0,91,122,6
13882,ext_50ebf5e3,0,59,122,23
13882,ext_52289c8f,0,59,122,24
13882,ext_53100ad6,0,59,122,24
13882,ext_536ea496,0,59,122,24
13882,ext_57e6975f,0,59,122,24
13882,ext_5a882ac6,0,59,122,23
13882,ext_5c69e56c,0,59,122,24
13882,ext_5e63d9f4,0,59,122,23
13882,ext_6045b969,0,59,122,24
13882,ext_60a60d00,0,59,122,23
13882,ext_60af91c7,0,59,122,24
13882,ext_61db82d9,0,59,122,23
13882,ext_67b445d7,0,78,122,12
13882,ext_68150777,0,59,122,23
13882,ext_6c6fab3f,0,59,122,24
13882,ext_6d7239e7,0,59,122,23
13882,ext_6fecbccc,0,61,122,21
13882,ext_7220f2dc,0,59,122,23
13882,ext_77ac501b,0,59,122,23
13882,ext_77ed7828,0,59,122,24
13882,ext_78addd28,0,59,122,23
13882,ext_78ec6795,0,59,122,24
13882,ext_792eafe0,0,59,122,23
13882,ext_7b19f120,0,59,122,24
13882,ext_7c9c6af2,0,59,122,23
13882,ext_7fef0879,0,59,122,23
13882,ext_81472ae0,0,59,120,23
13882,ext_81dd96eb,0,59,122,23
13882,ext_826db33c,0,59,122,24
13882,ext_83628426,0,59,122,24
13882,ext_84006e36,0,59,122,23
13882,ext_8527ec1b,0,59,122,23
13882,ext_856aae56,0,59,122,23
13882,ext_87587ab0,0,59,122,24
13882,ext_87eee47e,0,59,122,24
13882,ext_882a21ba,0,59,122,23
13882,ext_894c643e,0,64,122,19
13882,ext_8a9a2c9a,0,59,122,24
13882,ext_8beacfdc,0,59,122,24
13882,ext_8d91c2fe,0,59,122,24
13882,ext_910f414b,0,59,122,23
13882,ext_958f3218,0,59,122,23
13882,ext_96d2a07c,0,59,122,23
13882,ext_97048fdf,0,59,122,24
13882,ext_97cae405,0,59,122,23
13882,ext_99f0cdba,0,59,122,24
13882,ext_9ba0e586,0,59,122,23
13882,ext_9ca4383f,0,94,122,5
13882,ext_9d288d9b,0,91,122,6
13882,ext_a0e320bd,0,59,122,23
13882,ext_a1f1a817,0,59,122,23
13882,ext_a2b662aa,0,59,122,23
13882,ext_a3ee53e2,0,59,122,23
13882,ext_a64b9c5a,0,59,122,23
13882,ext_a8809712,0,120,122,2
13882,ext_ab71a876,0,96,122,4
13882,ext_ab92e6ce,0,120,122,2
13882,ext_ac81588d,0,59,122,23
13882,ext_ae7ee7c9,0,59,122,24
13882,ext_affa95e1,0,59,122,23
13882,ext_b19e16de,0,59,122,24
13882,ext_b6563d1b,0,59,122,24
13882,ext_b812e278,0,59,122,24
13882,ext_bbbf44c4,0,59,122,24
13882,ext_bd299add,0,59,122,24
13882,ext_bfb142b4,0,59,122,24
13882,ext_c1074e9f,0,71,122,15
13882,ext_c55df42f,0,59,122,23
13882,ext_c8ebbe92,0,94,122,5
13882,ext_c96bf2f5,0,59,122,24
13882,ext_cb5963a6,0,59,122,24
13882,ext_cf9195fa,0,59,122,23
13882,ext_d2c9f058,0,59,122,24
13882,ext_d4a1e245,0,68,122,17
13882,ext_d57d67f4,0,59,122,24
13882,ext_d8e255db,0,59,122,23
13882,ext_dd1033bd,0,122,122,1
13882,ext_e0283e81,0,59,122,23
13882,ext_e09f02d9,0,59,122,23
13882,ext_e363a2d9,0,59,122,23
13882,ext_e3803760,0,59,122,24
13882,ext_e38ad1a1,0,59,122,24
13882,ext_e59972e6,0,85,122,7
13882,ext_e5f532cf,0,63,122,20
13882,ext_eaf06915,0,91,122,6
13882,ext_f31e4a4a,0,59,122,23
13882,ext_f40eb351,0,59,122,24
13882,ext_f73378d1,0,59,122,23
13882,ext_f975af7b,0,59,122,23
13882,ext_f9c262a0,0,59,122,24
13882,ext_fb668fb9,0,99,122,3
13882,ext_fb6cc8d3,0,59,122,23
13882,ext_feff05bf,0,59,122,24
13882,ext_ff251146,0,59,122,23
14106,25171,1,59,66,2
14106,62555,1,108,133,21
14106,ext_01fa199a,0,139,139,1
14106,ext_02b93790,0,66,139,25
14106,ext_04f77616,0,59,139,26
14106,ext_05e457e4,0,108,139,24
14106,ext_06ad62aa,0,115,139,21
14106,ext_0978a3f0,0,116,139,20
14106,ext_097aedf3,0,66,139,25
14106,ext_0f22c15d,0,59,139,26
14106,ext_0fa6ac4f,0,59,139,27
14106,ext_105118d5,0,59,139,27
14106,ext_126adfcd,0,110,139,22
14106,ext_12e2d7a9,0,115,139,21
14106,ext_17469cfd,0,121,139,15
14106,ext_17d60e8f,0,59,139,27
14106,ext_18bd1f84,0,119,139,17
14106,ext_19761b66,0,117,139,19
14106,ext_1a0f71ed,0,59,139,26
14106,ext_1abe7c47,0,59,139,26
14106,ext_1d27eb0d,0,59,139,27
14106,ext_1da24b34,0,59,139,27
14106,ext_1dc77f3a,0,115,139,21
14106,ext_1f54e768,0,115,139,21
14106,ext_2138df41,0,59,139,27
14106,ext_2393852b,0,59,139,27
14106,ext_262854ab,0,118,139,18
14106,ext_2635727d,0,59,78,3
14106,ext_2875da05,0,59,139,27
14106,ext_28861f2b,0,59,139,27
14106,ext_2969ff98,0,108,139,24
14106,ext_30e87597,0,108,139,24
14106,ext_31b8ae47,0,59,139,27
14106,ext_32d37ccc,0,108,139,24
14106,ext_34463a6a,0,137,139,3
14106,ext_35ef6bda,0,108,139,24
14106,ext_3a225c28,0,108,139,24
14106,ext_3a39d075,0,59,139,27
14106,ext_3b594a68,0,108,139,24
14106,ext_3ce55943,0,137,139,3
14106,ext_3d54f0a3,0,59,139,27
14106,ext_415fee4d,0,129,139,7
14106,ext_42c14d37,0,108,139,24
14106,ext_43f98856,0,59,139,27
14106,ext_460daf0a,0,108,139,24
14106,ext_46145db4,0,123,139,13
14106,ext_471fdc17,0,108,139,24
14106,ext_4770573f,0,59,139,26
14106,ext_49508b41,0,59,139,27
14106,ext_4ace5ec1,0,108,139,24
14106,ext_4f325c07,0,59,139,27
14106,ext_53cab3e2,0,128,139,8
14106,ext_5457b5a9,0,59,139,27
14106,ext_545b00c4,0,121,139,15
14106,ext_54b9e7e5,0,59,139,26
14106,ext_5522c8ab,0,59,139,27
14106,ext_55cb95f9,0,108,139,24
14106,ext_590cd1b3,0,108,139,24
14106,ext_5ef9bb32,0,129,139,7
14106,ext_5fdb3212,0,108,139,24
14106,ext_5fe2ef90,0,59,139,28
14106,ext_605a3a61,0,59,139,26
14106,ext_60734707,0,59,139,27
14106,ext_620dcf38,0,59,139,27
14106,ext_63aa663a,0,108,139,24
14106,ext_65429f1c,0,115,139,21
14106,ext_66466c8c,0,108,139,24
14106,ext_667371e0,0,59,139,26
14106,ext_69230602,0,59,139,27
14106,ext_6a63f357,0,129,139,7
14106,ext_6ae49730,0,59,139,27
14106,ext_6f59ae4a,0,125,139,11
14106,ext_6fb5a5dd,0,59,139,27
14106,ext_708a9978,0,131,139,6
14106,ext_718daa17,0,59,139,26
14106,ext_73594a82,0,108,139,24
14106,ext_7486131b,0,59,139,26
14106,ext_74c37221,0,59,139,27
14106,ext_74de7a30,0,59,139,27
14106,ext_755dcc27,0,59,139,27
14106,ext_7bb577fa,0,59,139,27
14106,ext_7cc23e7f,0,59,139,28
14106,ext_7dff666a,0,59,139,27
14106,ext_80233b8f,0,108,139,24
14106,ext_8392dbe9,0,59,139,26
14106,ext_84e06342,0,108,139,24
14106,ext_859d848f,0,59,139,28
14106,ext_891054b9,0,59,139,27
14106,ext_892f26c2,0,127,139,9
14106,ext_89a0f12e,0,59,139,27
14106,ext_89af834c,0,108,139,24
14106,ext_8a3ff474,0,59,139,27
14106,ext_8de22e6f,0,59,139,28
14106,ext_8ee5b85d,0,59,139,26
14106,ext_8f7e7b87,0,117,139,19
14106,ext_90b83d84,0,108,139,24
14106,ext_9154fdda,0,115,139,21
14106,ext_9444bd7b,0,59,139,27
14106,ext_94917bc2,0,59,139,28
14106,ext_94b884a3,0,66,139,25
14106,ext_9bc14890,0,108,139,24
14106,ext_9beb8184,0,115,139,21
14106,ext_9fcd76e0,0,108,139,24
14106,ext_a0b8ae04,0,108,139,24
14106,ext_a38ef4ab,0,59,139,27
14106,ext_a48361b9,0,59,139,27
14106,ext_a584b453,0,66,139,25
14106,ext_a64b2602,0,59,139,26
14106,ext_a7443146,0,59,139,27
14106,ext_a7c9756e,0,108,139,24
14106,ext_a8945040,0,59,139,26
14106,ext_aad23f77,0,108,139,24
14106,ext_ac26f25e,0,59,139,27
14106,ext_ac82da95,0,37,58,11
14106,ext_ace4b8bd,0,59,139,27
14106,ext_b07c3650,0,108,139,24
14106,ext_b0f84d7a,0,123,139,13
14106,ext_b17b050b,0,108,139,24
14106,ext_b4c3d425,0,108,139,24
14106,ext_b7cd2d11,0,59,139,26
14106,ext_b7dd9b1e,0,59,139,27
14106,ext_b8244ad8,0,59,139,27
14106,ext_bc467409,0,59,139,27
14106,ext_bde4184f,0,59,139,28
14106,ext_c19badd6,0,66,139,25
14106,ext_c32e909b,0,108,139,24
14106,ext_c66c3638,0,59,139,28
14106,ext_c7886818,0,59,139,26
14106,ext_cb345ce1,0,108,139,24
14106,ext_ce52fadc,0,59,139,26
14106,ext_d0097896,0,108,139,24
14106,ext_d05cf285,0,116,139,20
14106,ext_d0dcfd7d,0,115,139,21
14106,ext_d2bcf562,0,59,139,27
14106,ext_d2e993f9,0,108,139,24
14106,ext_d5ed5c0e,0,59,139,27
14106,ext_d664610d,0,59,139,27
14106,ext_d7984a27,0,108,139,24
14106,ext_d99b8297,0,59,139,27
14106,ext_d9dda128,0,120,139,16
14106,ext_dd62e714,0,59,139,26
14106,ext_ddbf4864,0,121,139,15
14106,ext_dfe74a6c,0,110,139,22
14106,ext_e042d6bd,0,59,139,27
14106,ext_e1b93cf2,0,59,139,27
14106,ext_e3d059b1,0,59,139,27
14106,ext_e571334c,0,59,139,27
14106,ext_e6eb9124,0,59,139,27
14106,ext_e8ea8d1d,0,59,139,27
14106,ext_eb725baa,0,59,139,28
14106,ext_ed2df49f,0,110,139,22
14106,ext_f1882a73,0,59,139,27
14106,ext_f4606c62,0,137,139,3
14106,ext_f5c9b457,0,59,139,28
14106,ext_f6946263,0,131,139,6
14106,ext_f7da3125,0,121,139,15
14106,ext_f9a0b8e3,0,126,139,10
14106,ext_f9be9023,0,110,139,22
14106,ext_faa9749e,0,59,122,13
14106,ext_fec66086,0,108,139,24
14106,ext_fef5b199,0,59,139,26
14188,16495,1,59,90,23
14188,17353,1,59,90,23
14188,20905,1,59,90,23
14188,24853,1,59,90,23
14188,31583,1,59,90,23
14188,53275,1,59,90,23
14188,ext_010b8b3e,0,59,90,23
14188,ext_01d59d88,0,90,90,1
14188,ext_01fb7082,0,59,90,23
14188,ext_05b710ef,0,59,90,23
14188,ext_05e46d3b,0,59,90,23
14188,ext_09049640,0,59,90,23
14188,ext_0bcc6a4b,0,71,90,15
14188,ext_0dd6a81a,0,59,61,2
14188,ext_0f85d24e,0,59,90,23
14188,ext_0fda7ba9,0,59,90,23
14188,ext_1693f625,0,59,90,23
14188,ext_169e976a,0,59,90,23
14188,ext_17831df6,0,59,90,23
14188,ext_1a6952e7,0,59,90,23
14188,ext_1c519ed3,0,59,90,23
14188,ext_1d2a3e74,0,63,90,21
14188,ext_207e6cc8,0,59,90,23
14188,ext_20e499e1,0,59,90,23
14188,ext_23946645,0,59,90,23
14188,ext_23f96569,0,87,90,4
14188,ext_25a90e87,0,59,90,23
14188,ext_265aea48,0,59,90,23
14188,ext_265ec186,0,59,90,23
14188,ext_2747355e,0,59,90,23
14188,ext_2bbdfd91,0,59,90,23
14188,ext_2d13ba76,0,59,90,23
14188,ext_37f31aeb,0,59,90,23
14188,ext_3813c7f4,0,59,90,23
14188,ext_3d9c1e32,0,59,90,23
14188,ext_3f6beac2,0,85,90,6
14188,ext_41adbd44,0,59,90,23
14188,ext_432699cd,0,59,90,23
14188,ext_45726ed7,0,78,90,10
14188,ext_45c37b30,0,59,90,23
14188,ext_46c22011,0,59,90,23
14188,ext_47ceaea6,0,59,90,23
14188,ext_4a63f1c9,0,59,90,23
14188,ext_569818a4,0,59,90,23
14188,ext_5756bcb5,0,59,90,23
14188,ext_578c9457,0,59,90,23
14188,ext_58ad87e9,0,59,90,23
14188,ext_5c9fd990,0,59,90,23
14188,ext_5f044af1,0,59,90,23
14188,ext_61728439,0,59,90,23
14188,ext_6244e3bd,0,81,90,7
14188,ext_636a08d2,0,59,90,23
14188,ext_638b2218,0,59,90,23
14188,ext_65924c55,0,71,90,15
14188,ext_6bd2dcdd,0,59,90,23
14188,ext_6c087066,0,59,90,23
14188,ext_6c93770e,0,59,90,23
14188,ext_6e1b249d,0,59,90,23
14188,ext_6f65b3f1,0,59,90,23
14188,ext_75b0ec35,0,59,90,23
14188,ext_7d5d76d3,0,59,90,23
14188,ext_80dbf3b3,0,63,90,21
14188,ext_8472f5ed,0,59,90,23
14188,ext_861ffb21,0,59,90,23
14188,ext_8e892db7,0,59,90,23
14188,ext_8fc69f97,0,61,90,22
14188,ext_92b88dd2,0,59,90,23
14188,ext_92ded219,0,59,90,23
14188,ext_933f8c59,0,59,90,23
14188,ext_99d891fd,0,59,90,23
14188,ext_9d6d3c0c,0,59,90,23
14188,ext_9e534f0c,0,59,90,23
14188,ext_a1beca04,0,59,90,23
14188,ext_a231110e,0,59,90,23
14188,ext_a2b3159c,0,59,90,23
14188,ext_a409d91f,0,59,90,23
14188,ext_a45e313a,0,65,90,19
14188,ext_a59ed65f,0,59,90,23
14188,ext_a69eacd0,0,59,89,22
14188,ext_ac3a85e2,0,59,90,23
14188,ext_b05d905d,0,59,90,23
14188,ext_b12dcd14,0,59,90,23
14188,ext_b287aecc,0,59,90,23
14188,ext_b3e1a101,0,89,90,2
14188,ext_b8dd87fb,0,59,90,23
14188,ext_b9b1dbf5,0,59,90,23
14188,ext_bce8280f,0,59,90,23
14188,ext_bf70ffd3,0,59,90,23
14188,ext_bfd60c63,0,59,90,23
14188,ext_c32b3786,0,88,90,3
14188,ext_c58a57b2,0,59,90,23
14188,ext_c6f82151,0,66,90,18
14188,ext_c74ba784,0,59,90,23
14188,ext_c79c0ed7,0,59,90,23
14188,ext_ca488ea8,0,59,90,23
14188,ext_cb5cdd7b,0,59,70,8
14188,ext_cccab0d2,0,77,90,11
14188,ext_d15f2bcc,0,59,90,23
14188,ext_d19fa60c,0,59,90,23
14188,ext_d6c6828a,0,59,90,23
14188,ext_dba43121,0,59,90,23
14188,ext_dbcc1acb,0,59,90,23
14188,ext_dbcd8bdc,0,59,90,23
14188,ext_dc17f433,0,88,90,3
14188,ext_de14892e,0,59,90,23
14188,ext_def8941b,0,59,90,23
14188,ext_e08f0206,0,59,90,23
14188,ext_e2f616d2,0,59,90,23
14188,ext_e381fde9,0,59,90,23
14188,ext_efa134f8,0,59,90,23
14188,ext_f0ddea71,0,59,90,23
14188,ext_f1c9d8eb,0,59,90,23
14188,ext_f272b89e,0,59,90,23
14188,ext_f283051b,0,59,90,23
14188,ext_f447b0de,0,59,90,23
14188,ext_f6fe20dd,0,59,90,23
14188,ext_f74f7a52,0,59,90,23
14188,ext_f95f36de,0,90,90,1
14188,ext_fa5f0a32,0,59,90,23
14188,ext_ff0a837d,0,59,90,23
15071,15071,1,77,130,25
15071,17041,1,77,130,28
15071,29914,1,77,130,26
15071,46584,1,77,130,31
15071,46771,1,77,130,26
15071,51552,1,77,130,25
15071,73175,1,77,130,25
15071,75468,1,77,130,28
15071,ext_016b78e1,0,77,130,27
15071,ext_04447cb9,0,123,130,5
15071,ext_09832053,0,77,130,25
15071,ext_0a9f38f9,0,77,130,27
15071,ext_0f22f29a,0,77,130,27
15071,ext_1320007f,0,110,130,13
15071,ext_1495128a,0,77,130,25
15071,ext_1783b28e,0,130,130,1
15071,ext_17a84831,0,77,130,26
15071,ext_1d392e1e,0,121,130,6
15071,ext_1dff1baf,0,77,130,31
15071,ext_256882bd,0,108,130,15
15071,ext_29b7a57b,0,77,130,35
15071,ext_2bdebced,0,77,130,34
15071,ext_3134bd7a,0,77,130,25
15071,ext_32380926,0,77,130,27
15071,ext_33edc2e5,0,77,130,26
15071,ext_384109c5,0,77,130,25
15071,ext_39af2874,0,77,130,31
15071,ext_39dc0214,0,77,130,29
15071,ext_406006a6,0,130,130,1
15071,ext_45c37b30,0,77,130,27
15071,ext_46ef42c0,0,77,130,31
15071,ext_4a5c1bab,0,110,130,13
15071,ext_4ad95150,0,77,130,31
15071,ext_50628ac4,0,77,130,25
15071,ext_5ec8d644,0,77,130,26
15071,ext_62249dff,0,77,130,31
15071,ext_626d6123,0,77,130,31
15071,ext_65da2526,0,106,130,17
15071,ext_6a63f357,0,77,130,31
15071,ext_6ea6f661,0,77,130,31
15071,ext_6eb1eb60,0,77,130,25
15071,ext_70d08eca,0,77,130,28
15071,ext_713f285b,0,106,130,17
15071,ext_73cbd2e7,0,77,130,25
15071,ext_75b0ec35,0,77,130,29
15071,ext_79a5c0b7,0,106,130,17
15071,ext_7c61cb8f,0,77,89,8
15071,ext_7ddfbee7,0,77,130,25
15071,ext_7e32e000,0,77,130,31
15071,ext_820b2d20,0,77,130,25
15071,ext_83af7fa5,0,130,130,1
15071,ext_85925bbc,0,77,130,31
15071,ext_8d50f183,0,77,130,25
15071,ext_908dbe20,0,106,130,17
15071,ext_991325d3,0,77,130,31
15071,ext_9943a818,0,77,130,26
15071,ext_9fb53033,0,77,130,25
15071,ext_a510fb9e,0,77,130,25
15071,ext_a5fef703,0,77,130,26
15071,ext_ae5a7239,0,77,130,25
15071,ext_b2d13b1b,0,77,130,28
15071,ext_b3c86c84,0,77,130,31
15071,ext_b7638aba,0,77,130,25
15071,ext_baf4ccdb,0,77,130,25
15071,ext_c64aded1,0,77,109,18
15071,ext_c7a2fff3,0,77,130,33
15071,ext_c7b24c19,0,77,130,28
15071,ext_c87af434,0,77,130,31
15071,ext_cb862723,0,77,130,28
15071,ext_ccb67ac8,0,77,130,25
15071,ext_d1c75bac,0,77,130,25
15071,ext_d2e90b54,0,77,130,30
15071,ext_d4e56a82,0,77,130,25
15071,ext_ded877ca,0,77,130,31
15071,ext_e2d2c966,0,77,130,28
15071,ext_e3111b7d,0,77,130,26
15071,ext_e37a5ab1,0,130,130,1
15071,ext_e5f8c98f,0,77,130,25
15071,ext_f2fb084d,0,120,130,7
15071,ext_f4188d46,0,77,130,25
15071,ext_fa2106fd,0,79,130,24
15548,ext_ce3a80d8,0,39,45,2
16313,16313,1,59,84,26
16313,19066,1,67,84,18
16313,ext_02decd2d,0,59,84,26
16313,ext_02f351f0,0,59,84,26
16313,ext_0634c140,0,59,84,26
16313,ext_06a15214,0,59,84,26
16313,ext_06fd524a,0,59,84,26
16313,ext_084bbe05,0,59,84,26
16313,ext_0857234e,0,59,84,26
16313,ext_09a0cd6b,0,59,84,26
16313,ext_09b253af,0,59,84,26
16313,ext_0a0693d7,0,59,84,26
16313,ext_0b5dadc3,0,66,84,18
16313,ext_0b9d0f16,0,59,84,26
16313,ext_0be778c3,0,59,84,26
16313,ext_0d42fcf0,0,59,84,26
16313,ext_0d56758c,0,59,84,26
16313,ext_0da88fac,0,59,60,2
16313,ext_0f8d07b3,0,59,84,26
16313,ext_0fc5be0a,0,59,84,26
16313,ext_0fed5522,0,59,84,26
16313,ext_10242f79,0,59,84,26
16313,ext_1115ab27,0,59,84,26
16313,ext_1217e271,0,59,84,26
16313,ext_122aa123,0,59,84,26
16313,ext_1280100d,0,59,84,26
16313,ext_142150e5,0,63,67,5
16313,ext_14f0f38c,0,59,84,26
16313,ext_150ab02a,0,59,84,26
16313,ext_153377b9,0,59,84,26
16313,ext_155c90a4,0,59,84,26
16313,ext_173c76d8,0,59,84,26
16313,ext_17a8d6dc,0,59,84,26
16313,ext_182b8242,0,59,84,26
16313,ext_182de175,0,59,84,26
16313,ext_1a4b0e12,0,59,84,26
16313,ext_1ace2801,0,81,84,4
16313,ext_1e3f3035,0,59,84,26
16313,ext_1e5e0027,0,59,84,26
16313,ext_1e71a6aa,0,59,84,26
16313,ext_1ebe4205,0,59,84,26
16313,ext_1ef8a26f,0,59,84,26
16313,ext_1f10a6c5,0,59,84,26
16313,ext_1fdc814a,0,59,84,26
16313,ext_23f25ea7,0,59,84,26
16313,ext_24435df8,0,59,84,26
16313,ext_2448dc84,0,59,84,26
16313,ext_25be3720,0,59,84,26
16313,ext_271d24ba,0,59,84,26
16313,ext_278019c1,0,59,84,26
16313,ext_2d080630,0,59,84,26
16313,ext_2e3fa8e8,0,59,84,26
16313,ext_2fb99cdb,0,71,84,13
16313,ext_3004ec26,0,59,84,26
16313,ext_30ac578c,0,59,84,26
16313,ext_317ad27a,0,59,84,26
16313,ext_31a8bcf0,0,59,84,26
16313,ext_36fe7e37,0,59,84,26
16313,ext_3930d475,0,59,84,26
16313,ext_3f7cf0bc,0,59,84,26
16313,ext_42e860b1,0,59,84,26
16313,ext_440200eb,0,59,84,26
16313,ext_452e10ed,0,59,84,26
16313,ext_45c37b30,0,59,84,26
16313,ext_46858535,0,59,84,26
16313,ext_47a49599,0,59,84,26
16313,ext_499a7efe,0,59,84,26
16313,ext_4b9dd35a,0,59,84,26
16313,ext_4ce511b0,0,59,84,26
16313,ext_4d4cec4b,0,59,84,26
16313,ext_4d90904e,0,59,84,26
16313,ext_507ec9f5,0,59,84,26
16313,ext_523a5030,0,68,84,17
16313,ext_53fc20fd,0,59,84,26
16313,ext_540ec401,0,59,84,26
16313,ext_544d732a,0,59,84,26
16313,ext_55124ed2,0,59,84,26
16313,ext_5598abf8,0,59,84,26
16313,ext_56149368,0,59,84,26
16313,ext_567fbe9a,0,61,84,24
16313,ext_56e7161a,0,59,84,26
16313,ext_5705520c,0,59,84,26
16313,ext_57e6975f,0,59,84,26
16313,ext_5a7f2126,0,59,84,26
16313,ext_5f547dff,0,59,84,26
16313,ext_61069afe,0,73,84,12
16313,ext_61650c50,0,59,84,26
16313,ext_631be196,0,59,84,26
16313,ext_644c27db,0,59,84,26
16313,ext_64b6102c,0,59,84,26
16313,ext_64daaace,0,59,84,26
16313,ext_64de7d7f,0,59,84,26
16313,ext_66ab0996,0,59,84,26
16313,ext_66fc0ed7,0,59,84,26
16313,ext_67028f19,0,59,84,26
16313,ext_671b12b4,0,59,84,26
16313,ext_6761f93d,0,59,84,26
16313,ext_69192463,0,59,84,26
16313,ext_6b930d80,0,59,84,26
16313,ext_6d307343,0,64,84,21
16313,ext_6ee0f9b9,0,59,84,26
16313,ext_6f8c21d0,0,59,84,26
16313,ext_6fd0415d,0,59,84,26
16313,ext_6fd7e43e,0,59,84,26
16313,ext_703f7f0a,0,59,84,26
16313,ext_7150dffd,0,59,84,26
16313,ext_71b0e920,0,59,84,26
16313,ext_71c74d59,0,59,84,26
16313,ext_71de4fa0,0,59,84,26
16313,ext_72bf1b85,0,59,84,26
16313,ext_739f985b,0,59,84,26
16313,ext_76a9d9dd,0,59,84,26
16313,ext_773dea8d,0,59,84,26
16313,ext_78049d26,0,59,84,26
16313,ext_786248d0,0,59,84,26
16313,ext_7a20b30e,0,61,84,24
16313,ext_7a6d5560,0,59,84,26
16313,ext_7aabf8c5,0,59,84,26
16313,ext_7d0ec7c4,0,59,84,26
16313,ext_7da4aef2,0,61,84,24
16313,ext_7db16760,0,59,84,26
16313,ext_7e20a9ee,0,63,84,22
16313,ext_7efeb2cf,0,59,84,26
16313,ext_7f0e0b2c,0,59,84,26
16313,ext_8096fbe4,0,59,84,26
16313,ext_8173d4aa,0,59,84,26
16313,ext_83e621af,0,59,84,26
16313,ext_841f07f3,0,59,84,26
16313,ext_845c56f0,0,59,84,26
16313,ext_8935f453,0,59,84,26
16313,ext_8a1ca1a1,0,59,84,26
16313,ext_8b2705d7,0,59,84,26
16313,ext_8c7bca25,0,59,84,26
16313,ext_8dbe4755,0,59,84,26
16313,ext_91773622,0,59,84,26
16313,ext_9192b515,0,59,84,26
16313,ext_91fcd9ad,0,59,84,26
16313,ext_93eaf8ac,0,59,84,26
16313,ext_968bbb6c,0,59,84,26
16313,ext_9693e443,0,61,84,24
16313,ext_96b633bc,0,59,84,26
16313,ext_992837d1,0,59,84,26
16313,ext_9a206458,0,59,84,26
16313,ext_9bff6787,0,59,84,26
16313,ext_9c07042e,0,65,84,20
16313,ext_9f252ef5,0,59,84,26
16313,ext_a27a7a10,0,59,84,26
16313,ext_a3897ad9,0,59,84,26
16313,ext_a391e63e,0,59,84,26
16313,ext_a59867fe,0,59,84,26
16313,ext_a5dd6eba,0,68,84,17
16313,ext_a5e6b4f9,0,59,84,26
16313,ext_a61b0833,0,59,84,26
16313,ext_a632c797,0,59,84,26
16313,ext_a72163e9,0,59,84,26
16313,ext_a72eafe7,0,59,84,26
16313,ext_a91d8671,0,59,84,26
16313,ext_a9e911a1,0,59,84,26
16313,ext_aae9131b,0,59,84,26
16313,ext_acbde4f5,0,59,62,4
16313,ext_ad8dec94,0,59,84,26
16313,ext_ada7eaf7,0,59,84,26
16313,ext_adb0709e,0,59,84,26
16313,ext_ae33e668,0,59,84,26
16313,ext_aeea4d3c,0,83,84,2
16313,ext_af336603,0,59,84,26
16313,ext_b06eb341,0,66,84,19
16313,ext_b14416af,0,59,84,26
16313,ext_b1bddb81,0,59,84,26
16313,ext_b1ca24ff,0,59,84,26
16313,ext_b2a00006,0,76,84,9
16313,ext_b34d65c0,0,59,84,26
16313,ext_b4e933c4,0,59,84,26
16313,ext_b550c339,0,59,84,26
16313,ext_b568e91c,0,59,84,26
16313,ext_b61722c3,0,59,84,26
16313,ext_b72ec406,0,59,84,26
16313,ext_b7980bd8,0,59,84,26
16313,ext_b9a6957b,0,59,84,26
16313,ext_ba7c5527,0,59,84,26
16313,ext_bbcfb6b4,0,59,84,26
16313,ext_bc7211cf,0,59,84,26
16313,ext_bc7c5eda,0,59,84,26
16313,ext_be21d8a3,0,80,84,5
16313,ext_bf118acd,0,59,84,26
16313,ext_bf7f3305,0,59,84,26
16313,ext_c1f056f2,0,59,84,26
16313,ext_c30f03e0,0,59,84,26
16313,ext_c475c54f,0,59,84,26
16313,ext_c494d586,0,59,84,26
16313,ext_c5fb381c,0,59,84,26
16313,ext_c627ec3c,0,59,84,26
16313,ext_caae2599,0,59,84,26
16313,ext_cb1c8b3b,0,59,84,26
16313,ext_cc0907e6,0,59,84,26
16313,ext_cc321a57,0,59,84,26
16313,ext_cc95b13e,0,59,84,26
16313,ext_ceaa1e57,0,59,84,26
16313,ext_cffad47a,0,59,84,26
16313,ext_d13c07ec,0,71,84,14
16313,ext_d354fa1b,0,59,84,26
16313,ext_d389608a,0,59,84,26
16313,ext_d3952535,0,59,84,26
16313,ext_d77b525d,0,59,84,26
16313,ext_d8c2a658,0,59,84,26
16313,ext_d8cd69de,0,59,84,26
16313,ext_d94a4a87,0,59,84,26
16313,ext_db9e0c4c,0,59,84,26
16313,ext_dd5faed8,0,74,84,11
16313,ext_dd74fb17,0,73,84,11
16313,ext_ddbed973,0,59,84,26
16313,ext_de34c8ac,0,59,84,26
16313,ext_df74c25e,0,59,84,26
16313,ext_e2f350b5,0,59,84,26
16313,ext_e354e5d7,0,59,84,26
16313,ext_e3c31d02,0,59,84,26
16313,ext_e4495f18,0,59,84,26
16313,ext_e5656a63,0,59,84,26
16313,ext_e5d4db52,0,59,84,26
16313,ext_e5f532cf,0,59,84,26
16313,ext_e6d0295e,0,59,84,26
16313,ext_e8514515,0,59,84,26
16313,ext_e8f946af,0,59,84,26
16313,ext_eb534c25,0,64,84,21
16313,ext_eb7ab10a,0,59,84,26
16313,ext_ede5b658,0,59,84,26
16313,ext_eeba9254,0,59,84,26
16313,ext_eee647e4,0,59,84,26
16313,ext_efaa180d,0,84,84,1
16313,ext_efbe74bc,0,59,84,26
16313,ext_f065cab9,0,59,84,26
16313,ext_f2328c42,0,59,84,26
16313,ext_f283051b,0,59,84,26
16313,ext_f350bbad,0,59,84,26
16313,ext_f3ddbbea,0,59,84,26
16313,ext_f4a6440a,0,59,84,26
16313,ext_f575fcf5,0,59,84,26
16313,ext_f62cc2bd,0,59,84,26
16313,ext_f76f0512,0,59,84,26
16313,ext_fac38a77,0,59,84,26
16313,ext_fffbea98,0,59,84,26
16495,14188,1,59,90,29
16495,24853,1,59,90,29
16495,30952,1,80,90,11
16495,36143,1,59,90,29
16495,68494,1,59,90,29
16495,88175,1,59,90,29
16495,ext_0258a126,0,59,90,29
16495,ext_026508fd,0,59,90,29
16495,ext_02b9e316,0,59,90,29
16495,ext_02e9f044,0,59,90,29
16495,ext_032dae45,0,59,90,29
16495,ext_042e69e8,0,59,90,29
16495,ext_0509c68f,0,59,90,29
16495,ext_05b710ef,0,59,90,29
16495,ext_074cf0af,0,59,90,29
16495,ext_084a405e,0,71,90,18
16495,ext_091c2ab0,0,59,90,29
16495,ext_0a1cf134,0,59,90,29
16495,ext_0aa0d40c,0,59,90,29
16495,ext_0ac4bc64,0,59,90,29
16495,ext_0e552c9b,0,59,90,29
16495,ext_0fda7ba9,0,59,90,29
16495,ext_109c1b58,0,59,90,29
16495,ext_13265e9c,0,60,90,28
16495,ext_13d22c19,0,59,90,29
16495,ext_1683e3d8,0,78,90,13
16495,ext_1ce5be7b,0,59,90,29
16495,ext_1d430f75,0,59,90,29
16495,ext_249bb922,0,59,90,29
16495,ext_258f8638,0,59,90,29
16495,ext_265aea48,0,60,90,28
16495,ext_2663268f,0,59,90,29
16495,ext_27749bfe,0,86,90,5
16495,ext_27c4fc6d,0,59,90,29
16495,ext_2b2b0e0d,0,59,90,29
16495,ext_2eb9ff44,0,64,90,24
16495,ext_31b7f078,0,59,90,29
16495,ext_32afbd27,0,59,90,29
16495,ext_3583b090,0,82,90,9
16495,ext_3db88b52,0,59,90,29
16495,ext_40807bf1,0,59,90,29
16495,ext_411d81b9,0,63,90,25
16495,ext_4248b034,0,59,90,29
16495,ext_42577a04,0,59,90,29
16495,ext_4269e43d,0,88,90,3
16495,ext_438b51ef,0,82,90,9
16495,ext_445f9afc,0,59,90,29
16495,ext_44ef2ec5,0,89,90,2
16495,ext_45c37b30,0,59,90,29
16495,ext_488a1048,0,59,90,29
16495,ext_4974c9c8,0,59,90,29
16495,ext_4b021e1a,0,59,90,29
16495,ext_4be9ee99,0,87,90,4
16495,ext_4e54a507,0,59,90,29
16495,ext_506f664c,0,59,90,29
16495,ext_510c519f,0,80,90,11
16495,ext_51eb366f,0,59,90,29
16495,ext_53b80116,0,59,90,29
16495,ext_558e729d,0,59,90,29
16495,ext_56f15702,0,59,90,29
16495,ext_5881cafc,0,59,90,29
16495,ext_5ab6f9fb,0,59,90,29
16495,ext_5af29bfe,0,59,90,29
16495,ext_5bd865ec,0,59,90,29
16495,ext_5c08be54,0,59,90,29
16495,ext_5c90392d,0,59,90,29
16495,ext_5fecbd9d,0,59,90,29
16495,ext_602573e5,0,59,90,29
16495,ext_638f4d3c,0,59,90,29
16495,ext_63e36dfa,0,59,90,29
16495,ext_63f9e5f9,0,59,90,29
16495,ext_6400bc05,0,59,90,29
16495,ext_663d5c86,0,59,90,29
16495,ext_6734ee85,0,59,90,29
16495,ext_6b293042,0,82,90,9
16495,ext_6b75ab6c,0,88,90,3
16495,ext_6dcdd707,0,59,90,29
16495,ext_6eeda1f1,0,59,90,29
16495,ext_6fbbce75,0,60,90,28
16495,ext_6fd4b5d5,0,59,90,29
16495,ext_70361e98,0,59,90,29
16495,ext_706a9ae0,0,59,90,29
16495,ext_70835ce9,0,59,90,29
16495,ext_71a5ffad,0,59,90,29
16495,ext_725c0a1d,0,82,90,9
16495,ext_7319ebad,0,59,90,29
16495,ext_755dc342,0,59,90,29
16495,ext_7b613675,0,65,86,19
16495,ext_7b8d3321,0,59,90,29
16495,ext_7b9f8a6b,0,59,90,29
16495,ext_7c3c8947,0,82,89,8
16495,ext_7d71b849,0,59,90,29
16495,ext_8007f588,0,59,90,29
16495,ext_80089851,0,78,90,13
16495,ext_808058c5,0,59,90,29
16495,ext_840d2876,0,59,90,29
16495,ext_871353d5,0,59,90,29
16495,ext_889490fc,0,59,90,29
16495,ext_89f6c62e,0,59,90,29
16495,ext_8a598ba1,0,59,90,29
16495,ext_8b16c661,0,59,90,29
16495,ext_8bc5261b,0,59,90,29
16495,ext_8cf38568,0,59,90,29
16495,ext_8d80c75e,0,59,90,29
16495,ext_8e53f995,0,59,90,29
16495,ext_8f7f57a0,0,59,90,29
16495,ext_920172b4,0,59,90,29
16495,ext_9ed392e9,0,59,90,29
16495,ext_a035b5f9,0,59,90,29
16495,ext_a0c8de8d,0,59,90,29
16495,ext_a5c61adb,0,59,90,29
16495,ext_a5dd6eba,0,59,90,29
16495,ext_aa76dde7,0,59,90,29
16495,ext_ab92e6ce,0,59,90,29
16495,ext_aeabea0d,0,59,90,29
16495,ext_af9c44c2,0,82,90,9
16495,ext_b00089b8,0,59,90,29
16495,ext_b06c78bb,0,59,90,29
16495,ext_b081999e,0,59,90,29
16495,ext_b0e0c888,0,59,90,29
16495,ext_b287aecc,0,59,90,29
16495,ext_b413c3bf,0,59,90,29
16495,ext_b59068e0,0,78,90,13
16495,ext_b68728cf,0,59,90,29
16495,ext_b9b1dbf5,0,59,90,29
16495,ext_bb890266,0,78,90,13
16495,ext_bdcd130c,0,59,90,29
16495,ext_bf30e82f,0,64,86,20
16495,ext_c120c0e6,0,59,90,29
16495,ext_c15b572a,0,59,90,29
16495,ext_c18b416a,0,59,90,29
16495,ext_c2c67fd2,0,59,90,29
16495,ext_c901f712,0,59,90,29
16495,ext_ca108877,0,59,90,29
16495,ext_cab620b9,0,59,90,29
16495,ext_caf3a62b,0,71,90,18
16495,ext_cb0cdfe7,0,59,90,29
16495,ext_cbd2aad1,0,59,90,29
16495,ext_cc61d425,0,78,90,13
16495,ext_cca63c05,0,81,90,10
16495,ext_cdb8dce2,0,59,90,29
16495,ext_ce283529,0,59,90,29
16495,ext_cf05f084,0,78,90,13
16495,ext_d4134878,0,59,90,29
16495,ext_d4546c3d,0,59,90,29
16495,ext_d480b7d6,0,59,90,29
16495,ext_d5247e71,0,78,90,13
16495,ext_d6238aa0,0,59,90,29
16495,ext_d671c92e,0,59,90,29
16495,ext_de110fd4,0,59,90,29
16495,ext_de49a471,0,59,90,29
16495,ext_df989349,0,59,90,29
16495,ext_e5f532cf,0,59,90,29
16495,ext_e5f727f4,0,59,90,29
16495,ext_e8c0de1c,0,80,90,11
16495,ext_ea646fa4,0,59,90,29
16495,ext_ead1da76,0,89,90,2
16495,ext_eb6bd619,0,59,90,29
16495,ext_eb9c1d08,0,80,90,11
16495,ext_ee52f078,0,64,90,24
16495,ext_f1afce71,0,59,90,29
16495,ext_f2c20550,0,59,90,29
16495,ext_f3034fe7,0,59,90,29
16495,ext_f35399d6,0,59,90,29
16495,ext_f48c6ad1,0,59,90,29
16495,ext_f5ea8028,0,59,90,29
16495,ext_f68dfae1,0,90,90,1
16495,ext_f6fe20dd,0,59,90,29
16495,ext_f7709a26,0,60,90,28
16495,ext_f78bdcf1,0,59,90,29
16495,ext_f7bba4ef,0,59,90,29
16495,ext_f7da3125,0,59,90,29
16495,ext_f969d0f2,0,59,90,29
16495,ext_fb09e900,0,59,90,29
16495,ext_fe9262ac,0,59,90,29
16495,ext_fed2262b,0,59,90,29
16495,ext_ff3caafe,0,59,90,29
17353,10841,1,59,84,24
17353,14188,1,59,84,24
17353,17353,1,59,84,24
17353,23144,1,59,84,24
17353,44520,1,59,84,24
17353,45945,1,59,84,24
17353,46584,1,59,84,24
17353,51597,1,59,84,24
17353,57637,1,59,84,24
17353,57896,1,59,84,24
17353,71700,1,59,84,24
17353,78638,1,60,84,23
17353,88133,1,59,84,24
17353,ext_02c58d18,0,59,84,24
17353,ext_043368d8,0,80,84,5
17353,ext_047bf70e,0,59,84,24
17353,ext_04a6b973,0,59,84,24
17353,ext_04db7f66,0,59,84,24
17353,ext_05b710ef,0,59,84,24
17353,ext_0791e8c2,0,59,84,24
17353,ext_09a41950,0,80,84,5
17353,ext_0bb40276,0,59,84,24
17353,ext_0e599180,0,59,84,24
17353,ext_0f85d24e,0,60,84,23
17353,ext_0fda7ba9,0,59,84,24
17353,ext_13798bcb,0,78,84,7
17353,ext_13d7b9c2,0,59,84,24
17353,ext_13f3cf89,0,59,84,24
17353,ext_14db01cf,0,59,84,24
17353,ext_15f2f315,0,59,84,24
17353,ext_169e976a,0,59,84,24
17353,ext_2390f232,0,59,84,24
17353,ext_269f2966,0,78,84,7
17353,ext_2a9be21a,0,59,84,24
17353,ext_2c22698a,0,59,84,24
17353,ext_2cd6240c,0,59,84,24
17353,ext_2eee8403,0,59,84,24
17353,ext_3115c268,0,59,84,24
17353,ext_31c9db85,0,59,84,24
17353,ext_35a3e44c,0,59,84,24
17353,ext_3648bae0,0,76,84,9
17353,ext_3813c7f4,0,59,84,24
17353,ext_381f0f65,0,59,84,24
17353,ext_38793180,0,68,84,16
17353,ext_38982ade,0,59,84,24
17353,ext_39dba524,0,59,84,24
17353,ext_3e3e3a0b,0,59,84,24
17353,ext_3ebd76e0,0,59,84,24
17353,ext_3fffe0c3,0,59,84,24
17353,ext_400abfef,0,59,84,24
17353,ext_40ab35bd,0,59,84,24
17353,ext_43f5857b,0,59,84,24
17353,ext_44ef2ec5,0,79,84,6
17353,ext_45c37b30,0,59,84,24
17353,ext_4a63f1c9,0,59,84,24
17353,ext_4e44c1a3,0,59,84,24
17353,ext_509e7df2,0,59,84,24
17353,ext_51ccfdfc,0,59,84,24
17353,ext_55ae19f4,0,59,84,24
17353,ext_5bac47a7,0,59,84,24
17353,ext_5ccf8b5e,0,59,84,24
17353,ext_5e98828a,0,59,84,24
17353,ext_60012e46,0,59,84,24
17353,ext_616f9985,0,59,84,24
17353,ext_626b3a0f,0,59,84,24
17353,ext_6a63e17d,0,59,84,24
17353,ext_6b8632df,0,59,84,24
17353,ext_6b9473b0,0,59,84,24
17353,ext_77bafcc5,0,59,84,24
17353,ext_7ab5629b,0,59,84,24
17353,ext_7c09dc05,0,59,84,24
17353,ext_7ff4f2f0,0,59,84,24
17353,ext_80dbf3b3,0,75,84,10
17353,ext_811dc37b,0,59,84,24
17353,ext_82395e7e,0,59,84,24
17353,ext_82e5bbac,0,59,84,24
17353,ext_858ad3a6,0,59,84,24
17353,ext_85a3a862,0,59,84,24
17353,ext_882f4c90,0,59,84,24
17353,ext_90541d81,0,59,84,24
17353,ext_90fc41fb,0,59,84,24
17353,ext_92ded219,0,59,84,24
17353,ext_971d3f9e,0,59,84,24
17353,ext_98c420b4,0,59,84,24
17353,ext_99346352,0,59,84,24
17353,ext_9dd884e4,0,59,84,24
17353,ext_9f4dc81e,0,59,84,24
17353,ext_a441d980,0,59,84,24
17353,ext_a4f6de8f,0,59,84,24
17353,ext_a58f328c,0,59,84,24
17353,ext_a9c4edbc,0,59,84,24
17353,ext_aa90332b,0,59,84,24
17353,ext_abe54b70,0,59,84,24
17353,ext_ae76010e,0,59,84,24
17353,ext_af729f63,0,59,84,24
17353,ext_b0cbf66b,0,59,84,24
17353,ext_b154073d,0,59,84,24
17353,ext_b2110e4d,0,59,84,24
17353,ext_b287aecc,0,59,84,24
17353,ext_b3a6c2fb,0,59,84,24
17353,ext_b3e1a101,0,59,84,24
17353,ext_baa05be4,0,59,84,24
17353,ext_bb88946d,0,59,84,24
17353,ext_bbe41939,0,59,84,24
17353,ext_bc767e9b,0,59,84,24
17353,ext_bf5856c1,0,59,84,24
17353,ext_c05a1682,0,59,84,24
17353,ext_c1a8e9d4,0,59,84,24
17353,ext_c2302845,0,59,84,24
17353,ext_c9a64b89,0,59,84,24
17353,ext_cccab0d2,0,59,84,24
17353,ext_cdb8dce2,0,59,84,24
17353,ext_d226190d,0,80,84,5
17353,ext_d2762674,0,59,84,24
17353,ext_d31609b6,0,80,84,5
17353,ext_d39838c2,0,59,84,24
17353,ext_d51dd6e2,0,59,84,24
17353,ext_d68387b6,0,59,84,24
17353,ext_d6f9d736,0,59,84,24
17353,ext_d7a68b0b,0,59,84,24
17353,ext_da2a55a4,0,59,84,24
17353,ext_da3ec4e9,0,59,84,24
17353,ext_db627d49,0,59,84,24
17353,ext_e0195f30,0,59,84,24
17353,ext_e5f727f4,0,59,84,24
17353,ext_efa134f8,0,59,84,24
17353,ext_f679337f,0,59,84,24
17353,ext_f805e154,0,80,84,5
17353,ext_f954d431,0,59,84,24
17353,ext_fb8271a8,0,78,84,7
17353,ext_fefd73bd,0,59,84,24
18344,14962,1,59,126,52
18344,18420,1,59,126,52
18344,20905,1,59,126,52
18344,25544,1,59,105,38
18344,44520,1,59,126,52
18344,52615,1,59,126,52
18344,53275,1,109,126,14
18344,66991,1,68,126,43
18344,77023,1,59,126,52
18344,78911,1,59,126,52
18344,ext_01e97183,0,59,126,52
18344,ext_020c474a,0,59,126,52
18344,ext_02cf8288,0,77,126,34
18344,ext_043fc564,0,59,126,52
18344,ext_04cf8fc2,0,59,126,52
18344,ext_07c6205d,0,59,126,52
18344,ext_08ca04a2,0,87,126,24
18344,ext_091c2ab0,0,59,105,38
18344,ext_0944f97f,0,83,126,28
18344,ext_0978bc7a,0,59,126,52
18344,ext_0a3c83ee,0,87,126,24
18344,ext_0c592e91,0,82,126,29
18344,ext_0e552c9b,0,109,126,14
18344,ext_0e95d626,0,59,126,52
18344,ext_0fda7ba9,0,59,118,45
18344,ext_1370271d,0,59,126,52
18344,ext_1a0f71ed,0,59,126,52
18344,ext_1c1bba87,0,59,126,52
18344,ext_1d483008,0,59,126,52
18344,ext_1ea01c2d,0,59,126,52
18344,ext_1f8f7017,0,59,126,52
18344,ext_1fdc814a,0,59,126,52
18344,ext_22f52989,0,109,126,14
18344,ext_23f3889f,0,87,126,24
18344,ext_249d5d45,0,59,126,52
18344,ext_2562ca1c,0,59,105,38
18344,ext_2663268f,0,59,126,52
18344,ext_2921371a,0,59,126,52
18344,ext_29f4b8f5,0,59,126,52
18344,ext_2e9a327e,0,59,126,52
18344,ext_2e9c16a9,0,59,126,52
18344,ext_2f4338ab,0,59,126,52
18344,ext_3ac7d2cb,0,114,126,12
18344,ext_3ce4383a,0,59,126,52
18344,ext_3d31bcd7,0,90,126,21
18344,ext_3ff53bb6,0,59,126,52
18344,ext_41c835ef,0,119,126,7
18344,ext_4248b034,0,81,126,30
18344,ext_45c37b30,0,59,126,52
18344,ext_4705e42b,0,59,126,52
18344,ext_49724acd,0,59,126,52
18344,ext_4a07944c,0,118,126,8
18344,ext_4b021e1a,0,59,126,52
18344,ext_4deaee3b,0,109,126,14
18344,ext_5081b8e3,0,59,126,52
18344,ext_510c519f,0,59,126,52
18344,ext_52211de9,0,59,126,52
18344,ext_525701a4,0,75,126,36
18344,ext_52736bfe,0,80,126,31
18344,ext_5312a731,0,59,126,52
18344,ext_53e23e34,0,114,126,12
18344,ext_54468fb6,0,59,105,38
18344,ext_575773f0,0,59,126,52
18344,ext_57a7a9b1,0,59,126,52
18344,ext_595197ac,0,59,126,52
18344,ext_59922619,0,59,126,52
18344,ext_59a5e58c,0,59,126,52
18344,ext_5c2ed1ad,0,59,105,38
18344,ext_62d9e04e,0,59,105,38
18344,ext_68a993dc,0,59,126,52
18344,ext_68ea1cc2,0,59,105,38
18344,ext_6a1acddd,0,59,126,52
18344,ext_6acc8c73,0,59,105,38
18344,ext_6c4a01d7,0,87,126,24
18344,ext_6d7e08c0,0,59,126,52
18344,ext_6f19ef8e,0,59,126,52
18344,ext_70664d93,0,86,126,25
18344,ext_706a9ae0,0,59,126,52
18344,ext_73804634,0,118,126,8
18344,ext_748c32f7,0,114,126,12
18344,ext_7a4e0c8f,0,59,126,52
18344,ext_800b498f,0,109,126,14
18344,ext_80227e91,0,59,126,52
18344,ext_80566e93,0,118,126,8
18344,ext_8204b292,0,59,126,52
18344,ext_82adb7c5,0,59,105,38
18344,ext_84bdcfb0,0,59,105,38
18344,ext_84f1afa9,0,59,126,52
18344,ext_853b8121,0,123,126,4
18344,ext_861ffb21,0,64,105,33
18344,ext_87408170,0,59,126,52
18344,ext_88432150,0,59,126,52
18344,ext_8889ec95,0,59,105,38
18344,ext_8a2a71c3,0,59,126,52
18344,ext_8d38a5bb,0,59,105,38
18344,ext_8d80c75e,0,59,126,52
18344,ext_8f3ef7d2,0,109,110,2
18344,ext_8fcd57a8,0,80,126,31
18344,ext_8fd4ca02,0,59,126,52
18344,ext_92b87ce4,0,59,126,52
18344,ext_94784602,0,121,126,5
18344,ext_94da96ab,0,59,105,38
18344,ext_95be2293,0,59,126,52
18344,ext_993432da,0,110,126,13
18344,ext_9aae8238,0,59,126,52
18344,ext_9c8f3e28,0,59,126,52
18344,ext_9dac4aab,0,79,126,32
18344,ext_9e5ea231,0,59,126,52
18344,ext_9e92564b,0,59,126,52
18344,ext_a0b8ae04,0,59,126,52
18344,ext_a177ec1b,0,59,126,52
18344,ext_a2e38754,0,109,126,14
18344,ext_a39fc5a7,0,59,126,52
18344,ext_a60401ce,0,116,126,10
18344,ext_a93df387,0,59,126,52
18344,ext_aa78456c,0,64,105,33
18344,ext_abfa3eb2,0,59,126,52
18344,ext_af1c096f,0,89,126,22
18344,ext_b03ab98a,0,76,126,35
18344,ext_b31cd493,0,114,126,12
18344,ext_b32bbb29,0,59,126,52
18344,ext_b68728cf,0,87,126,24
18344,ext_b785c93b,0,59,126,52
18344,ext_b89946bd,0,85,126,26
18344,ext_bbcf1271,0,59,126,52
18344,ext_bee0c926,0,59,126,52
18344,ext_c1d86eef,0,59,126,52
18344,ext_cc02cd93,0,59,126,52
18344,ext_d6b22e33,0,114,126,12
18344,ext_da7da034,0,59,126,52
18344,ext_db798885,0,65,126,46
18344,ext_dc4ab9e6,0,59,126,52
18344,ext_e0593ccb,0,59,105,38
18344,ext_e1b750db,0,59,105,38
18344,ext_e291252f,0,87,126,24
18344,ext_e2bea395,0,59,126,52
18344,ext_e2d2c966,0,90,126,21
18344,ext_e480149c,0,123,126,4
18344,ext_e7ac4fd7,0,59,105,38
18344,ext_ea27c517,0,87,126,24
18344,ext_ef12bd6a,0,77,126,34
18344,ext_efa4a1c5,0,59,126,52
18344,ext_f0f62490,0,59,126,52
18344,ext_f0f8d83d,0,76,126,35
18344,ext_f35399d6,0,59,126,52
18344,ext_f78bdcf1,0,59,126,52
18344,ext_f7da3125,0,59,126,52
18344,ext_f81a8c82,0,59,126,52
18344,ext_f9546694,0,88,126,23
18344,ext_fadc5134,0,59,126,52
18344,ext_fb825bb9,0,59,126,52
18344,ext_fc5c4f2a,0,59,126,52
18344,ext_fc914bcc,0,59,126,52
18344,ext_fe8f118d,0,59,126,52
18344,ext_feaed0e3,0,59,126,52
18394,10281,1,59,74,16
18394,11023,1,59,74,16
18394,25323,1,59,74,16
18394,31583,1,59,74,16
18394,51470,1,59,74,16
18394,71627,1,59,74,16
18394,74916,1,59,74,16
18394,77291,1,59,74,16
18394,77824,1,59,74,16
18394,84472,1,59,74,16
18394,85596,1,59,74,16
18394,ext_028277c3,0,59,74,16
18394,ext_04276ccc,0,59,74,16
18394,ext_06c7af12,0,59,74,16
18394,ext_06dab4c6,0,59,74,16
18394,ext_091c2ab0,0,59,74,16
18394,ext_0b6a452d,0,59,74,16
18394,ext_0c2915bd,0,59,74,16
18394,ext_105cf8b6,0,59,74,16
18394,ext_12701e89,0,59,74,16
18394,ext_16665d61,0,59,74,16
18394,ext_18ec7f3a,0,59,74,16
18394,ext_1a0f71ed,0,59,74,16
18394,ext_1a332992,0,59,74,16
18394,ext_1c1bba87,0,59,74,16
18394,ext_1e927bc3,0,59,74,16
18394,ext_1efb2d75,0,59,74,16
18394,ext_1f8f7017,0,64,74,11
18394,ext_21a85bc5,0,59,74,16
18394,ext_2237ed21,0,59,74,16
18394,ext_23e031f9,0,59,74,16
18394,ext_24435df8,0,66,74,9
18394,ext_25ceef24,0,59,74,16
18394,ext_26947886,0,59,74,16
18394,ext_2929621a,0,59,74,16
18394,ext_2a384e9c,0,59,74,16
18394,ext_2a62dae7,0,59,74,16
18394,ext_2aaa2700,0,59,74,16
18394,ext_2c6ec66a,0,59,74,16
18394,ext_2d1bb849,0,59,74,16
18394,ext_2d6d991b,0,59,74,16
18394,ext_2d70b1c1,0,59,74,16
18394,ext_2e8dede3,0,59,74,16
18394,ext_2fd7495c,0,59,74,16
18394,ext_30ef4357,0,59,74,16
18394,ext_320d0ce7,0,59,74,16
18394,ext_336d6a1c,0,59,74,16
18394,ext_3426d4c4,0,59,74,16
18394,ext_34573961,0,59,74,16
18394,ext_355b4174,0,59,74,16
18394,ext_374b9d08,0,59,74,16
18394,ext_3889ec3e,0,59,74,16
18394,ext_39c15ccb,0,69,74,6
18394,ext_39fc222e,0,59,74,16
18394,ext_3a19f295,0,59,74,16
18394,ext_3a46fbad,0,59,74,16
18394,ext_3db9afe7,0,59,74,16
18394,ext_3dfd8697,0,59,74,16
18394,ext_410df979,0,59,74,16
18394,ext_4293cd0b,0,59,74,16
18394,ext_42a631d7,0,59,74,16
18394,ext_43b1213d,0,59,74,16
18394,ext_4653ee0d,0,59,74,16
18394,ext_46e8cf8d,0,59,74,16
18394,ext_4856c6b9,0,59,74,16
18394,ext_4988c831,0,59,74,16
18394,ext_49be4f6c,0,59,74,16
18394,ext_4c92e7c8,0,59,74,16
18394,ext_4e4aa522,0,59,74,16
18394,ext_54536a90,0,59,74,16
18394,ext_5636999b,0,59,74,16
18394,ext_56634d79,0,59,74,16
18394,ext_57cf116c,0,59,74,16
18394,ext_5a882ac6,0,59,74,16
18394,ext_5be39ef7,0,59,74,16
18394,ext_5d2271a0,0,71,74,4
18394,ext_602573e5,0,59,74,16
18394,ext_65fa345c,0,59,74,16
18394,ext_68e9e482,0,73,74,2
18394,ext_6bf92698,0,59,74,16
18394,ext_6c980c0f,0,59,74,16
18394,ext_6d7477e7,0,59,74,16
18394,ext_709cf810,0,59,74,16
18394,ext_734b2bbc,0,59,74,16
18394,ext_7690e149,0,59,74,16
18394,ext_79de986f,0,59,74,16
18394,ext_79e3a61a,0,59,74,16
18394,ext_7a93d73f,0,59,74,16
18394,ext_7a9f178e,0,59,74,16
18394,ext_7b19f120,0,59,74,16
18394,ext_7d71b849,0,59,74,16
18394,ext_808ab609,0,59,74,16
18394,ext_84ca9034,0,59,74,16
18394,ext_85b2e0c2,0,60,74,15
18394,ext_86388003,0,59,74,16
18394,ext_86e10b2e,0,59,74,16
18394,ext_8833c731,0,59,74,16
18394,ext_89537d2b,0,59,74,16
18394,ext_8adc8dc8,0,59,74,16
18394,ext_8b68badd,0,59,74,16
18394,ext_8c3bdb41,0,59,74,16
18394,ext_90fc41fb,0,59,74,16
18394,ext_9197ddc3,0,59,74,16
18394,ext_94735e42,0,59,74,16
18394,ext_94b56731,0,59,74,16
18394,ext_9630dfb1,0,59,74,16
18394,ext_97058259,0,67,74,8
18394,ext_978229c9,0,59,74,16
18394,ext_98bd79ea,0,59,74,16
18394,ext_991325d3,0,59,74,16
18394,ext_9da8a5f5,0,59,74,16
18394,ext_9e276c91,0,59,74,16
18394,ext_a2eb950c,0,59,74,16
18394,ext_a3973295,0,59,74,16
18394,ext_a7882bb1,0,73,74,2
18394,ext_a78d2a9b,0,59,74,16
18394,ext_a8a45190,0,59,74,16
18394,ext_ac2c0c40,0,59,74,16
18394,ext_ac87c7eb,0,59,74,16
18394,ext_ad1cde2a,0,59,74,16
18394,ext_aebce6da,0,59,74,16
18394,ext_aee4db44,0,59,74,16
18394,ext_af8937d8,0,59,74,16
18394,ext_afb04b70,0,64,74,11
18394,ext_b14416af,0,59,74,16
18394,ext_b282e55b,0,59,74,16
18394,ext_b2c14784,0,59,74,16
18394,ext_b3f637ac,0,59,74,16
18394,ext_b568e91c,0,59,74,16
18394,ext_b59e87ba,0,74,74,1
18394,ext_b5a9b21c,0,59,74,16
18394,ext_b61807a7,0,60,74,15
18394,ext_b6a5aacc,0,59,74,16
18394,ext_b716baf7,0,59,74,16
18394,ext_bc8257ae,0,59,74,16
18394,ext_bff5f63e,0,59,74,16
18394,ext_c3b6ef0c,0,59,74,16
18394,ext_c3cba488,0,59,74,16
18394,ext_c41c438c,0,59,74,16
18394,ext_c5ab204d,0,59,74,16
18394,ext_c659c5c6,0,59,74,16
18394,ext_c772b75f,0,71,74,4
18394,ext_c9d14e1f,0,59,74,16
18394,ext_cb087288,0,61,74,14
18394,ext_cb8002b8,0,59,74,16
18394,ext_cc52192e,0,59,74,16
18394,ext_cf4320e1,0,72,74,3
18394,ext_d1ac95f2,0,59,74,16
18394,ext_d1b27376,0,59,74,16
18394,ext_d35f1e4a,0,59,74,16
18394,ext_d46e62aa,0,59,74,16
18394,ext_d47edaf5,0,59,74,16
18394,ext_d526190f,0,59,74,16
18394,ext_d66f232c,0,59,74,16
18394,ext_d6c2cbdf,0,59,74,16
18394,ext_d7334dd6,0,66,74,9
18394,ext_da6c2e60,0,59,74,16
18394,ext_dbcd8bdc,0,59,74,16
18394,ext_dce78587,0,59,74,16
18394,ext_e0afb83a,0,59,74,16
18394,ext_e36f6e85,0,59,74,16
18394,ext_e4d838f2,0,59,74,16
18394,ext_e760fdcd,0,59,74,16
18394,ext_e7b271e0,0,59,74,16
18394,ext_e9702fa8,0,59,74,16
18394,ext_ea8a8aca,0,60,74,15
18394,ext_ed4fc6dd,0,59,74,16
18394,ext_eddb9a98,0,59,74,16
18394,ext_edf705d2,0,59,74,16
18394,ext_ef7c92d4,0,59,74,16
18394,ext_f0ccb1d2,0,59,74,16
18394,ext_f1d77477,0,61,74,14
18394,ext_f3a68802,0,59,74,16
18394,ext_f45a79a7,0,59,74,16
18394,ext_f7e69f27,0,59,74,16
18394,ext_f915a3b5,0,59,74,16
18394,ext_fa7123ff,0,59,74,16
18394,ext_fd115cfd,0,59,74,16
18394,ext_fd4685d3,0,59,74,16
18394,ext_fd4ab1d9,0,59,74,16
18420,10353,1,59,116,33
18420,18344,1,59,116,33
18420,18420,1,61,116,31
18420,25544,1,59,116,33
18420,26999,1,87,116,18
18420,36143,1,59,86,15
18420,40997,1,59,116,33
18420,53275,1,59,116,33
18420,ext_00c1e13b,0,59,116,34
18420,ext_01282e4f,0,59,116,33
18420,ext_020c474a,0,59,116,33
18420,ext_023fa502,0,75,116,26
18420,ext_032aa52e,0,59,116,33
18420,ext_037f0468,0,59,116,33
18420,ext_04f13864,0,60,116,32
18420,ext_0503cf9d,0,59,116,33
18420,ext_062a7fc2,0,59,116,33
18420,ext_066c2840,0,59,116,33
18420,ext_06bec28c,0,59,116,34
18420,ext_09350beb,0,59,116,34
18420,ext_0947a992,0,59,116,33
18420,ext_0dc8c88c,0,59,116,33
18420,ext_0ea18a10,0,59,116,33
18420,ext_1044acc1,0,59,116,33
18420,ext_10a976f5,0,59,116,33
18420,ext_11db512d,0,85,116,20
18420,ext_165a3f4b,0,59,116,33
18420,ext_18085f70,0,59,116,34
18420,ext_18522d49,0,59,116,33
18420,ext_19b84fb2,0,59,116,33
18420,ext_19c34d33,0,59,116,33
18420,ext_1caf08d5,0,59,116,34
18420,ext_1ccaa7e8,0,59,116,33
18420,ext_1d8cd1d1,0,59,116,33
18420,ext_1fb133cb,0,59,116,33
18420,ext_21a0bfcb,0,59,116,33
18420,ext_21d45e4e,0,59,116,34
18420,ext_2535ba2d,0,59,116,33
18420,ext_25666985,0,59,116,33
18420,ext_2663268f,0,59,116,33
18420,ext_26861aaa,0,59,116,33
18420,ext_2697c755,0,59,116,33
18420,ext_27b6a400,0,59,116,33
18420,ext_2863edc1,0,59,116,33
18420,ext_2921371a,0,106,116,3
18420,ext_29f4b8f5,0,59,116,33
18420,ext_2a30f83c,0,59,116,33
18420,ext_2b2dc394,0,59,116,33
18420,ext_2c48536e,0,59,116,33
18420,ext_2d37d186,0,59,116,33
18420,ext_2e111f7d,0,92,116,13
18420,ext_2ff5f4d0,0,59,116,33
18420,ext_3151a651,0,88,116,17
18420,ext_325cb2ed,0,59,116,33
18420,ext_3292ba54,0,75,116,26
18420,ext_329c77d5,0,59,116,33
18420,ext_34b1d6e5,0,59,116,33
18420,ext_3ac6b215,0,59,116,34
18420,ext_3c8aea78,0,88,116,17
18420,ext_3d1cc8a4,0,116,116,1
18420,ext_3fa2e2a4,0,59,116,33
18420,ext_41d6299a,0,59,116,33
18420,ext_42e0f625,0,59,116,33
18420,ext_42f0e98d,0,59,116,33
18420,ext_444bc435,0,59,116,34
18420,ext_45c37b30,0,59,116,35
18420,ext_479dff3d,0,59,116,33
18420,ext_47d19af6,0,59,116,33
18420,ext_48cb002e,0,59,116,33
18420,ext_48e02bdd,0,59,116,33
18420,ext_49114e17,0,59,116,33
18420,ext_49ad02ab,0,59,116,33
18420,ext_4a6eb0ee,0,59,116,33
18420,ext_4d30ec22,0,96,116,9
18420,ext_4e54a507,0,97,116,8
18420,ext_4f92b64c,0,59,116,33
18420,ext_4fc45797,0,88,116,17
18420,ext_510ac472,0,59,116,33
18420,ext_5110c370,0,59,116,33
18420,ext_522a96f0,0,59,116,33
18420,ext_52898ba6,0,59,116,34
18420,ext_5312a731,0,59,116,33
18420,ext_53c713b8,0,92,116,13
18420,ext_53d0718c,0,59,116,33
18420,ext_54f617b1,0,59,116,33
18420,ext_573192bb,0,59,116,33
18420,ext_57b631cb,0,59,116,33
18420,ext_5858a836,0,59,116,33
18420,ext_58d0b6f1,0,59,116,33
18420,ext_59922619,0,106,116,3
18420,ext_5aa45d57,0,59,116,33
18420,ext_5bbc3c79,0,59,116,33
18420,ext_5cda261f,0,59,116,33
18420,ext_60a477f9,0,59,116,33
18420,ext_625448be,0,59,116,33
18420,ext_67c0f74f,0,59,116,33
18420,ext_6863b7d8,0,59,116,33
18420,ext_69ecf8eb,0,75,116,26
18420,ext_6b034db8,0,59,116,33
18420,ext_6b66f717,0,59,116,33
18420,ext_6bffc044,0,59,116,33
18420,ext_6cc9666c,0,59,116,33
18420,ext_6e67ba80,0,59,116,33
18420,ext_6f9c10a4,0,59,116,33
18420,ext_7025d80b,0,59,116,33
18420,ext_715f7e8f,0,59,116,33
18420,ext_7232c111,0,75,116,26
18420,ext_7386adcf,0,75,116,26
18420,ext_767aef57,0,59,116,33
18420,ext_78e524bd,0,59,116,33
18420,ext_7c3dec94,0,75,116,26
18420,ext_7d6354c8,0,59,116,34
18420,ext_80f43a8a,0,59,116,34
18420,ext_812a491f,0,59,116,33
18420,ext_813f86ca,0,59,116,33
18420,ext_8175a41e,0,80,116,23
18420,ext_8366b358,0,59,116,33
18420,ext_83ed9132,0,59,116,33
18420,ext_853b8121,0,59,116,33
18420,ext_869d7b7c,0,59,116,33
18420,ext_86e37e0e,0,98,116,7
18420,ext_87cfd035,0,59,116,34
18420,ext_899d21a3,0,69,69,1
18420,ext_8afb53dc,0,59,116,34
18420,ext_8c4220e1,0,59,116,33
18420,ext_8c573554,0,75,116,26
18420,ext_8d80c75e,0,59,116,33
18420,ext_92a22f94,0,59,116,34
18420,ext_93cdc555,0,59,116,34
18420,ext_947bac74,0,59,116,33
18420,ext_94e2aa47,0,88,116,17
18420,ext_973e1d50,0,59,116,33
18420,ext_98ab38e4,0,59,116,33
18420,ext_9aef6f31,0,59,116,33
18420,ext_9b96d641,0,59,116,34
18420,ext_9bfe9da4,0,59,116,33
18420,ext_9c368b66,0,59,116,33
18420,ext_9e5ea231,0,59,116,33
18420,ext_9eadd9e6,0,59,116,33
18420,ext_9f0eb757,0,59,116,33
18420,ext_9f1bfea6,0,59,116,33
18420,ext_a23b6a57,0,59,116,33
18420,ext_a39fc5a7,0,59,116,33
18420,ext_a3a76def,0,106,116,3
18420,ext_a3f946b4,0,59,116,33
18420,ext_a4ccc39b,0,59,116,33
18420,ext_a755ac90,0,59,116,33
18420,ext_a7a682bf,0,59,116,33
18420,ext_a7ba50fe,0,59,116,34
18420,ext_a8b694f7,0,59,116,33
18420,ext_aa1d869b,0,59,116,33
18420,ext_ab79ada7,0,59,116,33
18420,ext_ab92e6ce,0,89,116,16
18420,ext_adc72203,0,59,116,33
18420,ext_adc7a3fb,0,59,116,33
18420,ext_aebb1e49,0,59,116,33
18420,ext_b2626a7c,0,59,116,35
18420,ext_b28c91b4,0,59,116,33
18420,ext_b2cf931b,0,59,116,33
18420,ext_b2da8bd7,0,59,116,33
18420,ext_b3d2f4e2,0,100,116,5
18420,ext_b45c76cc,0,59,116,33
18420,ext_b493f7d7,0,59,116,34
18420,ext_b7abbd26,0,59,116,33
18420,ext_b98bd7ba,0,59,116,33
18420,ext_ba899cb5,0,59,116,33
18420,ext_bbdc8ea7,0,59,116,33
18420,ext_be09a912,0,59,116,34
18420,ext_be344566,0,59,116,34
18420,ext_bff6617d,0,59,116,33
18420,ext_c3fe40cb,0,59,116,33
18420,ext_c5bf6d53,0,80,116,23
18420,ext_c6213345,0,59,116,33
18420,ext_c6441651,0,59,116,33
18420,ext_c979b680,0,59,116,33
18420,ext_ca798c5b,0,59,116,33
18420,ext_cac4ed76,0,59,116,33
18420,ext_cc0e72e8,0,59,116,33
18420,ext_cc40403a,0,75,116,26
18420,ext_cca3fed6,0,59,116,33
18420,ext_d035d50b,0,59,116,33
18420,ext_d0cd6323,0,59,116,34
18420,ext_d2943493,0,59,116,33
18420,ext_d2e1d069,0,59,116,33
18420,ext_d31ed008,0,59,116,34
18420,ext_d37a8635,0,59,116,33
18420,ext_d414d0de,0,59,116,34
18420,ext_d440eba5,0,59,116,34
18420,ext_d4a1e245,0,80,116,23
18420,ext_d7741e6a,0,59,116,33
18420,ext_dbeeb670,0,59,116,33
18420,ext_dc4ab9e6,0,59,116,34
18420,ext_e2d2c966,0,59,116,33
18420,ext_e3a94b59,0,101,116,4
18420,ext_e6cdb0c4,0,59,116,33
18420,ext_eab26a59,0,59,116,33
18420,ext_ebec17b5,0,80,116,23
18420,ext_effbc3bc,0,59,116,33
18420,ext_f009f6c2,0,59,116,34
18420,ext_f12ba714,0,59,59,1
18420,ext_f135d1b6,0,64,116,29
18420,ext_f161a950,0,59,116,34
18420,ext_f29da605,0,59,116,33
18420,ext_f35399d6,0,59,116,33
18420,ext_f3772307,0,98,116,7
18420,ext_f4698a43,0,59,116,33
18420,ext_f81a8c82,0,59,116,33
18420,ext_f9232e1d,0,75,116,26
18420,ext_faf03cee,0,87,116,18
18420,ext_fb6a9003,0,59,116,33
18420,ext_fb74f236,0,59,116,34
18420,ext_fe8f118d,0,59,116,33
18420,ext_fff1a115,0,97,116,8
19066,16313,1,84,88,5
19066,24853,1,84,102,15
19066,31583,1,84,88,5
19066,38901,1,84,102,15
19066,51675,1,84,102,15
19066,55594,1,84,102,15
19066,71700,1,84,102,15
19066,ext_01568f9d,0,84,102,15
19066,ext_01b81ae1,0,84,102,15
19066,ext_01ef4503,0,84,102,15
19066,ext_01f21b19,0,84,102,15
19066,ext_02a4c587,0,102,102,1
19066,ext_02e9f044,0,84,102,15
19066,ext_04e1f07c,0,84,102,15
19066,ext_051676de,0,84,102,15
19066,ext_0602a4f2,0,84,102,15
19066,ext_07e2a97b,0,84,102,15
19066,ext_07ed9c2c,0,84,102,15
19066,ext_08804599,0,84,102,15
19066,ext_08d2ddad,0,84,102,15
19066,ext_091a1e70,0,84,102,15
19066,ext_09e3dcfd,0,84,102,15
19066,ext_09fbcf5b,0,90,102,10
19066,ext_0ad0195b,0,84,102,15
19066,ext_0b7c019b,0,84,102,15
19066,ext_0bcf52c7,0,84,102,15
19066,ext_0d4049b5,0,84,102,15
19066,ext_0ddfbcfc,0,84,102,15
19066,ext_0e53ea98,0,84,102,15
19066,ext_0f547b8b,0,84,102,15
19066,ext_0f85d24e,0,84,102,15
19066,ext_0fabbd5f,0,84,102,15
19066,ext_0fb44f32,0,84,102,15
19066,ext_1224c218,0,84,102,15
19066,ext_1226aa0b,0,84,102,15
19066,ext_12d71f64,0,84,102,15
19066,ext_12dcc83e,0,84,102,15
19066,ext_14f6cda5,0,84,102,15
19066,ext_16267d1a,0,84,102,15
19066,ext_165dbcab,0,84,102,15
19066,ext_169e976a,0,84,102,15
19066,ext_17aa1fda,0,84,102,15
19066,ext_17f88a5b,0,84,102,15
19066,ext_188268d1,0,84,102,15
19066,ext_190c7861,0,84,102,15
19066,ext_19612c35,0,84,102,15
19066,ext_198bf2b1,0,84,102,15
19066,ext_1a76e9ca,0,84,102,15
19066,ext_1ac874d3,0,84,102,15
19066,ext_1ace2801,0,84,102,15
19066,ext_1ad1af8d,0,84,102,15
19066,ext_1ae527e8,0,84,102,15
19066,ext_1da9a6e5,0,87,102,12
19066,ext_1e826dfd,0,84,102,15
19066,ext_1f1b591b,0,84,102,15
19066,ext_1f8f7017,0,84,102,15
19066,ext_20eb7649,0,84,102,15
19066,ext_23e6d538,0,84,102,15
19066,ext_2437875b,0,84,102,15
19066,ext_244a3a4c,0,84,102,15
19066,ext_25d5d187,0,84,102,15
19066,ext_265aea48,0,84,102,15
19066,ext_26f81fcc,0,84,102,15
19066,ext_271bee22,0,84,102,15
19066,ext_29944bdc,0,84,102,15
19066,ext_2a42726a,0,84,102,15
19066,ext_2aaa2700,0,84,102,15
19066,ext_2aca75a9,0,90,102,10
19066,ext_2adcb5da,0,84,102,15
19066,ext_2adee86e,0,84,102,15
19066,ext_2aec2ed8,0,84,102,15
19066,ext_2afc84de,0,84,102,15
19066,ext_2c6d2f81,0,84,102,15
19066,ext_2d1bb849,0,84,102,15
19066,ext_2da553c4,0,84,102,15
19066,ext_2f89c9b9,0,84,102,15
19066,ext_2ffb169d,0,84,102,15
19066,ext_2ffcb505,0,84,102,15
19066,ext_300fb8bb,0,84,102,15
19066,ext_31ddfbbc,0,84,102,15
19066,ext_340d4be9,0,84,102,15
19066,ext_343bb9ee,0,84,102,15
19066,ext_37b266e4,0,84,102,15
19066,ext_3833e761,0,84,102,15
19066,ext_3843ebc8,0,84,102,15
19066,ext_39884df2,0,84,102,15
19066,ext_39a9b536,0,84,102,15
19066,ext_39dafcb4,0,84,102,15
19066,ext_3a39030a,0,84,102,15
19066,ext_3b7524ea,0,84,102,15
19066,ext_3c6e8055,0,84,102,15
19066,ext_3d9921f8,0,86,102,13
19066,ext_3dfef290,0,84,102,15
19066,ext_3e62f495,0,84,102,15
19066,ext_3ebb63c0,0,84,102,15
19066,ext_3fff30ca,0,84,102,15
19066,ext_419940a1,0,97,102,5
19066,ext_41ccfb5d,0,84,102,15
19066,ext_43076d48,0,84,102,15
19066,ext_4347dc46,0,84,102,15
19066,ext_445f9afc,0,84,102,15
19066,ext_44787027,0,96,102,6
19066,ext_44e0dc20,0,84,102,15
19066,ext_452ddb38,0,84,102,15
19066,ext_45c37b30,0,84,102,15
19066,ext_45ef82dc,0,84,102,15
19066,ext_46267ddb,0,84,102,15
19066,ext_468bde31,0,84,102,15
19066,ext_46c22011,0,84,102,15
19066,ext_473d8bb5,0,84,102,15
19066,ext_48c2445b,0,84,102,15
19066,ext_49b644da,0,84,102,15
19066,ext_4a6afb69,0,87,102,12
19066,ext_4aca0dce,0,84,102,15
19066,ext_4b021e1a,0,84,102,15
19066,ext_4b28d5e9,0,84,102,15
19066,ext_4b526822,0,84,102,15
19066,ext_4bec11f3,0,84,102,15
19066,ext_4d401045,0,84,102,15
19066,ext_4df75289,0,84,102,15
19066,ext_4eb8dc46,0,92,102,8
19066,ext_4f93dea9,0,84,102,15
19066,ext_5100d83c,0,84,102,15
19066,ext_51730c3f,0,84,102,15
19066,ext_51b71a7b,0,87,102,12
19066,ext_523b6186,0,84,102,15
19066,ext_52c86c9b,0,84,102,15
19066,ext_531ad29d,0,84,92,8
19066,ext_5321673e,0,84,102,15
19066,ext_53b80116,0,84,102,15
19066,ext_53f52f35,0,84,102,15
19066,ext_54217849,0,85,102,14
19066,ext_54536a90,0,84,102,15
19066,ext_5455a602,0,85,102,14
19066,ext_547c5cfa,0,84,102,15
19066,ext_569ad615,0,86,102,13
19066,ext_57e6975f,0,96,102,6
19066,ext_58b2b80e,0,84,102,15
19066,ext_58b4d1c8,0,84,102,15
19066,ext_5995c02f,0,84,102,15
19066,ext_59c0fbc4,0,84,102,15
19066,ext_5a6fe35e,0,84,102,15
19066,ext_5ad99843,0,84,102,15
19066,ext_5c300165,0,84,102,15
19066,ext_5d011d88,0,84,102,15
19066,ext_5d263625,0,84,102,15
19066,ext_5f695a19,0,84,102,15
19066,ext_603c23c5,0,84,102,15
19066,ext_614fdb2a,0,84,102,15
19066,ext_61da2a49,0,84,102,15
19066,ext_62480c9a,0,84,102,15
19066,ext_62c33575,0,84,102,15
19066,ext_62da6ac7,0,92,102,8
19066,ext_62dca1d5,0,85,88,4
19066,ext_631be196,0,84,102,15
19066,ext_640c3c36,0,84,102,15
19066,ext_65003a8b,0,84,102,15
19066,ext_6640be8c,0,84,102,15
19066,ext_66724ccc,0,84,102,15
19066,ext_66939b67,0,84,102,15
19066,ext_6720d80b,0,84,102,15
19066,ext_67f8ee78,0,84,102,15
19066,ext_68feee83,0,84,102,15
19066,ext_6ab05625,0,84,102,15
19066,ext_6b7f2bfe,0,84,102,15
19066,ext_6c53ce3d,0,84,102,15
19066,ext_6d46d98f,0,84,102,15
19066,ext_70c3799a,0,84,102,15
19066,ext_723ef636,0,84,102,15
19066,ext_728b05f0,0,84,102,15
19066,ext_73bc00a6,0,84,102,15
19066,ext_74657c1a,0,84,102,15
19066,ext_747b009a,0,84,102,15
19066,ext_74f96de4,0,84,102,15
19066,ext_781f35fc,0,84,102,15
19066,ext_78d588e7,0,84,102,15
19066,ext_79171bf3,0,84,102,15
19066,ext_793c40b4,0,84,102,15
19066,ext_7946b193,0,84,102,15
19066,ext_7a591dae,0,84,102,15
19066,ext_7b37d4fd,0,92,102,8
19066,ext_7c09dc05,0,84,102,15
19066,ext_7ca93ea9,0,84,102,15
19066,ext_7d330cd3,0,85,102,14
19066,ext_7d783db1,0,94,102,7
19066,ext_7ebba76a,0,84,102,15
19066,ext_7eea4ae1,0,84,102,15
19066,ext_802ec874,0,84,102,15
19066,ext_804d6bbc,0,84,102,15
19066,ext_8073d03e,0,84,102,15
19066,ext_80a183d7,0,84,102,15
19066,ext_80b6a6f2,0,84,102,15
19066,ext_80efa1d8,0,84,102,15
19066,ext_8168ef98,0,84,102,15
19066,ext_8184bff6,0,84,102,15
19066,ext_8207d488,0,84,102,15
19066,ext_82354d36,0,84,102,15
19066,ext_83af5013,0,84,102,15
19066,ext_8433e910,0,84,102,15
19066,ext_8675f668,0,84,102,15
19066,ext_86ce7d4c,0,84,102,15
19066,ext_8702823d,0,84,102,15
19066,ext_8703242e,0,84,102,15
19066,ext_871d3d3f,0,84,102,15
19066,ext_8827a94c,0,84,102,15
19066,ext_8a3d192d,0,84,102,15
19066,ext_8bad1ca2,0,84,102,15
19066,ext_8bfb8cc9,0,84,102,15
19066,ext_8c105ed6,0,94,102,7
19066,ext_8c4c3d70,0,84,102,15
19066,ext_8c5fed6d,0,84,102,15
19066,ext_8d033ea1,0,84,102,15
19066,ext_8d1b27c4,0,94,102,7
19066,ext_8e6ecf67,0,84,102,15
19066,ext_8ff71b5e,0,84,102,15
19066,ext_90090fb6,0,84,102,15
19066,ext_904f3517,0,84,102,15
19066,ext_90de3660,0,84,102,15
19066,ext_90fc41fb,0,84,102,15
19066,ext_91313f18,0,84,102,15
19066,ext_9192b515,0,84,102,15
19066,ext_91c58c1c,0,84,102,15
19066,ext_92200351,0,84,102,15
19066,ext_934202b3,0,96,102,6
19066,ext_938f5d48,0,84,102,15
19066,ext_942f7b53,0,84,102,15
19066,ext_95c9524f,0,84,102,15
19066,ext_97119b89,0,84,102,15
19066,ext_97d9c687,0,84,102,15
19066,ext_984dbabb,0,84,102,15
19066,ext_9d25e681,0,84,102,15
19066,ext_9d98bf05,0,84,102,15
19066,ext_9e1e06f7,0,84,102,15
19066,ext_9e2858ba,0,84,102,15
19066,ext_9e8b0322,0,84,102,15
19066,ext_a142744e,0,37,57,14
19066,ext_a279f3a2,0,84,102,15
19066,ext_a5a9f96d,0,84,102,15
19066,ext_a714cc37,0,84,102,15
19066,ext_a743305e,0,84,102,15
19066,ext_a78a7203,0,84,102,15
19066,ext_a78d2a9b,0,84,102,15
19066,ext_a78f2a1b,0,84,102,15
19066,ext_a7c9a391,0,84,102,15
19066,ext_ab71a876,0,88,102,11
19066,ext_ac102932,0,84,102,15
19066,ext_ad158777,0,84,102,15
19066,ext_ad6a2007,0,84,102,15
19066,ext_add492c0,0,84,102,15
19066,ext_aee813e6,0,84,102,15
19066,ext_aeea4d3c,0,94,102,7
19066,ext_b021d40b,0,84,102,15
19066,ext_b206c5a3,0,84,102,15
19066,ext_b229864c,0,84,102,15
19066,ext_b61be77f,0,84,102,15
19066,ext_b775336f,0,84,102,15
19066,ext_b867e49c,0,84,102,15
19066,ext_b9744c2d,0,84,102,15
19066,ext_ba013fba,0,84,102,15
19066,ext_bca4424f,0,84,102,15
19066,ext_bd1048d3,0,84,102,15
19066,ext_be79bfa4,0,84,102,15
19066,ext_c08a9389,0,84,102,15
19066,ext_c14b67f8,0,84,102,15
19066,ext_c1a8e9d4,0,84,102,15
19066,ext_c1bcae39,0,84,102,15
19066,ext_c1f2a1e9,0,84,102,15
19066,ext_c2356515,0,84,102,15
19066,ext_c2e0bfe3,0,84,102,15
19066,ext_c441b16c,0,84,102,15
19066,ext_c48f9066,0,84,102,15
19066,ext_c4f4c4d1,0,84,102,15
19066,ext_c6ee8997,0,84,102,15
19066,ext_c75dd4b2,0,84,102,15
19066,ext_c89eadf7,0,84,102,15
19066,ext_ca2cdd69,0,84,102,15
19066,ext_cb23619c,0,84,102,15
19066,ext_cb5cdd7b,0,84,102,15
19066,ext_cd09779d,0,84,102,15
19066,ext_cdc651a2,0,84,102,15
19066,ext_ce3bf685,0,86,102,13
19066,ext_ceb941ad,0,84,102,15
19066,ext_ceefd0e4,0,84,102,15
19066,ext_d22a60b0,0,84,102,15
19066,ext_d286b7aa,0,87,102,12
19066,ext_d497a4de,0,84,102,15
19066,ext_d804f16d,0,84,102,15
19066,ext_d8216a7c,0,86,102,13
19066,ext_d98df0a8,0,84,102,15
19066,ext_da9c383f,0,84,102,15
19066,ext_db622062,0,84,102,15
19066,ext_dbb666ba,0,84,102,15
19066,ext_dbcc1acb,0,84,102,15
19066,ext_dc1f54fb,0,84,102,15
19066,ext_dd62e714,0,84,102,15
19066,ext_dde5476c,0,84,102,15
19066,ext_dee97f79,0,84,102,15
19066,ext_df463fe2,0,84,102,15
19066,ext_e04cee1d,0,84,102,15
19066,ext_e0af1b9c,0,84,102,15
19066,ext_e0b46b12,0,84,102,15
19066,ext_e0bc2b8b,0,84,102,15
19066,ext_e113ce0a,0,84,102,15
19066,ext_e23e4c18,0,84,102,15
19066,ext_e262f112,0,84,102,15
19066,ext_e2900f50,0,84,102,15
19066,ext_e3ade329,0,84,102,15
19066,ext_e3dba8c5,0,84,102,15
19066,ext_e50c92fa,0,84,102,15
19066,ext_e5702fc8,0,84,102,15
19066,ext_e5f532cf,0,97,102,5
19066,ext_e62a466b,0,84,102,15
19066,ext_e96e2812,0,84,102,15
19066,ext_ecaf2e64,0,87,102,12
19066,ext_ed78f34a,0,84,102,15
19066,ext_ef27df53,0,84,102,15
19066,ext_ef846885,0,84,102,15
19066,ext_efe19fc1,0,84,102,15
19066,ext_f1db8853,0,84,102,15
19066,ext_f1ea37ec,0,84,102,15
19066,ext_f236d490,0,84,102,15
19066,ext_f2c913d1,0,84,102,15
19066,ext_f403449f,0,84,102,15
19066,ext_f426731f,0,84,102,15
19066,ext_f552116c,0,84,102,15
19066,ext_f5b802a0,0,84,102,15
19066,ext_f5b9fd5e,0,84,102,15
19066,ext_f5c3e992,0,84,102,15
19066,ext_f84e0fbd,0,84,102,15
19066,ext_f8da5d33,0,84,102,15
19066,ext_f999449f,0,84,102,15
19066,ext_f9b2d083,0,84,102,15
19066,ext_f9d90e41,0,84,102,15
19066,ext_f9db0c4b,0,84,102,15
19066,ext_f9e7c530,0,84,102,15
19066,ext_fb307a65,0,84,102,15
19066,ext_fdd9bb56,0,84,102,15
19844,19844,1,59,85,25
19844,36143,1,59,85,25
19844,38901,1,59,85,25
19844,44167,1,59,85,25
19844,45292,1,59,85,25
19844,45945,1,59,85,25
19844,46160,1,59,85,25
19844,46584,1,59,85,25
19844,46771,1,59,85,25
19844,50947,1,59,85,25
19844,52385,1,59,85,25
19844,53275,1,59,85,25
19844,62555,1,59,85,25
19844,62560,1,59,85,25
19844,71782,1,59,80,20
19844,72746,1,59,85,25
19844,75468,1,59,85,25
19844,77824,1,59,72,12
19844,86237,1,59,85,25
19844,ext_00884418,0,59,85,25
19844,ext_008f8016,0,64,85,20
19844,ext_00c1f733,0,64,85,20
19844,ext_01c5bc4a,0,59,63,5
19844,ext_01e0e47e,0,64,85,20
19844,ext_0233e2b7,0,59,85,25
19844,ext_024ffb65,0,59,85,25
19844,ext_0267d24d,0,59,85,25
19844,ext_02e554ae,0,59,85,25
19844,ext_02f4dade,0,59,85,25
19844,ext_0343ecad,0,59,85,25
19844,ext_0383d682,0,59,85,25
19844,ext_03fa0adc,0,59,63,5
19844,ext_0403c8fd,0,59,85,25
19844,ext_04276ccc,0,59,85,25
19844,ext_0634c140,0,59,85,25
19844,ext_06acf13a,0,64,85,20
19844,ext_06c23826,0,59,85,25
19844,ext_073e4881,0,59,85,25
19844,ext_07405b98,0,82,85,4
19844,ext_07658b76,0,59,85,25
19844,ext_0787a806,0,78,85,8
19844,ext_079f1e58,0,59,85,25
19844,ext_07a59e28,0,59,63,5
19844,ext_080142b8,0,59,85,25
19844,ext_0888a945,0,59,83,22
19844,ext_08eba5fb,0,59,85,25
19844,ext_08fb8379,0,59,85,25
19844,ext_0910820f,0,59,85,25
19844,ext_091c2ab0,0,59,85,25
19844,ext_09be68b4,0,59,63,5
19844,ext_09e6d37e,0,59,85,25
19844,ext_0a39eeea,0,59,85,25
19844,ext_0b068b10,0,59,85,25
19844,ext_0bb40276,0,59,85,25
19844,ext_0d2b0a67,0,59,85,25
19844,ext_0ecb82ad,0,59,85,25
19844,ext_0f22f29a,0,59,85,25
19844,ext_104c42c3,0,59,85,25
19844,ext_11bd9537,0,59,85,25
19844,ext_11d890d5,0,59,63,5
19844,ext_12413aea,0,59,85,25
19844,ext_133bd6fd,0,65,85,19
19844,ext_15228fd0,0,59,85,25
19844,ext_153377b9,0,59,85,25
19844,ext_1541df58,0,64,85,20
19844,ext_1628b8d3,0,59,85,25
19844,ext_169e976a,0,59,85,25
19844,ext_182a0c65,0,59,63,5
19844,ext_18886178,0,59,85,25
19844,ext_18b49de8,0,59,85,25
19844,ext_194d5ce4,0,59,85,25
19844,ext_195409af,0,59,63,5
19844,ext_19d1e79c,0,59,85,25
19844,ext_1a20aabb,0,59,85,25
19844,ext_1b3d9dc1,0,59,85,25
19844,ext_1dd6db49,0,59,85,25
19844,ext_21c9fc80,0,59,85,25
19844,ext_21e66e41,0,59,85,25
19844,ext_22208010,0,81,85,5
19844,ext_22e11991,0,59,85,25
19844,ext_247b3eac,0,64,85,20
19844,ext_24969081,0,59,85,25
19844,ext_24cd2a1c,0,59,85,25
19844,ext_2581f669,0,59,63,5
19844,ext_25986dc5,0,59,85,25
19844,ext_2644542e,0,67,85,17
19844,ext_2686bcd9,0,59,85,25
19844,ext_268f6bc7,0,64,85,20
19844,ext_271dd8fc,0,64,85,20
19844,ext_2759de8a,0,59,85,25
19844,ext_2823c16b,0,59,85,25
19844,ext_28c274e7,0,59,85,25
19844,ext_293d1d91,0,59,85,25
19844,ext_2986fd19,0,59,85,25
19844,ext_29ca91c0,0,59,85,25
19844,ext_29e7f7be,0,59,63,5
19844,ext_2a3177f1,0,59,85,25
19844,ext_2a39fbd3,0,59,85,25
19844,ext_2c136e10,0,63,85,21
19844,ext_2cc0cafa,0,59,85,25
19844,ext_2d3cd08a,0,64,85,20
19844,ext_2d8f4d69,0,59,85,25
19844,ext_2e9a327e,0,82,85,4
19844,ext_2ea4c737,0,59,85,25
19844,ext_2f6368fe,0,59,83,22
19844,ext_3004ec26,0,59,85,25
19844,ext_30128bfd,0,64,85,20
19844,ext_30ef4357,0,59,85,25
19844,ext_3312fe20,0,59,85,25
19844,ext_344b8bd7,0,59,85,25
19844,ext_34aa7c0f,0,64,85,20
19844,ext_3583b090,0,59,85,25
19844,ext_35f65604,0,59,85,25
19844,ext_362127a6,0,64,85,20
19844,ext_36823df6,0,59,85,25
19844,ext_3703e63c,0,59,85,25
19844,ext_384d9fa9,0,59,85,25
19844,ext_38b89eaf,0,59,85,25
19844,ext_38d7910d,0,59,85,25
19844,ext_3aa9ac88,0,59,85,25
19844,ext_3b594a68,0,59,85,25
19844,ext_3bf1ee82,0,59,85,25
19844,ext_3eac3c62,0,59,85,25
19844,ext_3ec2f0c5,0,59,85,25
19844,ext_3ecfe7f2,0,59,85,25
19844,ext_4104cdf4,0,73,85,13
19844,ext_412762c2,0,59,85,25
19844,ext_41e22987,0,64,85,20
19844,ext_420833bb,0,59,85,25
19844,ext_42739662,0,59,85,25
19844,ext_42751051,0,59,85,25
19844,ext_4280fcae,0,59,85,25
19844,ext_42dd1a6f,0,59,85,25
19844,ext_4348d004,0,59,85,25
19844,ext_4395c4f8,0,59,85,25
19844,ext_43999940,0,59,85,25
19844,ext_44398974,0,59,85,25
19844,ext_44ef2ec5,0,59,85,25
19844,ext_459e9528,0,82,85,4
19844,ext_45c37b30,0,59,85,25
19844,ext_463f8c89,0,59,85,25
19844,ext_465d0b8e,0,59,85,25
19844,ext_467650f7,0,59,85,25
19844,ext_46b44d76,0,59,85,25
19844,ext_47399789,0,59,85,25
19844,ext_4770573f,0,59,85,25
19844,ext_48636f0d,0,59,85,25
19844,ext_48c59778,0,59,85,25
19844,ext_49086973,0,59,85,25
19844,ext_491a3029,0,59,85,25
19844,ext_492085ab,0,59,85,25
19844,ext_493990c5,0,59,85,25
19844,ext_4af47849,0,59,85,25
19844,ext_4b424c39,0,59,85,25
19844,ext_4b8afa1a,0,64,85,20
19844,ext_4e059c2f,0,59,63,5
19844,ext_4e201b3c,0,59,85,25
19844,ext_4e54a507,0,59,85,25
19844,ext_4ea3509d,0,59,85,25
19844,ext_4eb949e2,0,64,85,20
19844,ext_4ef86cd6,0,59,85,25
19844,ext_4ffd07e1,0,80,85,6
19844,ext_50ccc3f2,0,59,85,25
19844,ext_50df916b,0,59,85,25
19844,ext_51287829,0,59,85,25
19844,ext_513d1ff6,0,59,85,25
19844,ext_518115da,0,59,85,25
19844,ext_5277c791,0,59,85,25
19844,ext_53a8c681,0,59,85,25
19844,ext_53b80116,0,59,85,25
19844,ext_54b941c9,0,59,85,25
19844,ext_54ffd58b,0,59,85,25
19844,ext_553880c4,0,59,85,25
19844,ext_5552d9c7,0,59,85,25
19844,ext_56146862,0,59,67,6
19844,ext_568e9abe,0,59,85,25
19844,ext_56e0ae7d,0,59,85,25
19844,ext_584d4852,0,59,85,25
19844,ext_591cf4a9,0,59,85,25
19844,ext_59a1e9b5,0,59,85,25
19844,ext_59d1d20e,0,64,85,4
19844,ext_5bb7ac29,0,59,85,25
19844,ext_5be9f815,0,64,85,20
19844,ext_5c2a84a5,0,59,85,25
19844,ext_5c90392d,0,77,85,9
19844,ext_5cd5dfd9,0,59,85,25
19844,ext_5ce58f06,0,59,85,25
19844,ext_5d266eb2,0,59,85,25
19844,ext_5da7d508,0,59,85,25
19844,ext_5df13999,0,59,85,25
19844,ext_5df4b9c2,0,59,63,5
19844,ext_5e162b1d,0,59,85,25
19844,ext_5e98828a,0,59,85,25
19844,ext_5eebc874,0,59,85,25
19844,ext_5f3b446d,0,59,83,6
19844,ext_5f3d4bae,0,59,85,25
19844,ext_5fef48b9,0,59,85,25
19844,ext_60206bd9,0,59,63,5
19844,ext_602b1497,0,59,63,5
19844,ext_60457c8d,0,59,85,25
19844,ext_60fa603d,0,59,85,25
19844,ext_6146a6e6,0,59,85,25
19844,ext_6190634e,0,59,63,5
19844,ext_62c52f20,0,59,63,5
19844,ext_62dc7acc,0,59,85,25
19844,ext_63606ca9,0,59,85,25
19844,ext_63f8c18c,0,59,85,25
19844,ext_64b34169,0,59,85,25
19844,ext_64cb3ffc,0,59,85,25
19844,ext_6512fb5f,0,59,85,25
19844,ext_655a47b2,0,59,85,25
19844,ext_6593c294,0,63,85,21
19844,ext_65a48a13,0,59,85,25
19844,ext_65fa345c,0,59,85,25
19844,ext_670da5b1,0,59,85,25
19844,ext_679dd04c,0,59,85,25
19844,ext_67b445d7,0,59,85,25
19844,ext_68df7aee,0,59,85,25
19844,ext_68f67325,0,64,85,20
19844,ext_69014275,0,59,85,25
19844,ext_6a49f337,0,59,85,25
19844,ext_6cccee7d,0,64,85,4
19844,ext_6ce0ec7d,0,59,85,25
19844,ext_6ceb05c7,0,59,85,25
19844,ext_6ceb18d1,0,83,85,3
19844,ext_6eff5130,0,59,85,25
19844,ext_6f507313,0,59,85,25
19844,ext_6f70cf5b,0,59,63,5
19844,ext_71d7611c,0,59,85,25
19844,ext_71e9f9d6,0,59,85,25
19844,ext_722fd46c,0,59,85,25
19844,ext_727b47e0,0,59,85,25
19844,ext_74b0c28a,0,59,85,25
19844,ext_74b2542d,0,59,85,25
19844,ext_74ccb3ae,0,59,85,25
19844,ext_75cb085e,0,59,85,25
19844,ext_77135f20,0,59,63,5
19844,ext_7744769e,0,59,85,25
19844,ext_77701a6e,0,59,85,25
19844,ext_77fb6486,0,59,85,25
19844,ext_787603da,0,59,85,25
19844,ext_78e91891,0,59,85,25
19844,ext_78f8635f,0,64,85,20
19844,ext_79be5d94,0,59,85,25
19844,ext_79c0db4b,0,59,85,25
19844,ext_79ec1031,0,59,85,25
19844,ext_7b032d99,0,59,85,25
19844,ext_7c09dc05,0,59,85,25
19844,ext_7c8956c3,0,59,85,25
19844,ext_7d5df4ee,0,59,85,25
19844,ext_7d783db1,0,83,85,3
19844,ext_7d9785ac,0,59,85,25
19844,ext_7f68c5f4,0,59,85,25
19844,ext_7f721287,0,59,85,25
19844,ext_7f911af8,0,59,85,25
19844,ext_7fdae579,0,59,85,25
19844,ext_804ceaac,0,64,85,20
19844,ext_816ecc5d,0,59,63,5
19844,ext_822fdfe0,0,59,85,25
19844,ext_8326b138,0,59,85,25
19844,ext_83954d54,0,64,85,20
19844,ext_842f19d1,0,59,85,25
19844,ext_84b773ea,0,59,85,25
19844,ext_84c8d328,0,59,85,25
19844,ext_85351382,0,59,85,25
19844,ext_86388003,0,63,85,21
19844,ext_873fed69,0,59,85,25
19844,ext_87ac24d1,0,59,85,25
19844,ext_8960e7c3,0,59,85,25
19844,ext_89c1c8e9,0,59,63,5
19844,ext_8a6229bc,0,59,85,25
19844,ext_8b5a3615,0,59,85,25
19844,ext_8bbc8942,0,59,85,25
19844,ext_8bcd4b48,0,61,85,23
19844,ext_8beacfdc,0,59,85,25
19844,ext_8e343698,0,59,85,25
19844,ext_8eff0980,0,59,85,25
19844,ext_8f0e494e,0,59,85,25
19844,ext_8ff77af4,0,59,85,25
19844,ext_9004704c,0,59,85,25
19844,ext_92b4c1cc,0,59,85,25
19844,ext_92f586be,0,64,85,20
19844,ext_96cf4a0c,0,78,85,8
19844,ext_9742d2ad,0,59,63,5
19844,ext_982a0887,0,59,85,25
19844,ext_9868fc73,0,59,85,25
19844,ext_98a4f6bb,0,59,85,25
19844,ext_98a84a83,0,59,85,25
19844,ext_9926a1a3,0,59,85,25
19844,ext_9a941b4e,0,59,85,25
19844,ext_9ab859e8,0,59,85,25
19844,ext_9bb2eccc,0,59,85,25
19844,ext_9bbfac94,0,59,85,25
19844,ext_9c16f277,0,59,85,25
19844,ext_9c20500f,0,59,85,25
19844,ext_9c6fe8a6,0,59,85,25
19844,ext_9ca232c1,0,64,85,20
19844,ext_9cc6f048,0,77,85,9
19844,ext_9ceb6c8e,0,59,85,25
19844,ext_9d55994a,0,59,85,25
19844,ext_9da17511,0,59,85,25
19844,ext_9dbc709d,0,59,63,5
19844,ext_9de8fd59,0,64,64,1
19844,ext_9f468b9c,0,77,85,9
19844,ext_9f68e3b8,0,59,85,25
19844,ext_9fb53033,0,59,85,25
19844,ext_a1803456,0,59,85,25
19844,ext_a25d3bc3,0,59,85,25
19844,ext_a293406e,0,59,85,25
19844,ext_a30ca73e,0,59,85,25
19844,ext_a3ef67b9,0,83,85,3
19844,ext_a412e2c8,0,59,85,25
19844,ext_a42a0945,0,59,63,5
19844,ext_a649ae7c,0,59,85,25
19844,ext_a75a63d4,0,59,85,25
19844,ext_a869ab06,0,64,85,20
19844,ext_a8cd61d3,0,59,85,25
19844,ext_a9876da0,0,59,85,25
19844,ext_aab17384,0,59,63,5
19844,ext_aab25fc7,0,59,85,25
19844,ext_aae457ae,0,59,85,25
19844,ext_ac623b5a,0,59,85,25
19844,ext_ace9c755,0,59,85,25
19844,ext_acfa1de4,0,59,85,25
19844,ext_ad7c14a6,0,59,85,25
19844,ext_aeac6050,0,59,85,25
19844,ext_aedca732,0,61,62,2
19844,ext_af00b9a0,0,59,85,25
19844,ext_af724c72,0,59,85,25
19844,ext_afcb95cf,0,59,85,25
19844,ext_b0c399a2,0,59,85,25
19844,ext_b0e0c888,0,59,85,25
19844,ext_b1dc47c5,0,82,85,4
19844,ext_b287aecc,0,59,85,25
19844,ext_b2bc4f99,0,59,63,5
19844,ext_b2cf4c1e,0,59,85,25
19844,ext_b3ae6c27,0,59,85,25
19844,ext_b3cb7d5c,0,59,85,13
19844,ext_b447452e,0,64,85,20
19844,ext_b4877804,0,59,85,25
19844,ext_b48852e1,0,65,85,19
19844,ext_b58efbb3,0,59,85,25
19844,ext_b5a89d11,0,59,85,25
19844,ext_b5b85fcb,0,59,85,25
19844,ext_b655ce59,0,59,85,25
19844,ext_b6653a1d,0,59,85,25
19844,ext_b6a17e63,0,59,85,25
19844,ext_b6fe8b09,0,64,85,20
19844,ext_b7ae7f73,0,59,63,5
19844,ext_b833f963,0,59,85,25
19844,ext_b8f39dfb,0,59,85,25
19844,ext_b959369c,0,59,85,25
19844,ext_b9fcf285,0,61,85,23
19844,ext_ba305616,0,59,85,25
19844,ext_babe913e,0,59,85,25
19844,ext_bba4036b,0,59,85,25
19844,ext_bc4c3357,0,59,85,25
19844,ext_bc79653c,0,59,85,25
19844,ext_bcb367c1,0,64,85,20
19844,ext_bd435e49,0,64,85,20
19844,ext_bdf14a3c,0,59,85,25
19844,ext_bdf904c0,0,65,83,12
19844,ext_bdfb4617,0,59,85,25
19844,ext_be097eba,0,59,85,25
19844,ext_bee0c926,0,59,85,25
19844,ext_bf70ffd3,0,59,85,25
19844,ext_bff8b8e8,0,59,85,25
19844,ext_c0be7c9a,0,59,85,25
19844,ext_c2db8281,0,59,85,25
19844,ext_c37ca9e4,0,59,85,25
19844,ext_c48510bf,0,59,85,25
19844,ext_c65129d3,0,59,85,25
19844,ext_c6730733,0,59,85,25
19844,ext_c93906fc,0,59,85,25
19844,ext_c95b985d,0,59,85,25
19844,ext_c9972590,0,59,85,25
19844,ext_c9b70468,0,59,85,25
19844,ext_c9d6a203,0,59,85,25
19844,ext_ca108877,0,59,85,25
19844,ext_ca2cdd69,0,59,85,25
19844,ext_cab44ff3,0,59,85,25
19844,ext_cab6b774,0,59,85,25
19844,ext_cbed3de4,0,59,85,25
19844,ext_cbffc63a,0,59,85,25
19844,ext_cc0d2424,0,59,85,25
19844,ext_cc3e035a,0,59,85,25
19844,ext_cd8d5eb5,0,59,85,25
19844,ext_ce283529,0,59,85,25
19844,ext_cebf63d1,0,59,85,25
19844,ext_cfe06130,0,59,85,25
19844,ext_cff77bec,0,59,85,25
19844,ext_d162d810,0,59,85,25
19844,ext_d186d8ea,0,59,85,25
19844,ext_d1f6019b,0,59,63,5
19844,ext_d357a212,0,59,85,25
19844,ext_d3592856,0,59,85,25
19844,ext_d36f40de,0,59,85,25
19844,ext_d3f66dab,0,62,85,22
19844,ext_d4b2b9e7,0,59,85,25
19844,ext_d4e70228,0,59,85,25
19844,ext_d548b5be,0,59,85,25
19844,ext_d568436c,0,62,85,22
19844,ext_d5c53c58,0,64,85,20
19844,ext_d6213ca5,0,59,85,25
19844,ext_d7757d1e,0,59,85,25
19844,ext_d837b85d,0,59,85,25
19844,ext_d843f53d,0,59,85,25
19844,ext_d86ef6fa,0,59,85,25
19844,ext_d9e5bf4c,0,59,63,5
19844,ext_da5d5caf,0,59,85,25
19844,ext_da8b1c48,0,59,85,25
19844,ext_dd189a30,0,59,63,5
19844,ext_dd5457f5,0,59,85,25
19844,ext_ddba0e39,0,59,85,25
19844,ext_de19374d,0,59,85,25
19844,ext_dedcced1,0,59,85,25
19844,ext_dfeea1df,0,59,85,25
19844,ext_e0348ade,0,59,85,25
19844,ext_e2e2bbe6,0,59,85,25
19844,ext_e39c52d6,0,59,85,25
19844,ext_e3ae259f,0,59,85,25
19844,ext_e3e7ff2a,0,59,85,25
19844,ext_e4495f18,0,80,85,6
19844,ext_e489f852,0,59,85,25
19844,ext_e4f578b3,0,59,85,25
19844,ext_e6219e9e,0,59,85,25
19844,ext_e7874d1c,0,59,85,25
19844,ext_e8031549,0,59,85,25
19844,ext_e8321831,0,59,85,25
19844,ext_e893929d,0,59,85,25
19844,ext_e8da42d2,0,64,85,20
19844,ext_e9e3ce33,0,82,85,4
19844,ext_ea634faa,0,59,85,25
19844,ext_ed198f56,0,59,85,25
19844,ext_eea707b9,0,59,85,25
19844,ext_ef657a5a,0,59,85,25
19844,ext_efa0f668,0,59,85,25
19844,ext_efa134f8,0,59,85,25
19844,ext_f03d7d00,0,59,85,25
19844,ext_f07884cb,0,59,85,25
19844,ext_f165b34a,0,59,63,5
19844,ext_f1a7306f,0,59,85,25
19844,ext_f20e7b0c,0,59,85,25
19844,ext_f23c3b05,0,59,85,25
19844,ext_f27eb9e5,0,64,85,20
19844,ext_f3115add,0,59,85,25
19844,ext_f3280f01,0,59,63,5
19844,ext_f32cd8b5,0,59,63,5
19844,ext_f3bb81bb,0,59,85,25
19844,ext_f48dc9c8,0,59,85,25
19844,ext_f50c6689,0,59,85,25
19844,ext_f51253a0,0,59,85,25
19844,ext_f549f300,0,59,63,5
19844,ext_f6ab1029,0,59,85,25
19844,ext_f6b7c09f,0,59,85,25
19844,ext_f6cf4837,0,59,85,25
19844,ext_f6d1dc09,0,59,85,25
19844,ext_f7a2675f,0,59,63,5
19844,ext_f801e785,0,59,63,5
19844,ext_f80714d3,0,59,85,25
19844,ext_f80f7644,0,59,85,25
19844,ext_f85fbb03,0,64,85,20
19844,ext_fa4973e0,0,59,85,25
19844,ext_fa544533,0,64,85,20
19844,ext_fab7490e,0,59,85,25
19844,ext_fae7a884,0,59,85,25
19844,ext_faedce4d,0,59,63,5
19844,ext_fb5b53b4,0,59,85,25
19844,ext_fde7a418,0,59,85,25
19844,ext_fdf2ccec,0,59,85,25
19844,ext_fe56e45f,0,59,85,25
19844,ext_fefbe76a,0,64,85,20
21350,21350,1,59,84,26
21350,39122,1,63,84,22
21350,46584,1,84,84,1
21350,47230,1,59,84,26
21350,66052,1,59,84,26
21350,66404,1,59,84,26
21350,ext_0316bdc2,0,59,84,26
21350,ext_05eb0779,0,59,84,26
21350,ext_07a146c5,0,59,84,26
21350,ext_0f17266a,0,59,84,26
21350,ext_0fb7434e,0,59,84,26
21350,ext_12dcc83e,0,79,84,6
21350,ext_13b90b99,0,59,84,26
21350,ext_165da69b,0,59,84,26
21350,ext_187bb756,0,59,84,26
21350,ext_18d8293b,0,59,84,26
21350,ext_197d315c,0,59,84,26
21350,ext_1c3b493a,0,59,84,26
21350,ext_1ef6c71e,0,59,84,26
21350,ext_1f9c41e7,0,59,84,26
21350,ext_21fba953,0,59,84,26
21350,ext_243901dd,0,59,84,26
21350,ext_25b7c691,0,59,84,26
21350,ext_26759244,0,59,84,26
21350,ext_28ea4e7f,0,59,84,26
21350,ext_2d0f0b86,0,59,84,26
21350,ext_2d6f75ea,0,59,84,26
21350,ext_2ed237f5,0,59,84,26
21350,ext_2fa20ddb,0,59,84,26
21350,ext_34ff6436,0,59,84,26
21350,ext_35468993,0,59,84,26
21350,ext_36cbf2f6,0,64,84,21
21350,ext_372b4570,0,77,84,8
21350,ext_37723572,0,59,66,8
21350,ext_39ff5d65,0,59,84,26
21350,ext_3b31b4aa,0,59,84,26
21350,ext_402479c6,0,68,84,17
21350,ext_4028f45d,0,59,84,26
21350,ext_42cc78f0,0,59,84,26
21350,ext_4319cff6,0,59,84,26
21350,ext_44e81c2e,0,59,84,26
21350,ext_45c37b30,0,59,84,26
21350,ext_486764cb,0,59,84,26
21350,ext_4959cd5b,0,59,84,26
21350,ext_4af4c065,0,59,84,26
21350,ext_4f1073b8,0,59,84,26
21350,ext_4f325c07,0,59,84,26
21350,ext_53069016,0,59,84,26
21350,ext_54d91cbb,0,59,84,26
21350,ext_55b6c2fe,0,59,84,26
21350,ext_5731e80a,0,59,84,26
21350,ext_5b1ee6c1,0,59,84,26
21350,ext_5be54f15,0,59,84,26
21350,ext_5d5deb72,0,59,84,26
21350,ext_5ddaba74,0,59,84,26
21350,ext_5eb1efb1,0,59,84,26
21350,ext_6013eef7,0,59,84,26
21350,ext_602952e3,0,59,84,26
21350,ext_61817fbf,0,59,84,26
21350,ext_61c1ccbf,0,65,84,20
21350,ext_63300466,0,59,84,26
21350,ext_638ca438,0,59,84,26
21350,ext_6549bd94,0,59,84,26
21350,ext_67289d21,0,59,84,26
21350,ext_6858a87b,0,59,84,26
21350,ext_69c6e820,0,59,84,26
21350,ext_6a7becd6,0,59,84,26
21350,ext_6aaf43b1,0,59,84,26
21350,ext_6b9dfc33,0,59,84,26
21350,ext_6c6f5c8f,0,59,84,26
21350,ext_6d6b6e0b,0,59,84,26
21350,ext_6ee91841,0,60,84,25
21350,ext_7041d1ea,0,59,84,26
21350,ext_70bafcc7,0,59,84,26
21350,ext_70f21375,0,59,84,26
21350,ext_71b066a4,0,59,84,26
21350,ext_7508d75b,0,59,84,26
21350,ext_75c37367,0,81,84,4
21350,ext_75f6e977,0,59,84,26
21350,ext_7727b9eb,0,59,84,26
21350,ext_780801c0,0,59,84,26
21350,ext_78190752,0,59,84,26
21350,ext_781f35fc,0,59,84,26
21350,ext_7a2970b7,0,59,84,26
21350,ext_7a2a6381,0,59,84,26
21350,ext_7d05774b,0,59,84,26
21350,ext_7ebbb0c1,0,59,84,26
21350,ext_7f0b6ac9,0,59,84,26
21350,ext_82a9c129,0,59,84,26
21350,ext_83233f6b,0,59,84,26
21350,ext_8350a202,0,59,84,26
21350,ext_848cd40b,0,59,84,26
21350,ext_84e71636,0,59,84,26
21350,ext_87705365,0,59,84,26
21350,ext_87f2f6d9,0,59,84,26
21350,ext_8968409a,0,59,84,26
21350,ext_8ee94345,0,59,84,26
21350,ext_8fdb1ea2,0,59,84,26
21350,ext_9197ddc3,0,59,84,26
21350,ext_92b88dd2,0,64,84,21
21350,ext_936ce5f1,0,59,84,26
21350,ext_9492c280,0,69,84,16
21350,ext_968bcc3c,0,59,84,26
21350,ext_97a715b6,0,80,84,5
21350,ext_97c157c0,0,59,84,26
21350,ext_9b7846a1,0,59,84,26
21350,ext_9bbdb4a5,0,59,84,26
21350,ext_9c5343e9,0,59,84,26
21350,ext_9d750120,0,78,84,7
21350,ext_9f79d634,0,59,84,26
21350,ext_a00dc7fb,0,62,84,23
21350,ext_a5abbbd6,0,59,84,26
21350,ext_a5f5e29a,0,59,84,26
21350,ext_a8af6396,0,78,84,7
21350,ext_a8ce628f,0,59,84,26
21350,ext_ab526fc6,0,59,84,26
21350,ext_abff857f,0,59,84,26
21350,ext_ac52c42c,0,59,84,26
21350,ext_ac66d178,0,59,84,26
21350,ext_ad1cde2a,0,59,84,26
21350,ext_ad9533b4,0,59,84,26
21350,ext_af74f092,0,59,84,26
21350,ext_b413c3bf,0,65,84,20
21350,ext_b461fcf5,0,59,84,26
21350,ext_b491af32,0,59,84,26
21350,ext_b4e4c051,0,59,84,26
21350,ext_b551c2d7,0,59,84,26
21350,ext_b5ee9b98,0,65,84,20
21350,ext_b65aa551,0,59,84,26
21350,ext_b6d1f0c6,0,59,84,26
21350,ext_b8b13dfc,0,59,84,26
21350,ext_b9a18f3f,0,67,84,18
21350,ext_bc767e9b,0,59,84,26
21350,ext_bcc25391,0,59,84,26
21350,ext_bd2dd1a0,0,59,84,26
21350,ext_bfc7113b,0,59,84,26
21350,ext_bfd1ddd2,0,59,84,26
21350,ext_c16e15a9,0,59,84,26
21350,ext_c2d1ad32,0,59,84,26
21350,ext_c489eb27,0,62,84,23
21350,ext_c63f2ab5,0,66,84,19
21350,ext_c7a7e317,0,71,84,14
21350,ext_c846fc19,0,67,84,18
21350,ext_c89fbcf8,0,59,84,26
21350,ext_cd59d71a,0,59,84,26
21350,ext_d3493ca1,0,59,84,26
21350,ext_d46dcef7,0,59,84,26
21350,ext_d4cff953,0,59,84,26
21350,ext_d94917b8,0,59,84,26
21350,ext_dafddd10,0,59,84,26
21350,ext_db71685e,0,59,84,26
21350,ext_de78db2e,0,59,84,26
21350,ext_de81a840,0,59,84,26
21350,ext_dfc4f9c6,0,59,84,26
21350,ext_e120a413,0,59,84,26
21350,ext_e20c8848,0,59,84,26
21350,ext_e221282d,0,59,84,26
21350,ext_e2bea395,0,59,84,26
21350,ext_e38b59e9,0,59,84,26
21350,ext_e44cffd3,0,70,72,3
21350,ext_e5923695,0,59,84,26
21350,ext_e6fffede,0,59,84,26
21350,ext_e8791f55,0,59,84,26
21350,ext_e87bfe6d,0,59,84,26
21350,ext_eba2dea4,0,59,84,26
21350,ext_ed6c2eb5,0,59,84,26
21350,ext_f13d7744,0,59,84,26
21350,ext_f1693e24,0,59,84,26
21350,ext_f5730387,0,59,84,26
21350,ext_f63e37f6,0,59,84,26
21350,ext_f932f064,0,59,84,26
21350,ext_fd99faf0,0,59,84,26
21350,ext_fdba97b7,0,59,84,26
21350,ext_fe79a4fb,0,69,84,16
21350,ext_fefd73bd,0,59,84,26
21350,ext_fffacfc7,0,59,84,26
22617,38901,1,64,86,5
22617,ext_02ff7881,0,64,86,4
22617,ext_04dc3f76,0,64,86,3
22617,ext_0712bd9d,0,63,86,10
22617,ext_0a39eeea,0,63,86,9
22617,ext_0c2db665,0,64,86,6
22617,ext_0db00645,0,64,86,4
22617,ext_0ebcc9b0,0,64,86,8
22617,ext_0fd39c73,0,63,86,10
22617,ext_0fe71dcc,0,64,86,4
22617,ext_14db01cf,0,64,67,2
22617,ext_1bd160b2,0,67,67,1
22617,ext_20298ee4,0,67,67,1
22617,ext_2264da95,0,67,67,1
22617,ext_24475332,0,64,86,7
22617,ext_25f87d61,0,64,86,3
22617,ext_29fcf65d,0,64,86,3
22617,ext_372482dc,0,63,86,10
22617,ext_3e043b8d,0,63,86,10
22617,ext_3e4a8049,0,64,86,3
22617,ext_42bca8b2,0,67,67,1
22617,ext_43ffa409,0,63,86,10
22617,ext_444bc435,0,64,86,3
22617,ext_44a3e43f,0,64,86,4
22617,ext_47553e9d,0,67,67,1
22617,ext_491e1a2b,0,64,86,7
22617,ext_4d5036b9,0,64,86,4
22617,ext_4e3428c9,0,64,86,8
22617,ext_5511229e,0,67,67,1
22617,ext_5526568d,0,64,86,3
22617,ext_55b6c2fe,0,64,86,7
22617,ext_5868c3e4,0,64,86,6
22617,ext_619c22f1,0,63,86,10
22617,ext_6d2b74a4,0,64,86,3
22617,ext_6d39d403,0,67,67,1
22617,ext_7137ad82,0,64,86,4
22617,ext_713922e3,0,64,86,4
22617,ext_793beec5,0,63,86,10
22617,ext_7c91fa4c,0,63,86,10
22617,ext_7e51e0e9,0,64,67,2
22617,ext_7ee9ac4d,0,64,86,6
22617,ext_7f3aa68f,0,64,86,5
22617,ext_8133ebcb,0,67,67,1
22617,ext_82f9783e,0,67,67,1
22617,ext_8502bfd2,0,64,67,2
22617,ext_87449a63,0,64,86,8
22617,ext_876b26d5,0,64,86,6
22617,ext_896621b2,0,64,67,2
22617,ext_8a762d94,0,64,86,7
22617,ext_94234cb9,0,64,86,8
22617,ext_94e3f2a3,0,64,67,2
22617,ext_9a885807,0,64,86,3
22617,ext_a1938972,0,63,86,10
22617,ext_a391e63e,0,64,86,3
22617,ext_a515ba36,0,63,86,10
22617,ext_a5c4da71,0,63,86,10
22617,ext_a6129617,0,64,86,8
22617,ext_a8babeab,0,64,86,5
22617,ext_a91d8671,0,64,86,3
22617,ext_a9e015a3,0,64,86,3
22617,ext_ab75bc32,0,64,86,3
22617,ext_ad40c56b,0,63,86,10
22617,ext_aec8b05d,0,63,86,10
22617,ext_b0e0c888,0,64,86,4
22617,ext_b203a6a4,0,63,86,10
22617,ext_b26bce0f,0,63,86,10
22617,ext_b282e55b,0,64,86,3
22617,ext_b2e64c9e,0,64,86,3
22617,ext_b4f9c94d,0,63,86,10
22617,ext_b7bdc2e8,0,67,67,1
22617,ext_baa63a87,0,63,86,9
22617,ext_bc66f261,0,64,86,3
22617,ext_bfa9e156,0,64,86,3
22617,ext_c0fd3c82,0,63,86,9
22617,ext_c20208f8,0,64,86,6
22617,ext_c5624a89,0,64,86,4
22617,ext_c5e176fc,0,67,67,1
22617,ext_c60155dc,0,67,67,1
22617,ext_c9d14e1f,0,64,67,2
22617,ext_ce8063e8,0,64,86,7
22617,ext_d05def4c,0,64,86,8
22617,ext_d289448f,0,64,86,4
22617,ext_d4a9ccde,0,64,86,6
22617,ext_d57b0a47,0,64,67,2
22617,ext_d6bb927d,0,67,67,1
22617,ext_d92f37c4,0,64,86,4
22617,ext_da4ac482,0,64,86,4
22617,ext_dba10f3b,0,63,86,10
22617,ext_de68e334,0,63,86,9
22617,ext_de6ac86c,0,63,86,10
22617,ext_e2aa3aef,0,64,86,7
22617,ext_e476d065,0,63,86,10
22617,ext_e4ce77c9,0,63,86,10
22617,ext_e748bd30,0,64,86,4
22617,ext_e7586fae,0,63,86,10
22617,ext_e814b4ad,0,67,67,1
22617,ext_e86ab721,0,64,67,2
22617,ext_eddb9a98,0,67,67,1
22617,ext_ee1a53a0,0,64,86,3
22617,ext_ef432127,0,63,86,9
22617,ext_f2c913d1,0,64,86,7
22617,ext_f459554d,0,64,86,3
22617,ext_f57d97fa,0,63,86,10
22617,ext_f5ea8028,0,64,67,2
22617,ext_fbf5f67c,0,64,86,7
22617,ext_fcd25006,0,64,86,7
22745,11692,1,59,90,30
22745,13882,1,59,90,30
22745,18707,1,59,90,30
22745,22745,1,59,90,30
22745,38823,1,59,90,30
22745,45000,1,59,90,30
22745,ext_01303721,0,59,90,30
22745,ext_01b81ae1,0,59,90,30
22745,ext_01dbfe7d,0,59,90,30
22745,ext_0304a145,0,59,90,30
22745,ext_072ce1fb,0,59,90,30
22745,ext_07993e9f,0,59,90,30
22745,ext_0b90632f,0,73,90,16
22745,ext_0c3d8ea2,0,59,90,30
22745,ext_13265e9c,0,67,90,22
22745,ext_13858157,0,59,90,30
22745,ext_148f6e11,0,59,90,30
22745,ext_1cee2bd5,0,59,90,30
22745,ext_1e5e0027,0,59,90,30
22745,ext_1ebe4205,0,59,90,30
22745,ext_2499476a,0,59,90,30
22745,ext_31a8bcf0,0,59,90,30
22745,ext_34d625eb,0,59,90,30
22745,ext_3751875d,0,59,90,30
22745,ext_3c02e1a8,0,59,90,30
22745,ext_3fda74b8,0,59,90,30
22745,ext_4362fe07,0,59,90,30
22745,ext_45c37b30,0,59,90,30
22745,ext_4661687e,0,59,90,30
22745,ext_480deebf,0,59,90,30
22745,ext_49cd88f3,0,59,90,30
22745,ext_5172f137,0,59,90,30
22745,ext_52ebe917,0,59,90,30
22745,ext_57e6975f,0,59,90,30
22745,ext_5949c521,0,59,90,30
22745,ext_5cf72260,0,59,90,30
22745,ext_62008be5,0,59,90,30
22745,ext_67b445d7,0,75,90,14
22745,ext_699e0f59,0,59,90,30
22745,ext_6b5f214b,0,59,90,30
22745,ext_6c6fab3f,0,67,90,22
22745,ext_6d4d2172,0,59,90,30
22745,ext_6e261e9f,0,59,90,30
22745,ext_6e490301,0,59,90,30
22745,ext_715b4b79,0,59,90,30
22745,ext_72042c0b,0,59,90,30
22745,ext_73e97ebb,0,59,90,30
22745,ext_7a153844,0,59,90,30
22745,ext_7ee5eaea,0,59,90,30
22745,ext_7f2f64d8,0,59,90,30
22745,ext_81472ae0,0,59,90,30
22745,ext_849078df,0,61,90,28
22745,ext_873fed69,0,59,90,30
22745,ext_8a1168cd,0,59,90,30
22745,ext_8b128b57,0,59,90,30
22745,ext_8b7db1cd,0,59,90,30
22745,ext_8d9854e2,0,59,90,30
22745,ext_8fd8921d,0,59,90,30
22745,ext_95ee8ae7,0,59,90,30
22745,ext_968bbb6c,0,59,90,30
22745,ext_98e5cfef,0,59,90,30
22745,ext_99d471c3,0,59,90,30
22745,ext_9b68e259,0,59,90,30
22745,ext_9ed5504f,0,59,90,30
22745,ext_9fa317f0,0,59,90,30
22745,ext_a2b3dc9c,0,66,90,23
22745,ext_a6192e49,0,59,90,30
22745,ext_a6c2152e,0,59,90,30
22745,ext_ac81588d,0,59,90,30
22745,ext_b24aa23b,0,59,90,30
22745,ext_b2ed0a60,0,59,90,30
22745,ext_b4f13e79,0,59,90,30
22745,ext_b575d32c,0,59,90,30
22745,ext_b744e8e1,0,59,90,30
22745,ext_b820cb36,0,59,90,30
22745,ext_b8c60307,0,59,90,30
22745,ext_babd22ac,0,59,64,6
22745,ext_baf47ac4,0,59,90,30
22745,ext_bb023af1,0,59,90,30
22745,ext_c1074e9f,0,59,90,30
22745,ext_c1f2a1e9,0,59,90,30
22745,ext_c34dc444,0,59,90,30
22745,ext_c4c9e85a,0,59,90,30
22745,ext_c9d6a203,0,59,90,30
22745,ext_ce0cf4ab,0,59,90,30
22745,ext_ce8009b6,0,59,90,30
22745,ext_cea4bb25,0,59,90,30
22745,ext_ceaa1e57,0,59,90,30
22745,ext_d3711233,0,59,90,30
22745,ext_d8d3f07b,0,59,90,30
22745,ext_d9cae0c4,0,59,90,30
22745,ext_da6c2e60,0,59,90,30
22745,ext_dabac1fd,0,59,90,30
22745,ext_dc5dbe15,0,59,90,30
22745,ext_dcbad802,0,59,90,30
22745,ext_dcc56326,0,59,90,30
22745,ext_de31020d,0,59,90,30
22745,ext_e4e35d58,0,59,90,30
22745,ext_e6a5c377,0,59,90,30
22745,ext_eaf06915,0,88,90,3
22745,ext_ebe88033,0,59,90,30
22745,ext_eeb64e78,0,59,90,30
22745,ext_f1299d21,0,59,90,30
22745,ext_f5e75780,0,59,90,30
22745,ext_f61dc729,0,59,90,30
22745,ext_f705b789,0,59,90,30
22745,ext_f884a812,0,73,90,16
22745,ext_f9aa0c05,0,59,90,30
22745,ext_fbca1133,0,59,90,30
22745,ext_fbda4943,0,59,90,30
22931,10841,1,59,82,23
22931,22931,1,59,82,24
22931,30076,1,59,82,24
22931,30952,1,59,82,24
22931,37617,1,59,82,24
22931,39122,1,59,82,24
22931,40997,1,59,69,6
22931,50181,1,59,82,24
22931,50947,1,59,82,24
22931,60830,1,59,82,24
22931,69065,1,59,82,24
22931,75178,1,59,82,24
22931,ext_017ef3b5,0,59,82,24
22931,ext_01dbfe7d,0,59,82,23
22931,ext_025d39c8,0,59,82,24
22931,ext_02f4dade,0,59,82,24
22931,ext_0417b063,0,59,82,24
22931,ext_0471b2a7,0,59,82,24
22931,ext_0af25f9c,0,59,82,24
22931,ext_0d489bd5,0,59,64,4
22931,ext_0eb5e592,0,59,82,24
22931,ext_0ee33050,0,59,82,24
22931,ext_12ce2bd1,0,59,82,24
22931,ext_131009ef,0,59,82,24
22931,ext_153d9857,0,59,82,24
22931,ext_176833c6,0,59,82,24
22931,ext_18d1f62c,0,59,82,24
22931,ext_1a6952e7,0,59,82,24
22931,ext_1b608f5a,0,59,82,24
22931,ext_1c5802ca,0,59,82,19
22931,ext_20cc42af,0,59,82,24
22931,ext_217501db,0,59,82,23
22931,ext_222278d4,0,59,82,24
22931,ext_26281cf3,0,59,82,24
22931,ext_268f6bc7,0,59,82,24
22931,ext_27ab029a,0,59,82,24
22931,ext_285eb557,0,59,82,24
22931,ext_29b1acba,0,59,82,24
22931,ext_2f3e5702,0,59,82,24
22931,ext_2f7c2f5b,0,59,82,24
22931,ext_2f7ebeba,0,59,82,24
22931,ext_3195f337,0,59,82,23
22931,ext_31d38e9a,0,59,82,24
22931,ext_326062de,0,59,82,22
22931,ext_326f8a20,0,59,82,24
22931,ext_3292aa24,0,59,82,18
22931,ext_33ac9cc3,0,59,82,24
22931,ext_38c21fec,0,59,82,24
22931,ext_39e22879,0,59,82,24
22931,ext_3a2140c3,0,59,82,24
22931,ext_3a225c28,0,59,82,23
22931,ext_3c87fda2,0,59,82,24
22931,ext_3ccbf5b7,0,59,81,21
22931,ext_402e94aa,0,59,82,24
22931,ext_40f6e7ab,0,59,82,24
22931,ext_42739662,0,59,82,24
22931,ext_43d6a6e2,0,59,82,24
22931,ext_43fd1c6f,0,59,82,24
22931,ext_442ce12a,0,59,82,24
22931,ext_451ef08d,0,59,82,24
22931,ext_45c37b30,0,59,82,24
22931,ext_46d5759d,0,59,82,24
22931,ext_47bc92ae,0,59,82,24
22931,ext_48bbdcb7,0,59,82,23
22931,ext_49e2a6ee,0,59,82,24
22931,ext_4a50e2a5,0,59,82,22
22931,ext_513d1ff6,0,59,82,24
22931,ext_54c4656a,0,59,82,24
22931,ext_54ffd58b,0,59,82,24
22931,ext_551aee30,0,59,82,24
22931,ext_55553bb2,0,59,82,24
22931,ext_560fdf6f,0,59,82,24
22931,ext_56f9c9bc,0,59,82,24
22931,ext_59bdaa80,0,59,82,24
22931,ext_5bd865ec,0,59,82,24
22931,ext_5d49dc79,0,59,82,24
22931,ext_600487be,0,59,82,24
22931,ext_64a51089,0,59,82,23
22931,ext_650f82b6,0,59,82,24
22931,ext_652f69c4,0,59,82,20
22931,ext_6764d06f,0,59,82,24
22931,ext_67e2bec6,0,59,82,24
22931,ext_69133d3f,0,59,82,24
22931,ext_6a0ecf3c,0,59,82,24
22931,ext_6ce46e33,0,59,82,24
22931,ext_6d39d403,0,59,82,24
22931,ext_6eaeddd2,0,59,82,24
22931,ext_6edf2a37,0,59,82,23
22931,ext_7042c32f,0,59,82,24
22931,ext_704ec5dc,0,59,82,24
22931,ext_7052a0e3,0,59,82,24
22931,ext_75d35e56,0,59,82,24
22931,ext_766cbee7,0,59,82,24
22931,ext_78f8029f,0,59,82,24
22931,ext_7a1e63be,0,59,82,24
22931,ext_7e1bfa34,0,59,82,24
22931,ext_7ed817ea,0,59,82,24
22931,ext_86b16b5c,0,59,82,24
22931,ext_885282ce,0,59,82,24
22931,ext_8ac717ee,0,59,82,24
22931,ext_8aeae9c9,0,59,82,23
22931,ext_8c0884bf,0,59,82,24
22931,ext_8c82d6a5,0,59,82,24
22931,ext_8cc86f22,0,59,82,24
22931,ext_8d035924,0,59,82,24
22931,ext_8f900b37,0,59,82,23
22931,ext_8fd59c7e,0,59,82,24
22931,ext_90063140,0,59,82,24
22931,ext_968c359d,0,59,82,24
22931,ext_9715c72d,0,59,64,2
22931,ext_9875b1f2,0,59,82,24
22931,ext_98a61550,0,59,82,24
22931,ext_9a8d6748,0,59,82,24
22931,ext_9bf28089,0,59,82,24
22931,ext_9d45c174,0,59,82,24
22931,ext_9de35922,0,59,82,24
22931,ext_9e6a2d0f,0,59,82,24
22931,ext_9f68e3b8,0,59,82,24
22931,ext_a26104a7,0,59,82,24
22931,ext_a5041098,0,59,82,24
22931,ext_a83b6c1b,0,59,82,24
22931,ext_ad67cc31,0,59,64,2
22931,ext_b09afc17,0,59,82,24
22931,ext_b23d6612,0,59,82,23
22931,ext_b40e2695,0,59,82,24
22931,ext_b52947c4,0,59,82,24
22931,ext_b6c4459d,0,59,82,24
22931,ext_b6d86b4e,0,59,82,24
22931,ext_b6e87422,0,59,82,24
22931,ext_b6ee4ce3,0,59,82,24
22931,ext_b7ae7f73,0,59,82,24
22931,ext_c018e9a1,0,59,82,24
22931,ext_c20a8aae,0,59,82,24
22931,ext_c34fb935,0,59,82,24
22931,ext_c4c25b01,0,59,82,24
22931,ext_c68ddd8a,0,59,82,24
22931,ext_cb934694,0,59,82,13
22931,ext_cd2f564b,0,59,82,24
22931,ext_cd9c1090,0,59,82,24
22931,ext_d1229cfc,0,59,82,24
22931,ext_d1b27376,0,59,82,24
22931,ext_d3c6ce96,0,59,82,24
22931,ext_d4fdbe2f,0,59,82,24
22931,ext_d5897b09,0,59,82,23
22931,ext_d590594c,0,59,82,24
22931,ext_d6ad96d9,0,59,82,24
22931,ext_d86b3b78,0,59,82,24
22931,ext_db627d49,0,59,82,24
22931,ext_de5ba339,0,59,82,24
22931,ext_e0f81a30,0,59,82,24
22931,ext_e6582796,0,59,82,24
22931,ext_e70ce593,0,59,82,24
22931,ext_e9ea22d2,0,59,82,24
22931,ext_ec5de374,0,59,64,2
22931,ext_ef36e787,0,82,82,1
22931,ext_f0ccb1d2,0,59,82,24
22931,ext_f6fe20dd,0,59,82,24
22931,ext_f829716c,0,59,82,24
22931,ext_fe935ab3,0,59,82,19
23040,17041,1,59,105,42
23040,80193,1,59,105,42
23040,ext_005f625a,0,97,105,8
23040,ext_006e4eff,0,59,105,42
23040,ext_007e2c93,0,59,105,42
23040,ext_02f6e479,0,59,105,42
23040,ext_02ff7881,0,59,105,42
23040,ext_0324aa59,0,59,105,42
23040,ext_047acc07,0,59,105,42
23040,ext_07d70464,0,90,105,15
23040,ext_09857785,0,59,105,42
23040,ext_0989af16,0,59,105,42
23040,ext_0c84e0b9,0,59,105,42
23040,ext_0e87a6e1,0,59,105,42
23040,ext_0eecfb05,0,59,105,42
23040,ext_1530bef6,0,59,105,42
23040,ext_18c0461c,0,59,105,42
23040,ext_1eabf740,0,59,105,42
23040,ext_1ed68e7a,0,59,105,42
23040,ext_25b2f9b6,0,59,105,42
23040,ext_29db3dbe,0,59,105,42
23040,ext_2dae2e24,0,59,105,42
23040,ext_2e20e103,0,59,105,42
23040,ext_2f08e18e,0,59,105,42
23040,ext_2f7ebeba,0,95,105,10
23040,ext_30fea94b,0,59,105,42
23040,ext_315ee5f0,0,59,105,42
23040,ext_337cdf43,0,59,105,42
23040,ext_3504cf19,0,59,105,42
23040,ext_35ddb7b2,0,59,105,42
23040,ext_39dabdfc,0,59,105,42
23040,ext_3b14bd53,0,59,105,42
23040,ext_3bca358f,0,59,105,42
23040,ext_3c367ff8,0,59,105,42
23040,ext_3c909b0a,0,59,105,42
23040,ext_3d0e1dc2,0,59,105,42
23040,ext_3f31497a,0,59,105,42
23040,ext_407b1e3f,0,59,105,42
23040,ext_434bb7aa,0,59,105,42
23040,ext_445f9afc,0,90,105,15
23040,ext_45c37b30,0,59,105,42
23040,ext_47823b96,0,59,105,42
23040,ext_4979954a,0,59,105,42
23040,ext_4bafe815,0,59,105,42
23040,ext_4be2ead9,0,64,105,38
23040,ext_4c54abf9,0,59,105,42
23040,ext_4e654110,0,59,105,42
23040,ext_518eb699,0,59,105,42
23040,ext_52137734,0,59,105,42
23040,ext_55dbac74,0,59,105,42
23040,ext_569efc3c,0,59,105,42
23040,ext_5a1d307c,0,64,105,38
23040,ext_5a24099e,0,59,105,42
23040,ext_5ab6f9fb,0,59,105,42
23040,ext_5c52d787,0,59,105,42
23040,ext_5d0885bf,0,92,105,13
23040,ext_5f2657d9,0,59,105,42
23040,ext_60b98948,0,59,105,42
23040,ext_61fe1983,0,59,105,42
23040,ext_641682dc,0,59,105,42
23040,ext_679dd04c,0,59,105,42
23040,ext_6803ed64,0,59,105,42
23040,ext_6a5e5ac7,0,59,105,42
23040,ext_6f25dc37,0,59,105,42
23040,ext_6f9853ed,0,59,105,42
23040,ext_7208bab1,0,59,105,42
23040,ext_8e773595,0,59,105,42
23040,ext_91a50ae1,0,59,105,42
23040,ext_959e0a49,0,62,105,39
23040,ext_9915647d,0,59,105,42
23040,ext_9e51edb7,0,59,105,42
23040,ext_a0eca9b6,0,59,105,42
23040,ext_a14651f0,0,59,105,42
23040,ext_a3ffc153,0,59,105,42
23040,ext_a6c2152e,0,59,105,42
23040,ext_a6e317b7,0,105,105,1
23040,ext_a8bf0a61,0,59,105,42
23040,ext_a96bd094,0,59,105,42
23040,ext_a9bd6cfa,0,59,105,42
23040,ext_a9fd8945,0,92,105,13
23040,ext_aa627bfc,0,59,105,42
23040,ext_aab1fe86,0,59,105,42
23040,ext_af887991,0,59,105,42
23040,ext_b375811a,0,59,105,42
23040,ext_b7565b21,0,78,105,25
23040,ext_b785c93b,0,59,105,42
23040,ext_bc6a6d45,0,59,105,42
23040,ext_bce019a9,0,78,105,25
23040,ext_bceb36da,0,59,105,42
23040,ext_bde9aeea,0,59,105,42
23040,ext_bf5b1bf2,0,59,105,42
23040,ext_c01ea670,0,59,105,42
23040,ext_c252a52c,0,59,105,42
23040,ext_c2d3e55b,0,59,105,42
23040,ext_c2fd9ba7,0,59,105,42
23040,ext_c357b861,0,59,105,42
23040,ext_c54efe8e,0,77,105,26
23040,ext_c577bd23,0,59,105,42
23040,ext_c6d0e109,0,59,105,42
23040,ext_c8875b6b,0,59,105,42
23040,ext_cb2e4b3f,0,59,105,42
23040,ext_cc2af5bd,0,59,105,42
23040,ext_ce8063e8,0,87,105,16
23040,ext_cf861811,0,59,105,42
23040,ext_d2c83cc7,0,64,105,38
23040,ext_d5c42a7b,0,59,105,42
23040,ext_d62454f6,0,59,105,42
23040,ext_d981b48a,0,59,105,42
23040,ext_d9e1b161,0,59,105,42
23040,ext_dcc56326,0,59,105,42
23040,ext_dce78587,0,59,105,42
23040,ext_ddc50cf7,0,59,105,42
23040,ext_df0cf0f8,0,59,105,42
23040,ext_e3ed83e1,0,59,105,42
23040,ext_e4d9b15b,0,59,105,42
23040,ext_ee2ef49c,0,59,105,42
23040,ext_f1a922d2,0,59,105,42
23040,ext_f4931eb2,0,59,105,42
23040,ext_f4f127db,0,59,105,42
23040,ext_f82e8926,0,59,105,42
23040,ext_f979392c,0,59,105,42
23144,11692,1,63,138,49
23144,17353,1,63,138,49
23144,23144,1,63,138,49
23144,23642,1,63,138,49
23144,26425,1,63,138,49
23144,32174,1,63,138,49
23144,39701,1,63,138,49
23144,46160,1,63,138,49
23144,50869,1,63,138,20
23144,51552,1,78,138,34
23144,52067,1,80,138,32
23144,57637,1,63,138,49
23144,66754,1,131,138,8
23144,69065,1,63,138,49
23144,76313,1,63,138,49
23144,78638,1,63,138,49
23144,85596,1,118,138,21
23144,88133,1,63,138,49
23144,89827,1,131,138,8
23144,ext_007344d5,0,63,138,49
23144,ext_01534999,0,63,138,49
23144,ext_0318c89b,0,63,138,49
23144,ext_043fc564,0,63,138,49
23144,ext_044a2719,0,63,138,49
23144,ext_04f13864,0,63,138,49
23144,ext_05716b9c,0,87,138,25
23144,ext_05b710ef,0,63,138,49
23144,ext_06062368,0,118,138,21
23144,ext_073bcd27,0,121,138,18
23144,ext_08ccaf98,0,63,138,49
23144,ext_08d2ddad,0,80,138,32
23144,ext_0b18baa5,0,118,138,21
23144,ext_0b242bc9,0,118,138,21
23144,ext_0c4c943f,0,137,138,2
23144,ext_0e552c9b,0,63,138,49
23144,ext_0eb935dd,0,138,138,1
23144,ext_136ded01,0,63,138,49
23144,ext_1641d078,0,63,138,49
23144,ext_17aaaa7d,0,63,138,49
23144,ext_17c5361d,0,63,138,49
23144,ext_19551928,0,76,138,36
23144,ext_1b0e59a1,0,81,138,31
23144,ext_1bbb92ee,0,63,138,49
23144,ext_1bf8e15d,0,118,138,21
23144,ext_1d2094d4,0,63,138,49
23144,ext_1da942bc,0,63,138,49
23144,ext_1e3060f6,0,87,138,25
23144,ext_1e3ed3fb,0,63,138,49
23144,ext_1f073204,0,63,138,49
23144,ext_1ff01b1f,0,118,138,21
23144,ext_220b2b56,0,137,138,2
23144,ext_2417146f,0,63,138,49
23144,ext_25187025,0,63,138,49
23144,ext_25b2f9b6,0,63,138,49
23144,ext_27ccd7fc,0,63,138,49
23144,ext_28408033,0,118,138,21
23144,ext_297808e2,0,84,138,28
23144,ext_29fdebca,0,83,138,29
23144,ext_2d48b02c,0,63,138,49
23144,ext_31af09fb,0,63,138,49
23144,ext_321513ab,0,118,138,21
23144,ext_322e1bb0,0,121,138,18
23144,ext_33839bf2,0,63,138,49
23144,ext_34c688d6,0,63,138,49
23144,ext_35ddb7b2,0,138,138,1
23144,ext_37c67761,0,87,138,25
23144,ext_38ab1dbc,0,63,138,49
23144,ext_38c21fec,0,89,138,23
23144,ext_3bf1ee82,0,118,138,21
23144,ext_3e5dff80,0,118,138,21
23144,ext_3f522af1,0,63,138,49
23144,ext_3fa102ef,0,87,138,25
23144,ext_42d2b3e7,0,118,138,21
23144,ext_42e02d6d,0,63,138,49
23144,ext_44364d4f,0,138,138,1
23144,ext_44d64f07,0,118,138,21
23144,ext_45c37b30,0,63,138,49
23144,ext_467171c0,0,135,138,4
23144,ext_49228979,0,137,138,2
23144,ext_498d6ef6,0,118,138,21
23144,ext_4a63f1c9,0,63,138,49
23144,ext_4aca0dce,0,138,138,1
23144,ext_4c14af80,0,63,138,49
23144,ext_4e3775e7,0,118,138,21
23144,ext_4e54a507,0,63,138,49
23144,ext_50c869bd,0,118,138,21
23144,ext_545e3afd,0,118,138,21
23144,ext_567a2964,0,63,138,49
23144,ext_5724b453,0,63,138,49
23144,ext_576ea536,0,118,138,21
23144,ext_59ce2a01,0,63,138,49
23144,ext_5aed0ec0,0,63,138,49
23144,ext_5be1b811,0,138,138,1
23144,ext_5d266eb2,0,63,138,49
23144,ext_624198e8,0,63,138,49
23144,ext_6330d14b,0,63,138,49
23144,ext_6363809d,0,118,138,21
23144,ext_65c4a7dc,0,63,138,49
23144,ext_6648a04a,0,63,138,49
23144,ext_6aefc754,0,121,138,18
23144,ext_6b66f717,0,73,138,39
23144,ext_6e835922,0,63,138,49
23144,ext_70ed5be2,0,63,138,49
23144,ext_74b2542d,0,63,138,49
23144,ext_75d1d812,0,74,138,38
23144,ext_79e1522e,0,63,138,49
23144,ext_79fce6dd,0,87,138,25
23144,ext_7adbba1e,0,63,138,49
23144,ext_7e1fd5a6,0,63,122,33
23144,ext_7f6a14b3,0,84,138,28
23144,ext_80f7f9cd,0,84,138,28
23144,ext_819767d8,0,63,138,49
23144,ext_854f005b,0,63,138,49
23144,ext_8a73a3ae,0,63,138,49
23144,ext_8af8534f,0,63,138,49
23144,ext_8c880835,0,129,138,10
23144,ext_8d5ffac8,0,63,138,49
23144,ext_8e818103,0,118,138,21
23144,ext_90798c5b,0,63,138,49
23144,ext_93b6c2c8,0,63,138,49
23144,ext_9444bd7b,0,63,138,49
23144,ext_97890c3a,0,63,138,49
23144,ext_9a07bb5f,0,63,138,49
23144,ext_9aee3d42,0,63,138,49
23144,ext_9e2858ba,0,84,138,28
23144,ext_a1000f9c,0,63,138,49
23144,ext_a19f0b33,0,63,138,49
23144,ext_a5e6b4f9,0,135,138,4
23144,ext_a6336f8b,0,63,138,49
23144,ext_a7170f2b,0,121,138,18
23144,ext_aa7bba2d,0,63,138,49
23144,ext_aa997742,0,63,138,49
23144,ext_aadfeb09,0,138,138,1
23144,ext_ac8fad25,0,88,138,24
23144,ext_ada7eaf7,0,63,138,49
23144,ext_addd2b6a,0,63,138,49
23144,ext_adf4c590,0,63,138,49
23144,ext_b2f50b6a,0,63,138,49
23144,ext_b78d35ee,0,64,138,48
23144,ext_b86801b3,0,63,138,49
23144,ext_ba66c54c,0,63,138,49
23144,ext_bbbbf682,0,63,138,49
23144,ext_bfa5db23,0,63,138,49
23144,ext_c1d79e79,0,63,138,49
23144,ext_c1e72a7d,0,79,138,33
23144,ext_c1f489b4,0,63,138,49
23144,ext_c56424ae,0,63,138,49
23144,ext_c5a93a60,0,79,138,33
23144,ext_c6d1559f,0,133,138,6
23144,ext_c71469ce,0,84,138,28
23144,ext_c7e185a2,0,118,138,21
23144,ext_c897eeed,0,63,138,49
23144,ext_ca3a089d,0,131,138,8
23144,ext_ca905683,0,81,138,31
23144,ext_cb3469e9,0,63,138,49
23144,ext_cc64e898,0,63,138,49
23144,ext_cd31ac55,0,63,138,49
23144,ext_cf4e9284,0,63,138,49
23144,ext_d0a1a61c,0,63,138,49
23144,ext_d1b27376,0,63,138,49
23144,ext_d379f250,0,137,138,2
23144,ext_d3c6ce96,0,64,138,48
23144,ext_d5bbb271,0,133,138,6
23144,ext_d5ee534a,0,81,138,31
23144,ext_d637dd7d,0,77,138,35
23144,ext_d64e5d06,0,63,138,49
23144,ext_d67e25aa,0,73,138,39
23144,ext_d758e69d,0,137,138,2
23144,ext_d7f51722,0,63,138,49
23144,ext_d8f7ddb3,0,63,138,49
23144,ext_da3ec4e9,0,63,138,49
23144,ext_db266925,0,79,138,33
23144,ext_dbac15e0,0,118,138,21
23144,ext_dbdde845,0,63,138,49
23144,ext_dbfd1c08,0,63,138,49
23144,ext_df60ae93,0,133,138,6
23144,ext_e207c57c,0,86,138,26
23144,ext_e2086817,0,63,138,49
23144,ext_e4d55764,0,79,138,33
23144,ext_e55919eb,0,63,138,49
23144,ext_e66e7709,0,131,138,8
23144,ext_e763c770,0,118,138,21
23144,ext_e7b271e0,0,63,138,49
23144,ext_e86ab721,0,63,138,49
23144,ext_e8854942,0,63,138,49
23144,ext_e97fbb17,0,64,138,48
23144,ext_e9b03079,0,118,138,21
23144,ext_eb534c25,0,63,138,49
23144,ext_ebc3c004,0,63,138,49
23144,ext_ebc66a17,0,118,138,21
23144,ext_ebff35da,0,127,138,12
23144,ext_ecfb1239,0,123,138,16
23144,ext_ee1a53a0,0,63,138,49
23144,ext_efa4a1c5,0,63,138,49
23144,ext_f01371cb,0,118,138,21
23144,ext_f0ccb1d2,0,118,138,21
23144,ext_f283051b,0,63,138,49
23144,ext_f2b10159,0,63,138,49
23144,ext_f363d6b2,0,123,138,16
23144,ext_f4b5d76a,0,118,138,21
23144,ext_f7381e3d,0,63,138,49
23144,ext_f84e0fbd,0,63,138,49
23144,ext_f9d90e41,0,63,138,49
23144,ext_fc703dae,0,118,138,21
23144,ext_fdcc1970,0,63,138,49
23144,ext_fe8f118d,0,63,138,49
23144,ext_ff597576,0,77,138,35
23642,23144,1,59,107,47
23642,23642,1,59,107,47
23642,39122,1,59,107,47
23642,46160,1,59,107,47
23642,50869,1,59,84,26
23642,88133,1,59,107,47
23642,ext_00efbab8,0,59,107,47
23642,ext_02e2dfd8,0,59,107,47
23642,ext_05716b9c,0,88,107,18
23642,ext_08bf9c1d,0,89,107,17
23642,ext_0db00645,0,59,107,47
23642,ext_0f681fb3,0,101,107,7
23642,ext_0f85d24e,0,59,107,47
23642,ext_11428acc,0,59,107,47
23642,ext_169e976a,0,59,107,47
23642,ext_1c8900c1,0,59,107,47
23642,ext_1c8c6a1b,0,107,107,1
23642,ext_1d41e984,0,59,107,47
23642,ext_1fb133cb,0,59,107,47
23642,ext_2cf1982f,0,59,107,47
23642,ext_2f0ff404,0,59,107,47
23642,ext_34744602,0,68,107,38
23642,ext_36823df6,0,59,107,47
23642,ext_376a2967,0,59,79,21
23642,ext_38b015e8,0,59,107,47
23642,ext_38d7910d,0,59,107,47
23642,ext_3b243d7d,0,59,107,47
23642,ext_3b3d1c05,0,103,107,5
23642,ext_40feb283,0,59,107,47
23642,ext_41374702,0,59,107,47
23642,ext_4326a0a3,0,59,107,47
23642,ext_43b9b332,0,59,107,47
23642,ext_447568cd,0,67,107,39
23642,ext_45c37b30,0,59,107,47
23642,ext_45cac457,0,81,107,25
23642,ext_4703f3df,0,59,107,47
23642,ext_482b2d5f,0,59,107,47
23642,ext_48bbdcb7,0,59,107,47
23642,ext_49440310,0,80,107,26
23642,ext_539c633c,0,53,107,53
23642,ext_53ec2d8a,0,59,107,47
23642,ext_54c045d1,0,59,107,47
23642,ext_5e91a8ca,0,59,107,47
23642,ext_61728439,0,59,107,47
23642,ext_63e12426,0,59,107,47
23642,ext_65c4a7dc,0,59,107,47
23642,ext_6a36ed3a,0,59,107,47
23642,ext_73ed6b44,0,59,107,47
23642,ext_795f8889,0,59,107,47
23642,ext_8279d239,0,83,107,23
23642,ext_85d333bf,0,59,107,47
23642,ext_8657e567,0,59,107,47
23642,ext_8ae84f40,0,59,107,47
23642,ext_8b1162f0,0,59,107,47
23642,ext_8c13ef35,0,79,107,27
23642,ext_8fd7030a,0,59,107,47
23642,ext_9197ddc3,0,59,107,47
23642,ext_94068f07,0,59,107,47
23642,ext_976764ab,0,59,107,47
23642,ext_9a2b2633,0,59,107,47
23642,ext_9de35922,0,59,107,47
23642,ext_a036c0fb,0,59,107,47
23642,ext_a3183b7e,0,80,107,26
23642,ext_a426e964,0,59,107,47
23642,ext_a8627e3c,0,59,107,47
23642,ext_abe5a54f,0,81,107,25
23642,ext_acb9b229,0,59,107,47
23642,ext_acd99f0c,0,59,107,47
23642,ext_b242935b,0,59,107,47
23642,ext_b6539dba,0,59,107,47
23642,ext_b92b0a23,0,59,107,47
23642,ext_bb2e8954,0,59,107,47
23642,ext_bc66f261,0,106,107,2
23642,ext_bd360233,0,59,107,47
23642,ext_bfa09154,0,59,107,47
23642,ext_c289e822,0,59,107,47
23642,ext_c2db8281,0,59,107,47
23642,ext_c5e176fc,0,59,107,47
23642,ext_c90af5e7,0,103,107,5
23642,ext_cc64e898,0,59,107,47
23642,ext_cfcc30b9,0,81,107,25
23642,ext_cfd677de,0,96,107,11
23642,ext_d13c9bdb,0,59,107,47
23642,ext_d623be18,0,103,107,5
23642,ext_da3ec4e9,0,59,107,47
23642,ext_db3376bd,0,59,107,47
23642,ext_e86ab721,0,59,107,47
23642,ext_e9a5eec2,0,59,107,47
23642,ext_eb534c25,0,59,107,47
23642,ext_ee1a53a0,0,59,107,47
23642,ext_f7981eb3,0,59,107,47
23642,ext_fa551aa9,0,59,107,47
23642,ext_ff9b3b2c,0,59,107,47
24543,24543,1,63,72,8
24543,70889,1,63,72,8
24543,ext_031eb9b9,0,65,72,7
24543,ext_040a3db8,0,63,72,8
24543,ext_04f13864,0,63,72,8
24543,ext_06a8dbb2,0,63,72,8
24543,ext_07acba7f,0,63,72,8
24543,ext_08cf7e28,0,65,72,7
24543,ext_0bf90427,0,63,72,8
24543,ext_0c9260c2,0,63,72,8
24543,ext_0d4049b5,0,63,72,8
24543,ext_0d66e4fb,0,65,72,7
24543,ext_1cad5ba6,0,63,72,8
24543,ext_1dfbe69b,0,63,72,8
24543,ext_1f304e97,0,65,72,7
24543,ext_244a3a4c,0,63,72,8
24543,ext_258269da,0,65,72,7
24543,ext_28a93566,0,63,72,8
24543,ext_30935c09,0,63,72,8
24543,ext_30ef4357,0,63,72,8
24543,ext_33318e95,0,67,72,5
24543,ext_38b015e8,0,63,72,8
24543,ext_43219ade,0,63,72,8
24543,ext_45c37b30,0,63,72,8
24543,ext_4b9b531a,0,63,72,8
24543,ext_4f60c985,0,63,72,8
24543,ext_50ef3c7f,0,63,72,8
24543,ext_57d625f5,0,63,72,8
24543,ext_5b19fd44,0,63,72,8
24543,ext_5c704e39,0,63,72,8
24543,ext_63f9e5f9,0,63,72,8
24543,ext_6ab05625,0,63,72,8
24543,ext_70e65b41,0,63,72,8
24543,ext_729a9a11,0,63,72,8
24543,ext_734eeed1,0,65,72,7
24543,ext_73cd97d8,0,63,72,8
24543,ext_78df1fb0,0,63,72,8
24543,ext_811e0873,0,63,72,8
24543,ext_816790d8,0,63,72,8
24543,ext_85275b9e,0,63,72,8
24543,ext_86756cbd,0,63,72,8
24543,ext_877401bd,0,63,72,8
24543,ext_91773622,0,63,72,8
24543,ext_91d67cd1,0,63,72,8
24543,ext_944f187f,0,69,72,4
24543,ext_9aac0e03,0,63,72,8
24543,ext_9aee3d42,0,63,72,8
24543,ext_9c9f9fb7,0,63,72,8
24543,ext_9d4278d1,0,63,72,8
24543,ext_a036c0fb,0,63,72,8
24543,ext_a18d8485,0,63,72,8
24543,ext_a52fd0bc,0,65,72,7
24543,ext_a77b4811,0,71,72,2
24543,ext_addd2b6a,0,63,72,8
24543,ext_b1788c2d,0,63,72,8
24543,ext_b323b456,0,63,72,8
24543,ext_b6e7f634,0,65,72,7
24543,ext_b7023bf6,0,65,72,7
24543,ext_b8b1472e,0,65,72,7
24543,ext_c2f83d5e,0,63,72,8
24543,ext_c34014d4,0,63,72,8
24543,ext_c489eb27,0,63,72,8
24543,ext_cab7a8be,0,63,72,8
24543,ext_cc0b4b12,0,63,72,8
24543,ext_ccb643d4,0,63,72,8
24543,ext_cd2f513d,0,63,72,8
24543,ext_ce283529,0,63,72,8
24543,ext_d2eb9597,0,63,72,8
24543,ext_d3ab1c3b,0,63,72,8
24543,ext_d860f7bd,0,63,72,8
24543,ext_dde433cb,0,63,72,8
24543,ext_e4d55764,0,69,72,4
24543,ext_f5011f1c,0,63,72,8
24543,ext_f75796c6,0,63,72,8
24543,ext_fa59be49,0,63,72,8
24543,ext_faf47cdf,0,63,72,8
24543,ext_fc5f2739,0,63,72,8
24543,ext_feff05bf,0,63,72,8
24760,24760,1,64,140,19
24760,50709,1,59,140,26
24760,61280,1,59,140,26
24760,78911,1,59,140,21
24760,85970,1,123,140,18
24760,86610,1,59,140,20
24760,ext_00f9718c,0,131,140,10
24760,ext_02ff7881,0,59,140,26
24760,ext_04696c7f,0,59,140,26
24760,ext_07c6205d,0,59,140,21
24760,ext_09583cc1,0,59,140,22
24760,ext_09c25ec4,0,59,140,20
24760,ext_0c2915bd,0,59,140,26
24760,ext_0ccc5450,0,59,140,20
24760,ext_0db00645,0,64,140,19
24760,ext_0e5bd632,0,59,140,21
24760,ext_0eb935dd,0,64,140,19
24760,ext_0fee5026,0,59,140,20
24760,ext_10688709,0,123,137,15
24760,ext_10b04b8a,0,59,140,26
24760,ext_10ed34de,0,123,140,18
24760,ext_11ccc801,0,59,140,20
24760,ext_13d526ff,0,64,140,19
24760,ext_13f3cf89,0,137,140,4
24760,ext_16b1c970,0,59,140,27
24760,ext_19996af1,0,123,140,18
24760,ext_1b14f918,0,123,140,18
24760,ext_1bbb92ee,0,59,140,26
24760,ext_1cad5ba6,0,59,140,26
24760,ext_1f5e2b6e,0,125,140,16
24760,ext_20329ca8,0,123,140,18
24760,ext_2103d38c,0,59,125,11
24760,ext_21ac40d4,0,123,140,18
24760,ext_224c2eb5,0,59,140,20
24760,ext_24f225b6,0,59,140,26
24760,ext_2530d49f,0,59,140,20
24760,ext_27748358,0,59,140,20
24760,ext_288304bb,0,59,140,20
24760,ext_2b1c83d9,0,123,140,18
24760,ext_2b62472e,0,59,140,20
24760,ext_2d4a8b13,0,59,140,22
24760,ext_2e9a327e,0,59,140,22
24760,ext_2f0ff404,0,59,140,26
24760,ext_2fc3d178,0,123,140,18
24760,ext_305b634c,0,59,140,20
24760,ext_31e11efc,0,59,140,26
24760,ext_31f1bdde,0,59,140,20
24760,ext_344b8bd7,0,123,140,18
24760,ext_34775c29,0,123,140,18
24760,ext_35ddb7b2,0,59,140,22
24760,ext_35e06325,0,59,140,26
24760,ext_36e2fcbe,0,125,140,16
24760,ext_39daa412,0,138,140,3
24760,ext_39dba524,0,59,140,20
24760,ext_3b735b73,0,59,140,20
24760,ext_3c7b0a77,0,123,140,18
24760,ext_3c8aea78,0,123,140,18
24760,ext_41e87130,0,59,140,21
24760,ext_42cddd3f,0,130,140,11
24760,ext_43fd1c6f,0,59,140,20
24760,ext_44b7be2f,0,59,140,22
24760,ext_45c37b30,0,59,140,26
24760,ext_493990c5,0,64,140,19
24760,ext_4a28d9f4,0,131,140,10
24760,ext_4a70f292,0,37,58,7
24760,ext_4c1bb26e,0,59,140,20
24760,ext_4c82256a,0,123,140,18
24760,ext_4d4f63a9,0,123,140,18
24760,ext_514bf286,0,59,140,21
24760,ext_51db8d90,0,59,140,21
24760,ext_523b6186,0,59,140,26
24760,ext_5312a731,0,59,140,20
24760,ext_54c045d1,0,59,140,26
24760,ext_5729e1be,0,59,140,21
24760,ext_5a082ffd,0,59,140,21
24760,ext_5b41623a,0,64,140,19
24760,ext_5bd9e44f,0,59,140,20
24760,ext_5df3359c,0,59,140,21
24760,ext_5ee123a3,0,59,140,26
24760,ext_60734707,0,59,140,21
24760,ext_6203668f,0,59,140,21
24760,ext_627473a6,0,59,140,26
24760,ext_63e36dfa,0,123,140,18
24760,ext_642288f3,0,59,140,20
24760,ext_6670abed,0,59,140,26
24760,ext_678667b3,0,59,140,20
24760,ext_67c48eac,0,130,140,11
24760,ext_6803ed64,0,59,140,22
24760,ext_69014275,0,64,140,19
24760,ext_6925dd5a,0,59,140,26
24760,ext_6da89d48,0,125,140,16
24760,ext_6e42db89,0,123,140,18
24760,ext_6f19ef8e,0,123,140,18
24760,ext_6fd4b5d5,0,59,140,20
24760,ext_739133ea,0,59,140,26
24760,ext_73eef6fa,0,123,140,18
24760,ext_74dc5df9,0,59,140,20
24760,ext_76620378,0,59,140,27
24760,ext_7685bcb0,0,123,140,18
24760,ext_769a8db4,0,123,140,18
24760,ext_78070a90,0,123,140,18
24760,ext_7933185a,0,59,140,20
24760,ext_79db97ef,0,59,140,21
24760,ext_7ca93ea9,0,59,140,26
24760,ext_7e20a9ee,0,59,140,22
24760,ext_7e72c469,0,123,140,18
24760,ext_7eea4479,0,59,140,26
24760,ext_7f332235,0,64,140,19
24760,ext_7ff4d539,0,59,140,26
24760,ext_80f89f1c,0,59,140,29
24760,ext_812f6657,0,59,140,20
24760,ext_812fb88e,0,59,140,22
24760,ext_8168ef98,0,64,140,19
24760,ext_8203dc2b,0,136,140,5
24760,ext_8433e910,0,138,140,3
24760,ext_852ae8e5,0,123,140,18
24760,ext_87951813,0,123,140,18
24760,ext_8812fcbf,0,59,140,26
24760,ext_893694de,0,127,140,14
24760,ext_89b4cf96,0,59,140,26
24760,ext_8a3d192d,0,59,140,26
24760,ext_8a598ba1,0,59,140,20
24760,ext_8b128b57,0,123,140,18
24760,ext_8b2705d7,0,123,140,18
24760,ext_8bac4c3a,0,59,140,26
24760,ext_8beb5845,0,59,140,26
24760,ext_8c13ef35,0,59,140,20
24760,ext_8d3b6d54,0,123,123,1
24760,ext_8ec19fa6,0,59,140,26
24760,ext_8eeb2142,0,59,140,20
24760,ext_8fe9748a,0,59,140,21
24760,ext_904168d8,0,59,140,22
24760,ext_92562b44,0,64,140,19
24760,ext_938abaf6,0,123,140,18
24760,ext_952871d2,0,138,140,3
24760,ext_96687428,0,136,140,5
24760,ext_97cd39c8,0,59,140,26
24760,ext_992a4461,0,59,140,21
24760,ext_993e3438,0,59,140,26
24760,ext_9959a22b,0,59,140,29
24760,ext_9a8bd855,0,59,140,26
24760,ext_9bbd6617,0,59,140,26
24760,ext_9d35f148,0,59,140,26
24760,ext_9db8c02a,0,64,140,19
24760,ext_9e5ea231,0,123,140,18
24760,ext_9e69f7d1,0,123,140,18
24760,ext_9ed8d70e,0,125,140,16
24760,ext_a07a70a8,0,59,140,20
24760,ext_a1908129,0,59,140,26
24760,ext_a1bafb6f,0,59,140,21
24760,ext_a3aef1ea,0,59,81,8
24760,ext_a5e6b4f9,0,59,140,26
24760,ext_a640bb07,0,59,140,22
24760,ext_a6a4bfea,0,123,140,18
24760,ext_a6b7bb4c,0,59,140,21
24760,ext_a843fdfa,0,123,140,18
24760,ext_a850a439,0,126,140,15
24760,ext_aa027830,0,59,140,20
24760,ext_ac255450,0,59,140,26
24760,ext_ac999c15,0,124,140,17
24760,ext_b02a37b2,0,64,140,19
24760,ext_b20669aa,0,123,140,18
24760,ext_b3ef38d8,0,123,140,18
24760,ext_b3fbce1f,0,64,140,19
24760,ext_b478f974,0,59,140,22
24760,ext_b54742b8,0,130,140,11
24760,ext_b5d24900,0,64,140,19
24760,ext_b6ccf1d5,0,59,140,26
24760,ext_b74d0617,0,123,140,18
24760,ext_b7953daa,0,59,140,20
24760,ext_b9cddb0c,0,64,140,19
24760,ext_ba140a3a,0,59,140,20
24760,ext_c0538afa,0,123,140,18
24760,ext_c252a52c,0,59,140,26
24760,ext_c54efe8e,0,59,140,26
24760,ext_c8a26ad5,0,59,140,26
24760,ext_caae2599,0,59,140,21
24760,ext_cadfb451,0,123,140,18
24760,ext_cb1c8b3b,0,123,140,18
24760,ext_cb2b567d,0,123,140,18
24760,ext_cc64e898,0,123,140,18
24760,ext_ccac1036,0,59,140,22
24760,ext_ccb2b0bd,0,133,140,8
24760,ext_ce3e28b0,0,123,140,18
24760,ext_cf4e9284,0,59,140,26
24760,ext_d12926df,0,59,140,20
24760,ext_d49d4783,0,123,140,18
24760,ext_d51dd6e2,0,59,140,22
24760,ext_d5c42a7b,0,59,140,22
24760,ext_d6088228,0,127,140,14
24760,ext_d614bd08,0,59,140,22
24760,ext_d804f16d,0,59,140,22
24760,ext_d976eeb0,0,59,140,20
24760,ext_d9e5cee7,0,59,140,26
24760,ext_dabb88a6,0,123,140,18
24760,ext_db769575,0,138,140,3
24760,ext_dbcc1acb,0,123,140,18
24760,ext_dbcd8bdc,0,133,140,8
24760,ext_dcc56326,0,59,140,22
24760,ext_e0070533,0,64,140,19
24760,ext_e1b35128,0,59,140,21
24760,ext_e28716bf,0,123,140,18
24760,ext_e3ed83e1,0,59,140,22
24760,ext_e4495f18,0,59,140,26
24760,ext_e917aca8,0,123,140,18
24760,ext_e95bd52d,0,123,140,18
24760,ext_ebec17b5,0,59,140,26
24760,ext_ed77948e,0,59,140,20
24760,ext_ed9a2e18,0,123,140,18
24760,ext_efa4a1c5,0,59,140,21
24760,ext_f35fc700,0,59,140,20
24760,ext_f36e7bb3,0,59,140,26
24760,ext_f575fcf5,0,123,140,18
24760,ext_f66d01f2,0,123,140,18
24760,ext_f81a8c82,0,59,140,20
24760,ext_f8b6d1ec,0,59,140,21
24760,ext_fa629071,0,59,140,21
24760,ext_fb5b53b4,0,59,140,26
24760,ext_fe0d89bd,0,59,140,20
24760,ext_ffd59047,0,59,140,26
24853,14188,1,59,105,37
24853,19066,1,59,105,37
24853,24853,1,59,105,37
24853,31583,1,59,88,25
24853,38901,1,59,105,37
24853,44167,1,59,105,37
24853,44520,1,59,105,37
24853,96600,1,59,75,13
24853,ext_0119fb83,0,59,105,37
24853,ext_02e9f044,0,59,105,37
24853,ext_05b7e589,0,59,105,37
24853,ext_08501c09,0,59,105,37
24853,ext_08747ccf,0,59,105,37
24853,ext_087b507a,0,59,105,37
24853,ext_09d112df,0,59,105,37
24853,ext_09d3012a,0,59,105,37
24853,ext_0a814f56,0,74,105,26
24853,ext_0bb40276,0,59,105,37
24853,ext_0bcc6a4b,0,73,105,27
24853,ext_0bfb29f9,0,59,105,37
24853,ext_0e7630d7,0,68,105,32
24853,ext_0f9cec3f,0,59,105,37
24853,ext_10034bbf,0,59,105,37
24853,ext_10b14506,0,59,105,37
24853,ext_11143c35,0,59,105,37
24853,ext_1144fe1b,0,59,105,37
24853,ext_120e44d2,0,59,105,37
24853,ext_165dbcab,0,59,105,37
24853,ext_169e976a,0,59,105,37
24853,ext_1746adcd,0,59,105,37
24853,ext_1c102aee,0,59,105,37
24853,ext_1c5f0398,0,59,105,37
24853,ext_1e3060f6,0,59,105,37
24853,ext_2210f308,0,59,105,37
24853,ext_228b0b84,0,59,105,37
24853,ext_2350e44e,0,59,105,37
24853,ext_265aea48,0,59,105,37
24853,ext_26804b94,0,59,105,37
24853,ext_277ce0b1,0,59,105,37
24853,ext_2909cdbc,0,102,105,4
24853,ext_296ac9da,0,59,105,37
24853,ext_2aca75a9,0,89,105,12
24853,ext_2afc84de,0,59,105,37
24853,ext_2c6038b4,0,59,105,37
24853,ext_2c79a67f,0,59,105,37
24853,ext_2cef8a81,0,59,105,37
24853,ext_2de0c2e1,0,105,105,1
24853,ext_2eb79b9b,0,59,105,37
24853,ext_3085ef60,0,59,105,37
24853,ext_329b0158,0,74,105,26
24853,ext_32a10990,0,102,105,4
24853,ext_32b04e46,0,59,105,37
24853,ext_32c53f47,0,59,105,37
24853,ext_372482dc,0,59,105,37
24853,ext_39f125bb,0,103,105,3
24853,ext_3ad05fec,0,59,105,37
24853,ext_3ae870a7,0,59,105,37
24853,ext_3b1b7a2c,0,59,105,37
24853,ext_3c7ff7c0,0,59,105,37
24853,ext_3dc47448,0,59,105,37
24853,ext_408a47c2,0,59,105,37
24853,ext_444bc435,0,68,105,32
24853,ext_45c37b30,0,59,105,37
24853,ext_46c22011,0,59,105,37
24853,ext_46f839c8,0,59,105,37
24853,ext_48ad244b,0,59,105,37
24853,ext_49b6bfdb,0,59,105,37
24853,ext_4b9fb5e3,0,59,105,37
24853,ext_4bae7be7,0,59,105,37
24853,ext_4ced07f0,0,59,105,37
24853,ext_4ebef2b8,0,59,105,37
24853,ext_512dc92e,0,105,105,1
24853,ext_515945d9,0,59,105,37
24853,ext_51a26f25,0,59,105,37
24853,ext_5341ba09,0,59,105,37
24853,ext_53b80116,0,59,105,37
24853,ext_5409fda2,0,59,105,37
24853,ext_55e90550,0,59,105,37
24853,ext_5724b453,0,59,105,37
24853,ext_5ab6f9fb,0,59,105,37
24853,ext_5cd17168,0,59,105,37
24853,ext_5e11c707,0,99,105,5
24853,ext_5f393c10,0,59,105,37
24853,ext_5f504eba,0,59,105,37
24853,ext_60aa128e,0,59,105,37
24853,ext_60cbaab8,0,59,105,37
24853,ext_61526239,0,59,105,37
24853,ext_62a97810,0,59,105,37
24853,ext_62b5dfcf,0,59,105,37
24853,ext_63cbf46f,0,59,105,37
24853,ext_67eacbfd,0,59,105,37
24853,ext_69333d65,0,59,105,37
24853,ext_6a32ccbb,0,59,105,37
24853,ext_6a72dec2,0,59,105,37
24853,ext_71b0e920,0,59,105,37
24853,ext_720df6e6,0,59,105,37
24853,ext_78bc8c39,0,59,105,37
24853,ext_795f8889,0,59,105,37
24853,ext_7d046cf8,0,59,105,37
24853,ext_7fed522d,0,105,105,1
24853,ext_800b498f,0,59,105,37
24853,ext_806cc410,0,59,105,37
24853,ext_80757f66,0,99,105,5
24853,ext_81de55e5,0,59,105,37
24853,ext_822b7ed8,0,59,105,37
24853,ext_8233921d,0,59,105,37
24853,ext_82b9af97,0,59,105,37
24853,ext_83b305d3,0,59,105,37
24853,ext_8499c71e,0,59,105,37
24853,ext_85cb7c13,0,59,105,37
24853,ext_870e9a24,0,59,105,37
24853,ext_873fed69,0,59,105,37
24853,ext_8857b4a6,0,59,105,37
24853,ext_88d5759d,0,59,105,37
24853,ext_8b9c5866,0,59,105,37
24853,ext_8bf7cdfa,0,59,105,37
24853,ext_8f48a3db,0,59,105,37
24853,ext_9023c040,0,59,105,37
24853,ext_908a2317,0,59,105,37
24853,ext_909dd6fe,0,59,105,37
24853,ext_90fc41fb,0,59,105,37
24853,ext_917d15d7,0,59,105,37
24853,ext_9420c074,0,59,105,37
24853,ext_946d65d4,0,65,105,34
24853,ext_94771bb9,0,59,105,37
24853,ext_95166cd0,0,59,105,37
24853,ext_9527d8ae,0,59,105,37
24853,ext_99d9bceb,0,59,105,37
24853,ext_9ae86459,0,103,105,3
24853,ext_9bbc83c2,0,59,105,37
24853,ext_9e2858ba,0,59,105,37
24853,ext_9e3f4e11,0,73,105,27
24853,ext_9e4c4484,0,59,105,37
24853,ext_9eb75abc,0,103,105,3
24853,ext_a0b42964,0,59,105,37
24853,ext_a177ec1b,0,86,105,15
24853,ext_a1cff4ba,0,59,105,37
24853,ext_a2387f6e,0,59,105,37
24853,ext_a4fe6d62,0,59,105,37
24853,ext_a76df39e,0,59,105,37
24853,ext_a8ee792b,0,59,105,37
24853,ext_a9c012f5,0,59,105,37
24853,ext_a9e015a3,0,59,105,37
24853,ext_aa84f9f7,0,59,105,37
24853,ext_aab19a4e,0,59,105,37
24853,ext_aef09ceb,0,59,105,37
24853,ext_afff9035,0,65,105,34
24853,ext_b4b6f9d1,0,59,105,37
24853,ext_b5ee9b98,0,68,105,32
24853,ext_b9e54e51,0,59,105,37
24853,ext_bbca0e9b,0,59,105,37
24853,ext_bd0d8a18,0,59,105,37
24853,ext_bf3e8573,0,103,105,3
24853,ext_bf70ffd3,0,59,105,37
24853,ext_c0d46d0d,0,76,105,24
24853,ext_c1a8e9d4,0,59,105,37
24853,ext_c3395faa,0,59,105,37
24853,ext_c3e5fa86,0,59,105,37
24853,ext_c4870705,0,68,105,32
24853,ext_c5b575bb,0,59,105,37
24853,ext_c5d90350,0,59,105,37
24853,ext_c64d62d6,0,83,105,18
24853,ext_c65cf65b,0,59,105,37
24853,ext_c8cb0889,0,59,105,37
24853,ext_ca2d479c,0,59,105,37
24853,ext_cae228be,0,59,105,37
24853,ext_cb412c5b,0,59,105,37
24853,ext_cb5cdd7b,0,59,72,10
24853,ext_cb663620,0,59,105,37
24853,ext_ccdfe462,0,59,105,37
24853,ext_ce3a882c,0,59,105,37
24853,ext_cef4b08b,0,59,105,37
24853,ext_d333b9c1,0,59,105,37
24853,ext_d357a212,0,59,105,37
24853,ext_d445f64b,0,59,105,37
24853,ext_d5f7867a,0,59,105,37
24853,ext_d6d89bfd,0,59,105,37
24853,ext_d7813f50,0,59,105,37
24853,ext_d7eb2aef,0,59,105,37
24853,ext_da201b1f,0,59,105,37
24853,ext_dad56549,0,59,105,37
24853,ext_dd84c474,0,59,105,37
24853,ext_dde836cd,0,59,105,37
24853,ext_ddfc2fa9,0,59,105,37
24853,ext_de14892e,0,59,105,37
24853,ext_dfc6fb0a,0,59,105,37
24853,ext_e02e5767,0,59,105,37
24853,ext_e0af1b9c,0,68,105,32
24853,ext_e2fd9831,0,59,105,37
24853,ext_e4f002b9,0,59,105,37
24853,ext_e604370f,0,59,105,37
24853,ext_e6e5abaa,0,59,105,37
24853,ext_e7260648,0,59,105,37
24853,ext_e951f353,0,59,105,37
24853,ext_e9c02cb6,0,59,105,37
24853,ext_eb362b70,0,59,105,37
24853,ext_ee846cf5,0,59,105,37
24853,ext_ef03f39e,0,59,105,37
24853,ext_ef451011,0,69,105,31
24853,ext_efa134f8,0,59,105,37
24853,ext_f0ddea71,0,59,105,37
24853,ext_f16bfc48,0,59,105,37
24853,ext_f1fdf3ba,0,59,105,37
24853,ext_f24cdc35,0,59,105,37
24853,ext_f53801a5,0,73,105,27
24853,ext_f59418c7,0,74,105,26
24853,ext_f63ecee9,0,59,105,37
24853,ext_f8b6d1ec,0,74,105,26
24853,ext_fc65f237,0,59,105,37
24853,ext_fd5c154a,0,59,105,37
24853,ext_fe8fd4e4,0,59,105,37
25171,14106,1,59,66,2
25171,25171,1,59,67,4
25171,36951,1,59,66,3
25171,38901,1,59,66,3
25171,ext_0110efea,0,59,67,4
25171,ext_024ce0b3,0,59,66,2
25171,ext_030351cd,0,59,66,3
25171,ext_05e457e4,0,59,67,4
25171,ext_063452f9,0,59,66,2
25171,ext_079d501b,0,59,66,2
25171,ext_08814c13,0,59,66,2
25171,ext_0966a7e9,0,59,66,3
25171,ext_0ba58731,0,59,66,2
25171,ext_0c6c4f74,0,59,67,4
25171,ext_0d8ab34e,0,59,67,4
25171,ext_0e041c6e,0,59,67,4
25171,ext_0fa6ac4f,0,59,67,4
25171,ext_0fd52edf,0,59,66,3
25171,ext_12e2d7a9,0,59,66,2
25171,ext_13f4daf3,0,66,66,1
25171,ext_1429f8a8,0,59,66,3
25171,ext_16f6029b,0,59,67,4
25171,ext_178ba97e,0,59,67,4
25171,ext_17ce0643,0,59,67,4
25171,ext_180aeb45,0,59,67,4
25171,ext_19761b66,0,66,66,1
25171,ext_199cdd64,0,59,75,7
25171,ext_1a868215,0,59,66,3
25171,ext_1c00b2f7,0,59,67,4
25171,ext_1c4571b1,0,59,67,4
25171,ext_1c5b42ac,0,59,67,4
25171,ext_1d71b921,0,59,66,2
25171,ext_1da9a6e5,0,59,66,3
25171,ext_1ef3aff0,0,59,67,4
25171,ext_1f54e768,0,59,66,2
25171,ext_1f6aefd6,0,59,67,4
25171,ext_20c7d512,0,66,66,1
25171,ext_21f5de64,0,66,66,1
25171,ext_2969ff98,0,59,67,4
25171,ext_2a700eea,0,59,67,4
25171,ext_2a788876,0,59,67,4
25171,ext_2cc630f5,0,59,67,4
25171,ext_2cfc880c,0,59,67,4
25171,ext_2d032afb,0,59,66,3
25171,ext_2e7b5385,0,59,67,4
25171,ext_30acb3a9,0,59,66,2
25171,ext_3183d874,0,66,66,1
25171,ext_31beee23,0,59,66,3
25171,ext_32cb4540,0,59,67,4
25171,ext_337e03d5,0,59,75,10
25171,ext_338bf2c8,0,59,66,3
25171,ext_344e4387,0,59,67,4
25171,ext_3583b090,0,66,66,1
25171,ext_3636586d,0,59,73,6
25171,ext_38dcf04e,0,59,66,2
25171,ext_390599cf,0,59,67,4
25171,ext_396c1eda,0,59,67,4
25171,ext_3b3d8630,0,59,67,4
25171,ext_3d2f51b9,0,59,67,4
25171,ext_3f1eb2e1,0,59,67,4
25171,ext_3fbf62c8,0,59,66,3
25171,ext_40f8d680,0,59,67,4
25171,ext_42c2dfa4,0,59,67,4
25171,ext_42d21662,0,59,73,6
25171,ext_44715080,0,66,66,1
25171,ext_447568cd,0,59,67,4
25171,ext_4543dd93,0,66,66,1
25171,ext_4588cd98,0,59,67,4
25171,ext_45c37b30,0,59,67,4
25171,ext_471fdc17,0,59,66,3
25171,ext_4819f667,0,59,67,4
25171,ext_4995287a,0,59,66,3
25171,ext_4ace5ec1,0,59,66,2
25171,ext_4ee44dab,0,59,66,2
25171,ext_4f08ab59,0,59,67,4
25171,ext_4fc3f922,0,59,66,2
25171,ext_50febf6c,0,59,67,4
25171,ext_51230382,0,59,67,4
25171,ext_52e0d296,0,59,66,3
25171,ext_52ef28cd,0,59,73,5
25171,ext_5416a193,0,59,66,3
25171,ext_5521bfc2,0,59,67,4
25171,ext_5558dd5d,0,59,66,3
25171,ext_55a99ec8,0,59,66,3
25171,ext_55afbc01,0,59,66,2
25171,ext_55cb95f9,0,59,67,4
25171,ext_56505864,0,59,75,10
25171,ext_56885512,0,59,67,4
25171,ext_58e59bf1,0,59,66,2
25171,ext_59c0fbc4,0,59,67,4
25171,ext_5a0f116b,0,59,73,5
25171,ext_5a4c8e44,0,59,67,4
25171,ext_5d9fed4f,0,59,66,2
25171,ext_60d406b2,0,59,66,2
25171,ext_61b0ff66,0,59,75,8
25171,ext_61fa1a60,0,59,66,3
25171,ext_641fddb7,0,59,66,2
25171,ext_656fa9e3,0,59,66,3
25171,ext_66466c8c,0,59,66,3
25171,ext_69484130,0,59,66,2
25171,ext_6aed1f71,0,59,67,4
25171,ext_6c78bdd4,0,59,67,4
25171,ext_6e35aac3,0,59,67,4
25171,ext_6eca4271,0,59,67,4
25171,ext_715501c7,0,59,67,4
25171,ext_7291554c,0,59,67,4
25171,ext_72b5937d,0,59,66,3
25171,ext_72ecb583,0,59,67,4
25171,ext_80233b8f,0,59,66,2
25171,ext_8502dcd1,0,59,66,3
25171,ext_8583c343,0,59,73,5
25171,ext_86a5dc9e,0,59,67,4
25171,ext_8b567aec,0,59,66,3
25171,ext_8bc2748a,0,59,67,4
25171,ext_8c049b75,0,59,67,4
25171,ext_8c1177f4,0,59,67,4
25171,ext_8c857ec8,0,59,67,4
25171,ext_900eea2e,0,59,67,4
25171,ext_90b83d84,0,59,66,3
25171,ext_9412e7b7,0,66,66,1
25171,ext_94234cb9,0,59,66,2
25171,ext_942895dd,0,66,66,1
25171,ext_9769a554,0,59,67,4
25171,ext_99475932,0,59,67,4
25171,ext_994a54dd,0,66,66,1
25171,ext_998f98e2,0,59,73,5
25171,ext_99f533d0,0,59,67,4
25171,ext_9a629e7c,0,59,66,3
25171,ext_9b4350a7,0,59,67,4
25171,ext_9bc97f64,0,59,67,4
25171,ext_9bd4175f,0,59,66,3
25171,ext_9e276c91,0,59,66,2
25171,ext_a069b6c0,0,59,66,3
25171,ext_a0ba1205,0,59,66,2
25171,ext_a0fbf3c2,0,59,66,3
25171,ext_a2651b68,0,59,66,2
25171,ext_a414e2e5,0,59,66,3
25171,ext_a48361b9,0,59,67,4
25171,ext_a4c5794c,0,59,66,2
25171,ext_a584b453,0,59,67,4
25171,ext_a70d914b,0,59,66,2
25171,ext_a74ff611,0,59,75,10
25171,ext_a91d8671,0,59,67,4
25171,ext_a9dae595,0,66,66,1
25171,ext_aa935840,0,59,67,4
25171,ext_abc6aa71,0,59,66,2
25171,ext_ada03885,0,59,66,3
25171,ext_ae456451,0,59,73,5
25171,ext_b0075537,0,59,67,4
25171,ext_b2fa13f3,0,59,73,5
25171,ext_b3651f78,0,59,67,4
25171,ext_b3b6b289,0,59,66,2
25171,ext_b68eb3f7,0,59,67,4
25171,ext_b70b6856,0,59,67,4
25171,ext_b763bf91,0,66,66,1
25171,ext_b8ed92a4,0,59,67,4
25171,ext_b8f0d3c8,0,59,67,4
25171,ext_ba5779df,0,59,66,3
25171,ext_bc467409,0,59,67,4
25171,ext_c022acde,0,59,66,3
25171,ext_c2c67fd2,0,59,67,4
25171,ext_c4da01f4,0,59,66,2
25171,ext_c605e55b,0,59,75,10
25171,ext_c8005720,0,59,66,2
25171,ext_c865ae44,0,59,75,9
25171,ext_caae2599,0,59,67,4
25171,ext_cb205ae8,0,59,66,2
25171,ext_cea841e6,0,59,66,3
25171,ext_d0097896,0,59,67,4
25171,ext_d05cf285,0,59,66,2
25171,ext_d062aabb,0,59,67,4
25171,ext_d1156569,0,59,75,7
25171,ext_d2996ca2,0,59,67,4
25171,ext_d3a54a66,0,59,67,4
25171,ext_d5ed5c0e,0,66,66,1
25171,ext_d7984a27,0,59,66,2
25171,ext_d7b9bd54,0,59,67,4
25171,ext_daac0c40,0,59,67,4
25171,ext_dae254a6,0,59,67,4
25171,ext_ddbf4864,0,59,67,4
25171,ext_ddfc2fa9,0,59,67,4
25171,ext_e51a12d1,0,59,67,4
25171,ext_e51e4639,0,59,67,4
25171,ext_e5f532cf,0,59,67,4
25171,ext_e67b986d,0,59,66,3
25171,ext_e77f5469,0,59,73,5
25171,ext_e9c7744c,0,59,67,4
25171,ext_eabef8b5,0,59,66,3
25171,ext_ec0e7d59,0,59,67,4
25171,ext_ee3cafd8,0,59,73,5
25171,ext_eeb565fe,0,59,66,3
25171,ext_f2234ac2,0,59,67,4
25171,ext_f36b7a6f,0,59,73,5
25171,ext_f4c3c947,0,59,66,2
25171,ext_f7e9e52d,0,59,66,3
25171,ext_f969d0f2,0,59,67,4
25171,ext_f9be9023,0,59,66,2
25171,ext_f9cbee77,0,59,67,4
25171,ext_faa9749e,0,59,66,3
25171,ext_fb8271a8,0,59,66,2
25171,ext_fe309f24,0,66,66,1
25171,ext_ff28a90e,0,59,67,4
25171,ext_ff419c93,0,59,67,4
25323,25323,1,87,97,5
25323,40629,1,87,97,5
25323,51470,1,87,97,5
25323,ext_0695645b,0,87,97,5
25323,ext_0b6a452d,0,87,97,5
25323,ext_13e2d963,0,87,97,5
25323,ext_1b2b304c,0,87,97,5
25323,ext_1e927bc3,0,87,97,5
25323,ext_22af19aa,0,87,97,5
25323,ext_287b1452,0,87,97,5
25323,ext_2d31d85c,0,87,97,5
25323,ext_2d55bf64,0,87,97,5
25323,ext_2d70b1c1,0,87,97,5
25323,ext_336d6a1c,0,87,97,5
25323,ext_3426d4c4,0,87,97,5
25323,ext_36a9db56,0,87,97,5
25323,ext_374b9d08,0,87,97,5
25323,ext_3fd40fdd,0,87,97,5
25323,ext_56859b55,0,87,97,5
25323,ext_6f0b57b2,0,87,97,5
25323,ext_71d74ae8,0,87,97,5
25323,ext_733d329d,0,87,97,5
25323,ext_75b9df80,0,87,97,5
25323,ext_77751964,0,87,97,5
25323,ext_78a4f2fd,0,87,97,5
25323,ext_7a006906,0,87,97,5
25323,ext_7a578535,0,87,97,5
25323,ext_8833c731,0,87,97,5
25323,ext_8a73a3ae,0,87,97,5
25323,ext_90c401d3,0,87,97,5
25323,ext_9be3c9bc,0,87,97,5
25323,ext_9ff1ba70,0,87,97,5
25323,ext_9ff86fbc,0,87,97,5
25323,ext_a2eb950c,0,87,97,5
25323,ext_adad15aa,0,87,97,5
25323,ext_b3f637ac,0,87,97,5
25323,ext_b568e91c,0,87,97,5
25323,ext_b6a5aacc,0,87,97,5
25323,ext_bb36b63b,0,87,97,5
25323,ext_bd55ef64,0,87,97,5
25323,ext_bffc9b6a,0,87,97,5
25323,ext_c3b6ef0c,0,87,97,5
25323,ext_c5ab204d,0,87,97,5
25323,ext_ca96e4e0,0,87,97,5
25323,ext_cb8002b8,0,87,97,5
25323,ext_cbd982e2,0,87,97,5
25323,ext_ccfa2b9f,0,87,97,5
25323,ext_d59db8e0,0,87,97,5
25323,ext_d7f51722,0,87,97,5
25323,ext_dc2572d3,0,87,97,5
25323,ext_dce78587,0,87,97,5
25323,ext_e0afb83a,0,87,97,5
25323,ext_e9702fa8,0,87,97,5
25323,ext_eddb9a98,0,87,97,5
25323,ext_f1d77477,0,87,97,5
25323,ext_f1dbd8fa,0,87,97,5
25323,ext_f77ccd8a,0,87,97,5
25323,ext_f8448c77,0,87,97,5
25323,ext_fe9f2eb2,0,87,97,5
25494,25494,1,68,90,4
25494,51102,1,68,90,4
25494,52067,1,68,90,4
25494,72746,1,68,90,4
25494,ext_0178f091,0,68,90,4
25494,ext_02ba80d2,0,68,90,4
25494,ext_0550d063,0,68,90,4
25494,ext_062d6b7f,0,68,90,4
25494,ext_0846d4e2,0,68,90,4
25494,ext_08ec5609,0,68,90,4
25494,ext_0aac73ee,0,68,90,4
25494,ext_0c78bf6e,0,68,90,4
25494,ext_0d4803fa,0,68,90,4
25494,ext_0df90689,0,68,90,4
25494,ext_0f9d14c1,0,68,90,4
25494,ext_0ffdbd3b,0,68,90,4
25494,ext_1157a9ef,0,68,90,4
25494,ext_1970a6fe,0,68,90,4
25494,ext_1f1b591b,0,68,90,4
25494,ext_22970001,0,68,90,4
25494,ext_245a7d5e,0,68,90,4
25494,ext_25be3720,0,68,90,4
25494,ext_25c3499a,0,68,90,4
25494,ext_261dc630,0,68,90,4
25494,ext_28e3e2ac,0,68,90,4
25494,ext_2b97ea06,0,68,90,4
25494,ext_2f02cfd3,0,68,90,4
25494,ext_2f18813d,0,68,90,4
25494,ext_3144fb8c,0,68,90,4
25494,ext_32325aba,0,68,90,4
25494,ext_39fc222e,0,68,90,4
25494,ext_3a47445e,0,68,90,4
25494,ext_3a5407e0,0,68,90,4
25494,ext_3d5a6ec1,0,68,90,4
25494,ext_3f94d9a0,0,68,90,4
25494,ext_427ea693,0,68,90,4
25494,ext_486223f7,0,68,90,4
25494,ext_48dab366,0,68,90,4
25494,ext_49f11a65,0,68,90,4
25494,ext_4b8417e9,0,68,90,4
25494,ext_4bb332e8,0,68,90,4
25494,ext_4f1bc21b,0,68,90,4
25494,ext_5256a153,0,68,90,4
25494,ext_5921e4f9,0,68,90,4
25494,ext_5ad3ae9d,0,68,90,4
25494,ext_5da2c180,0,68,90,4
25494,ext_60dbccb0,0,68,90,4
25494,ext_63606ca9,0,68,90,4
25494,ext_65fa345c,0,68,90,4
25494,ext_67ca1f4c,0,68,90,4
25494,ext_6874f968,0,68,90,4
25494,ext_68df7aee,0,68,90,4
25494,ext_6a57fcbd,0,68,90,4
25494,ext_6ad09260,0,68,90,4
25494,ext_6c5d1738,0,68,90,4
25494,ext_7a4a30e8,0,68,90,4
25494,ext_7c09dc05,0,68,90,4
25494,ext_7c4a9dce,0,68,90,4
25494,ext_7cf68bed,0,68,90,4
25494,ext_7e2f568c,0,68,90,4
25494,ext_7f44db9f,0,68,90,4
25494,ext_7f4a9ac5,0,68,90,4
25494,ext_809f5500,0,68,90,4
25494,ext_81f177b2,0,68,90,4
25494,ext_83f26e4e,0,68,90,4
25494,ext_8404af0a,0,68,90,4
25494,ext_84c99d68,0,68,90,4
25494,ext_8723f266,0,68,90,4
25494,ext_8b25f760,0,68,90,4
25494,ext_8be70d56,0,68,90,4
25494,ext_8e4ea53d,0,68,90,4
25494,ext_906d1e75,0,68,90,4
25494,ext_90de3660,0,68,90,4
25494,ext_90e3ca0e,0,68,90,4
25494,ext_91773622,0,68,90,4
25494,ext_956a94e2,0,68,90,4
25494,ext_95cb1ef7,0,68,90,4
25494,ext_96410c55,0,68,90,4
25494,ext_96a3d263,0,68,90,4
25494,ext_97a43fc0,0,68,90,4
25494,ext_995ad097,0,68,90,4
25494,ext_9a52b545,0,68,90,4
25494,ext_9a6a1d22,0,68,90,4
25494,ext_9e2654b1,0,68,90,4
25494,ext_a26104a7,0,68,90,4
25494,ext_a2b3dc9c,0,68,90,4
25494,ext_a426e964,0,68,90,4
25494,ext_a49dddc8,0,68,90,4
25494,ext_a683750f,0,68,90,4
25494,ext_a6cfafe4,0,68,90,4
25494,ext_a8e0281d,0,68,90,4
25494,ext_a94329ae,0,68,90,4
25494,ext_aa55c955,0,68,90,4
25494,ext_aa90332b,0,68,90,4
25494,ext_ab102e80,0,68,90,4
25494,ext_ab1b5796,0,68,90,4
25494,ext_ad924721,0,68,90,4
25494,ext_b0e0c888,0,68,90,4
25494,ext_b51cfed2,0,68,90,4
25494,ext_b5269394,0,68,90,4
25494,ext_b61807a7,0,68,90,4
25494,ext_b67d9ca3,0,68,90,4
25494,ext_b8ff83f1,0,68,90,4
25494,ext_b9727285,0,68,90,4
25494,ext_bb5e962d,0,68,90,4
25494,ext_bc19a0c7,0,68,90,4
25494,ext_bca21bfa,0,68,90,4
25494,ext_be32643f,0,68,90,4
25494,ext_bee42c87,0,68,90,4
25494,ext_bf5856c1,0,68,90,4
25494,ext_c201dfa6,0,68,90,4
25494,ext_c3734bb6,0,68,90,4
25494,ext_c4788383,0,68,90,4
25494,ext_c5131191,0,68,90,4
25494,ext_c5af4783,0,68,90,4
25494,ext_cb77aebb,0,68,90,4
25494,ext_cd4d3887,0,68,90,4
25494,ext_ced16159,0,68,90,4
25494,ext_d33cf8cb,0,68,90,4
25494,ext_d3e88e94,0,68,90,4
25494,ext_d856c399,0,68,90,4
25494,ext_dda82fcc,0,68,90,4
25494,ext_dfb6bf02,0,68,90,4
25494,ext_e14f9cd1,0,68,90,4
25494,ext_e292b81c,0,68,90,4
25494,ext_e29e3fac,0,68,90,4
25494,ext_e2fdf307,0,68,90,4
25494,ext_e7577650,0,68,90,4
25494,ext_e790fe91,0,68,90,4
25494,ext_e81aae2e,0,68,90,4
25494,ext_efbb107a,0,68,90,4
25494,ext_f107a093,0,68,90,4
25494,ext_f174ded4,0,68,90,4
25494,ext_f1a59f2a,0,68,90,4
25494,ext_f20e7b0c,0,68,90,4
25494,ext_f54214ac,0,68,90,4
25494,ext_f6111652,0,68,90,4
25494,ext_f78d90cb,0,68,90,4
25494,ext_fb0a6469,0,68,90,4
25544,14962,1,59,105,21
25544,18344,1,59,129,45
25544,18420,1,59,129,45
25544,24853,1,59,129,45
25544,25544,1,107,129,11
25544,31583,1,59,129,46
25544,45539,1,59,84,11
25544,48429,1,59,84,11
25544,49294,1,59,129,45
25544,50869,1,123,129,7
25544,51597,1,59,129,45
25544,51722,1,109,129,19
25544,52615,1,59,129,46
25544,52635,1,59,84,11
25544,57637,1,59,129,47
25544,63188,1,107,129,21
25544,67947,1,59,75,9
25544,78638,1,59,129,47
25544,85970,1,70,84,7
25544,86009,1,59,129,47
25544,ext_001452ed,0,59,129,45
25544,ext_0110efea,0,59,129,47
25544,ext_01499d1a,0,84,84,1
25544,ext_0150b963,0,59,129,46
25544,ext_01e97183,0,59,129,47
25544,ext_01f21b19,0,59,129,47
25544,ext_020c474a,0,59,129,45
25544,ext_024ce0b3,0,103,129,25
25544,ext_028277c3,0,59,129,45
25544,ext_02fea8f4,0,84,129,9
25544,ext_033d39ca,0,117,119,3
25544,ext_0379de3b,0,105,129,23
25544,ext_03fa3e1c,0,64,129,31
25544,ext_043fc564,0,59,129,46
25544,ext_04cf8fc2,0,59,129,46
25544,ext_057818e0,0,59,129,45
25544,ext_063d241a,0,129,129,1
25544,ext_06527be7,0,107,129,11
25544,ext_07181daa,0,129,129,1
25544,ext_07405b98,0,59,129,46
25544,ext_07c6205d,0,59,129,48
25544,ext_085d5bea,0,59,84,11
25544,ext_087b507a,0,84,84,1
25544,ext_08dbd1af,0,59,129,48
25544,ext_090f1a1e,0,59,129,30
25544,ext_09432c33,0,103,129,25
25544,ext_097600e4,0,107,129,11
25544,ext_0ae72502,0,103,129,25
25544,ext_0b420877,0,59,129,47
25544,ext_0b51b289,0,59,129,48
25544,ext_0ba1c724,0,59,129,45
25544,ext_0bb40276,0,59,129,46
25544,ext_0cde20f8,0,59,129,48
25544,ext_0d287316,0,84,129,26
25544,ext_0db645a7,0,107,129,11
25544,ext_0dc1bd7e,0,59,129,45
25544,ext_0f85d24e,0,59,129,45
25544,ext_0f8c42f0,0,59,129,45
25544,ext_0fa6fe2e,0,64,129,29
25544,ext_10ccc6a7,0,59,129,45
25544,ext_11171677,0,127,129,3
25544,ext_11992298,0,70,84,7
25544,ext_11bec28d,0,59,101,20
25544,ext_125d836f,0,59,129,45
25544,ext_1270c2ae,0,59,129,48
25544,ext_13858157,0,59,129,47
25544,ext_1467484d,0,84,129,26
25544,ext_14c8621c,0,103,129,25
25544,ext_1575741a,0,84,129,26
25544,ext_16267d1a,0,59,129,36
25544,ext_169e976a,0,59,129,47
25544,ext_16c0054d,0,59,129,45
25544,ext_16ea3975,0,59,129,45
25544,ext_16fd3714,0,75,84,2
25544,ext_1862c9f2,0,59,129,46
25544,ext_189ed687,0,59,84,11
25544,ext_193a208f,0,59,129,45
25544,ext_1957ef1b,0,93,128,23
25544,ext_1a49ab42,0,59,129,45
25544,ext_1c1ac8d7,0,59,128,37
25544,ext_1d076c65,0,59,129,45
25544,ext_1d4fceab,0,84,129,26
25544,ext_1e1fa6ae,0,59,129,48
25544,ext_1e3060f6,0,59,129,48
25544,ext_1ea01c2d,0,59,129,45
25544,ext_1eb9d63e,0,59,129,45
25544,ext_1eef52bb,0,59,129,46
25544,ext_1f4ccf96,0,59,129,45
25544,ext_1f9491bf,0,64,129,32
25544,ext_1fbd9e02,0,41,57,13
25544,ext_20d9c0c9,0,103,129,25
25544,ext_2196b7c5,0,59,129,46
25544,ext_2237ed21,0,59,129,47
25544,ext_233b1e8b,0,59,84,11
25544,ext_245c1225,0,123,129,7
25544,ext_253fa485,0,59,84,11
25544,ext_25559760,0,59,129,22
25544,ext_25a00005,0,59,129,46
25544,ext_2663268f,0,59,129,46
25544,ext_2689ec78,0,84,84,1
25544,ext_269ec930,0,59,129,45
25544,ext_26d74dc2,0,59,84,11
25544,ext_27e2468c,0,59,128,34
25544,ext_28026858,0,59,129,45
25544,ext_286f8b91,0,59,129,47
25544,ext_288304bb,0,59,129,46
25544,ext_2888286a,0,115,129,14
25544,ext_2899a572,0,111,129,17
25544,ext_2921371a,0,64,84,9
25544,ext_29f4b8f5,0,59,129,47
25544,ext_2a40c55d,0,75,129,28
25544,ext_2aaa2700,0,59,129,46
25544,ext_2adcb5da,0,59,129,46
25544,ext_2b2b0e0d,0,59,129,45
25544,ext_2b9caa26,0,59,129,47
25544,ext_2bec2559,0,84,129,26
25544,ext_2c9e00fd,0,115,129,14
25544,ext_2ce0379f,0,59,129,45
25544,ext_2d5c2702,0,103,104,2
25544,ext_2e17f5b1,0,59,129,47
25544,ext_2e4f3c60,0,108,129,20
25544,ext_2efda918,0,103,129,25
25544,ext_2f11201e,0,59,129,45
25544,ext_2fbda4fb,0,59,129,46
25544,ext_2fc3d178,0,59,129,46
25544,ext_2ff741ff,0,59,129,45
25544,ext_3004ec26,0,59,129,47
25544,ext_3055cec0,0,59,84,11
25544,ext_32afbed3,0,59,129,46
25544,ext_32e94a74,0,103,129,25
25544,ext_3575d1c0,0,59,84,11
25544,ext_35c92780,0,59,129,45
25544,ext_36071348,0,93,129,34
25544,ext_3648bae0,0,119,129,11
25544,ext_369b8286,0,59,129,36
25544,ext_375f4f17,0,59,129,45
25544,ext_3776403f,0,84,84,1
25544,ext_3813c7f4,0,59,84,11
25544,ext_3831130d,0,64,129,32
25544,ext_38670045,0,59,129,46
25544,ext_38c21fec,0,120,129,10
25544,ext_38deb464,0,59,129,46
25544,ext_393ca9b9,0,115,129,14
25544,ext_3a44f243,0,59,129,45
25544,ext_3aa9ac88,0,59,129,46
25544,ext_3ac7d2cb,0,81,129,27
25544,ext_3acaa520,0,84,84,1
25544,ext_3b09896c,0,129,129,1
25544,ext_3b35e10f,0,59,129,45
25544,ext_3b399ca0,0,107,129,21
25544,ext_3bf6882c,0,59,129,45
25544,ext_3c2912d4,0,59,129,22
25544,ext_3db9afe7,0,108,129,20
25544,ext_3dfef290,0,84,84,1
25544,ext_3e40661c,0,93,129,34
25544,ext_3e935496,0,59,129,45
25544,ext_3ec9d619,0,59,129,45
25544,ext_3feace48,0,59,129,45
25544,ext_3ff53bb6,0,59,129,47
25544,ext_40769e4c,0,59,129,45
25544,ext_40e58ebc,0,59,129,46
25544,ext_41bfb65f,0,59,129,47
25544,ext_4248b034,0,59,129,45
25544,ext_442a8faf,0,59,129,46
25544,ext_444a9fcb,0,59,129,36
25544,ext_447568cd,0,59,129,46
25544,ext_44ef2ec5,0,59,84,11
25544,ext_458f014a,0,103,129,25
25544,ext_45b384fb,0,112,129,16
25544,ext_45c37b30,0,59,129,45
25544,ext_4705e42b,0,59,129,36
25544,ext_4721e510,0,59,129,45
25544,ext_476c834c,0,59,129,36
25544,ext_47af1898,0,105,129,23
25544,ext_47b226b9,0,70,84,7
25544,ext_480b96e4,0,59,129,45
25544,ext_4856c6b9,0,59,129,47
25544,ext_48bbdcb7,0,103,129,25
25544,ext_48c8c58b,0,73,129,29
25544,ext_495c3bc9,0,59,129,36
25544,ext_49cdfac7,0,59,129,46
25544,ext_49e5f159,0,59,129,47
25544,ext_4ac020a3,0,59,129,45
25544,ext_4c3097fa,0,84,129,26
25544,ext_4c4832d0,0,112,129,16
25544,ext_4c533683,0,128,129,2
25544,ext_4ced07f0,0,84,129,26
25544,ext_4cf99714,0,59,129,47
25544,ext_4d0b2c90,0,70,84,7
25544,ext_4d30ec22,0,59,129,46
25544,ext_4d845d59,0,59,129,46
25544,ext_4d9faec2,0,59,129,45
25544,ext_4dcd293a,0,84,129,4
25544,ext_4deaee3b,0,93,129,34
25544,ext_4e09045e,0,59,129,46
25544,ext_4f1bc21b,0,59,129,47
25544,ext_50dcc860,0,59,129,45
25544,ext_510c519f,0,59,129,46
25544,ext_51191355,0,59,129,46
25544,ext_51ce8b46,0,59,129,48
25544,ext_51f82726,0,103,129,25
25544,ext_525348cc,0,59,101,20
25544,ext_52c591ec,0,59,129,47
25544,ext_5312a731,0,59,129,47
25544,ext_532dedc7,0,59,129,45
25544,ext_547c74a8,0,59,129,45
25544,ext_54d37e42,0,59,129,45
25544,ext_54fe5c96,0,59,129,45
25544,ext_5527417d,0,59,129,36
25544,ext_55ae19f4,0,59,129,46
25544,ext_55d08cb4,0,59,129,47
25544,ext_563ae3ce,0,84,129,26
25544,ext_568c1886,0,84,84,1
25544,ext_56b8eae9,0,103,129,25
25544,ext_56baafa2,0,59,129,45
25544,ext_57a7a9b1,0,59,129,46
25544,ext_59922619,0,59,129,45
25544,ext_59b445f8,0,117,129,13
25544,ext_5a18789a,0,84,129,26
25544,ext_5a723b02,0,59,129,45
25544,ext_5b0d6269,0,59,129,45
25544,ext_5bf57f4a,0,59,129,46
25544,ext_5c0185db,0,64,129,34
25544,ext_5c1b8f5b,0,59,129,46
25544,ext_5c768c89,0,123,129,7
25544,ext_5c888b2b,0,59,84,11
25544,ext_5d455bfe,0,103,129,25
25544,ext_5d5f8da1,0,59,129,45
25544,ext_5de9c6c8,0,60,129,31
25544,ext_5e91a8ca,0,59,129,45
25544,ext_60d406b2,0,84,129,14
25544,ext_6157c388,0,64,129,34
25544,ext_62315974,0,59,107,12
25544,ext_62d9e04e,0,59,129,46
25544,ext_63beb0f9,0,59,84,11
25544,ext_63e12426,0,59,129,47
25544,ext_64158693,0,59,129,46
25544,ext_6448c7f0,0,59,129,47
25544,ext_64e8ab29,0,59,129,45
25544,ext_65fa345c,0,103,129,25
25544,ext_66466c8c,0,59,129,46
25544,ext_66a315a2,0,59,129,45
25544,ext_6704821c,0,59,129,45
25544,ext_6727ff7d,0,59,129,32
25544,ext_67a078af,0,59,84,11
25544,ext_67af6aaa,0,59,75,9
25544,ext_67dcfa59,0,59,129,48
25544,ext_67e6ce75,0,129,129,1
25544,ext_684dbaf4,0,105,129,23
25544,ext_684e2a77,0,59,84,11
25544,ext_687e21b1,0,103,129,25
25544,ext_698ac4fe,0,59,129,45
25544,ext_6a1acddd,0,107,129,11
25544,ext_6a6e250f,0,59,129,46
25544,ext_6a8d1401,0,59,84,11
25544,ext_6b1158ed,0,59,129,46
25544,ext_6b3730a7,0,59,129,45
25544,ext_6b617ece,0,59,129,45
25544,ext_6d2a7d70,0,59,129,47
25544,ext_6ddb3894,0,59,129,45
25544,ext_6e0cb10d,0,59,129,45
25544,ext_6e0d2b62,0,84,84,1
25544,ext_6ebf29d8,0,59,129,45
25544,ext_6f24a108,0,60,84,10
25544,ext_706a9ae0,0,59,101,23
25544,ext_708def21,0,59,129,45
25544,ext_7095af96,0,103,113,11
25544,ext_70c3799a,0,59,129,45
25544,ext_70f58b52,0,59,84,11
25544,ext_71094ace,0,124,124,1
25544,ext_7138fbba,0,59,84,12
25544,ext_713f1097,0,59,129,45
25544,ext_72907fce,0,59,84,11
25544,ext_72e0e50b,0,59,129,45
25544,ext_73a57764,0,59,126,34
25544,ext_74911def,0,93,129,34
25544,ext_74ace8e8,0,84,129,26
25544,ext_74c2ab0a,0,59,129,47
25544,ext_74fbb93b,0,103,129,25
25544,ext_752d12a9,0,60,84,10
25544,ext_753e133f,0,129,129,1
25544,ext_75b7b606,0,112,129,16
25544,ext_75baddc9,0,84,129,26
25544,ext_75f048ef,0,59,129,36
25544,ext_765344c6,0,59,129,46
25544,ext_771c8883,0,127,129,3
25544,ext_778982dd,0,70,84,7
25544,ext_77be8f78,0,59,101,20
25544,ext_77c94f08,0,59,126,42
25544,ext_7847a05a,0,59,84,11
25544,ext_78c86f7b,0,115,129,14
25544,ext_793bbdf0,0,129,129,1
25544,ext_79d8cf32,0,59,84,11
25544,ext_79fce6dd,0,59,129,47
25544,ext_7a20b30e,0,115,129,14
25544,ext_7a6d5560,0,59,84,11
25544,ext_7a9e0e59,0,64,84,9
25544,ext_7aaf5214,0,59,129,46
25544,ext_7c6852fb,0,59,129,36
25544,ext_7cb54bc6,0,84,84,1
25544,ext_7cd9217a,0,59,129,47
25544,ext_7d8389af,0,59,84,11
25544,ext_7db358c1,0,59,84,11
25544,ext_7de5020f,0,59,129,45
25544,ext_7e614545,0,59,84,12
25544,ext_7eb1683f,0,59,129,47
25544,ext_7f8a7587,0,59,75,9
25544,ext_7f8cf828,0,59,101,20
25544,ext_7fc37cb6,0,59,84,11
25544,ext_8008a607,0,59,129,45
25544,ext_800b498f,0,59,128,35
25544,ext_8042ed58,0,93,109,16
25544,ext_80befc39,0,59,84,12
25544,ext_80dcfbbc,0,59,128,36
25544,ext_80eb4b71,0,59,129,31
25544,ext_8168ef98,0,59,129,45
25544,ext_81eb9ff7,0,59,84,11
25544,ext_8203dc2b,0,59,129,46
25544,ext_825dc62d,0,59,129,45
25544,ext_8287a5de,0,64,84,9
25544,ext_83760966,0,59,129,46
25544,ext_837b5f25,0,110,129,18
25544,ext_84239b26,0,59,129,47
25544,ext_842b4e16,0,103,129,25
25544,ext_8433e241,0,103,129,25
25544,ext_843e116c,0,84,84,1
25544,ext_85351382,0,84,84,1
25544,ext_8565ddee,0,59,129,47
25544,ext_85a4a637,0,110,129,18
25544,ext_85f92926,0,103,129,25
25544,ext_863ee991,0,59,129,45
25544,ext_86755fd9,0,103,129,25
25544,ext_869f23c9,0,59,129,45
25544,ext_873de068,0,59,129,25
25544,ext_877ac00c,0,59,129,45
25544,ext_87b3dedc,0,59,84,11
25544,ext_87d2e9a2,0,59,129,45
25544,ext_87e87f69,0,59,129,47
25544,ext_8800df18,0,59,84,11
25544,ext_88c6672f,0,70,129,32
25544,ext_88e173f5,0,59,129,46
25544,ext_8905aac3,0,110,129,18
25544,ext_890be45b,0,59,129,45
25544,ext_8a73a3ae,0,64,129,28
25544,ext_8a76dedf,0,123,129,7
25544,ext_8affa4cf,0,59,129,46
25544,ext_8bddfb57,0,59,129,36
25544,ext_8c56f265,0,103,129,25
25544,ext_8c6a3710,0,59,129,45
25544,ext_8d30cdd7,0,59,129,47
25544,ext_8d80c75e,0,59,129,46
25544,ext_8e4579b2,0,59,129,45
25544,ext_8e72a21a,0,59,129,45
25544,ext_900dff8d,0,59,84,11
25544,ext_9096e9f5,0,117,129,13
25544,ext_912e0eba,0,59,129,46
25544,ext_917a2e02,0,59,129,36
25544,ext_91b0d71b,0,59,128,34
25544,ext_91da68fd,0,59,129,36
25544,ext_928c819b,0,59,129,45
25544,ext_92ee0087,0,126,129,4
25544,ext_935ea8fb,0,59,129,45
25544,ext_93999c40,0,106,129,22
25544,ext_9412e7b7,0,59,129,46
25544,ext_94784602,0,81,129,37
25544,ext_94c8acb7,0,59,126,42
25544,ext_955a20d0,0,59,129,45
25544,ext_958db039,0,107,129,21
25544,ext_968355c4,0,59,129,47
25544,ext_9714f286,0,59,129,45
25544,ext_9757e0c5,0,59,129,46
25544,ext_978b55a1,0,59,84,11
25544,ext_97df4941,0,64,84,9
25544,ext_98805ad5,0,103,129,25
25544,ext_995f0acb,0,103,129,25
25544,ext_99c8a3fe,0,84,84,1
25544,ext_9a21a9bc,0,70,84,7
25544,ext_9a74e495,0,103,129,25
25544,ext_9aae8238,0,59,129,45
25544,ext_9b1f476e,0,59,129,45
25544,ext_9b83f958,0,112,129,16
25544,ext_9e34df92,0,59,129,45
25544,ext_9e3dfedc,0,121,129,9
25544,ext_9e5ea231,0,59,129,47
25544,ext_9e851ea6,0,71,84,6
25544,ext_9ed8d70e,0,127,129,3
25544,ext_9ef85e62,0,59,129,45
25544,ext_9fddd930,0,59,129,45
25544,ext_9fdff8e1,0,59,129,46
25544,ext_9fe0e394,0,59,129,46
25544,ext_a034108c,0,70,84,7
25544,ext_a09a7a3e,0,59,129,45
25544,ext_a0d72613,0,110,129,18
25544,ext_a1de736f,0,59,129,46
25544,ext_a2b38a51,0,115,129,14
25544,ext_a2d259a4,0,59,129,46
25544,ext_a4be8a20,0,59,129,45
25544,ext_a77e688d,0,59,128,34
25544,ext_a7ab0292,0,59,129,36
25544,ext_a7afd4db,0,59,129,47
25544,ext_a85c67a1,0,59,129,47
25544,ext_a9c4edbc,0,105,129,23
25544,ext_a9ebd262,0,59,129,46
25544,ext_aa507b6e,0,129,129,1
25544,ext_aa7bba2d,0,59,129,47
25544,ext_aa7d9cd1,0,59,129,46
25544,ext_ab1d7880,0,59,129,36
25544,ext_ab668428,0,115,123,8
25544,ext_ac77a9de,0,125,129,3
25544,ext_acb9b229,0,59,129,45
25544,ext_ae33e668,0,59,129,45
25544,ext_aeea4d3c,0,59,129,45
25544,ext_af3e5889,0,59,129,46
25544,ext_af682ad7,0,93,129,34
25544,ext_afe5a33f,0,59,84,11
25544,ext_b0662917,0,103,129,25
25544,ext_b0d38909,0,59,129,46
25544,ext_b0ed6cbb,0,59,84,11
25544,ext_b10a76e8,0,110,129,18
25544,ext_b13241ff,0,59,129,45
25544,ext_b142996f,0,103,129,25
25544,ext_b1850338,0,59,129,45
25544,ext_b1dc47c5,0,108,129,20
25544,ext_b281f356,0,103,129,25
25544,ext_b2d13b1b,0,106,129,22
25544,ext_b32c53cf,0,59,128,34
25544,ext_b378cb8d,0,59,129,46
25544,ext_b4e933c4,0,59,129,46
25544,ext_b4f0b3eb,0,59,84,11
25544,ext_b56938a8,0,59,129,45
25544,ext_b5c414bb,0,59,129,46
25544,ext_b600e670,0,93,129,34
25544,ext_b6995e59,0,64,84,8
25544,ext_b6d1a5e0,0,70,129,32
25544,ext_b6e98a00,0,59,113,32
25544,ext_b6fe169f,0,59,84,11
25544,ext_b86dd3d3,0,103,129,25
25544,ext_b8c3cd57,0,64,84,9
25544,ext_b8dd87fb,0,59,129,46
25544,ext_b9bfae90,0,59,129,45
25544,ext_b9d58300,0,59,129,47
25544,ext_b9d9afd0,0,59,129,45
25544,ext_ba15d4f9,0,59,129,45
25544,ext_ba46a568,0,59,129,46
25544,ext_baebb776,0,59,129,27
25544,ext_bb05cbe6,0,123,129,7
25544,ext_bb235075,0,103,129,25
25544,ext_bb93b835,0,59,129,45
25544,ext_bc467409,0,59,84,11
25544,ext_bce43ced,0,127,128,2
25544,ext_bd4a5ffa,0,59,129,45
25544,ext_bd5bf85b,0,74,129,12
25544,ext_bdb12a9a,0,59,129,45
25544,ext_be040953,0,59,129,46
25544,ext_be9d7fc3,0,59,129,46
25544,ext_bed2e93c,0,59,129,47
25544,ext_bf470e6a,0,103,129,25
25544,ext_c1ed3780,0,107,129,11
25544,ext_c27e3d33,0,59,129,45
25544,ext_c2b72bcd,0,93,129,34
25544,ext_c3605ad9,0,59,129,47
25544,ext_c3c51602,0,59,129,45
25544,ext_c4984d8d,0,59,84,11
25544,ext_c4ac6ae7,0,103,129,25
25544,ext_c527475a,0,59,129,36
25544,ext_c639ce8f,0,59,129,45
25544,ext_c65129d3,0,84,129,26
25544,ext_c6bc6dc4,0,59,129,45
25544,ext_c7591c6e,0,75,84,2
25544,ext_c7eac5ba,0,59,84,11
25544,ext_c89100a5,0,59,129,46
25544,ext_c897eeed,0,107,129,21
25544,ext_c8bb90c0,0,70,84,7
25544,ext_ca8c75c7,0,73,129,29
25544,ext_ca9b6420,0,59,129,45
25544,ext_caae2599,0,59,129,45
25544,ext_cb0cdfe7,0,59,84,11
25544,ext_cc749c7c,0,108,129,20
25544,ext_cccc9e8e,0,59,129,45
25544,ext_cd6ad53b,0,64,84,9
25544,ext_ceb45a0e,0,103,129,25
25544,ext_ceecc01e,0,59,84,11
25544,ext_cfadfc10,0,103,129,25
25544,ext_cfb0ec69,0,59,84,11
25544,ext_cfc38d03,0,75,129,27
25544,ext_d030d081,0,71,84,6
25544,ext_d0861f9c,0,93,129,34
25544,ext_d097dd89,0,59,129,45
25544,ext_d1ac95f2,0,59,129,48
25544,ext_d1c297ad,0,103,129,25
25544,ext_d1fb3272,0,59,129,46
25544,ext_d2168250,0,59,84,11
25544,ext_d3573612,0,103,129,25
25544,ext_d357a212,0,107,129,11
25544,ext_d399cf2c,0,84,84,1
25544,ext_d3aa4104,0,117,129,13
25544,ext_d47d2932,0,103,129,25
25544,ext_d4b2b0d3,0,59,129,45
25544,ext_d5e0d571,0,84,129,26
25544,ext_d6087750,0,59,128,34
25544,ext_d61cef64,0,59,75,9
25544,ext_d64578d3,0,73,84,4
25544,ext_d68a1bad,0,103,129,25
25544,ext_d7469e13,0,59,129,47
25544,ext_d7741e6a,0,109,129,19
25544,ext_d7778e5e,0,84,84,1
25544,ext_d79dad37,0,115,129,14
25544,ext_d88c42a9,0,59,84,11
25544,ext_d968a12d,0,59,129,45
25544,ext_d978ea33,0,93,129,34
25544,ext_d9bc2f82,0,103,129,25
25544,ext_da3ec4e9,0,59,129,46
25544,ext_dab1d179,0,59,129,47
25544,ext_dacce794,0,59,129,45
25544,ext_dc4ab9e6,0,59,122,39
25544,ext_dc5256f9,0,120,129,10
25544,ext_dd5fba72,0,59,129,45
25544,ext_dd916004,0,107,129,21
25544,ext_dde80915,0,59,129,46
25544,ext_ddfc2fa9,0,59,129,45
25544,ext_de4c6206,0,105,129,23
25544,ext_de996788,0,59,129,47
25544,ext_df47e211,0,59,129,45
25544,ext_dfc4f9c6,0,103,129,25
25544,ext_e06268fa,0,59,129,46
25544,ext_e0e61625,0,118,129,12
25544,ext_e108a271,0,59,129,45
25544,ext_e1af4c49,0,59,84,11
25544,ext_e25effad,0,59,129,45
25544,ext_e2a5f191,0,59,129,45
25544,ext_e2a8b985,0,59,84,11
25544,ext_e3556a35,0,59,129,46
25544,ext_e36f6e85,0,59,129,46
25544,ext_e3a55f88,0,107,129,11
25544,ext_e3d71998,0,59,129,47
25544,ext_e497cb24,0,59,129,45
25544,ext_e4e13694,0,59,129,45
25544,ext_e522794d,0,103,129,25
25544,ext_e5592196,0,59,129,45
25544,ext_e5c584cc,0,59,129,45
25544,ext_e5f727f4,0,59,129,46
25544,ext_e6355b79,0,59,129,36
25544,ext_e63c64fb,0,59,129,45
25544,ext_e6b8dc63,0,59,129,45
25544,ext_e7095b3a,0,59,129,45
25544,ext_e74ba9c7,0,59,129,46
25544,ext_e9c7744c,0,64,84,9
25544,ext_e9d0fd9b,0,60,84,10
25544,ext_ea10da1f,0,59,128,37
25544,ext_ea3d740a,0,59,129,45
25544,ext_eb6435ef,0,59,129,46
25544,ext_eb69e678,0,93,129,34
25544,ext_eb9c1d08,0,59,129,45
25544,ext_ebc10f86,0,59,129,45
25544,ext_ebc87018,0,103,129,25
25544,ext_ebd1178f,0,59,84,11
25544,ext_ebd83d8c,0,59,84,11
25544,ext_eca4afbf,0,59,129,27
25544,ext_ed2be63e,0,59,129,47
25544,ext_ef615af2,0,121,129,9
25544,ext_ef95b7fa,0,93,129,34
25544,ext_efc8aa5c,0,59,84,11
25544,ext_f1572a8c,0,75,84,2
25544,ext_f1aa72ee,0,103,129,25
25544,ext_f272b89e,0,60,74,7
25544,ext_f35399d6,0,59,129,45
25544,ext_f42d6feb,0,59,129,45
25544,ext_f47da0a0,0,59,129,46
25544,ext_f51a06b4,0,59,129,45
25544,ext_f575fcf5,0,84,84,1
25544,ext_f57d97fa,0,59,129,46
25544,ext_f63827fc,0,103,129,25
25544,ext_f63fd183,0,59,129,45
25544,ext_f6c46eb8,0,103,129,25
25544,ext_f6df7889,0,84,129,26
25544,ext_f7da3125,0,59,129,45
25544,ext_f81a8c82,0,59,129,46
25544,ext_f8c5f968,0,59,129,45
25544,ext_f90bb2a3,0,59,84,11
25544,ext_f9476407,0,59,129,45
25544,ext_fa6c0af9,0,59,84,11
25544,ext_fa75a800,0,107,129,21
25544,ext_fadc5134,0,103,129,25
25544,ext_fb825bb9,0,59,129,48
25544,ext_fbb89e23,0,59,126,43
25544,ext_fbbf8379,0,71,84,6
25544,ext_fc5c13c7,0,84,84,1
25544,ext_fc5f2739,0,84,84,1
25544,ext_fcb76867,0,72,84,5
25544,ext_fcdd1725,0,113,129,15
25544,ext_fd8400d6,0,59,129,45
25544,ext_fdade877,0,59,129,46
25544,ext_fe79a4fb,0,59,129,46
25544,ext_fe8f118d,0,59,129,46
25544,ext_feb0f582,0,84,129,26
25544,ext_febe9c00,0,59,129,22
25544,ext_fec44a3a,0,59,84,11
25544,ext_fee4ee72,0,59,129,45
25544,ext_ff86a4dc,0,84,84,1
25544,ext_ff9b3b2c,0,113,129,15
25947,25947,1,59,126,50
25947,30076,1,98,126,14
25947,34250,1,59,126,50
25947,39122,1,59,84,26
25947,39701,1,59,126,50
25947,40629,1,61,126,48
25947,46160,1,59,126,50
25947,46584,1,59,126,50
25947,51552,1,84,126,25
25947,52385,1,59,126,50
25947,59367,1,59,126,50
25947,66404,1,98,126,14
25947,71627,1,88,126,21
25947,88133,1,59,126,50
25947,ext_0195c70d,0,59,126,50
25947,ext_01f21b19,0,67,126,42
25947,ext_04276ccc,0,59,126,50
25947,ext_05b710ef,0,59,126,50
25947,ext_075c0e05,0,59,126,50
25947,ext_07b127c9,0,59,126,50
25947,ext_07d70464,0,98,126,14
25947,ext_08994a3d,0,59,126,50
25947,ext_091c2ab0,0,59,126,50
25947,ext_0cdd7663,0,59,126,50
25947,ext_0ea152dd,0,98,126,14
25947,ext_0f8da83f,0,59,126,50
25947,ext_11c2e96b,0,83,126,26
25947,ext_14d04e4f,0,87,126,22
25947,ext_152da411,0,59,126,50
25947,ext_17cef586,0,59,126,50
25947,ext_1a887d54,0,59,126,50
25947,ext_1a9cd6d8,0,59,126,50
25947,ext_1b026abf,0,59,126,50
25947,ext_1c25b1c3,0,59,126,50
25947,ext_1c8c6a1b,0,59,126,50
25947,ext_1e153ca2,0,62,126,47
25947,ext_1fea7b4f,0,59,126,50
25947,ext_20626633,0,59,126,50
25947,ext_21c7a255,0,60,126,49
25947,ext_223cdd8c,0,98,126,14
25947,ext_23635f02,0,59,126,50
25947,ext_2689ec78,0,59,126,50
25947,ext_27843b9f,0,59,126,50
25947,ext_286f8b91,0,59,126,50
25947,ext_28713dfc,0,99,126,13
25947,ext_28aa8b85,0,61,126,48
25947,ext_29fca1cb,0,59,126,50
25947,ext_2c11c89f,0,59,126,50
25947,ext_2c2457a4,0,59,126,50
25947,ext_30459438,0,59,126,50
25947,ext_30ef4357,0,59,126,50
25947,ext_3276c874,0,98,126,14
25947,ext_3312fe20,0,59,126,50
25947,ext_3827ed1a,0,62,126,47
25947,ext_3833e761,0,97,126,15
25947,ext_38b89eaf,0,59,126,50
25947,ext_3aa3e695,0,97,126,15
25947,ext_3abc6b5a,0,59,126,50
25947,ext_3b8d19a7,0,77,126,32
25947,ext_3bf1ee82,0,59,126,50
25947,ext_3c7b19a6,0,59,126,50
25947,ext_3cad1ba2,0,59,126,50
25947,ext_3e1186f3,0,59,126,50
25947,ext_43601b11,0,84,126,25
25947,ext_43fd1c6f,0,59,126,50
25947,ext_446542dd,0,59,126,50
25947,ext_452d1edf,0,59,126,50
25947,ext_45c37b30,0,59,126,50
25947,ext_48eafdf0,0,100,126,12
25947,ext_49440310,0,59,126,50
25947,ext_4974c9c8,0,126,126,1
25947,ext_4a48c7e5,0,78,126,31
25947,ext_4c0c425d,0,59,126,50
25947,ext_4c4186d2,0,59,126,50
25947,ext_4e21eaa9,0,59,126,50
25947,ext_51191355,0,59,126,50
25947,ext_525701a4,0,79,126,30
25947,ext_5293fe70,0,82,126,27
25947,ext_5705520c,0,90,126,19
25947,ext_57543011,0,59,126,50
25947,ext_5847e837,0,98,126,14
25947,ext_5a27685f,0,59,126,50
25947,ext_5be1b811,0,59,126,50
25947,ext_5c26c90d,0,59,126,50
25947,ext_5cf0792c,0,59,126,50
25947,ext_5de35973,0,98,126,14
25947,ext_5f530d91,0,59,126,50
25947,ext_61c1ccbf,0,91,126,18
25947,ext_6208b920,0,59,73,15
25947,ext_642b9d41,0,59,126,50
25947,ext_648d9b63,0,59,126,50
25947,ext_652095b4,0,59,126,50
25947,ext_657eed76,0,98,126,14
25947,ext_67f9a30d,0,59,126,50
25947,ext_6978dd8d,0,59,126,50
25947,ext_6a8c0e35,0,59,126,50
25947,ext_6ab05625,0,99,126,13
25947,ext_6b0c94d8,0,59,126,50
25947,ext_6b64dc51,0,59,126,50
25947,ext_6bc4710f,0,61,126,48
25947,ext_6d4c035c,0,59,126,50
25947,ext_6f9700fb,0,59,126,50
25947,ext_6fd4b5d5,0,59,126,50
25947,ext_703f7f0a,0,59,126,50
25947,ext_7230db06,0,59,126,50
25947,ext_73cd97d8,0,59,126,50
25947,ext_7459e990,0,59,126,50
25947,ext_75e697b7,0,126,126,1
25947,ext_785e59fa,0,62,100,36
25947,ext_7f26b97f,0,59,126,50
25947,ext_7f83a79e,0,66,126,43
25947,ext_8329c714,0,61,126,48
25947,ext_86235557,0,123,126,4
25947,ext_86b16b5c,0,59,126,50
25947,ext_8c1177f4,0,123,126,4
25947,ext_8c13ef35,0,59,126,50
25947,ext_8e021fd7,0,59,126,50
25947,ext_90aba01b,0,77,126,32
25947,ext_90c518ac,0,59,126,50
25947,ext_91773622,0,59,126,50
25947,ext_91c9dcaa,0,59,126,50
25947,ext_9551070c,0,69,126,40
25947,ext_956078e9,0,98,126,14
25947,ext_998932d3,0,59,126,50
25947,ext_99e6b419,0,59,126,50
25947,ext_99eda9d8,0,89,126,20
25947,ext_9c20500f,0,81,126,28
25947,ext_9c71300a,0,86,126,23
25947,ext_9d4fb598,0,98,126,14
25947,ext_9d750120,0,86,126,23
25947,ext_9e92564b,0,59,126,50
25947,ext_9f7d357e,0,126,126,1
25947,ext_a036c0fb,0,59,126,50
25947,ext_a100aec1,0,77,126,32
25947,ext_a1c936a0,0,80,126,29
25947,ext_a45e313a,0,85,126,24
25947,ext_a7ab0292,0,59,126,50
25947,ext_a9cfe361,0,59,126,50
25947,ext_af22ad55,0,59,106,45
25947,ext_b00089b8,0,101,126,11
25947,ext_b03f686d,0,59,126,50
25947,ext_b0662917,0,59,126,50
25947,ext_b06e844b,0,98,126,14
25947,ext_b1788c2d,0,97,126,15
25947,ext_b1aad235,0,60,126,49
25947,ext_b32c53cf,0,59,126,50
25947,ext_b6494bcf,0,124,126,3
25947,ext_b64b7d43,0,59,126,50
25947,ext_b709e5fd,0,59,126,50
25947,ext_b71cf28e,0,98,126,14
25947,ext_b72ec406,0,76,126,33
25947,ext_b8cf4f9e,0,59,126,50
25947,ext_ba5295e8,0,59,126,50
25947,ext_bb33f99b,0,97,97,1
25947,ext_bba399a9,0,98,126,14
25947,ext_bc767e9b,0,59,126,50
25947,ext_bccf5f2d,0,85,126,24
25947,ext_bdfd012d,0,59,126,50
25947,ext_c1f2a1e9,0,59,126,50
25947,ext_c2db8281,0,59,126,50
25947,ext_c44d5ac0,0,59,126,50
25947,ext_c60155dc,0,85,126,24
25947,ext_c65129d3,0,59,126,50
25947,ext_c662a02b,0,97,126,15
25947,ext_c959b0ce,0,59,126,50
25947,ext_ca0edfda,0,59,126,50
25947,ext_caf96ead,0,60,126,49
25947,ext_cb4d23f2,0,74,126,35
25947,ext_cc7e42f7,0,84,126,25
25947,ext_ce283529,0,59,126,50
25947,ext_d1bd9c7f,0,59,126,50
25947,ext_d415adf2,0,59,126,50
25947,ext_d52f3d8a,0,98,126,14
25947,ext_d620effd,0,87,126,22
25947,ext_d6e86674,0,66,126,43
25947,ext_d815831f,0,59,126,50
25947,ext_d9025556,0,70,126,39
25947,ext_dacce794,0,81,126,28
25947,ext_ddcae882,0,59,126,50
25947,ext_de593ec5,0,59,126,50
25947,ext_de71ad8a,0,98,126,14
25947,ext_e1f10e8b,0,59,126,50
25947,ext_e32f1344,0,59,126,50
25947,ext_e3a1104a,0,66,126,43
25947,ext_e413cedf,0,59,126,50
25947,ext_e6355b79,0,59,126,50
25947,ext_e84ec509,0,100,126,12
25947,ext_e9417138,0,59,126,50
25947,ext_ee068c02,0,106,126,6
25947,ext_f046a1e7,0,59,126,50
25947,ext_f11d44d4,0,97,126,15
25947,ext_f932f064,0,96,126,16
25947,ext_fb97fc4e,0,59,126,50
25947,ext_fdab2cca,0,59,126,50
25947,ext_fddac10a,0,85,126,24
26127,26127,1,62,84,11
26127,30952,1,63,84,10
26127,38893,1,62,82,11
26127,48429,1,63,84,10
26127,ext_044e93a9,0,62,84,11
26127,ext_05c84fad,0,62,84,11
26127,ext_086f907a,0,62,76,9
26127,ext_088771a3,0,62,76,9
26127,ext_12c8c0b5,0,62,84,11
26127,ext_153152b9,0,62,82,10
26127,ext_1602f860,0,62,76,9
26127,ext_182cc991,0,62,76,9
26127,ext_1a4b538d,0,63,82,9
26127,ext_1ce5be7b,0,63,84,10
26127,ext_1d546c42,0,62,84,11
26127,ext_21ad8a35,0,62,82,10
26127,ext_2315b1d4,0,62,84,11
26127,ext_26440f9f,0,63,84,10
26127,ext_2689ec78,0,62,82,12
26127,ext_2a40c55d,0,76,82,2
26127,ext_2c60b7ee,0,62,76,9
26127,ext_32eae9f5,0,62,84,11
26127,ext_34a0875e,0,76,84,3
26127,ext_34e5e533,0,62,84,11
26127,ext_3a6b47c8,0,62,76,9
26127,ext_3aa9ac88,0,62,84,11
26127,ext_3ac7d2cb,0,62,82,10
26127,ext_3b639231,0,67,82,7
26127,ext_3bc38b46,0,63,82,9
26127,ext_3ecee212,0,62,84,11
26127,ext_3ffdce18,0,63,84,10
26127,ext_4248b034,0,62,84,11
26127,ext_42e8b3b8,0,63,84,4
26127,ext_443dc937,0,62,84,11
26127,ext_45c37b30,0,62,84,11
26127,ext_46006d4d,0,62,84,11
26127,ext_4850a562,0,63,84,10
26127,ext_485492fe,0,63,82,9
26127,ext_487f3735,0,67,76,6
26127,ext_49f45e7e,0,62,84,11
26127,ext_4c640539,0,62,76,9
26127,ext_4c84d1dd,0,62,82,13
26127,ext_4d5bafa6,0,62,84,11
26127,ext_4ea87287,0,62,84,11
26127,ext_51e7b64d,0,62,76,9
26127,ext_55cf24a2,0,62,84,11
26127,ext_5d63508c,0,63,84,10
26127,ext_5f4e5d09,0,76,84,3
26127,ext_60cdb5df,0,63,82,9
26127,ext_63f9e5f9,0,62,84,11
26127,ext_653aa0ed,0,62,82,10
26127,ext_673ce87d,0,63,84,10
26127,ext_67a620b9,0,63,76,8
26127,ext_6ca48e54,0,82,82,1
26127,ext_6d721eba,0,62,84,11
26127,ext_6e335709,0,63,84,10
26127,ext_6e7871d4,0,62,84,11
26127,ext_700066ff,0,62,76,9
26127,ext_73ff2488,0,62,82,10
26127,ext_75d35e56,0,62,76,9
26127,ext_77571340,0,62,84,11
26127,ext_77e61846,0,63,82,9
26127,ext_78dee764,0,63,84,10
26127,ext_80bfe89d,0,63,84,10
26127,ext_8170147a,0,63,84,10
26127,ext_85f79947,0,63,76,8
26127,ext_8dde50ed,0,62,84,11
26127,ext_910dff80,0,63,84,10
26127,ext_9d15667d,0,63,84,10
26127,ext_9d52d94c,0,62,76,9
26127,ext_a049558e,0,62,76,9
26127,ext_a0c5627f,0,64,76,7
26127,ext_a2c039ef,0,62,84,11
26127,ext_a2f29838,0,62,76,9
26127,ext_a5ff5483,0,63,84,10
26127,ext_a65e7b69,0,63,82,9
26127,ext_a68c597e,0,82,82,1
26127,ext_a7f785aa,0,82,84,2
26127,ext_a86920af,0,63,84,10
26127,ext_a9f6cb37,0,62,84,11
26127,ext_ab1608c7,0,63,84,10
26127,ext_ab5aa97f,0,62,82,10
26127,ext_b045f398,0,62,84,11
26127,ext_b199718b,0,62,76,9
26127,ext_b2da8b13,0,63,84,10
26127,ext_b2e9b2e7,0,82,84,2
26127,ext_b36a03c8,0,63,84,10
26127,ext_b7f3321c,0,62,76,9
26127,ext_c1523acc,0,62,84,11
26127,ext_c3d3ce45,0,63,84,10
26127,ext_c4e7abf3,0,62,84,11
26127,ext_c6572ada,0,62,76,9
26127,ext_c7bc988a,0,63,84,10
26127,ext_c80935f1,0,63,76,8
26127,ext_c97c3c90,0,63,76,8
26127,ext_cab3c6da,0,76,84,3
26127,ext_cde3f217,0,63,84,10
26127,ext_d39df99d,0,62,84,11
26127,ext_d436e7ad,0,62,84,11
26127,ext_d436f499,0,62,84,11
26127,ext_d50090fc,0,62,84,11
26127,ext_d6428507,0,63,82,9
26127,ext_d67c4c9e,0,63,84,10
26127,ext_da7dba2a,0,62,84,11
26127,ext_e5aa6760,0,63,84,10
26127,ext_e82ecbd6,0,63,84,10
26127,ext_e9d0fd9b,0,62,82,10
26127,ext_ec473b29,0,62,76,9
26127,ext_eea4cbb4,0,62,84,11
26127,ext_f083f4e9,0,63,84,10
26127,ext_f1a8ab60,0,62,82,10
26127,ext_f2215c0e,0,63,76,8
26127,ext_f272b89e,0,63,72,7
26127,ext_f296acf5,0,62,84,11
26127,ext_f30a84e4,0,63,76,8
26127,ext_f5ea8028,0,62,84,11
26127,ext_fa6288be,0,62,82,10
26127,ext_fc0a128f,0,63,82,9
26127,ext_fcf1203d,0,62,84,11
26127,ext_fddae832,0,62,76,9
26127,ext_fe8f118d,0,62,84,11
26127,ext_ff3caafe,0,63,84,10
26127,ext_ff67bf61,0,63,76,8
26127,ext_fff7336d,0,82,82,1
26425,23144,1,59,131,53
26425,26425,1,59,131,58
26425,32899,1,59,131,53
26425,60482,1,59,131,53
26425,78966,1,107,131,21
26425,95426,1,59,107,32
26425,ext_01b81ae1,0,59,131,53
26425,ext_043fc564,0,59,131,53
26425,ext_044a2719,0,59,131,53
26425,ext_04d89a22,0,100,131,26
26425,ext_05716b9c,0,127,131,5
26425,ext_05e2cfce,0,95,131,31
26425,ext_08c1fa99,0,102,131,25
26425,ext_0ae58631,0,130,131,2
26425,ext_0c2b0d34,0,59,131,53
26425,ext_0c4da4e8,0,59,108,33
26425,ext_0d6a312e,0,59,81,21
26425,ext_11f8d68a,0,99,131,27
26425,ext_12140ed6,0,59,131,57
26425,ext_121579a1,0,129,131,3
26425,ext_1bc8b2ae,0,127,131,5
26425,ext_1dfa69ea,0,59,131,53
26425,ext_1e3060f6,0,129,131,3
26425,ext_22170a16,0,92,131,34
26425,ext_25187025,0,59,131,53
26425,ext_28408033,0,106,131,22
26425,ext_2eafaae6,0,90,131,37
26425,ext_2ff92dea,0,102,131,25
26425,ext_3276c874,0,102,131,25
26425,ext_367e02c5,0,95,105,9
26425,ext_38ab1dbc,0,106,131,22
26425,ext_3a556677,0,59,81,21
26425,ext_3ab21230,0,71,131,42
26425,ext_3d4bc4b9,0,59,81,21
26425,ext_3e732272,0,59,131,53
26425,ext_405c7929,0,59,120,48
26425,ext_43476c4d,0,112,131,18
26425,ext_4543dd93,0,59,131,53
26425,ext_45c37b30,0,59,131,53
26425,ext_4c75250f,0,59,131,53
26425,ext_4d96905b,0,59,131,53
26425,ext_52fbfe98,0,112,131,19
26425,ext_582a2fd1,0,112,131,18
26425,ext_587f8c13,0,59,131,53
26425,ext_5c282e80,0,59,131,52
26425,ext_61b39633,0,112,131,18
26425,ext_62e604f3,0,59,81,21
26425,ext_62ef75c1,0,95,105,9
26425,ext_62faf310,0,59,131,58
26425,ext_68628d87,0,59,131,58
26425,ext_6ebb7f39,0,59,131,26
26425,ext_781f35fc,0,118,131,13
26425,ext_78c9b401,0,123,131,9
26425,ext_7abd2af4,0,67,81,14
26425,ext_7c5e07ab,0,116,131,15
26425,ext_867b7132,0,59,131,53
26425,ext_881f2520,0,59,131,57
26425,ext_8a213d17,0,109,131,19
26425,ext_8d035924,0,59,131,53
26425,ext_8d1b27c4,0,59,131,53
26425,ext_8d5ffac8,0,90,131,36
26425,ext_90fc41fb,0,108,131,20
26425,ext_91d86abb,0,118,131,13
26425,ext_966358f5,0,48,53,6
26425,ext_9c20500f,0,59,131,53
26425,ext_9c2b5e05,0,100,131,26
26425,ext_9d69cb4d,0,95,105,9
26425,ext_a5f042a0,0,90,131,37
26425,ext_a6c0aa5e,0,97,131,29
26425,ext_a72eafe7,0,59,131,53
26425,ext_a903a65b,0,94,131,32
26425,ext_ab12ce88,0,108,131,20
26425,ext_ad327a8e,0,121,131,10
26425,ext_ad585820,0,106,131,23
26425,ext_b113cf7a,0,59,131,53
26425,ext_b178b73b,0,123,131,9
26425,ext_b2e065ab,0,59,131,53
26425,ext_b2f50b6a,0,59,131,53
26425,ext_b36f1fe1,0,59,131,53
26425,ext_b5445d9e,0,128,131,4
26425,ext_b58f398d,0,99,131,27
26425,ext_b8f39dfb,0,107,131,21
26425,ext_baebb776,0,123,131,9
26425,ext_bb7f8ce5,0,59,131,58
26425,ext_bf30e82f,0,59,131,53
26425,ext_c087746b,0,48,131,59
26425,ext_c1d79e79,0,108,131,20
26425,ext_c4be3b9e,0,128,131,4
26425,ext_c5d25a1b,0,106,131,23
26425,ext_c85c6feb,0,59,131,58
26425,ext_c89c8b21,0,128,131,4
26425,ext_c935a261,0,59,131,53
26425,ext_c9cdaf2c,0,59,131,53
26425,ext_ca3a089d,0,131,131,1
26425,ext_d3355c99,0,100,131,26
26425,ext_d35ff573,0,100,131,26
26425,ext_d4f71afc,0,115,131,16
26425,ext_d637dd7d,0,59,131,53
26425,ext_d77c5841,0,108,131,21
26425,ext_d840edf1,0,59,131,58
26425,ext_d8f7ddb3,0,97,131,29
26425,ext_dbbb540e,0,95,105,9
26425,ext_dd6bd4e2,0,126,131,6
26425,ext_de45138c,0,95,105,9
26425,ext_e476d065,0,59,131,53
26425,ext_e66e7709,0,131,131,1
26425,ext_e7b271e0,0,108,131,20
26425,ext_ebdce9d8,0,121,131,10
26425,ext_f367a33f,0,59,81,21
26425,ext_f575fcf5,0,130,131,2
26425,ext_f58369e2,0,59,131,53
26425,ext_f5f011d8,0,116,131,15
26425,ext_fe8e335d,0,95,105,9
26425,ext_ff191943,0,67,81,14
26425,ext_ff9b3b2c,0,63,81,18
26999,13116,1,62,114,15
26999,18344,1,62,114,15
26999,18420,1,62,114,14
26999,20905,1,62,114,15
26999,26999,1,62,114,14
26999,36143,1,62,114,14
26999,44520,1,62,114,15
26999,60830,1,62,114,15
26999,62555,1,62,114,15
26999,75178,1,62,114,15
26999,ext_00768cff,0,62,114,15
26999,ext_03dc64f6,0,62,114,15
26999,ext_046f1a20,0,53,61,7
26999,ext_066dfb37,0,62,114,14
26999,ext_0797729c,0,109,111,3
26999,ext_07c6205d,0,62,114,15
26999,ext_086f907a,0,62,114,15
26999,ext_0c3bf465,0,55,61,6
26999,ext_0e552c9b,0,62,114,15
26999,ext_0e828dda,0,62,114,15
26999,ext_11595ea1,0,109,114,5
26999,ext_128f2310,0,84,114,6
26999,ext_1293830c,0,62,114,14
26999,ext_15f88fdc,0,62,114,15
26999,ext_1698038e,0,84,114,6
26999,ext_16a0657e,0,62,114,15
26999,ext_17bda557,0,62,114,14
26999,ext_1c2c96f1,0,62,114,15
26999,ext_1d483008,0,62,114,14
26999,ext_1fe7ebab,0,53,61,7
26999,ext_24d8502c,0,62,114,15
26999,ext_24ebabd3,0,62,114,15
26999,ext_258f8638,0,62,114,15
26999,ext_26730f64,0,62,114,15
26999,ext_27755903,0,62,114,15
26999,ext_2921371a,0,62,114,15
26999,ext_2ab780b7,0,53,61,7
26999,ext_2b9c0181,0,62,114,15
26999,ext_2ce0379f,0,62,114,14
26999,ext_2e9c16a9,0,62,114,15
26999,ext_3413761a,0,62,114,15
26999,ext_3543adef,0,62,114,15
26999,ext_36370eaa,0,62,114,15
26999,ext_36e3d92a,0,78,114,7
26999,ext_3773686b,0,62,114,15
26999,ext_39a8f6fd,0,62,114,15
26999,ext_3a39d075,0,112,114,2
26999,ext_3b80ee1d,0,62,114,15
26999,ext_44570351,0,112,114,2
26999,ext_447691da,0,109,111,3
26999,ext_4510f48d,0,62,114,14
26999,ext_45c37b30,0,62,114,15
26999,ext_47d19af6,0,112,114,2
26999,ext_48637c24,0,53,61,7
26999,ext_4966592f,0,62,114,14
26999,ext_49d20406,0,62,114,14
26999,ext_4a3cb91a,0,109,111,3
26999,ext_4e001073,0,62,114,15
26999,ext_50247c40,0,62,114,15
26999,ext_52206e4f,0,60,61,2
26999,ext_5271e748,0,62,114,14
26999,ext_52c34956,0,109,114,5
26999,ext_545e3afd,0,109,114,5
26999,ext_54eeaa6d,0,62,114,14
26999,ext_553620fb,0,68,114,9
26999,ext_5ed9dcb4,0,62,114,15
26999,ext_5eecfb67,0,62,114,14
26999,ext_5f990de3,0,62,114,15
26999,ext_607cb4b9,0,62,114,14
26999,ext_6276de54,0,53,61,7
26999,ext_62802a29,0,62,114,15
26999,ext_63dc20c2,0,62,114,14
26999,ext_64f60f85,0,62,114,15
26999,ext_663eea54,0,109,111,3
26999,ext_6a85c76e,0,109,111,3
26999,ext_6f04245d,0,62,114,15
26999,ext_6f4fa5bb,0,62,114,14
26999,ext_706a9ae0,0,62,114,15
26999,ext_720b7bb0,0,53,61,7
26999,ext_762eed1a,0,62,114,14
26999,ext_77205e4c,0,62,75,7
26999,ext_79eae586,0,62,114,15
26999,ext_7a80635c,0,62,114,15
26999,ext_7ca7e9c2,0,62,114,15
26999,ext_7d408120,0,62,114,15
26999,ext_81944926,0,62,114,15
26999,ext_8ad4a532,0,112,114,2
26999,ext_8b3a756d,0,109,114,5
26999,ext_8b62a769,0,68,114,9
26999,ext_8b9a31a1,0,62,114,15
26999,ext_8c1387b0,0,62,114,15
26999,ext_8f3ef7d2,0,62,114,15
26999,ext_903d343f,0,62,114,15
26999,ext_939671aa,0,84,114,6
26999,ext_93f6f3d8,0,62,114,15
26999,ext_97083735,0,53,61,7
26999,ext_9a5cb5ef,0,62,114,15
26999,ext_9ebda160,0,84,114,6
26999,ext_a049558e,0,62,114,15
26999,ext_a0b8ae04,0,62,114,14
26999,ext_a0b9fc99,0,62,114,15
26999,ext_a383d6e6,0,53,61,7
26999,ext_a48a9450,0,62,114,15
26999,ext_a757a0cc,0,62,114,14
26999,ext_a8e0281d,0,109,114,5
26999,ext_ae97f1d1,0,62,114,14
26999,ext_af452f64,0,112,114,2
26999,ext_b26bce0f,0,109,114,5
26999,ext_b35408a5,0,62,114,15
26999,ext_b3986391,0,62,114,14
26999,ext_b4e933c4,0,62,114,15
26999,ext_b63c08b2,0,112,114,2
26999,ext_b827bb62,0,109,114,5
26999,ext_b974648e,0,62,114,15
26999,ext_b9808277,0,62,114,15
26999,ext_ba99214e,0,75,114,8
26999,ext_baebfeab,0,109,111,3
26999,ext_bee0c926,0,62,114,15
26999,ext_bf0d5871,0,62,114,15
26999,ext_c96856a5,0,62,114,14
26999,ext_ca9ffcc6,0,62,114,14
26999,ext_cb8c10c8,0,109,111,3
26999,ext_cbe40fae,0,62,114,15
26999,ext_ccd262a4,0,62,114,14
26999,ext_ce283529,0,62,114,15
26999,ext_d12e7878,0,62,114,15
26999,ext_d6a8d8c1,0,109,114,5
26999,ext_d9d150b8,0,62,114,15
26999,ext_da7da034,0,62,114,14
26999,ext_daef75e3,0,112,114,2
26999,ext_db0a6f39,0,62,114,15
26999,ext_dc4ab9e6,0,62,114,15
26999,ext_dd0dc809,0,62,114,15
26999,ext_dd3a8b4d,0,53,61,7
26999,ext_e0d6e8ca,0,114,114,1
26999,ext_e1030134,0,62,114,15
26999,ext_e38b3545,0,68,114,6
26999,ext_e3fe2d38,0,53,61,7
26999,ext_e4642df8,0,62,114,15
26999,ext_e70b2c3d,0,62,114,15
26999,ext_e7763c92,0,62,114,15
26999,ext_e8ed7ed6,0,62,114,15
26999,ext_eab221d5,0,109,114,5
26999,ext_f009f6c2,0,62,114,14
26999,ext_f04ab2be,0,62,114,15
26999,ext_f15e0579,0,62,114,15
26999,ext_f35399d6,0,62,114,15
26999,ext_f42a45d4,0,53,61,7
26999,ext_f5163b5f,0,112,114,2
26999,ext_f57d97fa,0,62,114,14
26999,ext_f724364f,0,53,61,7
26999,ext_fd0dd6db,0,109,114,5
26999,ext_ffaf0552,0,62,114,15
28831,67947,1,61,105,23
28831,99338,1,61,105,25
28831,ext_0242299b,0,61,105,25
28831,ext_04e1f902,0,61,105,25
28831,ext_052e4ad6,0,61,105,24
28831,ext_055a5186,0,100,105,5
28831,ext_06769895,0,61,105,26
28831,ext_069d8b6d,0,61,105,26
28831,ext_08d7af15,0,61,105,24
28831,ext_091c2ab0,0,61,105,23
28831,ext_09680d92,0,61,105,26
28831,ext_0f40843d,0,61,105,24
28831,ext_0f51806c,0,82,105,13
28831,ext_1303d001,0,61,105,24
28831,ext_135e5897,0,61,105,23
28831,ext_14db01cf,0,97,105,6
28831,ext_14ef9ce8,0,61,105,25
28831,ext_151122a5,0,61,105,25
28831,ext_17f95fa7,0,80,105,14
28831,ext_1ca0b5ba,0,61,105,26
28831,ext_1cad5ba6,0,82,105,13
28831,ext_2137a44d,0,97,105,6
28831,ext_22fe5733,0,97,105,6
28831,ext_23db4a65,0,61,105,26
28831,ext_2567ce7f,0,61,105,24
28831,ext_25d5d187,0,61,105,25
28831,ext_25eb0fbc,0,61,105,25
28831,ext_26c887ef,0,61,105,25
28831,ext_28173797,0,61,105,25
28831,ext_293d57eb,0,97,105,6
28831,ext_2969ff98,0,61,105,24
28831,ext_2a00459c,0,61,105,25
28831,ext_2a445883,0,61,105,25
28831,ext_2ae05047,0,61,105,26
28831,ext_2bccb70d,0,61,105,23
28831,ext_2e8bad81,0,97,97,1
28831,ext_2fdacf15,0,61,105,23
28831,ext_308a28aa,0,75,105,18
28831,ext_30a96629,0,61,105,25
28831,ext_32b74597,0,61,105,25
28831,ext_349a2979,0,61,105,24
28831,ext_38ce2d36,0,100,105,5
28831,ext_39c2edf6,0,61,105,24
28831,ext_3a72d8a1,0,61,105,25
28831,ext_3b74165e,0,68,105,22
28831,ext_3e4e811b,0,61,105,25
28831,ext_3ff7522e,0,61,105,23
28831,ext_403b3a69,0,61,105,26
28831,ext_4326a0a3,0,76,105,17
28831,ext_45086611,0,61,105,25
28831,ext_45c0c72b,0,97,105,6
28831,ext_45c37b30,0,61,105,25
28831,ext_45dbb070,0,61,105,25
28831,ext_483e0c7c,0,61,105,24
28831,ext_4886e9ff,0,61,105,23
28831,ext_4a63ae1d,0,61,105,25
28831,ext_4c49622e,0,61,105,26
28831,ext_5195f60b,0,60,105,30
28831,ext_5526568d,0,61,105,23
28831,ext_5798911c,0,61,105,25
28831,ext_59af9edd,0,87,105,10
28831,ext_5a9ecb3f,0,61,105,26
28831,ext_5baf0c02,0,61,105,26
28831,ext_5cc01d44,0,61,105,24
28831,ext_5f3d4bae,0,60,105,27
28831,ext_5fe56432,0,97,105,6
28831,ext_634d45d0,0,77,105,15
28831,ext_663d2725,0,61,105,25
28831,ext_66a9fac5,0,61,105,25
28831,ext_66b52eaa,0,61,104,24
28831,ext_66d1d694,0,97,105,6
28831,ext_69512f6f,0,61,105,25
28831,ext_6a06c73c,0,61,105,26
28831,ext_6cc582e3,0,61,105,25
28831,ext_6f375f34,0,61,105,26
28831,ext_72df8aa2,0,90,105,8
28831,ext_79ba0c13,0,61,105,23
28831,ext_7bd4282f,0,75,105,18
28831,ext_7c244948,0,60,105,29
28831,ext_7c9c3c69,0,97,105,6
28831,ext_8016e63d,0,61,105,26
28831,ext_8732e058,0,61,105,26
28831,ext_87f3cd81,0,61,105,26
28831,ext_88ff5b0a,0,76,105,17
28831,ext_896eeb8c,0,90,105,8
28831,ext_8e17bccb,0,61,105,26
28831,ext_8ed5bcf2,0,61,105,25
28831,ext_8fcd57a8,0,75,105,18
28831,ext_93239c5e,0,61,105,26
28831,ext_93536c9c,0,80,105,14
28831,ext_95f21e65,0,61,105,24
28831,ext_98af954b,0,61,105,25
28831,ext_99607763,0,61,105,23
28831,ext_9fc31547,0,61,105,25
28831,ext_a1a6525e,0,61,105,26
28831,ext_a21189d1,0,61,105,25
28831,ext_a24a75f2,0,105,105,1
28831,ext_a25c4464,0,60,105,27
28831,ext_a2eb950c,0,61,105,24
28831,ext_a4e15f8d,0,97,105,6
28831,ext_a4ee9b51,0,61,105,26
28831,ext_a73982a0,0,102,105,4
28831,ext_a88c1b5c,0,61,105,26
28831,ext_aa4ceb71,0,61,105,25
28831,ext_ab82bc43,0,61,105,24
28831,ext_ab92e6ce,0,61,105,24
28831,ext_aea11344,0,61,105,24
28831,ext_af1cc286,0,80,105,14
28831,ext_af34930a,0,61,105,24
28831,ext_af3e5889,0,90,105,8
28831,ext_b09ca476,0,87,105,10
28831,ext_b229864c,0,61,105,24
28831,ext_b2492617,0,61,105,24
28831,ext_b28a7ece,0,61,105,25
28831,ext_b2fb7f5f,0,61,105,25
28831,ext_b38a0daa,0,61,105,24
28831,ext_b68728cf,0,90,105,8
28831,ext_b68eb3f7,0,61,105,24
28831,ext_b8f39dfb,0,61,105,24
28831,ext_ba8a184d,0,61,105,26
28831,ext_bdee28d8,0,61,105,26
28831,ext_c2c67fd2,0,61,105,25
28831,ext_c3121392,0,61,105,24
28831,ext_c4f03b22,0,61,105,25
28831,ext_c69d0c4f,0,61,105,26
28831,ext_c74c9373,0,61,105,26
28831,ext_caae2599,0,61,105,24
28831,ext_cc2efbfe,0,61,105,25
28831,ext_ce33c9a6,0,61,105,26
28831,ext_ceca43d3,0,97,105,6
28831,ext_d3584c89,0,61,105,26
28831,ext_d43d5083,0,94,94,1
28831,ext_d4695f26,0,61,105,24
28831,ext_d480fb65,0,97,105,6
28831,ext_d4f6a108,0,83,105,12
28831,ext_d64e1b14,0,97,105,6
28831,ext_d8457ac6,0,61,105,25
28831,ext_d8cd6525,0,61,105,24
28831,ext_d9b768cb,0,61,105,26
28831,ext_de14e1a5,0,61,105,26
28831,ext_dedcced1,0,97,105,6
28831,ext_df01b412,0,61,105,26
28831,ext_df107be8,0,60,105,27
28831,ext_df963cef,0,68,105,22
28831,ext_e61cd9e6,0,61,105,24
28831,ext_e6332cae,0,61,105,26
28831,ext_e841ef04,0,61,105,26
28831,ext_ea65b2c3,0,61,105,25
28831,ext_eabecef2,0,61,105,23
28831,ext_eabef8b5,0,90,105,8
28831,ext_f08dbf27,0,61,105,24
28831,ext_f23c3b05,0,61,105,24
28831,ext_f57d97fa,0,61,105,24
28831,ext_f7da3125,0,68,105,22
28831,ext_fb61dde7,0,61,105,26
28831,ext_fd37df49,0,61,105,25
28831,ext_fe1bfb0c,0,80,105,14
28831,ext_ff2b4a69,0,61,105,24
29914,15071,1,59,134,29
29914,17041,1,59,134,29
29914,38901,1,59,134,29
29914,45945,1,59,134,29
29914,46584,1,59,134,29
29914,46771,1,59,134,29
29914,48187,1,59,134,29
29914,ext_016b78e1,0,126,134,8
29914,ext_0233e2b7,0,59,134,29
29914,ext_02372efb,0,59,134,29
29914,ext_066f7e83,0,59,134,29
29914,ext_082c0fe4,0,59,134,29
29914,ext_0bcc6a4b,0,108,134,24
29914,ext_0d7b9a2a,0,59,134,29
29914,ext_0f22f29a,0,129,134,5
29914,ext_139148bd,0,59,134,29
29914,ext_1489e260,0,108,134,24
29914,ext_1495128a,0,126,134,8
29914,ext_169e976a,0,59,134,29
29914,ext_1dff1baf,0,59,134,29
29914,ext_1e275f04,0,59,134,29
29914,ext_205802a5,0,59,134,29
29914,ext_26bbe393,0,59,134,29
29914,ext_28aa8b85,0,59,134,29
29914,ext_2929621a,0,108,134,24
29914,ext_29b7a57b,0,59,134,29
29914,ext_2c890e91,0,108,134,24
29914,ext_31f12588,0,59,109,7
29914,ext_33740503,0,108,134,24
29914,ext_3540b33d,0,59,134,29
29914,ext_35ddb7b2,0,59,134,29
29914,ext_360cdc30,0,59,134,29
29914,ext_36823df6,0,59,134,29
29914,ext_39884df2,0,59,134,29
29914,ext_39fc222e,0,108,134,24
29914,ext_3a349d2a,0,59,134,29
29914,ext_3bf1ee82,0,59,134,29
29914,ext_3ca84735,0,127,134,7
29914,ext_3d082ce2,0,59,134,29
29914,ext_3f10fc7d,0,59,134,29
29914,ext_4439442b,0,59,134,29
29914,ext_451fe4b1,0,59,134,29
29914,ext_45422d76,0,59,134,29
29914,ext_45c37b30,0,59,134,29
29914,ext_482faac8,0,59,134,29
29914,ext_48568cb3,0,59,134,29
29914,ext_50591acf,0,59,134,29
29914,ext_50628ac4,0,108,134,24
29914,ext_5410481a,0,108,134,24
29914,ext_545e3afd,0,108,134,24
29914,ext_54dbdd5d,0,108,134,24
29914,ext_5849e8bc,0,59,134,29
29914,ext_5b007e63,0,109,134,23
29914,ext_6157c388,0,59,134,29
29914,ext_6b639334,0,110,134,22
29914,ext_6d7d593b,0,59,134,29
29914,ext_70b0c116,0,59,134,29
29914,ext_71fd0e8f,0,59,134,29
29914,ext_73cbd2e7,0,59,134,29
29914,ext_74911def,0,59,134,29
29914,ext_75b0ec35,0,59,134,29
29914,ext_775e3db6,0,108,134,24
29914,ext_78a42eba,0,59,134,29
29914,ext_79ba0c13,0,59,134,29
29914,ext_79fbb3c4,0,59,134,29
29914,ext_7b31f4db,0,131,134,4
29914,ext_7ddfbee7,0,59,134,29
29914,ext_85451d70,0,59,134,29
29914,ext_86b16b5c,0,131,134,4
29914,ext_873fed69,0,59,134,29
29914,ext_8d50f183,0,59,134,29
29914,ext_90fb36f6,0,59,134,29
29914,ext_91a50ae1,0,59,66,5
29914,ext_92114596,0,59,134,29
29914,ext_9253725f,0,59,134,29
29914,ext_9496da72,0,59,134,29
29914,ext_97ccce04,0,108,134,24
29914,ext_991325d3,0,59,134,29
29914,ext_9953c90c,0,59,134,29
29914,ext_99607763,0,59,134,29
29914,ext_9c13c602,0,110,134,22
29914,ext_9d627860,0,128,134,6
29914,ext_9e9684ab,0,59,134,29
29914,ext_9fb53033,0,59,134,29
29914,ext_a39ff6dd,0,59,134,29
29914,ext_a71de0e6,0,59,134,29
29914,ext_b4aada53,0,59,134,29
29914,ext_b51afca5,0,59,134,29
29914,ext_b61ca54c,0,108,134,24
29914,ext_b8dd87fb,0,108,134,24
29914,ext_ba2e6fad,0,59,134,29
29914,ext_c01ba0b9,0,59,134,29
29914,ext_c52c4daf,0,59,66,5
29914,ext_c7b1ecd4,0,59,134,29
29914,ext_cb5cdd7b,0,59,66,5
29914,ext_cd5d9ed7,0,59,134,29
29914,ext_d357a212,0,59,134,29
29914,ext_d703643c,0,59,134,29
29914,ext_d9dc0d7b,0,108,134,24
29914,ext_da6b54a4,0,59,134,29
29914,ext_e2d2c966,0,59,134,29
29914,ext_e3f2bcbe,0,59,134,29
29914,ext_e51e4639,0,59,134,29
29914,ext_ef54b985,0,108,134,24
29914,ext_efa134f8,0,59,134,29
29914,ext_f1b65d6c,0,59,134,29
29914,ext_f2c5eb7c,0,108,134,24
29914,ext_f3ab7cae,0,59,134,29
29914,ext_f9f31158,0,59,134,29
29914,ext_fb044b69,0,59,134,29
29914,ext_fd0dd6db,0,59,134,29
29914,ext_fddac10a,0,59,134,29
30076,10060,1,61,105,44
30076,22931,1,59,82,23
30076,25947,1,99,105,7
30076,37617,1,59,105,46
30076,46160,1,99,105,7
30076,51470,1,59,105,46
30076,66404,1,82,105,24
30076,74916,1,65,79,15
30076,80058,1,78,105,27
30076,85596,1,59,105,46
30076,ext_013670ea,0,95,105,11
30076,ext_0195c70d,0,99,105,7
30076,ext_05b7e589,0,59,105,46
30076,ext_05fa7c21,0,83,105,23
30076,ext_06062368,0,99,105,7
30076,ext_078fe5ff,0,98,105,8
30076,ext_07d70464,0,97,105,9
30076,ext_08ca04a2,0,61,105,44
30076,ext_09e5d0a4,0,59,105,46
30076,ext_0adb13a7,0,65,105,40
30076,ext_0bf675ec,0,59,105,46
30076,ext_0cd86d99,0,59,105,46
30076,ext_0e23c4d0,0,79,105,26
30076,ext_0e8dc9c5,0,59,105,46
30076,ext_0ea152dd,0,95,105,11
30076,ext_0eba1160,0,82,105,24
30076,ext_105cf8b6,0,95,105,11
30076,ext_10fd51f7,0,59,105,46
30076,ext_112e6d93,0,65,105,40
30076,ext_11414fd4,0,59,105,46
30076,ext_11c2e96b,0,99,105,7
30076,ext_12701e89,0,59,105,46
30076,ext_136ded01,0,63,105,42
30076,ext_13798bcb,0,94,105,12
30076,ext_142a0cec,0,76,105,29
30076,ext_14f2488a,0,99,105,7
30076,ext_16b8088b,0,59,105,46
30076,ext_16b8c21e,0,59,105,46
30076,ext_1727a83e,0,59,105,46
30076,ext_176e6e66,0,99,105,7
30076,ext_185234e6,0,59,105,46
30076,ext_188268d1,0,76,105,29
30076,ext_1cc59126,0,59,105,46
30076,ext_1dfa69ea,0,59,105,46
30076,ext_1e90732a,0,85,105,21
30076,ext_223cdd8c,0,81,105,25
30076,ext_23635f02,0,98,105,8
30076,ext_23b0efd4,0,61,105,44
30076,ext_24435df8,0,59,105,46
30076,ext_2567ce7f,0,79,105,26
30076,ext_26fb4085,0,59,105,46
30076,ext_27264db5,0,59,105,46
30076,ext_28713dfc,0,95,105,11
30076,ext_28ea4e7f,0,90,105,16
30076,ext_296ac9da,0,59,105,46
30076,ext_29ad6d71,0,95,105,11
30076,ext_2acc5031,0,99,105,7
30076,ext_2cb27dcb,0,99,105,7
30076,ext_2db7baae,0,59,105,46
30076,ext_2f0ff404,0,59,105,46
30076,ext_30ef4357,0,77,105,28
30076,ext_326f8a20,0,59,105,46
30076,ext_35b260b2,0,77,105,28
30076,ext_35e06325,0,59,105,46
30076,ext_35ef6bda,0,59,105,46
30076,ext_377df82e,0,99,105,7
30076,ext_3833e761,0,59,105,46
30076,ext_392e740b,0,78,105,27
30076,ext_3a349d2a,0,87,105,19
30076,ext_3aa3e695,0,99,105,7
30076,ext_3c5d61e1,0,94,105,12
30076,ext_3dfef290,0,59,105,46
30076,ext_3e2827ed,0,59,105,46
30076,ext_3e7bf41a,0,105,105,1
30076,ext_3fa7b512,0,59,105,46
30076,ext_3ff30b00,0,59,105,46
30076,ext_4122704a,0,61,105,44
30076,ext_4194ea88,0,59,105,46
30076,ext_4384381f,0,76,105,29
30076,ext_43cbb76c,0,91,105,15
30076,ext_43d6a6e2,0,59,105,46
30076,ext_448371c1,0,65,105,40
30076,ext_44a19e0d,0,86,105,20
30076,ext_450ff8eb,0,59,105,46
30076,ext_45403da0,0,59,105,46
30076,ext_45c37b30,0,59,105,46
30076,ext_46693b1d,0,59,105,46
30076,ext_4843cd5e,0,59,105,46
30076,ext_48eafdf0,0,95,105,11
30076,ext_4939baed,0,95,105,11
30076,ext_498aba9e,0,59,105,46
30076,ext_4a63f1c9,0,65,105,40
30076,ext_4abeb044,0,59,105,46
30076,ext_4f1073b8,0,99,105,7
30076,ext_50db1208,0,59,105,46
30076,ext_50e95905,0,59,105,46
30076,ext_53fc20fd,0,63,105,42
30076,ext_56b647eb,0,59,105,46
30076,ext_56d38ede,0,59,105,46
30076,ext_56d5d7f3,0,59,105,46
30076,ext_5752a7b2,0,59,105,46
30076,ext_5847e837,0,95,105,11
30076,ext_59c0fbc4,0,59,105,46
30076,ext_5be1b811,0,59,105,46
30076,ext_5de35973,0,95,105,11
30076,ext_5e69d868,0,59,105,46
30076,ext_5e91a8ca,0,64,105,41
30076,ext_5f530d91,0,59,105,46
30076,ext_60cc772f,0,59,105,46
30076,ext_60ed8fbd,0,59,105,46
30076,ext_6145d7b1,0,59,105,46
30076,ext_62a97810,0,59,105,46
30076,ext_62cb2bda,0,96,105,10
30076,ext_6303d4ad,0,59,105,46
30076,ext_64d3d3c8,0,59,105,46
30076,ext_657eed76,0,99,105,7
30076,ext_65fa345c,0,75,105,30
30076,ext_67e873a1,0,59,105,46
30076,ext_6b270a18,0,99,105,7
30076,ext_6b543151,0,87,105,19
30076,ext_6c027683,0,99,105,7
30076,ext_6d7d8dc2,0,99,105,7
30076,ext_6ecad7df,0,59,105,46
30076,ext_6ee91841,0,91,105,15
30076,ext_6f4361e5,0,103,105,3
30076,ext_6faf3b81,0,59,105,46
30076,ext_701e5ce1,0,59,105,46
30076,ext_7042c32f,0,59,105,46
30076,ext_7052a0e3,0,59,105,46
30076,ext_718a2f33,0,59,105,46
30076,ext_736058f0,0,59,105,46
30076,ext_73bb6457,0,59,105,46
30076,ext_75b0ec35,0,59,105,46
30076,ext_75e8910e,0,59,105,46
30076,ext_77751964,0,81,105,25
30076,ext_78132229,0,99,105,7
30076,ext_782c5788,0,82,105,24
30076,ext_78c1b6c4,0,96,105,10
30076,ext_7922f018,0,59,105,46
30076,ext_79be5d94,0,99,105,7
30076,ext_79f3af39,0,60,105,45
30076,ext_79fce6dd,0,61,105,44
30076,ext_7c5e07ab,0,65,105,40
30076,ext_7ceb4686,0,68,105,37
30076,ext_7e204791,0,59,105,46
30076,ext_7e51e0e9,0,65,105,40
30076,ext_812e8969,0,59,105,46
30076,ext_812f6657,0,61,105,44
30076,ext_81faf977,0,59,105,46
30076,ext_82176769,0,99,105,7
30076,ext_82e54a2f,0,76,105,29
30076,ext_82ee0cad,0,59,105,46
30076,ext_83760966,0,59,105,46
30076,ext_8433e910,0,65,105,40
30076,ext_85cb7c13,0,59,105,46
30076,ext_87254f4a,0,59,105,46
30076,ext_87df2e83,0,99,105,7
30076,ext_87e87f69,0,65,105,40
30076,ext_89356e6c,0,61,105,44
30076,ext_894c643e,0,65,105,40
30076,ext_8a6cb5ec,0,87,105,19
30076,ext_8adfcd81,0,59,105,46
30076,ext_8aeae9c9,0,59,105,46
30076,ext_8af729b8,0,59,105,46
30076,ext_8c54d579,0,59,105,46
30076,ext_8d035924,0,59,105,46
30076,ext_8dbe4755,0,87,105,19
30076,ext_90f0f5b4,0,59,105,46
30076,ext_910dff80,0,59,105,46
30076,ext_917c794e,0,59,105,46
30076,ext_917d15d7,0,59,105,46
30076,ext_92792077,0,99,105,7
30076,ext_92ded219,0,59,105,46
30076,ext_94784602,0,79,105,26
30076,ext_952871d2,0,61,105,44
30076,ext_956078e9,0,96,105,10
30076,ext_95907888,0,59,105,46
30076,ext_97beedfd,0,61,105,44
30076,ext_99b7f42a,0,100,105,6
30076,ext_9c508dfa,0,95,105,11
30076,ext_9d4fb598,0,61,105,44
30076,ext_9eba21e6,0,59,105,46
30076,ext_9f83eb0d,0,97,105,9
30076,ext_9fbd0c1a,0,59,105,46
30076,ext_a36ab695,0,59,105,46
30076,ext_a3e2d71e,0,99,105,7
30076,ext_a3ef67b9,0,59,105,46
30076,ext_a4fe6d62,0,59,105,46
30076,ext_a5dd6eba,0,61,105,44
30076,ext_a5e29df1,0,90,105,16
30076,ext_a5ffe87b,0,59,105,46
30076,ext_a61cc2c7,0,59,105,46
30076,ext_a6683bb0,0,65,105,40
30076,ext_a7ab0292,0,81,105,25
30076,ext_a86b9f57,0,104,105,2
30076,ext_a97243ba,0,59,105,46
30076,ext_aa945ea7,0,59,105,46
30076,ext_acb9b229,0,59,105,46
30076,ext_ace4b8bd,0,59,105,46
30076,ext_ada2575e,0,59,105,46
30076,ext_b06e844b,0,95,105,11
30076,ext_b10a76e8,0,82,105,24
30076,ext_b10b6d40,0,59,105,46
30076,ext_b1788c2d,0,99,105,7
30076,ext_b18443b7,0,59,105,46
30076,ext_b2027d84,0,59,105,46
30076,ext_b3d213d1,0,59,105,46
30076,ext_b41950ee,0,77,105,28
30076,ext_b4f9b83f,0,59,105,46
30076,ext_b52056d0,0,99,105,7
30076,ext_b590f87a,0,65,105,40
30076,ext_b5b586aa,0,99,105,7
30076,ext_b639a5b4,0,105,105,1
30076,ext_b6ee4ce3,0,65,105,40
30076,ext_b71cf28e,0,95,105,11
30076,ext_b7aaccf0,0,95,105,11
30076,ext_b8dc4732,0,59,105,46
30076,ext_baa63a87,0,59,105,46
30076,ext_bba399a9,0,96,105,10
30076,ext_bed65fd5,0,59,105,46
30076,ext_c069ed65,0,99,105,7
30076,ext_c080df44,0,59,105,46
30076,ext_c0f4ba4e,0,59,105,46
30076,ext_c1c9c1de,0,59,105,46
30076,ext_c1f489b4,0,65,105,40
30076,ext_c318f884,0,59,105,46
30076,ext_c444b948,0,63,105,42
30076,ext_c4a28f9f,0,59,105,46
30076,ext_c52a287c,0,86,105,20
30076,ext_c662a02b,0,99,105,7
30076,ext_c68d0c89,0,62,105,43
30076,ext_c76ce5ab,0,59,105,46
30076,ext_c7e185a2,0,65,105,40
30076,ext_ca798c5b,0,61,105,44
30076,ext_cb934694,0,59,105,46
30076,ext_ce3a882c,0,59,105,46
30076,ext_d0a9ec26,0,83,105,23
30076,ext_d52f3d8a,0,98,105,8
30076,ext_d548928a,0,61,105,44
30076,ext_d55ef97e,0,99,105,7
30076,ext_d7dc8cbf,0,59,105,46
30076,ext_db627d49,0,59,105,46
30076,ext_dd3e1a58,0,59,105,46
30076,ext_dd6cb68a,0,82,105,24
30076,ext_de052920,0,61,105,44
30076,ext_de71ad8a,0,99,105,7
30076,ext_dfc6fb0a,0,59,105,46
30076,ext_e0afb83a,0,59,105,46
30076,ext_e0cf88cf,0,65,105,40
30076,ext_e0e61625,0,65,105,40
30076,ext_e2086817,0,59,105,46
30076,ext_e334dbdc,0,59,105,46
30076,ext_e5c584cc,0,99,105,7
30076,ext_e83711a0,0,65,105,40
30076,ext_e84ec509,0,95,105,11
30076,ext_e9056b7e,0,59,105,46
30076,ext_e95bd52d,0,61,105,44
30076,ext_ea2bef87,0,59,105,46
30076,ext_ea6da717,0,102,105,4
30076,ext_eac0c705,0,59,105,46
30076,ext_eba66ca5,0,59,105,46
30076,ext_eba6c83e,0,59,105,46
30076,ext_ebd1178f,0,75,105,30
30076,ext_ec0e349b,0,76,105,29
30076,ext_ed56798d,0,78,105,27
30076,ext_ee1a53a0,0,59,105,46
30076,ext_eee790c3,0,59,105,46
30076,ext_ef1f690e,0,99,105,7
30076,ext_f2c913d1,0,99,105,7
30076,ext_f34f4a96,0,65,105,40
30076,ext_f3efd8da,0,59,105,46
30076,ext_f56a5e5b,0,99,105,7
30076,ext_f57d8993,0,59,105,46
30076,ext_f5c3e992,0,68,105,37
30076,ext_f606ef8b,0,59,105,46
30076,ext_f7243ac7,0,99,105,7
30076,ext_f932f064,0,99,105,7
30076,ext_fa75ffd1,0,59,105,46
30076,ext_fab651f8,0,59,105,46
30076,ext_fc366d3c,0,59,105,46
30076,ext_fc5f2739,0,95,105,11
30076,ext_fcfefde3,0,59,105,46
30076,ext_fd17547b,0,59,105,46
30076,ext_fdd45168,0,65,105,40
30076,ext_fef794ff,0,66,105,39
30952,11023,1,59,107,21
30952,11360,1,59,122,24
30952,16495,1,59,88,15
30952,18344,1,66,107,13
30952,20905,1,59,122,29
30952,22931,1,59,122,29
30952,25544,1,59,107,21
30952,38893,1,59,107,20
30952,40629,1,76,107,10
30952,46021,1,59,122,22
30952,48429,1,59,122,28
30952,51722,1,59,122,26
30952,60830,1,59,122,28
30952,62555,1,59,122,26
30952,69669,1,59,122,29
30952,70889,1,88,107,4
30952,75178,1,59,122,30
30952,ext_02050576,0,91,122,7
30952,ext_025d39c8,0,59,122,28
30952,ext_02a4859f,0,59,122,28
30952,ext_02cf8288,0,59,107,20
30952,ext_0316bdc2,0,59,107,21
30952,ext_042b0665,0,59,122,24
30952,ext_043e36e0,0,59,122,28
30952,ext_0564a033,0,59,107,21
30952,ext_05b710ef,0,59,122,27
30952,ext_08400504,0,83,107,9
30952,ext_0aa0d40c,0,59,122,23
30952,ext_0c4c943f,0,59,122,28
30952,ext_0db00645,0,59,122,29
30952,ext_0e552c9b,0,59,122,28
30952,ext_0ea6f282,0,59,122,28
30952,ext_0fd2f415,0,59,107,21
30952,ext_125b679b,0,59,107,21
30952,ext_12701e89,0,59,107,21
30952,ext_13543351,0,59,107,21
30952,ext_136825d4,0,76,107,10
30952,ext_1a6952e7,0,59,107,21
30952,ext_1bd160b2,0,66,107,13
30952,ext_1bdee2d8,0,59,122,29
30952,ext_1c93ee3e,0,59,122,24
30952,ext_1d2094d4,0,88,107,4
30952,ext_1d483008,0,59,122,29
30952,ext_1de16683,0,85,107,7
30952,ext_1ea01c2d,0,59,107,20
30952,ext_20ebf662,0,59,107,21
30952,ext_212eaf03,0,61,107,17
30952,ext_223cdd8c,0,59,107,21
30952,ext_23f3889f,0,66,107,13
30952,ext_24ebabd3,0,59,122,29
30952,ext_2663268f,0,59,122,24
30952,ext_2689ec78,0,59,122,29
30952,ext_28869671,0,59,122,27
30952,ext_28a4fa09,0,59,122,31
30952,ext_28c274e7,0,59,107,21
30952,ext_2921371a,0,67,107,12
30952,ext_29f4b8f5,0,59,122,28
30952,ext_2b9c0181,0,83,93,8
30952,ext_2ce0379f,0,59,122,24
30952,ext_2dca1d86,0,63,67,4
30952,ext_2ef20580,0,76,107,10
30952,ext_2f0ff404,0,59,122,29
30952,ext_3413761a,0,59,122,28
30952,ext_34e5e533,0,59,122,24
30952,ext_39589c3c,0,59,107,21
30952,ext_3bc38b46,0,83,107,9
30952,ext_3dfef290,0,59,107,20
30952,ext_3e302022,0,60,107,19
30952,ext_3fa1e6c8,0,59,122,27
30952,ext_3ff53bb6,0,59,122,26
30952,ext_402479c6,0,76,107,10
30952,ext_4326a0a3,0,76,107,11
30952,ext_45726ed7,0,59,122,27
30952,ext_45ab3eaf,0,59,122,22
30952,ext_45c37b30,0,59,122,29
30952,ext_4705e42b,0,59,122,28
30952,ext_471e8777,0,59,122,29
30952,ext_4725f2e6,0,59,122,27
30952,ext_47d19af6,0,59,122,28
30952,ext_495e43bf,0,59,122,29
30952,ext_4a07944c,0,59,107,20
30952,ext_4a197276,0,76,107,12
30952,ext_4a6afb69,0,63,107,16
30952,ext_4b734d7d,0,85,107,8
30952,ext_4cccf6f0,0,60,61,2
30952,ext_4cd7f4f8,0,61,107,17
30952,ext_4cf44647,0,66,107,13
30952,ext_4d70fc65,0,59,93,23
30952,ext_4e001073,0,76,107,10
30952,ext_4e0787b0,0,59,122,24
30952,ext_50b443ac,0,59,88,15
30952,ext_50bda7cd,0,76,107,10
30952,ext_510c519f,0,59,122,28
30952,ext_517e330a,0,59,122,28
30952,ext_51b1b05f,0,59,107,20
30952,ext_5312a731,0,59,122,24
30952,ext_54c045d1,0,59,122,27
30952,ext_553620fb,0,59,107,21
30952,ext_554be69c,0,87,107,5
30952,ext_55b6c2fe,0,85,107,7
30952,ext_569914ec,0,59,107,21
30952,ext_56f15702,0,76,107,10
30952,ext_57287a88,0,59,122,22
30952,ext_591e09b5,0,91,107,6
30952,ext_59922619,0,59,122,28
30952,ext_59c59135,0,85,107,7
30952,ext_5eb303d6,0,59,122,24
30952,ext_61c99c0c,0,76,84,3
30952,ext_622eadb3,0,85,107,7
30952,ext_631be196,0,59,107,20
30952,ext_6339ab7d,0,59,122,28
30952,ext_63dc20c2,0,83,107,9
30952,ext_63e90a23,0,59,122,24
30952,ext_64ba301e,0,76,107,10
30952,ext_6543b0e9,0,59,122,26
30952,ext_65c4a7dc,0,59,122,28
30952,ext_6a1acddd,0,64,107,16
30952,ext_6a637368,0,59,107,21
30952,ext_6d9392c6,0,59,122,26
30952,ext_6f04245d,0,59,122,28
30952,ext_6f841639,0,59,88,21
30952,ext_702e0631,0,59,122,22
30952,ext_7540d3a2,0,59,107,18
30952,ext_75f6e977,0,83,107,9
30952,ext_76a25b76,0,53,58,5
30952,ext_76c62995,0,59,88,21
30952,ext_7744ad83,0,59,107,21
30952,ext_784ff42a,0,59,93,23
30952,ext_7acf0f9d,0,66,107,13
30952,ext_7b19f120,0,59,107,21
30952,ext_7d6cbc18,0,59,122,28
30952,ext_7db46da4,0,59,122,22
30952,ext_7eb84f84,0,67,84,4
30952,ext_7f721287,0,59,107,20
30952,ext_827fefcf,0,59,122,26
30952,ext_82a12704,0,66,107,13
30952,ext_82c29508,0,76,84,3
30952,ext_8345d0a1,0,59,122,28
30952,ext_83d5fb50,0,59,88,20
30952,ext_83d6271c,0,59,122,28
30952,ext_871353d5,0,59,122,24
30952,ext_896621b2,0,59,122,28
30952,ext_89895620,0,59,107,20
30952,ext_8a3d0b4e,0,64,107,14
30952,ext_8af48f03,0,76,107,10
30952,ext_8b62a769,0,67,107,12
30952,ext_8ba9d059,0,87,93,4
30952,ext_8c1177f4,0,85,107,7
30952,ext_8f3ef7d2,0,59,122,29
30952,ext_8f4939e7,0,59,107,21
30952,ext_91555e5b,0,83,107,9
30952,ext_9197ddc3,0,59,122,29
30952,ext_93f6f3d8,0,59,122,29
30952,ext_946fcf99,0,59,122,24
30952,ext_94ca96c5,0,59,122,26
30952,ext_96393a47,0,91,107,3
30952,ext_968355c4,0,61,107,17
30952,ext_9b1dee75,0,59,122,22
30952,ext_9c33c791,0,91,93,2
30952,ext_9de35922,0,59,122,28
30952,ext_9e5ea231,0,59,122,28
30952,ext_9ebda160,0,59,122,29
30952,ext_a035b5f9,0,59,122,27
30952,ext_a049558e,0,59,122,29
30952,ext_a06fbc33,0,88,107,4
30952,ext_a0a72df7,0,59,122,22
30952,ext_a1d99d28,0,59,107,20
30952,ext_a2917cf0,0,59,107,21
30952,ext_a2da79b2,0,64,107,15
30952,ext_a35cfb88,0,59,107,21
30952,ext_a426e964,0,59,122,29
30952,ext_a7cf1666,0,59,122,22
30952,ext_a9120014,0,59,73,8
30952,ext_a94bc0d6,0,59,122,28
30952,ext_aa9effff,0,59,122,28
30952,ext_ac006b3d,0,76,107,10
30952,ext_ac5c4f95,0,76,107,12
30952,ext_acaf33aa,0,76,107,10
30952,ext_aea2d30a,0,87,107,5
30952,ext_af3e5889,0,59,107,21
30952,ext_b00089b8,0,87,107,5
30952,ext_b06e7625,0,59,88,15
30952,ext_b1f31acf,0,59,88,21
30952,ext_b1f7c029,0,59,122,24
30952,ext_b282e55b,0,59,107,21
30952,ext_b32c53cf,0,59,63,4
30952,ext_b4091de9,0,59,88,18
30952,ext_b574e56a,0,76,107,10
30952,ext_b61ba21a,0,59,122,22
30952,ext_b61fd770,0,91,93,2
30952,ext_b9808277,0,59,122,28
30952,ext_bc66f261,0,83,107,9
30952,ext_bfa09154,0,59,122,28
30952,ext_c1533d81,0,59,107,20
30952,ext_c23eea6f,0,59,122,28
30952,ext_c33c8801,0,59,122,23
30952,ext_c442bf1a,0,59,107,21
30952,ext_c67c93a1,0,59,122,23
30952,ext_c7401a3d,0,59,122,28
30952,ext_c7b467be,0,83,107,9
30952,ext_c7e71306,0,59,107,21
30952,ext_c7f97bc8,0,59,122,29
30952,ext_c8dd37b2,0,76,107,10
30952,ext_c9119045,0,59,122,24
30952,ext_ca2a072f,0,59,107,21
30952,ext_ca5ed836,0,59,122,29
30952,ext_cac0fcdf,0,59,107,20
30952,ext_caf3a62b,0,59,107,21
30952,ext_cc3bdd48,0,59,122,28
30952,ext_cc523645,0,76,107,10
30952,ext_cd170588,0,63,107,16
30952,ext_ce283529,0,59,122,28
30952,ext_ceb16e4d,0,87,93,4
30952,ext_cef12f07,0,93,107,2
30952,ext_d190d4d0,0,93,93,1
30952,ext_d1f33f7a,0,59,64,5
30952,ext_d6a4f821,0,59,88,17
30952,ext_d7e27c17,0,59,93,23
30952,ext_d8d8a4f2,0,59,122,24
30952,ext_d9f2b382,0,59,93,22
30952,ext_da8bef89,0,107,107,1
30952,ext_da8bf906,0,59,122,28
30952,ext_dbed6763,0,59,122,27
30952,ext_dbee2155,0,59,88,21
30952,ext_dc0c1163,0,66,107,15
30952,ext_dc4ab9e6,0,59,122,26
30952,ext_dcbaeeed,0,59,88,15
30952,ext_dcfee69a,0,59,122,28
30952,ext_dd6cb68a,0,59,107,20
30952,ext_ddeac019,0,59,122,27
30952,ext_ded1a4f7,0,59,122,29
30952,ext_df3a908d,0,59,122,22
30952,ext_e0dda0a5,0,59,88,21
30952,ext_e1030134,0,59,122,29
30952,ext_e261d2e9,0,59,107,20
30952,ext_e35cd9ac,0,59,107,21
30952,ext_e4c2d1cb,0,59,122,28
30952,ext_e5022ad2,0,59,122,23
30952,ext_e5aa6760,0,60,107,18
30952,ext_e5f532cf,0,76,107,10
30952,ext_e86ab721,0,59,107,20
30952,ext_eab221d5,0,59,122,29
30952,ext_ebbbfd45,0,83,107,9
30952,ext_ebbed88c,0,83,107,9
30952,ext_ec928065,0,59,122,29
30952,ext_ed98386f,0,85,107,7
30952,ext_ee1a53a0,0,59,107,20
30952,ext_f35399d6,0,59,122,28
30952,ext_f36c9816,0,59,122,22
30952,ext_f5163b5f,0,59,122,24
30952,ext_f57d97fa,0,59,122,24
30952,ext_f615571e,0,59,59,1
30952,ext_f64e5b8e,0,59,107,20
30952,ext_f6fe20dd,0,59,122,29
30952,ext_f7da3125,0,59,122,28
30952,ext_f86b009e,0,59,122,32
30952,ext_fb5cdad5,0,59,107,20
30952,ext_fb6ab638,0,59,78,14
30952,ext_fb825bb9,0,64,107,15
30952,ext_fe3c2d13,0,59,88,17
30952,ext_fe8f118d,0,59,122,28
30952,ext_ff4f38ac,0,83,107,9
30952,ext_ff86a4dc,0,59,122,29
30952,ext_ff9b3b2c,0,83,107,9
30952,ext_ffcb02fc,0,59,107,21
31372,50947,1,59,138,54
31372,57637,1,79,138,39
31372,61280,1,59,138,53
31372,66754,1,59,138,53
31372,ext_00eb4ea2,0,90,138,30
31372,ext_0239ea16,0,59,138,53
31372,ext_06062368,0,103,138,28
31372,ext_08501b8a,0,103,138,29
31372,ext_091c2ab0,0,59,138,53
31372,ext_0b0a4012,0,59,138,53
31372,ext_0bb40276,0,59,138,53
31372,ext_0be778c3,0,59,138,53
31372,ext_10438141,0,59,138,54
31372,ext_1115ab27,0,84,138,35
31372,ext_129c82b3,0,59,138,53
31372,ext_13678957,0,130,138,7
31372,ext_15a1f665,0,78,129,33
31372,ext_18be7b81,0,59,138,53
31372,ext_19b75023,0,45,57,7
31372,ext_1c6723fb,0,115,138,18
31372,ext_1d65364a,0,59,138,53
31372,ext_1f5fe265,0,59,70,9
31372,ext_2137a44d,0,138,138,1
31372,ext_217fd8bd,0,59,138,53
31372,ext_24f225b6,0,79,138,39
31372,ext_25187025,0,59,138,54
31372,ext_25c7cda2,0,59,138,53
31372,ext_263815b9,0,103,138,28
31372,ext_265504f3,0,59,138,53
31372,ext_28408033,0,90,138,30
31372,ext_284cc699,0,59,138,53
31372,ext_2a337508,0,109,138,24
31372,ext_2cb9f9cc,0,59,138,53
31372,ext_2f3068e7,0,136,138,3
31372,ext_2ff92dea,0,103,138,28
31372,ext_3162a4ed,0,120,138,15
31372,ext_33e1c0ac,0,79,138,39
31372,ext_36fe099c,0,105,138,27
31372,ext_3ad12a2f,0,59,105,28
31372,ext_3ec2f0c5,0,59,138,53
31372,ext_3ff7522e,0,130,138,7
31372,ext_402479c6,0,59,138,53
31372,ext_4045c296,0,59,138,54
31372,ext_40a9a618,0,59,92,24
31372,ext_4513de3e,0,136,138,3
31372,ext_45c37b30,0,69,138,45
31372,ext_45cac457,0,59,138,52
31372,ext_463da2a2,0,108,138,25
31372,ext_47d3ec2d,0,59,138,54
31372,ext_47d50929,0,41,57,10
31372,ext_47e54f7f,0,136,138,3
31372,ext_4939baed,0,59,138,53
31372,ext_4f97f59e,0,78,138,40
31372,ext_5526568d,0,59,138,53
31372,ext_55efa373,0,59,138,53
31372,ext_5724b453,0,59,138,54
31372,ext_5847e837,0,62,138,51
31372,ext_5c282e80,0,59,138,54
31372,ext_5fa915ed,0,59,92,24
31372,ext_629244c4,0,103,138,28
31372,ext_6426d2e4,0,59,92,24
31372,ext_6512e809,0,120,138,15
31372,ext_67e2bec6,0,59,138,54
31372,ext_6908d22c,0,45,57,7
31372,ext_6b734031,0,86,105,7
31372,ext_730820d9,0,59,138,52
31372,ext_77af1608,0,84,138,35
31372,ext_7bda7fc5,0,48,57,4
31372,ext_858bf214,0,59,138,53
31372,ext_908de455,0,103,138,28
31372,ext_935783c7,0,65,138,49
31372,ext_94784602,0,59,138,53
31372,ext_9a4a1534,0,59,64,5
31372,ext_9c7b05a0,0,73,138,44
31372,ext_9c9a30aa,0,62,138,51
31372,ext_9f55e6c7,0,59,59,1
31372,ext_a02bfd3f,0,59,138,53
31372,ext_a4368719,0,122,138,13
31372,ext_a515ba36,0,81,138,37
31372,ext_a82eb2ce,0,59,138,53
31372,ext_a959f050,0,59,138,53
31372,ext_ac2515ab,0,59,138,54
31372,ext_adf4c590,0,59,92,24
31372,ext_ae7000e9,0,59,138,53
31372,ext_af4e3834,0,59,138,53
31372,ext_af6319e5,0,103,138,28
31372,ext_b12bf61b,0,59,121,37
31372,ext_b17f3be8,0,70,138,44
31372,ext_b2e065ab,0,89,138,31
31372,ext_b8f39dfb,0,59,138,53
31372,ext_b93e1986,0,42,57,9
31372,ext_ba45f0ef,0,105,138,27
31372,ext_ba66c54c,0,59,82,18
31372,ext_ba8ddaa0,0,107,138,26
31372,ext_bbbbf682,0,59,138,53
31372,ext_bdaebf99,0,136,138,3
31372,ext_c0bf2d1c,0,59,138,54
31372,ext_c3b1e2d9,0,59,138,54
31372,ext_c3c94903,0,108,138,25
31372,ext_cb087288,0,109,138,24
31372,ext_cf988b5b,0,59,138,54
31372,ext_d03b4c50,0,59,138,54
31372,ext_d357a212,0,59,138,53
31372,ext_d379f250,0,59,138,53
31372,ext_d3f544ef,0,120,138,15
31372,ext_d4870c7d,0,59,138,52
31372,ext_d5f998cf,0,73,92,15
31372,ext_d92c3f8f,0,45,57,7
31372,ext_da0c52ed,0,59,138,53
31372,ext_dad56549,0,59,138,53
31372,ext_dc5c1ab1,0,40,57,11
31372,ext_dc6a5889,0,59,138,53
31372,ext_dd19ab4c,0,66,138,47
31372,ext_df0cdbea,0,85,138,34
31372,ext_df60ae93,0,59,138,54
31372,ext_e114e419,0,59,138,53
31372,ext_e3a215a1,0,59,138,53
31372,ext_e66e7709,0,59,138,54
31372,ext_e7ee6556,0,78,138,40
31372,ext_e8854942,0,59,138,54
31372,ext_ebd1178f,0,59,92,24
31372,ext_ec74454a,0,103,138,28
31372,ext_ef1f690e,0,59,138,53
31372,ext_f13d7744,0,59,138,54
31372,ext_f5c3e992,0,59,138,54
31372,ext_f6c61a4d,0,59,138,53
31372,ext_f71077c3,0,103,138,28
31372,ext_f9be9023,0,79,138,39
31372,ext_fa232b2b,0,62,138,51
31372,ext_fb0af61c,0,59,138,53
31372,ext_fd10d9bc,0,85,138,34
31372,ext_fec2337a,0,62,138,51
31583,14188,1,65,82,7
31583,18394,1,65,82,6
31583,19066,1,66,79,3
31583,24853,1,65,89,8
31583,25544,1,65,82,7
31583,38901,1,65,89,8
31583,44167,1,65,82,6
31583,57896,1,65,82,7
31583,62560,1,65,82,7
31583,63063,1,65,82,7
31583,71700,1,65,82,7
31583,78638,1,65,82,7
31583,ext_017b8852,0,65,82,7
31583,ext_02e9f044,0,65,89,12
31583,ext_04f13864,0,65,82,7
31583,ext_05a2afd3,0,65,89,8
31583,ext_0634c140,0,65,89,8
31583,ext_07d4d76c,0,79,79,1
31583,ext_088404cd,0,65,82,7
31583,ext_091c2ab0,0,65,82,7
31583,ext_0bb69c9b,0,65,81,5
31583,ext_0bcc6a4b,0,79,89,5
31583,ext_0e0048e9,0,65,89,8
31583,ext_107c9781,0,65,82,7
31583,ext_10b14506,0,65,82,6
31583,ext_11a6a8ca,0,65,82,6
31583,ext_11cdb840,0,65,82,6
31583,ext_125450be,0,65,82,7
31583,ext_128a4605,0,65,82,7
31583,ext_12fbb857,0,65,82,6
31583,ext_136825d4,0,65,82,7
31583,ext_14eb5220,0,65,89,8
31583,ext_15e0282b,0,65,82,7
31583,ext_165dbcab,0,65,81,5
31583,ext_169e976a,0,65,89,8
31583,ext_18ec7f3a,0,65,82,7
31583,ext_1d50f5a6,0,65,82,7
31583,ext_1d96669b,0,65,81,5
31583,ext_1e5e0027,0,65,81,5
31583,ext_1e89ff11,0,66,79,3
31583,ext_1eeb5151,0,65,82,7
31583,ext_1f245d08,0,65,82,6
31583,ext_1f8f7017,0,65,79,4
31583,ext_2217638e,0,79,79,1
31583,ext_22ba669b,0,65,82,6
31583,ext_248d455d,0,65,79,4
31583,ext_25aac800,0,65,82,7
31583,ext_265aea48,0,65,82,7
31583,ext_26db6551,0,65,82,7
31583,ext_27ad9346,0,65,82,7
31583,ext_2899a572,0,65,82,7
31583,ext_28ea4e7f,0,65,89,11
31583,ext_290e53fa,0,79,79,1
31583,ext_2929621a,0,65,82,7
31583,ext_2afc84de,0,65,81,5
31583,ext_2cbaf6c7,0,65,82,7
31583,ext_2d31e762,0,65,82,7
31583,ext_2d662c27,0,65,89,11
31583,ext_2e9a327e,0,65,89,8
31583,ext_2fe5ca03,0,65,82,6
31583,ext_2ffcb505,0,65,89,12
31583,ext_329b0158,0,79,79,1
31583,ext_3415b332,0,65,82,7
31583,ext_367d344a,0,65,89,9
31583,ext_36e2fcbe,0,65,82,6
31583,ext_37a185af,0,65,82,7
31583,ext_384703e9,0,65,89,8
31583,ext_38b944b8,0,65,89,11
31583,ext_38f513e9,0,65,82,7
31583,ext_3a408a27,0,65,82,6
31583,ext_3ad0ad76,0,65,82,7
31583,ext_3b8b72ff,0,65,82,6
31583,ext_3d290689,0,65,82,7
31583,ext_4031b686,0,65,82,7
31583,ext_41625765,0,79,79,1
31583,ext_417dc210,0,65,81,5
31583,ext_4406c446,0,65,82,7
31583,ext_4416258f,0,65,82,7
31583,ext_446c3ee5,0,65,89,11
31583,ext_45c37b30,0,65,81,5
31583,ext_461cbfa7,0,65,82,7
31583,ext_4779ecda,0,65,82,6
31583,ext_487e4ab5,0,79,79,1
31583,ext_49e2a6ee,0,65,81,5
31583,ext_49f96a85,0,79,79,1
31583,ext_4bc5830f,0,65,82,6
31583,ext_4c7acb49,0,65,81,5
31583,ext_52d42835,0,65,82,7
31583,ext_53b80116,0,65,89,8
31583,ext_5602ca0c,0,65,82,7
31583,ext_59e2b22f,0,65,82,7
31583,ext_5ab6f9fb,0,65,89,8
31583,ext_5be0c5e6,0,65,89,8
31583,ext_5e69f0a2,0,65,89,8
31583,ext_5fa54e5d,0,65,82,7
31583,ext_61d6afac,0,65,82,7
31583,ext_623bf334,0,65,89,11
31583,ext_6281c5c8,0,65,82,7
31583,ext_65812add,0,65,82,7
31583,ext_65859467,0,79,79,1
31583,ext_65ebd794,0,65,89,8
31583,ext_6605bc72,0,65,89,8
31583,ext_6776c5be,0,79,79,1
31583,ext_689afe32,0,65,82,7
31583,ext_69aaa44a,0,65,82,6
31583,ext_6acf4d94,0,65,82,6
31583,ext_6b8632df,0,65,81,5
31583,ext_6bb19e93,0,65,82,7
31583,ext_6c15fdfa,0,65,82,7
31583,ext_708a9978,0,65,89,12
31583,ext_709847a4,0,65,89,11
31583,ext_70c3799a,0,65,82,7
31583,ext_71e06d55,0,65,82,6
31583,ext_7387c30e,0,65,82,7
31583,ext_73b3dc2d,0,65,82,6
31583,ext_745c4c9c,0,65,89,11
31583,ext_74675634,0,65,81,5
31583,ext_74d848de,0,65,82,7
31583,ext_753f0eb2,0,65,82,6
31583,ext_755950ad,0,65,82,7
31583,ext_776bc061,0,65,82,7
31583,ext_77af1608,0,65,81,5
31583,ext_7852c2be,0,65,81,5
31583,ext_78d5d5d4,0,65,82,7
31583,ext_78e48839,0,65,81,5
31583,ext_78eaf8d9,0,65,82,7
31583,ext_79171bf3,0,65,82,7
31583,ext_795d1c49,0,65,89,8
31583,ext_7a287148,0,65,82,7
31583,ext_7a8c081b,0,65,81,5
31583,ext_7c09dc05,0,65,82,7
31583,ext_7cc2789b,0,65,81,5
31583,ext_7d330cd3,0,65,89,11
31583,ext_7e006699,0,65,81,5
31583,ext_7e24be1c,0,65,81,5
31583,ext_7f68c5f4,0,65,89,8
31583,ext_80757f66,0,65,89,8
31583,ext_80f64420,0,65,81,5
31583,ext_8102b204,0,65,89,10
31583,ext_8173d4aa,0,79,79,1
31583,ext_8229119e,0,65,89,12
31583,ext_83a51eeb,0,65,82,7
31583,ext_85064dbf,0,65,82,6
31583,ext_851cf527,0,65,79,4
31583,ext_86f74509,0,66,79,3
31583,ext_874e00ef,0,65,81,5
31583,ext_8814fc29,0,65,81,5
31583,ext_888bdf93,0,65,81,5
31583,ext_88e4d5d1,0,65,82,6
31583,ext_8beb5845,0,65,82,7
31583,ext_8d2c15f1,0,65,82,7
31583,ext_8f7e7b87,0,65,82,7
31583,ext_909a1ddf,0,65,82,6
31583,ext_90bcc201,0,65,82,7
31583,ext_90fc41fb,0,65,82,7
31583,ext_91773622,0,65,81,5
31583,ext_95da80dc,0,65,81,5
31583,ext_98bb7ab8,0,65,82,6
31583,ext_99d9bceb,0,65,81,5
31583,ext_9b748302,0,65,89,8
31583,ext_9b7da1f5,0,67,79,2
31583,ext_9deca6b0,0,65,82,7
31583,ext_9e3f4e11,0,65,81,5
31583,ext_9eee0906,0,65,81,5
31583,ext_9f468b9c,0,65,82,7
31583,ext_a0405e49,0,67,79,2
31583,ext_a32e022a,0,65,82,6
31583,ext_a866f51a,0,65,82,7
31583,ext_a9d0e0ad,0,65,82,7
31583,ext_ab297c6a,0,65,89,11
31583,ext_ac87c7eb,0,65,82,7
31583,ext_ad6820b1,0,65,81,5
31583,ext_af6319e5,0,79,79,1
31583,ext_b06663c4,0,79,79,1
31583,ext_b1267c3b,0,65,81,5
31583,ext_b14416af,0,65,81,5
31583,ext_b17b050b,0,79,79,1
31583,ext_b1f681e4,0,65,82,6
31583,ext_b2919f40,0,65,82,7
31583,ext_b308d5b9,0,65,82,6
31583,ext_b3625feb,0,67,79,2
31583,ext_b440dfcd,0,65,82,6
31583,ext_b48852e1,0,65,82,7
31583,ext_b5537753,0,65,82,6
31583,ext_b6d7ad18,0,65,82,7
31583,ext_b83deae0,0,65,82,6
31583,ext_b8adb7b7,0,65,82,7
31583,ext_b9b1dbf5,0,65,82,6
31583,ext_ba8511a6,0,65,81,5
31583,ext_baee8846,0,65,89,11
31583,ext_bb1755db,0,65,82,6
31583,ext_bb2d47df,0,65,89,8
31583,ext_bd8e4a41,0,65,82,7
31583,ext_befbeef9,0,65,89,12
31583,ext_bf5857e6,0,65,81,5
31583,ext_bf70b203,0,65,82,7
31583,ext_c0c74e4a,0,65,82,6
31583,ext_c1a8e9d4,0,79,79,1
31583,ext_c1d86eef,0,65,82,7
31583,ext_c2a77fad,0,65,81,5
31583,ext_c3951235,0,65,82,7
31583,ext_c456b642,0,66,79,3
31583,ext_c4ea5251,0,65,82,7
31583,ext_c96b43e4,0,65,81,5
31583,ext_ca2d479c,0,65,82,7
31583,ext_cb5cdd7b,0,65,67,3
31583,ext_cbd1be31,0,65,89,9
31583,ext_d10e0c7d,0,65,82,6
31583,ext_d30d826b,0,65,81,5
31583,ext_d33320ba,0,65,89,8
31583,ext_d357a212,0,65,79,4
31583,ext_d3e59291,0,65,89,8
31583,ext_d41842b4,0,65,82,7
31583,ext_d44b0eb9,0,65,82,6
31583,ext_d4f6a108,0,65,81,5
31583,ext_d5f7867a,0,65,81,5
31583,ext_d6195343,0,79,79,1
31583,ext_d6ebc114,0,65,81,5
31583,ext_d8021216,0,65,81,5
31583,ext_da5d3506,0,65,89,9
31583,ext_db34e902,0,79,79,1
31583,ext_dc20e6d9,0,65,82,6
31583,ext_de14892e,0,65,82,6
31583,ext_de61e466,0,65,82,7
31583,ext_deae7e8f,0,65,82,6
31583,ext_dfb75d53,0,79,79,1
31583,ext_e0af1b9c,0,79,79,1
31583,ext_e0e61625,0,65,82,7
31583,ext_e0f12e6b,0,65,89,8
31583,ext_e335769d,0,65,82,7
31583,ext_e4221c77,0,65,82,7
31583,ext_e684ac4f,0,79,79,1
31583,ext_e7260648,0,65,82,6
31583,ext_e88f9367,0,65,82,7
31583,ext_e89cc456,0,79,79,1
31583,ext_ed0d0884,0,65,82,6
31583,ext_ed425ea0,0,65,82,6
31583,ext_ed5a3ab7,0,65,81,5
31583,ext_ed8324d3,0,65,82,6
31583,ext_edb1784f,0,65,82,7
31583,ext_ee77e370,0,65,82,7
31583,ext_ef451011,0,65,81,5
31583,ext_f0400888,0,65,82,6
31583,ext_f0cd45e6,0,65,82,7
31583,ext_f0ddea71,0,79,79,1
31583,ext_f11d8d3b,0,65,82,7
31583,ext_f1ac8d38,0,65,82,7
31583,ext_f45d67b7,0,65,81,5
31583,ext_f50a8872,0,65,89,10
31583,ext_f5873318,0,65,82,7
31583,ext_f7490b5d,0,65,82,7
31583,ext_f783232a,0,65,82,6
31583,ext_f7b4c803,0,65,82,7
31583,ext_f8365d04,0,65,82,6
31583,ext_f8ae9a0c,0,65,82,7
31583,ext_f8da5d33,0,65,89,8
31583,ext_f9d90e41,0,65,82,7
31583,ext_fdabd4d7,0,65,82,7
31583,ext_fe3146ae,0,65,82,7
31583,ext_ff86a4dc,0,79,79,1
32100,32100,1,85,138,22
32100,82060,1,85,93,6
32100,86610,1,85,138,22
32100,ext_00f20a16,0,85,138,22
32100,ext_04b8c534,0,85,138,22
32100,ext_0554b345,0,85,138,22
32100,ext_0688ea3b,0,85,138,22
32100,ext_07de20bb,0,85,138,22
32100,ext_08815b79,0,107,138,14
32100,ext_0a72beda,0,85,138,22
32100,ext_0aae93bd,0,85,138,22
32100,ext_0ce41381,0,85,138,22
32100,ext_0e53ea98,0,85,138,22
32100,ext_0f3b0afb,0,85,138,22
32100,ext_0f850ef7,0,85,138,22
32100,ext_1045e07e,0,132,138,7
32100,ext_114b2238,0,85,138,22
32100,ext_1216e843,0,85,138,22
32100,ext_137b5762,0,85,138,22
32100,ext_149605fa,0,132,138,7
32100,ext_1832a13f,0,85,138,22
32100,ext_18d8b584,0,85,138,22
32100,ext_1c8e0f0a,0,85,138,22
32100,ext_1d1d0ca7,0,85,96,8
32100,ext_1e04d436,0,85,138,22
32100,ext_21a0ae5b,0,89,138,20
32100,ext_21d9c3c8,0,96,138,15
32100,ext_228e5545,0,85,138,22
32100,ext_232cb767,0,85,138,22
32100,ext_23cac54b,0,85,138,22
32100,ext_25d5d187,0,85,138,22
32100,ext_278818cc,0,85,138,22
32100,ext_280809b3,0,94,138,16
32100,ext_2813eaf0,0,85,138,22
32100,ext_290a6caf,0,85,138,22
32100,ext_2969ff98,0,85,138,22
32100,ext_29876e6a,0,94,138,16
32100,ext_2a069432,0,85,138,22
32100,ext_2b58b5dc,0,85,138,22
32100,ext_2ffd68fb,0,107,138,14
32100,ext_31f21d80,0,85,138,22
32100,ext_3374c77c,0,85,138,22
32100,ext_33d59612,0,85,138,22
32100,ext_340bcf77,0,85,138,22
32100,ext_34448f74,0,85,138,22
32100,ext_372906d8,0,85,138,22
32100,ext_379437ed,0,91,138,18
32100,ext_381a8165,0,85,138,22
32100,ext_3822a955,0,85,138,22
32100,ext_38d7910d,0,85,138,22
32100,ext_3a225c28,0,124,138,12
32100,ext_3b2af2ae,0,85,138,22
32100,ext_3d082ce2,0,85,138,22
32100,ext_3d6b759d,0,85,138,22
32100,ext_4115e86c,0,90,138,19
32100,ext_413722b3,0,85,138,22
32100,ext_416ef834,0,85,138,22
32100,ext_41d42b53,0,85,138,22
32100,ext_41d7d058,0,85,138,22
32100,ext_41ed9007,0,85,138,22
32100,ext_45c37b30,0,85,138,22
32100,ext_45d4e809,0,85,138,22
32100,ext_4b706d29,0,138,138,1
32100,ext_4b7d7bd2,0,85,138,22
32100,ext_4f191d49,0,128,138,10
32100,ext_4f325c07,0,85,138,22
32100,ext_531e4778,0,107,138,14
32100,ext_533e3839,0,85,138,22
32100,ext_5366d88b,0,85,138,22
32100,ext_53c6ca08,0,85,138,22
32100,ext_55d12aae,0,85,138,22
32100,ext_57219986,0,85,138,22
32100,ext_5c90392d,0,85,138,22
32100,ext_5cb344d5,0,85,138,22
32100,ext_5e51c681,0,85,138,22
32100,ext_62874df1,0,85,138,22
32100,ext_6400bc05,0,85,138,22
32100,ext_661545c8,0,85,138,22
32100,ext_66d55ef3,0,85,138,22
32100,ext_66fb5873,0,85,138,22
32100,ext_67752a58,0,85,138,22
32100,ext_699ba7e3,0,85,138,22
32100,ext_69bd2375,0,85,138,22
32100,ext_6c421653,0,85,138,22
32100,ext_6cc582e3,0,85,138,22
32100,ext_6e08c26c,0,85,138,22
32100,ext_6ea8b875,0,85,138,22
32100,ext_70b65485,0,85,138,22
32100,ext_70bafcc7,0,85,138,22
32100,ext_71568d70,0,85,138,22
32100,ext_72c9266b,0,85,96,8
32100,ext_75806fa9,0,85,138,22
32100,ext_75f6e977,0,85,138,22
32100,ext_78347134,0,85,138,22
32100,ext_78a34430,0,85,138,22
32100,ext_7b336575,0,85,138,22
32100,ext_7c1f2beb,0,85,138,22
32100,ext_7cd9217a,0,85,138,22
32100,ext_800266df,0,85,138,22
32100,ext_8043fb5c,0,85,138,22
32100,ext_80a2df4c,0,107,138,14
32100,ext_80fe436a,0,85,138,22
32100,ext_8589af3e,0,85,138,22
32100,ext_86388003,0,85,138,22
32100,ext_878ba49a,0,85,138,22
32100,ext_87ed04f8,0,85,138,22
32100,ext_88f546e0,0,85,138,22
32100,ext_8cc2f680,0,85,138,22
32100,ext_8d88fdc5,0,85,138,22
32100,ext_8fcd57a8,0,89,138,20
32100,ext_9153bfcd,0,85,138,22
32100,ext_91cf7e8f,0,85,138,22
32100,ext_920fa711,0,85,138,22
32100,ext_96e870bb,0,94,138,16
32100,ext_975a3ce5,0,132,138,7
32100,ext_97858033,0,85,138,22
32100,ext_9a184474,0,85,138,22
32100,ext_9a66db77,0,96,138,15
32100,ext_9a862c54,0,85,138,22
32100,ext_9c7659eb,0,85,138,22
32100,ext_9c953296,0,85,138,22
32100,ext_9cc6f048,0,85,138,22
32100,ext_a3ef67b9,0,85,138,22
32100,ext_a406fa95,0,85,138,22
32100,ext_a6a43f8b,0,85,138,22
32100,ext_a801fa40,0,134,138,5
32100,ext_a8327658,0,85,138,22
32100,ext_abd84697,0,85,138,22
32100,ext_abff857f,0,85,138,23
32100,ext_ad0bfebd,0,85,138,22
32100,ext_ad42c9a0,0,85,138,22
32100,ext_aed46132,0,85,138,22
32100,ext_b1e1b16b,0,85,138,22
32100,ext_b2b00b7f,0,90,138,18
32100,ext_b41326d4,0,132,138,7
32100,ext_b44b250d,0,85,138,22
32100,ext_b773cde5,0,85,138,22
32100,ext_b8dc6d7a,0,85,138,22
32100,ext_bacfaf4c,0,85,138,22
32100,ext_bc3ad5c4,0,85,138,22
32100,ext_bcf4de28,0,85,138,22
32100,ext_bd70a7fd,0,85,138,22
32100,ext_bfc8f3b9,0,85,138,22
32100,ext_c069ed65,0,85,138,22
32100,ext_c1a8e9d4,0,85,138,22
32100,ext_c530a5eb,0,85,138,22
32100,ext_c5b575bb,0,85,138,22
32100,ext_c62442fc,0,85,138,22
32100,ext_c90dc935,0,85,138,22
32100,ext_c926177f,0,85,138,22
32100,ext_c9e73dc2,0,85,138,22
32100,ext_ca3aa5df,0,85,138,22
32100,ext_ca81453d,0,85,138,22
32100,ext_cb4c088e,0,85,138,22
32100,ext_cbf35317,0,85,138,22
32100,ext_cc61d425,0,85,138,22
32100,ext_d12e7878,0,85,138,22
32100,ext_d28a21b1,0,93,138,17
32100,ext_d3e2c566,0,85,138,22
32100,ext_d42f7a60,0,85,138,22
32100,ext_d52798e3,0,85,138,22
32100,ext_d5611251,0,85,138,22
32100,ext_d5c42a7b,0,124,138,12
32100,ext_d6484273,0,85,138,22
32100,ext_d7a327ea,0,85,138,22
32100,ext_d910b823,0,85,138,22
32100,ext_d9d326fc,0,85,132,16
32100,ext_d9fc0d75,0,85,138,22
32100,ext_da72198d,0,96,138,15
32100,ext_da91e87b,0,85,138,22
32100,ext_dc12f481,0,85,138,22
32100,ext_dd09b0a0,0,85,138,22
32100,ext_dd7c237f,0,85,138,22
32100,ext_dfa79642,0,93,138,17
32100,ext_dfc12383,0,85,138,22
32100,ext_e2fdf307,0,85,138,22
32100,ext_e3970d5a,0,85,138,22
32100,ext_e3a40b0b,0,85,138,22
32100,ext_e45391d2,0,85,138,22
32100,ext_e563f27d,0,85,138,22
32100,ext_e61722a0,0,85,138,22
32100,ext_e78abd7a,0,107,127,4
32100,ext_ea64c747,0,85,138,22
32100,ext_ea6d5c88,0,85,138,22
32100,ext_ed3f951c,0,86,138,21
32100,ext_eddb9a98,0,85,138,22
32100,ext_eea707b9,0,85,138,22
32100,ext_f0adfcb1,0,85,138,22
32100,ext_f23c3b05,0,85,138,22
32100,ext_f261617c,0,85,138,22
32100,ext_f29bc5c3,0,85,138,22
32100,ext_f33c0f23,0,85,138,22
32100,ext_f3c68b02,0,124,138,12
32100,ext_f40888c7,0,85,138,22
32100,ext_f6b79014,0,85,138,22
32100,ext_f7cde210,0,94,138,16
32100,ext_fa918aaa,0,85,138,22
32100,ext_fa9c05cd,0,85,138,22
32100,ext_fb791fd8,0,85,138,22
32100,ext_fbf5f67c,0,85,138,22
32100,ext_fc4c240e,0,85,138,22
32100,ext_fdefba65,0,85,138,22
32100,ext_fe1ea749,0,85,138,22
32174,23144,1,60,105,46
32174,63188,1,60,105,46
32174,80193,1,60,105,46
32174,ext_01b81ae1,0,60,105,46
32174,ext_0318c89b,0,60,105,46
32174,ext_04f13864,0,60,105,46
32174,ext_064dae3e,0,60,105,46
32174,ext_08167842,0,89,105,17
32174,ext_08e933a9,0,60,105,46
32174,ext_0a13fa14,0,60,105,46
32174,ext_0a1cf134,0,60,105,46
32174,ext_0aa8629f,0,60,105,46
32174,ext_0b90bea2,0,102,105,4
32174,ext_0ccf696a,0,62,105,44
32174,ext_0d489bd5,0,60,105,46
32174,ext_0e29809c,0,60,105,46
32174,ext_0fd36888,0,60,105,46
32174,ext_1112b2cc,0,60,105,46
32174,ext_129eee42,0,74,105,32
32174,ext_12aae71e,0,60,105,46
32174,ext_18ec7f3a,0,85,105,21
32174,ext_191dabc1,0,98,105,8
32174,ext_1dc6d3d2,0,60,105,46
32174,ext_1f933f4b,0,98,105,8
32174,ext_2417146f,0,77,105,29
32174,ext_29faa115,0,60,105,46
32174,ext_2a00459c,0,81,105,25
32174,ext_2aca75a9,0,60,105,46
32174,ext_2c7248ea,0,60,105,46
32174,ext_308a28aa,0,60,105,46
32174,ext_31925bc3,0,86,105,20
32174,ext_32c6fb8a,0,60,105,46
32174,ext_35295c93,0,60,105,46
32174,ext_35545439,0,77,105,29
32174,ext_36c1e59e,0,89,105,17
32174,ext_379463a6,0,60,105,46
32174,ext_38a8206b,0,98,105,8
32174,ext_3fbd4596,0,80,105,26
32174,ext_46a0b9b9,0,60,105,46
32174,ext_4b6b8a54,0,64,105,42
32174,ext_4db6c45e,0,60,105,46
32174,ext_52781d3a,0,60,105,46
32174,ext_55ae19f4,0,60,105,46
32174,ext_5cb344d5,0,60,105,46
32174,ext_5e98828a,0,60,105,46
32174,ext_5faa0c90,0,89,105,17
32174,ext_6191f752,0,60,105,46
32174,ext_623997d3,0,84,105,22
32174,ext_63d22b2f,0,60,105,46
32174,ext_64511378,0,61,105,45
32174,ext_650407a8,0,60,105,46
32174,ext_66b52eaa,0,60,105,46
32174,ext_6732b14e,0,60,105,46
32174,ext_67c48eac,0,60,105,46
32174,ext_6973e55d,0,60,105,46
32174,ext_6a5c98bd,0,60,105,46
32174,ext_6d7e08c0,0,60,105,46
32174,ext_6e520968,0,60,105,46
32174,ext_70420d5c,0,60,105,46
32174,ext_72c7db0e,0,60,105,46
32174,ext_73d293f9,0,60,105,46
32174,ext_75ddf495,0,60,105,46
32174,ext_776bc061,0,60,105,46
32174,ext_781e2a2d,0,60,105,46
32174,ext_797c461e,0,65,105,41
32174,ext_7bd4282f,0,60,105,46
32174,ext_7e7eab75,0,60,105,46
32174,ext_8018ccee,0,86,105,20
32174,ext_84bfa35c,0,60,105,46
32174,ext_85949c81,0,60,105,46
32174,ext_8723f266,0,60,105,46
32174,ext_8b7018ef,0,98,105,8
32174,ext_8c8a171c,0,60,105,46
32174,ext_8cb7e05e,0,60,105,46
32174,ext_8dbe4755,0,60,105,46
32174,ext_8f8da653,0,76,105,30
32174,ext_92db4db4,0,60,105,46
32174,ext_94121a97,0,60,105,46
32174,ext_95ac2267,0,60,105,46
32174,ext_9728f1b1,0,78,105,28
32174,ext_97a715b6,0,60,105,46
32174,ext_97df0633,0,60,105,46
32174,ext_9b301971,0,60,105,46
32174,ext_9c20500f,0,60,105,46
32174,ext_9c9f9fb7,0,60,105,46
32174,ext_a107e29d,0,60,105,46
32174,ext_a14e4bae,0,60,105,46
32174,ext_a4a9cd83,0,60,105,46
32174,ext_a5be4688,0,99,105,7
32174,ext_aa4ceb71,0,85,105,21
32174,ext_aaed7c57,0,60,105,46
32174,ext_ab19d475,0,60,105,46
32174,ext_afe739d4,0,60,105,46
32174,ext_b062c55b,0,60,105,46
32174,ext_b150025b,0,60,105,46
32174,ext_b56938a8,0,60,105,46
32174,ext_ba293b06,0,65,105,41
32174,ext_bc41bc71,0,67,105,39
32174,ext_bd15d91a,0,60,105,46
32174,ext_bd2dd1a0,0,60,105,46
32174,ext_c0b6d12a,0,89,105,17
32174,ext_c180d419,0,84,105,22
32174,ext_c34b7d06,0,85,105,21
32174,ext_c3cb7900,0,89,105,17
32174,ext_c3ea2c85,0,60,105,46
32174,ext_c4ea5251,0,60,105,46
32174,ext_c6259d90,0,74,105,32
32174,ext_c7bc78dd,0,60,105,46
32174,ext_c99ee068,0,68,105,38
32174,ext_caa2384e,0,98,105,8
32174,ext_cab8fdd0,0,86,105,20
32174,ext_caf96ead,0,68,105,38
32174,ext_d226190d,0,60,105,46
32174,ext_d398f510,0,60,105,46
32174,ext_d675d9c6,0,60,105,46
32174,ext_d97ab730,0,86,105,20
32174,ext_da781f89,0,60,105,46
32174,ext_dab1d179,0,60,105,46
32174,ext_dd82515d,0,89,105,17
32174,ext_e4d9b15b,0,60,105,46
32174,ext_e50f90c2,0,60,105,46
32174,ext_e60abf79,0,60,105,46
32174,ext_e61cd9e6,0,60,105,46
32174,ext_e9d7080f,0,60,105,46
32174,ext_ea407a00,0,60,105,46
32174,ext_f08dbf27,0,60,105,46
32174,ext_f1ac8d38,0,60,105,46
32174,ext_f2968722,0,60,105,46
32174,ext_f50c6689,0,60,105,46
32174,ext_f6edd105,0,60,105,46
32174,ext_f735e3a7,0,60,105,46
32174,ext_f7e69f27,0,60,105,46
32174,ext_fa6288be,0,60,105,46
32174,ext_fa8d6700,0,101,105,5
32174,ext_fd4ab1d9,0,60,105,46
32174,ext_fdcaa1bd,0,60,105,46
32174,ext_ff02aa7f,0,64,105,42
32174,ext_ff597576,0,60,105,46
32899,26425,1,60,134,40
32899,57637,1,60,134,40
32899,60482,1,60,134,40
32899,89827,1,119,134,10
32899,ext_044a2719,0,64,134,39
32899,ext_0861e572,0,60,134,40
32899,ext_0dbd9930,0,60,97,16
32899,ext_0ee50b49,0,60,134,22
32899,ext_11f8d68a,0,60,134,40
32899,ext_121579a1,0,90,134,28
32899,ext_13d410ec,0,60,134,40
32899,ext_1ce2b05c,0,60,134,40
32899,ext_1dfa69ea,0,60,134,40
32899,ext_1e3060f6,0,114,134,14
32899,ext_2f3fd6ed,0,60,134,40
32899,ext_42e02d6d,0,64,134,39
32899,ext_47c1c75a,0,80,134,33
32899,ext_47e54f7f,0,106,134,22
32899,ext_4bb9a18a,0,60,134,40
32899,ext_4d96905b,0,60,134,40
32899,ext_52f8da4d,0,60,104,18
32899,ext_55656cd1,0,129,134,5
32899,ext_5c282e80,0,60,134,40
32899,ext_5e98828a,0,108,134,20
32899,ext_5e9dfa3c,0,60,134,40
32899,ext_61341d1b,0,60,83,9
32899,ext_62e604f3,0,60,134,40
32899,ext_73da4fc8,0,60,134,40
32899,ext_75ba287c,0,111,134,17
32899,ext_75c54fb4,0,60,134,40
32899,ext_75d96227,0,60,134,40
32899,ext_81b4ba52,0,60,134,40
32899,ext_867b7132,0,60,134,40
32899,ext_94784602,0,114,134,14
32899,ext_ab12ce88,0,114,134,14
32899,ext_ac052a06,0,60,134,40
32899,ext_b0fba4c2,0,60,134,40
32899,ext_b2443238,0,60,134,40
32899,ext_b2f50b6a,0,60,134,40
32899,ext_bee0c926,0,60,134,40
32899,ext_bf5a2e3f,0,60,134,40
32899,ext_c71469ce,0,76,134,35
32899,ext_cb4ef0b9,0,60,134,40
32899,ext_d190f641,0,60,86,11
32899,ext_d5923c0d,0,87,134,29
32899,ext_d83c7b0f,0,108,134,20
32899,ext_dcfce3dc,0,60,134,40
32899,ext_dd4b2a4e,0,60,76,6
32899,ext_e476d065,0,60,134,40
32899,ext_e7b271e0,0,60,134,40
32899,ext_e8854942,0,60,134,40
32899,ext_eabaded5,0,60,134,40
32899,ext_ed2c3d20,0,85,134,31
32899,ext_f5c3e992,0,60,134,40
32899,ext_fd41a13d,0,60,134,40
34250,25947,1,69,104,20
34250,40557,1,69,104,20
34250,50947,1,69,104,20
34250,78062,1,69,104,20
34250,ext_00655f5d,0,98,104,3
34250,ext_04291c85,0,69,104,20
34250,ext_045d7c00,0,98,104,3
34250,ext_0564a033,0,69,104,20
34250,ext_06bcb54a,0,69,104,20
34250,ext_08814c13,0,69,104,20
34250,ext_08d4d1ba,0,87,104,6
34250,ext_0966a7e9,0,87,104,6
34250,ext_0a3c83ee,0,84,104,8
34250,ext_0b60270b,0,69,104,20
34250,ext_0e437405,0,69,104,20
34250,ext_0f0ee48f,0,69,104,20
34250,ext_0ffdbd3b,0,69,104,20
34250,ext_121bfd8f,0,102,104,2
34250,ext_14d04e4f,0,69,104,17
34250,ext_15af18e2,0,69,104,19
34250,ext_15f17003,0,69,104,20
34250,ext_1e4a741b,0,98,104,3
34250,ext_2097d69e,0,69,104,19
34250,ext_21d6f24c,0,69,104,20
34250,ext_2237ed21,0,69,104,20
34250,ext_232205b7,0,69,104,20
34250,ext_23230c29,0,87,104,6
34250,ext_2689ec78,0,69,104,20
34250,ext_26fb4085,0,69,104,20
34250,ext_2764d4ce,0,69,104,17
34250,ext_2793be81,0,69,104,20
34250,ext_2899a572,0,69,104,20
34250,ext_2b9691b7,0,69,104,20
34250,ext_2c1ecb29,0,69,104,20
34250,ext_2db542df,0,69,104,20
34250,ext_2ef20580,0,69,104,19
34250,ext_310c8139,0,69,104,20
34250,ext_33507ba7,0,69,104,20
34250,ext_3478d87c,0,69,104,17
34250,ext_39fc222e,0,69,104,20
34250,ext_3ba8524e,0,76,104,11
34250,ext_3c64717c,0,98,104,3
34250,ext_3e1186f3,0,69,104,19
34250,ext_3fcf7561,0,98,104,3
34250,ext_43bf56e0,0,69,104,20
34250,ext_44939e08,0,69,104,20
34250,ext_459ba0ee,0,69,104,20
34250,ext_45c37b30,0,69,104,20
34250,ext_46f82cf8,0,91,104,5
34250,ext_4856c6b9,0,69,104,17
34250,ext_48a192a1,0,69,104,20
34250,ext_493990c5,0,69,104,20
34250,ext_49a0c07d,0,69,104,20
34250,ext_4b424ae0,0,69,104,20
34250,ext_4e570cf9,0,69,104,19
34250,ext_5015f59a,0,69,104,20
34250,ext_5029477c,0,69,104,17
34250,ext_53044c3a,0,69,104,20
34250,ext_53a039cc,0,87,104,6
34250,ext_55682fad,0,84,104,8
34250,ext_5595dc3e,0,69,104,20
34250,ext_55f78529,0,69,104,20
34250,ext_564b8df7,0,69,104,20
34250,ext_56b8eae9,0,75,104,14
34250,ext_57543011,0,69,104,20
34250,ext_58576140,0,69,104,20
34250,ext_5973afc2,0,69,104,20
34250,ext_5b7eec14,0,69,104,20
34250,ext_5c87f388,0,69,104,20
34250,ext_5cb344d5,0,91,104,5
34250,ext_5f530d91,0,69,104,20
34250,ext_61d6afac,0,69,104,20
34250,ext_627f178f,0,69,104,20
34250,ext_640bca0d,0,69,104,20
34250,ext_6448c7f0,0,69,104,20
34250,ext_6669d177,0,69,104,19
34250,ext_66939b67,0,69,104,17
34250,ext_6bf4a8d8,0,69,104,20
34250,ext_6eff5130,0,69,104,20
34250,ext_703f7f0a,0,69,104,20
34250,ext_759493b9,0,69,104,17
34250,ext_75d36e91,0,69,104,20
34250,ext_7847a05a,0,69,104,20
34250,ext_7995d4ec,0,69,104,20
34250,ext_79c825a9,0,69,104,19
34250,ext_7bc137f2,0,69,104,20
34250,ext_7d71b849,0,69,104,19
34250,ext_7e1e4d8b,0,69,104,20
34250,ext_7e7196d4,0,98,104,3
34250,ext_7fa40a63,0,69,104,20
34250,ext_812f6657,0,69,104,20
34250,ext_826db33c,0,69,104,20
34250,ext_83106ac8,0,98,104,3
34250,ext_83377afc,0,86,104,7
34250,ext_86534742,0,69,104,17
34250,ext_8b769917,0,91,104,5
34250,ext_8c1177f4,0,74,104,15
34250,ext_8c13de1b,0,87,104,6
34250,ext_8d9fea8c,0,69,104,20
34250,ext_8fd4ca02,0,69,104,20
34250,ext_90c10483,0,69,104,17
34250,ext_927def5c,0,69,104,20
34250,ext_92b98658,0,98,104,3
34250,ext_93b6c2c8,0,69,104,20
34250,ext_93d22c4d,0,86,104,7
34250,ext_94da96ab,0,69,104,19
34250,ext_96c9e532,0,98,104,3
34250,ext_9714f286,0,69,104,20
34250,ext_97165b22,0,69,104,20
34250,ext_9723e5d2,0,98,104,3
34250,ext_98bd79ea,0,69,104,20
34250,ext_99e6b419,0,69,104,20
34250,ext_9e276c91,0,69,104,20
34250,ext_9eaa3155,0,69,104,19
34250,ext_9f45f102,0,69,104,20
34250,ext_a7accfb9,0,69,104,20
34250,ext_aacbc8cc,0,69,104,20
34250,ext_ad327a8e,0,91,104,5
34250,ext_ad679733,0,76,104,11
34250,ext_aeee700a,0,98,104,3
34250,ext_af460f22,0,69,104,20
34250,ext_af8937d8,0,69,104,20
34250,ext_b107c978,0,69,104,17
34250,ext_b1fa1ad9,0,69,104,20
34250,ext_b22ec654,0,69,104,20
34250,ext_b242935b,0,98,104,3
34250,ext_b27cbb1c,0,84,104,8
34250,ext_b282e55b,0,69,104,20
34250,ext_b6a5aacc,0,69,104,20
34250,ext_ba22b338,0,69,104,20
34250,ext_ba50a55d,0,98,104,3
34250,ext_bd3243bb,0,84,104,8
34250,ext_c00eb5f5,0,102,104,2
34250,ext_c0b6d12a,0,69,104,20
34250,ext_c1074e9f,0,98,104,3
34250,ext_c1586aa3,0,91,104,5
34250,ext_c1d21c97,0,69,104,20
34250,ext_c1f489b4,0,69,104,17
34250,ext_c2e0bfe3,0,69,104,19
34250,ext_c34014d4,0,69,104,17
34250,ext_ca108877,0,86,104,7
34250,ext_ca905683,0,91,104,5
34250,ext_cb3274f0,0,69,104,20
34250,ext_ccedb846,0,91,104,5
34250,ext_cd98095a,0,91,104,5
34250,ext_cdc651a2,0,69,104,20
34250,ext_ce283529,0,69,104,20
34250,ext_cffb2d47,0,69,104,20
34250,ext_d02ae593,0,69,104,17
34250,ext_d071063c,0,69,104,20
34250,ext_d1df23b0,0,69,104,20
34250,ext_d22c0164,0,69,104,20
34250,ext_d3e88e94,0,69,104,20
34250,ext_d4188979,0,69,104,20
34250,ext_d46f010d,0,86,104,7
34250,ext_d4cfbe62,0,69,104,17
34250,ext_d6bf761f,0,69,104,19
34250,ext_d893cc45,0,69,104,20
34250,ext_d90f3a6e,0,69,104,20
34250,ext_d9e26911,0,98,104,3
34250,ext_ddcae882,0,69,104,20
34250,ext_de052920,0,69,104,20
34250,ext_dfcf591d,0,69,104,20
34250,ext_e02ebd7c,0,69,104,17
34250,ext_e119d5f0,0,69,104,20
34250,ext_e1590a8d,0,69,104,20
34250,ext_e51e4639,0,69,104,17
34250,ext_ea7dff15,0,69,104,20
34250,ext_eb6bd619,0,91,104,5
34250,ext_ec478d1c,0,69,104,20
34250,ext_ecaba253,0,69,104,20
34250,ext_ed83a9fd,0,69,104,20
34250,ext_ee2e156a,0,69,104,20
34250,ext_ef1aea72,0,69,104,20
34250,ext_efa4a1c5,0,69,104,19
34250,ext_f102c51f,0,69,104,17
34250,ext_f57df97e,0,69,104,20
34250,ext_f677f0a9,0,69,104,20
34250,ext_f679337f,0,69,104,20
34250,ext_f8a3f97a,0,69,104,20
34250,ext_f8e2b12b,0,69,104,20
34250,ext_f8f28a08,0,69,104,17
34250,ext_f9f7abae,0,69,104,20
34250,ext_fdade877,0,69,104,20
34250,ext_ff26b6c9,0,69,104,20
34853,34853,1,59,89,25
34853,48187,1,59,89,25
34853,77824,1,59,89,25
34853,79877,1,61,89,23
34853,88175,1,78,89,7
34853,ext_00ac68bd,0,59,89,25
34853,ext_0127d02f,0,59,89,25
34853,ext_03668a47,0,59,89,25
34853,ext_03c54503,0,59,89,25
34853,ext_0471b2a7,0,59,89,25
34853,ext_04c4652f,0,59,89,25
34853,ext_05d9652a,0,59,89,25
34853,ext_07d56c1a,0,38,58,20
34853,ext_0a72778c,0,59,89,25
34853,ext_0aac73ee,0,65,89,19
34853,ext_0bb40276,0,59,89,25
34853,ext_0d4a428d,0,38,58,20
34853,ext_0d8ee66f,0,59,89,25
34853,ext_0ddc0efe,0,59,89,25
34853,ext_0e64465a,0,38,58,20
34853,ext_0f66f61c,0,59,89,25
34853,ext_105cf8b6,0,59,89,25
34853,ext_13142840,0,59,89,25
34853,ext_136825d4,0,59,89,25
34853,ext_1486b5f6,0,59,89,25
34853,ext_14db01cf,0,59,89,25
34853,ext_1641afd6,0,59,89,25
34853,ext_171b9747,0,59,89,25
34853,ext_19020864,0,59,89,25
34853,ext_1957e01f,0,59,89,25
34853,ext_1a05d7c3,0,59,89,25
34853,ext_1c10579e,0,38,58,20
34853,ext_1c2f7e09,0,59,89,25
34853,ext_1c38c99f,0,59,89,25
34853,ext_1c93aeff,0,76,89,9
34853,ext_1cc59126,0,59,89,25
34853,ext_1e3060f6,0,59,89,25
34853,ext_1eb62149,0,59,89,25
34853,ext_1ec5a90f,0,59,89,25
34853,ext_209a816a,0,59,89,25
34853,ext_20cc960f,0,59,89,25
34853,ext_218c6cd5,0,59,89,25
34853,ext_24731d56,0,59,89,25
34853,ext_24b0d50b,0,59,89,25
34853,ext_24ce89b5,0,59,89,25
34853,ext_253aab72,0,77,77,1
34853,ext_26286037,0,59,89,25
34853,ext_27ab8134,0,59,89,25
34853,ext_2ba467f1,0,59,89,25
34853,ext_2bab0d1e,0,67,89,17
34853,ext_2d804df0,0,59,89,25
34853,ext_2e2d5f02,0,59,89,25
34853,ext_2fc92766,0,59,89,25
34853,ext_2ff75b0a,0,59,89,25
34853,ext_2ffb3da4,0,59,89,25
34853,ext_30767cdb,0,59,89,25
34853,ext_31e11efc,0,68,89,16
34853,ext_32f355f2,0,59,89,25
34853,ext_33bc1487,0,59,89,25
34853,ext_33f62f89,0,59,89,25
34853,ext_3441250d,0,59,89,25
34853,ext_3591e4a6,0,59,89,25
34853,ext_365a745c,0,59,89,25
34853,ext_3751c16a,0,59,89,25
34853,ext_38b829df,0,77,77,1
34853,ext_38d35705,0,59,89,25
34853,ext_39fc222e,0,59,89,25
34853,ext_3a349d2a,0,59,89,25
34853,ext_3bca358f,0,59,89,25
34853,ext_3c6253cf,0,59,89,25
34853,ext_3d76cfac,0,59,89,25
34853,ext_3ea5754a,0,59,89,25
34853,ext_3f90524f,0,59,89,25
34853,ext_3fbfcf82,0,59,89,25
34853,ext_3ff53bb6,0,59,89,25
34853,ext_4028f45d,0,59,89,25
34853,ext_409f4a35,0,59,89,25
34853,ext_414d7a34,0,59,89,25
34853,ext_41ea03f8,0,59,89,25
34853,ext_43bfa7b6,0,59,89,25
34853,ext_445f9afc,0,76,89,9
34853,ext_45c37b30,0,59,89,25
34853,ext_45cac457,0,59,89,25
34853,ext_45dbb070,0,59,89,25
34853,ext_45f2b0e9,0,59,89,25
34853,ext_476c834c,0,59,89,25
34853,ext_48db8fa2,0,59,89,25
34853,ext_49220242,0,59,89,25
34853,ext_49b8dba1,0,59,89,25
34853,ext_49f96a85,0,59,89,25
34853,ext_4ae33ce2,0,59,89,25
34853,ext_4bc5830f,0,59,89,25
34853,ext_4bcf32ae,0,59,89,25
34853,ext_4d1e7448,0,59,89,25
34853,ext_4f1073b8,0,59,89,25
34853,ext_4f191d49,0,59,89,25
34853,ext_4fa2edca,0,59,89,25
34853,ext_51b1b05f,0,59,89,25
34853,ext_536d64ec,0,59,89,25
34853,ext_53d9d7ab,0,59,89,25
34853,ext_53fc20fd,0,61,89,23
34853,ext_54130b98,0,38,58,20
34853,ext_54501aab,0,59,89,25
34853,ext_55553bb2,0,59,89,25
34853,ext_555c5b84,0,38,58,20
34853,ext_5773bd23,0,59,89,25
34853,ext_595197ac,0,59,89,25
34853,ext_5a2a89c3,0,59,89,25
34853,ext_5aed0ec0,0,59,89,25
34853,ext_5c89f169,0,59,89,25
34853,ext_5cf93d0c,0,38,58,20
34853,ext_5d1d0337,0,59,89,25
34853,ext_5e3173d1,0,59,89,25
34853,ext_5e8e58ba,0,59,89,25
34853,ext_5edc9559,0,59,89,25
34853,ext_60aa128e,0,59,89,25
34853,ext_62315974,0,59,89,25
34853,ext_6295a10c,0,59,89,25
34853,ext_62a97810,0,59,89,25
34853,ext_6386292a,0,59,89,25
34853,ext_65301c28,0,59,89,25
34853,ext_667c93f0,0,59,89,25
34853,ext_69693827,0,59,89,25
34853,ext_69eccc59,0,59,89,25
34853,ext_6b112040,0,59,89,25
34853,ext_6b3e2c9c,0,59,89,25
34853,ext_6b4613a4,0,59,89,25
34853,ext_6b543151,0,59,89,25
34853,ext_6c027683,0,59,89,25
34853,ext_6c4a01d7,0,59,89,25
34853,ext_6c5c7012,0,59,89,25
34853,ext_6cbdc63d,0,59,89,25
34853,ext_6cedfe4b,0,59,89,25
34853,ext_6d28cee1,0,59,89,25
34853,ext_6d2a7d70,0,59,89,25
34853,ext_6e82366d,0,59,89,25
34853,ext_6eb2a2f4,0,68,89,16
34853,ext_6fea40ba,0,59,89,25
34853,ext_70b05eff,0,59,89,25
34853,ext_7150dffd,0,59,89,25
34853,ext_736058f0,0,59,89,25
34853,ext_7459e990,0,59,89,25
34853,ext_74962ca7,0,59,89,25
34853,ext_74b2542d,0,59,89,25
34853,ext_75912c54,0,59,89,25
34853,ext_75c7aa0d,0,59,89,25
34853,ext_75f6e977,0,59,89,25
34853,ext_77f21f70,0,59,89,25
34853,ext_781f35fc,0,59,89,25
34853,ext_78237a91,0,59,89,25
34853,ext_78eaf8d9,0,64,89,20
34853,ext_7d8b0123,0,59,89,25
34853,ext_7dec0a13,0,59,89,25
34853,ext_7f05d646,0,59,89,25
34853,ext_7fc72dd9,0,59,89,25
34853,ext_8043fb5c,0,59,89,25
34853,ext_81d5cf4c,0,59,89,25
34853,ext_82eb9d61,0,59,89,25
34853,ext_83789fbd,0,59,89,25
34853,ext_84c56e72,0,59,89,25
34853,ext_85fdd834,0,77,77,1
34853,ext_8710a604,0,59,89,25
34853,ext_880df9c0,0,59,89,25
34853,ext_886d1a95,0,59,89,25
34853,ext_89f5f2cd,0,59,89,25
34853,ext_89fde796,0,59,89,25
34853,ext_8a3d192d,0,59,89,25
34853,ext_8a48df9a,0,59,89,25
34853,ext_8a4d2759,0,59,89,25
34853,ext_8a99831d,0,59,89,25
34853,ext_8c75a189,0,59,89,25
34853,ext_8d37c309,0,38,58,20
34853,ext_8e491fc0,0,59,89,25
34853,ext_90206524,0,59,89,25
34853,ext_90c401d3,0,59,89,25
34853,ext_90fc41fb,0,59,89,25
34853,ext_92e3e6e9,0,59,89,25
34853,ext_932cbe8b,0,59,89,25
34853,ext_9496da72,0,59,89,25
34853,ext_991325d3,0,59,89,25
34853,ext_99607763,0,59,89,25
34853,ext_9b46c2ac,0,59,89,25
34853,ext_9bbd6617,0,59,89,25
34853,ext_9d42b8a1,0,59,89,25
34853,ext_9d6d3c0c,0,59,89,25
34853,ext_9e92564b,0,59,89,25
34853,ext_9eba21e6,0,59,89,25
34853,ext_a036c0fb,0,80,89,6
34853,ext_a1a813b5,0,59,89,25
34853,ext_a236cbac,0,59,89,25
34853,ext_a290f4bf,0,59,89,25
34853,ext_a3f40329,0,59,89,25
34853,ext_a42e6100,0,59,89,25
34853,ext_a5dd6eba,0,59,89,25
34853,ext_a5e6b4f9,0,59,89,25
34853,ext_a742bcf7,0,59,89,25
34853,ext_a78d2a9b,0,59,89,25
34853,ext_a9acfd8e,0,59,89,25
34853,ext_ab3a5a85,0,59,89,25
34853,ext_ab8268bb,0,59,89,25
34853,ext_ad679733,0,59,89,25
34853,ext_ae0ce90c,0,59,89,25
34853,ext_af1c096f,0,59,89,25
34853,ext_af8937d8,0,59,89,25
34853,ext_b029a46e,0,59,89,25
34853,ext_b2ca7ea6,0,59,89,25
34853,ext_b353e3e1,0,59,89,25
34853,ext_b3ee0549,0,59,89,25
34853,ext_b4dd49f0,0,59,89,25
34853,ext_b4e933c4,0,59,89,25
34853,ext_b51cfed2,0,59,89,25
34853,ext_b54742b8,0,70,89,14
34853,ext_b5f96fdd,0,59,89,25
34853,ext_b68728cf,0,59,89,25
34853,ext_b6e41347,0,60,89,24
34853,ext_b81822cd,0,59,89,25
34853,ext_bb012201,0,77,77,1
34853,ext_bea55e88,0,68,89,16
34853,ext_bee68252,0,59,89,25
34853,ext_bff78ea2,0,59,89,25
34853,ext_c1fd91ec,0,59,89,25
34853,ext_c2fd9ba7,0,59,89,25
34853,ext_c3121392,0,59,89,25
34853,ext_c48130ec,0,77,77,1
34853,ext_c48d6bef,0,59,89,25
34853,ext_ca98f7e5,0,59,89,25
34853,ext_cb8c14b0,0,59,89,25
34853,ext_cb934694,0,59,89,25
34853,ext_ce74178d,0,59,89,25
34853,ext_d02ae593,0,59,89,25
34853,ext_d0802410,0,59,89,25
34853,ext_d270ac88,0,59,89,25
34853,ext_d2cf3dd2,0,59,89,25
34853,ext_d2e9d655,0,59,89,25
34853,ext_d441aa76,0,59,89,25
34853,ext_d4a56a09,0,59,89,25
34853,ext_d5282a6a,0,61,89,23
34853,ext_d9d1c2b7,0,59,89,25
34853,ext_dc2d9dce,0,59,89,25
34853,ext_dee02202,0,59,89,25
34853,ext_e28716bf,0,59,89,25
34853,ext_e2b7bcb1,0,59,89,25
34853,ext_e32f1344,0,59,89,25
34853,ext_e378f3ad,0,59,89,25
34853,ext_e3a9ee48,0,59,89,25
34853,ext_e3b6b892,0,59,89,25
34853,ext_e3d71998,0,59,89,25
34853,ext_e3ed83e1,0,59,89,25
34853,ext_e7a03744,0,77,77,1
34853,ext_e9702fa8,0,61,89,23
34853,ext_ea246952,0,59,89,25
34853,ext_ea619bb4,0,38,58,20
34853,ext_ea634faa,0,59,89,25
34853,ext_ea6da717,0,59,89,25
34853,ext_ef657a5a,0,59,89,25
34853,ext_ef7c92d4,0,59,89,25
34853,ext_f0241464,0,59,89,25
34853,ext_f06cd19a,0,59,89,25
34853,ext_f09c2a5e,0,59,89,25
34853,ext_f13d7744,0,59,89,25
34853,ext_f283051b,0,59,89,25
34853,ext_f3356fa6,0,59,89,25
34853,ext_f42315b7,0,59,89,25
34853,ext_f51af3aa,0,59,89,25
34853,ext_f57d97fa,0,59,89,25
34853,ext_f6bf37d1,0,38,58,20
34853,ext_fa0df0e3,0,59,89,25
34853,ext_fa542bf1,0,59,89,25
34853,ext_fa8d4fc7,0,59,89,25
34853,ext_fb888462,0,59,89,25
34853,ext_fbbda3b1,0,59,89,25
34853,ext_fddab372,0,59,89,25
34853,ext_ff1b4b0c,0,38,58,20
35227,10841,1,59,109,19
35227,11360,1,37,109,26
35227,35227,1,37,109,27
35227,40997,1,37,109,28
35227,48429,1,99,101,2
35227,53275,1,68,109,9
35227,57896,1,99,101,2
35227,63188,1,62,109,15
35227,63757,1,59,109,18
35227,68494,1,59,109,17
35227,68633,1,99,101,2
35227,86352,1,59,109,17
35227,ext_002d95bf,0,99,101,2
35227,ext_00895bca,0,59,109,18
35227,ext_008b08e3,0,37,109,27
35227,ext_01075b55,0,59,109,20
35227,ext_01368a64,0,59,109,17
35227,ext_022a8908,0,37,109,28
35227,ext_027862f0,0,59,101,16
35227,ext_044a2719,0,99,101,2
35227,ext_04696c7f,0,99,101,2
35227,ext_04c3d7df,0,99,101,2
35227,ext_04e45e29,0,59,109,17
35227,ext_052d68f6,0,37,109,29
35227,ext_05b710ef,0,99,101,2
35227,ext_064cdf43,0,37,109,29
35227,ext_06d11d7a,0,59,70,12
35227,ext_070ea01c,0,99,101,2
35227,ext_07f7aa1a,0,37,45,9
35227,ext_094d33f8,0,59,109,19
35227,ext_09bfb32d,0,37,109,27
35227,ext_0a4fe8c5,0,59,109,17
35227,ext_0b40ee67,0,59,109,19
35227,ext_0bf91b8f,0,37,109,28
35227,ext_0c7369f2,0,37,109,10
35227,ext_0f85d24e,0,59,109,26
35227,ext_0fda7ba9,0,99,101,2
35227,ext_102f17b7,0,59,109,20
35227,ext_10ecf37e,0,99,101,2
35227,ext_13042b1b,0,37,45,9
35227,ext_135dbf19,0,99,101,2
35227,ext_13b90ba0,0,37,40,4
35227,ext_13d1a3e3,0,37,109,30
35227,ext_13e7af96,0,91,101,5
35227,ext_1467484d,0,99,101,2
35227,ext_1479487e,0,37,109,29
35227,ext_160d6fa0,0,59,109,17
35227,ext_16d12268,0,99,101,2
35227,ext_170e38a9,0,99,99,1
35227,ext_17484ccf,0,59,70,12
35227,ext_181df310,0,99,101,2
35227,ext_19436b7b,0,99,101,2
35227,ext_1994c537,0,37,109,28
35227,ext_1a65946c,0,99,101,2
35227,ext_1aa90526,0,37,109,27
35227,ext_1aebcbfc,0,59,109,24
35227,ext_1c410025,0,99,101,2
35227,ext_1c5624c3,0,59,109,17
35227,ext_1e8f49c4,0,59,109,17
35227,ext_20a907cd,0,99,101,2
35227,ext_21889ddf,0,99,101,2
35227,ext_21d9a4d1,0,99,101,2
35227,ext_21e0aa67,0,59,109,17
35227,ext_22fba50e,0,37,109,25
35227,ext_2329531d,0,59,109,15
35227,ext_234bd8f3,0,37,109,29
35227,ext_2392ec57,0,37,109,28
35227,ext_2467d742,0,99,101,2
35227,ext_25188e0b,0,99,101,2
35227,ext_265aea48,0,99,101,2
35227,ext_2689ec78,0,37,109,27
35227,ext_26ec842d,0,59,109,19
35227,ext_26f65e2b,0,59,109,18
35227,ext_26fb4085,0,99,101,2
35227,ext_27472042,0,37,45,9
35227,ext_28a18949,0,99,101,2
35227,ext_28a41e42,0,99,101,2
35227,ext_29b71067,0,59,109,17
35227,ext_29f4b8f5,0,99,101,2
35227,ext_2a1ed354,0,59,109,18
35227,ext_2a3cc8b1,0,99,101,2
35227,ext_2a8ace49,0,37,109,27
35227,ext_2aca995e,0,99,101,2
35227,ext_2aeabca4,0,37,42,6
35227,ext_2bca0e0c,0,37,45,9
35227,ext_2bede8d5,0,59,109,18
35227,ext_2c0f6a5f,0,99,99,1
35227,ext_2c46a146,0,59,109,18
35227,ext_2cf1982f,0,37,109,29
35227,ext_2d023d26,0,99,101,2
35227,ext_2e76420d,0,59,109,17
35227,ext_2e9b19ed,0,37,109,23
35227,ext_2eb1b8fb,0,37,109,29
35227,ext_2ecf7815,0,37,109,27
35227,ext_300af5d8,0,37,101,12
35227,ext_3075586c,0,99,101,2
35227,ext_30a5ef1d,0,37,109,27
35227,ext_30ffd703,0,59,109,15
35227,ext_337216bf,0,59,109,18
35227,ext_3379216f,0,37,109,28
35227,ext_3442a4f9,0,99,101,2
35227,ext_347d7541,0,59,109,17
35227,ext_34e5e533,0,99,101,2
35227,ext_3512615e,0,37,101,14
35227,ext_3591e4a6,0,59,109,24
35227,ext_3670c782,0,99,101,2
35227,ext_374ffb68,0,99,101,2
35227,ext_380ea755,0,37,109,29
35227,ext_388d21ae,0,99,101,2
35227,ext_38bc7085,0,37,109,27
35227,ext_399e9b4d,0,99,101,2
35227,ext_3a98ea6a,0,99,101,2
35227,ext_3ac7d2cb,0,61,109,16
35227,ext_3b639231,0,37,109,27
35227,ext_3bfc6969,0,37,109,29
35227,ext_3c76e3ed,0,99,101,2
35227,ext_3d1cc8a4,0,91,109,6
35227,ext_3ea6c712,0,99,101,2
35227,ext_3eb2056c,0,37,109,28
35227,ext_3eef2d24,0,59,109,17
35227,ext_3ff662d6,0,59,109,18
35227,ext_3ffe943a,0,91,109,4
35227,ext_424d1173,0,99,101,2
35227,ext_42f5a06a,0,59,109,18
35227,ext_44016973,0,99,101,2
35227,ext_44348c18,0,59,109,18
35227,ext_448371c1,0,59,109,17
35227,ext_458d820e,0,37,109,29
35227,ext_45b384fb,0,99,101,2
35227,ext_45c37b30,0,59,109,26
35227,ext_46c22011,0,99,101,2
35227,ext_4781826c,0,37,92,23
35227,ext_479bc94c,0,37,109,27
35227,ext_47d36a98,0,59,109,18
35227,ext_4829d99e,0,59,109,17
35227,ext_488a1048,0,37,109,28
35227,ext_48a7da81,0,37,109,29
35227,ext_48fbd029,0,59,109,17
35227,ext_4956eae1,0,99,101,2
35227,ext_4990cb82,0,59,109,17
35227,ext_49e33896,0,99,101,2
35227,ext_49f5a4c6,0,109,109,1
35227,ext_4c58e87c,0,91,93,3
35227,ext_4d1ff460,0,59,109,17
35227,ext_4d4f4812,0,59,109,17
35227,ext_4d8216a3,0,99,99,1
35227,ext_4e67a663,0,37,109,28
35227,ext_4e978ce3,0,37,109,28
35227,ext_51b1b05f,0,99,101,2
35227,ext_51f82726,0,99,101,2
35227,ext_53a039cc,0,99,101,2
35227,ext_53d5031c,0,59,109,19
35227,ext_546f9056,0,99,101,2
35227,ext_55320b90,0,99,101,2
35227,ext_55502a69,0,99,101,2
35227,ext_55ae19f4,0,59,109,18
35227,ext_55b27a2c,0,99,101,2
35227,ext_55f76807,0,37,109,29
35227,ext_5673935b,0,99,101,2
35227,ext_56c4c9d9,0,99,101,2
35227,ext_56d09500,0,37,45,9
35227,ext_573f46c6,0,59,109,24
35227,ext_57669636,0,99,101,2
35227,ext_591e09b5,0,99,99,1
35227,ext_59955aa5,0,59,109,19
35227,ext_5bb294d3,0,99,99,1
35227,ext_5d72164f,0,59,109,17
35227,ext_5fd24c68,0,99,101,2
35227,ext_60188881,0,37,109,28
35227,ext_606e49e4,0,37,109,29
35227,ext_6157c388,0,59,109,17
35227,ext_6208b920,0,99,101,2
35227,ext_629d573f,0,91,93,3
35227,ext_664f4f80,0,99,101,2
35227,ext_67910836,0,37,109,28
35227,ext_67b39584,0,99,101,2
35227,ext_68b31472,0,99,101,2
35227,ext_695c7967,0,99,101,2
35227,ext_69693827,0,59,109,18
35227,ext_6bab028e,0,99,101,2
35227,ext_6bd1b5c1,0,59,109,18
35227,ext_6d4c035c,0,92,109,5
35227,ext_6e68d4c3,0,62,109,13
35227,ext_6f4f9a62,0,62,109,15
35227,ext_6f66f465,0,37,109,26
35227,ext_72ea0b6a,0,59,109,26
35227,ext_74fb2f82,0,99,99,1
35227,ext_75c2e01b,0,99,101,2
35227,ext_75d0d17e,0,99,101,2
35227,ext_75f048ef,0,59,109,17
35227,ext_75fc9515,0,99,101,2
35227,ext_76a4a75c,0,59,109,24
35227,ext_7746e2c6,0,99,101,2
35227,ext_794a083d,0,59,109,17
35227,ext_79808c10,0,99,101,2
35227,ext_79ae272b,0,99,101,2
35227,ext_7a1ebef4,0,59,109,13
35227,ext_7ae435b4,0,59,109,15
35227,ext_7c223c2d,0,37,109,28
35227,ext_7c324f3b,0,59,109,15
35227,ext_7e4cf81c,0,99,101,2
35227,ext_7f213ac6,0,37,109,29
35227,ext_7f332235,0,37,109,26
35227,ext_80cb98ac,0,37,109,26
35227,ext_810e2bee,0,99,99,1
35227,ext_8184bff6,0,59,109,18
35227,ext_81a4823a,0,59,109,20
35227,ext_826b1b42,0,59,109,17
35227,ext_83b4e40a,0,59,109,17
35227,ext_83cc8a55,0,99,101,2
35227,ext_848ca766,0,99,99,1
35227,ext_84b29ffb,0,37,109,27
35227,ext_854ff84f,0,99,99,1
35227,ext_85c60595,0,99,101,2
35227,ext_8704bcf8,0,91,101,5
35227,ext_8772275a,0,99,101,2
35227,ext_882a62c8,0,99,101,2
35227,ext_88b6ec28,0,59,109,18
35227,ext_892e6cdb,0,37,109,28
35227,ext_892f12e3,0,99,101,2
35227,ext_8984c59c,0,59,109,18
35227,ext_89aeb9c8,0,91,109,6
35227,ext_8b18e6be,0,99,99,1
35227,ext_8b3fefd9,0,37,109,28
35227,ext_8b7421eb,0,99,101,2
35227,ext_8c53d880,0,37,109,28
35227,ext_8d7b2a5e,0,59,109,19
35227,ext_8d94c621,0,99,101,2
35227,ext_8dd18ff0,0,37,70,21
35227,ext_8e18d3c6,0,99,99,1
35227,ext_8efebe67,0,59,109,17
35227,ext_8f9b5978,0,99,109,3
35227,ext_9054f3ee,0,59,109,23
35227,ext_907c66a8,0,99,101,2
35227,ext_90b1eca4,0,37,45,9
35227,ext_914add80,0,68,109,9
35227,ext_915be528,0,59,109,18
35227,ext_917a2e02,0,59,109,17
35227,ext_91a50ae1,0,91,93,3
35227,ext_92ddf958,0,37,109,29
35227,ext_930aaab2,0,59,109,17
35227,ext_9368b918,0,37,109,29
35227,ext_938aebec,0,37,109,28
35227,ext_9487b1c4,0,37,109,29
35227,ext_972c500d,0,99,99,1
35227,ext_986a6a13,0,59,109,18
35227,ext_98a8bdd4,0,99,101,2
35227,ext_98b5b2a7,0,99,101,2
35227,ext_99759689,0,59,109,20
35227,ext_9a4e6661,0,99,101,2
35227,ext_9af7eb48,0,37,109,28
35227,ext_9b9a2038,0,99,101,2
35227,ext_9caca876,0,59,70,11
35227,ext_9ebb57ea,0,99,101,2
35227,ext_9fbe67a8,0,37,109,28
35227,ext_9fe0e394,0,37,109,29
35227,ext_a1beef38,0,99,101,2
35227,ext_a20cfc69,0,91,93,3
35227,ext_a222031c,0,37,109,28
35227,ext_a27e6a87,0,91,93,3
35227,ext_a2c8e326,0,37,109,29
35227,ext_a30e0a5f,0,99,101,2
35227,ext_a321f596,0,93,109,6
35227,ext_a425e664,0,59,109,17
35227,ext_a7999a0f,0,99,101,2
35227,ext_a83b6c1b,0,99,101,2
35227,ext_a89d52c9,0,37,109,27
35227,ext_a8f37379,0,37,109,29
35227,ext_a91f376f,0,99,101,2
35227,ext_a98f4e64,0,37,109,27
35227,ext_aad966ac,0,37,109,27
35227,ext_ab102e80,0,59,109,19
35227,ext_aba5c5a2,0,59,109,17
35227,ext_ac16b284,0,37,109,27
35227,ext_ac66d178,0,91,93,3
35227,ext_acc20d2f,0,59,109,20
35227,ext_ad2797ed,0,37,109,27
35227,ext_ad4fdd06,0,59,109,17
35227,ext_ae723d00,0,99,101,2
35227,ext_ae97f1d1,0,37,109,29
35227,ext_ae9c3b08,0,91,109,6
35227,ext_af1c096f,0,99,101,2
35227,ext_afb572da,0,99,101,2
35227,ext_b02a37b2,0,59,109,17
35227,ext_b1697e5b,0,91,101,5
35227,ext_b1828810,0,99,101,2
35227,ext_b1db2ed9,0,93,93,1
35227,ext_b35afc49,0,99,101,2
35227,ext_b3bda687,0,99,101,2
35227,ext_b3ff4e3c,0,99,101,2
35227,ext_b413c3bf,0,37,109,28
35227,ext_b4c47134,0,99,101,2
35227,ext_b4c66c5e,0,99,101,2
35227,ext_b4e933c4,0,37,109,28
35227,ext_b52615de,0,37,109,28
35227,ext_b53e989c,0,59,109,19
35227,ext_b574e56a,0,59,109,17
35227,ext_b59561d4,0,37,45,9
35227,ext_b6297a04,0,37,109,26
35227,ext_b664d496,0,59,109,18
35227,ext_b71dba65,0,99,101,2
35227,ext_b7ac369e,0,59,109,20
35227,ext_b81e5da6,0,99,101,2
35227,ext_b8dd87fb,0,59,109,19
35227,ext_b9816f83,0,99,101,2
35227,ext_ba0f92d2,0,37,109,27
35227,ext_ba313912,0,99,101,2
35227,ext_bafe03a2,0,59,109,17
35227,ext_bbc6bbbb,0,99,101,2
35227,ext_bc602de6,0,59,109,19
35227,ext_bcf93db7,0,91,101,5
35227,ext_bd1ffe39,0,99,101,2
35227,ext_bd773ee8,0,99,101,2
35227,ext_bdab50b7,0,37,45,9
35227,ext_bdc6af41,0,37,109,28
35227,ext_be8f90b0,0,59,109,21
35227,ext_bf146b49,0,37,109,29
35227,ext_bf86abfc,0,37,70,21
35227,ext_c06b95ee,0,37,109,27
35227,ext_c17b6aaf,0,59,109,17
35227,ext_c1941707,0,99,101,2
35227,ext_c1e6fd02,0,59,109,18
35227,ext_c23eea6f,0,59,109,17
35227,ext_c2d866ba,0,59,70,12
35227,ext_c31523eb,0,99,101,2
35227,ext_c65288af,0,99,99,1
35227,ext_c67259fb,0,37,109,28
35227,ext_c714c8e0,0,109,109,1
35227,ext_c7aec5e0,0,37,109,28
35227,ext_c83f7d3d,0,37,109,29
35227,ext_c89a042d,0,37,109,29
35227,ext_c902db7e,0,99,99,1
35227,ext_ca1ae148,0,99,101,2
35227,ext_ca7f74be,0,37,109,29
35227,ext_ca905683,0,37,109,28
35227,ext_cab3c6da,0,99,101,2
35227,ext_cb0cdfe7,0,99,101,2
35227,ext_cb3a9781,0,37,109,28
35227,ext_cba9cd1b,0,99,99,1
35227,ext_ccc1820a,0,59,109,17
35227,ext_cd778b2f,0,99,101,2
35227,ext_cefee08d,0,37,109,25
35227,ext_cfb70538,0,37,109,28
35227,ext_cfbfe253,0,99,99,1
35227,ext_d03a5715,0,99,101,2
35227,ext_d173b2b8,0,99,101,2
35227,ext_d1e474e4,0,37,109,27
35227,ext_d2e08288,0,99,99,1
35227,ext_d326eae5,0,99,101,2
35227,ext_d39df99d,0,59,109,18
35227,ext_d3b9ee6b,0,99,101,2
35227,ext_d4b868ab,0,37,109,29
35227,ext_d50f8541,0,37,109,28
35227,ext_d52fcc1a,0,37,109,28
35227,ext_d80eb1a9,0,91,109,6
35227,ext_d9271b81,0,59,109,18
35227,ext_d94a679f,0,37,109,28
35227,ext_daac33e4,0,59,109,18
35227,ext_db54866f,0,99,101,2
35227,ext_db5bba1f,0,37,109,28
35227,ext_dc650808,0,99,101,2
35227,ext_ddb5cf56,0,99,101,2
35227,ext_dddc8417,0,37,109,28
35227,ext_df47e211,0,99,101,2
35227,ext_df68e456,0,37,109,29
35227,ext_e0d6aedf,0,99,101,2
35227,ext_e1f2f3b3,0,59,70,12
35227,ext_e31e01e9,0,91,109,4
35227,ext_e34fbf12,0,37,109,27
35227,ext_e44d93fd,0,63,109,14
35227,ext_e5d9d24b,0,99,101,2
35227,ext_e5fbcd53,0,59,101,16
35227,ext_e782bf44,0,99,101,2
35227,ext_e8c0de1c,0,99,101,2
35227,ext_e9d0fd9b,0,59,109,18
35227,ext_ea81e981,0,99,101,2
35227,ext_eba2dea4,0,99,99,1
35227,ext_ebd7a9be,0,37,109,27
35227,ext_ec97dd54,0,99,101,2
35227,ext_ee09c4e4,0,99,101,2
35227,ext_ef01083f,0,59,109,19
35227,ext_efa134f8,0,99,101,2
35227,ext_f044ed38,0,37,109,28
35227,ext_f1c1a1b0,0,99,101,2
35227,ext_f1e8926d,0,65,109,12
35227,ext_f272b89e,0,99,101,2
35227,ext_f2ad1604,0,91,109,6
35227,ext_f35399d6,0,99,101,2
35227,ext_f3bc1896,0,99,101,2
35227,ext_f40bedbb,0,37,45,9
35227,ext_f4b3e064,0,91,93,3
35227,ext_f5011f1c,0,59,109,17
35227,ext_f52ac085,0,59,109,12
35227,ext_f557f28a,0,37,109,28
35227,ext_f61fd707,0,59,109,20
35227,ext_f6b5283b,0,59,109,20
35227,ext_f6fe20dd,0,99,101,2
35227,ext_f78bdcf1,0,99,101,2
35227,ext_f7d06881,0,37,109,29
35227,ext_f7d467a3,0,99,101,2
35227,ext_f8436a1f,0,59,109,19
35227,ext_fa09d631,0,99,101,2
35227,ext_fa9807d1,0,99,101,2
35227,ext_fb0e648d,0,59,109,18
35227,ext_fb59b983,0,37,109,27
35227,ext_fc1e16a4,0,99,101,2
35227,ext_fccf8b76,0,99,101,2
35227,ext_fcf2878f,0,37,42,6
35227,ext_fd654bf2,0,99,101,2
35227,ext_fd891da7,0,37,109,28
35227,ext_fea3811a,0,37,109,29
35227,ext_fee86ae7,0,99,101,2
35227,ext_ff348c2b,0,99,101,2
36006,23144,1,59,136,65
36006,36006,1,59,136,65
36006,57637,1,97,136,35
36006,78966,1,108,136,29
36006,ext_0011de5a,0,59,136,65
36006,ext_01439978,0,59,136,67
36006,ext_044a2719,0,59,136,66
36006,ext_04cb16bd,0,59,136,65
36006,ext_0b242bc9,0,59,136,65
36006,ext_0dcf3d85,0,59,136,65
36006,ext_13833db5,0,59,136,67
36006,ext_18906c64,0,59,136,65
36006,ext_20d94707,0,59,136,65
36006,ext_28408033,0,97,136,36
36006,ext_291a4172,0,59,136,67
36006,ext_2bccb70d,0,59,136,65
36006,ext_2f0ff404,0,59,136,65
36006,ext_34d9da72,0,59,136,65
36006,ext_37c67761,0,59,88,29
36006,ext_38ab1dbc,0,106,136,31
36006,ext_3a349d2a,0,59,136,65
36006,ext_3a66709b,0,97,136,35
36006,ext_3ee4417b,0,131,136,6
36006,ext_41d4d988,0,59,130,61
36006,ext_441b7032,0,59,136,67
36006,ext_45c37b30,0,59,136,67
36006,ext_45dbb070,0,59,136,65
36006,ext_47c1c75a,0,59,136,65
36006,ext_47cebf11,0,59,136,67
36006,ext_49ffe906,0,59,136,65
36006,ext_4db9443e,0,59,136,65
36006,ext_4e3775e7,0,106,136,31
36006,ext_4eeff332,0,59,136,65
36006,ext_5a07b3c1,0,59,136,72
36006,ext_5ddfc3dd,0,59,136,67
36006,ext_68e59fe9,0,59,136,67
36006,ext_6add5d20,0,59,136,65
36006,ext_700c683f,0,97,136,35
36006,ext_7189e834,0,59,136,71
36006,ext_74edb92f,0,59,136,65
36006,ext_75a370d6,0,59,136,65
36006,ext_766236e5,0,70,104,24
36006,ext_78bbe9d9,0,59,136,65
36006,ext_7c0f09b4,0,75,136,50
36006,ext_830b3033,0,59,136,65
36006,ext_85df7e84,0,59,136,65
36006,ext_8960025f,0,59,136,67
36006,ext_8f7583d6,0,59,136,65
36006,ext_90fc41fb,0,110,136,27
36006,ext_9757e0c5,0,59,136,65
36006,ext_995afed8,0,97,136,35
36006,ext_9dd884e4,0,59,136,65
36006,ext_a3e37cf7,0,59,136,65
36006,ext_ab526fc6,0,59,136,65
36006,ext_ad5d16c2,0,59,136,65
36006,ext_ba66c54c,0,59,136,65
36006,ext_baebb776,0,110,136,27
36006,ext_bcdef110,0,59,136,70
36006,ext_c96b934e,0,59,136,65
36006,ext_c9aa8cf2,0,128,136,9
36006,ext_cb934694,0,108,136,29
36006,ext_cc52192e,0,59,136,65
36006,ext_e0696da2,0,106,136,31
36006,ext_e5d82221,0,59,136,65
36006,ext_ed5efa96,0,59,136,65
36006,ext_f72a7d9d,0,59,136,68
36143,16495,1,62,69,6
36143,18420,1,62,69,6
36143,18707,1,60,69,8
36143,36143,1,60,69,7
36143,44167,1,60,69,7
36143,46021,1,60,69,7
36143,71700,1,65,69,4
36143,75468,1,62,69,6
36143,77824,1,60,69,7
36143,78091,1,60,69,7
36143,80193,1,60,69,7
36143,96600,1,60,69,7
36143,ext_00b51e21,0,60,69,7
36143,ext_0233e2b7,0,60,69,7
36143,ext_023594cd,0,60,69,7
36143,ext_02b83796,0,60,69,7
36143,ext_02dd9adb,0,60,69,7
36143,ext_034f6c57,0,60,69,7
36143,ext_03660b4a,0,60,69,7
36143,ext_03ddef57,0,60,69,7
36143,ext_0433da50,0,60,69,7
36143,ext_04f13864,0,60,69,7
36143,ext_0510f469,0,62,69,6
36143,ext_07548fab,0,60,69,8
36143,ext_08808bc4,0,62,69,6
36143,ext_08aafd2e,0,65,69,4
36143,ext_08f806a3,0,60,69,7
36143,ext_0b3a0bf5,0,60,69,7
36143,ext_0cef9f03,0,60,69,7
36143,ext_0ffdcd03,0,62,69,6
36143,ext_10c273ae,0,60,69,7
36143,ext_1542042d,0,62,69,6
36143,ext_1912ab8c,0,60,69,7
36143,ext_19b224db,0,60,69,7
36143,ext_19e943c2,0,60,69,7
36143,ext_1e706d3c,0,60,69,7
36143,ext_1ee9fc05,0,62,69,6
36143,ext_1f22ed74,0,60,69,7
36143,ext_22034cff,0,60,69,7
36143,ext_2223874e,0,60,69,7
36143,ext_27748358,0,60,69,7
36143,ext_2775a8dc,0,60,69,7
36143,ext_2793be81,0,60,69,7
36143,ext_284cc699,0,62,69,6
36143,ext_28c829d9,0,60,69,7
36143,ext_29976ca4,0,62,69,6
36143,ext_2a874e27,0,60,69,7
36143,ext_2ae6ddae,0,60,69,7
36143,ext_2b4176b9,0,60,69,7
36143,ext_2c4f873f,0,60,69,7
36143,ext_2db6c32e,0,60,69,8
36143,ext_2e20e242,0,60,69,7
36143,ext_2eea7756,0,60,69,7
36143,ext_2fc92766,0,60,69,7
36143,ext_30a945fa,0,60,69,7
36143,ext_30dd8d8d,0,65,69,4
36143,ext_31164ab5,0,62,69,6
36143,ext_326ae42c,0,60,69,7
36143,ext_3458ef07,0,67,69,3
36143,ext_34fb1eeb,0,60,69,7
36143,ext_367cc333,0,60,69,7
36143,ext_36de215a,0,60,69,7
36143,ext_37343206,0,67,69,3
36143,ext_380f4752,0,60,69,7
36143,ext_38330ed2,0,60,69,7
36143,ext_39d343c8,0,62,69,6
36143,ext_3b2af2ae,0,62,69,6
36143,ext_3d15c1c8,0,62,69,6
36143,ext_3dc4b864,0,60,69,7
36143,ext_3f62a605,0,62,69,6
36143,ext_406b7472,0,60,69,7
36143,ext_416ef834,0,62,69,6
36143,ext_4172f751,0,60,69,7
36143,ext_41d888eb,0,60,69,7
36143,ext_41ec3367,0,60,69,7
36143,ext_43dc66f3,0,62,69,6
36143,ext_43ef4d81,0,60,69,7
36143,ext_45c37b30,0,60,69,7
36143,ext_483e0c7c,0,60,69,7
36143,ext_4939baed,0,60,69,7
36143,ext_49b01fa9,0,60,69,7
36143,ext_4a05e12f,0,60,69,7
36143,ext_4a5c2182,0,60,69,7
36143,ext_4a66fd3b,0,60,69,7
36143,ext_4b49baa4,0,60,69,7
36143,ext_4e4ad869,0,60,69,7
36143,ext_4e54a507,0,60,69,7
36143,ext_4eb9c20b,0,60,69,7
36143,ext_4fc3f922,0,60,69,7
36143,ext_50628ac4,0,60,69,7
36143,ext_5153eeb5,0,60,69,7
36143,ext_5171c13b,0,62,69,6
36143,ext_520bda22,0,60,69,7
36143,ext_52214396,0,62,69,6
36143,ext_523b6186,0,60,69,7
36143,ext_527132d9,0,60,69,7
36143,ext_527a9d3c,0,62,69,6
36143,ext_52ebe917,0,62,69,6
36143,ext_538dee9d,0,60,69,8
36143,ext_56104764,0,62,69,6
36143,ext_56312006,0,62,69,6
36143,ext_5691172d,0,60,69,7
36143,ext_572594fe,0,62,69,6
36143,ext_578ab3e3,0,60,69,7
36143,ext_590bb2b3,0,62,69,6
36143,ext_5a6fad0c,0,60,69,7
36143,ext_5b96b162,0,60,69,7
36143,ext_5c1b8f5b,0,60,69,7
36143,ext_5c573fa9,0,60,69,7
36143,ext_5c90392d,0,62,69,6
36143,ext_5cd5dfd9,0,60,69,7
36143,ext_5e576f95,0,60,69,7
36143,ext_5fb84231,0,62,69,6
36143,ext_606a6aec,0,60,69,7
36143,ext_6146a6e6,0,65,69,4
36143,ext_61fe1983,0,62,69,6
36143,ext_62540fe9,0,60,69,7
36143,ext_65a23244,0,62,69,6
36143,ext_672c3d8e,0,60,69,7
36143,ext_67a96e38,0,62,69,6
36143,ext_6b2eb89c,0,62,69,6
36143,ext_6b54bbbe,0,60,69,7
36143,ext_6c86a1eb,0,68,69,2
36143,ext_6cd93cf8,0,62,69,6
36143,ext_6e506cbb,0,60,69,7
36143,ext_6e828993,0,60,69,7
36143,ext_7150dffd,0,60,69,7
36143,ext_72d5b56a,0,62,69,6
36143,ext_7406efec,0,60,69,7
36143,ext_7459e990,0,60,69,7
36143,ext_758ebe21,0,60,69,7
36143,ext_75b0ec35,0,60,69,7
36143,ext_771e088b,0,62,69,6
36143,ext_772832d8,0,60,69,7
36143,ext_7744ad83,0,65,69,4
36143,ext_79ac5103,0,60,69,7
36143,ext_7ab2e59c,0,60,69,7
36143,ext_7bb6f76d,0,60,69,7
36143,ext_7c3f2423,0,60,69,7
36143,ext_7ccc36c3,0,60,69,7
36143,ext_7d71b849,0,60,69,7
36143,ext_7e2883b8,0,62,69,6
36143,ext_7ec68b6c,0,60,69,7
36143,ext_7ee1c23a,0,60,69,7
36143,ext_7f05d646,0,60,69,7
36143,ext_80e086b9,0,62,69,6
36143,ext_82e766c9,0,60,69,7
36143,ext_82fdca70,0,60,69,7
36143,ext_85351382,0,60,69,7
36143,ext_85451d70,0,60,69,7
36143,ext_8551a977,0,62,69,6
36143,ext_85925bbc,0,62,69,6
36143,ext_85d333bf,0,60,69,7
36143,ext_863c334f,0,60,69,7
36143,ext_8696057a,0,60,69,7
36143,ext_8d50f183,0,62,69,6
36143,ext_9152e5b7,0,60,69,7
36143,ext_91cf7e8f,0,60,69,7
36143,ext_9286fd6b,0,64,69,5
36143,ext_98b9930a,0,60,69,7
36143,ext_997e6af2,0,60,69,7
36143,ext_9999b655,0,62,69,6
36143,ext_9b56e482,0,60,69,8
36143,ext_9bb91829,0,60,69,7
36143,ext_9c16f277,0,60,69,7
36143,ext_9cc6f048,0,60,69,7
36143,ext_9d21ae2c,0,60,69,7
36143,ext_9d5a6a66,0,60,69,7
36143,ext_9e0790bc,0,60,69,7
36143,ext_9ed5504f,0,62,69,6
36143,ext_9ee05d70,0,60,69,7
36143,ext_9fb53033,0,60,69,7
36143,ext_a0b0fa95,0,60,69,7
36143,ext_a1495951,0,60,69,7
36143,ext_a1bafb6f,0,60,69,7
36143,ext_a2285f90,0,60,69,7
36143,ext_a2403ec4,0,60,69,7
36143,ext_a2b3dc9c,0,60,69,7
36143,ext_a2f43bd3,0,62,69,6
36143,ext_a35a32b4,0,60,69,7
36143,ext_a35cfb88,0,60,69,7
36143,ext_a39fc5a7,0,60,69,7
36143,ext_a4c11b10,0,60,69,7
36143,ext_a66bcd62,0,60,69,7
36143,ext_a7444262,0,60,69,7
36143,ext_a77f1955,0,62,69,6
36143,ext_a7f1b2c9,0,69,69,1
36143,ext_a8594627,0,60,69,7
36143,ext_a86a26e7,0,60,69,7
36143,ext_a8ef9d91,0,60,69,7
36143,ext_a908e59b,0,60,69,7
36143,ext_aa125e75,0,60,69,7
36143,ext_aa935840,0,62,69,6
36143,ext_abb0bf5b,0,60,69,7
36143,ext_ac3a83fa,0,60,69,7
36143,ext_ac537cf1,0,60,69,7
36143,ext_ac81588d,0,60,69,7
36143,ext_ac970ca5,0,60,69,7
36143,ext_adea649f,0,60,69,7
36143,ext_adfef04c,0,60,69,7
36143,ext_aec473f9,0,60,69,7
36143,ext_af351bbd,0,62,69,6
36143,ext_af76c4ac,0,60,69,7
36143,ext_afaa7a01,0,62,69,6
36143,ext_b023becc,0,60,69,7
36143,ext_b10a76e8,0,62,69,6
36143,ext_b222d79e,0,60,69,7
36143,ext_b25cdce9,0,60,69,7
36143,ext_b287aecc,0,60,69,7
36143,ext_b2ca7ea6,0,60,69,7
36143,ext_b3482ed4,0,60,69,8
36143,ext_b8453c95,0,60,69,7
36143,ext_b93f41f5,0,60,69,7
36143,ext_bbb13fa9,0,60,69,7
36143,ext_bc8257ae,0,60,69,7
36143,ext_bd15f3bc,0,60,69,7
36143,ext_c022b8f9,0,62,69,6
36143,ext_c0afeb74,0,60,69,7
36143,ext_c1529bc6,0,60,69,7
36143,ext_c182f6c1,0,62,69,6
36143,ext_c1a8e9d4,0,60,69,7
36143,ext_c2ae759c,0,60,69,7
36143,ext_c38bca50,0,60,69,7
36143,ext_c43fb50b,0,60,69,7
36143,ext_c61211da,0,67,69,3
36143,ext_c6b4d26a,0,60,69,7
36143,ext_c7489470,0,60,69,7
36143,ext_c86af72b,0,62,69,6
36143,ext_cb7fddd2,0,60,69,7
36143,ext_cc15ce07,0,62,69,6
36143,ext_cc61d425,0,62,69,6
36143,ext_cefb3087,0,60,69,7
36143,ext_cf05ba18,0,60,69,7
36143,ext_cfc5790a,0,62,69,6
36143,ext_d0bf9eed,0,60,69,7
36143,ext_d25f2450,0,60,69,7
36143,ext_d3711233,0,60,69,7
36143,ext_d37e9e31,0,60,69,7
36143,ext_d38d9847,0,60,69,7
36143,ext_d43f341e,0,62,69,6
36143,ext_d530c7fb,0,60,69,7
36143,ext_d5c42a7b,0,62,69,6
36143,ext_dcc56326,0,62,69,6
36143,ext_dd0a9906,0,60,69,7
36143,ext_de023991,0,60,69,7
36143,ext_de0a4678,0,60,69,7
36143,ext_df79fdee,0,60,69,7
36143,ext_dfc4f9c6,0,60,69,7
36143,ext_e0822f2b,0,62,69,6
36143,ext_e0e61625,0,60,69,7
36143,ext_e25ce66d,0,64,69,5
36143,ext_e2ee42e3,0,62,69,6
36143,ext_e334b370,0,60,69,7
36143,ext_e3970d5a,0,64,69,5
36143,ext_e3cfceb5,0,60,69,7
36143,ext_e3d57a9f,0,60,69,7
36143,ext_e3ed1023,0,60,69,7
36143,ext_e3ed83e1,0,62,69,6
36143,ext_e4af9cf1,0,60,69,7
36143,ext_e7b3f129,0,60,69,7
36143,ext_e81950e9,0,60,69,7
36143,ext_e88f9367,0,60,69,7
36143,ext_e97e5933,0,60,69,7
36143,ext_eab85211,0,60,69,7
36143,ext_ec36514b,0,60,69,7
36143,ext_eea707b9,0,60,69,7
36143,ext_eee647e4,0,60,69,7
36143,ext_ef40fbe6,0,68,69,2
36143,ext_ef45c3b2,0,60,69,7
36143,ext_ef657a5a,0,60,69,7
36143,ext_eff76ed2,0,62,69,6
36143,ext_f6d3c212,0,60,69,7
36143,ext_f85fbb03,0,62,69,6
36143,ext_f8d43873,0,60,69,7
36143,ext_f9b2d083,0,60,69,7
36143,ext_fc3d1ba0,0,60,69,7
36143,ext_fc4a19b8,0,60,69,7
36143,ext_fdd36c0f,0,60,69,7
36951,18707,1,60,106,46
36951,25171,1,60,89,30
36951,36951,1,60,106,46
36951,ext_0073f71f,0,71,106,35
36951,ext_008ddaf1,0,60,106,46
36951,ext_0108ef50,0,60,106,46
36951,ext_01d6cd1d,0,60,106,46
36951,ext_0287edd9,0,60,106,46
36951,ext_07532d57,0,60,106,46
36951,ext_07d3ad30,0,60,106,46
36951,ext_086e4426,0,60,106,46
36951,ext_08fc56f1,0,60,106,46
36951,ext_094b432c,0,60,106,46
36951,ext_0a59cd55,0,60,106,46
36951,ext_0ad0491e,0,60,106,46
36951,ext_0ad71c3a,0,60,106,46
36951,ext_0b342762,0,60,106,46
36951,ext_0bcd96f4,0,60,106,46
36951,ext_0c9705ba,0,60,106,46
36951,ext_0cce067c,0,60,106,46
36951,ext_0ce4bae8,0,103,106,3
36951,ext_0fc5be0a,0,60,106,46
36951,ext_107876ad,0,60,106,46
36951,ext_10d662ed,0,60,106,46
36951,ext_126c773b,0,60,106,46
36951,ext_128258a3,0,60,106,46
36951,ext_13307f20,0,60,106,46
36951,ext_137429bf,0,60,106,46
36951,ext_151d19c0,0,60,106,46
36951,ext_156b9255,0,60,106,46
36951,ext_168e0fe5,0,60,106,46
36951,ext_16a20ff3,0,60,106,46
36951,ext_17099563,0,60,106,46
36951,ext_17a8d6dc,0,60,106,46
36951,ext_182b8242,0,60,106,46
36951,ext_18cfb92b,0,60,106,46
36951,ext_19dd0436,0,60,106,46
36951,ext_1ace2801,0,60,106,46
36951,ext_1b2724cd,0,60,106,46
36951,ext_1d71b921,0,60,106,46
36951,ext_1e894f4a,0,60,106,46
36951,ext_1fc2a9bb,0,64,106,42
36951,ext_20056aa1,0,60,106,46
36951,ext_2178ed3b,0,60,106,46
36951,ext_219924ca,0,73,106,33
36951,ext_21b6a568,0,65,106,41
36951,ext_232f866a,0,60,106,46
36951,ext_2382e9f2,0,60,106,46
36951,ext_238ef9a0,0,60,106,46
36951,ext_24190f5b,0,60,106,46
36951,ext_27c0c0b1,0,60,106,46
36951,ext_293e6ae9,0,60,106,46
36951,ext_29491ee7,0,60,106,46
36951,ext_2a5f7a8a,0,60,106,46
36951,ext_2c24b566,0,60,106,46
36951,ext_2c3a3321,0,60,106,46
36951,ext_2c832b70,0,102,106,4
36951,ext_2d866fc7,0,71,106,35
36951,ext_2fc3d178,0,60,106,46
36951,ext_2ffcb505,0,80,106,26
36951,ext_31a8bcf0,0,60,106,46
36951,ext_32dc753d,0,60,106,46
36951,ext_337e9b8a,0,72,106,34
36951,ext_3527263e,0,60,106,46
36951,ext_355b4174,0,60,106,46
36951,ext_37f7ce41,0,60,106,46
36951,ext_38661872,0,60,106,46
36951,ext_388d21ae,0,60,106,46
36951,ext_395ad63b,0,60,106,46
36951,ext_3aa705fa,0,60,106,46
36951,ext_3aa9ac88,0,60,106,46
36951,ext_3b2f9886,0,60,106,46
36951,ext_3c7d7391,0,60,106,46
36951,ext_3d082ce2,0,67,106,39
36951,ext_3db66b07,0,60,106,46
36951,ext_4004b072,0,60,106,46
36951,ext_409a0c29,0,72,106,34
36951,ext_40c71d3c,0,60,106,46
36951,ext_4146176a,0,60,106,46
36951,ext_41be27e0,0,60,106,46
36951,ext_4326a0a3,0,105,106,2
36951,ext_4384381f,0,60,106,46
36951,ext_4391bee0,0,60,106,46
36951,ext_43e47241,0,60,106,46
36951,ext_44b7be2f,0,60,106,46
36951,ext_44f48577,0,60,106,46
36951,ext_45c37b30,0,60,106,46
36951,ext_46ec2cfc,0,60,106,46
36951,ext_47485b04,0,60,106,46
36951,ext_496ef436,0,60,106,46
36951,ext_49d6dec1,0,60,106,46
36951,ext_4b28bf67,0,60,106,46
36951,ext_4c5fa119,0,91,106,15
36951,ext_4de9ce47,0,60,106,46
36951,ext_4e4c588e,0,60,106,46
36951,ext_4ee44dab,0,60,106,46
36951,ext_4f0c8608,0,60,106,46
36951,ext_4fcd28b5,0,60,106,46
36951,ext_50dcc860,0,60,106,46
36951,ext_52ebe917,0,60,106,46
36951,ext_54e1867c,0,60,106,46
36951,ext_567daea6,0,60,106,46
36951,ext_57e6975f,0,60,106,46
36951,ext_59456d6f,0,60,106,46
36951,ext_59a5e58c,0,60,106,46
36951,ext_59db98f6,0,60,106,46
36951,ext_5c9c293d,0,60,106,46
36951,ext_5cae1781,0,60,106,46
36951,ext_5cc1d557,0,60,106,46
36951,ext_5d51554b,0,60,106,46
36951,ext_5ea77274,0,60,106,46
36951,ext_5eaad52f,0,60,106,46
36951,ext_5f3544e2,0,60,106,46
36951,ext_60200058,0,60,106,46
36951,ext_612ddef3,0,60,106,46
36951,ext_626fa268,0,60,106,46
36951,ext_6325b8fa,0,60,106,46
36951,ext_63db77f0,0,60,106,46
36951,ext_643c03ad,0,60,106,46
36951,ext_655b234b,0,60,106,46
36951,ext_65c5b05b,0,60,106,46
36951,ext_667a1d2d,0,60,106,46
36951,ext_6812e5cc,0,60,106,46
36951,ext_6834608a,0,60,106,46
36951,ext_6834af59,0,60,106,46
36951,ext_68c556bd,0,95,106,11
36951,ext_68c913fd,0,79,106,27
36951,ext_69647897,0,68,106,38
36951,ext_6a05052a,0,60,106,46
36951,ext_6afdd371,0,60,106,46
36951,ext_6b54d9a7,0,60,106,46
36951,ext_6caa1d64,0,60,106,46
36951,ext_6ccac06f,0,60,106,46
36951,ext_6d9c4f6d,0,60,106,46
36951,ext_6e190595,0,60,106,46
36951,ext_6e261e9f,0,60,106,46
36951,ext_6e463f00,0,60,106,46
36951,ext_702a6c9d,0,60,106,46
36951,ext_70490b53,0,60,106,46
36951,ext_70faf3a0,0,60,106,46
36951,ext_71be9466,0,60,106,46
36951,ext_73b6d0a0,0,60,106,46
36951,ext_745b4fcd,0,60,106,46
36951,ext_779fe928,0,86,106,20
36951,ext_788b235d,0,68,106,38
36951,ext_7a6d5560,0,60,106,46
36951,ext_7ae832c3,0,60,106,46
36951,ext_7b2fea18,0,60,106,46
36951,ext_7c772c79,0,60,74,15
36951,ext_7c8302f0,0,82,106,24
36951,ext_7d45d406,0,82,106,24
36951,ext_7d51fe53,0,60,106,46
36951,ext_7ebb38bd,0,60,106,46
36951,ext_7fde7360,0,60,106,46
36951,ext_806f330f,0,62,106,44
36951,ext_8096fbe4,0,87,106,19
36951,ext_815cdd92,0,66,106,40
36951,ext_8360dd1d,0,60,106,46
36951,ext_8374743e,0,60,106,46
36951,ext_83a9d3af,0,102,106,4
36951,ext_8446edad,0,102,106,4
36951,ext_85074a5a,0,60,106,46
36951,ext_8663236f,0,60,106,46
36951,ext_870e9a24,0,60,106,46
36951,ext_87b22cda,0,60,106,46
36951,ext_882044eb,0,60,106,46
36951,ext_88590c76,0,67,106,39
36951,ext_8911c226,0,60,106,46
36951,ext_896f9c0a,0,68,106,38
36951,ext_8a95ca33,0,60,106,46
36951,ext_8b06230c,0,77,106,29
36951,ext_8b27a33c,0,60,106,46
36951,ext_8beb5845,0,60,106,46
36951,ext_8ec8bbf2,0,60,106,46
36951,ext_8f9b04f6,0,60,106,46
36951,ext_9166d718,0,60,106,46
36951,ext_9697cdf6,0,60,106,46
36951,ext_97082245,0,95,106,11
36951,ext_97bbe0cd,0,60,106,46
36951,ext_98bd79ea,0,60,106,46
36951,ext_99607763,0,60,106,46
36951,ext_9a4fad2d,0,60,106,46
36951,ext_9ac56d8c,0,60,106,46
36951,ext_9b9ca2b6,0,60,106,46
36951,ext_9bf898db,0,60,106,46
36951,ext_9df1bd04,0,60,106,46
36951,ext_9e479029,0,60,106,46
36951,ext_9e4e3d55,0,60,106,46
36951,ext_9fd79ea2,0,60,106,46
36951,ext_9ffde65a,0,60,106,46
36951,ext_a08adb9b,0,60,106,46
36951,ext_a164223c,0,60,106,46
36951,ext_a426e964,0,60,106,46
36951,ext_a62a4e51,0,61,106,45
36951,ext_a73c44ad,0,60,106,46
36951,ext_a7dacc5b,0,60,106,46
36951,ext_a866f51a,0,60,106,46
36951,ext_a9b8a0dc,0,82,106,24
36951,ext_a9f61ce2,0,60,106,46
36951,ext_aa19ee23,0,60,106,46
36951,ext_aaa29ece,0,60,106,46
36951,ext_add5aaa6,0,60,106,46
36951,ext_ae5f115f,0,60,106,46
36951,ext_b00d92af,0,60,106,46
36951,ext_b17b050b,0,90,106,16
36951,ext_b1f0b495,0,60,106,46
36951,ext_b33ae450,0,60,106,46
36951,ext_b3791e2d,0,60,106,46
36951,ext_b3c60f8f,0,60,106,46
36951,ext_b46c49f6,0,82,106,24
36951,ext_b5b85fcb,0,60,106,46
36951,ext_b5c07c02,0,60,106,46
36951,ext_b709e5fd,0,103,106,3
36951,ext_b76924cd,0,60,106,46
36951,ext_b87ca0a2,0,60,106,46
36951,ext_b8f0d3c8,0,60,106,46
36951,ext_bce45893,0,60,106,46
36951,ext_bda543d6,0,60,106,46
36951,ext_bdf073da,0,60,106,46
36951,ext_bed507cb,0,82,106,24
36951,ext_bf2f853b,0,99,106,7
36951,ext_c1074e9f,0,60,106,46
36951,ext_c11def70,0,60,106,46
36951,ext_c182f6c1,0,60,106,46
36951,ext_c7364381,0,60,106,46
36951,ext_c8ebbe92,0,60,106,46
36951,ext_c9a05b42,0,60,106,46
36951,ext_caae2599,0,60,106,46
36951,ext_cb6e8925,0,88,106,18
36951,ext_cc0c96af,0,60,106,46
36951,ext_cc46ad06,0,60,106,46
36951,ext_ccf83626,0,60,106,46
36951,ext_d0bc40c3,0,60,106,46
36951,ext_d0e9fa17,0,60,106,46
36951,ext_d14420f0,0,60,106,46
36951,ext_d16fc623,0,60,106,46
36951,ext_d26e2bed,0,60,106,46
36951,ext_d3ee7f0b,0,82,106,24
36951,ext_d3f66dab,0,60,106,46
36951,ext_d5416abc,0,60,106,46
36951,ext_d5aa4db0,0,65,106,41
36951,ext_d5f99e83,0,60,106,46
36951,ext_d6b3b14d,0,60,106,46
36951,ext_d807c780,0,60,106,46
36951,ext_d879bde6,0,60,106,46
36951,ext_d8c8a55a,0,60,106,46
36951,ext_dcf0218c,0,77,82,6
36951,ext_dd823f8a,0,60,106,46
36951,ext_ddfea9a9,0,60,106,46
36951,ext_de1557f5,0,60,106,46
36951,ext_e05a6e86,0,60,106,46
36951,ext_e0b6d3a9,0,82,106,24
36951,ext_e1003dc8,0,60,106,46
36951,ext_e20a1b8f,0,60,106,46
36951,ext_e2bc64a4,0,60,106,46
36951,ext_e339d89e,0,60,106,46
36951,ext_e4a342cb,0,60,106,46
36951,ext_e748ec1a,0,60,106,46
36951,ext_e9caacdf,0,60,106,46
36951,ext_e9dda36b,0,74,106,32
36951,ext_ea26694e,0,60,106,46
36951,ext_ea3b08cb,0,60,106,46
36951,ext_ea41c172,0,60,106,46
36951,ext_ec8405f5,0,60,106,46
36951,ext_ec8a2dc1,0,60,106,46
36951,ext_ef28e1f9,0,60,106,46
36951,ext_f102c51f,0,79,106,27
36951,ext_f1473cca,0,60,106,46
36951,ext_f25a7e42,0,60,106,46
36951,ext_f2b0fdf9,0,60,106,46
36951,ext_f30b63c0,0,60,106,46
36951,ext_f3a9db77,0,60,106,46
36951,ext_f3fe5281,0,60,106,46
36951,ext_f475a84d,0,60,106,46
36951,ext_f5155acc,0,60,106,46
36951,ext_f606ef8b,0,60,106,46
36951,ext_f657e76f,0,60,106,46
36951,ext_f6ed1da9,0,60,106,46
36951,ext_f8f14a03,0,60,106,46
36951,ext_f9f613a7,0,60,106,46
36951,ext_fb5ef7f7,0,60,106,46
36951,ext_fc2b25b5,0,93,106,13
36951,ext_fccf97ca,0,60,106,46
36951,ext_fd572451,0,60,106,46
36951,ext_fe1bfb0c,0,60,106,46
37617,22931,1,59,92,31
37617,26425,1,87,99,11
37617,30076,1,59,99,36
37617,40557,1,59,99,36
37617,50181,1,59,99,36
37617,52067,1,59,99,36
37617,52385,1,59,99,36
37617,63817,1,59,99,36
37617,69065,1,59,99,36
37617,74916,1,59,99,36
37617,77291,1,59,99,36
37617,77824,1,59,99,36
37617,78966,1,59,99,36
37617,85596,1,59,99,36
37617,ext_0239ea16,0,59,99,36
37617,ext_02a0fdaf,0,59,99,36
37617,ext_02b700a5,0,59,99,36
37617,ext_0304a145,0,59,99,36
37617,ext_0406f55d,0,62,99,33
37617,ext_05bd349c,0,59,99,36
37617,ext_068c2c42,0,59,99,36
37617,ext_08a735cd,0,59,99,36
37617,ext_09685024,0,59,99,36
37617,ext_0aac73ee,0,59,92,31
37617,ext_0b8eebad,0,59,99,36
37617,ext_0c6b8325,0,59,99,36
37617,ext_0c93ad29,0,59,99,36
37617,ext_0dac9a31,0,59,99,36
37617,ext_0f850ef7,0,93,99,5
37617,ext_0fada89e,0,93,99,5
37617,ext_1115ab27,0,78,99,18
37617,ext_11cb9043,0,59,99,36
37617,ext_124cda10,0,82,99,14
37617,ext_128be5ca,0,59,99,36
37617,ext_138d0367,0,80,99,16
37617,ext_1464caab,0,59,99,36
37617,ext_148a3f2e,0,59,99,36
37617,ext_15af346a,0,59,99,36
37617,ext_16fd3714,0,59,99,36
37617,ext_183d8456,0,59,99,36
37617,ext_183e9f7f,0,59,99,36
37617,ext_192581fa,0,59,99,36
37617,ext_19551928,0,59,99,36
37617,ext_1a7c4676,0,59,99,36
37617,ext_1ae65e8e,0,54,58,5
37617,ext_1b68beef,0,59,99,36
37617,ext_1bbb92ee,0,59,99,36
37617,ext_1c6330a4,0,59,99,36
37617,ext_1cc49960,0,59,99,36
37617,ext_1d68fafa,0,59,99,36
37617,ext_1dc8c52a,0,59,99,36
37617,ext_1e3060f6,0,59,99,36
37617,ext_1e3ec03c,0,59,99,36
37617,ext_1f8f7017,0,59,92,31
37617,ext_1fa6bd04,0,59,99,36
37617,ext_22f84f44,0,59,99,36
37617,ext_23059685,0,59,92,31
37617,ext_230e9880,0,59,99,36
37617,ext_23b32ef3,0,59,99,36
37617,ext_250f220d,0,59,99,36
37617,ext_25fef818,0,59,99,36
37617,ext_26174221,0,59,99,36
37617,ext_2699e5bf,0,59,99,36
37617,ext_27c75170,0,59,99,36
37617,ext_284f98b8,0,59,99,36
37617,ext_28932619,0,91,92,2
37617,ext_293a8228,0,59,99,36
37617,ext_29847115,0,59,99,36
37617,ext_2993e202,0,59,99,36
37617,ext_2a421b2c,0,59,99,36
37617,ext_2cd5842e,0,59,99,36
37617,ext_2d447b17,0,59,99,36
37617,ext_2f0ffc92,0,59,99,36
37617,ext_2fc92766,0,59,99,36
37617,ext_309e8dc4,0,59,99,36
37617,ext_30e24f61,0,59,99,36
37617,ext_3125e300,0,98,99,2
37617,ext_3153a776,0,59,99,36
37617,ext_31df6ee5,0,59,92,31
37617,ext_31f1bdde,0,59,99,36
37617,ext_32561d7a,0,59,99,36
37617,ext_32966637,0,85,99,13
37617,ext_330a1ea4,0,59,99,36
37617,ext_34c688d6,0,59,99,36
37617,ext_3566661c,0,59,99,36
37617,ext_357aabc0,0,91,99,7
37617,ext_35ef6bda,0,59,99,36
37617,ext_363b8036,0,59,99,36
37617,ext_365a745c,0,86,99,12
37617,ext_36857475,0,59,92,31
37617,ext_39f4c611,0,59,99,36
37617,ext_39ff5d65,0,59,99,36
37617,ext_3a39030a,0,59,99,36
37617,ext_3b0bd4dd,0,91,92,2
37617,ext_3b74165e,0,59,99,36
37617,ext_3bd3cc75,0,94,99,4
37617,ext_3cb50203,0,59,99,36
37617,ext_3e5d1b22,0,59,92,31
37617,ext_3ec2f0c5,0,59,99,36
37617,ext_40168834,0,73,99,22
37617,ext_40f92e17,0,59,99,36
37617,ext_42d4c098,0,59,99,36
37617,ext_42ef951a,0,59,99,36
37617,ext_42f1c11d,0,59,99,36
37617,ext_438b51ef,0,99,99,1
37617,ext_43923e23,0,59,99,36
37617,ext_43e48fc1,0,59,99,36
37617,ext_45c37b30,0,59,99,36
37617,ext_45e142a6,0,59,99,36
37617,ext_4907e2ba,0,59,99,36
37617,ext_4939baed,0,59,99,36
37617,ext_494167b1,0,59,99,36
37617,ext_4a63ae1d,0,86,99,12
37617,ext_4adf0a32,0,59,99,36
37617,ext_4ced07f0,0,59,99,36
37617,ext_4d5f9e65,0,59,99,36
37617,ext_4d98db1e,0,59,99,36
37617,ext_51a26f25,0,59,99,36
37617,ext_5211b3a0,0,59,99,36
37617,ext_526f7fb7,0,59,99,36
37617,ext_54744582,0,59,99,36
37617,ext_5554840b,0,59,99,36
37617,ext_55ae19f4,0,59,99,36
37617,ext_55c65e63,0,59,99,36
37617,ext_56566264,0,64,99,31
37617,ext_57b13ae9,0,59,92,31
37617,ext_582a2fd1,0,59,99,36
37617,ext_59ce2a01,0,59,99,36
37617,ext_59e6f746,0,59,99,36
37617,ext_5a1790a1,0,63,99,32
37617,ext_5ad521e3,0,59,99,36
37617,ext_5bb2c64e,0,59,99,36
37617,ext_5d3ae1ea,0,59,99,36
37617,ext_5d606f71,0,59,92,31
37617,ext_5de35973,0,59,99,36
37617,ext_5e179892,0,59,99,36
37617,ext_5e2e608a,0,59,99,36
37617,ext_5ea20d97,0,59,99,36
37617,ext_5f04ffa6,0,59,99,36
37617,ext_5f9f95ec,0,59,99,36
37617,ext_5fdf232b,0,59,99,36
37617,ext_60c05ed4,0,59,99,36
37617,ext_616a24d0,0,59,99,36
37617,ext_63827e76,0,59,99,36
37617,ext_63e36dfa,0,59,99,36
37617,ext_64bae51d,0,59,99,36
37617,ext_666e34fc,0,59,99,36
37617,ext_66e41ee7,0,93,99,5
37617,ext_6803ed64,0,59,99,36
37617,ext_68c02a9f,0,59,99,36
37617,ext_69ebeb36,0,59,99,36
37617,ext_6b78f88e,0,82,99,14
37617,ext_6bd517fc,0,59,99,36
37617,ext_6d9d74f9,0,59,99,36
37617,ext_70169f70,0,59,99,36
37617,ext_70420d5c,0,59,99,36
37617,ext_7052a0e3,0,59,99,36
37617,ext_7107ea02,0,59,99,36
37617,ext_7117d9b1,0,59,99,36
37617,ext_722556c5,0,59,99,36
37617,ext_73a6948e,0,91,99,7
37617,ext_73f6b643,0,92,99,6
37617,ext_7426bf74,0,59,99,36
37617,ext_74aa99a6,0,59,99,36
37617,ext_74b2542d,0,59,99,36
37617,ext_7570164a,0,59,99,36
37617,ext_77fd8173,0,59,99,36
37617,ext_79160d08,0,91,99,7
37617,ext_793b4334,0,59,99,36
37617,ext_79ba0c13,0,59,99,36
37617,ext_7a8f5cca,0,59,99,36
37617,ext_7c5e07ab,0,86,99,12
37617,ext_7de14ead,0,59,99,36
37617,ext_7f3551bd,0,62,99,33
37617,ext_7f68c5f4,0,59,99,36
37617,ext_7fcae427,0,59,99,36
37617,ext_802542b2,0,59,99,36
37617,ext_802881b1,0,82,99,14
37617,ext_806f330f,0,59,99,36
37617,ext_81153a70,0,59,81,22
37617,ext_822b7ed8,0,86,99,12
37617,ext_83487c9e,0,59,99,36
37617,ext_83e1e587,0,59,70,12
37617,ext_8433e910,0,59,99,36
37617,ext_84d22f03,0,59,99,36
37617,ext_85d265ce,0,59,99,36
37617,ext_86ab6ef2,0,65,99,30
37617,ext_86d5235c,0,59,99,36
37617,ext_86f3a204,0,59,99,36
37617,ext_870e9a24,0,59,99,36
37617,ext_87e87f69,0,59,99,36
37617,ext_87ed04f8,0,59,99,36
37617,ext_8889a3d9,0,59,99,36
37617,ext_89403061,0,59,99,36
37617,ext_89b7a086,0,59,99,36
37617,ext_8b41f58c,0,59,99,36
37617,ext_8b7a4bc1,0,59,99,36
37617,ext_8beacfdc,0,89,99,9
37617,ext_8db87c46,0,59,99,36
37617,ext_8ed57158,0,59,99,36
37617,ext_8f73710a,0,59,99,36
37617,ext_90c401d3,0,85,99,13
37617,ext_90de3660,0,85,99,13
37617,ext_90e186fc,0,59,99,36
37617,ext_90fc41fb,0,59,99,36
37617,ext_9113e691,0,94,99,4
37617,ext_921e8d53,0,59,99,36
37617,ext_93121fde,0,59,99,36
37617,ext_948c372e,0,59,99,36
37617,ext_95bca547,0,59,99,36
37617,ext_95fdc439,0,59,99,36
37617,ext_9665168f,0,59,99,36
37617,ext_9757e0c5,0,59,99,36
37617,ext_980c270c,0,59,99,36
37617,ext_981b2821,0,59,99,36
37617,ext_9a8bd855,0,59,99,36
37617,ext_9b60f019,0,59,99,36
37617,ext_9d750120,0,59,99,36
37617,ext_9f83eb0d,0,59,99,36
37617,ext_9faf5e43,0,59,99,36
37617,ext_a02d7307,0,59,99,36
37617,ext_a0ed46e6,0,59,99,36
37617,ext_a1d3fef4,0,62,99,33
37617,ext_a21cfb5e,0,59,99,36
37617,ext_a24ea37e,0,59,99,36
37617,ext_a4ba9483,0,59,99,36
37617,ext_a5283ab3,0,59,99,36
37617,ext_a5e6b4f9,0,59,99,36
37617,ext_a5f36a57,0,59,92,31
37617,ext_a5fb4d1e,0,59,99,36
37617,ext_a601a18e,0,59,99,36
37617,ext_a66be94f,0,59,99,36
37617,ext_a742add3,0,59,99,36
37617,ext_a7f5088a,0,98,99,2
37617,ext_a7fa2113,0,59,99,36
37617,ext_a9109b25,0,59,99,36
37617,ext_a929d633,0,59,99,36
37617,ext_aab84b17,0,59,99,36
37617,ext_aac6f52b,0,59,99,36
37617,ext_ab92e6ce,0,59,99,36
37617,ext_abd6af54,0,59,99,36
37617,ext_ad1cde2a,0,59,99,36
37617,ext_add36588,0,59,99,36
37617,ext_ae609c3f,0,71,99,24
37617,ext_b05bf314,0,59,99,36
37617,ext_b2492617,0,59,99,36
37617,ext_b328316b,0,59,99,36
37617,ext_b3b0bf26,0,59,99,36
37617,ext_b4858de4,0,59,92,31
37617,ext_b537a61f,0,37,99,57
37617,ext_b6d7ad18,0,59,99,36
37617,ext_b73294d7,0,59,99,36
37617,ext_b7be5033,0,95,99,3
37617,ext_b8b2968f,0,59,99,36
37617,ext_b979a437,0,59,99,36
37617,ext_b9d1713e,0,93,99,5
37617,ext_be6171be,0,59,99,36
37617,ext_bf2b394a,0,59,99,36
37617,ext_bf5c6692,0,59,93,32
37617,ext_bf70ffd3,0,59,99,36
37617,ext_c06e6bbc,0,91,99,7
37617,ext_c1d06112,0,59,99,36
37617,ext_c1d44b3e,0,59,99,36
37617,ext_c1fd91ec,0,59,99,36
37617,ext_c2384393,0,59,99,36
37617,ext_c24c7a0a,0,59,99,36
37617,ext_c2f83d5e,0,59,99,36
37617,ext_c3519eed,0,59,99,36
37617,ext_c3be8521,0,59,99,36
37617,ext_c489eb27,0,59,99,36
37617,ext_c48d6bef,0,59,99,36
37617,ext_c4fdd461,0,81,99,15
37617,ext_c562406e,0,59,99,36
37617,ext_c5e6b3d0,0,59,99,36
37617,ext_c70b4337,0,59,99,36
37617,ext_c87d319b,0,91,92,2
37617,ext_c8e1958c,0,59,99,36
37617,ext_ca108877,0,59,99,36
37617,ext_ca17bbb8,0,59,92,31
37617,ext_caae2599,0,59,99,36
37617,ext_cb5cdd7b,0,59,99,36
37617,ext_cb639f1d,0,59,99,36
37617,ext_cc749c7c,0,74,99,21
37617,ext_ccd55a94,0,99,99,1
37617,ext_ce9c085c,0,59,99,36
37617,ext_cfc728f4,0,59,99,36
37617,ext_d11d2ba1,0,59,99,36
37617,ext_d1f6cef6,0,59,99,36
37617,ext_d362d1ac,0,59,99,36
37617,ext_d36f9aed,0,59,99,36
37617,ext_d38abf8a,0,93,99,5
37617,ext_d3ab1c3b,0,59,99,36
37617,ext_d3de63b7,0,59,99,36
37617,ext_d414348a,0,59,92,31
37617,ext_d55ef97e,0,59,99,36
37617,ext_d5c42a7b,0,59,99,36
37617,ext_d7f51722,0,59,99,36
37617,ext_d856c399,0,59,99,36
37617,ext_d91e30b0,0,59,99,36
37617,ext_d926d2e8,0,59,99,36
37617,ext_d97c91c1,0,59,99,36
37617,ext_d9e2ec29,0,59,99,36
37617,ext_daa820d9,0,59,99,36
37617,ext_dab1d179,0,59,99,36
37617,ext_dbbb5442,0,93,99,5
37617,ext_dcca0b2a,0,59,99,36
37617,ext_dd5d086d,0,59,99,36
37617,ext_e0070533,0,59,99,36
37617,ext_e0887056,0,59,99,36
37617,ext_e2501b21,0,59,99,36
37617,ext_e2f04d09,0,59,99,36
37617,ext_e307258b,0,59,92,31
37617,ext_e32f1344,0,59,99,36
37617,ext_e3b4da53,0,59,99,36
37617,ext_e3d7f707,0,62,99,33
37617,ext_e4f07ce9,0,59,99,36
37617,ext_e6c8905c,0,59,99,36
37617,ext_ea8a8aca,0,59,99,36
37617,ext_eb10f9b6,0,59,99,36
37617,ext_eb68824a,0,59,89,28
37617,ext_eb7e5aae,0,63,99,32
37617,ext_ed78ca44,0,99,99,1
37617,ext_edf7414d,0,59,99,36
37617,ext_ef2ce8d6,0,59,99,36
37617,ext_f0400888,0,59,99,36
37617,ext_f078578a,0,59,99,36
37617,ext_f0ddea71,0,59,99,36
37617,ext_f102c51f,0,59,99,36
37617,ext_f1afce71,0,99,99,1
37617,ext_f1fdf7c6,0,59,99,36
37617,ext_f3e5e0e6,0,59,92,31
37617,ext_f4f332db,0,59,99,36
37617,ext_f55a0683,0,59,99,36
37617,ext_f56ed1b3,0,59,99,36
37617,ext_f5e75780,0,59,99,36
37617,ext_f679337f,0,59,99,36
37617,ext_f77533b2,0,59,99,36
37617,ext_f7901295,0,59,92,31
37617,ext_f7b4c803,0,59,99,36
37617,ext_f83fc63f,0,59,99,36
37617,ext_f925a9da,0,59,99,36
37617,ext_f97efffb,0,59,92,31
37617,ext_fa6998d0,0,59,99,36
37617,ext_fab311bb,0,59,99,36
37617,ext_fb3c537e,0,59,99,36
37617,ext_fbf5f67c,0,59,99,36
37617,ext_fc38276b,0,59,99,36
37617,ext_fc6e7742,0,59,99,36
37617,ext_fd795568,0,59,99,36
37617,ext_fdf91300,0,59,92,31
37617,ext_fe5e84d1,0,59,99,36
37617,ext_fe9c18cc,0,59,99,36
37617,ext_fece3c63,0,59,92,31
37617,ext_ff40e1ee,0,59,99,36
37617,ext_ffd543df,0,59,99,36
38823,22617,1,59,134,65
38823,22745,1,59,134,65
38823,38823,1,61,134,64
38823,38901,1,59,134,65
38823,47230,1,59,134,65
38823,50947,1,59,134,65
38823,52385,1,59,134,65
38823,63063,1,59,134,65
38823,63817,1,59,134,65
38823,66052,1,123,134,9
38823,69065,1,59,134,65
38823,74916,1,59,134,65
38823,78638,1,59,134,65
38823,88175,1,130,134,4
38823,ext_00f93d1a,0,61,134,64
38823,ext_01beff4c,0,59,134,65
38823,ext_01e4f817,0,59,134,65
38823,ext_06ad4558,0,59,134,65
38823,ext_07ca9ba5,0,59,134,65
38823,ext_0a9ca3b5,0,85,134,41
38823,ext_0aa57c5f,0,59,134,65
38823,ext_0b545ff0,0,134,134,1
38823,ext_0bcc6a4b,0,80,134,46
38823,ext_0c0f118d,0,123,134,9
38823,ext_0c2915bd,0,59,134,65
38823,ext_0df267b4,0,59,134,65
38823,ext_10a2ae02,0,79,134,47
38823,ext_1234dd16,0,59,134,65
38823,ext_135222e6,0,82,134,44
38823,ext_13df3406,0,59,134,65
38823,ext_13e5acde,0,59,134,65
38823,ext_13ef81d0,0,59,134,65
38823,ext_14732cd1,0,81,134,45
38823,ext_148f6e11,0,73,134,52
38823,ext_15095b63,0,59,134,65
38823,ext_168fd27a,0,59,134,65
38823,ext_1727a83e,0,59,134,65
38823,ext_1b2cd6d6,0,59,134,65
38823,ext_1d665d33,0,59,134,65
38823,ext_1d829a95,0,59,134,65
38823,ext_2194ef44,0,80,134,46
38823,ext_223cdd8c,0,59,134,65
38823,ext_2347cd21,0,83,134,43
38823,ext_23c68374,0,59,134,65
38823,ext_2507344d,0,134,134,1
38823,ext_25cbce44,0,59,134,65
38823,ext_263815b9,0,64,134,61
38823,ext_26f65e2b,0,59,134,65
38823,ext_27ccd7fc,0,108,134,18
38823,ext_28710977,0,59,134,65
38823,ext_28ba8036,0,130,134,4
38823,ext_2c3a3321,0,59,134,65
38823,ext_2c7248ea,0,130,134,4
38823,ext_2d0cf3ee,0,59,134,65
38823,ext_2dbe2e01,0,109,134,17
38823,ext_2dfbb46e,0,59,134,65
38823,ext_2e6ab7bc,0,59,134,65
38823,ext_322d66b1,0,59,134,65
38823,ext_3358d6ed,0,124,134,8
38823,ext_35e42585,0,59,134,65
38823,ext_36a47576,0,112,134,15
38823,ext_36ddf586,0,59,134,65
38823,ext_37fc6afd,0,107,134,19
38823,ext_385ed124,0,59,134,65
38823,ext_391e2060,0,59,134,65
38823,ext_3986762b,0,59,134,65
38823,ext_3a1ff7c1,0,128,134,5
38823,ext_3ac3c4e2,0,59,134,65
38823,ext_3b74165e,0,59,134,65
38823,ext_3c220910,0,111,134,16
38823,ext_3da1507f,0,59,134,65
38823,ext_3ef2c962,0,112,134,15
38823,ext_3fe215f0,0,59,134,65
38823,ext_3fe8cc67,0,59,134,65
38823,ext_402479c6,0,130,134,4
38823,ext_43ef4d81,0,59,134,65
38823,ext_44a1bec0,0,59,134,65
38823,ext_45c37b30,0,59,134,65
38823,ext_4750178d,0,59,134,65
38823,ext_475577dd,0,59,134,65
38823,ext_47a49599,0,59,134,65
38823,ext_482faac8,0,59,134,65
38823,ext_483e0c7c,0,66,134,59
38823,ext_49f96a85,0,62,134,63
38823,ext_4a44ff87,0,59,134,65
38823,ext_4bcdf894,0,59,134,65
38823,ext_4bf61650,0,106,134,20
38823,ext_4c29cba0,0,59,134,65
38823,ext_4d6121f1,0,59,134,65
38823,ext_4e63d268,0,97,134,29
38823,ext_50ae8d04,0,59,134,65
38823,ext_50f0e758,0,59,134,65
38823,ext_553a8a9e,0,109,134,17
38823,ext_56c43d15,0,123,134,9
38823,ext_5708bb38,0,59,134,65
38823,ext_58096b16,0,59,134,65
38823,ext_5868c3e4,0,59,134,65
38823,ext_5a087df3,0,59,134,65
38823,ext_5b5a3983,0,89,134,37
38823,ext_5e6e71f1,0,59,134,65
38823,ext_5ea131a3,0,59,134,65
38823,ext_5edd715e,0,59,134,65
38823,ext_600531b3,0,59,134,65
38823,ext_60d91818,0,59,134,65
38823,ext_62315974,0,59,134,65
38823,ext_6346ab28,0,59,134,65
38823,ext_645d6698,0,59,134,65
38823,ext_65a48896,0,59,134,65
38823,ext_6676addd,0,59,134,65
38823,ext_66d79c4c,0,59,134,65
38823,ext_6a63e17d,0,118,134,11
38823,ext_6d2a7d70,0,59,134,65
38823,ext_6e459e72,0,59,134,65
38823,ext_6e5d138a,0,59,134,65
38823,ext_6fd5e42e,0,59,134,65
38823,ext_702f37c0,0,112,134,15
38823,ext_71de4fa0,0,59,134,65
38823,ext_73688300,0,59,134,65
38823,ext_73bba6e9,0,59,134,65
38823,ext_75b9a143,0,128,134,5
38823,ext_765c60e9,0,128,134,5
38823,ext_77729380,0,59,134,65
38823,ext_77c05ccd,0,59,134,65
38823,ext_780da5f2,0,59,134,65
38823,ext_781f35fc,0,59,134,65
38823,ext_7bd48155,0,109,134,17
38823,ext_7beaa5ba,0,59,134,65
38823,ext_7c936653,0,59,134,65
38823,ext_7f05d646,0,59,134,65
38823,ext_7f3f87fa,0,59,134,65
38823,ext_8000022b,0,59,134,65
38823,ext_804e3b26,0,107,134,19
38823,ext_80f64420,0,114,134,13
38823,ext_80f89f1c,0,118,134,11
38823,ext_8478cb0c,0,59,134,65
38823,ext_86a0e16f,0,59,134,65
38823,ext_87ed04f8,0,59,134,65
38823,ext_881c86b2,0,74,134,51
38823,ext_881c919f,0,81,134,45
38823,ext_883be0cd,0,59,134,65
38823,ext_88a82987,0,65,134,60
38823,ext_896eeb8c,0,59,134,65
38823,ext_897db7a6,0,112,134,15
38823,ext_8b7a4bc1,0,59,134,65
38823,ext_8beacfdc,0,59,134,65
38823,ext_8c405d4d,0,118,134,11
38823,ext_8c4aedfd,0,59,134,65
38823,ext_8c880835,0,59,134,65
38823,ext_8d2c15f1,0,111,134,16
38823,ext_8d59e9c1,0,118,134,11
38823,ext_8f3accb9,0,59,134,65
38823,ext_91773622,0,64,134,61
38823,ext_93093281,0,59,134,65
38823,ext_946d65d4,0,75,134,50
38823,ext_94766a44,0,106,134,20
38823,ext_9496da72,0,59,134,65
38823,ext_94feaac2,0,59,134,65
38823,ext_96a13d81,0,78,134,48
38823,ext_98eedab3,0,59,134,65
38823,ext_99607763,0,59,134,65
38823,ext_9beb11ab,0,59,134,65
38823,ext_9edb0a6d,0,59,134,65
38823,ext_9f44dbc8,0,59,134,65
38823,ext_a0800e0c,0,59,134,65
38823,ext_a1445432,0,59,134,65
38823,ext_a2b5ec88,0,59,134,65
38823,ext_a3f40329,0,108,134,18
38823,ext_a5e29df1,0,59,134,65
38823,ext_a6336f8b,0,61,134,64
38823,ext_a66e90af,0,59,134,65
38823,ext_a6c29748,0,59,105,45
38823,ext_a9109b25,0,90,134,36
38823,ext_a9a97b49,0,59,134,65
38823,ext_ad42c9a0,0,87,134,39
38823,ext_adf1bb00,0,77,134,49
38823,ext_aed984ea,0,118,134,11
38823,ext_af7032a0,0,59,134,65
38823,ext_afff9035,0,77,134,49
38823,ext_b2ca7ea6,0,99,134,27
38823,ext_b353e3e1,0,59,134,65
38823,ext_b3f637ac,0,130,134,4
38823,ext_b453ca64,0,108,134,18
38823,ext_b7e60e4a,0,59,134,65
38823,ext_b820cb36,0,74,134,51
38823,ext_ba343cde,0,59,134,65
38823,ext_bb023af1,0,59,134,65
38823,ext_be32643f,0,78,134,48
38823,ext_bea55e88,0,63,134,62
38823,ext_bf0fa3af,0,106,134,20
38823,ext_bfa492b8,0,59,134,65
38823,ext_bff381b7,0,59,134,65
38823,ext_c182f6c1,0,59,134,65
38823,ext_c2c67fd2,0,59,134,65
38823,ext_c3121392,0,61,134,64
38823,ext_c31870ec,0,59,134,65
38823,ext_c389e7de,0,59,134,65
38823,ext_c409d5b0,0,59,134,65
38823,ext_c4b83776,0,59,134,65
38823,ext_c4f03b22,0,108,134,18
38823,ext_c52a287c,0,59,134,65
38823,ext_c55622ed,0,59,134,65
38823,ext_c5a0cc07,0,130,134,4
38823,ext_c655e422,0,59,134,65
38823,ext_c6e4a0a2,0,59,134,65
38823,ext_c7105bfd,0,131,134,3
38823,ext_c89a042d,0,134,134,1
38823,ext_c8dc5df6,0,59,134,65
38823,ext_ca0c84bd,0,97,134,29
38823,ext_caf59bb6,0,59,134,65
38823,ext_cb38d676,0,128,134,5
38823,ext_cb448fd7,0,59,134,65
38823,ext_cdc592a9,0,59,134,65
38823,ext_cf645336,0,59,134,65
38823,ext_d332ee6d,0,59,134,65
38823,ext_d4870c7d,0,109,134,17
38823,ext_d487ef18,0,59,134,65
38823,ext_d5416abc,0,59,134,65
38823,ext_d57b0a47,0,59,134,65
38823,ext_d8021216,0,134,134,1
38823,ext_d981b48a,0,59,134,65
38823,ext_da3ec4e9,0,68,134,57
38823,ext_da6c2e60,0,59,134,65
38823,ext_db34e902,0,68,134,57
38823,ext_dc055dd8,0,59,134,65
38823,ext_dc23f2b4,0,59,134,65
38823,ext_e05a6e86,0,59,134,65
38823,ext_e1cd08cc,0,59,134,65
38823,ext_e2b7bcb1,0,59,134,65
38823,ext_e4af9cf1,0,61,134,64
38823,ext_e53bbba3,0,59,134,65
38823,ext_e555b659,0,111,134,16
38823,ext_e65812a4,0,59,134,65
38823,ext_e67bec50,0,59,134,65
38823,ext_e6a5c377,0,59,134,65
38823,ext_e6eb9124,0,59,134,65
38823,ext_e8514515,0,59,134,65
38823,ext_e9c5be06,0,59,134,65
38823,ext_ea8a8aca,0,59,134,65
38823,ext_eb9982f7,0,59,134,65
38823,ext_eb9c56fe,0,77,134,49
38823,ext_ed5a3ab7,0,123,134,9
38823,ext_ee114064,0,84,134,42
38823,ext_eea099ae,0,59,134,65
38823,ext_f08dbf27,0,59,134,65
38823,ext_f1a59f2a,0,134,134,1
38823,ext_f2088ac7,0,59,134,65
38823,ext_f283051b,0,67,134,58
38823,ext_f368f993,0,59,134,65
38823,ext_f542ec4f,0,59,134,65
38823,ext_f5e75780,0,59,134,65
38823,ext_f699f755,0,59,134,65
38823,ext_f72a40d3,0,59,134,65
38823,ext_f8662107,0,59,134,65
38823,ext_f9b9bd4f,0,59,134,65
38823,ext_f9c54137,0,59,134,65
38823,ext_faec02bf,0,59,59,1
38823,ext_fb0af61c,0,59,134,65
38823,ext_fb84c5ab,0,59,134,65
38823,ext_fc6f5b60,0,59,134,65
38823,ext_fdad5dce,0,59,134,65
38823,ext_fdea353a,0,59,134,65
38823,ext_fed5b361,0,59,134,65
38823,ext_fefc3fb2,0,59,134,65
38893,26127,1,67,125,26
38893,30952,1,61,125,30
38893,ext_0316bdc2,0,67,125,26
38893,ext_03c99321,0,61,125,30
38893,ext_052e4ad6,0,117,125,9
38893,ext_0584a120,0,61,125,30
38893,ext_088404cd,0,83,125,24
38893,ext_0953e3cc,0,83,125,24
38893,ext_09fc4236,0,87,125,23
38893,ext_0d0b13ea,0,97,125,22
38893,ext_0dc3b750,0,104,125,18
38893,ext_0f6b33fe,0,61,125,30
38893,ext_1511b87c,0,104,125,18
38893,ext_1bf80e83,0,83,125,24
38893,ext_1dec5396,0,64,125,28
38893,ext_21ec08f1,0,104,125,18
38893,ext_223cdd8c,0,61,125,30
38893,ext_25903e0e,0,83,125,24
38893,ext_25b2f9b6,0,61,125,30
38893,ext_2663268f,0,83,125,24
38893,ext_2689ec78,0,61,125,30
38893,ext_2737f75c,0,61,125,30
38893,ext_279b4a90,0,83,125,24
38893,ext_28ea4e7f,0,116,125,10
38893,ext_2a7fa0ad,0,64,125,28
38893,ext_2d37d186,0,64,125,28
38893,ext_2f0ff404,0,112,125,11
38893,ext_30cebb3a,0,112,125,11
38893,ext_345b5850,0,83,125,24
38893,ext_3566661c,0,83,125,24
38893,ext_359feca1,0,61,125,30
38893,ext_3683b534,0,61,125,30
38893,ext_384a6498,0,112,125,11
38893,ext_38d7910d,0,83,125,24
38893,ext_3b55e142,0,109,125,14
38893,ext_3be9b410,0,61,125,30
38893,ext_4326a0a3,0,83,125,24
38893,ext_45c37b30,0,61,125,30
38893,ext_479638b9,0,83,125,24
38893,ext_47d33465,0,100,101,2
38893,ext_486764cb,0,118,125,8
38893,ext_48e8af0d,0,110,125,13
38893,ext_495e43bf,0,61,125,30
38893,ext_4cd7f4f8,0,109,125,14
38893,ext_5071c330,0,61,125,30
38893,ext_526c707b,0,116,125,10
38893,ext_52ebe917,0,87,125,23
38893,ext_549a415d,0,61,125,30
38893,ext_55b6c2fe,0,61,125,30
38893,ext_57a7a9b1,0,61,125,30
38893,ext_5b19fd44,0,116,125,10
38893,ext_5be59b53,0,97,125,22
38893,ext_5e232b9b,0,61,125,30
38893,ext_5f2ddf1f,0,83,122,21
38893,ext_5f72f5cd,0,109,125,14
38893,ext_5f97070d,0,97,125,22
38893,ext_600b9eca,0,109,125,14
38893,ext_605a976e,0,61,125,30
38893,ext_60d91818,0,83,125,24
38893,ext_6102bde8,0,116,125,10
38893,ext_61441f0e,0,109,125,14
38893,ext_62ecb64c,0,98,125,21
38893,ext_63277e14,0,123,125,3
38893,ext_68a3846a,0,61,125,30
38893,ext_69155ad6,0,98,125,21
38893,ext_6a95971f,0,61,125,30
38893,ext_6b4baf90,0,61,125,30
38893,ext_6bd31c4e,0,61,125,30
38893,ext_6d7d8dc2,0,110,125,13
38893,ext_6e557378,0,116,125,10
38893,ext_6ee91841,0,97,125,22
38893,ext_70664d93,0,120,125,6
38893,ext_70e65b41,0,116,125,10
38893,ext_716a48de,0,97,125,22
38893,ext_73576343,0,109,125,14
38893,ext_768105b6,0,87,125,23
38893,ext_78292fec,0,109,125,14
38893,ext_78eaf8d9,0,110,125,13
38893,ext_7a20f060,0,109,125,14
38893,ext_7bbe8439,0,61,125,30
38893,ext_7c0916c5,0,61,125,30
38893,ext_7f4d69d6,0,100,125,20
38893,ext_7f721287,0,61,125,30
38893,ext_7fed522d,0,121,125,5
38893,ext_808aca95,0,116,125,10
38893,ext_866aa311,0,109,125,14
38893,ext_872899dc,0,61,125,30
38893,ext_8833c731,0,83,125,24
38893,ext_896621b2,0,61,125,30
38893,ext_89895620,0,61,125,30
38893,ext_8b45dfb9,0,61,125,30
38893,ext_8bfb8cc9,0,83,125,24
38893,ext_8f4bf844,0,83,125,24
38893,ext_90bcf1ae,0,116,125,10
38893,ext_9197ddc3,0,61,125,30
38893,ext_929acb0e,0,61,125,30
38893,ext_92c917c3,0,61,125,30
38893,ext_9497b86c,0,104,125,18
38893,ext_961956db,0,83,125,24
38893,ext_97a43fc0,0,109,125,14
38893,ext_9de35922,0,61,125,30
38893,ext_9e5ea231,0,61,125,30
38893,ext_9e816001,0,97,125,22
38893,ext_a14f58ed,0,61,125,30
38893,ext_a2b3dc9c,0,109,125,14
38893,ext_a3ebb5e1,0,61,125,30
38893,ext_a426e964,0,61,125,30
38893,ext_a4cd3156,0,104,125,18
38893,ext_a681e0df,0,83,125,24
38893,ext_a8a4565f,0,104,125,18
38893,ext_aad23f77,0,61,125,30
38893,ext_ab102e80,0,109,125,14
38893,ext_ab3d2e95,0,116,125,10
38893,ext_abfa3eb2,0,87,125,23
38893,ext_ad0da163,0,116,125,10
38893,ext_ad5348e3,0,97,125,22
38893,ext_aeb5a590,0,66,125,27
38893,ext_b1210873,0,101,125,19
38893,ext_b2ad5b36,0,61,125,30
38893,ext_b33cee44,0,106,125,16
38893,ext_b5039856,0,101,125,19
38893,ext_b77700d5,0,117,125,9
38893,ext_b8ac947f,0,97,125,22
38893,ext_bb066f04,0,117,125,9
38893,ext_bd96a977,0,61,125,30
38893,ext_be0c771a,0,117,125,9
38893,ext_c0fd3c82,0,83,125,24
38893,ext_c1fd91ec,0,83,125,24
38893,ext_c2ef2c0b,0,112,125,11
38893,ext_c45618a0,0,61,125,30
38893,ext_c755c0a9,0,100,125,20
38893,ext_c897eeed,0,83,125,24
38893,ext_c9b82f2b,0,116,125,10
38893,ext_cb04df5e,0,61,125,30
38893,ext_cdbc6760,0,61,125,30
38893,ext_d1625470,0,83,125,24
38893,ext_d3633d1f,0,61,125,30
38893,ext_d415adf2,0,66,125,27
38893,ext_d46f010d,0,61,125,30
38893,ext_d4870c7d,0,110,125,13
38893,ext_d4e996fe,0,83,125,24
38893,ext_d57b0a47,0,109,125,14
38893,ext_d8326850,0,61,125,30
38893,ext_da56f1b4,0,61,125,30
38893,ext_dbd73fc8,0,109,125,14
38893,ext_de68e334,0,68,125,25
38893,ext_e0593ccb,0,116,125,10
38893,ext_e4857784,0,109,125,14
38893,ext_e574a11e,0,109,125,14
38893,ext_e757ea0d,0,104,125,18
38893,ext_e7931bf4,0,83,125,24
38893,ext_e814b4ad,0,109,125,14
38893,ext_e829362a,0,61,125,30
38893,ext_e9c4a91d,0,83,125,24
38893,ext_eb29c572,0,67,125,26
38893,ext_ef18ab78,0,61,125,30
38893,ext_f07dd48a,0,118,125,8
38893,ext_f0a19808,0,97,125,22
38893,ext_f1c2edbf,0,110,125,13
38893,ext_f23c3b05,0,97,125,22
38893,ext_f35399d6,0,61,125,30
38893,ext_f4cf836d,0,100,125,20
38893,ext_f5ea8028,0,61,125,30
38893,ext_f932f064,0,61,125,30
38893,ext_fbbda3b1,0,106,125,16
38893,ext_fe800070,0,118,125,8
38893,ext_ff9c61a9,0,61,125,30
38901,19066,1,59,84,20
38901,19844,1,59,84,20
38901,22617,1,59,73,12
38901,24853,1,59,84,20
38901,25171,1,59,84,20
38901,29914,1,59,84,20
38901,31583,1,59,84,20
38901,38823,1,59,84,20
38901,38901,1,59,84,20
38901,44167,1,59,84,20
38901,71700,1,59,82,19
38901,78638,1,59,81,18
38901,88175,1,59,84,20
38901,ext_00f76c09,0,59,84,20
38901,ext_014f4d20,0,59,88,23
38901,ext_020c474a,0,62,84,18
38901,ext_04c039b8,0,59,84,20
38901,ext_05b710ef,0,59,84,20
38901,ext_078837ea,0,59,88,24
38901,ext_07de20bb,0,59,84,20
38901,ext_0837f3f0,0,59,88,24
38901,ext_08faf46f,0,59,88,24
38901,ext_091c2ab0,0,59,84,20
38901,ext_09ec2e87,0,59,88,24
38901,ext_0a50a890,0,59,88,22
38901,ext_0a82f904,0,59,88,24
38901,ext_0bb40276,0,59,84,20
38901,ext_0be778c3,0,59,84,20
38901,ext_0f41fdf0,0,59,88,24
38901,ext_0f8d07b3,0,62,84,18
38901,ext_1115ab27,0,84,84,1
38901,ext_11b99f71,0,59,88,24
38901,ext_12d89847,0,59,88,22
38901,ext_12dcc83e,0,59,84,20
38901,ext_12feb42b,0,59,88,24
38901,ext_165dbcab,0,59,84,20
38901,ext_169e976a,0,59,84,20
38901,ext_17aa1fda,0,84,84,1
38901,ext_1a7ac61c,0,59,88,23
38901,ext_1befe1a0,0,59,88,24
38901,ext_1dd3f5b7,0,59,88,24
38901,ext_1e4bd010,0,59,84,20
38901,ext_200ed4bc,0,59,88,24
38901,ext_20298ee4,0,59,84,20
38901,ext_24bf1489,0,59,88,24
38901,ext_25614902,0,59,88,23
38901,ext_25b2f9b6,0,59,84,20
38901,ext_27d45a1f,0,59,88,24
38901,ext_28036460,0,59,84,20
38901,ext_281abe42,0,59,88,24
38901,ext_2afc84de,0,59,84,20
38901,ext_2b23d8cc,0,60,84,19
38901,ext_2c535a23,0,59,88,24
38901,ext_2c98adbb,0,59,88,24
38901,ext_2de45ba4,0,72,84,10
38901,ext_2e419664,0,59,88,24
38901,ext_2e790f5d,0,70,84,12
38901,ext_2ffcb505,0,59,84,20
38901,ext_30935c09,0,59,84,20
38901,ext_30d1e3d3,0,59,88,24
38901,ext_316c2633,0,59,84,20
38901,ext_323caa57,0,59,84,20
38901,ext_32d0007c,0,59,84,20
38901,ext_34c92ff2,0,59,88,24
38901,ext_3579b210,0,59,88,24
38901,ext_35ddb7b2,0,59,84,20
38901,ext_3648bae0,0,59,84,20
38901,ext_369a7a3f,0,59,88,24
38901,ext_384d3e52,0,59,88,24
38901,ext_3b2b17b4,0,59,84,20
38901,ext_3b984120,0,59,84,20
38901,ext_3c8cca82,0,59,88,24
38901,ext_3c909b0a,0,59,88,24
38901,ext_3d082ce2,0,59,84,20
38901,ext_3dbb14aa,0,59,84,20
38901,ext_3dfef290,0,59,84,20
38901,ext_3ec2f0c5,0,59,84,20
38901,ext_40446216,0,59,88,24
38901,ext_40d2649b,0,79,84,4
38901,ext_4172c475,0,59,88,24
38901,ext_417dc210,0,59,84,20
38901,ext_420b58de,0,59,84,20
38901,ext_4313bee7,0,59,88,22
38901,ext_4408ab20,0,59,88,24
38901,ext_444bc435,0,59,84,20
38901,ext_45c37b30,0,59,88,22
38901,ext_45fc0348,0,59,84,20
38901,ext_465cecc9,0,59,88,24
38901,ext_468a105b,0,59,84,20
38901,ext_46f82cf8,0,59,84,20
38901,ext_47fe6297,0,59,88,23
38901,ext_491955d2,0,59,88,24
38901,ext_491e1a2b,0,59,88,24
38901,ext_4a44ff87,0,59,84,20
38901,ext_4afaa45e,0,59,88,24
38901,ext_4d649a0a,0,59,88,23
38901,ext_4d8214b8,0,59,84,20
38901,ext_4ef53da3,0,59,88,24
38901,ext_4fec7d81,0,59,84,20
38901,ext_52632cd4,0,59,88,24
38901,ext_530b5130,0,59,88,24
38901,ext_53b80116,0,59,84,20
38901,ext_55b6c2fe,0,59,84,20
38901,ext_55f76807,0,59,84,20
38901,ext_566e699e,0,59,88,22
38901,ext_5670cae8,0,59,88,23
38901,ext_57dde2ee,0,59,84,20
38901,ext_5868c3e4,0,59,84,20
38901,ext_59af9edd,0,59,84,20
38901,ext_5a221dea,0,59,88,24
38901,ext_5b007e63,0,59,88,24
38901,ext_5cc8fd85,0,59,88,24
38901,ext_5d43d91d,0,59,88,24
38901,ext_5dcef857,0,59,84,20
38901,ext_5e8e58ba,0,59,84,20
38901,ext_5f566a4a,0,59,88,24
38901,ext_627701b9,0,59,84,20
38901,ext_66a0c234,0,59,88,24
38901,ext_695c7967,0,79,84,4
38901,ext_6a53dd90,0,59,84,20
38901,ext_6aa8be1f,0,59,88,24
38901,ext_6b8632df,0,59,84,20
38901,ext_6c5c7012,0,59,88,24
38901,ext_6dc34a73,0,59,88,24
38901,ext_70e65b41,0,79,84,4
38901,ext_73bba6e9,0,62,84,18
38901,ext_73d64b92,0,59,88,24
38901,ext_74c7cde2,0,59,88,23
38901,ext_761797b2,0,59,88,24
38901,ext_7784f84c,0,59,84,20
38901,ext_7a93d73f,0,59,84,20
38901,ext_7c09dc05,0,59,84,20
38901,ext_7d0ec7c4,0,59,88,24
38901,ext_7d330cd3,0,59,84,20
38901,ext_7d50a194,0,59,84,20
38901,ext_7e51e0e9,0,59,84,20
38901,ext_80757f66,0,59,84,20
38901,ext_822b7ed8,0,59,84,20
38901,ext_82a1e61e,0,59,88,24
38901,ext_84ca9034,0,79,84,4
38901,ext_8661af56,0,59,88,24
38901,ext_873fed69,0,59,84,20
38901,ext_87b10626,0,59,88,24
38901,ext_8833c731,0,62,84,18
38901,ext_88c23661,0,59,88,24
38901,ext_8affa4cf,0,59,84,20
38901,ext_8b7ac4a0,0,59,88,24
38901,ext_8c802e5b,0,59,88,24
38901,ext_8ca90e86,0,59,84,20
38901,ext_8ceb81b4,0,59,84,20
38901,ext_8d51ab0b,0,59,84,20
38901,ext_8eb0fe0b,0,59,88,22
38901,ext_8eedbfe3,0,59,84,20
38901,ext_8f74d42a,0,59,88,24
38901,ext_90fc41fb,0,63,84,17
38901,ext_917a2e02,0,59,88,24
38901,ext_9197ddc3,0,59,84,20
38901,ext_9353dd06,0,59,88,24
38901,ext_9528e58e,0,59,84,20
38901,ext_995c107e,0,59,88,24
38901,ext_9ae86459,0,74,84,8
38901,ext_9bb35ffc,0,59,88,24
38901,ext_9c9f9fb7,0,69,84,13
38901,ext_9e2858ba,0,59,84,20
38901,ext_9fbacce1,0,59,88,22
38901,ext_a1695679,0,59,88,22
38901,ext_a18d8485,0,67,84,14
38901,ext_a43e6db3,0,59,84,20
38901,ext_a5301a5c,0,59,88,24
38901,ext_a63ccd4f,0,59,88,24
38901,ext_a743305e,0,59,84,20
38901,ext_a87abe61,0,59,84,20
38901,ext_a9d88140,0,59,88,24
38901,ext_a9e015a3,0,59,84,20
38901,ext_b06e844b,0,75,84,7
38901,ext_b08f3ae5,0,59,88,24
38901,ext_b2135d08,0,59,88,24
38901,ext_b2e64c9e,0,59,84,20
38901,ext_b319bad3,0,59,84,20
38901,ext_bc4b9bcf,0,59,88,24
38901,ext_bc652ad2,0,59,88,22
38901,ext_bd27d675,0,59,88,24
38901,ext_bd2dd1a0,0,59,84,20
38901,ext_bdef5d8c,0,59,88,24
38901,ext_c008c5fc,0,73,84,9
38901,ext_c0b6d12a,0,59,84,20
38901,ext_c0bf1279,0,59,84,20
38901,ext_c0fd3c82,0,62,84,18
38901,ext_c20208f8,0,59,84,20
38901,ext_c2fd9ba7,0,59,88,24
38901,ext_c31f7be5,0,79,84,4
38901,ext_c387ac36,0,76,84,6
38901,ext_c3a5a578,0,59,88,24
38901,ext_c3b1e2d9,0,79,84,4
38901,ext_c5494216,0,59,84,20
38901,ext_c60155dc,0,59,88,24
38901,ext_c89100a5,0,62,84,18
38901,ext_ca999005,0,59,88,24
38901,ext_caec19a9,0,59,88,22
38901,ext_cb5cdd7b,0,59,84,20
38901,ext_cbc131ba,0,82,84,2
38901,ext_cc75b1ad,0,59,84,20
38901,ext_cc95b13e,0,59,84,20
38901,ext_cccab0d2,0,59,84,20
38901,ext_cda61a38,0,59,88,24
38901,ext_cdeb8e04,0,59,88,24
38901,ext_ce283529,0,59,84,20
38901,ext_ce8063e8,0,59,84,20
38901,ext_d02ae593,0,62,84,18
38901,ext_d02c818a,0,59,88,24
38901,ext_d357a212,0,59,84,20
38901,ext_d35da6ed,0,59,88,23
38901,ext_d4174173,0,59,84,20
38901,ext_d490dbd1,0,59,88,22
38901,ext_d57b0a47,0,59,84,20
38901,ext_d57fdbd9,0,59,88,24
38901,ext_d5c42a7b,0,59,84,20
38901,ext_d67959e0,0,59,88,23
38901,ext_d76948d7,0,79,84,4
38901,ext_d7f5c7df,0,59,88,24
38901,ext_d853efd3,0,59,88,24
38901,ext_d91ac9ec,0,59,84,20
38901,ext_d98227e1,0,59,88,23
38901,ext_dc6519a2,0,59,88,24
38901,ext_dd766de5,0,59,88,24
38901,ext_dd87d6dc,0,82,84,2
38901,ext_de68e334,0,62,84,18
38901,ext_df5ddb25,0,59,84,20
38901,ext_e0a4c3d7,0,59,88,24
38901,ext_e0af1b9c,0,74,84,8
38901,ext_e0cf88cf,0,59,88,24
38901,ext_e1cd08cc,0,59,84,20
38901,ext_e3051837,0,59,84,20
38901,ext_e43d5024,0,59,88,24
38901,ext_e4439d50,0,59,84,20
38901,ext_e5639e6d,0,59,88,24
38901,ext_e75f3e6d,0,59,84,20
38901,ext_e9e61367,0,59,88,23
38901,ext_eb9982f7,0,59,84,20
38901,ext_ed3e4d1f,0,59,84,20
38901,ext_ef451011,0,59,84,20
38901,ext_efa134f8,0,59,84,20
38901,ext_f0ee8504,0,59,88,24
38901,ext_f0f8d83d,0,76,84,6
38901,ext_f54214ac,0,59,84,20
38901,ext_f5850840,0,59,84,20
38901,ext_f7e69f27,0,59,84,20
38901,ext_f82e8926,0,59,88,23
38901,ext_f863d6c8,0,59,84,20
38901,ext_f8751051,0,59,84,20
38901,ext_f8ab572c,0,59,88,24
38901,ext_facf0b2e,0,59,88,24
38901,ext_fbf5f67c,0,59,84,20
38901,ext_fe9ef54e,0,59,84,20
38901,ext_ff9b3b2c,0,59,84,20
38927,38927,1,60,88,17
38927,46584,1,60,88,17
38927,ext_00af5cd5,0,60,88,17
38927,ext_01929380,0,60,88,17
38927,ext_01b81ae1,0,60,88,17
38927,ext_0316bdc2,0,60,88,17
38927,ext_0440a9ac,0,60,88,18
38927,ext_0471b2a7,0,60,88,17
38927,ext_05b710ef,0,60,88,17
38927,ext_064c5a78,0,60,88,17
38927,ext_06abcd41,0,60,88,17
38927,ext_06b7963a,0,60,88,17
38927,ext_07108cc3,0,60,88,17
38927,ext_091c2ab0,0,60,88,17
38927,ext_0bb9e685,0,60,88,17
38927,ext_0d8ee66f,0,60,88,17
38927,ext_0e04da69,0,60,88,17
38927,ext_0f5772b2,0,60,88,17
38927,ext_12963523,0,60,88,17
38927,ext_13587a24,0,60,88,18
38927,ext_1397d193,0,60,88,17
38927,ext_139fcd1d,0,60,88,17
38927,ext_1432c0b5,0,60,88,18
38927,ext_143ede7f,0,60,88,17
38927,ext_14fd981e,0,60,88,17
38927,ext_15ef899c,0,60,88,17
38927,ext_1725e732,0,60,88,17
38927,ext_17ed09f2,0,60,88,18
38927,ext_182b8242,0,78,88,10
38927,ext_1b8d375a,0,60,88,18
38927,ext_1ecbd527,0,60,88,17
38927,ext_1f8f7017,0,60,88,17
38927,ext_20e18ad0,0,78,88,10
38927,ext_2117a167,0,60,88,17
38927,ext_21446eac,0,60,88,17
38927,ext_22636124,0,60,88,17
38927,ext_2301e704,0,60,88,19
38927,ext_28ecbba8,0,60,88,18
38927,ext_2a3b1831,0,60,88,17
38927,ext_2ce6964d,0,60,88,17
38927,ext_2d1bb849,0,60,88,17
38927,ext_2da5d716,0,60,88,17
38927,ext_2ead1ed8,0,60,88,17
38927,ext_2fc92766,0,60,88,17
38927,ext_332162e6,0,60,88,17
38927,ext_34e5e533,0,60,88,17
38927,ext_34e9193d,0,60,88,19
38927,ext_36c7d0a4,0,60,88,17
38927,ext_375700d4,0,60,88,17
38927,ext_38297e6a,0,60,88,17
38927,ext_383bfa70,0,60,88,17
38927,ext_38b015e8,0,60,88,17
38927,ext_3a37fdd4,0,60,88,17
38927,ext_3a3a5320,0,60,88,17
38927,ext_3b371f81,0,60,88,17
38927,ext_3fd72cc2,0,60,88,18
38927,ext_3fe59e81,0,60,88,19
38927,ext_401f976b,0,60,88,17
38927,ext_4028f45d,0,60,88,17
38927,ext_410dca48,0,60,88,17
38927,ext_428f5c79,0,60,88,19
38927,ext_44b8bef5,0,60,88,17
38927,ext_45c37b30,0,60,88,17
38927,ext_46f82cf8,0,60,88,17
38927,ext_47f3088a,0,60,88,18
38927,ext_4939baed,0,69,88,15
38927,ext_49f3562c,0,60,88,19
38927,ext_4acc117b,0,60,88,17
38927,ext_4b2108c4,0,60,88,17
38927,ext_4bc726d1,0,60,88,17
38927,ext_4d951147,0,60,88,17
38927,ext_51cd32df,0,60,88,17
38927,ext_53efae5a,0,60,88,17
38927,ext_54c045d1,0,60,88,17
38927,ext_55320b90,0,60,88,17
38927,ext_55a1898e,0,60,88,17
38927,ext_56566264,0,60,88,17
38927,ext_599ac5ba,0,60,88,17
38927,ext_59a43335,0,60,88,17
38927,ext_5a209fc1,0,60,88,19
38927,ext_5b1e8f4b,0,60,88,17
38927,ext_5be1b811,0,60,88,17
38927,ext_5c14aa2a,0,60,88,17
38927,ext_5d24d9f2,0,60,88,19
38927,ext_5ee123a3,0,60,88,17
38927,ext_609fd81a,0,60,88,18
38927,ext_636c6ccc,0,60,88,17
38927,ext_63c2fb20,0,60,88,17
38927,ext_63e36dfa,0,60,88,17
38927,ext_66a9fac5,0,60,88,17
38927,ext_6734ddba,0,60,88,17
38927,ext_698df28f,0,60,88,17
38927,ext_6a36ed3a,0,60,88,17
38927,ext_6a63f357,0,60,88,17
38927,ext_6bc61b6b,0,60,88,17
38927,ext_6d086355,0,60,88,18
38927,ext_6d7477e7,0,60,88,17
38927,ext_6f19ef8e,0,60,88,17
38927,ext_7129364f,0,60,88,17
38927,ext_724db810,0,60,88,17
38927,ext_72c6e355,0,60,88,17
38927,ext_7400e804,0,60,88,18
38927,ext_745b4fcd,0,60,88,17
38927,ext_748e400d,0,60,88,17
38927,ext_748f235d,0,60,88,17
38927,ext_750aaa9f,0,60,88,17
38927,ext_75f6e977,0,60,88,17
38927,ext_76c525c8,0,60,88,17
38927,ext_77761a31,0,60,88,17
38927,ext_77efaf03,0,60,88,17
38927,ext_78373d01,0,60,88,19
38927,ext_79238493,0,60,88,17
38927,ext_7b3e440d,0,60,88,19
38927,ext_7c89e9b6,0,60,88,18
38927,ext_7cb7972d,0,60,88,17
38927,ext_7dec0a13,0,60,88,17
38927,ext_80518920,0,60,88,17
38927,ext_81176ebd,0,60,88,17
38927,ext_82049f4b,0,60,88,17
38927,ext_83eabb24,0,60,88,17
38927,ext_85979248,0,60,88,17
38927,ext_87216eb6,0,60,88,17
38927,ext_878e2048,0,60,88,17
38927,ext_88763117,0,60,88,17
38927,ext_88a82987,0,78,88,10
38927,ext_88d82fa6,0,60,88,17
38927,ext_88e04e63,0,60,88,17
38927,ext_88eba37f,0,60,88,18
38927,ext_8a8d5da9,0,60,88,18
38927,ext_8b769917,0,60,88,17
38927,ext_8b7a4bc1,0,60,88,17
38927,ext_8c105ed6,0,60,88,19
38927,ext_8c1177f4,0,60,88,17
38927,ext_90206524,0,60,88,17
38927,ext_9066f410,0,60,88,18
38927,ext_92606e68,0,60,88,17
38927,ext_9428fd32,0,60,88,17
38927,ext_94326027,0,60,88,17
38927,ext_954a37b5,0,62,88,16
38927,ext_95559029,0,60,88,19
38927,ext_97165b22,0,60,88,17
38927,ext_99607763,0,60,88,17
38927,ext_9bec1b1f,0,60,88,18
38927,ext_9eaa3155,0,60,88,17
38927,ext_9f945dac,0,60,88,18
38927,ext_a096564a,0,60,88,17
38927,ext_a1f1cbdd,0,60,88,17
38927,ext_a2316751,0,60,88,17
38927,ext_a2c4fff2,0,60,88,18
38927,ext_a3543684,0,60,88,17
38927,ext_a3897ad9,0,60,88,17
38927,ext_a5118d00,0,60,88,17
38927,ext_a78d2a9b,0,60,88,17
38927,ext_a7b71cf3,0,62,88,16
38927,ext_a96baf37,0,60,88,17
38927,ext_ab92e6ce,0,80,88,9
38927,ext_acbf26ef,0,60,88,19
38927,ext_ad0da163,0,60,88,17
38927,ext_ae5be8c8,0,60,88,17
38927,ext_aeee159f,0,60,88,17
38927,ext_b0c56771,0,60,88,17
38927,ext_b0e0c888,0,60,88,17
38927,ext_b139b963,0,60,88,17
38927,ext_b1b17276,0,60,88,17
38927,ext_b306a8c5,0,60,88,17
38927,ext_b4cac1eb,0,60,88,18
38927,ext_b5a8850e,0,60,88,18
38927,ext_b68728cf,0,60,88,17
38927,ext_b7a6c8cf,0,60,88,17
38927,ext_b7b611c1,0,60,88,17
38927,ext_b8c6f667,0,60,88,17
38927,ext_bccad415,0,60,88,18
38927,ext_be3cea36,0,60,88,17
38927,ext_c1c05c76,0,60,88,17
38927,ext_c2abd851,0,60,88,18
38927,ext_c35e466e,0,60,88,19
38927,ext_c3a9202a,0,60,88,17
38927,ext_c40a41b3,0,60,88,17
38927,ext_c878a06e,0,60,88,17
38927,ext_c89a042d,0,60,88,17
38927,ext_ce283529,0,60,88,17
38927,ext_cf4abf2d,0,60,88,17
38927,ext_d0713eeb,0,60,88,17
38927,ext_d17d16e9,0,60,88,17
38927,ext_d3dfd32a,0,60,88,17
38927,ext_d3ec9ce6,0,69,88,15
38927,ext_d90f3a6e,0,60,88,17
38927,ext_da32cb62,0,78,88,10
38927,ext_da6c2e60,0,60,88,17
38927,ext_dfb75d53,0,60,88,17
38927,ext_e1197291,0,60,88,17
38927,ext_e161abfb,0,60,88,19
38927,ext_e32f1344,0,60,88,17
38927,ext_e4af9cf1,0,60,88,17
38927,ext_e6b79c2a,0,60,88,17
38927,ext_e6fffede,0,60,88,17
38927,ext_e79a9511,0,60,88,19
38927,ext_e90d3a86,0,60,88,17
38927,ext_e9c78d43,0,60,88,17
38927,ext_e9d6a0a9,0,69,88,15
38927,ext_ea9f8709,0,60,88,17
38927,ext_eb461600,0,60,88,18
38927,ext_ed6c2eb5,0,60,88,17
38927,ext_ede89e74,0,69,88,15
38927,ext_ee0a4513,0,60,88,17
38927,ext_ee3b9e97,0,60,88,17
38927,ext_ee7d506c,0,60,88,18
38927,ext_eeb98858,0,60,88,17
38927,ext_ef232751,0,60,88,17
38927,ext_f1371946,0,60,88,17
38927,ext_f183a1d0,0,60,88,18
38927,ext_f19665fe,0,60,88,17
38927,ext_f283051b,0,60,88,17
38927,ext_f49ba097,0,60,88,17
38927,ext_f5661af0,0,60,88,17
38927,ext_f6b8a7f5,0,60,88,17
38927,ext_f8cdbce4,0,60,88,17
38927,ext_f9359be4,0,60,88,17
38927,ext_f9deb174,0,60,88,17
38927,ext_fa357123,0,60,88,17
38927,ext_fc6a9be1,0,60,88,17
38927,ext_feff05bf,0,60,88,17
39122,ext_1be2f573,0,37,58,19
39122,ext_bc55fbfb,0,39,58,17
39701,59367,1,60,130,50
39701,71518,1,60,130,50
39701,76313,1,60,130,51
39701,ext_024ce0b3,0,60,130,51
39701,ext_03499349,0,60,130,51
39701,ext_046c4acc,0,60,130,51
39701,ext_098a1e0a,0,60,130,51
39701,ext_0b032c64,0,60,130,51
39701,ext_11348eb8,0,60,130,50
39701,ext_11635388,0,60,130,51
39701,ext_15b2c3a5,0,60,130,51
39701,ext_188292d8,0,60,130,51
39701,ext_1948b2c9,0,122,130,9
39701,ext_199a5872,0,60,130,51
39701,ext_1a9cd6d8,0,60,130,51
39701,ext_1dd6db49,0,60,130,51
39701,ext_1e3060f6,0,80,130,33
39701,ext_20aac718,0,60,130,51
39701,ext_20cffa48,0,60,130,51
39701,ext_225d4a3b,0,60,130,51
39701,ext_22a2c923,0,60,130,51
39701,ext_22ed3ff4,0,60,130,51
39701,ext_23e3fbd2,0,60,130,50
39701,ext_25e8fa94,0,60,130,51
39701,ext_28974156,0,60,130,51
39701,ext_2cf6315b,0,60,130,51
39701,ext_2e0d59fa,0,60,130,51
39701,ext_2fc92766,0,60,130,51
39701,ext_30e5a704,0,60,130,51
39701,ext_31a8bcf0,0,60,130,50
39701,ext_34c688d6,0,60,130,50
39701,ext_36212572,0,118,130,13
39701,ext_365a745c,0,60,130,51
39701,ext_380ceedd,0,60,130,50
39701,ext_386b6d83,0,60,130,51
39701,ext_3a39030a,0,63,130,47
39701,ext_3af46a52,0,60,130,51
39701,ext_3b2b17b4,0,80,130,33
39701,ext_3c04c5a6,0,60,130,51
39701,ext_43b9b332,0,60,130,51
39701,ext_43eba0d2,0,60,130,51
39701,ext_45504265,0,60,130,51
39701,ext_45c37b30,0,60,130,51
39701,ext_46d205a8,0,60,130,51
39701,ext_472bd04d,0,60,130,51
39701,ext_47fa5f82,0,60,130,51
39701,ext_48be7442,0,60,130,51
39701,ext_4b410f13,0,60,130,51
39701,ext_4b706d29,0,60,130,51
39701,ext_4ced07f0,0,67,130,43
39701,ext_4d5f9e65,0,68,130,42
39701,ext_51a26f25,0,60,130,51
39701,ext_55b6c2fe,0,60,130,52
39701,ext_55e72c12,0,96,130,20
39701,ext_56566264,0,78,130,34
39701,ext_575a43d4,0,60,130,51
39701,ext_575ca8e8,0,60,130,51
39701,ext_593e9fa8,0,60,130,51
39701,ext_597fa8fb,0,60,130,51
39701,ext_59ce2a01,0,60,130,51
39701,ext_5be1b811,0,60,130,51
39701,ext_5ce5824c,0,60,130,51
39701,ext_5dcef857,0,60,130,51
39701,ext_6218289d,0,60,130,51
39701,ext_6335aca4,0,60,130,51
39701,ext_648fee12,0,60,130,51
39701,ext_65fa345c,0,60,130,51
39701,ext_6acc8c73,0,60,130,50
39701,ext_70420d5c,0,60,130,51
39701,ext_72397252,0,60,130,51
39701,ext_76525d89,0,60,130,51
39701,ext_779b4019,0,60,130,51
39701,ext_7824a9e4,0,60,130,51
39701,ext_7ba5db67,0,60,130,50
39701,ext_8272e4fc,0,118,130,13
39701,ext_8564ac6c,0,97,130,19
39701,ext_88e173f5,0,60,130,51
39701,ext_8b6997fe,0,60,130,51
39701,ext_8c6520a7,0,60,130,50
39701,ext_8d06dd7e,0,60,130,51
39701,ext_8db0039f,0,121,130,10
39701,ext_8deab805,0,60,130,51
39701,ext_8f2a67ee,0,60,130,50
39701,ext_90c401d3,0,122,130,9
39701,ext_90fc41fb,0,123,130,8
39701,ext_94d992eb,0,60,130,51
39701,ext_9661d60a,0,60,130,51
39701,ext_96eff895,0,98,130,18
39701,ext_96fffdf2,0,60,130,51
39701,ext_9714f286,0,80,130,33
39701,ext_99e6b419,0,60,130,50
39701,ext_9a21a9bc,0,118,130,13
39701,ext_9bbd40b0,0,60,130,51
39701,ext_9bd7ffcb,0,60,130,51
39701,ext_9f4a48ee,0,60,130,50
39701,ext_a1f5fd7a,0,60,130,51
39701,ext_ab8a3910,0,124,130,7
39701,ext_ad2e96b3,0,60,130,50
39701,ext_ad454f72,0,60,130,51
39701,ext_ae4d1bd4,0,98,130,18
39701,ext_ae6cd340,0,60,130,51
39701,ext_b0fba4c2,0,60,130,51
39701,ext_b2501160,0,60,130,50
39701,ext_b3e01bc7,0,60,130,51
39701,ext_b5d749d8,0,60,130,52
39701,ext_b7793153,0,118,130,13
39701,ext_b890bb2f,0,60,130,51
39701,ext_b8dd87fb,0,60,130,51
39701,ext_b9521919,0,60,130,50
39701,ext_be6051e5,0,60,130,51
39701,ext_c0c8b3d3,0,60,130,51
39701,ext_c0c8b78c,0,60,130,51
39701,ext_c1860131,0,60,130,51
39701,ext_c1fd91ec,0,60,130,50
39701,ext_c3352cdc,0,60,130,51
39701,ext_c38bca50,0,118,130,13
39701,ext_c5fdc8c4,0,60,130,51
39701,ext_c7ac9b8d,0,60,130,51
39701,ext_c84a4c11,0,60,130,51
39701,ext_cb67d0af,0,60,130,51
39701,ext_ceac0183,0,60,130,51
39701,ext_ced04dd2,0,60,130,51
39701,ext_d12b1a97,0,60,130,51
39701,ext_d379f250,0,60,130,51
39701,ext_d6aad66f,0,60,130,51
39701,ext_d6e86674,0,60,130,51
39701,ext_db798885,0,122,130,9
39701,ext_ddcae882,0,60,130,51
39701,ext_de04ffc0,0,126,130,5
39701,ext_deec85e1,0,60,130,51
39701,ext_dfd8ff69,0,60,130,51
39701,ext_e51c8d4c,0,60,130,51
39701,ext_e55f67c5,0,60,130,51
39701,ext_e98cc4f8,0,60,130,51
39701,ext_e9d6a0a9,0,60,130,51
39701,ext_ed7fa445,0,60,130,51
39701,ext_eee1ceab,0,60,130,50
39701,ext_f046a1e7,0,60,130,50
39701,ext_f06bd287,0,60,130,51
39701,ext_f0f8d83d,0,60,130,51
39701,ext_f2633fe6,0,60,130,51
39701,ext_f2cf74b1,0,60,130,51
39701,ext_f38dd1aa,0,123,130,8
39701,ext_f679337f,0,60,130,51
39701,ext_f77652ba,0,60,130,50
39701,ext_f7be32c6,0,60,130,51
39783,10841,1,59,135,62
39783,39783,1,59,135,60
39783,46654,1,90,135,33
39783,49597,1,59,135,62
39783,51597,1,76,135,42
39783,63188,1,83,135,35
39783,63757,1,59,135,58
39783,66245,1,131,135,3
39783,88133,1,59,107,41
39783,ext_008b08e3,0,84,135,34
39783,ext_01f21b19,0,59,135,61
39783,ext_03d09716,0,98,135,27
39783,ext_09e6d37e,0,59,135,59
39783,ext_0d9e5e6d,0,108,135,20
39783,ext_0f21fa19,0,120,135,10
39783,ext_10712d15,0,99,135,26
39783,ext_14893524,0,59,135,60
39783,ext_15827fbc,0,59,135,61
39783,ext_18950c1c,0,59,135,60
39783,ext_18be229f,0,98,135,27
39783,ext_1f66edc7,0,83,135,35
39783,ext_21a2441e,0,98,135,27
39783,ext_25bb5ac0,0,91,135,32
39783,ext_2921b04b,0,59,135,62
39783,ext_29383b9c,0,59,135,60
39783,ext_2b1e5e62,0,121,135,9
39783,ext_2e931cb3,0,59,135,62
39783,ext_31c32884,0,90,135,33
39783,ext_347c3f3e,0,91,135,32
39783,ext_3496ef55,0,131,135,3
39783,ext_34e5e533,0,59,135,60
39783,ext_3591e4a6,0,59,135,61
39783,ext_361a5d74,0,59,135,60
39783,ext_36b9bce9,0,59,135,60
39783,ext_37344c0b,0,59,135,60
39783,ext_380f1e4b,0,59,135,62
39783,ext_38b27014,0,76,135,42
39783,ext_398df39d,0,70,135,48
39783,ext_3b639231,0,78,135,40
39783,ext_3fe3673e,0,122,135,8
39783,ext_3ff53bb6,0,131,135,3
39783,ext_44be8984,0,59,70,12
39783,ext_44c8e431,0,70,135,51
39783,ext_45726ed7,0,59,135,60
39783,ext_45c37b30,0,62,135,56
39783,ext_45ed1af6,0,59,135,62
39783,ext_4aeb5fbd,0,98,135,27
39783,ext_4c3097fa,0,62,135,56
39783,ext_4f191d49,0,59,135,59
39783,ext_5109c997,0,135,135,1
39783,ext_5628083e,0,135,135,1
39783,ext_572e582a,0,59,104,38
39783,ext_58823c07,0,82,135,36
39783,ext_59ce2a01,0,59,135,62
39783,ext_5c16b3a0,0,121,135,9
39783,ext_601b2773,0,100,135,25
39783,ext_6024520f,0,59,135,59
39783,ext_6157c388,0,59,135,60
39783,ext_69bb2074,0,105,135,22
39783,ext_6e335709,0,82,135,36
39783,ext_6f4f9a62,0,90,135,33
39783,ext_73c3bf45,0,108,135,20
39783,ext_74efa033,0,59,135,60
39783,ext_7852f22c,0,98,135,27
39783,ext_78c1b6c4,0,91,135,32
39783,ext_7a1ac65f,0,71,135,47
39783,ext_7b6c31f0,0,71,135,47
39783,ext_7c474a75,0,59,135,60
39783,ext_7cac854b,0,59,135,59
39783,ext_7e3d74a2,0,70,135,48
39783,ext_80edfa4a,0,90,135,36
39783,ext_839c5fc9,0,91,135,32
39783,ext_8630506f,0,59,63,5
39783,ext_892a77d4,0,59,135,62
39783,ext_8ff94e21,0,91,135,32
39783,ext_9096e9f5,0,59,135,60
39783,ext_917782ef,0,98,135,27
39783,ext_917a2e02,0,83,135,35
39783,ext_92534099,0,128,135,4
39783,ext_95fa9251,0,59,135,59
39783,ext_96961cf6,0,98,135,27
39783,ext_9719b5d9,0,59,135,59
39783,ext_98805ad5,0,90,135,33
39783,ext_98a021fd,0,59,135,59
39783,ext_99759689,0,115,135,15
39783,ext_9c760e5c,0,59,135,60
39783,ext_9d5d3d83,0,59,135,60
39783,ext_9fe0e394,0,83,135,35
39783,ext_a021b208,0,71,135,47
39783,ext_a0aef3a3,0,59,61,3
39783,ext_a125b7d2,0,59,135,60
39783,ext_a27e6a87,0,59,135,60
39783,ext_a3e2d71e,0,118,135,12
39783,ext_a425e664,0,59,135,59
39783,ext_a4c3b010,0,59,135,59
39783,ext_a5ff5483,0,90,135,33
39783,ext_a72f065e,0,59,135,59
39783,ext_aad966ac,0,59,135,60
39783,ext_af4fc0a0,0,98,135,27
39783,ext_b0c5e396,0,84,135,34
39783,ext_b2bdc2f1,0,59,135,59
39783,ext_b3b5fdff,0,59,135,59
39783,ext_b9703b56,0,98,135,27
39783,ext_b99e2dd7,0,93,117,18
39783,ext_bae97181,0,59,135,60
39783,ext_bb0a0b6e,0,74,135,44
39783,ext_bfb728d1,0,90,135,33
39783,ext_c06f02a5,0,59,135,60
39783,ext_c26022e9,0,98,135,27
39783,ext_c4d46e74,0,59,135,60
39783,ext_c57a71a2,0,135,135,1
39783,ext_c5b48b6b,0,59,135,61
39783,ext_c5e8cf02,0,59,135,60
39783,ext_cc64e898,0,59,135,60
39783,ext_ccedefcf,0,59,84,26
39783,ext_d39df99d,0,59,135,59
39783,ext_d5f0059c,0,59,135,61
39783,ext_d735bd27,0,99,135,26
39783,ext_d80eb1a9,0,59,135,62
39783,ext_d81dba91,0,59,135,59
39783,ext_d9a6f87e,0,91,135,32
39783,ext_de6aefb1,0,98,135,27
39783,ext_df4a0af6,0,98,135,28
39783,ext_e025e140,0,116,135,14
39783,ext_e04a4efe,0,59,135,59
39783,ext_e31e01e9,0,83,135,35
39783,ext_e34f4fa3,0,59,135,59
39783,ext_e3a1104a,0,59,135,59
39783,ext_e3ff6c72,0,98,135,27
39783,ext_e5634800,0,91,135,32
39783,ext_e5c6c54d,0,59,135,60
39783,ext_e9c940e2,0,76,135,42
39783,ext_ea949be2,0,59,135,60
39783,ext_ec1364fb,0,91,135,32
39783,ext_ede3edf9,0,98,135,27
39783,ext_ef12b47f,0,59,135,59
39783,ext_f2c20550,0,121,135,9
39783,ext_f2d62e37,0,59,135,59
39783,ext_f3b97f2b,0,100,135,25
39783,ext_f4936296,0,98,135,27
39783,ext_f5011f1c,0,59,135,61
39783,ext_f6d48085,0,59,65,7
39783,ext_f78c9944,0,98,135,27
39783,ext_fbf3fc2f,0,98,135,27
39783,ext_fc4bc724,0,80,135,38
39783,ext_fef108d1,0,64,95,27
40629,25323,1,65,121,31
40629,66991,1,59,121,37
40629,ext_00ac68bd,0,59,121,37
40629,ext_00f1ff88,0,59,121,40
40629,ext_02ff7881,0,59,121,36
40629,ext_047668ea,0,59,121,41
40629,ext_04f29bad,0,59,121,40
40629,ext_0559b67a,0,59,121,37
40629,ext_06ad4558,0,118,121,2
40629,ext_0782971b,0,59,121,40
40629,ext_080a278b,0,59,121,40
40629,ext_083fd50c,0,108,121,11
40629,ext_08f015f7,0,59,121,40
40629,ext_09b8e929,0,43,56,7
40629,ext_09d0b5b0,0,59,121,40
40629,ext_09f0e976,0,69,121,28
40629,ext_0a202366,0,59,121,39
40629,ext_0b342762,0,59,121,37
40629,ext_0bdb82d4,0,59,121,40
40629,ext_0d71429c,0,106,121,13
40629,ext_0f8da83f,0,59,121,37
40629,ext_110066d3,0,59,121,37
40629,ext_129072b2,0,59,121,36
40629,ext_12e493a4,0,59,121,40
40629,ext_132961f2,0,59,121,42
40629,ext_17eb8d9f,0,59,121,40
40629,ext_1a9cd6d8,0,59,121,36
40629,ext_1bf1abcf,0,59,121,37
40629,ext_1c01ef48,0,59,121,40
40629,ext_1c25b1c3,0,59,121,37
40629,ext_1ce9c910,0,59,121,40
40629,ext_1eaa1998,0,59,121,42
40629,ext_1eaa655b,0,59,121,40
40629,ext_1ee9fc05,0,59,121,40
40629,ext_1fea7b4f,0,112,121,7
40629,ext_207d4228,0,59,121,39
40629,ext_20c9657c,0,59,121,41
40629,ext_2262e217,0,59,121,37
40629,ext_239ea630,0,59,121,40
40629,ext_26f15046,0,59,121,40
40629,ext_27c45010,0,59,121,40
40629,ext_28aa8b85,0,93,121,18
40629,ext_2a728f01,0,59,121,40
40629,ext_2d33a5c6,0,59,121,40
40629,ext_2da5a4bc,0,59,121,37
40629,ext_2ea6a365,0,59,121,42
40629,ext_2f7b82f2,0,63,121,32
40629,ext_2f81e591,0,59,121,40
40629,ext_2f909494,0,59,121,40
40629,ext_308ee7de,0,59,121,40
40629,ext_3102467e,0,59,121,40
40629,ext_310dc8c4,0,59,121,42
40629,ext_344b8bd7,0,59,121,36
40629,ext_34e2a1fa,0,59,121,40
40629,ext_365c03b9,0,59,121,40
40629,ext_3742efc9,0,59,121,34
40629,ext_37742833,0,59,121,40
40629,ext_379463a6,0,59,121,37
40629,ext_37beae07,0,59,121,41
40629,ext_38d7150e,0,59,121,39
40629,ext_3a4d40f8,0,59,121,34
40629,ext_3d13e539,0,59,121,40
40629,ext_3d291294,0,59,121,36
40629,ext_41042ef5,0,59,121,40
40629,ext_4501ac6c,0,59,121,41
40629,ext_45c37b30,0,59,121,40
40629,ext_46136a80,0,106,121,13
40629,ext_487fb6c6,0,59,121,40
40629,ext_49f96a85,0,108,121,11
40629,ext_4b426af3,0,59,121,42
40629,ext_4d60524d,0,59,121,34
40629,ext_4e21eaa9,0,112,121,7
40629,ext_4e7c9ce2,0,59,121,40
40629,ext_4f05a843,0,59,121,36
40629,ext_4fdeccb2,0,59,121,37
40629,ext_53fb3091,0,59,121,40
40629,ext_5440dac6,0,59,121,39
40629,ext_5705520c,0,59,121,37
40629,ext_5919078b,0,59,121,40
40629,ext_59cf8179,0,77,121,25
40629,ext_5a882ac6,0,59,121,36
40629,ext_5bb7a365,0,59,121,36
40629,ext_5d940d9d,0,59,121,40
40629,ext_5e168126,0,59,121,37
40629,ext_5e4d3892,0,59,121,40
40629,ext_5e98828a,0,59,121,36
40629,ext_5ff51818,0,59,121,37
40629,ext_6203668f,0,59,121,37
40629,ext_636a0a18,0,59,121,37
40629,ext_63a3be8e,0,59,121,40
40629,ext_648033e7,0,59,121,40
40629,ext_64a320a5,0,59,121,40
40629,ext_64a51089,0,59,121,36
40629,ext_66bf1094,0,59,121,42
40629,ext_673979e1,0,59,121,40
40629,ext_695dd9c1,0,59,121,41
40629,ext_69693827,0,59,121,41
40629,ext_696ec76b,0,59,121,40
40629,ext_6bb98184,0,59,121,37
40629,ext_6e6a6761,0,59,121,40
40629,ext_6e9a65e9,0,59,121,40
40629,ext_6f26838b,0,59,121,40
40629,ext_705feb70,0,59,121,40
40629,ext_7150dffd,0,59,121,37
40629,ext_7230bcaf,0,59,121,40
40629,ext_743a2307,0,59,121,40
40629,ext_74b9d885,0,59,121,40
40629,ext_761f03be,0,59,121,37
40629,ext_77596a55,0,74,121,27
40629,ext_78039aba,0,59,121,36
40629,ext_78e5cc6c,0,59,121,40
40629,ext_7bfc53d4,0,59,121,40
40629,ext_7c85fbe2,0,59,121,37
40629,ext_7ca93ea9,0,59,121,40
40629,ext_7d7acac5,0,59,121,40
40629,ext_7da9b5f7,0,59,121,42
40629,ext_7e0b27ba,0,63,121,32
40629,ext_7e1c9c39,0,59,121,40
40629,ext_7f4a9ac5,0,77,121,25
40629,ext_805d7cbc,0,59,121,36
40629,ext_81b08806,0,59,121,40
40629,ext_83b95a8f,0,59,121,40
40629,ext_84cd7213,0,59,121,34
40629,ext_852ae8e5,0,59,121,40
40629,ext_881c919f,0,115,121,5
40629,ext_8beb5845,0,59,121,40
40629,ext_8bec6c80,0,59,121,40
40629,ext_8c058d97,0,59,121,37
40629,ext_8c880835,0,86,121,20
40629,ext_8d9bc840,0,106,121,13
40629,ext_8dcfde2f,0,59,121,40
40629,ext_8deed702,0,115,121,5
40629,ext_8e021fd7,0,59,121,36
40629,ext_90aba01b,0,59,121,37
40629,ext_92c10c3b,0,59,121,40
40629,ext_95be2293,0,59,121,37
40629,ext_9657f218,0,59,121,42
40629,ext_97734818,0,59,121,42
40629,ext_985e7eb4,0,59,121,34
40629,ext_9af91854,0,59,121,37
40629,ext_9b3f112a,0,59,121,38
40629,ext_9b8ba307,0,59,121,37
40629,ext_9d15667d,0,59,121,37
40629,ext_9d5a6a66,0,59,121,39
40629,ext_9e276c91,0,108,121,11
40629,ext_a14e4bae,0,59,121,37
40629,ext_a1c1d2cb,0,59,121,40
40629,ext_a293e258,0,112,121,7
40629,ext_a4a00d11,0,59,121,40
40629,ext_a629ab05,0,59,121,42
40629,ext_a810b6a1,0,59,121,40
40629,ext_a9cfe361,0,59,121,37
40629,ext_aa3c11c1,0,59,121,40
40629,ext_ac2046f8,0,59,121,41
40629,ext_ac8c911f,0,59,121,42
40629,ext_ad0362bf,0,59,121,40
40629,ext_aeee159f,0,59,121,37
40629,ext_af127ba1,0,59,121,40
40629,ext_b14928eb,0,59,121,40
40629,ext_b28defab,0,93,121,18
40629,ext_b2ec0237,0,106,121,13
40629,ext_b37bb45e,0,59,121,40
40629,ext_b3bc837b,0,59,121,37
40629,ext_b53be35c,0,59,121,40
40629,ext_b72ec406,0,59,121,37
40629,ext_b73207ba,0,59,121,40
40629,ext_b7ff4072,0,121,121,1
40629,ext_b9208593,0,59,121,37
40629,ext_b9a2ba85,0,59,121,36
40629,ext_ba7ba63e,0,59,121,40
40629,ext_bb9fd399,0,59,121,34
40629,ext_bd15d91a,0,59,121,39
40629,ext_c252a52c,0,74,121,27
40629,ext_c2b46ae8,0,59,121,37
40629,ext_c4a81338,0,59,121,40
40629,ext_c4ea5251,0,59,121,39
40629,ext_c60155dc,0,85,121,21
40629,ext_c66042d0,0,59,121,37
40629,ext_c7ba2355,0,59,121,40
40629,ext_c973c205,0,59,121,40
40629,ext_ca18ccbd,0,106,121,13
40629,ext_cacb4c21,0,59,121,40
40629,ext_cbb049ef,0,63,121,32
40629,ext_cc96452f,0,85,121,21
40629,ext_ce3e28b0,0,59,121,40
40629,ext_ce8841a2,0,59,121,40
40629,ext_cf4e9284,0,59,121,40
40629,ext_cfcc30b9,0,59,121,34
40629,ext_d0767684,0,59,121,37
40629,ext_d1b67628,0,107,121,12
40629,ext_d2b478ea,0,59,121,37
40629,ext_d577473f,0,74,121,27
40629,ext_d7473be9,0,59,121,39
40629,ext_d76f07fd,0,93,121,18
40629,ext_d78e24dc,0,59,121,40
40629,ext_da781f89,0,59,121,34
40629,ext_daaaf684,0,121,121,1
40629,ext_db555cb4,0,59,118,39
40629,ext_ddd5ab11,0,59,121,40
40629,ext_de376aa3,0,59,121,34
40629,ext_df57f1cb,0,59,121,40
40629,ext_df883319,0,59,121,40
40629,ext_dfddf40e,0,59,121,40
40629,ext_e0eb8331,0,59,121,40
40629,ext_e14f415a,0,59,121,39
40629,ext_e318f08c,0,63,121,32
40629,ext_e39f9bda,0,59,121,40
40629,ext_e413cedf,0,59,121,37
40629,ext_e4678e5d,0,106,121,13
40629,ext_e4d9b15b,0,59,121,35
40629,ext_e6944cd3,0,59,121,40
40629,ext_e6a5c377,0,106,121,13
40629,ext_e6eb48b2,0,59,121,42
40629,ext_e780d8b8,0,59,121,40
40629,ext_e7931bf4,0,59,121,34
40629,ext_eaa33a25,0,59,121,40
40629,ext_ead023b4,0,109,121,10
40629,ext_eb125648,0,59,121,40
40629,ext_ec64a9b4,0,59,121,39
40629,ext_ef4ce856,0,59,121,40
40629,ext_f08dbf27,0,59,121,37
40629,ext_f151e723,0,59,121,40
40629,ext_f20e7b0c,0,59,121,37
40629,ext_f2be257a,0,93,121,18
40629,ext_f54214ac,0,115,121,5
40629,ext_f795e10e,0,59,121,40
40629,ext_f84e0fbd,0,116,121,4
40629,ext_f9d1fece,0,106,121,13
40629,ext_fa1f49a7,0,59,121,44
40629,ext_febc3fb9,0,59,121,40
40997,10841,1,59,108,16
40997,11360,1,59,73,13
40997,18420,1,59,108,16
40997,22931,1,59,108,16
40997,29914,1,59,108,16
40997,35227,1,59,108,16
40997,39783,1,59,108,16
40997,48429,1,59,108,16
40997,49597,1,59,108,16
40997,52635,1,59,108,16
40997,53275,1,59,108,16
40997,63757,1,59,108,16
40997,68494,1,59,108,16
40997,82282,1,59,108,16
40997,86352,1,59,108,16
40997,88133,1,59,108,16
40997,ext_00895bca,0,59,108,16
40997,ext_008b08e3,0,59,108,16
40997,ext_013bbfa6,0,59,108,16
40997,ext_0233e2b7,0,59,108,16
40997,ext_038d932f,0,59,108,16
40997,ext_044a2719,0,59,108,16
40997,ext_05bd0989,0,62,108,13
40997,ext_070ea01c,0,59,108,16
40997,ext_0a4fe8c5,0,59,108,16
40997,ext_0d489bd5,0,59,108,16
40997,ext_0dcf63bf,0,106,108,3
40997,ext_0f22c15d,0,59,108,16
40997,ext_1226aa0b,0,59,108,16
40997,ext_12db0e81,0,59,108,16
40997,ext_13fc9776,0,67,108,8
40997,ext_18bd1f84,0,59,108,16
40997,ext_1970a6fe,0,59,108,16
40997,ext_1abf3f2d,0,108,108,1
40997,ext_1bf8e15d,0,106,108,3
40997,ext_1c8900c1,0,59,108,16
40997,ext_1d483008,0,67,108,8
40997,ext_1e9f7c23,0,67,73,5
40997,ext_205802a5,0,106,108,3
40997,ext_208ee930,0,59,108,16
40997,ext_217501db,0,59,108,16
40997,ext_2220d2d3,0,70,108,6
40997,ext_23cac54b,0,59,108,16
40997,ext_2467d742,0,59,108,16
40997,ext_24f4c774,0,108,108,1
40997,ext_26860eb3,0,59,108,16
40997,ext_2689ec78,0,59,108,16
40997,ext_26f65e2b,0,59,108,16
40997,ext_26fb4085,0,59,108,16
40997,ext_2891c91a,0,106,108,3
40997,ext_29b7a57b,0,59,108,16
40997,ext_29f4b8f5,0,59,73,13
40997,ext_2aac20c6,0,106,108,3
40997,ext_2b915b20,0,59,108,16
40997,ext_2ccd205e,0,106,108,3
40997,ext_2ce0379f,0,108,108,1
40997,ext_2f0ff404,0,60,108,15
40997,ext_34a9427b,0,59,108,16
40997,ext_36a47576,0,59,108,16
40997,ext_36b9bce9,0,106,108,3
40997,ext_38e75c8b,0,59,107,15
40997,ext_39c9a1e0,0,63,108,12
40997,ext_3b639231,0,59,108,16
40997,ext_3c8aea78,0,59,108,16
40997,ext_3d2025e0,0,106,108,3
40997,ext_3df63d21,0,59,108,16
40997,ext_3f31d999,0,59,108,16
40997,ext_3f9bfbab,0,106,108,3
40997,ext_3ff53bb6,0,59,108,16
40997,ext_4326a0a3,0,59,108,16
40997,ext_44ef2ec5,0,72,108,5
40997,ext_45726ed7,0,59,108,16
40997,ext_45c37b30,0,59,108,16
40997,ext_45fc0348,0,59,108,16
40997,ext_488a1048,0,59,108,16
40997,ext_4af47849,0,106,108,3
40997,ext_4bfc0a4d,0,72,108,5
40997,ext_510c519f,0,60,108,15
40997,ext_54a94772,0,59,108,16
40997,ext_567a2964,0,64,108,11
40997,ext_573192bb,0,59,108,16
40997,ext_58215a60,0,59,107,15
40997,ext_59922619,0,59,108,16
40997,ext_5bd865ec,0,59,108,16
40997,ext_5c90392d,0,59,108,16
40997,ext_5d1e8d96,0,106,108,3
40997,ext_60d7af5d,0,68,70,2
40997,ext_6191f752,0,59,108,16
40997,ext_64511378,0,59,108,16
40997,ext_678a707c,0,59,108,16
40997,ext_68628d87,0,59,108,16
40997,ext_69179440,0,59,108,16
40997,ext_69d7fe17,0,59,108,16
40997,ext_6aa04729,0,59,108,16
40997,ext_6f04245d,0,68,108,5
40997,ext_6fc7efec,0,106,108,3
40997,ext_7042c32f,0,59,108,16
40997,ext_73baa50f,0,59,108,16
40997,ext_76d4272c,0,59,108,16
40997,ext_77f699cc,0,59,108,16
40997,ext_793bbdf0,0,107,108,2
40997,ext_7b472f47,0,106,108,3
40997,ext_7e124717,0,59,108,16
40997,ext_7e309abb,0,59,108,16
40997,ext_80089851,0,59,108,16
40997,ext_82d75c8a,0,68,73,4
40997,ext_84fc9a40,0,59,108,16
40997,ext_85259a53,0,59,108,16
40997,ext_85925bbc,0,59,108,16
40997,ext_873de068,0,59,108,16
40997,ext_87488b01,0,59,108,16
40997,ext_8a532381,0,59,108,16
40997,ext_8e363bb1,0,59,108,16
40997,ext_8eb538ac,0,106,108,3
40997,ext_9096e9f5,0,59,108,16
40997,ext_91cf7e8f,0,59,108,16
40997,ext_9216ca7d,0,59,108,16
40997,ext_9573cb93,0,59,108,16
40997,ext_9836c7bb,0,59,108,16
40997,ext_9bd7ffcb,0,59,108,16
40997,ext_9d891603,0,59,108,16
40997,ext_9fe0e394,0,59,108,16
40997,ext_a0de33b6,0,106,108,3
40997,ext_a1eaa879,0,59,108,16
40997,ext_a3ef67b9,0,59,108,16
40997,ext_a425e664,0,59,108,16
40997,ext_a7eeebe7,0,59,108,16
40997,ext_a83b6c1b,0,59,108,16
40997,ext_a9c7a062,0,37,84,31
40997,ext_aad966ac,0,59,108,16
40997,ext_ab102e80,0,59,108,16
40997,ext_ac8ec4dc,0,59,108,16
40997,ext_add239c3,0,59,108,16
40997,ext_b34d5e72,0,59,108,16
40997,ext_b50656d0,0,73,108,4
40997,ext_b599ade9,0,59,108,16
40997,ext_b9d32f47,0,59,73,11
40997,ext_bb4a65d2,0,108,108,1
40997,ext_bc602de6,0,59,108,16
40997,ext_bee0c926,0,59,108,16
40997,ext_c0ca414f,0,106,108,3
40997,ext_c1074e9f,0,59,108,16
40997,ext_c20964e6,0,59,108,16
40997,ext_c2d3e55b,0,59,108,16
40997,ext_c2ec227b,0,59,108,16
40997,ext_c2fd9ba7,0,59,108,16
40997,ext_c5760b13,0,59,108,16
40997,ext_c69de117,0,59,108,16
40997,ext_c9bc0224,0,63,108,8
40997,ext_c9fc4bd6,0,72,108,5
40997,ext_ca905683,0,59,108,16
40997,ext_cb3a9781,0,59,108,16
40997,ext_cbbcb107,0,59,108,16
40997,ext_cd0f9021,0,59,108,16
40997,ext_cdd3ad09,0,72,108,5
40997,ext_d226190d,0,59,108,16
40997,ext_d3bfcb46,0,59,108,16
40997,ext_d572a0b4,0,59,108,16
40997,ext_d74542f9,0,108,108,1
40997,ext_d74e4c79,0,106,108,3
40997,ext_d7778e5e,0,106,108,3
40997,ext_d7842dce,0,59,108,16
40997,ext_d7f51722,0,59,108,16
40997,ext_d9481ae8,0,59,108,16
40997,ext_d94b91e2,0,72,108,5
40997,ext_d952b141,0,59,108,16
40997,ext_d9bfcd86,0,59,108,16
40997,ext_da636db1,0,59,108,16
40997,ext_db06d7ce,0,59,108,16
40997,ext_db199027,0,65,108,10
40997,ext_dc4ab9e6,0,59,108,16
40997,ext_dce94e49,0,106,108,3
40997,ext_dced19ac,0,73,108,4
40997,ext_dd68136d,0,59,107,15
40997,ext_de55ce9d,0,59,108,16
40997,ext_dfefb6a2,0,59,108,11
40997,ext_e08f0206,0,59,108,16
40997,ext_e2d2c966,0,59,108,16
40997,ext_e4d45fd5,0,59,108,16
40997,ext_e5640a53,0,59,108,16
40997,ext_e5c584cc,0,59,108,16
40997,ext_e6768450,0,59,108,16
40997,ext_e6cd50b8,0,59,108,16
40997,ext_e7c58de4,0,59,108,16
40997,ext_ead81988,0,106,108,3
40997,ext_eb989c2e,0,59,73,13
40997,ext_ebc421d7,0,107,108,2
40997,ext_ec04d536,0,59,108,16
40997,ext_ec663f23,0,61,108,14
40997,ext_eea707b9,0,59,108,16
40997,ext_efd6b267,0,59,108,16
40997,ext_eff76ed2,0,59,108,16
40997,ext_f0044ed2,0,59,108,16
40997,ext_f5011f1c,0,59,108,16
40997,ext_f692853e,0,108,108,1
40997,ext_f78d13d7,0,59,108,16
40997,ext_f7c8862e,0,72,108,5
40997,ext_fe8f118d,0,59,108,16
40997,ext_fe987219,0,59,108,16
40997,ext_feaed0e3,0,59,108,16
40997,ext_ff9b3b2c,0,59,108,16
41393,17353,1,59,143,69
41393,66404,1,59,143,69
41393,ext_02b796cd,0,116,143,25
41393,ext_0453c8b2,0,59,143,69
41393,ext_052da661,0,59,143,69
41393,ext_09e6d37e,0,59,143,69
41393,ext_09fc9888,0,109,143,32
41393,ext_0bb40276,0,59,143,69
41393,ext_11090797,0,59,143,69
41393,ext_136ded01,0,59,143,69
41393,ext_184e69c1,0,95,121,27
41393,ext_194f9227,0,59,143,69
41393,ext_1bf80e83,0,115,143,26
41393,ext_1e74c525,0,59,143,69
41393,ext_20f4cc7e,0,59,143,69
41393,ext_2116b913,0,59,143,69
41393,ext_2264da95,0,80,143,61
41393,ext_24cf3e94,0,59,114,43
41393,ext_2689ec78,0,59,92,21
41393,ext_26fd526f,0,59,143,69
41393,ext_2ef20580,0,80,143,61
41393,ext_301d47c4,0,98,143,43
41393,ext_34c688d6,0,59,143,69
41393,ext_35d0449a,0,59,143,69
41393,ext_37b2211e,0,93,143,48
41393,ext_37e09bcd,0,59,143,69
41393,ext_38deb464,0,59,143,69
41393,ext_3a3fc499,0,110,143,31
41393,ext_3a5e692f,0,59,143,69
41393,ext_3bc38b46,0,93,143,48
41393,ext_3c022bf4,0,59,143,69
41393,ext_43ef4d81,0,59,143,69
41393,ext_44267f26,0,100,143,41
41393,ext_46664123,0,59,143,69
41393,ext_499a7efe,0,59,143,69
41393,ext_4a6afb69,0,138,143,4
41393,ext_4e54a507,0,59,143,69
41393,ext_50319a6c,0,59,143,69
41393,ext_5ace5deb,0,59,143,69
41393,ext_5c90392d,0,90,143,51
41393,ext_5e919f78,0,59,92,21
41393,ext_5fdd3e5a,0,59,143,69
41393,ext_62da6ac7,0,105,143,36
41393,ext_6351a10d,0,59,143,69
41393,ext_6400bc05,0,59,143,69
41393,ext_667a1d2d,0,68,143,62
41393,ext_66b52eaa,0,59,143,69
41393,ext_6830582b,0,64,143,66
41393,ext_68b926a0,0,106,143,35
41393,ext_6b78f88e,0,59,143,69
41393,ext_6bd29375,0,59,143,69
41393,ext_6e4727b1,0,59,143,69
41393,ext_6fc27dc2,0,104,143,37
41393,ext_7150dffd,0,59,143,69
41393,ext_71c5bcf8,0,59,143,69
41393,ext_72533f42,0,59,143,69
41393,ext_76491816,0,59,143,69
41393,ext_7bfcf748,0,64,143,66
41393,ext_7c50914a,0,115,143,26
41393,ext_7da4489f,0,59,92,21
41393,ext_809d2209,0,59,143,69
41393,ext_8195d185,0,107,143,34
41393,ext_82bf2e1c,0,103,143,38
41393,ext_8360dd1d,0,64,143,66
41393,ext_8547bdf1,0,114,143,27
41393,ext_85c19721,0,59,143,69
41393,ext_88b3037d,0,59,143,69
41393,ext_89b7a086,0,89,143,52
41393,ext_8a516aec,0,59,143,42
41393,ext_8bb34a09,0,59,143,69
41393,ext_8e363bb1,0,90,143,51
41393,ext_8e75db66,0,59,143,69
41393,ext_94124553,0,64,108,34
41393,ext_966e8ae1,0,131,143,10
41393,ext_96a87fd6,0,93,103,11
41393,ext_991325d3,0,59,143,69
41393,ext_a0119f6a,0,59,143,51
41393,ext_a037652e,0,59,143,69
41393,ext_a10e47d2,0,59,143,69
41393,ext_a67bbd9e,0,106,143,35
41393,ext_a9cfe361,0,59,143,69
41393,ext_ad1cde2a,0,59,143,69
41393,ext_b0d38909,0,59,143,69
41393,ext_b44b250d,0,90,143,51
41393,ext_b56ddb84,0,59,143,69
41393,ext_b6a5aacc,0,59,143,69
41393,ext_bdc3baa5,0,59,143,69
41393,ext_c175087e,0,59,143,69
41393,ext_c1b197a0,0,59,143,69
41393,ext_c4bb656c,0,64,143,66
41393,ext_c524e3f2,0,109,143,32
41393,ext_cc61d425,0,59,143,69
41393,ext_d0560f12,0,59,143,69
41393,ext_d76063d8,0,59,143,69
41393,ext_de859aea,0,59,143,69
41393,ext_df9259f7,0,59,143,69
41393,ext_e27c5d60,0,90,143,51
41393,ext_e56420bb,0,59,143,69
41393,ext_e6170b5c,0,59,143,69
41393,ext_eb4f6a47,0,59,143,69
41393,ext_eba2dea4,0,80,143,61
41393,ext_ed6c2eb5,0,59,143,69
41393,ext_ed8e4d32,0,66,143,64
41393,ext_ef4f6b63,0,59,143,69
41393,ext_f08dbf27,0,59,143,69
41393,ext_f16ed1c2,0,127,143,14
41393,ext_f5a3d611,0,59,143,69
41393,ext_fada11c6,0,59,143,69
41393,ext_fb73fa7b,0,95,143,46
41393,ext_fd803676,0,64,92,18
44167,17041,1,59,85,11
44167,19844,1,59,85,11
44167,24853,1,59,85,11
44167,31583,1,59,85,10
44167,38893,1,59,85,11
44167,38901,1,59,85,10
44167,39253,1,59,85,11
44167,44167,1,59,85,11
44167,78638,1,59,85,10
44167,88175,1,59,85,11
44167,ext_000fb774,0,59,85,10
44167,ext_009d1eb6,0,59,60,2
44167,ext_018c529a,0,59,85,11
44167,ext_02725986,0,59,85,10
44167,ext_02b93790,0,77,85,4
44167,ext_035b06cf,0,79,85,3
44167,ext_036afa73,0,59,85,11
44167,ext_036cf3a0,0,59,85,10
44167,ext_041aba3d,0,59,85,11
44167,ext_04e1f902,0,59,85,11
44167,ext_04f13864,0,59,85,10
44167,ext_0634c140,0,59,85,10
44167,ext_06f07d29,0,59,85,10
44167,ext_07de20bb,0,59,85,11
44167,ext_080def4b,0,59,85,11
44167,ext_0819e2e2,0,59,85,10
44167,ext_08ab50cf,0,77,85,4
44167,ext_0a3c83ee,0,60,85,9
44167,ext_0af1ed37,0,59,85,11
44167,ext_0bcc6a4b,0,77,85,4
44167,ext_0bd90b4e,0,59,85,10
44167,ext_0c1cabd7,0,59,85,10
44167,ext_0c50dda8,0,59,85,11
44167,ext_0c84bc88,0,59,85,11
44167,ext_0e33c72a,0,59,85,10
44167,ext_0e7c02e3,0,80,85,2
44167,ext_0e918607,0,59,85,11
44167,ext_0f6441af,0,59,85,10
44167,ext_0fcc0c65,0,70,85,5
44167,ext_1099763f,0,77,85,4
44167,ext_110bbb7a,0,59,85,10
44167,ext_1152a900,0,59,85,11
44167,ext_13691e15,0,59,85,11
44167,ext_1397d193,0,60,85,9
44167,ext_1412818d,0,59,85,11
44167,ext_148f6e11,0,59,85,10
44167,ext_1490e3c6,0,59,85,10
44167,ext_14db01cf,0,59,85,11
44167,ext_14eb5220,0,77,85,4
44167,ext_1554fbe5,0,59,85,11
44167,ext_15ef899c,0,59,85,11
44167,ext_165dbcab,0,59,85,10
44167,ext_169e976a,0,59,85,10
44167,ext_16bcef74,0,70,85,5
44167,ext_17856882,0,59,85,11
44167,ext_1947888c,0,59,85,11
44167,ext_19e33a36,0,77,85,4
44167,ext_1aa70b75,0,59,85,11
44167,ext_1f52fef2,0,59,85,10
44167,ext_1f8f7017,0,59,85,11
44167,ext_20780937,0,59,85,11
44167,ext_248d455d,0,59,85,11
44167,ext_24aaecdb,0,59,85,11
44167,ext_253b822b,0,79,85,3
44167,ext_25619ead,0,59,85,10
44167,ext_264c3794,0,59,85,11
44167,ext_264c700c,0,59,85,11
44167,ext_265aea48,0,59,85,9
44167,ext_29acdbbe,0,59,85,11
44167,ext_29ec2132,0,59,85,11
44167,ext_2ab821d1,0,59,85,11
44167,ext_2b856c2f,0,59,85,10
44167,ext_2bfabdb2,0,59,85,11
44167,ext_2c55afa0,0,59,85,10
44167,ext_2c7ca887,0,70,85,5
44167,ext_2cbe0fed,0,59,85,11
44167,ext_2d169df8,0,59,85,11
44167,ext_2da5d716,0,59,85,11
44167,ext_2efe015c,0,59,85,11
44167,ext_2fc92766,0,59,85,11
44167,ext_308d10bd,0,59,85,10
44167,ext_30e17ee0,0,80,85,2
44167,ext_339ad0b5,0,59,85,10
44167,ext_340abb4e,0,59,85,11
44167,ext_341dc566,0,59,85,10
44167,ext_3426d4c4,0,59,85,11
44167,ext_36579c71,0,59,85,10
44167,ext_37beae07,0,59,85,10
44167,ext_37cce1b7,0,59,85,11
44167,ext_3813c7f4,0,59,85,11
44167,ext_38670045,0,70,85,5
44167,ext_3c34e2ba,0,59,85,11
44167,ext_3c727016,0,59,85,11
44167,ext_3ce55943,0,59,85,10
44167,ext_3da1a9a4,0,59,85,11
44167,ext_3e6601d1,0,59,85,10
44167,ext_3ea3809f,0,64,85,8
44167,ext_3f527288,0,59,85,11
44167,ext_413722b3,0,59,85,10
44167,ext_41d044c5,0,59,85,11
44167,ext_41e7f424,0,64,85,8
44167,ext_43bfe8bd,0,80,85,2
44167,ext_43dda7a5,0,59,85,11
44167,ext_44bdfd78,0,59,85,11
44167,ext_44e5c5b9,0,59,85,11
44167,ext_45c37b30,0,59,85,11
44167,ext_46605252,0,59,85,10
44167,ext_46b0799b,0,59,85,12
44167,ext_47b2f71b,0,59,85,11
44167,ext_495e43bf,0,59,85,11
44167,ext_49f96a85,0,59,85,10
44167,ext_4aaa3407,0,68,85,6
44167,ext_4aca0dce,0,59,85,10
44167,ext_4acf601a,0,60,85,9
44167,ext_4aeb950f,0,59,85,10
44167,ext_4bdcc1ec,0,59,85,11
44167,ext_4c58e87c,0,59,85,10
44167,ext_4e4f1212,0,59,85,11
44167,ext_4ea961ec,0,79,85,3
44167,ext_4ed45714,0,59,85,11
44167,ext_5171c13b,0,59,85,10
44167,ext_5175dc28,0,59,85,11
44167,ext_527132d9,0,59,85,11
44167,ext_536688ed,0,68,85,6
44167,ext_536e74ae,0,59,85,11
44167,ext_543aea38,0,59,85,11
44167,ext_55247e99,0,77,85,4
44167,ext_55320b90,0,59,85,11
44167,ext_555e3270,0,77,85,4
44167,ext_561511ee,0,59,85,10
44167,ext_569ad615,0,79,85,3
44167,ext_5777bc50,0,59,85,11
44167,ext_57f9f4f3,0,68,85,6
44167,ext_580a2ed5,0,77,85,4
44167,ext_59af9edd,0,59,85,11
44167,ext_59c0fbc4,0,59,85,11
44167,ext_5a087df3,0,59,85,11
44167,ext_5ab6f9fb,0,59,85,11
44167,ext_5e82685b,0,59,85,11
44167,ext_60012e46,0,59,85,11
44167,ext_6157c388,0,59,85,11
44167,ext_624198e8,0,59,85,11
44167,ext_6281c5c8,0,59,85,11
44167,ext_631be196,0,59,85,10
44167,ext_636c6ccc,0,59,85,11
44167,ext_63c2fb20,0,59,85,10
44167,ext_63cbf46f,0,80,85,2
44167,ext_668eb4ee,0,68,85,6
44167,ext_66fcd870,0,59,85,10
44167,ext_674288e6,0,77,85,4
44167,ext_67ff2ffb,0,59,85,10
44167,ext_68918a6a,0,59,85,10
44167,ext_698bec5e,0,59,85,11
44167,ext_69a959e8,0,59,85,11
44167,ext_69aaa44a,0,77,85,4
44167,ext_6a7c96d6,0,59,85,10
44167,ext_6ade04b2,0,59,85,11
44167,ext_6b8632df,0,59,85,10
44167,ext_6c55f6fc,0,60,85,9
44167,ext_6c7e8795,0,59,85,10
44167,ext_6da699d7,0,59,85,11
44167,ext_6eaa6acd,0,59,60,2
44167,ext_6feeff21,0,59,85,10
44167,ext_731398e6,0,68,85,6
44167,ext_73f55d69,0,59,85,11
44167,ext_745b4fcd,0,59,85,11
44167,ext_753f15bd,0,59,85,10
44167,ext_754208df,0,59,85,11
44167,ext_75eaa057,0,59,85,10
44167,ext_762776eb,0,68,85,6
44167,ext_776bc061,0,59,85,11
44167,ext_77a99ae2,0,59,85,11
44167,ext_77f25eba,0,59,85,10
44167,ext_7849714e,0,59,85,10
44167,ext_7852c2be,0,59,85,10
44167,ext_78882298,0,59,85,10
44167,ext_7962ea67,0,77,85,4
44167,ext_79f9599e,0,59,85,10
44167,ext_7a93d73f,0,68,85,6
44167,ext_7b1ee14f,0,68,85,6
44167,ext_7c2e2d4f,0,59,85,10
44167,ext_7ca93ea9,0,59,85,11
44167,ext_7cc750c5,0,59,85,11
44167,ext_7d41b4f6,0,64,85,8
44167,ext_7d82a658,0,59,85,11
44167,ext_7f2e9596,0,59,85,11
44167,ext_7f3aa68f,0,59,85,10
44167,ext_7f4a9ac5,0,59,85,11
44167,ext_7fc49096,0,59,85,10
44167,ext_803e484c,0,59,85,11
44167,ext_80757f66,0,59,85,11
44167,ext_808ab609,0,59,85,11
44167,ext_80a9c105,0,77,85,4
44167,ext_80d7046a,0,59,85,11
44167,ext_811dc37b,0,59,85,11
44167,ext_82ee0cad,0,59,85,10
44167,ext_844e6373,0,59,85,11
44167,ext_84acd95b,0,59,85,11
44167,ext_84c7d68f,0,77,85,4
44167,ext_84cd024a,0,59,85,10
44167,ext_86ea476e,0,59,85,11
44167,ext_873fed69,0,59,85,11
44167,ext_88754be6,0,59,85,10
44167,ext_89bba362,0,59,85,10
44167,ext_8a3d192d,0,59,85,10
44167,ext_8aa8cb56,0,59,85,11
44167,ext_8aebf59b,0,64,85,8
44167,ext_8b0ca978,0,59,85,11
44167,ext_8b4fdebc,0,59,85,10
44167,ext_8be8dba4,0,59,85,11
44167,ext_8beb5845,0,59,85,10
44167,ext_8c0c7ed7,0,59,85,10
44167,ext_8cb49e2e,0,59,85,10
44167,ext_8d1b27c4,0,59,85,10
44167,ext_8dfcfaa9,0,77,85,4
44167,ext_8e655b58,0,59,85,11
44167,ext_90bd561d,0,59,85,11
44167,ext_90c401d3,0,59,85,11
44167,ext_91081c86,0,59,85,11
44167,ext_912daff2,0,59,85,10
44167,ext_916068b3,0,59,85,11
44167,ext_92d2d814,0,79,85,3
44167,ext_93c8524d,0,59,85,11
44167,ext_946d65d4,0,59,85,11
44167,ext_94b1e31d,0,59,85,11
44167,ext_9528e58e,0,59,85,10
44167,ext_98f4e644,0,59,85,11
44167,ext_99e64135,0,59,85,11
44167,ext_9b7f6d87,0,59,85,9
44167,ext_9bedf054,0,59,85,11
44167,ext_9d5a6a66,0,59,85,11
44167,ext_9df1bd04,0,59,85,11
44167,ext_9e644c86,0,59,85,11
44167,ext_9e72969e,0,59,85,11
44167,ext_9f2909cf,0,59,85,11
44167,ext_9f2f8e34,0,59,85,11
44167,ext_9f468b9c,0,59,85,10
44167,ext_9f6c0297,0,59,85,10
44167,ext_9f861f39,0,59,85,10
44167,ext_9fb74a20,0,64,85,7
44167,ext_a0aed827,0,59,85,10
44167,ext_a178a2f2,0,59,85,10
44167,ext_a378fa59,0,59,85,11
44167,ext_a516f01f,0,59,64,3
44167,ext_a6ae4022,0,79,85,3
44167,ext_a6b8472f,0,77,85,4
44167,ext_a743305e,0,59,85,11
44167,ext_a8144d97,0,59,85,11
44167,ext_a8268126,0,59,85,11
44167,ext_a8534647,0,59,85,11
44167,ext_a8e0281d,0,59,85,10
44167,ext_a96baf37,0,59,85,11
44167,ext_ad1ad8cb,0,59,85,10
44167,ext_ae90839e,0,59,85,11
44167,ext_aeaca28e,0,59,85,10
44167,ext_aec2c682,0,59,85,10
44167,ext_af246a7a,0,77,85,4
44167,ext_afff9035,0,59,85,11
44167,ext_b0afd190,0,59,85,10
44167,ext_b138175e,0,59,85,11
44167,ext_b2bd93cc,0,59,85,11
44167,ext_b2d13b1b,0,59,85,11
44167,ext_b3baf557,0,59,85,11
44167,ext_b3e414c6,0,59,85,11
44167,ext_b41cc043,0,59,85,11
44167,ext_b45bfad3,0,59,85,11
44167,ext_b51cfed2,0,59,85,11
44167,ext_b820cb36,0,77,85,4
44167,ext_b8d11f59,0,59,85,11
44167,ext_b9171b0f,0,59,85,11
44167,ext_b986fef9,0,59,85,10
44167,ext_b9b1dbf5,0,59,60,2
44167,ext_b9bdf718,0,59,85,10
44167,ext_b9f14714,0,70,85,5
44167,ext_bb023af1,0,80,85,2
44167,ext_bc66f261,0,59,85,10
44167,ext_bd1e5a4c,0,77,77,1
44167,ext_bd63c82b,0,77,85,4
44167,ext_bd7e8b92,0,77,85,4
44167,ext_bf70ffd3,0,59,85,11
44167,ext_c00a8de5,0,77,85,4
44167,ext_c0b14fef,0,59,85,10
44167,ext_c0bab4dc,0,59,85,10
44167,ext_c0f9036f,0,59,85,11
44167,ext_c12ffd46,0,59,85,11
44167,ext_c2b46ae8,0,59,85,10
44167,ext_c31ea34c,0,59,85,11
44167,ext_c3aadeab,0,59,85,10
44167,ext_c3ed5e9a,0,59,85,10
44167,ext_c5a9fea6,0,59,85,10
44167,ext_c89a042d,0,59,85,10
44167,ext_c9049732,0,59,85,11
44167,ext_c918b955,0,64,85,7
44167,ext_c9dd5b6e,0,59,85,11
44167,ext_ca07132b,0,59,85,10
44167,ext_ca108877,0,59,85,11
44167,ext_ca52596f,0,59,85,11
44167,ext_cb3274f0,0,59,85,11
44167,ext_cb5cdd7b,0,59,70,6
44167,ext_cc523645,0,59,85,11
44167,ext_cc523d91,0,59,60,2
44167,ext_cf71bcf6,0,60,85,9
44167,ext_d11dd4e5,0,59,85,11
44167,ext_d357a212,0,59,85,11
44167,ext_d46e62aa,0,59,85,11
44167,ext_d4f6a108,0,59,85,11
44167,ext_d5e68ffb,0,59,85,11
44167,ext_d5f7867a,0,60,85,9
44167,ext_d8021216,0,59,85,11
44167,ext_d9790550,0,59,85,10
44167,ext_d98fd95b,0,59,85,10
44167,ext_db34e902,0,59,85,10
44167,ext_dce78587,0,59,85,10
44167,ext_dd250b59,0,68,85,6
44167,ext_de14892e,0,59,85,10
44167,ext_df2192a0,0,59,60,2
44167,ext_df50fa27,0,68,85,6
44167,ext_df9683cb,0,64,85,7
44167,ext_dfb63974,0,59,85,11
44167,ext_dfb76ce2,0,59,85,10
44167,ext_e08ddec7,0,77,85,4
44167,ext_e098b043,0,59,85,10
44167,ext_e149773a,0,68,85,6
44167,ext_e2d11ba1,0,59,85,11
44167,ext_e3051837,0,59,85,11
44167,ext_e51e4639,0,59,85,11
44167,ext_e6a5c377,0,59,85,10
44167,ext_e72967b4,0,77,85,4
44167,ext_e94ed135,0,59,85,10
44167,ext_ebdc5704,0,59,85,11
44167,ext_ecbe205c,0,59,85,11
44167,ext_ed5a3ab7,0,60,85,9
44167,ext_eda9f0e6,0,64,85,8
44167,ext_eea6a9b1,0,59,85,11
44167,ext_ef451011,0,59,85,11
44167,ext_ef543918,0,77,85,4
44167,ext_efa134f8,0,59,85,11
44167,ext_f0056d25,0,59,85,11
44167,ext_f0ddea71,0,59,85,10
44167,ext_f13ef7a9,0,59,85,11
44167,ext_f2a42a92,0,59,85,11
44167,ext_f2c20550,0,59,85,11
44167,ext_f46879fd,0,59,85,10
44167,ext_f4d28a1d,0,59,85,11
44167,ext_f56a7d3f,0,59,85,11
44167,ext_f5e75780,0,59,85,11
44167,ext_f7eef122,0,77,85,4
44167,ext_f8541fb0,0,59,85,10
44167,ext_fc2f9806,0,59,85,11
44167,ext_ff2b4a69,0,77,85,4
44167,ext_ff7320cd,0,64,85,8
44167,ext_ffe8a904,0,59,85,11
44520,11360,1,59,124,44
44520,17353,1,59,124,43
44520,18344,1,59,124,43
44520,26999,1,59,124,43
44520,46584,1,59,124,43
44520,84841,1,113,124,8
44520,ext_0303242e,0,113,124,8
44520,ext_043fc564,0,67,124,35
44520,ext_04e1f07c,0,109,124,9
44520,ext_073f4d11,0,59,63,5
44520,ext_0a39eeea,0,64,124,38
44520,ext_0b420877,0,59,124,43
44520,ext_0fda7ba9,0,59,114,37
44520,ext_0fe7bb97,0,64,114,32
44520,ext_17c661ab,0,59,124,44
44520,ext_18bd1f84,0,119,124,6
44520,ext_18be7b81,0,59,124,44
44520,ext_193a208f,0,59,109,35
44520,ext_194f072b,0,59,124,43
44520,ext_19bebf8e,0,99,124,14
44520,ext_1ae73ba1,0,59,124,44
44520,ext_1be7f4f3,0,59,124,44
44520,ext_1bf80e83,0,60,67,8
44520,ext_1cc59126,0,59,124,44
44520,ext_2663268f,0,59,124,43
44520,ext_2689ec78,0,59,124,43
44520,ext_2921371a,0,67,124,35
44520,ext_2b58b5dc,0,59,124,44
44520,ext_2fa20ddb,0,75,124,31
44520,ext_2fa8bf96,0,59,124,44
44520,ext_3413761a,0,90,124,16
44520,ext_355e25a3,0,74,124,32
44520,ext_35c5ff78,0,121,124,4
44520,ext_39dbf691,0,59,124,44
44520,ext_3a6b47c8,0,59,105,34
44520,ext_436a8667,0,59,124,43
44520,ext_44ef2ec5,0,59,124,44
44520,ext_4603a809,0,113,124,8
44520,ext_488004ab,0,59,109,36
44520,ext_4ac6b1dc,0,59,114,37
44520,ext_4f191d49,0,59,124,44
44520,ext_5081b8e3,0,75,114,25
44520,ext_510c519f,0,59,114,37
44520,ext_58950837,0,59,124,44
44520,ext_59922619,0,59,124,43
44520,ext_5a74ee09,0,59,124,43
44520,ext_5b19fd44,0,59,124,44
44520,ext_5c1b8f5b,0,59,114,37
44520,ext_5cbbf842,0,59,114,37
44520,ext_612ddef3,0,59,124,43
44520,ext_63dc20c2,0,59,114,37
44520,ext_647588d1,0,59,105,34
44520,ext_6834af59,0,59,76,14
44520,ext_68cf373f,0,122,124,3
44520,ext_6c05bc6b,0,86,124,20
44520,ext_6d7e08c0,0,59,124,44
44520,ext_70664d93,0,75,124,31
44520,ext_72b5937d,0,89,90,2
44520,ext_772d1477,0,59,124,44
44520,ext_77f699cc,0,59,114,37
44520,ext_786c08ca,0,89,124,17
44520,ext_7bd4282f,0,59,124,43
44520,ext_7cfe3add,0,63,124,39
44520,ext_7ef6a8f5,0,97,124,15
44520,ext_82992253,0,97,114,9
44520,ext_84a5fc5f,0,59,124,43
44520,ext_8648c766,0,59,124,43
44520,ext_8651e2ae,0,84,124,23
44520,ext_867b7132,0,109,124,9
44520,ext_89177369,0,59,124,44
44520,ext_89642949,0,59,83,21
44520,ext_8affa4cf,0,90,124,16
44520,ext_8d1b27c4,0,59,124,44
44520,ext_8f3ef7d2,0,59,109,35
44520,ext_93f6f3d8,0,59,124,43
44520,ext_99759689,0,60,80,17
44520,ext_99c8a3fe,0,109,124,9
44520,ext_9b6076fa,0,59,124,43
44520,ext_9c9f9fb7,0,59,124,43
44520,ext_9e92564b,0,77,124,29
44520,ext_9ebda160,0,59,124,43
44520,ext_9fcd76e0,0,97,124,15
44520,ext_a14881cc,0,59,86,24
44520,ext_a177ec1b,0,59,124,43
44520,ext_a1d5cf39,0,59,124,44
44520,ext_a39fc5a7,0,85,124,21
44520,ext_a5094335,0,109,124,9
44520,ext_a5d3bc86,0,59,124,44
44520,ext_a801fa40,0,59,124,43
44520,ext_aa90332b,0,59,114,37
44520,ext_aabd5326,0,119,124,6
44520,ext_afa1f8be,0,59,124,44
44520,ext_b18d4606,0,59,114,37
44520,ext_b31cd493,0,113,124,8
44520,ext_b43af372,0,59,105,34
44520,ext_b550e315,0,59,124,44
44520,ext_b67785ff,0,59,124,43
44520,ext_b785c93b,0,59,114,37
44520,ext_bacfaf4c,0,59,105,34
44520,ext_bd1e5a4c,0,59,114,37
44520,ext_bee0c926,0,59,124,43
44520,ext_c26c4cb2,0,59,114,37
44520,ext_c2d3e55b,0,59,124,43
44520,ext_c3b6ae7f,0,59,86,24
44520,ext_ca83edbb,0,59,124,43
44520,ext_cac86971,0,114,124,7
44520,ext_cb639f1d,0,109,124,9
44520,ext_d1bd5fa9,0,59,76,14
44520,ext_d6ab8e90,0,59,109,35
44520,ext_d829a7ee,0,77,121,26
44520,ext_dabac1fd,0,79,124,27
44520,ext_dadd152b,0,65,105,28
44520,ext_dd8247a7,0,59,124,44
44520,ext_ddb202d9,0,68,86,15
44520,ext_e4128b05,0,59,114,37
44520,ext_e55deeeb,0,59,124,43
44520,ext_e7b271e0,0,109,124,9
44520,ext_e9d737b5,0,87,124,20
44520,ext_ed3f951c,0,63,124,39
44520,ext_f08dbf27,0,114,124,7
44520,ext_f3bc385b,0,59,124,43
44520,ext_fc914bcc,0,59,124,43
44520,ext_feaed0e3,0,59,124,43
44947,24760,1,82,89,6
44947,ext_01520fd6,0,60,89,19
44947,ext_02900714,0,60,89,18
44947,ext_03a2eb21,0,60,89,19
44947,ext_04f36b94,0,60,89,19
44947,ext_0787a806,0,69,89,12
44947,ext_0e6e54dd,0,60,89,19
44947,ext_0f5772b2,0,60,89,18
44947,ext_0fa593b8,0,60,89,19
44947,ext_11348eb8,0,60,89,18
44947,ext_11b53166,0,77,89,8
44947,ext_12f046f0,0,64,74,7
44947,ext_13d526ff,0,60,89,18
44947,ext_145cf952,0,60,89,19
44947,ext_14db01cf,0,77,89,8
44947,ext_1545b14d,0,60,89,19
44947,ext_1d6c488d,0,60,89,19
44947,ext_1d80a9d0,0,60,89,19
44947,ext_207d4228,0,60,89,18
44947,ext_21ac40d4,0,85,89,4
44947,ext_235c52c3,0,60,89,19
44947,ext_239d5e56,0,60,89,18
44947,ext_24febfab,0,60,89,19
44947,ext_284523ee,0,60,89,19
44947,ext_2949ef8a,0,60,89,19
44947,ext_2a622427,0,89,89,1
44947,ext_2c335a46,0,60,89,19
44947,ext_2d952d20,0,60,89,19
44947,ext_317ad27a,0,60,89,18
44947,ext_3588bffe,0,60,89,18
44947,ext_367c4e3a,0,60,89,18
44947,ext_37138dd4,0,60,89,18
44947,ext_3780f284,0,60,74,10
44947,ext_3a8850e7,0,60,89,19
44947,ext_408e4665,0,69,89,12
44947,ext_41929a53,0,60,89,18
44947,ext_45c37b30,0,60,89,18
44947,ext_49681402,0,60,89,19
44947,ext_4b2331ff,0,60,89,18
44947,ext_4b2a1ac5,0,60,89,18
44947,ext_4bf342c4,0,60,89,19
44947,ext_4f029d59,0,60,89,19
44947,ext_50833dfd,0,60,89,19
44947,ext_51d64d90,0,60,89,19
44947,ext_5311a4fa,0,85,89,4
44947,ext_57ea0a55,0,60,89,19
44947,ext_58908fd9,0,60,89,19
44947,ext_59a5e58c,0,69,89,12
44947,ext_5a0b03b8,0,60,89,19
44947,ext_60734707,0,60,89,18
44947,ext_60c9880e,0,60,89,19
44947,ext_6203668f,0,60,89,18
44947,ext_637d6983,0,60,89,19
44947,ext_6484b420,0,60,89,19
44947,ext_648a2593,0,60,89,18
44947,ext_66de711d,0,60,89,18
44947,ext_68fcbd7f,0,60,89,19
44947,ext_691de7c7,0,60,89,18
44947,ext_6acc8c73,0,60,89,18
44947,ext_6f2a3750,0,60,89,18
44947,ext_715f86a0,0,60,89,18
44947,ext_71e3f11d,0,60,89,19
44947,ext_72ce4fc8,0,60,89,18
44947,ext_753dc489,0,60,89,18
44947,ext_76e5626c,0,60,89,19
44947,ext_799e1544,0,60,89,19
44947,ext_7e9bde81,0,60,89,19
44947,ext_8739cf01,0,60,89,18
44947,ext_89a66110,0,60,89,18
44947,ext_8a11ba62,0,60,89,19
44947,ext_8eeb2142,0,67,89,13
44947,ext_90ad167f,0,81,89,7
44947,ext_90bb6c26,0,60,89,18
44947,ext_90c41e36,0,60,89,19
44947,ext_91fbecf4,0,60,89,19
44947,ext_921be7e2,0,85,89,4
44947,ext_93387a08,0,60,89,19
44947,ext_94121a97,0,60,89,18
44947,ext_953e3bca,0,60,89,19
44947,ext_95bb06e2,0,60,89,19
44947,ext_9662e544,0,60,89,19
44947,ext_98618ea9,0,60,89,19
44947,ext_9877c254,0,60,74,10
44947,ext_9c8ef2e0,0,60,89,19
44947,ext_9cbbbf2a,0,60,89,18
44947,ext_9ce2085c,0,60,89,18
44947,ext_9d4468a5,0,77,89,8
44947,ext_9de9edb0,0,60,89,18
44947,ext_a15bd97e,0,60,89,18
44947,ext_a2450a58,0,60,89,19
44947,ext_a7278085,0,60,89,18
44947,ext_aa7cd65c,0,60,89,19
44947,ext_ab184f6c,0,60,89,19
44947,ext_ad681200,0,60,89,18
44947,ext_ae8eb6ce,0,60,89,18
44947,ext_b1740960,0,60,89,19
44947,ext_b28c3c4f,0,60,89,19
44947,ext_b43fd360,0,60,89,19
44947,ext_b53f974a,0,60,89,19
44947,ext_b92e92c5,0,60,89,18
44947,ext_ba2d5ed7,0,60,89,18
44947,ext_ba5d210f,0,60,89,19
44947,ext_bff2a095,0,60,89,19
44947,ext_c14dcc91,0,60,89,18
44947,ext_c3e08012,0,60,89,19
44947,ext_c47dd4b3,0,60,89,19
44947,ext_c8da1cea,0,60,89,18
44947,ext_cbd083ce,0,60,89,19
44947,ext_cd0237a7,0,60,89,19
44947,ext_ce3e28b0,0,60,89,18
44947,ext_d0a1a61c,0,69,89,12
44947,ext_d0a3082b,0,60,89,19
44947,ext_d51e2c37,0,60,89,19
44947,ext_d9025556,0,60,89,18
44947,ext_d9a97f48,0,60,89,18
44947,ext_de9d82c6,0,77,89,8
44947,ext_e233b4ed,0,60,89,19
44947,ext_e32f1344,0,60,89,18
44947,ext_e4495f18,0,69,89,12
44947,ext_e4c3f5c6,0,60,89,18
44947,ext_e64d85de,0,60,89,19
44947,ext_e67415c2,0,60,89,18
44947,ext_e783665c,0,60,89,18
44947,ext_ea848a2a,0,60,89,19
44947,ext_ecc8f080,0,60,89,19
44947,ext_ecf9c322,0,81,89,7
44947,ext_ed760e70,0,60,89,19
44947,ext_f154129c,0,60,89,19
44947,ext_f2e82289,0,60,89,19
44947,ext_f44595ad,0,60,89,19
44947,ext_f54214ac,0,77,89,8
44947,ext_f575fcf5,0,60,89,18
44947,ext_f70f4eb7,0,60,89,19
44947,ext_faa6cd47,0,77,89,8
44947,ext_fb5b53b4,0,60,89,18
44947,ext_ff16f1ae,0,69,89,12
44956,ext_04d6b0ed,0,90,105,16
44956,ext_058e1095,0,90,105,16
44956,ext_0e13d271,0,92,104,9
44956,ext_1c1f0065,0,90,105,16
44956,ext_20780937,0,90,105,16
44956,ext_25b8cf82,0,90,105,16
44956,ext_285c0944,0,102,105,4
44956,ext_28ea4e7f,0,78,105,17
44956,ext_29b7a57b,0,74,105,21
44956,ext_2bf6ba9e,0,90,105,16
44956,ext_34ef1c3f,0,92,104,9
44956,ext_3e4c962d,0,74,105,21
44956,ext_447d23c2,0,91,105,13
44956,ext_45c37b30,0,90,105,16
44956,ext_4b2d2b1f,0,98,98,1
44956,ext_58689479,0,90,105,16
44956,ext_587c1ece,0,90,105,16
44956,ext_59c53840,0,91,105,15
44956,ext_5a0c644b,0,37,47,9
44956,ext_5abb14b8,0,74,105,21
44956,ext_6150ab3d,0,96,104,6
44956,ext_625f3092,0,74,105,21
44956,ext_627d67c6,0,90,105,16
44956,ext_632450ca,0,91,105,12
44956,ext_6d2fedd1,0,91,105,13
44956,ext_6da699d7,0,90,105,16
44956,ext_7778b424,0,91,105,13
44956,ext_870d0ff3,0,90,105,16
44956,ext_8902a4c0,0,78,105,17
44956,ext_89c12342,0,91,105,11
44956,ext_8df6d112,0,97,104,5
44956,ext_93aca0b0,0,74,105,21
44956,ext_99322a32,0,78,105,17
44956,ext_9c82a0a9,0,96,104,7
44956,ext_9e3dfedc,0,90,105,16
44956,ext_af4b2d8b,0,90,105,16
44956,ext_b0710543,0,90,105,16
44956,ext_b10a76e8,0,78,105,17
44956,ext_b1788c2d,0,90,105,16
44956,ext_b39da438,0,90,105,16
44956,ext_b4ade349,0,90,105,16
44956,ext_c1fb0593,0,90,105,16
44956,ext_c21d76e3,0,90,105,16
44956,ext_cbf373e4,0,92,105,10
44956,ext_d00a1836,0,90,105,16
44956,ext_d415adf2,0,90,105,16
44956,ext_d876fafb,0,90,105,16
44956,ext_da8e85c8,0,91,105,11
44956,ext_dc1e9490,0,90,105,16
44956,ext_e2ffb94d,0,92,104,9
44956,ext_ee5f2be0,0,74,105,21
44956,ext_ef327ea2,0,91,105,13
44956,ext_f8ffdd74,0,91,105,13
44956,ext_fdf306db,0,91,105,13
45000,ext_43a10e26,0,50,81,16
45000,ext_fe166f63,0,50,81,16
45292,19844,1,61,68,7
45292,45292,1,61,68,7
45292,48429,1,61,68,7
45292,55464,1,61,68,7
45292,58909,1,61,68,7
45292,ext_0226551a,0,60,68,8
45292,ext_0304a145,0,63,68,5
45292,ext_0326de3d,0,61,68,7
45292,ext_048bb7b5,0,61,68,7
45292,ext_0538db63,0,59,68,9
45292,ext_0703b7e4,0,59,68,9
45292,ext_088404cd,0,61,68,7
45292,ext_095e14bd,0,61,68,7
45292,ext_097db6d5,0,59,68,9
45292,ext_0b282e2a,0,60,68,8
45292,ext_0bdb4862,0,61,68,6
45292,ext_0be42f4c,0,60,68,8
45292,ext_0cf6ffd2,0,61,68,7
45292,ext_0d11778f,0,61,68,7
45292,ext_0da36e77,0,60,68,8
45292,ext_0dd0f7f5,0,60,68,8
45292,ext_0eb32ed8,0,59,68,9
45292,ext_0f5a8b29,0,60,68,8
45292,ext_106257ae,0,60,68,8
45292,ext_107876ad,0,61,68,7
45292,ext_10fbc7a0,0,61,68,7
45292,ext_12501465,0,61,68,7
45292,ext_128ba1db,0,59,68,9
45292,ext_155ca89f,0,60,68,8
45292,ext_15e8bdce,0,60,68,8
45292,ext_168e0fe5,0,61,68,7
45292,ext_16aae5e0,0,60,68,8
45292,ext_17615faa,0,61,68,7
45292,ext_17cf21af,0,60,68,8
45292,ext_18b35dbe,0,61,68,7
45292,ext_18c5448c,0,61,68,7
45292,ext_190f8d38,0,60,68,8
45292,ext_1aba6f37,0,60,68,8
45292,ext_1ae527e8,0,60,68,8
45292,ext_1ccb1641,0,59,68,9
45292,ext_1cee2bd5,0,61,68,7
45292,ext_1db2d460,0,60,68,8
45292,ext_1eb94381,0,60,68,8
45292,ext_1ecd3f46,0,61,68,7
45292,ext_1f3e5a2e,0,60,68,8
45292,ext_1f4b1453,0,60,68,8
45292,ext_1fdc814a,0,62,68,6
45292,ext_1fddcc31,0,60,68,8
45292,ext_20056aa1,0,61,68,6
45292,ext_20298ee4,0,61,68,6
45292,ext_20624733,0,61,68,7
45292,ext_21f79d22,0,61,68,7
45292,ext_22cb125a,0,60,68,8
45292,ext_22dd4961,0,60,68,8
45292,ext_24aaecdb,0,63,68,5
45292,ext_25a28b64,0,61,68,7
45292,ext_260f02f6,0,61,68,7
45292,ext_2736e8c1,0,60,68,8
45292,ext_2739870f,0,63,68,5
45292,ext_27ccd7fc,0,61,68,7
45292,ext_28c7ce43,0,63,68,5
45292,ext_2976f052,0,61,68,7
45292,ext_29c43be0,0,60,68,8
45292,ext_2a416bb1,0,60,68,8
45292,ext_2adaa16b,0,61,68,7
45292,ext_2d29a005,0,60,68,8
45292,ext_2d42bbe4,0,60,68,8
45292,ext_2f1d56af,0,61,68,7
45292,ext_2f587f04,0,61,68,7
45292,ext_2f9101b5,0,59,68,9
45292,ext_30c99d63,0,60,68,8
45292,ext_3177addc,0,63,68,5
45292,ext_34eb6f99,0,61,68,7
45292,ext_3585789d,0,61,68,7
45292,ext_36030ea2,0,61,68,7
45292,ext_36201010,0,63,68,5
45292,ext_36320b4f,0,64,68,4
45292,ext_36690fef,0,60,68,8
45292,ext_366d26c0,0,59,68,9
45292,ext_367d344a,0,61,68,7
45292,ext_369fb0d6,0,60,68,8
45292,ext_36a48772,0,60,68,8
45292,ext_36baf406,0,61,68,6
45292,ext_3734e6f4,0,60,68,8
45292,ext_3813c7f4,0,63,68,5
45292,ext_382906c9,0,60,68,8
45292,ext_38920e2b,0,59,68,9
45292,ext_3af2e3c0,0,60,68,8
45292,ext_3b16d4a8,0,63,68,5
45292,ext_3ba76472,0,61,68,7
45292,ext_3d55ae5c,0,61,68,7
45292,ext_3e2bd525,0,61,68,7
45292,ext_3f527288,0,63,68,5
45292,ext_3f90524f,0,61,68,7
45292,ext_3f99eb3b,0,61,68,7
45292,ext_3fdceae1,0,60,68,8
45292,ext_40c486ed,0,60,68,8
45292,ext_40ff64bd,0,60,68,8
45292,ext_4121dc07,0,63,68,5
45292,ext_416ef834,0,61,68,6
45292,ext_417ad29c,0,61,68,7
45292,ext_4199ff2f,0,60,68,8
45292,ext_41bb7697,0,59,68,9
45292,ext_4280fcae,0,59,68,9
45292,ext_42b9a941,0,59,68,9
45292,ext_442e1406,0,61,68,7
45292,ext_44715080,0,63,68,5
45292,ext_45c37b30,0,61,68,7
45292,ext_45cb1912,0,60,68,8
45292,ext_461bdb9b,0,63,68,5
45292,ext_46b7ae2a,0,61,68,7
45292,ext_4752a030,0,63,68,5
45292,ext_483e0c7c,0,60,68,8
45292,ext_485561f1,0,61,68,7
45292,ext_4881a94c,0,60,68,8
45292,ext_49724acd,0,60,68,8
45292,ext_49a6cf97,0,60,68,8
45292,ext_4a8210b9,0,59,68,9
45292,ext_4b7e4278,0,60,68,8
45292,ext_4ba5109b,0,61,68,7
45292,ext_4bb3c36f,0,60,68,8
45292,ext_4bba6f65,0,60,68,8
45292,ext_4be66f14,0,61,68,7
45292,ext_4c71735a,0,61,68,7
45292,ext_4c7acb49,0,60,68,8
45292,ext_4cbe5086,0,61,68,7
45292,ext_4e032c69,0,60,68,8
45292,ext_4e3714f1,0,60,68,8
45292,ext_4e77dea6,0,59,68,9
45292,ext_4f264d09,0,60,68,8
45292,ext_4f525f38,0,60,68,8
45292,ext_503eb93e,0,63,68,5
45292,ext_50a6d5f9,0,60,68,8
45292,ext_5171c13b,0,60,68,8
45292,ext_5194e49b,0,61,68,7
45292,ext_521a79a0,0,61,68,7
45292,ext_522a8049,0,60,68,8
45292,ext_52d1602b,0,60,68,8
45292,ext_52ebe917,0,63,68,5
45292,ext_54468fb6,0,61,68,7
45292,ext_54bec43f,0,60,68,8
45292,ext_5552d9c7,0,61,68,7
45292,ext_55afbc01,0,63,68,5
45292,ext_56af3bdc,0,61,68,7
45292,ext_5732d5f7,0,59,68,9
45292,ext_5839b6e9,0,59,68,9
45292,ext_584f6535,0,59,68,9
45292,ext_587f8c13,0,60,68,8
45292,ext_58dc28c5,0,60,68,8
45292,ext_59263755,0,61,68,7
45292,ext_5942f1bd,0,60,68,8
45292,ext_595197ac,0,63,68,5
45292,ext_5962f853,0,59,68,9
45292,ext_59883c82,0,63,68,5
45292,ext_5a087df3,0,61,68,7
45292,ext_5ab3f3f8,0,60,68,8
45292,ext_5c53eedb,0,59,68,9
45292,ext_5da9a0af,0,59,68,9
45292,ext_5de8f657,0,63,68,5
45292,ext_5e4ee773,0,60,68,8
45292,ext_5e62d96c,0,60,68,8
45292,ext_5ebf855c,0,61,68,7
45292,ext_6013e92f,0,60,68,8
45292,ext_6250ba08,0,63,68,5
45292,ext_6281c5c8,0,61,68,7
45292,ext_636c6ccc,0,61,68,7
45292,ext_63f8c18c,0,59,68,9
45292,ext_64280b99,0,60,68,8
45292,ext_6453aac4,0,60,68,8
45292,ext_64e1b938,0,60,68,8
45292,ext_65052b03,0,61,68,6
45292,ext_651e9b0c,0,61,68,7
45292,ext_656cb8d0,0,63,68,5
45292,ext_66699735,0,61,68,7
45292,ext_66724ccc,0,61,68,6
45292,ext_68a3879a,0,63,68,5
45292,ext_6a63e17d,0,63,68,5
45292,ext_6a6e250f,0,61,68,7
45292,ext_6ade04b2,0,61,68,7
45292,ext_6b3730a7,0,66,68,3
45292,ext_6b3fa40b,0,59,68,9
45292,ext_6b677a37,0,61,68,7
45292,ext_6be147a0,0,60,68,8
45292,ext_6c3bffa0,0,61,68,7
45292,ext_6c980c0f,0,61,68,7
45292,ext_6d612074,0,60,68,8
45292,ext_6f102275,0,59,68,9
45292,ext_7170796f,0,60,68,8
45292,ext_72109aa2,0,61,68,7
45292,ext_72aa6539,0,61,68,7
45292,ext_7434fcbf,0,60,68,8
45292,ext_74ee1c18,0,60,68,8
45292,ext_75523920,0,60,68,8
45292,ext_75912c54,0,61,68,7
45292,ext_774a0bd2,0,60,68,8
45292,ext_7830814a,0,60,68,8
45292,ext_78f8635f,0,59,68,9
45292,ext_79ec9c0b,0,60,68,8
45292,ext_7a006906,0,61,68,7
45292,ext_7ab9bf50,0,60,68,8
45292,ext_7b6137af,0,60,68,8
45292,ext_7bf979f3,0,61,68,7
45292,ext_7d0bc262,0,60,68,8
45292,ext_7ee79488,0,60,68,8
45292,ext_7f60993d,0,61,68,7
45292,ext_7fe7eb13,0,60,68,8
45292,ext_8173d4aa,0,60,68,8
45292,ext_827ab4cd,0,61,68,7
45292,ext_8433e910,0,61,68,7
45292,ext_856745c1,0,61,68,7
45292,ext_87324134,0,63,68,5
45292,ext_889aeed8,0,60,68,8
45292,ext_88fb6366,0,60,68,8
45292,ext_89887ea9,0,61,68,7
45292,ext_89c75ad5,0,61,68,7
45292,ext_8ae04d8c,0,63,68,5
45292,ext_8b48cd04,0,61,68,7
45292,ext_8b5fed03,0,61,68,6
45292,ext_8b7ac4a0,0,61,68,7
45292,ext_8bb9dd40,0,60,68,8
45292,ext_8c6e511a,0,60,68,8
45292,ext_8d0afc2a,0,60,68,8
45292,ext_8d1a4bc9,0,63,68,5
45292,ext_8d2c15f1,0,61,68,7
45292,ext_8d350358,0,59,68,9
45292,ext_8e62aa39,0,60,68,8
45292,ext_8f0e494e,0,59,68,9
45292,ext_8f9a6b01,0,60,68,8
45292,ext_8ff50d7c,0,61,68,7
45292,ext_906853e8,0,61,68,7
45292,ext_9154fdda,0,66,68,3
45292,ext_91c0402f,0,61,68,7
45292,ext_922f1447,0,63,68,5
45292,ext_926f26f9,0,60,68,8
45292,ext_94121a97,0,61,68,7
45292,ext_9421807d,0,59,68,9
45292,ext_94a2d4e5,0,61,68,7
45292,ext_94b66785,0,60,68,8
45292,ext_954d661d,0,60,68,8
45292,ext_9683b7b5,0,61,68,7
45292,ext_970618d7,0,61,68,7
45292,ext_97df73aa,0,59,68,9
45292,ext_98c77df9,0,63,68,5
45292,ext_99f0cdba,0,61,68,6
45292,ext_9b7f6d87,0,60,68,8
45292,ext_9c8fe2fc,0,63,68,5
45292,ext_9d15667d,0,63,68,5
45292,ext_9de9b242,0,60,68,8
45292,ext_9e249636,0,60,68,8
45292,ext_9e6efd36,0,60,68,8
45292,ext_9ec45659,0,60,68,8
45292,ext_9f3d7580,0,60,68,8
45292,ext_9f5e51b3,0,61,68,7
45292,ext_a02b87b2,0,63,68,5
45292,ext_a03f72bd,0,61,68,7
45292,ext_a103e0a1,0,61,68,7
45292,ext_a382a27c,0,61,68,7
45292,ext_a5e08e6a,0,59,68,9
45292,ext_a6ab97a2,0,64,68,4
45292,ext_a6b03b41,0,60,68,8
45292,ext_a75a4690,0,60,68,8
45292,ext_a815454d,0,59,68,9
45292,ext_aa64298c,0,61,68,6
45292,ext_aab17384,0,61,68,7
45292,ext_ac006b3d,0,61,68,7
45292,ext_ac1631ef,0,59,68,9
45292,ext_ace594f6,0,60,68,8
45292,ext_ae82fee0,0,63,68,5
45292,ext_aec8b05d,0,61,68,7
45292,ext_af1b532e,0,60,68,8
45292,ext_b0c399a2,0,60,68,8
45292,ext_b1e6a7c3,0,61,68,7
45292,ext_b30a2794,0,60,68,8
45292,ext_b3e2a37b,0,59,68,9
45292,ext_b3f76dcf,0,61,68,7
45292,ext_b3fb013e,0,59,68,9
45292,ext_b43e5f93,0,61,68,7
45292,ext_b48852e1,0,61,68,6
45292,ext_b4ab836b,0,61,68,7
45292,ext_b4c01fd6,0,61,68,7
45292,ext_b5452d62,0,61,68,7
45292,ext_b58efbb3,0,60,68,8
45292,ext_b684f1e5,0,60,68,8
45292,ext_b7baccae,0,59,68,9
45292,ext_b82114fb,0,60,68,8
45292,ext_b868afdc,0,60,68,8
45292,ext_b99c8524,0,59,68,9
45292,ext_bb5dc099,0,59,68,9
45292,ext_bbc2cc01,0,61,68,7
45292,ext_bbf0ebc2,0,60,68,8
45292,ext_bc7921b8,0,61,68,7
45292,ext_bd2dd1a0,0,61,68,7
45292,ext_bd3d7749,0,63,68,5
45292,ext_bdda83e0,0,60,68,8
45292,ext_be405282,0,61,68,7
45292,ext_bf375f3a,0,60,68,8
45292,ext_bfb86b99,0,61,68,7
45292,ext_c1c974d3,0,63,68,5
45292,ext_c1d86eef,0,61,68,7
45292,ext_c3b6ef0c,0,61,68,7
45292,ext_c3e4338f,0,60,68,8
45292,ext_c4424b1d,0,60,68,8
45292,ext_c45f5276,0,61,68,7
45292,ext_c47bd24b,0,60,68,8
45292,ext_c4c764ce,0,61,68,7
45292,ext_c4f4ab21,0,60,68,8
45292,ext_c4f4c4d1,0,61,68,7
45292,ext_c5193e53,0,60,68,8
45292,ext_c6ae1b90,0,60,68,8
45292,ext_c6b920d8,0,60,68,8
45292,ext_c7550b88,0,61,68,7
45292,ext_c759e56e,0,63,68,5
45292,ext_c7afa7df,0,60,68,8
45292,ext_c89a042d,0,63,68,5
45292,ext_c909795e,0,60,68,8
45292,ext_c92cf3e7,0,60,68,8
45292,ext_ca3a089d,0,61,68,7
45292,ext_caae2599,0,61,68,7
45292,ext_cc0d2424,0,61,68,7
45292,ext_cc3e035a,0,60,68,8
45292,ext_cd8a6d8f,0,60,68,8
45292,ext_cefddb03,0,60,68,8
45292,ext_cf41d634,0,61,68,7
45292,ext_cfdec3c2,0,61,68,7
45292,ext_d05ac83e,0,59,68,9
45292,ext_d1aad675,0,60,68,8
45292,ext_d2d65c81,0,61,68,7
45292,ext_d38dd7dc,0,60,68,8
45292,ext_d3e88e94,0,61,68,7
45292,ext_d3eb118c,0,61,68,7
45292,ext_d46d6b59,0,60,68,8
45292,ext_d51363b5,0,60,62,3
45292,ext_d5ed5c0e,0,59,68,9
45292,ext_d6648d74,0,61,68,7
45292,ext_d6a09c53,0,60,68,8
45292,ext_d6bb927d,0,61,68,7
45292,ext_d72ffb87,0,63,68,5
45292,ext_d79600ac,0,61,68,7
45292,ext_d8021216,0,61,68,7
45292,ext_d840a6f0,0,61,68,7
45292,ext_d8691d7b,0,60,68,8
45292,ext_d87251f3,0,60,68,8
45292,ext_d93d70bd,0,60,68,8
45292,ext_d9b1e577,0,59,68,9
45292,ext_dab723cf,0,60,68,8
45292,ext_dae075c7,0,61,68,7
45292,ext_daf66426,0,59,68,9
45292,ext_db2411cb,0,60,68,8
45292,ext_db34e902,0,68,68,1
45292,ext_db8a8152,0,63,68,5
45292,ext_dbb72dcc,0,63,68,5
45292,ext_dbefd677,0,60,68,8
45292,ext_dd2a6139,0,61,68,7
45292,ext_de2d7461,0,59,68,8
45292,ext_dee3d821,0,60,68,8
45292,ext_df6178b1,0,60,68,8
45292,ext_dfc0078c,0,59,68,9
45292,ext_dfc4f9c6,0,59,68,9
45292,ext_e0f19400,0,59,68,9
45292,ext_e2d619d7,0,60,68,8
45292,ext_e2da3a92,0,60,68,8
45292,ext_e354e5d7,0,61,68,7
45292,ext_e45192c6,0,60,68,8
45292,ext_e51e4639,0,61,68,7
45292,ext_e70118f3,0,59,68,9
45292,ext_e905ea88,0,63,68,5
45292,ext_e9bff24f,0,60,68,8
45292,ext_ea365320,0,64,68,4
45292,ext_eaefe775,0,60,68,8
45292,ext_eb2fc2bd,0,68,68,1
45292,ext_ebf80748,0,60,68,8
45292,ext_ece2af17,0,60,68,8
45292,ext_ed460c59,0,60,68,8
45292,ext_ede5218f,0,63,68,5
45292,ext_ee2032a7,0,60,68,8
45292,ext_ee4996eb,0,60,68,8
45292,ext_ee6db257,0,61,68,7
45292,ext_ef418e37,0,59,68,9
45292,ext_ef995620,0,59,68,9
45292,ext_f102c51f,0,63,68,5
45292,ext_f14c7e63,0,60,68,8
45292,ext_f1959499,0,61,68,7
45292,ext_f20e7b0c,0,61,68,7
45292,ext_f2aa1aff,0,63,68,5
45292,ext_f2b210bf,0,61,68,7
45292,ext_f35b8a33,0,60,68,8
45292,ext_f4ebf2a5,0,59,68,9
45292,ext_f712d347,0,60,68,8
45292,ext_f74ce978,0,60,68,8
45292,ext_f8da5d33,0,60,68,8
45292,ext_fa2106fd,0,61,68,7
45292,ext_fac998ed,0,59,68,9
45292,ext_fb99c295,0,61,68,7
45292,ext_fbb896e7,0,61,68,7
45292,ext_fc100f01,0,60,68,8
45292,ext_fd8ece1e,0,60,68,8
45292,ext_fdab00be,0,59,68,9
45292,ext_fdba1796,0,60,68,8
45292,ext_fdd665f3,0,61,68,7
45292,ext_fdf02ed1,0,60,68,8
45292,ext_fefc3fb2,0,61,68,6
45292,ext_ff190856,0,61,68,7
45292,ext_ff562f46,0,60,68,8
45292,ext_ff86a4dc,0,61,68,7
45539,13799,1,62,186,47
45539,25544,1,62,186,99
45539,86727,1,62,186,99
45539,ext_01f21b19,0,141,186,37
45539,ext_07405b98,0,62,186,99
45539,ext_07be710d,0,62,186,99
45539,ext_0e17482a,0,138,186,40
45539,ext_0e2cd1cf,0,172,186,11
45539,ext_11bec28d,0,62,186,99
45539,ext_12d71f64,0,163,186,18
45539,ext_13423027,0,110,186,64
45539,ext_142a0cec,0,139,186,39
45539,ext_1567042a,0,62,186,99
45539,ext_188268d1,0,62,186,99
45539,ext_1970a6fe,0,62,186,99
45539,ext_19efe14c,0,110,186,64
45539,ext_1ae65e8e,0,62,186,99
45539,ext_244a3a4c,0,68,186,93
45539,ext_26e1b16a,0,62,186,99
45539,ext_2764d4ce,0,136,186,42
45539,ext_2793be81,0,139,186,39
45539,ext_286f8b91,0,185,186,2
45539,ext_2c19109b,0,62,186,99
45539,ext_2cc6762e,0,62,186,99
45539,ext_2e69b074,0,110,186,64
45539,ext_30ef4357,0,62,186,99
45539,ext_31ec2cbb,0,110,186,64
45539,ext_386b23a6,0,68,143,59
45539,ext_3e088c66,0,165,186,16
45539,ext_3eb1957b,0,169,186,13
45539,ext_448f9c36,0,62,186,99
45539,ext_44ef2ec5,0,62,186,99
45539,ext_4796d7d2,0,140,186,38
45539,ext_49440310,0,141,186,37
45539,ext_4c4174f9,0,172,186,11
45539,ext_4c7884f8,0,163,186,18
45539,ext_4cc65ccd,0,62,186,99
45539,ext_51191355,0,132,186,45
45539,ext_5321673e,0,135,186,43
45539,ext_55cba927,0,138,186,40
45539,ext_56d38ede,0,110,186,64
45539,ext_582a097f,0,62,186,99
45539,ext_5bb9df8b,0,163,186,18
45539,ext_5c0f89ae,0,62,186,99
45539,ext_5dcef857,0,62,186,99
45539,ext_5dded41b,0,138,186,40
45539,ext_5fd93c4f,0,62,186,99
45539,ext_6077b8c9,0,158,186,22
45539,ext_62c9c584,0,110,186,64
45539,ext_7164a7dd,0,62,143,65
45539,ext_717b4a83,0,110,186,64
45539,ext_720df6e6,0,62,186,99
45539,ext_72febfc2,0,148,186,30
45539,ext_758517a5,0,62,186,99
45539,ext_76bbc4cd,0,62,186,99
45539,ext_76c6c633,0,138,186,40
45539,ext_77bf89dd,0,78,186,86
45539,ext_7eaa148e,0,110,186,64
45539,ext_7fa102e1,0,129,186,47
45539,ext_80b6a6f2,0,167,186,15
45539,ext_84c45935,0,62,143,65
45539,ext_852c569c,0,62,186,99
45539,ext_85c883e2,0,164,186,17
45539,ext_85f92926,0,110,186,64
45539,ext_85f94f99,0,62,186,99
45539,ext_87e87f69,0,62,186,99
45539,ext_9320bc63,0,132,186,45
45539,ext_968355c4,0,62,186,99
45539,ext_97c0ef41,0,141,186,37
45539,ext_981817da,0,62,186,99
45539,ext_9c463f02,0,62,186,99
45539,ext_a036c0fb,0,169,186,13
45539,ext_a1d6a66c,0,110,186,64
45539,ext_a3bc4ef4,0,138,186,40
45539,ext_a3ef67b9,0,62,186,99
45539,ext_a5e4e84f,0,110,186,64
45539,ext_a759ed93,0,62,186,99
45539,ext_acb9b229,0,134,186,44
45539,ext_ae9cfef3,0,62,186,99
45539,ext_aea03a8c,0,169,186,13
45539,ext_b1aa9127,0,62,186,99
45539,ext_b5527efa,0,110,186,64
45539,ext_b5860bc3,0,135,186,43
45539,ext_b59b1531,0,62,143,65
45539,ext_b830206e,0,159,186,21
45539,ext_bbd5f060,0,137,143,7
45539,ext_bd471fa4,0,62,143,65
45539,ext_c0bbb34c,0,152,186,26
45539,ext_c54b7fd8,0,183,186,3
45539,ext_c60155dc,0,62,186,99
45539,ext_c65129d3,0,62,186,99
45539,ext_c677fda0,0,159,186,21
45539,ext_c7cc418b,0,115,186,59
45539,ext_ca0349db,0,62,186,99
45539,ext_caac790c,0,62,186,99
45539,ext_cbcba955,0,62,186,99
45539,ext_cbe9412a,0,169,186,13
45539,ext_d7a314fe,0,81,186,83
45539,ext_d898dc3d,0,160,186,20
45539,ext_da359ea0,0,87,186,78
45539,ext_dcf997b7,0,137,186,41
45539,ext_e5959a56,0,62,186,99
45539,ext_e5cea811,0,110,147,34
45539,ext_e63c64fb,0,62,186,99
45539,ext_e7632a75,0,143,186,35
45539,ext_eb7dcb47,0,62,186,99
45539,ext_ec478d1c,0,169,186,13
45539,ext_ef657a5a,0,62,186,99
45539,ext_f0e92739,0,62,186,99
45539,ext_f31dd4df,0,62,186,99
45539,ext_f4caacc6,0,62,143,65
45539,ext_f63a437b,0,132,186,45
45539,ext_f693fc46,0,62,143,65
45539,ext_f6c8f35b,0,169,186,13
45539,ext_f8aaea59,0,145,186,33
45539,ext_f8e2b12b,0,162,186,19
45539,ext_fd679a55,0,62,146,68
45539,ext_fdade877,0,164,186,17
45945,17041,1,59,128,54
45945,17353,1,59,128,54
45945,19844,1,59,84,19
45945,38901,1,59,128,54
45945,45945,1,59,128,54
45945,52441,1,59,128,54
45945,71782,1,59,79,17
45945,72746,1,59,128,54
45945,77824,1,59,128,54
45945,86237,1,59,96,28
45945,ext_0478a896,0,79,128,38
45945,ext_0634c140,0,59,128,54
45945,ext_0787a806,0,73,128,43
45945,ext_08f0b6f0,0,59,128,56
45945,ext_0acec151,0,125,128,4
45945,ext_0bcc6a4b,0,109,128,18
45945,ext_0dbeea20,0,59,128,54
45945,ext_0dc6c42e,0,59,128,56
45945,ext_0e29d585,0,120,128,9
45945,ext_0f188d84,0,59,128,56
45945,ext_0f22f29a,0,59,128,54
45945,ext_10dcdd7e,0,59,128,55
45945,ext_10f66763,0,59,128,54
45945,ext_11fcf054,0,59,128,54
45945,ext_13c3e926,0,59,128,54
45945,ext_169e976a,0,59,128,54
45945,ext_199cdd64,0,79,128,38
45945,ext_1b949e3b,0,59,128,54
45945,ext_1c1728ba,0,59,128,54
45945,ext_22208010,0,80,128,37
45945,ext_27e2c2a1,0,108,126,17
45945,ext_2801b528,0,118,128,11
45945,ext_29b7a57b,0,59,128,54
45945,ext_29e419cb,0,59,128,56
45945,ext_2b3bf1aa,0,90,128,32
45945,ext_2b8cae64,0,59,128,55
45945,ext_2b9691b7,0,84,128,36
45945,ext_2baa40cd,0,59,128,54
45945,ext_2c728810,0,59,128,54
45945,ext_2f05d76a,0,59,128,56
45945,ext_2f12af0c,0,108,126,17
45945,ext_2f61e07c,0,59,128,54
45945,ext_2f8669c3,0,122,126,5
45945,ext_32f25e58,0,59,128,56
45945,ext_36823df6,0,59,128,54
45945,ext_375d389c,0,59,128,54
45945,ext_38d7910d,0,77,128,39
45945,ext_395d0068,0,59,128,56
45945,ext_3a39d075,0,59,128,54
45945,ext_3ec2f0c5,0,59,128,54
45945,ext_42137c14,0,84,128,36
45945,ext_443f320a,0,121,128,8
45945,ext_45c37b30,0,59,128,54
45945,ext_47d1dbe4,0,59,128,54
45945,ext_4a80a408,0,59,128,56
45945,ext_4b424c39,0,108,128,19
45945,ext_4b6d8ece,0,59,128,54
45945,ext_4ffd07e1,0,80,128,37
45945,ext_53a039cc,0,59,128,54
45945,ext_54b941c9,0,59,128,54
45945,ext_555d454c,0,59,128,54
45945,ext_58795efd,0,59,128,55
45945,ext_5b4141a7,0,59,128,55
45945,ext_5bd865ec,0,80,128,37
45945,ext_5e4d3f76,0,88,128,34
45945,ext_5e98828a,0,59,128,54
45945,ext_5f9b7b67,0,59,128,55
45945,ext_60012e46,0,109,128,18
45945,ext_6146a6e6,0,59,128,54
45945,ext_61f4a9b0,0,59,128,54
45945,ext_63d40389,0,59,128,56
45945,ext_648ac7c3,0,59,128,54
45945,ext_66070801,0,59,128,54
45945,ext_6803ed64,0,59,128,54
45945,ext_684fd4a2,0,77,128,39
45945,ext_68878494,0,59,128,55
45945,ext_68f22a63,0,59,128,54
45945,ext_69e67c48,0,59,128,56
45945,ext_69ed0b85,0,59,128,56
45945,ext_6c3bffa0,0,126,128,3
45945,ext_73c2df31,0,59,128,54
45945,ext_74576da1,0,59,128,56
45945,ext_79b2b8c3,0,59,128,54
45945,ext_79dad06e,0,59,128,54
45945,ext_7aefab59,0,96,128,27
45945,ext_7d07d9f5,0,59,128,54
45945,ext_7e7b3f7f,0,108,126,17
45945,ext_7f68c5f4,0,59,128,54
45945,ext_80089851,0,80,128,37
45945,ext_81153a70,0,59,128,54
45945,ext_84262a5a,0,72,128,44
45945,ext_84c0079e,0,59,128,54
45945,ext_86388003,0,62,128,51
45945,ext_873fed69,0,67,128,49
45945,ext_874e7b27,0,59,128,54
45945,ext_881c919f,0,88,128,34
45945,ext_89e96fa5,0,98,128,26
45945,ext_8b41a993,0,59,128,25
45945,ext_8d31b56e,0,59,128,56
45945,ext_8ea56ecf,0,59,128,55
45945,ext_90c6231d,0,98,128,26
45945,ext_91d83195,0,59,128,54
45945,ext_91e7d7be,0,59,128,54
45945,ext_93d7836a,0,118,126,9
45945,ext_9cc6f048,0,91,128,31
45945,ext_a22895b1,0,59,128,56
45945,ext_a3ef67b9,0,89,128,33
45945,ext_a8ff4313,0,59,128,54
45945,ext_abff857f,0,59,128,54
45945,ext_af6b60ed,0,59,128,56
45945,ext_afbca937,0,76,128,40
45945,ext_b0bb7d0e,0,59,128,55
45945,ext_b14082a7,0,59,128,54
45945,ext_b806dea6,0,59,128,55
45945,ext_bc65345c,0,59,128,56
45945,ext_c26dc899,0,98,128,26
45945,ext_c65129d3,0,59,128,54
45945,ext_c6de078f,0,59,128,54
45945,ext_c89e4e90,0,108,128,19
45945,ext_ca7013ce,0,59,128,54
45945,ext_d014d973,0,59,128,55
45945,ext_d37f620b,0,68,128,48
45945,ext_d5c42a7b,0,59,128,54
45945,ext_d8396712,0,59,128,54
45945,ext_dbceca07,0,114,128,13
45945,ext_dd62e714,0,79,128,38
45945,ext_df1fee19,0,59,128,54
45945,ext_e0b127d2,0,59,128,54
45945,ext_e4495f18,0,89,128,33
45945,ext_e4d9b15b,0,109,128,18
45945,ext_e71e80b4,0,68,72,5
45945,ext_e8c8f620,0,59,128,54
45945,ext_ea9ea6e0,0,59,128,54
45945,ext_eac3b904,0,59,128,55
45945,ext_ebec17b5,0,59,128,54
45945,ext_ecf9c322,0,77,128,39
45945,ext_f0f8d83d,0,109,128,18
45945,ext_f17333f0,0,59,128,54
45945,ext_f283051b,0,59,128,54
45945,ext_f305c23d,0,59,128,56
45945,ext_f6be4fe8,0,108,128,19
45945,ext_f6f1b9d6,0,85,128,35
45945,ext_f85fbb03,0,69,128,47
45945,ext_f8da5d33,0,90,128,32
45945,ext_f9b2d083,0,72,128,44
45945,ext_fee9efc8,0,124,128,5
46021,18420,1,91,136,19
46021,25947,1,129,136,8
46021,46021,1,61,136,30
46021,68633,1,129,136,8
46021,75468,1,61,136,31
46021,ext_0233e2b7,0,61,136,35
46021,ext_023594cd,0,61,136,30
46021,ext_0787a806,0,129,136,8
46021,ext_096a8f65,0,129,136,8
46021,ext_0b0a136a,0,61,136,30
46021,ext_0b873743,0,61,136,30
46021,ext_0bbfd95b,0,80,136,25
46021,ext_0d17d5e0,0,61,136,31
46021,ext_0ec6aadf,0,61,136,31
46021,ext_13ba43b3,0,61,136,30
46021,ext_205802a5,0,88,136,23
46021,ext_227d798b,0,129,136,8
46021,ext_2e007cd5,0,61,136,31
46021,ext_2e111f7d,0,61,136,31
46021,ext_36823df6,0,61,136,37
46021,ext_3b1f36f2,0,61,136,30
46021,ext_4313478f,0,61,136,31
46021,ext_4406c446,0,129,136,8
46021,ext_45ef653a,0,102,136,16
46021,ext_463da2a2,0,77,136,26
46021,ext_48e502fb,0,61,136,30
46021,ext_4974c9c8,0,129,136,8
46021,ext_4e9bdb7e,0,134,136,3
46021,ext_5341cf52,0,123,136,9
46021,ext_578da9e6,0,73,136,28
46021,ext_595197ac,0,61,136,30
46021,ext_6267013c,0,61,136,30
46021,ext_65243cac,0,73,136,28
46021,ext_656e95fc,0,61,136,31
46021,ext_6e45fca8,0,129,131,3
46021,ext_6fb51cf2,0,61,136,30
46021,ext_6fc7efec,0,132,136,5
46021,ext_75e697b7,0,129,136,8
46021,ext_7852f22c,0,129,136,8
46021,ext_811dc37b,0,129,136,8
46021,ext_86534742,0,129,136,8
46021,ext_8833c731,0,73,136,28
46021,ext_8bc84e9c,0,61,136,30
46021,ext_8c1177f4,0,129,136,8
46021,ext_9416b80b,0,61,136,31
46021,ext_96cb8991,0,61,136,31
46021,ext_975e2c5c,0,61,136,31
46021,ext_98bd79ea,0,129,136,8
46021,ext_9f0af3c0,0,61,136,36
46021,ext_a0757c30,0,61,136,31
46021,ext_a2fb69f7,0,61,136,31
46021,ext_a37829c2,0,73,136,28
46021,ext_a4e93b56,0,73,136,28
46021,ext_a52f6614,0,61,136,33
46021,ext_a5502725,0,73,136,28
46021,ext_abff857f,0,73,136,28
46021,ext_ae710bf1,0,61,136,30
46021,ext_be35aec4,0,61,136,30
46021,ext_c78df52a,0,61,136,31
46021,ext_c83ede1d,0,61,136,31
46021,ext_cbd8444d,0,129,136,8
46021,ext_d815a722,0,61,136,30
46021,ext_d8e190b7,0,37,55,6
46021,ext_e0e61625,0,61,136,35
46021,ext_e4b82d5e,0,129,136,8
46021,ext_e4d9b15b,0,61,136,30
46021,ext_e86dfdce,0,61,136,30
46021,ext_f57d97fa,0,61,133,29
46021,ext_f85fbb03,0,61,136,34
46021,ext_f9b2d083,0,61,136,31
46160,19844,1,59,103,27
46160,23144,1,59,103,27
46160,23642,1,59,103,29
46160,25947,1,59,103,28
46160,39122,1,59,103,29
46160,46160,1,59,103,29
46160,51675,1,59,103,27
46160,88133,1,96,103,5
46160,ext_0316bdc2,0,59,103,29
46160,ext_04276ccc,0,59,103,29
46160,ext_05150b62,0,59,103,28
46160,ext_05b710ef,0,59,103,29
46160,ext_05bf8b18,0,59,103,28
46160,ext_07d70464,0,97,103,4
46160,ext_0849e146,0,83,103,10
46160,ext_08848b2d,0,59,103,26
46160,ext_08e933a9,0,59,103,28
46160,ext_0bb9e685,0,59,103,28
46160,ext_0c4c943f,0,59,61,3
46160,ext_0d564cc0,0,59,103,28
46160,ext_1004c61f,0,59,103,29
46160,ext_11c2e96b,0,98,103,3
46160,ext_126fcfa8,0,59,103,29
46160,ext_13f3cf89,0,96,103,5
46160,ext_1a6952e7,0,59,103,28
46160,ext_1b483568,0,60,103,25
46160,ext_1bc2ed80,0,59,103,28
46160,ext_2210f308,0,59,103,27
46160,ext_223cdd8c,0,83,103,9
46160,ext_23c00333,0,98,103,3
46160,ext_2689ec78,0,59,103,29
46160,ext_2895aa4e,0,83,103,10
46160,ext_28f942af,0,59,103,27
46160,ext_29ad6d71,0,98,103,3
46160,ext_29fcf65d,0,59,103,29
46160,ext_2ac7f24a,0,59,105,30
46160,ext_2b5700e4,0,59,103,27
46160,ext_2d1e1007,0,59,103,29
46160,ext_2f0ff404,0,59,103,29
46160,ext_2f7ebeba,0,59,103,29
46160,ext_313bd9c9,0,59,103,26
46160,ext_3312fe20,0,59,103,29
46160,ext_3546e1ba,0,59,105,30
46160,ext_35e06325,0,59,103,29
46160,ext_376f8d73,0,80,103,11
46160,ext_3833e761,0,97,103,4
46160,ext_38b015e8,0,59,103,29
46160,ext_38b89eaf,0,59,103,27
46160,ext_3ada0474,0,59,103,27
46160,ext_3bf1ee82,0,59,103,29
46160,ext_3c5d61e1,0,98,103,3
46160,ext_3cf2c74b,0,77,103,12
46160,ext_3cfc0abb,0,73,103,14
46160,ext_3daea5a6,0,60,103,25
46160,ext_3dc4b864,0,59,103,27
46160,ext_3dfef290,0,59,103,28
46160,ext_42e8b3b8,0,59,103,29
46160,ext_44ef2ec5,0,59,105,30
46160,ext_45c37b30,0,59,103,29
46160,ext_47e0b703,0,59,103,27
46160,ext_49d166d3,0,59,103,28
46160,ext_4f1073b8,0,103,103,1
46160,ext_516c1fa1,0,103,103,1
46160,ext_51a1ab31,0,59,103,29
46160,ext_54c045d1,0,59,103,29
46160,ext_5635fa2e,0,59,103,28
46160,ext_56ff2147,0,59,105,30
46160,ext_57543011,0,59,103,27
46160,ext_5911a92c,0,59,103,29
46160,ext_5bed5337,0,59,105,30
46160,ext_5de35973,0,98,103,3
46160,ext_5e2992b3,0,59,103,28
46160,ext_5e5cebc7,0,59,103,29
46160,ext_5e91a8ca,0,59,103,29
46160,ext_6330b105,0,59,105,30
46160,ext_65c4a7dc,0,59,103,29
46160,ext_687dc6a8,0,59,103,29
46160,ext_69eccc59,0,59,103,29
46160,ext_69fb3b5a,0,59,105,30
46160,ext_6ab05625,0,96,103,5
46160,ext_6e3d6018,0,59,103,27
46160,ext_6fd4b5d5,0,59,103,29
46160,ext_73cd97d8,0,59,103,29
46160,ext_78761c2d,0,59,105,30
46160,ext_79be5d94,0,101,103,2
46160,ext_7bcf1a0d,0,60,103,25
46160,ext_7c2bb406,0,59,105,31
46160,ext_80778a6e,0,59,105,30
46160,ext_82176769,0,83,103,10
46160,ext_8433e241,0,59,103,29
46160,ext_86756cbd,0,59,103,29
46160,ext_86975e19,0,59,103,29
46160,ext_8713595c,0,97,103,4
46160,ext_872acf1e,0,59,103,29
46160,ext_89790cd4,0,59,103,29
46160,ext_8b1da575,0,59,103,29
46160,ext_8d275444,0,59,105,30
46160,ext_8d30cdd7,0,59,103,27
46160,ext_912e0eba,0,59,103,29
46160,ext_91a13349,0,59,103,29
46160,ext_91d67cd1,0,59,69,11
46160,ext_950e6070,0,59,105,30
46160,ext_956078e9,0,98,103,3
46160,ext_95633df5,0,59,103,28
46160,ext_9c3f2f5a,0,59,103,28
46160,ext_9d4fb598,0,98,103,3
46160,ext_9de35922,0,59,103,29
46160,ext_a036c0fb,0,61,103,24
46160,ext_a049558e,0,59,103,29
46160,ext_a0ec5bad,0,59,103,27
46160,ext_a3f8e1d3,0,59,103,29
46160,ext_a425e664,0,59,103,27
46160,ext_a87abe61,0,59,103,27
46160,ext_ad40c56b,0,59,103,29
46160,ext_adaada2b,0,59,105,30
46160,ext_b04a0b23,0,86,103,8
46160,ext_b1788c2d,0,101,103,2
46160,ext_b533939a,0,59,72,12
46160,ext_b59f7d21,0,59,103,29
46160,ext_b6539dba,0,59,103,28
46160,ext_b7ac369e,0,59,103,28
46160,ext_bb302eca,0,103,103,1
46160,ext_bc48cd47,0,61,103,24
46160,ext_bd55e401,0,59,103,27
46160,ext_bee0c926,0,59,103,28
46160,ext_bf5856c1,0,59,103,27
46160,ext_c2d3e55b,0,59,103,28
46160,ext_c2db8281,0,59,103,28
46160,ext_c34014d4,0,59,103,28
46160,ext_c4b98a80,0,59,103,28
46160,ext_c9fb65e6,0,59,103,27
46160,ext_cc64e898,0,59,103,28
46160,ext_cccab0d2,0,60,103,25
46160,ext_d00a2ceb,0,59,103,29
46160,ext_d03715d3,0,89,103,7
46160,ext_d357a212,0,59,103,29
46160,ext_d3ad8624,0,59,103,29
46160,ext_d3f801bd,0,84,103,9
46160,ext_d51dd6e2,0,60,103,25
46160,ext_d55ef97e,0,101,103,2
46160,ext_d705a938,0,59,105,30
46160,ext_d775a2ef,0,59,105,30
46160,ext_dc17f433,0,59,103,26
46160,ext_dc2ef30f,0,59,103,28
46160,ext_dd5a9043,0,59,103,28
46160,ext_de71ad8a,0,98,103,3
46160,ext_de81a840,0,59,103,29
46160,ext_dfbf498c,0,101,103,2
46160,ext_e1aafabb,0,59,105,30
46160,ext_e77fd05e,0,59,103,28
46160,ext_e7c5532b,0,59,103,28
46160,ext_e84ec509,0,97,103,4
46160,ext_e86ab721,0,59,103,29
46160,ext_e88f9367,0,59,103,28
46160,ext_eb534c25,0,59,103,26
46160,ext_ec252c8d,0,59,103,28
46160,ext_ed5bc7a9,0,59,103,29
46160,ext_ee1a53a0,0,59,103,29
46160,ext_ef36e787,0,59,103,27
46160,ext_f25887bc,0,59,103,27
46160,ext_f2c913d1,0,103,103,1
46160,ext_f3796e70,0,59,103,28
46160,ext_f954d431,0,63,103,22
46584,17353,1,59,105,39
46584,19844,1,59,84,23
46584,25947,1,76,105,25
46584,29914,1,59,105,39
46584,44520,1,59,105,39
46584,46584,1,59,105,39
46584,46771,1,59,105,39
46584,48187,1,59,105,39
46584,63188,1,59,105,39
46584,66052,1,67,105,32
46584,71627,1,76,105,25
46584,77291,1,59,105,39
46584,ext_00aaef42,0,59,105,39
46584,ext_01298909,0,59,105,39
46584,ext_017ef3b5,0,59,105,39
46584,ext_02e9f044,0,59,105,39
46584,ext_032e3857,0,59,105,39
46584,ext_0387dba0,0,91,105,10
46584,ext_0427642d,0,59,105,39
46584,ext_04b335c1,0,59,105,39
46584,ext_04e1f07c,0,59,105,39
46584,ext_07e3fbce,0,59,105,39
46584,ext_084e4692,0,59,105,39
46584,ext_08c6b234,0,59,105,39
46584,ext_0910820f,0,81,105,20
46584,ext_091c2ab0,0,59,105,39
46584,ext_09e6d37e,0,59,105,39
46584,ext_0a236ca9,0,59,105,39
46584,ext_0bb40276,0,59,105,39
46584,ext_0be9dcda,0,59,105,39
46584,ext_0e552c9b,0,59,105,39
46584,ext_0f40843d,0,79,105,22
46584,ext_131bb916,0,59,105,39
46584,ext_1331163e,0,59,105,39
46584,ext_136ded01,0,59,105,39
46584,ext_142a0cec,0,59,105,39
46584,ext_1467484d,0,59,105,39
46584,ext_1552f7cc,0,59,105,39
46584,ext_166410db,0,96,105,7
46584,ext_168f94f3,0,59,105,39
46584,ext_169e976a,0,59,105,39
46584,ext_185eb639,0,59,105,39
46584,ext_18f31b27,0,59,105,39
46584,ext_1a601179,0,59,105,39
46584,ext_1b8e3060,0,59,105,39
46584,ext_1bfc0255,0,59,105,39
46584,ext_1ca9bb0b,0,59,105,39
46584,ext_1cdf52ec,0,59,105,39
46584,ext_1d1d10ea,0,59,105,39
46584,ext_1d914f3f,0,59,105,39
46584,ext_1f860935,0,59,105,39
46584,ext_20bdbe8f,0,59,105,39
46584,ext_20d53ea5,0,59,105,39
46584,ext_2281f5e2,0,59,105,39
46584,ext_23c71ab5,0,59,105,39
46584,ext_23cd4098,0,59,105,39
46584,ext_254a1cbf,0,59,105,39
46584,ext_273fed95,0,77,105,24
46584,ext_2a2d0f73,0,59,105,39
46584,ext_2a591a9e,0,59,105,39
46584,ext_2b1c83d9,0,59,105,39
46584,ext_2d0b91b9,0,59,105,39
46584,ext_2d70b1c1,0,59,105,39
46584,ext_2d747dc5,0,59,105,39
46584,ext_2da767dd,0,59,105,39
46584,ext_3004ec26,0,59,105,39
46584,ext_302a1c85,0,59,105,39
46584,ext_30459438,0,80,105,21
46584,ext_30658db2,0,59,105,39
46584,ext_30ef4357,0,59,105,39
46584,ext_31925bc3,0,77,105,24
46584,ext_32b2ebd8,0,84,105,17
46584,ext_35ddb7b2,0,59,105,39
46584,ext_368b29cc,0,92,105,9
46584,ext_3833e761,0,59,105,39
46584,ext_38b015e8,0,59,105,39
46584,ext_38b27014,0,86,105,15
46584,ext_38ec5988,0,59,105,39
46584,ext_3a349d2a,0,59,105,39
46584,ext_3b064c1c,0,59,105,39
46584,ext_3bf1ee82,0,59,105,39
46584,ext_3cbeb95b,0,59,105,39
46584,ext_3ce77ae2,0,59,105,39
46584,ext_3cf46f7b,0,59,105,39
46584,ext_3d082ce2,0,59,105,39
46584,ext_3f5407fb,0,59,105,39
46584,ext_3f5f38a1,0,59,105,39
46584,ext_3f819607,0,59,105,39
46584,ext_40a1fb18,0,59,105,39
46584,ext_421732ff,0,59,105,39
46584,ext_445f9afc,0,59,105,39
46584,ext_44ef2ec5,0,59,105,39
46584,ext_45c37b30,0,74,105,27
46584,ext_476c834c,0,77,105,24
46584,ext_47ddcec4,0,59,105,39
46584,ext_4856c6b9,0,59,105,39
46584,ext_486840f3,0,59,105,39
46584,ext_48f71fbb,0,59,105,39
46584,ext_4907b618,0,59,105,39
46584,ext_4a283a69,0,59,105,39
46584,ext_4b426af3,0,59,105,39
46584,ext_4c189050,0,59,105,39
46584,ext_4cf56a8c,0,59,105,39
46584,ext_4d4cec4b,0,59,105,39
46584,ext_4fed3880,0,59,105,39
46584,ext_506d8812,0,59,105,39
46584,ext_519cd6f5,0,59,105,39
46584,ext_530b5130,0,67,105,32
46584,ext_54536a90,0,79,105,22
46584,ext_566e699e,0,59,105,39
46584,ext_577378b1,0,59,105,39
46584,ext_578bf7d6,0,103,105,3
46584,ext_59ca7835,0,96,105,7
46584,ext_59ce2a01,0,59,105,39
46584,ext_5cc6383d,0,65,105,33
46584,ext_5df30694,0,59,105,39
46584,ext_5e80f9f1,0,59,105,39
46584,ext_60317c22,0,59,105,39
46584,ext_6039a0de,0,59,105,39
46584,ext_60cdb5df,0,59,105,39
46584,ext_61c1ccbf,0,67,105,32
46584,ext_6208b920,0,59,105,39
46584,ext_627c2b60,0,59,105,39
46584,ext_6459c1eb,0,59,105,39
46584,ext_646e66f5,0,59,105,39
46584,ext_6592b443,0,59,105,39
46584,ext_669e8468,0,59,105,39
46584,ext_67c48eac,0,59,105,39
46584,ext_67d241e6,0,59,105,39
46584,ext_680e6bff,0,96,105,7
46584,ext_692747e7,0,59,105,39
46584,ext_6a210407,0,59,105,39
46584,ext_6a63f357,0,59,105,39
46584,ext_6eff5130,0,59,105,39
46584,ext_6f91457d,0,59,105,39
46584,ext_7052a0e3,0,59,105,39
46584,ext_716a8951,0,59,105,39
46584,ext_7403bc2e,0,59,105,39
46584,ext_795f8889,0,59,105,39
46584,ext_79738827,0,59,105,39
46584,ext_7a20b30e,0,59,105,39
46584,ext_7b31f4db,0,65,105,33
46584,ext_7cc36b74,0,59,105,39
46584,ext_7d06caf8,0,59,105,39
46584,ext_7d783db1,0,59,105,39
46584,ext_810bdc20,0,59,105,39
46584,ext_8160cac5,0,77,105,24
46584,ext_82e18811,0,75,105,26
46584,ext_837813c0,0,59,105,39
46584,ext_8433e241,0,59,105,39
46584,ext_84bdcfb0,0,59,105,39
46584,ext_85bef0b1,0,59,105,39
46584,ext_86a60102,0,92,105,9
46584,ext_86d5235c,0,59,105,39
46584,ext_873fed69,0,59,105,39
46584,ext_8854265e,0,59,105,39
46584,ext_8a726c9d,0,59,105,39
46584,ext_8aeae9c9,0,59,105,39
46584,ext_8b309f90,0,59,105,39
46584,ext_8be39f57,0,86,105,15
46584,ext_8d2c15f1,0,59,105,39
46584,ext_8e91bf0e,0,82,105,19
46584,ext_8f255bc0,0,59,105,39
46584,ext_8f511539,0,59,105,39
46584,ext_8f6e3e0c,0,59,105,39
46584,ext_8f98ec72,0,59,105,39
46584,ext_9043345d,0,59,105,39
46584,ext_91773622,0,59,105,39
46584,ext_93125931,0,59,105,39
46584,ext_952871d2,0,59,105,39
46584,ext_95de373c,0,59,105,39
46584,ext_96cf4a0c,0,59,105,39
46584,ext_96d6896c,0,59,105,39
46584,ext_9757e0c5,0,59,105,39
46584,ext_97a715b6,0,59,105,39
46584,ext_9843fd29,0,59,105,39
46584,ext_9892a1ba,0,59,105,39
46584,ext_98c98579,0,59,105,39
46584,ext_9c20500f,0,86,105,15
46584,ext_9cc30714,0,59,105,39
46584,ext_9d2c66c6,0,59,105,39
46584,ext_9d750120,0,59,105,39
46584,ext_9d770787,0,59,105,39
46584,ext_9ed404e2,0,59,105,39
46584,ext_9f67a4ff,0,59,105,39
46584,ext_a1db7118,0,59,105,39
46584,ext_a3bf60c4,0,59,105,39
46584,ext_a4523886,0,59,105,39
46584,ext_a59ec38a,0,59,105,39
46584,ext_a5dd6eba,0,59,105,39
46584,ext_a5e6b4f9,0,59,105,39
46584,ext_a5f8998e,0,59,105,39
46584,ext_a69eb168,0,59,105,39
46584,ext_a72eb1ce,0,59,105,39
46584,ext_a7a4a3b0,0,59,105,39
46584,ext_a8a0a5e7,0,59,105,39
46584,ext_a971cb4e,0,59,105,39
46584,ext_a9b7d1f8,0,59,105,39
46584,ext_a9f6cb37,0,59,105,39
46584,ext_ab0b0f46,0,59,105,39
46584,ext_ab92e6ce,0,59,105,39
46584,ext_abff857f,0,59,105,39
46584,ext_ae0b4267,0,59,105,39
46584,ext_aea11344,0,59,105,39
46584,ext_aeaeeb01,0,59,105,39
46584,ext_aee813e6,0,59,105,39
46584,ext_af8937d8,0,59,105,39
46584,ext_b03b3f9a,0,91,105,10
46584,ext_b0cdfc8e,0,59,105,39
46584,ext_b10a76e8,0,59,105,39
46584,ext_b1dfc127,0,77,105,24
46584,ext_b2e10f40,0,59,105,39
46584,ext_b3ae4d5e,0,59,105,39
46584,ext_b413c3bf,0,59,105,39
46584,ext_b551ea19,0,59,105,39
46584,ext_b67785ff,0,59,105,39
46584,ext_b68728cf,0,59,105,39
46584,ext_b690489e,0,59,105,39
46584,ext_b8a9a808,0,96,105,7
46584,ext_b8dd87fb,0,63,105,35
46584,ext_b9988d03,0,59,105,39
46584,ext_b9b3a639,0,96,105,7
46584,ext_bbddcea2,0,96,105,7
46584,ext_bc251cb9,0,59,105,39
46584,ext_bd2dd1a0,0,81,105,20
46584,ext_beb75e45,0,59,105,39
46584,ext_bf70ffd3,0,59,105,39
46584,ext_c007fe58,0,59,105,39
46584,ext_c05eeac7,0,59,105,39
46584,ext_c11a46fc,0,59,105,39
46584,ext_c1f24158,0,59,105,39
46584,ext_c2b4d3a9,0,59,105,39
46584,ext_c34014d4,0,59,105,39
46584,ext_c3b1e2d9,0,59,105,39
46584,ext_c44e9d92,0,59,105,39
46584,ext_c489eb27,0,59,105,39
46584,ext_c593fb58,0,59,105,39
46584,ext_c5a3e51f,0,59,105,39
46584,ext_c662a02b,0,59,105,39
46584,ext_c6e51952,0,59,105,39
46584,ext_c6f12833,0,59,105,39
46584,ext_c76dc904,0,59,105,39
46584,ext_c814e03d,0,59,105,39
46584,ext_c9d14e1f,0,59,105,39
46584,ext_cc4a8973,0,90,105,11
46584,ext_cca63c05,0,59,105,39
46584,ext_cd1ebbea,0,59,105,39
46584,ext_cd66db9d,0,59,105,39
46584,ext_cdeab348,0,59,105,39
46584,ext_ce283529,0,59,105,39
46584,ext_d357a212,0,59,105,39
46584,ext_d73e8c7e,0,59,105,39
46584,ext_d7842dce,0,59,105,39
46584,ext_db266925,0,65,105,33
46584,ext_db928ed1,0,59,105,39
46584,ext_dc20e6d9,0,59,105,39
46584,ext_dc410a96,0,59,105,39
46584,ext_dc610eee,0,59,105,39
46584,ext_dcbb2220,0,59,105,39
46584,ext_dcebfecb,0,96,105,7
46584,ext_de1269a0,0,59,105,39
46584,ext_deb777cc,0,59,105,39
46584,ext_df0ef5a4,0,92,105,9
46584,ext_df948bb9,0,59,105,39
46584,ext_e1dd9a80,0,59,105,39
46584,ext_e262f112,0,59,105,39
46584,ext_e4f95752,0,59,105,39
46584,ext_e5f532cf,0,59,105,39
46584,ext_e657b97b,0,59,105,39
46584,ext_e6a5de12,0,59,105,39
46584,ext_e85ea982,0,92,105,9
46584,ext_e860374b,0,59,105,39
46584,ext_e893929d,0,79,105,22
46584,ext_e9ae1914,0,59,105,39
46584,ext_ea0a354a,0,87,105,14
46584,ext_ebc87018,0,59,105,39
46584,ext_ebf7e51b,0,77,105,24
46584,ext_ec57516f,0,59,105,39
46584,ext_ed5cb5aa,0,59,105,39
46584,ext_edeebd09,0,82,105,19
46584,ext_ee54e169,0,59,105,39
46584,ext_eed6fae1,0,59,105,39
46584,ext_ef24a397,0,59,105,39
46584,ext_ef36e787,0,77,105,24
46584,ext_ef80d2b5,0,80,105,21
46584,ext_f0a75c14,0,59,105,39
46584,ext_f23c3b05,0,59,105,39
46584,ext_f3f8b9a9,0,59,105,39
46584,ext_f52df136,0,59,105,39
46584,ext_f622df0e,0,59,105,39
46584,ext_f6f1b9d6,0,85,105,16
46584,ext_f77a237f,0,59,105,39
46584,ext_f9da1c44,0,80,105,21
46584,ext_fc5f2739,0,59,105,39
46584,ext_fd4ab1d9,0,59,105,39
46584,ext_fd737b1a,0,59,105,39
46584,ext_fd795568,0,59,105,39
46584,ext_fddac10a,0,59,105,39
46584,ext_fefd73bd,0,59,105,39
46584,ext_feff05bf,0,67,105,32
46584,ext_ff419c93,0,59,105,39
46584,ext_ff9afe24,0,78,105,23
46654,13896,1,60,101,31
46654,39783,1,87,140,38
46654,46654,1,60,140,63
46654,48429,1,60,140,63
46654,55594,1,60,140,63
46654,75261,1,65,140,57
46654,82282,1,60,140,63
46654,86352,1,60,140,62
46654,ext_00af536a,0,79,140,46
46654,ext_01303721,0,60,93,28
46654,ext_04a61bd2,0,60,140,63
46654,ext_07663b0f,0,83,140,42
46654,ext_09cfad31,0,110,140,27
46654,ext_0a4659e0,0,71,140,52
46654,ext_0aa59517,0,139,140,2
46654,ext_0bb40276,0,60,132,57
46654,ext_0d40aed2,0,138,140,3
46654,ext_0d9c0c7e,0,60,140,63
46654,ext_0d9e5e6d,0,136,140,5
46654,ext_137cbea4,0,60,140,63
46654,ext_14c689a8,0,60,140,62
46654,ext_155d1612,0,60,140,63
46654,ext_15704b29,0,60,140,63
46654,ext_16267d1a,0,60,140,63
46654,ext_16591494,0,96,140,34
46654,ext_17c668fe,0,79,140,46
46654,ext_1ae2b53a,0,60,70,11
46654,ext_1afd6dd3,0,60,140,62
46654,ext_1bbb8179,0,89,140,36
46654,ext_1c410025,0,60,140,62
46654,ext_1cf8ce35,0,114,140,24
46654,ext_1e173457,0,123,140,16
46654,ext_1f5a5540,0,122,140,17
46654,ext_2467d742,0,60,140,63
46654,ext_2491834f,0,60,140,63
46654,ext_258f8638,0,134,140,6
46654,ext_26440f9f,0,63,140,60
46654,ext_27c4fc6d,0,60,140,62
46654,ext_2921371a,0,60,140,62
46654,ext_2ec44445,0,73,140,50
46654,ext_2ee583cf,0,60,140,63
46654,ext_2fb5ec9f,0,60,140,62
46654,ext_3426d4c4,0,60,140,63
46654,ext_34a02ee9,0,60,140,62
46654,ext_34e5e533,0,60,140,63
46654,ext_357fa605,0,120,140,19
46654,ext_3bf0f9a8,0,117,140,22
46654,ext_422a18a3,0,125,140,14
46654,ext_42fb6725,0,136,140,5
46654,ext_443f320a,0,60,140,62
46654,ext_45726ed7,0,60,140,62
46654,ext_45c37b30,0,60,140,62
46654,ext_45d977fd,0,67,140,55
46654,ext_499a7efe,0,60,140,63
46654,ext_4e3c8aaa,0,60,140,63
46654,ext_4ecb9d53,0,60,140,63
46654,ext_4ff4bdd1,0,60,140,62
46654,ext_5126647e,0,60,140,62
46654,ext_566e699e,0,76,140,48
46654,ext_568c1886,0,87,140,38
46654,ext_56a8933b,0,60,140,63
46654,ext_575773f0,0,85,140,40
46654,ext_5b14cb2c,0,93,140,35
46654,ext_6156e953,0,60,140,62
46654,ext_62668e07,0,60,140,63
46654,ext_63f9e5f9,0,60,140,62
46654,ext_652095b4,0,60,140,62
46654,ext_661a597e,0,60,140,63
46654,ext_69f7a7ce,0,105,140,31
46654,ext_6a1acddd,0,60,140,62
46654,ext_6c4fc1b1,0,60,140,63
46654,ext_6e19ed35,0,60,140,62
46654,ext_6f038479,0,60,140,62
46654,ext_6fd4b5d5,0,80,140,45
46654,ext_709cf810,0,60,140,63
46654,ext_71ae6e8d,0,60,140,63
46654,ext_71b0e920,0,60,140,63
46654,ext_730dd19f,0,60,140,62
46654,ext_73d512fb,0,79,140,46
46654,ext_74b2542d,0,60,77,16
46654,ext_752a1b56,0,76,140,48
46654,ext_7683ccb3,0,61,140,61
46654,ext_78398332,0,60,140,63
46654,ext_7aad7bce,0,63,140,59
46654,ext_7c178fa2,0,60,140,62
46654,ext_7c74a51f,0,60,140,62
46654,ext_7ca7b8b3,0,60,140,63
46654,ext_7d92caba,0,60,140,62
46654,ext_7f056d80,0,107,140,30
46654,ext_808ab609,0,60,140,62
46654,ext_82b886ba,0,60,124,48
46654,ext_8433e910,0,136,140,5
46654,ext_844f5c26,0,60,140,62
46654,ext_86ea476e,0,60,140,62
46654,ext_895fbc82,0,60,140,63
46654,ext_897a80a6,0,60,140,63
46654,ext_8c5e19e9,0,60,140,63
46654,ext_8e818103,0,60,137,59
46654,ext_8e8bd6c4,0,60,140,63
46654,ext_8ff94e21,0,68,140,54
46654,ext_900bbdaf,0,76,140,48
46654,ext_923a3f2e,0,60,140,62
46654,ext_92ed1c3a,0,60,140,62
46654,ext_944532a4,0,67,140,55
46654,ext_94f2fd71,0,96,140,34
46654,ext_963e1d32,0,107,140,30
46654,ext_97560752,0,60,63,4
46654,ext_98805ad5,0,89,140,36
46654,ext_98f8b2a1,0,60,140,62
46654,ext_9a252887,0,60,140,63
46654,ext_9a56973b,0,60,140,63
46654,ext_9d73d71b,0,60,134,58
46654,ext_9dd5d9ef,0,81,140,44
46654,ext_9e6b8297,0,60,140,63
46654,ext_9ebda160,0,60,140,63
46654,ext_9fe0e394,0,60,140,62
46654,ext_a049558e,0,60,140,62
46654,ext_a425e664,0,119,140,20
46654,ext_a72eafe7,0,60,140,62
46654,ext_abff857f,0,60,140,62
46654,ext_ac81588d,0,60,140,63
46654,ext_ace64ec1,0,60,140,62
46654,ext_b2ad5b36,0,60,140,62
46654,ext_b3fd849e,0,121,140,18
46654,ext_b574e56a,0,79,123,31
46654,ext_b6ee4ce3,0,60,140,62
46654,ext_bbafc0da,0,60,140,63
46654,ext_c097c573,0,87,140,38
46654,ext_c3b6ef0c,0,107,140,30
46654,ext_cfea11fd,0,113,140,25
46654,ext_d03c2651,0,60,140,62
46654,ext_d39df99d,0,60,140,63
46654,ext_d46e62aa,0,60,140,63
46654,ext_d80eb1a9,0,107,140,30
46654,ext_d9481ae8,0,60,140,63
46654,ext_db199027,0,60,140,63
46654,ext_db1de48b,0,131,140,8
46654,ext_dc047704,0,60,140,63
46654,ext_df98f4d4,0,60,140,63
46654,ext_e19c167e,0,60,140,62
46654,ext_e62a2674,0,63,105,15
46654,ext_e75bafdf,0,60,140,63
46654,ext_e9d0fd9b,0,60,140,63
46654,ext_ed21ccb1,0,60,140,63
46654,ext_edbcf4c8,0,74,140,49
46654,ext_eeca4d40,0,116,140,23
46654,ext_ef82b53a,0,60,140,63
46654,ext_f13ef7a9,0,60,140,63
46654,ext_f28ca419,0,63,74,11
46654,ext_f4947d83,0,60,93,28
46654,ext_f67eb63f,0,93,140,35
46654,ext_f784fcdb,0,60,140,63
46654,ext_fa6288be,0,60,140,63
46654,ext_fac139b4,0,60,140,65
46654,ext_fad803f5,0,60,140,63
46654,ext_fb92abe3,0,60,140,63
46654,ext_fc4bc724,0,68,140,54
46654,ext_fcfb77ec,0,63,140,60
46654,ext_fe162652,0,105,140,31
46654,ext_fe27a0b3,0,60,140,63
46654,ext_fe8f118d,0,60,140,62
46654,ext_fffc1644,0,60,140,63
46771,15071,1,129,139,10
46771,19844,1,129,139,10
46771,22745,1,129,139,10
46771,29914,1,129,139,10
46771,46584,1,129,139,10
46771,48187,1,129,139,10
46771,ext_008f4457,0,129,139,10
46771,ext_00eddf3c,0,129,139,10
46771,ext_016b78e1,0,129,139,10
46771,ext_03de5aef,0,129,139,10
46771,ext_07d136ab,0,129,139,10
46771,ext_09e6d37e,0,129,139,10
46771,ext_0b29f6cc,0,52,126,53
46771,ext_0b7b6adf,0,129,139,10
46771,ext_0c169405,0,129,139,10
46771,ext_0ee1f658,0,131,139,8
46771,ext_1085a89f,0,131,139,8
46771,ext_10b39842,0,129,139,10
46771,ext_10d28588,0,131,139,8
46771,ext_136ded01,0,129,139,10
46771,ext_1489e260,0,129,139,10
46771,ext_1495128a,0,129,139,10
46771,ext_15bcc2b7,0,52,126,53
46771,ext_15f5dadf,0,129,139,10
46771,ext_1688c1e3,0,129,139,10
46771,ext_169e976a,0,129,139,10
46771,ext_16de994d,0,129,139,10
46771,ext_17a84831,0,129,139,10
46771,ext_1921b49a,0,129,139,10
46771,ext_19544154,0,129,139,10
46771,ext_1a0b889a,0,129,139,10
46771,ext_1a33b222,0,129,139,10
46771,ext_1a434e07,0,129,139,10
46771,ext_1be0167f,0,129,139,10
46771,ext_1dff1baf,0,129,139,10
46771,ext_1f6dab5a,0,129,139,10
46771,ext_1f73b629,0,129,139,10
46771,ext_203c7f68,0,129,139,10
46771,ext_2080eab3,0,129,139,10
46771,ext_20912de3,0,129,139,10
46771,ext_20d53ea5,0,129,139,10
46771,ext_22d459e1,0,129,139,10
46771,ext_23085d96,0,129,139,10
46771,ext_236ea4ff,0,129,139,10
46771,ext_25013cee,0,129,139,10
46771,ext_2567189b,0,129,139,10
46771,ext_25a28b64,0,129,139,10
46771,ext_26b1b29d,0,129,139,10
46771,ext_27748358,0,129,139,10
46771,ext_27787616,0,129,139,10
46771,ext_27d30392,0,129,139,10
46771,ext_28400529,0,129,139,10
46771,ext_29b7a57b,0,129,139,10
46771,ext_2ab4ef8d,0,129,139,10
46771,ext_2bdaa9d3,0,129,139,10
46771,ext_30e543a4,0,129,139,10
46771,ext_30f0605e,0,129,139,10
46771,ext_3227f917,0,129,139,10
46771,ext_3250c576,0,129,139,10
46771,ext_33727b79,0,129,139,10
46771,ext_3591e4a6,0,129,139,10
46771,ext_35ddb7b2,0,129,139,10
46771,ext_3833e761,0,136,139,4
46771,ext_39a8f6fd,0,129,139,10
46771,ext_3afb09c2,0,129,139,10
46771,ext_3bf1ee82,0,129,139,10
46771,ext_3c43f66e,0,129,139,10
46771,ext_3d082ce2,0,129,139,10
46771,ext_3d457eac,0,129,139,10
46771,ext_3db09fc8,0,129,139,10
46771,ext_3e50dddc,0,129,139,10
46771,ext_410db7de,0,129,139,10
46771,ext_42620f92,0,129,139,10
46771,ext_4303dd05,0,129,139,10
46771,ext_43703d5e,0,129,139,10
46771,ext_45c6dfbe,0,129,139,10
46771,ext_47d5b30b,0,129,139,10
46771,ext_47ed9494,0,131,139,8
46771,ext_493990c5,0,129,139,10
46771,ext_4b80b71e,0,129,139,10
46771,ext_4bc6e89b,0,129,139,10
46771,ext_4ce8b08c,0,129,139,10
46771,ext_4d2ff201,0,131,139,8
46771,ext_4da6cca7,0,137,139,3
46771,ext_4dfa1eab,0,129,139,10
46771,ext_4f05a843,0,129,139,10
46771,ext_4f3ee614,0,129,139,10
46771,ext_4f82d2e1,0,129,139,10
46771,ext_4fdbb61b,0,131,139,8
46771,ext_50628ac4,0,129,139,10
46771,ext_5156517f,0,129,139,10
46771,ext_51a10918,0,129,139,10
46771,ext_54b941c9,0,129,139,10
46771,ext_54d84565,0,129,139,10
46771,ext_55ae19f4,0,129,139,10
46771,ext_55c455ba,0,129,139,10
46771,ext_55c4f2ff,0,129,139,10
46771,ext_565bc650,0,129,139,10
46771,ext_56b8eae9,0,136,139,4
46771,ext_57219986,0,129,139,10
46771,ext_57255d06,0,129,139,10
46771,ext_5ce965e0,0,131,139,8
46771,ext_5d0481b6,0,129,139,10
46771,ext_5db68e40,0,129,139,10
46771,ext_60ac5f13,0,129,139,10
46771,ext_60ed4196,0,129,139,10
46771,ext_6139d359,0,129,139,10
46771,ext_61c1bc7c,0,129,139,10
46771,ext_6222725c,0,129,139,10
46771,ext_642c66bc,0,131,139,8
46771,ext_642dbafe,0,129,139,10
46771,ext_655bf2cd,0,129,139,10
46771,ext_659bd972,0,129,139,10
46771,ext_65a39730,0,129,139,10
46771,ext_65fa345c,0,129,139,10
46771,ext_682eb871,0,129,139,10
46771,ext_684e5a4f,0,129,139,10
46771,ext_68ea118e,0,129,139,10
46771,ext_69eccc59,0,129,139,10
46771,ext_6b330965,0,129,139,10
46771,ext_6e5e54a6,0,129,139,10
46771,ext_6e7c9b98,0,129,139,10
46771,ext_71de4fa0,0,129,139,10
46771,ext_7207a091,0,52,126,53
46771,ext_720cb879,0,131,139,8
46771,ext_72cf27bf,0,129,139,10
46771,ext_734eeed1,0,129,139,10
46771,ext_7398f43d,0,129,139,10
46771,ext_73cbd2e7,0,129,139,10
46771,ext_7403bc2e,0,129,139,10
46771,ext_7405442f,0,129,139,10
46771,ext_7411c764,0,129,139,10
46771,ext_751336de,0,129,139,10
46771,ext_7527d5f0,0,129,139,10
46771,ext_75b0ec35,0,129,139,10
46771,ext_761f03be,0,129,139,10
46771,ext_7652253b,0,136,139,4
46771,ext_7741f011,0,129,139,10
46771,ext_77c42c31,0,129,139,10
46771,ext_7844096e,0,129,139,10
46771,ext_78620c10,0,129,139,10
46771,ext_787eacbb,0,129,139,10
46771,ext_7c7dddf2,0,129,139,10
46771,ext_7ddfbee7,0,129,139,10
46771,ext_7e221778,0,129,139,10
46771,ext_7ed005e0,0,129,139,10
46771,ext_804648f2,0,56,126,49
46771,ext_80a3338e,0,129,139,10
46771,ext_80faad0f,0,129,139,10
46771,ext_83af7fa5,0,129,139,10
46771,ext_857fa5c8,0,129,139,10
46771,ext_8696273a,0,129,139,10
46771,ext_86dafc29,0,129,139,10
46771,ext_86fcb187,0,131,139,8
46771,ext_87a8e2ba,0,129,139,10
46771,ext_883be0cd,0,129,139,10
46771,ext_895c000d,0,129,139,10
46771,ext_8aec87eb,0,129,139,10
46771,ext_8c1387b0,0,129,139,10
46771,ext_8cff3b6a,0,129,139,10
46771,ext_8d06baa8,0,129,139,10
46771,ext_8d50f183,0,129,139,10
46771,ext_8d831f5e,0,129,139,10
46771,ext_912aaae0,0,129,139,10
46771,ext_91773622,0,129,139,10
46771,ext_91a50ae1,0,129,139,10
46771,ext_9444bd7b,0,129,139,10
46771,ext_9454a9ca,0,131,139,8
46771,ext_95325d3e,0,129,139,10
46771,ext_9573e735,0,129,139,10
46771,ext_963f5eee,0,129,139,10
46771,ext_9714f286,0,136,139,4
46771,ext_979952df,0,129,139,10
46771,ext_97c7b468,0,131,139,8
46771,ext_9b40fd8a,0,129,139,10
46771,ext_9c760e5c,0,129,139,10
46771,ext_9db49649,0,129,139,10
46771,ext_9e9684ab,0,129,139,10
46771,ext_9ed8d70e,0,137,139,3
46771,ext_9f468b9c,0,129,139,10
46771,ext_9fb53033,0,129,139,10
46771,ext_a082355d,0,129,139,10
46771,ext_a0acc0aa,0,129,139,10
46771,ext_a132f591,0,129,139,10
46771,ext_a177ec1b,0,130,139,9
46771,ext_a1d178a6,0,129,139,10
46771,ext_a26ed7ac,0,129,139,10
46771,ext_a311521a,0,129,139,10
46771,ext_a377e29e,0,129,139,10
46771,ext_a3bd6464,0,129,139,10
46771,ext_a528d79d,0,129,139,10
46771,ext_a791a381,0,129,139,10
46771,ext_a82d2d55,0,129,139,10
46771,ext_a9109b25,0,129,139,10
46771,ext_abff857f,0,129,139,10
46771,ext_acc4a758,0,129,139,10
46771,ext_adba322e,0,129,139,10
46771,ext_af22d409,0,129,139,10
46771,ext_afff9035,0,129,139,10
46771,ext_b05ef805,0,129,139,10
46771,ext_b2921565,0,129,139,10
46771,ext_b2d13b1b,0,129,139,10
46771,ext_b3c3f94c,0,129,139,10
46771,ext_b60d3408,0,129,139,10
46771,ext_b8863ffe,0,129,139,10
46771,ext_b986fef9,0,129,139,10
46771,ext_bba6dc42,0,129,139,10
46771,ext_bc88d10e,0,129,139,10
46771,ext_bd7de5d8,0,129,139,10
46771,ext_bdc88a65,0,129,139,10
46771,ext_bed113dc,0,129,139,10
46771,ext_bed5022b,0,129,139,10
46771,ext_c17aeac5,0,129,139,10
46771,ext_c2e0b12b,0,129,139,10
46771,ext_c338f1c6,0,129,139,10
46771,ext_c3df066e,0,129,139,10
46771,ext_c43bb9ea,0,129,139,10
46771,ext_c52c4daf,0,129,139,10
46771,ext_c544a146,0,129,139,10
46771,ext_c5494216,0,129,139,10
46771,ext_c846fc19,0,129,139,10
46771,ext_c9c3cb64,0,129,139,10
46771,ext_cb5ca663,0,129,139,10
46771,ext_cb5feff0,0,129,139,10
46771,ext_cc2a66e3,0,129,139,10
46771,ext_ccb67ac8,0,129,139,10
46771,ext_cda5f348,0,129,139,10
46771,ext_cff0eb0d,0,129,139,10
46771,ext_d12e7878,0,129,139,10
46771,ext_d2a343da,0,129,139,10
46771,ext_d2c3cf2d,0,129,139,10
46771,ext_d357a212,0,129,139,10
46771,ext_d4322e00,0,129,139,10
46771,ext_d6ee3d29,0,129,139,10
46771,ext_d839e3ef,0,129,139,10
46771,ext_da019cec,0,52,126,53
46771,ext_da312652,0,129,139,10
46771,ext_da5e8085,0,129,139,10
46771,ext_dc20e6d9,0,129,139,10
46771,ext_dcc5982b,0,131,139,8
46771,ext_debba5fe,0,129,139,10
46771,ext_df1790d2,0,129,139,10
46771,ext_dfb1e393,0,129,139,10
46771,ext_dfd3de8e,0,129,139,10
46771,ext_e0113b56,0,135,139,5
46771,ext_e114d7a4,0,129,139,10
46771,ext_e21eab9a,0,129,139,10
46771,ext_e2c35723,0,129,139,10
46771,ext_e32f1344,0,129,139,10
46771,ext_e45be758,0,129,139,10
46771,ext_e51e4639,0,129,139,10
46771,ext_e7e7aed5,0,129,139,10
46771,ext_e8260bcc,0,129,139,10
46771,ext_e9577b62,0,37,126,67
46771,ext_e9a3a257,0,129,139,10
46771,ext_ea14b776,0,129,139,10
46771,ext_ebc87018,0,129,139,10
46771,ext_ecefb5d5,0,129,139,10
46771,ext_ed465abf,0,129,139,10
46771,ext_edfdd8c5,0,129,139,10
46771,ext_ee05867f,0,129,139,10
46771,ext_f0e7e53d,0,129,139,10
46771,ext_f366ab07,0,137,139,3
46771,ext_f8ce2144,0,129,139,10
46771,ext_fb8e95c7,0,129,139,10
46771,ext_fc42c4f7,0,52,126,53
46771,ext_fccd6f68,0,129,139,10
46771,ext_fdad9a8a,0,129,139,10
46771,ext_fddac10a,0,129,139,10
46771,ext_fe48f75b,0,135,139,5
46771,ext_ff17b1ea,0,129,139,10
46771,ext_ff419c93,0,129,139,10
46771,ext_ff648d9b,0,129,139,10
48187,24760,1,65,190,90
48187,29914,1,65,190,89
48187,32100,1,178,190,13
48187,34853,1,65,190,89
48187,35227,1,65,190,89
48187,46584,1,65,190,89
48187,46771,1,65,190,90
48187,48187,1,65,190,89
48187,83568,1,65,190,89
48187,ext_008885c1,0,87,190,86
48187,ext_011b158c,0,173,190,18
48187,ext_015c7de4,0,65,190,91
48187,ext_020c474a,0,65,190,89
48187,ext_0233e2b7,0,182,190,9
48187,ext_023ed46d,0,65,190,89
48187,ext_0290c126,0,121,190,68
48187,ext_02ffc975,0,173,190,18
48187,ext_0304a145,0,65,190,89
48187,ext_04ce9450,0,173,190,18
48187,ext_04cf8fc2,0,65,190,89
48187,ext_052e4ad6,0,65,190,89
48187,ext_053579b2,0,65,190,89
48187,ext_070d011d,0,65,190,89
48187,ext_0742fbca,0,65,190,89
48187,ext_07be710d,0,118,190,71
48187,ext_08f6ef9e,0,173,190,18
48187,ext_09f3cc2d,0,173,190,18
48187,ext_0a3b28ca,0,173,190,18
48187,ext_0bd90b4e,0,65,190,89
48187,ext_0c2b0d34,0,173,190,18
48187,ext_0c8f8bea,0,173,190,18
48187,ext_0ccc5450,0,113,190,73
48187,ext_0ce21e5f,0,65,190,89
48187,ext_0e53ea98,0,109,190,76
48187,ext_0e92e2c0,0,173,190,18
48187,ext_0eb9393d,0,185,185,1
48187,ext_0f291b56,0,118,190,71
48187,ext_0f30b5a6,0,87,190,86
48187,ext_0fa198b3,0,89,190,84
48187,ext_0fc65c8a,0,65,190,89
48187,ext_10367cba,0,65,190,91
48187,ext_10370e45,0,173,190,18
48187,ext_110066d3,0,65,190,91
48187,ext_111b7a69,0,65,190,89
48187,ext_11397acc,0,173,190,18
48187,ext_1283e5cd,0,173,190,18
48187,ext_1370271d,0,89,190,84
48187,ext_137cbea4,0,87,190,86
48187,ext_13c7efa6,0,65,190,89
48187,ext_147adfdf,0,104,190,80
48187,ext_1536604d,0,65,190,89
48187,ext_155f4a01,0,88,190,85
48187,ext_15af346a,0,65,190,90
48187,ext_16d30af1,0,65,190,89
48187,ext_17ec6ff9,0,159,190,31
48187,ext_1807233e,0,65,190,89
48187,ext_19cdb3e0,0,173,190,18
48187,ext_19f98e8e,0,65,190,89
48187,ext_1bbb92ee,0,65,190,89
48187,ext_1c6ea35c,0,65,190,89
48187,ext_1c8c6a1b,0,65,190,89
48187,ext_1ca80fdf,0,87,190,86
48187,ext_1d63edc7,0,65,190,89
48187,ext_1dd6db49,0,65,190,89
48187,ext_1ded417b,0,173,190,18
48187,ext_1e14fd5d,0,181,190,10
48187,ext_1e35f1da,0,87,190,86
48187,ext_1e3ed3fb,0,69,190,88
48187,ext_1f892a90,0,173,190,18
48187,ext_2090edfb,0,66,190,90
48187,ext_20e5b879,0,173,190,18
48187,ext_213b0c26,0,88,190,85
48187,ext_21889ddf,0,87,190,86
48187,ext_21fcda44,0,173,190,18
48187,ext_227f1593,0,173,190,18
48187,ext_228faa60,0,173,190,18
48187,ext_2347cd21,0,65,190,89
48187,ext_238c65c4,0,173,190,18
48187,ext_23db0a7e,0,173,190,18
48187,ext_240f8180,0,65,190,89
48187,ext_2530a743,0,173,190,18
48187,ext_2572c3e2,0,65,190,89
48187,ext_25b2f9b6,0,65,190,89
48187,ext_25df92a3,0,138,190,53
48187,ext_2689ec78,0,87,190,86
48187,ext_269e363c,0,173,190,18
48187,ext_27b1a530,0,65,190,89
48187,ext_27b94804,0,65,190,89
48187,ext_287fb731,0,135,190,56
48187,ext_288304bb,0,65,190,89
48187,ext_289b73d7,0,183,190,8
48187,ext_28c274e7,0,65,190,91
48187,ext_298bb9f6,0,65,190,89
48187,ext_29f3c53f,0,147,190,43
48187,ext_2b2b0e0d,0,173,190,18
48187,ext_2b62472e,0,65,190,89
48187,ext_2bbdd829,0,173,190,18
48187,ext_2ce0379f,0,87,190,86
48187,ext_2ce3265c,0,173,190,18
48187,ext_2cf1982f,0,65,190,89
48187,ext_2d73d1fd,0,65,190,89
48187,ext_2e9a327e,0,65,190,89
48187,ext_2efc20e5,0,65,190,89
48187,ext_308a28aa,0,65,190,89
48187,ext_316c2633,0,142,190,48
48187,ext_31a5e9e8,0,65,190,89
48187,ext_32471704,0,173,190,18
48187,ext_33214c01,0,113,190,73
48187,ext_340bcf77,0,109,190,76
48187,ext_3442a4f9,0,65,190,89
48187,ext_347c3f3e,0,127,190,63
48187,ext_34bd257b,0,173,190,18
48187,ext_35334a07,0,173,190,18
48187,ext_3591e4a6,0,65,190,89
48187,ext_36247ba0,0,154,190,36
48187,ext_3648bae0,0,118,190,71
48187,ext_3655743d,0,104,190,80
48187,ext_36b79443,0,173,190,18
48187,ext_36bc7243,0,107,190,78
48187,ext_37cf1acf,0,65,190,89
48187,ext_380a580d,0,173,190,18
48187,ext_38c596f6,0,65,190,90
48187,ext_391451e5,0,157,190,33
48187,ext_39ff5d65,0,65,190,89
48187,ext_3a0c21c8,0,132,190,59
48187,ext_3a349d2a,0,65,190,89
48187,ext_3a44f243,0,87,190,86
48187,ext_3ac7d2cb,0,87,190,86
48187,ext_3b9d8b33,0,157,190,33
48187,ext_3bf1ee82,0,65,190,89
48187,ext_3c9f4136,0,173,190,18
48187,ext_3ce55943,0,88,190,85
48187,ext_3d082ce2,0,65,190,89
48187,ext_3d52bc1d,0,173,190,18
48187,ext_3e41aac8,0,65,190,89
48187,ext_3f64a757,0,87,190,86
48187,ext_3f997f45,0,173,190,18
48187,ext_3fb21f4d,0,173,190,18
48187,ext_3fcef765,0,173,190,18
48187,ext_41693e31,0,176,190,15
48187,ext_42f7ff1e,0,65,190,89
48187,ext_4306adc7,0,65,190,89
48187,ext_440d1f47,0,89,185,76
48187,ext_44715080,0,65,190,89
48187,ext_45c37b30,0,65,190,89
48187,ext_4757b846,0,173,190,18
48187,ext_476c834c,0,89,190,84
48187,ext_480fbd6e,0,173,190,18
48187,ext_486764cb,0,165,190,25
48187,ext_487be315,0,88,185,77
48187,ext_48927f39,0,65,190,89
48187,ext_48a115cc,0,173,190,18
48187,ext_48e37175,0,65,190,89
48187,ext_49ad02ab,0,65,190,89
48187,ext_49c6726d,0,65,190,89
48187,ext_49e53eac,0,65,190,89
48187,ext_4a768c57,0,104,190,80
48187,ext_4af47849,0,87,190,86
48187,ext_4b3a622a,0,65,190,89
48187,ext_4b9da0d7,0,173,190,18
48187,ext_4c0149c7,0,65,190,89
48187,ext_4c983973,0,173,190,18
48187,ext_4cb53b4e,0,173,190,18
48187,ext_4d770fab,0,173,190,18
48187,ext_4dd3457d,0,173,190,18
48187,ext_4e29157a,0,173,190,18
48187,ext_4f0a5123,0,173,190,18
48187,ext_5004d46c,0,65,190,89
48187,ext_500c7a7d,0,173,190,18
48187,ext_50a7a0c6,0,173,190,18
48187,ext_514bf286,0,65,190,89
48187,ext_51a26f25,0,65,190,89
48187,ext_529479e7,0,65,190,89
48187,ext_5312a731,0,65,190,89
48187,ext_53522686,0,65,190,89
48187,ext_53e3426f,0,65,190,91
48187,ext_54974367,0,107,185,72
48187,ext_5516ede8,0,65,190,89
48187,ext_55ae19f4,0,65,190,89
48187,ext_55f5cc5a,0,65,190,89
48187,ext_561dd34c,0,65,190,91
48187,ext_5645215b,0,66,190,90
48187,ext_56718aa8,0,65,190,89
48187,ext_56b8eae9,0,119,190,70
48187,ext_56f15702,0,173,190,18
48187,ext_56f7e489,0,89,190,84
48187,ext_57e5aaaf,0,65,171,71
48187,ext_58fc4a29,0,65,190,89
48187,ext_590e4353,0,173,190,18
48187,ext_5a24ce8a,0,173,190,18
48187,ext_5a347b24,0,173,190,18
48187,ext_5a43567b,0,173,190,18
48187,ext_5a83d9ee,0,65,190,89
48187,ext_5b42d333,0,65,190,89
48187,ext_5bd2e48a,0,173,190,18
48187,ext_5bf1b7e3,0,173,190,18
48187,ext_5c704e39,0,173,190,18
48187,ext_5cc826ab,0,65,190,89
48187,ext_5ce29814,0,65,190,89
48187,ext_5d663f0a,0,173,190,18
48187,ext_5f1c52b4,0,107,190,78
48187,ext_60395005,0,65,190,89
48187,ext_61dc1e00,0,65,190,89
48187,ext_62b5fbba,0,173,190,18
48187,ext_62da6ac7,0,157,190,33
48187,ext_62ef2699,0,147,190,43
48187,ext_64a0c5f9,0,118,190,71
48187,ext_64e91d1b,0,173,190,18
48187,ext_66724ccc,0,89,190,84
48187,ext_6703aac3,0,173,190,18
48187,ext_670a2fff,0,185,190,6
48187,ext_673ce87d,0,65,190,89
48187,ext_676186aa,0,173,190,18
48187,ext_67ca5f56,0,173,190,18
48187,ext_68628d87,0,65,190,89
48187,ext_6905d799,0,118,190,71
48187,ext_697824c5,0,65,190,89
48187,ext_698ac4fe,0,87,190,86
48187,ext_6a0d1467,0,104,190,80
48187,ext_6a1acddd,0,65,190,89
48187,ext_6b1ca735,0,65,190,89
48187,ext_6b3a6234,0,173,190,18
48187,ext_6b4a21f9,0,65,190,89
48187,ext_6c3bffa0,0,65,190,89
48187,ext_6d2b74a4,0,65,190,89
48187,ext_6d46152c,0,109,190,76
48187,ext_6d777078,0,173,190,18
48187,ext_6dc0e14a,0,158,185,27
48187,ext_6e490301,0,65,190,91
48187,ext_6e520968,0,65,190,89
48187,ext_6fbbce75,0,87,190,86
48187,ext_70664d93,0,110,190,75
48187,ext_70e65b41,0,87,190,86
48187,ext_7157deb3,0,65,190,89
48187,ext_716a48de,0,65,190,89
48187,ext_73e11719,0,87,190,86
48187,ext_746b787b,0,104,190,80
48187,ext_74ace8e8,0,87,190,86
48187,ext_75ab501f,0,133,190,58
48187,ext_7643da67,0,160,190,31
48187,ext_775a55c1,0,87,190,86
48187,ext_78250fea,0,173,190,18
48187,ext_78ce346c,0,65,190,89
48187,ext_78dfda2d,0,173,190,18
48187,ext_793bbdf0,0,120,190,69
48187,ext_794399c6,0,65,190,89
48187,ext_79ba0c13,0,65,190,89
48187,ext_7a231102,0,173,190,18
48187,ext_7a8f5cca,0,65,190,89
48187,ext_7acf0ffb,0,173,190,18
48187,ext_7b470311,0,65,190,89
48187,ext_7bec38cb,0,65,190,89
48187,ext_7c43d112,0,173,190,18
48187,ext_7c593aac,0,173,190,18
48187,ext_7c69dff9,0,118,190,71
48187,ext_7ce594c6,0,65,190,89
48187,ext_7d0c2e8c,0,173,190,18
48187,ext_7d0ec7c4,0,65,190,89
48187,ext_7dfa534f,0,65,190,89
48187,ext_7e4b3550,0,65,190,89
48187,ext_7ec41ca8,0,65,190,89
48187,ext_7f6e0518,0,173,190,18
48187,ext_7fa636d6,0,65,190,91
48187,ext_808788b4,0,172,190,18
48187,ext_810e2bee,0,87,190,86
48187,ext_812f6657,0,65,190,89
48187,ext_826a8746,0,88,190,85
48187,ext_82b9af97,0,65,190,89
48187,ext_82e1514e,0,65,190,89
48187,ext_833f4bc9,0,154,190,36
48187,ext_8459562a,0,65,190,89
48187,ext_8492880a,0,161,190,29
48187,ext_8502bfd2,0,118,190,71
48187,ext_85925bbc,0,65,190,91
48187,ext_870e9a24,0,88,190,85
48187,ext_879d8a56,0,65,190,89
48187,ext_887913a9,0,87,190,86
48187,ext_88894250,0,173,190,18
48187,ext_888e6977,0,65,190,89
48187,ext_89895620,0,65,190,89
48187,ext_899dbf62,0,65,190,89
48187,ext_8a110e49,0,173,190,18
48187,ext_8b62a769,0,65,190,91
48187,ext_8b9a549e,0,65,190,89
48187,ext_8bfc7554,0,65,190,89
48187,ext_8d135bf9,0,65,190,89
48187,ext_8db0039f,0,66,190,90
48187,ext_8e021fd7,0,105,190,79
48187,ext_8e3bb673,0,65,190,89
48187,ext_8f1da5ce,0,65,190,89
48187,ext_8f252da8,0,173,190,18
48187,ext_8f4939e7,0,173,190,18
48187,ext_90aba01b,0,65,190,89
48187,ext_912e0eba,0,65,190,89
48187,ext_91508f1a,0,173,190,18
48187,ext_91d57de0,0,65,190,89
48187,ext_921090d9,0,173,190,18
48187,ext_925e47a5,0,173,190,18
48187,ext_930d9d8d,0,65,190,89
48187,ext_93633172,0,173,190,18
48187,ext_937e32db,0,156,190,34
48187,ext_94a2d4e5,0,90,190,83
48187,ext_96687428,0,65,190,89
48187,ext_97768eed,0,173,190,18
48187,ext_97beedfd,0,65,190,89
48187,ext_99759689,0,87,190,86
48187,ext_99e6b419,0,159,190,31
48187,ext_9a38ba93,0,65,190,89
48187,ext_9a7ab158,0,173,190,18
48187,ext_9b34be41,0,65,190,89
48187,ext_9c760e5c,0,173,190,18
48187,ext_9d4278d1,0,65,190,91
48187,ext_9d5df121,0,65,190,89
48187,ext_9d7bead4,0,173,190,18
48187,ext_9d8a5c92,0,65,190,89
48187,ext_9d9b7d18,0,37,48,12
48187,ext_9dc59a90,0,65,190,89
48187,ext_9dd884e4,0,137,190,54
48187,ext_9de758ea,0,173,190,18
48187,ext_9e3957f4,0,173,190,18
48187,ext_9e92564b,0,65,190,89
48187,ext_9edccf13,0,149,190,41
48187,ext_9f2b1d6f,0,173,190,18
48187,ext_9fe696e7,0,173,190,18
48187,ext_a04ba158,0,173,190,18
48187,ext_a0552e40,0,65,190,90
48187,ext_a069c965,0,65,190,89
48187,ext_a0e76039,0,136,190,55
48187,ext_a1ee0522,0,65,190,89
48187,ext_a251398a,0,65,190,89
48187,ext_a2c4db76,0,65,190,89
48187,ext_a312837b,0,65,190,89
48187,ext_a362978c,0,173,190,18
48187,ext_a38fb2a4,0,65,190,89
48187,ext_a3aa62dc,0,65,190,89
48187,ext_a3e8a5e0,0,65,190,89
48187,ext_a3ef67b9,0,110,190,75
48187,ext_a46220c1,0,65,190,89
48187,ext_a532553a,0,173,190,18
48187,ext_a5acb455,0,173,190,18
48187,ext_a5f5e29a,0,87,190,86
48187,ext_a6129617,0,65,190,91
48187,ext_a901e5bd,0,65,190,89
48187,ext_a9a1ecf1,0,173,190,18
48187,ext_a9c5a717,0,108,190,77
48187,ext_ab1b5796,0,173,190,18
48187,ext_abc16d4e,0,172,190,19
48187,ext_abfa3eb2,0,87,190,86
48187,ext_abfc3a04,0,173,190,18
48187,ext_abfd2b58,0,65,190,89
48187,ext_abff857f,0,109,190,76
48187,ext_accffddc,0,65,114,19
48187,ext_acef1714,0,173,190,18
48187,ext_ad67cc31,0,173,190,18
48187,ext_ad947c8e,0,118,190,70
48187,ext_adfa0fce,0,65,190,89
48187,ext_ae352557,0,173,190,18
48187,ext_aea11344,0,65,190,89
48187,ext_aebadad7,0,148,190,42
48187,ext_aeee159f,0,65,190,89
48187,ext_b0c5e396,0,87,190,86
48187,ext_b1380de8,0,65,190,89
48187,ext_b1c31588,0,65,190,89
48187,ext_b202df27,0,137,190,54
48187,ext_b32c53cf,0,65,190,91
48187,ext_b439114f,0,65,190,89
48187,ext_b4488a71,0,65,190,89
48187,ext_b47cad88,0,152,190,38
48187,ext_b499e146,0,173,190,18
48187,ext_b4e86bc2,0,173,190,18
48187,ext_b4e933c4,0,65,190,89
48187,ext_b5d24900,0,65,190,89
48187,ext_b60ce6c1,0,185,185,1
48187,ext_b61722c3,0,65,190,89
48187,ext_b6e98a00,0,173,190,18
48187,ext_b70652ec,0,65,190,89
48187,ext_b8942236,0,65,190,89
48187,ext_b898c42d,0,173,190,18
48187,ext_b8f39dfb,0,175,190,16
48187,ext_b9ee16cd,0,173,190,18
48187,ext_ba2401eb,0,160,185,25
48187,ext_ba2e3c6f,0,173,190,18
48187,ext_bb02f3f1,0,173,190,18
48187,ext_bbeab162,0,65,190,91
48187,ext_bce28e4a,0,144,190,46
48187,ext_bdad1fa2,0,173,190,18
48187,ext_bddafa86,0,169,185,16
48187,ext_bfccac5c,0,69,190,88
48187,ext_c007ed2f,0,65,190,89
48187,ext_c03323e1,0,65,190,89
48187,ext_c088ff18,0,173,190,18
48187,ext_c1813a9b,0,65,190,91
48187,ext_c1c5749d,0,107,190,78
48187,ext_c21894c4,0,173,190,18
48187,ext_c2f83d5e,0,65,190,89
48187,ext_c3059560,0,110,190,75
48187,ext_c39b6a3e,0,173,190,18
48187,ext_c489eb27,0,87,190,86
48187,ext_c4ac6ae7,0,110,190,75
48187,ext_c54efe8e,0,65,190,89
48187,ext_c55da4fe,0,173,190,18
48187,ext_c570d76a,0,173,190,18
48187,ext_c57c5ccd,0,65,190,91
48187,ext_c5a3611f,0,89,185,76
48187,ext_c5b1bf02,0,65,190,89
48187,ext_c5e63cef,0,118,190,71
48187,ext_c67b590c,0,173,190,18
48187,ext_c6c6d8e1,0,65,190,89
48187,ext_ca828e52,0,65,190,90
48187,ext_ca905683,0,65,190,89
48187,ext_ca9da53b,0,173,190,18
48187,ext_ca9ffcc6,0,173,190,18
48187,ext_caae2599,0,65,190,89
48187,ext_cb0cdfe7,0,65,190,91
48187,ext_cb8975f3,0,173,190,18
48187,ext_cbc131ba,0,162,190,28
48187,ext_cc7e42f7,0,65,190,89
48187,ext_ccfee6e4,0,88,185,77
48187,ext_cd12967b,0,65,190,90
48187,ext_cd427a8a,0,65,190,89
48187,ext_cd5992ee,0,173,190,18
48187,ext_ce283529,0,65,190,89
48187,ext_cef86d55,0,65,190,89
48187,ext_cf016e93,0,65,190,89
48187,ext_d0ecb6d5,0,173,190,18
48187,ext_d16aa6ea,0,173,190,18
48187,ext_d1ac95f2,0,65,190,89
48187,ext_d1fb3272,0,173,190,18
48187,ext_d2214f08,0,173,190,18
48187,ext_d296fc6e,0,173,190,18
48187,ext_d2e3d94f,0,89,190,84
48187,ext_d399cf2c,0,65,190,90
48187,ext_d3c1db1a,0,173,190,18
48187,ext_d3ec9ce6,0,69,190,88
48187,ext_d4370f48,0,65,190,89
48187,ext_d43f6a5e,0,173,190,18
48187,ext_d53117ce,0,65,190,89
48187,ext_d55ef97e,0,65,190,89
48187,ext_d561ded4,0,65,190,89
48187,ext_d59fc6e9,0,173,190,18
48187,ext_d5e68ffb,0,173,190,18
48187,ext_d6857821,0,173,190,18
48187,ext_d68a8e26,0,65,190,89
48187,ext_d7778e5e,0,65,190,89
48187,ext_d77c5841,0,69,190,88
48187,ext_d7e4359a,0,151,190,39
48187,ext_d8f635fe,0,65,190,89
48187,ext_d93bf06d,0,111,190,74
48187,ext_d9441931,0,174,190,17
48187,ext_d94c0d7b,0,65,190,89
48187,ext_d9c49e22,0,173,190,18
48187,ext_d9d7d039,0,154,190,36
48187,ext_d9e30e16,0,173,190,18
48187,ext_daf40488,0,173,190,18
48187,ext_db2be32d,0,108,190,77
48187,ext_db943d7a,0,65,190,89
48187,ext_dbce4884,0,141,190,49
48187,ext_dc054c51,0,173,190,18
48187,ext_dc3a343a,0,125,190,65
48187,ext_dc4e77c1,0,141,190,49
48187,ext_dd09b0a0,0,172,190,19
48187,ext_dd101360,0,154,190,36
48187,ext_dd40f9e9,0,65,190,89
48187,ext_ddbe2cfb,0,173,190,18
48187,ext_ddc6f347,0,164,164,1
48187,ext_de230879,0,65,190,89
48187,ext_deee61f8,0,173,190,18
48187,ext_defbe14b,0,173,190,18
48187,ext_df3a908d,0,65,190,90
48187,ext_df47e211,0,69,190,88
48187,ext_e0195f30,0,65,190,89
48187,ext_e03969bb,0,184,190,7
48187,ext_e0963a38,0,87,190,86
48187,ext_e1141f57,0,107,190,78
48187,ext_e12cbf1c,0,87,190,86
48187,ext_e1e8d22c,0,65,190,89
48187,ext_e29b7a06,0,173,190,18
48187,ext_e2a5f191,0,173,190,18
48187,ext_e32f1344,0,69,190,88
48187,ext_e3522226,0,65,190,89
48187,ext_e4241984,0,65,190,89
48187,ext_e455e691,0,65,190,89
48187,ext_e4d838f2,0,173,190,18
48187,ext_e4ed9d2f,0,65,190,89
48187,ext_e508ac01,0,65,190,89
48187,ext_e58b054e,0,148,170,3
48187,ext_e5c584cc,0,65,158,58
48187,ext_e5f727f4,0,65,190,89
48187,ext_e66f89be,0,87,190,86
48187,ext_e99a4332,0,65,190,89
48187,ext_e9def6de,0,65,190,91
48187,ext_e9e4361b,0,88,185,77
48187,ext_ea7b7059,0,65,190,89
48187,ext_eaf559f5,0,65,190,89
48187,ext_eb5ecde5,0,173,190,18
48187,ext_eb69e678,0,173,190,18
48187,ext_ec9a540b,0,88,185,77
48187,ext_eca4afbf,0,65,190,91
48187,ext_ed28478f,0,173,190,18
48187,ext_eea707b9,0,65,190,91
48187,ext_ef67df43,0,65,190,89
48187,ext_f014cbe9,0,65,190,89
48187,ext_f06959c1,0,65,190,89
48187,ext_f102c51f,0,138,190,53
48187,ext_f11f2bb9,0,173,190,18
48187,ext_f135d1e5,0,173,190,18
48187,ext_f20e7b0c,0,87,190,86
48187,ext_f236feb2,0,65,190,89
48187,ext_f2551655,0,173,190,18
48187,ext_f2795434,0,173,190,18
48187,ext_f28a045e,0,65,190,91
48187,ext_f2e01cc6,0,107,190,78
48187,ext_f2f3bd1e,0,150,190,40
48187,ext_f2fb1bfb,0,65,190,89
48187,ext_f3ef306b,0,173,190,18
48187,ext_f4386464,0,65,190,89
48187,ext_f455208d,0,65,190,89
48187,ext_f4eabc18,0,173,190,18
48187,ext_f586e307,0,154,190,36
48187,ext_f65416a8,0,87,190,86
48187,ext_f6b66fa2,0,173,190,18
48187,ext_f6bef7ef,0,65,190,89
48187,ext_f7125187,0,173,190,18
48187,ext_f7709a26,0,173,190,18
48187,ext_f7da3125,0,65,190,89
48187,ext_f7e7c8f5,0,65,190,89
48187,ext_f81a8c82,0,65,190,89
48187,ext_f9546694,0,87,190,86
48187,ext_fa59be49,0,65,190,89
48187,ext_fb0f14d3,0,154,190,36
48187,ext_fb825bb9,0,65,190,89
48187,ext_fb84034c,0,65,190,89
48187,ext_fca9935e,0,87,190,86
48187,ext_fcc51a6f,0,65,190,89
48187,ext_fcf52297,0,124,185,60
48187,ext_fd982850,0,65,190,89
48187,ext_fdc20015,0,173,190,18
48187,ext_fddac10a,0,65,190,89
48187,ext_fe8f118d,0,65,190,89
48187,ext_feab8fed,0,65,190,89
48187,ext_fefd73bd,0,65,190,89
48187,ext_ff23f7f0,0,65,190,89
48990,11692,1,59,88,26
48990,71518,1,59,88,26
48990,95426,1,59,88,26
48990,ext_03898db3,0,59,88,26
48990,ext_04c4652f,0,59,88,26
48990,ext_0691e627,0,59,88,26
48990,ext_1a321e86,0,59,88,26
48990,ext_1bbb92ee,0,66,88,22
48990,ext_1c9978ad,0,59,88,26
48990,ext_1defc7f1,0,59,70,9
48990,ext_3591e4a6,0,59,88,26
48990,ext_38d7910d,0,77,88,12
48990,ext_4daeffa1,0,59,88,26
48990,ext_6cf0c091,0,59,88,26
48990,ext_7d783db1,0,85,88,4
48990,ext_8c3e933a,0,59,88,26
48990,ext_8ec182fb,0,59,88,26
48990,ext_a18d8485,0,59,88,26
48990,ext_a3ef67b9,0,68,88,20
48990,ext_a7e64828,0,59,88,26
48990,ext_ab92e6ce,0,59,88,26
48990,ext_ae7ba465,0,59,88,26
48990,ext_ce6cbcfb,0,59,88,26
48990,ext_d3bfcb46,0,75,88,13
48990,ext_d46e62aa,0,59,88,26
48990,ext_d74a35db,0,59,88,26
48990,ext_d77c5841,0,59,88,26
48990,ext_dd09b0a0,0,77,88,12
48990,ext_e0072007,0,59,88,26
48990,ext_e1060c6b,0,59,88,26
48990,ext_e1b5e406,0,59,88,26
48990,ext_e5c584cc,0,59,88,26
48990,ext_e6a1e13d,0,59,88,26
48990,ext_ed3abc1d,0,71,88,17
48990,ext_eea707b9,0,59,88,26
48990,ext_ff597576,0,59,88,26
49294,51597,1,65,147,64
49294,ext_09f0e976,0,127,147,15
49294,ext_0b4d78a1,0,65,147,64
49294,ext_11fb2606,0,65,147,64
49294,ext_1252b117,0,65,147,64
49294,ext_129c7a47,0,127,147,15
49294,ext_15af18e2,0,132,147,11
49294,ext_161c3bc5,0,65,147,64
49294,ext_1d3628e5,0,65,147,64
49294,ext_22ab449d,0,69,147,61
49294,ext_23c25de9,0,65,147,64
49294,ext_2c19109b,0,65,147,64
49294,ext_320189a1,0,65,147,64
49294,ext_326f8a20,0,65,147,64
49294,ext_349a2c2d,0,65,147,64
49294,ext_36892030,0,102,147,32
49294,ext_4246c74c,0,87,147,47
49294,ext_47af1f55,0,92,147,42
49294,ext_48cae51e,0,65,147,53
49294,ext_48f40b68,0,65,147,64
49294,ext_4c5ba3e8,0,65,147,64
49294,ext_4f0c4219,0,65,147,64
49294,ext_5a1fb55d,0,132,147,11
49294,ext_5c64fd7d,0,65,147,64
49294,ext_5e5c72bb,0,130,147,13
49294,ext_5fb59cc5,0,65,147,64
49294,ext_6c084feb,0,65,147,64
49294,ext_6fff534e,0,65,147,64
49294,ext_7042c32f,0,106,147,28
49294,ext_747c0616,0,65,147,64
49294,ext_781e2a2d,0,106,147,28
49294,ext_79f96a89,0,69,147,61
49294,ext_8e818103,0,85,147,48
49294,ext_98fbec93,0,126,147,16
49294,ext_a0110b7b,0,130,147,13
49294,ext_a4c025ee,0,65,147,64
49294,ext_aa7bba2d,0,65,147,64
49294,ext_b56938a8,0,65,147,64
49294,ext_b9df8aff,0,94,147,40
49294,ext_bc48cd47,0,106,147,28
49294,ext_c7cbb29c,0,126,147,16
49294,ext_cbc4ef78,0,65,147,64
49294,ext_ced9eb13,0,65,147,64
49294,ext_d31a0eb8,0,65,147,64
49294,ext_d3655105,0,103,147,31
49294,ext_d7842dce,0,65,147,64
49294,ext_e5e398b3,0,69,147,61
49294,ext_f1b3a57d,0,65,147,64
49294,ext_ff09a6f8,0,126,147,16
49597,10841,1,59,124,40
49597,39783,1,59,124,40
49597,40557,1,59,124,40
49597,40997,1,59,124,40
49597,88133,1,59,124,40
49597,ext_0073f71f,0,119,124,6
49597,ext_0326be4e,0,59,124,40
49597,ext_15e5d88f,0,59,124,40
49597,ext_19dd0436,0,59,124,40
49597,ext_1fdc814a,0,108,124,12
49597,ext_244a3a4c,0,59,124,41
49597,ext_26fb4085,0,59,124,40
49597,ext_28a73ec3,0,123,124,2
49597,ext_32dc753d,0,59,124,40
49597,ext_3d082ce2,0,59,124,40
49597,ext_3dff0566,0,111,124,10
49597,ext_3e218634,0,72,124,31
49597,ext_45c37b30,0,59,124,40
49597,ext_49440310,0,59,124,40
49597,ext_53a039cc,0,59,124,40
49597,ext_545e3afd,0,107,124,13
49597,ext_54e1867c,0,111,124,10
49597,ext_5d7f2718,0,59,124,40
49597,ext_5f6cf505,0,59,124,40
49597,ext_612ddef3,0,108,124,12
49597,ext_6a564c0a,0,59,124,40
49597,ext_73b6d0a0,0,59,124,40
49597,ext_74348b3e,0,123,124,2
49597,ext_76c9d038,0,107,124,13
49597,ext_806f330f,0,59,124,40
49597,ext_812cf312,0,107,124,13
49597,ext_8245b77c,0,108,124,12
49597,ext_8492880a,0,59,124,40
49597,ext_8589af3e,0,59,124,40
49597,ext_897d5dc4,0,59,124,40
49597,ext_8e78c1cf,0,59,124,40
49597,ext_9168cd56,0,59,124,40
49597,ext_916e6b41,0,59,124,40
49597,ext_92882e91,0,59,124,40
49597,ext_941ebd62,0,107,124,13
49597,ext_a0ea53db,0,59,124,40
49597,ext_a425e664,0,59,124,40
49597,ext_a83b6c1b,0,59,124,40
49597,ext_a8a45190,0,59,124,40
49597,ext_aad966ac,0,59,124,40
49597,ext_ae385712,0,59,124,40
49597,ext_b287aecc,0,59,124,40
49597,ext_c2abc976,0,59,124,40
49597,ext_c36e5a71,0,59,124,40
49597,ext_c62442fc,0,59,124,40
49597,ext_cc64e898,0,59,124,40
49597,ext_d43330a3,0,59,124,40
49597,ext_d5accaf1,0,59,124,40
49597,ext_d80eb1a9,0,113,124,8
49597,ext_dcd0bc78,0,119,124,6
49597,ext_e32c4506,0,59,124,40
49597,ext_ea699e9c,0,59,124,40
49597,ext_ed37f0be,0,59,124,40
49597,ext_efe44ad7,0,59,124,40
49597,ext_f5011f1c,0,59,124,40
49597,ext_f85dda7d,0,59,124,40
50181,22931,1,62,131,67
50181,37617,1,73,131,56
50181,40997,1,112,131,17
50181,50181,1,62,131,67
50181,50947,1,62,131,67
50181,62555,1,62,131,67
50181,ext_00affe32,0,62,131,67
50181,ext_01d29862,0,102,131,27
50181,ext_043368d8,0,62,131,67
50181,ext_0471b2a7,0,62,131,67
50181,ext_04ab4932,0,97,131,32
50181,ext_07c56e65,0,106,131,23
50181,ext_08d2ddad,0,62,131,67
50181,ext_0a1fe58b,0,116,131,14
50181,ext_0bf5555b,0,97,131,32
50181,ext_0d232bf4,0,83,131,46
50181,ext_0e5f7b51,0,62,131,67
50181,ext_0f0a413b,0,62,131,67
50181,ext_119cf14c,0,122,131,8
50181,ext_133192f4,0,62,131,67
50181,ext_1495128a,0,77,131,52
50181,ext_1509eafd,0,62,131,67
50181,ext_17fe153e,0,98,131,31
50181,ext_1a6952e7,0,62,131,67
50181,ext_1d872a30,0,81,131,48
50181,ext_1e8ad47a,0,91,131,38
50181,ext_21f11cba,0,62,131,67
50181,ext_3243cd6d,0,112,131,17
50181,ext_347c3f3e,0,97,131,32
50181,ext_34e5e533,0,62,131,67
50181,ext_3563aa2c,0,62,131,67
50181,ext_35ddb7b2,0,85,131,44
50181,ext_374773f5,0,62,105,44
50181,ext_38236ebe,0,62,131,67
50181,ext_398d6f94,0,62,131,67
50181,ext_3adc2eec,0,62,131,67
50181,ext_3b08e4fb,0,62,131,67
50181,ext_3c72c935,0,62,131,67
50181,ext_3c8aea78,0,85,131,44
50181,ext_3cfa2d1a,0,85,131,44
50181,ext_3d189531,0,103,131,26
50181,ext_3e2545d0,0,62,131,67
50181,ext_3ff53bb6,0,68,131,61
50181,ext_44da437c,0,62,131,67
50181,ext_454e44fd,0,123,131,7
50181,ext_45c37b30,0,62,131,67
50181,ext_4603a809,0,106,131,23
50181,ext_46f0b5a6,0,88,131,41
50181,ext_47ceaea6,0,62,131,67
50181,ext_4cf44647,0,62,131,67
50181,ext_50c4a7b1,0,112,131,17
50181,ext_50d38110,0,110,131,19
50181,ext_51cc915d,0,62,131,67
50181,ext_51ed8b99,0,62,131,67
50181,ext_53a039cc,0,62,131,67
50181,ext_53f40d42,0,62,131,67
50181,ext_542e82cc,0,62,131,67
50181,ext_54b46724,0,91,131,38
50181,ext_567fbe9a,0,62,131,67
50181,ext_569540a3,0,114,131,16
50181,ext_582a2fd1,0,62,131,67
50181,ext_58e4d801,0,62,131,67
50181,ext_5b06defa,0,62,131,67
50181,ext_5b55a973,0,62,131,67
50181,ext_5d5c2327,0,85,131,44
50181,ext_5e9fbdeb,0,118,131,12
50181,ext_5f2657d9,0,78,131,51
50181,ext_612adbc2,0,62,131,67
50181,ext_6248cc80,0,62,131,67
50181,ext_63f9e5f9,0,62,131,67
50181,ext_648a227f,0,62,131,67
50181,ext_66025ac6,0,85,131,44
50181,ext_6833fcbc,0,106,131,23
50181,ext_68e1db75,0,62,131,67
50181,ext_6efcdbac,0,125,131,5
50181,ext_74e8d1b7,0,106,131,23
50181,ext_76c93d98,0,62,131,67
50181,ext_78c0c267,0,112,131,17
50181,ext_7a9b719f,0,97,131,32
50181,ext_7ab5d3f1,0,122,131,8
50181,ext_7f871d00,0,110,131,19
50181,ext_811218ee,0,106,131,23
50181,ext_82dede99,0,62,131,67
50181,ext_839c5fc9,0,85,131,44
50181,ext_862ca903,0,69,131,60
50181,ext_8a7a27a1,0,62,131,67
50181,ext_8b19109d,0,62,131,67
50181,ext_8c1787ad,0,112,131,17
50181,ext_90b3bd3c,0,85,131,44
50181,ext_90c93961,0,62,131,67
50181,ext_91555e5b,0,88,131,41
50181,ext_91c9dcaa,0,106,131,23
50181,ext_926f3d65,0,62,105,24
50181,ext_94f8bda3,0,62,131,67
50181,ext_95904717,0,71,131,58
50181,ext_95f72cc9,0,62,131,67
50181,ext_a45e313a,0,85,131,44
50181,ext_a6760123,0,62,131,67
50181,ext_a7afd4db,0,62,131,67
50181,ext_a9120014,0,87,131,42
50181,ext_a93258dd,0,62,131,67
50181,ext_ad5758de,0,62,131,67
50181,ext_adc7011f,0,62,105,24
50181,ext_afcf0ff8,0,62,131,67
50181,ext_b3371afe,0,125,131,5
50181,ext_b44c29b2,0,96,131,33
50181,ext_b57aa8d8,0,62,131,67
50181,ext_b745a621,0,116,131,14
50181,ext_b765593d,0,62,131,67
50181,ext_bbd8faac,0,110,131,19
50181,ext_c120c0e6,0,62,131,67
50181,ext_c295a7c7,0,73,131,56
50181,ext_cb60ab7a,0,114,131,16
50181,ext_d04d57cd,0,62,131,67
50181,ext_dbcd8bdc,0,62,131,67
50181,ext_dce71c69,0,62,131,67
50181,ext_dd40ba8e,0,62,131,67
50181,ext_dd4879dc,0,71,105,15
50181,ext_de55ce9d,0,119,131,11
50181,ext_dee11b68,0,62,131,67
50181,ext_e0070533,0,62,131,67
50181,ext_e14f415a,0,62,131,67
50181,ext_e3c565dd,0,62,131,67
50181,ext_eaa82918,0,62,131,67
50181,ext_ee98e9dc,0,62,131,41
50181,ext_f201f9de,0,62,131,67
50181,ext_f2719f1a,0,106,131,23
50181,ext_f4309644,0,62,131,67
50181,ext_f575fcf5,0,79,131,50
50181,ext_fa3e4e6c,0,62,131,67
50181,ext_fb8b50bd,0,75,131,44
50181,ext_fbb24000,0,106,131,23
50181,ext_fce8edb2,0,62,131,67
50181,ext_fffa6e81,0,105,131,24
50709,24760,1,65,116,14
50709,50709,1,65,99,7
50709,71518,1,65,116,14
50709,ext_009fb8a3,0,107,116,8
50709,ext_01aaa314,0,65,116,16
50709,ext_0511d18a,0,65,65,1
50709,ext_05e63951,0,65,116,14
50709,ext_07bd756b,0,65,116,14
50709,ext_09fc4236,0,90,116,9
50709,ext_0bed9794,0,65,116,26
50709,ext_0ea2339b,0,65,116,15
50709,ext_0efc3505,0,107,116,8
50709,ext_0f8d07b3,0,65,116,27
50709,ext_0fd2f415,0,65,116,12
50709,ext_1075a81b,0,90,116,9
50709,ext_109c1b58,0,65,90,4
50709,ext_11ccc801,0,65,77,2
50709,ext_12257749,0,65,116,15
50709,ext_144c324c,0,65,91,8
50709,ext_1903dfd8,0,65,116,22
50709,ext_1ace9ad0,0,65,116,29
50709,ext_1bbb92ee,0,65,116,14
50709,ext_1d6f4b76,0,65,116,12
50709,ext_1eb74885,0,65,116,15
50709,ext_23345af4,0,65,116,17
50709,ext_24217171,0,107,116,8
50709,ext_288304bb,0,77,116,11
50709,ext_28b429e8,0,65,83,3
50709,ext_2bccb70d,0,77,116,11
50709,ext_2f6427d4,0,65,116,27
50709,ext_32446962,0,65,116,15
50709,ext_3427a0c3,0,107,116,8
50709,ext_36c1e59e,0,77,116,11
50709,ext_3703e63c,0,107,116,8
50709,ext_3761ece7,0,107,116,8
50709,ext_3d082ce2,0,65,116,12
50709,ext_4166b2ac,0,65,116,16
50709,ext_45c37b30,0,65,116,15
50709,ext_4bb327ab,0,65,116,14
50709,ext_4cfb2727,0,90,116,9
50709,ext_4e0b4124,0,107,116,8
50709,ext_50be7c7e,0,107,116,8
50709,ext_52c34956,0,65,116,13
50709,ext_540aa3a7,0,65,116,16
50709,ext_543411c4,0,65,116,15
50709,ext_5568b112,0,65,116,24
50709,ext_57287a88,0,65,116,12
50709,ext_57ef89ee,0,77,90,3
50709,ext_5b320e4a,0,65,116,12
50709,ext_5c1b8f5b,0,65,116,12
50709,ext_5e4d3f76,0,90,116,9
50709,ext_64158693,0,65,116,14
50709,ext_665bc63f,0,65,116,12
50709,ext_68182b19,0,65,116,12
50709,ext_6b807ac8,0,65,116,15
50709,ext_6d2a7d70,0,65,116,13
50709,ext_6dec8bc0,0,65,77,2
50709,ext_710e9e3a,0,65,116,15
50709,ext_7189e834,0,112,116,4
50709,ext_7459e990,0,65,116,14
50709,ext_74dc5df9,0,65,116,14
50709,ext_786cc89d,0,107,116,8
50709,ext_7c23ab93,0,107,116,8
50709,ext_7d783db1,0,65,116,12
50709,ext_7de5752c,0,65,116,13
50709,ext_7e6bbda7,0,65,116,12
50709,ext_83e401ff,0,65,116,12
50709,ext_8433e910,0,65,116,12
50709,ext_85b0f349,0,65,116,12
50709,ext_89eda5cd,0,65,116,28
50709,ext_8b911566,0,77,116,11
50709,ext_91d1b3cd,0,65,116,27
50709,ext_91d57de0,0,77,116,11
50709,ext_920329e7,0,107,116,8
50709,ext_93781a8d,0,107,116,8
50709,ext_948a65ee,0,65,116,17
50709,ext_966182c0,0,69,116,21
50709,ext_979e4c0c,0,90,116,9
50709,ext_9a8bd855,0,65,116,14
50709,ext_9e276c91,0,65,116,17
50709,ext_9e5ea231,0,65,116,12
50709,ext_a18d8485,0,65,99,6
50709,ext_a1bafb6f,0,65,116,14
50709,ext_a2eb950c,0,65,116,12
50709,ext_a6039355,0,65,116,29
50709,ext_a9c5a717,0,108,116,7
50709,ext_a9d13824,0,65,116,14
50709,ext_ab92e6ce,0,65,116,14
50709,ext_ad2af5fc,0,65,116,15
50709,ext_aec571bd,0,112,116,4
50709,ext_b0d38909,0,65,116,13
50709,ext_b1064af8,0,65,116,16
50709,ext_b1eeea30,0,65,116,15
50709,ext_b4145035,0,65,116,12
50709,ext_b6820db2,0,107,116,8
50709,ext_b6d2e17d,0,65,116,16
50709,ext_b741f8c9,0,65,116,15
50709,ext_b7aa49f2,0,65,116,12
50709,ext_b95b5b67,0,65,99,6
50709,ext_baa401dd,0,65,116,18
50709,ext_bcef2e1a,0,65,116,12
50709,ext_be0c6d1f,0,107,116,8
50709,ext_bfb710ce,0,110,116,5
50709,ext_c3605ad9,0,65,116,12
50709,ext_c384b5bb,0,65,116,12
50709,ext_c712b06e,0,107,116,8
50709,ext_ca98f7e5,0,65,116,14
50709,ext_cf013bc8,0,90,116,9
50709,ext_cfc326ff,0,65,116,12
50709,ext_d0c34dd9,0,65,116,15
50709,ext_d0e16cf7,0,65,116,15
50709,ext_d2e08288,0,65,116,14
50709,ext_d31609b6,0,90,116,9
50709,ext_dabdd8bf,0,65,116,12
50709,ext_db30a214,0,65,99,7
50709,ext_db945d0e,0,65,116,27
50709,ext_e0e61625,0,65,116,16
50709,ext_e2bea395,0,65,116,23
50709,ext_e4641543,0,65,116,17
50709,ext_e7b271e0,0,65,107,7
50709,ext_e7c4b586,0,107,116,8
50709,ext_ebec17b5,0,114,116,3
50709,ext_ec946edf,0,65,83,3
50709,ext_ed83a9fd,0,83,116,10
50709,ext_f39232bc,0,83,83,1
50709,ext_f628ca5a,0,65,116,15
50709,ext_f9483edf,0,65,116,15
50709,ext_f9e7308b,0,65,116,20
50709,ext_ff597576,0,65,116,14
50869,13799,1,104,136,27
50869,23144,1,63,136,41
50869,23642,1,62,136,44
50869,25544,1,123,136,10
50869,46160,1,80,136,34
50869,50869,1,63,74,5
50869,51597,1,123,136,10
50869,57637,1,63,136,41
50869,69065,1,63,136,41
50869,85596,1,78,136,35
50869,ext_0036847c,0,63,136,41
50869,ext_0179c665,0,61,136,46
50869,ext_032e875d,0,129,136,6
50869,ext_038979da,0,107,136,26
50869,ext_043fc564,0,63,136,41
50869,ext_04adacdc,0,107,136,26
50869,ext_04b14c21,0,109,136,24
50869,ext_05716b9c,0,110,136,23
50869,ext_09f0e976,0,62,136,42
50869,ext_0a1cf134,0,113,136,20
50869,ext_0b18baa5,0,110,136,23
50869,ext_0b242bc9,0,112,136,21
50869,ext_0e89ac02,0,107,136,26
50869,ext_0fb7434e,0,63,136,41
50869,ext_116341e2,0,114,136,19
50869,ext_1362a0b3,0,62,136,46
50869,ext_13f3cf89,0,62,136,44
50869,ext_146a11f5,0,107,136,26
50869,ext_14eb5220,0,107,136,26
50869,ext_15625eab,0,62,136,43
50869,ext_1604943e,0,62,136,42
50869,ext_1871fd36,0,62,136,43
50869,ext_188268d1,0,71,136,39
50869,ext_18e3aadb,0,107,136,26
50869,ext_191a6a61,0,62,136,46
50869,ext_1a463a89,0,63,136,41
50869,ext_1b254a45,0,110,136,23
50869,ext_1bd48bd8,0,62,136,42
50869,ext_1ff01b1f,0,115,136,18
50869,ext_217501db,0,62,136,42
50869,ext_26f65e2b,0,63,136,41
50869,ext_28408033,0,63,136,41
50869,ext_28f942af,0,62,136,43
50869,ext_2aa454cb,0,62,75,7
50869,ext_2b81844c,0,130,136,5
50869,ext_2b849548,0,62,136,43
50869,ext_2bff1dde,0,62,129,37
50869,ext_2c557a56,0,63,136,41
50869,ext_3134ca60,0,61,136,46
50869,ext_32147b94,0,62,136,46
50869,ext_326062de,0,62,136,42
50869,ext_32a94895,0,63,136,41
50869,ext_34fc7c24,0,129,136,6
50869,ext_37c67761,0,62,104,16
50869,ext_38ab1dbc,0,62,136,42
50869,ext_38c844ca,0,107,136,26
50869,ext_39daa412,0,62,136,42
50869,ext_3a106e2f,0,129,136,6
50869,ext_3cf2c74b,0,71,136,39
50869,ext_3daea5a6,0,107,136,26
50869,ext_3f3bc4a6,0,63,136,41
50869,ext_3ff53bb6,0,62,136,42
50869,ext_40e558c5,0,61,136,47
50869,ext_41625765,0,110,136,23
50869,ext_41b5f010,0,84,136,32
50869,ext_439b7736,0,63,136,41
50869,ext_45726ed7,0,63,136,41
50869,ext_45c37b30,0,62,136,44
50869,ext_46b2c30b,0,62,136,43
50869,ext_46bffdb5,0,123,136,10
50869,ext_46c8cb45,0,107,136,26
50869,ext_46c91408,0,62,136,45
50869,ext_47f09090,0,88,136,30
50869,ext_4b058ce3,0,62,136,45
50869,ext_4b31d6e8,0,62,136,46
50869,ext_4bb88879,0,108,136,25
50869,ext_4be9853e,0,104,136,27
50869,ext_4cee73bf,0,61,136,47
50869,ext_4d14e6be,0,62,136,46
50869,ext_4deaee3b,0,104,136,27
50869,ext_4e3775e7,0,107,136,26
50869,ext_4ff9f9c4,0,108,136,25
50869,ext_50c869bd,0,133,136,2
50869,ext_510087d5,0,62,136,44
50869,ext_516c1fa1,0,62,136,43
50869,ext_51799381,0,123,136,10
50869,ext_51a26f25,0,62,136,42
50869,ext_52c48255,0,63,136,41
50869,ext_53f2e3f2,0,114,136,19
50869,ext_55656cd1,0,62,89,17
50869,ext_55f76807,0,62,136,43
50869,ext_578b228c,0,78,136,35
50869,ext_57ca5de0,0,63,136,41
50869,ext_57d38c8b,0,62,136,46
50869,ext_58bb85e0,0,63,136,41
50869,ext_5be1b811,0,63,136,41
50869,ext_5cb344d5,0,80,136,34
50869,ext_5da02c59,0,62,136,43
50869,ext_5e73be78,0,62,136,45
50869,ext_63250aaa,0,61,136,47
50869,ext_64806575,0,62,136,42
50869,ext_65a57beb,0,104,136,27
50869,ext_6643261e,0,104,136,27
50869,ext_66d9c5c8,0,63,136,41
50869,ext_67570643,0,62,136,45
50869,ext_6827edca,0,62,136,46
50869,ext_6951c283,0,110,136,23
50869,ext_6a2844dd,0,62,86,15
50869,ext_6c8d506c,0,61,136,49
50869,ext_6ca67ce4,0,110,136,23
50869,ext_6cb1bbb1,0,62,136,46
50869,ext_6cbff2a5,0,61,136,47
50869,ext_6cc582e3,0,62,136,42
50869,ext_6e8fe6f5,0,62,136,43
50869,ext_6efe40e8,0,61,136,48
50869,ext_6f553bfa,0,78,136,35
50869,ext_72eaec03,0,107,136,26
50869,ext_73d64b92,0,62,136,42
50869,ext_7434d922,0,63,136,41
50869,ext_760a9c1e,0,107,136,26
50869,ext_76b16e2d,0,110,136,23
50869,ext_781e2a2d,0,107,136,26
50869,ext_79ca706f,0,63,136,41
50869,ext_7b36e725,0,63,136,41
50869,ext_7bcf1a0d,0,63,136,41
50869,ext_81543f98,0,63,136,41
50869,ext_82825b75,0,107,136,26
50869,ext_83ed2d21,0,62,136,43
50869,ext_844a57e1,0,62,136,45
50869,ext_84aab304,0,78,136,35
50869,ext_88044525,0,62,104,17
50869,ext_8a213d17,0,107,136,26
50869,ext_8a598ba1,0,63,136,41
50869,ext_8acbffa2,0,62,136,44
50869,ext_8cbdd34d,0,107,136,26
50869,ext_8d38a5bb,0,63,136,41
50869,ext_8e6ad8b7,0,63,136,41
50869,ext_8fddb0ce,0,100,122,18
50869,ext_906c96ac,0,109,136,24
50869,ext_90fc41fb,0,107,136,26
50869,ext_9168cd56,0,67,136,40
50869,ext_921be7e2,0,80,136,34
50869,ext_92dabfdd,0,62,136,45
50869,ext_9332bcee,0,62,136,45
50869,ext_9451af8c,0,71,136,39
50869,ext_94784602,0,115,136,18
50869,ext_94909a5f,0,63,136,41
50869,ext_94dfe46c,0,78,136,35
50869,ext_94e49758,0,63,136,41
50869,ext_959e84e1,0,62,136,45
50869,ext_96bc7a44,0,62,136,42
50869,ext_96d78bdc,0,63,136,41
50869,ext_99338604,0,84,136,32
50869,ext_9963fd29,0,61,136,47
50869,ext_9b21daf9,0,62,136,43
50869,ext_9c20500f,0,62,136,42
50869,ext_9c4a2313,0,62,136,45
50869,ext_9c52cb3a,0,63,136,41
50869,ext_9c9eadd6,0,129,136,6
50869,ext_9d0e71bc,0,78,136,35
50869,ext_9f80d9a4,0,61,136,48
50869,ext_9f936df7,0,62,136,44
50869,ext_a0a52d09,0,62,136,45
50869,ext_a0ec5bad,0,115,136,18
50869,ext_a12fc5b2,0,132,136,3
50869,ext_a21d2c18,0,63,136,41
50869,ext_a234053f,0,62,104,17
50869,ext_a36ac1b4,0,63,136,41
50869,ext_a41221ae,0,63,136,41
50869,ext_a5e6b4f9,0,109,136,24
50869,ext_a7349d49,0,107,136,26
50869,ext_a87abe61,0,62,136,42
50869,ext_aa7bba2d,0,131,136,4
50869,ext_ab178a7c,0,63,136,41
50869,ext_aed6b099,0,63,136,41
50869,ext_afe90f1a,0,62,136,46
50869,ext_b0d2988c,0,63,136,41
50869,ext_b10a76e8,0,63,136,41
50869,ext_b2492617,0,63,136,41
50869,ext_b2f50b6a,0,133,136,2
50869,ext_b32c53cf,0,62,136,42
50869,ext_b56938a8,0,136,136,1
50869,ext_b78d35ee,0,62,136,42
50869,ext_b86b147b,0,62,136,43
50869,ext_b91b2954,0,63,136,41
50869,ext_b97a541e,0,61,136,46
50869,ext_ba15d4f9,0,100,109,5
50869,ext_ba97a99b,0,71,136,39
50869,ext_bb302eca,0,62,136,43
50869,ext_be36307b,0,104,136,27
50869,ext_beb94597,0,62,136,46
50869,ext_bedae7f2,0,62,136,46
50869,ext_bf5856c1,0,62,136,42
50869,ext_bfb728d1,0,111,136,22
50869,ext_c02c2514,0,110,136,23
50869,ext_c0fc6085,0,132,136,3
50869,ext_c1d79e79,0,63,136,41
50869,ext_c20076f1,0,63,136,41
50869,ext_c2789510,0,114,136,19
50869,ext_c351e894,0,63,136,41
50869,ext_c51a1a9a,0,109,136,24
50869,ext_c52a287c,0,107,136,26
50869,ext_c622e95a,0,63,100,14
50869,ext_c77ed293,0,63,136,41
50869,ext_c78141ae,0,107,136,26
50869,ext_c7e185a2,0,121,136,12
50869,ext_c8724cce,0,63,136,41
50869,ext_c9bc1c06,0,62,136,42
50869,ext_c9fb65e6,0,62,136,43
50869,ext_ca108877,0,63,136,41
50869,ext_ca4f1750,0,61,136,28
50869,ext_ca905683,0,62,136,44
50869,ext_cae7fc5b,0,115,136,18
50869,ext_cc5df26b,0,61,136,47
50869,ext_cc64e898,0,63,136,41
50869,ext_cccab0d2,0,62,136,44
50869,ext_d030d081,0,123,136,10
50869,ext_d1145f82,0,62,136,46
50869,ext_d12e7878,0,67,136,40
50869,ext_d1b27376,0,63,136,41
50869,ext_d247c753,0,110,136,23
50869,ext_d3080a2e,0,136,136,1
50869,ext_d389608a,0,109,136,24
50869,ext_d46e8c10,0,109,136,24
50869,ext_d51dd6e2,0,62,136,44
50869,ext_d55f7ab4,0,62,136,44
50869,ext_d6f9167b,0,61,136,46
50869,ext_d7f51722,0,63,136,41
50869,ext_d8f7ddb3,0,118,136,15
50869,ext_dadf825a,0,62,136,45
50869,ext_db3f6600,0,115,136,18
50869,ext_dc01b49d,0,63,136,41
50869,ext_df437bd0,0,63,136,41
50869,ext_e207c57c,0,63,136,41
50869,ext_e30ad972,0,63,136,41
50869,ext_e3a1104a,0,84,136,32
50869,ext_e3fb16b4,0,62,136,44
50869,ext_e49f58e7,0,63,136,41
50869,ext_e54d338c,0,62,136,43
50869,ext_e6c92a22,0,62,136,45
50869,ext_e9dfcd75,0,107,136,26
50869,ext_ec663f23,0,107,136,26
50869,ext_f1a7d2a7,0,61,136,48
50869,ext_f22db8c4,0,61,136,47
50869,ext_f25887bc,0,63,136,41
50869,ext_f3805b6f,0,62,136,42
50869,ext_f4e1f0c1,0,74,136,37
50869,ext_f5e76344,0,104,136,27
50869,ext_f692853e,0,107,136,26
50869,ext_f8868aea,0,62,136,45
50869,ext_f954d431,0,62,136,44
50869,ext_fba77d11,0,114,136,19
50869,ext_fcfefde3,0,112,136,21
50869,ext_fd4a39e0,0,62,104,20
50869,ext_fe8f118d,0,67,136,40
50869,ext_fefd73bd,0,62,136,42
50947,15723,1,59,99,37
50947,19844,1,59,99,37
50947,22931,1,59,99,37
50947,31372,1,59,99,37
50947,34250,1,59,99,37
50947,38823,1,59,99,37
50947,40997,1,78,99,21
50947,48429,1,59,99,37
50947,50181,1,59,99,37
50947,50947,1,59,99,37
50947,53884,1,77,99,22
50947,55594,1,59,99,37
50947,67947,1,59,99,37
50947,71700,1,59,99,37
50947,77291,1,59,99,37
50947,77824,1,59,99,37
50947,78966,1,59,99,37
50947,86727,1,59,99,37
50947,ext_00982345,0,59,99,37
50947,ext_0239ea16,0,59,99,37
50947,ext_02b796cd,0,81,99,18
50947,ext_03762d8d,0,79,99,20
50947,ext_0414e36e,0,59,99,37
50947,ext_0471b2a7,0,59,99,37
50947,ext_057818e0,0,59,99,37
50947,ext_071d3739,0,59,99,37
50947,ext_0765c848,0,59,99,37
50947,ext_07a55a31,0,59,99,37
50947,ext_07dedde0,0,59,99,37
50947,ext_07e9fbf8,0,59,99,37
50947,ext_08250fab,0,73,99,24
50947,ext_0846d4e2,0,59,99,37
50947,ext_091c2ab0,0,59,99,37
50947,ext_09e6d37e,0,59,99,37
50947,ext_09e819eb,0,59,99,37
50947,ext_09f0e976,0,59,99,37
50947,ext_0a1cf134,0,77,99,22
50947,ext_0a89cdf9,0,93,99,6
50947,ext_0ab68734,0,59,99,37
50947,ext_0b20de5c,0,59,99,37
50947,ext_0b4597ad,0,59,99,37
50947,ext_0bb40276,0,59,99,37
50947,ext_0cd7cb3f,0,59,99,37
50947,ext_0cf27fc3,0,59,99,37
50947,ext_0f13f1d7,0,59,99,37
50947,ext_0f5702fa,0,59,99,37
50947,ext_0f8d07b3,0,59,99,37
50947,ext_0fdfefa6,0,59,99,37
50947,ext_11e49b49,0,59,99,37
50947,ext_13709f0e,0,59,99,37
50947,ext_13a3cb5b,0,59,99,37
50947,ext_1495128a,0,77,99,22
50947,ext_1514fe84,0,59,99,37
50947,ext_166223d0,0,59,99,37
50947,ext_167f0b03,0,59,99,37
50947,ext_18906c64,0,59,99,37
50947,ext_1970a6fe,0,59,99,37
50947,ext_1b8c0202,0,59,99,37
50947,ext_1cc49960,0,62,99,34
50947,ext_1d79eb6a,0,59,99,37
50947,ext_1e5e0027,0,59,99,37
50947,ext_1f4ccf96,0,59,99,37
50947,ext_1f73ecaf,0,59,99,37
50947,ext_1f8ebdab,0,59,99,37
50947,ext_20d53ea5,0,59,99,37
50947,ext_21807f71,0,59,99,37
50947,ext_21889ddf,0,77,99,22
50947,ext_23a46402,0,59,99,37
50947,ext_25064869,0,59,99,37
50947,ext_263d68ca,0,59,99,37
50947,ext_26e66790,0,73,99,24
50947,ext_2733f736,0,59,99,37
50947,ext_28314cef,0,88,99,11
50947,ext_284cc699,0,59,99,37
50947,ext_28c274e7,0,59,99,37
50947,ext_2bff1dde,0,77,99,22
50947,ext_2c257050,0,75,99,23
50947,ext_2c7248ea,0,59,99,37
50947,ext_2cc408f4,0,59,99,37
50947,ext_2d9a9ab2,0,59,99,37
50947,ext_2ea96ee4,0,59,99,37
50947,ext_2fc92766,0,66,99,31
50947,ext_307962aa,0,62,99,34
50947,ext_3090496a,0,59,99,37
50947,ext_33de02c2,0,59,99,37
50947,ext_340bcf77,0,59,99,37
50947,ext_34e5e533,0,59,99,37
50947,ext_35ef6bda,0,59,99,37
50947,ext_3660f90d,0,59,99,37
50947,ext_3714e4bb,0,59,99,37
50947,ext_38b6dcb5,0,59,99,37
50947,ext_38eb1603,0,59,99,37
50947,ext_39d170ba,0,59,99,37
50947,ext_39ff5d65,0,59,99,37
50947,ext_3a2d2fa5,0,59,99,37
50947,ext_3a8826ff,0,59,99,37
50947,ext_3bc38b46,0,59,99,37
50947,ext_3c6b4264,0,59,99,37
50947,ext_3c7b0a77,0,59,99,37
50947,ext_3d7a6954,0,59,99,37
50947,ext_3f033b9b,0,59,99,37
50947,ext_3f404abf,0,59,99,37
50947,ext_3fa15c94,0,59,99,37
50947,ext_3ff53bb6,0,62,99,34
50947,ext_402479c6,0,59,99,37
50947,ext_4024e227,0,59,99,37
50947,ext_4028f45d,0,59,99,37
50947,ext_4326a0a3,0,59,99,37
50947,ext_43d6a6e2,0,59,99,37
50947,ext_44909ec5,0,59,99,37
50947,ext_45c37b30,0,59,99,37
50947,ext_45cac457,0,59,99,37
50947,ext_460a943e,0,60,99,36
50947,ext_4694bbee,0,59,99,37
50947,ext_470c96ab,0,59,99,37
50947,ext_4720528c,0,59,99,37
50947,ext_478013f6,0,59,99,37
50947,ext_480f1979,0,59,99,37
50947,ext_4879737d,0,59,99,37
50947,ext_488114cf,0,59,99,37
50947,ext_48d1e90c,0,59,99,37
50947,ext_4939baed,0,59,99,37
50947,ext_495e43bf,0,59,99,37
50947,ext_4a15ac44,0,59,99,37
50947,ext_4a5fdfc5,0,59,99,37
50947,ext_4b424c39,0,63,99,33
50947,ext_4b63ae74,0,59,99,37
50947,ext_4bc5830f,0,77,99,22
50947,ext_4c3097fa,0,59,99,37
50947,ext_4ca19165,0,59,99,37
50947,ext_4d5c696f,0,59,99,37
50947,ext_4d5f9e65,0,59,99,37
50947,ext_4dc1f370,0,59,99,37
50947,ext_4dd92961,0,59,99,37
50947,ext_4f325c07,0,59,99,37
50947,ext_53c3b69c,0,59,99,37
50947,ext_5472ab0b,0,59,99,37
50947,ext_55fae7e0,0,59,99,37
50947,ext_567a2964,0,59,99,37
50947,ext_5705520c,0,59,99,37
50947,ext_57f56597,0,59,99,37
50947,ext_5988bf63,0,65,99,32
50947,ext_5a882ac6,0,91,99,8
50947,ext_5b5487eb,0,59,99,37
50947,ext_5bd865ec,0,59,99,37
50947,ext_5be1b811,0,59,99,37
50947,ext_5c144225,0,59,99,37
50947,ext_5d503cc9,0,84,99,15
50947,ext_5dcef857,0,59,99,37
50947,ext_5de20bfb,0,78,99,21
50947,ext_5de35973,0,59,99,37
50947,ext_5e168126,0,65,99,32
50947,ext_5e40b7e2,0,59,99,37
50947,ext_5ef9371c,0,84,99,15
50947,ext_5f4e5d09,0,68,99,29
50947,ext_5fe31465,0,59,99,37
50947,ext_60be4342,0,80,99,19
50947,ext_61cadda8,0,59,99,37
50947,ext_61e52ac7,0,59,99,37
50947,ext_626fa268,0,59,99,37
50947,ext_6399b4bb,0,59,99,37
50947,ext_63b0a14c,0,59,99,37
50947,ext_63ebadac,0,59,99,37
50947,ext_647485f3,0,59,99,37
50947,ext_64ce61f1,0,79,99,20
50947,ext_64d82adf,0,59,99,37
50947,ext_6500af0c,0,59,99,37
50947,ext_65429f1c,0,59,99,37
50947,ext_65ea9153,0,63,99,33
50947,ext_66232ffd,0,59,99,37
50947,ext_664f2b93,0,59,99,37
50947,ext_6834af59,0,59,99,37
50947,ext_68a3879a,0,77,99,22
50947,ext_69e342c2,0,59,99,37
50947,ext_6a076a09,0,59,99,37
50947,ext_6a25d326,0,59,99,37
50947,ext_6a73554a,0,59,99,37
50947,ext_6a7c2f67,0,59,99,37
50947,ext_6ba748e4,0,59,99,37
50947,ext_6bb89961,0,59,99,37
50947,ext_6d7477e7,0,59,99,37
50947,ext_6fd0415d,0,59,99,37
50947,ext_7052a0e3,0,79,99,20
50947,ext_70a75196,0,80,99,19
50947,ext_70e65b41,0,59,99,37
50947,ext_73bef8b4,0,59,99,37
50947,ext_73c61ea5,0,59,99,37
50947,ext_73e7bb1d,0,79,99,20
50947,ext_75245c11,0,59,99,37
50947,ext_755cc00b,0,81,99,18
50947,ext_763003e5,0,59,99,37
50947,ext_76889b8b,0,59,99,37
50947,ext_76d9b526,0,75,99,23
50947,ext_77f25eba,0,60,99,36
50947,ext_7936ff2d,0,59,99,37
50947,ext_79fce6dd,0,78,99,21
50947,ext_7a1b326b,0,96,99,4
50947,ext_7adea0ba,0,84,99,15
50947,ext_7b5d5971,0,62,99,34
50947,ext_7bb53779,0,59,99,37
50947,ext_7c5e07ab,0,59,99,37
50947,ext_7d47eb47,0,59,99,37
50947,ext_7db6535a,0,59,99,37
50947,ext_7e3a1fce,0,97,99,3
50947,ext_80b3c4d2,0,59,99,37
50947,ext_8173d4aa,0,59,99,37
50947,ext_84bdcfb0,0,59,99,37
50947,ext_860f5c5d,0,59,99,37
50947,ext_8644850a,0,59,99,37
50947,ext_8651e2ae,0,59,99,37
50947,ext_873dd840,0,91,99,8
50947,ext_87ed04f8,0,59,99,37
50947,ext_8acb0fce,0,59,99,37
50947,ext_8aeae9c9,0,59,99,37
50947,ext_8b769917,0,59,99,37
50947,ext_8ba804c5,0,59,99,37
50947,ext_8c1177f4,0,59,99,37
50947,ext_8c6a977e,0,59,99,37
50947,ext_8c9e37cf,0,59,99,37
50947,ext_8d30cdd7,0,59,99,37
50947,ext_8d4cfe94,0,59,99,37
50947,ext_8dab993d,0,59,99,37
50947,ext_8db0039f,0,59,99,37
50947,ext_8f48a3db,0,59,99,37
50947,ext_903d343f,0,59,99,37
50947,ext_9040fa1e,0,59,99,37
50947,ext_91c7959b,0,59,99,37
50947,ext_930326f6,0,59,99,37
50947,ext_94121a97,0,68,99,29
50947,ext_9432b343,0,59,99,37
50947,ext_950ee7a9,0,59,99,37
50947,ext_95f3354f,0,77,99,22
50947,ext_96f4951d,0,59,99,37
50947,ext_97da4adb,0,59,99,37
50947,ext_98f7d42a,0,59,99,37
50947,ext_99a44d7f,0,59,99,37
50947,ext_9a86436b,0,59,99,37
50947,ext_9b48add0,0,65,99,32
50947,ext_9c36b678,0,59,99,37
50947,ext_9cf680fe,0,77,99,22
50947,ext_9e0b97dc,0,79,99,20
50947,ext_9f6c0297,0,59,99,37
50947,ext_a0630f64,0,59,99,37
50947,ext_a1aa33dc,0,59,99,37
50947,ext_a40cf1a6,0,59,99,37
50947,ext_a414e2e5,0,59,99,37
50947,ext_a50b6a94,0,59,99,37
50947,ext_a5d16e4c,0,59,99,37
50947,ext_a635e64d,0,59,99,37
50947,ext_a7cfb9cf,0,59,99,37
50947,ext_a7eac9d7,0,59,99,37
50947,ext_a96baf37,0,59,99,37
50947,ext_ab62dc53,0,75,99,23
50947,ext_ac4983c1,0,59,99,37
50947,ext_ad40c56b,0,59,99,37
50947,ext_adffffa8,0,59,99,37
50947,ext_af1cc286,0,59,99,37
50947,ext_af246a7a,0,90,99,9
50947,ext_b00089b8,0,65,99,32
50947,ext_b14416af,0,59,99,37
50947,ext_b290d2e6,0,63,99,33
50947,ext_b2da8b13,0,59,99,37
50947,ext_b35afc49,0,59,99,37
50947,ext_b374a407,0,59,99,37
50947,ext_b54f622d,0,59,99,37
50947,ext_b6d7ad18,0,59,99,37
50947,ext_b83fcbb2,0,59,95,33
50947,ext_bc634f2f,0,59,99,37
50947,ext_bd16884e,0,59,99,37
50947,ext_be32ebf3,0,59,99,37
50947,ext_be6051e5,0,59,99,37
50947,ext_bfb710ce,0,69,99,28
50947,ext_c0b6d12a,0,59,99,37
50947,ext_c2c67fd2,0,59,99,37
50947,ext_c2dfb480,0,75,99,23
50947,ext_c426fca6,0,59,99,37
50947,ext_c5d54b46,0,71,99,26
50947,ext_c746bc6a,0,59,99,37
50947,ext_c75e3e78,0,59,99,37
50947,ext_c793198c,0,59,99,37
50947,ext_c88b2261,0,59,99,37
50947,ext_c8b1e8be,0,67,99,30
50947,ext_c98cd1a8,0,59,99,37
50947,ext_cc0404cf,0,59,99,37
50947,ext_cc61d425,0,59,99,37
50947,ext_cca3905d,0,59,99,37
50947,ext_d12336b2,0,86,99,13
50947,ext_d123dd42,0,71,99,26
50947,ext_d12e7878,0,59,99,37
50947,ext_d22c644b,0,59,99,37
50947,ext_d424d1fc,0,59,99,37
50947,ext_d47b73bd,0,59,99,37
50947,ext_d51dd6e2,0,59,99,37
50947,ext_d561ded4,0,79,99,20
50947,ext_d7778e5e,0,59,99,37
50947,ext_d7eed1fb,0,80,99,19
50947,ext_d7f99d6e,0,87,99,12
50947,ext_d8935c84,0,59,99,37
50947,ext_d8e190b7,0,59,99,37
50947,ext_d90f3a6e,0,59,99,37
50947,ext_d93e5982,0,59,99,37
50947,ext_da93d66c,0,59,99,37
50947,ext_dc776cdc,0,59,99,37
50947,ext_dd250b59,0,90,99,9
50947,ext_df80d87c,0,59,99,37
50947,ext_e1359249,0,59,99,37
50947,ext_e2fd0d16,0,85,99,14
50947,ext_e41678ef,0,59,99,37
50947,ext_e668496b,0,59,99,37
50947,ext_e77ada75,0,59,99,37
50947,ext_e7da492b,0,69,99,28
50947,ext_e94ed135,0,59,99,37
50947,ext_e95e5cde,0,59,99,37
50947,ext_ead03ad1,0,59,99,37
50947,ext_eb3447a7,0,59,99,37
50947,ext_eb454324,0,59,99,37
50947,ext_eb8ef2b9,0,59,99,37
50947,ext_ec019660,0,59,99,37
50947,ext_ec478d1c,0,59,99,37
50947,ext_f0ccb1d2,0,77,99,22
50947,ext_f0f8d83d,0,59,99,37
50947,ext_f15c399e,0,59,99,37
50947,ext_f1fa8790,0,59,99,37
50947,ext_f2075821,0,59,99,37
50947,ext_f2f83681,0,59,99,37
50947,ext_f36e7bb3,0,77,99,22
50947,ext_f4fd40f0,0,59,99,37
50947,ext_f54214ac,0,59,99,37
50947,ext_f6105658,0,59,99,37
50947,ext_f7ab978a,0,59,99,37
50947,ext_f7e7737b,0,59,99,37
50947,ext_f86ff2ef,0,81,99,18
50947,ext_f88b9911,0,82,99,17
50947,ext_f9bbb9ec,0,59,99,37
50947,ext_fa8d9b92,0,59,99,37
50947,ext_fb631325,0,59,99,37
50947,ext_fb84c5ab,0,59,99,37
50947,ext_fc71e146,0,59,99,37
50947,ext_fcaaebe7,0,59,99,37
50947,ext_fee90f8a,0,59,99,37
50947,ext_ff2b4a69,0,81,99,18
51102,18394,1,61,67,6
51102,25494,1,61,67,6
51102,51102,1,61,67,6
51102,52067,1,61,67,6
51102,52441,1,61,67,6
51102,65102,1,61,67,6
51102,74916,1,61,67,6
51102,80058,1,61,67,6
51102,93944,1,61,67,6
51102,ext_02e9f044,0,61,67,6
51102,ext_0318c89b,0,61,67,6
51102,ext_03dbd6dd,0,61,67,6
51102,ext_08ca04a2,0,61,67,6
51102,ext_0997e1c8,0,61,67,6
51102,ext_0ddf7e56,0,61,67,6
51102,ext_0e998e04,0,61,67,6
51102,ext_0efd09ff,0,61,67,6
51102,ext_0f9d14c1,0,61,67,6
51102,ext_103bb059,0,61,67,6
51102,ext_10f90058,0,61,67,6
51102,ext_10fad907,0,61,67,6
51102,ext_11d92aac,0,61,67,6
51102,ext_12e1fa70,0,61,67,6
51102,ext_137cbea4,0,61,67,6
51102,ext_17453749,0,61,67,6
51102,ext_17aa5c98,0,61,67,6
51102,ext_188268d1,0,61,67,6
51102,ext_1b0e59a1,0,61,67,6
51102,ext_1ba02688,0,61,67,6
51102,ext_1fb818bf,0,61,67,6
51102,ext_2023639f,0,61,67,6
51102,ext_2463058a,0,61,67,6
51102,ext_25e3ceed,0,61,67,6
51102,ext_265504f3,0,61,67,6
51102,ext_2879b0b4,0,61,67,6
51102,ext_2aaa2700,0,61,67,6
51102,ext_2b9691b7,0,61,67,6
51102,ext_2b9caa26,0,61,67,6
51102,ext_3263b44a,0,61,67,6
51102,ext_342bc618,0,61,67,6
51102,ext_344b8bd7,0,61,67,6
51102,ext_35b260b2,0,61,67,6
51102,ext_37674e0c,0,61,67,6
51102,ext_38865e74,0,61,67,6
51102,ext_3d436c0d,0,61,67,6
51102,ext_404b3305,0,61,67,6
51102,ext_40949121,0,61,67,6
51102,ext_40d991d6,0,61,67,6
51102,ext_4122704a,0,61,67,6
51102,ext_43f4c0d0,0,61,80,7
51102,ext_4a26dfb7,0,61,67,6
51102,ext_4a63ae1d,0,61,67,6
51102,ext_4aa5e640,0,61,67,6
51102,ext_4b0f89e1,0,61,67,6
51102,ext_4cbe5086,0,61,67,6
51102,ext_4f1bc21b,0,61,67,6
51102,ext_4fe90e9d,0,61,67,6
51102,ext_50f97174,0,61,67,6
51102,ext_5271d7a4,0,61,67,6
51102,ext_52cbdbbc,0,61,67,6
51102,ext_5509a6aa,0,37,67,22
51102,ext_58adb83f,0,61,67,6
51102,ext_595197ac,0,61,67,6
51102,ext_5973afc2,0,61,67,6
51102,ext_5a087df3,0,61,67,6
51102,ext_5d266eb2,0,61,67,6
51102,ext_5dc9b38b,0,61,67,6
51102,ext_5e4d3f76,0,61,67,6
51102,ext_5f7da0a3,0,61,67,6
51102,ext_5f8b1341,0,61,67,6
51102,ext_63c2fb20,0,61,67,6
51102,ext_63f9e5f9,0,61,67,6
51102,ext_690d34c1,0,61,67,6
51102,ext_6961be1f,0,61,67,6
51102,ext_6afa2388,0,61,67,6
51102,ext_6b66f717,0,61,67,6
51102,ext_6c3c517b,0,61,67,6
51102,ext_6c4fc1b1,0,61,67,6
51102,ext_6c614012,0,61,67,6
51102,ext_6c9331d4,0,61,67,6
51102,ext_6cbc7e30,0,61,67,6
51102,ext_6cc8dba6,0,61,67,6
51102,ext_6d0ddab4,0,61,67,6
51102,ext_6ff56738,0,61,67,6
51102,ext_752d12a9,0,61,67,6
51102,ext_769cf012,0,61,67,6
51102,ext_7ab29fc6,0,61,67,6
51102,ext_7af1252b,0,61,67,6
51102,ext_7b71d624,0,61,67,6
51102,ext_7be2dec4,0,61,67,6
51102,ext_7ca15a2b,0,61,67,6
51102,ext_7cce8400,0,61,67,6
51102,ext_7cd9217a,0,61,67,6
51102,ext_7d8ed55a,0,61,67,6
51102,ext_7f4a9ac5,0,61,67,6
51102,ext_8013727f,0,61,67,6
51102,ext_805881de,0,61,67,6
51102,ext_83e401ff,0,61,67,6
51102,ext_8438230f,0,61,67,6
51102,ext_862b4cb6,0,61,80,7
51102,ext_86388003,0,61,67,6
51102,ext_86534742,0,61,67,6
51102,ext_8a209353,0,61,67,6
51102,ext_8b769917,0,61,67,6
51102,ext_8d30cdd7,0,61,67,6
51102,ext_90206524,0,61,67,6
51102,ext_90bcf1ae,0,61,67,6
51102,ext_90bde8ca,0,61,67,6
51102,ext_90d825be,0,61,67,6
51102,ext_90de3660,0,61,67,6
51102,ext_90e3ca0e,0,61,67,6
51102,ext_90f3928d,0,61,67,6
51102,ext_921f40b6,0,61,67,6
51102,ext_92543a49,0,61,67,6
51102,ext_92b193b8,0,61,67,6
51102,ext_9496da72,0,61,67,6
51102,ext_968355c4,0,61,67,6
51102,ext_9a4b7ebb,0,61,67,6
51102,ext_9b1443ee,0,61,67,6
51102,ext_9bb81b48,0,61,67,6
51102,ext_9c20500f,0,61,67,6
51102,ext_9c9e8b0d,0,61,67,6
51102,ext_9d1140a5,0,61,67,6
51102,ext_9e276c91,0,61,67,6
51102,ext_a1e32468,0,61,67,6
51102,ext_a9385f24,0,61,67,6
51102,ext_aa0415d5,0,61,67,6
51102,ext_ac8209a3,0,61,67,6
51102,ext_acb9b229,0,61,67,6
51102,ext_acbd4afb,0,61,67,6
51102,ext_af9e3810,0,37,67,22
51102,ext_b0d38909,0,61,67,6
51102,ext_b1303525,0,61,67,6
51102,ext_b1f46ffc,0,61,67,6
51102,ext_b375846f,0,61,67,6
51102,ext_b5e13849,0,61,67,6
51102,ext_b6a5aacc,0,61,67,6
51102,ext_b79c851f,0,61,67,6
51102,ext_b8095759,0,61,67,6
51102,ext_b83deae0,0,61,67,6
51102,ext_b89946bd,0,61,67,6
51102,ext_babe913e,0,61,67,6
51102,ext_bdf14c7c,0,61,67,6
51102,ext_be21f63d,0,61,67,6
51102,ext_beb2c4af,0,61,67,6
51102,ext_bef10ffe,0,61,67,6
51102,ext_bf7f3de9,0,61,67,6
51102,ext_bffcad88,0,61,67,6
51102,ext_c095a599,0,61,67,6
51102,ext_c0b6d12a,0,61,67,6
51102,ext_c1c65e2c,0,61,80,7
51102,ext_c34e5cf8,0,61,67,6
51102,ext_c48d6bef,0,61,67,6
51102,ext_c4c764ce,0,61,67,6
51102,ext_c936babe,0,61,67,6
51102,ext_c9a2ee05,0,61,67,6
51102,ext_c9d14e1f,0,61,67,6
51102,ext_ca9a18a6,0,61,67,6
51102,ext_caae2599,0,61,67,6
51102,ext_cd129e69,0,61,67,6
51102,ext_cdb32953,0,61,67,6
51102,ext_cdc651a2,0,61,67,6
51102,ext_cf684476,0,61,67,6
51102,ext_d0097896,0,61,67,6
51102,ext_d1a36c02,0,61,67,6
51102,ext_d293dd38,0,61,67,6
51102,ext_d2c302d3,0,61,67,6
51102,ext_d31609b6,0,61,67,6
51102,ext_d346a228,0,61,67,6
51102,ext_d6e6493f,0,61,67,6
51102,ext_d8021216,0,61,67,6
51102,ext_da7850fa,0,61,67,6
51102,ext_da992c4a,0,61,67,6
51102,ext_dd3f2a73,0,61,67,6
51102,ext_dd62e714,0,61,67,6
51102,ext_df8ee93c,0,61,67,6
51102,ext_e0e61625,0,61,67,6
51102,ext_e1a86e92,0,61,67,6
51102,ext_e2b7bcb1,0,61,67,6
51102,ext_e392064f,0,61,67,6
51102,ext_e3ee16a6,0,61,67,6
51102,ext_e6d89f18,0,61,67,6
51102,ext_e6e11bc5,0,61,67,6
51102,ext_e7260648,0,61,67,6
51102,ext_e7ab42c0,0,61,67,6
51102,ext_e8be2f93,0,61,67,6
51102,ext_eb6bd619,0,61,67,6
51102,ext_ed6c2eb5,0,61,67,6
51102,ext_edca1b99,0,61,67,6
51102,ext_ee97b234,0,61,67,6
51102,ext_eee647e4,0,61,67,6
51102,ext_ef56c8ea,0,61,67,6
51102,ext_f0400888,0,61,67,6
51102,ext_f102c51f,0,61,67,6
51102,ext_f2566a78,0,61,67,6
51102,ext_f272c1da,0,61,67,6
51102,ext_f2e4baf8,0,61,67,6
51102,ext_f492dbf6,0,61,67,6
51102,ext_f690b6ad,0,61,67,6
51102,ext_fbb896e7,0,61,67,6
51102,ext_fca40576,0,61,67,6
51102,ext_fcfefde3,0,61,67,6
51102,ext_fd4edd69,0,61,67,6
51102,ext_fd795568,0,61,67,6
51470,18394,1,59,73,15
51470,25323,1,59,73,15
51470,30076,1,59,73,15
51470,40629,1,70,73,4
51470,51470,1,59,73,15
51470,63188,1,59,73,15
51470,71187,1,59,73,15
51470,84472,1,59,73,15
51470,ext_00040c9d,0,59,73,15
51470,ext_001626ea,0,70,73,4
51470,ext_0237f495,0,59,73,15
51470,ext_057818e0,0,65,73,9
51470,ext_0696a103,0,59,73,15
51470,ext_091e4410,0,59,73,15
51470,ext_095adad8,0,59,73,15
51470,ext_0bf675ec,0,59,73,15
51470,ext_0d6d90e8,0,59,73,15
51470,ext_11414fd4,0,59,73,15
51470,ext_115f03a4,0,59,73,15
51470,ext_116341e2,0,59,73,15
51470,ext_1285708c,0,59,73,15
51470,ext_15fe0573,0,59,73,15
51470,ext_1ba29056,0,59,73,15
51470,ext_1fb133cb,0,59,73,15
51470,ext_21f3f49f,0,71,73,3
51470,ext_22ebcc85,0,59,73,15
51470,ext_24435df8,0,59,73,15
51470,ext_27061277,0,59,73,15
51470,ext_2929621a,0,59,73,15
51470,ext_2af4c4bb,0,59,73,15
51470,ext_2bb46a3a,0,59,73,15
51470,ext_2c6ed367,0,59,73,15
51470,ext_2d70b1c1,0,59,73,15
51470,ext_2fd86b34,0,59,73,15
51470,ext_30d477e6,0,59,73,15
51470,ext_321174ed,0,64,73,10
51470,ext_336d6a1c,0,59,73,15
51470,ext_339684e8,0,59,73,15
51470,ext_3a5f8a4b,0,59,73,15
51470,ext_3bca358f,0,59,73,15
51470,ext_3c21235f,0,59,73,15
51470,ext_3ec5095f,0,59,73,15
51470,ext_3ff53bb6,0,59,73,15
51470,ext_41a65fdd,0,59,73,15
51470,ext_459213a4,0,59,73,15
51470,ext_46f6ff1b,0,59,73,15
51470,ext_47acd50b,0,59,73,15
51470,ext_49aa6497,0,59,73,15
51470,ext_4a74c27f,0,59,73,15
51470,ext_50e95905,0,59,73,15
51470,ext_51355c1a,0,59,73,15
51470,ext_52749529,0,59,73,15
51470,ext_5526568d,0,59,73,15
51470,ext_55f1ea02,0,59,73,15
51470,ext_589cda1d,0,59,73,15
51470,ext_59c0fbc4,0,59,73,15
51470,ext_5ac5c563,0,59,73,15
51470,ext_5be1b811,0,59,73,15
51470,ext_5f530d91,0,59,73,15
51470,ext_605cad2b,0,59,73,15
51470,ext_67cd1640,0,59,69,11
51470,ext_682f5387,0,59,73,15
51470,ext_6b69577d,0,59,73,15
51470,ext_6c6c5a57,0,71,73,3
51470,ext_6f63a556,0,59,73,15
51470,ext_70771f4c,0,59,73,15
51470,ext_70bdac20,0,59,73,15
51470,ext_73405c00,0,59,73,15
51470,ext_7459e990,0,59,73,15
51470,ext_75f6e977,0,59,73,15
51470,ext_788ece8c,0,59,73,15
51470,ext_79d5bfa4,0,59,73,15
51470,ext_79f3af39,0,59,73,15
51470,ext_7ae19d38,0,59,73,15
51470,ext_7bf5cdcb,0,59,70,12
51470,ext_80227e91,0,59,73,15
51470,ext_81b25e8e,0,59,73,15
51470,ext_85391e64,0,59,73,15
51470,ext_86d525c8,0,59,73,15
51470,ext_87cd9749,0,59,73,15
51470,ext_89841603,0,59,73,15
51470,ext_8c3bdb41,0,59,73,15
51470,ext_8d341d74,0,59,73,15
51470,ext_929b7ae5,0,59,73,15
51470,ext_94b884a3,0,60,73,14
51470,ext_9664a614,0,59,73,15
51470,ext_96bc7a44,0,65,73,9
51470,ext_975e2c5c,0,59,73,15
51470,ext_9d98bf05,0,59,73,15
51470,ext_9ec1ae27,0,59,73,15
51470,ext_9f7d357e,0,59,73,15
51470,ext_9f8a5ed6,0,59,73,15
51470,ext_a2eb950c,0,59,73,15
51470,ext_a377bf5b,0,59,73,15
51470,ext_a51bfa40,0,59,73,15
51470,ext_a6c2834d,0,59,73,15
51470,ext_a931649f,0,59,73,15
51470,ext_aa5dabbe,0,59,73,15
51470,ext_aaf2b68a,0,59,73,15
51470,ext_acb9b229,0,59,73,15
51470,ext_acc14f82,0,59,73,15
51470,ext_ad355d63,0,59,73,15
51470,ext_add94371,0,59,73,15
51470,ext_b070499b,0,59,73,15
51470,ext_b102cc0e,0,59,73,15
51470,ext_b3f637ac,0,59,73,15
51470,ext_b568e91c,0,59,73,15
51470,ext_b6215203,0,69,73,5
51470,ext_b6a5aacc,0,59,73,15
51470,ext_b8dc4732,0,59,73,15
51470,ext_ba29bfbc,0,59,73,15
51470,ext_baa3e872,0,59,73,15
51470,ext_baa63a87,0,59,73,15
51470,ext_badf4ab1,0,59,73,15
51470,ext_bf0dbf46,0,59,73,15
51470,ext_c0fd3c82,0,59,73,15
51470,ext_c125665c,0,59,73,15
51470,ext_c1e72a7d,0,59,73,15
51470,ext_c3a394d1,0,59,73,15
51470,ext_c5ab204d,0,59,73,15
51470,ext_c9bc1c06,0,59,73,15
51470,ext_ca73354f,0,59,73,15
51470,ext_cae48f9a,0,59,73,15
51470,ext_cb8002b8,0,59,73,15
51470,ext_cc523645,0,59,73,15
51470,ext_ccd7f818,0,59,73,15
51470,ext_ceae3672,0,59,73,15
51470,ext_cfc945dd,0,59,73,15
51470,ext_d5c42a7b,0,59,73,15
51470,ext_d625a247,0,59,73,15
51470,ext_d7dfe771,0,59,73,15
51470,ext_d9606f45,0,59,73,15
51470,ext_da544c9b,0,59,73,15
51470,ext_da5fcf1a,0,59,73,15
51470,ext_dc470a22,0,59,73,15
51470,ext_de68e334,0,59,73,15
51470,ext_e0afb83a,0,59,73,15
51470,ext_e0cf440f,0,67,73,7
51470,ext_e114e419,0,59,73,15
51470,ext_e6cf7daa,0,59,73,15
51470,ext_e7ec1a05,0,70,73,4
51470,ext_ea270a40,0,59,73,15
51470,ext_edbf889f,0,70,73,4
51470,ext_ef4f70d4,0,59,73,15
51470,ext_f1d77477,0,59,73,15
51470,ext_f3efd8da,0,59,73,15
51470,ext_f46bbe91,0,59,73,15
51470,ext_f55e0ad0,0,59,73,15
51470,ext_f606ef8b,0,59,73,15
51470,ext_f92d1072,0,59,73,15
51470,ext_fa2c7567,0,59,73,15
51470,ext_fa9587a2,0,59,73,15
51470,ext_fb5cdad5,0,59,73,15
51470,ext_feaed0e3,0,59,73,15
51470,ext_feb898ae,0,59,73,15
51470,ext_fef20e4d,0,59,73,15
51597,17353,1,59,136,78
51597,25544,1,59,136,61
51597,39783,1,76,136,61
51597,49294,1,59,136,78
51597,51597,1,59,136,78
51597,51722,1,101,136,36
51597,52067,1,78,136,59
51597,78638,1,59,85,27
51597,86352,1,61,136,76
51597,88133,1,59,136,78
51597,ext_00a724d4,0,118,136,19
51597,ext_00fbb0bd,0,115,136,22
51597,ext_0139bfd3,0,59,136,78
51597,ext_01f21b19,0,77,136,60
51597,ext_028277c3,0,59,136,78
51597,ext_02e2dfd8,0,77,136,60
51597,ext_02ff7881,0,59,136,78
51597,ext_03516a5c,0,59,136,78
51597,ext_0532bd09,0,59,136,78
51597,ext_057818e0,0,59,136,78
51597,ext_05fe8727,0,133,136,4
51597,ext_0695a802,0,79,136,58
51597,ext_07292fe7,0,110,136,27
51597,ext_072a8294,0,59,136,78
51597,ext_07d70464,0,59,136,78
51597,ext_08d2101d,0,66,136,71
51597,ext_08de740c,0,59,136,78
51597,ext_09339c96,0,59,136,78
51597,ext_09f0e976,0,62,136,75
51597,ext_09fbcf5b,0,77,136,60
51597,ext_0b1701ba,0,59,136,78
51597,ext_0b5821e9,0,59,136,78
51597,ext_0df90689,0,59,136,78
51597,ext_0e29dfc7,0,98,136,39
51597,ext_0e307e8f,0,118,136,19
51597,ext_0e3e292d,0,118,136,19
51597,ext_0f424f22,0,75,136,62
51597,ext_0f951033,0,59,136,78
51597,ext_0fa6fe2e,0,90,136,47
51597,ext_10a2ae02,0,59,136,78
51597,ext_129c7a47,0,59,136,78
51597,ext_12d71f64,0,85,136,52
51597,ext_1319a3c0,0,59,136,78
51597,ext_145dfd65,0,59,136,78
51597,ext_14d6c7f4,0,136,136,1
51597,ext_15af18e2,0,117,136,20
51597,ext_15fbdb47,0,83,136,54
51597,ext_16267d1a,0,129,136,8
51597,ext_163138ec,0,59,136,78
51597,ext_16b26c8d,0,118,136,19
51597,ext_16db7028,0,127,136,10
51597,ext_17484ccf,0,59,136,78
51597,ext_183f8b83,0,59,136,78
51597,ext_1907db59,0,112,136,25
51597,ext_190c7861,0,59,136,78
51597,ext_190d27be,0,79,136,58
51597,ext_1970a6fe,0,59,136,78
51597,ext_1a4f9e17,0,59,136,78
51597,ext_1c024254,0,59,136,78
51597,ext_1c08eac5,0,112,136,25
51597,ext_1d665d33,0,77,136,60
51597,ext_1f7dc8ed,0,59,73,15
51597,ext_1f9160fd,0,98,136,39
51597,ext_1ff01b1f,0,62,136,75
51597,ext_20cc960f,0,97,136,40
51597,ext_21b3323e,0,110,136,27
51597,ext_222d76f0,0,59,136,78
51597,ext_2231fec5,0,59,136,78
51597,ext_227e6f1d,0,96,136,41
51597,ext_22950a32,0,59,136,78
51597,ext_229605c2,0,107,136,30
51597,ext_244a3a4c,0,59,136,78
51597,ext_25ba0cb9,0,59,136,78
51597,ext_265504f3,0,59,136,78
51597,ext_266397d9,0,78,136,59
51597,ext_26b02ad0,0,59,136,78
51597,ext_27214bdd,0,59,136,78
51597,ext_2793be81,0,77,136,60
51597,ext_27c842e8,0,129,136,8
51597,ext_27d556b5,0,59,136,78
51597,ext_2929621a,0,60,136,77
51597,ext_29c26fc0,0,59,136,78
51597,ext_2a093096,0,59,136,78
51597,ext_2adcb5da,0,60,136,77
51597,ext_2af4abdc,0,59,136,78
51597,ext_2b9f5b42,0,59,136,78
51597,ext_2d6aac32,0,101,136,36
51597,ext_2dee54b5,0,118,136,19
51597,ext_2e276150,0,59,136,78
51597,ext_2e847de9,0,78,136,59
51597,ext_30918b01,0,59,136,78
51597,ext_3282b998,0,59,136,78
51597,ext_328cea8e,0,59,136,78
51597,ext_359fc5af,0,118,136,19
51597,ext_35c9d1b0,0,118,136,19
51597,ext_36892030,0,59,136,78
51597,ext_369a78a1,0,83,136,54
51597,ext_37742833,0,118,136,19
51597,ext_37bb6043,0,59,136,78
51597,ext_37dd2039,0,73,136,64
51597,ext_38b27014,0,110,136,27
51597,ext_38cd881f,0,124,136,13
51597,ext_39daa412,0,59,136,78
51597,ext_3a349d2a,0,59,136,78
51597,ext_3afcfb2f,0,79,136,58
51597,ext_3b456640,0,110,136,27
51597,ext_3ba8524e,0,127,136,10
51597,ext_3bc38b46,0,59,136,78
51597,ext_3bf1ee82,0,59,136,78
51597,ext_3cf8e70e,0,59,136,78
51597,ext_3dae8a6c,0,59,136,78
51597,ext_3dc4b864,0,59,136,78
51597,ext_3e5dff80,0,80,136,57
51597,ext_3ffedd86,0,59,136,78
51597,ext_4054becb,0,118,136,19
51597,ext_406930f2,0,59,136,78
51597,ext_41bfb65f,0,59,136,78
51597,ext_42e02d6d,0,80,136,57
51597,ext_42e4b55b,0,59,136,78
51597,ext_43089964,0,59,136,78
51597,ext_43467de1,0,62,136,75
51597,ext_4352e0ab,0,59,76,18
51597,ext_43fd1c6f,0,59,136,78
51597,ext_44f15778,0,77,136,60
51597,ext_45c37b30,0,59,136,78
51597,ext_4624e0f9,0,59,136,78
51597,ext_46a0b9b9,0,59,136,78
51597,ext_46d584d1,0,59,136,78
51597,ext_476c834c,0,68,136,69
51597,ext_48568cb3,0,77,136,60
51597,ext_4892e630,0,74,136,63
51597,ext_48c8c58b,0,105,136,32
51597,ext_491955d2,0,115,136,22
51597,ext_492b388b,0,59,136,78
51597,ext_496f00e6,0,87,103,17
51597,ext_4a44ff87,0,63,136,74
51597,ext_4b57ea60,0,59,136,78
51597,ext_4cb58827,0,60,96,37
51597,ext_4d30ec22,0,59,136,78
51597,ext_4e0da420,0,97,136,40
51597,ext_4e191916,0,62,136,75
51597,ext_51191355,0,85,136,52
51597,ext_51ee154a,0,59,136,78
51597,ext_52559e8e,0,118,136,19
51597,ext_525701a4,0,59,136,78
51597,ext_5321673e,0,77,136,60
51597,ext_5324d88a,0,59,136,78
51597,ext_54536a90,0,59,136,78
51597,ext_54769019,0,59,136,78
51597,ext_54b5a0cb,0,59,136,78
51597,ext_555aa019,0,91,136,46
51597,ext_557619b1,0,91,136,46
51597,ext_557f9237,0,118,136,19
51597,ext_55f76807,0,59,136,78
51597,ext_561dd34c,0,59,136,78
51597,ext_567a2964,0,59,136,78
51597,ext_567fbe9a,0,77,136,60
51597,ext_568da919,0,59,136,78
51597,ext_56b8eae9,0,59,136,78
51597,ext_582a2fd1,0,59,136,78
51597,ext_584268c9,0,68,136,69
51597,ext_5864facc,0,97,136,40
51597,ext_5b3fa809,0,59,136,78
51597,ext_5c8335f0,0,59,136,78
51597,ext_5d2cc17d,0,79,136,58
51597,ext_5d929291,0,118,136,19
51597,ext_5daa5701,0,118,136,19
51597,ext_5dcef857,0,59,136,78
51597,ext_5e5c72bb,0,107,136,30
51597,ext_5fb59cc5,0,91,136,46
51597,ext_602f1128,0,59,136,78
51597,ext_616e884d,0,134,136,3
51597,ext_62a765d5,0,59,136,78
51597,ext_635ca145,0,130,136,7
51597,ext_6643261e,0,68,136,69
51597,ext_66560660,0,59,136,78
51597,ext_672b5e6b,0,96,136,41
51597,ext_67db7e68,0,59,136,78
51597,ext_6aa4fed5,0,59,136,78
51597,ext_6ab05625,0,77,136,60
51597,ext_6be7c927,0,59,136,78
51597,ext_6c038449,0,59,136,78
51597,ext_6d65129f,0,59,136,78
51597,ext_6da699d7,0,112,136,25
51597,ext_6e604a8d,0,131,136,6
51597,ext_6ea2e38c,0,114,136,23
51597,ext_70d64cfd,0,125,136,12
51597,ext_7150dffd,0,59,136,78
51597,ext_71973b1d,0,59,136,78
51597,ext_730820d9,0,80,136,57
51597,ext_7333f574,0,129,136,8
51597,ext_747c0616,0,59,136,78
51597,ext_74ae525e,0,59,136,78
51597,ext_75386c2e,0,59,136,78
51597,ext_760ed506,0,59,136,78
51597,ext_76ef112a,0,59,136,78
51597,ext_781e2a2d,0,59,136,78
51597,ext_78b35b57,0,59,136,78
51597,ext_79d8cf32,0,84,136,53
51597,ext_79ee93ea,0,124,136,13
51597,ext_7a0db733,0,59,136,78
51597,ext_7abc8eb9,0,59,136,78
51597,ext_7b0e13a0,0,59,136,78
51597,ext_7c326bb0,0,59,136,78
51597,ext_7e7165c7,0,91,136,46
51597,ext_8018f766,0,59,136,78
51597,ext_80b6a6f2,0,122,136,15
51597,ext_8168ef98,0,80,96,17
51597,ext_8203dc2b,0,84,136,53
51597,ext_823277fa,0,59,136,78
51597,ext_8383bd44,0,59,136,78
51597,ext_84291d61,0,60,136,77
51597,ext_85c883e2,0,77,136,60
51597,ext_86a5dc9e,0,59,136,78
51597,ext_894c643e,0,59,136,78
51597,ext_894c9728,0,59,136,78
51597,ext_895ec922,0,77,136,60
51597,ext_89a41314,0,59,136,78
51597,ext_8aca3890,0,59,136,78
51597,ext_8bfb8cc9,0,77,136,60
51597,ext_8c006309,0,59,136,78
51597,ext_8c13ef35,0,126,136,11
51597,ext_8c405d4d,0,129,136,8
51597,ext_8c678e63,0,134,136,3
51597,ext_8cb65086,0,77,136,60
51597,ext_8d30cdd7,0,59,136,78
51597,ext_8d341d74,0,59,136,78
51597,ext_8d3f45bc,0,59,136,78
51597,ext_8e818103,0,59,136,78
51597,ext_8eee5cb2,0,59,136,78
51597,ext_8f69322c,0,88,136,49
51597,ext_90567dcb,0,113,136,24
51597,ext_911b7e48,0,78,136,59
51597,ext_92167794,0,106,136,31
51597,ext_9320bc63,0,59,136,78
51597,ext_93669d9f,0,59,136,78
51597,ext_93dc6501,0,59,136,78
51597,ext_94dfe46c,0,59,136,78
51597,ext_96e1ae3c,0,77,136,60
51597,ext_9895e841,0,59,136,78
51597,ext_9a07bb5f,0,59,136,78
51597,ext_9aee3d42,0,59,136,78
51597,ext_9b6076fa,0,59,136,78
51597,ext_9bc7104a,0,62,136,75
51597,ext_9be7d473,0,59,136,78
51597,ext_9cf680fe,0,102,136,35
51597,ext_9dd42e40,0,118,136,19
51597,ext_9e0c2e12,0,59,136,78
51597,ext_9e72b830,0,104,136,33
51597,ext_9ff7c5e5,0,59,136,78
51597,ext_a0179593,0,69,136,68
51597,ext_a0208144,0,89,136,48
51597,ext_a036c0fb,0,59,136,78
51597,ext_a0a9dbc1,0,110,136,27
51597,ext_a1050787,0,134,136,3
51597,ext_a26104a7,0,59,136,78
51597,ext_a2b3dc9c,0,74,136,63
51597,ext_a2d3830c,0,59,136,78
51597,ext_a312837b,0,89,136,48
51597,ext_a5432a49,0,59,70,12
51597,ext_a547f38a,0,59,136,78
51597,ext_a7a27e2c,0,59,136,78
51597,ext_a7afd4db,0,65,136,72
51597,ext_a85c67a1,0,59,136,78
51597,ext_a8c05ca8,0,118,136,19
51597,ext_aa7bba2d,0,59,136,78
51597,ext_ab01c6aa,0,77,136,60
51597,ext_ab238de4,0,118,136,19
51597,ext_ab81a7a7,0,134,136,3
51597,ext_ab92e6ce,0,66,136,71
51597,ext_ab9c4034,0,129,136,8
51597,ext_abd6af54,0,59,136,78
51597,ext_ac41c1c1,0,59,136,78
51597,ext_ace64ec1,0,74,136,63
51597,ext_ad1eddeb,0,59,136,78
51597,ext_ad38ef6a,0,59,136,78
51597,ext_ad40c56b,0,59,136,78
51597,ext_af0d285c,0,61,136,76
51597,ext_af80b737,0,59,124,66
51597,ext_b183c06b,0,78,136,59
51597,ext_b2e3dae2,0,64,136,73
51597,ext_b3b0bf26,0,59,136,78
51597,ext_b427414a,0,62,136,75
51597,ext_b4faf697,0,59,136,78
51597,ext_b51daf02,0,59,136,78
51597,ext_b56938a8,0,59,136,78
51597,ext_b5860bc3,0,77,136,60
51597,ext_b6539dba,0,89,136,48
51597,ext_b6995e59,0,62,136,75
51597,ext_b7220459,0,106,136,31
51597,ext_b7ccd49a,0,122,136,15
51597,ext_b93dd7d8,0,59,136,78
51597,ext_bae3d0bd,0,59,136,78
51597,ext_bb551e25,0,71,136,66
51597,ext_bc1e74cc,0,59,136,78
51597,ext_bc48cd47,0,64,136,73
51597,ext_bce3b6a2,0,59,136,78
51597,ext_bded8d39,0,59,136,78
51597,ext_bf5856c1,0,89,136,48
51597,ext_bf61e2dd,0,59,136,78
51597,ext_bf714b26,0,59,136,78
51597,ext_bfa5db23,0,134,136,3
51597,ext_bfb728d1,0,77,136,60
51597,ext_c0c521af,0,118,136,19
51597,ext_c1d79e79,0,59,136,78
51597,ext_c1e72a7d,0,112,136,25
51597,ext_c35c7664,0,59,136,78
51597,ext_c3a8de7d,0,132,136,5
51597,ext_c54eba06,0,129,136,8
51597,ext_c677fda0,0,127,136,10
51597,ext_c7cbb29c,0,59,136,78
51597,ext_c7f843f9,0,59,136,78
51597,ext_c850773b,0,59,136,78
51597,ext_c9d6a203,0,115,136,22
51597,ext_c9fb65e6,0,59,136,78
51597,ext_cbc131ba,0,86,136,51
51597,ext_cbd235b4,0,71,136,66
51597,ext_cbd465e2,0,116,136,21
51597,ext_cc523645,0,88,136,49
51597,ext_cc75b1ad,0,59,136,78
51597,ext_cd427a8a,0,59,136,78
51597,ext_cda96fa9,0,59,136,78
51597,ext_ce3e28b0,0,59,136,78
51597,ext_ce4a8326,0,97,136,40
51597,ext_cf89c65e,0,135,136,2
51597,ext_d0097896,0,89,136,48
51597,ext_d030d081,0,118,136,19
51597,ext_d0f289a6,0,93,136,44
51597,ext_d13c9bdb,0,59,136,78
51597,ext_d18baf39,0,93,136,44
51597,ext_d2eb9597,0,59,136,78
51597,ext_d31a0eb8,0,61,136,76
51597,ext_d4370f48,0,59,136,78
51597,ext_d7842dce,0,59,136,78
51597,ext_d9db0114,0,59,95,37
51597,ext_d9ee6fb9,0,59,136,78
51597,ext_da7247aa,0,59,136,78
51597,ext_db507c8f,0,95,136,42
51597,ext_db627d49,0,59,136,78
51597,ext_dc97a00b,0,67,136,70
51597,ext_dd49834e,0,59,136,78
51597,ext_dd9d6229,0,59,136,78
51597,ext_de68e334,0,133,136,4
51597,ext_de8a38ff,0,59,136,78
51597,ext_de9cb894,0,59,136,78
51597,ext_df533056,0,74,136,63
51597,ext_e0195f30,0,59,136,78
51597,ext_e0af94cc,0,59,136,78
51597,ext_e10d5526,0,118,136,19
51597,ext_e113ce0a,0,59,136,78
51597,ext_e179d48d,0,59,136,78
51597,ext_e18f309a,0,59,136,78
51597,ext_e236b3c8,0,59,136,78
51597,ext_e3e1b093,0,59,136,78
51597,ext_e44d93fd,0,59,136,78
51597,ext_e49a3dcb,0,97,136,40
51597,ext_e54b3603,0,98,136,39
51597,ext_e6334510,0,97,136,40
51597,ext_e63c64fb,0,59,136,78
51597,ext_e6eb9124,0,63,136,74
51597,ext_e74ba9c7,0,59,136,78
51597,ext_e8e83f80,0,59,136,78
51597,ext_e9c3f4a7,0,59,136,78
51597,ext_ea3d740a,0,59,136,78
51597,ext_eab84b09,0,59,136,78
51597,ext_ead81988,0,89,136,48
51597,ext_eb3a00cd,0,59,136,78
51597,ext_eb97d7a1,0,134,136,3
51597,ext_ebe3fc6c,0,59,136,78
51597,ext_ecac8c1c,0,59,67,9
51597,ext_eda0f58a,0,118,136,19
51597,ext_eec59cc3,0,59,136,78
51597,ext_ef12bd6a,0,123,136,14
51597,ext_f0400888,0,59,136,78
51597,ext_f30468a9,0,75,136,62
51597,ext_f32ef81d,0,59,136,78
51597,ext_f3b3f724,0,92,136,45
51597,ext_f4c1e97e,0,59,136,78
51597,ext_f522d770,0,59,136,78
51597,ext_f544b241,0,118,136,19
51597,ext_f8e2b12b,0,77,136,60
51597,ext_f8f29a70,0,93,103,11
51597,ext_f954d431,0,59,136,78
51597,ext_fba77d11,0,59,136,78
51597,ext_fbb55275,0,59,136,78
51597,ext_fbbf8379,0,59,136,78
51597,ext_fd17547b,0,62,136,75
51597,ext_fdcaa1bd,0,76,136,61
51597,ext_fee62d01,0,59,136,78
51597,ext_fefd73bd,0,89,136,48
51597,ext_ff67eae6,0,59,136,78
51597,ext_ff776736,0,98,136,39
51597,ext_ff9b3b2c,0,59,136,78
51675,77023,1,61,107,39
51675,ext_60d9f90c,0,61,107,39
51675,ext_6aa11ed3,0,90,107,17
51675,ext_82de1964,0,90,107,17
51675,ext_910dff80,0,78,107,29
51675,ext_a049558e,0,61,107,39
51675,ext_ada67877,0,90,107,17
51675,ext_fe27a0b3,0,90,107,17
51722,10060,1,59,128,39
51722,20905,1,94,128,23
51722,25544,1,109,128,16
51722,39122,1,59,128,39
51722,49294,1,94,128,23
51722,51597,1,120,128,9
51722,78911,1,59,128,39
51722,85596,1,59,128,39
51722,88133,1,59,128,39
51722,ext_00cf5e4b,0,114,128,13
51722,ext_03de5aef,0,59,128,39
51722,ext_0f13839f,0,59,128,36
51722,ext_0f30b5a6,0,74,74,1
51722,ext_11c2e96b,0,116,128,12
51722,ext_1275befb,0,59,128,39
51722,ext_1871fd36,0,61,70,10
51722,ext_1a0f71ed,0,59,74,16
51722,ext_1d2094d4,0,59,128,39
51722,ext_1daa28d3,0,114,128,13
51722,ext_1e3ed3fb,0,59,74,16
51722,ext_1f718548,0,59,128,39
51722,ext_21680f99,0,59,128,39
51722,ext_2a093096,0,59,70,12
51722,ext_2bd3e1f2,0,59,128,39
51722,ext_2dbcef3f,0,59,70,12
51722,ext_3105bae1,0,123,128,6
51722,ext_34d6bd3f,0,94,104,4
51722,ext_36892030,0,59,128,31
51722,ext_39dabdfc,0,59,74,16
51722,ext_3a31d6af,0,111,128,15
51722,ext_3ef7883a,0,59,74,16
51722,ext_42145701,0,109,128,16
51722,ext_4c4832d0,0,116,128,12
51722,ext_525117a1,0,59,74,16
51722,ext_567a2964,0,121,128,8
51722,ext_5e5c72bb,0,111,128,15
51722,ext_5fb59cc5,0,127,128,2
51722,ext_6a1acddd,0,59,74,16
51722,ext_6c86a1eb,0,120,128,9
51722,ext_6f4ffa37,0,118,128,10
51722,ext_6f63a556,0,94,128,23
51722,ext_792f9203,0,94,128,23
51722,ext_7a0db733,0,66,128,15
51722,ext_7c768c47,0,59,128,35
51722,ext_883f7c30,0,59,128,39
51722,ext_886bc01e,0,94,128,23
51722,ext_8a29e63c,0,59,74,16
51722,ext_8b5ed892,0,59,59,1
51722,ext_8d56217e,0,59,128,39
51722,ext_8e6f163a,0,59,74,16
51722,ext_8e818103,0,59,128,39
51722,ext_911b7e48,0,59,128,39
51722,ext_935a7928,0,59,74,16
51722,ext_93b0939b,0,59,128,39
51722,ext_9b3f25a8,0,127,128,2
51722,ext_9b83f958,0,112,128,14
51722,ext_9c36f832,0,59,128,39
51722,ext_9ed5504f,0,59,128,39
51722,ext_9eee0906,0,59,128,22
51722,ext_a0b8ae04,0,94,128,23
51722,ext_a3623c51,0,60,128,38
51722,ext_a40651c4,0,59,74,16
51722,ext_a6a9b522,0,106,128,19
51722,ext_aa4dfda5,0,94,128,23
51722,ext_aa7bba2d,0,94,128,23
51722,ext_ab48e591,0,59,128,39
51722,ext_b14b3cfa,0,97,128,22
51722,ext_b3b0bf26,0,122,128,7
51722,ext_b56938a8,0,111,128,15
51722,ext_bc48cd47,0,120,128,9
51722,ext_c0395c98,0,59,128,39
51722,ext_c097c573,0,59,74,16
51722,ext_c0ed9c82,0,59,74,16
51722,ext_c3ea75cc,0,59,128,39
51722,ext_c7cc418b,0,126,128,3
51722,ext_caab21ab,0,59,70,12
51722,ext_cd427a8a,0,73,128,20
51722,ext_cedcdbab,0,59,104,20
51722,ext_d2d00f6b,0,70,74,5
51722,ext_d31a0eb8,0,59,70,12
51722,ext_d7842dce,0,123,128,6
51722,ext_de9cb894,0,112,128,14
51722,ext_e0195f30,0,111,128,15
51722,ext_e18f3bec,0,59,70,12
51722,ext_e3e1b093,0,62,104,17
51722,ext_e49f58e7,0,59,128,25
51722,ext_e51a12d1,0,118,128,10
51722,ext_e9468f6d,0,59,128,37
51722,ext_ecbf90d6,0,61,128,37
51722,ext_f3e676ce,0,118,128,10
51722,ext_f4b40c1a,0,59,74,16
51722,ext_f824b1ea,0,59,74,16
51722,ext_f9b291c8,0,59,74,16
51722,ext_fb72bf52,0,59,74,16
51722,ext_fe8f118d,0,59,128,39
52067,23144,1,80,84,5
52067,25494,1,59,62,4
52067,37617,1,59,84,25
52067,39253,1,59,84,25
52067,51597,1,78,84,7
52067,52441,1,59,63,5
52067,61280,1,59,84,25
52067,66052,1,59,84,25
52067,78638,1,59,84,25
52067,80058,1,59,84,25
52067,ext_0049ba21,0,59,84,25
52067,ext_008b08e3,0,59,84,25
52067,ext_02d24a27,0,62,84,22
52067,ext_0318c89b,0,59,84,25
52067,ext_033a8cea,0,61,84,23
52067,ext_033b15f8,0,59,84,25
52067,ext_074949ef,0,59,84,25
52067,ext_07bd1f8a,0,59,84,25
52067,ext_09339c96,0,59,84,25
52067,ext_0ca9b997,0,59,84,25
52067,ext_0e914119,0,79,84,6
52067,ext_0e957347,0,59,84,25
52067,ext_0ebd3533,0,59,84,25
52067,ext_0f9d14c1,0,59,84,25
52067,ext_0fd2f415,0,59,84,25
52067,ext_103bb059,0,59,84,25
52067,ext_112450d8,0,59,84,25
52067,ext_12257749,0,76,84,9
52067,ext_137cbea4,0,59,84,25
52067,ext_13f544e4,0,59,84,25
52067,ext_1511b87c,0,62,84,22
52067,ext_158caaad,0,63,84,21
52067,ext_15ef899c,0,59,84,25
52067,ext_1b0e59a1,0,59,84,25
52067,ext_1b485ac4,0,59,84,25
52067,ext_1f1b591b,0,75,84,10
52067,ext_20056aa1,0,84,84,1
52067,ext_2090edfb,0,59,84,25
52067,ext_214ed2ea,0,59,84,25
52067,ext_21c2ac40,0,59,84,25
52067,ext_252cc56f,0,59,84,25
52067,ext_26e045ca,0,59,84,25
52067,ext_2747eb56,0,59,84,25
52067,ext_29988baf,0,59,84,25
52067,ext_29d02948,0,59,84,25
52067,ext_2a78ce06,0,59,84,25
52067,ext_2aaa2700,0,59,84,25
52067,ext_2acc5031,0,59,84,25
52067,ext_2b3c3a33,0,76,84,9
52067,ext_2b9caa26,0,59,84,25
52067,ext_2cc9bcac,0,59,84,25
52067,ext_2d70b1c1,0,62,84,22
52067,ext_2e732471,0,59,84,25
52067,ext_2f27839e,0,59,84,25
52067,ext_313bd9c9,0,64,84,20
52067,ext_3197851e,0,77,84,8
52067,ext_35b27168,0,59,84,25
52067,ext_374f07dd,0,59,84,25
52067,ext_37bb6043,0,59,84,25
52067,ext_39dbf691,0,62,84,22
52067,ext_3a3a04f2,0,59,84,25
52067,ext_3b2af2ae,0,59,84,25
52067,ext_3d3c349c,0,59,84,25
52067,ext_3dba53a6,0,59,84,25
52067,ext_3dc4b864,0,59,84,25
52067,ext_3dfef290,0,59,84,25
52067,ext_3e047eba,0,59,84,25
52067,ext_3e5330fa,0,59,84,25
52067,ext_3fb0a5b7,0,63,84,21
52067,ext_400b9753,0,59,84,25
52067,ext_4453c019,0,59,84,25
52067,ext_44b7be2f,0,59,84,25
52067,ext_44bb1277,0,59,84,25
52067,ext_45c37b30,0,59,84,25
52067,ext_45e6a4df,0,59,84,25
52067,ext_4752a030,0,59,84,25
52067,ext_49ad02ab,0,59,84,25
52067,ext_4b8f9035,0,59,84,25
52067,ext_4bfc1163,0,59,84,25
52067,ext_4dbf44f1,0,59,84,25
52067,ext_4f1bc21b,0,59,84,25
52067,ext_4fb7598a,0,59,84,25
52067,ext_4fda6cac,0,59,84,25
52067,ext_501d2bae,0,59,84,25
52067,ext_503eb93e,0,80,84,5
52067,ext_524f037d,0,59,84,25
52067,ext_53d0fa60,0,59,84,25
52067,ext_56588dcf,0,59,84,25
52067,ext_567e74b0,0,59,76,17
52067,ext_58eb49b4,0,59,84,25
52067,ext_5aaf3e3a,0,75,84,10
52067,ext_5ba9aa47,0,59,84,25
52067,ext_5d266eb2,0,59,84,25
52067,ext_5d2cc17d,0,59,84,25
52067,ext_5dcef857,0,59,84,25
52067,ext_5e368f17,0,59,84,25
52067,ext_5e98828a,0,59,84,25
52067,ext_5f530d91,0,59,84,25
52067,ext_60a724df,0,59,84,25
52067,ext_62540c22,0,59,84,25
52067,ext_63c2fb20,0,59,84,25
52067,ext_659180ac,0,59,84,25
52067,ext_65c026b6,0,59,84,25
52067,ext_6ab05625,0,62,84,22
52067,ext_6b66f717,0,59,84,25
52067,ext_6be023e3,0,59,84,25
52067,ext_6e557378,0,59,84,25
52067,ext_6fcefde7,0,59,84,25
52067,ext_70c3799a,0,59,84,25
52067,ext_70e65b41,0,59,84,25
52067,ext_7107d9fc,0,59,84,25
52067,ext_71e557df,0,59,84,25
52067,ext_76370640,0,59,84,25
52067,ext_77773895,0,59,84,25
52067,ext_78a4f2fd,0,62,84,22
52067,ext_7a29b07c,0,59,84,25
52067,ext_7a8f5cca,0,59,84,25
52067,ext_7c9caa6f,0,59,84,25
52067,ext_7ca15a2b,0,59,84,25
52067,ext_7cd9217a,0,59,84,25
52067,ext_7cfe3add,0,59,84,25
52067,ext_7dd4b7c8,0,59,84,25
52067,ext_7e1bd9d8,0,59,84,25
52067,ext_7f4a9ac5,0,59,84,25
52067,ext_81163e9e,0,59,84,25
52067,ext_8400dacf,0,59,84,25
52067,ext_843c0d31,0,69,84,16
52067,ext_845b2bba,0,59,84,25
52067,ext_8563085a,0,59,84,25
52067,ext_870e9a24,0,62,84,22
52067,ext_871272a4,0,59,84,25
52067,ext_879d8a56,0,59,76,17
52067,ext_8b2705d7,0,59,84,25
52067,ext_8d30cdd7,0,59,84,25
52067,ext_90345201,0,59,59,1
52067,ext_906d1e75,0,59,84,25
52067,ext_90e3ca0e,0,59,84,25
52067,ext_974ce931,0,59,84,25
52067,ext_97a43fc0,0,63,84,21
52067,ext_97b982fc,0,59,84,25
52067,ext_9b1dee75,0,59,84,25
52067,ext_9b6076fa,0,81,84,4
52067,ext_9c0e7dcc,0,59,84,25
52067,ext_9e3985ce,0,59,84,25
52067,ext_a0513008,0,59,84,25
52067,ext_a14e4bae,0,79,84,6
52067,ext_a1e32468,0,59,84,25
52067,ext_a52c5f40,0,59,84,25
52067,ext_a6b0ea6f,0,60,84,24
52067,ext_a7431221,0,62,84,22
52067,ext_a7718b7c,0,69,84,16
52067,ext_a7b6cfcb,0,62,84,22
52067,ext_aa55c955,0,59,83,24
52067,ext_aa71ad5e,0,78,84,7
52067,ext_ab01c6aa,0,59,84,25
52067,ext_ab102e80,0,80,84,5
52067,ext_ab82bc43,0,62,84,22
52067,ext_abd6af54,0,59,84,25
52067,ext_abee3b1f,0,59,84,25
52067,ext_ac3a83fa,0,59,84,25
52067,ext_ac4a960c,0,59,84,25
52067,ext_ac8209a3,0,62,84,22
52067,ext_acb24d27,0,78,84,7
52067,ext_acc3d964,0,59,84,25
52067,ext_ae094c75,0,59,84,25
52067,ext_afaa7a01,0,59,84,25
52067,ext_b1f46ffc,0,59,84,25
52067,ext_b37fbafe,0,81,84,4
52067,ext_b533727c,0,59,84,25
52067,ext_b89946bd,0,59,84,25
52067,ext_bab25cbd,0,59,84,25
52067,ext_bbc05384,0,59,84,25
52067,ext_bc139866,0,59,84,25
52067,ext_bca21bfa,0,82,84,3
52067,ext_bca75041,0,59,84,25
52067,ext_bd1048d3,0,59,84,25
52067,ext_be83de4a,0,59,84,25
52067,ext_c189b7c0,0,59,84,25
52067,ext_c1e23e50,0,59,84,25
52067,ext_c40898f7,0,59,84,25
52067,ext_ca3a089d,0,62,84,22
52067,ext_caae2599,0,59,84,25
52067,ext_cdb32953,0,59,84,25
52067,ext_ce21bffb,0,59,84,25
52067,ext_cf33b7f6,0,59,84,25
52067,ext_cf913e60,0,59,84,25
52067,ext_d0bf9eed,0,59,84,25
52067,ext_d293dd38,0,59,84,25
52067,ext_d46f010d,0,77,84,8
52067,ext_d4b3917a,0,59,84,25
52067,ext_d4b868ab,0,59,84,25
52067,ext_d8990722,0,64,84,20
52067,ext_d94136aa,0,59,84,25
52067,ext_d9e2ec29,0,62,84,22
52067,ext_dbc78b06,0,59,84,25
52067,ext_dd347a2b,0,59,84,25
52067,ext_dd61483e,0,59,84,25
52067,ext_ded1a4f7,0,59,84,25
52067,ext_e0322b4a,0,59,84,25
52067,ext_e0cdec2e,0,59,84,25
52067,ext_e0e61625,0,59,84,25
52067,ext_e32f1344,0,59,84,25
52067,ext_e3865dea,0,59,84,25
52067,ext_e4ea3d46,0,59,84,25
52067,ext_e4ec4c5a,0,59,84,25
52067,ext_e64e76c5,0,59,84,25
52067,ext_e6950ff5,0,59,84,25
52067,ext_e6e11bc5,0,62,84,22
52067,ext_e7d3125e,0,59,77,18
52067,ext_eba2dea4,0,59,84,25
52067,ext_edb143e4,0,59,84,25
52067,ext_eeb509de,0,59,84,25
52067,ext_f0400888,0,59,84,25
52067,ext_f106212a,0,59,84,25
52067,ext_f141318d,0,59,84,25
52067,ext_f2546149,0,59,84,25
52067,ext_f2566a78,0,59,84,25
52067,ext_f29a5a56,0,59,84,25
52067,ext_f3224a5a,0,59,84,25
52067,ext_f699f755,0,59,84,25
52067,ext_f7077888,0,79,84,6
52067,ext_f7631c64,0,59,84,25
52067,ext_fb37b9bd,0,59,84,25
52067,ext_fb3ed2e3,0,59,84,25
52067,ext_fec01c8a,0,59,84,25
52385,16313,1,64,138,67
52385,18344,1,108,138,29
52385,18707,1,63,138,68
52385,19844,1,63,138,68
52385,25947,1,63,138,68
52385,37617,1,63,138,68
52385,52385,1,63,138,68
52385,60482,1,63,138,68
52385,88175,1,131,138,7
52385,ext_00e07b27,0,63,138,68
52385,ext_0201641a,0,63,138,68
52385,ext_02c3dbb8,0,91,105,13
52385,ext_0659704d,0,64,138,67
52385,ext_0adb13a7,0,109,138,28
52385,ext_0b91892c,0,63,138,68
52385,ext_0d42fcf0,0,63,138,68
52385,ext_0d983e9d,0,63,138,68
52385,ext_0df90689,0,63,138,68
52385,ext_0e552c9b,0,86,138,47
52385,ext_0ecfaad2,0,100,105,6
52385,ext_10214236,0,63,138,68
52385,ext_1115ab27,0,65,105,37
52385,ext_136ded01,0,63,138,68
52385,ext_153377b9,0,63,138,68
52385,ext_15382769,0,63,138,68
52385,ext_16278ca5,0,121,138,16
52385,ext_165d7cea,0,63,138,68
52385,ext_17ce0643,0,63,138,68
52385,ext_182b8242,0,63,138,68
52385,ext_187b60d4,0,71,105,32
52385,ext_196528d3,0,63,138,68
52385,ext_1aa885b1,0,63,138,68
52385,ext_1ace2801,0,111,138,26
52385,ext_1ae527e8,0,110,138,27
52385,ext_1bbb8179,0,108,138,29
52385,ext_1bc71efe,0,93,105,11
52385,ext_1f8f7017,0,63,138,68
52385,ext_1fc2a9bb,0,63,138,68
52385,ext_209a371b,0,63,138,68
52385,ext_2106b431,0,63,138,68
52385,ext_211442ba,0,105,105,1
52385,ext_217fd8bd,0,63,138,68
52385,ext_232205b7,0,65,105,37
52385,ext_236b95a9,0,63,138,68
52385,ext_2498cd39,0,64,138,67
52385,ext_28869671,0,63,138,68
52385,ext_2a5f7a8a,0,81,138,43
52385,ext_2c19109b,0,64,138,67
52385,ext_2d5546c9,0,63,138,68
52385,ext_2e9a327e,0,63,138,68
52385,ext_2ef1da16,0,63,138,68
52385,ext_2f78d500,0,63,138,68
52385,ext_309c2c36,0,63,138,68
52385,ext_30e87597,0,138,138,1
52385,ext_334281ba,0,63,138,68
52385,ext_3426d4c4,0,87,105,17
52385,ext_345735e6,0,63,138,68
52385,ext_34603767,0,63,138,68
52385,ext_367c4e3a,0,63,138,68
52385,ext_38f04758,0,63,138,68
52385,ext_3a512f92,0,63,138,68
52385,ext_3ad3df91,0,65,105,37
52385,ext_3b3f290e,0,109,138,28
52385,ext_3dbc8af4,0,117,138,20
52385,ext_3f527288,0,63,138,68
52385,ext_40692ed2,0,71,105,32
52385,ext_41922f49,0,63,138,68
52385,ext_41be27e0,0,65,138,38
52385,ext_429ed9df,0,84,105,20
52385,ext_4354cf07,0,63,138,68
52385,ext_435ba7d5,0,115,138,22
52385,ext_4384381f,0,64,138,67
52385,ext_438a29b3,0,65,138,65
52385,ext_43f82be7,0,77,105,27
52385,ext_43fbe204,0,86,105,18
52385,ext_441f7d18,0,63,138,68
52385,ext_44249f65,0,63,138,68
52385,ext_44f48577,0,118,138,19
52385,ext_452d1edf,0,63,138,68
52385,ext_4542957d,0,63,138,68
52385,ext_45c37b30,0,63,138,68
52385,ext_49d6dec1,0,63,138,68
52385,ext_49e5f159,0,63,138,68
52385,ext_4ad95150,0,63,138,68
52385,ext_4b25b367,0,63,138,68
52385,ext_4b6f2710,0,63,138,68
52385,ext_4b7ccd39,0,111,138,26
52385,ext_4ced07f0,0,87,105,17
52385,ext_4e8dd7a3,0,68,105,35
52385,ext_4e919910,0,95,105,9
52385,ext_4fc3f922,0,63,138,68
52385,ext_50332c9a,0,73,105,30
52385,ext_50c74443,0,63,138,68
52385,ext_528538fc,0,131,138,7
52385,ext_53a039cc,0,63,138,68
52385,ext_54744582,0,63,138,68
52385,ext_5705520c,0,63,138,68
52385,ext_571ddc61,0,63,138,68
52385,ext_5761f4e4,0,111,138,26
52385,ext_57e6975f,0,63,138,68
52385,ext_598c4e83,0,115,138,22
52385,ext_59a5e58c,0,63,138,68
52385,ext_5c113a95,0,94,105,10
52385,ext_5c22b3a1,0,63,138,68
52385,ext_5c3d0a2b,0,63,138,68
52385,ext_5c4b47c2,0,63,138,68
52385,ext_5cb344d5,0,63,138,68
52385,ext_5d222e81,0,64,138,43
52385,ext_5de35973,0,63,138,68
52385,ext_5e0618ba,0,111,138,26
52385,ext_5f530d91,0,63,138,68
52385,ext_62b5dfcf,0,63,138,68
52385,ext_6333424b,0,63,138,68
52385,ext_634c488d,0,83,138,50
52385,ext_6384e4a8,0,108,138,29
52385,ext_64c4905e,0,63,138,68
52385,ext_656558c5,0,63,138,68
52385,ext_65c92f6b,0,78,105,26
52385,ext_66939b67,0,63,138,68
52385,ext_675ef595,0,114,138,23
52385,ext_67b445d7,0,80,138,52
52385,ext_680555ff,0,63,138,68
52385,ext_687e21b1,0,63,138,68
52385,ext_69801e32,0,63,138,68
52385,ext_69eccc59,0,63,138,68
52385,ext_6c1832a8,0,101,105,5
52385,ext_6c5f9058,0,63,138,68
52385,ext_6caa1d64,0,111,138,26
52385,ext_6d373ff9,0,63,138,68
52385,ext_6e261e9f,0,64,138,67
52385,ext_6f19ef8e,0,63,138,68
52385,ext_6f5044d1,0,63,138,68
52385,ext_703f7f0a,0,86,105,18
52385,ext_706b19a0,0,117,138,20
52385,ext_737305f8,0,64,105,38
52385,ext_75e27c47,0,63,138,68
52385,ext_75f86cb0,0,63,138,68
52385,ext_765c60e9,0,63,138,68
52385,ext_765f5325,0,63,138,68
52385,ext_7847a05a,0,63,138,68
52385,ext_78eda70e,0,63,138,68
52385,ext_79120e04,0,63,138,68
52385,ext_79fce6dd,0,64,138,67
52385,ext_7aa9b0fb,0,63,138,68
52385,ext_7ad45e3d,0,92,105,12
52385,ext_7bb9fc1f,0,63,138,68
52385,ext_7c772c79,0,63,138,68
52385,ext_7d0ec7c4,0,63,138,68
52385,ext_7e20a9ee,0,63,138,68
52385,ext_7ef878f3,0,108,138,29
52385,ext_7f0848fc,0,63,138,68
52385,ext_7f139430,0,63,138,68
52385,ext_7fde7360,0,63,138,68
52385,ext_8043fb5c,0,63,138,68
52385,ext_808ab609,0,87,105,17
52385,ext_8096fbe4,0,63,138,68
52385,ext_80ef9b79,0,63,138,68
52385,ext_815cdd92,0,64,138,67
52385,ext_8173d4aa,0,63,138,68
52385,ext_81be3516,0,63,138,68
52385,ext_8282b7d4,0,63,138,68
52385,ext_82b1421f,0,63,138,68
52385,ext_832ac46b,0,110,138,27
52385,ext_83a1a5c5,0,64,138,67
52385,ext_84ae633c,0,63,138,68
52385,ext_86a0e16f,0,63,138,68
52385,ext_86d5235c,0,63,138,68
52385,ext_873fed69,0,63,138,68
52385,ext_87408170,0,108,138,29
52385,ext_88cf9174,0,63,138,68
52385,ext_894d4035,0,105,138,15
52385,ext_8a80fed7,0,63,138,68
52385,ext_8adb5cee,0,108,138,29
52385,ext_8d3d7bdb,0,109,138,28
52385,ext_8e78c1cf,0,86,105,18
52385,ext_8e93290d,0,63,138,68
52385,ext_8f8a0651,0,64,138,67
52385,ext_8fe96e98,0,105,105,1
52385,ext_900eea2e,0,108,138,29
52385,ext_90152ced,0,63,138,68
52385,ext_908d05cf,0,63,138,68
52385,ext_91459f97,0,63,138,68
52385,ext_916b6171,0,108,138,29
52385,ext_91cd64d2,0,91,105,13
52385,ext_93ad435e,0,121,138,16
52385,ext_971edc55,0,63,138,68
52385,ext_97241fc2,0,63,138,68
52385,ext_9757e0c5,0,63,138,68
52385,ext_988709cb,0,63,138,68
52385,ext_98fcd424,0,63,138,68
52385,ext_992ef4b7,0,63,138,68
52385,ext_9a156096,0,111,138,26
52385,ext_9a15e2c6,0,63,138,68
52385,ext_9b236c85,0,63,138,68
52385,ext_9ce877ab,0,63,138,68
52385,ext_9dd216dd,0,63,138,68
52385,ext_9e276c91,0,109,138,28
52385,ext_a1618558,0,114,138,23
52385,ext_a2b3dc9c,0,64,138,67
52385,ext_a3897ad9,0,63,138,68
52385,ext_a39a73da,0,87,105,17
52385,ext_a4a460f9,0,63,138,68
52385,ext_a4c03a2d,0,63,138,68
52385,ext_a72eafe7,0,63,138,68
52385,ext_a866f51a,0,63,138,68
52385,ext_a93fa8d2,0,124,138,14
52385,ext_a96baf37,0,63,138,68
52385,ext_a96ceeb7,0,63,138,68
52385,ext_a99a5fdc,0,108,138,29
52385,ext_aa3a6213,0,63,138,68
52385,ext_aa5c474f,0,68,105,35
52385,ext_aa935840,0,63,138,68
52385,ext_ab832b6e,0,63,138,68
52385,ext_ac181540,0,63,138,68
52385,ext_ac5a32fa,0,63,138,68
52385,ext_ad0ffb6c,0,63,138,68
52385,ext_ad9a9c5a,0,63,138,68
52385,ext_ade641a9,0,63,138,68
52385,ext_adfa98b6,0,63,138,68
52385,ext_adfda6c7,0,87,105,17
52385,ext_ae067406,0,63,138,68
52385,ext_aea2a3b4,0,101,105,5
52385,ext_af06e370,0,63,138,68
52385,ext_b10a76e8,0,63,138,68
52385,ext_b17f3be8,0,64,105,38
52385,ext_b1b59b55,0,63,138,68
52385,ext_b1e6a7c3,0,108,138,29
52385,ext_b1ed9c51,0,63,138,68
52385,ext_b5452d62,0,64,138,67
52385,ext_b788ae1a,0,64,105,38
52385,ext_b808461e,0,126,138,12
52385,ext_b8f0d3c8,0,63,138,68
52385,ext_b9b855ca,0,63,138,68
52385,ext_ba630074,0,63,138,68
52385,ext_bc6cee3c,0,94,105,10
52385,ext_bce45893,0,63,138,68
52385,ext_bd15d91a,0,63,138,68
52385,ext_bd2dd1a0,0,63,138,68
52385,ext_bd90921d,0,126,138,12
52385,ext_be44b23e,0,63,138,68
52385,ext_be69da97,0,63,138,68
52385,ext_c17b6aaf,0,64,138,67
52385,ext_c25edc22,0,63,138,68
52385,ext_c60155dc,0,63,138,68
52385,ext_c65129d3,0,63,138,68
52385,ext_c75ebed8,0,88,105,16
52385,ext_c8ebbe92,0,63,138,68
52385,ext_ca2871e3,0,63,138,68
52385,ext_cbd33a71,0,94,105,10
52385,ext_cc95b13e,0,63,138,68
52385,ext_ccedb846,0,88,105,16
52385,ext_ce1bd88c,0,63,138,68
52385,ext_ce65f9ea,0,108,138,29
52385,ext_ce6708e2,0,63,138,68
52385,ext_ceaa1e57,0,63,138,68
52385,ext_cf75cb9e,0,116,138,21
52385,ext_cf8ae56b,0,63,138,68
52385,ext_d012538a,0,63,138,68
52385,ext_d02ae593,0,77,105,27
52385,ext_d16fc623,0,63,138,68
52385,ext_d26e2bed,0,63,138,68
52385,ext_d2eb9597,0,63,138,68
52385,ext_d357a212,0,63,138,68
52385,ext_d381786c,0,64,105,38
52385,ext_d3fdef6c,0,63,138,68
52385,ext_d5123ff1,0,63,138,68
52385,ext_d536a1ec,0,63,138,68
52385,ext_d57b0a47,0,109,138,28
52385,ext_d7210c10,0,73,105,30
52385,ext_d762a046,0,63,138,68
52385,ext_d8c8a55a,0,63,138,68
52385,ext_d91292d1,0,63,138,68
52385,ext_d9e30e16,0,63,138,68
52385,ext_da51833f,0,110,138,27
52385,ext_da91fc9c,0,94,105,10
52385,ext_da992c4a,0,63,105,39
52385,ext_daf0d9d8,0,63,138,68
52385,ext_dd5faed8,0,117,138,20
52385,ext_e11ecd2b,0,63,138,68
52385,ext_e2308375,0,63,92,28
52385,ext_e32f1344,0,63,138,68
52385,ext_e3d71998,0,64,138,67
52385,ext_e46e227f,0,63,138,68
52385,ext_e51e4639,0,89,138,35
52385,ext_e5f532cf,0,79,105,25
52385,ext_e68cfe63,0,88,105,16
52385,ext_e740c954,0,63,138,68
52385,ext_e9ce48d1,0,92,105,12
52385,ext_ea634faa,0,63,138,68
52385,ext_ea7dff15,0,63,138,68
52385,ext_ea8a8aca,0,63,138,68
52385,ext_eb4f6a47,0,63,138,68
52385,ext_ebb8e2bf,0,137,138,2
52385,ext_ed0e0686,0,108,138,29
52385,ext_ed78ca44,0,64,138,67
52385,ext_ee371384,0,138,138,1
52385,ext_efc5fd14,0,63,138,68
52385,ext_f02f679d,0,91,105,13
52385,ext_f08dbf27,0,65,138,66
52385,ext_f1466bdb,0,138,138,1
52385,ext_f1ac8d38,0,109,138,28
52385,ext_f26f3a30,0,63,138,68
52385,ext_f31cca22,0,63,138,68
52385,ext_f3339e5f,0,135,138,4
52385,ext_f3429284,0,63,138,68
52385,ext_f38d9206,0,63,138,68
52385,ext_f7e40ffa,0,63,138,68
52385,ext_f8731cae,0,63,138,68
52385,ext_f9359be4,0,63,138,68
52385,ext_fa6288be,0,77,105,27
52385,ext_fb0af61c,0,63,138,68
52385,ext_fb5b53b4,0,63,138,68
52385,ext_fd795568,0,63,138,68
52385,ext_fe18131b,0,63,138,68
52385,ext_fe9dd579,0,63,138,68
52385,ext_fede1438,0,63,138,68
52441,51102,1,59,74,4
52441,52441,1,59,74,4
52441,ext_017b8852,0,59,61,3
52441,ext_0239ea16,0,59,61,3
52441,ext_0246fa6a,0,59,61,3
52441,ext_0318c89b,0,59,74,4
52441,ext_076a10bf,0,59,61,3
52441,ext_08ca04a2,0,59,61,3
52441,ext_0c7ee8a3,0,59,61,3
52441,ext_0d7b0894,0,59,74,4
52441,ext_10f90058,0,59,61,3
52441,ext_136825d4,0,59,61,3
52441,ext_15320a79,0,59,74,4
52441,ext_153377b9,0,59,61,3
52441,ext_16bf243f,0,59,61,3
52441,ext_19327ae9,0,59,61,3
52441,ext_1970a6fe,0,59,61,3
52441,ext_19b11b71,0,59,61,3
52441,ext_1ae527e8,0,59,74,4
52441,ext_1ba02688,0,59,61,3
52441,ext_1c588ed2,0,59,74,4
52441,ext_1cc49960,0,59,61,3
52441,ext_1cc59126,0,59,61,3
52441,ext_1f1b591b,0,59,74,4
52441,ext_220b2b56,0,59,61,3
52441,ext_2237ed21,0,59,61,3
52441,ext_2321ffc7,0,59,61,3
52441,ext_24d7adad,0,59,74,4
52441,ext_28710977,0,59,61,3
52441,ext_2aaa2700,0,59,74,4
52441,ext_2b9caa26,0,59,61,3
52441,ext_2d5ea760,0,59,61,3
52441,ext_2f0ffc92,0,59,61,3
52441,ext_369a78a1,0,59,61,3
52441,ext_37a6e37b,0,59,61,3
52441,ext_37f06a1a,0,59,74,4
52441,ext_3968d92d,0,59,61,3
52441,ext_3c72a4e1,0,59,61,3
52441,ext_3d7efb47,0,59,61,3
52441,ext_4023a784,0,59,61,3
52441,ext_41835a96,0,59,61,3
52441,ext_43f4c0d0,0,59,61,3
52441,ext_442e1406,0,59,61,3
52441,ext_44b7be2f,0,59,61,3
52441,ext_44f92c52,0,59,61,3
52441,ext_48a3c9e6,0,59,74,4
52441,ext_4a926347,0,61,61,1
52441,ext_4bd73e5d,0,59,61,3
52441,ext_4cbe5086,0,59,74,4
52441,ext_4dc12137,0,59,74,4
52441,ext_4e3a0eb1,0,59,61,3
52441,ext_5367a3c5,0,59,61,3
52441,ext_537205bb,0,59,61,3
52441,ext_53a039cc,0,59,74,4
52441,ext_55b34f00,0,59,61,3
52441,ext_5866ba9d,0,59,74,4
52441,ext_5973afc2,0,59,61,3
52441,ext_5d266eb2,0,59,61,3
52441,ext_5e4d3f76,0,59,74,4
52441,ext_5e8e58ba,0,59,61,3
52441,ext_5f0095da,0,59,61,3
52441,ext_5f8b1341,0,59,61,3
52441,ext_63606ca9,0,59,61,3
52441,ext_63c2fb20,0,59,61,3
52441,ext_66939b67,0,59,61,3
52441,ext_68b3e0cf,0,59,74,4
52441,ext_6b66f717,0,59,61,3
52441,ext_6c980c0f,0,59,61,3
52441,ext_6cc8dba6,0,59,61,3
52441,ext_6e557378,0,59,61,3
52441,ext_706ddfe1,0,59,61,3
52441,ext_745b4fcd,0,59,61,3
52441,ext_76dfbcaa,0,59,61,3
52441,ext_78d77aa2,0,59,74,4
52441,ext_79a0a4ee,0,59,61,3
52441,ext_7bbc4e47,0,59,61,3
52441,ext_7cce8400,0,59,61,3
52441,ext_7d5163f3,0,59,61,3
52441,ext_7e006699,0,59,61,3
52441,ext_7ecac0c9,0,59,61,3
52441,ext_7f3aa68f,0,59,74,4
52441,ext_7f4a9ac5,0,59,61,3
52441,ext_802aad38,0,60,61,2
52441,ext_81d40a46,0,59,61,3
52441,ext_835cfb44,0,59,61,3
52441,ext_8438230f,0,59,61,3
52441,ext_86388003,0,59,74,4
52441,ext_86534742,0,59,61,3
52441,ext_870e9a24,0,59,61,3
52441,ext_87ed04f8,0,59,61,3
52441,ext_896d1302,0,59,74,4
52441,ext_8b326ff1,0,59,61,3
52441,ext_8eab8b0d,0,74,74,1
52441,ext_90a2cb22,0,59,61,3
52441,ext_90bcf1ae,0,59,61,3
52441,ext_91d57de0,0,59,61,3
52441,ext_9496da72,0,59,61,3
52441,ext_98228271,0,59,61,3
52441,ext_99607763,0,59,74,4
52441,ext_9cac3eee,0,59,74,4
52441,ext_9d1745b2,0,59,74,4
52441,ext_a1e32468,0,59,74,4
52441,ext_a1f392ae,0,59,61,3
52441,ext_a64b9c5a,0,59,61,3
52441,ext_a75826b9,0,59,61,3
52441,ext_a8e0281d,0,59,61,3
52441,ext_aad64344,0,59,61,3
52441,ext_ab4d391f,0,61,61,1
52441,ext_ab911494,0,59,74,4
52441,ext_abd6af54,0,59,74,4
52441,ext_ac8209a3,0,59,61,3
52441,ext_acbd4afb,0,59,61,3
52441,ext_acec7b7a,0,59,61,3
52441,ext_adafcdb3,0,59,61,3
52441,ext_b1f46ffc,0,59,61,3
52441,ext_b375846f,0,59,61,3
52441,ext_b83f3d92,0,59,61,3
52441,ext_bc7e7113,0,59,61,3
52441,ext_c34e5cf8,0,59,61,3
52441,ext_c48d6bef,0,59,61,3
52441,ext_c4c764ce,0,59,74,4
52441,ext_c74e2fc9,0,59,61,3
52441,ext_c775b8fa,0,59,61,3
52441,ext_c8e1b265,0,59,61,3
52441,ext_caae2599,0,59,61,3
52441,ext_cafa5fb3,0,59,61,3
52441,ext_ccd60f06,0,59,61,3
52441,ext_cdb32953,0,59,61,3
52441,ext_cdc651a2,0,59,61,3
52441,ext_d1a6f057,0,59,61,3
52441,ext_d293dd38,0,59,61,3
52441,ext_d349bf1e,0,59,61,3
52441,ext_d4ab8d80,0,59,61,3
52441,ext_d4ea41fb,0,59,61,3
52441,ext_d5b1d253,0,59,74,4
52441,ext_d8021216,0,59,61,3
52441,ext_da7850fa,0,59,74,4
52441,ext_db7f4bce,0,59,61,3
52441,ext_dc0bba98,0,59,61,3
52441,ext_dd916004,0,59,61,3
52441,ext_df52cd60,0,59,61,3
52441,ext_e0e61625,0,59,61,3
52441,ext_e20c204b,0,59,61,3
52441,ext_e3b769a4,0,59,61,3
52441,ext_e88dae9b,0,59,61,3
52441,ext_e893929d,0,59,61,3
52441,ext_e9b7b694,0,59,61,3
52441,ext_ebe3fc6c,0,59,61,3
52441,ext_ed9a2e18,0,59,61,3
52441,ext_ee79c31a,0,59,61,3
52441,ext_f0400888,0,59,61,3
52441,ext_f2566a78,0,39,58,18
52441,ext_f2e4baf8,0,59,61,3
52441,ext_f31b344c,0,59,74,4
52441,ext_f3d12cd9,0,59,74,4
52441,ext_f9b2d083,0,59,74,4
52441,ext_fa3e4e6c,0,59,61,3
52441,ext_fbb4480e,0,59,61,3
52441,ext_fd06f5ff,0,59,61,3
52615,ext_219d92f1,0,37,51,8
52615,ext_2d77f0e9,0,37,51,8
52615,ext_4f60c042,0,37,51,8
52615,ext_8e344405,0,37,51,8
52615,ext_91c59c89,0,37,51,8
52615,ext_a33a760e,0,37,51,8
52615,ext_abca500a,0,37,51,8
52615,ext_ae860034,0,37,51,8
52615,ext_b080e77c,0,37,51,8
52615,ext_b11f7c76,0,37,51,8
52615,ext_be4e1992,0,37,51,8
52615,ext_c65e6bd5,0,37,51,8
52615,ext_d7028805,0,37,51,8
52615,ext_eb32eec6,0,37,51,8
52615,ext_f035633f,0,37,51,8
52615,ext_f4b5cc80,0,37,51,8
52615,ext_fa736d59,0,37,51,8
52635,25544,1,59,103,24
52635,40997,1,59,103,24
52635,52635,1,59,103,24
52635,53275,1,59,103,24
52635,ext_008b08e3,0,59,103,24
52635,ext_01396829,0,59,83,21
52635,ext_017ef3b5,0,59,103,25
52635,ext_03fa3e1c,0,59,88,23
52635,ext_044a2719,0,59,83,21
52635,ext_0564a033,0,80,88,6
52635,ext_05861e7e,0,59,103,24
52635,ext_064355bd,0,59,103,24
52635,ext_0b1701ba,0,59,83,21
52635,ext_0cd5d48e,0,59,83,21
52635,ext_0d62c822,0,59,103,24
52635,ext_142f6aec,0,59,103,24
52635,ext_217501db,0,59,88,23
52635,ext_25588db7,0,59,103,24
52635,ext_2689ec78,0,59,83,21
52635,ext_26fb4085,0,59,88,23
52635,ext_2b0fd734,0,59,103,24
52635,ext_32233cf5,0,59,83,21
52635,ext_38119ddb,0,59,103,24
52635,ext_39a1ab7e,0,59,83,21
52635,ext_443f320a,0,83,88,3
52635,ext_476c834c,0,59,103,24
52635,ext_48c8c58b,0,73,88,13
52635,ext_4c0a1002,0,59,103,24
52635,ext_4f704a49,0,59,103,24
52635,ext_55553bb2,0,78,88,8
52635,ext_573192bb,0,59,103,24
52635,ext_5aed0ec0,0,59,83,21
52635,ext_5ce360ac,0,59,83,21
52635,ext_5de9c6c8,0,59,88,23
52635,ext_62315974,0,59,103,24
52635,ext_68628d87,0,59,103,24
52635,ext_6ac92bd5,0,59,103,24
52635,ext_6b78f88e,0,59,103,24
52635,ext_6cfc41f2,0,59,103,24
52635,ext_70d9de38,0,59,103,24
52635,ext_752d12a9,0,59,88,23
52635,ext_7861c2c0,0,59,83,21
52635,ext_79977cd1,0,59,83,21
52635,ext_80eb4b71,0,59,103,24
52635,ext_80fd5e22,0,59,103,24
52635,ext_87105770,0,69,88,16
52635,ext_87918967,0,59,83,21
52635,ext_8d341d74,0,59,103,24
52635,ext_8e363bb1,0,59,103,24
52635,ext_8ff50d7c,0,60,83,20
52635,ext_912e0eba,0,59,103,24
52635,ext_9367c09d,0,59,103,24
52635,ext_958db039,0,59,103,24
52635,ext_95cb5457,0,59,83,21
52635,ext_9b1dee75,0,59,103,24
52635,ext_a2387047,0,59,103,24
52635,ext_a35cfb88,0,59,103,25
52635,ext_a68922ec,0,59,103,24
52635,ext_a7afd4db,0,63,88,20
52635,ext_aacb6656,0,66,88,18
52635,ext_af452f64,0,59,103,24
52635,ext_b4794305,0,71,88,15
52635,ext_b64fa66c,0,59,103,24
52635,ext_b74bc52e,0,59,83,21
52635,ext_bf4cacd2,0,37,54,12
52635,ext_c05fd8a2,0,59,103,24
52635,ext_c7c404c2,0,59,103,24
52635,ext_c92f7163,0,59,103,24
52635,ext_cac3c01d,0,59,103,24
52635,ext_cff58488,0,59,103,25
52635,ext_d7b7b16b,0,59,103,24
52635,ext_d976eeb0,0,59,103,24
52635,ext_e2d2c966,0,59,103,24
52635,ext_e5c19241,0,59,103,24
52635,ext_e9f9c256,0,59,103,24
52635,ext_eb6435ef,0,66,88,18
52635,ext_ed62227d,0,59,83,21
52635,ext_f011c4bb,0,59,103,24
52635,ext_f1bd6302,0,59,83,21
53275,10841,1,60,124,25
53275,11360,1,60,76,12
53275,14188,1,60,108,24
53275,18344,1,124,124,1
53275,19844,1,60,77,13
53275,36143,1,60,108,24
53275,40997,1,60,124,25
53275,46021,1,60,77,13
53275,62555,1,60,108,24
53275,63757,1,70,124,16
53275,68494,1,60,124,30
53275,68633,1,60,108,21
53275,74916,1,60,108,24
53275,86352,1,60,124,25
53275,88133,1,60,124,25
53275,ext_043fc564,0,124,124,1
53275,ext_08d4c66d,0,60,124,30
53275,ext_0bcdbb76,0,60,124,25
53275,ext_0d489bd5,0,76,108,13
53275,ext_0dd7f507,0,60,124,25
53275,ext_1abf3f2d,0,82,124,13
53275,ext_1c410025,0,60,108,24
53275,ext_1c8900c1,0,88,124,12
53275,ext_1d483008,0,61,124,24
53275,ext_1dd6db49,0,60,76,12
53275,ext_1dfa69ea,0,102,108,5
53275,ext_20c12f69,0,60,108,24
53275,ext_2689ec78,0,60,124,25
53275,ext_26f65e2b,0,68,108,16
53275,ext_2793be81,0,60,67,8
53275,ext_2921371a,0,76,108,13
53275,ext_29f4b8f5,0,60,108,24
53275,ext_2ce0379f,0,65,124,20
53275,ext_2cf1982f,0,60,108,24
53275,ext_2f61e07c,0,60,108,24
53275,ext_3075586c,0,60,76,12
53275,ext_36823df6,0,60,108,24
53275,ext_36a47576,0,60,76,12
53275,ext_36b9bce9,0,95,108,8
53275,ext_385623f6,0,60,108,24
53275,ext_3bc38b46,0,60,108,24
53275,ext_443b25a5,0,60,108,24
53275,ext_44ef2ec5,0,62,124,23
53275,ext_45726ed7,0,88,124,12
53275,ext_45c37b30,0,60,108,24
53275,ext_488a1048,0,60,108,24
53275,ext_495e43bf,0,60,76,12
53275,ext_4988c831,0,88,124,12
53275,ext_49c3f214,0,60,108,24
53275,ext_4deaee3b,0,124,124,1
53275,ext_5312a731,0,76,124,14
53275,ext_55ae19f4,0,60,108,24
53275,ext_573192bb,0,60,76,12
53275,ext_582a2fd1,0,60,108,24
53275,ext_5c90392d,0,124,124,1
53275,ext_5f4e5d09,0,82,124,13
53275,ext_63a38cb7,0,60,124,30
53275,ext_64d18fca,0,124,124,1
53275,ext_68628d87,0,124,124,1
53275,ext_6a1acddd,0,61,108,21
53275,ext_6d9392c6,0,60,108,24
53275,ext_6f04245d,0,60,108,24
53275,ext_7042c32f,0,60,76,12
53275,ext_7134bc06,0,124,124,1
53275,ext_753dc489,0,124,124,1
53275,ext_78b06dbe,0,60,124,25
53275,ext_795b0c81,0,60,124,29
53275,ext_7b9d4332,0,60,108,24
53275,ext_7e124717,0,60,108,24
53275,ext_80089851,0,124,124,1
53275,ext_82a12704,0,82,108,12
53275,ext_8433e241,0,60,76,12
53275,ext_85925bbc,0,60,124,25
53275,ext_87e559bb,0,70,124,16
53275,ext_89895620,0,60,76,12
53275,ext_8eb538ac,0,82,108,12
53275,ext_9096e9f5,0,61,124,24
53275,ext_91cf7e8f,0,60,108,24
53275,ext_9548ed27,0,60,124,30
53275,ext_95dd484f,0,60,108,24
53275,ext_99c8a3fe,0,82,108,12
53275,ext_9aae8238,0,124,124,1
53275,ext_9cc6f048,0,60,108,24
53275,ext_9fe0e394,0,60,108,24
53275,ext_a391e63e,0,124,124,1
53275,ext_a3ef67b9,0,60,108,24
53275,ext_a425e664,0,60,108,24
53275,ext_a7ab0292,0,60,124,30
53275,ext_a8209cec,0,60,108,24
53275,ext_aab42c99,0,60,124,25
53275,ext_ab79ada7,0,60,76,12
53275,ext_abd9bae2,0,60,67,8
53275,ext_b287aecc,0,60,108,24
53275,ext_b32c53cf,0,60,60,1
53275,ext_b8ef61eb,0,60,124,25
53275,ext_bacfaf4c,0,60,108,24
53275,ext_bc5c8ef5,0,124,124,1
53275,ext_bd240d21,0,60,76,12
53275,ext_be040953,0,60,76,12
53275,ext_c18b416a,0,60,80,15
53275,ext_c3059560,0,76,108,13
53275,ext_c8e1b265,0,102,124,6
53275,ext_c8e7fd9d,0,97,108,7
53275,ext_caa466d3,0,97,108,7
53275,ext_cc6a413d,0,60,80,15
53275,ext_cec74af2,0,60,124,25
53275,ext_cfcb5b80,0,124,124,1
53275,ext_d04182cb,0,95,108,8
53275,ext_d1ac95f2,0,82,108,12
53275,ext_d46a2e7e,0,124,124,1
53275,ext_e0963a38,0,88,124,12
53275,ext_e2d2c966,0,60,124,26
53275,ext_e2dea127,0,124,124,1
53275,ext_e44d93fd,0,82,108,12
53275,ext_e5c584cc,0,60,124,25
53275,ext_ec310249,0,60,80,14
53275,ext_ece259e6,0,60,90,21
53275,ext_eea707b9,0,60,124,25
53275,ext_f009f6c2,0,60,108,25
53275,ext_f041fd71,0,60,124,28
53275,ext_f2f032e6,0,124,124,1
53275,ext_f50c6689,0,60,76,12
53275,ext_f65416a8,0,60,108,24
53275,ext_f692853e,0,124,124,1
53275,ext_f9546694,0,124,124,1
53275,ext_fcbe7141,0,60,124,25
53275,ext_fe8f118d,0,124,124,1
53884,30076,1,123,136,7
53884,44956,1,59,66,8
53884,50947,1,77,136,21
53884,53884,1,59,66,8
53884,59367,1,123,136,7
53884,73175,1,85,136,15
53884,86352,1,59,66,8
53884,ext_00481f5e,0,59,66,8
53884,ext_00ca4c96,0,59,66,8
53884,ext_0142f880,0,59,136,35
53884,ext_02908b4b,0,59,66,8
53884,ext_032abe64,0,59,136,35
53884,ext_057330e4,0,59,136,18
53884,ext_07993e9f,0,123,136,7
53884,ext_0a33fe8b,0,61,136,33
53884,ext_0a3f0c63,0,86,136,14
53884,ext_0c7715eb,0,59,136,35
53884,ext_0d2fd992,0,132,136,4
53884,ext_0dcf63bf,0,74,136,22
53884,ext_0df90689,0,132,136,4
53884,ext_0fccb0fe,0,77,136,21
53884,ext_11776e50,0,60,136,34
53884,ext_1234dd16,0,59,66,8
53884,ext_13858157,0,59,66,8
53884,ext_14c8621c,0,85,136,15
53884,ext_1586650d,0,59,136,32
53884,ext_17484ccf,0,59,136,35
53884,ext_19164a72,0,59,136,35
53884,ext_1970a6fe,0,59,136,28
53884,ext_1ca07bc7,0,80,136,19
53884,ext_2237ed21,0,123,136,7
53884,ext_23635f02,0,123,136,7
53884,ext_2785e41f,0,59,66,8
53884,ext_28c274e7,0,59,66,8
53884,ext_2c1ecb29,0,123,136,7
53884,ext_2f02cfd3,0,59,66,8
53884,ext_2f82abd8,0,59,66,8
53884,ext_3243cd6d,0,132,136,4
53884,ext_326062de,0,80,136,19
53884,ext_328d4da9,0,59,136,34
53884,ext_349af0e8,0,73,136,23
53884,ext_369a78a1,0,59,136,34
53884,ext_37bb6043,0,132,136,4
53884,ext_39d1af1d,0,85,136,15
53884,ext_39d343c8,0,59,136,35
53884,ext_3a349d2a,0,123,136,7
53884,ext_432463af,0,59,66,8
53884,ext_43467de1,0,65,136,29
53884,ext_435bce4c,0,59,136,35
53884,ext_45726ed7,0,84,136,16
53884,ext_45c37b30,0,59,66,8
53884,ext_4652be62,0,62,136,32
53884,ext_4856c6b9,0,123,136,7
53884,ext_499a7efe,0,123,136,7
53884,ext_4f1bc21b,0,59,66,8
53884,ext_549c824b,0,59,136,30
53884,ext_553aeeb3,0,59,136,26
53884,ext_566e699e,0,123,136,7
53884,ext_5c3212ed,0,59,136,35
53884,ext_5d266eb2,0,123,136,7
53884,ext_5dcef857,0,59,136,35
53884,ext_6454587c,0,124,136,6
53884,ext_6803ed64,0,123,136,7
53884,ext_68a3879a,0,59,136,35
53884,ext_6f00bae8,0,59,66,8
53884,ext_709cbe4c,0,59,66,8
53884,ext_75acac1a,0,50,58,9
53884,ext_76d43b6f,0,80,136,19
53884,ext_77773895,0,60,136,34
53884,ext_77c96d17,0,123,136,7
53884,ext_77db0112,0,59,66,8
53884,ext_79d8cf32,0,59,136,35
53884,ext_7a4a30e8,0,59,66,8
53884,ext_7bf979f3,0,123,136,7
53884,ext_7d0ec7c4,0,123,136,7
53884,ext_7e625166,0,59,66,8
53884,ext_8096fbe4,0,132,136,4
53884,ext_8203dc2b,0,59,136,35
53884,ext_82b1421f,0,77,136,21
53884,ext_84dafd66,0,59,125,31
53884,ext_8affa4cf,0,123,136,7
53884,ext_8b769917,0,123,136,7
53884,ext_8cbdd34d,0,132,136,4
53884,ext_8d6c1613,0,59,136,29
53884,ext_92882e91,0,59,66,8
53884,ext_96bbb68d,0,91,136,13
53884,ext_9ed23e98,0,59,66,8
53884,ext_9f7d357e,0,123,136,7
53884,ext_a1743499,0,59,66,8
53884,ext_a49dddc8,0,59,136,35
53884,ext_a5734d7b,0,59,136,31
53884,ext_a7277d2e,0,59,136,35
53884,ext_a93fa8d2,0,59,136,35
53884,ext_a96baf37,0,132,136,4
53884,ext_a9aae6fd,0,77,136,21
53884,ext_ad4fdd06,0,59,66,8
53884,ext_b0c45058,0,59,136,35
53884,ext_b523616d,0,59,66,8
53884,ext_b61722c3,0,59,66,8
53884,ext_bfa7acaa,0,59,66,8
53884,ext_c00eb5f5,0,132,136,4
53884,ext_c1f489b4,0,123,136,7
53884,ext_c2f83d5e,0,123,136,7
53884,ext_c5494216,0,123,136,7
53884,ext_c54eba06,0,59,136,35
53884,ext_c6a82ee6,0,59,66,8
53884,ext_c976a77a,0,59,66,8
53884,ext_cc887923,0,59,136,35
53884,ext_cd4d3887,0,65,136,29
53884,ext_d11eeafb,0,123,136,7
53884,ext_d6a8d8c1,0,62,136,32
53884,ext_d6e86674,0,59,136,35
53884,ext_d9a97f48,0,124,136,6
53884,ext_da781f89,0,60,93,24
53884,ext_dc6a5889,0,80,136,19
53884,ext_e0070533,0,59,136,35
53884,ext_e10b985c,0,59,66,8
53884,ext_e4fe6db4,0,59,66,8
53884,ext_e5a8a64b,0,92,136,12
53884,ext_e60640d1,0,59,66,8
53884,ext_ec2478de,0,59,66,8
53884,ext_f7381e3d,0,132,136,4
53884,ext_f77652ba,0,59,136,35
53884,ext_f969d0f2,0,59,136,35
53884,ext_fa6288be,0,59,66,8
53884,ext_fc5f2739,0,123,136,7
53884,ext_fcfefde3,0,59,66,8
53884,ext_ff02aa7f,0,77,136,21
55464,45292,1,59,59,1
55464,55464,1,59,59,1
55464,ext_02372efb,0,59,59,1
55464,ext_0478a896,0,59,59,1
55464,ext_057b9e8c,0,59,59,1
55464,ext_05cb3bb1,0,59,59,1
55464,ext_063ec86e,0,59,59,1
55464,ext_088404cd,0,59,59,1
55464,ext_0953e3cc,0,59,59,1
55464,ext_0ea6f282,0,59,59,1
55464,ext_107876ad,0,59,59,1
55464,ext_12413aea,0,59,59,1
55464,ext_1243bc57,0,59,59,1
55464,ext_13858157,0,59,59,1
55464,ext_153eabb5,0,59,59,1
55464,ext_185d44cc,0,59,59,1
55464,ext_187e8a14,0,59,59,1
55464,ext_1d6f4b76,0,59,59,1
55464,ext_1dae24b7,0,59,59,1
55464,ext_1db202c9,0,59,59,1
55464,ext_1dd01c54,0,59,59,1
55464,ext_1fd71bc8,0,59,59,1
55464,ext_223cdd8c,0,59,59,1
55464,ext_24aaecdb,0,59,59,1
55464,ext_25d5d187,0,59,59,1
55464,ext_27392c56,0,59,59,1
55464,ext_27ccd7fc,0,59,59,1
55464,ext_28c274e7,0,59,59,1
55464,ext_2b9caa26,0,59,59,1
55464,ext_2bd885e8,0,59,59,1
55464,ext_2ca8aba4,0,59,59,1
55464,ext_30f16720,0,59,59,1
55464,ext_35c78dd1,0,59,59,1
55464,ext_367d344a,0,59,59,1
55464,ext_38deb464,0,59,59,1
55464,ext_39ae1295,0,59,59,1
55464,ext_3bca358f,0,59,59,1
55464,ext_3f527288,0,59,59,1
55464,ext_3f99eb3b,0,59,59,1
55464,ext_4121dc07,0,59,59,1
55464,ext_442e1406,0,59,59,1
55464,ext_444ef528,0,59,59,1
55464,ext_46b7ae2a,0,59,59,1
55464,ext_476f2e19,0,59,59,1
55464,ext_49362789,0,59,59,1
55464,ext_4ba5109b,0,59,59,1
55464,ext_4c7acb49,0,59,59,1
55464,ext_4caa036d,0,59,59,1
55464,ext_4d516aec,0,59,59,1
55464,ext_4f191d49,0,59,59,1
55464,ext_503eb93e,0,59,59,1
55464,ext_51a1db65,0,59,59,1
55464,ext_54536a90,0,59,59,1
55464,ext_562f7881,0,59,59,1
55464,ext_595197ac,0,59,59,1
55464,ext_59883c82,0,59,59,1
55464,ext_5a087df3,0,59,59,1
55464,ext_5c282e80,0,59,59,1
55464,ext_5da580a3,0,59,59,1
55464,ext_60aa128e,0,59,59,1
55464,ext_60ec61ae,0,59,59,1
55464,ext_615ae9c5,0,59,59,1
55464,ext_61b7bf1e,0,59,59,1
55464,ext_61d374ea,0,59,59,1
55464,ext_6540c20a,0,59,59,1
55464,ext_67af2040,0,59,59,1
55464,ext_6a09bf70,0,59,59,1
55464,ext_6b677a37,0,59,59,1
55464,ext_6c980c0f,0,59,59,1
55464,ext_6e219f75,0,59,59,1
55464,ext_6e64beea,0,59,59,1
55464,ext_70d3d9a3,0,59,59,1
55464,ext_72109aa2,0,59,59,1
55464,ext_7281bfbf,0,59,59,1
55464,ext_73576343,0,59,59,1
55464,ext_7369af42,0,59,59,1
55464,ext_73d64b92,0,59,59,1
55464,ext_753512ed,0,59,59,1
55464,ext_75b9df80,0,59,59,1
55464,ext_7881d78f,0,59,59,1
55464,ext_7bf979f3,0,59,59,1
55464,ext_7fa7173c,0,59,59,1
55464,ext_83760966,0,59,59,1
55464,ext_83a70d4e,0,59,59,1
55464,ext_83b7ea40,0,59,59,1
55464,ext_857ac768,0,59,59,1
55464,ext_8589af3e,0,59,59,1
55464,ext_87ed04f8,0,59,59,1
55464,ext_89b4cf96,0,59,59,1
55464,ext_8a99831d,0,59,59,1
55464,ext_8b7ac4a0,0,59,59,1
55464,ext_8ca90e86,0,59,59,1
55464,ext_8d2c15f1,0,59,59,1
55464,ext_8dab993d,0,59,59,1
55464,ext_8e06661d,0,59,59,1
55464,ext_8ff50d7c,0,59,59,1
55464,ext_9117b4e0,0,59,59,1
55464,ext_91a50ae1,0,59,59,1
55464,ext_92fbeeb1,0,59,59,1
55464,ext_9468c39f,0,59,59,1
55464,ext_94a2d4e5,0,59,59,1
55464,ext_9528e58e,0,59,59,1
55464,ext_999fa589,0,59,59,1
55464,ext_9a510f49,0,59,59,1
55464,ext_9af65a20,0,59,59,1
55464,ext_9d07dd01,0,59,59,1
55464,ext_9df1bd04,0,59,59,1
55464,ext_a02b87b2,0,59,59,1
55464,ext_a0c77f27,0,59,59,1
55464,ext_a2b3dc9c,0,59,59,1
55464,ext_a2ea15ea,0,59,59,1
55464,ext_a414e2e5,0,59,59,1
55464,ext_a438b0f6,0,59,59,1
55464,ext_a45c3589,0,59,59,1
55464,ext_a5d81a96,0,59,59,1
55464,ext_a683750f,0,59,59,1
55464,ext_a8564664,0,59,59,1
55464,ext_a9851a18,0,59,59,1
55464,ext_ab75efd0,0,59,59,1
55464,ext_ac006b3d,0,59,59,1
55464,ext_ae442740,0,59,59,1
55464,ext_aec8b05d,0,59,59,1
55464,ext_aeee159f,0,59,59,1
55464,ext_b013e3e6,0,59,59,1
55464,ext_b04c6830,0,59,59,1
55464,ext_b05fcb81,0,59,59,1
55464,ext_b3b6a1a5,0,59,59,1
55464,ext_b3b6a5ba,0,59,59,1
55464,ext_b48852e1,0,59,59,1
55464,ext_b5452d62,0,59,59,1
55464,ext_b5ee6f63,0,59,59,1
55464,ext_b751dd05,0,59,59,1
55464,ext_b8da6655,0,59,59,1
55464,ext_b8f0d3c8,0,59,59,1
55464,ext_bd60740d,0,59,59,1
55464,ext_bf620778,0,59,59,1
55464,ext_c1d86eef,0,59,59,1
55464,ext_c3b6ef0c,0,59,59,1
55464,ext_c4c764ce,0,59,59,1
55464,ext_c4f4ab21,0,59,59,1
55464,ext_c5fd5534,0,59,59,1
55464,ext_c62442fc,0,59,59,1
55464,ext_caf7b28a,0,59,59,1
55464,ext_cb60ab7a,0,59,59,1
55464,ext_cb6e8925,0,59,59,1
55464,ext_cbe40fae,0,59,59,1
55464,ext_cf016e93,0,59,59,1
55464,ext_cf64ef92,0,59,59,1
55464,ext_cf983302,0,59,59,1
55464,ext_d02ae593,0,59,59,1
55464,ext_d09488b5,0,59,59,1
55464,ext_d2c9f058,0,59,59,1
55464,ext_d6bb927d,0,59,59,1
55464,ext_d72ffb87,0,59,59,1
55464,ext_d7469e13,0,59,59,1
55464,ext_d8021216,0,59,59,1
55464,ext_db30a214,0,59,59,1
55464,ext_df3bd70e,0,59,59,1
55464,ext_e476d065,0,59,59,1
55464,ext_e4992a02,0,59,59,1
55464,ext_e51e4639,0,59,59,1
55464,ext_e6332d97,0,59,59,1
55464,ext_e8b830e5,0,59,59,1
55464,ext_ebec17b5,0,59,59,1
55464,ext_ecfbbbf6,0,59,59,1
55464,ext_ef40fbe6,0,59,59,1
55464,ext_efa134f8,0,59,59,1
55464,ext_f13ef7a9,0,59,59,1
55464,ext_f272b89e,0,59,59,1
55464,ext_f522d770,0,59,59,1
55464,ext_f5e75780,0,59,59,1
55464,ext_fa2106fd,0,59,59,1
55464,ext_fb34ff55,0,59,59,1
55464,ext_fbb896e7,0,59,59,1
55464,ext_fc1a600a,0,59,59,1
55464,ext_fefc3fb2,0,59,59,1
55594,ext_02b796cd,0,59,139,75
55594,ext_03566c65,0,74,139,60
55594,ext_052e4ad6,0,68,139,66
55594,ext_06a27bd8,0,75,139,59
55594,ext_0849e146,0,112,139,28
55594,ext_08d2ddad,0,59,139,75
55594,ext_08d7122c,0,59,139,75
55594,ext_0fc06f99,0,59,139,75
55594,ext_108201d9,0,112,139,28
55594,ext_12413aea,0,77,139,57
55594,ext_16267d1a,0,59,139,74
55594,ext_1c1bba87,0,59,139,75
55594,ext_1cdd9049,0,78,139,56
55594,ext_1d17ea40,0,59,139,75
55594,ext_1e150249,0,72,139,62
55594,ext_1fb133cb,0,112,139,28
55594,ext_205bb8bf,0,74,139,60
55594,ext_211d397c,0,67,139,67
55594,ext_282756e9,0,59,139,74
55594,ext_2a40c55d,0,84,139,54
55594,ext_2c9e00fd,0,108,139,32
55594,ext_2e5f662e,0,67,139,67
55594,ext_3585789d,0,59,139,75
55594,ext_35cc03b7,0,59,139,75
55594,ext_365a745c,0,120,139,20
55594,ext_3844523c,0,100,139,39
55594,ext_3ac7d2cb,0,114,139,26
55594,ext_3d31bcd7,0,59,139,75
55594,ext_3dbb14aa,0,59,139,75
55594,ext_3e53bd5e,0,59,139,75
55594,ext_42a46dda,0,109,139,31
55594,ext_44db4c22,0,137,139,3
55594,ext_44f76044,0,67,139,67
55594,ext_45e30e6b,0,62,139,72
55594,ext_4728ead0,0,132,139,8
55594,ext_48750eac,0,131,139,9
55594,ext_490c157a,0,85,139,53
55594,ext_492965f4,0,86,139,52
55594,ext_4947220f,0,74,139,60
55594,ext_4cf52225,0,59,139,75
55594,ext_4d6171ff,0,61,139,73
55594,ext_4fdb9afd,0,78,139,56
55594,ext_595197ac,0,62,139,72
55594,ext_60be4342,0,84,139,54
55594,ext_6421cb60,0,135,139,5
55594,ext_65c026b6,0,60,139,74
55594,ext_66d115d2,0,73,139,61
55594,ext_6a419a8a,0,59,119,55
55594,ext_6bb06897,0,59,139,75
55594,ext_6d2a7d70,0,98,139,41
55594,ext_6f8828c9,0,131,139,9
55594,ext_7403bc2e,0,112,139,28
55594,ext_76da73aa,0,59,139,75
55594,ext_7a93d73f,0,59,139,75
55594,ext_7bb6ebaa,0,59,139,75
55594,ext_7cd9217a,0,111,139,29
55594,ext_7f83a79e,0,60,139,74
55594,ext_8170147a,0,59,139,75
55594,ext_82ee0cad,0,59,139,75
55594,ext_830b3033,0,78,139,56
55594,ext_8433e910,0,131,139,9
55594,ext_85444558,0,59,139,75
55594,ext_8702823d,0,61,139,73
55594,ext_8916a0b5,0,59,139,75
55594,ext_8aeae9c9,0,116,139,24
55594,ext_8c1ee0ab,0,124,139,16
55594,ext_8e363bb1,0,117,139,23
55594,ext_8e818103,0,116,139,24
55594,ext_918769a3,0,117,139,23
55594,ext_9207fc78,0,66,139,68
55594,ext_92ee9537,0,59,139,75
55594,ext_93536c9c,0,110,139,30
55594,ext_93672306,0,74,139,60
55594,ext_99e93b6e,0,109,139,31
55594,ext_9a31c1a2,0,68,139,66
55594,ext_9c8fe2fc,0,60,139,74
55594,ext_9d4278d1,0,60,139,74
55594,ext_a206c44f,0,124,139,16
55594,ext_a2dc1e5b,0,66,139,68
55594,ext_a5e29df1,0,59,139,75
55594,ext_a743305e,0,59,139,75
55594,ext_a78d2a9b,0,59,139,75
55594,ext_a7dd1ef1,0,110,139,30
55594,ext_abd6af54,0,69,139,65
55594,ext_abe5a54f,0,70,139,64
55594,ext_ac66d178,0,113,139,27
55594,ext_ad241383,0,60,139,74
55594,ext_b0f84d7a,0,61,139,73
55594,ext_b27d4696,0,70,139,64
55594,ext_b67785ff,0,70,139,64
55594,ext_b7cd2d11,0,66,139,68
55594,ext_bc30a5bc,0,59,139,75
55594,ext_bfb710ce,0,115,139,25
55594,ext_c182f6c1,0,59,139,75
55594,ext_c2eb5e18,0,130,139,10
55594,ext_c38bca50,0,76,139,58
55594,ext_c5a0cc07,0,60,139,74
55594,ext_c5b48b6b,0,87,139,51
55594,ext_c92e0b01,0,67,139,67
55594,ext_ca12b3a3,0,79,139,55
55594,ext_caf96ead,0,65,139,69
55594,ext_cb0cdfe7,0,63,139,71
55594,ext_cb934694,0,106,139,34
55594,ext_cd478759,0,116,126,11
55594,ext_d0e55cc1,0,98,139,41
55594,ext_d1a4804d,0,127,139,13
55594,ext_d1ac95f2,0,77,139,57
55594,ext_d64e1b14,0,112,139,28
55594,ext_d67c4c9e,0,77,139,57
55594,ext_d6e23eda,0,111,139,29
55594,ext_d88e5664,0,59,139,75
55594,ext_dbce4884,0,59,139,75
55594,ext_dd62e714,0,59,139,75
55594,ext_df8f39d2,0,130,139,10
55594,ext_e0822f2b,0,113,139,27
55594,ext_e9b03079,0,59,139,75
55594,ext_ee239099,0,138,139,2
55594,ext_f0ddea71,0,61,139,73
55594,ext_f272b89e,0,59,79,21
55594,ext_f86d6693,0,133,139,7
55594,ext_f8d1b120,0,63,139,65
55594,ext_f9040cd8,0,71,139,63
55594,ext_fa6288be,0,64,139,70
55594,ext_fb6da8f0,0,137,139,3
55594,ext_fbdcd8e6,0,71,139,63
55594,ext_fdea353a,0,59,139,75
55594,ext_ff31e9db,0,66,139,68
55594,ext_ffa801f8,0,59,139,75
57637,10281,1,59,125,40
57637,17353,1,59,90,28
57637,23144,1,59,125,40
57637,25544,1,59,125,40
57637,31372,1,80,90,9
57637,32899,1,59,125,40
57637,36006,1,59,125,40
57637,50869,1,59,90,28
57637,50947,1,59,125,40
57637,51552,1,59,90,28
57637,60482,1,59,125,40
57637,66754,1,59,125,40
57637,67947,1,59,125,40
57637,89827,1,59,116,33
57637,ext_00466236,0,59,90,28
57637,ext_011f1d10,0,66,90,22
57637,ext_01992dee,0,78,90,11
57637,ext_03f9da25,0,59,125,41
57637,ext_044a2719,0,59,90,28
57637,ext_046f930c,0,59,125,40
57637,ext_0471b2a7,0,59,90,28
57637,ext_04e1f07c,0,59,125,40
57637,ext_05f5514d,0,59,125,40
57637,ext_070da4c1,0,67,90,21
57637,ext_077aaa74,0,59,125,41
57637,ext_07c55c52,0,79,90,10
57637,ext_091c2ab0,0,59,125,40
57637,ext_0c2915bd,0,59,125,40
57637,ext_0d01ee77,0,59,125,41
57637,ext_0d38c240,0,59,125,41
57637,ext_0e483102,0,59,125,40
57637,ext_0e552c9b,0,88,90,3
57637,ext_0fc59667,0,59,83,23
57637,ext_10cd80c3,0,59,90,28
57637,ext_10f9fc93,0,59,90,28
57637,ext_128e43a0,0,59,90,28
57637,ext_13d410ec,0,59,125,40
57637,ext_14351881,0,59,90,28
57637,ext_169e976a,0,59,125,40
57637,ext_16b3213a,0,59,125,41
57637,ext_178a0847,0,59,125,41
57637,ext_17a5dc1a,0,59,90,28
57637,ext_19337c01,0,59,90,28
57637,ext_1aba9e21,0,59,125,41
57637,ext_1dfa69ea,0,59,116,36
57637,ext_1e3060f6,0,59,90,28
57637,ext_21fb7a27,0,59,90,28
57637,ext_2301509c,0,59,90,28
57637,ext_24f225b6,0,60,90,27
57637,ext_2614a8b7,0,59,125,41
57637,ext_26679a21,0,59,125,41
57637,ext_267a2782,0,59,125,41
57637,ext_26f65e2b,0,59,116,37
57637,ext_2797a023,0,59,125,40
57637,ext_27d1d0f1,0,59,125,41
57637,ext_28408033,0,78,90,11
57637,ext_28ed00d2,0,59,90,28
57637,ext_28f4f691,0,59,125,41
57637,ext_297808e2,0,59,125,40
57637,ext_29d61918,0,59,90,28
57637,ext_29ec2132,0,59,90,28
57637,ext_2c207dee,0,59,125,41
57637,ext_2c47da25,0,59,125,41
57637,ext_2e2b979f,0,59,90,28
57637,ext_2e872222,0,59,90,28
57637,ext_2ee7289c,0,59,125,40
57637,ext_2eea8af9,0,59,90,28
57637,ext_30d384db,0,59,90,28
57637,ext_30fc80ad,0,59,125,41
57637,ext_31197719,0,59,90,28
57637,ext_340abb4e,0,59,125,40
57637,ext_36a6c407,0,59,90,28
57637,ext_37c67761,0,59,76,17
57637,ext_38c21fec,0,59,125,40
57637,ext_39ff5d65,0,59,125,40
57637,ext_3a8539c3,0,59,125,40
57637,ext_3bf1ee82,0,59,125,40
57637,ext_3cdec2ad,0,59,125,41
57637,ext_3f6c34b7,0,59,125,41
57637,ext_40c1ab17,0,59,90,28
57637,ext_413a2405,0,62,90,25
57637,ext_42e02d6d,0,59,90,28
57637,ext_437f397f,0,59,125,41
57637,ext_44122671,0,59,83,23
57637,ext_447e06c4,0,59,125,40
57637,ext_4513de3e,0,65,90,23
57637,ext_455eb532,0,59,90,28
57637,ext_45c37b30,0,59,125,40
57637,ext_4604625f,0,59,125,41
57637,ext_46b7ae2a,0,59,90,28
57637,ext_475a318a,0,59,90,28
57637,ext_47c1c75a,0,59,116,33
57637,ext_482faac8,0,59,125,40
57637,ext_48b3a139,0,59,125,39
57637,ext_4928d58e,0,59,125,40
57637,ext_49c09516,0,59,125,40
57637,ext_4a63f1c9,0,59,90,28
57637,ext_4a7b3f82,0,86,125,18
57637,ext_4b291ed5,0,59,125,40
57637,ext_4d0f9cc4,0,59,125,41
57637,ext_4f1bc21b,0,59,125,40
57637,ext_4f5fe2ae,0,59,90,28
57637,ext_4f7d21d9,0,59,125,40
57637,ext_51686539,0,59,90,28
57637,ext_5404937a,0,59,125,40
57637,ext_553cd56a,0,59,125,40
57637,ext_5724b453,0,59,125,40
57637,ext_5769e76e,0,59,125,41
57637,ext_58be0bb8,0,59,90,28
57637,ext_593e9fa8,0,59,125,40
57637,ext_59acf2c2,0,59,125,41
57637,ext_5a07b3c1,0,59,125,40
57637,ext_5a4a9a77,0,59,125,41
57637,ext_5bc2809b,0,59,125,41
57637,ext_5c282e80,0,59,90,28
57637,ext_5d114a30,0,78,90,11
57637,ext_5d78563b,0,59,90,28
57637,ext_5e98828a,0,79,90,10
57637,ext_5fc8610d,0,59,125,41
57637,ext_5fcb3c85,0,59,90,28
57637,ext_600e6b9e,0,59,125,41
57637,ext_61d6afac,0,59,90,28
57637,ext_62e604f3,0,59,125,40
57637,ext_631be196,0,59,125,40
57637,ext_640bca0d,0,59,90,28
57637,ext_64879cf7,0,59,125,41
57637,ext_667324c0,0,59,116,35
57637,ext_66becf58,0,59,90,28
57637,ext_69cc13bd,0,59,125,40
57637,ext_6b12d3d6,0,59,125,41
57637,ext_6b8632df,0,59,125,40
57637,ext_6b8eaa26,0,59,103,31
57637,ext_6f55abd8,0,59,125,40
57637,ext_711ea94d,0,59,90,28
57637,ext_72840741,0,59,90,28
57637,ext_74b2542d,0,59,125,40
57637,ext_7625b8de,0,59,125,40
57637,ext_7948a2d3,0,59,125,40
57637,ext_7a1e63be,0,59,90,28
57637,ext_7ae832a7,0,59,125,40
57637,ext_807409ca,0,59,125,36
57637,ext_82723310,0,59,90,28
57637,ext_82a12704,0,59,90,28
57637,ext_84aab304,0,88,90,3
57637,ext_85451d70,0,63,90,24
57637,ext_85e3b9e6,0,59,90,28
57637,ext_86e7bfca,0,59,125,41
57637,ext_87488b01,0,59,125,40
57637,ext_87870cd2,0,59,90,28
57637,ext_8808d45d,0,59,125,41
57637,ext_890c6da7,0,72,90,16
57637,ext_89258f3b,0,59,125,40
57637,ext_8c5a50e2,0,59,125,41
57637,ext_8d38a5bb,0,59,116,36
57637,ext_8f1fcc66,0,59,90,28
57637,ext_8fc55d79,0,59,90,28
57637,ext_90fc41fb,0,59,90,28
57637,ext_92beb79a,0,59,125,40
57637,ext_9367c09d,0,59,125,38
57637,ext_957996b3,0,59,90,28
57637,ext_95a29a21,0,59,90,28
57637,ext_96d8aa51,0,59,125,40
57637,ext_97c55d41,0,59,125,41
57637,ext_9877d586,0,59,90,28
57637,ext_9dfb5db7,0,59,125,41
57637,ext_9e3e8440,0,59,125,40
57637,ext_9f2bbd3a,0,59,90,28
57637,ext_a2dff9a3,0,59,125,41
57637,ext_a2fa4502,0,59,90,28
57637,ext_a44d756f,0,59,83,23
57637,ext_a5213d1b,0,59,83,23
57637,ext_a566bc3e,0,59,90,28
57637,ext_a6336f8b,0,68,90,20
57637,ext_a8aa8ed5,0,59,90,28
57637,ext_ac8fad25,0,89,90,2
57637,ext_ae7917b8,0,59,125,41
57637,ext_aea91b37,0,59,125,40
57637,ext_b1e5ff2d,0,59,125,40
57637,ext_b2f50b6a,0,59,125,40
57637,ext_b2f807ab,0,59,125,41
57637,ext_b32c53cf,0,59,90,28
57637,ext_b690a034,0,59,125,41
57637,ext_b73354d6,0,59,125,40
57637,ext_b91b2954,0,59,116,37
57637,ext_b99e371a,0,59,125,41
57637,ext_ba66c54c,0,59,125,40
57637,ext_beb85025,0,59,116,34
57637,ext_c36db995,0,59,90,28
57637,ext_c4cc619c,0,59,90,28
57637,ext_c7047e01,0,59,125,40
57637,ext_c77ed293,0,59,90,28
57637,ext_c7e1d258,0,59,90,28
57637,ext_cb639f1d,0,59,90,28
57637,ext_cb934694,0,59,125,40
57637,ext_cc2e0a2d,0,59,125,41
57637,ext_cc64e898,0,59,90,28
57637,ext_cccab0d2,0,59,90,28
57637,ext_cd30c8a4,0,113,125,3
57637,ext_ce807132,0,59,125,40
57637,ext_d2fd2c33,0,59,125,41
57637,ext_d3573612,0,59,90,28
57637,ext_d357a212,0,59,125,40
57637,ext_d379f250,0,78,90,11
57637,ext_d4c3d5f5,0,59,125,41
57637,ext_d64d5676,0,59,125,41
57637,ext_d67e25aa,0,65,90,23
57637,ext_d6a09c3f,0,59,125,41
57637,ext_d6cea5f7,0,59,90,28
57637,ext_d6fb256b,0,76,76,1
57637,ext_d7c8497e,0,59,125,41
57637,ext_d8f7ddb3,0,59,125,40
57637,ext_d9bf3f02,0,59,125,41
57637,ext_d9f25782,0,63,90,24
57637,ext_da636db1,0,59,90,28
57637,ext_dc1b8509,0,59,125,41
57637,ext_ddd7d788,0,59,125,41
57637,ext_de83a3cb,0,59,125,41
57637,ext_ded11314,0,59,125,41
57637,ext_def20f02,0,59,90,28
57637,ext_e0b7e99d,0,59,125,41
57637,ext_e242d9ab,0,59,125,41
57637,ext_e2bf7cf0,0,59,125,41
57637,ext_e36f6e85,0,59,125,41
57637,ext_e64a659b,0,59,90,28
57637,ext_e6e723dc,0,59,90,28
57637,ext_e70baead,0,59,125,41
57637,ext_e7e677a2,0,59,125,41
57637,ext_eb0a01b6,0,59,125,41
57637,ext_eba27618,0,59,125,41
57637,ext_ee8d2697,0,59,125,41
57637,ext_efb4edce,0,59,125,41
57637,ext_efecc8e4,0,59,125,41
57637,ext_f0ed1dc2,0,59,125,40
57637,ext_f23c3b05,0,59,125,40
57637,ext_f41fc992,0,59,90,28
57637,ext_f6e33d0e,0,59,90,28
57637,ext_f75faf95,0,59,125,40
57637,ext_f850a8f0,0,59,90,28
57637,ext_f856b3d5,0,59,125,41
57637,ext_f959bb81,0,59,125,40
57637,ext_fc8b1f22,0,59,125,40
57637,ext_feeb21a4,0,59,90,28
58909,10841,1,60,131,61
58909,25544,1,116,131,16
58909,86352,1,60,131,61
58909,ext_02f7afb1,0,60,131,61
58909,ext_032e3857,0,60,131,61
58909,ext_07405b98,0,60,131,61
58909,ext_08d7122c,0,112,131,20
58909,ext_0b420877,0,60,131,61
58909,ext_0c2915bd,0,60,131,61
58909,ext_0d0c525c,0,60,131,61
58909,ext_0d8c1631,0,103,131,26
58909,ext_0db531e4,0,75,75,1
58909,ext_0f7d5863,0,126,131,6
58909,ext_0fd2f415,0,60,131,61
58909,ext_109f311b,0,60,131,61
58909,ext_11bec28d,0,74,102,21
58909,ext_1467484d,0,60,131,61
58909,ext_14b6b072,0,60,131,61
58909,ext_15553a3c,0,60,131,61
58909,ext_15fbdb47,0,64,131,57
58909,ext_172fa242,0,60,131,61
58909,ext_1c1f4c21,0,60,131,61
58909,ext_1cbee6c5,0,130,131,2
58909,ext_1f073204,0,61,131,60
58909,ext_1fdbe4da,0,102,131,27
58909,ext_244f97c5,0,60,131,61
58909,ext_26bec6ec,0,60,131,61
58909,ext_2a73c96d,0,60,131,61
58909,ext_2e76420d,0,60,131,61
58909,ext_3089c047,0,60,131,61
58909,ext_3507d80b,0,116,131,16
58909,ext_35ef6bda,0,61,131,60
58909,ext_36823df6,0,100,131,29
58909,ext_38e37dab,0,60,131,61
58909,ext_3ac3c4e2,0,60,131,61
58909,ext_3cdfa7fc,0,60,131,61
58909,ext_3ef71f6d,0,60,131,61
58909,ext_3ff53bb6,0,60,131,61
58909,ext_411fcb1e,0,83,131,38
58909,ext_4829d99e,0,78,131,43
58909,ext_49520bcb,0,60,131,61
58909,ext_4c3219fa,0,60,131,61
58909,ext_4c8cd775,0,76,131,45
58909,ext_4d3198f1,0,60,131,61
58909,ext_4dbbf667,0,78,131,43
58909,ext_4f1073b8,0,60,131,61
58909,ext_5080ea3a,0,60,131,61
58909,ext_50c869bd,0,119,131,13
58909,ext_52b05f60,0,60,131,61
58909,ext_59ce2a01,0,80,131,41
58909,ext_5a23a328,0,78,131,43
58909,ext_5b19fd44,0,61,131,60
58909,ext_5be1b811,0,100,131,29
58909,ext_5bedfca3,0,60,131,61
58909,ext_5c4708db,0,60,131,61
58909,ext_5cb344d5,0,100,131,29
58909,ext_5d48db6f,0,78,131,43
58909,ext_5eec05cf,0,60,131,61
58909,ext_6295a10c,0,100,131,29
58909,ext_647e7a94,0,101,131,28
58909,ext_65546ac1,0,112,131,20
58909,ext_65c4a7dc,0,60,131,61
58909,ext_66f05a77,0,60,131,61
58909,ext_67a03b54,0,116,119,4
58909,ext_67b445d7,0,60,131,61
58909,ext_67f15bce,0,60,131,61
58909,ext_686dfd54,0,60,100,33
58909,ext_6aa8dc01,0,116,131,16
58909,ext_6b543151,0,100,131,29
58909,ext_6d39d403,0,60,131,61
58909,ext_6e82cd58,0,100,131,29
58909,ext_6feeff21,0,112,131,20
58909,ext_71095654,0,76,131,45
58909,ext_752d12a9,0,60,131,61
58909,ext_76392105,0,130,131,2
58909,ext_764531fe,0,61,131,60
58909,ext_766b2d85,0,60,131,61
58909,ext_77e61846,0,118,131,14
58909,ext_7ca2e7af,0,60,131,61
58909,ext_7ed36856,0,107,131,23
58909,ext_7feb8492,0,60,131,61
58909,ext_825d4947,0,60,131,61
58909,ext_82fadb32,0,112,131,20
58909,ext_85f92926,0,103,131,26
58909,ext_86756cbd,0,60,131,61
58909,ext_87e87f69,0,60,131,61
58909,ext_89895620,0,61,131,60
58909,ext_8c4f221b,0,60,131,61
58909,ext_8d3dda0e,0,60,131,61
58909,ext_8da34d69,0,60,131,61
58909,ext_90aba01b,0,121,131,11
58909,ext_9412e7b7,0,60,131,61
58909,ext_968355c4,0,108,131,22
58909,ext_9769a554,0,60,131,61
58909,ext_9bc7d825,0,60,131,61
58909,ext_9d750120,0,60,131,61
58909,ext_9f83eb0d,0,80,131,41
58909,ext_a00dc7fb,0,60,131,61
58909,ext_a0de7eae,0,60,131,61
58909,ext_a10c8db0,0,60,131,61
58909,ext_a1cba1c4,0,75,131,46
58909,ext_a39a73da,0,60,131,61
58909,ext_a67ac92e,0,60,131,61
58909,ext_a7a438db,0,118,131,14
58909,ext_a7ab0292,0,60,131,61
58909,ext_a91d8671,0,60,131,61
58909,ext_a9c4edbc,0,74,131,47
58909,ext_ac3538a0,0,60,67,8
58909,ext_ac618d6e,0,78,131,43
58909,ext_acb9b229,0,60,131,61
58909,ext_b413c3bf,0,60,131,61
58909,ext_b590f87a,0,60,131,61
58909,ext_b6995e59,0,60,131,61
58909,ext_b78d35ee,0,108,131,22
58909,ext_b9264c47,0,74,131,47
58909,ext_ba0fc01d,0,60,102,35
58909,ext_ba340121,0,60,131,61
58909,ext_bc48cd47,0,60,131,61
58909,ext_be9d7fc3,0,61,131,60
58909,ext_beee975e,0,78,131,43
58909,ext_bfb710ce,0,107,131,23
58909,ext_c0ca0ecc,0,60,131,61
58909,ext_c489eb27,0,60,131,61
58909,ext_c89eadf7,0,100,131,29
58909,ext_c8d81d7d,0,60,131,61
58909,ext_ca905683,0,100,131,29
58909,ext_ccb643d4,0,60,131,61
58909,ext_cccc9e8e,0,112,131,20
58909,ext_ce41ff01,0,100,131,29
58909,ext_d0f10c87,0,60,131,61
58909,ext_d391898a,0,121,131,11
58909,ext_d4d1b81e,0,67,131,54
58909,ext_d6e86674,0,109,131,21
58909,ext_d9a97f48,0,60,131,61
58909,ext_da5fcf1a,0,100,131,29
58909,ext_dd68136d,0,60,131,61
58909,ext_ddb88823,0,60,131,61
58909,ext_dec58e4e,0,112,131,20
58909,ext_def49319,0,60,131,61
58909,ext_e144052b,0,60,131,61
58909,ext_e4af9cf1,0,60,131,61
58909,ext_e6e5abaa,0,60,131,61
58909,ext_e84ec509,0,60,131,61
58909,ext_e8e2bcd3,0,77,131,44
58909,ext_ea0f89db,0,60,131,61
58909,ext_ea634faa,0,118,131,14
58909,ext_ebf5d0f6,0,60,131,61
58909,ext_ec5c0a3c,0,60,131,61
58909,ext_ec663f23,0,100,131,29
58909,ext_f270c6ad,0,60,131,61
58909,ext_f575fcf5,0,69,131,52
58909,ext_f57d97fa,0,76,131,45
58909,ext_f5e8b946,0,60,131,61
58909,ext_f6754958,0,104,131,25
58909,ext_f6979a72,0,60,131,61
58909,ext_f6dc40f9,0,60,131,61
58909,ext_f6df7889,0,60,131,61
58909,ext_f7aa23c3,0,60,131,61
58909,ext_fb170d00,0,60,131,61
58909,ext_fbf81783,0,60,119,49
58909,ext_fcfefde3,0,123,131,9
58909,ext_fdade877,0,78,131,43
59367,25947,1,59,138,60
59367,30076,1,123,138,14
59367,39701,1,59,138,60
59367,53884,1,123,138,14
59367,59367,1,59,138,60
59367,85970,1,59,138,60
59367,ext_03ff7aa5,0,59,138,60
59367,ext_07828442,0,59,138,60
59367,ext_07993e9f,0,123,138,14
59367,ext_0c10fff9,0,59,138,60
59367,ext_0e11344e,0,59,138,60
59367,ext_14523444,0,59,138,60
59367,ext_16d98d5f,0,59,138,60
59367,ext_18139942,0,59,138,60
59367,ext_1a9cd6d8,0,59,138,60
59367,ext_1d2481fe,0,59,138,60
59367,ext_1ebe4205,0,125,138,12
59367,ext_2109626d,0,59,138,60
59367,ext_2237ed21,0,123,138,14
59367,ext_23635f02,0,59,138,60
59367,ext_286f8b91,0,59,138,60
59367,ext_2993e202,0,97,138,22
59367,ext_2c1ecb29,0,123,138,14
59367,ext_31ceb606,0,59,138,60
59367,ext_393ca9b9,0,59,138,60
59367,ext_394a062b,0,59,138,60
59367,ext_39fd4521,0,59,138,60
59367,ext_3a349d2a,0,123,138,14
59367,ext_3b8d19a7,0,69,138,50
59367,ext_3c05df90,0,59,138,60
59367,ext_3c3c5b68,0,59,138,60
59367,ext_3fa2551f,0,59,138,60
59367,ext_433162e4,0,59,138,60
59367,ext_446542dd,0,59,138,60
59367,ext_45c37b30,0,59,138,60
59367,ext_471e8777,0,130,138,9
59367,ext_476c834c,0,128,138,10
59367,ext_4856c6b9,0,123,138,14
59367,ext_495e43bf,0,59,138,60
59367,ext_496565fe,0,100,138,19
59367,ext_499a7efe,0,123,138,14
59367,ext_4e33f84d,0,59,126,50
59367,ext_50ae8d04,0,59,138,60
59367,ext_50bc61f7,0,59,138,60
59367,ext_51ff124e,0,59,138,60
59367,ext_52613276,0,98,98,1
59367,ext_54c5db91,0,59,138,60
59367,ext_566e699e,0,123,138,14
59367,ext_57543011,0,59,138,60
59367,ext_5862c673,0,59,138,60
59367,ext_5884bb60,0,59,138,60
59367,ext_5aedc001,0,98,138,21
59367,ext_5d266eb2,0,123,138,14
59367,ext_5f530d91,0,59,138,60
59367,ext_61ade621,0,59,138,60
59367,ext_61c9fa4e,0,59,138,60
59367,ext_631c236a,0,59,138,60
59367,ext_6454587c,0,123,138,14
59367,ext_6803ed64,0,123,138,14
59367,ext_68a3879a,0,123,138,14
59367,ext_6b64dc51,0,130,138,9
59367,ext_6de63eea,0,59,138,60
59367,ext_70de949b,0,59,138,60
59367,ext_727616f4,0,59,138,60
59367,ext_737a3e3c,0,59,138,60
59367,ext_73cf79b7,0,59,138,60
59367,ext_74bc965f,0,59,138,60
59367,ext_74d791f6,0,97,138,22
59367,ext_764aede9,0,59,138,60
59367,ext_77b5f696,0,59,138,60
59367,ext_77c96d17,0,123,138,14
59367,ext_7bf979f3,0,123,138,14
59367,ext_7d0ec7c4,0,123,138,14
59367,ext_7ee36af8,0,90,138,29
59367,ext_81920770,0,59,138,60
59367,ext_81bd9e14,0,59,138,60
59367,ext_85a981e7,0,59,138,60
59367,ext_895bcb7f,0,59,138,60
59367,ext_8affa4cf,0,123,138,14
59367,ext_8b769917,0,123,138,14
59367,ext_8e895140,0,59,138,60
59367,ext_909e5f4c,0,59,138,60
59367,ext_99e6b419,0,59,138,60
59367,ext_9c20500f,0,59,138,60
59367,ext_9d750120,0,89,138,30
59367,ext_9e733afd,0,59,138,60
59367,ext_9f7d357e,0,123,138,14
59367,ext_a036c0fb,0,59,138,60
59367,ext_a46ab26e,0,59,138,60
59367,ext_a6683bb0,0,59,138,60
59367,ext_ac45adaa,0,97,138,22
59367,ext_ac96b39e,0,59,138,60
59367,ext_b052061c,0,59,138,60
59367,ext_b5a76a5a,0,98,138,21
59367,ext_b72ec406,0,76,138,43
59367,ext_bfd5d8c2,0,59,138,60
59367,ext_c1f489b4,0,123,138,14
59367,ext_c24d95d8,0,59,138,60
59367,ext_c2f83d5e,0,123,138,14
59367,ext_c5494216,0,123,138,14
59367,ext_caf96ead,0,59,138,60
59367,ext_ccee32b5,0,59,138,60
59367,ext_cebc8364,0,97,138,22
59367,ext_d11eeafb,0,123,138,14
59367,ext_d58a152b,0,96,138,23
59367,ext_d6e86674,0,59,138,60
59367,ext_d9a97f48,0,123,138,14
59367,ext_ddcae882,0,59,138,60
59367,ext_e3ed83e1,0,126,138,11
59367,ext_e82277c0,0,59,138,60
59367,ext_e989359f,0,59,138,60
59367,ext_eeb552c2,0,59,138,60
59367,ext_ef543918,0,66,138,53
59367,ext_ef7f07e0,0,59,138,60
59367,ext_f046a1e7,0,59,138,60
59367,ext_f071b473,0,98,98,1
59367,ext_f2633fe6,0,59,138,60
59367,ext_f4c1e97e,0,59,138,60
59367,ext_f77652ba,0,59,138,60
59367,ext_fa551aa9,0,123,138,14
59367,ext_fc5f2739,0,123,138,14
59367,ext_fda1aa7a,0,96,138,23
59367,ext_feaf6e21,0,59,138,60
59367,ext_ff7eaa5a,0,59,138,60
60482,11692,1,74,97,5
60482,19066,1,61,97,15
60482,20905,1,61,97,14
60482,26425,1,68,97,8
60482,32899,1,68,97,8
60482,51552,1,69,97,7
60482,57637,1,61,97,17
60482,60482,1,61,97,17
60482,63817,1,69,97,7
60482,66754,1,61,97,17
60482,67947,1,68,97,8
60482,89827,1,61,97,16
60482,ext_0477f89c,0,68,97,8
60482,ext_04c4652f,0,69,97,7
60482,ext_0861e572,0,68,97,8
60482,ext_087a39f5,0,83,97,3
60482,ext_0978bc7a,0,61,97,15
60482,ext_097aedf3,0,69,97,7
60482,ext_0a39eeea,0,69,97,7
60482,ext_0b420877,0,61,97,14
60482,ext_0bb40276,0,61,97,14
60482,ext_0e552c9b,0,68,97,8
60482,ext_0fced44f,0,69,97,7
60482,ext_13d410ec,0,68,97,8
60482,ext_158d7529,0,68,97,8
60482,ext_1b6e1f7f,0,68,97,8
60482,ext_1bf80e83,0,61,97,16
60482,ext_1ca13ca4,0,61,97,17
60482,ext_1d41a46c,0,74,97,5
60482,ext_1d98d577,0,69,97,7
60482,ext_1dfa69ea,0,68,97,8
60482,ext_1e3060f6,0,68,97,8
60482,ext_1f68fa1b,0,69,97,7
60482,ext_24ebabd3,0,68,97,8
60482,ext_25187025,0,68,97,8
60482,ext_2567ce7f,0,80,97,4
60482,ext_2663268f,0,61,97,15
60482,ext_29684d3d,0,61,97,14
60482,ext_2ae428da,0,68,97,8
60482,ext_2cc645eb,0,69,97,7
60482,ext_2f4252df,0,80,97,4
60482,ext_2fa20ddb,0,68,97,8
60482,ext_340abb4e,0,61,97,14
60482,ext_358135ea,0,69,97,7
60482,ext_35b260b2,0,62,97,9
60482,ext_379463a6,0,69,97,7
60482,ext_383f275f,0,69,97,7
60482,ext_3d7431de,0,83,97,3
60482,ext_3fea259b,0,68,97,8
60482,ext_4082192b,0,68,97,8
60482,ext_42d2b3e7,0,62,97,12
60482,ext_4326a0a3,0,80,97,4
60482,ext_436a8667,0,61,97,16
60482,ext_45c37b30,0,80,97,4
60482,ext_4d96905b,0,68,97,8
60482,ext_4ec2a0c2,0,68,97,8
60482,ext_5048add7,0,69,97,7
60482,ext_5191ad80,0,68,97,8
60482,ext_525b633e,0,68,97,8
60482,ext_536cd3ef,0,62,97,12
60482,ext_539ddd6c,0,69,97,7
60482,ext_53e8cec3,0,80,97,4
60482,ext_5501a21c,0,69,97,7
60482,ext_55656cd1,0,68,97,8
60482,ext_55f5cc5a,0,83,97,3
60482,ext_5670cae8,0,61,97,17
60482,ext_587f8c13,0,62,97,12
60482,ext_58a54940,0,61,97,17
60482,ext_58ff9bb2,0,69,97,7
60482,ext_5c282e80,0,61,97,14
60482,ext_5dabc8a9,0,68,97,8
60482,ext_5e8b4223,0,61,97,14
60482,ext_5e9e778f,0,68,97,8
60482,ext_5fcd6790,0,83,97,3
60482,ext_63f9e5f9,0,68,97,8
60482,ext_65fbac9a,0,61,97,16
60482,ext_68628d87,0,69,97,7
60482,ext_6b7f2bfe,0,61,97,14
60482,ext_6d7e08c0,0,61,97,17
60482,ext_7134bc06,0,69,97,7
60482,ext_724369d2,0,62,97,12
60482,ext_74ace8e8,0,68,97,8
60482,ext_74eabd2e,0,61,97,14
60482,ext_75a7568f,0,83,97,3
60482,ext_77308c0c,0,68,97,8
60482,ext_78877505,0,61,97,14
60482,ext_79f07694,0,69,97,7
60482,ext_7cb924b1,0,69,97,7
60482,ext_7e1fd5a6,0,69,97,7
60482,ext_819767d8,0,61,97,15
60482,ext_836cfc46,0,61,97,17
60482,ext_83922046,0,68,97,8
60482,ext_867b7132,0,61,97,15
60482,ext_86b16b5c,0,61,97,14
60482,ext_86dbff76,0,68,97,8
60482,ext_871353d5,0,68,97,8
60482,ext_87408170,0,61,97,17
60482,ext_87951a22,0,69,97,7
60482,ext_87cf1b7d,0,69,97,7
60482,ext_8aff082c,0,69,97,7
60482,ext_8b4fdebc,0,68,97,8
60482,ext_8c4c3d70,0,69,97,7
60482,ext_8d6b4d94,0,69,97,7
60482,ext_8daf49a1,0,61,97,17
60482,ext_90bde8ca,0,62,97,12
60482,ext_912e0eba,0,61,97,16
60482,ext_91c0402f,0,68,97,8
60482,ext_91d67cd1,0,68,97,8
60482,ext_92c5f5da,0,68,83,6
60482,ext_97beedfd,0,69,97,7
60482,ext_98773428,0,68,74,4
60482,ext_98a64c25,0,69,97,7
60482,ext_999d654f,0,68,97,8
60482,ext_99c8a3fe,0,80,97,4
60482,ext_9aa50e97,0,80,97,4
60482,ext_9ac56d8c,0,68,97,8
60482,ext_9e3957f4,0,68,97,8
60482,ext_a028bfe4,0,68,97,8
60482,ext_a177ec1b,0,62,80,6
60482,ext_a1d5cf39,0,61,97,14
60482,ext_a3ed20c4,0,69,97,7
60482,ext_a3faa80d,0,68,97,8
60482,ext_a5094335,0,80,97,4
60482,ext_a7ac2c54,0,61,97,17
60482,ext_a815fca1,0,69,97,7
60482,ext_a93258dd,0,69,97,7
60482,ext_abdcb358,0,80,97,4
60482,ext_ac27ce22,0,69,70,2
60482,ext_ac66d178,0,69,97,7
60482,ext_acb24d27,0,69,97,7
60482,ext_af070caf,0,61,97,15
60482,ext_b0fba4c2,0,61,97,14
60482,ext_b23029a2,0,69,97,7
60482,ext_b26bce0f,0,69,97,7
60482,ext_b378a1d9,0,69,97,7
60482,ext_b3ffa14b,0,61,97,15
60482,ext_b7ef9503,0,69,97,7
60482,ext_b8f39dfb,0,69,97,7
60482,ext_b92e92c5,0,69,97,7
60482,ext_bc4e1891,0,68,97,8
60482,ext_bc61de2e,0,69,97,7
60482,ext_bc7921b8,0,62,97,12
60482,ext_bc8ef073,0,62,97,12
60482,ext_bee0c926,0,68,97,8
60482,ext_c0210e0b,0,69,97,7
60482,ext_c03c308c,0,69,97,7
60482,ext_c0fee3c4,0,97,97,1
60482,ext_c2432101,0,68,97,8
60482,ext_c2510c21,0,69,97,7
60482,ext_c529f7cc,0,68,97,8
60482,ext_c65129d3,0,61,97,15
60482,ext_c6c272bd,0,61,97,14
60482,ext_c8906d7b,0,61,97,15
60482,ext_ca288e76,0,69,97,7
60482,ext_ca5bc583,0,69,97,7
60482,ext_caad93d3,0,61,97,14
60482,ext_cc52192e,0,61,97,14
60482,ext_cd6ad53b,0,69,97,7
60482,ext_ce283529,0,62,97,9
60482,ext_ce807132,0,68,97,8
60482,ext_ce994de7,0,69,97,7
60482,ext_d1ac95f2,0,68,97,8
60482,ext_d1fb3272,0,61,97,17
60482,ext_d2413fd2,0,97,97,1
60482,ext_d3dc52c9,0,69,97,7
60482,ext_d637dd7d,0,68,97,8
60482,ext_d6bb927d,0,69,97,7
60482,ext_d75a2cbf,0,83,97,3
60482,ext_d7778e5e,0,61,97,14
60482,ext_d8191622,0,68,74,4
60482,ext_dbd1c2ff,0,69,70,2
60482,ext_dc6106ff,0,61,97,16
60482,ext_df60ae93,0,61,97,17
60482,ext_e390bba8,0,68,97,8
60482,ext_e3ac2601,0,87,97,2
60482,ext_e3b2ed78,0,69,97,7
60482,ext_e476d065,0,61,97,14
60482,ext_e4af9cf1,0,69,97,7
60482,ext_e56f49e4,0,62,97,12
60482,ext_e5b499e1,0,83,97,3
60482,ext_e70012e1,0,80,97,4
60482,ext_e7b271e0,0,68,97,8
60482,ext_e982cc4e,0,69,97,7
60482,ext_ebbbfd45,0,68,74,4
60482,ext_edd9c383,0,61,97,15
60482,ext_eee311d5,0,69,97,7
60482,ext_f24e67c5,0,83,97,3
60482,ext_f3de0317,0,61,97,14
60482,ext_f57d97fa,0,68,97,8
60482,ext_f5c3e992,0,62,97,12
60482,ext_f606ef8b,0,80,97,4
60482,ext_fb825bb9,0,68,97,8
60482,ext_fc5c13c7,0,87,97,2
60482,ext_fcb159a9,0,61,97,16
60482,ext_fea3a64d,0,69,97,7
60482,ext_feaed0e3,0,69,97,7
60482,ext_ff23f7f0,0,68,97,8
60482,ext_ff9b3b2c,0,68,97,8
60830,20905,1,108,158,19
60830,62555,1,108,158,19
60830,75178,1,108,158,19
60830,ext_01e0af12,0,108,158,19
60830,ext_020c474a,0,108,158,19
60830,ext_025d39c8,0,108,158,19
60830,ext_02b796cd,0,108,158,19
60830,ext_02cf8288,0,108,158,19
60830,ext_03de5aef,0,110,158,18
60830,ext_04ce9450,0,108,158,19
60830,ext_04f13864,0,108,158,19
60830,ext_05fa7c21,0,108,158,19
60830,ext_06b32574,0,108,158,19
60830,ext_07d92647,0,120,158,11
60830,ext_0e552c9b,0,108,158,19
60830,ext_0fda7ba9,0,108,158,19
60830,ext_0fe7bb97,0,108,158,19
60830,ext_11652121,0,108,158,19
60830,ext_11db512d,0,114,158,16
60830,ext_16ea3975,0,108,158,19
60830,ext_19020864,0,108,158,19
60830,ext_193f0e1d,0,108,158,19
60830,ext_1bdee2d8,0,108,158,19
60830,ext_1cae4d7d,0,108,158,19
60830,ext_1cc49960,0,108,158,19
60830,ext_1d483008,0,108,158,19
60830,ext_2467d742,0,108,158,19
60830,ext_24ebabd3,0,108,158,19
60830,ext_28d1e15d,0,150,158,6
60830,ext_2921371a,0,108,158,19
60830,ext_292ea67a,0,108,158,19
60830,ext_2bc5d0d8,0,108,158,19
60830,ext_2be58660,0,108,158,19
60830,ext_2cce1819,0,108,158,19
60830,ext_2e9c16a9,0,108,158,19
60830,ext_31af09fb,0,108,158,19
60830,ext_31c6b662,0,108,158,19
60830,ext_36e2fcbe,0,108,158,19
60830,ext_38a3959a,0,121,158,10
60830,ext_3a225c28,0,108,158,19
60830,ext_3ac3c4e2,0,108,158,19
60830,ext_3fa1e6c8,0,108,158,19
60830,ext_44e2fd18,0,108,158,19
60830,ext_45726ed7,0,108,158,19
60830,ext_45c37b30,0,108,158,19
60830,ext_471e8777,0,108,158,19
60830,ext_47718e51,0,158,158,1
60830,ext_47d19af6,0,108,158,19
60830,ext_48bbdcb7,0,108,158,19
60830,ext_4a04fa10,0,108,158,19
60830,ext_4a837c6c,0,108,158,19
60830,ext_4bec11f3,0,108,158,19
60830,ext_4bfd9203,0,108,158,19
60830,ext_4cf44647,0,108,158,19
60830,ext_4d243e85,0,108,158,19
60830,ext_4e29157a,0,108,158,19
60830,ext_4ec7c86b,0,117,158,14
60830,ext_4ed9b880,0,108,158,19
60830,ext_4fb59b06,0,108,158,19
60830,ext_50bda7cd,0,108,158,19
60830,ext_51333d85,0,108,158,19
60830,ext_553620fb,0,108,158,19
60830,ext_55553bb2,0,108,158,19
60830,ext_56d38ede,0,108,158,19
60830,ext_5988bf63,0,108,158,19
60830,ext_5f990de3,0,108,158,19
60830,ext_6059c9e8,0,108,158,19
60830,ext_607cb4b9,0,108,158,19
60830,ext_6121270a,0,108,158,19
60830,ext_618952cb,0,108,158,19
60830,ext_625d6b6d,0,108,158,19
60830,ext_63dc20c2,0,108,158,19
60830,ext_66c757fd,0,108,158,19
60830,ext_68a993dc,0,108,158,19
60830,ext_697e7ebf,0,108,158,19
60830,ext_6a1acddd,0,108,158,19
60830,ext_6aa8dc01,0,108,158,19
60830,ext_6c6fdf14,0,108,158,19
60830,ext_7042c32f,0,108,158,19
60830,ext_7052a0e3,0,108,158,19
60830,ext_74009f2d,0,108,158,19
60830,ext_75d35e56,0,108,158,19
60830,ext_77e248b7,0,108,158,19
60830,ext_793723bb,0,108,158,19
60830,ext_79d48fda,0,108,158,19
60830,ext_79d5368e,0,108,158,19
60830,ext_7c5e6e3d,0,108,158,19
60830,ext_7c8f6b9e,0,115,158,15
60830,ext_7e20a9ee,0,108,158,19
60830,ext_80bbdaaf,0,120,158,11
60830,ext_80cd47f0,0,108,158,19
60830,ext_812fe9f4,0,108,158,19
60830,ext_827fefcf,0,108,158,19
60830,ext_82a12704,0,108,158,19
60830,ext_8433e241,0,110,158,18
60830,ext_86b16b5c,0,108,158,19
60830,ext_86d5235c,0,108,158,19
60830,ext_86f3eba5,0,108,158,19
60830,ext_879d8a56,0,108,158,19
60830,ext_8909c2a4,0,108,158,19
60830,ext_8b62a769,0,108,158,19
60830,ext_8d035924,0,108,158,19
60830,ext_8f00440e,0,108,158,19
60830,ext_8f3ef7d2,0,108,153,17
60830,ext_90063140,0,108,158,19
60830,ext_91555e5b,0,108,158,19
60830,ext_9367c09d,0,108,158,19
60830,ext_93f6f3d8,0,108,158,19
60830,ext_98a29bd8,0,108,158,19
60830,ext_99141427,0,108,158,19
60830,ext_99c8a3fe,0,108,158,19
60830,ext_9bf28089,0,121,158,10
60830,ext_9cee2320,0,108,158,19
60830,ext_9d3c27d9,0,114,158,16
60830,ext_9ebda160,0,108,158,19
60830,ext_a049558e,0,108,158,19
60830,ext_a0985be4,0,157,158,2
60830,ext_a26104a7,0,108,158,19
60830,ext_a39fc5a7,0,108,158,19
60830,ext_a76f2d69,0,108,158,19
60830,ext_a83b6c1b,0,108,158,19
60830,ext_af452f64,0,108,158,19
60830,ext_b113cf7a,0,108,158,19
60830,ext_b31cd493,0,157,158,2
60830,ext_b36f1fe1,0,108,158,19
60830,ext_b39dcd8f,0,108,158,19
60830,ext_b4a86dbe,0,108,158,19
60830,ext_b590f87a,0,108,158,19
60830,ext_b6ee4ce3,0,108,158,19
60830,ext_b785c93b,0,108,158,19
60830,ext_b894763d,0,108,158,19
60830,ext_b91b2954,0,108,158,19
60830,ext_ba508bbe,0,110,158,18
60830,ext_bcc45c08,0,110,158,18
60830,ext_c097c573,0,108,158,19
60830,ext_c215568e,0,108,108,1
60830,ext_c738e97c,0,108,158,19
60830,ext_c849e167,0,108,158,19
60830,ext_ccaeea81,0,108,158,19
60830,ext_cf05f084,0,108,158,19
60830,ext_cfa0d12e,0,108,158,19
60830,ext_d0a1ae76,0,108,158,19
60830,ext_d3bfcb46,0,108,158,19
60830,ext_d750ee43,0,108,158,19
60830,ext_dad438aa,0,108,158,19
60830,ext_db627d49,0,108,158,19
60830,ext_dc4ab9e6,0,108,158,19
60830,ext_e0974fe0,0,108,158,19
60830,ext_e1030134,0,108,158,19
60830,ext_e179d48d,0,108,158,19
60830,ext_e225ca31,0,108,158,19
60830,ext_e261d2e9,0,108,158,19
60830,ext_e2ec0cc0,0,108,158,19
60830,ext_e50e1242,0,110,115,4
60830,ext_e574a11e,0,108,158,19
60830,ext_ebbbfd45,0,108,158,19
60830,ext_ebc4921b,0,108,158,19
60830,ext_f0f62490,0,108,158,19
60830,ext_f1e91b34,0,108,158,19
60830,ext_f38dd1aa,0,108,158,19
60830,ext_f3b062a7,0,108,158,19
60830,ext_f3e63eaa,0,108,158,19
60830,ext_f5163b5f,0,108,158,19
60830,ext_f6725b26,0,150,158,6
60830,ext_f6bfe00a,0,108,158,19
60830,ext_f6fe20dd,0,108,158,19
60830,ext_fc5c13c7,0,108,158,19
60830,ext_fd4faad1,0,110,158,18
61280,16495,1,68,74,6
61280,24760,1,68,74,6
61280,31372,1,68,74,6
61280,39253,1,68,76,8
61280,52067,1,73,74,2
61280,71627,1,68,76,7
61280,ext_003f6904,0,68,74,6
61280,ext_01b81ae1,0,68,76,8
61280,ext_044ef8d6,0,68,74,6
61280,ext_074d7bb8,0,68,78,9
61280,ext_0be778c3,0,68,74,6
61280,ext_0e9b4113,0,68,74,6
61280,ext_0ea6d215,0,68,78,9
61280,ext_12257749,0,68,74,6
61280,ext_1370271d,0,69,74,5
61280,ext_15809e98,0,68,74,6
61280,ext_18b95214,0,68,74,6
61280,ext_1a17fbd6,0,68,74,6
61280,ext_1ace9ad0,0,68,74,6
61280,ext_1cad5ba6,0,68,74,6
61280,ext_1cc59126,0,68,74,6
61280,ext_1d7fddfb,0,68,74,6
61280,ext_1dfa69ea,0,68,74,6
61280,ext_20056aa1,0,68,76,7
61280,ext_242912dc,0,68,74,6
61280,ext_24f225b6,0,68,78,9
61280,ext_25b2f9b6,0,68,76,7
61280,ext_268a6457,0,68,78,9
61280,ext_284cc699,0,68,78,9
61280,ext_2877edcb,0,71,74,3
61280,ext_2a11b8cb,0,68,76,7
61280,ext_2b67f217,0,68,74,6
61280,ext_2c579255,0,68,74,6
61280,ext_2e2ab109,0,68,74,6
61280,ext_3004ec26,0,68,76,7
61280,ext_31e11efc,0,68,74,6
61280,ext_323caa57,0,68,74,6
61280,ext_344b8bd7,0,68,76,7
61280,ext_35ddb7b2,0,68,74,6
61280,ext_365a745c,0,68,74,6
61280,ext_3833e761,0,68,74,6
61280,ext_38d0e187,0,68,74,6
61280,ext_3d082ce2,0,68,78,9
61280,ext_3d94a555,0,68,78,9
61280,ext_3e505ea3,0,68,74,6
61280,ext_413d819e,0,68,76,7
61280,ext_41542224,0,68,76,7
61280,ext_437bf19b,0,70,74,4
61280,ext_45c37b30,0,68,78,9
61280,ext_4bb327ab,0,68,74,6
61280,ext_4dce6a09,0,68,76,7
61280,ext_4e058185,0,68,74,6
61280,ext_4e54a507,0,68,74,6
61280,ext_5455a602,0,68,74,6
61280,ext_55f76807,0,68,74,6
61280,ext_56b8eae9,0,68,74,6
61280,ext_57cd152d,0,68,74,6
61280,ext_5a6fad0c,0,68,76,7
61280,ext_5c3fcba2,0,68,74,6
61280,ext_5d8d8f76,0,68,74,6
61280,ext_6191f752,0,68,78,9
61280,ext_61bc2df4,0,68,76,8
61280,ext_61fe1983,0,68,74,6
61280,ext_64158693,0,68,74,6
61280,ext_65324c13,0,68,78,9
61280,ext_69300cce,0,68,78,9
61280,ext_694d31f6,0,68,78,9
61280,ext_6b1b98ba,0,68,74,6
61280,ext_6bcb4999,0,68,76,7
61280,ext_6bf84cbb,0,68,74,6
61280,ext_74ace8e8,0,68,76,8
61280,ext_76c863a9,0,68,74,6
61280,ext_7758bd17,0,68,76,7
61280,ext_795f8889,0,68,76,8
61280,ext_7f332235,0,68,74,6
61280,ext_834a8c19,0,68,78,9
61280,ext_86b16b5c,0,68,76,7
61280,ext_8949bf54,0,68,74,6
61280,ext_89bba362,0,68,74,6
61280,ext_8aebf59b,0,68,74,6
61280,ext_8d5ffac8,0,68,78,9
61280,ext_8e4a263b,0,68,74,6
61280,ext_8e70285f,0,68,74,6
61280,ext_8eeb2142,0,68,74,6
61280,ext_90bf8ff3,0,73,74,2
61280,ext_9158d8d4,0,68,74,6
61280,ext_965dc108,0,68,76,7
61280,ext_991325d3,0,68,76,8
61280,ext_9a8bd855,0,68,74,6
61280,ext_9d17647d,0,68,74,6
61280,ext_9d5a6a66,0,68,76,8
61280,ext_a0d04730,0,68,74,6
61280,ext_a32fddd8,0,68,74,6
61280,ext_a48361b9,0,68,76,8
61280,ext_a4c181d6,0,68,78,9
61280,ext_a5e6b4f9,0,68,78,9
61280,ext_a743305e,0,68,76,7
61280,ext_a7afd4db,0,68,76,7
61280,ext_a8ca1fa0,0,68,76,7
61280,ext_ab9931b7,0,68,74,6
61280,ext_ac3a83fa,0,68,76,7
61280,ext_afaa7a01,0,68,74,6
61280,ext_afb43af0,0,68,76,7
61280,ext_afbb6886,0,68,74,6
61280,ext_b6614b67,0,70,74,4
61280,ext_ba0abc27,0,68,74,6
61280,ext_bf70ffd3,0,68,74,6
61280,ext_c88db456,0,68,74,6
61280,ext_cac0fcdf,0,68,74,6
61280,ext_cb215634,0,68,76,8
61280,ext_cc3bdd48,0,68,76,7
61280,ext_cf645336,0,68,74,6
61280,ext_d32cbb2e,0,68,74,6
61280,ext_d51dd6e2,0,68,74,6
61280,ext_dbcd8bdc,0,68,76,7
61280,ext_ddc468cb,0,68,74,6
61280,ext_df83e0b0,0,68,74,6
61280,ext_dfddf40e,0,68,74,6
61280,ext_e2bea395,0,68,74,6
61280,ext_e3b51ed0,0,68,74,6
61280,ext_e3ed83e1,0,68,74,6
61280,ext_e6a5c377,0,68,76,7
61280,ext_e6e5abaa,0,68,74,6
61280,ext_e9b5869e,0,68,74,6
61280,ext_ec84362e,0,68,74,6
61280,ext_ecfdc01c,0,68,78,9
61280,ext_eea099ae,0,68,74,6
61280,ext_f2a94a2f,0,73,74,2
61280,ext_f575fcf5,0,68,74,6
62555,13116,1,62,62,1
62555,19844,1,62,104,35
62555,20905,1,62,104,35
62555,25544,1,62,104,35
62555,26999,1,62,136,43
62555,30952,1,62,104,35
62555,40997,1,86,104,17
62555,50181,1,59,136,45
62555,53275,1,59,104,36
62555,60830,1,62,136,38
62555,66052,1,63,112,37
62555,75178,1,62,104,35
62555,76313,1,62,136,44
62555,82282,1,62,104,35
62555,ext_019ef950,0,62,104,35
62555,ext_01e97183,0,107,112,6
62555,ext_020c474a,0,62,104,35
62555,ext_024ce0b3,0,108,112,5
62555,ext_025d39c8,0,62,104,35
62555,ext_02cf8288,0,107,112,6
62555,ext_02d0962e,0,59,108,38
62555,ext_0303242e,0,80,136,31
62555,ext_03ba0dad,0,59,136,45
62555,ext_0417b063,0,107,112,6
62555,ext_0425c483,0,90,136,21
62555,ext_043e36e0,0,62,136,44
62555,ext_04c4652f,0,107,112,6
62555,ext_05e457e4,0,94,104,10
62555,ext_06b32574,0,62,104,35
62555,ext_07c6205d,0,62,104,35
62555,ext_0861e572,0,89,136,23
62555,ext_08d92989,0,62,136,43
62555,ext_08f3b846,0,62,136,43
62555,ext_08fd44ef,0,62,104,35
62555,ext_096b46d2,0,65,104,32
62555,ext_0978bc7a,0,107,112,6
62555,ext_0ab04784,0,62,104,35
62555,ext_0b56810d,0,62,104,35
62555,ext_0e552c9b,0,63,136,43
62555,ext_0e8175f3,0,96,104,8
62555,ext_0f85d24e,0,59,136,45
62555,ext_14db01cf,0,80,104,22
62555,ext_165d82ca,0,62,136,44
62555,ext_184e5827,0,62,104,35
62555,ext_189c3aba,0,87,136,25
62555,ext_18be7b81,0,62,136,44
62555,ext_194c0eab,0,108,112,5
62555,ext_19974045,0,62,104,35
62555,ext_1b2b304c,0,84,104,18
62555,ext_1bdee2d8,0,59,104,36
62555,ext_1c7e9265,0,62,104,35
62555,ext_1dc77f3a,0,109,112,4
62555,ext_1e6b7e43,0,104,104,1
62555,ext_1ea555a6,0,64,136,42
62555,ext_1ff210d4,0,107,112,6
62555,ext_20ca7cf7,0,62,136,44
62555,ext_21421149,0,82,104,20
62555,ext_2150f060,0,100,104,4
62555,ext_21889ddf,0,108,112,5
62555,ext_22fe5733,0,93,112,16
62555,ext_235716bd,0,109,112,4
62555,ext_240b5fe7,0,62,104,35
62555,ext_24ebabd3,0,62,112,40
62555,ext_2686c4cf,0,80,136,31
62555,ext_26d97651,0,59,104,36
62555,ext_26f65e2b,0,84,104,18
62555,ext_27f58231,0,86,104,17
62555,ext_28869671,0,84,104,18
62555,ext_28ba3509,0,109,112,4
62555,ext_2969ff98,0,62,136,44
62555,ext_29fb06ca,0,59,136,45
62555,ext_2a700eea,0,62,136,43
62555,ext_2aff0d51,0,59,112,42
62555,ext_2b2b0e0d,0,108,112,5
62555,ext_2b9caa26,0,59,112,42
62555,ext_2c04bdaa,0,59,136,45
62555,ext_2d525a81,0,107,108,2
62555,ext_2e9c16a9,0,62,104,35
62555,ext_2ead1ed8,0,110,112,3
62555,ext_2f0ffc92,0,62,104,35
62555,ext_2fa20ddb,0,90,112,19
62555,ext_3055015c,0,62,104,35
62555,ext_30dd8d8d,0,78,123,32
62555,ext_31af09fb,0,62,104,35
62555,ext_34085315,0,62,104,35
62555,ext_3413761a,0,62,136,44
62555,ext_344e4387,0,62,104,35
62555,ext_3583b090,0,62,136,43
62555,ext_35ef6bda,0,59,112,42
62555,ext_369a78a1,0,102,136,11
62555,ext_3823919b,0,97,104,7
62555,ext_388d21ae,0,62,104,35
62555,ext_39c7b64d,0,62,136,44
62555,ext_3ac7d2cb,0,99,136,14
62555,ext_3af944b4,0,62,104,35
62555,ext_3b69fbee,0,107,112,6
62555,ext_3c4d223d,0,59,136,45
62555,ext_3d082ce2,0,108,112,5
62555,ext_3d6fbe8c,0,62,136,44
62555,ext_3eb03246,0,110,112,3
62555,ext_3eb692df,0,62,136,44
62555,ext_3f912db2,0,109,136,7
62555,ext_409be164,0,108,112,5
62555,ext_4115e86c,0,82,104,20
62555,ext_41cf5cf9,0,93,104,11
62555,ext_42c14d37,0,75,136,36
62555,ext_42da4b0b,0,101,104,3
62555,ext_42f56a60,0,110,112,3
62555,ext_43251f9f,0,59,136,45
62555,ext_4326a0a3,0,62,136,44
62555,ext_4367f0bd,0,62,104,35
62555,ext_436a8667,0,80,104,22
62555,ext_4508ad91,0,109,112,4
62555,ext_45726ed7,0,62,104,35
62555,ext_45c37b30,0,62,136,43
62555,ext_46c3793c,0,65,104,32
62555,ext_471e8777,0,62,136,43
62555,ext_4786cc12,0,98,98,1
62555,ext_47967918,0,112,112,1
62555,ext_47d19af6,0,62,104,35
62555,ext_49499cd7,0,59,104,36
62555,ext_4a6afb69,0,77,104,25
62555,ext_4c58e87c,0,107,112,6
62555,ext_4c823f28,0,109,112,4
62555,ext_4d243e85,0,98,136,15
62555,ext_4dbbd2fa,0,62,104,35
62555,ext_4f164c6d,0,80,104,22
62555,ext_51198615,0,89,104,14
62555,ext_515cc924,0,82,104,20
62555,ext_523b6186,0,109,112,4
62555,ext_532dedc7,0,62,136,44
62555,ext_545e3afd,0,107,112,6
62555,ext_54c945b8,0,90,98,2
62555,ext_553620fb,0,62,104,35
62555,ext_55cb95f9,0,93,136,20
62555,ext_564a3908,0,59,136,45
62555,ext_5731e80a,0,101,104,3
62555,ext_5753b8be,0,93,104,11
62555,ext_57e0df38,0,101,104,3
62555,ext_582a2fd1,0,97,112,12
62555,ext_582bea58,0,62,136,44
62555,ext_58ad9923,0,62,104,35
62555,ext_5971fc00,0,97,104,7
62555,ext_5973afc2,0,59,112,42
62555,ext_5a711494,0,86,136,25
62555,ext_5ac22c74,0,107,112,6
62555,ext_5bfd2142,0,59,136,45
62555,ext_5c3df161,0,62,104,35
62555,ext_5d88ffb8,0,59,104,36
62555,ext_5db0535c,0,62,90,23
62555,ext_5e00d607,0,80,104,22
62555,ext_5e8d7bca,0,62,104,35
62555,ext_5fe56432,0,62,104,35
62555,ext_60734707,0,87,104,16
62555,ext_607cb4b9,0,62,104,35
62555,ext_60d406b2,0,108,112,5
62555,ext_6242a2b8,0,65,104,32
62555,ext_62668e07,0,62,104,35
62555,ext_630440f0,0,59,104,36
62555,ext_6304990b,0,108,112,5
62555,ext_636b533a,0,38,58,8
62555,ext_63f9e5f9,0,59,112,42
62555,ext_640ae4d9,0,59,112,42
62555,ext_6448c7f0,0,62,136,44
62555,ext_6543b0e9,0,108,112,5
62555,ext_65fa345c,0,62,104,35
62555,ext_66164c9b,0,62,104,35
62555,ext_6643261e,0,66,108,33
62555,ext_677dde21,0,59,136,45
62555,ext_696b0677,0,97,136,15
62555,ext_6a07c0c0,0,76,136,35
62555,ext_6a7a35e1,0,59,112,42
62555,ext_6a7ebcc0,0,120,136,3
62555,ext_6acc8c73,0,62,104,35
62555,ext_6b4285b3,0,59,112,42
62555,ext_6cd2cc3d,0,62,136,44
62555,ext_6d4b85b5,0,59,104,36
62555,ext_6d8f9701,0,104,104,1
62555,ext_6f04245d,0,62,104,35
62555,ext_6f308933,0,82,97,12
62555,ext_6f841639,0,62,104,35
62555,ext_6fa45ed0,0,80,104,22
62555,ext_7129364f,0,109,112,4
62555,ext_71b0e27b,0,59,136,45
62555,ext_728eddb8,0,80,104,22
62555,ext_72b5937d,0,62,96,28
62555,ext_72f7f0ae,0,62,136,44
62555,ext_74780747,0,59,104,36
62555,ext_74de16bf,0,84,97,11
62555,ext_760ed506,0,62,112,40
62555,ext_76370640,0,59,112,42
62555,ext_76b43918,0,80,112,28
62555,ext_778982dd,0,59,136,45
62555,ext_77e01479,0,88,104,15
62555,ext_799fcadb,0,80,104,22
62555,ext_79a3e1c5,0,99,104,5
62555,ext_7a17fc7d,0,93,104,11
62555,ext_7a1e63be,0,62,104,35
62555,ext_7a7f9ecc,0,62,136,44
62555,ext_7b1f52ca,0,98,98,1
62555,ext_7bd4282f,0,112,112,1
62555,ext_7ca4ffa8,0,62,136,44
62555,ext_7d352dbb,0,38,58,8
62555,ext_7d41b4f6,0,112,112,1
62555,ext_7d8892e5,0,80,104,22
62555,ext_7e68da7b,0,80,104,22
62555,ext_7ed8c833,0,59,108,38
62555,ext_7edff294,0,62,104,35
62555,ext_7f6ff077,0,64,136,42
62555,ext_7ff8fb36,0,87,136,25
62555,ext_80233b8f,0,83,104,19
62555,ext_80f38263,0,62,136,44
62555,ext_80f64420,0,108,112,5
62555,ext_80f89f1c,0,109,112,4
62555,ext_822b7ed8,0,84,104,18
62555,ext_82a12704,0,62,112,41
62555,ext_832ac46b,0,94,136,19
62555,ext_84f5e15b,0,62,136,44
62555,ext_874a87c5,0,62,104,35
62555,ext_874e00ef,0,98,104,6
62555,ext_87d2ef58,0,80,104,22
62555,ext_883f1401,0,109,112,4
62555,ext_88adfbe0,0,108,112,5
62555,ext_896621b2,0,62,104,35
62555,ext_8a2a71c3,0,93,104,11
62555,ext_8b5fed03,0,90,104,13
62555,ext_8b62a769,0,80,104,22
62555,ext_8c00c2bb,0,93,136,20
62555,ext_8c3e933a,0,76,136,35
62555,ext_8d21cac3,0,59,96,29
62555,ext_8ebd6043,0,108,112,5
62555,ext_8f3ef7d2,0,62,136,43
62555,ext_90b83d84,0,108,112,5
62555,ext_930aaab2,0,108,112,5
62555,ext_93f6f3d8,0,62,136,43
62555,ext_94234cb9,0,108,112,5
62555,ext_954218ac,0,68,104,29
62555,ext_962f7044,0,62,104,35
62555,ext_963555f0,0,102,104,2
62555,ext_9819e921,0,95,104,9
62555,ext_99cccb4d,0,62,104,35
62555,ext_9a77ce55,0,62,123,43
62555,ext_9bf28089,0,59,136,45
62555,ext_9c6a2021,0,89,136,23
62555,ext_9d8fa165,0,94,104,10
62555,ext_9e4aeb5f,0,98,98,1
62555,ext_9eaa3155,0,97,104,7
62555,ext_9ebda160,0,62,136,43
62555,ext_9f3469d7,0,97,104,7
62555,ext_9fcd76e0,0,97,136,16
62555,ext_9fe0e394,0,62,104,35
62555,ext_a1cac382,0,97,102,6
62555,ext_a1cfd28a,0,62,104,35
62555,ext_a1de736f,0,77,136,34
62555,ext_a21189d1,0,62,104,35
62555,ext_a3835914,0,90,136,22
62555,ext_a39fc5a7,0,62,136,43
62555,ext_a414e2e5,0,62,136,44
62555,ext_a461336c,0,109,112,4
62555,ext_a4da5fb6,0,108,112,5
62555,ext_a4daaa49,0,92,136,21
62555,ext_a4e15f8d,0,80,136,31
62555,ext_a584b453,0,75,136,36
62555,ext_a7c9756e,0,80,104,22
62555,ext_a93fa8d2,0,59,108,38
62555,ext_a97fabe8,0,59,112,42
62555,ext_aa86f18a,0,108,136,8
62555,ext_aad23f77,0,83,136,28
62555,ext_ab9cc753,0,62,104,35
62555,ext_ac5a1efc,0,62,104,35
62555,ext_acb6d22f,0,82,104,20
62555,ext_ad1cde2a,0,109,112,4
62555,ext_aed13fe6,0,136,136,1
62555,ext_af1c096f,0,93,136,20
62555,ext_af1cc286,0,59,108,38
62555,ext_af34930a,0,89,136,23
62555,ext_af452f64,0,62,104,35
62555,ext_b00089b8,0,62,136,44
62555,ext_b06650bf,0,95,104,9
62555,ext_b17b050b,0,108,112,5
62555,ext_b19aa3a8,0,75,104,27
62555,ext_b44b250d,0,64,136,42
62555,ext_b45bb17f,0,108,112,5
62555,ext_b4e933c4,0,62,104,35
62555,ext_b598c94b,0,99,104,5
62555,ext_b675a148,0,62,104,35
62555,ext_b6adc1eb,0,59,136,45
62555,ext_b6e98a00,0,77,104,25
62555,ext_b785c93b,0,62,136,44
62555,ext_b7a2c631,0,92,104,12
62555,ext_b7ac369e,0,62,104,35
62555,ext_b7ef9503,0,62,104,35
62555,ext_b8011dc2,0,107,112,6
62555,ext_b873ab69,0,120,136,3
62555,ext_b9808277,0,62,136,44
62555,ext_b9b8673e,0,59,104,36
62555,ext_ba035a85,0,63,104,34
62555,ext_ba2a473e,0,107,136,9
62555,ext_bb24c326,0,86,136,26
62555,ext_bb2d47df,0,62,104,35
62555,ext_bc3321da,0,112,112,1
62555,ext_bc467409,0,104,136,10
62555,ext_bee0c926,0,62,104,35
62555,ext_bf1ee66d,0,62,136,44
62555,ext_bfa5db23,0,62,104,35
62555,ext_c1860131,0,100,136,13
62555,ext_c19cab0a,0,93,97,5
62555,ext_c20418bc,0,62,104,35
62555,ext_c26053a5,0,62,104,35
62555,ext_c3b1e2d9,0,64,104,33
62555,ext_c46cec55,0,59,108,38
62555,ext_c553b3ef,0,102,136,11
62555,ext_c58f22f7,0,136,136,1
62555,ext_c7401a3d,0,62,104,35
62555,ext_c7f97bc8,0,62,104,35
62555,ext_c8906d7b,0,76,104,26
62555,ext_c89eadf7,0,62,136,44
62555,ext_c9654cb1,0,59,104,36
62555,ext_ca08c218,0,59,108,38
62555,ext_cb8975f3,0,59,104,36
62555,ext_ce5e4acd,0,62,112,41
62555,ext_ce672020,0,90,104,13
62555,ext_cec31acd,0,62,104,35
62555,ext_cfa0d12e,0,108,112,5
62555,ext_d0097896,0,88,104,15
62555,ext_d1b67628,0,108,112,5
62555,ext_d33fa6e1,0,87,104,16
62555,ext_d340719e,0,107,112,6
62555,ext_d750ee43,0,107,112,6
62555,ext_d7e49cd1,0,62,104,35
62555,ext_d904a627,0,59,136,45
62555,ext_d9473278,0,109,109,1
62555,ext_d9d150b8,0,62,104,35
62555,ext_da5fe773,0,59,136,45
62555,ext_da6c2e60,0,107,112,6
62555,ext_daef75e3,0,86,104,17
62555,ext_db18fbc5,0,62,84,18
62555,ext_db34e902,0,62,104,35
62555,ext_dc4a5022,0,101,136,12
62555,ext_dc4ab9e6,0,62,104,35
62555,ext_dd3eb517,0,90,104,13
62555,ext_ddbf4864,0,62,104,35
62555,ext_de6eb439,0,109,112,4
62555,ext_df3a908d,0,62,136,43
62555,ext_e0963a38,0,59,136,45
62555,ext_e0b71987,0,62,104,35
62555,ext_e1030134,0,62,104,35
62555,ext_e240a2d5,0,97,104,7
62555,ext_e2917802,0,92,136,21
62555,ext_e458ece3,0,107,112,6
62555,ext_e51a12d1,0,108,112,5
62555,ext_e579ca86,0,80,136,31
62555,ext_e6355b79,0,80,104,22
62555,ext_e6b601f8,0,62,136,44
62555,ext_e8854942,0,109,112,4
62555,ext_e9c940e2,0,64,136,42
62555,ext_e9e03359,0,59,112,42
62555,ext_eab221d5,0,80,136,31
62555,ext_eb9c56fe,0,109,112,4
62555,ext_ebbbfd45,0,62,136,43
62555,ext_ebfff19a,0,97,104,7
62555,ext_ec9276c4,0,109,112,4
62555,ext_ecac8c1c,0,59,136,15
62555,ext_ed8e4d32,0,89,136,23
62555,ext_edb48f8b,0,59,136,45
62555,ext_ef49ae3b,0,95,104,9
62555,ext_f0cf21b5,0,107,136,9
62555,ext_f1e91b34,0,59,136,45
62555,ext_f23c3b05,0,99,104,5
62555,ext_f272b89e,0,59,112,42
62555,ext_f30d7abb,0,62,104,35
62555,ext_f3411e11,0,110,112,3
62555,ext_f360db84,0,109,112,4
62555,ext_f4c95238,0,59,104,36
62555,ext_f50c6689,0,59,136,45
62555,ext_f5163b5f,0,62,104,35
62555,ext_f58d77cb,0,96,136,17
62555,ext_f5c3e992,0,84,136,27
62555,ext_f6946263,0,80,104,22
62555,ext_f6fe20dd,0,62,136,43
62555,ext_f7f2347a,0,93,104,11
62555,ext_f81dc490,0,80,136,31
62555,ext_f8488e0d,0,59,136,45
62555,ext_f9be9023,0,109,112,4
62555,ext_f9d3051f,0,62,136,44
62555,ext_faa9749e,0,110,112,3
62555,ext_fb6ab638,0,76,81,6
62555,ext_fc7709c1,0,98,98,1
62555,ext_fcef97d1,0,62,136,44
62555,ext_fd0dd6db,0,62,136,44
62555,ext_fd6a0e5e,0,108,112,5
62555,ext_fd7e5e1a,0,99,104,5
62555,ext_fe4f0259,0,62,104,35
62555,ext_feff05bf,0,62,104,35
62560,31583,1,85,87,3
62560,75261,1,85,90,5
62560,ext_012caef3,0,85,90,5
62560,ext_017f9f40,0,85,90,5
62560,ext_01af4326,0,85,90,5
62560,ext_02346801,0,85,90,5
62560,ext_02b796cd,0,85,90,5
62560,ext_02e9f044,0,85,90,5
62560,ext_03372545,0,85,90,5
62560,ext_04ecd98a,0,85,90,5
62560,ext_055d7688,0,85,90,5
62560,ext_086f907a,0,85,90,5
62560,ext_0a851b02,0,85,90,5
62560,ext_0b1c3a9a,0,85,90,5
62560,ext_0b6bd293,0,85,90,5
62560,ext_0c663e47,0,85,90,5
62560,ext_0cf1fb42,0,85,90,5
62560,ext_0d536520,0,85,90,5
62560,ext_0dced912,0,85,90,5
62560,ext_0f034574,0,85,90,5
62560,ext_0f3cc522,0,85,90,5
62560,ext_0f9d14c1,0,85,90,5
62560,ext_10367cba,0,85,90,5
62560,ext_10974166,0,85,90,5
62560,ext_10d4b0ff,0,85,90,5
62560,ext_12df71eb,0,85,90,5
62560,ext_1433bc4c,0,85,90,5
62560,ext_1588888d,0,85,90,5
62560,ext_159e2ed6,0,85,90,5
62560,ext_16267d1a,0,85,90,5
62560,ext_17a5b869,0,85,86,2
62560,ext_1914c451,0,85,90,5
62560,ext_19a2470a,0,85,90,5
62560,ext_19dd0436,0,85,90,5
62560,ext_1a4d8c21,0,85,90,5
62560,ext_1bf80e83,0,85,90,5
62560,ext_1c1a6bc6,0,85,90,5
62560,ext_1c1b7e42,0,85,90,5
62560,ext_1cc49960,0,85,90,5
62560,ext_1da64e62,0,85,90,5
62560,ext_1daec117,0,85,90,5
62560,ext_1e2c3485,0,85,90,5
62560,ext_1fe98c2e,0,85,90,5
62560,ext_200c09a3,0,85,90,5
62560,ext_20ff8fc3,0,85,90,5
62560,ext_21a49e12,0,85,90,5
62560,ext_21ac40d4,0,85,90,5
62560,ext_24a72080,0,85,90,5
62560,ext_2848d780,0,85,90,5
62560,ext_2899a572,0,85,90,5
62560,ext_290013eb,0,85,90,5
62560,ext_290e53fa,0,85,90,5
62560,ext_2a3177f1,0,85,90,5
62560,ext_2aca75a9,0,89,90,2
62560,ext_2aededb0,0,85,90,5
62560,ext_2b3bf1aa,0,85,90,5
62560,ext_2b941c81,0,85,90,5
62560,ext_2c19109b,0,85,90,5
62560,ext_2d662c27,0,85,90,5
62560,ext_2e4c1506,0,85,90,5
62560,ext_2fb96e5a,0,85,90,5
62560,ext_2fc3d178,0,85,90,5
62560,ext_3004ec26,0,85,90,5
62560,ext_30430f99,0,85,90,5
62560,ext_317ad27a,0,85,90,5
62560,ext_326062de,0,89,90,2
62560,ext_33d316c2,0,85,90,5
62560,ext_34aa7c0f,0,85,90,5
62560,ext_35003813,0,85,90,5
62560,ext_38e56d32,0,85,90,5
62560,ext_39a8f6fd,0,85,90,5
62560,ext_3a6dedab,0,85,90,5
62560,ext_3be0b8e2,0,85,90,5
62560,ext_3f527288,0,85,90,5
62560,ext_4049fddc,0,85,90,5
62560,ext_4237cf17,0,85,90,5
62560,ext_42dcfa81,0,85,90,5
62560,ext_447b2757,0,85,90,5
62560,ext_4498333b,0,85,90,5
62560,ext_44a6b8eb,0,85,90,5
62560,ext_46acd724,0,85,90,5
62560,ext_47fe6297,0,85,90,5
62560,ext_495c091f,0,85,90,5
62560,ext_4b5d0dc1,0,85,90,5
62560,ext_4bc5830f,0,85,90,5
62560,ext_4c1f4788,0,85,90,5
62560,ext_4dc6c504,0,85,90,5
62560,ext_4f88a343,0,85,90,5
62560,ext_4fbb8bf2,0,85,90,5
62560,ext_5645215b,0,85,90,5
62560,ext_56b8eae9,0,85,90,5
62560,ext_57a2e359,0,85,90,5
62560,ext_587bef0c,0,85,90,5
62560,ext_599b98eb,0,85,90,5
62560,ext_5a087df3,0,85,90,5
62560,ext_5cb06060,0,85,90,5
62560,ext_5cb344d5,0,85,90,5
62560,ext_5d0e33fc,0,85,90,5
62560,ext_5d266eb2,0,85,90,5
62560,ext_5dd99393,0,85,90,5
62560,ext_5ef7c8ef,0,85,90,5
62560,ext_5f470c37,0,85,90,5
62560,ext_6157c388,0,85,90,5
62560,ext_618942e6,0,85,90,5
62560,ext_6201324c,0,85,90,5
62560,ext_6281c5c8,0,85,90,5
62560,ext_63e36dfa,0,85,90,5
62560,ext_655401a8,0,85,90,5
62560,ext_6566b6a2,0,85,90,5
62560,ext_6670abed,0,85,90,5
62560,ext_667a1d2d,0,85,90,5
62560,ext_66b18d64,0,85,90,5
62560,ext_677bc6c0,0,85,90,5
62560,ext_679dd04c,0,85,90,5
62560,ext_69aaa44a,0,85,90,5
62560,ext_6a502f6f,0,85,90,5
62560,ext_6b66f717,0,85,90,5
62560,ext_6bfec84d,0,85,90,5
62560,ext_702e0c4e,0,89,90,2
62560,ext_7042c32f,0,85,90,5
62560,ext_722fd46c,0,85,90,5
62560,ext_72754a0a,0,85,90,5
62560,ext_74f22f10,0,85,90,5
62560,ext_761c49e1,0,85,90,5
62560,ext_795d1c49,0,85,90,5
62560,ext_7b2e83fe,0,85,90,5
62560,ext_7c8302f0,0,85,90,5
62560,ext_7d4e1c83,0,85,90,5
62560,ext_7f12f452,0,85,90,5
62560,ext_7f4a9ac5,0,86,90,4
62560,ext_813df0d3,0,85,90,5
62560,ext_818cf93e,0,85,90,5
62560,ext_8249265c,0,85,90,5
62560,ext_825c2014,0,85,90,5
62560,ext_82641031,0,85,90,5
62560,ext_83a51eeb,0,85,90,5
62560,ext_860f5c5d,0,85,90,5
62560,ext_874e7b27,0,85,90,5
62560,ext_88e4d5d1,0,85,90,5
62560,ext_8c13ef35,0,85,90,5
62560,ext_8c988cb1,0,85,90,5
62560,ext_8da7478b,0,85,90,5
62560,ext_8dab993d,0,85,90,5
62560,ext_8e7482f0,0,85,90,5
62560,ext_8ee81540,0,85,90,5
62560,ext_8f7e7b87,0,85,90,5
62560,ext_917f3e7a,0,85,90,5
62560,ext_9453b5e9,0,85,90,5
62560,ext_95424100,0,85,90,5
62560,ext_95725aa7,0,85,90,5
62560,ext_97cae405,0,89,90,2
62560,ext_97ec108a,0,85,90,5
62560,ext_987d7f3f,0,85,90,5
62560,ext_9a3cdc26,0,85,90,5
62560,ext_9b590160,0,85,90,5
62560,ext_9b7da1f5,0,85,90,5
62560,ext_9b865b55,0,85,90,5
62560,ext_9c52cb3a,0,85,90,5
62560,ext_9e889a3d,0,85,90,5
62560,ext_9f485d07,0,85,90,5
62560,ext_a1c936a0,0,85,90,5
62560,ext_a31212a8,0,85,90,5
62560,ext_a3f75553,0,85,90,5
62560,ext_a5052cbf,0,85,90,5
62560,ext_a6f79de1,0,85,90,5
62560,ext_a801b8c5,0,85,90,5
62560,ext_a82eb2ce,0,85,90,5
62560,ext_a866f51a,0,85,90,5
62560,ext_a9c24099,0,85,90,5
62560,ext_ab382351,0,85,90,5
62560,ext_aba3903d,0,85,90,5
62560,ext_af8da252,0,85,90,5
62560,ext_afc236ac,0,85,90,5
62560,ext_b185eb5c,0,85,90,5
62560,ext_b22ec654,0,86,90,4
62560,ext_b3625feb,0,85,90,5
62560,ext_b38e5a19,0,85,90,5
62560,ext_b3b22217,0,85,90,5
62560,ext_b451e9f2,0,85,90,5
62560,ext_b535e3ae,0,85,90,5
62560,ext_b5fce233,0,85,90,5
62560,ext_b7be8405,0,85,90,5
62560,ext_baa63a87,0,85,90,5
62560,ext_bb16add1,0,85,90,5
62560,ext_bc8257ae,0,85,90,5
62560,ext_bcc45c08,0,85,90,5
62560,ext_bce45893,0,85,90,5
62560,ext_bdf714ad,0,85,90,5
62560,ext_c1625d36,0,85,90,5
62560,ext_c38da584,0,85,90,5
62560,ext_c46b64f2,0,85,90,5
62560,ext_c49e08a5,0,85,90,5
62560,ext_c543b509,0,85,90,5
62560,ext_c7a73076,0,85,90,5
62560,ext_ca108877,0,85,90,5
62560,ext_caaba85b,0,85,90,5
62560,ext_cbaeca2c,0,85,90,5
62560,ext_cc01276e,0,85,90,5
62560,ext_cc6ed7fd,0,85,90,5
62560,ext_cee647eb,0,85,90,5
62560,ext_cf19b8e6,0,85,90,5
62560,ext_cf812dae,0,85,90,5
62560,ext_d01e778a,0,85,90,5
62560,ext_d3dcc059,0,85,90,5
62560,ext_d4f6a108,0,85,90,5
62560,ext_d611a3c4,0,85,90,5
62560,ext_d62d4550,0,85,90,5
62560,ext_d6d7b2c8,0,85,90,5
62560,ext_d77c5841,0,85,90,5
62560,ext_d7920d80,0,85,90,5
62560,ext_d9529877,0,85,90,5
62560,ext_dc20e6d9,0,85,90,5
62560,ext_de7cc77b,0,85,90,5
62560,ext_deb80e7b,0,85,90,5
62560,ext_df179902,0,85,90,5
62560,ext_df2c5048,0,85,90,5
62560,ext_df2f6564,0,85,90,5
62560,ext_e1c49f06,0,85,90,5
62560,ext_e3e7ff2a,0,85,90,5
62560,ext_e4236494,0,85,90,5
62560,ext_e65b588e,0,85,90,5
62560,ext_e6bb577c,0,85,90,5
62560,ext_e6e98ba6,0,85,90,5
62560,ext_e70b860e,0,85,90,5
62560,ext_e8af40a2,0,85,90,5
62560,ext_ea2a7202,0,85,90,5
62560,ext_eaafe756,0,85,90,5
62560,ext_eae8d730,0,85,90,5
62560,ext_eb6bd619,0,85,90,5
62560,ext_eba2dea4,0,85,90,5
62560,ext_ec356928,0,85,90,5
62560,ext_edb01ef9,0,85,90,5
62560,ext_efcdc167,0,85,90,5
62560,ext_f0400888,0,85,90,5
62560,ext_f102c51f,0,85,90,5
62560,ext_f208df9c,0,85,90,5
62560,ext_f2fc9538,0,85,90,5
62560,ext_f627565a,0,85,90,5
62560,ext_f6e177fa,0,85,90,5
62560,ext_f76d014d,0,85,90,5
62560,ext_f7b4c803,0,85,90,5
62560,ext_f873e3cd,0,85,90,5
62560,ext_f94deba9,0,85,90,5
62560,ext_faad9433,0,85,90,5
62560,ext_fb84c5ab,0,85,90,5
62560,ext_fbcc0432,0,85,90,5
62560,ext_fcb6bca3,0,85,90,5
62560,ext_ff8992ce,0,85,90,5
62560,ext_ffb04394,0,85,90,5
63063,11692,1,94,136,15
63063,38823,1,62,136,25
63063,38901,1,62,136,24
63063,48429,1,76,84,4
63063,ext_00cf5e4b,0,72,136,22
63063,ext_01db663a,0,72,136,22
63063,ext_034b7dd9,0,62,136,26
63063,ext_0466b522,0,63,136,23
63063,ext_04c4652f,0,62,136,24
63063,ext_0661f7b0,0,62,136,26
63063,ext_072fae3a,0,62,136,24
63063,ext_07be710d,0,62,136,24
63063,ext_09f47cb1,0,62,136,26
63063,ext_0a5a9496,0,62,136,26
63063,ext_0aac73ee,0,72,136,22
63063,ext_0b8e1b4f,0,126,136,11
63063,ext_0de57a12,0,62,136,24
63063,ext_0f508645,0,62,136,25
63063,ext_0f8812cb,0,62,136,26
63063,ext_102d87c4,0,62,136,24
63063,ext_10a15fde,0,76,136,19
63063,ext_10e44df4,0,73,136,21
63063,ext_12701e89,0,126,136,11
63063,ext_1391eddc,0,62,136,26
63063,ext_13fbf913,0,62,136,25
63063,ext_15095b63,0,62,136,24
63063,ext_1588358c,0,126,136,11
63063,ext_15d74a69,0,62,136,26
63063,ext_1690dca6,0,62,136,26
63063,ext_16fee269,0,75,136,20
63063,ext_1727a83e,0,72,136,22
63063,ext_1853c687,0,82,136,18
63063,ext_1856ffdf,0,62,136,25
63063,ext_18c7bfdc,0,129,136,8
63063,ext_19551928,0,82,136,18
63063,ext_1981d7b0,0,62,136,26
63063,ext_199cdd64,0,126,136,11
63063,ext_1a2d473d,0,75,136,20
63063,ext_1b489f25,0,135,136,2
63063,ext_1b4aaf20,0,62,136,29
63063,ext_1b700bfb,0,82,136,19
63063,ext_1c420f72,0,128,136,9
63063,ext_1c60e812,0,62,136,26
63063,ext_1cbd587b,0,62,136,24
63063,ext_1cdd9049,0,62,136,24
63063,ext_1ee9fc05,0,94,136,15
63063,ext_1fb133cb,0,82,136,18
63063,ext_206e6fa6,0,62,136,26
63063,ext_20e18ad0,0,94,136,15
63063,ext_20e73377,0,62,136,30
63063,ext_219d8fab,0,72,136,22
63063,ext_25be3720,0,72,136,22
63063,ext_26bda167,0,72,136,22
63063,ext_26d84333,0,123,136,14
63063,ext_27ac784f,0,62,136,24
63063,ext_284cc699,0,131,136,6
63063,ext_28afa2e3,0,62,136,32
63063,ext_28d6178f,0,62,136,25
63063,ext_29644aea,0,62,136,26
63063,ext_2b2a7e3c,0,128,136,9
63063,ext_2b2bd2a8,0,62,136,28
63063,ext_2b37f044,0,62,136,25
63063,ext_2be60f3c,0,62,136,24
63063,ext_2cff6ab4,0,62,136,26
63063,ext_2d0b91b9,0,126,136,11
63063,ext_2d663766,0,62,133,21
63063,ext_2da5a4bc,0,72,136,22
63063,ext_2dc0edd1,0,62,136,24
63063,ext_2f049eaf,0,62,136,29
63063,ext_3075ab35,0,62,136,26
63063,ext_30ffc1cc,0,82,136,18
63063,ext_32dc753d,0,123,136,14
63063,ext_342f04f8,0,132,136,5
63063,ext_343a27c6,0,62,136,25
63063,ext_3530b413,0,62,136,26
63063,ext_35663193,0,62,136,26
63063,ext_35d4c559,0,62,136,25
63063,ext_365a745c,0,94,136,15
63063,ext_37017720,0,126,136,11
63063,ext_379463a6,0,72,136,22
63063,ext_3829c313,0,62,136,24
63063,ext_39b99f3c,0,62,136,24
63063,ext_39fc222e,0,62,136,24
63063,ext_3a0b9c78,0,62,136,24
63063,ext_3a225c28,0,131,136,6
63063,ext_3a39d075,0,126,136,11
63063,ext_3afe41ac,0,82,136,18
63063,ext_3bcda5e4,0,62,136,24
63063,ext_3ea037e2,0,62,136,24
63063,ext_3eb40d34,0,62,136,27
63063,ext_3ecd27be,0,62,136,27
63063,ext_3f2a55f9,0,62,136,27
63063,ext_3f332fb2,0,62,136,26
63063,ext_402479c6,0,132,136,5
63063,ext_40702e75,0,62,136,26
63063,ext_41360669,0,62,136,28
63063,ext_4345c383,0,62,136,26
63063,ext_435bce4c,0,62,136,25
63063,ext_43ef4d81,0,62,136,25
63063,ext_4485bacb,0,94,136,15
63063,ext_456b91e2,0,72,136,22
63063,ext_45c37b30,0,62,136,26
63063,ext_4660b269,0,62,136,27
63063,ext_46f2284c,0,62,136,27
63063,ext_4723d3a6,0,62,136,30
63063,ext_48267e36,0,62,136,26
63063,ext_482faac8,0,76,136,19
63063,ext_48568cb3,0,126,136,11
63063,ext_49ad02ab,0,127,136,10
63063,ext_4a921f8d,0,62,136,26
63063,ext_4c348a9e,0,62,136,26
63063,ext_50e5a108,0,62,136,27
63063,ext_5291aa2a,0,62,136,24
63063,ext_52c34956,0,76,136,19
63063,ext_53447f15,0,127,136,10
63063,ext_546e988a,0,62,136,26
63063,ext_55eb4b87,0,62,136,24
63063,ext_57d0cf1b,0,62,136,24
63063,ext_57fbdb1a,0,62,136,25
63063,ext_589a2baf,0,62,136,25
63063,ext_592647a4,0,62,136,24
63063,ext_5b0f0272,0,62,136,26
63063,ext_5b5a3983,0,62,136,24
63063,ext_5e7151e8,0,62,136,24
63063,ext_6032efa1,0,62,136,24
63063,ext_60d91818,0,126,136,11
63063,ext_61271093,0,62,136,25
63063,ext_620b50f3,0,62,136,24
63063,ext_62958ddb,0,62,136,27
63063,ext_63e2138b,0,62,136,24
63063,ext_642b9d41,0,62,136,25
63063,ext_64370aeb,0,62,136,26
63063,ext_667c93f0,0,62,136,26
63063,ext_66b79996,0,62,136,24
63063,ext_67b445d7,0,76,136,19
63063,ext_6a687b1e,0,62,136,26
63063,ext_6b4baf90,0,123,136,14
63063,ext_6bca6d76,0,72,136,22
63063,ext_6bcee00b,0,62,136,26
63063,ext_6c5ab36b,0,62,136,24
63063,ext_6d39d403,0,62,136,26
63063,ext_6d6f7093,0,62,136,24
63063,ext_6f25ac48,0,62,136,26
63063,ext_6f5fd861,0,62,136,24
63063,ext_6f77c066,0,126,136,11
63063,ext_7033fcb2,0,62,136,25
63063,ext_708a9978,0,82,136,18
63063,ext_70c7223e,0,94,136,15
63063,ext_72d9f31a,0,62,136,26
63063,ext_7591cbfb,0,62,136,26
63063,ext_76252b59,0,125,136,12
63063,ext_76370640,0,126,136,11
63063,ext_776a0564,0,94,136,15
63063,ext_778764d9,0,62,136,26
63063,ext_7818b502,0,82,136,18
63063,ext_78857630,0,62,136,27
63063,ext_7a8f5cca,0,126,136,11
63063,ext_7d1e60e7,0,62,136,28
63063,ext_7f05d646,0,72,136,22
63063,ext_7f4a9ac5,0,72,136,22
63063,ext_7f4f9473,0,72,76,4
63063,ext_80ed5042,0,62,136,24
63063,ext_8182ad53,0,62,136,26
63063,ext_8195d185,0,94,136,15
63063,ext_819767d8,0,131,136,6
63063,ext_81c854a2,0,62,136,27
63063,ext_829bee67,0,94,136,15
63063,ext_84639c96,0,62,136,27
63063,ext_849273c8,0,62,136,26
63063,ext_85993ed4,0,72,76,4
63063,ext_86514512,0,129,136,8
63063,ext_886f5416,0,62,136,26
63063,ext_8964a761,0,62,136,31
63063,ext_8ab2290c,0,62,136,26
63063,ext_8b704479,0,62,136,26
63063,ext_8c62cce7,0,132,136,5
63063,ext_8cb720d4,0,84,136,16
63063,ext_8d1892df,0,62,84,10
63063,ext_8d1b27c4,0,82,136,18
63063,ext_8d30cdd7,0,126,136,11
63063,ext_8d3736cb,0,62,136,24
63063,ext_8db0039f,0,62,136,24
63063,ext_8deed702,0,94,136,15
63063,ext_8e1ea4a4,0,62,136,26
63063,ext_8e2b67f5,0,62,136,26
63063,ext_8eaef8b0,0,62,136,26
63063,ext_8f99dac2,0,62,136,28
63063,ext_8fde90cc,0,62,136,26
63063,ext_915b5e8a,0,62,136,25
63063,ext_92528576,0,72,136,22
63063,ext_92fca302,0,62,136,24
63063,ext_930c73a0,0,62,136,26
63063,ext_958215ee,0,62,136,25
63063,ext_95da80dc,0,123,136,14
63063,ext_96a05d9f,0,62,136,26
63063,ext_98f4de97,0,62,136,25
63063,ext_9a20d40b,0,72,76,4
63063,ext_9a88ede8,0,62,136,26
63063,ext_9aa50e97,0,72,136,22
63063,ext_9b536424,0,62,136,26
63063,ext_9b55fb17,0,62,136,26
63063,ext_9bee7d40,0,62,136,26
63063,ext_9e6ba335,0,125,136,12
63063,ext_a0d8568f,0,127,136,10
63063,ext_a17ad28f,0,62,136,26
63063,ext_a1bda081,0,62,136,26
63063,ext_a2e305ee,0,62,136,26
63063,ext_a3f40329,0,72,136,22
63063,ext_a552b94a,0,62,136,31
63063,ext_a561b1f6,0,62,136,26
63063,ext_a5c16833,0,62,136,24
63063,ext_a66e90af,0,82,136,18
63063,ext_a784f04e,0,62,136,26
63063,ext_a94909e1,0,62,136,29
63063,ext_a94c4cfa,0,62,76,6
63063,ext_a9903569,0,72,136,22
63063,ext_ace64ec1,0,62,136,24
63063,ext_ae34bb6f,0,62,136,26
63063,ext_aec8b05d,0,62,136,24
63063,ext_afcdf290,0,62,136,26
63063,ext_b03512ca,0,62,136,27
63063,ext_b0bfa0c4,0,62,136,25
63063,ext_b290d5fa,0,62,136,30
63063,ext_b29dd246,0,62,136,25
63063,ext_b2af2df9,0,62,136,26
63063,ext_b353e3e1,0,62,136,24
63063,ext_b356aa2a,0,94,136,15
63063,ext_b506e867,0,62,136,26
63063,ext_b6d08017,0,62,136,24
63063,ext_b6ee4ce3,0,126,136,11
63063,ext_b76e06ac,0,62,136,25
63063,ext_b8c67254,0,62,136,26
63063,ext_b8ece12b,0,62,136,26
63063,ext_b99a746e,0,62,136,30
63063,ext_b9ae061f,0,62,136,26
63063,ext_b9f14714,0,82,136,18
63063,ext_bb023af1,0,82,136,18
63063,ext_bb837b7b,0,62,136,26
63063,ext_bbcf1271,0,82,136,18
63063,ext_bc0b16d5,0,62,136,27
63063,ext_bc467409,0,76,136,19
63063,ext_bf81f5ec,0,62,136,25
63063,ext_c168855f,0,62,136,30
63063,ext_c186e40a,0,62,136,25
63063,ext_c317098a,0,123,136,14
63063,ext_c3ba6924,0,62,136,26
63063,ext_c3f36e91,0,62,136,24
63063,ext_c414398c,0,62,136,25
63063,ext_c4f4c4d1,0,131,136,6
63063,ext_c4ff862d,0,75,136,20
63063,ext_c5701189,0,62,136,26
63063,ext_c5a0cc07,0,127,136,10
63063,ext_c5be6676,0,82,136,18
63063,ext_c67aecd5,0,62,136,24
63063,ext_c81c5ac1,0,62,72,3
63063,ext_cacf0154,0,62,136,24
63063,ext_cb8002b8,0,126,136,11
63063,ext_cc5266f4,0,62,136,26
63063,ext_cc73ceec,0,127,136,10
63063,ext_cd23616d,0,62,136,25
63063,ext_cd800727,0,82,136,18
63063,ext_ce6f5b66,0,62,136,25
63063,ext_cfacdcf6,0,62,136,26
63063,ext_d270ac88,0,82,136,18
63063,ext_d2bfec98,0,62,136,26
63063,ext_d2e5b8e3,0,62,136,27
63063,ext_d33f291f,0,123,136,14
63063,ext_d3ec9ce6,0,128,136,9
63063,ext_d5a53635,0,134,136,3
63063,ext_d5ed5c0e,0,82,136,18
63063,ext_d64b5714,0,62,136,26
63063,ext_d67c4c9e,0,62,136,24
63063,ext_d7855098,0,62,136,26
63063,ext_d7945610,0,62,136,24
63063,ext_d87832f4,0,62,136,25
63063,ext_d968e8b9,0,62,136,26
63063,ext_da8e85c8,0,62,136,24
63063,ext_da91e87b,0,62,136,24
63063,ext_db33eca2,0,62,136,24
63063,ext_db931dc4,0,126,136,11
63063,ext_dba1963a,0,62,136,26
63063,ext_dbb8511a,0,62,136,24
63063,ext_de2435d9,0,62,136,24
63063,ext_de68e334,0,126,136,11
63063,ext_dffe2043,0,127,136,10
63063,ext_e0822f2b,0,132,136,5
63063,ext_e24c5aa1,0,62,136,24
63063,ext_e2a1dfb7,0,72,136,22
63063,ext_e330fa9e,0,130,131,2
63063,ext_e599f682,0,72,136,22
63063,ext_e62cd0ff,0,62,136,25
63063,ext_e63b5ff5,0,62,136,26
63063,ext_e7b271e0,0,94,136,15
63063,ext_e833d5f3,0,62,136,26
63063,ext_e8562f28,0,72,136,22
63063,ext_e86a28f7,0,62,136,32
63063,ext_e893929d,0,82,136,18
63063,ext_e9b7097c,0,123,136,14
63063,ext_ea0cabfd,0,62,136,27
63063,ext_ea804da4,0,62,136,28
63063,ext_eabecef2,0,136,136,1
63063,ext_eb9982f7,0,62,136,24
63063,ext_ec92ddc5,0,62,136,25
63063,ext_ecd4a978,0,62,136,26
63063,ext_ee62e5cf,0,62,136,26
63063,ext_eeef8d43,0,62,136,26
63063,ext_ef40fbe6,0,127,136,10
63063,ext_f015af74,0,62,136,26
63063,ext_f0eb9e62,0,62,136,24
63063,ext_f13d7744,0,128,136,9
63063,ext_f187b9a3,0,62,136,24
63063,ext_f18b5c51,0,75,136,20
63063,ext_f2e4418c,0,62,136,25
63063,ext_f43e6006,0,72,136,22
63063,ext_f4a06c92,0,62,136,24
63063,ext_f6a94649,0,62,136,24
63063,ext_f79271ae,0,62,136,27
63063,ext_f83bd0f4,0,62,136,24
63063,ext_f8e6636a,0,62,136,25
63063,ext_f98b9814,0,62,136,27
63063,ext_fa2106fd,0,72,136,22
63063,ext_fa3d2d69,0,62,136,26
63063,ext_fb9b3ea8,0,62,136,26
63063,ext_fc61e69a,0,94,136,15
63063,ext_fdea353a,0,37,136,27
63063,ext_fe6ab62e,0,62,136,26
63188,13896,1,61,136,52
63188,25544,1,107,136,28
63188,30076,1,126,136,10
63188,32174,1,61,136,44
63188,35227,1,62,136,41
63188,39783,1,95,136,30
63188,46584,1,61,136,44
63188,51470,1,61,84,13
63188,66052,1,106,136,29
63188,68494,1,61,136,51
63188,79877,1,61,76,12
63188,ext_000dd98c,0,61,136,47
63188,ext_008885c1,0,132,136,5
63188,ext_00895bca,0,61,136,44
63188,ext_008b08e3,0,61,136,50
63188,ext_044a2719,0,61,136,52
63188,ext_04e45e29,0,109,136,26
63188,ext_04f13864,0,61,136,46
63188,ext_052da661,0,61,136,45
63188,ext_052e4ad6,0,94,136,31
63188,ext_05eea5d8,0,84,136,32
63188,ext_05fa4f24,0,132,136,5
63188,ext_07be710d,0,117,136,19
63188,ext_0846430b,0,122,136,14
63188,ext_084e4692,0,61,136,45
63188,ext_096a8f65,0,61,136,45
63188,ext_0a4fe8c5,0,61,136,45
63188,ext_0c51613c,0,95,136,30
63188,ext_0d8ee66f,0,61,136,45
63188,ext_0f424f22,0,132,136,5
63188,ext_13bf6ba3,0,110,136,25
63188,ext_13c7b4b8,0,95,136,30
63188,ext_13e7af96,0,62,136,41
63188,ext_142a0cec,0,61,136,43
63188,ext_149542d7,0,95,136,30
63188,ext_14be766b,0,118,136,18
63188,ext_14c0a5e6,0,95,136,30
63188,ext_14c87049,0,106,136,29
63188,ext_14db01cf,0,108,136,27
63188,ext_15ed3102,0,109,136,26
63188,ext_165c22e2,0,108,136,27
63188,ext_198d5fc5,0,61,136,44
63188,ext_1b949e3b,0,112,136,23
63188,ext_1bfc016c,0,95,136,30
63188,ext_1e8f49c4,0,127,136,9
63188,ext_1eca1835,0,61,61,1
63188,ext_1f560e58,0,127,136,9
63188,ext_203d39a9,0,61,136,52
63188,ext_20b0f7a6,0,61,136,54
63188,ext_2117a167,0,61,136,50
63188,ext_2137a44d,0,106,136,29
63188,ext_21a6d8f5,0,112,136,23
63188,ext_2237ed21,0,61,136,47
63188,ext_236ea8cc,0,106,136,29
63188,ext_249d5d45,0,95,136,30
63188,ext_251a92fb,0,61,136,54
63188,ext_25a25dba,0,106,136,29
63188,ext_2689ec78,0,61,136,44
63188,ext_26f65e2b,0,106,136,29
63188,ext_274b87dc,0,61,136,54
63188,ext_27508e19,0,131,136,6
63188,ext_27f58231,0,136,136,1
63188,ext_2800a33f,0,61,136,50
63188,ext_28710977,0,134,136,3
63188,ext_288304bb,0,61,136,45
63188,ext_29b71067,0,95,136,30
63188,ext_2a1ed354,0,106,136,29
63188,ext_2aaa2700,0,136,136,1
63188,ext_2ba2ce51,0,95,106,2
63188,ext_2cf1982f,0,61,136,44
63188,ext_2e76420d,0,95,136,30
63188,ext_2f02cfd3,0,61,136,46
63188,ext_2f7ebeba,0,61,136,51
63188,ext_2f7f9bb5,0,106,136,29
63188,ext_2fbd83fc,0,115,136,21
63188,ext_314bdab4,0,121,136,15
63188,ext_317ad27a,0,95,136,30
63188,ext_31925bc3,0,61,136,51
63188,ext_32304038,0,61,136,45
63188,ext_32a4b1b4,0,61,136,54
63188,ext_32c77c75,0,61,136,51
63188,ext_32f16d0b,0,108,136,27
63188,ext_3557dd6b,0,106,136,29
63188,ext_3566661c,0,95,136,30
63188,ext_3836da07,0,61,136,46
63188,ext_38e155e1,0,61,136,54
63188,ext_399e9b4d,0,127,136,9
63188,ext_3a39d075,0,95,136,30
63188,ext_3ac7d2cb,0,95,136,30
63188,ext_3ae35bc7,0,61,136,54
63188,ext_3ae95760,0,61,136,51
63188,ext_3b639231,0,61,136,52
63188,ext_3b74165e,0,95,136,30
63188,ext_3c26a807,0,136,136,1
63188,ext_3c394483,0,120,136,16
63188,ext_3d082ce2,0,61,136,45
63188,ext_3d1cc8a4,0,61,136,42
63188,ext_3dde6298,0,135,136,2
63188,ext_3e0491e3,0,95,136,30
63188,ext_3e088c66,0,108,136,27
63188,ext_4028f45d,0,94,136,33
63188,ext_42053682,0,61,136,50
63188,ext_4294fd61,0,95,136,30
63188,ext_42b8ba08,0,61,136,44
63188,ext_43b003b5,0,61,136,48
63188,ext_43b483e2,0,110,136,25
63188,ext_4435f05d,0,61,136,51
63188,ext_4485bacb,0,95,136,30
63188,ext_4543dd93,0,95,136,30
63188,ext_45726ed7,0,61,136,44
63188,ext_4829d99e,0,115,136,21
63188,ext_4856c6b9,0,61,136,45
63188,ext_4857968b,0,61,136,42
63188,ext_48fbd029,0,95,136,30
63188,ext_4c13fd31,0,95,136,30
63188,ext_4c3097fa,0,118,136,18
63188,ext_4c7283c8,0,61,136,54
63188,ext_4da82b3d,0,84,136,33
63188,ext_4eb1584a,0,106,136,29
63188,ext_51896a23,0,106,136,29
63188,ext_5312a731,0,120,136,16
63188,ext_53a039cc,0,61,136,45
63188,ext_53fc20fd,0,61,136,44
63188,ext_54ba69f7,0,106,136,29
63188,ext_54c4656a,0,95,136,30
63188,ext_54d91cbb,0,68,136,36
63188,ext_55ae19f4,0,61,136,46
63188,ext_5698dd5b,0,61,136,50
63188,ext_58551857,0,129,136,7
63188,ext_587f8c13,0,61,136,46
63188,ext_595197ac,0,61,136,45
63188,ext_5973afc2,0,133,136,4
63188,ext_5a899728,0,107,136,28
63188,ext_5af29bfe,0,109,136,26
63188,ext_5bb294d3,0,95,136,30
63188,ext_5be1b811,0,61,136,45
63188,ext_5d1937a6,0,76,136,31
63188,ext_5d72164f,0,95,136,30
63188,ext_60dbccb0,0,95,136,30
63188,ext_6157c388,0,61,136,44
63188,ext_616630c3,0,106,136,29
63188,ext_6295a10c,0,61,136,45
63188,ext_63360296,0,120,136,16
63188,ext_63e12426,0,61,136,52
63188,ext_642c1135,0,61,136,52
63188,ext_6480e067,0,61,136,46
63188,ext_659ebfad,0,106,136,29
63188,ext_6686f1ff,0,95,136,30
63188,ext_67475749,0,116,136,20
63188,ext_688bcba7,0,61,136,42
63188,ext_69167a17,0,61,136,42
63188,ext_69b9b8d3,0,106,136,29
63188,ext_6acc8c73,0,95,136,30
63188,ext_6b543151,0,61,136,46
63188,ext_6cbdc63d,0,61,136,45
63188,ext_6dd01bd5,0,61,136,50
63188,ext_6e68d4c3,0,61,136,43
63188,ext_6f5d91ab,0,106,136,29
63188,ext_6fe3f512,0,126,136,10
63188,ext_7042c32f,0,61,136,49
63188,ext_70460133,0,110,136,25
63188,ext_706a9ae0,0,61,74,10
63188,ext_710b5364,0,61,136,44
63188,ext_713a61b8,0,106,136,29
63188,ext_71d76495,0,61,136,50
63188,ext_721e301e,0,95,136,30
63188,ext_72e50e50,0,61,136,44
63188,ext_73d64b92,0,61,136,44
63188,ext_7459e990,0,61,136,44
63188,ext_753816d6,0,61,136,54
63188,ext_75912c54,0,61,136,44
63188,ext_75d0d17e,0,61,136,42
63188,ext_75eb35fc,0,76,136,31
63188,ext_76d9b526,0,121,136,15
63188,ext_7746e2c6,0,115,136,21
63188,ext_783f5d73,0,119,136,17
63188,ext_793bbdf0,0,131,136,6
63188,ext_79ae272b,0,120,136,16
63188,ext_79b63402,0,108,136,27
63188,ext_7a1e63be,0,121,136,15
63188,ext_7b55ec9e,0,95,136,30
63188,ext_7c0e380f,0,61,136,44
63188,ext_7d00ee0a,0,61,136,44
63188,ext_7d93488a,0,106,136,29
63188,ext_7ddc2750,0,61,136,51
63188,ext_7ddfbee7,0,61,136,47
63188,ext_7dec0a13,0,94,136,31
63188,ext_7e3e2931,0,106,136,29
63188,ext_7f83a79e,0,61,136,43
63188,ext_806fc1d1,0,132,136,5
63188,ext_80b8a29d,0,61,136,51
63188,ext_8168ef98,0,61,136,44
63188,ext_822b7ed8,0,95,136,30
63188,ext_8279d239,0,108,136,27
63188,ext_82feeaf8,0,112,136,23
63188,ext_84135add,0,133,136,4
63188,ext_84996fe7,0,112,136,23
63188,ext_84bdcfb0,0,61,136,44
63188,ext_8590159e,0,61,136,45
63188,ext_8723a862,0,106,136,29
63188,ext_87e5b2e6,0,74,136,33
63188,ext_884787a4,0,95,136,30
63188,ext_8870a286,0,95,136,30
63188,ext_891f584a,0,61,136,46
63188,ext_8984c59c,0,61,136,52
63188,ext_89ca2ae3,0,115,136,21
63188,ext_89ec0a0f,0,127,136,9
63188,ext_8a6229bc,0,107,136,28
63188,ext_8a76dedf,0,95,136,30
63188,ext_8a7984dd,0,106,136,29
63188,ext_8b18e6be,0,66,136,38
63188,ext_8b7421eb,0,74,136,33
63188,ext_8c580463,0,61,136,52
63188,ext_8d2c15f1,0,94,136,34
63188,ext_8d30cdd7,0,95,136,30
63188,ext_8e18d3c6,0,95,136,30
63188,ext_8e8145e2,0,94,136,32
63188,ext_8ebd6043,0,61,136,52
63188,ext_8f1c3f46,0,61,136,44
63188,ext_8fc55d79,0,135,136,2
63188,ext_90063140,0,61,136,43
63188,ext_91555e5b,0,131,136,6
63188,ext_917a2e02,0,95,136,30
63188,ext_92b87ce4,0,136,136,1
63188,ext_930aaab2,0,61,136,43
63188,ext_948f9809,0,61,136,52
63188,ext_94c26056,0,61,136,54
63188,ext_94e90924,0,61,136,51
63188,ext_95be2293,0,117,136,19
63188,ext_96cf4a0c,0,65,136,39
63188,ext_972424d5,0,37,58,15
63188,ext_972c500d,0,95,95,1
63188,ext_97a9f5ab,0,135,136,2
63188,ext_98bd79ea,0,61,136,46
63188,ext_98d4e60e,0,74,136,33
63188,ext_98d75a8b,0,61,136,54
63188,ext_99759689,0,61,136,52
63188,ext_9d2c66c6,0,69,136,35
63188,ext_9ed8d70e,0,122,136,14
63188,ext_9f6be501,0,61,136,44
63188,ext_9f7d357e,0,61,136,50
63188,ext_9fe0e394,0,61,136,52
63188,ext_a0208144,0,61,136,43
63188,ext_a031e528,0,107,108,2
63188,ext_a12b55ec,0,106,136,29
63188,ext_a222031c,0,95,136,30
63188,ext_a27e6a87,0,95,136,30
63188,ext_a3fcaa65,0,95,136,30
63188,ext_a4a9cd83,0,61,136,44
63188,ext_a57181cf,0,106,136,29
63188,ext_a5e222d4,0,95,136,30
63188,ext_a77b933e,0,62,136,41
63188,ext_a8a45190,0,61,136,44
63188,ext_a8d4b956,0,106,136,29
63188,ext_aad966ac,0,61,136,45
63188,ext_ab102e80,0,61,136,44
63188,ext_ab79ada7,0,61,136,44
63188,ext_abf68ee6,0,106,136,29
63188,ext_abff857f,0,61,136,45
63188,ext_ac908209,0,95,136,30
63188,ext_ae22ab13,0,65,136,39
63188,ext_af8937d8,0,61,136,45
63188,ext_b063e465,0,61,136,44
63188,ext_b2ad5b36,0,61,136,49
63188,ext_b38e31a8,0,61,136,52
63188,ext_b413c3bf,0,61,136,44
63188,ext_b8dc4732,0,61,136,44
63188,ext_b8dd87fb,0,106,136,29
63188,ext_b95ff14b,0,61,136,45
63188,ext_baa63a87,0,61,136,45
63188,ext_bb2c278a,0,61,136,46
63188,ext_bc602de6,0,61,136,42
63188,ext_bc954c98,0,61,136,45
63188,ext_bcb69930,0,106,136,29
63188,ext_bcf04c51,0,61,136,54
63188,ext_bd2dd1a0,0,95,136,30
63188,ext_bea557f2,0,112,136,23
63188,ext_beedf99b,0,95,136,30
63188,ext_bf113b6d,0,106,136,29
63188,ext_c065b0b6,0,106,136,29
63188,ext_c1a8e9d4,0,61,136,47
63188,ext_c1b27f8c,0,131,136,6
63188,ext_c1bf3498,0,61,136,44
63188,ext_c23eea6f,0,61,136,42
63188,ext_c4136685,0,135,136,2
63188,ext_c51963e7,0,127,136,9
63188,ext_c63b287d,0,61,136,50
63188,ext_c81e45c1,0,61,121,32
63188,ext_c89100a5,0,95,136,30
63188,ext_c8aa4cf8,0,61,136,50
63188,ext_c9888d89,0,134,136,3
63188,ext_c9c38b57,0,63,136,40
63188,ext_c9d14e1f,0,61,136,48
63188,ext_ca98f7e5,0,61,136,45
63188,ext_cb3a9781,0,61,136,52
63188,ext_cd170588,0,61,136,45
63188,ext_ce283529,0,61,122,38
63188,ext_cf05f084,0,75,136,36
63188,ext_d03a5715,0,95,136,30
63188,ext_d1a31bdf,0,116,136,20
63188,ext_d29aad8a,0,61,136,54
63188,ext_d29af63e,0,74,136,33
63188,ext_d2e08288,0,95,136,30
63188,ext_d3ab1c3b,0,95,136,30
63188,ext_d5282a6a,0,61,136,50
63188,ext_d5f5d899,0,127,136,9
63188,ext_d65c2fa5,0,106,136,29
63188,ext_d78ca79c,0,61,136,51
63188,ext_d8972ab6,0,129,136,7
63188,ext_d8caa345,0,116,136,20
63188,ext_d9481ae8,0,61,136,52
63188,ext_d94a679f,0,61,136,50
63188,ext_dad917d6,0,61,136,54
63188,ext_db266925,0,95,136,30
63188,ext_db54866f,0,61,106,15
63188,ext_db994881,0,133,136,4
63188,ext_dc2fe491,0,61,76,12
63188,ext_dc4414e0,0,95,136,30
63188,ext_dcb94171,0,61,136,44
63188,ext_de3a9570,0,106,136,29
63188,ext_de9b529e,0,122,136,14
63188,ext_dfc73dfc,0,132,136,5
63188,ext_dffa7e63,0,95,136,30
63188,ext_e0156530,0,61,136,44
63188,ext_e02e125e,0,62,136,41
63188,ext_e0963a38,0,61,136,45
63188,ext_e2aa3aef,0,136,136,1
63188,ext_e2bc64a4,0,61,136,45
63188,ext_e31e01e9,0,95,136,30
63188,ext_e3a08fad,0,95,136,30
63188,ext_e42deb4b,0,111,136,24
63188,ext_e43ccfa2,0,61,136,54
63188,ext_e5cf3fad,0,110,136,25
63188,ext_e782bf44,0,61,136,44
63188,ext_e7949336,0,95,136,30
63188,ext_e814f734,0,61,136,54
63188,ext_e9702fa8,0,61,136,54
63188,ext_e9d0fd9b,0,95,136,30
63188,ext_ea0a354a,0,95,136,30
63188,ext_ea2b82b1,0,95,136,30
63188,ext_ea6da717,0,61,136,45
63188,ext_ebd1178f,0,61,136,45
63188,ext_ebf8caa9,0,113,122,9
63188,ext_ed09deb7,0,61,136,44
63188,ext_ed1c7603,0,61,126,41
63188,ext_ef5e452c,0,61,136,54
63188,ext_ef80d2b5,0,106,136,29
63188,ext_f025990f,0,106,136,29
63188,ext_f148ce51,0,73,76,4
63188,ext_f1ec77d7,0,95,136,30
63188,ext_f2169837,0,136,136,1
63188,ext_f22c7039,0,133,136,4
63188,ext_f2815759,0,106,136,29
63188,ext_f28abe0a,0,61,136,54
63188,ext_f28f12d2,0,136,136,1
63188,ext_f2cbcce1,0,133,136,4
63188,ext_f3123602,0,61,136,50
63188,ext_f366ab07,0,61,136,44
63188,ext_f5011f1c,0,61,136,43
63188,ext_f57d97fa,0,107,136,28
63188,ext_f61fd707,0,61,136,46
63188,ext_f78c9944,0,110,136,25
63188,ext_f9131b56,0,61,136,45
63188,ext_fab4c27a,0,61,136,54
63188,ext_fb5cdad5,0,61,136,45
63188,ext_fbf5f67c,0,94,136,34
63188,ext_fc2d69eb,0,106,136,29
63188,ext_fc5f2739,0,61,136,44
63188,ext_fcd9075b,0,108,136,27
63188,ext_fd4ab1d9,0,84,136,35
63188,ext_fdc45979,0,113,136,22
63188,ext_fe103793,0,61,136,52
63757,10841,1,59,122,55
63757,11360,1,59,122,55
63757,35227,1,59,122,55
63757,39783,1,59,122,55
63757,40997,1,59,122,55
63757,53275,1,59,122,55
63757,86352,1,59,122,55
63757,ext_00692363,0,59,122,55
63757,ext_00ac68bd,0,59,122,55
63757,ext_013cc113,0,59,122,55
63757,ext_01499d1a,0,59,122,55
63757,ext_016cc3d6,0,59,122,55
63757,ext_0249e427,0,94,99,6
63757,ext_038ee5ee,0,97,122,24
63757,ext_044a2719,0,77,122,38
63757,ext_0471b2a7,0,59,122,55
63757,ext_0d489bd5,0,59,122,55
63757,ext_0e6fe93a,0,59,122,55
63757,ext_0ee0701c,0,59,122,55
63757,ext_0f85d24e,0,59,122,55
63757,ext_1030b38e,0,59,122,55
63757,ext_11a11b59,0,59,122,55
63757,ext_151f1fcf,0,59,122,55
63757,ext_16162db2,0,59,122,55
63757,ext_1784eb39,0,96,122,25
63757,ext_190c7861,0,59,122,55
63757,ext_1abf3f2d,0,106,122,15
63757,ext_1acf431c,0,94,99,6
63757,ext_1d8917b8,0,59,122,55
63757,ext_200fa190,0,116,122,7
63757,ext_2034955b,0,59,122,55
63757,ext_223e627a,0,82,122,34
63757,ext_2417146f,0,59,122,55
63757,ext_241b4aed,0,59,122,55
63757,ext_2567ce7f,0,59,122,55
63757,ext_25bb5ac0,0,98,122,23
63757,ext_2689ec78,0,59,122,55
63757,ext_268ac30d,0,59,122,50
63757,ext_26f65e2b,0,59,122,55
63757,ext_26fb4085,0,59,122,55
63757,ext_2bccb70d,0,59,122,55
63757,ext_2cf1982f,0,59,122,55
63757,ext_2d804df0,0,59,122,55
63757,ext_2e383e1e,0,59,122,50
63757,ext_2e76420d,0,59,122,55
63757,ext_31aae936,0,100,122,21
63757,ext_34e5e533,0,59,122,55
63757,ext_3591e4a6,0,59,122,55
63757,ext_35ddb7b2,0,97,122,24
63757,ext_3717590b,0,59,122,55
63757,ext_3aa58937,0,94,99,6
63757,ext_3b7ba64e,0,59,122,55
63757,ext_3d9bd5c3,0,59,122,55
63757,ext_3e5d1b22,0,59,122,55
63757,ext_3ffffde2,0,59,122,55
63757,ext_40682f3c,0,59,122,55
63757,ext_429171f7,0,59,122,55
63757,ext_45726ed7,0,59,122,55
63757,ext_45ab3eaf,0,59,122,55
63757,ext_45c37b30,0,59,122,55
63757,ext_46df131e,0,59,122,55
63757,ext_488a1048,0,59,122,55
63757,ext_49b39286,0,59,122,55
63757,ext_4a50e2a5,0,59,122,55
63757,ext_4c3097fa,0,59,122,55
63757,ext_4cf44647,0,59,122,55
63757,ext_4dab672f,0,59,122,55
63757,ext_5015f59a,0,65,122,49
63757,ext_5321673e,0,63,122,51
63757,ext_53a039cc,0,59,122,55
63757,ext_54db5494,0,93,122,28
63757,ext_55ae19f4,0,59,122,55
63757,ext_56db1508,0,59,122,55
63757,ext_57d01e4b,0,59,122,55
63757,ext_5b9617ad,0,59,122,55
63757,ext_5fbb9486,0,37,58,11
63757,ext_6025141e,0,121,122,2
63757,ext_60dbccb0,0,110,122,13
63757,ext_6191f752,0,59,122,55
63757,ext_63682a02,0,116,122,7
63757,ext_66d8c842,0,110,122,13
63757,ext_695c7967,0,59,122,55
63757,ext_6da89d48,0,59,122,55
63757,ext_6f677a96,0,43,58,8
63757,ext_7150dffd,0,59,114,47
63757,ext_729a9a11,0,59,122,55
63757,ext_734b24ff,0,96,122,25
63757,ext_737e191a,0,82,122,34
63757,ext_73bba6e9,0,59,122,55
63757,ext_74995e11,0,59,122,55
63757,ext_74d091eb,0,59,122,55
63757,ext_77f843b6,0,59,122,55
63757,ext_7a4a30e8,0,59,122,55
63757,ext_7ee84f7c,0,59,122,55
63757,ext_7f4a9ac5,0,59,122,55
63757,ext_811e1a42,0,59,122,55
63757,ext_81472ae0,0,59,122,55
63757,ext_82c351a8,0,59,122,55
63757,ext_82feeaf8,0,59,122,55
63757,ext_85df7e84,0,111,122,12
63757,ext_873de068,0,59,122,55
63757,ext_8742399a,0,59,122,55
63757,ext_89895620,0,59,122,55
63757,ext_89c1f3b7,0,59,122,55
63757,ext_8eb538ac,0,78,122,37
63757,ext_91478e50,0,59,122,55
63757,ext_938aebec,0,59,122,55
63757,ext_95b0d133,0,82,122,34
63757,ext_99a833fb,0,59,122,55
63757,ext_9af91854,0,110,122,13
63757,ext_9bb6324e,0,82,122,34
63757,ext_9bc7104a,0,59,122,55
63757,ext_9c6fe8a6,0,59,122,55
63757,ext_a1a6d5af,0,59,122,55
63757,ext_a21670b1,0,102,122,19
63757,ext_a222031c,0,59,122,55
63757,ext_a425e664,0,59,122,55
63757,ext_a68fab99,0,59,122,55
63757,ext_a83b6c1b,0,59,122,55
63757,ext_a9486211,0,59,122,55
63757,ext_a9cfe361,0,59,122,55
63757,ext_aad966ac,0,59,122,55
63757,ext_b1dddbc4,0,59,122,55
63757,ext_b413c3bf,0,59,122,55
63757,ext_b4474abf,0,59,122,55
63757,ext_b5d749d8,0,78,122,37
63757,ext_b67785ff,0,59,122,55
63757,ext_b7793153,0,115,122,8
63757,ext_b8dd87fb,0,59,122,55
63757,ext_ba8511a6,0,59,122,55
63757,ext_bad44ab2,0,59,122,55
63757,ext_bb89c2e9,0,110,122,13
63757,ext_c4d2867b,0,115,122,8
63757,ext_c5fd0f3a,0,59,122,55
63757,ext_c6c6d8e1,0,65,122,49
63757,ext_c8c777f0,0,59,122,55
63757,ext_cb3a9781,0,59,122,55
63757,ext_cc3f0a56,0,112,122,11
63757,ext_ce283529,0,59,122,55
63757,ext_cf380dff,0,59,84,24
63757,ext_d1b9a8d2,0,59,92,27
63757,ext_d39df99d,0,59,122,55
63757,ext_d3bfcb46,0,90,122,31
63757,ext_d586e07e,0,59,122,55
63757,ext_d7c45a86,0,61,122,53
63757,ext_d833413b,0,65,122,49
63757,ext_dce9245b,0,59,122,55
63757,ext_dd916004,0,59,122,55
63757,ext_e0cc1535,0,59,122,55
63757,ext_e179d48d,0,59,122,55
63757,ext_e2d2c966,0,59,122,55
63757,ext_e44d93fd,0,61,122,53
63757,ext_e534db42,0,112,122,11
63757,ext_e5d82221,0,118,122,5
63757,ext_e67542fa,0,82,122,34
63757,ext_e6cd50b8,0,59,122,55
63757,ext_e6db2f5d,0,99,122,22
63757,ext_e8bbaa2a,0,59,122,55
63757,ext_e90d3a86,0,59,122,55
63757,ext_e9c940e2,0,59,122,55
63757,ext_ebd7a9be,0,59,122,55
63757,ext_ee14f662,0,116,122,7
63757,ext_f0044ed2,0,59,122,55
63757,ext_f0cb642f,0,59,122,50
63757,ext_f26fc85a,0,59,122,55
63757,ext_f7fb33ea,0,59,122,55
63757,ext_fc65f237,0,110,122,13
63757,ext_fe27a0b3,0,59,122,55
63757,ext_fe987219,0,59,122,55
63757,ext_ff1cf050,0,111,122,12
63757,ext_ff2d85a0,0,59,122,55
63817,37617,1,59,62,4
63817,38823,1,59,62,4
63817,60482,1,59,62,4
63817,63817,1,59,62,4
63817,69065,1,59,62,4
63817,ext_03d56127,0,59,62,4
63817,ext_070f6aed,0,59,62,4
63817,ext_071e9f40,0,59,62,4
63817,ext_0e973045,0,59,62,4
63817,ext_10438141,0,59,62,4
63817,ext_12140ed6,0,59,62,4
63817,ext_13d410ec,0,59,62,4
63817,ext_145f9824,0,59,62,4
63817,ext_163a43b0,0,59,62,4
63817,ext_1d4c0315,0,59,62,4
63817,ext_1dfa69ea,0,59,62,4
63817,ext_26a3e94f,0,59,62,4
63817,ext_27ccd7fc,0,59,62,4
63817,ext_28c274e7,0,59,62,4
63817,ext_2e589ca2,0,59,62,4
63817,ext_2f3fd6ed,0,59,62,4
63817,ext_2f8b4065,0,59,62,4
63817,ext_3282fc4c,0,59,62,4
63817,ext_32a3a5cd,0,59,62,4
63817,ext_361b4ed7,0,59,62,4
63817,ext_37e208b9,0,59,62,4
63817,ext_42e02d6d,0,59,62,4
63817,ext_47d18bbc,0,59,62,4
63817,ext_47ec7f44,0,59,62,4
63817,ext_50a6cb30,0,59,62,4
63817,ext_52eaca3c,0,59,62,4
63817,ext_55656cd1,0,59,62,4
63817,ext_55b26ef6,0,59,62,4
63817,ext_57e2e17f,0,59,62,4
63817,ext_5a7cfbf6,0,59,62,4
63817,ext_5c282e80,0,59,62,4
63817,ext_5e8b4223,0,59,62,4
63817,ext_5ff51818,0,59,62,4
63817,ext_60d5c26b,0,59,62,4
63817,ext_62e604f3,0,59,62,4
63817,ext_63f82d75,0,59,62,4
63817,ext_66c175d0,0,59,62,4
63817,ext_687b7a21,0,59,62,4
63817,ext_72c7db0e,0,60,62,3
63817,ext_75c1b7a9,0,59,62,4
63817,ext_7cbff7b1,0,59,62,4
63817,ext_7dbbaa80,0,59,62,4
63817,ext_847cceaa,0,59,62,4
63817,ext_891513cb,0,59,62,4
63817,ext_9eb6139b,0,59,62,4
63817,ext_a2694081,0,59,62,4
63817,ext_a5094335,0,59,62,4
63817,ext_a50b37d1,0,59,62,4
63817,ext_a5e63782,0,59,62,4
63817,ext_b0fba4c2,0,59,62,4
63817,ext_b19f82ab,0,59,62,4
63817,ext_b23f801d,0,59,62,4
63817,ext_b2f50b6a,0,59,62,4
63817,ext_b4460ada,0,59,62,4
63817,ext_b95b5b67,0,59,62,4
63817,ext_bbac98af,0,59,62,4
63817,ext_bc7921b8,0,59,62,4
63817,ext_bd6406e9,0,59,62,4
63817,ext_bde9aeea,0,59,62,4
63817,ext_caad93d3,0,59,62,4
63817,ext_cb80bb25,0,59,62,4
63817,ext_cbe00c8d,0,59,62,4
63817,ext_ce807132,0,59,62,4
63817,ext_d5416abc,0,59,62,4
63817,ext_d637dd7d,0,59,62,4
63817,ext_d840edf1,0,59,62,4
63817,ext_d864691f,0,59,62,4
63817,ext_d86fd0ba,0,59,62,4
63817,ext_d8ab43c2,0,59,62,4
63817,ext_dddc4255,0,59,62,4
63817,ext_e13f1d7b,0,59,62,4
63817,ext_e7b271e0,0,59,62,4
63817,ext_f8b62024,0,59,62,4
63817,ext_fa9c3811,0,59,62,4
63817,ext_ff86a4dc,0,59,62,4
64772,25323,1,59,72,12
64772,45292,1,37,72,31
64772,64772,1,59,72,12
64772,66991,1,59,72,12
64772,74916,1,59,72,12
64772,80193,1,59,72,12
64772,ext_02ce6133,0,59,72,12
64772,ext_03a51cf8,0,59,72,12
64772,ext_088404cd,0,59,72,12
64772,ext_095e14bd,0,59,72,12
64772,ext_107876ad,0,59,72,12
64772,ext_10fbc7a0,0,59,72,12
64772,ext_1771abf9,0,59,72,12
64772,ext_19238823,0,59,72,12
64772,ext_19dd0436,0,59,72,12
64772,ext_1ae527e8,0,59,72,12
64772,ext_1cdb63f6,0,59,72,12
64772,ext_1dae24b7,0,59,72,12
64772,ext_1fe930c0,0,59,72,12
64772,ext_20298ee4,0,59,72,12
64772,ext_28936405,0,59,72,12
64772,ext_290947a2,0,59,72,12
64772,ext_2b084d8e,0,59,72,12
64772,ext_2b9691b7,0,59,72,12
64772,ext_2d257e4b,0,59,72,12
64772,ext_333d1487,0,59,72,12
64772,ext_336d6a1c,0,59,72,12
64772,ext_3636ea35,0,59,72,12
64772,ext_3790bee5,0,59,72,12
64772,ext_37f323f4,0,59,72,12
64772,ext_3f99eb3b,0,59,72,12
64772,ext_416ef834,0,59,72,12
64772,ext_41cfc292,0,59,72,12
64772,ext_45c37b30,0,59,72,12
64772,ext_462205be,0,59,72,12
64772,ext_46b7ae2a,0,59,72,12
64772,ext_490990cb,0,59,72,12
64772,ext_49780ceb,0,59,72,12
64772,ext_49f96a85,0,59,72,12
64772,ext_4c7acb49,0,59,72,12
64772,ext_4c7f8138,0,59,72,12
64772,ext_4cc456a1,0,59,72,12
64772,ext_587f8c13,0,59,72,12
64772,ext_5939aa18,0,59,72,12
64772,ext_5a087df3,0,59,72,12
64772,ext_5a52a13d,0,59,72,12
64772,ext_63f73550,0,59,72,12
64772,ext_66d620d4,0,59,72,12
64772,ext_675aecc0,0,59,72,12
64772,ext_6785f052,0,59,72,12
64772,ext_6860e8a2,0,59,72,12
64772,ext_6b677a37,0,59,72,12
64772,ext_6b8632df,0,59,72,12
64772,ext_6bb98184,0,59,72,12
64772,ext_6c3bffa0,0,59,72,12
64772,ext_6c980c0f,0,59,72,12
64772,ext_6c991d11,0,59,72,12
64772,ext_6f1f6946,0,59,72,12
64772,ext_720f7b87,0,59,72,12
64772,ext_72109aa2,0,59,72,12
64772,ext_72d450cb,0,59,72,12
64772,ext_73d64b92,0,59,72,12
64772,ext_74ae4fd6,0,59,72,12
64772,ext_7697d8a6,0,59,72,12
64772,ext_7bf979f3,0,59,72,12
64772,ext_7c6bac19,0,59,72,12
64772,ext_7cb60687,0,59,72,12
64772,ext_82aadf08,0,59,72,12
64772,ext_8433e910,0,59,72,12
64772,ext_866aa311,0,59,72,12
64772,ext_8ae04d8c,0,59,72,12
64772,ext_8ae1a897,0,59,72,12
64772,ext_8b48cd04,0,59,72,12
64772,ext_8b4fdebc,0,59,72,12
64772,ext_8b7ac4a0,0,59,72,12
64772,ext_8bcf34f9,0,59,72,12
64772,ext_8bec7a3e,0,59,72,12
64772,ext_8e23effa,0,59,72,12
64772,ext_8ff50d7c,0,59,72,12
64772,ext_947acc08,0,59,72,12
64772,ext_94a2d4e5,0,59,72,12
64772,ext_9bf28089,0,59,72,12
64772,ext_9c8fe2fc,0,59,72,12
64772,ext_9e1683ba,0,59,72,12
64772,ext_a14e4bae,0,59,72,12
64772,ext_a1f651cb,0,59,72,12
64772,ext_a4c5794c,0,59,72,12
64772,ext_a78d2a9b,0,59,72,12
64772,ext_aa935840,0,59,72,12
64772,ext_ab802b12,0,59,72,12
64772,ext_aec8b05d,0,59,72,12
64772,ext_b14416af,0,59,72,12
64772,ext_b1b16b69,0,59,72,12
64772,ext_b2ad5b36,0,59,72,12
64772,ext_b4730491,0,59,72,12
64772,ext_b5d749d8,0,59,72,12
64772,ext_bbcf1271,0,59,72,12
64772,ext_be405282,0,59,72,12
64772,ext_be48cfbb,0,59,72,12
64772,ext_c1d86eef,0,59,72,12
64772,ext_c3b6ef0c,0,59,72,12
64772,ext_c3d62acc,0,59,72,12
64772,ext_c47bd24b,0,59,72,12
64772,ext_c4f4ab21,0,59,72,12
64772,ext_c60155dc,0,59,72,12
64772,ext_c771d0ff,0,59,72,12
64772,ext_c9e48498,0,59,72,12
64772,ext_cb6e8925,0,59,72,12
64772,ext_d2202fa9,0,59,72,12
64772,ext_d8021216,0,59,72,12
64772,ext_d9481ae8,0,59,72,12
64772,ext_da7840d3,0,37,58,19
64772,ext_dd2a6139,0,59,72,12
64772,ext_de66e668,0,59,72,12
64772,ext_e25ce66d,0,59,72,12
64772,ext_e29be194,0,59,72,12
64772,ext_e778ece6,0,59,72,12
64772,ext_e98f8c6d,0,59,72,12
64772,ext_f1ac8d38,0,59,72,12
64772,ext_f383c6b0,0,59,72,12
64772,ext_f4b3f011,0,59,72,12
64772,ext_fb045d0a,0,59,72,12
64772,ext_fb99c295,0,59,72,12
64772,ext_fbb896e7,0,59,72,12
64772,ext_fdd665f3,0,59,72,12
64772,ext_fefc3fb2,0,59,72,12
64772,ext_ff89b295,0,59,72,12
65102,51102,1,60,60,1
65102,65102,1,60,60,1
65102,86610,1,60,60,1
65102,ext_00950fc2,0,60,60,1
65102,ext_0344ee49,0,60,60,1
65102,ext_0615c335,0,60,60,1
65102,ext_06d1a958,0,60,60,1
65102,ext_0839a1a5,0,60,60,1
65102,ext_09a3cb2e,0,60,60,1
65102,ext_0cd606f3,0,60,60,1
65102,ext_1061b2dc,0,60,60,1
65102,ext_10c16eb5,0,60,60,1
65102,ext_11090797,0,60,60,1
65102,ext_13c889d0,0,60,60,1
65102,ext_18be229f,0,60,60,1
65102,ext_1e572ecb,0,60,60,1
65102,ext_210d4f54,0,60,60,1
65102,ext_23a134e1,0,60,60,1
65102,ext_2657e7fd,0,60,60,1
65102,ext_288304bb,0,60,60,1
65102,ext_2a746f0a,0,60,60,1
65102,ext_2f9a5e55,0,60,60,1
65102,ext_32cc2682,0,60,60,1
65102,ext_33312131,0,60,60,1
65102,ext_34090da7,0,60,60,1
65102,ext_36b5c5cf,0,60,60,1
65102,ext_3833e761,0,60,60,1
65102,ext_3af4cf5b,0,60,60,1
65102,ext_3df9df1b,0,60,60,1
65102,ext_3e55e469,0,60,60,1
65102,ext_401529c9,0,60,60,1
65102,ext_40de8425,0,60,60,1
65102,ext_455b0e69,0,60,60,1
65102,ext_45c37b30,0,60,60,1
65102,ext_485b0640,0,60,60,1
65102,ext_4b6e853d,0,60,60,1
65102,ext_4ced07f0,0,60,60,1
65102,ext_4d96bb1a,0,60,60,1
65102,ext_4e19b778,0,60,60,1
65102,ext_4f68ab43,0,60,60,1
65102,ext_4f95ebdb,0,60,60,1
65102,ext_553e272e,0,60,60,1
65102,ext_5727eb40,0,60,60,1
65102,ext_57f56df3,0,60,60,1
65102,ext_5bd865ec,0,60,60,1
65102,ext_5c90392d,0,60,60,1
65102,ext_5cfd3a65,0,60,60,1
65102,ext_5e98828a,0,60,60,1
65102,ext_639e7712,0,60,60,1
65102,ext_63a218d4,0,60,60,1
65102,ext_6400bc05,0,60,60,1
65102,ext_65f3b59e,0,60,60,1
65102,ext_6704821c,0,60,60,1
65102,ext_68af66c2,0,60,60,1
65102,ext_6ed4974c,0,60,60,1
65102,ext_705dcf93,0,60,60,1
65102,ext_781454ce,0,60,60,1
65102,ext_79248e22,0,60,60,1
65102,ext_7fab5bb8,0,60,60,1
65102,ext_80089851,0,60,60,1
65102,ext_8051bc4b,0,60,60,1
65102,ext_8554296c,0,60,60,1
65102,ext_879d8a56,0,60,60,1
65102,ext_8c3bdb41,0,60,60,1
65102,ext_8d12d7e4,0,60,60,1
65102,ext_8d8d95d9,0,60,60,1
65102,ext_91d67cd1,0,60,60,1
65102,ext_964fee59,0,60,60,1
65102,ext_9856ea50,0,60,60,1
65102,ext_99288b16,0,60,60,1
65102,ext_9d7ac48c,0,60,60,1
65102,ext_a1c5d31e,0,60,60,1
65102,ext_a255b34c,0,60,60,1
65102,ext_a2b3dc9c,0,60,60,1
65102,ext_a3235af0,0,60,60,1
65102,ext_a3aa62dc,0,60,60,1
65102,ext_a3ef67b9,0,60,60,1
65102,ext_a8209cec,0,60,60,1
65102,ext_aa33513d,0,60,60,1
65102,ext_aaeaa260,0,60,60,1
65102,ext_ace64ec1,0,60,60,1
65102,ext_ae0ce90c,0,60,60,1
65102,ext_b2b66635,0,60,60,1
65102,ext_b7160e22,0,60,60,1
65102,ext_b79c851f,0,60,60,1
65102,ext_bc73f88c,0,60,60,1
65102,ext_bc8257ae,0,60,60,1
65102,ext_c13f2c50,0,60,60,1
65102,ext_c18b416a,0,60,60,1
65102,ext_c7401a3d,0,60,60,1
65102,ext_cc833f81,0,60,60,1
65102,ext_ccada457,0,60,60,1
65102,ext_d030d081,0,60,60,1
65102,ext_d0a1a61c,0,60,60,1
65102,ext_d5ce07cd,0,60,60,1
65102,ext_d748edd9,0,60,60,1
65102,ext_d85bac47,0,60,60,1
65102,ext_de516f43,0,60,60,1
65102,ext_de93ad1a,0,60,60,1
65102,ext_dec02746,0,60,60,1
65102,ext_df15a428,0,60,60,1
65102,ext_e1fac555,0,60,60,1
65102,ext_e345364d,0,60,60,1
65102,ext_e3734ee5,0,60,60,1
65102,ext_e6fcdc82,0,60,60,1
65102,ext_e8aec45d,0,60,60,1
65102,ext_eb1c29c2,0,60,60,1
65102,ext_eea707b9,0,60,60,1
65102,ext_f1bff3a3,0,60,60,1
65102,ext_f4176112,0,60,60,1
65102,ext_f5cc7f71,0,60,60,1
65102,ext_f645e04a,0,60,60,1
65102,ext_f9a00ba8,0,60,60,1
65102,ext_fbd4f61b,0,60,60,1
65102,ext_fcfc351a,0,60,60,1
65102,ext_fd9615dc,0,60,60,1
65102,ext_ffc6f0e6,0,60,60,1
66052,21350,1,59,88,27
66052,46584,1,59,117,51
66052,52067,1,59,125,56
66052,62555,1,63,117,47
66052,66052,1,59,125,57
66052,68494,1,108,111,4
66052,ext_00e562a8,0,101,111,11
66052,ext_014fcbaf,0,91,111,21
66052,ext_020c474a,0,59,125,61
66052,ext_023835af,0,59,125,55
66052,ext_03de5aef,0,59,125,63
66052,ext_0408987c,0,89,111,23
66052,ext_04e36976,0,102,111,10
66052,ext_052e4ad6,0,100,111,12
66052,ext_0781c164,0,88,111,24
66052,ext_0787a806,0,108,111,4
66052,ext_0797729c,0,108,111,4
66052,ext_07de20bb,0,59,125,57
66052,ext_084262a0,0,59,125,62
66052,ext_0861e572,0,59,117,51
66052,ext_08db16b7,0,106,111,6
66052,ext_08f3b846,0,59,117,51
66052,ext_0906f3e1,0,89,117,24
66052,ext_0910820f,0,59,125,63
66052,ext_0957f598,0,73,111,39
66052,ext_09e6d37e,0,59,125,63
66052,ext_0bbb93b8,0,98,111,14
66052,ext_0c2ca6e7,0,88,111,24
66052,ext_0c60f606,0,65,117,45
66052,ext_0caf091b,0,82,111,30
66052,ext_0d2a11e1,0,102,111,10
66052,ext_0d2f1119,0,65,117,45
66052,ext_0d489bd5,0,59,125,63
66052,ext_0d94cdbb,0,85,111,27
66052,ext_0dfb020f,0,73,111,39
66052,ext_0e0cada2,0,59,117,51
66052,ext_0e4124db,0,60,62,3
66052,ext_0e9c37f4,0,59,125,63
66052,ext_0ea6f282,0,99,111,13
66052,ext_0ee0701c,0,106,111,6
66052,ext_0f22c15d,0,77,117,36
66052,ext_0f40843d,0,59,125,63
66052,ext_0f8d07b3,0,59,117,51
66052,ext_0fd6b104,0,101,111,11
66052,ext_10a40bc6,0,74,117,39
66052,ext_10b1ea53,0,59,125,63
66052,ext_10f7cc33,0,92,107,16
66052,ext_1115ab27,0,59,125,63
66052,ext_1206b748,0,99,111,13
66052,ext_136825d4,0,106,111,6
66052,ext_137f88ba,0,74,117,39
66052,ext_13c9a31b,0,59,125,63
66052,ext_148a087b,0,59,125,58
66052,ext_14db01cf,0,74,111,38
66052,ext_14dc94dd,0,87,111,25
66052,ext_159b8213,0,94,111,18
66052,ext_165268fc,0,59,125,61
66052,ext_1724d702,0,110,111,2
66052,ext_17e78b75,0,94,111,18
66052,ext_17fa14d9,0,103,111,9
66052,ext_18bd1f84,0,67,111,38
66052,ext_1970a6fe,0,59,125,62
66052,ext_19854dae,0,59,111,50
66052,ext_19956b37,0,105,111,7
66052,ext_1a3d2772,0,60,111,42
66052,ext_1b0307de,0,73,117,40
66052,ext_1b2b304c,0,88,111,24
66052,ext_1bcec6ae,0,95,111,17
66052,ext_1bd4bc2b,0,91,111,21
66052,ext_1bf80e83,0,74,117,39
66052,ext_1c8a70aa,0,62,111,25
66052,ext_1cf26de2,0,90,111,22
66052,ext_1d295a5c,0,59,125,58
66052,ext_1d44a322,0,59,117,51
66052,ext_1d71b921,0,59,117,51
66052,ext_1ea0eaca,0,93,111,19
66052,ext_1ee9fc05,0,59,125,58
66052,ext_1f560e58,0,60,117,34
66052,ext_1f89293c,0,91,111,21
66052,ext_1f8f7017,0,90,111,22
66052,ext_1f95fbe0,0,105,111,7
66052,ext_1fc94d1c,0,60,117,48
66052,ext_20780937,0,59,125,63
66052,ext_21421149,0,59,117,51
66052,ext_21c3a480,0,77,111,35
66052,ext_22523b5a,0,59,125,58
66052,ext_231ad1cf,0,88,111,24
66052,ext_2325d047,0,59,117,51
66052,ext_24cb68ba,0,59,125,61
66052,ext_25b67db1,0,62,111,44
66052,ext_262935fc,0,59,125,58
66052,ext_26449180,0,59,125,63
66052,ext_26563676,0,60,111,33
66052,ext_2663268f,0,81,111,31
66052,ext_26bfd938,0,61,117,49
66052,ext_26ef5ed7,0,59,117,51
66052,ext_275247fa,0,61,117,49
66052,ext_277e12f3,0,89,111,23
66052,ext_291bc07b,0,60,117,50
66052,ext_2959d9f9,0,105,111,7
66052,ext_29b71067,0,106,111,6
66052,ext_2a1eab4b,0,94,111,18
66052,ext_2a7fa0ad,0,85,111,27
66052,ext_2aaa2700,0,79,111,33
66052,ext_2bb10cc7,0,59,117,51
66052,ext_2bd13b14,0,106,111,6
66052,ext_2e17f5b1,0,109,111,3
66052,ext_2e28edda,0,106,111,6
66052,ext_2f6f72cf,0,108,111,4
66052,ext_304c72d9,0,91,111,21
66052,ext_30a745a7,0,82,111,30
66052,ext_3177f561,0,59,125,62
66052,ext_31925bc3,0,89,111,23
66052,ext_3261763a,0,80,111,32
66052,ext_331adb93,0,92,111,20
66052,ext_346569cb,0,93,111,19
66052,ext_34689e61,0,65,117,45
66052,ext_34a56dd1,0,109,111,3
66052,ext_3622c9d5,0,106,111,6
66052,ext_36f6d4d8,0,97,111,15
66052,ext_3703ff10,0,59,117,51
66052,ext_376f8d73,0,59,125,57
66052,ext_37742833,0,59,125,63
66052,ext_37d4bf57,0,59,125,55
66052,ext_383f259a,0,98,111,14
66052,ext_38528eb9,0,101,111,11
66052,ext_3898b626,0,82,111,30
66052,ext_38e2aaa8,0,95,101,7
66052,ext_397a2aec,0,90,111,22
66052,ext_39c0f1a2,0,94,111,18
66052,ext_39c35d8b,0,65,117,45
66052,ext_39daa412,0,106,111,6
66052,ext_3a16250d,0,60,111,47
66052,ext_3a8b03e1,0,59,125,63
66052,ext_3aaea448,0,106,111,6
66052,ext_3be0b8e2,0,79,111,33
66052,ext_3c4d25a3,0,59,117,51
66052,ext_3c504c79,0,59,125,57
66052,ext_3c8e5a45,0,59,117,51
66052,ext_3d082ce2,0,59,117,51
66052,ext_3dbf88d1,0,78,111,34
66052,ext_3e3a6979,0,95,111,17
66052,ext_3f0840eb,0,102,111,10
66052,ext_3f373988,0,100,111,12
66052,ext_40b29a8c,0,60,117,50
66052,ext_412591fc,0,67,117,43
66052,ext_41a65fdd,0,79,111,33
66052,ext_42137c14,0,87,111,25
66052,ext_42826d5f,0,103,111,9
66052,ext_42b23e59,0,108,111,4
66052,ext_4326a0a3,0,59,117,51
66052,ext_43ef4d81,0,59,125,63
66052,ext_445c3475,0,97,111,15
66052,ext_44787027,0,106,111,6
66052,ext_45086611,0,99,111,13
66052,ext_4543dd93,0,95,111,17
66052,ext_459e9528,0,106,111,6
66052,ext_45cac457,0,59,125,63
66052,ext_4603a809,0,59,125,63
66052,ext_460a943e,0,61,117,45
66052,ext_463f0ec2,0,61,117,49
66052,ext_46c3793c,0,90,111,22
66052,ext_47d19af6,0,60,120,25
66052,ext_47d67a92,0,78,111,34
66052,ext_47db48a7,0,108,111,4
66052,ext_48327b31,0,65,117,45
66052,ext_485561f1,0,59,117,51
66052,ext_4870bdb6,0,93,111,19
66052,ext_48c6a192,0,65,117,45
66052,ext_4908848c,0,69,117,41
66052,ext_4a15fdeb,0,59,125,63
66052,ext_4a56c32f,0,59,117,51
66052,ext_4a63f1c9,0,59,117,51
66052,ext_4c699859,0,59,125,63
66052,ext_4e54a507,0,59,125,61
66052,ext_4eb4ddb2,0,59,117,51
66052,ext_4f2b2919,0,101,111,11
66052,ext_502e3faf,0,106,111,6
66052,ext_505002e1,0,62,111,39
66052,ext_50b3633a,0,59,125,61
66052,ext_50dcc860,0,85,111,27
66052,ext_50f901be,0,89,125,36
66052,ext_51406e36,0,59,125,63
66052,ext_51ab5f28,0,102,111,10
66052,ext_52463d7c,0,89,111,23
66052,ext_52ebe917,0,59,117,51
66052,ext_53f0b667,0,92,111,20
66052,ext_54536a90,0,59,125,63
66052,ext_549390f3,0,84,111,28
66052,ext_54da213d,0,61,117,49
66052,ext_55290622,0,59,125,59
66052,ext_553620fb,0,60,120,40
66052,ext_55e125cd,0,88,111,24
66052,ext_5605e1cf,0,104,111,8
66052,ext_561dd34c,0,106,111,6
66052,ext_587cb88c,0,73,117,40
66052,ext_594c1fe7,0,94,111,18
66052,ext_595e7bd8,0,82,111,30
66052,ext_59c0fbc4,0,109,111,3
66052,ext_59ce2a01,0,59,125,63
66052,ext_59fd1e8c,0,59,79,18
66052,ext_5a51621e,0,99,111,13
66052,ext_5adb1198,0,65,117,45
66052,ext_5aed0ec0,0,106,111,6
66052,ext_5b18775b,0,59,104,43
66052,ext_5b3c7db8,0,88,111,24
66052,ext_5baefc9c,0,59,122,53
66052,ext_5bc561a9,0,102,111,10
66052,ext_5c107f03,0,59,125,63
66052,ext_5c282e80,0,59,125,61
66052,ext_5cafb89a,0,59,125,58
66052,ext_5d266eb2,0,59,125,58
66052,ext_5e4d3f76,0,96,111,16
66052,ext_5e7d2feb,0,59,125,58
66052,ext_5ead0482,0,95,111,17
66052,ext_5eb2a2c0,0,59,125,58
66052,ext_5ece078b,0,82,111,30
66052,ext_5f573f07,0,59,125,58
66052,ext_6024520f,0,65,117,45
66052,ext_605aa659,0,102,111,10
66052,ext_60721d1a,0,93,111,19
66052,ext_60dbccb0,0,87,111,25
66052,ext_60e3b93d,0,91,111,21
66052,ext_6157c388,0,59,116,54
66052,ext_61ba173e,0,59,125,63
66052,ext_61dbc6b0,0,59,125,59
66052,ext_62c4393b,0,74,117,39
66052,ext_63d57c3e,0,83,111,29
66052,ext_63f59318,0,110,111,2
66052,ext_63f9e5f9,0,61,117,44
66052,ext_6549e45c,0,99,111,13
66052,ext_655b234b,0,106,111,6
66052,ext_65739672,0,61,117,49
66052,ext_6643261e,0,76,117,37
66052,ext_667324c0,0,59,125,57
66052,ext_66a02051,0,59,125,58
66052,ext_66dd51ca,0,108,111,4
66052,ext_6732b14e,0,105,111,7
66052,ext_673ce87d,0,59,117,51
66052,ext_6761555a,0,110,111,2
66052,ext_67b445d7,0,108,111,4
66052,ext_68628d87,0,59,117,51
66052,ext_6864ce74,0,59,125,55
66052,ext_69647897,0,87,111,25
66052,ext_6a63f357,0,59,122,53
66052,ext_6a98ba08,0,100,111,12
66052,ext_6ac55bc1,0,76,117,37
66052,ext_6acf0970,0,91,111,21
66052,ext_6afc00fd,0,59,125,58
66052,ext_6b40d592,0,59,111,47
66052,ext_6c0f3a4c,0,90,111,22
66052,ext_6c10be96,0,59,125,63
66052,ext_6cbff2a5,0,79,111,33
66052,ext_6d64dda3,0,108,111,4
66052,ext_6d6514dc,0,59,125,63
66052,ext_6ecc5057,0,79,111,33
66052,ext_6ecf74f4,0,106,111,6
66052,ext_6f01c393,0,59,125,61
66052,ext_6f19ef8e,0,59,125,55
66052,ext_6f4f9a62,0,106,111,6
66052,ext_70a58977,0,60,117,50
66052,ext_711b983a,0,104,111,8
66052,ext_71ccc09c,0,59,125,63
66052,ext_72cf33ca,0,59,125,61
66052,ext_72e06894,0,88,111,24
66052,ext_730aa90f,0,59,125,63
66052,ext_7380bd23,0,101,111,11
66052,ext_74201c8c,0,96,111,16
66052,ext_7428ce8c,0,77,111,35
66052,ext_7450ba34,0,94,94,1
66052,ext_74561ca0,0,94,111,11
66052,ext_7459e990,0,59,117,51
66052,ext_748c0464,0,59,125,58
66052,ext_74b94881,0,82,111,30
66052,ext_75b0ec35,0,59,125,63
66052,ext_75baaec6,0,59,117,51
66052,ext_760362fd,0,101,111,11
66052,ext_7627f44f,0,60,111,27
66052,ext_76286d71,0,95,111,17
66052,ext_76c85d9e,0,59,125,58
66052,ext_77235df2,0,59,117,51
66052,ext_77e01479,0,88,111,24
66052,ext_77f458db,0,86,111,26
66052,ext_78743bf3,0,59,125,63
66052,ext_788b235d,0,81,111,31
66052,ext_79145ed5,0,94,111,18
66052,ext_7925962c,0,85,111,27
66052,ext_796f6280,0,59,125,62
66052,ext_79ac8434,0,81,111,31
66052,ext_7af631c5,0,59,125,54
66052,ext_7b613675,0,78,120,40
66052,ext_7bae8ad3,0,59,117,51
66052,ext_7c85fbe2,0,90,111,22
66052,ext_7caffa56,0,74,78,5
66052,ext_7d7cf1ae,0,87,111,25
66052,ext_7dec0a13,0,77,111,35
66052,ext_7f258183,0,106,111,6
66052,ext_7f3b9e1e,0,93,98,6
66052,ext_7f472d5a,0,94,111,18
66052,ext_7f54498d,0,106,111,6
66052,ext_7f6ff077,0,59,117,51
66052,ext_8029e6b2,0,85,111,27
66052,ext_8043fb5c,0,59,117,51
66052,ext_8056915b,0,89,111,23
66052,ext_808ed21b,0,108,111,4
66052,ext_80a28b97,0,77,104,28
66052,ext_80f64420,0,59,125,63
66052,ext_811b98f0,0,59,125,57
66052,ext_812009f8,0,66,117,44
66052,ext_81ef0c90,0,59,125,61
66052,ext_8204b292,0,59,125,62
66052,ext_825bb225,0,97,111,15
66052,ext_8321fb53,0,64,117,46
66052,ext_83993908,0,59,111,50
66052,ext_841fc244,0,95,99,5
66052,ext_84239b26,0,106,111,6
66052,ext_84905b7d,0,61,117,49
66052,ext_8499081b,0,96,111,16
66052,ext_84b1b25b,0,59,125,63
66052,ext_84b31689,0,109,111,3
66052,ext_8502bfd2,0,106,111,6
66052,ext_8528b6ab,0,59,125,63
66052,ext_85c06a98,0,59,125,58
66052,ext_86388003,0,101,111,11
66052,ext_86534742,0,95,111,17
66052,ext_86cdf4f8,0,59,125,63
66052,ext_86d0ce07,0,94,111,18
66052,ext_874e00ef,0,98,111,14
66052,ext_87d2ef58,0,90,111,22
66052,ext_880d3d8c,0,59,125,60
66052,ext_880df9c0,0,59,125,63
66052,ext_881c919f,0,90,111,22
66052,ext_88a0ae83,0,61,117,49
66052,ext_8931e97d,0,60,117,50
66052,ext_896eeb8c,0,62,117,48
66052,ext_8a110e49,0,59,117,51
66052,ext_8b1d34b4,0,61,117,49
66052,ext_8b769917,0,59,125,63
66052,ext_8c14a423,0,63,117,47
66052,ext_8c2a5eba,0,91,111,21
66052,ext_8c3e933a,0,67,117,30
66052,ext_8c8e7ee1,0,94,111,18
66052,ext_8d2c15f1,0,84,111,28
66052,ext_8d4d9105,0,60,117,45
66052,ext_8fcd57a8,0,81,111,31
66052,ext_903816e2,0,85,111,27
66052,ext_90567dcb,0,59,125,63
66052,ext_90899422,0,59,125,57
66052,ext_90a5d458,0,108,111,4
66052,ext_91b5129f,0,108,111,4
66052,ext_9316fd86,0,95,111,17
66052,ext_933f8690,0,73,117,40
66052,ext_935ef1bc,0,90,111,22
66052,ext_937e2d6f,0,59,125,63
66052,ext_93887104,0,59,125,63
66052,ext_9453c408,0,59,125,58
66052,ext_94b884a3,0,103,111,9
66052,ext_94bcce4e,0,82,111,30
66052,ext_951fe30b,0,89,111,23
66052,ext_95a33841,0,61,117,49
66052,ext_95edac01,0,83,111,29
66052,ext_95fe661b,0,59,117,51
66052,ext_96feafcd,0,59,125,63
66052,ext_97164228,0,88,111,24
66052,ext_97495eb7,0,106,111,6
66052,ext_975fac19,0,102,111,10
66052,ext_97c8fd3d,0,61,67,7
66052,ext_98250de4,0,59,125,60
66052,ext_98bd79ea,0,99,111,13
66052,ext_990538c4,0,102,111,10
66052,ext_992e2a9e,0,69,117,41
66052,ext_992f5fc6,0,106,111,6
66052,ext_99568c17,0,59,125,58
66052,ext_995b5d74,0,105,111,7
66052,ext_99607763,0,109,111,3
66052,ext_9a68ef22,0,59,125,58
66052,ext_9a99a63c,0,81,111,31
66052,ext_9aa61d7b,0,102,111,10
66052,ext_9b544354,0,64,117,46
66052,ext_9ba6bd2a,0,59,125,57
66052,ext_9bf28089,0,111,111,1
66052,ext_9de9d32c,0,63,117,47
66052,ext_9dffff9f,0,68,117,42
66052,ext_9ebda160,0,83,111,29
66052,ext_9f468b9c,0,88,111,24
66052,ext_9f54a59b,0,83,111,29
66052,ext_9f5e0a9f,0,59,125,63
66052,ext_9fefdc50,0,102,111,10
66052,ext_a087c0c2,0,92,111,20
66052,ext_a092c6f8,0,59,125,58
66052,ext_a15e8e77,0,110,111,2
66052,ext_a1e32468,0,59,125,58
66052,ext_a2b99b70,0,88,111,24
66052,ext_a33c6871,0,59,125,63
66052,ext_a3835914,0,88,111,24
66052,ext_a3ad116e,0,98,111,14
66052,ext_a3bc5c66,0,65,117,45
66052,ext_a44f5d17,0,74,117,39
66052,ext_a4e15f8d,0,89,111,23
66052,ext_a4f5190b,0,59,125,63
66052,ext_a5094335,0,88,111,24
66052,ext_a5b7c030,0,93,111,19
66052,ext_a5ba51d2,0,95,111,17
66052,ext_a6435d4f,0,59,125,63
66052,ext_a6e92d7c,0,59,117,51
66052,ext_a76a746d,0,82,111,30
66052,ext_a90ffd42,0,94,111,18
66052,ext_aa0d060c,0,59,125,58
66052,ext_aa5ae49f,0,110,111,2
66052,ext_aa5f736e,0,62,78,14
66052,ext_aa65c561,0,59,125,58
66052,ext_aac6de2e,0,73,117,40
66052,ext_ac3a83fa,0,59,117,51
66052,ext_ace1a62f,0,59,111,44
66052,ext_ad0da163,0,63,117,47
66052,ext_ad1cde2a,0,87,88,2
66052,ext_ad3b2014,0,100,111,12
66052,ext_adda15e3,0,59,125,63
66052,ext_af5739a4,0,101,111,11
66052,ext_b00089b8,0,76,117,37
66052,ext_b197a4dd,0,105,111,7
66052,ext_b1b17276,0,109,111,3
66052,ext_b1f3b79b,0,99,111,13
66052,ext_b1f46ffc,0,74,111,38
66052,ext_b26bce0f,0,101,111,11
66052,ext_b2f2fca9,0,107,111,5
66052,ext_b375846f,0,87,111,25
66052,ext_b3c7cf50,0,59,125,58
66052,ext_b4216f71,0,85,111,27
66052,ext_b44b250d,0,59,125,63
66052,ext_b46544c1,0,60,111,38
66052,ext_b499e146,0,59,125,63
66052,ext_b4a91f21,0,84,111,28
66052,ext_b4e933c4,0,59,125,62
66052,ext_b57aa8d8,0,59,125,63
66052,ext_b5b405a8,0,108,111,4
66052,ext_b675a148,0,59,125,61
66052,ext_b6adc1eb,0,59,117,51
66052,ext_b77f9b09,0,106,111,6
66052,ext_b785c93b,0,59,117,51
66052,ext_b8dd87fb,0,89,111,23
66052,ext_b8fa1c88,0,74,117,39
66052,ext_b8fe8802,0,86,111,26
66052,ext_b99fbc77,0,59,125,58
66052,ext_b9b77edc,0,73,117,40
66052,ext_ba2c6040,0,106,111,6
66052,ext_ba78b058,0,95,111,17
66052,ext_ba8fc203,0,91,111,21
66052,ext_ba9f79ed,0,59,125,63
66052,ext_bb023af1,0,59,117,51
66052,ext_bb92cdc7,0,93,111,19
66052,ext_bbb9e239,0,93,111,19
66052,ext_bbef8d52,0,59,125,61
66052,ext_bc14d7f0,0,59,125,55
66052,ext_bc8257ae,0,59,125,63
66052,ext_bc9abd66,0,59,125,63
66052,ext_bcc5905a,0,95,111,17
66052,ext_bce9836e,0,106,111,6
66052,ext_bd0ef9a7,0,102,111,10
66052,ext_bea67748,0,59,125,58
66052,ext_beedf99b,0,105,111,7
66052,ext_bf65cd31,0,102,111,10
66052,ext_bfa34517,0,61,117,49
66052,ext_c012a14e,0,59,117,51
66052,ext_c06e78d7,0,100,111,12
66052,ext_c0e7e7b9,0,103,111,9
66052,ext_c120c0e6,0,90,111,22
66052,ext_c191ba96,0,59,125,58
66052,ext_c2753c2a,0,96,111,16
66052,ext_c3b1e2d9,0,59,125,63
66052,ext_c3b48309,0,93,111,19
66052,ext_c3ee0c79,0,65,117,45
66052,ext_c418e7be,0,85,104,20
66052,ext_c4cbbc88,0,103,111,9
66052,ext_c4ea5251,0,87,111,25
66052,ext_c5528efe,0,59,125,61
66052,ext_c706860a,0,95,111,17
66052,ext_c761122a,0,109,111,3
66052,ext_c7d6d5b4,0,75,111,37
66052,ext_c8141804,0,94,111,18
66052,ext_c84f7d9e,0,109,111,3
66052,ext_ca0eebae,0,60,117,50
66052,ext_ce33842a,0,59,125,57
66052,ext_ce428c56,0,88,111,24
66052,ext_ce49c793,0,59,125,55
66052,ext_ce8063e8,0,59,125,55
66052,ext_ce9ba665,0,59,125,63
66052,ext_cf016e93,0,106,111,6
66052,ext_cf3eb42a,0,100,111,12
66052,ext_cf645336,0,109,111,3
66052,ext_cf8c8635,0,59,117,51
66052,ext_cf9890c7,0,59,125,63
66052,ext_cfdf6505,0,59,122,53
66052,ext_cff12840,0,59,125,61
66052,ext_d09cee42,0,60,111,36
66052,ext_d0bf9eed,0,59,125,63
66052,ext_d2c438e6,0,102,111,10
66052,ext_d2cd55d6,0,59,117,51
66052,ext_d33cb78b,0,102,117,11
66052,ext_d36ceddf,0,59,125,59
66052,ext_d39d3aa6,0,59,125,61
66052,ext_d44afedb,0,59,125,63
66052,ext_d511f696,0,62,78,13
66052,ext_d512ad72,0,91,111,21
66052,ext_d5a5e85e,0,59,125,61
66052,ext_d6b22e33,0,106,111,6
66052,ext_d6bb927d,0,59,117,51
66052,ext_d7077fd2,0,59,125,57
66052,ext_d765e675,0,59,125,58
66052,ext_d7beb340,0,95,111,17
66052,ext_d7cef3a3,0,59,125,63
66052,ext_d83ef327,0,61,117,49
66052,ext_d95a723e,0,73,117,40
66052,ext_dbe6591a,0,61,117,49
66052,ext_dc20e6d9,0,59,125,63
66052,ext_dc6d362d,0,60,111,35
66052,ext_dcc4ee76,0,65,117,45
66052,ext_ddbb679f,0,96,111,16
66052,ext_ddd41088,0,105,111,7
66052,ext_dea0ef16,0,88,111,24
66052,ext_df172424,0,89,111,23
66052,ext_df21ec41,0,61,117,49
66052,ext_df512d2c,0,102,111,10
66052,ext_df5ab93c,0,73,117,40
66052,ext_dfd45f60,0,103,111,9
66052,ext_dfdccf90,0,61,117,49
66052,ext_e04a0c27,0,102,111,10
66052,ext_e0e2fb6f,0,111,111,1
66052,ext_e0e61625,0,59,125,59
66052,ext_e12a42ab,0,106,111,6
66052,ext_e16dcfe8,0,73,117,40
66052,ext_e225ca31,0,60,111,32
66052,ext_e2a562c3,0,61,117,49
66052,ext_e2bea395,0,106,111,6
66052,ext_e2e6acb5,0,103,111,9
66052,ext_e4d9b15b,0,87,111,25
66052,ext_e50e8991,0,60,111,28
66052,ext_e55deeeb,0,110,111,2
66052,ext_e6135c22,0,102,111,10
66052,ext_e61722a0,0,59,117,51
66052,ext_e6a5c377,0,59,125,56
66052,ext_e721c6e8,0,106,111,6
66052,ext_e7732dec,0,106,111,6
66052,ext_e7abdad0,0,59,117,51
66052,ext_e7b271e0,0,97,111,15
66052,ext_e93dff0d,0,73,117,40
66052,ext_e981b6a7,0,97,111,15
66052,ext_e988e032,0,82,111,30
66052,ext_e99a4861,0,80,80,1
66052,ext_e9fb95f5,0,111,111,1
66052,ext_eb4f6a47,0,83,111,29
66052,ext_ec3a3e42,0,110,111,2
66052,ext_ec440926,0,59,125,63
66052,ext_ecac8c1c,0,59,75,14
66052,ext_ed76f2cb,0,59,125,63
66052,ext_ed7ea448,0,59,125,57
66052,ext_ed8e4d32,0,64,117,46
66052,ext_edf63c3e,0,61,117,49
66052,ext_ee3f52d0,0,95,111,17
66052,ext_ee631dbf,0,62,117,48
66052,ext_eecc8c88,0,93,111,19
66052,ext_ef40fbe6,0,59,125,63
66052,ext_ef432127,0,79,111,33
66052,ext_efa94ea5,0,63,117,47
66052,ext_f08dbf27,0,59,125,63
66052,ext_f08fd0c4,0,106,111,6
66052,ext_f23c3b05,0,59,125,63
66052,ext_f2507c11,0,106,111,6
66052,ext_f40bed62,0,59,125,58
66052,ext_f4893258,0,61,117,49
66052,ext_f553a11d,0,86,111,26
66052,ext_f588ac68,0,106,111,6
66052,ext_f5b802a0,0,60,61,2
66052,ext_f64d6be9,0,59,125,58
66052,ext_f6679c85,0,105,111,7
66052,ext_f67cf6ed,0,59,125,57
66052,ext_f6877ec7,0,98,111,14
66052,ext_f6b8877b,0,93,111,19
66052,ext_f6f1b9d6,0,101,111,11
66052,ext_f74b5b1c,0,83,111,29
66052,ext_f84adaae,0,59,104,43
66052,ext_f85fbb03,0,59,125,63
66052,ext_f879853c,0,73,117,40
66052,ext_f9bfa6be,0,64,111,45
66052,ext_fa59be49,0,66,117,44
66052,ext_fa66e06e,0,106,111,6
66052,ext_fad6423f,0,68,117,42
66052,ext_fc0eda21,0,59,125,58
66052,ext_fc62d170,0,104,111,8
66052,ext_fd05a996,0,105,111,7
66052,ext_fd0dd6db,0,59,117,51
66052,ext_fdcadd86,0,94,94,1
66052,ext_fdf5e729,0,100,111,12
66052,ext_fdfdedc1,0,59,125,63
66052,ext_fe20407a,0,68,117,42
66052,ext_fe3146ae,0,61,117,49
66052,ext_fe45597d,0,83,111,29
66052,ext_fee3bf72,0,59,111,42
66052,ext_fefb90e2,0,59,125,59
66052,ext_fefd73bd,0,59,125,63
66052,ext_ff86a4dc,0,59,125,58
66245,48429,1,71,190,84
66245,66245,1,71,190,83
66245,68494,1,179,183,5
66245,77023,1,126,183,43
66245,79877,1,71,183,81
66245,ext_010f579c,0,131,183,40
66245,ext_02e9f044,0,82,183,78
66245,ext_043fc564,0,129,183,42
66245,ext_052e4ad6,0,71,190,82
66245,ext_0758e652,0,176,183,7
66245,ext_0a0d3a3a,0,98,183,67
66245,ext_0a39eeea,0,129,183,42
66245,ext_0aa0d40c,0,82,183,78
66245,ext_0b18b9ca,0,71,183,81
66245,ext_0bc753e3,0,71,142,52
66245,ext_0cbdee80,0,71,190,82
66245,ext_0d9e5e6d,0,71,190,83
66245,ext_0decd9b3,0,71,190,82
66245,ext_10974166,0,71,190,83
66245,ext_13f852d1,0,71,183,81
66245,ext_14c956a5,0,71,183,81
66245,ext_16267d1a,0,71,190,82
66245,ext_17555e82,0,71,183,81
66245,ext_18693509,0,165,183,16
66245,ext_18950c1c,0,74,183,79
66245,ext_1a2c274c,0,71,190,82
66245,ext_1b773f89,0,71,183,81
66245,ext_1c33df11,0,123,146,21
66245,ext_1c7eae6f,0,71,190,82
66245,ext_1d210b66,0,95,183,70
66245,ext_20514a55,0,155,183,24
66245,ext_218b4b44,0,71,183,81
66245,ext_21b99722,0,71,190,82
66245,ext_224b2bb8,0,161,183,20
66245,ext_24ad44dd,0,133,183,38
66245,ext_24f225b6,0,71,190,83
66245,ext_25d5d187,0,71,190,82
66245,ext_2689ec78,0,138,183,34
66245,ext_27f58231,0,139,183,33
66245,ext_2ad1d6ec,0,109,183,60
66245,ext_2bba1303,0,91,183,74
66245,ext_2f4338ab,0,82,183,78
66245,ext_2fe1ef0b,0,74,183,79
66245,ext_314bdab4,0,71,190,82
66245,ext_345735e6,0,138,183,34
66245,ext_357aabc0,0,122,183,47
66245,ext_35b260b2,0,71,190,82
66245,ext_38b27014,0,92,183,73
66245,ext_3a39030a,0,82,183,78
66245,ext_3ac7d2cb,0,162,183,19
66245,ext_3b639231,0,71,190,82
66245,ext_3b69fbee,0,142,183,30
66245,ext_3b74165e,0,82,183,78
66245,ext_3bc38b46,0,130,183,41
66245,ext_3d082ce2,0,71,183,81
66245,ext_4010025f,0,71,190,82
66245,ext_409e168e,0,71,190,82
66245,ext_45cac457,0,169,183,14
66245,ext_46136a80,0,71,190,82
66245,ext_4746b615,0,159,183,22
66245,ext_48e0d611,0,71,190,82
66245,ext_493990c5,0,71,190,84
66245,ext_4a645f3e,0,71,190,82
66245,ext_4d53061e,0,174,183,9
66245,ext_5171e053,0,129,183,42
66245,ext_51e604eb,0,71,183,81
66245,ext_51f82726,0,91,183,74
66245,ext_53ebc042,0,71,190,83
66245,ext_541c59da,0,159,183,22
66245,ext_5440f89f,0,178,183,6
66245,ext_545e3afd,0,129,190,44
66245,ext_56b8eae9,0,74,183,79
66245,ext_578da9e6,0,160,183,21
66245,ext_57ae85d8,0,71,190,84
66245,ext_5973afc2,0,172,183,11
66245,ext_59751f54,0,170,183,13
66245,ext_5bf600dc,0,124,168,29
66245,ext_5cf41aa3,0,135,183,37
66245,ext_5d72164f,0,74,183,79
66245,ext_5e4c2fb8,0,129,183,42
66245,ext_5e854bf6,0,71,190,82
66245,ext_5ebb5750,0,169,169,1
66245,ext_601b2773,0,91,183,74
66245,ext_655adf34,0,71,190,82
66245,ext_6606133c,0,92,183,73
66245,ext_6ac92bd5,0,71,190,82
66245,ext_6b13c83c,0,74,183,79
66245,ext_6b4baf90,0,165,183,17
66245,ext_6fbbce75,0,129,183,42
66245,ext_7212cd20,0,82,183,78
66245,ext_72c92879,0,71,190,82
66245,ext_748da29b,0,71,183,81
66245,ext_75d35e56,0,71,190,82
66245,ext_77f8db1f,0,142,183,30
66245,ext_79be5d94,0,161,183,20
66245,ext_7ab96a19,0,121,183,48
66245,ext_7b19f120,0,71,183,81
66245,ext_7b5b3c08,0,142,183,30
66245,ext_7c786c96,0,71,190,82
66245,ext_7ce1931a,0,82,183,78
66245,ext_7d783db1,0,71,183,81
66245,ext_7f3c2f67,0,71,183,81
66245,ext_7fc67b36,0,155,183,24
66245,ext_811dc37b,0,165,183,17
66245,ext_8170147a,0,71,190,83
66245,ext_83015fd4,0,106,183,63
66245,ext_839c5fc9,0,71,190,83
66245,ext_86a0e16f,0,170,183,13
66245,ext_87ed04f8,0,71,190,82
66245,ext_88293512,0,108,125,18
66245,ext_8950215f,0,129,183,42
66245,ext_8b53d53d,0,139,183,33
66245,ext_8c1177f4,0,137,183,35
66245,ext_8c75a189,0,135,183,37
66245,ext_8f7edbc3,0,115,183,54
66245,ext_8ff94e21,0,71,190,82
66245,ext_91c7c9f2,0,71,190,82
66245,ext_94158fa3,0,71,183,81
66245,ext_94d8ec6a,0,138,183,34
66245,ext_96cf4a0c,0,71,183,81
66245,ext_97cd2750,0,165,183,17
66245,ext_98805ad5,0,135,183,37
66245,ext_9c6b0308,0,114,183,55
66245,ext_9f03dd49,0,159,161,2
66245,ext_9fe0e394,0,71,190,83
66245,ext_9fec44bb,0,96,183,69
66245,ext_a03cf4f6,0,71,183,81
66245,ext_a197f336,0,155,183,24
66245,ext_a3642afc,0,71,190,82
66245,ext_a57ff773,0,137,183,35
66245,ext_a6683bb0,0,71,183,81
66245,ext_a6c0aa5e,0,71,190,82
66245,ext_a6e7a2eb,0,161,183,20
66245,ext_a877509f,0,91,183,74
66245,ext_ad12e7b9,0,168,175,4
66245,ext_af8937d8,0,71,190,82
66245,ext_b03ec660,0,155,183,25
66245,ext_b0c1fcd7,0,118,183,51
66245,ext_b1a8356d,0,71,190,82
66245,ext_b23e8f68,0,140,183,32
66245,ext_b27d4696,0,92,183,73
66245,ext_b380260c,0,159,183,22
66245,ext_b413c3bf,0,82,183,78
66245,ext_b4c95ca2,0,155,183,24
66245,ext_b6419901,0,141,183,31
66245,ext_b67785ff,0,82,183,78
66245,ext_bd60740d,0,71,190,82
66245,ext_bee9045a,0,142,183,30
66245,ext_bf70ffd3,0,71,190,82
66245,ext_bfb728d1,0,129,183,42
66245,ext_c06f02a5,0,71,190,84
66245,ext_c0f1d09f,0,71,190,82
66245,ext_c2c3e0f5,0,106,183,63
66245,ext_c4d46e74,0,71,190,83
66245,ext_c58f22f7,0,129,139,10
66245,ext_c9d14e1f,0,74,183,79
66245,ext_cab3c6da,0,71,190,82
66245,ext_caf96ead,0,71,183,81
66245,ext_ce9bd8b4,0,161,183,20
66245,ext_ceaece52,0,99,183,66
66245,ext_cf05f084,0,82,183,78
66245,ext_cff665d9,0,155,183,25
66245,ext_d06bab58,0,71,183,81
66245,ext_d2e08288,0,155,183,24
66245,ext_d39df99d,0,92,183,73
66245,ext_d46f010d,0,123,183,46
66245,ext_d591514c,0,129,183,42
66245,ext_d93d4ba4,0,160,183,21
66245,ext_db266925,0,139,183,33
66245,ext_dcc56326,0,174,183,9
66245,ext_de37496c,0,71,190,82
66245,ext_debba5fe,0,71,190,82
66245,ext_deca5fb9,0,74,183,79
66245,ext_df47e211,0,74,183,79
66245,ext_df8b73db,0,71,183,81
66245,ext_dffe6fb5,0,71,190,82
66245,ext_e040e29a,0,90,183,75
66245,ext_e0822f2b,0,71,190,82
66245,ext_e18df683,0,84,183,76
66245,ext_e1afcdc4,0,71,183,81
66245,ext_e4de84fb,0,162,183,19
66245,ext_e6bb577c,0,71,190,83
66245,ext_e782bf44,0,71,183,81
66245,ext_e8111350,0,122,183,47
66245,ext_e87782c0,0,71,190,82
66245,ext_e9de17ff,0,126,183,43
66245,ext_eb6bd619,0,82,183,78
66245,ext_ec1364fb,0,82,183,78
66245,ext_edd008d3,0,71,183,81
66245,ext_ee38de1f,0,71,190,82
66245,ext_eee647e4,0,71,190,84
66245,ext_f046a1e7,0,71,183,81
66245,ext_f07dd48a,0,71,190,82
66245,ext_f0df6dad,0,169,183,14
66245,ext_f239cdf8,0,162,183,19
66245,ext_f4312051,0,71,183,81
66245,ext_f457110e,0,74,183,79
66245,ext_f5215146,0,159,183,22
66245,ext_f57d97fa,0,84,183,76
66245,ext_f6377e73,0,71,183,81
66245,ext_f71bbec7,0,71,183,81
66245,ext_f971cb44,0,165,180,3
66245,ext_fa6288be,0,82,183,78
66245,ext_fb668fb9,0,71,183,81
66245,ext_fbf3fc2f,0,161,183,20
66245,ext_fe8841c4,0,71,190,84
66245,ext_ff178cef,0,71,183,81
66245,ext_ff393d52,0,74,183,79
66404,21350,1,59,79,16
66404,30076,1,84,136,35
66404,41393,1,59,136,53
66404,47230,1,59,61,3
66404,66404,1,59,136,53
66404,75261,1,78,136,39
66404,80058,1,83,136,37
66404,ext_017b8852,0,59,136,52
66404,ext_018f31aa,0,59,136,53
66404,ext_0195c70d,0,123,136,11
66404,ext_03c996d0,0,59,136,52
66404,ext_04b7aa1d,0,59,136,53
66404,ext_058a9081,0,59,136,53
66404,ext_0755be93,0,131,136,4
66404,ext_07993e9f,0,68,136,44
66404,ext_07d70464,0,97,136,25
66404,ext_07dedde0,0,68,136,44
66404,ext_09c88220,0,59,136,53
66404,ext_0d05e8d0,0,121,136,13
66404,ext_0d94cdbb,0,87,136,33
66404,ext_0e237f7c,0,59,136,53
66404,ext_0e3aef1e,0,131,136,4
66404,ext_0ea152dd,0,103,136,20
66404,ext_0fae660a,0,59,136,53
66404,ext_11884438,0,59,136,53
66404,ext_12701e89,0,59,136,53
66404,ext_136ded01,0,59,61,3
66404,ext_15095b63,0,59,136,53
66404,ext_1566eadd,0,59,136,53
66404,ext_16b10476,0,59,136,52
66404,ext_16c8a8cb,0,59,136,52
66404,ext_176e6e66,0,97,136,25
66404,ext_18220fd5,0,59,136,53
66404,ext_18d48ca3,0,59,136,52
66404,ext_1c3ca623,0,59,136,53
66404,ext_1c93ee3e,0,59,136,53
66404,ext_1cc59126,0,59,136,52
66404,ext_1cd0ed17,0,59,136,53
66404,ext_1d71b921,0,68,136,44
66404,ext_1df2b0cc,0,59,136,54
66404,ext_1dff1baf,0,59,136,53
66404,ext_1eeb5151,0,59,136,53
66404,ext_1f144ca8,0,59,136,53
66404,ext_1f8f7017,0,117,136,17
66404,ext_1feab4f2,0,59,136,52
66404,ext_20298ee4,0,129,136,6
66404,ext_20bcaa74,0,59,136,53
66404,ext_20f073b3,0,59,136,53
66404,ext_223cdd8c,0,97,136,25
66404,ext_230afa24,0,117,136,17
66404,ext_232205b7,0,129,136,6
66404,ext_2417caff,0,59,136,53
66404,ext_2556ed1e,0,59,136,53
66404,ext_28713dfc,0,99,136,23
66404,ext_29cbcd34,0,59,136,53
66404,ext_2aca42da,0,59,136,53
66404,ext_2b1e5e62,0,59,136,53
66404,ext_2d0317a1,0,117,136,17
66404,ext_2d800b27,0,62,136,49
66404,ext_2dcc68b0,0,117,136,17
66404,ext_2e2d2a90,0,59,136,53
66404,ext_2e46f42f,0,59,79,16
66404,ext_2ed406c0,0,59,136,53
66404,ext_2fa20ddb,0,59,136,53
66404,ext_30f250b2,0,59,136,53
66404,ext_33214c01,0,129,136,6
66404,ext_33507ba7,0,59,136,53
66404,ext_33b514d4,0,59,136,53
66404,ext_3426d4c4,0,59,136,52
66404,ext_349d12a5,0,63,136,48
66404,ext_34a70e57,0,59,136,53
66404,ext_34c688d6,0,59,136,52
66404,ext_35b260b2,0,59,61,3
66404,ext_35d93684,0,71,136,41
66404,ext_377df82e,0,101,136,22
66404,ext_37e741b7,0,59,136,53
66404,ext_3847cc69,0,59,136,53
66404,ext_39c7b64d,0,59,136,52
66404,ext_39ff5d65,0,59,136,53
66404,ext_3a39d075,0,60,136,51
66404,ext_3aa3e695,0,101,136,22
66404,ext_3aa440cc,0,59,136,52
66404,ext_3b3862c7,0,59,136,53
66404,ext_3b4fe129,0,59,136,53
66404,ext_3c5d61e1,0,96,136,27
66404,ext_3cf57c2a,0,59,136,53
66404,ext_3e3abbda,0,59,136,53
66404,ext_3ee15464,0,59,136,53
66404,ext_3f90524f,0,67,136,45
66404,ext_40b917e5,0,117,136,17
66404,ext_40d2649b,0,59,136,53
66404,ext_433aefa3,0,59,136,53
66404,ext_43cbb76c,0,120,136,14
66404,ext_44ef2ec5,0,65,136,47
66404,ext_45c37b30,0,59,136,53
66404,ext_45dbb070,0,134,136,2
66404,ext_466689ce,0,101,136,22
66404,ext_4939baed,0,97,136,25
66404,ext_4b3d760b,0,59,136,53
66404,ext_4bdddd1a,0,59,136,53
66404,ext_4c2a44fa,0,59,67,9
66404,ext_4c7acb49,0,129,136,6
66404,ext_4c9e9aa8,0,59,136,53
66404,ext_4d516aec,0,59,136,53
66404,ext_4f1073b8,0,101,136,22
66404,ext_50f901be,0,59,136,53
66404,ext_51ac6de5,0,59,136,53
66404,ext_52cef28f,0,92,92,1
66404,ext_53fc20fd,0,97,136,26
66404,ext_545e3afd,0,117,136,17
66404,ext_5526568d,0,64,136,48
66404,ext_55d1da07,0,59,136,53
66404,ext_55f76807,0,59,136,53
66404,ext_560844d4,0,76,136,40
66404,ext_56093954,0,59,83,19
66404,ext_5626b67d,0,127,136,8
66404,ext_5683fa59,0,59,136,53
66404,ext_57e6dbd8,0,59,136,53
66404,ext_5847e837,0,97,136,25
66404,ext_5868c3e4,0,59,136,53
66404,ext_58e59bf1,0,59,136,53
66404,ext_59450a5a,0,59,136,53
66404,ext_5973afc2,0,59,136,53
66404,ext_5ab95606,0,59,136,53
66404,ext_5ace5deb,0,59,136,53
66404,ext_5ae7531f,0,59,136,52
66404,ext_5afbcfa1,0,59,136,53
66404,ext_5c1e4b61,0,134,136,2
66404,ext_5cfefdf8,0,59,136,53
66404,ext_5de35973,0,97,136,26
66404,ext_5e7151e8,0,59,136,52
66404,ext_60340041,0,59,136,53
66404,ext_6157c388,0,59,136,53
66404,ext_627e0aa3,0,59,136,53
66404,ext_62cb2bda,0,59,136,52
66404,ext_63e90a23,0,86,136,34
66404,ext_64d647fe,0,59,136,53
66404,ext_652b7e32,0,59,61,3
66404,ext_65643810,0,117,136,17
66404,ext_65f3b59e,0,59,136,54
66404,ext_673f204a,0,59,136,53
66404,ext_680d66ce,0,59,136,53
66404,ext_6a4af3cb,0,59,136,53
66404,ext_6b270a18,0,101,136,22
66404,ext_6b785f68,0,59,136,53
66404,ext_6b78f88e,0,117,136,17
66404,ext_6c027683,0,62,136,49
66404,ext_6c54cca4,0,59,136,53
66404,ext_6cf14683,0,59,136,52
66404,ext_7015d1e3,0,59,136,53
66404,ext_702e0631,0,91,136,30
66404,ext_70f5f5fd,0,59,136,53
66404,ext_73deded1,0,59,136,52
66404,ext_7870a04e,0,62,136,49
66404,ext_78c679f6,0,129,136,6
66404,ext_78e5a403,0,102,136,21
66404,ext_794eb130,0,117,136,17
66404,ext_79be5d94,0,97,136,26
66404,ext_79f0fba4,0,59,136,53
66404,ext_7a6f28d0,0,93,136,28
66404,ext_7b677acf,0,59,136,53
66404,ext_7b7aa866,0,81,136,37
66404,ext_7c5e07ab,0,121,136,13
66404,ext_7ca93ea9,0,59,136,53
66404,ext_7cabbbaf,0,59,136,53
66404,ext_7cc750c5,0,117,136,17
66404,ext_7d1546dc,0,59,136,53
66404,ext_7d1b67cc,0,121,136,13
66404,ext_7f0bfbd2,0,117,136,17
66404,ext_7f332235,0,78,136,39
66404,ext_7f4a9ac5,0,81,136,38
66404,ext_808ad4cb,0,59,136,53
66404,ext_80ba0c75,0,59,136,53
66404,ext_82176769,0,99,136,23
66404,ext_825e66aa,0,59,136,53
66404,ext_835a25a0,0,59,136,53
66404,ext_8473ece2,0,59,136,53
66404,ext_868671ed,0,87,136,33
66404,ext_877be62f,0,59,67,9
66404,ext_87bcbbef,0,59,136,53
66404,ext_87ed04f8,0,59,136,53
66404,ext_881cb7f7,0,59,136,53
66404,ext_88eb7998,0,117,136,17
66404,ext_89841603,0,68,136,44
66404,ext_89b4cf96,0,90,136,31
66404,ext_89be4501,0,59,136,53
66404,ext_8af48f03,0,129,136,6
66404,ext_8afb8fbb,0,59,136,53
66404,ext_8b6e6bad,0,59,136,53
66404,ext_8c14a423,0,68,136,44
66404,ext_8c2cf965,0,59,136,54
66404,ext_8d00afa6,0,59,136,53
66404,ext_8d090913,0,62,128,43
66404,ext_8d4faa0a,0,59,136,53
66404,ext_8d9741e9,0,59,136,53
66404,ext_8dbe4755,0,101,136,22
66404,ext_8e363bb1,0,59,136,53
66404,ext_8f4939e7,0,59,104,37
66404,ext_90152ced,0,59,136,53
66404,ext_902e796d,0,105,136,18
66404,ext_9292e968,0,105,136,18
66404,ext_92d68728,0,59,136,53
66404,ext_93564a86,0,117,136,17
66404,ext_9451af8c,0,91,136,30
66404,ext_9496da72,0,68,136,44
66404,ext_961868eb,0,59,136,52
66404,ext_96193b9f,0,59,136,53
66404,ext_973d99c9,0,59,136,53
66404,ext_97990724,0,59,136,53
66404,ext_97d04009,0,59,136,53
66404,ext_991325d3,0,59,136,53
66404,ext_99982a83,0,59,136,53
66404,ext_9a07bb5f,0,59,136,53
66404,ext_9a0ba38f,0,127,136,8
66404,ext_9aafd93f,0,59,136,53
66404,ext_9b087ccd,0,104,136,19
66404,ext_9c5343e9,0,59,136,53
66404,ext_9cbcc120,0,59,136,52
66404,ext_9ccdee20,0,117,136,17
66404,ext_9d4fb598,0,96,136,27
66404,ext_9dde5daf,0,59,136,55
66404,ext_9eeeb527,0,68,136,44
66404,ext_9f83eb0d,0,97,136,26
66404,ext_a037652e,0,59,136,53
66404,ext_a03f2734,0,59,136,54
66404,ext_a0a72df7,0,59,136,52
66404,ext_a0f72c1c,0,59,136,53
66404,ext_a1bafb6f,0,82,136,37
66404,ext_a1d99d28,0,59,136,52
66404,ext_a23a3cfa,0,59,136,53
66404,ext_a3e2d71e,0,117,136,17
66404,ext_a59fa38d,0,136,136,1
66404,ext_a5e29df1,0,59,136,53
66404,ext_a6c9cfd1,0,76,136,40
66404,ext_a743305e,0,59,136,53
66404,ext_a87abe61,0,59,136,52
66404,ext_a9977196,0,59,136,53
66404,ext_a9cfe361,0,59,136,53
66404,ext_aabcf312,0,59,136,53
66404,ext_ab526fc6,0,59,136,53
66404,ext_aba3903d,0,59,136,53
66404,ext_ace9c755,0,76,136,40
66404,ext_ad1cde2a,0,59,136,53
66404,ext_ad40c56b,0,59,136,53
66404,ext_b00a7bfa,0,59,136,53
66404,ext_b06e844b,0,97,136,26
66404,ext_b204a1e4,0,123,136,11
66404,ext_b2605f08,0,59,136,53
66404,ext_b26bce0f,0,59,136,53
66404,ext_b2ec0237,0,59,136,53
66404,ext_b375846f,0,59,136,53
66404,ext_b3e88b7e,0,59,136,53
66404,ext_b4e933c4,0,59,136,53
66404,ext_b52056d0,0,96,136,27
66404,ext_b5b586aa,0,97,136,25
66404,ext_b71cf28e,0,98,136,24
66404,ext_b72d5a64,0,86,136,34
66404,ext_b91d3294,0,105,136,18
66404,ext_b95ff14b,0,59,136,53
66404,ext_b9692ea5,0,59,136,53
66404,ext_ba45f0ef,0,59,136,52
66404,ext_bae8ab48,0,129,136,6
66404,ext_baeb4704,0,59,136,53
66404,ext_bb89c2e9,0,59,136,53
66404,ext_bbeab162,0,59,136,53
66404,ext_bc2a5b81,0,59,91,26
66404,ext_bc734cff,0,59,136,52
66404,ext_be6044a4,0,117,136,17
66404,ext_bf9b1e53,0,59,136,53
66404,ext_c069ed65,0,96,136,27
66404,ext_c0b6d12a,0,59,136,52
66404,ext_c145442c,0,118,136,16
66404,ext_c1533d81,0,59,104,38
66404,ext_c17c7941,0,117,136,17
66404,ext_c1871c92,0,59,136,54
66404,ext_c1c5749d,0,117,136,17
66404,ext_c1fd91ec,0,59,136,53
66404,ext_c2d1ad32,0,59,136,53
66404,ext_c4076173,0,59,136,52
66404,ext_c47847d9,0,59,136,53
66404,ext_c4a789e3,0,129,136,6
66404,ext_c4bb656c,0,59,136,53
66404,ext_c68ddd8a,0,59,136,52
66404,ext_c75ebed8,0,59,136,53
66404,ext_c76ad41b,0,59,136,53
66404,ext_c793198c,0,59,136,53
66404,ext_c7b467be,0,59,136,52
66404,ext_c7e71306,0,117,136,17
66404,ext_c9065efa,0,59,136,53
66404,ext_c9d14e1f,0,59,136,53
66404,ext_cb5cdd7b,0,59,136,52
66404,ext_cd3e67a5,0,59,136,53
66404,ext_ce7a878b,0,59,136,53
66404,ext_cfa7074d,0,59,136,53
66404,ext_d01c15b9,0,59,136,53
66404,ext_d0962207,0,59,136,53
66404,ext_d0a9ec26,0,71,136,41
66404,ext_d0d93fb4,0,59,104,37
66404,ext_d1ac95f2,0,59,136,53
66404,ext_d2f763ad,0,91,136,30
66404,ext_d2fffaf2,0,59,136,53
66404,ext_d340719e,0,117,136,17
66404,ext_d478678f,0,59,136,53
66404,ext_d52f3d8a,0,101,136,22
66404,ext_d5416abc,0,81,136,38
66404,ext_d6364e9b,0,59,136,53
66404,ext_d65bdc81,0,59,136,52
66404,ext_dbce4884,0,117,136,17
66404,ext_de68e334,0,59,136,53
66404,ext_df009e81,0,59,136,53
66404,ext_e0e61625,0,97,136,26
66404,ext_e10c877c,0,82,136,37
66404,ext_e38d001d,0,64,136,47
66404,ext_e3a152a1,0,88,136,33
66404,ext_e3d71998,0,59,136,53
66404,ext_e4128b05,0,123,136,11
66404,ext_e430b717,0,59,136,53
66404,ext_e4a61f4d,0,59,136,53
66404,ext_e4af9cf1,0,128,136,7
66404,ext_e51e4639,0,121,136,13
66404,ext_e568cc60,0,59,136,53
66404,ext_e57f4b3e,0,59,136,53
66404,ext_e6170b5c,0,59,136,53
66404,ext_e8453c1b,0,83,136,36
66404,ext_e8c7dac8,0,134,136,2
66404,ext_ea8a8aca,0,117,136,17
66404,ext_eb7757fe,0,70,136,42
66404,ext_eb9c1d08,0,59,136,53
66404,ext_ebbed88c,0,117,136,17
66404,ext_ebc87018,0,117,136,17
66404,ext_ebd1178f,0,99,136,23
66404,ext_ec1f357b,0,59,136,53
66404,ext_ed6b85fe,0,59,136,53
66404,ext_ed6c2eb5,0,59,136,53
66404,ext_ed7d5c3e,0,66,136,46
66404,ext_ed869404,0,59,136,52
66404,ext_ed8e4d32,0,59,136,53
66404,ext_ede2e3a5,0,117,136,17
66404,ext_f08dbf27,0,59,136,53
66404,ext_f187994a,0,59,136,52
66404,ext_f3772307,0,82,136,37
66404,ext_f480e60a,0,127,136,8
66404,ext_f5873318,0,59,136,52
66404,ext_f5f247bc,0,117,136,17
66404,ext_f64e5b8e,0,82,136,37
66404,ext_f6afbe15,0,59,136,53
66404,ext_f8da5d33,0,59,136,52
66404,ext_f932f064,0,97,136,26
66404,ext_fcc5815e,0,59,136,53
66404,ext_fcfefde3,0,59,136,53
66404,ext_fdcb8e5e,0,70,136,42
66404,ext_fe8f118d,0,59,61,3
66404,ext_fef794ff,0,132,136,3
66404,ext_ff4f38ac,0,59,136,52
66754,31372,1,59,105,41
66754,51552,1,59,105,41
66754,57637,1,59,105,41
66754,60482,1,59,105,41
66754,66754,1,59,105,41
66754,67947,1,59,105,41
66754,89827,1,59,105,40
66754,ext_0178f091,0,59,105,40
66754,ext_044a2719,0,59,105,41
66754,ext_04b59a4c,0,59,105,40
66754,ext_054f484a,0,59,105,40
66754,ext_06f9565e,0,59,105,40
66754,ext_08167842,0,59,105,41
66754,ext_091c2ab0,0,59,105,40
66754,ext_0b342762,0,59,105,41
66754,ext_0bb40276,0,59,105,40
66754,ext_0bda1131,0,59,105,40
66754,ext_0e621d6c,0,59,105,41
66754,ext_0eb49c97,0,59,105,41
66754,ext_0fd2f415,0,59,105,40
66754,ext_107d5b67,0,59,105,41
66754,ext_12140ed6,0,59,105,41
66754,ext_1e867be7,0,59,105,40
66754,ext_1f252f16,0,59,105,41
66754,ext_20056aa1,0,88,105,17
66754,ext_202643d4,0,94,105,11
66754,ext_217501db,0,80,105,24
66754,ext_26fb4085,0,59,105,41
66754,ext_27379036,0,59,105,40
66754,ext_2ea96ee4,0,59,105,40
66754,ext_2f3fd6ed,0,59,105,41
66754,ext_2fdf24bb,0,59,105,40
66754,ext_30ef4357,0,59,105,40
66754,ext_31a9a623,0,59,105,41
66754,ext_347e60d0,0,59,105,41
66754,ext_366e7faf,0,62,105,39
66754,ext_36f127e1,0,59,105,40
66754,ext_3de74ade,0,59,105,40
66754,ext_3e4e811b,0,59,105,41
66754,ext_3ef5adb3,0,59,105,40
66754,ext_40ccf5c3,0,59,105,41
66754,ext_42890221,0,83,105,22
66754,ext_44d63950,0,59,105,40
66754,ext_45c37b30,0,59,105,40
66754,ext_46282c38,0,59,105,41
66754,ext_4bbed0a7,0,59,105,41
66754,ext_4d678ebe,0,73,105,29
66754,ext_4e292709,0,59,105,41
66754,ext_4f639090,0,59,105,41
66754,ext_4f8b66b7,0,59,105,40
66754,ext_51325f26,0,59,105,40
66754,ext_56566264,0,59,105,41
66754,ext_582d676e,0,59,105,40
66754,ext_5c7e8f39,0,59,105,41
66754,ext_5e8b4223,0,59,105,41
66754,ext_5e98828a,0,59,105,41
66754,ext_5f514679,0,59,105,41
66754,ext_5ff51818,0,75,105,27
66754,ext_61d6afac,0,59,105,40
66754,ext_62e604f3,0,73,105,29
66754,ext_66b52eaa,0,59,105,41
66754,ext_67f699dc,0,59,93,30
66754,ext_6c1d4ddb,0,59,105,41
66754,ext_6d297327,0,59,105,40
66754,ext_6fd264e9,0,59,105,40
66754,ext_722652e3,0,83,105,22
66754,ext_75fd6b00,0,59,105,41
66754,ext_7609c851,0,59,105,41
66754,ext_801aee8d,0,59,105,40
66754,ext_819767d8,0,62,105,39
66754,ext_83922046,0,59,105,41
66754,ext_879d8a56,0,59,105,40
66754,ext_8c2034d4,0,59,105,41
66754,ext_8c880835,0,81,105,23
66754,ext_8dbdecd9,0,78,105,26
66754,ext_8e91e857,0,59,105,40
66754,ext_904c7f3e,0,59,105,40
66754,ext_90bde8ca,0,59,105,40
66754,ext_90cb5ec8,0,59,105,41
66754,ext_92beb79a,0,59,105,41
66754,ext_95a97d79,0,59,105,41
66754,ext_9ed9e38e,0,59,105,41
66754,ext_a0e51efe,0,59,105,41
66754,ext_a3dbf29f,0,59,105,40
66754,ext_a624b730,0,61,105,40
66754,ext_a6773506,0,59,105,40
66754,ext_a6ebbad5,0,37,58,20
66754,ext_a834bcd6,0,59,105,40
66754,ext_b1427ee0,0,59,105,40
66754,ext_b2c37275,0,59,105,41
66754,ext_b2f50b6a,0,59,105,41
66754,ext_b3ffa14b,0,59,105,40
66754,ext_b4642e19,0,59,105,40
66754,ext_bfa5db23,0,59,105,41
66754,ext_c5ab204d,0,59,105,40
66754,ext_ce994de7,0,59,105,40
66754,ext_d357a212,0,59,105,41
66754,ext_d377674a,0,59,105,40
66754,ext_d379f250,0,59,105,41
66754,ext_d637dd7d,0,59,105,41
66754,ext_d8f7ddb3,0,80,105,24
66754,ext_d9f25782,0,63,105,38
66754,ext_da6c2e60,0,59,105,40
66754,ext_dc402c31,0,94,105,11
66754,ext_dea34d95,0,59,105,41
66754,ext_e09bbbe9,0,59,105,40
66754,ext_e38d90f4,0,59,105,40
66754,ext_e74efd88,0,59,105,41
66754,ext_e7b271e0,0,59,105,41
66754,ext_e9883f7e,0,59,105,40
66754,ext_eba2dea4,0,59,105,41
66754,ext_f48898ae,0,59,105,41
66754,ext_f55e5cd8,0,96,105,9
66754,ext_f935c0f2,0,59,105,41
66754,ext_f9c8c3a6,0,97,105,8
66754,ext_fb0af61c,0,59,105,40
66754,ext_fc05e615,0,59,105,41
66754,ext_ff3bd9b7,0,59,105,41
66991,18344,1,64,159,25
66991,40629,1,59,159,30
66991,44956,1,59,159,30
66991,46654,1,90,159,4
66991,52385,1,115,159,2
66991,64772,1,59,159,30
66991,66052,1,115,159,2
66991,74916,1,59,159,30
66991,77291,1,59,159,30
66991,78911,1,59,159,30
66991,80193,1,59,159,30
66991,84841,1,79,159,10
66991,ext_01db3452,0,76,159,13
66991,ext_02b796cd,0,59,159,30
66991,ext_0318c89b,0,59,159,30
66991,ext_0342cbf0,0,59,159,30
66991,ext_036a0979,0,59,159,30
66991,ext_03c0f83b,0,59,159,30
66991,ext_0417b063,0,115,159,2
66991,ext_052e4ad6,0,159,159,1
66991,ext_0690efa8,0,115,159,2
66991,ext_07993e9f,0,59,159,30
66991,ext_07c6205d,0,115,159,2
66991,ext_07de20bb,0,59,159,30
66991,ext_09edc1d2,0,76,159,13
66991,ext_09fc4236,0,73,159,16
66991,ext_0bdf754c,0,115,159,2
66991,ext_0beec813,0,59,159,30
66991,ext_0c15e136,0,115,159,2
66991,ext_0d799bb7,0,59,159,30
66991,ext_0ea6d215,0,115,159,2
66991,ext_0ecc817a,0,59,159,30
66991,ext_0f40843d,0,59,159,30
66991,ext_0f814d25,0,59,159,30
66991,ext_0f85d24e,0,64,159,25
66991,ext_0fcbbf3b,0,115,159,2
66991,ext_107876ad,0,115,159,2
66991,ext_1226aa0b,0,59,159,30
66991,ext_1327d670,0,59,159,30
66991,ext_138d6b4c,0,59,159,30
66991,ext_1635ccf6,0,115,159,2
66991,ext_16c8498c,0,59,159,30
66991,ext_170671a8,0,59,159,30
66991,ext_1727a83e,0,59,159,30
66991,ext_17aa1fda,0,115,159,2
66991,ext_181ba117,0,115,159,2
66991,ext_188268d1,0,59,159,30
66991,ext_1a3dc2dd,0,59,159,30
66991,ext_1afafc10,0,59,159,30
66991,ext_1b376030,0,59,159,30
66991,ext_1bc7a717,0,115,159,2
66991,ext_1c9be387,0,59,159,30
66991,ext_1d98d577,0,59,92,28
66991,ext_1da5f00f,0,59,159,30
66991,ext_1ee9fc05,0,75,159,14
66991,ext_1fc31f2c,0,74,159,15
66991,ext_203e28a8,0,59,159,30
66991,ext_20780937,0,59,159,30
66991,ext_23f3889f,0,85,159,5
66991,ext_24cc016e,0,37,58,22
66991,ext_2567ce7f,0,90,159,4
66991,ext_25c26d3b,0,59,159,30
66991,ext_26a93ecc,0,59,159,30
66991,ext_27cdab98,0,92,159,3
66991,ext_28a88fea,0,59,159,30
66991,ext_28aa8b85,0,85,159,5
66991,ext_28ea4e7f,0,59,159,30
66991,ext_2ac71a1b,0,68,159,21
66991,ext_2d6aac32,0,81,159,8
66991,ext_2d70b1c1,0,59,159,30
66991,ext_2dc8b01a,0,59,159,30
66991,ext_2f490935,0,59,159,30
66991,ext_2fb37652,0,115,159,2
66991,ext_30767cdb,0,68,159,21
66991,ext_31a12988,0,59,159,30
66991,ext_31b53791,0,115,159,2
66991,ext_31df6ee5,0,59,159,30
66991,ext_33507ba7,0,115,159,2
66991,ext_336d6a1c,0,115,159,2
66991,ext_33b81485,0,74,159,15
66991,ext_3426d4c4,0,59,159,30
66991,ext_3441250d,0,115,159,2
66991,ext_346e325a,0,90,159,4
66991,ext_35ddb7b2,0,90,159,4
66991,ext_36201010,0,59,159,30
66991,ext_369c2f81,0,59,159,30
66991,ext_36bc7243,0,80,159,9
66991,ext_3887496d,0,59,159,30
66991,ext_3a48a7b6,0,59,159,30
66991,ext_3abb7e82,0,76,159,13
66991,ext_3c092848,0,59,159,30
66991,ext_3c6ff2a7,0,59,159,30
66991,ext_3dd89618,0,59,159,30
66991,ext_408bc981,0,59,159,30
66991,ext_408e4665,0,115,159,2
66991,ext_40d56707,0,90,159,4
66991,ext_438a29b3,0,115,159,2
66991,ext_4442160d,0,67,159,22
66991,ext_447d23c2,0,59,159,30
66991,ext_45c37b30,0,59,159,30
66991,ext_4630043a,0,59,159,30
66991,ext_4703e273,0,59,159,30
66991,ext_480b96e4,0,68,159,21
66991,ext_4873fb5f,0,59,159,30
66991,ext_499b1a91,0,59,159,30
66991,ext_49e21126,0,115,159,2
66991,ext_4a580f89,0,115,159,2
66991,ext_4b01b79a,0,59,159,30
66991,ext_4d2f8f8b,0,59,159,30
66991,ext_4d5c60ff,0,59,159,30
66991,ext_4f05a843,0,115,159,2
66991,ext_4f7a846e,0,78,159,11
66991,ext_4fafb7c1,0,59,159,30
66991,ext_5032d630,0,115,159,2
66991,ext_50b25066,0,59,159,30
66991,ext_52c48255,0,115,159,2
66991,ext_53d541cf,0,59,159,30
66991,ext_54536a90,0,62,159,27
66991,ext_549390f3,0,64,159,25
66991,ext_5495057c,0,59,159,30
66991,ext_54aa6470,0,73,159,16
66991,ext_54da85a7,0,90,159,4
66991,ext_55ed3cfa,0,59,159,28
66991,ext_5636999b,0,59,159,30
66991,ext_5694ad2e,0,59,159,30
66991,ext_57396116,0,59,159,30
66991,ext_58b01333,0,59,159,30
66991,ext_595197ac,0,59,159,30
66991,ext_59b7a9c3,0,59,159,30
66991,ext_5a087df3,0,59,159,30
66991,ext_5abb14b8,0,59,159,30
66991,ext_5bfdaa1e,0,59,159,30
66991,ext_5e91a8ca,0,65,159,24
66991,ext_6150ab3d,0,59,159,30
66991,ext_62ae1382,0,59,159,30
66991,ext_6454587c,0,90,159,4
66991,ext_651e9b0c,0,59,159,30
66991,ext_655b234b,0,59,159,30
66991,ext_656f3770,0,59,159,30
66991,ext_65f45de4,0,59,159,30
66991,ext_66012952,0,59,159,30
66991,ext_6643261e,0,66,159,23
66991,ext_6670abed,0,76,159,13
66991,ext_6720d80b,0,90,159,4
66991,ext_6720f1d8,0,59,159,28
66991,ext_676a00a3,0,59,159,30
66991,ext_6776c5be,0,59,159,30
66991,ext_67b445d7,0,90,159,4
66991,ext_67c48eac,0,59,159,30
66991,ext_687e21b1,0,59,159,30
66991,ext_68d9ed84,0,90,159,4
66991,ext_6a63f357,0,64,159,25
66991,ext_6b4195a7,0,115,159,2
66991,ext_6bb98184,0,59,159,30
66991,ext_6caa1d64,0,59,159,30
66991,ext_6d2edbae,0,59,159,30
66991,ext_6da699d7,0,59,159,30
66991,ext_6e859088,0,90,159,4
66991,ext_6ec132e8,0,115,159,2
66991,ext_6f13ce71,0,92,159,3
66991,ext_6f19ef8e,0,59,159,30
66991,ext_6fc5dc9a,0,59,92,26
66991,ext_70059182,0,59,159,28
66991,ext_73d64b92,0,59,159,30
66991,ext_75a76d28,0,59,159,30
66991,ext_781e2a2d,0,92,159,3
66991,ext_79cf7a7e,0,115,159,2
66991,ext_7b19f120,0,90,159,4
66991,ext_7b5d75e6,0,59,159,30
66991,ext_7bd4282f,0,90,159,4
66991,ext_7d01ac5d,0,59,159,30
66991,ext_7dbe4eca,0,68,159,21
66991,ext_7eebb64c,0,59,159,30
66991,ext_7eec19e7,0,59,159,30
66991,ext_811dc37b,0,59,159,30
66991,ext_812db041,0,59,159,30
66991,ext_81bc6558,0,62,159,27
66991,ext_81bdbba6,0,59,159,30
66991,ext_822b7ed8,0,90,159,4
66991,ext_82a12704,0,59,159,30
66991,ext_83993908,0,90,159,4
66991,ext_8405c17b,0,59,159,30
66991,ext_842ac2d2,0,59,159,30
66991,ext_84a1b938,0,59,159,30
66991,ext_84d6216f,0,59,159,30
66991,ext_84ded567,0,59,159,30
66991,ext_85df7e84,0,59,159,30
66991,ext_8644850a,0,59,159,30
66991,ext_86ea476e,0,59,159,30
66991,ext_870e9a24,0,115,159,2
66991,ext_87e4dbd1,0,59,159,30
66991,ext_8833c731,0,90,159,4
66991,ext_89bc4b98,0,115,159,2
66991,ext_8a2a71c3,0,59,159,30
66991,ext_8a6fc993,0,59,159,30
66991,ext_8b0e8fff,0,59,159,30
66991,ext_8ba21a2e,0,59,159,30
66991,ext_8c56f265,0,59,159,30
66991,ext_8ca49c17,0,69,159,20
66991,ext_8cf7e4e2,0,59,159,30
66991,ext_8f5495f9,0,73,159,16
66991,ext_8f5ef344,0,59,159,30
66991,ext_900ba816,0,59,159,30
66991,ext_90206524,0,59,159,30
66991,ext_9050870d,0,59,159,30
66991,ext_91c28422,0,115,159,2
66991,ext_92cc722d,0,90,159,4
66991,ext_92d481fd,0,115,159,2
66991,ext_93b6c2c8,0,79,159,10
66991,ext_95825eb8,0,59,159,30
66991,ext_96410c55,0,115,159,2
66991,ext_9836c7bb,0,90,159,4
66991,ext_9874620e,0,115,159,2
66991,ext_99322a32,0,59,159,30
66991,ext_995e993a,0,59,79,21
66991,ext_9d434801,0,59,159,30
66991,ext_9d612f11,0,90,159,4
66991,ext_9d6b4525,0,59,159,30
66991,ext_9debefe3,0,59,159,30
66991,ext_9e059bd7,0,85,159,5
66991,ext_9f2bbd3a,0,115,159,2
66991,ext_a0324cd0,0,59,159,30
66991,ext_a2e38754,0,115,159,2
66991,ext_a37829c2,0,90,159,4
66991,ext_a3897ad9,0,59,159,30
66991,ext_a39fc5a7,0,68,159,21
66991,ext_a3d462b3,0,59,159,30
66991,ext_a5502725,0,59,159,30
66991,ext_a6382f6a,0,59,159,30
66991,ext_a6d04fe4,0,73,159,16
66991,ext_a77406af,0,59,159,30
66991,ext_a78d2a9b,0,60,159,29
66991,ext_a7ab0292,0,59,159,30
66991,ext_a7afd4db,0,68,159,21
66991,ext_a7f082c9,0,59,159,30
66991,ext_a822acce,0,59,159,30
66991,ext_a82c257a,0,115,159,2
66991,ext_aa5f9ac5,0,59,159,30
66991,ext_aa72ece2,0,59,159,30
66991,ext_aae0df0b,0,59,159,30
66991,ext_ad248018,0,59,159,30
66991,ext_ad618890,0,115,159,2
66991,ext_aff6b7ba,0,59,159,30
66991,ext_b059fddb,0,59,159,30
66991,ext_b10a76e8,0,59,159,30
66991,ext_b1788c2d,0,59,159,30
66991,ext_b1f46ffc,0,81,159,8
66991,ext_b20ec4e8,0,59,159,30
66991,ext_b2ad5b36,0,59,159,30
66991,ext_b3396717,0,59,159,28
66991,ext_b378cb8d,0,59,159,30
66991,ext_b439415c,0,115,159,2
66991,ext_b51cfed2,0,59,159,30
66991,ext_b5d749d8,0,115,159,2
66991,ext_b61722c3,0,59,159,30
66991,ext_b69bc622,0,59,159,30
66991,ext_b7bba9a0,0,59,159,30
66991,ext_b8a39d41,0,59,159,30
66991,ext_b92d362b,0,59,159,30
66991,ext_b9b1dbf5,0,59,159,30
66991,ext_bacfaf4c,0,115,159,2
66991,ext_bb5c04cc,0,59,92,28
66991,ext_bc33ceaa,0,115,159,2
66991,ext_bcec0814,0,59,159,30
66991,ext_bd2652ad,0,64,159,25
66991,ext_be463511,0,64,159,25
66991,ext_bea3c12b,0,59,159,30
66991,ext_c03eb57e,0,59,159,30
66991,ext_c21d76e3,0,59,159,30
66991,ext_c2ef0c11,0,59,159,30
66991,ext_c3b6ef0c,0,59,159,30
66991,ext_c41c438c,0,59,159,30
66991,ext_c4ea5251,0,115,159,2
66991,ext_c523a34c,0,59,159,30
66991,ext_c573b634,0,59,159,30
66991,ext_c7cc418b,0,115,159,2
66991,ext_c89100a5,0,59,159,30
66991,ext_c8964b3f,0,83,159,7
66991,ext_ccfdd278,0,59,159,30
66991,ext_cd1d24fe,0,59,72,14
66991,ext_cd3b3b46,0,59,159,30
66991,ext_cdb75f98,0,59,159,30
66991,ext_ce283529,0,59,159,30
66991,ext_ce851487,0,59,159,30
66991,ext_cfbe8182,0,115,159,2
66991,ext_d00a1836,0,59,159,30
66991,ext_d0edc8b7,0,78,159,11
66991,ext_d0faee6d,0,59,159,30
66991,ext_d15977cd,0,115,159,2
66991,ext_d223539d,0,59,159,30
66991,ext_d44b0eb9,0,90,159,4
66991,ext_d4724aea,0,115,159,2
66991,ext_d5baa8f9,0,59,159,30
66991,ext_d67c4c9e,0,59,159,30
66991,ext_d7cec314,0,59,159,30
66991,ext_d9481ae8,0,59,159,30
66991,ext_da3b4209,0,59,159,30
66991,ext_da8e85c8,0,59,159,30
66991,ext_db63ab2f,0,59,159,30
66991,ext_db798885,0,64,159,25
66991,ext_dbc8f461,0,115,159,2
66991,ext_dd7cfba3,0,115,159,2
66991,ext_ddb24fa6,0,59,159,30
66991,ext_e0e61625,0,59,159,30
66991,ext_e114e419,0,115,159,2
66991,ext_e25ce66d,0,59,159,30
66991,ext_e2ffb94d,0,115,159,2
66991,ext_e51e4639,0,90,159,4
66991,ext_e6170b5c,0,59,159,30
66991,ext_e7adef3b,0,59,159,30
66991,ext_e7ee6556,0,90,159,4
66991,ext_e9fa9d7e,0,59,159,30
66991,ext_eb08fcf3,0,59,159,30
66991,ext_eb2a9e49,0,59,159,30
66991,ext_eb32b050,0,59,159,30
66991,ext_eb9da574,0,59,159,30
66991,ext_ec663f23,0,80,159,9
66991,ext_eca964d3,0,115,159,2
66991,ext_ecac8c1c,0,59,65,7
66991,ext_ecd20133,0,59,159,30
66991,ext_eddb9a98,0,90,159,4
66991,ext_ee371384,0,115,159,2
66991,ext_ee8882f5,0,74,159,15
66991,ext_ee8eed41,0,59,159,30
66991,ext_f08dbf27,0,115,159,2
66991,ext_f13a4f27,0,59,73,15
66991,ext_f207cc9a,0,59,159,30
66991,ext_f30cfcaa,0,59,159,30
66991,ext_f32d9dc7,0,59,159,30
66991,ext_f4ae03b1,0,59,159,30
66991,ext_f50c6689,0,59,159,30
66991,ext_f51b23d7,0,59,159,30
66991,ext_f5c0598c,0,59,159,30
66991,ext_f5d6c99c,0,59,159,30
66991,ext_f674669e,0,115,159,2
66991,ext_f6a3570a,0,59,159,30
66991,ext_f759705f,0,59,159,30
66991,ext_f7c1f9ce,0,59,159,30
66991,ext_fb3e4387,0,115,159,2
66991,ext_fde78123,0,59,159,30
66991,ext_ff86a4dc,0,59,159,30
67947,26425,1,69,91,17
67947,28831,1,69,91,17
67947,60482,1,89,91,3
67947,ext_00895bca,0,89,91,3
67947,ext_021e1321,0,77,91,13
67947,ext_043fc564,0,69,91,17
67947,ext_044a2719,0,69,91,17
67947,ext_04cf8fc2,0,69,91,17
67947,ext_04eb4960,0,69,91,17
67947,ext_05f09680,0,86,91,6
67947,ext_06062368,0,69,91,17
67947,ext_06128a36,0,89,91,3
67947,ext_06c40bdb,0,69,89,15
67947,ext_0861e572,0,69,91,17
67947,ext_0a202366,0,86,91,6
67947,ext_0aac73ee,0,69,91,17
67947,ext_0c55c43f,0,78,91,12
67947,ext_0d4803fa,0,69,91,17
67947,ext_0e552c9b,0,69,76,4
67947,ext_0e5f7b51,0,69,91,17
67947,ext_0f85d24e,0,69,91,17
67947,ext_10789b11,0,69,91,17
67947,ext_111f1cdb,0,80,91,11
67947,ext_12140ed6,0,69,91,17
67947,ext_129c82b3,0,69,91,17
67947,ext_13678957,0,69,91,17
67947,ext_137cbea4,0,78,91,12
67947,ext_14db01cf,0,77,91,13
67947,ext_15434744,0,81,91,10
67947,ext_173ef2a0,0,91,91,1
67947,ext_1a2d473d,0,69,91,17
67947,ext_1a46b580,0,69,91,17
67947,ext_1cdd9049,0,81,91,10
67947,ext_1d89a8e1,0,69,91,17
67947,ext_1db202c9,0,77,91,13
67947,ext_1dfa69ea,0,69,91,17
67947,ext_1eee1df6,0,90,91,2
67947,ext_23551efa,0,69,91,17
67947,ext_27ccd7fc,0,69,91,17
67947,ext_28e935d1,0,91,91,1
67947,ext_29ec2132,0,86,91,6
67947,ext_2c4c11ec,0,91,91,1
67947,ext_2d804df0,0,69,91,17
67947,ext_2f7ebeba,0,84,91,7
67947,ext_30767cdb,0,69,91,17
67947,ext_31595d55,0,69,91,17
67947,ext_332f1748,0,69,91,17
67947,ext_3342f135,0,84,91,7
67947,ext_340abb4e,0,69,91,17
67947,ext_34c81d49,0,89,91,3
67947,ext_35b260b2,0,69,91,17
67947,ext_361b4ed7,0,69,91,17
67947,ext_39758615,0,69,91,17
67947,ext_39b3f254,0,69,91,17
67947,ext_39d170ba,0,83,91,8
67947,ext_3a39d075,0,69,91,17
67947,ext_3d082ce2,0,80,91,11
67947,ext_3e5dff80,0,69,91,17
67947,ext_42248266,0,69,91,17
67947,ext_42d2b3e7,0,69,91,17
67947,ext_42e02d6d,0,69,91,17
67947,ext_45ef653a,0,87,91,5
67947,ext_47e0b703,0,69,91,17
67947,ext_4886e9ff,0,69,91,17
67947,ext_488ffc95,0,69,91,17
67947,ext_4b01700f,0,90,91,2
67947,ext_53fc20fd,0,82,91,9
67947,ext_55c62b2d,0,88,91,4
67947,ext_561de0ee,0,69,91,17
67947,ext_56b0aa1c,0,69,91,17
67947,ext_587f8c13,0,69,91,17
67947,ext_58fc4a29,0,89,91,3
67947,ext_5919078b,0,69,91,17
67947,ext_5be54f15,0,77,91,13
67947,ext_5c16ebbc,0,69,91,17
67947,ext_5c282e80,0,69,91,17
67947,ext_5dabc8a9,0,90,91,2
67947,ext_5eb29485,0,90,91,2
67947,ext_5f3544e2,0,88,91,4
67947,ext_61d374ea,0,88,91,4
67947,ext_61d6afac,0,69,91,17
67947,ext_62987f41,0,89,91,3
67947,ext_62aa6c35,0,69,91,17
67947,ext_65812add,0,88,91,4
67947,ext_65a48a13,0,88,91,4
67947,ext_68628d87,0,89,91,3
67947,ext_6c190cad,0,69,91,17
67947,ext_6c4a01d7,0,77,91,13
67947,ext_6d3ddf5e,0,69,91,17
67947,ext_6d6b2f09,0,69,91,17
67947,ext_6f5fd861,0,83,91,8
67947,ext_70a675c3,0,69,91,17
67947,ext_70e65b41,0,69,91,16
67947,ext_71dcf95d,0,69,91,17
67947,ext_71ed8b07,0,89,91,3
67947,ext_7286fc0b,0,69,91,17
67947,ext_73b8b554,0,69,91,17
67947,ext_751b9fe0,0,80,91,11
67947,ext_756858f0,0,78,91,12
67947,ext_76370640,0,69,91,17
67947,ext_792e5f50,0,69,91,17
67947,ext_79ba0c13,0,69,91,17
67947,ext_7db63d80,0,88,91,4
67947,ext_854db08b,0,82,91,9
67947,ext_8cb7e05e,0,83,91,8
67947,ext_8ff50d7c,0,69,91,17
67947,ext_90063140,0,69,91,17
67947,ext_900eea2e,0,80,91,11
67947,ext_92fbeeb1,0,69,91,17
67947,ext_94121a97,0,69,91,17
67947,ext_946d65d4,0,86,91,6
67947,ext_94784602,0,69,91,17
67947,ext_9504424f,0,82,91,9
67947,ext_950f41b6,0,84,91,7
67947,ext_95da80dc,0,69,91,17
67947,ext_96cf4a0c,0,69,91,17
67947,ext_9c07042e,0,69,91,17
67947,ext_9c457ff0,0,86,91,6
67947,ext_9e84ec14,0,88,91,4
67947,ext_9f828af3,0,80,91,11
67947,ext_a068909b,0,89,91,3
67947,ext_a0ab79ef,0,69,91,17
67947,ext_a0ba1205,0,69,91,17
67947,ext_a293e258,0,69,91,17
67947,ext_a33f7345,0,78,91,12
67947,ext_a3f40329,0,80,91,11
67947,ext_a614a30f,0,80,91,11
67947,ext_a6a76631,0,81,91,10
67947,ext_a6c0aa5e,0,90,91,2
67947,ext_a7b47080,0,69,91,17
67947,ext_afaa7a01,0,90,91,2
67947,ext_b0683023,0,69,91,17
67947,ext_b27d4696,0,86,91,6
67947,ext_b2e065ab,0,82,91,9
67947,ext_b67785ff,0,89,91,3
67947,ext_b6ee4ce3,0,69,91,17
67947,ext_b7ef9503,0,77,91,13
67947,ext_b8f0d3c8,0,81,91,10
67947,ext_b8f39dfb,0,69,91,17
67947,ext_bb5e08ed,0,69,91,17
67947,ext_bb71d6c1,0,69,91,17
67947,ext_bc7921b8,0,69,91,17
67947,ext_bdc8e58e,0,69,91,17
67947,ext_bf268608,0,82,91,9
67947,ext_bf30e82f,0,86,91,6
67947,ext_c1861c89,0,69,91,17
67947,ext_c2a02f5b,0,82,91,9
67947,ext_c2b46ae8,0,84,91,7
67947,ext_c3729154,0,69,91,17
67947,ext_c77ed293,0,69,91,17
67947,ext_c7a49c0d,0,69,91,17
67947,ext_c95524a0,0,89,91,3
67947,ext_ca3a089d,0,69,91,17
67947,ext_cb88d860,0,69,91,17
67947,ext_cd66db9d,0,69,91,17
67947,ext_cee647eb,0,69,91,17
67947,ext_cf016e93,0,77,91,13
67947,ext_cf4e9284,0,69,91,17
67947,ext_d26e2bed,0,69,91,17
67947,ext_d340719e,0,86,91,6
67947,ext_d3784e5a,0,69,91,17
67947,ext_d3dfd32a,0,76,91,14
67947,ext_d5aacf49,0,69,91,17
67947,ext_d637dd7d,0,87,91,5
67947,ext_d63a4dbb,0,69,91,16
67947,ext_d77830d2,0,69,91,17
67947,ext_da4ac482,0,69,91,17
67947,ext_db266925,0,80,91,11
67947,ext_dce9245b,0,90,91,2
67947,ext_dcff897a,0,82,91,9
67947,ext_dd19ab4c,0,82,91,9
67947,ext_e0822f2b,0,89,91,3
67947,ext_e234c168,0,89,91,3
67947,ext_e476d065,0,69,91,17
67947,ext_e547d819,0,69,91,17
67947,ext_e6170b5c,0,69,91,17
67947,ext_e66e7709,0,69,91,17
67947,ext_e678b208,0,69,91,17
67947,ext_e7b271e0,0,84,91,7
67947,ext_eb2fc2bd,0,80,91,11
67947,ext_eb4feb78,0,78,91,12
67947,ext_ed3e4d1f,0,69,91,17
67947,ext_edd9c383,0,86,91,6
67947,ext_edf705d2,0,77,91,13
67947,ext_ef0a8018,0,69,91,17
67947,ext_ef1be49b,0,69,91,17
67947,ext_ef86443f,0,69,91,17
67947,ext_efe38fe0,0,69,91,17
67947,ext_f08dbf27,0,83,91,8
67947,ext_f26ba53c,0,69,91,17
67947,ext_f54214ac,0,69,91,17
67947,ext_f5c3e992,0,69,91,17
67947,ext_f7077888,0,86,91,6
67947,ext_f7da3125,0,69,91,17
67947,ext_f7f70787,0,69,91,17
67947,ext_f84e0fbd,0,86,91,6
67947,ext_f9ab163a,0,69,91,17
67947,ext_f9fe45b5,0,69,91,16
67947,ext_fc064933,0,69,91,17
67947,ext_fc6f5b60,0,69,91,17
67947,ext_fd10d9bc,0,91,91,1
67947,ext_fe3146ae,0,90,91,2
67947,ext_fe500c77,0,69,91,17
67947,ext_feb4626f,0,69,91,17
67947,ext_fedb06c7,0,69,91,17
67947,ext_fefd73bd,0,69,91,17
67947,ext_ff50ffd3,0,78,91,12
68494,10841,1,59,107,24
68494,11360,1,59,107,25
68494,16495,1,59,89,16
68494,40997,1,59,107,24
68494,48429,1,59,107,25
68494,53275,1,59,107,25
68494,57896,1,59,107,25
68494,63188,1,59,107,25
68494,68494,1,59,107,25
68494,68633,1,59,107,25
68494,86352,1,59,107,25
68494,ext_002d95bf,0,88,107,10
68494,ext_00895bca,0,88,107,11
68494,ext_008b08e3,0,59,107,25
68494,ext_044a2719,0,59,107,23
68494,ext_04696c7f,0,65,107,17
68494,ext_04c3d7df,0,59,107,25
68494,ext_05b710ef,0,59,107,25
68494,ext_070ea01c,0,59,107,25
68494,ext_0a4fe8c5,0,59,107,23
68494,ext_0fda7ba9,0,59,107,25
68494,ext_10ecf37e,0,88,107,10
68494,ext_135dbf19,0,59,107,25
68494,ext_13e7af96,0,59,107,23
68494,ext_13fc9776,0,59,71,12
68494,ext_1467484d,0,81,107,11
68494,ext_16d12268,0,59,107,25
68494,ext_170e38a9,0,97,107,6
68494,ext_19436b7b,0,59,107,25
68494,ext_1a65946c,0,59,107,23
68494,ext_1c410025,0,59,107,25
68494,ext_20a907cd,0,59,107,25
68494,ext_21889ddf,0,81,107,11
68494,ext_21d9a4d1,0,81,107,11
68494,ext_2467d742,0,59,107,25
68494,ext_25188e0b,0,59,107,25
68494,ext_265aea48,0,59,107,25
68494,ext_2689ec78,0,59,107,25
68494,ext_26f65e2b,0,59,107,25
68494,ext_26fb4085,0,59,107,27
68494,ext_28a18949,0,59,107,23
68494,ext_28a41e42,0,59,107,24
68494,ext_29b71067,0,59,107,23
68494,ext_29f4b8f5,0,59,107,24
68494,ext_2a1ed354,0,59,107,23
68494,ext_2a3cc8b1,0,59,107,25
68494,ext_2aca995e,0,59,107,24
68494,ext_2c0f6a5f,0,96,107,7
68494,ext_2cf1982f,0,59,107,25
68494,ext_2d023d26,0,59,107,23
68494,ext_3075586c,0,59,107,25
68494,ext_337216bf,0,59,107,23
68494,ext_3442a4f9,0,59,107,26
68494,ext_34e5e533,0,59,107,24
68494,ext_3670c782,0,59,107,23
68494,ext_374ffb68,0,59,107,24
68494,ext_388d21ae,0,59,107,24
68494,ext_399e9b4d,0,59,107,23
68494,ext_3a766f8f,0,107,107,1
68494,ext_3a98ea6a,0,59,107,25
68494,ext_3ac7d2cb,0,59,107,23
68494,ext_3b639231,0,59,107,28
68494,ext_3c76e3ed,0,59,107,24
68494,ext_3d1cc8a4,0,59,107,23
68494,ext_3ea6c712,0,59,107,25
68494,ext_3eef2d24,0,59,70,11
68494,ext_424d1173,0,59,107,23
68494,ext_42f5a06a,0,59,107,24
68494,ext_44016973,0,59,107,25
68494,ext_45b384fb,0,89,107,9
68494,ext_46c22011,0,59,107,25
68494,ext_488a1048,0,59,107,25
68494,ext_4956eae1,0,59,107,25
68494,ext_49e33896,0,88,107,10
68494,ext_4d8216a3,0,96,107,7
68494,ext_51b1b05f,0,59,107,24
68494,ext_51f82726,0,61,107,21
68494,ext_53a039cc,0,59,107,25
68494,ext_546f9056,0,59,107,25
68494,ext_55320b90,0,59,107,25
68494,ext_55502a69,0,81,107,11
68494,ext_55ae19f4,0,59,107,24
68494,ext_55b27a2c,0,59,107,25
68494,ext_5673935b,0,59,107,26
68494,ext_56c4c9d9,0,59,107,25
68494,ext_57669636,0,68,107,15
68494,ext_591e09b5,0,95,107,8
68494,ext_5bb294d3,0,95,107,8
68494,ext_5d72164f,0,59,107,23
68494,ext_5d89854d,0,107,107,1
68494,ext_5fd24c68,0,59,107,24
68494,ext_6157c388,0,63,107,19
68494,ext_6208b920,0,59,107,23
68494,ext_664f4f80,0,59,107,25
68494,ext_67b39584,0,59,107,25
68494,ext_68b31472,0,59,107,24
68494,ext_695c7967,0,59,107,24
68494,ext_69693827,0,59,107,24
68494,ext_6bab028e,0,59,107,25
68494,ext_6d4c035c,0,62,107,20
68494,ext_6f4f9a62,0,59,107,25
68494,ext_74fb2f82,0,95,107,8
68494,ext_75c2e01b,0,59,107,25
68494,ext_75d0d17e,0,81,107,11
68494,ext_75f048ef,0,59,107,24
68494,ext_75fc9515,0,59,107,26
68494,ext_7746e2c6,0,88,107,10
68494,ext_794a083d,0,59,107,23
68494,ext_79808c10,0,59,107,24
68494,ext_79ae272b,0,81,107,11
68494,ext_7e4cf81c,0,59,107,25
68494,ext_810e2bee,0,95,96,2
68494,ext_83b4e40a,0,59,107,23
68494,ext_83cc8a55,0,59,107,28
68494,ext_848ca766,0,95,107,8
68494,ext_854ff84f,0,89,107,9
68494,ext_85c60595,0,81,107,11
68494,ext_8772275a,0,88,107,10
68494,ext_882a62c8,0,59,107,24
68494,ext_892f12e3,0,59,107,24
68494,ext_8984c59c,0,59,107,25
68494,ext_8b18e6be,0,59,107,23
68494,ext_8b7421eb,0,59,107,23
68494,ext_8d7b2a5e,0,59,107,25
68494,ext_8d94c621,0,59,107,24
68494,ext_8e18d3c6,0,95,107,8
68494,ext_907c66a8,0,59,107,28
68494,ext_917a2e02,0,59,107,23
68494,ext_930aaab2,0,59,107,23
68494,ext_94c6738d,0,59,71,12
68494,ext_972c500d,0,95,107,8
68494,ext_98a8bdd4,0,59,107,25
68494,ext_98b5b2a7,0,59,107,25
68494,ext_99759689,0,59,107,24
68494,ext_9a4e6661,0,59,107,25
68494,ext_9b9a2038,0,59,107,23
68494,ext_9ebb57ea,0,59,107,23
68494,ext_9fe0e394,0,59,107,25
68494,ext_a1beef38,0,59,107,23
68494,ext_a222031c,0,59,107,23
68494,ext_a30e0a5f,0,59,107,25
68494,ext_a425e664,0,95,107,8
68494,ext_a7999a0f,0,59,107,25
68494,ext_a83b6c1b,0,59,107,23
68494,ext_a91f376f,0,59,107,23
68494,ext_aad966ac,0,59,107,25
68494,ext_ab102e80,0,59,107,24
68494,ext_abf68ee6,0,105,107,2
68494,ext_ae723d00,0,59,107,24
68494,ext_ae9c3b08,0,88,107,10
68494,ext_af1c096f,0,59,107,24
68494,ext_afb572da,0,68,107,15
68494,ext_b02a37b2,0,59,107,23
68494,ext_b1828810,0,59,107,25
68494,ext_b35afc49,0,59,107,24
68494,ext_b3bda687,0,59,107,23
68494,ext_b3ff4e3c,0,81,107,11
68494,ext_b413c3bf,0,59,107,23
68494,ext_b4c47134,0,68,107,15
68494,ext_b4c66c5e,0,59,107,23
68494,ext_b574e56a,0,88,107,10
68494,ext_b71dba65,0,59,107,25
68494,ext_b81e5da6,0,59,107,23
68494,ext_b9816f83,0,59,107,27
68494,ext_ba313912,0,59,107,26
68494,ext_bbc6bbbb,0,59,107,24
68494,ext_bc602de6,0,59,107,25
68494,ext_bd1ffe39,0,59,107,27
68494,ext_bd773ee8,0,88,107,10
68494,ext_c06b95ee,0,59,107,24
68494,ext_c1941707,0,59,107,25
68494,ext_c1e6fd02,0,88,107,10
68494,ext_c23eea6f,0,59,107,21
68494,ext_c31523eb,0,59,107,25
68494,ext_c650e75c,0,105,107,2
68494,ext_c65288af,0,97,107,7
68494,ext_c902db7e,0,95,107,8
68494,ext_ca1ae148,0,59,107,28
68494,ext_cab3c6da,0,63,107,19
68494,ext_cb0cdfe7,0,59,107,25
68494,ext_cb3a9781,0,59,107,25
68494,ext_cba9cd1b,0,95,107,8
68494,ext_cd778b2f,0,68,107,15
68494,ext_cdb8dce2,0,59,71,12
68494,ext_cfbfe253,0,96,107,7
68494,ext_d03a5715,0,59,107,23
68494,ext_d173b2b8,0,59,107,23
68494,ext_d1e474e4,0,59,96,17
68494,ext_d2e08288,0,95,107,8
68494,ext_d326eae5,0,88,107,10
68494,ext_d39df99d,0,59,107,25
68494,ext_d3b9ee6b,0,69,107,14
68494,ext_d80eb1a9,0,59,107,23
68494,ext_d94a679f,0,59,107,25
68494,ext_db54866f,0,81,107,11
68494,ext_dc650808,0,59,107,25
68494,ext_ddb5cf56,0,59,107,25
68494,ext_df47e211,0,59,107,25
68494,ext_e0d6aedf,0,59,107,23
68494,ext_e5d9d24b,0,59,107,25
68494,ext_e5fbcd53,0,59,107,25
68494,ext_e782bf44,0,59,107,24
68494,ext_e8c0de1c,0,59,107,23
68494,ext_e9d0fd9b,0,59,107,28
68494,ext_ea81e981,0,59,107,23
68494,ext_eba2dea4,0,95,107,8
68494,ext_ebd7a9be,0,59,107,23
68494,ext_ec28a5bd,0,107,107,1
68494,ext_ec97dd54,0,59,107,26
68494,ext_ee09c4e4,0,59,107,23
68494,ext_efa134f8,0,59,107,25
68494,ext_f1c1a1b0,0,59,107,25
68494,ext_f272b89e,0,59,107,24
68494,ext_f35399d6,0,59,107,25
68494,ext_f3bc1896,0,59,107,25
68494,ext_f5011f1c,0,59,107,23
68494,ext_f6fe20dd,0,59,107,26
68494,ext_f78bdcf1,0,59,107,25
68494,ext_f7d467a3,0,59,107,23
68494,ext_f88870d2,0,71,76,2
68494,ext_fa09d631,0,59,107,23
68494,ext_fa9807d1,0,59,107,25
68494,ext_fc1e16a4,0,59,107,23
68494,ext_fccf8b76,0,59,107,25
68494,ext_fd654bf2,0,59,107,25
68494,ext_fee86ae7,0,59,107,24
68494,ext_ff348c2b,0,62,107,20
68533,68533,1,60,102,18
68533,86009,1,60,102,19
68533,86237,1,60,102,20
68533,ext_00177482,0,60,102,19
68533,ext_017f7314,0,60,102,18
68533,ext_02144a76,0,60,102,18
68533,ext_02ff7881,0,60,102,17
68533,ext_03757992,0,60,102,20
68533,ext_0637d8e9,0,60,102,18
68533,ext_06a2bc49,0,60,102,19
68533,ext_06f07d29,0,60,102,18
68533,ext_0767cd5b,0,60,102,22
68533,ext_08f7f946,0,60,102,20
68533,ext_0966a7e9,0,60,102,23
68533,ext_0b82d752,0,60,102,18
68533,ext_0bcc6a4b,0,72,102,11
68533,ext_0bfd993d,0,60,102,18
68533,ext_0ce9c6e3,0,60,102,18
68533,ext_0cee10ff,0,60,102,19
68533,ext_0da3bdc6,0,102,102,1
68533,ext_0ebbfe4b,0,60,102,18
68533,ext_0f8d07b3,0,60,102,18
68533,ext_0fad1c6d,0,60,102,20
68533,ext_0ffdbd3b,0,60,102,19
68533,ext_10ed34de,0,65,102,11
68533,ext_11f07ebe,0,60,102,18
68533,ext_12b68612,0,86,102,4
68533,ext_12dcc83e,0,88,102,3
68533,ext_12e2e0db,0,60,102,18
68533,ext_140ec0c3,0,60,102,20
68533,ext_14d04e4f,0,102,102,1
68533,ext_14d319ac,0,60,102,18
68533,ext_14db01cf,0,60,102,24
68533,ext_14f0f38c,0,60,102,20
68533,ext_153377b9,0,60,102,19
68533,ext_162c34d0,0,60,102,20
68533,ext_16e1328a,0,60,102,19
68533,ext_181696fa,0,60,102,20
68533,ext_18a0fcbc,0,60,102,22
68533,ext_191a6a61,0,88,102,3
68533,ext_1becc26e,0,60,102,20
68533,ext_1ce06d5f,0,60,102,20
68533,ext_1d71b921,0,60,102,17
68533,ext_1eb89fc1,0,60,102,24
68533,ext_1ed87388,0,60,102,17
68533,ext_1f8f7017,0,60,102,18
68533,ext_20cf104b,0,60,102,20
68533,ext_21608c22,0,64,102,14
68533,ext_239a09e9,0,60,102,18
68533,ext_24ad44dd,0,75,102,8
68533,ext_25015d31,0,60,102,20
68533,ext_266b523b,0,60,102,20
68533,ext_27dff60c,0,60,102,19
68533,ext_283ecfa6,0,60,102,20
68533,ext_288304bb,0,60,102,19
68533,ext_29d267a6,0,60,102,18
68533,ext_2c9012b9,0,60,102,20
68533,ext_2d5aeadf,0,60,102,19
68533,ext_2eefdf4a,0,60,102,20
68533,ext_2f87bec1,0,60,102,18
68533,ext_316ea620,0,60,102,17
68533,ext_3339d7de,0,60,102,23
68533,ext_33507ba7,0,85,102,6
68533,ext_3397d02d,0,60,102,24
68533,ext_34603767,0,60,102,17
68533,ext_34becc16,0,60,102,22
68533,ext_369c907e,0,60,102,18
68533,ext_382e7590,0,88,102,3
68533,ext_38dcf04e,0,60,102,19
68533,ext_392cdf54,0,60,102,20
68533,ext_3d082ce2,0,60,102,17
68533,ext_3d7171ed,0,60,102,20
68533,ext_3dfef290,0,60,102,17
68533,ext_3e28c505,0,60,102,22
68533,ext_40727077,0,60,102,20
68533,ext_4114c0e2,0,60,102,20
68533,ext_42a49c54,0,60,102,18
68533,ext_42fc4a67,0,60,102,19
68533,ext_43327d26,0,60,102,22
68533,ext_4438c5b1,0,72,102,10
68533,ext_44715080,0,75,102,8
68533,ext_449021f9,0,60,102,19
68533,ext_4547b89e,0,60,102,24
68533,ext_45c37b30,0,60,102,20
68533,ext_45dbb070,0,85,102,6
68533,ext_45ddf4aa,0,85,102,5
68533,ext_474cb1bf,0,60,102,18
68533,ext_47c93f08,0,60,102,20
68533,ext_4886e9cc,0,60,102,19
68533,ext_48e8af0d,0,60,102,18
68533,ext_48fb0108,0,60,102,20
68533,ext_491251dc,0,60,102,20
68533,ext_4a905e06,0,60,102,17
68533,ext_4b4fd931,0,60,102,18
68533,ext_4c15f271,0,60,102,19
68533,ext_4c1bb26e,0,85,102,5
68533,ext_4ebfabdb,0,60,102,20
68533,ext_509fa34a,0,60,102,20
68533,ext_5171690d,0,60,102,17
68533,ext_52d9573f,0,60,102,20
68533,ext_53ec07f5,0,86,102,4
68533,ext_54a1a2c9,0,60,102,19
68533,ext_54a83d30,0,102,102,1
68533,ext_55cb95f9,0,60,102,24
68533,ext_55d68b2f,0,60,102,24
68533,ext_5782486b,0,60,102,18
68533,ext_57be2162,0,60,102,20
68533,ext_585f0aad,0,60,102,18
68533,ext_5973afc2,0,60,102,18
68533,ext_5a4bcc6d,0,60,102,17
68533,ext_5b09bf80,0,60,102,18
68533,ext_5c9f9d5b,0,60,102,20
68533,ext_5e5b13b8,0,60,102,18
68533,ext_5ee123a3,0,62,102,15
68533,ext_5f2fe4c3,0,60,102,19
68533,ext_5f8b1341,0,60,102,20
68533,ext_602573e5,0,60,102,19
68533,ext_60aa128e,0,60,102,18
68533,ext_61bb0116,0,60,102,18
68533,ext_62f1f125,0,60,102,18
68533,ext_63cbf46f,0,60,102,20
68533,ext_647542c5,0,60,102,20
68533,ext_647679a8,0,60,102,18
68533,ext_648fee12,0,60,102,20
68533,ext_65fa345c,0,60,102,20
68533,ext_69d5b8aa,0,60,102,24
68533,ext_6bbb24b7,0,60,102,18
68533,ext_6c06e4d8,0,60,102,18
68533,ext_6c980c0f,0,60,102,19
68533,ext_6ccd02fd,0,60,72,9
68533,ext_6cdf7296,0,60,102,18
68533,ext_6dc0a26d,0,60,102,19
68533,ext_6e100700,0,102,102,1
68533,ext_6e3c79fe,0,60,102,18
68533,ext_6ee90af7,0,60,102,19
68533,ext_719fc7bd,0,60,72,8
68533,ext_71f03989,0,86,102,4
68533,ext_73513fc4,0,60,102,22
68533,ext_745b4fcd,0,60,102,18
68533,ext_74c62d6c,0,60,102,24
68533,ext_75240bfd,0,60,102,21
68533,ext_75912c54,0,60,102,17
68533,ext_75afdfad,0,60,102,19
68533,ext_764a5491,0,60,102,18
68533,ext_765c60e9,0,60,102,17
68533,ext_7726e13e,0,60,102,18
68533,ext_796c69cd,0,60,102,18
68533,ext_797c461e,0,78,102,7
68533,ext_7c85fbe2,0,62,102,15
68533,ext_7db9a328,0,60,102,20
68533,ext_7e184fbc,0,54,58,2
68533,ext_7e482b5b,0,60,102,18
68533,ext_7e51e0e9,0,60,102,20
68533,ext_7fd1732d,0,60,102,22
68533,ext_7fe369d8,0,60,102,22
68533,ext_801197ee,0,60,102,20
68533,ext_8037b00b,0,60,102,19
68533,ext_80f89f1c,0,86,102,4
68533,ext_81aad96c,0,60,102,22
68533,ext_8210549f,0,60,102,20
68533,ext_8221ba82,0,60,102,18
68533,ext_825008bc,0,60,102,18
68533,ext_83ce86b2,0,60,102,20
68533,ext_8502bfd2,0,60,102,17
68533,ext_850dc3a6,0,60,102,20
68533,ext_8510b75f,0,60,102,19
68533,ext_85e9ce73,0,60,102,22
68533,ext_86557164,0,60,102,20
68533,ext_88a8590c,0,60,102,19
68533,ext_892b23cf,0,60,102,20
68533,ext_89b10879,0,60,102,18
68533,ext_8b769917,0,60,102,17
68533,ext_8bfddfd9,0,60,102,18
68533,ext_8cb162aa,0,60,102,20
68533,ext_8d49a2fa,0,60,102,18
68533,ext_8d936d03,0,60,102,24
68533,ext_8da68869,0,60,102,20
68533,ext_8df91943,0,60,102,18
68533,ext_8f2d7a7a,0,60,102,18
68533,ext_8ff50d7c,0,86,102,4
68533,ext_908c042b,0,60,102,20
68533,ext_90fc41fb,0,60,102,18
68533,ext_91d57de0,0,60,102,20
68533,ext_96bc7a44,0,60,102,18
68533,ext_970fd682,0,60,102,20
68533,ext_97716e73,0,60,102,18
68533,ext_9922122a,0,60,102,18
68533,ext_9a1e02c8,0,60,102,18
68533,ext_9a7b2995,0,60,102,18
68533,ext_9a84cb4f,0,60,102,20
68533,ext_9aa4da70,0,60,102,18
68533,ext_9b0b4896,0,60,102,17
68533,ext_9b9ac518,0,60,102,18
68533,ext_9bd7ffcb,0,60,102,20
68533,ext_9d100415,0,60,102,20
68533,ext_9e87d974,0,60,102,19
68533,ext_9eb55a3c,0,60,102,18
68533,ext_9f1fbba3,0,60,102,18
68533,ext_9f30a6e3,0,60,102,17
68533,ext_a10a36ce,0,60,102,21
68533,ext_a217a49b,0,60,102,22
68533,ext_a2778c01,0,60,102,22
68533,ext_a2b3dc9c,0,60,102,20
68533,ext_a2e761be,0,60,102,24
68533,ext_a3897ad9,0,60,102,17
68533,ext_a5500f53,0,60,102,18
68533,ext_a5dd6eba,0,60,102,17
68533,ext_a6687146,0,60,102,20
68533,ext_a66ccf8e,0,60,102,20
68533,ext_a702b0b4,0,102,102,1
68533,ext_a71ba120,0,60,102,20
68533,ext_a75a085a,0,60,102,18
68533,ext_a81a95e0,0,60,102,20
68533,ext_a81b83d3,0,60,102,24
68533,ext_a84297d2,0,60,102,20
68533,ext_a8c855ed,0,60,102,18
68533,ext_a99a38d5,0,60,102,20
68533,ext_ab0fccb2,0,60,102,22
68533,ext_ab1f5897,0,60,102,19
68533,ext_ac014cdb,0,60,102,20
68533,ext_acbf97ec,0,60,102,20
68533,ext_ae0ce90c,0,60,102,24
68533,ext_ae5c0215,0,60,102,19
68533,ext_aec3db86,0,60,102,18
68533,ext_af8b454f,0,60,102,24
68533,ext_afaa7a01,0,60,102,18
68533,ext_b0a5085d,0,60,102,18
68533,ext_b2180fc6,0,60,102,18
68533,ext_b4147245,0,60,102,19
68533,ext_b43ba3e4,0,60,102,20
68533,ext_b6532080,0,60,102,19
68533,ext_b859dedd,0,60,102,18
68533,ext_b8dafa06,0,60,102,18
68533,ext_b8dd87fb,0,60,102,20
68533,ext_b9dddbce,0,60,102,22
68533,ext_bc773d61,0,60,102,19
68533,ext_bce58b6d,0,60,102,20
68533,ext_be8aaf43,0,60,102,22
68533,ext_be8ddfd7,0,60,102,20
68533,ext_bed2e93c,0,60,102,19
68533,ext_bf375155,0,60,102,20
68533,ext_bf730314,0,61,102,16
68533,ext_c1a8e9d4,0,60,102,20
68533,ext_c252a52c,0,62,102,15
68533,ext_c2adcead,0,60,102,22
68533,ext_c2b46ae8,0,72,102,10
68533,ext_c3121392,0,60,102,17
68533,ext_c35e466e,0,60,102,18
68533,ext_c366d63a,0,88,102,3
68533,ext_c4980b6e,0,60,102,24
68533,ext_c4f4ab21,0,60,102,18
68533,ext_c6390e9f,0,60,102,18
68533,ext_c688e7e3,0,60,102,19
68533,ext_c79d2fa1,0,60,102,18
68533,ext_c8175bbc,0,60,102,19
68533,ext_c82f9264,0,60,102,18
68533,ext_c89eadf7,0,60,102,18
68533,ext_c916f6fb,0,60,102,24
68533,ext_c9d14e1f,0,60,102,18
68533,ext_ca01555b,0,60,102,18
68533,ext_ca108877,0,60,102,20
68533,ext_ca181c5c,0,60,102,18
68533,ext_ca82031d,0,60,102,18
68533,ext_caae2599,0,60,102,17
68533,ext_cb5cdd7b,0,60,68,8
68533,ext_cdb32953,0,60,102,19
68533,ext_cdfee282,0,60,102,20
68533,ext_ced9f484,0,60,102,18
68533,ext_d0097896,0,60,102,19
68533,ext_d133390e,0,60,102,20
68533,ext_d1c513d7,0,60,102,19
68533,ext_d217e48b,0,60,102,19
68533,ext_d2a9b127,0,78,102,7
68533,ext_d365ab6a,0,60,102,18
68533,ext_d38b2e7d,0,60,102,20
68533,ext_d4a2e5bd,0,60,102,19
68533,ext_d4f63211,0,60,102,19
68533,ext_d51155a1,0,60,102,20
68533,ext_d520d5b3,0,88,102,3
68533,ext_d57b0a47,0,75,102,8
68533,ext_d59fc6e9,0,86,102,4
68533,ext_d69c46eb,0,60,102,24
68533,ext_d700a9a1,0,60,102,18
68533,ext_d87d1a02,0,60,102,20
68533,ext_d8e993d0,0,90,102,2
68533,ext_d9c33e73,0,60,102,19
68533,ext_da1cfaa3,0,60,72,9
68533,ext_da2bfb7a,0,86,102,4
68533,ext_da631ea6,0,60,102,24
68533,ext_dcb964ad,0,60,102,18
68533,ext_dd711eb5,0,88,102,3
68533,ext_de593ec5,0,60,102,19
68533,ext_def003d0,0,60,102,20
68533,ext_df1cc02c,0,60,102,18
68533,ext_df5adcc7,0,60,102,18
68533,ext_dfc4f9c6,0,88,102,3
68533,ext_e0fb67e8,0,60,102,18
68533,ext_e2ada28a,0,60,102,20
68533,ext_e2b682f7,0,60,102,24
68533,ext_e2b7bcb1,0,85,102,5
68533,ext_e2bcac67,0,60,102,20
68533,ext_e2c00674,0,60,102,24
68533,ext_e2fdf307,0,88,102,3
68533,ext_e3ee744b,0,60,102,20
68533,ext_e3f8bfe4,0,60,102,18
68533,ext_e45c1cda,0,60,102,18
68533,ext_e51e4639,0,60,102,18
68533,ext_e52f1094,0,60,102,18
68533,ext_e59632b0,0,60,102,20
68533,ext_e6a5c377,0,88,102,3
68533,ext_e7ac353c,0,60,102,19
68533,ext_e8167c5b,0,60,102,19
68533,ext_e9d2ed08,0,60,102,18
68533,ext_e9def6de,0,78,102,7
68533,ext_ea48482f,0,60,102,23
68533,ext_ea634faa,0,60,102,18
68533,ext_ea7dff15,0,60,102,17
68533,ext_eabef8b5,0,60,102,18
68533,ext_ee06251f,0,60,102,24
68533,ext_efc1bbee,0,60,102,18
68533,ext_f05c9ca8,0,60,102,19
68533,ext_f0f8d83d,0,102,102,1
68533,ext_f102c51f,0,60,102,17
68533,ext_f1131900,0,60,102,20
68533,ext_f177a242,0,102,102,1
68533,ext_f28bdf19,0,102,102,1
68533,ext_f2eb854f,0,60,102,19
68533,ext_f39d78c2,0,60,102,19
68533,ext_f3db58df,0,60,102,19
68533,ext_f43df344,0,60,102,24
68533,ext_f48b89ee,0,60,102,19
68533,ext_f4fffade,0,60,102,19
68533,ext_f522d770,0,88,102,3
68533,ext_f53d4d10,0,60,102,18
68533,ext_f6888347,0,60,102,18
68533,ext_f73ee9b1,0,60,102,18
68533,ext_f7760428,0,60,102,18
68533,ext_f9d90e41,0,60,102,20
68533,ext_fa66b451,0,60,102,18
68533,ext_fa9c33d5,0,60,102,21
68533,ext_fc8ab320,0,60,102,20
68533,ext_fe2c0ea1,0,60,102,20
68533,ext_fe9ef54e,0,102,102,1
68633,10841,1,59,130,49
68633,20905,1,80,130,29
68633,46021,1,127,130,4
68633,53275,1,91,130,21
68633,68494,1,59,130,49
68633,ext_00895bca,0,63,130,45
68633,ext_04662279,0,126,130,5
68633,ext_06fee3fd,0,105,130,13
68633,ext_0a4fe8c5,0,127,130,4
68633,ext_0a8545f6,0,70,130,38
68633,ext_14c53acc,0,59,130,49
68633,ext_194a81c6,0,59,130,49
68633,ext_1bfc016c,0,75,130,33
68633,ext_1ca095a4,0,90,130,22
68633,ext_1d2094d4,0,129,130,2
68633,ext_217501db,0,129,130,2
68633,ext_2290c824,0,59,130,49
68633,ext_2292aa4a,0,95,130,17
68633,ext_257a48d7,0,95,130,17
68633,ext_295037f0,0,59,130,49
68633,ext_2a7fa0ad,0,79,130,30
68633,ext_3648bae0,0,127,130,4
68633,ext_3f1ad6e9,0,59,130,49
68633,ext_4294fd61,0,82,130,27
68633,ext_55368504,0,59,59,1
68633,ext_5726acce,0,64,130,44
68633,ext_63360296,0,124,130,6
68633,ext_638366c4,0,66,130,42
68633,ext_69aaa44a,0,75,130,33
68633,ext_6b3add17,0,67,130,41
68633,ext_6e68d4c3,0,67,130,41
68633,ext_75d0d17e,0,127,130,4
68633,ext_7beb5f17,0,59,116,43
68633,ext_7f3d9934,0,59,130,49
68633,ext_8204b292,0,127,130,4
68633,ext_8279d239,0,129,130,2
68633,ext_8492880a,0,75,130,33
68633,ext_850f376e,0,71,130,37
68633,ext_88e39856,0,59,130,49
68633,ext_8957a87b,0,67,104,28
68633,ext_8ae75995,0,79,130,30
68633,ext_8c1177f4,0,124,130,6
68633,ext_8e02b202,0,59,130,49
68633,ext_95d8629b,0,59,130,49
68633,ext_9b76fb8a,0,62,130,46
68633,ext_9bc7104a,0,59,130,49
68633,ext_a178a2f2,0,59,130,49
68633,ext_aa6dfeaa,0,59,130,49
68633,ext_aaa16d38,0,74,130,34
68633,ext_aea98d5d,0,129,130,2
68633,ext_af37a32e,0,59,130,49
68633,ext_b32c53cf,0,59,130,49
68633,ext_b3f7aaea,0,71,130,37
68633,ext_b67785ff,0,59,130,49
68633,ext_ba97a99b,0,59,130,49
68633,ext_c2e0bfe3,0,92,130,20
68633,ext_c2e53917,0,59,130,49
68633,ext_c869c04f,0,59,130,49
68633,ext_ce1ee33c,0,60,130,48
68633,ext_cec8ada9,0,59,66,8
68633,ext_d415adf2,0,128,130,3
68633,ext_ebc36a9c,0,77,130,31
68633,ext_f0c58da1,0,129,130,2
68633,ext_f3f7fb7a,0,61,130,47
68633,ext_f47d5770,0,130,130,1
68633,ext_f5011f1c,0,64,130,44
68633,ext_f8b979c6,0,59,130,49
68633,ext_fa3ddb29,0,59,130,49
69065,50869,1,66,95,18
69065,ext_01be0ee6,0,66,95,18
69065,ext_02125e13,0,66,125,21
69065,ext_026f8da8,0,66,128,22
69065,ext_028277c3,0,60,129,24
69065,ext_05b0184b,0,60,129,24
69065,ext_097608b3,0,60,129,24
69065,ext_09ab03da,0,60,129,24
69065,ext_0a8f6571,0,94,95,2
69065,ext_0ab0736c,0,60,129,24
69065,ext_0aefc7f1,0,60,129,24
69065,ext_0d8ee66f,0,66,95,18
69065,ext_0e33fbfe,0,66,95,18
69065,ext_0f85d24e,0,66,95,18
69065,ext_149656f9,0,60,129,24
69065,ext_157f84a6,0,60,129,25
69065,ext_15b2c3a5,0,60,129,24
69065,ext_18aa8fbb,0,66,95,18
69065,ext_18d65e3e,0,60,129,24
69065,ext_193db34f,0,60,129,24
69065,ext_1cc49960,0,66,95,18
69065,ext_1cf03dc5,0,60,125,22
69065,ext_1ef520c7,0,66,125,21
69065,ext_2117a167,0,66,95,18
69065,ext_213dcb02,0,66,125,21
69065,ext_217501db,0,85,95,10
69065,ext_22286a4e,0,66,95,18
69065,ext_247d388a,0,66,125,21
69065,ext_247d3955,0,60,95,21
69065,ext_2c6dc588,0,60,125,22
69065,ext_2d70b1c1,0,84,95,11
69065,ext_2e62d90c,0,66,95,18
69065,ext_2f307c74,0,60,129,24
69065,ext_33507ba7,0,72,95,17
69065,ext_33f1a84d,0,66,125,21
69065,ext_34a98434,0,60,129,24
69065,ext_35a3ea06,0,60,129,24
69065,ext_360d6cea,0,60,125,22
69065,ext_3723d98c,0,60,129,24
69065,ext_37a3587d,0,66,95,18
69065,ext_39d4e7db,0,60,129,24
69065,ext_39f1ef46,0,60,129,24
69065,ext_39fc222e,0,66,95,18
69065,ext_3b07d6c5,0,60,129,24
69065,ext_3cdc9f6f,0,66,125,21
69065,ext_3d082ce2,0,82,95,13
69065,ext_3e7c8f7c,0,66,95,18
69065,ext_3f6c69e2,0,60,129,27
69065,ext_3fd304c2,0,66,95,18
69065,ext_4028f45d,0,66,95,18
69065,ext_424ef143,0,66,95,18
69065,ext_438d8141,0,66,95,18
69065,ext_441b993a,0,66,95,18
69065,ext_45c37b30,0,66,95,18
69065,ext_480b96e4,0,66,95,18
69065,ext_48be7442,0,66,125,21
69065,ext_48dab6d2,0,60,129,24
69065,ext_4939baed,0,66,95,18
69065,ext_4a3da37c,0,66,125,21
69065,ext_4d11b256,0,66,125,21
69065,ext_50c869bd,0,78,95,15
69065,ext_51edf5cc,0,66,95,18
69065,ext_55161bd4,0,37,95,25
69065,ext_55abb439,0,60,129,24
69065,ext_582a2fd1,0,77,95,16
69065,ext_58c069d2,0,60,129,24
69065,ext_595059b6,0,93,95,3
69065,ext_5b3137f3,0,66,125,21
69065,ext_5be1b811,0,66,95,18
69065,ext_5c04e4fd,0,66,125,21
69065,ext_5cb344d5,0,82,95,13
69065,ext_5cec193d,0,60,129,24
69065,ext_5d63b541,0,94,95,2
69065,ext_5e11c707,0,66,95,18
69065,ext_60c871aa,0,93,95,3
69065,ext_60f455f5,0,60,95,21
69065,ext_611f9bb9,0,60,125,22
69065,ext_61e9a461,0,72,95,17
69065,ext_6234bec9,0,66,95,18
69065,ext_62b5dfcf,0,77,95,16
69065,ext_63e12426,0,66,125,21
69065,ext_64d86039,0,60,129,26
69065,ext_67780712,0,93,95,3
69065,ext_67a54848,0,66,95,18
69065,ext_6bf876ce,0,60,129,25
69065,ext_6da699d7,0,66,95,18
69065,ext_6e9fce2d,0,60,129,27
69065,ext_71d03ae0,0,66,125,21
69065,ext_74a4b653,0,66,95,18
69065,ext_75f6e977,0,72,95,17
69065,ext_75fea38d,0,66,95,18
69065,ext_765460c6,0,60,129,24
69065,ext_7714e0f3,0,60,129,24
69065,ext_79468b92,0,72,95,17
69065,ext_795868f3,0,66,125,21
69065,ext_79fce6dd,0,66,95,18
69065,ext_7a01f845,0,66,95,18
69065,ext_7af7c024,0,66,95,18
69065,ext_7b19f120,0,77,95,16
69065,ext_7d38525f,0,60,129,25
69065,ext_7de5752c,0,66,95,18
69065,ext_7dec0a13,0,66,95,18
69065,ext_7fb2438c,0,60,129,24
69065,ext_8270780b,0,60,128,23
69065,ext_8307bede,0,60,129,24
69065,ext_853ab985,0,60,129,24
69065,ext_8548c082,0,66,125,21
69065,ext_86f9f537,0,60,125,22
69065,ext_870e9a24,0,66,95,18
69065,ext_893694de,0,86,95,9
69065,ext_8af48f03,0,66,95,18
69065,ext_8f2a67ee,0,60,129,24
69065,ext_8fc55d79,0,66,125,21
69065,ext_90206524,0,66,95,18
69065,ext_90b83d84,0,66,95,18
69065,ext_90fc41fb,0,66,95,18
69065,ext_9197ddc3,0,66,95,18
69065,ext_93036ae5,0,66,95,18
69065,ext_93a46a11,0,66,95,18
69065,ext_9b41afe2,0,66,95,18
69065,ext_9e2aa692,0,66,125,21
69065,ext_9f890d8a,0,78,95,15
69065,ext_9f89d9a9,0,60,129,24
69065,ext_9fc43afe,0,66,125,21
69065,ext_a4d4f291,0,60,129,27
69065,ext_a8adc62b,0,60,129,24
69065,ext_a8cbb905,0,66,95,18
69065,ext_a906cb6f,0,66,125,21
69065,ext_a9b05602,0,66,95,18
69065,ext_ac7f9835,0,66,95,18
69065,ext_ace4b8bd,0,72,95,17
69065,ext_aeee159f,0,66,95,18
69065,ext_af43cb38,0,66,95,18
69065,ext_b0d38909,0,66,95,18
69065,ext_b304114b,0,60,129,24
69065,ext_b5d11bda,0,60,125,22
69065,ext_b68728cf,0,66,95,18
69065,ext_b78d35ee,0,82,95,13
69065,ext_b7c4c8d6,0,66,125,21
69065,ext_b9b6b039,0,60,129,24
69065,ext_baebb776,0,66,95,18
69065,ext_be66abeb,0,60,129,24
69065,ext_bfc24cb3,0,60,129,24
69065,ext_c0d20921,0,60,129,24
69065,ext_c1860131,0,66,125,21
69065,ext_c284c1de,0,60,129,24
69065,ext_c341ad5e,0,60,129,24
69065,ext_c5ab204d,0,66,95,18
69065,ext_c700f906,0,60,129,24
69065,ext_c8daa451,0,60,129,24
69065,ext_ca108877,0,66,95,18
69065,ext_ca905683,0,82,95,13
69065,ext_ca9ccb21,0,66,125,21
69065,ext_cb2aab7c,0,60,125,22
69065,ext_cbc27075,0,60,129,24
69065,ext_cc053d48,0,60,129,27
69065,ext_cdcf768c,0,66,95,18
69065,ext_cfb33bcc,0,66,125,21
69065,ext_d11c7866,0,66,125,21
69065,ext_d1761dc2,0,60,129,24
69065,ext_d17cb783,0,60,125,22
69065,ext_d3c6ce96,0,78,95,15
69065,ext_d3dfd32a,0,66,95,18
69065,ext_d4bd3af8,0,66,125,21
69065,ext_d82b6c97,0,66,125,21
69065,ext_d8c3f66f,0,60,129,27
69065,ext_d9e0c96d,0,66,125,21
69065,ext_dac52dc8,0,93,95,3
69065,ext_de58f6d1,0,60,125,22
69065,ext_e1590a8d,0,72,95,17
69065,ext_e2a885d0,0,66,125,21
69065,ext_e8fe3a8c,0,60,129,27
69065,ext_e964630b,0,60,129,26
69065,ext_eb4f6a47,0,82,95,13
69065,ext_eba9788f,0,60,129,24
69065,ext_ed4989ce,0,60,129,27
69065,ext_edfa75a5,0,66,125,21
69065,ext_f5270238,0,60,129,24
69065,ext_f662fdd5,0,60,125,22
69065,ext_f924bdd7,0,66,125,21
69065,ext_f935e4b7,0,60,129,24
69065,ext_fa1b7b8b,0,60,129,27
69065,ext_fa594b14,0,88,95,7
70889,16313,1,60,105,43
70889,30952,1,88,105,17
70889,48990,1,75,105,29
70889,80058,1,85,105,20
70889,ext_008885c1,0,84,105,21
70889,ext_0369b56e,0,60,105,43
70889,ext_040a3db8,0,60,105,43
70889,ext_08400504,0,61,105,42
70889,ext_08d7122c,0,79,105,26
70889,ext_0eba1160,0,85,105,20
70889,ext_116b24f8,0,60,68,9
70889,ext_12701e89,0,88,105,17
70889,ext_1a4be61a,0,60,105,43
70889,ext_1c93ee3e,0,77,105,28
70889,ext_1ca80fdf,0,71,105,33
70889,ext_1d0a9761,0,83,105,22
70889,ext_2063bec4,0,60,105,43
70889,ext_20bceb4f,0,60,105,43
70889,ext_20d53ea5,0,74,105,30
70889,ext_2160b930,0,60,105,43
70889,ext_284cc699,0,68,105,35
70889,ext_28aa8b85,0,74,105,30
70889,ext_29d8b90e,0,68,105,35
70889,ext_2e47fc12,0,60,105,43
70889,ext_31f4495a,0,60,105,43
70889,ext_3847cc69,0,77,105,28
70889,ext_38b89eaf,0,74,105,30
70889,ext_39589c3c,0,68,105,35
70889,ext_39c9a1e0,0,86,105,19
70889,ext_39dbf691,0,60,105,43
70889,ext_424141f4,0,60,105,43
70889,ext_45c37b30,0,60,105,43
70889,ext_46ae61ba,0,60,105,43
70889,ext_473133cb,0,60,105,43
70889,ext_4ed9b880,0,74,105,30
70889,ext_508575f3,0,60,105,42
70889,ext_5312a731,0,60,105,43
70889,ext_53fc20fd,0,60,105,43
70889,ext_54c045d1,0,79,105,26
70889,ext_560844d4,0,90,105,15
70889,ext_567fbe9a,0,60,105,43
70889,ext_56d26833,0,60,93,32
70889,ext_5868c3e4,0,60,105,43
70889,ext_5a899728,0,81,105,24
70889,ext_63911638,0,60,105,43
70889,ext_665b72aa,0,60,105,43
70889,ext_6689e24b,0,60,105,43
70889,ext_687e21b1,0,60,69,10
70889,ext_6ab05625,0,60,105,43
70889,ext_6cb60895,0,88,105,17
70889,ext_7150dffd,0,60,105,43
70889,ext_71e9f9d6,0,63,105,40
70889,ext_782c5788,0,65,105,38
70889,ext_78e2bf68,0,61,105,42
70889,ext_7a20b30e,0,61,105,42
70889,ext_7f630442,0,60,105,43
70889,ext_7ffbb530,0,60,105,43
70889,ext_83a005e5,0,60,105,43
70889,ext_86a0e16f,0,60,105,43
70889,ext_88eb7998,0,85,105,20
70889,ext_8bc560e5,0,60,105,43
70889,ext_8dbe4755,0,75,105,29
70889,ext_8f33ef68,0,84,105,21
70889,ext_8f4939e7,0,66,105,37
70889,ext_90edc7a6,0,89,105,16
70889,ext_91555e5b,0,75,105,29
70889,ext_91c09a83,0,60,105,43
70889,ext_96a9d5c5,0,60,105,43
70889,ext_9b1dee75,0,60,105,43
70889,ext_9b9c40af,0,60,105,43
70889,ext_9be90bbe,0,86,105,19
70889,ext_9c76f6d3,0,60,105,43
70889,ext_a0a72df7,0,60,105,43
70889,ext_a18d8485,0,60,105,43
70889,ext_a1d99d28,0,60,105,43
70889,ext_a6a58243,0,60,105,43
70889,ext_a7fa86f7,0,60,105,43
70889,ext_aba3903d,0,97,105,9
70889,ext_ace64ec1,0,62,105,41
70889,ext_ace9c755,0,90,105,15
70889,ext_addd2b6a,0,60,105,43
70889,ext_af7f56d7,0,86,105,19
70889,ext_b00089b8,0,68,105,35
70889,ext_b06ea360,0,60,105,43
70889,ext_b2fbe572,0,60,105,43
70889,ext_b95ff14b,0,78,105,27
70889,ext_b9f14714,0,66,105,37
70889,ext_bf197689,0,60,105,43
70889,ext_c5f841bb,0,60,105,43
70889,ext_c7e71306,0,79,105,26
70889,ext_c7ebe591,0,60,105,43
70889,ext_cac0fcdf,0,66,105,37
70889,ext_cad545c0,0,60,105,43
70889,ext_cca30d99,0,60,105,43
70889,ext_ccb643d4,0,60,87,26
70889,ext_cfcee370,0,86,105,19
70889,ext_d0a9ec26,0,75,105,29
70889,ext_d3f66dab,0,79,105,26
70889,ext_d57b0a47,0,60,105,43
70889,ext_d65b0819,0,60,105,43
70889,ext_da1b80ec,0,60,105,43
70889,ext_dcc56326,0,73,105,31
70889,ext_dd09b0a0,0,60,105,43
70889,ext_dd6cb68a,0,60,105,43
70889,ext_e1bc9d59,0,60,105,43
70889,ext_e4fe9d76,0,60,105,43
70889,ext_e8c453d6,0,100,105,6
70889,ext_eb4443c4,0,60,60,1
70889,ext_ebbed88c,0,75,105,29
70889,ext_ed869404,0,71,105,33
70889,ext_f302e1e8,0,60,105,43
70889,ext_f49454bc,0,60,105,43
70889,ext_f50c6689,0,60,105,43
70889,ext_f64e5b8e,0,60,105,43
70889,ext_fb825bb9,0,60,105,43
70889,ext_fbf1560a,0,60,105,43
70889,ext_fbf5f67c,0,60,105,43
70889,ext_fef794ff,0,90,105,15
70889,ext_ff4f38ac,0,60,105,43
71187,ext_057818e0,0,62,69,7
71187,ext_074bcd78,0,62,69,7
71187,ext_0aac73ee,0,62,69,7
71187,ext_0d58331b,0,62,71,8
71187,ext_116341e2,0,62,69,7
71187,ext_1fb133cb,0,62,71,8
71187,ext_22d4b56f,0,62,69,7
71187,ext_2929621a,0,62,69,7
71187,ext_298eef89,0,62,71,10
71187,ext_2a1a52a4,0,62,69,7
71187,ext_2a8141cc,0,62,71,8
71187,ext_2be8daaf,0,62,72,11
71187,ext_2e74e657,0,62,69,7
71187,ext_3057fef6,0,62,71,8
71187,ext_36363289,0,62,69,7
71187,ext_367c0508,0,62,69,7
71187,ext_37e804d0,0,62,71,10
71187,ext_39718de9,0,62,69,7
71187,ext_3ff53bb6,0,62,71,8
71187,ext_40287c10,0,62,71,8
71187,ext_41271452,0,62,69,7
71187,ext_45c37b30,0,62,71,8
71187,ext_45f2b0e9,0,62,71,8
71187,ext_476c834c,0,69,69,1
71187,ext_48568cb3,0,69,69,1
71187,ext_48f16114,0,62,71,8
71187,ext_4991fc20,0,63,69,6
71187,ext_4f1073b8,0,62,69,7
71187,ext_5157c127,0,62,71,8
71187,ext_5480d403,0,62,69,7
71187,ext_55553bb2,0,62,71,10
71187,ext_56f96d48,0,62,71,8
71187,ext_5b19583b,0,62,72,11
71187,ext_5e241718,0,62,71,10
71187,ext_5e4d3f76,0,62,69,7
71187,ext_697d8e44,0,64,71,6
71187,ext_6c931950,0,62,69,7
71187,ext_6f63a556,0,62,71,8
71187,ext_6f902197,0,62,69,7
71187,ext_7328c0da,0,62,71,8
71187,ext_7e9566b6,0,62,71,8
71187,ext_8c53d880,0,62,71,8
71187,ext_8e33f6dc,0,62,71,8
71187,ext_91773622,0,62,71,8
71187,ext_9727cd6b,0,37,61,24
71187,ext_a02f4d03,0,62,69,7
71187,ext_a56bc472,0,62,69,7
71187,ext_aa96dc75,0,62,69,7
71187,ext_acb9b229,0,62,71,8
71187,ext_ad09070b,0,62,69,7
71187,ext_add94371,0,68,69,2
71187,ext_ade16d03,0,37,61,23
71187,ext_b070499b,0,62,69,7
71187,ext_badf4ab1,0,62,69,7
71187,ext_bfb728d1,0,64,69,5
71187,ext_c157384c,0,62,69,7
71187,ext_c1e72a7d,0,62,69,7
71187,ext_c618837b,0,62,69,7
71187,ext_c8ef1f4f,0,62,71,10
71187,ext_cc523645,0,62,69,7
71187,ext_cfc945dd,0,62,71,8
71187,ext_d030d081,0,62,71,8
71187,ext_d2e5df75,0,62,71,8
71187,ext_d3f801bd,0,62,69,7
71187,ext_d61091d3,0,62,69,7
71187,ext_d7dfe771,0,62,69,7
71187,ext_dbe262ae,0,62,71,10
71187,ext_e39a2d3a,0,62,71,8
71187,ext_e8e37dd8,0,62,69,7
71187,ext_ea3c03af,0,62,71,8
71187,ext_eb387697,0,62,69,7
71187,ext_f590e2f8,0,62,69,7
71187,ext_f5e75780,0,62,69,7
71187,ext_f632de44,0,62,69,7
71187,ext_f7823bfe,0,62,69,6
71187,ext_fb49cdcc,0,62,69,7
71187,ext_fc09a0b8,0,62,63,2
71518,39701,1,59,190,88
71518,48990,1,59,84,25
71518,50709,1,59,82,24
71518,74916,1,84,190,65
71518,ext_0000f28d,0,59,82,24
71518,ext_00ac68bd,0,137,190,38
71518,ext_01629e75,0,140,190,35
71518,ext_024ce0b3,0,59,190,36
71518,ext_02a6d8fa,0,59,82,24
71518,ext_03516a5c,0,59,82,24
71518,ext_0406f55d,0,137,190,38
71518,ext_04276ccc,0,134,190,41
71518,ext_04f94ab2,0,138,190,37
71518,ext_06844de7,0,138,190,37
71518,ext_0741a2ee,0,37,190,109
71518,ext_07e7387a,0,59,82,24
71518,ext_08d7122c,0,59,190,66
71518,ext_09ba6b3b,0,147,190,29
71518,ext_0a90b82c,0,160,190,17
71518,ext_0b56810d,0,59,82,24
71518,ext_0c06fcc5,0,59,190,78
71518,ext_0c81f1bd,0,59,140,54
71518,ext_0d0d5803,0,59,82,24
71518,ext_0d4049b5,0,59,82,24
71518,ext_0f221a19,0,152,190,25
71518,ext_11348eb8,0,167,190,12
71518,ext_11635388,0,59,190,88
71518,ext_1226aa0b,0,59,82,24
71518,ext_123c8315,0,59,82,24
71518,ext_12aae71e,0,59,82,24
71518,ext_14d6c7f4,0,138,190,37
71518,ext_1621cd7d,0,59,82,24
71518,ext_18a54b48,0,159,190,18
71518,ext_19aa2aea,0,142,190,33
71518,ext_1a7c4676,0,91,190,59
71518,ext_1c274418,0,148,154,6
71518,ext_1cad5ba6,0,59,190,78
71518,ext_1cc429d3,0,59,82,24
71518,ext_1dd6db49,0,59,82,24
71518,ext_1e3060f6,0,59,190,84
71518,ext_1f208685,0,59,82,24
71518,ext_1fd43382,0,59,190,78
71518,ext_2069a236,0,148,190,28
71518,ext_20aac718,0,59,190,88
71518,ext_20cffa48,0,59,190,78
71518,ext_232205b7,0,59,190,89
71518,ext_23f9c8c8,0,59,82,24
71518,ext_2417146f,0,59,82,24
71518,ext_26569999,0,91,190,59
71518,ext_279536fd,0,168,190,11
71518,ext_28173797,0,59,82,24
71518,ext_28e1b6b3,0,179,190,6
71518,ext_2b590b65,0,59,190,78
71518,ext_2b98c11f,0,59,82,24
71518,ext_2f193a35,0,59,82,24
71518,ext_2fc92766,0,59,190,61
71518,ext_313249f6,0,59,190,78
71518,ext_31a8bcf0,0,141,190,34
71518,ext_331d4792,0,59,190,78
71518,ext_34539417,0,129,190,46
71518,ext_34c688d6,0,130,190,45
71518,ext_35c9ada4,0,126,190,49
71518,ext_365a745c,0,59,190,87
71518,ext_383a6825,0,59,82,24
71518,ext_38624170,0,59,82,24
71518,ext_38a04e8f,0,121,190,54
71518,ext_38d7910d,0,77,96,17
71518,ext_399ffe7f,0,189,190,2
71518,ext_3a39030a,0,59,82,24
71518,ext_3aa3777a,0,91,190,59
71518,ext_3b2b17b4,0,84,190,65
71518,ext_3c80a4e3,0,59,190,78
71518,ext_3e732272,0,59,190,78
71518,ext_3f399bf3,0,133,190,42
71518,ext_401a4b4b,0,165,190,13
71518,ext_42b27bc5,0,65,82,18
71518,ext_447568cd,0,59,82,24
71518,ext_466cd9d3,0,148,190,28
71518,ext_46cf7ab9,0,169,190,10
71518,ext_485561f1,0,59,190,89
71518,ext_485942f3,0,137,190,38
71518,ext_48932cd6,0,59,82,24
71518,ext_4988c831,0,121,190,54
71518,ext_499a7efe,0,84,190,65
71518,ext_49fab83a,0,91,190,59
71518,ext_4c136da9,0,59,82,24
71518,ext_4cf44647,0,59,82,24
71518,ext_4e8e9317,0,157,190,20
71518,ext_4ef95d28,0,59,190,88
71518,ext_50c21165,0,75,82,8
71518,ext_51a26f25,0,59,190,89
71518,ext_526e0b6e,0,148,190,21
71518,ext_5312a731,0,59,82,24
71518,ext_55a41016,0,59,190,83
71518,ext_5611620e,0,142,190,33
71518,ext_56566264,0,138,190,37
71518,ext_575a43d4,0,59,190,87
71518,ext_5962d798,0,146,190,30
71518,ext_5a4177f8,0,59,82,24
71518,ext_5ad95a6c,0,145,190,31
71518,ext_5b7b11e3,0,157,190,20
71518,ext_5dcef857,0,59,190,85
71518,ext_5e65a5e3,0,59,190,83
71518,ext_5f3d4bae,0,59,190,78
71518,ext_5f9ca15a,0,129,190,46
71518,ext_6191f752,0,133,190,42
71518,ext_626ed404,0,82,190,66
71518,ext_642a8cef,0,151,190,26
71518,ext_644541a8,0,59,190,87
71518,ext_6666432e,0,59,82,24
71518,ext_669dcf68,0,172,190,8
71518,ext_68024428,0,129,190,46
71518,ext_689d7918,0,59,190,78
71518,ext_68df7aee,0,89,190,61
71518,ext_68f9ccd4,0,59,82,24
71518,ext_695aa67f,0,59,82,24
71518,ext_6ab9d20d,0,179,190,6
71518,ext_6acc8c73,0,59,190,83
71518,ext_6b72802a,0,65,82,18
71518,ext_6b8eaa26,0,59,82,24
71518,ext_6cc582e3,0,59,82,24
71518,ext_6da89d48,0,59,190,89
71518,ext_6fd4b5d5,0,84,96,11
71518,ext_70420d5c,0,129,190,46
71518,ext_713f1df9,0,59,82,24
71518,ext_730bb5af,0,59,190,78
71518,ext_73708992,0,59,82,24
71518,ext_74b2542d,0,141,190,34
71518,ext_74dc5df9,0,59,190,80
71518,ext_7710a6a2,0,138,190,37
71518,ext_771613d9,0,59,82,24
71518,ext_7762b3ce,0,59,82,24
71518,ext_77751964,0,129,190,46
71518,ext_781e2a2d,0,160,190,17
71518,ext_79d49d7f,0,189,190,2
71518,ext_7b93ed99,0,148,190,28
71518,ext_7e5f2c93,0,59,82,24
71518,ext_7fcbc6cf,0,59,82,24
71518,ext_802542b2,0,84,190,65
71518,ext_80fb32bb,0,59,190,30
71518,ext_8272e4fc,0,129,190,46
71518,ext_85399e26,0,91,190,59
71518,ext_8590159e,0,59,82,24
71518,ext_85df7e84,0,87,190,63
71518,ext_86ab6ef2,0,130,190,45
71518,ext_8852faff,0,87,190,63
71518,ext_88c6c478,0,121,190,54
71518,ext_896621b2,0,59,190,61
71518,ext_89b7a086,0,84,190,65
71518,ext_89d872ae,0,59,82,24
71518,ext_89dc06f3,0,124,190,51
71518,ext_8ac2000e,0,59,190,87
71518,ext_8b40fbdc,0,59,190,88
71518,ext_8ce6c8df,0,148,190,28
71518,ext_8db0039f,0,121,190,54
71518,ext_8dd5be0b,0,179,190,6
71518,ext_8e7c1f4a,0,138,190,37
71518,ext_907d4666,0,121,190,54
71518,ext_908131e8,0,137,190,38
71518,ext_925e47a5,0,59,82,24
71518,ext_95fdc439,0,59,190,89
71518,ext_9714f286,0,121,190,54
71518,ext_97220c89,0,159,190,18
71518,ext_9743ffce,0,59,82,24
71518,ext_97e07b5e,0,59,82,24
71518,ext_9a21a9bc,0,121,190,54
71518,ext_9a8bd855,0,59,82,24
71518,ext_9b301971,0,59,82,24
71518,ext_9bbd40b0,0,59,190,87
71518,ext_9c547897,0,179,190,6
71518,ext_9cbeeffc,0,91,190,59
71518,ext_9d009a97,0,121,190,54
71518,ext_9ed8d70e,0,165,190,13
71518,ext_9f7d357e,0,79,82,4
71518,ext_a14eb8a2,0,59,82,24
71518,ext_a18d8485,0,59,190,87
71518,ext_a1cdbe0b,0,75,190,62
71518,ext_a5ac1672,0,59,82,24
71518,ext_a5f36a57,0,85,190,64
71518,ext_a96baf37,0,157,190,20
71518,ext_aa4ceb71,0,59,82,24
71518,ext_acb9b229,0,140,190,35
71518,ext_ae0ce90c,0,59,82,24
71518,ext_ae8c78f9,0,121,190,54
71518,ext_b07a8df1,0,85,190,64
71518,ext_b1bbba5b,0,121,190,54
71518,ext_b21f3b00,0,59,190,30
71518,ext_b3507a36,0,59,82,24
71518,ext_b56938a8,0,133,190,42
71518,ext_b5d24900,0,121,190,54
71518,ext_b5d749d8,0,137,190,38
71518,ext_b7283274,0,59,190,78
71518,ext_b927c359,0,59,82,24
71518,ext_bab8a1dc,0,91,190,59
71518,ext_bd0a3a6a,0,59,82,24
71518,ext_be6051e5,0,59,82,24
71518,ext_c16fe589,0,59,82,24
71518,ext_c1fd91ec,0,59,190,71
71518,ext_c381cd8c,0,133,190,42
71518,ext_c38bca50,0,59,190,89
71518,ext_c457bdb9,0,59,82,24
71518,ext_c6b36092,0,138,190,37
71518,ext_c6beed80,0,156,190,21
71518,ext_c70b4337,0,169,190,10
71518,ext_c81bea4d,0,91,190,59
71518,ext_c82fa452,0,59,190,83
71518,ext_c89100a5,0,133,190,42
71518,ext_c8ebbe92,0,90,190,60
71518,ext_c9a6fd0d,0,59,82,24
71518,ext_caae1026,0,121,190,54
71518,ext_cd170588,0,59,190,89
71518,ext_ce283529,0,137,190,38
71518,ext_ceed0377,0,59,190,78
71518,ext_cf7e8bd3,0,59,82,24
71518,ext_d008974e,0,129,190,46
71518,ext_d0a1a61c,0,59,82,24
71518,ext_d16e81f7,0,59,82,24
71518,ext_d3bfcb46,0,61,190,87
71518,ext_d4d8030f,0,59,82,24
71518,ext_d70b0b01,0,59,190,78
71518,ext_da5ebe6d,0,155,190,22
71518,ext_da84f22e,0,149,190,27
71518,ext_db2be32d,0,85,190,64
71518,ext_dbe9531b,0,148,190,28
71518,ext_dedcced1,0,59,82,24
71518,ext_e1312878,0,91,190,59
71518,ext_e24857e4,0,59,190,88
71518,ext_e4992a02,0,59,190,89
71518,ext_e53dd95b,0,59,82,24
71518,ext_e54326e1,0,148,190,28
71518,ext_e5b985a3,0,59,190,88
71518,ext_e66e7de6,0,68,82,15
71518,ext_e73d08d5,0,190,190,1
71518,ext_e8398a49,0,59,82,24
71518,ext_e89bb12e,0,138,190,37
71518,ext_e982f89b,0,59,82,24
71518,ext_e9d6a0a9,0,59,190,70
71518,ext_ea4540a7,0,141,190,34
71518,ext_eb220b45,0,59,82,24
71518,ext_eb7298b8,0,75,82,8
71518,ext_eb7e5aae,0,84,96,11
71518,ext_ec07ef16,0,59,82,24
71518,ext_ee33fdca,0,147,190,29
71518,ext_eea707b9,0,65,82,18
71518,ext_f144b407,0,59,82,24
71518,ext_f211da9d,0,129,190,46
71518,ext_f255cb86,0,160,190,17
71518,ext_f32b77e4,0,59,82,24
71518,ext_f3e5e0e6,0,87,190,63
71518,ext_f679337f,0,59,190,89
71518,ext_f6c8f35b,0,138,190,37
71518,ext_f6d302b3,0,146,190,30
71518,ext_f90fdc49,0,59,82,24
71518,ext_f94bef6c,0,127,190,48
71518,ext_f97efffb,0,91,190,59
71518,ext_fb438fc0,0,59,190,88
71518,ext_fca18db0,0,80,82,3
71518,ext_fdc39e5f,0,126,190,49
71518,ext_ff40e1ee,0,84,190,65
71518,ext_ff597576,0,59,190,89
71518,ext_ff734cd7,0,179,190,6
71627,18394,1,62,135,50
71627,46584,1,62,135,28
71627,51552,1,135,135,1
71627,61280,1,62,135,54
71627,62560,1,62,103,29
71627,71627,1,62,135,39
71627,71700,1,62,135,32
71627,75261,1,62,135,54
71627,80193,1,62,135,28
71627,ext_0062dd8d,0,62,135,29
71627,ext_00e58422,0,62,135,39
71627,ext_01303721,0,89,135,9
71627,ext_01b81ae1,0,62,135,53
71627,ext_0267d24d,0,62,135,43
71627,ext_027dca43,0,135,135,1
71627,ext_0304a145,0,135,135,1
71627,ext_04221843,0,73,135,21
71627,ext_04db03ca,0,62,135,51
71627,ext_04f13864,0,62,135,40
71627,ext_063b6e39,0,135,135,1
71627,ext_06d68b1d,0,62,135,39
71627,ext_06f832e7,0,62,135,25
71627,ext_0849e146,0,135,135,1
71627,ext_088404cd,0,62,135,53
71627,ext_08b214fb,0,62,135,29
71627,ext_08caa6af,0,135,135,1
71627,ext_08e85a0f,0,74,135,20
71627,ext_09e6d37e,0,62,135,31
71627,ext_0a026641,0,89,135,9
71627,ext_0abf4ee3,0,62,135,45
71627,ext_0b4203c5,0,135,135,1
71627,ext_0bb9e685,0,62,135,28
71627,ext_0d287316,0,62,135,29
71627,ext_0e098c52,0,62,135,29
71627,ext_0f9d14c1,0,62,135,29
71627,ext_106590be,0,135,135,1
71627,ext_10a8c23b,0,62,135,54
71627,ext_10ba9d94,0,62,135,54
71627,ext_11153da5,0,62,135,43
71627,ext_117c6423,0,135,135,1
71627,ext_136e4000,0,62,135,37
71627,ext_142c096b,0,62,135,51
71627,ext_1474dca7,0,62,135,48
71627,ext_14c0a5e6,0,62,135,54
71627,ext_1622a4e9,0,135,135,1
71627,ext_17408177,0,62,135,29
71627,ext_1794bdc7,0,62,135,25
71627,ext_182b8242,0,62,135,29
71627,ext_188268d1,0,62,135,31
71627,ext_1b3f5ceb,0,62,135,40
71627,ext_1be0167f,0,135,135,1
71627,ext_1cb0c5e3,0,62,135,48
71627,ext_1e5e0027,0,89,135,9
71627,ext_1e88427a,0,62,135,53
71627,ext_1ebe4205,0,62,135,51
71627,ext_1ece1457,0,62,135,48
71627,ext_1f617432,0,62,135,52
71627,ext_1f9fae05,0,62,135,52
71627,ext_20b6d5d0,0,62,135,30
71627,ext_217ed7c5,0,62,135,54
71627,ext_232f3ab2,0,135,135,1
71627,ext_2417146f,0,66,135,24
71627,ext_24543907,0,62,135,31
71627,ext_247ab602,0,135,135,1
71627,ext_24f99de9,0,78,135,18
71627,ext_2514659b,0,62,135,29
71627,ext_29ccbaac,0,62,135,40
71627,ext_2aca42da,0,68,135,23
71627,ext_2bbdbd02,0,135,135,1
71627,ext_2bc5d0d8,0,77,135,19
71627,ext_2c66d98d,0,62,135,55
71627,ext_2d109e57,0,62,135,54
71627,ext_2e9f02b4,0,135,135,1
71627,ext_2f0ff404,0,62,135,30
71627,ext_2f490935,0,62,135,54
71627,ext_2fc3d178,0,62,135,54
71627,ext_2fd95c5c,0,94,135,4
71627,ext_304b9f8e,0,62,135,48
71627,ext_31a8bcf0,0,77,135,19
71627,ext_32863114,0,135,135,1
71627,ext_32eecc43,0,62,135,54
71627,ext_33da98d8,0,62,66,2
71627,ext_33de1dc8,0,62,135,38
71627,ext_35545439,0,62,135,25
71627,ext_367c4e3a,0,62,135,54
71627,ext_36892030,0,135,135,1
71627,ext_36c1e59e,0,62,135,30
71627,ext_38a557b5,0,78,135,18
71627,ext_39ff5d65,0,62,135,50
71627,ext_3a349d2a,0,62,135,25
71627,ext_3acaa520,0,62,135,25
71627,ext_3ba8524e,0,77,135,19
71627,ext_3bcc04a1,0,135,135,1
71627,ext_3c909b0a,0,135,135,1
71627,ext_3cadda0a,0,77,135,19
71627,ext_3d31d824,0,62,135,54
71627,ext_3d417aa7,0,62,135,31
71627,ext_3dfef290,0,62,135,25
71627,ext_3e9602e3,0,62,135,25
71627,ext_3f94d9a0,0,135,135,1
71627,ext_400273d2,0,62,135,25
71627,ext_402479c6,0,77,135,19
71627,ext_4132172b,0,62,135,32
71627,ext_41575cbd,0,135,135,1
71627,ext_430cf688,0,62,135,51
71627,ext_45c37b30,0,62,135,54
71627,ext_4696dd12,0,135,135,1
71627,ext_46c3793c,0,62,135,25
71627,ext_47786e2a,0,62,135,54
71627,ext_47fe6297,0,62,135,28
71627,ext_493990c5,0,62,135,25
71627,ext_49b66b80,0,62,135,25
71627,ext_4a555c88,0,95,135,3
71627,ext_4bad1806,0,62,135,54
71627,ext_4c427d2d,0,62,135,25
71627,ext_4e70b934,0,62,135,54
71627,ext_4f6b4bbb,0,135,135,1
71627,ext_5171c13b,0,62,135,45
71627,ext_531e2a9a,0,62,135,54
71627,ext_53afb2ea,0,62,135,30
71627,ext_53d5031c,0,87,135,11
71627,ext_54744540,0,62,135,29
71627,ext_55e54c11,0,77,135,19
71627,ext_56b8eae9,0,62,135,29
71627,ext_57e9f21f,0,62,135,30
71627,ext_59ce2a01,0,135,135,1
71627,ext_5a11c3a9,0,62,135,29
71627,ext_5b92659e,0,62,135,54
71627,ext_5e8e58ba,0,62,135,25
71627,ext_602573e5,0,62,135,31
71627,ext_609bb013,0,78,135,18
71627,ext_60be4342,0,66,135,24
71627,ext_60cea488,0,62,135,51
71627,ext_61b5474f,0,62,135,30
71627,ext_6339ab7d,0,62,135,31
71627,ext_63a6e1a0,0,135,135,1
71627,ext_63aea406,0,107,135,22
71627,ext_63e71287,0,62,135,53
71627,ext_6454587c,0,77,135,19
71627,ext_64e7192c,0,62,135,31
71627,ext_6501d041,0,62,135,29
71627,ext_65433c28,0,62,135,28
71627,ext_6670abed,0,62,135,54
71627,ext_667a1d2d,0,62,135,54
71627,ext_679dd04c,0,62,135,54
71627,ext_68744f0c,0,62,135,54
71627,ext_698fa65c,0,62,135,34
71627,ext_699e0f59,0,62,135,31
71627,ext_6a25d326,0,62,135,53
71627,ext_6a63f357,0,78,135,18
71627,ext_6afda513,0,62,135,29
71627,ext_6c86a1eb,0,135,135,1
71627,ext_6d53bb70,0,85,135,12
71627,ext_6da89d48,0,62,135,25
71627,ext_6dc0413c,0,62,135,29
71627,ext_6df8bea5,0,62,135,53
71627,ext_6f5fd861,0,94,135,4
71627,ext_70f53679,0,62,135,35
71627,ext_71697605,0,135,135,1
71627,ext_71852e8c,0,62,135,36
71627,ext_71a9bf18,0,135,135,1
71627,ext_730ac25a,0,135,135,1
71627,ext_745b4fcd,0,62,135,48
71627,ext_74a53f46,0,62,135,36
71627,ext_74fd1600,0,62,135,39
71627,ext_755a9bc7,0,82,135,15
71627,ext_75c2e01b,0,62,135,25
71627,ext_75f36406,0,62,135,51
71627,ext_76f128d4,0,62,135,54
71627,ext_779768a9,0,62,135,54
71627,ext_77dca23c,0,62,135,43
71627,ext_7aaecbe4,0,62,135,25
71627,ext_7c83c174,0,135,135,1
71627,ext_7cac854b,0,62,135,25
71627,ext_7d4e1c83,0,78,135,18
71627,ext_7ddfbee7,0,135,135,1
71627,ext_7e9c97d8,0,62,135,25
71627,ext_7ecac0c9,0,80,135,16
71627,ext_7fc58a77,0,62,135,30
71627,ext_7fefd920,0,135,135,1
71627,ext_806f330f,0,62,135,29
71627,ext_8096fbe4,0,62,135,54
71627,ext_80fd8d7f,0,62,135,32
71627,ext_8173d4aa,0,87,135,11
71627,ext_82c13c7b,0,135,135,1
71627,ext_831eb149,0,62,135,51
71627,ext_831f7b41,0,135,135,1
71627,ext_8486b879,0,62,135,30
71627,ext_84bdcfb0,0,62,135,28
71627,ext_875efaff,0,62,135,29
71627,ext_87d7bae8,0,62,135,49
71627,ext_8880e0ef,0,62,135,48
71627,ext_895ec922,0,62,135,25
71627,ext_8bfb8cc9,0,62,135,40
71627,ext_8fc55d79,0,62,135,31
71627,ext_90039635,0,62,135,31
71627,ext_9154d509,0,62,135,25
71627,ext_91f8a966,0,135,135,1
71627,ext_93e80b01,0,135,135,1
71627,ext_9452c8f3,0,68,135,23
71627,ext_9496da72,0,135,135,1
71627,ext_966e8ae1,0,78,135,18
71627,ext_968355c4,0,82,135,15
71627,ext_968bbb6c,0,62,135,31
71627,ext_96a3099c,0,135,135,1
71627,ext_985ca086,0,62,135,52
71627,ext_9882ac50,0,62,135,50
71627,ext_9b0abf37,0,84,135,13
71627,ext_9ba63ffd,0,62,135,29
71627,ext_9c7cff55,0,62,135,51
71627,ext_9d546fcf,0,94,135,4
71627,ext_9eabfe79,0,96,135,2
71627,ext_9fda5771,0,135,135,1
71627,ext_9ffd39ce,0,66,135,24
71627,ext_a00dc7fb,0,80,135,16
71627,ext_a1c936a0,0,62,135,53
71627,ext_a1e32468,0,62,135,29
71627,ext_a218b593,0,62,135,54
71627,ext_a2864de6,0,62,135,52
71627,ext_a3398b0e,0,95,135,3
71627,ext_a37829c2,0,62,135,49
71627,ext_a3897ad9,0,62,135,29
71627,ext_a3ef67b9,0,66,135,24
71627,ext_a54fed31,0,62,124,34
71627,ext_a5ad072b,0,62,135,30
71627,ext_a642527f,0,135,135,1
71627,ext_a80f90f0,0,62,135,25
71627,ext_a8e0281d,0,62,135,30
71627,ext_a90a0847,0,62,135,48
71627,ext_a9c4a21e,0,135,135,1
71627,ext_a9fee9d2,0,62,135,48
71627,ext_aa7bddbe,0,74,135,20
71627,ext_aabd46d2,0,73,135,21
71627,ext_abf4a678,0,62,135,25
71627,ext_ad451550,0,135,135,1
71627,ext_aff2be52,0,74,135,20
71627,ext_b113cf7a,0,62,135,54
71627,ext_b14416af,0,66,135,24
71627,ext_b1f44c83,0,77,135,19
71627,ext_b2492617,0,62,135,29
71627,ext_b2da51ec,0,135,135,1
71627,ext_b3643d69,0,95,135,3
71627,ext_b4261a15,0,135,135,1
71627,ext_b47966fb,0,62,135,51
71627,ext_b54c9358,0,62,135,31
71627,ext_b5a9f119,0,73,135,21
71627,ext_b71cf28e,0,135,135,1
71627,ext_b785c93b,0,62,135,25
71627,ext_b82f235b,0,77,135,19
71627,ext_b96632fe,0,62,135,54
71627,ext_babe913e,0,78,135,18
71627,ext_bb93760d,0,62,135,25
71627,ext_bc7c1cf1,0,135,135,1
71627,ext_bdc88a65,0,62,135,29
71627,ext_c0524c60,0,62,135,37
71627,ext_c173713b,0,62,135,29
71627,ext_c1a8e9d4,0,62,135,32
71627,ext_c2fd9ba7,0,66,135,24
71627,ext_c3b1e2d9,0,62,135,31
71627,ext_c46bf973,0,62,135,53
71627,ext_c4ac6ae7,0,62,135,31
71627,ext_c511052b,0,135,135,1
71627,ext_c5494216,0,62,135,50
71627,ext_c8b0a122,0,62,135,29
71627,ext_ca108877,0,62,135,49
71627,ext_ca237981,0,62,135,25
71627,ext_cc95b13e,0,62,135,25
71627,ext_cd800727,0,62,135,54
71627,ext_cd8c1d65,0,135,135,1
71627,ext_ceaa1e57,0,62,135,28
71627,ext_cf342d37,0,62,135,29
71627,ext_cf7b4adb,0,62,135,43
71627,ext_cfe18267,0,62,135,54
71627,ext_cfe849a1,0,62,135,32
71627,ext_d003ad9d,0,62,135,54
71627,ext_d3ec9ce6,0,77,135,19
71627,ext_d4d472f8,0,80,135,16
71627,ext_d571d29d,0,62,135,48
71627,ext_d5c42a7b,0,62,94,25
71627,ext_d5fd0d11,0,62,135,47
71627,ext_d6ac4fc7,0,62,135,31
71627,ext_d77c5841,0,62,135,37
71627,ext_d7e8f055,0,135,135,1
71627,ext_d804f16d,0,62,135,25
71627,ext_d9c33e73,0,62,135,48
71627,ext_d9e51df0,0,62,135,53
71627,ext_da6b54a4,0,135,135,1
71627,ext_db8b380a,0,62,135,54
71627,ext_dcd4f876,0,62,135,31
71627,ext_dcf7e0ff,0,83,135,14
71627,ext_dd67944d,0,135,135,1
71627,ext_dedd5851,0,62,135,29
71627,ext_df074cc5,0,135,135,1
71627,ext_df190566,0,135,135,1
71627,ext_df64099e,0,62,135,23
71627,ext_e0af1b9c,0,66,135,24
71627,ext_e0e61625,0,62,135,47
71627,ext_e1e556d1,0,135,135,1
71627,ext_e2bea395,0,62,135,28
71627,ext_e38e8a8c,0,135,135,1
71627,ext_e38f4fa4,0,135,135,1
71627,ext_e4ce1aad,0,62,135,35
71627,ext_e65812a4,0,62,135,54
71627,ext_e6a5c377,0,62,135,31
71627,ext_e6f44984,0,62,135,25
71627,ext_e8762610,0,62,135,29
71627,ext_e893929d,0,62,135,54
71627,ext_eba2dea4,0,62,135,54
71627,ext_ebd1178f,0,66,135,24
71627,ext_ebec17b5,0,62,135,54
71627,ext_ec3a4c12,0,135,135,1
71627,ext_eea470fb,0,62,135,29
71627,ext_f0ba844f,0,62,135,39
71627,ext_f239cdf8,0,135,135,1
71627,ext_f34d0336,0,135,135,1
71627,ext_f39001ad,0,62,135,54
71627,ext_f441cb20,0,62,135,29
71627,ext_f5215146,0,62,135,28
71627,ext_f522d770,0,62,135,29
71627,ext_f5873318,0,68,135,23
71627,ext_f58b538f,0,135,135,1
71627,ext_f61fd707,0,80,135,16
71627,ext_f674669e,0,62,78,4
71627,ext_f6919b9e,0,62,135,46
71627,ext_f741f1e3,0,135,135,1
71627,ext_f7e69f27,0,62,135,30
71627,ext_f912b39a,0,62,135,29
71627,ext_f95ef150,0,62,135,54
71627,ext_f98651e7,0,62,82,14
71627,ext_f9d90e41,0,135,135,1
71627,ext_faa0603a,0,62,135,25
71627,ext_fb36641e,0,62,135,30
71627,ext_fbca1133,0,62,135,54
71627,ext_fc5f2739,0,62,135,28
71627,ext_fc914bcc,0,80,135,16
71627,ext_fd234b02,0,62,135,54
71627,ext_ff597576,0,62,135,49
71627,ext_ff86a4dc,0,62,135,31
71700,31583,1,60,81,10
71700,33094,1,60,81,10
71700,36143,1,67,81,5
71700,38901,1,60,81,10
71700,50947,1,60,81,7
71700,51675,1,60,81,10
71700,57896,1,60,81,10
71700,67947,1,60,81,8
71700,68494,1,60,81,10
71700,71627,1,60,81,8
71700,80193,1,60,81,7
71700,85596,1,60,81,8
71700,ext_01f21b19,0,60,81,8
71700,ext_0239ea16,0,60,81,7
71700,ext_02cc108c,0,60,81,10
71700,ext_02e24863,0,60,81,8
71700,ext_02ff7881,0,60,81,8
71700,ext_030413b7,0,60,81,7
71700,ext_04d27b8e,0,60,81,11
71700,ext_04e1f07c,0,67,81,5
71700,ext_04e4e206,0,60,81,10
71700,ext_077cf7d1,0,60,81,7
71700,ext_08689a10,0,60,81,7
71700,ext_08aafd2e,0,67,81,5
71700,ext_08b98f2a,0,60,81,7
71700,ext_091c2ab0,0,60,81,10
71700,ext_0938ab0b,0,60,81,10
71700,ext_099ed2a4,0,60,81,7
71700,ext_09a52e02,0,60,81,10
71700,ext_0ea6f282,0,60,81,7
71700,ext_0ed3dce6,0,60,81,7
71700,ext_0f8d07b3,0,60,81,8
71700,ext_0fa8cd47,0,60,81,10
71700,ext_0fda7ba9,0,60,81,10
71700,ext_0fe8179f,0,60,81,10
71700,ext_10af1603,0,60,81,7
71700,ext_11e8372e,0,60,81,8
71700,ext_12dcc83e,0,60,81,10
71700,ext_148cd663,0,60,81,10
71700,ext_15345fb7,0,60,81,7
71700,ext_1579506f,0,60,81,7
71700,ext_185154c5,0,60,81,12
71700,ext_1860342d,0,61,81,6
71700,ext_18ce0626,0,60,81,8
71700,ext_190c7861,0,60,81,7
71700,ext_19c3ac65,0,60,81,10
71700,ext_1ae527e8,0,80,81,2
71700,ext_1cdd9049,0,60,81,8
71700,ext_1d5cf408,0,60,81,10
71700,ext_1f4ccf96,0,60,81,8
71700,ext_21f11cba,0,81,81,1
71700,ext_22307780,0,60,81,8
71700,ext_25ddd8a0,0,60,81,10
71700,ext_25ece62b,0,60,81,10
71700,ext_265aea48,0,60,81,10
71700,ext_26631eeb,0,60,81,8
71700,ext_284cc699,0,77,81,3
71700,ext_28a2c118,0,60,81,10
71700,ext_2adcb5da,0,60,81,8
71700,ext_2afc84de,0,60,81,10
71700,ext_2f0ffc92,0,60,81,8
71700,ext_2ffcb505,0,60,81,8
71700,ext_30935c09,0,60,81,7
71700,ext_32de270b,0,60,81,10
71700,ext_339c418a,0,60,81,11
71700,ext_343bb9ee,0,60,81,7
71700,ext_34f28837,0,60,81,8
71700,ext_361a5d74,0,60,81,7
71700,ext_3676b6ed,0,69,73,2
71700,ext_373ca189,0,60,81,10
71700,ext_37d9587b,0,60,81,10
71700,ext_388dd531,0,60,81,10
71700,ext_39fc222e,0,60,81,7
71700,ext_3a8dbd05,0,60,81,9
71700,ext_3aaf0bc5,0,60,81,10
71700,ext_3bced0f8,0,60,81,10
71700,ext_3beb99c1,0,60,81,10
71700,ext_3c0d8de8,0,60,81,8
71700,ext_3d067277,0,60,81,11
71700,ext_3dfef290,0,60,81,7
71700,ext_3e4e811b,0,60,81,7
71700,ext_402479c6,0,77,81,3
71700,ext_4185124a,0,60,81,10
71700,ext_423f320a,0,67,81,5
71700,ext_438a29b3,0,60,81,9
71700,ext_43a31620,0,60,81,11
71700,ext_45843032,0,60,81,8
71700,ext_45c37b30,0,60,81,10
71700,ext_45cac457,0,67,81,5
71700,ext_45d8efc8,0,60,81,10
71700,ext_45e5506d,0,60,81,10
71700,ext_4629a467,0,60,81,7
71700,ext_471e7771,0,60,81,10
71700,ext_489825a5,0,60,73,9
71700,ext_49a1ea0b,0,60,81,10
71700,ext_4b021e1a,0,60,81,8
71700,ext_4b426af3,0,60,81,12
71700,ext_4bc5830f,0,60,81,7
71700,ext_4cb03225,0,60,81,11
71700,ext_4ddcb153,0,60,81,10
71700,ext_4ea5628a,0,67,81,5
71700,ext_4fee4e62,0,60,81,10
71700,ext_4fef7dd8,0,60,81,10
71700,ext_4ffcaf25,0,60,81,12
71700,ext_51509e95,0,60,81,11
71700,ext_51db7bda,0,60,81,12
71700,ext_530e03f7,0,60,81,10
71700,ext_56e45dac,0,60,81,7
71700,ext_575e6710,0,60,81,8
71700,ext_57bef1bb,0,60,81,10
71700,ext_57ce5518,0,60,81,10
71700,ext_59ce5a9b,0,60,81,10
71700,ext_5a087df3,0,60,81,8
71700,ext_5a35c735,0,60,81,10
71700,ext_5ab6f9fb,0,60,81,10
71700,ext_5c07dbc7,0,60,73,9
71700,ext_5d582e80,0,60,81,11
71700,ext_5d72164f,0,60,81,7
71700,ext_5e98d7d1,0,60,81,12
71700,ext_5f5cff74,0,60,81,10
71700,ext_5fc18722,0,60,81,11
71700,ext_605a3a61,0,60,81,7
71700,ext_616208a3,0,60,81,10
71700,ext_61803d9f,0,60,81,10
71700,ext_6208b920,0,60,81,7
71700,ext_62531040,0,60,81,11
71700,ext_625a6f17,0,60,81,10
71700,ext_631be196,0,60,81,7
71700,ext_65fa345c,0,60,81,8
71700,ext_660c70e9,0,60,81,10
71700,ext_67b445d7,0,60,81,7
71700,ext_6a6e2dd3,0,60,81,12
71700,ext_6ab05625,0,60,81,7
71700,ext_6b4baf90,0,60,81,7
71700,ext_6b8632df,0,60,81,7
71700,ext_6e092f6a,0,60,81,12
71700,ext_6f72be2f,0,60,81,10
71700,ext_70c3799a,0,60,81,10
71700,ext_72e8f09f,0,60,81,10
71700,ext_74657c1a,0,60,81,8
71700,ext_76384be0,0,60,81,10
71700,ext_781454ce,0,60,81,8
71700,ext_78a4f2fd,0,60,81,7
71700,ext_79171bf3,0,60,81,10
71700,ext_79425ea9,0,60,81,10
71700,ext_7c09dc05,0,60,81,10
71700,ext_7d5180f8,0,60,81,11
71700,ext_7e7fab7b,0,60,81,10
71700,ext_7f324fa4,0,60,81,10
71700,ext_811dc37b,0,60,81,10
71700,ext_81eedfce,0,60,81,10
71700,ext_82a12704,0,67,81,5
71700,ext_8330edec,0,60,81,10
71700,ext_8554a201,0,60,81,10
71700,ext_861964af,0,60,81,7
71700,ext_8644850a,0,67,81,5
71700,ext_866aa311,0,67,81,5
71700,ext_87ed04f8,0,67,81,5
71700,ext_8833fb79,0,60,81,10
71700,ext_896621b2,0,60,81,8
71700,ext_89da3d0d,0,60,81,10
71700,ext_8a3e3e50,0,60,81,7
71700,ext_8b1ce0c6,0,60,81,10
71700,ext_8bfb8cc9,0,60,81,7
71700,ext_8c06fd81,0,60,81,10
71700,ext_8c9825f4,0,60,81,10
71700,ext_8d03cbe2,0,60,81,10
71700,ext_8dab993d,0,67,81,5
71700,ext_8e0a52a5,0,60,81,10
71700,ext_8ecf9014,0,60,81,10
71700,ext_8f48a3db,0,68,81,4
71700,ext_8f58d33c,0,60,81,10
71700,ext_90fc41fb,0,60,81,10
71700,ext_9286fd6b,0,67,81,5
71700,ext_940a22b1,0,60,81,10
71700,ext_94f1264f,0,60,81,10
71700,ext_956e737e,0,60,81,11
71700,ext_96b15060,0,60,81,10
71700,ext_98801595,0,60,81,10
71700,ext_99151e2a,0,77,81,3
71700,ext_99759689,0,60,81,10
71700,ext_999a9d6c,0,60,81,10
71700,ext_9a008661,0,60,81,11
71700,ext_9abc0dfa,0,60,81,10
71700,ext_9c428108,0,60,81,7
71700,ext_9d2adf93,0,60,81,10
71700,ext_9d4278d1,0,81,81,1
71700,ext_9e2858ba,0,60,81,7
71700,ext_9e58db1e,0,60,81,10
71700,ext_9fff13b3,0,60,81,7
71700,ext_a036c0fb,0,60,81,8
71700,ext_a21189d1,0,60,81,8
71700,ext_a3dae865,0,60,81,10
71700,ext_a425e664,0,60,81,10
71700,ext_a426e964,0,60,81,7
71700,ext_a4ea82f9,0,60,81,10
71700,ext_a850d309,0,60,81,12
71700,ext_a8871b96,0,77,81,3
71700,ext_a9119410,0,60,81,7
71700,ext_a9e8fae9,0,60,81,10
71700,ext_aab08de1,0,60,81,10
71700,ext_aad23f77,0,60,81,7
71700,ext_aae04881,0,60,81,10
71700,ext_ab102e80,0,60,81,7
71700,ext_ab62dc53,0,67,81,5
71700,ext_ab68eb7b,0,60,81,11
71700,ext_ad42c9a0,0,60,81,7
71700,ext_ada8a783,0,60,81,10
71700,ext_aeb3077f,0,60,81,7
71700,ext_af1cc286,0,60,81,8
71700,ext_af246a7a,0,60,81,7
71700,ext_af6319e5,0,67,81,5
71700,ext_b02e3cdf,0,60,69,6
71700,ext_b14416af,0,60,81,8
71700,ext_b229864c,0,60,81,10
71700,ext_b287aecc,0,60,81,10
71700,ext_b2a9391a,0,60,81,10
71700,ext_b2ad5b36,0,60,81,8
71700,ext_b35afc49,0,60,81,7
71700,ext_b3b6b289,0,67,81,5
71700,ext_b57d5d4e,0,60,81,10
71700,ext_b760fd15,0,67,81,5
71700,ext_b78da125,0,60,81,11
71700,ext_b94f7b59,0,60,81,10
71700,ext_bb023af1,0,60,81,7
71700,ext_bdbb6972,0,60,81,8
71700,ext_bf185a78,0,60,81,10
71700,ext_bf70ffd3,0,60,81,10
71700,ext_bfb728d1,0,60,81,9
71700,ext_c133c1ae,0,60,81,11
71700,ext_c148ad71,0,60,81,12
71700,ext_c1a8e9d4,0,60,81,7
71700,ext_c2e0bfe3,0,60,81,7
71700,ext_c3121392,0,60,81,8
71700,ext_c4800985,0,60,81,11
71700,ext_c5b49fee,0,60,81,12
71700,ext_c6055784,0,60,81,11
71700,ext_ca61ce8b,0,60,73,9
71700,ext_cb23619c,0,60,81,7
71700,ext_cb5cdd7b,0,60,81,8
71700,ext_ce5f564c,0,60,81,10
71700,ext_d09f0298,0,60,81,11
71700,ext_d12555ac,0,60,81,7
71700,ext_d1a7f6df,0,60,81,10
71700,ext_d1d6bd58,0,60,81,7
71700,ext_d201b220,0,60,81,7
71700,ext_d357a212,0,60,81,10
71700,ext_d4b6ffb6,0,60,81,10
71700,ext_d4f6a108,0,60,81,7
71700,ext_d6d2aa45,0,60,81,10
71700,ext_d749af05,0,60,81,10
71700,ext_d8612927,0,60,81,10
71700,ext_d9e22f63,0,60,81,8
71700,ext_db34e902,0,60,81,8
71700,ext_dbcc1acb,0,60,81,8
71700,ext_dc6c75f7,0,60,81,10
71700,ext_dc8211f0,0,60,81,7
71700,ext_ddf1a97a,0,60,81,7
71700,ext_de28716f,0,60,81,11
71700,ext_de28de71,0,60,81,12
71700,ext_de2aa8a7,0,60,81,12
71700,ext_de418cb4,0,60,81,10
71700,ext_dfb50014,0,60,81,10
71700,ext_e0d3181a,0,60,81,7
71700,ext_e113ce0a,0,60,81,8
71700,ext_e25effad,0,60,81,8
71700,ext_e2b7bcb1,0,81,81,1
71700,ext_e3ed83e1,0,60,81,10
71700,ext_e51e4639,0,60,81,8
71700,ext_e64c1a20,0,60,81,7
71700,ext_e65832a4,0,77,81,3
71700,ext_e66aa0f0,0,60,81,8
71700,ext_e6ea0201,0,60,81,8
71700,ext_e74b86c4,0,60,81,11
71700,ext_e8039b0b,0,60,81,10
71700,ext_e892d201,0,60,81,10
71700,ext_ea3a9e21,0,60,81,10
71700,ext_ed814d3b,0,60,81,8
71700,ext_eddb9a98,0,60,81,7
71700,ext_f1154e8a,0,60,81,10
71700,ext_f1af7780,0,67,81,5
71700,ext_f29ce494,0,60,81,8
71700,ext_f57ad83d,0,77,81,3
71700,ext_f5e75780,0,60,81,8
71700,ext_f6fe20dd,0,60,81,10
71700,ext_f84e0fbd,0,60,81,7
71700,ext_f9483fb8,0,67,81,5
71700,ext_f9d90e41,0,60,81,10
71700,ext_fbbd1cf1,0,60,81,7
71700,ext_ffa76068,0,60,81,10
71782,11692,1,69,79,11
71782,19844,1,59,79,13
71782,36143,1,69,79,11
71782,45945,1,69,79,11
71782,46771,1,69,79,11
71782,48429,1,69,79,11
71782,52923,1,69,79,11
71782,71782,1,69,79,11
71782,72746,1,69,79,11
71782,77824,1,69,72,4
71782,86237,1,69,79,11
71782,ext_016b78e1,0,69,79,11
71782,ext_034b2396,0,69,79,11
71782,ext_04894e3e,0,69,79,11
71782,ext_0634c140,0,69,79,11
71782,ext_06f07d29,0,69,79,11
71782,ext_0787a806,0,78,79,2
71782,ext_07e8a2eb,0,69,79,11
71782,ext_0b068b10,0,69,79,11
71782,ext_0b342762,0,69,79,11
71782,ext_0b5821e9,0,69,79,11
71782,ext_0bb40276,0,69,79,11
71782,ext_0f22f29a,0,69,79,11
71782,ext_0f5772b2,0,69,79,11
71782,ext_0ffdbd3b,0,69,79,11
71782,ext_122ea950,0,69,79,11
71782,ext_1495128a,0,69,79,11
71782,ext_165dbcab,0,69,79,11
71782,ext_17d4c558,0,69,79,11
71782,ext_1970a6fe,0,69,79,11
71782,ext_1a35d78e,0,69,79,11
71782,ext_1bbb92ee,0,69,79,11
71782,ext_1bf80e83,0,69,79,11
71782,ext_1cad5ba6,0,69,79,11
71782,ext_1dff1baf,0,69,79,11
71782,ext_1fb133cb,0,69,79,11
71782,ext_20c8484e,0,76,79,4
71782,ext_238966c9,0,69,79,11
71782,ext_25755218,0,59,79,13
71782,ext_2793be81,0,69,79,11
71782,ext_2a23e34e,0,69,79,11
71782,ext_2a6b19ba,0,69,79,11
71782,ext_2d1bb849,0,69,79,11
71782,ext_2f0ffc92,0,69,79,11
71782,ext_2f61e07c,0,69,79,11
71782,ext_3106e85f,0,69,79,11
71782,ext_318834a7,0,69,79,11
71782,ext_31cfc7e1,0,69,79,11
71782,ext_34b50022,0,78,79,2
71782,ext_36823df6,0,69,79,11
71782,ext_3833e761,0,69,79,11
71782,ext_389780ad,0,69,79,11
71782,ext_38d7910d,0,75,79,5
71782,ext_39cb809d,0,69,79,11
71782,ext_3a132f97,0,69,79,11
71782,ext_3db9afe7,0,69,79,11
71782,ext_3ec2f0c5,0,69,79,11
71782,ext_3f1b8ac2,0,69,79,11
71782,ext_3fc8c4fd,0,69,79,11
71782,ext_4104cdf4,0,73,79,7
71782,ext_417c3d6f,0,69,79,11
71782,ext_45c37b30,0,69,79,11
71782,ext_4724a257,0,69,79,11
71782,ext_4816e6ca,0,75,79,5
71782,ext_4b2e6ba7,0,69,79,11
71782,ext_4bd20e06,0,69,79,11
71782,ext_4e17ca4e,0,69,79,11
71782,ext_4e42927f,0,74,79,6
71782,ext_4f0e234d,0,69,79,11
71782,ext_50628ac4,0,69,79,11
71782,ext_521f7a8e,0,69,79,11
71782,ext_54b941c9,0,59,79,13
71782,ext_57219986,0,69,79,11
71782,ext_593e9fa8,0,69,79,11
71782,ext_5bd865ec,0,69,79,11
71782,ext_5c18c4db,0,69,79,11
71782,ext_5c1b8f5b,0,69,79,11
71782,ext_5e82685b,0,69,79,11
71782,ext_5e98828a,0,69,79,11
71782,ext_5ef7a6a0,0,69,79,11
71782,ext_6146a6e6,0,69,79,11
71782,ext_632f9389,0,69,79,11
71782,ext_6440851c,0,69,79,11
71782,ext_6670abed,0,69,79,11
71782,ext_6a9e18c6,0,69,79,11
71782,ext_70c7223e,0,69,79,11
71782,ext_71d10a3a,0,69,79,11
71782,ext_73c2df31,0,69,79,11
71782,ext_73ceafb5,0,69,79,11
71782,ext_753f15bd,0,69,79,11
71782,ext_75b0ec35,0,69,79,11
71782,ext_77a0c73e,0,69,79,11
71782,ext_78a42eba,0,69,79,11
71782,ext_7936ff2d,0,69,79,11
71782,ext_7e101abc,0,69,79,11
71782,ext_7f68c5f4,0,69,79,11
71782,ext_83ef3377,0,59,79,13
71782,ext_85925bbc,0,69,79,11
71782,ext_86388003,0,69,79,11
71782,ext_873fed69,0,59,79,13
71782,ext_87857fe2,0,69,79,11
71782,ext_880391de,0,69,79,11
71782,ext_88a82987,0,77,79,3
71782,ext_88cf28be,0,69,79,11
71782,ext_891566d7,0,75,79,5
71782,ext_8b7a4bc1,0,69,79,11
71782,ext_8edc7048,0,69,79,11
71782,ext_9306953f,0,69,79,11
71782,ext_94f09328,0,59,60,2
71782,ext_94f88a6a,0,69,79,11
71782,ext_95ad4ed8,0,69,79,11
71782,ext_95da80dc,0,69,79,11
71782,ext_964c4caa,0,69,79,11
71782,ext_97c2cb82,0,69,79,11
71782,ext_99f0cdba,0,76,79,4
71782,ext_9a8d8812,0,69,79,11
71782,ext_9ad4bbe0,0,69,79,11
71782,ext_9cc6f048,0,79,79,1
71782,ext_9f3c9c04,0,69,79,11
71782,ext_9fb53033,0,69,79,11
71782,ext_a0acf925,0,69,79,11
71782,ext_a112257f,0,69,79,11
71782,ext_a231cb8f,0,69,79,11
71782,ext_a2eb950c,0,69,79,11
71782,ext_a78d2a9b,0,69,79,11
71782,ext_a87a13d7,0,75,79,5
71782,ext_ab45fd7a,0,69,79,11
71782,ext_aef4f036,0,69,79,11
71782,ext_b5d1e928,0,69,79,11
71782,ext_b68eb3f7,0,69,79,11
71782,ext_bcb0f191,0,69,79,11
71782,ext_bdc13293,0,69,79,11
71782,ext_c23e2ec6,0,69,79,11
71782,ext_c3f51068,0,69,79,11
71782,ext_c52896ef,0,59,60,2
71782,ext_c65129d3,0,59,79,13
71782,ext_c727ed7b,0,69,79,11
71782,ext_c89e4e90,0,69,79,11
71782,ext_ca997a84,0,69,79,11
71782,ext_d17d3322,0,69,79,11
71782,ext_d2e855ff,0,69,79,11
71782,ext_d327a7a3,0,69,79,11
71782,ext_d5c42a7b,0,69,79,11
71782,ext_d5fbecbd,0,69,79,11
71782,ext_dad56549,0,69,79,11
71782,ext_dce9245b,0,69,79,11
71782,ext_e5db841b,0,69,79,11
71782,ext_e8453c1b,0,74,79,6
71782,ext_eba2dea4,0,69,79,11
71782,ext_ebec17b5,0,75,79,5
71782,ext_ec3acdbd,0,69,79,11
71782,ext_ed292894,0,69,79,11
71782,ext_eea099ae,0,69,79,11
71782,ext_f85fbb03,0,69,79,11
71782,ext_f8c4deeb,0,69,79,11
71782,ext_f8da5d33,0,69,79,11
71782,ext_f9b2d083,0,79,79,1
71782,ext_fa9476fb,0,69,79,11
71782,ext_ff86a4dc,0,69,79,11
72746,19844,1,59,134,37
72746,25494,1,59,120,38
72746,45945,1,59,134,44
72746,71782,1,59,134,45
72746,86237,1,59,134,42
72746,ext_01e07337,0,59,134,44
72746,ext_05d878f7,0,59,134,44
72746,ext_0634c140,0,59,134,44
72746,ext_0787a806,0,108,134,19
72746,ext_0f22f29a,0,59,134,45
72746,ext_18f7b962,0,120,134,7
72746,ext_1aebfa4e,0,96,134,24
72746,ext_1bbb92ee,0,59,134,44
72746,ext_1be918ae,0,59,134,45
72746,ext_1c8900c1,0,59,134,45
72746,ext_1f4f2c73,0,108,134,19
72746,ext_26ddd60d,0,59,134,45
72746,ext_27fb7ce0,0,59,134,45
72746,ext_2d0a07ca,0,59,134,45
72746,ext_2f0ffc92,0,59,134,45
72746,ext_32325aba,0,59,134,45
72746,ext_3372cbfa,0,59,134,45
72746,ext_370bb1f4,0,59,134,44
72746,ext_38d7910d,0,59,134,45
72746,ext_3dc4b864,0,134,134,1
72746,ext_3ec2f0c5,0,59,134,45
72746,ext_45c37b30,0,59,134,45
72746,ext_46f44d92,0,59,134,45
72746,ext_4b94583c,0,96,134,24
72746,ext_54b941c9,0,59,134,45
72746,ext_5c90392d,0,59,120,38
72746,ext_5e82685b,0,84,134,28
72746,ext_5e98828a,0,59,111,29
72746,ext_5f9d3855,0,59,134,44
72746,ext_6146a6e6,0,59,134,44
72746,ext_6670abed,0,59,134,44
72746,ext_6e0d68ea,0,128,134,2
72746,ext_6e355694,0,122,134,5
72746,ext_6f81c6af,0,108,134,19
72746,ext_6fd4b5d5,0,59,134,44
72746,ext_723b0dd6,0,59,134,44
72746,ext_7c663da4,0,99,134,21
72746,ext_7f68c5f4,0,59,134,45
72746,ext_83f26e4e,0,59,134,45
72746,ext_873fed69,0,114,134,13
72746,ext_89e96fa5,0,98,99,2
72746,ext_8e4ea53d,0,59,134,45
72746,ext_94beef20,0,59,134,45
72746,ext_97a43fc0,0,108,134,20
72746,ext_98bd79ea,0,59,134,45
72746,ext_98f16a35,0,59,134,45
72746,ext_9aa50e0d,0,97,134,23
72746,ext_a909abb0,0,59,134,45
72746,ext_abc7c2f8,0,108,134,20
72746,ext_b8501629,0,59,134,44
72746,ext_be66e447,0,59,134,44
72746,ext_c048f858,0,59,134,44
72746,ext_c162f78b,0,108,134,19
72746,ext_c489eb27,0,59,134,45
72746,ext_c65129d3,0,59,134,44
72746,ext_c7b1c5f3,0,59,134,44
72746,ext_cfdec3c2,0,134,134,1
72746,ext_d124a5fe,0,59,134,45
72746,ext_d33cf8cb,0,59,134,44
72746,ext_d5c42a7b,0,59,134,44
72746,ext_d856c399,0,59,134,45
72746,ext_dcc56326,0,112,134,15
72746,ext_dd0ef824,0,59,134,44
72746,ext_dd62e714,0,134,134,1
72746,ext_e2bea395,0,59,134,44
72746,ext_e2c1755b,0,108,134,19
72746,ext_e4af9cf1,0,122,134,5
72746,ext_e4f7ac5e,0,59,134,44
72746,ext_ee1a53a0,0,59,134,45
72746,ext_ee549ea1,0,98,134,22
72746,ext_eea707b9,0,59,134,44
72746,ext_ef657a5a,0,59,134,44
72746,ext_f28fbc99,0,60,134,43
72746,ext_f5eed2c5,0,97,134,23
72746,ext_f65d3cc8,0,59,134,44
72746,ext_f6f1b9d6,0,85,99,7
72746,ext_f85fbb03,0,118,134,9
72746,ext_f8da5d33,0,112,134,15
72746,ext_f9b2d083,0,70,134,34
72746,ext_ff597576,0,59,134,45
73175,53884,1,84,133,42
73175,ext_02189d0e,0,60,133,61
73175,ext_0e9c46f7,0,60,133,61
73175,ext_172e3fd7,0,60,133,61
73175,ext_17484ccf,0,60,133,61
73175,ext_1998024a,0,60,133,61
73175,ext_1a5c7420,0,60,133,61
73175,ext_2297996d,0,60,133,61
73175,ext_28fbb86b,0,60,133,61
73175,ext_2d37d186,0,60,133,61
73175,ext_30fccce5,0,71,133,54
73175,ext_369a78a1,0,60,133,61
73175,ext_43467de1,0,87,133,40
73175,ext_45c37b30,0,60,133,61
73175,ext_559c1fe3,0,60,133,61
73175,ext_5967bb50,0,60,133,61
73175,ext_6edb9b53,0,130,133,2
73175,ext_79d1b64c,0,60,133,61
73175,ext_79d8cf32,0,84,133,42
73175,ext_8203dc2b,0,60,133,61
73175,ext_82b75160,0,60,133,61
73175,ext_87d8a93a,0,133,133,1
73175,ext_8c45d7aa,0,75,133,51
73175,ext_8fdcf666,0,130,133,2
73175,ext_9aea382e,0,60,133,61
73175,ext_a622a2f9,0,60,109,40
73175,ext_aabcf312,0,80,133,46
73175,ext_ad4fdd06,0,75,133,51
73175,ext_b06d1b17,0,60,133,61
73175,ext_bc310698,0,60,133,61
73175,ext_c35f4a3f,0,60,133,61
73175,ext_c8b2cc20,0,60,133,61
73175,ext_cd4d3887,0,60,133,61
73175,ext_cedd2580,0,56,133,64
73175,ext_d12f03ba,0,60,133,61
73175,ext_d6a8d8c1,0,60,133,61
73175,ext_dbbab85d,0,60,133,61
73175,ext_df4371bf,0,60,133,61
73175,ext_e18f3bec,0,130,133,2
73175,ext_e4ea3d46,0,60,133,61
73175,ext_e51d5612,0,61,133,60
73175,ext_e5330e3c,0,110,133,21
73175,ext_f5557f56,0,54,133,65
73175,ext_fbf746c3,0,60,133,61
73175,ext_fdade877,0,60,133,61
73303,73303,1,99,137,33
73303,75261,1,59,137,48
73303,ext_01b81ae1,0,59,137,49
73303,ext_0453b3ec,0,115,137,21
73303,ext_04f60ae9,0,59,137,49
73303,ext_0bd90b4e,0,111,137,24
73303,ext_0d9ea00e,0,111,137,24
73303,ext_14f0f38c,0,59,137,49
73303,ext_153377b9,0,59,137,49
73303,ext_16fd3714,0,59,137,49
73303,ext_1970a6fe,0,87,137,37
73303,ext_1f5ecfb8,0,59,137,48
73303,ext_1f767849,0,59,137,48
73303,ext_1fdc3d5b,0,59,137,48
73303,ext_25015d31,0,115,137,21
73303,ext_27e70a97,0,59,137,50
73303,ext_288304bb,0,59,137,49
73303,ext_2a7e21e7,0,127,137,11
73303,ext_2f7832be,0,71,137,44
73303,ext_316ea620,0,59,137,49
73303,ext_31a8bcf0,0,59,137,48
73303,ext_325fb2b1,0,59,137,48
73303,ext_34603767,0,59,137,48
73303,ext_36c1e59e,0,59,137,48
73303,ext_3792b7a8,0,59,137,49
73303,ext_39dbf691,0,59,137,49
73303,ext_3c029a83,0,124,137,14
73303,ext_43a93489,0,59,137,48
73303,ext_4543dd93,0,59,137,49
73303,ext_47b121f1,0,130,137,8
73303,ext_4a04fa10,0,59,137,49
73303,ext_4c1bb26e,0,59,137,49
73303,ext_4d4cec4b,0,59,137,48
73303,ext_50f77860,0,125,137,13
73303,ext_5423c19f,0,124,137,14
73303,ext_545e3afd,0,111,137,24
73303,ext_57be2162,0,59,137,48
73303,ext_585ce9f8,0,59,137,49
73303,ext_587f8c13,0,66,137,47
73303,ext_59d18c5a,0,137,137,1
73303,ext_5a087df3,0,59,137,49
73303,ext_5e726184,0,129,137,9
73303,ext_5f2ddf1f,0,115,137,21
73303,ext_5f8b1341,0,116,137,20
73303,ext_65fa345c,0,59,137,49
73303,ext_679dd04c,0,59,137,49
73303,ext_6842c012,0,59,137,49
73303,ext_6e081fde,0,87,137,37
73303,ext_725213e7,0,59,137,49
73303,ext_745b4fcd,0,59,137,49
73303,ext_755a8ad2,0,66,137,47
73303,ext_759af198,0,66,137,47
73303,ext_75c060d3,0,135,137,3
73303,ext_76b44721,0,59,137,49
73303,ext_794399c6,0,59,137,49
73303,ext_7e204791,0,128,137,10
73303,ext_7e51e0e9,0,59,137,49
73303,ext_80f89f1c,0,59,137,49
73303,ext_822b7ed8,0,59,137,49
73303,ext_83d14c84,0,66,137,47
73303,ext_87a95b7d,0,80,137,40
73303,ext_881c919f,0,59,137,49
73303,ext_8bc560e5,0,87,137,37
73303,ext_8c8934cb,0,59,137,48
73303,ext_8cf38568,0,66,137,47
73303,ext_91d57de0,0,59,137,48
73303,ext_961868eb,0,66,137,47
73303,ext_9bd7ffcb,0,129,137,9
73303,ext_9d1745b2,0,130,137,8
73303,ext_a2864de6,0,134,137,4
73303,ext_a2b3dc9c,0,59,137,48
73303,ext_a4c5794c,0,90,137,35
73303,ext_a5a9359a,0,59,137,48
73303,ext_a7004cb7,0,59,137,49
73303,ext_ab7a9f6f,0,59,137,49
73303,ext_aba8af55,0,59,137,48
73303,ext_add1ccba,0,59,137,49
73303,ext_b01ac76a,0,37,58,14
73303,ext_b0ad42f8,0,59,137,49
73303,ext_b3f05f4b,0,135,137,3
73303,ext_bf70ffd3,0,66,137,47
73303,ext_c1b27f8c,0,118,137,18
73303,ext_c1b46775,0,59,137,48
73303,ext_c5a0cc07,0,59,137,49
73303,ext_c5eb3985,0,59,137,48
73303,ext_cc95b13e,0,59,137,48
73303,ext_cd829bd3,0,103,137,30
73303,ext_cdc651a2,0,59,137,49
73303,ext_ceb5e913,0,59,137,48
73303,ext_cf016e93,0,107,137,27
73303,ext_d962295a,0,120,137,16
73303,ext_d9c33e73,0,59,137,48
73303,ext_dc4e77c1,0,106,137,28
73303,ext_df3bd70e,0,66,137,47
73303,ext_e08ddec7,0,59,137,48
73303,ext_e2fdf307,0,69,137,46
73303,ext_e3556a35,0,59,137,49
73303,ext_e49817ea,0,137,137,1
73303,ext_e65812a4,0,59,137,49
73303,ext_e65b9d05,0,66,137,47
73303,ext_e66f89be,0,134,137,4
73303,ext_e6f46177,0,59,137,48
73303,ext_e94ed135,0,59,137,48
73303,ext_ea634faa,0,108,137,26
73303,ext_ead806bf,0,120,137,16
73303,ext_f0f8d83d,0,59,137,49
73303,ext_f26d0694,0,99,137,33
73303,ext_f3335dc3,0,59,137,49
73303,ext_f91a244b,0,37,137,63
73303,ext_fb36641e,0,59,137,49
73303,ext_fcdd1725,0,134,137,4
73303,ext_fee3bf72,0,66,137,47
74916,66991,1,59,79,8
74916,80193,1,59,72,4
74916,ext_036a0979,0,59,79,7
74916,ext_0471b2a7,0,59,71,2
74916,ext_07f6005c,0,59,71,2
74916,ext_0c61cb71,0,59,71,2
74916,ext_2c500ba5,0,59,73,6
74916,ext_3510af11,0,59,72,4
74916,ext_3b916d8b,0,59,59,1
74916,ext_3c4094ab,0,59,72,4
74916,ext_3f47d0c3,0,59,71,2
74916,ext_4abcd643,0,59,72,3
74916,ext_4b0d881e,0,37,57,5
74916,ext_5b11737e,0,40,41,2
74916,ext_5cc01d44,0,59,72,4
74916,ext_69da761c,0,59,71,2
74916,ext_6bb98184,0,59,79,8
74916,ext_708a9978,0,59,71,2
74916,ext_73d64b92,0,59,73,5
74916,ext_7bb30b95,0,59,72,3
74916,ext_8e0afc54,0,59,72,4
74916,ext_94e6f287,0,59,71,2
74916,ext_97a715b6,0,59,71,2
74916,ext_981975e0,0,59,71,2
74916,ext_a14e4bae,0,59,72,4
74916,ext_ae9de496,0,59,73,6
74916,ext_b0c1f088,0,59,79,7
74916,ext_b2ad5b36,0,59,71,2
74916,ext_b6431b38,0,59,73,5
74916,ext_c035f151,0,40,41,2
74916,ext_d359f41e,0,59,72,4
74916,ext_d6d5b702,0,59,59,1
74916,ext_d9481ae8,0,59,72,3
74916,ext_e0a14544,0,59,71,2
74916,ext_e25ce66d,0,59,72,4
74916,ext_ed4bcc89,0,59,79,8
74916,ext_f295e047,0,59,71,2
74916,ext_f50c6bce,0,40,41,2
74916,ext_fa138cd1,0,40,41,2
74916,ext_fb512053,0,59,72,4
75178,20905,1,59,137,53
75178,22931,1,59,137,53
75178,26999,1,59,137,53
75178,30952,1,59,137,53
75178,51675,1,59,137,53
75178,60830,1,59,137,53
75178,62555,1,59,137,53
75178,69669,1,59,137,53
75178,ext_025d39c8,0,59,137,53
75178,ext_02cf8288,0,59,137,53
75178,ext_043e36e0,0,59,90,28
75178,ext_073f4d11,0,59,63,5
75178,ext_0a7ac4e9,0,59,81,20
75178,ext_0aa0d40c,0,59,137,53
75178,ext_0fe7bb97,0,64,137,48
75178,ext_11ccc801,0,59,137,53
75178,ext_19551928,0,59,137,53
75178,ext_1bc80614,0,59,137,53
75178,ext_1bdee2d8,0,59,137,53
75178,ext_1cae4d7d,0,68,137,44
75178,ext_1f853481,0,59,137,53
75178,ext_2150f060,0,59,137,53
75178,ext_24ebabd3,0,59,137,53
75178,ext_2921371a,0,59,137,53
75178,ext_295037f0,0,75,137,40
75178,ext_37beae07,0,59,137,53
75178,ext_3e9e6858,0,59,137,53
75178,ext_41c835ef,0,119,137,13
75178,ext_50bda7cd,0,60,137,52
75178,ext_556417d3,0,81,137,34
75178,ext_5d650b6f,0,59,137,53
75178,ext_5e91a8ca,0,59,137,53
75178,ext_607cb4b9,0,59,137,53
75178,ext_60ce2d9a,0,59,137,53
75178,ext_66658127,0,59,90,28
75178,ext_6834af59,0,59,90,28
75178,ext_697e7ebf,0,129,137,9
75178,ext_6dd87bc5,0,86,137,30
75178,ext_6ddb395b,0,59,137,53
75178,ext_6e0ce14f,0,59,137,53
75178,ext_75efd2a9,0,59,137,53
75178,ext_782710c7,0,83,137,33
75178,ext_827fefcf,0,59,137,53
75178,ext_8909c2a4,0,59,137,53
75178,ext_8ac47ef7,0,59,137,53
75178,ext_8b62a769,0,59,137,53
75178,ext_8c9ce862,0,59,137,53
75178,ext_8e38ba9f,0,120,137,12
75178,ext_8f3ef7d2,0,59,137,53
75178,ext_93f6f3d8,0,59,137,53
75178,ext_96a85aba,0,59,90,28
75178,ext_990538c4,0,59,137,53
75178,ext_99141427,0,59,137,53
75178,ext_9e92564b,0,90,137,26
75178,ext_9ebda160,0,59,137,53
75178,ext_a049558e,0,59,137,53
75178,ext_a4a7168f,0,108,137,24
75178,ext_a8d65b9e,0,109,137,23
75178,ext_abff857f,0,59,137,53
75178,ext_b29c063b,0,59,137,53
75178,ext_b4e933c4,0,59,137,53
75178,ext_b785c93b,0,59,137,53
75178,ext_be500c0d,0,59,137,53
75178,ext_c097c573,0,59,137,53
75178,ext_c215568e,0,59,137,53
75178,ext_c7401a3d,0,59,137,53
75178,ext_cb6150a9,0,59,137,53
75178,ext_ce154032,0,59,137,53
75178,ext_ce994de7,0,59,137,53
75178,ext_e4445d9e,0,59,137,53
75178,ext_e8437810,0,134,137,4
75178,ext_e98b2450,0,59,137,53
75178,ext_eab221d5,0,59,137,53
75178,ext_ec305f60,0,107,137,25
75178,ext_ed7592d0,0,59,137,53
75178,ext_f3baac20,0,59,137,53
75178,ext_f5163b5f,0,59,137,53
75178,ext_f6725b26,0,77,137,38
75178,ext_f837fdc2,0,59,137,53
75178,ext_ff464874,0,59,137,53
75261,46654,1,88,117,17
75261,48429,1,59,117,22
75261,50947,1,59,102,18
75261,62560,1,59,89,6
75261,66245,1,59,117,23
75261,66404,1,88,117,17
75261,68533,1,59,117,21
75261,71627,1,59,117,22
75261,73303,1,59,117,21
75261,ext_0062dd8d,0,59,117,21
75261,ext_01b81ae1,0,59,117,22
75261,ext_026e186f,0,59,117,22
75261,ext_02b796cd,0,59,117,22
75261,ext_04696c7f,0,59,117,24
75261,ext_0576b9f9,0,59,117,24
75261,ext_05b5ce1a,0,59,117,24
75261,ext_075c4136,0,59,117,22
75261,ext_0835ff1a,0,59,117,20
75261,ext_0966a7e9,0,59,117,21
75261,ext_09aef0c3,0,59,117,21
75261,ext_09c0b7f2,0,92,117,13
75261,ext_0b20de5c,0,59,117,23
75261,ext_0f89951f,0,95,117,11
75261,ext_0fbfcaa9,0,59,117,23
75261,ext_12b321e7,0,59,117,24
75261,ext_12b8883f,0,104,117,3
75261,ext_136ded01,0,59,117,21
75261,ext_14a648eb,0,88,102,14
75261,ext_14c0a5e6,0,59,117,22
75261,ext_14f0f38c,0,59,117,24
75261,ext_156a3477,0,59,117,24
75261,ext_16267d1a,0,88,117,17
75261,ext_1bef3d55,0,59,117,21
75261,ext_1cc49960,0,59,117,22
75261,ext_1d24a1d2,0,59,117,22
75261,ext_1dd1b938,0,59,117,23
75261,ext_1e5e0027,0,59,117,20
75261,ext_1f432a67,0,59,117,24
75261,ext_1f78cb7b,0,59,102,19
75261,ext_1ff63d8e,0,59,117,22
75261,ext_21f18017,0,93,117,12
75261,ext_2264da95,0,59,117,22
75261,ext_235d8e91,0,88,102,14
75261,ext_24441f9a,0,59,102,19
75261,ext_245aaf8a,0,63,75,2
75261,ext_24e95a83,0,60,117,19
75261,ext_256ff4f1,0,91,117,14
75261,ext_257a8c6a,0,59,117,22
75261,ext_25a1307c,0,59,117,21
75261,ext_26286037,0,88,117,17
75261,ext_268d0c65,0,59,117,24
75261,ext_27ab8134,0,59,117,24
75261,ext_280a83d1,0,59,117,24
75261,ext_288304bb,0,59,117,23
75261,ext_28a27f09,0,59,117,22
75261,ext_2a5111d1,0,95,117,11
75261,ext_2aca42da,0,59,117,21
75261,ext_2b9691b7,0,117,117,1
75261,ext_2cf1982f,0,59,117,21
75261,ext_2d109e57,0,59,117,22
75261,ext_2d879b3e,0,59,105,23
75261,ext_2f490935,0,88,117,17
75261,ext_2fc3d178,0,59,117,22
75261,ext_2fd1f9c9,0,59,117,21
75261,ext_30c53167,0,59,117,24
75261,ext_30e17ee0,0,88,117,17
75261,ext_31a8bcf0,0,59,117,21
75261,ext_3306c3cf,0,59,117,22
75261,ext_3437a603,0,98,117,8
75261,ext_3442a4f9,0,59,117,24
75261,ext_349d12a5,0,59,117,21
75261,ext_34c688d6,0,97,117,9
75261,ext_35bd21e5,0,59,117,22
75261,ext_367c4e3a,0,59,117,21
75261,ext_384fee29,0,59,117,22
75261,ext_38670045,0,59,117,21
75261,ext_39a8f6fd,0,59,117,22
75261,ext_3b8761e0,0,88,102,14
75261,ext_3bf2dd15,0,59,117,22
75261,ext_3e6fbaf0,0,92,117,13
75261,ext_40cdd9b8,0,59,117,24
75261,ext_417c5d5d,0,89,117,16
75261,ext_45086611,0,59,117,22
75261,ext_4543dd93,0,59,117,21
75261,ext_45c37b30,0,59,117,23
75261,ext_45d332a3,0,59,117,23
75261,ext_49e21126,0,117,117,1
75261,ext_4a04fa10,0,59,117,22
75261,ext_4a2e1e3e,0,59,117,22
75261,ext_4a3dd17a,0,59,117,22
75261,ext_4b76bd93,0,59,117,24
75261,ext_4b9a6b25,0,59,117,23
75261,ext_4bc5830f,0,89,117,16
75261,ext_4c435134,0,59,117,22
75261,ext_4f85ddfe,0,59,117,23
75261,ext_509df4d8,0,59,117,22
75261,ext_531e2a9a,0,59,117,23
75261,ext_53a039cc,0,88,117,17
75261,ext_53f12ba1,0,96,117,10
75261,ext_55131537,0,59,117,22
75261,ext_55e125cd,0,59,117,23
75261,ext_55f180e9,0,59,117,22
75261,ext_566e699e,0,88,117,17
75261,ext_568c1886,0,90,117,15
75261,ext_56b8eae9,0,59,117,22
75261,ext_573ca488,0,59,117,22
75261,ext_57da74a9,0,104,117,3
75261,ext_5a087df3,0,59,117,21
75261,ext_5b34888a,0,59,117,26
75261,ext_5c16b3a0,0,59,117,28
75261,ext_5cfbdcbf,0,59,117,22
75261,ext_5e358f40,0,59,117,23
75261,ext_5f8a04d2,0,59,117,23
75261,ext_602573e5,0,59,117,21
75261,ext_6157c388,0,88,117,17
75261,ext_61b2537f,0,59,102,19
75261,ext_61d6afac,0,117,117,1
75261,ext_62b5dfcf,0,59,117,21
75261,ext_6362449b,0,59,117,22
75261,ext_63aea406,0,90,117,15
75261,ext_63f5ff32,0,59,117,22
75261,ext_640f1c8b,0,59,117,24
75261,ext_64bd4e3b,0,59,117,20
75261,ext_6524cc4a,0,59,117,22
75261,ext_65433c28,0,59,117,22
75261,ext_65be1c4c,0,59,117,22
75261,ext_65c6dd0a,0,59,117,22
75261,ext_6670abed,0,59,117,22
75261,ext_667a1d2d,0,59,117,21
75261,ext_679dd04c,0,59,117,21
75261,ext_67c48eac,0,59,117,21
75261,ext_68211837,0,59,117,23
75261,ext_68725b51,0,59,117,22
75261,ext_68bd901f,0,95,117,11
75261,ext_699e0f59,0,102,117,4
75261,ext_6a39359f,0,117,117,1
75261,ext_6a564c0a,0,59,117,22
75261,ext_6ab05625,0,59,117,20
75261,ext_6ade04b2,0,88,102,14
75261,ext_6bcaeed8,0,59,117,22
75261,ext_6bf9acbd,0,88,117,17
75261,ext_6c231aca,0,59,117,27
75261,ext_6e261e9f,0,59,117,22
75261,ext_71cc58df,0,92,102,10
75261,ext_730b18d5,0,102,117,4
75261,ext_7383b630,0,59,117,25
75261,ext_73ffcbe9,0,59,117,23
75261,ext_745b4fcd,0,59,117,23
75261,ext_758cb47e,0,59,117,25
75261,ext_75f6e977,0,88,117,17
75261,ext_76e5626c,0,59,117,22
75261,ext_76fc90d2,0,75,75,1
75261,ext_79a6e969,0,97,117,9
75261,ext_7a39a02b,0,59,117,23
75261,ext_7a9c22ce,0,117,117,1
75261,ext_7ac29bf2,0,59,117,24
75261,ext_7ae773d1,0,59,117,24
75261,ext_7b097262,0,117,117,1
75261,ext_7b6d0164,0,59,117,22
75261,ext_7bf6eb2c,0,59,117,24
75261,ext_7d047b0a,0,59,117,22
75261,ext_7d7fa77d,0,59,117,24
75261,ext_7d8d11e9,0,89,117,16
75261,ext_7e25ddd2,0,59,117,31
75261,ext_7e306aed,0,59,117,22
75261,ext_7e9c97d8,0,59,117,25
75261,ext_7f056d80,0,117,117,1
75261,ext_7f8ef631,0,96,117,10
75261,ext_8096fbe4,0,59,117,22
75261,ext_8168ef98,0,59,117,21
75261,ext_8173d4aa,0,59,117,21
75261,ext_81bc6558,0,59,117,21
75261,ext_822b7ed8,0,59,117,21
75261,ext_8433e910,0,88,117,17
75261,ext_84bdcfb0,0,59,117,21
75261,ext_853cd3a2,0,59,117,22
75261,ext_85a6ac6d,0,59,117,24
75261,ext_85f9f1dd,0,59,117,22
75261,ext_86c9cf22,0,59,117,20
75261,ext_8778b7cb,0,88,117,17
75261,ext_87ea0c95,0,59,102,19
75261,ext_88131dc4,0,59,117,24
75261,ext_8a42d028,0,59,117,23
75261,ext_8aeae9c9,0,89,117,16
75261,ext_8b128b57,0,59,117,22
75261,ext_8c35c7de,0,63,117,4
75261,ext_8ca90e86,0,117,117,1
75261,ext_8d38a5bb,0,59,117,22
75261,ext_8ddaadbe,0,59,117,22
75261,ext_8eeb2142,0,59,117,20
75261,ext_92285a37,0,59,117,20
75261,ext_92b5ce60,0,59,117,23
75261,ext_958185fc,0,59,117,23
75261,ext_95b787a2,0,104,117,3
75261,ext_968bbb6c,0,59,117,22
75261,ext_972146ac,0,104,117,3
75261,ext_97475c7b,0,59,117,23
75261,ext_9757e0c5,0,59,117,22
75261,ext_978988f1,0,59,117,22
75261,ext_98a6075e,0,88,102,14
75261,ext_9925007a,0,88,102,14
75261,ext_997c52c9,0,59,117,22
75261,ext_9a056deb,0,59,117,24
75261,ext_9afae604,0,97,117,9
75261,ext_9b7f6d87,0,59,117,22
75261,ext_9c84627d,0,59,117,24
75261,ext_9ce1e137,0,59,102,19
75261,ext_9ecc0374,0,59,117,26
75261,ext_a1c936a0,0,59,117,22
75261,ext_a1de736f,0,59,117,22
75261,ext_a25efc5e,0,97,102,6
75261,ext_a2e6e59b,0,101,117,5
75261,ext_a3897ad9,0,60,117,19
75261,ext_a3e2d71e,0,59,117,20
75261,ext_a4235888,0,95,117,11
75261,ext_a425e664,0,59,117,23
75261,ext_a478a355,0,88,117,17
75261,ext_a78280d8,0,59,117,22
75261,ext_a84c1b07,0,59,117,22
75261,ext_a8e0281d,0,59,117,22
75261,ext_a954f3d7,0,95,117,11
75261,ext_a9bd6f12,0,59,117,24
75261,ext_ab5131f9,0,59,117,23
75261,ext_ad7ce795,0,89,117,7
75261,ext_ada7eaf7,0,59,117,21
75261,ext_adf1bb00,0,117,117,1
75261,ext_ae319573,0,59,117,23
75261,ext_ae4af82e,0,59,117,22
75261,ext_ae7e342b,0,59,117,24
75261,ext_aefab04f,0,59,117,24
75261,ext_afbca937,0,59,117,22
75261,ext_b14416af,0,59,117,21
75261,ext_b2492617,0,59,117,21
75261,ext_b27d4696,0,59,117,21
75261,ext_b3b6a1a5,0,59,117,22
75261,ext_b3e168c7,0,88,102,14
75261,ext_b439b1da,0,59,117,24
75261,ext_b574e56a,0,59,117,23
75261,ext_b5a2a30a,0,59,117,24
75261,ext_b67785ff,0,59,117,25
75261,ext_b6a6e5c0,0,97,117,9
75261,ext_b744e61b,0,59,117,21
75261,ext_b8d7f262,0,95,117,11
75261,ext_ba8ff4c4,0,88,117,17
75261,ext_baaa8ab1,0,59,117,22
75261,ext_bbcf1271,0,59,117,22
75261,ext_bcb78951,0,59,117,22
75261,ext_bcc45c08,0,88,117,17
75261,ext_bd553e34,0,59,117,25
75261,ext_bd6af7c4,0,59,117,23
75261,ext_becf1435,0,59,117,22
75261,ext_bf4d4934,0,59,117,23
75261,ext_bf5e624d,0,59,117,21
75261,ext_bf70ffd3,0,88,117,17
75261,ext_c253be72,0,59,117,22
75261,ext_c2dfb480,0,59,117,22
75261,ext_c5494216,0,59,117,21
75261,ext_c5a0cc07,0,59,117,21
75261,ext_c991c234,0,59,117,22
75261,ext_ca108877,0,59,117,21
75261,ext_caac790c,0,88,117,17
75261,ext_cbb7eca9,0,88,117,17
75261,ext_cc95b13e,0,59,117,20
75261,ext_cd800727,0,59,117,23
75261,ext_cdc651a2,0,59,117,21
75261,ext_ceaa1e57,0,59,117,22
75261,ext_d113c7a0,0,97,117,9
75261,ext_d13d55c2,0,59,117,22
75261,ext_d2f763ad,0,88,117,17
75261,ext_d44a0565,0,59,117,23
75261,ext_d44b4a07,0,59,117,23
75261,ext_d457fbaf,0,59,117,22
75261,ext_d47f1753,0,59,117,22
75261,ext_d4870c7d,0,59,117,22
75261,ext_d52f3d8a,0,59,117,22
75261,ext_d561ded4,0,59,117,23
75261,ext_d5d1faf2,0,59,117,32
75261,ext_d6428507,0,59,117,23
75261,ext_d64e1b14,0,59,117,21
75261,ext_d75575ec,0,59,117,23
75261,ext_d77c5841,0,59,117,24
75261,ext_d7e0f71d,0,59,117,30
75261,ext_d80eb1a9,0,117,117,1
75261,ext_d9c33e73,0,59,117,22
75261,ext_dac01142,0,59,117,23
75261,ext_db1f6056,0,59,117,22
75261,ext_db8b380a,0,59,117,20
75261,ext_dc9da608,0,93,117,12
75261,ext_ddcfa6a8,0,59,117,23
75261,ext_df093941,0,59,117,22
75261,ext_df64099e,0,88,117,17
75261,ext_dfc4f9c6,0,59,117,21
75261,ext_dfe49d40,0,63,75,2
75261,ext_e0af1b9c,0,117,117,1
75261,ext_e10a32b8,0,59,117,31
75261,ext_e1524e89,0,59,102,18
75261,ext_e292b8ab,0,59,117,22
75261,ext_e31e01e9,0,59,117,23
75261,ext_e4d9b15b,0,90,117,15
75261,ext_e5f532cf,0,88,117,17
75261,ext_e65812a4,0,59,117,21
75261,ext_e9ece6ad,0,63,117,4
75261,ext_ea7dff15,0,59,117,22
75261,ext_ea98e0d7,0,59,117,23
75261,ext_eba2dea4,0,59,117,23
75261,ext_ed81f4b8,0,59,102,19
75261,ext_eea470fb,0,59,117,21
75261,ext_ef28aa56,0,63,75,2
75261,ext_ef543918,0,88,117,17
75261,ext_ef80f497,0,117,117,1
75261,ext_ef9b3850,0,59,117,23
75261,ext_f1a59f2a,0,59,117,21
75261,ext_f20e4bcc,0,59,117,23
75261,ext_f2546149,0,59,117,22
75261,ext_f2739af6,0,88,117,17
75261,ext_f34d0336,0,88,117,17
75261,ext_f36a5e79,0,59,117,23
75261,ext_f36e7bb3,0,59,117,22
75261,ext_f3dd93bb,0,59,117,22
75261,ext_f441cb20,0,59,117,21
75261,ext_f4a5214e,0,88,117,17
75261,ext_f5873318,0,88,117,17
75261,ext_f642e2d3,0,117,117,1
75261,ext_f7e69f27,0,90,117,15
75261,ext_fa6288be,0,59,60,2
75261,ext_fa8d3bf0,0,59,117,23
75261,ext_faa5baf0,0,59,117,23
75261,ext_faca63d9,0,59,117,22
75261,ext_fb36641e,0,59,117,22
75261,ext_fb7d4e0e,0,92,117,13
75261,ext_fbe08fce,0,91,117,14
75261,ext_ff191943,0,117,117,1
75468,19844,1,62,102,37
75468,36143,1,62,102,37
75468,46021,1,62,102,37
75468,53275,1,62,102,37
75468,ext_0233e2b7,0,62,102,37
75468,ext_023594cd,0,62,102,37
75468,ext_07fb37f3,0,77,102,23
75468,ext_0c9c9d6d,0,62,102,37
75468,ext_10c273ae,0,62,102,37
75468,ext_15862a1a,0,62,102,37
75468,ext_205802a5,0,62,102,37
75468,ext_29b7a57b,0,62,102,37
75468,ext_2e111f7d,0,62,102,37
75468,ext_36823df6,0,62,102,37
75468,ext_3c00bf3f,0,99,102,4
75468,ext_3f9260af,0,79,102,21
75468,ext_443112c4,0,62,102,37
75468,ext_4bafe8ab,0,62,102,37
75468,ext_4d00fc94,0,62,102,37
75468,ext_56738193,0,62,102,37
75468,ext_57e6975f,0,62,102,37
75468,ext_5fb59cc5,0,62,102,37
75468,ext_61d9ccfb,0,93,102,9
75468,ext_6a1acddd,0,81,102,19
75468,ext_8448ead1,0,62,102,37
75468,ext_8bd851cf,0,62,102,37
75468,ext_9fda5771,0,62,102,37
75468,ext_a97fabe8,0,62,102,37
75468,ext_b8a92139,0,62,102,37
75468,ext_c4bc3930,0,62,102,37
75468,ext_c514760c,0,62,102,37
75468,ext_c95fe68b,0,95,102,7
75468,ext_d2ded1a6,0,74,102,26
75468,ext_d39e2f60,0,97,102,5
75468,ext_d415adf2,0,65,102,35
75468,ext_d88b05e2,0,62,102,37
75468,ext_e19fe97f,0,62,102,37
75468,ext_eea707b9,0,62,102,37
75468,ext_f3fa5998,0,73,102,27
75468,ext_f60c24c7,0,94,102,8
75468,ext_f7da3125,0,62,102,37
75468,ext_f85fbb03,0,62,102,37
75468,ext_f9b2d083,0,62,102,37
76313,20905,1,59,181,98
76313,39701,1,59,122,47
76313,62555,1,59,181,98
76313,76313,1,59,181,98
76313,88133,1,59,181,98
76313,ext_024f0d17,0,59,181,98
76313,ext_03cec2ce,0,59,181,98
76313,ext_04c69e52,0,59,181,98
76313,ext_04cf8fc2,0,59,181,98
76313,ext_050a90e5,0,59,181,98
76313,ext_0907439b,0,152,181,27
76313,ext_0b420877,0,59,181,98
76313,ext_0b56810d,0,59,181,98
76313,ext_0d489bd5,0,128,181,51
76313,ext_0f7c4575,0,59,181,98
76313,ext_0f85d24e,0,59,181,98
76313,ext_105cdf95,0,172,181,9
76313,ext_105cf8b6,0,179,181,3
76313,ext_11226ffa,0,59,181,98
76313,ext_11b0620d,0,59,181,98
76313,ext_131766bc,0,59,181,98
76313,ext_147fed33,0,59,181,98
76313,ext_15af8c36,0,59,181,98
76313,ext_16c7c6ba,0,180,181,2
76313,ext_1786c8a3,0,59,181,98
76313,ext_1802b035,0,93,181,63
76313,ext_1b3b3d68,0,59,181,98
76313,ext_1b7e0e9d,0,59,181,98
76313,ext_1be9d533,0,59,181,98
76313,ext_1bf50925,0,59,181,98
76313,ext_1ca13ca4,0,59,122,47
76313,ext_1def6ccc,0,101,101,1
76313,ext_1f21ed28,0,67,181,89
76313,ext_20cc960f,0,59,181,98
76313,ext_25173f8a,0,59,181,98
76313,ext_25dc0d57,0,59,181,98
76313,ext_2987d3f6,0,71,181,85
76313,ext_29f4b8f5,0,65,181,91
76313,ext_2d59544f,0,59,181,98
76313,ext_308cc499,0,92,105,13
76313,ext_344e4387,0,59,181,98
76313,ext_389fb9d3,0,168,181,12
76313,ext_38b65432,0,59,181,98
76313,ext_396d3544,0,59,181,98
76313,ext_3e2cb27b,0,59,181,98
76313,ext_3e34df2f,0,59,181,98
76313,ext_3eb692df,0,59,181,98
76313,ext_3f9da782,0,59,181,98
76313,ext_4028f45d,0,59,181,98
76313,ext_40d93155,0,59,122,47
76313,ext_41323df9,0,73,181,83
76313,ext_41b34140,0,166,181,14
76313,ext_428c3a93,0,151,181,28
76313,ext_42ff2d92,0,59,122,47
76313,ext_4326a0a3,0,59,181,98
76313,ext_43fd1c6f,0,159,181,20
76313,ext_45726ed7,0,59,181,98
76313,ext_457fd3b1,0,158,181,21
76313,ext_45c37b30,0,59,181,98
76313,ext_4754d478,0,59,181,98
76313,ext_47c55e95,0,59,181,98
76313,ext_47ceaea6,0,59,92,34
76313,ext_487f21f7,0,159,181,20
76313,ext_4901aec0,0,59,181,98
76313,ext_4988c831,0,59,122,47
76313,ext_4a3cba01,0,59,181,98
76313,ext_4bf65e90,0,180,181,2
76313,ext_4cd7f4f8,0,59,181,98
76313,ext_4dc9838a,0,59,181,98
76313,ext_4ddebd8d,0,59,181,98
76313,ext_501cf796,0,59,181,98
76313,ext_51191355,0,128,181,51
76313,ext_5423532f,0,59,181,98
76313,ext_54453e76,0,65,105,40
76313,ext_549d2735,0,59,181,98
76313,ext_5548ff04,0,59,122,47
76313,ext_569818a4,0,59,181,98
76313,ext_57543011,0,139,181,40
76313,ext_5b7a2014,0,122,122,1
76313,ext_5c08eb43,0,59,181,98
76313,ext_5c6d4f71,0,59,181,98
76313,ext_5caa124b,0,59,181,98
76313,ext_5dded41b,0,156,181,23
76313,ext_5e5ee545,0,59,181,98
76313,ext_5ecc1f2f,0,59,181,98
76313,ext_5f4d5843,0,180,181,2
76313,ext_5fd972fe,0,59,181,98
76313,ext_6113d515,0,128,181,51
76313,ext_62432206,0,59,181,98
76313,ext_648c970b,0,59,122,47
76313,ext_65429f1c,0,59,122,47
76313,ext_69d3e3db,0,59,181,98
76313,ext_6ac92bd5,0,165,181,15
76313,ext_6b144932,0,59,181,98
76313,ext_6b4021b5,0,59,181,98
76313,ext_6c54cca4,0,64,181,92
76313,ext_6c818986,0,128,181,51
76313,ext_6d39d403,0,59,181,98
76313,ext_6e05bee0,0,169,181,11
76313,ext_6effedbf,0,59,122,47
76313,ext_702933a8,0,59,181,98
76313,ext_75a11343,0,65,181,91
76313,ext_77db0112,0,159,181,20
76313,ext_795f8889,0,59,181,98
76313,ext_7a1e63be,0,59,181,98
76313,ext_7a36b263,0,59,181,98
76313,ext_7dd2b466,0,169,181,11
76313,ext_81a7762a,0,59,181,98
76313,ext_8488c90f,0,59,181,98
76313,ext_84a472fd,0,128,181,51
76313,ext_84aab304,0,138,181,41
76313,ext_85b6023e,0,59,181,98
76313,ext_879d8a56,0,59,181,98
76313,ext_8a5ac6f3,0,59,181,98
76313,ext_8adcf928,0,128,181,51
76313,ext_8beacfdc,0,59,181,98
76313,ext_8cd4d32c,0,59,181,98
76313,ext_8de082e5,0,59,181,98
76313,ext_8f086598,0,59,181,98
76313,ext_9160ce2d,0,59,181,98
76313,ext_9320bc63,0,59,181,98
76313,ext_9408e331,0,59,181,98
76313,ext_9477c24c,0,59,181,98
76313,ext_956a94e2,0,180,181,2
76313,ext_95a62a00,0,59,181,98
76313,ext_95e2b607,0,59,181,98
76313,ext_962b87fd,0,59,181,98
76313,ext_985f2bc2,0,59,181,98
76313,ext_99d4667a,0,59,181,98
76313,ext_9bae38a1,0,59,181,98
76313,ext_9bbd40b0,0,59,122,47
76313,ext_9dc26c35,0,59,181,98
76313,ext_9eaa3155,0,59,181,98
76313,ext_9ebda160,0,59,181,98
76313,ext_9ed8d70e,0,128,181,51
76313,ext_9edd1013,0,59,181,98
76313,ext_9f0e8115,0,59,181,98
76313,ext_9fd1e894,0,59,181,98
76313,ext_a069325c,0,160,181,19
76313,ext_a11cfcd3,0,166,181,14
76313,ext_a282e6ca,0,59,181,98
76313,ext_a3183b7e,0,159,181,20
76313,ext_a46e6693,0,59,181,98
76313,ext_a584b453,0,59,122,47
76313,ext_a5fd1c66,0,59,181,98
76313,ext_a6b1e49e,0,59,181,98
76313,ext_aa736b27,0,59,181,98
76313,ext_ace4b8bd,0,59,181,98
76313,ext_ad34636b,0,59,181,98
76313,ext_adc5dac5,0,59,181,98
76313,ext_afb572da,0,59,181,98
76313,ext_b36db147,0,59,181,98
76313,ext_b5740524,0,59,91,33
76313,ext_b5ab4947,0,59,91,33
76313,ext_b6360dce,0,59,181,98
76313,ext_b675a148,0,59,181,98
76313,ext_b709e5fd,0,66,105,39
76313,ext_b785fb4a,0,92,181,65
76313,ext_b7fc06f9,0,59,181,98
76313,ext_b96cb11d,0,166,181,14
76313,ext_bbc15499,0,59,181,98
76313,ext_bd096c02,0,59,181,98
76313,ext_be65d9ee,0,59,181,98
76313,ext_bed5aece,0,59,181,98
76313,ext_c587398c,0,59,181,98
76313,ext_c61ec0a1,0,177,181,5
76313,ext_c64db42b,0,59,181,98
76313,ext_c8a69782,0,59,181,98
76313,ext_c9202657,0,59,181,98
76313,ext_c999c644,0,59,181,98
76313,ext_ca376b6d,0,59,181,98
76313,ext_cb560370,0,59,181,98
76313,ext_cc41ae24,0,59,181,98
76313,ext_ce6a538e,0,59,181,98
76313,ext_d07f9d4c,0,169,181,11
76313,ext_d255d69b,0,169,181,11
76313,ext_d364beb7,0,59,122,47
76313,ext_d415adf2,0,158,181,21
76313,ext_d5b207bb,0,59,181,98
76313,ext_d60c09f8,0,180,181,2
76313,ext_d6c5d0a7,0,59,181,98
76313,ext_d851372e,0,144,181,35
76313,ext_d8a58463,0,59,181,98
76313,ext_d8d5df26,0,59,181,98
76313,ext_da2ac1cf,0,79,181,77
76313,ext_da409f45,0,104,181,53
76313,ext_dafba733,0,59,181,98
76313,ext_dc33d2f4,0,59,181,98
76313,ext_de046300,0,138,181,41
76313,ext_e0b71987,0,59,181,98
76313,ext_e18f3bec,0,92,181,64
76313,ext_e1e4493c,0,59,122,47
76313,ext_e3b4da53,0,86,105,19
76313,ext_e772ff4a,0,59,181,98
76313,ext_ea4fcf22,0,59,181,98
76313,ext_ec0e7d59,0,59,122,47
76313,ext_eddfeb25,0,59,181,98
76313,ext_ef3c8f19,0,59,181,98
76313,ext_f0289932,0,59,181,98
76313,ext_f0cf6a2a,0,59,181,98
76313,ext_f36f5172,0,151,181,28
76313,ext_f3c4179a,0,59,181,98
76313,ext_f54f206c,0,92,105,13
76313,ext_f5942579,0,70,181,86
76313,ext_f641ee67,0,73,181,83
76313,ext_f7f35d2c,0,59,181,98
76313,ext_f805c4f8,0,59,181,98
76313,ext_f964e999,0,59,181,98
76313,ext_fcea92bd,0,59,102,44
76313,ext_feaed0e3,0,59,181,98
76313,ext_ff9afe24,0,59,181,98
77023,13896,1,91,93,3
77023,18344,1,91,93,3
77023,33094,1,91,93,3
77023,51675,1,91,93,3
77023,78911,1,91,93,3
77023,80193,1,91,93,3
77023,82282,1,91,93,3
77023,ext_01e97183,0,91,93,3
77023,ext_02f6261d,0,91,93,3
77023,ext_036a0979,0,91,93,3
77023,ext_0532e9ef,0,91,93,3
77023,ext_05db01d9,0,91,93,3
77023,ext_0d8ee66f,0,91,93,3
77023,ext_0ed077fc,0,91,93,3
77023,ext_10ce52b1,0,91,93,3
77023,ext_16a60538,0,91,93,3
77023,ext_186e7ae1,0,91,93,3
77023,ext_188a1881,0,91,93,3
77023,ext_1faaf764,0,91,93,3
77023,ext_20b1c537,0,91,93,3
77023,ext_210b3c72,0,91,93,3
77023,ext_25ccd178,0,91,93,3
77023,ext_25cdc5b0,0,91,93,3
77023,ext_27154d2f,0,91,93,3
77023,ext_2b9caa26,0,91,93,3
77023,ext_2ce0379f,0,91,93,3
77023,ext_2dc3cc64,0,91,93,3
77023,ext_2decd505,0,91,93,3
77023,ext_2e76420d,0,91,93,3
77023,ext_2e9a327e,0,91,93,3
77023,ext_2ead1ed8,0,91,93,3
77023,ext_31f26fab,0,91,93,3
77023,ext_32eecc43,0,91,93,3
77023,ext_358ed4d4,0,91,93,3
77023,ext_35ca7450,0,91,93,3
77023,ext_361d9a7f,0,91,93,3
77023,ext_36290e9f,0,91,93,3
77023,ext_3ac7d2cb,0,91,93,3
77023,ext_3c6bdcc2,0,91,93,3
77023,ext_3cc1d1cf,0,91,93,3
77023,ext_42e8b3b8,0,91,93,3
77023,ext_430dfc62,0,91,93,3
77023,ext_45c37b30,0,91,93,3
77023,ext_47d19af6,0,91,93,3
77023,ext_47f3bedf,0,91,93,3
77023,ext_49631fb1,0,91,93,3
77023,ext_49ad957e,0,91,93,3
77023,ext_4a2fd3a3,0,91,93,3
77023,ext_4bf52435,0,91,93,3
77023,ext_4d91ba2f,0,91,93,3
77023,ext_4d9d7a10,0,91,93,3
77023,ext_50431243,0,91,93,3
77023,ext_5243b159,0,91,93,3
77023,ext_525301ac,0,91,93,3
77023,ext_540254f6,0,91,93,3
77023,ext_54cb331a,0,91,93,3
77023,ext_56b8eae9,0,91,93,3
77023,ext_56e86f98,0,91,93,3
77023,ext_56f15702,0,91,93,3
77023,ext_591e09b5,0,91,93,3
77023,ext_5a9dd87d,0,91,93,3
77023,ext_5b3a2622,0,91,93,3
77023,ext_5cc01d44,0,91,93,3
77023,ext_5cc3fe38,0,91,93,3
77023,ext_605a3a61,0,91,93,3
77023,ext_6448c7f0,0,91,93,3
77023,ext_66eaaac2,0,91,93,3
77023,ext_684b5bb5,0,91,93,3
77023,ext_6ae8b902,0,91,93,3
77023,ext_6bb98184,0,91,93,3
77023,ext_6c297390,0,91,93,3
77023,ext_70f5f89b,0,91,93,3
77023,ext_717a6b1b,0,91,93,3
77023,ext_719ec702,0,91,93,3
77023,ext_73d64b92,0,91,93,3
77023,ext_759f2702,0,91,93,3
77023,ext_78201860,0,91,93,3
77023,ext_79155516,0,91,93,3
77023,ext_7aee0235,0,91,93,3
77023,ext_7d046cf8,0,91,93,3
77023,ext_7ecac0c9,0,91,93,3
77023,ext_8204b292,0,91,93,3
77023,ext_833621b0,0,91,93,3
77023,ext_839789b6,0,91,93,3
77023,ext_856e6a1c,0,91,93,3
77023,ext_86f21f96,0,91,93,3
77023,ext_878afd5d,0,91,93,3
77023,ext_88e39856,0,91,93,3
77023,ext_8a0526c0,0,91,93,3
77023,ext_8aae2469,0,91,93,3
77023,ext_8d7b81c0,0,91,93,3
77023,ext_8dbb8a11,0,91,93,3
77023,ext_8f1539a4,0,91,93,3
77023,ext_8f184177,0,91,93,3
77023,ext_8fbb6ccd,0,91,93,3
77023,ext_9096e9f5,0,91,93,3
77023,ext_96887568,0,91,93,3
77023,ext_97cd2750,0,91,93,3
77023,ext_98c17d80,0,91,93,3
77023,ext_993432da,0,91,93,3
77023,ext_99a330bc,0,91,93,3
77023,ext_9a01f245,0,91,93,3
77023,ext_9be592cd,0,91,93,3
77023,ext_9d2c48e9,0,91,93,3
77023,ext_9fe0e394,0,91,93,3
77023,ext_a14e4bae,0,91,93,3
77023,ext_a27e6a87,0,91,93,3
77023,ext_a3c0fcfb,0,91,93,3
77023,ext_a5746d30,0,91,93,3
77023,ext_a5a838b9,0,91,93,3
77023,ext_a6fc98e3,0,91,93,3
77023,ext_a7b6bc33,0,91,93,3
77023,ext_a93df387,0,91,93,3
77023,ext_aaa12ce3,0,91,93,3
77023,ext_aebfb39c,0,91,93,3
77023,ext_aed44eb6,0,91,93,3
77023,ext_aee44eb1,0,91,93,3
77023,ext_b2ad5b36,0,91,93,3
77023,ext_b2ada6e5,0,91,93,3
77023,ext_b311a3d6,0,91,93,3
77023,ext_b4e933c4,0,91,93,3
77023,ext_b57aa8d8,0,91,93,3
77023,ext_b98e4096,0,91,93,3
77023,ext_ba97a99b,0,91,93,3
77023,ext_bc244684,0,91,93,3
77023,ext_bdbf3093,0,91,93,3
77023,ext_c146e4c5,0,91,93,3
77023,ext_c20418bc,0,91,93,3
77023,ext_c99c4533,0,91,93,3
77023,ext_ca3854cd,0,91,93,3
77023,ext_ca60fa9d,0,91,93,3
77023,ext_cebbf91f,0,91,93,3
77023,ext_cfcafe4e,0,91,93,3
77023,ext_d2a39442,0,91,93,3
77023,ext_d3fd1e9f,0,91,93,3
77023,ext_d4f41255,0,91,93,3
77023,ext_d4f55397,0,91,93,3
77023,ext_d6a4091d,0,91,93,3
77023,ext_d7317d1a,0,91,93,3
77023,ext_d7f81a15,0,91,93,3
77023,ext_d8bb0072,0,91,93,3
77023,ext_da95e18a,0,91,93,3
77023,ext_db8e0b58,0,91,93,3
77023,ext_ddb8100d,0,91,93,3
77023,ext_e0963a38,0,91,93,3
77023,ext_e0d3a87a,0,91,93,3
77023,ext_e1d700b0,0,93,93,1
77023,ext_e36f6e85,0,91,93,3
77023,ext_e4b82d5e,0,91,93,3
77023,ext_e589f0be,0,91,93,3
77023,ext_ea46f278,0,91,93,3
77023,ext_ec92ea10,0,91,93,3
77023,ext_ee3f1f32,0,91,93,3
77023,ext_efa4a1c5,0,91,93,3
77023,ext_f15a0909,0,91,93,3
77023,ext_f22bb146,0,91,93,3
77023,ext_f3fb78bb,0,91,93,3
77023,ext_f4f13851,0,91,93,3
77023,ext_f6fe20dd,0,91,93,3
77023,ext_f78bdcf1,0,91,93,3
77023,ext_f7da3125,0,91,93,3
77023,ext_f954d431,0,91,93,3
77023,ext_f99c40af,0,91,93,3
77023,ext_fb634080,0,91,93,3
77023,ext_fc914bcc,0,91,93,3
77023,ext_fe1bb62c,0,91,93,3
77291,13799,1,65,90,5
77291,14962,1,65,69,4
77291,18394,1,65,90,5
77291,37617,1,65,67,3
77291,45539,1,65,67,3
77291,46584,1,65,67,3
77291,50947,1,65,90,5
77291,74916,1,65,67,3
77291,77291,1,65,67,3
77291,84215,1,65,67,3
77291,86727,1,65,67,3
77291,ext_013cc113,0,65,69,4
77291,ext_032e3857,0,65,67,3
77291,ext_04f13864,0,65,67,3
77291,ext_07be710d,0,65,67,3
77291,ext_088404cd,0,65,69,4
77291,ext_0f6e17f9,0,65,90,5
77291,ext_0f85d24e,0,65,67,3
77291,ext_11cb9043,0,65,67,3
77291,ext_127d3a7b,0,65,67,3
77291,ext_142a1775,0,65,90,5
77291,ext_1467484d,0,65,67,3
77291,ext_188268d1,0,65,90,5
77291,ext_1a0f71ed,0,65,67,3
77291,ext_1a6abea1,0,65,67,3
77291,ext_1b0946cb,0,38,67,17
77291,ext_1bdee2d8,0,65,67,3
77291,ext_1c410025,0,65,67,3
77291,ext_1e3060f6,0,65,90,5
77291,ext_1f073204,0,65,67,3
77291,ext_224e4665,0,65,67,3
77291,ext_26174221,0,65,90,5
77291,ext_28dfd373,0,65,67,3
77291,ext_29a0ad19,0,65,67,3
77291,ext_2bff1dde,0,65,90,6
77291,ext_2d1bb849,0,65,67,3
77291,ext_3604811f,0,65,67,3
77291,ext_3850565f,0,65,67,3
77291,ext_3a7bef60,0,65,90,5
77291,ext_3b9abd5a,0,65,67,3
77291,ext_3d88fa15,0,65,90,6
77291,ext_3db9afe7,0,65,67,3
77291,ext_41df7f97,0,65,90,6
77291,ext_423f320a,0,65,67,3
77291,ext_4241bf77,0,65,67,3
77291,ext_45221716,0,65,67,3
77291,ext_45c37b30,0,65,90,5
77291,ext_460a943e,0,65,67,3
77291,ext_4907e2ba,0,65,90,5
77291,ext_4a63ae1d,0,65,67,3
77291,ext_4ad95150,0,65,67,3
77291,ext_4b7ccd39,0,65,67,3
77291,ext_4d5f9e65,0,65,67,3
77291,ext_4d98db1e,0,65,67,3
77291,ext_4e21eaa9,0,65,67,3
77291,ext_4f1bc21b,0,65,90,6
77291,ext_5172f137,0,65,67,3
77291,ext_535640ca,0,65,90,6
77291,ext_54e1867c,0,65,67,3
77291,ext_5705520c,0,65,67,3
77291,ext_5a882ac6,0,65,67,3
77291,ext_5ad521e3,0,65,90,6
77291,ext_5b596ea2,0,65,67,3
77291,ext_5bb2c64e,0,65,67,3
77291,ext_5c1b8f5b,0,65,67,3
77291,ext_5c32911f,0,65,90,5
77291,ext_5d3ae1ea,0,65,90,6
77291,ext_5de35973,0,65,67,3
77291,ext_64bae51d,0,65,90,6
77291,ext_6661f334,0,65,67,3
77291,ext_67d09fc0,0,65,67,3
77291,ext_6a36ed3a,0,65,67,3
77291,ext_6b8eaa26,0,65,67,3
77291,ext_6bb98184,0,65,67,3
77291,ext_6d7477e7,0,65,67,3
77291,ext_6f63a556,0,65,67,3
77291,ext_6fefd5b8,0,65,67,3
77291,ext_71b0e920,0,65,67,3
77291,ext_736058f0,0,65,67,3
77291,ext_76ad356a,0,65,69,4
77291,ext_78f8029f,0,65,67,3
77291,ext_7c4af436,0,65,67,3
77291,ext_7c74a51f,0,65,67,3
77291,ext_807ef59e,0,40,56,12
77291,ext_81472ae0,0,65,67,3
77291,ext_822690cc,0,56,56,1
77291,ext_82b4c7c1,0,65,67,3
77291,ext_83487c9e,0,65,90,6
77291,ext_83e0e09c,0,65,90,5
77291,ext_85df7e84,0,65,67,3
77291,ext_87e5b2e6,0,65,67,3
77291,ext_8c1177f4,0,65,67,3
77291,ext_8f3990da,0,65,67,3
77291,ext_900eea2e,0,65,67,3
77291,ext_901c5d40,0,65,90,6
77291,ext_91e567d5,0,65,90,6
77291,ext_96cf4a0c,0,65,67,3
77291,ext_97a715b6,0,65,67,3
77291,ext_9a8bd855,0,65,90,5
77291,ext_9ac6efff,0,65,67,3
77291,ext_9b1dee75,0,65,67,3
77291,ext_9d2c66c6,0,65,67,3
77291,ext_9d750120,0,65,67,3
77291,ext_9e92564b,0,65,67,3
77291,ext_9f83eb0d,0,65,67,3
77291,ext_a14e4bae,0,65,67,3
77291,ext_a3e2d71e,0,65,67,3
77291,ext_a52c2861,0,65,67,3
77291,ext_a77b2e66,0,65,67,3
77291,ext_a78d2a9b,0,65,90,5
77291,ext_ab526fc6,0,65,67,3
77291,ext_ac28f189,0,65,67,3
77291,ext_b0440ac7,0,65,90,5
77291,ext_b10a76e8,0,65,90,5
77291,ext_b312db4c,0,65,67,3
77291,ext_b3b02dc7,0,65,67,3
77291,ext_b54742b8,0,65,67,3
77291,ext_b568e91c,0,65,90,5
77291,ext_bb8f4601,0,65,90,6
77291,ext_bf5c6692,0,65,67,3
77291,ext_c3929ec3,0,65,90,5
77291,ext_c489eb27,0,65,67,3
77291,ext_c5b8b3fa,0,65,90,6
77291,ext_c60155dc,0,65,69,4
77291,ext_c65129d3,0,65,67,3
77291,ext_c690ae17,0,65,67,3
77291,ext_c87555da,0,65,67,3
77291,ext_cc52e222,0,65,67,3
77291,ext_cd66db9d,0,65,67,3
77291,ext_ce9c085c,0,65,90,6
77291,ext_d256ee54,0,65,67,3
77291,ext_d57b0a47,0,65,67,3
77291,ext_d58404de,0,65,67,3
77291,ext_d69d22ea,0,65,90,6
77291,ext_d9481ae8,0,65,67,3
77291,ext_d97c91c1,0,65,90,6
77291,ext_deb822f5,0,65,67,3
77291,ext_dec13cc3,0,65,67,3
77291,ext_e25ce66d,0,65,67,3
77291,ext_e2de84a7,0,65,90,5
77291,ext_e74719d5,0,65,67,3
77291,ext_e814b4ad,0,65,67,3
77291,ext_ea634faa,0,65,67,3
77291,ext_ea8a8aca,0,65,67,3
77291,ext_eb810d60,0,65,67,3
77291,ext_edf705d2,0,65,67,3
77291,ext_f102c51f,0,65,67,3
77291,ext_f457110e,0,65,67,3
77291,ext_f57d97fa,0,65,67,3
77291,ext_f715dd05,0,65,67,3
77291,ext_f7e94783,0,65,67,3
77291,ext_f8a5b478,0,65,90,5
77291,ext_f8b6d1ec,0,65,67,3
77291,ext_f8f9c63e,0,65,67,3
77291,ext_f925a9da,0,65,67,3
77291,ext_f977a09b,0,65,67,3
77291,ext_fac139b4,0,65,67,3
77291,ext_fd795568,0,65,67,3
77291,ext_fefd73bd,0,65,67,3
77291,ext_ff3caafe,0,65,67,3
77824,18394,1,59,73,12
77824,19844,1,59,73,12
77824,34853,1,59,73,12
77824,36143,1,59,73,12
77824,37617,1,59,73,12
77824,45945,1,59,73,12
77824,71782,1,59,73,12
77824,94652,1,59,73,12
77824,ext_0233e2b7,0,59,73,12
77824,ext_0239ea16,0,59,73,12
77824,ext_02845305,0,59,73,12
77824,ext_0634c140,0,59,73,12
77824,ext_06f07d29,0,59,73,12
77824,ext_0b068b10,0,59,73,12
77824,ext_0b5821e9,0,59,73,12
77824,ext_0b947131,0,59,73,12
77824,ext_0d6db894,0,59,73,12
77824,ext_117ed15d,0,59,73,12
77824,ext_14879512,0,59,73,12
77824,ext_1495128a,0,59,73,12
77824,ext_155c7443,0,59,73,12
77824,ext_16debb5e,0,59,73,12
77824,ext_19f24e09,0,59,73,12
77824,ext_1a5fb40a,0,59,73,12
77824,ext_1bfc016c,0,59,73,12
77824,ext_1cad5ba6,0,59,73,12
77824,ext_1e3060f6,0,59,73,12
77824,ext_1e5e0027,0,59,73,12
77824,ext_1ea4a503,0,59,73,12
77824,ext_1f4ccf96,0,59,73,12
77824,ext_205802a5,0,59,73,12
77824,ext_2165922d,0,62,73,11
77824,ext_23e031f9,0,59,73,12
77824,ext_25064869,0,59,73,12
77824,ext_266c769c,0,59,73,12
77824,ext_2693888d,0,59,73,12
77824,ext_2bccb70d,0,59,73,12
77824,ext_2d6d991b,0,59,73,12
77824,ext_2edea219,0,59,73,12
77824,ext_2eea7756,0,59,73,12
77824,ext_2f0ffc92,0,59,73,12
77824,ext_357aabc0,0,59,73,12
77824,ext_365a745c,0,59,73,12
77824,ext_367d344a,0,59,73,12
77824,ext_38d7910d,0,59,73,12
77824,ext_3ac3c4e2,0,59,73,12
77824,ext_3d31bcd7,0,59,73,12
77824,ext_3ec2f0c5,0,59,73,12
77824,ext_438a29b3,0,59,73,12
77824,ext_442e1406,0,59,73,12
77824,ext_44ef2ec5,0,59,73,12
77824,ext_45c37b30,0,59,73,12
77824,ext_4af47849,0,59,73,12
77824,ext_4f325c07,0,68,73,5
77824,ext_50c4e278,0,59,73,12
77824,ext_54b941c9,0,59,73,12
77824,ext_586c6c84,0,59,73,12
77824,ext_5909718e,0,59,73,12
77824,ext_5bd865ec,0,62,73,11
77824,ext_5be55eb1,0,59,73,12
77824,ext_5c144225,0,59,73,12
77824,ext_5c843357,0,59,73,12
77824,ext_6146a6e6,0,59,73,12
77824,ext_626fa268,0,59,73,12
77824,ext_6400bc05,0,59,73,12
77824,ext_64158693,0,59,73,12
77824,ext_6550a956,0,59,73,12
77824,ext_6670abed,0,59,73,12
77824,ext_67b445d7,0,59,73,12
77824,ext_6c154d61,0,59,73,12
77824,ext_6d7477e7,0,59,73,12
77824,ext_6fd4b5d5,0,59,73,12
77824,ext_701d32ae,0,59,73,12
77824,ext_703e654b,0,59,73,12
77824,ext_72b563d1,0,59,73,12
77824,ext_72b5937d,0,59,73,12
77824,ext_74f516cd,0,59,73,12
77824,ext_753f15bd,0,59,73,12
77824,ext_79de986f,0,59,73,12
77824,ext_7f68c5f4,0,59,73,12
77824,ext_8282b7d4,0,59,73,12
77824,ext_84bdcfb0,0,62,73,11
77824,ext_86388003,0,59,73,12
77824,ext_8644850a,0,59,73,12
77824,ext_873fed69,0,59,73,12
77824,ext_89537d2b,0,59,73,12
77824,ext_8a341e87,0,59,73,12
77824,ext_8acb0fce,0,59,73,12
77824,ext_8aeae9c9,0,59,73,12
77824,ext_8bfefc63,0,70,73,4
77824,ext_8d68ca8c,0,59,73,12
77824,ext_8dab993d,0,59,73,12
77824,ext_93870f53,0,59,73,12
77824,ext_93dd76ca,0,59,73,12
77824,ext_93e56915,0,59,73,12
77824,ext_94735e42,0,59,73,12
77824,ext_9e1683ba,0,62,73,11
77824,ext_9ef77a68,0,59,73,12
77824,ext_9fa2ffab,0,59,73,12
77824,ext_a37829c2,0,59,73,12
77824,ext_a3897ad9,0,59,73,12
77824,ext_a552d453,0,59,73,12
77824,ext_a6a76631,0,59,73,12
77824,ext_b04a0b23,0,68,73,5
77824,ext_b35afc49,0,59,73,12
77824,ext_b48852e1,0,59,73,12
77824,ext_b76ab087,0,59,73,12
77824,ext_bcdc3934,0,59,73,12
77824,ext_be32ebf3,0,59,73,12
77824,ext_c23e2ec6,0,64,73,9
77824,ext_c3b6ef0c,0,59,73,12
77824,ext_c793198c,0,59,73,12
77824,ext_c89e4e90,0,59,73,12
77824,ext_c9e73dc2,0,68,73,5
77824,ext_cae45459,0,59,73,12
77824,ext_cc61d425,0,59,73,12
77824,ext_d12e7878,0,59,73,12
77824,ext_d568436c,0,62,73,11
77824,ext_d5ed74a1,0,59,73,12
77824,ext_d77c5841,0,59,73,12
77824,ext_d79252e1,0,59,73,12
77824,ext_d8e190b7,0,62,73,11
77824,ext_d9bc2f82,0,59,73,12
77824,ext_db02140b,0,59,73,12
77824,ext_dd0ef824,0,59,73,12
77824,ext_dfddf40e,0,59,73,12
77824,ext_e0ccb242,0,59,73,12
77824,ext_e4b8b3b9,0,59,73,12
77824,ext_e66e7709,0,59,73,12
77824,ext_e6e5abaa,0,59,73,12
77824,ext_e760fdcd,0,59,73,12
77824,ext_e7e9f211,0,62,73,11
77824,ext_e84ec509,0,59,73,12
77824,ext_ea0f8aca,0,59,73,12
77824,ext_eb9c56fe,0,59,73,12
77824,ext_ebec17b5,0,59,73,12
77824,ext_ec019660,0,59,73,12
77824,ext_ef657a5a,0,59,73,12
77824,ext_f01789ae,0,68,73,5
77824,ext_f0e75b6e,0,59,73,12
77824,ext_f53d4d10,0,59,73,12
77824,ext_f7da3125,0,59,73,12
77824,ext_f92698b6,0,59,73,12
77824,ext_fa425cca,0,59,73,12
77824,ext_feff05bf,0,59,73,12
77824,ext_ff597576,0,59,73,12
78062,34250,1,59,91,29
78062,78062,1,59,91,29
78062,ext_02adc625,0,59,91,29
78062,ext_02df7333,0,59,91,29
78062,ext_04bbc697,0,59,91,29
78062,ext_07767a8f,0,59,91,29
78062,ext_07fb37f3,0,80,91,9
78062,ext_08814c13,0,59,91,29
78062,ext_09b11b5d,0,59,91,29
78062,ext_09bee8a5,0,59,91,29
78062,ext_0e7b08ab,0,59,91,29
78062,ext_0ffdbd3b,0,59,91,29
78062,ext_124b49d7,0,59,91,29
78062,ext_13406096,0,59,91,29
78062,ext_15f88d8a,0,59,91,29
78062,ext_1721c6e0,0,59,91,29
78062,ext_1a610855,0,59,91,29
78062,ext_1b2b304c,0,59,91,29
78062,ext_1d27c842,0,59,91,29
78062,ext_1f4ec495,0,59,91,29
78062,ext_2237ed21,0,59,91,29
78062,ext_2458f69c,0,59,91,29
78062,ext_253e0615,0,59,91,29
78062,ext_270d0494,0,59,91,29
78062,ext_2898a79f,0,59,91,29
78062,ext_29502162,0,59,91,29
78062,ext_2c0be50c,0,59,91,29
78062,ext_2d7f17e4,0,59,91,29
78062,ext_2fc3d178,0,59,91,29
78062,ext_302d8202,0,59,91,29
78062,ext_30613bf4,0,59,91,29
78062,ext_31464c57,0,59,91,29
78062,ext_31f1bdde,0,59,91,29
78062,ext_32d39225,0,59,91,29
78062,ext_36e2fcbe,0,59,91,29
78062,ext_37a0ad87,0,59,91,29
78062,ext_3a8d7e6b,0,59,91,29
78062,ext_41288ca4,0,59,91,29
78062,ext_43eb8e8e,0,59,91,29
78062,ext_44939e08,0,67,91,22
78062,ext_44a13abf,0,59,91,29
78062,ext_45c37b30,0,59,91,29
78062,ext_4727a328,0,59,91,29
78062,ext_482faac8,0,59,91,29
78062,ext_48cb002e,0,59,91,29
78062,ext_497594b7,0,59,91,29
78062,ext_4c49204a,0,59,91,29
78062,ext_54650e5d,0,59,91,29
78062,ext_5595dc3e,0,65,91,23
78062,ext_58eb49b4,0,59,91,29
78062,ext_5973afc2,0,59,91,29
78062,ext_5b69cfe9,0,59,91,29
78062,ext_5ba2e22d,0,59,91,29
78062,ext_5c87f388,0,59,91,29
78062,ext_5f2ce2c2,0,37,91,51
78062,ext_62c7be77,0,59,91,29
78062,ext_645dd725,0,59,91,29
78062,ext_66aaa597,0,59,91,29
78062,ext_674b07c7,0,59,91,29
78062,ext_715f7e8f,0,59,91,29
78062,ext_73a17e00,0,59,91,29
78062,ext_742fe3c9,0,59,91,29
78062,ext_75aa2ff0,0,59,91,29
78062,ext_76a9d9dd,0,59,91,29
78062,ext_7847a05a,0,87,91,5
78062,ext_78966c54,0,59,91,29
78062,ext_7a778b99,0,59,91,29
78062,ext_7c24f05d,0,59,91,29
78062,ext_812f6657,0,80,91,9
78062,ext_82406cf9,0,59,91,29
78062,ext_82bdb637,0,59,91,29
78062,ext_82d5976d,0,59,91,29
78062,ext_843bf2dc,0,59,91,29
78062,ext_8595efa6,0,59,91,29
78062,ext_85fd2831,0,59,91,29
78062,ext_88e173f5,0,59,91,29
78062,ext_898b997f,0,59,91,29
78062,ext_91eefa48,0,73,91,16
78062,ext_92a2a0ea,0,59,91,29
78062,ext_9496da72,0,59,91,29
78062,ext_981c88e6,0,59,91,29
78062,ext_9da9500b,0,59,91,29
78062,ext_ad869ca7,0,59,91,29
78062,ext_afb6080e,0,59,91,29
78062,ext_b0e0c888,0,68,91,21
78062,ext_b14416af,0,59,91,29
78062,ext_b2eb63c6,0,59,91,29
78062,ext_b348a819,0,59,91,29
78062,ext_b5540435,0,59,91,29
78062,ext_bfae665f,0,59,91,29
78062,ext_c4870705,0,59,91,28
78062,ext_c89eadf7,0,59,91,29
78062,ext_c8e1b265,0,59,91,29
78062,ext_c91755d9,0,59,91,29
78062,ext_c965a41e,0,59,91,29
78062,ext_c9d966b2,0,59,91,29
78062,ext_cb2b0fb6,0,59,91,29
78062,ext_d3c6ce96,0,59,91,29
78062,ext_d414d0de,0,59,91,29
78062,ext_d517290d,0,59,91,29
78062,ext_d6fc520e,0,59,65,7
78062,ext_d9a97f48,0,59,91,29
78062,ext_db931dc4,0,59,91,29
78062,ext_dd4c6b01,0,59,91,29
78062,ext_e1cd08cc,0,59,91,29
78062,ext_e508b86b,0,59,91,29
78062,ext_e8667648,0,59,91,29
78062,ext_eb4bf667,0,59,91,29
78062,ext_ed83a9fd,0,59,91,29
78062,ext_efa4a1c5,0,59,91,29
78062,ext_f6bef9da,0,59,91,29
78062,ext_f7628d7c,0,59,91,29
78062,ext_f82cb7db,0,65,91,23
78062,ext_f85417ed,0,59,91,29
78062,ext_f978b9c5,0,59,91,29
78062,ext_fcadc373,0,59,64,6
78062,ext_fe8a8891,0,59,91,29
78062,ext_ff26b6c9,0,59,91,29
78638,17353,1,59,80,14
78638,23144,1,63,80,7
78638,25544,1,59,80,12
78638,38901,1,59,80,15
78638,44167,1,59,80,12
78638,51597,1,59,80,11
78638,52067,1,59,80,16
78638,55594,1,59,80,12
78638,88175,1,59,80,19
78638,ext_02e9f044,0,59,80,12
78638,ext_0379de3b,0,69,80,6
78638,ext_03a06155,0,59,80,14
78638,ext_0a2bb908,0,59,80,16
78638,ext_0aac73ee,0,59,80,12
78638,ext_0b6a8979,0,59,80,12
78638,ext_0bb81fa1,0,63,80,4
78638,ext_0c77c4b5,0,59,80,10
78638,ext_0e816c01,0,59,80,15
78638,ext_0f22f29a,0,75,80,4
78638,ext_0f8d07b3,0,62,80,13
78638,ext_0fc06f99,0,59,80,11
78638,ext_10438141,0,59,80,6
78638,ext_1115ab27,0,59,80,10
78638,ext_119d9d56,0,59,80,11
78638,ext_15a4be6c,0,59,80,12
78638,ext_1679dbe6,0,63,80,4
78638,ext_17701285,0,59,80,16
78638,ext_19996af1,0,59,80,11
78638,ext_1f1b591b,0,59,80,12
78638,ext_22ac559d,0,63,75,10
78638,ext_26286037,0,59,80,11
78638,ext_265aea48,0,59,80,17
78638,ext_28215e6c,0,59,80,12
78638,ext_28753cd6,0,59,80,16
78638,ext_2a211da3,0,59,80,13
78638,ext_2afc84de,0,59,80,16
78638,ext_2b9caa26,0,59,80,16
78638,ext_2f4beba8,0,76,80,3
78638,ext_2fc2f043,0,59,80,12
78638,ext_35454a33,0,59,80,16
78638,ext_3585789d,0,59,80,11
78638,ext_364e85b4,0,59,80,13
78638,ext_36892030,0,63,80,12
78638,ext_39676fe2,0,59,80,16
78638,ext_3c02831d,0,59,80,12
78638,ext_3c72a4e1,0,62,80,13
78638,ext_3dbb14aa,0,59,80,16
78638,ext_3e53bd5e,0,59,80,11
78638,ext_445205ba,0,59,80,14
78638,ext_45c37b30,0,59,80,16
78638,ext_46b7ae2a,0,59,80,15
78638,ext_46c22011,0,59,80,16
78638,ext_4b6b65f7,0,59,80,14
78638,ext_51660267,0,59,80,12
78638,ext_530bcb62,0,59,80,16
78638,ext_53b80116,0,69,80,6
78638,ext_545df3be,0,80,80,1
78638,ext_54b941c9,0,59,80,14
78638,ext_5521bfc2,0,59,80,14
78638,ext_584cf002,0,63,80,4
78638,ext_58590b1b,0,59,80,12
78638,ext_59af9edd,0,59,80,11
78638,ext_59c0fbc4,0,59,80,11
78638,ext_5a012c23,0,59,80,13
78638,ext_5ab62dc5,0,63,80,4
78638,ext_5c445fd4,0,59,80,16
78638,ext_5e6f79c5,0,59,80,16
78638,ext_5fb59cc5,0,77,80,2
78638,ext_60a4ab17,0,59,80,12
78638,ext_61345015,0,76,80,3
78638,ext_63855a4a,0,59,80,12
78638,ext_64ad1971,0,59,80,13
78638,ext_69d0eec9,0,59,80,11
78638,ext_6b572cbc,0,75,80,4
78638,ext_759c774d,0,59,80,19
78638,ext_7906570f,0,63,80,4
78638,ext_797bd38a,0,59,80,10
78638,ext_79f7afb5,0,59,80,16
78638,ext_7a0db733,0,59,80,11
78638,ext_7a93d73f,0,59,80,11
78638,ext_7d330cd3,0,59,80,16
78638,ext_80757f66,0,59,80,16
78638,ext_8096fbe4,0,63,80,7
78638,ext_811f210c,0,59,80,12
78638,ext_851754c1,0,59,80,14
78638,ext_86e7e844,0,59,80,7
78638,ext_872834c5,0,59,80,15
78638,ext_880f3556,0,59,80,12
78638,ext_89203050,0,59,80,15
78638,ext_8c1387b0,0,59,80,16
78638,ext_8d1fa56c,0,59,80,12
78638,ext_8eedbfe3,0,59,80,11
78638,ext_903f6dea,0,59,80,12
78638,ext_90bddc13,0,59,80,19
78638,ext_90fc41fb,0,59,80,11
78638,ext_92ee9537,0,59,80,11
78638,ext_95e75562,0,59,65,4
78638,ext_9644560c,0,59,80,12
78638,ext_97c0ef41,0,59,80,11
78638,ext_9804bc48,0,59,80,15
78638,ext_9a720b05,0,59,80,10
78638,ext_9aee3d42,0,59,80,12
78638,ext_9c09ff69,0,59,80,12
78638,ext_a0ba1205,0,75,80,4
78638,ext_a26404b0,0,59,80,17
78638,ext_a2786bfe,0,59,80,16
78638,ext_a2fbf6d4,0,63,63,1
78638,ext_a334982d,0,62,80,8
78638,ext_a376d6a2,0,59,80,19
78638,ext_a4e0bbd1,0,63,80,4
78638,ext_a515ba36,0,59,80,11
78638,ext_a603f6a5,0,59,80,15
78638,ext_a6b5d5b8,0,59,80,16
78638,ext_a743305e,0,69,80,6
78638,ext_a9e015a3,0,59,80,16
78638,ext_aa17fc80,0,59,80,15
78638,ext_aa7bba2d,0,59,80,13
78638,ext_ab43ded4,0,59,80,11
78638,ext_aba0b0b5,0,59,80,11
78638,ext_ad679733,0,59,80,15
78638,ext_af8937d8,0,59,80,15
78638,ext_b03aad79,0,59,80,13
78638,ext_b22ec654,0,59,80,14
78638,ext_b2d92576,0,59,80,12
78638,ext_b353e3e1,0,59,80,16
78638,ext_b4c8da32,0,59,80,12
78638,ext_b56938a8,0,59,80,11
78638,ext_b56fe0ae,0,59,80,19
78638,ext_b9d58300,0,59,80,12
78638,ext_bc30a5bc,0,59,80,11
78638,ext_bc6e6ef4,0,59,80,19
78638,ext_bed982b2,0,59,80,16
78638,ext_c032045c,0,59,80,11
78638,ext_c0484f96,0,59,80,13
78638,ext_c0b8728d,0,59,80,10
78638,ext_c20208f8,0,77,80,2
78638,ext_c202afd8,0,59,80,11
78638,ext_c35e466e,0,63,80,4
78638,ext_c3e477c9,0,59,80,12
78638,ext_c44fc16f,0,59,80,11
78638,ext_c650439e,0,59,80,12
78638,ext_c8316e37,0,59,80,11
78638,ext_cbd235b4,0,77,80,2
78638,ext_cbf71e76,0,59,80,11
78638,ext_cccab0d2,0,59,80,16
78638,ext_cfd1a596,0,59,80,16
78638,ext_d0097896,0,62,80,13
78638,ext_d0da91c9,0,59,80,15
78638,ext_d2ee7845,0,59,80,11
78638,ext_d31a0eb8,0,59,80,12
78638,ext_d325770e,0,59,80,12
78638,ext_d4370f48,0,59,80,11
78638,ext_d4f6a108,0,59,80,15
78638,ext_d6cc6a2d,0,59,80,10
78638,ext_d758e69d,0,59,80,15
78638,ext_d77176cb,0,63,80,7
78638,ext_db34e902,0,59,80,12
78638,ext_dd62e714,0,59,80,15
78638,ext_e10ae419,0,59,80,16
78638,ext_e179d48d,0,59,80,15
78638,ext_e236b3c8,0,69,80,6
78638,ext_e6710794,0,62,80,8
78638,ext_e868dbf4,0,59,80,7
78638,ext_ea31d4d3,0,59,80,13
78638,ext_eafce536,0,59,80,12
78638,ext_ed4e5757,0,59,80,16
78638,ext_ef69c078,0,59,80,14
78638,ext_ef6f5e69,0,59,80,11
78638,ext_f5b0bfc2,0,59,80,15
78638,ext_f5ceb576,0,59,80,14
78638,ext_f799cc60,0,59,80,18
78638,ext_f7cf0a91,0,63,80,4
78638,ext_f9b2d083,0,59,80,16
78638,ext_fbb896e7,0,59,80,15
78638,ext_fddf83c5,0,59,80,13
78638,ext_febf68fc,0,59,80,16
78638,ext_ff20df05,0,76,80,3
78638,ext_ff86a4dc,0,59,80,12
78638,ext_ff9c61a9,0,59,80,14
78911,10060,1,61,163,68
78911,14962,1,61,163,68
78911,18344,1,61,163,68
78911,20905,1,61,163,68
78911,24760,1,61,163,68
78911,39122,1,61,163,68
78911,51722,1,61,163,68
78911,66991,1,61,163,68
78911,78911,1,147,163,15
78911,85596,1,61,163,68
78911,ext_029b17c6,0,61,163,68
78911,ext_03de5aef,0,61,163,68
78911,ext_04276ccc,0,61,163,68
78911,ext_04f806be,0,61,163,68
78911,ext_058d243e,0,61,163,68
78911,ext_0839a1a5,0,61,163,68
78911,ext_08ca04a2,0,61,163,68
78911,ext_0bcd1b67,0,61,163,68
78911,ext_0f30b5a6,0,76,163,62
78911,ext_0ff38cf0,0,65,163,66
78911,ext_12da6ef5,0,102,163,42
78911,ext_1495128a,0,138,163,23
78911,ext_14c0a5e6,0,61,163,68
78911,ext_1906f281,0,91,163,50
78911,ext_1997c64f,0,65,163,66
78911,ext_1d2094d4,0,80,163,58
78911,ext_1daa28d3,0,95,163,48
78911,ext_1e35f1da,0,147,163,15
78911,ext_1e3ed3fb,0,61,163,68
78911,ext_22cdf83f,0,61,163,68
78911,ext_236afec5,0,102,163,42
78911,ext_24ad44dd,0,61,163,68
78911,ext_2b62472e,0,151,163,11
78911,ext_2bd6b2c1,0,62,163,67
78911,ext_2dbcef3f,0,61,163,68
78911,ext_2e83ca7a,0,96,163,47
78911,ext_2f69d486,0,152,163,10
78911,ext_305b634c,0,61,163,68
78911,ext_34d6bd3f,0,61,163,68
78911,ext_39ff5d65,0,61,163,68
78911,ext_3db9afe7,0,78,163,60
78911,ext_41f7c4fb,0,148,163,14
78911,ext_43601b11,0,61,163,68
78911,ext_43fd1c6f,0,86,163,53
78911,ext_447568cd,0,65,163,66
78911,ext_44787027,0,61,163,68
78911,ext_44f15778,0,61,163,68
78911,ext_456faea0,0,76,163,62
78911,ext_499a7efe,0,61,163,68
78911,ext_4a220948,0,61,163,68
78911,ext_4ff74da4,0,143,147,4
78911,ext_5312a731,0,61,163,68
78911,ext_56b8eae9,0,79,163,59
78911,ext_57543011,0,61,163,68
78911,ext_5a153261,0,67,163,65
78911,ext_601c0b9c,0,76,163,62
78911,ext_602573e5,0,61,163,68
78911,ext_6075f108,0,61,163,68
78911,ext_67e2bec6,0,61,163,68
78911,ext_687bef01,0,61,163,68
78911,ext_6a1acddd,0,61,163,68
78911,ext_6bb6a0e7,0,80,163,58
78911,ext_6bfd2cb8,0,97,163,46
78911,ext_6e3d6018,0,61,163,68
78911,ext_6f63a556,0,61,163,68
78911,ext_6fbbce75,0,91,163,50
78911,ext_7052a0e3,0,61,163,68
78911,ext_731d9698,0,147,163,15
78911,ext_74dc5df9,0,90,163,51
78911,ext_7a0db733,0,147,163,15
78911,ext_7be65210,0,95,163,48
78911,ext_7c768c47,0,61,163,68
78911,ext_7d783db1,0,61,163,68
78911,ext_7d8e8b84,0,89,163,52
78911,ext_7e10c4b4,0,147,147,1
78911,ext_7f0a0bf6,0,163,163,1
78911,ext_8204b292,0,61,163,68
78911,ext_84aab304,0,61,163,68
78911,ext_85259a53,0,61,163,68
78911,ext_86e16368,0,61,163,68
78911,ext_883f7c30,0,61,163,68
78911,ext_8972d61b,0,76,163,62
78911,ext_89ba8c4a,0,89,163,52
78911,ext_8affa4cf,0,95,163,48
78911,ext_8b838c2f,0,96,163,47
78911,ext_8e818103,0,68,163,64
78911,ext_91d2eb5e,0,61,163,68
78911,ext_92ee9537,0,61,163,68
78911,ext_95be2293,0,61,163,68
78911,ext_9889d9ab,0,99,163,45
78911,ext_99ba7878,0,61,163,68
78911,ext_9eee0906,0,61,163,68
78911,ext_a036c0fb,0,61,163,68
78911,ext_a096564a,0,61,163,68
78911,ext_a0b8ae04,0,131,163,29
78911,ext_a1f380f5,0,61,163,68
78911,ext_a35b1d5e,0,143,163,18
78911,ext_a361c4d8,0,144,163,17
78911,ext_a39fc5a7,0,67,163,65
78911,ext_a85c67a1,0,147,163,15
78911,ext_a866f51a,0,61,163,68
78911,ext_a93df387,0,61,163,68
78911,ext_aa300031,0,158,163,5
78911,ext_aad87407,0,65,163,66
78911,ext_abac3916,0,61,163,68
78911,ext_ad4fdd06,0,67,163,65
78911,ext_ae6c3a9b,0,147,163,15
78911,ext_b14416af,0,61,163,68
78911,ext_b1b1d4c0,0,148,163,14
78911,ext_b7953daa,0,61,163,68
78911,ext_bbc53b4a,0,61,163,68
78911,ext_c5a05f5b,0,76,163,62
78911,ext_c5d54b46,0,61,163,68
78911,ext_c8303a44,0,144,163,17
78911,ext_c9bc1c06,0,159,163,4
78911,ext_cbc4a483,0,61,163,68
78911,ext_cc4c620c,0,143,163,18
78911,ext_cd6ad53b,0,95,163,48
78911,ext_cedcdbab,0,61,163,68
78911,ext_d04d184a,0,61,163,68
78911,ext_d12926df,0,61,163,68
78911,ext_d2214f08,0,61,163,68
78911,ext_d3fc84c9,0,147,163,15
78911,ext_dc4ab9e6,0,61,163,68
78911,ext_df13175c,0,95,163,48
78911,ext_df47e211,0,91,163,50
78911,ext_e0cd64e0,0,68,163,64
78911,ext_e18f3bec,0,61,163,68
78911,ext_e22e4f08,0,61,163,68
78911,ext_e49f58e7,0,61,163,68
78911,ext_e62a84af,0,61,163,68
78911,ext_e6616af8,0,61,163,68
78911,ext_efa4a1c5,0,61,163,68
78911,ext_f0ccb1d2,0,61,163,68
78911,ext_f5e6ecdd,0,131,163,29
78911,ext_f6b66fa2,0,61,163,68
78911,ext_f81a8c82,0,61,163,68
78911,ext_f829716c,0,78,163,60
78911,ext_f954d431,0,65,163,66
78911,ext_f9b2d083,0,61,163,68
78911,ext_fb4cf0d3,0,152,163,10
78911,ext_fb825bb9,0,99,163,45
78911,ext_fbcc72d9,0,67,163,65
78911,ext_fe8f118d,0,61,163,68
78966,26425,1,108,135,21
78966,36006,1,108,135,21
78966,37617,1,59,125,30
78966,39701,1,120,135,13
78966,50947,1,59,135,37
78966,78966,1,106,135,22
78966,ext_0010ce8c,0,59,135,38
78966,ext_009a5d0c,0,122,135,11
78966,ext_009aa96b,0,132,135,4
78966,ext_00d10526,0,59,135,38
78966,ext_010ad111,0,59,135,38
78966,ext_0142f880,0,109,135,20
78966,ext_01d47536,0,59,135,37
78966,ext_02791fd3,0,59,135,37
78966,ext_0561361c,0,85,135,28
78966,ext_0695a802,0,106,135,22
78966,ext_06ab78f3,0,59,135,38
78966,ext_075da304,0,90,135,24
78966,ext_077f3d41,0,59,135,37
78966,ext_080cc545,0,66,135,33
78966,ext_0838f5a7,0,59,135,38
78966,ext_086f907a,0,68,122,21
78966,ext_089b43da,0,59,135,38
78966,ext_08e57f37,0,59,135,38
78966,ext_09cc0688,0,66,135,33
78966,ext_09db63fa,0,59,135,38
78966,ext_09f0e976,0,59,135,37
78966,ext_0a8bc47a,0,59,135,37
78966,ext_0b09a46e,0,59,135,38
78966,ext_0b2a2178,0,66,135,33
78966,ext_0b54123c,0,59,135,38
78966,ext_0baa60f3,0,59,135,38
78966,ext_0c0a3667,0,59,135,38
78966,ext_0c7715eb,0,87,135,27
78966,ext_0cb3e935,0,59,135,38
78966,ext_0d2da5ef,0,59,135,37
78966,ext_0ea4ad23,0,106,135,22
78966,ext_0f85d24e,0,59,135,37
78966,ext_11b4d199,0,59,135,38
78966,ext_11c93160,0,59,135,38
78966,ext_1217e271,0,85,135,28
78966,ext_135eeaac,0,59,135,38
78966,ext_13899f5c,0,66,135,33
78966,ext_1457cb7e,0,85,135,28
78966,ext_14c0a5e6,0,59,135,37
78966,ext_160ae0a1,0,59,87,12
78966,ext_17443273,0,59,135,38
78966,ext_1840fdc5,0,59,135,38
78966,ext_19551928,0,59,135,37
78966,ext_1cc49960,0,59,135,37
78966,ext_1d9c4585,0,59,135,38
78966,ext_1ea85a42,0,59,135,37
78966,ext_1f6edc2f,0,87,135,27
78966,ext_1f9aa677,0,59,135,38
78966,ext_1fa77e45,0,131,135,5
78966,ext_1ff01b1f,0,109,135,20
78966,ext_207d4228,0,59,135,37
78966,ext_20cffa48,0,59,135,37
78966,ext_22f5e800,0,59,135,37
78966,ext_243f8dbd,0,59,135,38
78966,ext_263815b9,0,85,135,28
78966,ext_2901c4c1,0,59,135,37
78966,ext_293a6829,0,59,135,38
78966,ext_2b14df06,0,59,135,38
78966,ext_2b81844c,0,106,135,22
78966,ext_2c0ac2a8,0,126,135,7
78966,ext_2c1ecb29,0,59,135,37
78966,ext_2c42f983,0,59,135,37
78966,ext_2cc1a37a,0,59,135,37
78966,ext_2e9a327e,0,59,135,37
78966,ext_2ed4d044,0,59,135,38
78966,ext_2f0ff404,0,59,135,37
78966,ext_2fc92766,0,59,135,38
78966,ext_3284101d,0,59,135,38
78966,ext_32eb2043,0,59,135,38
78966,ext_357aabc0,0,59,135,37
78966,ext_358199ca,0,66,135,33
78966,ext_388d84df,0,106,135,22
78966,ext_38c21fec,0,59,135,38
78966,ext_3a39030a,0,85,135,28
78966,ext_3b47d47c,0,71,135,29
78966,ext_3be35142,0,59,135,38
78966,ext_3c0feed6,0,59,135,37
78966,ext_3db2b312,0,59,135,37
78966,ext_3de5e938,0,59,135,38
78966,ext_435b553c,0,106,135,22
78966,ext_436a8667,0,59,135,37
78966,ext_45c37b30,0,59,135,38
78966,ext_47c1c75a,0,85,135,28
78966,ext_48c8c58b,0,116,135,15
78966,ext_4ac823d6,0,59,135,38
78966,ext_4bc35f32,0,59,135,37
78966,ext_4c9bbd9e,0,106,135,22
78966,ext_4ed0107b,0,59,135,37
78966,ext_503d3171,0,59,135,38
78966,ext_51799381,0,109,135,20
78966,ext_51d22e72,0,59,135,38
78966,ext_53ec2d8a,0,59,135,37
78966,ext_54ba087a,0,59,135,37
78966,ext_554cfff7,0,87,135,27
78966,ext_5554fc6b,0,59,135,38
78966,ext_56566264,0,59,135,37
78966,ext_5711576a,0,59,135,37
78966,ext_577c9cd1,0,59,135,38
78966,ext_589a7d59,0,87,135,27
78966,ext_58c7521a,0,59,135,37
78966,ext_595197ac,0,59,135,37
78966,ext_59d14570,0,59,135,38
78966,ext_5a83d9ee,0,59,135,37
78966,ext_5ada24d2,0,59,135,38
78966,ext_5be1b811,0,59,135,37
78966,ext_5c73d982,0,59,135,38
78966,ext_5e6956e3,0,120,135,13
78966,ext_5ed46456,0,59,135,38
78966,ext_624198e8,0,59,135,37
78966,ext_62a765d5,0,59,135,37
78966,ext_63c05773,0,59,135,38
78966,ext_63e36dfa,0,59,135,38
78966,ext_64f0253a,0,59,135,38
78966,ext_6563662a,0,59,135,38
78966,ext_65ac0221,0,59,135,38
78966,ext_6699a73e,0,59,135,38
78966,ext_66c8643f,0,59,135,37
78966,ext_66ebe039,0,59,135,38
78966,ext_6806e788,0,59,135,38
78966,ext_6b36d668,0,59,135,38
78966,ext_6b78f88e,0,85,135,28
78966,ext_6c6577a2,0,89,135,25
78966,ext_6c9ce8b7,0,59,135,38
78966,ext_7000ae22,0,59,135,38
78966,ext_700c683f,0,87,135,27
78966,ext_70420d5c,0,59,135,37
78966,ext_7121cfb9,0,59,135,38
78966,ext_720d55c1,0,89,135,25
78966,ext_72d0bac1,0,106,135,22
78966,ext_7403bc2e,0,59,135,37
78966,ext_74d091eb,0,59,135,37
78966,ext_752d12a9,0,59,135,37
78966,ext_755ae9d0,0,59,135,38
78966,ext_77751964,0,87,135,27
78966,ext_795f8889,0,106,135,22
78966,ext_7c5e07ab,0,59,135,37
78966,ext_7ccaaece,0,59,135,38
78966,ext_7d4e1c83,0,85,135,28
78966,ext_7dbe4eca,0,59,135,37
78966,ext_7e09f506,0,59,135,38
78966,ext_80aee643,0,89,135,25
78966,ext_813df0d3,0,59,135,37
78966,ext_81c38a25,0,115,135,16
78966,ext_870e9a24,0,59,135,37
78966,ext_876e9627,0,129,135,6
78966,ext_87e559bb,0,59,135,37
78966,ext_8b63b14d,0,87,135,27
78966,ext_8b7a4bc1,0,59,135,38
78966,ext_8c4da653,0,59,135,38
78966,ext_8c65c8de,0,59,135,37
78966,ext_8e16600d,0,59,135,37
78966,ext_8e818103,0,59,135,37
78966,ext_8ed57158,0,59,135,37
78966,ext_8f10da7d,0,62,135,34
78966,ext_8f83fa91,0,59,135,38
78966,ext_906c96ac,0,131,135,5
78966,ext_90c401d3,0,59,135,38
78966,ext_90fc41fb,0,85,135,28
78966,ext_92882e91,0,59,135,37
78966,ext_97293fb9,0,59,135,38
78966,ext_97452e4a,0,85,135,28
78966,ext_984e6a6c,0,59,135,38
78966,ext_98d87167,0,59,135,38
78966,ext_99b7f42a,0,85,135,28
78966,ext_9da33951,0,59,135,38
78966,ext_a0594b35,0,66,135,33
78966,ext_a07dc0f8,0,59,135,38
78966,ext_a0ea7d15,0,59,135,37
78966,ext_a2c5ad3d,0,59,135,37
78966,ext_a49a17ba,0,59,135,38
78966,ext_a638a8e6,0,59,135,38
78966,ext_a64b9c5a,0,59,135,38
78966,ext_a6b153af,0,59,135,37
78966,ext_a72eafe7,0,59,135,37
78966,ext_aabd1198,0,59,135,37
78966,ext_ab5c059e,0,59,135,38
78966,ext_aba7d19d,0,59,135,37
78966,ext_adc494a5,0,59,135,38
78966,ext_ae5e856a,0,59,135,38
78966,ext_b4288161,0,59,135,38
78966,ext_b55371b5,0,59,135,38
78966,ext_b72eb311,0,59,135,38
78966,ext_b78d35ee,0,59,135,37
78966,ext_b8babbbe,0,59,135,37
78966,ext_b8db0f3e,0,59,135,38
78966,ext_b95ff14b,0,85,135,28
78966,ext_ba66c54c,0,59,135,37
78966,ext_baebb776,0,85,135,28
78966,ext_bb5ba5bc,0,59,135,38
78966,ext_befb32e2,0,59,135,37
78966,ext_c0830c89,0,108,135,21
78966,ext_c2e77283,0,59,135,37
78966,ext_c2e808fd,0,59,135,38
78966,ext_c4ad8834,0,59,135,37
78966,ext_c5e94846,0,59,135,38
78966,ext_c9aa8cf2,0,106,135,22
78966,ext_c9c4bb61,0,85,135,28
78966,ext_ca905683,0,66,135,33
78966,ext_cb71cb9e,0,59,135,38
78966,ext_cd891a2a,0,59,135,37
78966,ext_cfb7f971,0,59,63,5
78966,ext_cfd71129,0,59,135,37
78966,ext_d18ba874,0,59,135,38
78966,ext_d1b27376,0,66,135,33
78966,ext_d4fd77e6,0,59,135,38
78966,ext_d5c02168,0,88,135,26
78966,ext_d6f3318c,0,59,135,38
78966,ext_d7dfe771,0,106,135,22
78966,ext_d7f51722,0,59,135,38
78966,ext_db06d7ce,0,59,135,37
78966,ext_dc2572d3,0,59,135,37
78966,ext_dd1f8504,0,59,135,37
78966,ext_ddf703c0,0,120,135,13
78966,ext_e028f316,0,59,135,38
78966,ext_e18c0162,0,59,135,38
78966,ext_e26815f4,0,59,135,37
78966,ext_e3713788,0,59,135,38
78966,ext_e4e9eef6,0,59,135,37
78966,ext_e75f1f3a,0,59,135,38
78966,ext_e7949336,0,109,135,20
78966,ext_e7db2808,0,59,135,37
78966,ext_e9203425,0,88,135,26
78966,ext_ea019b28,0,59,135,37
78966,ext_ea3d740a,0,66,135,33
78966,ext_ead796f6,0,59,135,38
78966,ext_ecc7dc7d,0,59,135,37
78966,ext_ed78ca44,0,109,135,20
78966,ext_ee8878dd,0,108,135,21
78966,ext_ef7c92d4,0,59,135,37
78966,ext_f0cafc2a,0,59,135,38
78966,ext_f228f312,0,59,135,38
78966,ext_f3a38be3,0,59,135,37
78966,ext_f4754cbe,0,59,135,38
78966,ext_f49f8ba7,0,59,135,37
78966,ext_f57d97fa,0,59,135,37
78966,ext_f7e69f27,0,85,135,28
78966,ext_f8485bed,0,88,135,26
78966,ext_fb0a5f28,0,59,135,37
78966,ext_fb84c5ab,0,111,135,18
78966,ext_fba2f3cf,0,59,135,38
78966,ext_fdcd065c,0,59,135,37
78966,ext_ff86a4dc,0,59,135,37
78966,ext_ffeb62da,0,59,135,37
79877,34853,1,60,84,17
79877,63188,1,59,75,11
79877,66245,1,59,88,21
79877,79877,1,65,88,16
79877,ext_00895bca,0,59,88,21
79877,ext_037f4615,0,59,88,21
79877,ext_052da661,0,59,88,21
79877,ext_05c3b23f,0,65,88,16
79877,ext_06575369,0,59,88,20
79877,ext_07d15b81,0,59,88,21
79877,ext_084e4692,0,59,88,21
79877,ext_098df735,0,59,88,21
79877,ext_0ad9edc0,0,65,80,9
79877,ext_0bf675ec,0,59,88,21
79877,ext_0c44dc4a,0,59,88,21
79877,ext_0c4c8291,0,70,88,12
79877,ext_0d8ee66f,0,60,88,20
79877,ext_0f40843d,0,59,88,21
79877,ext_0fb574f9,0,59,88,21
79877,ext_10b5cad5,0,60,75,10
79877,ext_1112bd9e,0,59,88,21
79877,ext_11bec28d,0,59,88,21
79877,ext_135e5897,0,59,88,21
79877,ext_145a5b0a,0,65,88,16
79877,ext_14c8621c,0,59,88,21
79877,ext_16c3ea40,0,59,88,21
79877,ext_1743474f,0,59,88,21
79877,ext_176e535b,0,65,88,16
79877,ext_19e964bb,0,59,88,21
79877,ext_1aab0fdb,0,59,63,5
79877,ext_1de87ccf,0,59,88,21
79877,ext_1e4f72d2,0,59,88,21
79877,ext_1f18231f,0,65,88,16
79877,ext_1f2cff00,0,59,88,21
79877,ext_1fea7b4f,0,59,88,21
79877,ext_205f88ed,0,80,80,1
79877,ext_209a386a,0,59,88,21
79877,ext_25a63682,0,55,58,4
79877,ext_25f87d61,0,59,88,21
79877,ext_2689ec78,0,59,88,21
79877,ext_2732793a,0,59,88,21
79877,ext_2b3bf1aa,0,59,88,21
79877,ext_2cf1982f,0,59,88,21
79877,ext_2cf92322,0,65,88,16
79877,ext_2e136c07,0,59,88,21
79877,ext_2e850dcf,0,65,88,16
79877,ext_2f5c0661,0,59,88,21
79877,ext_3080b6be,0,59,88,21
79877,ext_315c08ce,0,59,88,21
79877,ext_353bc855,0,59,88,21
79877,ext_35e21944,0,59,88,21
79877,ext_36a2c84f,0,59,88,21
79877,ext_3703ff10,0,59,88,21
79877,ext_377df82e,0,68,88,13
79877,ext_37b1fd53,0,65,88,16
79877,ext_37cf1acf,0,59,88,21
79877,ext_3991e929,0,59,88,21
79877,ext_39d343c8,0,59,88,21
79877,ext_3a58a2a0,0,59,88,21
79877,ext_3b223c47,0,59,88,21
79877,ext_3c226645,0,65,88,11
79877,ext_3c7d7391,0,59,88,21
79877,ext_3d082ce2,0,59,88,21
79877,ext_3e4cfa6e,0,65,88,16
79877,ext_403cee0c,0,59,88,21
79877,ext_40dcb622,0,81,88,7
79877,ext_40eb2284,0,59,88,21
79877,ext_413b2606,0,59,88,21
79877,ext_42758174,0,65,88,16
79877,ext_42b27bc5,0,59,88,21
79877,ext_43ac6edf,0,65,88,16
79877,ext_43e4791a,0,59,88,21
79877,ext_446542dd,0,59,88,21
79877,ext_4485bacb,0,59,88,21
79877,ext_44a19e0d,0,65,88,16
79877,ext_45bc8c79,0,59,88,21
79877,ext_46e8ac38,0,59,88,21
79877,ext_48ec83cb,0,59,88,21
79877,ext_494c40fe,0,59,88,21
79877,ext_4a6afb69,0,59,88,21
79877,ext_4b742681,0,63,88,17
79877,ext_4cf07122,0,59,88,21
79877,ext_4d30ec22,0,59,88,21
79877,ext_4d4e71cf,0,80,88,8
79877,ext_4e672666,0,65,88,16
79877,ext_50c83963,0,59,88,21
79877,ext_534c93f6,0,65,88,16
79877,ext_53a772e3,0,59,88,21
79877,ext_53f2cc02,0,59,88,21
79877,ext_53fc20fd,0,59,88,21
79877,ext_56f7e489,0,59,88,21
79877,ext_57a7a9b1,0,59,88,21
79877,ext_586ec878,0,65,88,16
79877,ext_5aab82ef,0,59,88,21
79877,ext_5be1b811,0,59,88,21
79877,ext_5be52416,0,80,80,1
79877,ext_5c2e426a,0,65,88,16
79877,ext_5c678cc1,0,59,88,21
79877,ext_5c935b12,0,59,88,21
79877,ext_5cdb2f48,0,59,88,21
79877,ext_5d842b25,0,80,88,8
79877,ext_5d858376,0,59,88,21
79877,ext_5de35973,0,59,88,20
79877,ext_5e12bac6,0,80,88,8
79877,ext_609bf689,0,59,88,21
79877,ext_60b98948,0,60,88,20
79877,ext_612c62d5,0,65,88,16
79877,ext_62121ee0,0,59,88,21
79877,ext_6295a10c,0,59,80,14
79877,ext_62bbe13b,0,59,88,21
79877,ext_63e12426,0,59,88,21
79877,ext_642b9d41,0,59,88,21
79877,ext_671659c3,0,59,88,21
79877,ext_6a0f984f,0,59,88,21
79877,ext_6a77eb06,0,59,88,21
79877,ext_6ae063fc,0,59,88,21
79877,ext_6b3c6856,0,65,88,16
79877,ext_6b3cd034,0,80,88,8
79877,ext_6b502d87,0,59,88,21
79877,ext_6b543151,0,59,88,21
79877,ext_6cbdc63d,0,59,88,21
79877,ext_6d67a90c,0,59,88,21
79877,ext_6d87038d,0,59,88,21
79877,ext_702d87f1,0,59,88,21
79877,ext_7053eb58,0,59,88,21
79877,ext_71d3cb6a,0,59,88,21
79877,ext_72e50e50,0,59,88,21
79877,ext_73fe8d57,0,59,88,21
79877,ext_7459e990,0,59,88,21
79877,ext_74781f94,0,59,88,21
79877,ext_756a4d17,0,59,88,21
79877,ext_781f9aea,0,59,88,21
79877,ext_7aeffc41,0,65,88,16
79877,ext_7c0e380f,0,59,88,21
79877,ext_7f12eb62,0,65,88,16
79877,ext_8009c428,0,75,88,11
79877,ext_8096fbe4,0,59,88,21
79877,ext_809fe611,0,59,88,21
79877,ext_8170147a,0,59,88,21
79877,ext_8275e129,0,65,88,16
79877,ext_83146f4e,0,59,88,21
79877,ext_83790f35,0,59,88,21
79877,ext_84f3ca3f,0,59,88,21
79877,ext_85004e34,0,59,88,21
79877,ext_8590159e,0,59,88,21
79877,ext_867e9f4d,0,59,88,21
79877,ext_881727ca,0,59,88,21
79877,ext_8992c567,0,59,88,21
79877,ext_8a416941,0,65,88,16
79877,ext_8b2bfcc8,0,65,88,16
79877,ext_8becf273,0,59,88,21
79877,ext_8c03e6bf,0,65,88,16
79877,ext_8c3bdb41,0,59,88,21
79877,ext_8cc67e62,0,59,88,21
79877,ext_8ce670f8,0,37,58,21
79877,ext_8ce78b81,0,68,75,3
79877,ext_8d294f4e,0,65,88,16
79877,ext_8d6966b7,0,59,88,21
79877,ext_8e13544e,0,59,88,21
79877,ext_8e996ea3,0,65,88,16
79877,ext_8ebd6043,0,59,88,21
79877,ext_8ee33e86,0,65,88,16
79877,ext_8f0e5b9f,0,65,88,15
79877,ext_8f7659d0,0,65,88,16
79877,ext_8f8e39b5,0,63,75,7
79877,ext_8fbf1842,0,59,88,21
79877,ext_90206524,0,59,88,21
79877,ext_9087c9ec,0,59,88,21
79877,ext_908d05cf,0,59,88,21
79877,ext_90a1438f,0,59,88,21
79877,ext_919f1806,0,59,88,21
79877,ext_91aa8fed,0,59,88,21
79877,ext_923eb3bf,0,65,88,16
79877,ext_92529368,0,65,88,16
79877,ext_930aaab2,0,80,88,8
79877,ext_9346a215,0,80,80,1
79877,ext_93af66ae,0,80,80,1
79877,ext_9427fe23,0,65,88,16
79877,ext_9481e5e2,0,65,75,6
79877,ext_94cbef67,0,65,88,16
79877,ext_94dca425,0,59,63,5
79877,ext_9654e43b,0,59,88,21
79877,ext_96cf4a0c,0,68,88,13
79877,ext_9717a61e,0,59,88,21
79877,ext_978fd18e,0,59,88,21
79877,ext_99cccb4d,0,59,88,21
79877,ext_9b22461b,0,65,88,15
79877,ext_9b6057a4,0,59,88,21
79877,ext_9d7ac48c,0,59,88,21
79877,ext_9ded5418,0,60,80,11
79877,ext_9ebec56f,0,59,88,21
79877,ext_9f029265,0,59,88,21
79877,ext_9f249f46,0,75,88,11
79877,ext_9f41c179,0,80,88,8
79877,ext_9f7d357e,0,59,88,21
79877,ext_9fe0e394,0,59,88,21
79877,ext_a031799e,0,65,88,16
79877,ext_a0f65cea,0,59,88,21
79877,ext_a14ef207,0,59,88,21
79877,ext_a1e014ec,0,59,88,21
79877,ext_a2e86d16,0,65,88,16
79877,ext_a2eaab74,0,59,88,21
79877,ext_a3a5620a,0,65,88,16
79877,ext_a5b69214,0,65,88,16
79877,ext_a6518ea3,0,59,88,21
79877,ext_a6a639e0,0,59,88,21
79877,ext_a6f0bebd,0,59,88,21
79877,ext_a79c84ad,0,59,88,21
79877,ext_a7aaec57,0,59,88,21
79877,ext_aa706d78,0,59,88,21
79877,ext_ab57c708,0,59,88,21
79877,ext_ab63ba75,0,59,88,21
79877,ext_ab79ada7,0,59,88,21
79877,ext_abd9bae2,0,59,88,21
79877,ext_acdb566b,0,59,88,21
79877,ext_add94371,0,68,88,13
79877,ext_ae051e43,0,59,88,21
79877,ext_b0589b53,0,59,88,21
79877,ext_b14416af,0,62,88,18
79877,ext_b19ba490,0,59,88,21
79877,ext_b286896c,0,59,88,21
79877,ext_b2ad5b36,0,59,88,21
79877,ext_b2cf0657,0,59,88,21
79877,ext_b30ba176,0,59,88,21
79877,ext_b4b905d1,0,59,88,21
79877,ext_b51cfed2,0,59,88,21
79877,ext_b520e039,0,59,88,20
79877,ext_b63cd2e6,0,60,75,10
79877,ext_b67785ff,0,59,88,21
79877,ext_b76ba08b,0,65,88,16
79877,ext_b8cf4f9e,0,59,88,21
79877,ext_b94bae38,0,65,77,8
79877,ext_b95ff14b,0,59,88,21
79877,ext_b9e931c0,0,65,88,16
79877,ext_baa63a87,0,59,88,21
79877,ext_bbb1612f,0,65,88,15
79877,ext_bc96f243,0,77,88,9
79877,ext_bc9aa2cc,0,65,88,16
79877,ext_be2aa857,0,59,63,5
79877,ext_bea05a2d,0,62,88,18
79877,ext_bfcb9383,0,80,80,1
79877,ext_c027a9e2,0,62,88,18
79877,ext_c0885f84,0,59,88,21
79877,ext_c1712ffb,0,59,88,21
79877,ext_c239edea,0,59,88,21
79877,ext_c35f6786,0,77,88,9
79877,ext_c369c661,0,59,80,6
79877,ext_c42f8fcf,0,59,88,21
79877,ext_c57bdf05,0,59,88,21
79877,ext_c5a8581c,0,59,88,21
79877,ext_c5ab204d,0,56,88,24
79877,ext_c64bf9d1,0,59,88,20
79877,ext_c660247c,0,59,88,21
79877,ext_c6cbb63f,0,75,75,1
79877,ext_c74773a6,0,59,88,21
79877,ext_ca075bf2,0,59,88,21
79877,ext_ca98f7e5,0,59,88,21
79877,ext_cab2aff4,0,59,88,21
79877,ext_cb8002b8,0,60,88,20
79877,ext_cd4f9027,0,59,88,21
79877,ext_cde98f8c,0,65,88,16
79877,ext_ce508f58,0,59,88,21
79877,ext_cea3aff7,0,59,88,21
79877,ext_cf0f25fe,0,65,88,16
79877,ext_cfb6d1ef,0,65,88,16
79877,ext_d0a9ec26,0,67,88,14
79877,ext_d0bf9eed,0,59,88,21
79877,ext_d0bfa195,0,59,88,21
79877,ext_d172ea76,0,65,88,16
79877,ext_d1e3e170,0,80,88,8
79877,ext_d39df99d,0,59,88,21
79877,ext_d3f50e77,0,65,88,16
79877,ext_d4bec4d1,0,59,88,21
79877,ext_d5282a6a,0,59,88,21
79877,ext_d637834a,0,59,88,21
79877,ext_d73d6ff6,0,81,88,7
79877,ext_d843dd24,0,59,88,21
79877,ext_d8ae384f,0,59,63,5
79877,ext_d9481ae8,0,59,88,21
79877,ext_da4ac482,0,65,88,16
79877,ext_daf3ce41,0,65,88,16
79877,ext_db5de4a9,0,59,88,21
79877,ext_db994881,0,59,88,21
79877,ext_de3fef4c,0,59,88,21
79877,ext_dfb63974,0,59,88,21
79877,ext_dfd1ec97,0,65,88,16
79877,ext_e02e125e,0,59,88,21
79877,ext_e0963a38,0,59,88,21
79877,ext_e0afb83a,0,59,88,21
79877,ext_e0cc1535,0,59,88,21
79877,ext_e10aed51,0,65,88,16
79877,ext_e2aa3aef,0,59,88,21
79877,ext_e55fcbb1,0,59,88,21
79877,ext_e5a0947e,0,59,88,21
79877,ext_e70a5571,0,59,88,21
79877,ext_e77f9198,0,59,88,21
79877,ext_e8b9e898,0,59,88,21
79877,ext_e9702fa8,0,59,88,21
79877,ext_ea001f58,0,59,88,21
79877,ext_ea2b82b1,0,59,88,21
79877,ext_ea634faa,0,59,88,21
79877,ext_ea6da717,0,59,88,21
79877,ext_eb728e71,0,80,80,1
79877,ext_ebd1178f,0,59,88,21
79877,ext_ece2cb31,0,65,88,16
79877,ext_ed18536d,0,59,88,21
79877,ext_ed5cb5ea,0,85,88,3
79877,ext_f1d19ae5,0,59,88,21
79877,ext_f1d5d368,0,59,63,5
79877,ext_f272b89e,0,59,88,21
79877,ext_f2f142c4,0,59,88,21
79877,ext_f3aeffa2,0,65,88,16
79877,ext_f3c4179a,0,59,88,21
79877,ext_f4fdf9ca,0,59,88,21
79877,ext_f52254d5,0,59,63,5
79877,ext_f6377036,0,59,88,21
79877,ext_f789663a,0,59,88,21
79877,ext_f8295e33,0,65,88,16
79877,ext_f88a2b30,0,59,88,21
79877,ext_f89bd692,0,65,88,16
79877,ext_f96787ae,0,59,88,21
79877,ext_fa98452d,0,65,88,16
79877,ext_faac9567,0,65,88,16
79877,ext_facd5799,0,65,88,16
79877,ext_fb3b4dde,0,59,88,21
79877,ext_fb5cdad5,0,59,88,21
79877,ext_fb855b56,0,65,88,15
79877,ext_fbb19b97,0,59,88,21
79877,ext_fcb0d81d,0,59,88,21
79877,ext_fd13d5d1,0,59,88,21
79877,ext_fe2f6d3d,0,60,88,20
79877,ext_fe5da590,0,65,88,16
79877,ext_ffb84af7,0,59,88,21
80058,30076,1,78,136,29
80058,66245,1,126,136,8
80058,66404,1,59,136,18
80058,77023,1,126,136,8
80058,ext_001ca785,0,79,136,28
80058,ext_00320578,0,64,136,34
80058,ext_00b177c9,0,135,136,2
80058,ext_038fbc90,0,59,136,42
80058,ext_03de5aef,0,59,136,37
80058,ext_043fc564,0,126,136,8
80058,ext_045057ed,0,59,136,36
80058,ext_047a18bc,0,59,136,35
80058,ext_0546aed6,0,59,136,37
80058,ext_06349023,0,59,136,42
80058,ext_06512377,0,59,136,37
80058,ext_074949ef,0,59,136,37
80058,ext_0781a9ab,0,59,98,28
80058,ext_08c1b817,0,59,136,39
80058,ext_09022e74,0,59,136,37
80058,ext_091c2ab0,0,59,136,36
80058,ext_09872a41,0,59,136,37
80058,ext_0993b024,0,59,136,37
80058,ext_099a7082,0,59,136,36
80058,ext_0a39eeea,0,126,136,8
80058,ext_0bd90b4e,0,59,136,35
80058,ext_0c7d947b,0,59,136,37
80058,ext_0d05e8d0,0,129,136,6
80058,ext_0d1a3b33,0,59,136,37
80058,ext_0d6bc0a0,0,59,136,37
80058,ext_0d990909,0,59,136,37
80058,ext_0da6a3dd,0,59,136,36
80058,ext_0e621d6c,0,59,136,35
80058,ext_0e8002c0,0,59,136,35
80058,ext_0eba1160,0,59,136,36
80058,ext_0ef763f1,0,59,136,37
80058,ext_0f8d07b3,0,126,136,8
80058,ext_10fda8aa,0,59,136,37
80058,ext_112843ff,0,59,136,44
80058,ext_11446b46,0,59,136,37
80058,ext_12269625,0,59,136,37
80058,ext_12302c06,0,59,136,37
80058,ext_12701e89,0,59,136,36
80058,ext_127fbe18,0,59,136,43
80058,ext_13543351,0,74,136,33
80058,ext_13b4a545,0,59,136,38
80058,ext_147d1e30,0,59,136,37
80058,ext_15095b63,0,59,136,35
80058,ext_153945f5,0,59,136,37
80058,ext_1619efe1,0,59,136,37
80058,ext_161e86a7,0,59,136,44
80058,ext_172033c5,0,59,136,37
80058,ext_180e6112,0,59,136,37
80058,ext_18f49483,0,59,136,43
80058,ext_18fec692,0,59,136,37
80058,ext_19384b3b,0,135,136,2
80058,ext_19dd0436,0,59,136,36
80058,ext_1ae2e3b6,0,59,136,44
80058,ext_1bbb92ee,0,59,136,36
80058,ext_1c836c29,0,59,136,39
80058,ext_1c93ee3e,0,59,136,36
80058,ext_1cc59126,0,59,136,35
80058,ext_1dddd7bb,0,59,136,37
80058,ext_1dff1baf,0,59,136,36
80058,ext_1e4b2278,0,59,136,35
80058,ext_1e572ecb,0,59,136,37
80058,ext_1fd9119e,0,59,136,37
80058,ext_1feab4f2,0,59,136,36
80058,ext_20ebf662,0,59,136,36
80058,ext_2193ad4b,0,59,136,36
80058,ext_223957a8,0,59,136,36
80058,ext_230afa24,0,126,136,8
80058,ext_240a9564,0,59,136,36
80058,ext_24c490c1,0,129,136,6
80058,ext_25630137,0,59,136,37
80058,ext_257bd128,0,59,136,36
80058,ext_2592b24d,0,59,136,39
80058,ext_2672aa3f,0,59,136,37
80058,ext_26d8199b,0,59,136,43
80058,ext_2762d6ff,0,59,136,36
80058,ext_284cc699,0,83,136,24
80058,ext_2888e608,0,59,136,35
80058,ext_28be5ae7,0,129,136,6
80058,ext_290cd8cc,0,59,136,37
80058,ext_29129479,0,59,136,35
80058,ext_2993e202,0,59,136,35
80058,ext_29d8b90e,0,74,136,33
80058,ext_2a7e21e7,0,59,136,36
80058,ext_2b022235,0,59,136,37
80058,ext_2b1e5e62,0,59,136,36
80058,ext_2b6472e2,0,135,136,2
80058,ext_2b9691b7,0,129,136,6
80058,ext_2c1981f1,0,59,136,37
80058,ext_2dcc68b0,0,126,136,8
80058,ext_3025a934,0,126,136,8
80058,ext_312b9358,0,59,136,37
80058,ext_316cae5a,0,59,136,42
80058,ext_31f8a5eb,0,59,136,40
80058,ext_3203bcd5,0,92,136,15
80058,ext_323fdd4a,0,59,136,42
80058,ext_33214c01,0,126,136,8
80058,ext_33438f7e,0,59,136,43
80058,ext_337ff394,0,59,136,37
80058,ext_345735e6,0,59,136,36
80058,ext_34907f4b,0,59,136,36
80058,ext_349d12a5,0,74,136,33
80058,ext_355b8f90,0,59,136,40
80058,ext_357aabc0,0,126,136,8
80058,ext_3586c95e,0,59,136,42
80058,ext_361f303b,0,59,136,37
80058,ext_376a054d,0,59,136,37
80058,ext_37a6e37b,0,76,136,31
80058,ext_3847cc69,0,59,136,36
80058,ext_386155ee,0,59,136,37
80058,ext_38b015e8,0,76,136,31
80058,ext_38bcb2b7,0,59,136,37
80058,ext_39589c3c,0,59,136,36
80058,ext_39c7b64d,0,59,136,35
80058,ext_3a4e3ddd,0,59,136,39
80058,ext_3a8c19bb,0,59,136,37
80058,ext_3b940760,0,59,136,36
80058,ext_3b9e4f5f,0,59,136,37
80058,ext_3bc38b46,0,126,136,8
80058,ext_3c416b25,0,59,136,37
80058,ext_3ca4c1a3,0,59,136,36
80058,ext_3cda3c95,0,59,136,37
80058,ext_3e411f97,0,59,136,36
80058,ext_3f6e3235,0,59,136,42
80058,ext_3f7f5653,0,59,136,37
80058,ext_3fde870d,0,59,136,38
80058,ext_4093c949,0,59,136,37
80058,ext_40b917e5,0,81,136,26
80058,ext_4100c654,0,130,136,5
80058,ext_411b3373,0,59,136,37
80058,ext_416e2e2e,0,59,136,37
80058,ext_41a557bc,0,90,136,17
80058,ext_41ea03f8,0,59,136,36
80058,ext_42b07ad8,0,59,136,42
80058,ext_439840eb,0,59,136,37
80058,ext_43bbf4c4,0,77,136,30
80058,ext_4453c019,0,59,136,36
80058,ext_45c37b30,0,59,136,36
80058,ext_45e76d4a,0,59,136,37
80058,ext_46f374e5,0,59,136,37
80058,ext_48259aef,0,59,136,37
80058,ext_4901c911,0,59,136,43
80058,ext_4ae9456b,0,59,136,37
80058,ext_4b2728e4,0,59,136,37
80058,ext_4b28122e,0,59,136,38
80058,ext_4c3545e4,0,59,136,37
80058,ext_4c3c0625,0,59,136,37
80058,ext_4ca003bc,0,129,136,6
80058,ext_4d1e48ee,0,59,136,36
80058,ext_4d618ba6,0,59,136,36
80058,ext_4e0787b0,0,87,136,20
80058,ext_4ecc8045,0,129,136,6
80058,ext_4f5be366,0,59,136,37
80058,ext_50a39d89,0,59,136,37
80058,ext_5195f87d,0,59,136,38
80058,ext_51cd5c92,0,59,136,37
80058,ext_51efc282,0,59,136,37
80058,ext_526ce274,0,59,136,37
80058,ext_52cd1484,0,59,136,37
80058,ext_545e3afd,0,123,136,9
80058,ext_549177c8,0,59,136,37
80058,ext_54dc370f,0,59,136,37
80058,ext_56093954,0,59,64,3
80058,ext_5865c235,0,59,136,37
80058,ext_58bb8ec5,0,59,136,38
80058,ext_58c7aa81,0,59,136,36
80058,ext_58cc3cf3,0,59,136,37
80058,ext_58e59bf1,0,64,136,34
80058,ext_5909c2d8,0,59,136,36
80058,ext_59327ee9,0,59,136,38
80058,ext_5b76885f,0,59,136,35
80058,ext_5c1e4b61,0,129,136,6
80058,ext_5d5771d3,0,59,136,43
80058,ext_5dc4741a,0,59,136,37
80058,ext_5dd08953,0,59,136,37
80058,ext_5e7151e8,0,74,136,33
80058,ext_5e7d1e0d,0,59,136,36
80058,ext_5f0d51b6,0,59,136,35
80058,ext_5f6c70f6,0,59,136,37
80058,ext_6102bde8,0,59,136,36
80058,ext_61402813,0,59,136,37
80058,ext_615f32bd,0,59,98,29
80058,ext_6168cb1f,0,59,136,36
80058,ext_62fb19f7,0,59,136,37
80058,ext_63a049fb,0,59,136,39
80058,ext_63e90a23,0,59,136,36
80058,ext_6400bc05,0,59,136,37
80058,ext_645c626b,0,59,136,37
80058,ext_647a5e1a,0,80,136,27
80058,ext_64eba3c8,0,59,136,38
80058,ext_655b234b,0,59,136,37
80058,ext_65643810,0,132,136,3
80058,ext_65f3b59e,0,59,136,44
80058,ext_65f621cc,0,59,136,37
80058,ext_66688f83,0,59,136,36
80058,ext_6670abed,0,59,136,36
80058,ext_6674d481,0,59,136,38
80058,ext_6679e579,0,59,136,36
80058,ext_685ddd95,0,59,136,37
80058,ext_68cf63ec,0,59,136,42
80058,ext_69edf498,0,59,136,36
80058,ext_6a63f357,0,126,136,8
80058,ext_6cf14683,0,78,136,29
80058,ext_6e67d585,0,59,136,36
80058,ext_6ec0f114,0,132,136,3
80058,ext_6f4f0541,0,59,136,44
80058,ext_702e0631,0,59,136,35
80058,ext_70e51cc4,0,59,136,37
80058,ext_7114622a,0,59,136,36
80058,ext_71f0e5a8,0,59,136,37
80058,ext_72852eda,0,59,136,36
80058,ext_74f369e8,0,59,136,37
80058,ext_767d09da,0,59,136,44
80058,ext_7777f768,0,59,136,37
80058,ext_778ebcb0,0,59,136,35
80058,ext_77ffc3ed,0,59,136,37
80058,ext_788b235d,0,59,136,37
80058,ext_7897280b,0,59,136,36
80058,ext_78a6e17e,0,59,136,37
80058,ext_78c528c7,0,59,136,38
80058,ext_79cb6219,0,59,136,35
80058,ext_7ab96a19,0,126,136,8
80058,ext_7b99bee9,0,74,136,33
80058,ext_7cd9217a,0,74,136,33
80058,ext_7cffb54f,0,59,136,44
80058,ext_7d1b67cc,0,126,136,8
80058,ext_7d6177e3,0,64,136,34
80058,ext_7d783db1,0,130,136,5
80058,ext_7d93488a,0,59,136,36
80058,ext_7df2c704,0,59,136,37
80058,ext_7e5714df,0,59,136,43
80058,ext_7f0bfbd2,0,126,136,8
80058,ext_7f49947d,0,59,136,37
80058,ext_7f880474,0,130,136,5
80058,ext_7fafc166,0,59,136,36
80058,ext_807b5cb2,0,59,136,43
80058,ext_812fb88e,0,59,136,36
80058,ext_8260264c,0,59,136,37
80058,ext_82896e85,0,59,136,37
80058,ext_82b1421f,0,59,136,36
80058,ext_83073776,0,59,136,37
80058,ext_83311842,0,59,136,38
80058,ext_833c3362,0,59,136,40
80058,ext_835697c9,0,59,136,36
80058,ext_83760966,0,59,136,36
80058,ext_8433e910,0,59,136,35
80058,ext_84cbb26a,0,59,136,36
80058,ext_8560b3bf,0,59,136,37
80058,ext_856987ec,0,59,136,38
80058,ext_85d28f27,0,59,136,44
80058,ext_86534742,0,126,136,8
80058,ext_870c71d6,0,135,136,2
80058,ext_870e9a24,0,59,136,36
80058,ext_88eb7998,0,129,136,6
80058,ext_8977f095,0,59,136,38
80058,ext_89841603,0,59,136,35
80058,ext_89a66110,0,59,136,36
80058,ext_89b4cf96,0,129,136,6
80058,ext_89cdc33c,0,59,136,43
80058,ext_8a36c4e3,0,59,136,37
80058,ext_8a5c72da,0,59,136,35
80058,ext_8b760e38,0,59,136,38
80058,ext_8c0a3aab,0,59,136,36
80058,ext_8c0b20d8,0,59,136,37
80058,ext_8c533adf,0,59,136,37
80058,ext_8d7f1106,0,59,136,37
80058,ext_8dbe4755,0,86,136,21
80058,ext_8e208149,0,59,136,36
80058,ext_8ec43bb7,0,59,136,42
80058,ext_8f33ef68,0,94,136,13
80058,ext_8f953fe7,0,59,136,36
80058,ext_9061f436,0,59,136,36
80058,ext_90bde8ca,0,59,136,36
80058,ext_929a2f7c,0,59,136,43
80058,ext_93564a86,0,126,136,8
80058,ext_93b6c2c8,0,130,136,5
80058,ext_93d22c4d,0,85,136,22
80058,ext_9451af8c,0,74,136,33
80058,ext_9496da72,0,59,136,36
80058,ext_95145728,0,59,136,42
80058,ext_9538f7dd,0,59,136,37
80058,ext_97d5daf7,0,86,136,21
80058,ext_98be957b,0,59,136,37
80058,ext_98d79492,0,59,136,37
80058,ext_99607763,0,59,136,36
80058,ext_9bcf9de3,0,59,136,44
80058,ext_9da42857,0,59,136,37
80058,ext_9e2094bd,0,59,136,37
80058,ext_9f468b9c,0,126,136,8
80058,ext_a0a72df7,0,59,136,35
80058,ext_a0da386b,0,59,136,36
80058,ext_a1000f9c,0,59,136,36
80058,ext_a1bafb6f,0,59,136,36
80058,ext_a1d99d28,0,80,136,27
80058,ext_a1f73c03,0,59,136,37
80058,ext_a2614efb,0,59,136,37
80058,ext_a30529ba,0,59,136,43
80058,ext_a42cef63,0,59,136,37
80058,ext_a42e31e8,0,59,136,43
80058,ext_a54ff15f,0,59,136,37
80058,ext_a606c2c6,0,59,136,36
80058,ext_a6c9cfd1,0,74,136,33
80058,ext_a70d98d5,0,59,136,43
80058,ext_a73bca7c,0,59,136,44
80058,ext_a743305e,0,59,136,35
80058,ext_a88fee12,0,59,136,37
80058,ext_a9e015a3,0,59,136,35
80058,ext_aa074732,0,59,136,37
80058,ext_aabcf312,0,129,136,6
80058,ext_aabe633c,0,59,136,37
80058,ext_ab4e0280,0,59,136,38
80058,ext_aba3903d,0,59,136,36
80058,ext_abfe4e0f,0,59,136,44
80058,ext_ac137c47,0,59,136,42
80058,ext_ac181540,0,77,136,30
80058,ext_ace9c755,0,59,136,35
80058,ext_af7f56d7,0,74,136,33
80058,ext_afaa7a01,0,76,136,31
80058,ext_b0ada4d4,0,59,136,36
80058,ext_b0b62949,0,59,136,35
80058,ext_b25d311e,0,59,136,37
80058,ext_b292f3bd,0,59,136,44
80058,ext_b3054ec1,0,59,136,39
80058,ext_b37b6bed,0,59,136,43
80058,ext_b4191ba7,0,59,136,37
80058,ext_b5edebfd,0,59,136,37
80058,ext_b64b7d43,0,59,136,36
80058,ext_b782ac33,0,59,136,37
80058,ext_b78ba53c,0,59,136,37
80058,ext_b7ddd298,0,59,136,37
80058,ext_b9053b7c,0,59,136,37
80058,ext_b911f71f,0,59,136,38
80058,ext_b95ff14b,0,59,136,35
80058,ext_b977efe0,0,59,136,36
80058,ext_ba0da527,0,59,136,40
80058,ext_ba45f0ef,0,59,136,35
80058,ext_ba8dc6e2,0,59,136,39
80058,ext_bb048955,0,59,136,37
80058,ext_bc17f74b,0,59,136,43
80058,ext_bc2a5b81,0,59,136,35
80058,ext_bc5cf417,0,59,136,43
80058,ext_bc7aca13,0,59,136,37
80058,ext_bc7b850d,0,59,136,37
80058,ext_bd2d1702,0,59,136,37
80058,ext_bed8e574,0,59,136,37
80058,ext_bf820ae9,0,59,136,36
80058,ext_c006206b,0,59,136,36
80058,ext_c0bf028a,0,59,136,38
80058,ext_c1533d81,0,59,123,27
80058,ext_c1c5749d,0,126,136,8
80058,ext_c227b38b,0,59,136,37
80058,ext_c2d1ad32,0,59,136,36
80058,ext_c4027304,0,59,136,35
80058,ext_c4076173,0,59,136,35
80058,ext_c47847d9,0,59,136,36
80058,ext_c48d6bef,0,59,136,35
80058,ext_c58f22f7,0,126,136,8
80058,ext_c6a5c555,0,59,136,43
80058,ext_c754c211,0,59,136,40
80058,ext_c7b467be,0,59,136,35
80058,ext_c7e71306,0,59,136,36
80058,ext_c9226d43,0,59,136,37
80058,ext_c9a77cc0,0,59,136,37
80058,ext_c9bec6cc,0,59,136,37
80058,ext_ca140467,0,37,58,12
80058,ext_ca427240,0,59,136,37
80058,ext_ca719ddc,0,59,136,37
80058,ext_caae2599,0,59,136,36
80058,ext_cac0fcdf,0,123,136,9
80058,ext_cc7e1da9,0,59,136,37
80058,ext_ccbbe836,0,126,136,9
80058,ext_cccc9e8e,0,59,136,35
80058,ext_cd05c470,0,59,136,37
80058,ext_cdf929c2,0,59,136,37
80058,ext_cfcee370,0,86,136,21
80058,ext_cff2b535,0,59,136,42
80058,ext_d00ab1c9,0,59,136,36
80058,ext_d03388bf,0,59,136,38
80058,ext_d0a9ec26,0,74,136,33
80058,ext_d1ec1721,0,59,136,37
80058,ext_d3a5a613,0,59,136,37
80058,ext_d46f010d,0,123,136,9
80058,ext_d4f38cd3,0,96,136,12
80058,ext_d53e4796,0,59,136,36
80058,ext_d5cce304,0,59,136,38
80058,ext_d62ec05a,0,59,136,37
80058,ext_d6ef9df0,0,59,136,37
80058,ext_d719928a,0,123,136,9
80058,ext_d75a9087,0,74,136,33
80058,ext_d7932000,0,86,136,21
80058,ext_d7b2fb8b,0,129,136,6
80058,ext_d85e2c9c,0,59,69,4
80058,ext_d8741cfc,0,59,136,36
80058,ext_d8b446ea,0,126,136,8
80058,ext_d8cd9e12,0,59,136,36
80058,ext_d9a1af86,0,59,136,37
80058,ext_da498cb8,0,59,136,37
80058,ext_da899e24,0,59,136,38
80058,ext_da992c4a,0,59,136,36
80058,ext_dabac1fd,0,59,123,35
80058,ext_db2d471a,0,59,136,36
80058,ext_dc82b20d,0,59,136,37
80058,ext_dcb5c693,0,59,136,37
80058,ext_dd6cb68a,0,64,136,34
80058,ext_de00dd53,0,59,136,37
80058,ext_df2eb7c9,0,59,136,40
80058,ext_df6e846a,0,59,136,37
80058,ext_dfca9b24,0,59,136,44
80058,ext_e0047142,0,59,136,37
80058,ext_e0578cba,0,59,136,37
80058,ext_e10c877c,0,80,136,27
80058,ext_e12bf245,0,59,136,37
80058,ext_e1590a8d,0,59,136,35
80058,ext_e1f348d9,0,59,136,35
80058,ext_e29f0f1f,0,59,136,37
80058,ext_e2b108d5,0,59,136,37
80058,ext_e2e7fcc7,0,64,136,34
80058,ext_e36f6e85,0,59,136,36
80058,ext_e3e71553,0,126,136,8
80058,ext_e4aef19e,0,59,123,35
80058,ext_e5513954,0,59,136,37
80058,ext_e618ef12,0,59,136,37
80058,ext_e6bc929d,0,59,136,40
80058,ext_e782bf44,0,59,136,36
80058,ext_e8453c1b,0,127,136,7
80058,ext_e961eb03,0,59,136,37
80058,ext_e9de17ff,0,126,136,8
80058,ext_ea407a00,0,59,136,36
80058,ext_ead10726,0,59,136,38
80058,ext_eb495dce,0,59,136,43
80058,ext_eb7757fe,0,64,136,34
80058,ext_ebbed88c,0,129,136,6
80058,ext_ebec17b5,0,59,136,36
80058,ext_ec1f357b,0,88,136,19
80058,ext_ed1f39c0,0,59,136,35
80058,ext_ed83a9fd,0,59,136,36
80058,ext_ed869404,0,59,136,35
80058,ext_edc89199,0,59,136,37
80058,ext_eeddb28d,0,59,136,35
80058,ext_ef962ea6,0,59,136,37
80058,ext_f102c51f,0,59,136,35
80058,ext_f29a5a56,0,59,136,36
80058,ext_f36d27ba,0,59,136,37
80058,ext_f3772307,0,74,136,33
80058,ext_f3e41da3,0,59,136,38
80058,ext_f45498cf,0,59,136,35
80058,ext_f480e60a,0,129,136,6
80058,ext_f5945fe3,0,59,136,37
80058,ext_f5a92041,0,59,136,44
80058,ext_f64e5b8e,0,59,136,36
80058,ext_f68b1fa7,0,74,136,33
80058,ext_f6b79014,0,77,136,30
80058,ext_f6d6a0ac,0,59,136,36
80058,ext_f6dc89c3,0,59,136,37
80058,ext_f79717f0,0,59,90,21
80058,ext_f830a18f,0,59,136,37
80058,ext_f845afa4,0,59,136,37
80058,ext_fa10dcd9,0,59,136,35
80058,ext_fa12fa98,0,59,136,37
80058,ext_fa75a800,0,59,136,37
80058,ext_fa8774a3,0,59,136,37
80058,ext_fb35e6e8,0,59,136,36
80058,ext_fb5b53b4,0,87,136,20
80058,ext_fccc080e,0,59,136,37
80058,ext_fcfefde3,0,59,136,35
80058,ext_fe5ab578,0,59,136,37
80058,ext_fef794ff,0,129,136,6
80058,ext_feff05bf,0,59,136,37
80058,ext_ff13b54c,0,59,136,37
80058,ext_ff4f38ac,0,59,136,36
80193,13799,1,65,129,44
80193,23040,1,65,129,47
80193,31583,1,65,129,44
80193,32174,1,65,129,44
80193,36143,1,65,129,46
80193,64772,1,65,129,44
80193,66991,1,65,129,47
80193,71627,1,65,129,41
80193,71700,1,65,83,17
80193,74916,1,65,79,13
80193,80193,1,65,129,40
80193,ext_01acad8b,0,65,129,40
80193,ext_02ff7881,0,65,129,44
80193,ext_036a0979,0,65,129,46
80193,ext_04696c7f,0,65,129,44
80193,ext_0471b2a7,0,65,129,44
80193,ext_04c222d0,0,69,129,36
80193,ext_0548f815,0,65,129,40
80193,ext_05f96001,0,82,129,24
80193,ext_068aefc6,0,65,129,40
80193,ext_070a571d,0,65,129,44
80193,ext_0793b908,0,65,129,42
80193,ext_0978a3f0,0,89,129,3
80193,ext_0a39eeea,0,65,129,44
80193,ext_0b6a452d,0,65,129,39
80193,ext_0ba704ab,0,65,129,46
80193,ext_0d287316,0,65,129,40
80193,ext_0d8f87e3,0,65,129,40
80193,ext_0e8770aa,0,65,129,46
80193,ext_0f85d24e,0,86,129,20
80193,ext_1207a996,0,65,129,39
80193,ext_1226aa0b,0,65,129,40
80193,ext_131dbc05,0,110,119,2
80193,ext_13c7b4b8,0,110,119,2
80193,ext_145353a5,0,40,72,32
80193,ext_17a8d6dc,0,65,129,44
80193,ext_17aa1fda,0,83,129,23
80193,ext_1823b527,0,86,129,20
80193,ext_18c605ea,0,84,129,8
80193,ext_192bbe3c,0,65,129,40
80193,ext_1957e01f,0,90,129,15
80193,ext_1a0f71ed,0,119,119,1
80193,ext_1a18c797,0,119,119,1
80193,ext_1b836b21,0,110,119,2
80193,ext_1cad5ba6,0,65,129,46
80193,ext_1d4d054d,0,110,119,2
80193,ext_1e0d86f3,0,83,129,9
80193,ext_1e927bc3,0,65,129,44
80193,ext_1fb133cb,0,65,129,44
80193,ext_22f5c755,0,65,129,46
80193,ext_2365ead3,0,65,129,40
80193,ext_23949835,0,79,129,27
80193,ext_25ba29a8,0,65,129,39
80193,ext_2624385b,0,65,129,40
80193,ext_26863da1,0,87,129,19
80193,ext_26fc509e,0,65,129,40
80193,ext_271f590d,0,75,129,30
80193,ext_290e53fa,0,90,129,15
80193,ext_29f4b8f5,0,65,129,41
80193,ext_2a729466,0,110,119,2
80193,ext_2a761e2c,0,65,129,40
80193,ext_2ba21b51,0,65,129,41
80193,ext_2cad2a5b,0,65,129,46
80193,ext_2d70b1c1,0,84,129,22
80193,ext_2dcea2a0,0,65,129,44
80193,ext_2dd552fe,0,65,129,44
80193,ext_2e72385a,0,65,129,40
80193,ext_2ffcb505,0,110,119,2
80193,ext_31925bc3,0,75,129,30
80193,ext_3319632f,0,93,119,8
80193,ext_33c49f64,0,74,129,31
80193,ext_340abb4e,0,75,129,30
80193,ext_34eac344,0,65,129,40
80193,ext_35c9ada4,0,110,119,2
80193,ext_365a745c,0,119,119,1
80193,ext_38149e1f,0,65,129,44
80193,ext_39fc222e,0,65,129,46
80193,ext_3a23f084,0,65,129,40
80193,ext_3a39030a,0,65,129,39
80193,ext_3ac7d2cb,0,65,129,39
80193,ext_3be19e57,0,65,129,44
80193,ext_3c909b0a,0,65,129,46
80193,ext_3def1429,0,65,129,40
80193,ext_3f47d0c3,0,65,129,44
80193,ext_414c7a8b,0,65,129,40
80193,ext_420b58de,0,65,129,39
80193,ext_4326a0a3,0,65,129,40
80193,ext_4372cc62,0,65,129,39
80193,ext_43aefce2,0,65,129,46
80193,ext_44b7be2f,0,65,129,46
80193,ext_456b91e2,0,110,119,2
80193,ext_45c37b30,0,65,129,44
80193,ext_45dbb070,0,110,119,2
80193,ext_46e70d98,0,65,129,44
80193,ext_4b82de79,0,65,129,40
80193,ext_4bc5830f,0,65,129,44
80193,ext_4c53d1cf,0,119,119,1
80193,ext_4cfa68f0,0,65,129,40
80193,ext_4f325c07,0,77,129,29
80193,ext_4f9be639,0,65,129,39
80193,ext_543e6496,0,65,129,40
80193,ext_5557ffd9,0,119,119,1
80193,ext_55af46fd,0,65,129,40
80193,ext_5705520c,0,77,129,29
80193,ext_5775a53d,0,65,129,41
80193,ext_5a087df3,0,65,129,39
80193,ext_5a7f2126,0,88,129,18
80193,ext_5cc01d44,0,65,129,44
80193,ext_5e4d3f76,0,65,129,42
80193,ext_60a745b5,0,65,129,39
80193,ext_60be4342,0,65,129,39
80193,ext_659418b4,0,65,129,39
80193,ext_65c4a7dc,0,65,129,39
80193,ext_66a35c1f,0,90,129,15
80193,ext_66e59d1b,0,93,119,8
80193,ext_6705e8cb,0,65,129,39
80193,ext_67c48eac,0,65,129,39
80193,ext_68c15fca,0,65,129,44
80193,ext_6975f44f,0,119,119,1
80193,ext_6a59ab72,0,84,129,8
80193,ext_6acc8c73,0,65,129,39
80193,ext_6bb98184,0,65,129,46
80193,ext_6be96ac2,0,65,129,39
80193,ext_6c384595,0,65,129,39
80193,ext_6c5c7012,0,65,129,39
80193,ext_6c752616,0,65,129,39
80193,ext_6da699d7,0,65,129,42
80193,ext_6ec0f114,0,85,129,21
80193,ext_705f46fd,0,65,73,8
80193,ext_70ef945c,0,65,129,40
80193,ext_72109aa2,0,65,129,44
80193,ext_73d64b92,0,65,129,44
80193,ext_75b0ec35,0,65,129,41
80193,ext_77751964,0,80,129,26
80193,ext_7ddfbee7,0,65,129,46
80193,ext_7f3aa68f,0,65,129,44
80193,ext_8195d185,0,67,129,38
80193,ext_830b3033,0,65,129,40
80193,ext_84239b26,0,65,129,44
80193,ext_8450242f,0,65,129,39
80193,ext_84e0d8c7,0,65,129,39
80193,ext_85aa6fe1,0,65,129,40
80193,ext_85d6d1a7,0,87,129,19
80193,ext_8663e317,0,65,129,40
80193,ext_881c919f,0,65,129,44
80193,ext_8833c731,0,68,129,37
80193,ext_8897ac77,0,65,129,42
80193,ext_88c580ff,0,65,129,40
80193,ext_8a3d192d,0,65,129,40
80193,ext_8a80fed7,0,77,129,29
80193,ext_8ae04d8c,0,119,119,1
80193,ext_8affa4cf,0,65,129,43
80193,ext_8b5940c7,0,110,119,2
80193,ext_8c4f0a76,0,65,129,42
80193,ext_8c9100d8,0,110,119,2
80193,ext_8cb65086,0,65,129,46
80193,ext_90b21314,0,65,129,46
80193,ext_90fc41fb,0,65,129,40
80193,ext_91cb3788,0,110,119,2
80193,ext_94da96ab,0,65,129,46
80193,ext_9714f286,0,65,129,40
80193,ext_9af8009b,0,65,129,40
80193,ext_9bf28089,0,65,129,44
80193,ext_9d9c9a1b,0,119,119,1
80193,ext_9da1724a,0,65,129,39
80193,ext_9df1bd04,0,65,129,39
80193,ext_9f07cee1,0,65,129,39
80193,ext_9f468b9c,0,65,129,39
80193,ext_a0169590,0,119,119,1
80193,ext_a09a7a3e,0,65,129,44
80193,ext_a0cdb1f1,0,119,119,1
80193,ext_a14e4bae,0,65,129,44
80193,ext_a1c936a0,0,65,129,41
80193,ext_a3ad116e,0,86,129,9
80193,ext_a42c0bc9,0,65,129,40
80193,ext_a52ebfb9,0,65,129,44
80193,ext_a7a30446,0,65,129,40
80193,ext_a9dc55cf,0,77,129,29
80193,ext_aad63169,0,65,129,44
80193,ext_abd84697,0,77,77,1
80193,ext_ad862d02,0,102,119,3
80193,ext_afae5e63,0,65,129,42
80193,ext_b03ddac4,0,65,129,40
80193,ext_b14416af,0,65,129,44
80193,ext_b1f98c41,0,65,129,40
80193,ext_b225351a,0,94,119,19
80193,ext_b2ad5b36,0,65,129,42
80193,ext_b319bad3,0,83,129,23
80193,ext_b3f8a87a,0,65,129,40
80193,ext_b568e91c,0,89,129,16
80193,ext_b57aa8d8,0,90,129,15
80193,ext_b615713c,0,65,129,47
80193,ext_b7697423,0,65,129,40
80193,ext_b85f136f,0,65,129,39
80193,ext_b8dd87fb,0,110,119,2
80193,ext_b95756f5,0,65,129,44
80193,ext_b986fef9,0,65,129,46
80193,ext_b9a2ba85,0,65,129,39
80193,ext_b9d4db36,0,97,119,4
80193,ext_bc33956b,0,65,129,39
80193,ext_bd446900,0,65,129,39
80193,ext_be9d7fc3,0,65,129,39
80193,ext_beda4171,0,65,129,40
80193,ext_bff8b8e8,0,65,129,40
80193,ext_c0580665,0,88,129,18
80193,ext_c0b6d12a,0,119,119,1
80193,ext_c23de0d7,0,65,129,44
80193,ext_c2e609c4,0,65,129,41
80193,ext_c2fd9ba7,0,65,129,47
80193,ext_c3121392,0,75,129,30
80193,ext_c4f32d03,0,65,129,44
80193,ext_c65129d3,0,75,129,30
80193,ext_c75a1d4a,0,65,129,39
80193,ext_c7cc418b,0,110,119,2
80193,ext_c7e71306,0,75,129,30
80193,ext_c9d14e1f,0,65,129,41
80193,ext_ca108877,0,65,129,44
80193,ext_cb42df58,0,73,129,32
80193,ext_cdb75f98,0,40,64,25
80193,ext_ce2d5266,0,73,129,32
80193,ext_ce53ef9f,0,110,119,2
80193,ext_d109e668,0,65,129,40
80193,ext_d1ac95f2,0,65,129,39
80193,ext_d296432c,0,65,129,44
80193,ext_d45d5fe4,0,65,129,39
80193,ext_d46e62aa,0,69,129,36
80193,ext_d57b0a47,0,119,119,1
80193,ext_d583cb15,0,87,129,19
80193,ext_d9264f7e,0,65,129,39
80193,ext_d9481ae8,0,65,129,46
80193,ext_d981ba57,0,90,129,15
80193,ext_d9e51df0,0,65,129,39
80193,ext_d9f13b3b,0,97,119,4
80193,ext_dc38b9bf,0,65,129,44
80193,ext_dd3ccdc4,0,110,119,2
80193,ext_de6056b0,0,72,129,33
80193,ext_df9683cb,0,65,129,40
80193,ext_e0f9a758,0,110,119,2
80193,ext_e1eea166,0,119,119,1
80193,ext_e25ce66d,0,65,129,39
80193,ext_e25effad,0,65,129,44
80193,ext_e3cd4019,0,65,129,40
80193,ext_e3ed83e1,0,65,129,39
80193,ext_e4b82d5e,0,65,129,41
80193,ext_e50e87af,0,110,119,2
80193,ext_e521e41e,0,92,119,13
80193,ext_e63c64fb,0,110,119,2
80193,ext_e6787645,0,65,129,40
80193,ext_e7557e9a,0,110,119,2
80193,ext_e937a561,0,81,129,25
80193,ext_e94f17cc,0,65,129,39
80193,ext_ea5c4cd8,0,93,119,8
80193,ext_eb5a0c96,0,86,129,20
80193,ext_ebec17b5,0,110,119,2
80193,ext_ebf7e51b,0,75,129,30
80193,ext_f0660eba,0,65,129,39
80193,ext_f20e7b0c,0,65,129,44
80193,ext_f3b7ed56,0,65,129,27
80193,ext_f57d97fa,0,65,129,42
80193,ext_f7381e3d,0,65,129,47
80193,ext_f7ac7dc1,0,86,129,20
80193,ext_f822a34f,0,65,129,40
80193,ext_f97efffb,0,65,129,44
80193,ext_fa0543b6,0,119,119,1
80193,ext_fa7496ce,0,65,129,44
80193,ext_fb668fb9,0,65,129,39
80193,ext_fb92abe3,0,87,129,19
80193,ext_fcf75552,0,40,129,66
80193,ext_fd894c65,0,65,129,44
80193,ext_fdd665f3,0,75,129,30
80193,ext_fe788078,0,119,119,1
80193,ext_fece3c63,0,110,119,2
80193,ext_fef21371,0,90,129,15
80193,ext_ff86a4dc,0,65,129,43
80193,ext_ff9c61a9,0,65,129,44
82060,32100,1,60,93,33
82060,86352,1,60,93,33
82060,86610,1,60,86,26
82060,95426,1,60,93,33
82060,ext_0105b034,0,60,93,33
82060,ext_0230752e,0,60,93,33
82060,ext_0233e2b7,0,60,93,33
82060,ext_0247b58d,0,60,93,33
82060,ext_0297079a,0,60,93,33
82060,ext_02a88bac,0,60,93,33
82060,ext_02cdf764,0,60,93,33
82060,ext_03f128a3,0,60,93,33
82060,ext_05acf3b0,0,60,93,33
82060,ext_08a81cbf,0,60,93,33
82060,ext_0941aa9c,0,60,93,33
82060,ext_09832053,0,60,93,33
82060,ext_0afa30ae,0,60,93,33
82060,ext_0be778c3,0,60,93,33
82060,ext_0e1d6b52,0,60,93,33
82060,ext_0e53ea98,0,60,93,33
82060,ext_0e7916c1,0,60,93,33
82060,ext_10505019,0,60,93,33
82060,ext_11bcc28b,0,60,93,33
82060,ext_11daeec9,0,60,93,33
82060,ext_12cf1aab,0,60,93,33
82060,ext_13b1acea,0,60,93,33
82060,ext_13b82554,0,60,93,33
82060,ext_14c32ec5,0,60,93,33
82060,ext_15978ada,0,60,93,33
82060,ext_15b4d390,0,60,93,33
82060,ext_16411860,0,60,93,33
82060,ext_174bbedf,0,60,93,33
82060,ext_1862c9f2,0,60,93,33
82060,ext_19c1f7da,0,60,93,33
82060,ext_1eef7201,0,60,93,33
82060,ext_201d603d,0,60,93,33
82060,ext_220c6422,0,60,93,33
82060,ext_22cb4cef,0,60,93,33
82060,ext_23cac54b,0,60,93,33
82060,ext_2652502c,0,60,93,33
82060,ext_26c72661,0,60,93,33
82060,ext_29ff3261,0,60,93,33
82060,ext_2cc89318,0,60,93,33
82060,ext_2d01fb74,0,60,93,33
82060,ext_2dc986d4,0,60,93,33
82060,ext_304a4a83,0,60,93,33
82060,ext_31adc1e8,0,60,93,33
82060,ext_3309af32,0,60,93,33
82060,ext_33951957,0,60,93,33
82060,ext_340bcf77,0,60,93,33
82060,ext_356a9014,0,60,93,33
82060,ext_35ddb7b2,0,60,93,33
82060,ext_36178f74,0,60,93,33
82060,ext_379463a6,0,60,93,33
82060,ext_39b0d53e,0,60,93,33
82060,ext_3a349d2a,0,61,93,32
82060,ext_3db05105,0,60,93,33
82060,ext_3dc0b09b,0,60,93,33
82060,ext_3f336d0c,0,60,93,33
82060,ext_3fa62fbb,0,60,93,33
82060,ext_405837fa,0,60,93,33
82060,ext_4232d72f,0,60,93,33
82060,ext_42411cff,0,60,93,33
82060,ext_4366de25,0,60,93,33
82060,ext_4569c4ad,0,60,93,33
82060,ext_45c37b30,0,60,93,33
82060,ext_46b8a01c,0,60,93,33
82060,ext_47bd96b0,0,60,93,33
82060,ext_482c50d8,0,60,93,33
82060,ext_485aba68,0,60,93,33
82060,ext_4a02b9df,0,60,93,33
82060,ext_4ab4f9cc,0,60,93,33
82060,ext_4b0b5a26,0,60,93,33
82060,ext_4b53f3fb,0,60,93,33
82060,ext_4bd07438,0,60,93,33
82060,ext_4de3980d,0,60,93,33
82060,ext_4e69262d,0,60,93,33
82060,ext_4f05a843,0,60,93,33
82060,ext_4f325c07,0,60,93,33
82060,ext_508b224c,0,60,93,33
82060,ext_517cf58e,0,60,93,33
82060,ext_52064fe0,0,60,93,33
82060,ext_520c58e4,0,60,93,33
82060,ext_5312a731,0,60,70,11
82060,ext_5467fd3f,0,60,93,33
82060,ext_54c4656a,0,60,93,33
82060,ext_5526568d,0,60,93,33
82060,ext_555a0bd1,0,60,93,33
82060,ext_55878053,0,60,93,33
82060,ext_56e40117,0,60,93,33
82060,ext_56e52e72,0,60,93,33
82060,ext_57e5ef4e,0,60,93,33
82060,ext_585ce9f8,0,60,93,33
82060,ext_59d73adf,0,60,93,33
82060,ext_5be1b811,0,60,93,33
82060,ext_5bf7698d,0,60,93,33
82060,ext_5ce5fbd2,0,60,93,33
82060,ext_5cfebf2e,0,60,93,33
82060,ext_5d3e010e,0,60,93,33
82060,ext_5dac39f3,0,60,93,33
82060,ext_5ec7bd32,0,60,93,33
82060,ext_5f5ed79d,0,60,93,33
82060,ext_615dc396,0,60,93,33
82060,ext_61d93734,0,60,93,33
82060,ext_625c04a5,0,60,93,33
82060,ext_6293175f,0,60,93,33
82060,ext_62b9c875,0,60,93,33
82060,ext_63467ca9,0,60,93,33
82060,ext_63d5cd5c,0,60,93,33
82060,ext_64a238f7,0,60,93,33
82060,ext_6903b10a,0,60,93,33
82060,ext_695c7967,0,60,93,33
82060,ext_6a891485,0,60,93,33
82060,ext_6b1cf7ff,0,60,70,11
82060,ext_6c213796,0,60,93,33
82060,ext_6c272530,0,60,93,33
82060,ext_6c8bf96b,0,60,93,33
82060,ext_6cddb49f,0,60,93,33
82060,ext_6e03aa45,0,60,93,33
82060,ext_6ee391fd,0,60,93,33
82060,ext_6fcbdf5d,0,60,93,33
82060,ext_73f2329b,0,60,93,33
82060,ext_74ed7b34,0,60,93,33
82060,ext_751566c1,0,60,93,33
82060,ext_753dc489,0,60,93,33
82060,ext_758390a0,0,60,93,33
82060,ext_75a4e933,0,60,93,33
82060,ext_7615c302,0,60,93,33
82060,ext_76ec1cac,0,60,93,33
82060,ext_777ffe81,0,60,93,33
82060,ext_78039aba,0,60,93,33
82060,ext_7ab2cf23,0,60,93,33
82060,ext_7aff22fc,0,60,93,33
82060,ext_7be06877,0,60,93,33
82060,ext_7c557965,0,60,93,33
82060,ext_8027e5c4,0,60,70,11
82060,ext_8039253c,0,60,93,33
82060,ext_81236ada,0,60,93,33
82060,ext_828e41a0,0,60,93,33
82060,ext_82bbb430,0,60,93,33
82060,ext_86388003,0,60,93,33
82060,ext_86b09852,0,71,93,22
82060,ext_87226fb7,0,60,93,33
82060,ext_87678f39,0,60,93,33
82060,ext_887a737e,0,60,93,33
82060,ext_893db645,0,60,93,33
82060,ext_897718bf,0,60,93,33
82060,ext_89797893,0,60,93,33
82060,ext_89eb8599,0,60,93,33
82060,ext_8a26dda2,0,60,93,33
82060,ext_8a9b5aac,0,60,93,33
82060,ext_8cb65086,0,60,93,33
82060,ext_8cf8e7e9,0,60,93,33
82060,ext_8e099cf3,0,60,93,33
82060,ext_8ea370b8,0,60,93,33
82060,ext_8f02cba7,0,60,93,33
82060,ext_8fd2aef1,0,60,93,33
82060,ext_904adbe6,0,60,93,33
82060,ext_91725672,0,60,93,33
82060,ext_921dc5c7,0,60,93,33
82060,ext_948662a0,0,60,93,33
82060,ext_949c4f21,0,60,93,33
82060,ext_969aeb0c,0,60,93,33
82060,ext_978aecec,0,60,93,33
82060,ext_97c52ddc,0,60,93,33
82060,ext_97d6f35f,0,60,93,33
82060,ext_9a2730b2,0,60,93,33
82060,ext_9a3fe4b0,0,60,93,33
82060,ext_9ac04bf2,0,60,93,33
82060,ext_9ac1e3da,0,60,93,33
82060,ext_9bb17887,0,60,93,33
82060,ext_9beb8184,0,60,93,33
82060,ext_9cc6f048,0,89,93,5
82060,ext_9d2d94ad,0,60,93,33
82060,ext_9e4af04e,0,60,93,33
82060,ext_a0200920,0,60,93,33
82060,ext_a1f9a213,0,60,93,33
82060,ext_a280ce57,0,60,93,33
82060,ext_a2e77e5b,0,60,93,33
82060,ext_a4462b31,0,60,93,33
82060,ext_a4605aaa,0,60,93,33
82060,ext_a743305e,0,81,93,13
82060,ext_a7d3d02e,0,60,93,33
82060,ext_a96baf37,0,60,93,33
82060,ext_aa6671d6,0,60,93,33
82060,ext_aac2d69b,0,60,70,11
82060,ext_ab3f349a,0,60,93,33
82060,ext_abd84697,0,60,93,33
82060,ext_abff857f,0,60,93,33
82060,ext_adc10070,0,60,93,33
82060,ext_af95215d,0,60,93,33
82060,ext_affd59db,0,60,93,33
82060,ext_b03f5afc,0,60,93,33
82060,ext_b14d0bb4,0,60,93,33
82060,ext_b153e8eb,0,60,93,33
82060,ext_b1d70d70,0,60,93,33
82060,ext_b1f011ea,0,60,93,33
82060,ext_b30ef1ed,0,60,93,33
82060,ext_b3e4e085,0,60,93,33
82060,ext_b3edd60d,0,60,93,33
82060,ext_b6709150,0,60,93,33
82060,ext_b6ab9227,0,60,93,33
82060,ext_b6d7ad18,0,60,93,33
82060,ext_b82cd1c9,0,60,93,33
82060,ext_b8f39dfb,0,60,93,33
82060,ext_b95ff14b,0,60,93,33
82060,ext_b9b8673e,0,60,93,33
82060,ext_c0494762,0,60,93,33
82060,ext_c069ed65,0,60,93,33
82060,ext_c19d30d4,0,60,93,33
82060,ext_c1ab84e8,0,60,93,33
82060,ext_c35e466e,0,60,93,33
82060,ext_c3b69447,0,60,93,33
82060,ext_c4ea5251,0,60,93,33
82060,ext_c5ac2c0a,0,60,93,33
82060,ext_c6729cb5,0,60,93,33
82060,ext_c85a3cb6,0,60,93,33
82060,ext_c87c3d97,0,60,93,33
82060,ext_c89eadf7,0,60,93,33
82060,ext_ca1b0c15,0,60,93,33
82060,ext_ca545230,0,60,93,33
82060,ext_ca9c2c24,0,60,93,33
82060,ext_cc52192e,0,60,93,33
82060,ext_cc5f257a,0,60,93,33
82060,ext_cdb395d8,0,60,93,33
82060,ext_cdec2faf,0,60,93,33
82060,ext_cf1fb0e6,0,60,70,11
82060,ext_cf35a835,0,60,93,33
82060,ext_cf4a3635,0,60,93,33
82060,ext_d08e85f1,0,60,93,33
82060,ext_d12e7878,0,60,93,33
82060,ext_d168e112,0,60,93,33
82060,ext_d17fa1b3,0,60,93,33
82060,ext_d2a376ec,0,60,93,33
82060,ext_d36dddc1,0,60,93,33
82060,ext_d47a61dc,0,60,93,33
82060,ext_d4e29472,0,60,93,33
82060,ext_d661f136,0,60,93,33
82060,ext_d6c1795b,0,60,93,33
82060,ext_d70a997b,0,60,93,33
82060,ext_d7e8f055,0,60,93,33
82060,ext_d87c4bd3,0,60,93,33
82060,ext_d97d9a67,0,60,93,33
82060,ext_d9e194e3,0,60,93,33
82060,ext_da6309ad,0,60,93,33
82060,ext_dab393e8,0,60,93,33
82060,ext_db352ee7,0,60,93,33
82060,ext_dd1077b6,0,60,93,33
82060,ext_de575a8d,0,60,93,33
82060,ext_df8f7eaa,0,60,93,33
82060,ext_e0451e43,0,60,93,33
82060,ext_e150fbf5,0,60,93,33
82060,ext_e1af530d,0,60,93,33
82060,ext_e3e71553,0,87,93,7
82060,ext_e456f17c,0,60,93,33
82060,ext_e50c6ef3,0,60,93,33
82060,ext_e6ea493f,0,60,93,33
82060,ext_e76c3bfa,0,60,93,33
82060,ext_e79a9511,0,60,93,33
82060,ext_e79ec350,0,60,93,33
82060,ext_e7ccb289,0,60,93,33
82060,ext_e7d27513,0,60,93,33
82060,ext_e7d5cbdb,0,60,93,33
82060,ext_ea5d51a4,0,60,93,33
82060,ext_eaafe756,0,60,93,33
82060,ext_ee8ae150,0,60,93,33
82060,ext_ef7efc2f,0,60,93,33
82060,ext_efa11b87,0,60,93,33
82060,ext_f08dbf27,0,60,93,33
82060,ext_f09946b7,0,60,93,33
82060,ext_f1c45b6b,0,60,93,33
82060,ext_f1c8347b,0,60,93,33
82060,ext_f298f7d9,0,60,93,33
82060,ext_f4877a46,0,60,93,33
82060,ext_f563a3a6,0,60,93,33
82060,ext_f747afa6,0,60,93,33
82060,ext_f78da20f,0,60,93,33
82060,ext_f87a2681,0,60,93,33
82060,ext_f9539535,0,60,93,33
82060,ext_fa539fa4,0,60,93,33
82060,ext_fb286899,0,60,93,33
82282,40997,1,60,132,54
82282,46654,1,60,132,54
82282,48429,1,60,132,54
82282,62555,1,60,132,54
82282,86352,1,60,132,54
82282,88133,1,60,132,54
82282,ext_0417b063,0,116,132,12
82282,ext_061055bb,0,60,132,54
82282,ext_0b83c32d,0,60,132,54
82282,ext_0bb98b8f,0,60,132,54
82282,ext_0c4f111d,0,60,132,54
82282,ext_0f747143,0,60,132,54
82282,ext_0f85d24e,0,60,132,54
82282,ext_1089eaed,0,116,132,12
82282,ext_115fd2e3,0,60,132,54
82282,ext_12048eb1,0,60,132,54
82282,ext_124d7d20,0,60,132,54
82282,ext_13f3cf89,0,60,132,54
82282,ext_172e540b,0,60,132,54
82282,ext_1c2d5bd2,0,60,132,54
82282,ext_1dd6db49,0,60,132,54
82282,ext_205bb8bf,0,116,132,12
82282,ext_207eb248,0,60,132,54
82282,ext_214de275,0,129,132,4
82282,ext_2467d742,0,60,132,54
82282,ext_262a2b65,0,60,132,54
82282,ext_29b2b31c,0,115,132,13
82282,ext_2b58b5dc,0,115,132,13
82282,ext_2cf1982f,0,60,132,54
82282,ext_2dfb581d,0,60,132,54
82282,ext_2dff5ef7,0,60,132,54
82282,ext_30461d34,0,60,132,54
82282,ext_31314030,0,60,132,54
82282,ext_3442a4f9,0,82,132,35
82282,ext_39dabdfc,0,60,132,54
82282,ext_3b75880c,0,129,132,4
82282,ext_3bb07acd,0,88,132,30
82282,ext_3c6bdcc2,0,60,132,54
82282,ext_3e335a3a,0,86,132,32
82282,ext_3ef059e2,0,90,132,30
82282,ext_45726ed7,0,60,132,54
82282,ext_45c37b30,0,60,132,54
82282,ext_4746b615,0,89,132,29
82282,ext_47e87d30,0,60,132,54
82282,ext_49b39286,0,60,132,54
82282,ext_4bec11f3,0,60,132,54
82282,ext_4d024777,0,105,132,13
82282,ext_4db9895d,0,125,132,6
82282,ext_4eeca3a3,0,60,132,54
82282,ext_4f89e823,0,60,132,54
82282,ext_53f51a4d,0,89,132,29
82282,ext_545b00c4,0,115,132,13
82282,ext_5526568d,0,60,132,54
82282,ext_55ae19f4,0,60,132,54
82282,ext_5709b4d9,0,37,58,17
82282,ext_58e4d801,0,68,132,48
82282,ext_592fbadd,0,60,132,54
82282,ext_5c63b8de,0,88,132,30
82282,ext_5e2b9f38,0,60,132,54
82282,ext_60e1d942,0,60,132,54
82282,ext_62668e07,0,60,132,54
82282,ext_627d67c6,0,60,132,54
82282,ext_6bf0d8f6,0,60,132,54
82282,ext_6f8828c9,0,116,132,12
82282,ext_70584e91,0,60,132,54
82282,ext_71559fbb,0,60,132,54
82282,ext_7189e834,0,60,132,54
82282,ext_719ec702,0,60,132,54
82282,ext_73a5e919,0,37,58,16
82282,ext_73d62f72,0,122,126,3
82282,ext_73e7b934,0,88,132,30
82282,ext_78489004,0,60,132,54
82282,ext_78cd4dd1,0,79,132,38
82282,ext_79081800,0,60,132,54
82282,ext_79ba0c13,0,76,132,41
82282,ext_7a17fc7d,0,60,132,54
82282,ext_7e306aed,0,89,132,29
82282,ext_7eb60852,0,60,132,54
82282,ext_7f7e4ac0,0,60,132,54
82282,ext_7ffcff41,0,60,132,54
82282,ext_802bf4d0,0,60,132,54
82282,ext_839789b6,0,60,132,54
82282,ext_839c5fc9,0,88,132,30
82282,ext_84c95bae,0,60,132,54
82282,ext_898940c0,0,60,132,54
82282,ext_8d673a2d,0,60,132,54
82282,ext_93af8b89,0,60,132,54
82282,ext_968bbb6c,0,60,132,54
82282,ext_98805ad5,0,114,132,14
82282,ext_9bb515a5,0,129,132,4
82282,ext_9bf28089,0,60,132,54
82282,ext_9c760e5c,0,90,132,28
82282,ext_9dfd622a,0,60,132,54
82282,ext_a1b1f914,0,60,132,54
82282,ext_a425e664,0,60,132,54
82282,ext_a5856490,0,60,132,54
82282,ext_a6fc98e3,0,60,132,54
82282,ext_a7c4544f,0,60,132,54
82282,ext_a915037b,0,60,132,54
82282,ext_ab79ada7,0,87,132,33
82282,ext_ac203058,0,60,132,54
82282,ext_ad1c8d38,0,94,132,24
82282,ext_aeea4d3c,0,78,132,39
82282,ext_b27d4696,0,60,132,54
82282,ext_b4e933c4,0,60,132,54
82282,ext_b53d4076,0,60,132,54
82282,ext_b70c7882,0,88,132,30
82282,ext_b77182c2,0,60,132,54
82282,ext_b8f39dfb,0,129,132,4
82282,ext_bbe323d8,0,60,132,54
82282,ext_c26d72a4,0,122,132,7
82282,ext_c5b48b6b,0,60,132,54
82282,ext_c7401a3d,0,60,132,54
82282,ext_c7e1ad04,0,60,132,54
82282,ext_cb0cdfe7,0,60,132,54
82282,ext_cbdc3a09,0,60,132,54
82282,ext_ccb27174,0,60,132,54
82282,ext_cce4e31d,0,89,132,29
82282,ext_cd800727,0,60,132,54
82282,ext_cec95742,0,60,132,54
82282,ext_d39df99d,0,60,132,54
82282,ext_d3b54625,0,60,132,54
82282,ext_d3f66dab,0,77,132,40
82282,ext_d5484cae,0,60,132,54
82282,ext_d69a26d5,0,60,132,54
82282,ext_e1bc9d59,0,82,132,35
82282,ext_e2859b2c,0,60,132,54
82282,ext_e2d2c966,0,60,132,54
82282,ext_e44cc3b4,0,60,132,54
82282,ext_e5f727f4,0,60,132,54
82282,ext_e60640d1,0,60,132,54
82282,ext_e654c043,0,60,132,54
82282,ext_e9b34102,0,60,132,54
82282,ext_e9d0fd9b,0,60,132,54
82282,ext_eed265ed,0,122,132,7
82282,ext_f5702d3a,0,60,132,54
82282,ext_f57d97fa,0,60,132,54
82282,ext_f78bdcf1,0,60,132,54
82282,ext_f99c40af,0,60,132,54
82282,ext_f9b89d5f,0,60,132,54
82282,ext_fa397a37,0,60,132,54
82282,ext_fa6288be,0,60,132,54
82282,ext_fabbea5b,0,60,132,54
82282,ext_fb6d7408,0,60,132,54
82282,ext_fe47811d,0,60,132,54
82282,ext_fea17713,0,60,132,54
82282,ext_ff6eaf3d,0,60,132,54
83184,ext_027da043,0,56,56,1
83184,ext_86923dc2,0,37,53,6
83568,25947,1,133,136,4
83568,48187,1,70,136,51
83568,51597,1,70,136,53
83568,78638,1,70,136,51
83568,83568,1,69,136,54
83568,ext_0277806c,0,96,136,37
83568,ext_03ad12ba,0,121,136,16
83568,ext_043368d8,0,126,136,11
83568,ext_05e63951,0,70,136,51
83568,ext_06a80717,0,70,136,52
83568,ext_08e933a9,0,113,136,24
83568,ext_09588a5f,0,128,136,9
83568,ext_140ac12e,0,107,136,27
83568,ext_17880c6f,0,96,136,37
83568,ext_181e0469,0,69,136,54
83568,ext_18220fd5,0,113,136,24
83568,ext_18727ae5,0,96,136,37
83568,ext_18be7b81,0,69,136,52
83568,ext_1a9cd6d8,0,70,136,51
83568,ext_1b2b304c,0,116,136,21
83568,ext_1b949e3b,0,131,136,6
83568,ext_1c8c6a1b,0,128,136,9
83568,ext_1cdd9049,0,70,136,51
83568,ext_1e8b749e,0,107,136,27
83568,ext_1f073204,0,107,136,27
83568,ext_1f6ebbd8,0,70,136,51
83568,ext_1fea7b4f,0,70,136,51
83568,ext_207d4228,0,69,136,52
83568,ext_20cffa48,0,126,136,11
83568,ext_2292c0ac,0,114,136,23
83568,ext_229b399f,0,69,136,52
83568,ext_23a15618,0,70,136,51
83568,ext_24ca8eae,0,136,136,1
83568,ext_24e715fa,0,69,136,54
83568,ext_24e8ce5c,0,96,136,37
83568,ext_27dbaeb0,0,76,136,47
83568,ext_28f4bcb3,0,96,136,37
83568,ext_2aff0d51,0,107,136,27
83568,ext_2dab0c46,0,70,136,51
83568,ext_2e3ac8c0,0,70,136,51
83568,ext_2ffb3da4,0,70,136,51
83568,ext_3137cab2,0,96,136,37
83568,ext_36127eff,0,70,136,51
83568,ext_37e58ab1,0,96,136,37
83568,ext_3827ed1a,0,70,136,51
83568,ext_3e041523,0,70,136,51
83568,ext_3efce61f,0,70,136,51
83568,ext_456084c4,0,96,136,37
83568,ext_46a0b9b9,0,70,136,51
83568,ext_4829d99e,0,122,136,15
83568,ext_486764cb,0,70,136,51
83568,ext_49512114,0,99,136,34
83568,ext_4dd29e0c,0,70,136,51
83568,ext_4e21eaa9,0,70,136,51
83568,ext_5015f59a,0,136,136,1
83568,ext_53cab3e2,0,113,136,24
83568,ext_562b250d,0,70,136,51
83568,ext_5705520c,0,70,136,51
83568,ext_58551857,0,131,136,6
83568,ext_5bb7a365,0,70,136,51
83568,ext_60182903,0,70,136,51
83568,ext_610312bd,0,96,136,37
83568,ext_6339ab7d,0,69,136,52
83568,ext_6559fe81,0,69,136,52
83568,ext_69647897,0,136,136,1
83568,ext_6bc4710f,0,70,136,51
83568,ext_6fe3f512,0,136,136,1
83568,ext_703f7f0a,0,70,136,51
83568,ext_70bafcc7,0,109,136,25
83568,ext_70c64644,0,70,136,51
83568,ext_70de29c1,0,70,136,51
83568,ext_715370da,0,69,136,52
83568,ext_73303aa3,0,115,136,22
83568,ext_747c0616,0,70,136,51
83568,ext_7483ce3f,0,70,136,51
83568,ext_761f03be,0,135,136,2
83568,ext_786c08ca,0,69,136,52
83568,ext_796be693,0,70,136,51
83568,ext_7a0aca15,0,99,136,34
83568,ext_7a0db733,0,70,136,51
83568,ext_7a2ad2e5,0,70,136,51
83568,ext_7af57d8e,0,70,136,51
83568,ext_7ca4e1ac,0,96,136,37
83568,ext_7f10985b,0,70,136,51
83568,ext_7f8a7794,0,96,136,37
83568,ext_81c7e1a2,0,70,136,51
83568,ext_83f37a15,0,123,136,14
83568,ext_843cb9c0,0,96,136,37
83568,ext_8ee94345,0,70,136,51
83568,ext_930ddcd4,0,114,136,23
83568,ext_933c5de9,0,70,136,51
83568,ext_94333b7b,0,136,136,1
83568,ext_95889def,0,96,136,37
83568,ext_95c09f4a,0,70,136,51
83568,ext_96cf4a0c,0,118,136,19
83568,ext_97165b22,0,113,136,24
83568,ext_9aee3d42,0,70,136,53
83568,ext_9d750120,0,69,136,52
83568,ext_9e58786c,0,131,136,6
83568,ext_9eba21e6,0,115,136,22
83568,ext_a3848a0d,0,127,136,10
83568,ext_a39175ba,0,97,136,36
83568,ext_a4524a3b,0,70,136,51
83568,ext_a58eaab8,0,129,136,8
83568,ext_a7928edf,0,96,136,37
83568,ext_a7ab0292,0,69,136,52
83568,ext_a9cfe361,0,70,136,51
83568,ext_aaff3ae1,0,70,136,51
83568,ext_ab3d2e95,0,135,136,2
83568,ext_ad1eddeb,0,70,136,53
83568,ext_add36588,0,109,136,25
83568,ext_ae282e33,0,113,136,24
83568,ext_aeee159f,0,127,136,10
83568,ext_b2bfe618,0,96,136,37
83568,ext_b33d2047,0,96,136,37
83568,ext_b480e104,0,115,136,22
83568,ext_b547d501,0,96,136,37
83568,ext_b56938a8,0,70,136,51
83568,ext_b59f7d21,0,95,136,38
83568,ext_b68728cf,0,135,136,2
83568,ext_b8dd87fb,0,131,136,6
83568,ext_baa53167,0,96,136,37
83568,ext_bc43014f,0,78,136,45
83568,ext_bc66f261,0,70,136,51
83568,ext_bd27f2fa,0,96,136,37
83568,ext_bd6c1b78,0,115,136,22
83568,ext_c0109800,0,70,136,51
83568,ext_c15a5047,0,97,136,36
83568,ext_c3cfe8f5,0,70,136,51
83568,ext_c60155dc,0,70,136,51
83568,ext_c6aca8c2,0,126,136,11
83568,ext_ca1b73b1,0,69,136,54
83568,ext_ca6f567c,0,69,136,52
83568,ext_ca798c5b,0,129,136,8
83568,ext_ca905683,0,70,136,51
83568,ext_cc878350,0,113,136,24
83568,ext_cd427a8a,0,70,136,51
83568,ext_cdd6c75e,0,96,136,37
83568,ext_ceab2281,0,96,136,37
83568,ext_cfefc03e,0,69,136,52
83568,ext_d002ed93,0,70,136,51
83568,ext_d0097896,0,113,136,24
83568,ext_d0aa4efe,0,96,136,37
83568,ext_d104a631,0,96,136,37
83568,ext_d1adbd27,0,69,136,52
83568,ext_d2e08288,0,113,136,24
83568,ext_d363a563,0,69,136,52
83568,ext_d388b6b1,0,69,136,52
83568,ext_d391898a,0,107,136,27
83568,ext_d4370f48,0,70,136,51
83568,ext_d6563d1c,0,70,136,51
83568,ext_dacce794,0,127,136,10
83568,ext_db668c41,0,70,136,51
83568,ext_dd9d3866,0,115,136,22
83568,ext_dd9d6229,0,70,136,51
83568,ext_ddbf4864,0,107,136,27
83568,ext_ddfef5ef,0,113,136,24
83568,ext_deebb650,0,107,136,27
83568,ext_e0195f30,0,70,136,51
83568,ext_e1ba959f,0,70,136,51
83568,ext_e1e4cb8f,0,96,136,37
83568,ext_e236b3c8,0,70,136,51
83568,ext_e413cedf,0,70,136,51
83568,ext_e6520279,0,114,136,23
83568,ext_e69d35cb,0,99,136,34
83568,ext_e6ea0201,0,70,136,51
83568,ext_e7522455,0,96,136,37
83568,ext_e843d037,0,96,136,37
83568,ext_eb5355c4,0,96,136,37
83568,ext_eb9da574,0,121,136,16
83568,ext_ee813d15,0,70,136,51
83568,ext_ee821681,0,70,136,51
83568,ext_ee9d3f8a,0,96,136,37
83568,ext_f127dfda,0,70,136,51
83568,ext_f2c2b262,0,120,136,17
83568,ext_f999766a,0,69,136,52
83568,ext_fa551aa9,0,70,136,51
83568,ext_fb41fe78,0,103,136,30
83568,ext_fc5c873a,0,119,136,18
83568,ext_fc75c3a6,0,107,136,27
83568,ext_fe38d198,0,96,136,37
83568,ext_fe79a4fb,0,70,136,51
83568,ext_ff9b3b2c,0,70,136,51
84215,63063,1,59,86,24
84215,77291,1,59,86,24
84215,84215,1,59,86,24
84215,86610,1,59,86,24
84215,ext_00e08875,0,59,86,24
84215,ext_088404cd,0,59,86,24
84215,ext_08efa6b2,0,59,86,24
84215,ext_0d8ee66f,0,86,86,1
84215,ext_0eb935dd,0,59,86,24
84215,ext_0f3f7edf,0,71,83,10
84215,ext_11c2e96b,0,59,86,24
84215,ext_1478da7d,0,59,86,24
84215,ext_155dd1d3,0,59,86,24
84215,ext_16fd3714,0,59,86,24
84215,ext_18671744,0,59,86,24
84215,ext_1c6b28af,0,82,86,4
84215,ext_26b3c424,0,59,86,24
84215,ext_26f2132f,0,59,86,24
84215,ext_29000d47,0,59,86,24
84215,ext_2fc3c409,0,59,86,24
84215,ext_31a8bcf0,0,59,86,24
84215,ext_3833e761,0,59,86,24
84215,ext_38b89eaf,0,59,83,22
84215,ext_391e2060,0,59,86,24
84215,ext_3a90cea9,0,71,83,10
84215,ext_3bc38b46,0,59,86,24
84215,ext_3dfef290,0,59,86,24
84215,ext_3e411f97,0,75,86,8
84215,ext_45c37b30,0,59,86,24
84215,ext_483e0c7c,0,59,86,24
84215,ext_4c4bcd0d,0,59,86,24
84215,ext_4e8cd74b,0,59,86,24
84215,ext_51b1b05f,0,59,86,24
84215,ext_55cb95f9,0,59,86,24
84215,ext_57695001,0,59,86,24
84215,ext_5ad976d3,0,66,86,17
84215,ext_5be1b811,0,76,86,7
84215,ext_5bf37b63,0,59,83,22
84215,ext_5d2c9b52,0,59,86,24
84215,ext_5e0b844c,0,59,86,24
84215,ext_5e9e778f,0,59,86,24
84215,ext_6a564c0a,0,59,86,24
84215,ext_6c8bf96b,0,59,83,22
84215,ext_6e557378,0,63,86,20
84215,ext_73a6a0a1,0,59,86,24
84215,ext_752737eb,0,71,83,10
84215,ext_75c34184,0,75,86,8
84215,ext_7b419f5b,0,59,86,24
84215,ext_7d783db1,0,59,86,24
84215,ext_7dec0a13,0,76,86,7
84215,ext_7f4a9ac5,0,61,86,22
84215,ext_882aec5e,0,60,86,23
84215,ext_8850b697,0,59,86,24
84215,ext_88739169,0,71,83,10
84215,ext_8a762d94,0,59,86,24
84215,ext_8affa4cf,0,59,86,24
84215,ext_8beacfdc,0,59,86,24
84215,ext_90a690fc,0,59,86,24
84215,ext_a1c936a0,0,59,86,24
84215,ext_a91d8671,0,59,86,24
84215,ext_aad23f77,0,59,86,24
84215,ext_ac87c7eb,0,59,86,24
84215,ext_b2d41c9f,0,59,86,24
84215,ext_b4b14866,0,59,86,24
84215,ext_be9d7fc3,0,59,86,24
84215,ext_bf511d90,0,59,86,24
84215,ext_c2c67fd2,0,59,86,24
84215,ext_c4ea5251,0,59,86,24
84215,ext_ca905683,0,59,86,24
84215,ext_caae2599,0,82,86,4
84215,ext_cb19a7c0,0,66,86,17
84215,ext_cf919369,0,59,86,24
84215,ext_d545206b,0,59,86,24
84215,ext_e08539ff,0,59,86,24
84215,ext_e149abcc,0,59,86,24
84215,ext_e3e71553,0,85,86,2
84215,ext_e6899ff9,0,80,86,5
84215,ext_e9cc4cf6,0,59,86,24
84215,ext_eb4249cb,0,59,86,24
84215,ext_ed6922e4,0,59,83,22
84215,ext_ff437b42,0,59,86,24
84472,18394,1,59,72,14
84472,48429,1,59,72,14
84472,51470,1,59,72,14
84472,71187,1,59,70,12
84472,ext_00040c9d,0,59,72,14
84472,ext_015aee3a,0,59,72,14
84472,ext_01d0b938,0,59,72,14
84472,ext_01e06ddf,0,59,72,14
84472,ext_039d9a56,0,59,72,14
84472,ext_03b04e75,0,59,72,14
84472,ext_041bb4a9,0,59,72,14
84472,ext_057818e0,0,59,72,14
84472,ext_05bd9e29,0,59,72,14
84472,ext_05f96001,0,59,72,14
84472,ext_074bcd78,0,60,72,13
84472,ext_088404cd,0,59,72,14
84472,ext_08d2ddad,0,59,72,14
84472,ext_0a989fed,0,59,72,14
84472,ext_0aae5f4a,0,59,72,14
84472,ext_0b104308,0,59,72,14
84472,ext_0b242bc9,0,59,72,14
84472,ext_0b6a452d,0,59,72,14
84472,ext_0db9c292,0,59,72,14
84472,ext_0defb1aa,0,59,72,14
84472,ext_106f61de,0,59,72,14
84472,ext_116341e2,0,59,72,14
84472,ext_12413aea,0,59,72,14
84472,ext_12942378,0,59,72,14
84472,ext_12a7a336,0,59,72,14
84472,ext_153377b9,0,59,72,14
84472,ext_1576332b,0,59,72,14
84472,ext_157a534b,0,59,72,14
84472,ext_15e0282b,0,59,72,14
84472,ext_161d7aef,0,59,72,14
84472,ext_1bbb92ee,0,59,72,14
84472,ext_1ddef411,0,59,72,14
84472,ext_1fb133cb,0,59,72,14
84472,ext_237ca15b,0,59,72,14
84472,ext_245a9346,0,59,72,14
84472,ext_25b2f9b6,0,59,72,14
84472,ext_2929621a,0,59,72,14
84472,ext_296742c0,0,59,72,14
84472,ext_29962e7a,0,59,72,14
84472,ext_2a78d18c,0,59,72,14
84472,ext_2b62472e,0,59,72,14
84472,ext_2b8fd658,0,59,72,14
84472,ext_2bb885f5,0,59,72,14
84472,ext_2c463702,0,59,72,14
84472,ext_301e4490,0,59,72,14
84472,ext_325973f7,0,59,72,14
84472,ext_34f58eab,0,59,72,14
84472,ext_364d3046,0,59,72,14
84472,ext_367c0508,0,59,72,14
84472,ext_368f5da7,0,59,72,14
84472,ext_36bc7243,0,59,72,14
84472,ext_36ebe4ff,0,59,72,14
84472,ext_3a39030a,0,59,72,14
84472,ext_3a5f8a4b,0,59,72,14
84472,ext_3b8c858f,0,59,72,14
84472,ext_3eae626c,0,59,72,14
84472,ext_3fb0438d,0,59,72,14
84472,ext_3ff53bb6,0,59,72,14
84472,ext_409834fc,0,59,72,14
84472,ext_41713ba2,0,59,72,14
84472,ext_41a65fdd,0,59,72,14
84472,ext_41bfb65f,0,59,72,14
84472,ext_42218fd9,0,59,72,14
84472,ext_43f82be7,0,59,72,14
84472,ext_459213a4,0,59,72,14
84472,ext_4892e630,0,59,72,14
84472,ext_48948f8f,0,59,72,14
84472,ext_48be7442,0,59,72,14
84472,ext_4939baed,0,59,72,14
84472,ext_4dbd4005,0,59,72,14
84472,ext_505d5fa1,0,59,72,14
84472,ext_52b5aa0c,0,59,72,14
84472,ext_540d03c1,0,59,72,14
84472,ext_5526568d,0,59,72,14
84472,ext_55f76807,0,59,72,14
84472,ext_582dc900,0,59,72,14
84472,ext_58f10951,0,59,72,14
84472,ext_591f3ebc,0,59,72,14
84472,ext_59c0fbc4,0,68,72,5
84472,ext_5a261b1c,0,59,72,14
84472,ext_5a7f2126,0,59,72,14
84472,ext_5be1b811,0,59,72,14
84472,ext_5c8b64bd,0,59,72,14
84472,ext_5f919c81,0,59,72,14
84472,ext_602f2d56,0,59,72,14
84472,ext_60729aff,0,59,72,14
84472,ext_612adbc2,0,59,72,14
84472,ext_6168f10f,0,59,72,14
84472,ext_61ac78d2,0,59,72,14
84472,ext_634d45d0,0,59,72,14
84472,ext_63781748,0,59,72,14
84472,ext_65f742ef,0,59,72,14
84472,ext_6670abed,0,59,72,14
84472,ext_68e8a325,0,59,72,14
84472,ext_68f349eb,0,59,72,14
84472,ext_6d0ddab4,0,59,72,14
84472,ext_6d2a7d70,0,59,72,14
84472,ext_6f63a556,0,59,72,14
84472,ext_75708245,0,59,72,14
84472,ext_7801a427,0,59,72,14
84472,ext_781e2a2d,0,59,72,14
84472,ext_79d499d8,0,59,72,14
84472,ext_7a69c04b,0,59,72,14
84472,ext_7c8c180c,0,59,72,14
84472,ext_7cd9217a,0,59,72,14
84472,ext_8320302a,0,59,72,14
84472,ext_8392dbe9,0,59,72,14
84472,ext_861aa196,0,59,72,14
84472,ext_86225b07,0,59,72,14
84472,ext_870a4392,0,59,72,14
84472,ext_88e761d1,0,59,72,14
84472,ext_89841603,0,65,72,8
84472,ext_8ae04d8c,0,59,72,14
84472,ext_8c880835,0,59,72,14
84472,ext_8d80c75e,0,59,72,14
84472,ext_94b884a3,0,59,72,14
84472,ext_95dfe22c,0,59,72,14
84472,ext_987b940b,0,59,72,14
84472,ext_991c16c6,0,59,72,14
84472,ext_9b322b5c,0,59,72,14
84472,ext_9b6076fa,0,64,72,9
84472,ext_9b7d881a,0,59,72,14
84472,ext_9bd424c7,0,59,72,14
84472,ext_9be20c1f,0,59,72,14
84472,ext_9c52cb3a,0,59,72,14
84472,ext_9d15667d,0,59,72,14
84472,ext_9d98bf05,0,59,72,14
84472,ext_9d9f2092,0,65,72,8
84472,ext_9fe11b5c,0,59,72,14
84472,ext_a012f88a,0,59,72,14
84472,ext_a09923da,0,59,72,14
84472,ext_a1044fc3,0,59,72,14
84472,ext_a20c1b85,0,59,72,14
84472,ext_a22f098f,0,59,72,14
84472,ext_a4889354,0,59,72,14
84472,ext_a4c5794c,0,59,72,14
84472,ext_a5889cc8,0,59,72,14
84472,ext_a772abf8,0,59,72,14
84472,ext_a85c67a1,0,59,72,14
84472,ext_a87f8098,0,59,72,14
84472,ext_a94329ae,0,59,72,14
84472,ext_a9d49bfd,0,59,72,14
84472,ext_aa7bba2d,0,62,72,11
84472,ext_acb9b229,0,59,72,14
84472,ext_ad09070b,0,59,72,14
84472,ext_add94371,0,59,72,14
84472,ext_ae23c3af,0,59,72,14
84472,ext_b11dd433,0,59,72,14
84472,ext_b19c1f46,0,59,72,14
84472,ext_b2f5522b,0,59,72,14
84472,ext_b56938a8,0,59,72,14
84472,ext_b7dd1855,0,59,72,14
84472,ext_b86801b3,0,59,72,14
84472,ext_b8f39dfb,0,59,72,14
84472,ext_b9f42f1e,0,66,72,7
84472,ext_badf4ab1,0,59,72,14
84472,ext_bb606607,0,59,72,14
84472,ext_bc43de0f,0,59,72,14
84472,ext_bfb728d1,0,59,72,14
84472,ext_c12ba678,0,59,72,14
84472,ext_c1519b83,0,59,72,14
84472,ext_c1e72a7d,0,59,72,14
84472,ext_c47984ba,0,59,72,14
84472,ext_c553b3ef,0,59,72,14
84472,ext_c56d32fd,0,59,72,14
84472,ext_c9bc1c06,0,59,72,14
84472,ext_cc523645,0,59,72,14
84472,ext_cc75b1ad,0,59,72,14
84472,ext_cc856d29,0,59,72,14
84472,ext_cfc945dd,0,59,72,14
84472,ext_d02ae593,0,59,72,14
84472,ext_d033ec14,0,59,72,14
84472,ext_d054a264,0,59,72,14
84472,ext_d1ac95f2,0,59,72,14
84472,ext_d226190d,0,59,72,14
84472,ext_d57ac12d,0,59,72,14
84472,ext_d7dfe771,0,59,72,14
84472,ext_d8021216,0,59,72,14
84472,ext_d82f37d3,0,59,72,14
84472,ext_d8a61e23,0,59,72,14
84472,ext_d9175896,0,59,72,14
84472,ext_d94a679f,0,59,72,14
84472,ext_da5fcf1a,0,59,72,14
84472,ext_dc470a22,0,59,72,14
84472,ext_dd988a00,0,59,72,14
84472,ext_df54adfe,0,59,72,14
84472,ext_e36afa18,0,59,72,14
84472,ext_e4ea8f0b,0,59,72,14
84472,ext_e8e37dd8,0,59,72,14
84472,ext_e9d0fd9b,0,59,72,14
84472,ext_eb387697,0,59,72,14
84472,ext_eb47bc77,0,59,72,14
84472,ext_ed7493a4,0,59,72,14
84472,ext_edb33194,0,59,72,14
84472,ext_f2e043e9,0,59,72,14
84472,ext_f33f5146,0,59,72,14
84472,ext_f3d3c430,0,59,72,14
84472,ext_f954d431,0,59,72,14
84472,ext_f9f04402,0,59,72,14
84472,ext_fc09a0b8,0,71,72,2
84472,ext_fc48e178,0,59,72,14
84472,ext_fde9b4ba,0,59,72,14
84472,ext_feaed0e3,0,59,72,14
84472,ext_fee31633,0,59,72,14
84625,85596,1,63,91,11
84625,ext_12140ed6,0,63,91,11
84625,ext_168daf42,0,63,91,11
84625,ext_1d544db1,0,63,91,11
84625,ext_212e9141,0,63,91,11
84625,ext_23cac54b,0,63,91,11
84625,ext_23d63c2d,0,63,91,11
84625,ext_23f3889f,0,63,91,11
84625,ext_355d6cf6,0,63,91,11
84625,ext_38c21fec,0,63,91,11
84625,ext_45726ed7,0,63,91,11
84625,ext_47888edf,0,63,91,11
84625,ext_74420209,0,63,91,11
84625,ext_75fea38d,0,63,91,11
84625,ext_80b93adf,0,63,91,11
84625,ext_86756cbd,0,63,91,11
84625,ext_8f1ffb3e,0,63,91,11
84625,ext_9c4e260d,0,63,91,11
84625,ext_9f9aaa68,0,63,91,11
84625,ext_acff02a9,0,63,91,11
84625,ext_b14416af,0,63,91,11
84625,ext_b32c53cf,0,63,91,11
84625,ext_ddcae882,0,63,91,11
84625,ext_e9d0fd9b,0,63,91,11
84625,ext_fb9d9800,0,63,91,11
84841,44520,1,111,128,14
84841,66991,1,79,87,6
84841,84841,1,59,128,45
84841,86352,1,59,114,34
84841,ext_007f4c73,0,114,128,12
84841,ext_01075b55,0,59,128,42
84841,ext_04e1f07c,0,110,128,15
84841,ext_05e11c51,0,106,128,17
84841,ext_06c34113,0,106,114,6
84841,ext_06e7e7bb,0,59,128,42
84841,ext_07cb7245,0,106,128,17
84841,ext_08814c13,0,76,128,29
84841,ext_096a8f65,0,59,128,42
84841,ext_0b23e83c,0,59,128,42
84841,ext_0be778c3,0,59,128,42
84841,ext_0d42fcf0,0,87,128,21
84841,ext_0dc06f82,0,59,128,42
84841,ext_0dcf63bf,0,114,128,12
84841,ext_1083f919,0,59,128,42
84841,ext_137cbea4,0,59,128,42
84841,ext_139170bb,0,59,128,42
84841,ext_14f0f38c,0,59,128,42
84841,ext_1823b527,0,106,128,17
84841,ext_18b19403,0,59,128,42
84841,ext_19164a72,0,59,128,42
84841,ext_1a0f71ed,0,59,128,42
84841,ext_1bbb8179,0,89,128,20
84841,ext_1c1bba87,0,59,128,42
84841,ext_1cc49960,0,59,128,42
84841,ext_1f10a6c5,0,59,128,42
84841,ext_1f1b591b,0,59,128,42
84841,ext_1f96158c,0,59,128,42
84841,ext_2507ecb3,0,59,128,42
84841,ext_2567ce7f,0,59,128,42
84841,ext_25751490,0,59,128,42
84841,ext_25be3720,0,59,128,45
84841,ext_265504f3,0,59,128,42
84841,ext_2764e683,0,59,128,42
84841,ext_29b59414,0,59,128,42
84841,ext_29eae032,0,59,128,42
84841,ext_2b843189,0,59,128,42
84841,ext_2bc5d0d8,0,59,128,42
84841,ext_2ddba24c,0,110,128,15
84841,ext_2fca87f4,0,59,128,42
84841,ext_2ffb3da4,0,59,128,45
84841,ext_3004ec26,0,81,128,25
84841,ext_31a340a8,0,60,128,41
84841,ext_323caa57,0,110,128,15
84841,ext_355a1278,0,74,128,31
84841,ext_36021eba,0,59,128,42
84841,ext_3662dac7,0,116,128,11
84841,ext_36c1e59e,0,59,128,42
84841,ext_374b323e,0,116,128,11
84841,ext_390a6fdb,0,106,128,17
84841,ext_39d1af1d,0,59,128,45
84841,ext_39fc222e,0,59,128,42
84841,ext_3a349d2a,0,127,128,2
84841,ext_3aa3e695,0,59,128,42
84841,ext_3aa9ac88,0,81,128,25
84841,ext_3d082ce2,0,59,128,43
84841,ext_3d5ee3dd,0,59,128,45
84841,ext_3e2d4828,0,59,128,42
84841,ext_3e5dff80,0,106,128,17
84841,ext_3f90524f,0,59,128,44
84841,ext_3fe41531,0,59,128,43
84841,ext_43467de1,0,70,128,32
84841,ext_442e1406,0,59,128,42
84841,ext_445f9afc,0,59,128,42
84841,ext_452d1edf,0,59,128,42
84841,ext_46c48ad3,0,128,128,1
84841,ext_482faac8,0,59,128,42
84841,ext_488789e4,0,68,128,33
84841,ext_4a04fa10,0,86,128,22
84841,ext_4cf7c75a,0,59,128,42
84841,ext_4d4cec4b,0,59,128,42
84841,ext_4ee42b3a,0,59,128,42
84841,ext_4ee44dab,0,59,128,45
84841,ext_4f1bc21b,0,59,128,42
84841,ext_4f6a68bb,0,59,128,42
84841,ext_4f9be639,0,59,128,42
84841,ext_50eaa9b1,0,106,114,6
84841,ext_52c53d60,0,110,128,15
84841,ext_56a568aa,0,106,128,17
84841,ext_57219986,0,59,128,42
84841,ext_57dde2ee,0,107,128,16
84841,ext_5868c3e4,0,59,128,42
84841,ext_5be54f15,0,65,128,36
84841,ext_5dcef857,0,59,128,42
84841,ext_5e4d3f76,0,106,128,17
84841,ext_5ee5320e,0,59,128,42
84841,ext_60012e46,0,59,114,31
84841,ext_6146a6e6,0,110,128,15
84841,ext_68040e35,0,59,128,42
84841,ext_6879ff8d,0,106,128,17
84841,ext_68b1f7e8,0,59,128,42
84841,ext_6a6ef97c,0,59,128,42
84841,ext_6b79f34e,0,81,128,25
84841,ext_703f7f0a,0,59,128,42
84841,ext_714945a8,0,59,128,42
84841,ext_7265a415,0,59,128,42
84841,ext_734eeed1,0,59,128,42
84841,ext_73b8a180,0,106,128,17
84841,ext_7406d233,0,59,128,42
84841,ext_75d35e56,0,83,128,24
84841,ext_7d71b849,0,59,128,42
84841,ext_7de5752c,0,110,128,15
84841,ext_7f4a9ac5,0,114,128,12
84841,ext_8043fb5c,0,59,128,42
84841,ext_806f330f,0,106,128,17
84841,ext_8262eea5,0,59,128,42
84841,ext_83a9d3af,0,59,128,42
84841,ext_8433e910,0,106,128,17
84841,ext_86388003,0,106,128,17
84841,ext_86d5235c,0,59,128,42
84841,ext_881c919f,0,59,128,42
84841,ext_89356e6c,0,59,128,42
84841,ext_893694de,0,68,128,33
84841,ext_8a134d09,0,106,128,17
84841,ext_8a8e0800,0,66,128,35
84841,ext_8af48f03,0,59,128,42
84841,ext_8c3e3043,0,106,114,6
84841,ext_8fa9c9ed,0,59,128,42
84841,ext_90de3660,0,59,128,42
84841,ext_91414af5,0,59,128,42
84841,ext_91773622,0,122,128,7
84841,ext_93109de9,0,59,128,42
84841,ext_946d65d4,0,87,128,21
84841,ext_952871d2,0,59,128,42
84841,ext_96653e3b,0,59,128,42
84841,ext_9beb8184,0,59,128,42
84841,ext_9bf28089,0,59,128,42
84841,ext_9ec63c94,0,59,128,42
84841,ext_9fcd76e0,0,110,128,15
84841,ext_a22650ae,0,59,128,42
84841,ext_a4aba081,0,110,117,6
84841,ext_a5023359,0,118,128,9
84841,ext_a5094335,0,114,128,12
84841,ext_a5dd6eba,0,59,128,42
84841,ext_a5e6b4f9,0,59,128,45
84841,ext_a7c27cf2,0,106,128,17
84841,ext_a815fca1,0,114,128,12
84841,ext_a827f320,0,74,128,31
84841,ext_a8a45190,0,127,128,2
84841,ext_a8e0281d,0,59,128,44
84841,ext_a91b642f,0,59,114,31
84841,ext_a94329ae,0,59,128,42
84841,ext_aa41ef3f,0,59,128,42
84841,ext_ab102e80,0,59,128,42
84841,ext_ab71a876,0,89,128,20
84841,ext_ab9216fc,0,59,128,42
84841,ext_ab92e6ce,0,106,128,17
84841,ext_ac41c1c1,0,76,128,29
84841,ext_aceb6e03,0,106,114,6
84841,ext_ad42c9a0,0,59,128,42
84841,ext_adf1bb00,0,59,128,45
84841,ext_aeee159f,0,110,128,15
84841,ext_afbca937,0,59,128,42
84841,ext_afe37db9,0,59,128,45
84841,ext_b02873fd,0,127,128,2
84841,ext_b36fc7ee,0,59,128,42
84841,ext_b378cb8d,0,59,128,45
84841,ext_b3bc1e40,0,77,128,28
84841,ext_b44b250d,0,59,128,42
84841,ext_b457998b,0,59,128,43
84841,ext_b51cfed2,0,59,128,45
84841,ext_b54a114e,0,59,128,42
84841,ext_b58a05d6,0,59,128,42
84841,ext_b68728cf,0,59,128,42
84841,ext_b68eb3f7,0,59,128,42
84841,ext_b6ee4ce3,0,59,128,42
84841,ext_ba2290cf,0,59,128,36
84841,ext_be9d7fc3,0,59,128,42
84841,ext_bf70ffd3,0,59,128,44
84841,ext_c1a8e9d4,0,59,128,42
84841,ext_c3121392,0,59,128,43
84841,ext_c47bd24b,0,118,128,9
84841,ext_c5fb7b0d,0,59,128,42
84841,ext_c7df1511,0,106,114,6
84841,ext_c89100a5,0,81,128,25
84841,ext_c8ec45d9,0,59,128,42
84841,ext_c9a4c6da,0,106,128,17
84841,ext_ca108877,0,59,128,42
84841,ext_ca83edbb,0,106,128,17
84841,ext_cb1c8b3b,0,59,128,45
84841,ext_cceee42b,0,106,128,17
84841,ext_cd0bb284,0,59,128,42
84841,ext_d14420f0,0,59,128,42
84841,ext_d242c4df,0,59,128,42
84841,ext_d5f0f2d3,0,59,114,31
84841,ext_d6a8d8c1,0,59,128,42
84841,ext_d6cc6a2d,0,79,128,26
84841,ext_d970dfa5,0,59,128,42
84841,ext_da91e87b,0,110,128,15
84841,ext_e0809960,0,59,128,42
84841,ext_e0cc1535,0,68,128,33
84841,ext_e0d23111,0,59,128,42
84841,ext_e0e61625,0,120,128,8
84841,ext_e0f9a758,0,106,128,17
84841,ext_e15659ac,0,59,128,42
84841,ext_e2bea395,0,74,128,31
84841,ext_e3b888aa,0,122,128,7
84841,ext_e4495f18,0,59,128,45
84841,ext_e51a12d1,0,110,128,15
84841,ext_e5f532cf,0,59,128,42
84841,ext_e61722a0,0,59,128,42
84841,ext_e61cd9e6,0,59,114,31
84841,ext_e69c7a6b,0,81,128,25
84841,ext_eba64eda,0,59,128,42
84841,ext_ebd6cdba,0,74,128,31
84841,ext_eddb9a98,0,64,128,37
84841,ext_ef439037,0,59,128,42
84841,ext_f5b41b9b,0,59,76,14
84841,ext_f699f755,0,59,128,45
84841,ext_f969d0f2,0,59,128,42
84841,ext_fb36641e,0,59,128,42
84841,ext_fc259710,0,59,70,11
84841,ext_fd9ea7d6,0,59,128,42
84841,ext_fe20407a,0,59,128,42
84841,ext_ff419c93,0,78,128,27
85596,10060,1,106,136,31
85596,13116,1,59,136,73
85596,13799,1,131,136,6
85596,16495,1,59,136,69
85596,18394,1,59,136,73
85596,23144,1,112,136,25
85596,30076,1,59,136,73
85596,37617,1,59,122,59
85596,44956,1,59,136,73
85596,50869,1,77,136,55
85596,51722,1,59,136,73
85596,52923,1,59,136,69
85596,71700,1,59,136,73
85596,78911,1,59,136,73
85596,85596,1,123,136,14
85596,86352,1,59,136,73
85596,ext_00895bca,0,97,136,40
85596,ext_00fbb0bd,0,59,136,73
85596,ext_018bf688,0,59,109,46
85596,ext_01fec30c,0,59,136,69
85596,ext_032fda21,0,59,136,69
85596,ext_038fd0da,0,59,136,73
85596,ext_042e69e8,0,59,136,69
85596,ext_04adacdc,0,59,136,73
85596,ext_068a5552,0,37,136,91
85596,ext_07d6067c,0,59,136,69
85596,ext_08862b80,0,37,58,22
85596,ext_08c92bf0,0,59,136,69
85596,ext_0901a32f,0,59,136,69
85596,ext_090f1a1e,0,59,136,69
85596,ext_0a1cf134,0,59,136,69
85596,ext_0a3bd611,0,59,136,69
85596,ext_0a91039e,0,59,136,69
85596,ext_0c99f85b,0,108,136,29
85596,ext_0d5c9500,0,59,136,69
85596,ext_0d876a03,0,59,136,73
85596,ext_0ded0df0,0,59,136,69
85596,ext_0e11837d,0,59,136,69
85596,ext_0f85d24e,0,109,136,28
85596,ext_0fabce09,0,59,136,69
85596,ext_11776e50,0,120,136,17
85596,ext_1275befb,0,73,105,28
85596,ext_128091b0,0,59,136,69
85596,ext_141e18d4,0,59,136,69
85596,ext_141edcb6,0,112,136,25
85596,ext_14eb5220,0,59,136,73
85596,ext_1513e0f7,0,59,136,73
85596,ext_15d2f04e,0,59,136,69
85596,ext_1686121e,0,59,136,69
85596,ext_1931571a,0,59,136,69
85596,ext_1970a6fe,0,118,136,19
85596,ext_1a0f71ed,0,59,136,69
85596,ext_1a1773ef,0,59,136,69
85596,ext_1aa034e5,0,59,136,69
85596,ext_1c288536,0,59,136,69
85596,ext_1cc59126,0,106,136,31
85596,ext_1d0e514f,0,59,136,69
85596,ext_1d2094d4,0,59,136,73
85596,ext_1e73e405,0,59,136,69
85596,ext_1ea2d707,0,59,136,69
85596,ext_1eb7fb1b,0,102,102,1
85596,ext_1f8f7017,0,86,136,46
85596,ext_1ffec986,0,59,136,69
85596,ext_2103bd63,0,59,136,73
85596,ext_22dd0655,0,59,136,69
85596,ext_23a0f0f6,0,59,136,69
85596,ext_23eccd3e,0,59,105,42
85596,ext_23f3889f,0,59,136,73
85596,ext_241bdb3f,0,59,136,69
85596,ext_24996c7e,0,59,136,69
85596,ext_25b0d617,0,59,136,73
85596,ext_26129854,0,59,136,69
85596,ext_28bdc84d,0,59,136,69
85596,ext_28df23bd,0,59,136,69
85596,ext_298e687c,0,59,136,69
85596,ext_2c0ac2a8,0,123,136,14
85596,ext_2d5a1a8e,0,59,136,69
85596,ext_2d70b1c1,0,59,136,73
85596,ext_2e012156,0,113,136,24
85596,ext_2e23cbea,0,59,136,69
85596,ext_2f0ffc92,0,59,136,73
85596,ext_2fc92766,0,59,136,73
85596,ext_30e73b58,0,59,136,69
85596,ext_31a65564,0,59,136,69
85596,ext_32e78a2d,0,59,136,69
85596,ext_3320b46f,0,59,136,69
85596,ext_33747a22,0,37,136,95
85596,ext_347862a7,0,59,136,69
85596,ext_35368cd0,0,132,136,5
85596,ext_356b2a59,0,59,136,69
85596,ext_35d7a8d7,0,59,136,73
85596,ext_35ddb7b2,0,59,136,73
85596,ext_36615e27,0,123,136,14
85596,ext_36c18f18,0,59,136,69
85596,ext_37024298,0,59,136,69
85596,ext_386b10ad,0,97,136,40
85596,ext_38721422,0,59,136,69
85596,ext_38888e59,0,97,136,40
85596,ext_38c21fec,0,80,136,52
85596,ext_39b7417b,0,59,136,69
85596,ext_3bc38b46,0,59,136,73
85596,ext_3bf7d45e,0,59,136,69
85596,ext_3e6015f5,0,59,136,73
85596,ext_3eb0146f,0,59,136,69
85596,ext_3ff53bb6,0,59,136,73
85596,ext_40441e85,0,59,136,69
85596,ext_4090a3fe,0,59,136,73
85596,ext_416315e5,0,59,136,69
85596,ext_424aed29,0,59,136,73
85596,ext_429248bf,0,59,136,69
85596,ext_438b51ef,0,99,136,38
85596,ext_4435965f,0,59,136,69
85596,ext_445f9afc,0,59,136,73
85596,ext_4526fc87,0,59,136,69
85596,ext_45c37b30,0,59,136,69
85596,ext_49228979,0,108,136,29
85596,ext_4939baed,0,59,136,73
85596,ext_493f06e1,0,59,136,69
85596,ext_495e43bf,0,59,136,69
85596,ext_4a63f1c9,0,77,136,55
85596,ext_4c051a5c,0,120,136,17
85596,ext_4c8e636d,0,59,136,69
85596,ext_4cf44647,0,82,136,50
85596,ext_4cf52225,0,88,136,44
85596,ext_4e26ce7b,0,59,136,73
85596,ext_4ecf226c,0,59,136,69
85596,ext_4f07fe1e,0,59,136,69
85596,ext_4f60c985,0,97,136,40
85596,ext_4f8aa13d,0,59,136,69
85596,ext_503bc2fc,0,123,136,14
85596,ext_50736766,0,59,136,69
85596,ext_50c869bd,0,116,136,21
85596,ext_52676eb3,0,59,136,69
85596,ext_52c84fb2,0,59,136,69
85596,ext_53514356,0,106,136,31
85596,ext_53e98b99,0,59,136,69
85596,ext_55264bc7,0,59,136,69
85596,ext_5546e594,0,37,136,95
85596,ext_566e699e,0,59,136,73
85596,ext_56891ed3,0,59,136,69
85596,ext_57e6975f,0,101,136,36
85596,ext_58f7b229,0,59,136,69
85596,ext_591bfee5,0,59,136,69
85596,ext_593004b7,0,59,136,69
85596,ext_595abefe,0,59,136,69
85596,ext_5a0b406a,0,59,136,69
85596,ext_5b8824c4,0,37,136,91
85596,ext_5c66e267,0,59,136,69
85596,ext_5cb344d5,0,59,136,73
85596,ext_5e0618ba,0,103,136,34
85596,ext_5e3e819f,0,108,136,29
85596,ext_602573e5,0,59,136,69
85596,ext_610aac2e,0,59,136,69
85596,ext_614b479c,0,59,136,69
85596,ext_61df1162,0,59,136,69
85596,ext_6308cd35,0,88,136,44
85596,ext_63293d62,0,59,136,69
85596,ext_63e36dfa,0,59,136,69
85596,ext_645dac41,0,59,136,69
85596,ext_657e384f,0,59,136,69
85596,ext_65fa345c,0,59,136,73
85596,ext_67b445d7,0,59,136,73
85596,ext_6802a03a,0,59,136,69
85596,ext_6872d069,0,81,136,51
85596,ext_68b1978a,0,59,136,69
85596,ext_68b3720f,0,59,136,69
85596,ext_692085db,0,126,136,11
85596,ext_6a792f5c,0,59,136,69
85596,ext_6b4195a7,0,59,136,73
85596,ext_6b7d6be3,0,59,136,69
85596,ext_6c86a1eb,0,109,136,28
85596,ext_6d39d403,0,108,136,29
85596,ext_6d41aaa1,0,114,136,23
85596,ext_6f19ef8e,0,124,136,13
85596,ext_71b82511,0,59,136,69
85596,ext_72023c19,0,59,136,69
85596,ext_72ad3172,0,59,136,69
85596,ext_73d64b92,0,99,136,38
85596,ext_74b81485,0,59,136,69
85596,ext_75f39517,0,97,105,9
85596,ext_76d9b526,0,112,136,25
85596,ext_776247a2,0,59,136,69
85596,ext_777f5826,0,59,136,69
85596,ext_77fcd355,0,59,136,69
85596,ext_78162216,0,59,136,73
85596,ext_78fdc2f2,0,59,136,69
85596,ext_7b3252ce,0,59,136,69
85596,ext_7b4090e1,0,59,136,69
85596,ext_7baf6efd,0,59,136,69
85596,ext_7bfdb659,0,59,136,69
85596,ext_7dd901cb,0,59,136,69
85596,ext_7fb9e4c0,0,59,136,69
85596,ext_802756e7,0,59,136,73
85596,ext_807cc305,0,86,136,46
85596,ext_80a97821,0,59,136,69
85596,ext_80b6a6f2,0,79,136,53
85596,ext_80cbdedd,0,59,136,69
85596,ext_81472ae0,0,102,136,35
85596,ext_81a244e8,0,59,136,69
85596,ext_8266b104,0,59,136,69
85596,ext_829df32a,0,59,136,69
85596,ext_82f528bc,0,59,136,73
85596,ext_833b99fc,0,59,136,73
85596,ext_83499efe,0,81,136,51
85596,ext_837d85ed,0,59,136,69
85596,ext_83ecafc8,0,59,136,69
85596,ext_85259a53,0,59,136,69
85596,ext_8680e5b9,0,59,136,69
85596,ext_86dada83,0,59,136,69
85596,ext_889490fc,0,59,136,73
85596,ext_88e173f5,0,59,136,69
85596,ext_892eb4d6,0,124,136,13
85596,ext_8a844de7,0,59,136,69
85596,ext_8b7a4bc1,0,59,136,73
85596,ext_8d5ffac8,0,108,136,29
85596,ext_8e818103,0,59,136,73
85596,ext_8f511539,0,59,136,69
85596,ext_90c401d3,0,68,136,64
85596,ext_90fc41fb,0,106,136,31
85596,ext_911b7e48,0,87,136,45
85596,ext_92ded219,0,88,136,44
85596,ext_932a8706,0,59,136,69
85596,ext_94da96ab,0,59,136,73
85596,ext_96024693,0,59,136,69
85596,ext_968f8d15,0,59,136,69
85596,ext_9737609b,0,59,136,69
85596,ext_980ac195,0,59,136,69
85596,ext_98191f74,0,103,103,1
85596,ext_981fa0fd,0,59,136,69
85596,ext_9a1250c8,0,59,136,69
85596,ext_9af71ee5,0,59,136,69
85596,ext_9b8d07c7,0,59,136,73
85596,ext_9ee07fe5,0,132,136,5
85596,ext_a05512e6,0,59,136,69
85596,ext_a0839775,0,59,136,69
85596,ext_a0b8ae04,0,80,136,52
85596,ext_a2e2610a,0,59,136,69
85596,ext_a3aef1ea,0,110,122,13
85596,ext_a41221ae,0,59,136,73
85596,ext_a5e6b4f9,0,84,136,48
85596,ext_a5f96d87,0,59,136,69
85596,ext_a76ee898,0,59,136,69
85596,ext_a7e86d1b,0,59,136,69
85596,ext_a88dc9b7,0,59,136,69
85596,ext_a98005c5,0,59,136,69
85596,ext_a9b93a6a,0,59,136,69
85596,ext_aa8240f2,0,59,136,69
85596,ext_ab92e6ce,0,59,136,71
85596,ext_ac65eb8a,0,59,136,69
85596,ext_ae55d352,0,59,136,69
85596,ext_ae5ecf52,0,59,136,69
85596,ext_aea4e6de,0,59,136,69
85596,ext_aea91b37,0,59,136,73
85596,ext_b14416af,0,59,136,73
85596,ext_b43ba3e4,0,59,136,73
85596,ext_b45a50c9,0,59,136,69
85596,ext_b7608442,0,86,136,46
85596,ext_b78d35ee,0,59,136,73
85596,ext_b85045d6,0,59,136,69
85596,ext_b8ccad14,0,59,136,69
85596,ext_baa4d0c1,0,59,136,69
85596,ext_bb0df81a,0,59,136,69
85596,ext_bdf4987c,0,59,136,69
85596,ext_bf6a1f71,0,37,58,22
85596,ext_bf6ef1e9,0,59,136,69
85596,ext_c0538afa,0,123,136,14
85596,ext_c097c573,0,59,136,73
85596,ext_c170a59a,0,108,136,29
85596,ext_c2e53917,0,59,136,73
85596,ext_c3b6ef0c,0,80,136,52
85596,ext_c4b1db5f,0,59,136,69
85596,ext_c5a0cc07,0,123,136,14
85596,ext_c7cc418b,0,105,136,32
85596,ext_c7e185a2,0,80,136,52
85596,ext_c9bc1c06,0,59,136,73
85596,ext_ca905683,0,79,136,53
85596,ext_cb087288,0,81,136,51
85596,ext_cb0cdfe7,0,59,136,73
85596,ext_cb96bb13,0,59,136,69
85596,ext_cc0fc80f,0,59,136,69
85596,ext_cc224927,0,59,136,69
85596,ext_cc491ab1,0,59,136,69
85596,ext_ccd55a94,0,59,136,69
85596,ext_cdefa7a9,0,59,136,69
85596,ext_ce65ef87,0,59,136,69
85596,ext_d1070c74,0,59,136,69
85596,ext_d1b27376,0,59,136,73
85596,ext_d207f189,0,59,136,69
85596,ext_d389608a,0,108,136,29
85596,ext_d4546c3d,0,59,136,69
85596,ext_d5416abc,0,77,136,55
85596,ext_d5bbb271,0,79,136,53
85596,ext_d629c6e8,0,59,136,69
85596,ext_d64e1b14,0,109,136,28
85596,ext_d72ddc78,0,59,136,69
85596,ext_d77c5841,0,136,136,1
85596,ext_d77e084d,0,59,136,69
85596,ext_d7f51722,0,59,136,73
85596,ext_d9b2fab8,0,59,136,69
85596,ext_d9e22f63,0,59,136,73
85596,ext_da2b8d85,0,104,136,33
85596,ext_da3ec4e9,0,59,136,69
85596,ext_dab1d179,0,59,136,73
85596,ext_dafb7cfd,0,59,136,69
85596,ext_db34e902,0,59,136,73
85596,ext_db3f6600,0,62,136,70
85596,ext_db627d49,0,59,136,73
85596,ext_dd559cb7,0,59,136,69
85596,ext_dda3aa3f,0,59,136,69
85596,ext_debebdd3,0,59,136,69
85596,ext_df431e2f,0,59,136,69
85596,ext_e0292ddc,0,59,136,69
85596,ext_e207c57c,0,112,136,25
85596,ext_e2806100,0,59,136,69
85596,ext_e3b6b97a,0,59,136,69
85596,ext_e44d93fd,0,87,136,45
85596,ext_e5f532cf,0,59,136,69
85596,ext_e6279698,0,110,136,27
85596,ext_e62d6536,0,59,136,69
85596,ext_eac2bb99,0,59,136,69
85596,ext_eb810d60,0,59,136,69
85596,ext_ebf7e51b,0,83,136,49
85596,ext_ec663f23,0,100,122,23
85596,ext_ecb5ca37,0,37,136,91
85596,ext_ed52ca68,0,59,136,69
85596,ext_ee295a65,0,59,136,69
85596,ext_ee8663f6,0,59,136,69
85596,ext_f0407dc0,0,59,136,69
85596,ext_f0caafd7,0,59,136,69
85596,ext_f0ccb1d2,0,59,136,73
85596,ext_f1afce71,0,59,136,69
85596,ext_f6fe20dd,0,59,136,69
85596,ext_f72e818a,0,59,136,69
85596,ext_f7c2fed1,0,59,136,69
85596,ext_f829716c,0,59,136,73
85596,ext_f848cc46,0,59,136,69
85596,ext_f969d0f2,0,59,136,69
85596,ext_fa0bba17,0,59,136,69
85596,ext_fac7b461,0,108,136,29
85596,ext_fb668fb9,0,102,136,35
85596,ext_fbc07ca9,0,59,136,69
85596,ext_fbcd012d,0,59,136,69
85596,ext_fc703dae,0,130,136,7
85596,ext_fcfefde3,0,59,136,73
85596,ext_fdd027b9,0,59,136,69
85596,ext_fe8f118d,0,59,136,73
85596,ext_fefd73bd,0,59,136,73
85970,24760,1,126,133,8
85970,25544,1,69,133,20
85970,33094,1,60,133,31
85970,59367,1,60,133,31
85970,85970,1,60,133,31
85970,ext_00c8953f,0,59,133,36
85970,ext_01f21b19,0,60,133,24
85970,ext_0316bdc2,0,60,133,31
85970,ext_052da661,0,60,133,25
85970,ext_05f84105,0,97,133,11
85970,ext_062d891e,0,60,133,31
85970,ext_09018086,0,60,133,25
85970,ext_0a24825f,0,60,133,25
85970,ext_0a9e05e0,0,59,133,36
85970,ext_0dcce723,0,60,133,31
85970,ext_0fa90ec1,0,60,133,27
85970,ext_1177f8a2,0,60,133,34
85970,ext_1338db78,0,60,133,35
85970,ext_16fd3714,0,60,133,22
85970,ext_18249f0b,0,60,133,31
85970,ext_19996af1,0,126,133,8
85970,ext_1b294259,0,60,133,23
85970,ext_1bbb92ee,0,60,133,25
85970,ext_1cad5ba6,0,59,133,36
85970,ext_1d544db1,0,60,133,26
85970,ext_1eedd4a6,0,60,133,24
85970,ext_20e025e7,0,133,133,1
85970,ext_245654fa,0,60,133,24
85970,ext_25cbb45c,0,129,133,5
85970,ext_29c7eabb,0,95,133,12
85970,ext_2de55e63,0,60,133,29
85970,ext_2e9a327e,0,60,133,31
85970,ext_30cebb3a,0,133,133,1
85970,ext_34603767,0,59,133,37
85970,ext_3527f66e,0,60,133,24
85970,ext_3991e929,0,60,133,30
85970,ext_3b3c8ba3,0,65,133,21
85970,ext_3e302022,0,60,133,31
85970,ext_409f4a35,0,60,133,31
85970,ext_41bfb65f,0,60,133,25
85970,ext_439eb8fc,0,87,133,14
85970,ext_447568cd,0,60,133,35
85970,ext_452daac4,0,60,133,22
85970,ext_480b96e4,0,65,133,21
85970,ext_4856c6b9,0,59,133,36
85970,ext_4a840402,0,60,133,31
85970,ext_4c1bb26e,0,60,133,31
85970,ext_4d30ec22,0,79,133,17
85970,ext_4ddbf227,0,60,133,34
85970,ext_4e1a704f,0,60,133,31
85970,ext_4fd0220d,0,60,133,23
85970,ext_50019d13,0,102,133,10
85970,ext_5015214e,0,59,133,36
85970,ext_50332c9a,0,60,133,29
85970,ext_51ff124e,0,60,133,31
85970,ext_532dd232,0,87,133,14
85970,ext_534073c2,0,60,133,24
85970,ext_5527417d,0,60,133,31
85970,ext_56566264,0,60,133,31
85970,ext_585ce9f8,0,60,133,23
85970,ext_5c282e80,0,60,133,31
85970,ext_5c5a5475,0,60,133,31
85970,ext_5c917adc,0,60,133,31
85970,ext_5d9fed4f,0,79,133,17
85970,ext_5e4b9855,0,133,133,1
85970,ext_60fd2a25,0,60,133,31
85970,ext_63287a39,0,60,133,34
85970,ext_63e36dfa,0,126,133,8
85970,ext_67708572,0,60,133,32
85970,ext_6b1158ed,0,60,133,24
85970,ext_6da89d48,0,131,133,3
85970,ext_6dfa8f90,0,60,133,31
85970,ext_6edf1ded,0,60,133,34
85970,ext_70420d5c,0,60,133,31
85970,ext_7189e834,0,60,133,31
85970,ext_74e7afcf,0,60,133,33
85970,ext_74edb92f,0,60,133,27
85970,ext_76ec64b8,0,60,133,33
85970,ext_79fce6dd,0,60,133,31
85970,ext_7a6742b0,0,60,133,32
85970,ext_7ab9d4a1,0,60,105,21
85970,ext_7d783db1,0,60,133,31
85970,ext_8656cc3b,0,60,133,31
85970,ext_8a1aebc8,0,133,133,1
85970,ext_8b0fc848,0,84,133,16
85970,ext_8b887582,0,60,133,31
85970,ext_8efc4f6f,0,60,133,29
85970,ext_8ffe6117,0,60,133,31
85970,ext_917a2e02,0,88,133,13
85970,ext_91a1ef36,0,60,133,31
85970,ext_9a21a9bc,0,60,133,31
85970,ext_9e92564b,0,132,133,2
85970,ext_9f83eb0d,0,105,133,9
85970,ext_9ffdb909,0,60,133,31
85970,ext_a192246a,0,60,133,31
85970,ext_a1e5842a,0,60,133,23
85970,ext_a30805fa,0,60,133,29
85970,ext_a3af6771,0,60,133,29
85970,ext_a3ef67b9,0,60,133,31
85970,ext_a425e664,0,59,133,37
85970,ext_a4c0f457,0,87,133,14
85970,ext_a6ee271a,0,60,133,35
85970,ext_a9c00ffd,0,60,133,29
85970,ext_aa07e4c4,0,59,133,37
85970,ext_af3e5889,0,60,133,22
85970,ext_b0d38909,0,59,133,36
85970,ext_b15a2921,0,60,133,31
85970,ext_b17f3be8,0,60,133,29
85970,ext_b3372f17,0,60,133,31
85970,ext_b5e2f948,0,60,133,29
85970,ext_b68eb3f7,0,69,133,20
85970,ext_b6995e59,0,60,133,26
85970,ext_b773b100,0,59,133,36
85970,ext_b85b7a7e,0,60,133,31
85970,ext_b8a9dcd6,0,59,133,36
85970,ext_b9ee16cd,0,59,133,36
85970,ext_baebb776,0,60,133,25
85970,ext_bddc977f,0,60,133,23
85970,ext_bfb99701,0,60,133,26
85970,ext_c2e53917,0,60,133,29
85970,ext_c3605ad9,0,60,133,29
85970,ext_c4038d29,0,60,133,29
85970,ext_c570d76a,0,60,133,25
85970,ext_c74ba729,0,60,133,31
85970,ext_c89100a5,0,65,133,21
85970,ext_c8fd9079,0,60,133,23
85970,ext_cac2adb3,0,60,133,25
85970,ext_cae7fc5b,0,60,133,29
85970,ext_cb5cdd7b,0,60,133,29
85970,ext_cb5f678f,0,60,133,31
85970,ext_cbcd0d2c,0,60,133,31
85970,ext_cc2f3ea4,0,126,133,8
85970,ext_cccc9e8e,0,60,133,29
85970,ext_cd8f05cd,0,60,133,31
85970,ext_cf83e9c7,0,60,133,24
85970,ext_d548928a,0,88,133,13
85970,ext_d637dd7d,0,60,133,31
85970,ext_d9e22f63,0,60,133,23
85970,ext_da5549a0,0,97,133,11
85970,ext_dab1d179,0,60,133,29
85970,ext_daee9185,0,60,133,31
85970,ext_dc02bbbe,0,60,133,31
85970,ext_dcfc610a,0,59,133,37
85970,ext_e3556a35,0,60,133,29
85970,ext_e4f02cc3,0,60,133,31
85970,ext_e6e5abaa,0,79,133,17
85970,ext_e84ec509,0,65,133,21
85970,ext_e8a86d60,0,126,133,8
85970,ext_ea634faa,0,60,133,31
85970,ext_eb2dbb2b,0,60,133,32
85970,ext_ed1f39c0,0,60,133,23
85970,ext_f0b782dd,0,60,133,33
85970,ext_f283051b,0,60,133,29
85970,ext_f4828ded,0,60,133,32
85970,ext_f6408806,0,133,133,1
85970,ext_f78a052b,0,60,133,31
85970,ext_f9359be4,0,60,133,31
85970,ext_fbe9462d,0,60,133,23
85970,ext_fd1e12f7,0,60,133,22
85970,ext_fd795568,0,60,133,31
86009,25544,1,61,136,30
86009,45539,1,61,136,30
86009,52385,1,61,136,28
86009,68533,1,61,136,28
86009,86009,1,61,136,30
86009,ext_00230454,0,61,136,30
86009,ext_009293ce,0,61,136,30
86009,ext_015d6e10,0,61,136,30
86009,ext_036fee47,0,61,136,31
86009,ext_0466697c,0,59,136,31
86009,ext_060855d7,0,61,136,31
86009,ext_077cf7d1,0,114,136,20
86009,ext_086cd706,0,61,136,31
86009,ext_091f4f73,0,61,136,30
86009,ext_0966a7e9,0,61,136,30
86009,ext_09db9aff,0,61,136,30
86009,ext_0aba4187,0,61,136,30
86009,ext_0bef5292,0,61,136,30
86009,ext_0d05e8d0,0,61,136,28
86009,ext_0d264dff,0,61,136,30
86009,ext_0dad80b9,0,61,136,30
86009,ext_0dcf63bf,0,109,136,23
86009,ext_0f6441af,0,74,136,26
86009,ext_0fe7cc59,0,61,136,30
86009,ext_142c805f,0,61,136,28
86009,ext_153377b9,0,61,136,30
86009,ext_16070757,0,61,136,31
86009,ext_16aa97b5,0,61,136,31
86009,ext_16ed12ff,0,61,136,30
86009,ext_1749b796,0,61,136,31
86009,ext_18479e67,0,59,85,9
86009,ext_1915da19,0,61,136,30
86009,ext_1ad9df72,0,61,136,31
86009,ext_1b9eedad,0,61,136,28
86009,ext_1be6e7d1,0,61,136,30
86009,ext_1c800552,0,61,136,31
86009,ext_1c9be09f,0,61,136,31
86009,ext_1cb7bea9,0,37,56,18
86009,ext_1d28a5fd,0,61,136,28
86009,ext_1e1fd264,0,59,136,33
86009,ext_1e46eaf8,0,61,136,31
86009,ext_1e8b749e,0,61,136,30
86009,ext_1e948f77,0,59,136,32
86009,ext_220e7c74,0,109,136,23
86009,ext_229e288a,0,61,136,30
86009,ext_2316fe89,0,46,54,8
86009,ext_25015d31,0,61,136,30
86009,ext_26d70553,0,61,136,31
86009,ext_2708e055,0,59,136,32
86009,ext_2719869c,0,61,136,28
86009,ext_27748358,0,61,136,30
86009,ext_27d97e9d,0,59,136,30
86009,ext_28286d7b,0,59,136,32
86009,ext_28ea4e7f,0,61,136,28
86009,ext_297a24ce,0,61,136,31
86009,ext_299fb0ad,0,125,136,12
86009,ext_2abb2eb7,0,61,136,31
86009,ext_2ac71a1b,0,116,136,18
86009,ext_2b367464,0,61,136,28
86009,ext_2c477d28,0,59,136,32
86009,ext_2c85bac0,0,61,136,31
86009,ext_2cb5f610,0,61,136,27
86009,ext_2d2dde77,0,125,136,12
86009,ext_2d8e9b1a,0,59,136,32
86009,ext_2e3a3f44,0,61,136,31
86009,ext_2f6805be,0,37,54,17
86009,ext_30325739,0,61,136,30
86009,ext_31be4f0f,0,59,136,32
86009,ext_340abb4e,0,61,136,30
86009,ext_341519f9,0,61,136,31
86009,ext_34603767,0,61,136,28
86009,ext_349ece95,0,61,136,30
86009,ext_3502d132,0,59,85,9
86009,ext_372482dc,0,61,136,28
86009,ext_3764e75d,0,79,136,25
86009,ext_37beae07,0,61,136,30
86009,ext_37e586ba,0,61,136,31
86009,ext_38e02395,0,61,136,30
86009,ext_39334f83,0,61,136,31
86009,ext_39d343c8,0,61,136,28
86009,ext_39dba524,0,61,136,30
86009,ext_3abe115a,0,109,111,3
86009,ext_3adb48e0,0,59,136,34
86009,ext_3b9a40e2,0,61,136,30
86009,ext_3cf04cbc,0,61,136,31
86009,ext_3cf67af6,0,61,136,31
86009,ext_3d082ce2,0,61,136,30
86009,ext_3d578240,0,61,136,30
86009,ext_3e33b835,0,37,54,17
86009,ext_3f1c58e5,0,59,85,9
86009,ext_40078ed5,0,59,136,32
86009,ext_409f4a35,0,61,136,30
86009,ext_4221c555,0,61,136,28
86009,ext_42ade2cd,0,61,136,30
86009,ext_4326a0a3,0,61,136,31
86009,ext_448a2d60,0,61,136,30
86009,ext_45328c45,0,59,85,9
86009,ext_453383d6,0,109,136,23
86009,ext_45c37b30,0,61,136,30
86009,ext_460a943e,0,61,136,30
86009,ext_46616e35,0,109,136,23
86009,ext_46911ec1,0,61,136,30
86009,ext_4734b8b4,0,59,136,32
86009,ext_48234611,0,61,136,30
86009,ext_4a04fa10,0,61,136,30
86009,ext_4a5c3d01,0,109,111,3
86009,ext_4b2f0f4c,0,59,136,33
86009,ext_4c1bb26e,0,109,136,23
86009,ext_4d5f9e65,0,61,136,28
86009,ext_4e1db3c7,0,61,136,30
86009,ext_4f653ad0,0,61,136,31
86009,ext_4fa4c84f,0,61,136,28
86009,ext_5004d46c,0,61,136,30
86009,ext_5081394f,0,125,136,12
86009,ext_50bc9ada,0,61,136,30
86009,ext_52a2bb62,0,61,129,24
86009,ext_52ebe917,0,109,136,23
86009,ext_53979553,0,61,136,31
86009,ext_543438bd,0,61,136,31
86009,ext_544d4d40,0,61,136,31
86009,ext_545e3afd,0,109,136,21
86009,ext_54d3ada8,0,61,136,28
86009,ext_567730d9,0,61,136,30
86009,ext_5690b97b,0,61,136,28
86009,ext_56b603eb,0,61,136,31
86009,ext_56d38ede,0,61,136,28
86009,ext_57be2162,0,61,136,30
86009,ext_5872a406,0,61,136,30
86009,ext_58adf323,0,61,136,30
86009,ext_59af9edd,0,114,136,20
86009,ext_59ce2a01,0,61,136,28
86009,ext_59d1e2ae,0,61,136,31
86009,ext_59f3e274,0,74,136,26
86009,ext_59ff114c,0,61,136,28
86009,ext_5a1cfdac,0,61,136,28
86009,ext_5a882ac6,0,61,136,28
86009,ext_5aaf3066,0,110,136,22
86009,ext_5b8e7666,0,61,136,28
86009,ext_60aa128e,0,61,136,30
86009,ext_611ddee1,0,125,132,8
86009,ext_61db65c0,0,61,136,30
86009,ext_61dddc19,0,61,136,30
86009,ext_62a97810,0,61,136,30
86009,ext_630e076b,0,110,111,2
86009,ext_6341aedd,0,61,136,31
86009,ext_63cbf46f,0,61,136,27
86009,ext_64158693,0,61,136,30
86009,ext_648fee12,0,61,136,27
86009,ext_64c5281f,0,61,136,31
86009,ext_656d94a2,0,61,136,27
86009,ext_65fa345c,0,61,136,30
86009,ext_65fa51d5,0,85,136,24
86009,ext_670d79ab,0,61,136,31
86009,ext_676da45d,0,61,136,31
86009,ext_67ec459e,0,118,136,16
86009,ext_6834af59,0,121,136,14
86009,ext_688541e6,0,61,136,31
86009,ext_69249eb3,0,61,136,30
86009,ext_6a0c9dfa,0,61,136,30
86009,ext_6a78d601,0,61,136,31
86009,ext_6b0fb98f,0,37,56,18
86009,ext_6b65bbeb,0,61,136,28
86009,ext_6c607a08,0,61,136,30
86009,ext_6f022134,0,61,136,30
86009,ext_6f165425,0,59,136,32
86009,ext_6f54ac92,0,59,136,32
86009,ext_717f314a,0,61,136,28
86009,ext_71de4fa0,0,61,136,30
86009,ext_72dadefe,0,61,136,28
86009,ext_7489a0d4,0,61,136,28
86009,ext_75aa374b,0,59,85,9
86009,ext_75e2d0d2,0,109,136,23
86009,ext_7717f8fb,0,59,136,32
86009,ext_788141f4,0,61,136,31
86009,ext_7b078ca6,0,61,136,31
86009,ext_7bb959b1,0,74,136,26
86009,ext_7c206b60,0,61,136,31
86009,ext_7c6910b7,0,109,136,23
86009,ext_7d8d11e9,0,61,136,30
86009,ext_7d93822e,0,61,136,31
86009,ext_80cc9a5d,0,59,85,9
86009,ext_80d06b84,0,61,136,30
86009,ext_810de17b,0,61,136,28
86009,ext_8126a0a4,0,109,136,23
86009,ext_81cadb43,0,61,136,30
86009,ext_82e1c61c,0,109,136,23
86009,ext_835c7676,0,59,136,32
86009,ext_83760966,0,61,136,30
86009,ext_846c3c96,0,129,136,8
86009,ext_85925bbc,0,61,136,28
86009,ext_874a13d2,0,109,136,23
86009,ext_87fb4ecd,0,114,136,20
86009,ext_886f3f97,0,61,136,30
86009,ext_89f61ec8,0,61,136,31
86009,ext_8ca26c8a,0,61,136,28
86009,ext_8e46c575,0,61,136,31
86009,ext_8effcad4,0,109,136,23
86009,ext_8f8f806a,0,61,136,27
86009,ext_9039b6fa,0,61,136,28
86009,ext_904bc14c,0,61,136,28
86009,ext_91439179,0,61,136,31
86009,ext_91a4a9a8,0,79,136,25
86009,ext_91d57de0,0,61,136,28
86009,ext_923880e0,0,61,136,30
86009,ext_93b6c2c8,0,61,136,30
86009,ext_94121a97,0,61,136,30
86009,ext_94bc2dd6,0,46,54,8
86009,ext_953a7e39,0,61,136,31
86009,ext_95aff958,0,131,136,6
86009,ext_9658178e,0,61,136,28
86009,ext_97a90cec,0,74,136,26
86009,ext_98060e99,0,59,136,32
86009,ext_98c31fb7,0,61,136,31
86009,ext_9bd7ffcb,0,61,136,27
86009,ext_9beb8184,0,61,136,30
86009,ext_9c058503,0,61,136,31
86009,ext_9d2551be,0,61,136,31
86009,ext_9dce3e36,0,61,136,31
86009,ext_9e0c9bf4,0,59,136,32
86009,ext_a02c13e5,0,59,136,32
86009,ext_a0f9c2d3,0,61,136,31
86009,ext_a1125fc9,0,61,136,30
86009,ext_a13fcfea,0,61,136,31
86009,ext_a178d89a,0,61,136,28
86009,ext_a2f0de8d,0,110,136,22
86009,ext_a40dddea,0,74,136,26
86009,ext_a42903fa,0,61,136,31
86009,ext_a5b05c26,0,61,136,27
86009,ext_a5f175bb,0,61,136,28
86009,ext_a72eafe7,0,121,136,14
86009,ext_a7a339ff,0,61,136,31
86009,ext_a807a390,0,61,136,31
86009,ext_a8c53b50,0,109,136,23
86009,ext_a8ccdfa2,0,130,136,7
86009,ext_aa7daa68,0,61,136,27
86009,ext_aa87c4f7,0,61,136,30
86009,ext_ac7c80ad,0,109,136,23
86009,ext_ad00223b,0,61,136,31
86009,ext_ae14cc0b,0,59,136,32
86009,ext_aec2c682,0,61,136,30
86009,ext_af744057,0,61,136,31
86009,ext_afa1f8be,0,61,136,30
86009,ext_b2ab07fa,0,59,136,33
86009,ext_b36f1fe1,0,61,136,30
86009,ext_b378cb8d,0,61,136,30
86009,ext_b43ba3e4,0,61,136,27
86009,ext_b440a4b3,0,61,85,7
86009,ext_b4d11b70,0,61,136,29
86009,ext_b545b3f6,0,61,136,30
86009,ext_b6271ffb,0,125,136,12
86009,ext_b6676c1c,0,116,136,18
86009,ext_b6a1fea4,0,61,129,23
86009,ext_b85f136f,0,126,136,11
86009,ext_b8dd87fb,0,61,136,28
86009,ext_ba6551f6,0,61,136,31
86009,ext_ba99f336,0,61,136,31
86009,ext_bbe9a721,0,61,136,30
86009,ext_bc17a326,0,61,136,28
86009,ext_bcc00405,0,61,136,28
86009,ext_bd256b50,0,59,85,9
86009,ext_bda0941e,0,61,136,28
86009,ext_c02cf5d8,0,59,136,32
86009,ext_c0403b67,0,61,136,28
86009,ext_c0fd3c82,0,61,136,30
86009,ext_c1b46775,0,61,136,30
86009,ext_c1f73f91,0,61,136,30
86009,ext_c1fd91ec,0,61,136,28
86009,ext_c267d0a9,0,61,136,30
86009,ext_c2ca99e3,0,59,136,30
86009,ext_c35f1768,0,61,136,31
86009,ext_c3a29f5b,0,59,136,32
86009,ext_c56df191,0,59,136,34
86009,ext_c6156dcc,0,61,136,28
86009,ext_c7b467be,0,74,136,26
86009,ext_c89eadf7,0,61,136,30
86009,ext_c95d3e53,0,61,136,28
86009,ext_cb9841bf,0,61,136,28
86009,ext_cc10211c,0,125,136,12
86009,ext_cc5fd17e,0,130,136,7
86009,ext_cca592c0,0,61,136,31
86009,ext_ccc41c8d,0,125,129,5
86009,ext_cd2e8845,0,61,136,27
86009,ext_cd8a1b8b,0,61,136,31
86009,ext_cdc651a2,0,61,136,30
86009,ext_ce6ece2d,0,109,136,23
86009,ext_ceac0183,0,61,136,30
86009,ext_cf199e7a,0,61,136,31
86009,ext_d1ff8ce6,0,61,136,30
86009,ext_d26c567d,0,125,136,12
86009,ext_d3f2ea6c,0,74,136,26
86009,ext_d4c2a4f5,0,61,136,31
86009,ext_d4c340a0,0,61,136,31
86009,ext_d637dd7d,0,61,136,30
86009,ext_d9c80343,0,135,136,2
86009,ext_d9e22f63,0,61,136,27
86009,ext_da3ec4e9,0,61,136,27
86009,ext_da93b426,0,46,54,8
86009,ext_daa85ec1,0,59,136,32
86009,ext_db798885,0,74,136,26
86009,ext_dba1a8c4,0,61,136,31
86009,ext_dba729f0,0,61,136,28
86009,ext_dba7ef64,0,109,136,23
86009,ext_dc437d50,0,109,136,23
86009,ext_dcc56326,0,61,136,30
86009,ext_dcfa9cb0,0,61,85,8
86009,ext_dd7de7dc,0,61,136,30
86009,ext_dfb76ce2,0,61,136,30
86009,ext_dffa3a4c,0,61,136,30
86009,ext_e093c50d,0,48,54,6
86009,ext_e2bea395,0,61,136,30
86009,ext_e2f9fa1c,0,61,136,31
86009,ext_e2fdf307,0,61,136,28
86009,ext_e3556a35,0,61,136,30
86009,ext_e3e5961b,0,61,136,31
86009,ext_e4af9cf1,0,61,136,30
86009,ext_e4dc61c2,0,61,136,30
86009,ext_e754db09,0,61,136,28
86009,ext_e804a0d2,0,59,136,32
86009,ext_e920bb41,0,46,54,8
86009,ext_e94ed135,0,61,136,30
86009,ext_ec2537e9,0,109,111,3
86009,ext_ec5b5b1b,0,109,136,23
86009,ext_ef7ecadc,0,61,136,28
86009,ext_f00ce8e9,0,61,136,31
86009,ext_f0271fc2,0,109,136,23
86009,ext_f05c9ca8,0,61,136,28
86009,ext_f102c51f,0,74,136,26
86009,ext_f1329b09,0,61,136,30
86009,ext_f1641cb5,0,61,136,31
86009,ext_f2174915,0,61,136,30
86009,ext_f219112d,0,136,136,1
86009,ext_f30468a9,0,131,136,6
86009,ext_f388472c,0,74,136,26
86009,ext_f482722e,0,61,136,31
86009,ext_f575fcf5,0,61,136,30
86009,ext_f5b2a873,0,61,136,31
86009,ext_f5bb8015,0,61,136,31
86009,ext_f5cc51ed,0,61,136,28
86009,ext_f6df8510,0,61,136,31
86009,ext_f6fd62ce,0,61,136,30
86009,ext_f848a9a2,0,61,136,30
86009,ext_f84d69a6,0,61,136,31
86009,ext_fa9807d1,0,61,136,28
86009,ext_fec1eb66,0,59,85,9
86009,ext_fec83adf,0,61,136,31
86009,ext_ff070761,0,125,136,12
86009,ext_ff86a4dc,0,61,136,28
86009,ext_ffaa55d4,0,37,54,17
86237,19844,1,65,84,18
86237,45945,1,65,96,28
86237,68533,1,65,96,28
86237,71782,1,65,96,28
86237,72746,1,65,96,28
86237,ext_0616a33f,0,65,96,28
86237,ext_0634c140,0,65,96,28
86237,ext_06b98f41,0,65,96,28
86237,ext_0f22f29a,0,65,96,28
86237,ext_1243bc57,0,65,96,28
86237,ext_28361364,0,65,96,28
86237,ext_29b7a57b,0,65,96,28
86237,ext_2fbd5fcf,0,82,96,13
86237,ext_3bc99cfd,0,65,96,28
86237,ext_3e63ce45,0,65,96,28
86237,ext_40049e5c,0,65,96,28
86237,ext_43251f9f,0,65,96,28
86237,ext_45c37b30,0,65,96,28
86237,ext_4be54f6f,0,65,96,28
86237,ext_51cd8b6b,0,65,96,28
86237,ext_54b941c9,0,65,96,28
86237,ext_54c76097,0,65,96,28
86237,ext_6577bbce,0,65,96,28
86237,ext_73c2df31,0,65,96,28
86237,ext_7afd89bb,0,65,96,28
86237,ext_7f2c4d2b,0,65,96,28
86237,ext_7f68c5f4,0,65,96,28
86237,ext_822d1444,0,65,96,28
86237,ext_828a019a,0,65,96,28
86237,ext_9f52b4c5,0,65,96,28
86237,ext_a4bf525f,0,65,96,28
86237,ext_a9d590ee,0,65,96,28
86237,ext_aef74ad1,0,65,96,28
86237,ext_b11d24b6,0,65,96,28
86237,ext_c6df5872,0,65,96,28
86237,ext_ca3d92b5,0,65,96,28
86237,ext_d548928a,0,65,96,28
86237,ext_e4424845,0,65,96,28
86237,ext_edbbda9b,0,65,96,28
86237,ext_f5a2b9e5,0,65,96,28
86237,ext_f6f1b9d6,0,85,96,10
86237,ext_fd382511,0,65,81,15
86352,10841,1,59,125,29
86352,26999,1,59,125,29
86352,35227,1,59,125,29
86352,39783,1,59,125,29
86352,40997,1,59,90,16
86352,46654,1,59,125,29
86352,51597,1,61,125,27
86352,53275,1,59,125,29
86352,53884,1,59,125,29
86352,58909,1,59,125,29
86352,63757,1,59,125,29
86352,68494,1,59,125,29
86352,68633,1,59,125,29
86352,82060,1,59,125,29
86352,85596,1,59,125,29
86352,86352,1,59,125,29
86352,ext_0005ad47,0,61,125,27
86352,ext_017ef3b5,0,59,125,29
86352,ext_01b81ae1,0,59,125,29
86352,ext_02b796cd,0,59,125,29
86352,ext_02e9f044,0,59,125,29
86352,ext_038ee5ee,0,59,125,29
86352,ext_0714ee21,0,59,76,15
86352,ext_07658f52,0,59,125,30
86352,ext_0816627a,0,59,125,29
86352,ext_0a42546d,0,59,125,29
86352,ext_0b56810d,0,59,125,29
86352,ext_0c7b05a1,0,107,125,13
86352,ext_109c1b58,0,90,125,14
86352,ext_11b1b534,0,90,125,14
86352,ext_134e55db,0,59,125,29
86352,ext_15c159d5,0,59,125,28
86352,ext_1668151a,0,107,125,13
86352,ext_18906c64,0,59,125,29
86352,ext_1a82507d,0,118,125,7
86352,ext_1abe7c47,0,59,125,29
86352,ext_1b186bea,0,120,125,5
86352,ext_1d003997,0,90,125,14
86352,ext_1d96669b,0,59,125,29
86352,ext_1db202c9,0,59,125,29
86352,ext_1e3060f6,0,109,125,11
86352,ext_1eaf6ddf,0,118,125,7
86352,ext_1fc31f2c,0,59,125,29
86352,ext_201981ec,0,121,125,4
86352,ext_217501db,0,59,125,29
86352,ext_22fe5733,0,121,125,4
86352,ext_230f62f2,0,107,125,13
86352,ext_241b4aed,0,70,125,20
86352,ext_2467d742,0,59,125,29
86352,ext_25bb5ac0,0,59,125,29
86352,ext_285371c0,0,59,125,29
86352,ext_2a5e60ab,0,59,125,29
86352,ext_2a7fa0ad,0,120,125,5
86352,ext_2afc4f36,0,59,76,15
86352,ext_2c19109b,0,59,125,29
86352,ext_2ce0379f,0,59,125,29
86352,ext_2db38a52,0,59,125,29
86352,ext_2e111f7d,0,59,125,29
86352,ext_2e69a773,0,113,125,8
86352,ext_2f158b72,0,74,74,1
86352,ext_2f7ebeba,0,59,125,29
86352,ext_2fc057c1,0,59,125,29
86352,ext_2fc92766,0,59,125,29
86352,ext_31314030,0,61,125,27
86352,ext_31a31c06,0,59,125,29
86352,ext_31a8bcf0,0,76,125,15
86352,ext_31c6b662,0,118,125,7
86352,ext_343e3a5f,0,123,125,3
86352,ext_347c3f3e,0,59,125,29
86352,ext_3486c54e,0,59,125,29
86352,ext_34e5e533,0,59,125,29
86352,ext_358f3b75,0,59,125,29
86352,ext_3591e4a6,0,59,125,29
86352,ext_365cb1fc,0,61,125,27
86352,ext_36b9bce9,0,59,125,29
86352,ext_38eb1603,0,59,125,29
86352,ext_399719d6,0,59,125,29
86352,ext_39c9a1e0,0,59,125,29
86352,ext_39dabdfc,0,59,125,29
86352,ext_39ef6221,0,111,125,9
86352,ext_39fc222e,0,59,125,29
86352,ext_3a349d2a,0,59,125,29
86352,ext_3a6b47c8,0,107,125,13
86352,ext_3a6dd4a9,0,118,125,7
86352,ext_3b212e95,0,59,125,29
86352,ext_3b9b8b0a,0,59,125,29
86352,ext_3bb2235e,0,90,125,14
86352,ext_3bc38b46,0,59,125,29
86352,ext_3be051d2,0,120,125,5
86352,ext_3be0b8e2,0,59,125,29
86352,ext_3db2b312,0,59,125,29
86352,ext_3e245b7f,0,59,125,29
86352,ext_3e3e7cf3,0,107,125,13
86352,ext_3eb692df,0,59,125,29
86352,ext_3ec2f0c5,0,60,125,28
86352,ext_3ef059e2,0,59,125,29
86352,ext_3f092981,0,59,125,29
86352,ext_3ff53bb6,0,59,125,29
86352,ext_40d2649b,0,76,125,15
86352,ext_41062d69,0,59,125,29
86352,ext_4185d9e0,0,59,125,29
86352,ext_421cfbc9,0,59,125,29
86352,ext_42212f5a,0,59,76,15
86352,ext_4226982e,0,121,125,4
86352,ext_4255a1d5,0,59,125,29
86352,ext_43187813,0,59,125,29
86352,ext_4326a0a3,0,59,125,29
86352,ext_44869e98,0,107,125,13
86352,ext_45726ed7,0,59,125,29
86352,ext_45c37b30,0,59,125,29
86352,ext_4654749e,0,107,125,13
86352,ext_466fd5b4,0,90,125,14
86352,ext_4856c6b9,0,59,125,29
86352,ext_49b39286,0,59,125,29
86352,ext_4aa9338f,0,59,125,29
86352,ext_4aca0dce,0,59,125,29
86352,ext_4af784f2,0,59,125,29
86352,ext_4c4832d0,0,59,125,29
86352,ext_4c58e87c,0,59,125,29
86352,ext_4de9f98c,0,59,125,29
86352,ext_50426659,0,45,45,1
86352,ext_50dcc860,0,59,125,29
86352,ext_51c9ef97,0,59,125,29
86352,ext_52996b19,0,59,125,29
86352,ext_5312a731,0,59,125,29
86352,ext_54084f02,0,59,125,29
86352,ext_54176c88,0,59,125,29
86352,ext_5526568d,0,59,125,29
86352,ext_555e3270,0,59,125,29
86352,ext_565a0a4d,0,108,125,12
86352,ext_569db5b7,0,59,125,29
86352,ext_56baafa2,0,59,125,29
86352,ext_58e4d801,0,59,125,29
86352,ext_598fff84,0,59,125,29
86352,ext_59922619,0,59,125,29
86352,ext_5a14de41,0,59,125,29
86352,ext_5b5d3be2,0,59,76,15
86352,ext_5be15edf,0,59,125,29
86352,ext_5d545a86,0,59,125,29
86352,ext_5dc8b8ff,0,59,125,29
86352,ext_5ef7c8ef,0,59,125,29
86352,ext_5f3d4bae,0,70,125,20
86352,ext_5f4e5d09,0,90,125,14
86352,ext_601b2773,0,59,125,29
86352,ext_6129dce2,0,59,125,29
86352,ext_6156e953,0,59,76,15
86352,ext_6191f752,0,59,125,29
86352,ext_624198e8,0,59,125,29
86352,ext_62a97810,0,59,125,29
86352,ext_66d13595,0,59,125,29
86352,ext_69c3165c,0,59,125,29
86352,ext_69d7fe17,0,107,125,13
86352,ext_6a25d326,0,107,107,1
86352,ext_6a4b3d11,0,59,125,29
86352,ext_6ac08b8f,0,121,125,4
86352,ext_6c311771,0,107,125,13
86352,ext_6d39d403,0,59,125,29
86352,ext_6df76736,0,118,125,7
86352,ext_6e520968,0,59,125,29
86352,ext_6e8c115a,0,118,125,7
86352,ext_6f04245d,0,59,76,15
86352,ext_6fc7efec,0,63,125,26
86352,ext_7042c32f,0,120,125,5
86352,ext_70460133,0,59,125,29
86352,ext_734f3ecd,0,59,125,29
86352,ext_754514bb,0,59,125,29
86352,ext_75d0d17e,0,59,125,29
86352,ext_76d9b526,0,59,125,28
86352,ext_775a55c1,0,59,125,29
86352,ext_7852f22c,0,59,125,29
86352,ext_787ea5d1,0,67,125,22
86352,ext_7a1e63be,0,59,125,29
86352,ext_7a25449b,0,107,125,13
86352,ext_7a62fc78,0,107,125,13
86352,ext_7b55ec9e,0,59,125,29
86352,ext_7b81f6d7,0,107,125,13
86352,ext_7c786c96,0,59,125,29
86352,ext_7c7d8e12,0,59,125,29
86352,ext_7ec3241f,0,59,125,29
86352,ext_8023f6f3,0,90,125,14
86352,ext_811e1a42,0,59,125,29
86352,ext_812f6657,0,59,125,29
86352,ext_813f7dba,0,59,125,29
86352,ext_8204b292,0,59,125,29
86352,ext_82bedb98,0,59,125,29
86352,ext_830b3033,0,90,125,14
86352,ext_83d9f711,0,90,90,1
86352,ext_8406421d,0,59,125,29
86352,ext_8433e241,0,59,125,29
86352,ext_857ac768,0,59,125,29
86352,ext_8593d34a,0,63,76,12
86352,ext_85c231f3,0,107,125,13
86352,ext_860f5c5d,0,59,125,29
86352,ext_873de068,0,59,125,29
86352,ext_893f0300,0,59,125,29
86352,ext_8b7a4bc1,0,59,125,29
86352,ext_8b9a31a1,0,59,125,29
86352,ext_8c75a189,0,59,125,29
86352,ext_8d4bcb5b,0,123,125,3
86352,ext_8dce5a74,0,59,76,15
86352,ext_8ed57158,0,59,125,29
86352,ext_90345201,0,59,125,29
86352,ext_9045d445,0,59,125,29
86352,ext_90c401d3,0,59,125,29
86352,ext_952cd311,0,107,125,13
86352,ext_9548ed27,0,90,125,8
86352,ext_9769a554,0,59,125,29
86352,ext_98f8b2a1,0,90,125,14
86352,ext_991325d3,0,75,125,16
86352,ext_9ac04bf2,0,59,125,29
86352,ext_9ae86459,0,118,125,7
86352,ext_9bbd6617,0,59,125,29
86352,ext_9bc7104a,0,59,125,29
86352,ext_9c20500f,0,59,125,29
86352,ext_9c760e5c,0,59,125,29
86352,ext_9d9cf3f0,0,59,125,29
86352,ext_9edf8472,0,90,125,14
86352,ext_9fbc9e9a,0,107,125,13
86352,ext_a13d9598,0,59,125,29
86352,ext_a21670b1,0,59,125,29
86352,ext_a23ff99b,0,59,125,29
86352,ext_a3aa62dc,0,59,125,29
86352,ext_a425e664,0,59,125,29
86352,ext_a47d05b3,0,59,125,29
86352,ext_a4aa22da,0,118,125,7
86352,ext_a5502725,0,59,125,29
86352,ext_a5d2ee66,0,90,125,14
86352,ext_a6324852,0,59,125,28
86352,ext_a67bbd9e,0,107,125,13
86352,ext_a6f5d88a,0,59,125,29
86352,ext_a7ab0292,0,59,125,29
86352,ext_a83b6c1b,0,59,125,29
86352,ext_a93df387,0,59,125,29
86352,ext_aa89aa05,0,59,125,29
86352,ext_ab102e80,0,59,125,29
86352,ext_ab297c6a,0,90,125,14
86352,ext_ac23c86f,0,107,125,13
86352,ext_ad61bea6,0,59,76,15
86352,ext_afb572da,0,59,125,29
86352,ext_b04a0b23,0,59,125,29
86352,ext_b0d38909,0,59,125,29
86352,ext_b113cf7a,0,59,125,29
86352,ext_b1235188,0,107,125,13
86352,ext_b27d4696,0,59,125,29
86352,ext_b3e67fef,0,59,76,15
86352,ext_b4e933c4,0,59,125,29
86352,ext_b590f87a,0,59,125,29
86352,ext_b67785ff,0,59,125,29
86352,ext_b6d53f8c,0,59,125,29
86352,ext_b7953daa,0,59,125,29
86352,ext_b89f14b1,0,107,125,13
86352,ext_b8f39dfb,0,59,125,29
86352,ext_ba97a99b,0,59,125,29
86352,ext_bbca188a,0,59,125,29
86352,ext_bea3c12b,0,59,125,29
86352,ext_bee0c926,0,59,76,15
86352,ext_bf70ffd3,0,59,125,29
86352,ext_c08ac164,0,107,125,13
86352,ext_c0fee3c4,0,113,125,8
86352,ext_c11a5e41,0,118,125,7
86352,ext_c120c0e6,0,59,125,29
86352,ext_c17b6aaf,0,90,125,14
86352,ext_c32773b2,0,121,125,4
86352,ext_c36e5a71,0,59,125,29
86352,ext_c5a93a60,0,59,125,29
86352,ext_c5b48b6b,0,59,125,29
86352,ext_c6355c7e,0,107,125,13
86352,ext_c966fe13,0,107,125,13
86352,ext_ca52596f,0,59,125,29
86352,ext_cb6e8925,0,59,125,29
86352,ext_cbbcb107,0,59,125,29
86352,ext_cd8c2377,0,107,125,13
86352,ext_ce471298,0,59,125,29
86352,ext_cebea261,0,61,125,27
86352,ext_cf331905,0,90,125,14
86352,ext_cfaaceca,0,59,125,29
86352,ext_d00a2ceb,0,59,125,29
86352,ext_d0962207,0,59,125,29
86352,ext_d1137d8e,0,59,125,29
86352,ext_d14420f0,0,59,125,29
86352,ext_d2cece10,0,107,125,13
86352,ext_d389608a,0,90,125,14
86352,ext_d4e996fe,0,59,125,29
86352,ext_d5416abc,0,90,125,14
86352,ext_d648e022,0,107,125,13
86352,ext_d64e1b14,0,59,125,29
86352,ext_d735bd27,0,59,125,29
86352,ext_d76948d7,0,59,125,29
86352,ext_d7c74a99,0,59,125,29
86352,ext_d7f51722,0,59,125,29
86352,ext_d7faa6f7,0,59,125,29
86352,ext_d9271b81,0,59,125,29
86352,ext_d9e26911,0,90,125,14
86352,ext_db199027,0,59,125,29
86352,ext_db2ae521,0,107,125,13
86352,ext_db3f6600,0,59,125,29
86352,ext_dc1b2b99,0,59,76,15
86352,ext_dc4ab9e6,0,59,125,29
86352,ext_dd68136d,0,90,125,14
86352,ext_dda9906c,0,90,125,14
86352,ext_dea01c71,0,59,125,29
86352,ext_dfb76ce2,0,60,125,28
86352,ext_e0cc1535,0,59,125,29
86352,ext_e114e419,0,59,125,29
86352,ext_e12cbf1c,0,59,125,29
86352,ext_e17397d1,0,59,125,29
86352,ext_e18cb61e,0,107,125,13
86352,ext_e1f348d9,0,75,125,16
86352,ext_e2d2c966,0,59,125,29
86352,ext_e4b82d5e,0,59,125,29
86352,ext_e60640d1,0,59,125,29
86352,ext_e736bba3,0,120,125,5
86352,ext_e757234e,0,59,125,29
86352,ext_e95e5cde,0,59,125,29
86352,ext_e9b03079,0,90,125,14
86352,ext_eaec1e58,0,59,125,29
86352,ext_eaf450fa,0,59,125,29
86352,ext_ec310249,0,59,125,29
86352,ext_ec3fcf49,0,59,125,29
86352,ext_ed56798d,0,59,125,29
86352,ext_edbab118,0,59,125,29
86352,ext_eedc15b4,0,107,125,13
86352,ext_ef657a5a,0,59,125,29
86352,ext_ef84c242,0,110,125,10
86352,ext_f0044ed2,0,59,125,29
86352,ext_f11d44d4,0,59,125,29
86352,ext_f16ed1c2,0,59,125,29
86352,ext_f1e8926d,0,59,125,29
86352,ext_f2581460,0,107,125,13
86352,ext_f348a8c5,0,107,125,13
86352,ext_f44f672e,0,45,45,1
86352,ext_f5dca7de,0,59,125,29
86352,ext_f6e3a0f8,0,59,125,29
86352,ext_f706a190,0,107,125,13
86352,ext_f7c8862e,0,107,125,13
86352,ext_f9359be4,0,59,125,29
86352,ext_fadf9eff,0,59,125,29
86352,ext_fb84c5ab,0,59,125,29
86352,ext_fc65f237,0,59,125,29
86352,ext_fe987219,0,59,125,29
86352,ext_ff96b7eb,0,59,125,29
86352,ext_ff9afe24,0,59,125,29
86352,ext_ffb04394,0,90,125,14
86610,24760,1,59,87,10
86610,32100,1,59,87,10
86610,51552,1,77,84,3
86610,82060,1,59,87,10
86610,84215,1,59,84,6
86610,ext_0210924b,0,59,87,11
86610,ext_056a2b25,0,62,84,4
86610,ext_0be778c3,0,59,87,13
86610,ext_0e53ea98,0,59,84,6
86610,ext_0e7630d7,0,77,83,2
86610,ext_174bbedf,0,59,87,13
86610,ext_20a55bcc,0,59,84,6
86610,ext_20fc5222,0,59,84,6
86610,ext_23cac54b,0,83,83,1
86610,ext_252dc749,0,59,87,13
86610,ext_2567ce7f,0,59,87,10
86610,ext_288304bb,0,59,87,10
86610,ext_2b62472e,0,59,84,6
86610,ext_2cd88483,0,59,87,13
86610,ext_2f453a3b,0,87,87,1
86610,ext_2ffcb505,0,59,84,6
86610,ext_30ef4357,0,59,87,11
86610,ext_323caa57,0,59,87,10
86610,ext_340bcf77,0,59,87,11
86610,ext_379463a6,0,59,87,13
86610,ext_38b89eaf,0,59,87,13
86610,ext_3a349d2a,0,59,87,10
86610,ext_4406c446,0,59,87,10
86610,ext_483e0c7c,0,59,87,11
86610,ext_4ab4f9cc,0,59,87,13
86610,ext_4ae7c32f,0,59,87,13
86610,ext_4f325c07,0,59,87,10
86610,ext_56e40117,0,59,87,13
86610,ext_585ce9f8,0,59,87,13
86610,ext_5dac39f3,0,59,87,13
86610,ext_6187b263,0,77,83,2
86610,ext_6a891485,0,59,87,13
86610,ext_6b4baf90,0,59,87,10
86610,ext_6b5f362c,0,59,84,6
86610,ext_6bab4713,0,84,87,2
86610,ext_6c213796,0,59,87,13
86610,ext_6c3277e7,0,59,87,13
86610,ext_6c8bf96b,0,59,84,6
86610,ext_6fd4b5d5,0,59,87,10
86610,ext_75efd2a9,0,83,83,1
86610,ext_765c60e9,0,59,87,10
86610,ext_78039aba,0,59,87,13
86610,ext_7aff22fc,0,59,87,13
86610,ext_8039253c,0,59,87,13
86610,ext_8203dc2b,0,59,87,10
86610,ext_84239b26,0,59,87,9
86610,ext_8480f923,0,60,84,5
86610,ext_893db645,0,83,83,1
86610,ext_89b0225e,0,59,87,13
86610,ext_8fe87651,0,59,83,10
86610,ext_91d57de0,0,59,84,6
86610,ext_9b0c264c,0,59,87,13
86610,ext_a0200920,0,59,87,13
86610,ext_a02c4489,0,59,87,13
86610,ext_a280ce57,0,59,87,13
86610,ext_a3ae5553,0,59,87,13
86610,ext_a7d3d02e,0,59,87,13
86610,ext_abc5873b,0,59,87,13
86610,ext_abd84697,0,59,84,6
86610,ext_abff857f,0,59,87,10
86610,ext_ac87c7eb,0,59,87,11
86610,ext_ad42c9a0,0,59,87,9
86610,ext_b14d0bb4,0,59,87,13
86610,ext_b1ac6f06,0,59,87,13
86610,ext_b80b9d1b,0,59,87,9
86610,ext_b8f9ef19,0,59,87,13
86610,ext_bb7bf335,0,59,87,13
86610,ext_c49bf2c1,0,59,87,9
86610,ext_c949c85e,0,60,84,5
86610,ext_ca1b0c15,0,59,87,13
86610,ext_cc52192e,0,59,87,10
86610,ext_ce471298,0,59,87,10
86610,ext_d083e8ee,0,59,87,10
86610,ext_d12e7878,0,59,87,10
86610,ext_d346579f,0,83,83,1
86610,ext_d3ec9ce6,0,59,87,10
86610,ext_d47a61dc,0,59,87,10
86610,ext_d661f136,0,59,87,13
86610,ext_dc20e6d9,0,62,84,4
86610,ext_e1004800,0,59,84,6
86610,ext_e3e71553,0,84,84,1
86610,ext_f9359be4,0,59,87,10
86610,ext_f9b2d083,0,62,84,4
86610,ext_fb2567ff,0,59,84,8
86727,13799,1,59,126,62
86727,15723,1,59,126,62
86727,45539,1,59,126,62
86727,50947,1,59,126,62
86727,52635,1,86,105,20
86727,77291,1,59,126,62
86727,86727,1,59,105,46
86727,ext_019740b4,0,115,126,12
86727,ext_028277c3,0,59,126,62
86727,ext_033e46d5,0,59,126,62
86727,ext_07405b98,0,59,126,62
86727,ext_0761fadc,0,59,105,46
86727,ext_090914b1,0,59,126,50
86727,ext_0a07046a,0,59,126,62
86727,ext_0c3db1d7,0,59,105,46
86727,ext_10ce49a6,0,59,105,46
86727,ext_11bec28d,0,59,105,46
86727,ext_145296d4,0,59,105,46
86727,ext_167ff458,0,59,126,50
86727,ext_1957e06f,0,59,126,62
86727,ext_1970a6fe,0,73,126,48
86727,ext_1ce19ae7,0,59,105,46
86727,ext_1d4fceab,0,114,126,13
86727,ext_1e731dba,0,59,105,46
86727,ext_2264da95,0,59,105,46
86727,ext_22789fbe,0,59,105,46
86727,ext_24e1044f,0,126,126,1
86727,ext_2c1ecb29,0,59,126,62
86727,ext_2cf8b3ee,0,59,105,46
86727,ext_2d3ce947,0,59,105,46
86727,ext_2e27bce4,0,59,126,62
86727,ext_2fc69c7d,0,59,105,46
86727,ext_314693a9,0,59,105,46
86727,ext_34e82733,0,59,105,46
86727,ext_3b9bc12f,0,59,105,46
86727,ext_3bb564a8,0,126,126,1
86727,ext_3c182b12,0,59,105,46
86727,ext_3f5de519,0,59,105,46
86727,ext_3fe51113,0,59,126,62
86727,ext_44ef2ec5,0,59,126,62
86727,ext_45c37b30,0,59,105,46
86727,ext_47c4a659,0,59,126,62
86727,ext_4ace977c,0,59,105,46
86727,ext_4ad95150,0,59,126,62
86727,ext_4cf0196f,0,59,105,46
86727,ext_4d5f9e65,0,59,105,46
86727,ext_4f1715be,0,59,105,46
86727,ext_54dceccc,0,59,105,46
86727,ext_559d0b4b,0,59,126,62
86727,ext_56390d46,0,115,126,12
86727,ext_582a2fd1,0,59,126,62
86727,ext_588b7e0e,0,59,105,46
86727,ext_588c0770,0,59,105,46
86727,ext_5c1b8f5b,0,59,126,62
86727,ext_5dcef857,0,59,126,62
86727,ext_5f267147,0,59,105,46
86727,ext_60c13fec,0,59,126,62
86727,ext_6364bfdb,0,59,105,46
86727,ext_642700a1,0,59,105,46
86727,ext_652baa7b,0,75,126,46
86727,ext_6b91004f,0,59,105,46
86727,ext_6f63a556,0,59,126,62
86727,ext_703e6aca,0,59,105,46
86727,ext_748aaed0,0,59,105,46
86727,ext_7539263f,0,59,105,46
86727,ext_797623e4,0,59,105,46
86727,ext_7c5de0e6,0,103,105,3
86727,ext_7d548bf4,0,59,105,46
86727,ext_7f68c5f4,0,59,126,62
86727,ext_804afdfa,0,59,126,62
86727,ext_8119a1fe,0,59,105,46
86727,ext_85f92926,0,110,126,16
86727,ext_87e87f69,0,59,126,62
86727,ext_884787a4,0,59,126,62
86727,ext_89f11b90,0,59,126,62
86727,ext_90e0aa93,0,123,126,4
86727,ext_93bdc6e8,0,59,126,62
86727,ext_93c7ebd8,0,59,105,46
86727,ext_968355c4,0,59,126,62
86727,ext_97d5daf7,0,59,126,62
86727,ext_981817da,0,59,126,62
86727,ext_9829c79a,0,59,105,46
86727,ext_9b0321b4,0,59,105,46
86727,ext_9b6076fa,0,59,126,62
86727,ext_9c463f02,0,59,126,62
86727,ext_9f83eb0d,0,59,126,62
86727,ext_9fa63938,0,110,126,16
86727,ext_a22c28ad,0,59,105,46
86727,ext_a24c1094,0,59,105,46
86727,ext_a3ef67b9,0,63,126,58
86727,ext_a8a45190,0,59,105,46
86727,ext_acb9b229,0,59,126,62
86727,ext_ace4b8bd,0,80,126,42
86727,ext_af219f2a,0,115,126,12
86727,ext_b0d38909,0,59,126,62
86727,ext_b1aa9127,0,79,126,43
86727,ext_b7aaccf0,0,114,126,13
86727,ext_b90d8864,0,59,105,46
86727,ext_bc8257ae,0,59,105,46
86727,ext_bfe592d8,0,59,105,46
86727,ext_c29624cd,0,59,105,46
86727,ext_c2b4d3a9,0,59,126,62
86727,ext_c599dca6,0,59,105,46
86727,ext_c60155dc,0,59,126,62
86727,ext_c65129d3,0,59,105,46
86727,ext_c966fe13,0,110,126,16
86727,ext_ca3a1a0b,0,59,105,46
86727,ext_cb145ae4,0,59,105,46
86727,ext_ceb45a0e,0,59,105,46
86727,ext_d11ab9ad,0,59,105,46
86727,ext_d11fbaee,0,59,126,62
86727,ext_d242fbf0,0,59,105,46
86727,ext_d481cff7,0,59,105,46
86727,ext_d51459ff,0,59,105,46
86727,ext_d58a1ca0,0,59,105,46
86727,ext_d6c4a8a2,0,59,105,46
86727,ext_d77c5841,0,59,126,62
86727,ext_dab1d179,0,76,126,45
86727,ext_e25effad,0,59,126,62
86727,ext_e63c64fb,0,59,126,62
86727,ext_e69707be,0,59,126,62
86727,ext_ea8a8aca,0,59,126,62
86727,ext_eaa07323,0,126,126,1
86727,ext_ed624a1b,0,59,105,46
86727,ext_ee98e883,0,59,105,46
86727,ext_ef7c92d4,0,59,126,62
86727,ext_f48b89ee,0,59,126,62
86727,ext_f522d770,0,59,126,62
86727,ext_f5475d47,0,59,105,46
86727,ext_f7298329,0,59,105,46
86727,ext_fefd73bd,0,59,126,62
88133,10841,1,64,106,17
88133,17353,1,64,106,17
88133,23144,1,64,106,17
88133,23642,1,64,106,17
88133,25947,1,64,106,17
88133,39783,1,64,106,17
88133,40997,1,64,106,17
88133,46160,1,92,106,5
88133,49597,1,64,106,17
88133,51597,1,64,106,17
88133,51722,1,64,106,17
88133,52923,1,64,106,17
88133,53275,1,64,106,17
88133,76313,1,64,106,17
88133,82282,1,64,106,17
88133,86352,1,64,106,17
88133,ext_044a2719,0,64,106,17
88133,ext_0714ee21,0,59,106,19
88133,ext_0b56810d,0,64,106,17
88133,ext_0d7b3c36,0,64,106,17
88133,ext_0d8d300f,0,64,106,17
88133,ext_10712d15,0,64,106,17
88133,ext_108d33d1,0,73,106,16
88133,ext_15477c00,0,88,92,4
88133,ext_15e04a68,0,64,106,17
88133,ext_1bb8a67c,0,64,106,17
88133,ext_1bedb32b,0,64,106,17
88133,ext_1c8900c1,0,64,106,17
88133,ext_1d2094d4,0,73,106,16
88133,ext_20a4c8bc,0,64,64,1
88133,ext_24029640,0,64,106,17
88133,ext_26fb4085,0,90,106,6
88133,ext_2a093096,0,64,106,17
88133,ext_2a8d62a2,0,64,106,17
88133,ext_2cf1982f,0,64,106,17
88133,ext_2fcc4fef,0,99,106,4
88133,ext_2fdacf15,0,106,106,1
88133,ext_3287d2eb,0,64,106,17
88133,ext_34e5e533,0,64,106,17
88133,ext_36b9bce9,0,64,106,17
88133,ext_36ecd2f1,0,64,106,17
88133,ext_374ffb68,0,73,106,16
88133,ext_3833e761,0,64,106,17
88133,ext_38caa2f5,0,64,106,17
88133,ext_39c9a1e0,0,86,106,10
88133,ext_39dabdfc,0,64,106,17
88133,ext_3b8d19a7,0,64,106,17
88133,ext_3ba39dec,0,64,106,17
88133,ext_3c2bf61b,0,64,64,1
88133,ext_3ef059e2,0,73,106,16
88133,ext_3fa31693,0,64,106,17
88133,ext_3ff53bb6,0,64,106,17
88133,ext_411308c7,0,64,106,17
88133,ext_41785f45,0,64,106,17
88133,ext_4246c74c,0,64,106,17
88133,ext_432974d1,0,64,106,17
88133,ext_45c37b30,0,64,106,17
88133,ext_4857968b,0,64,106,17
88133,ext_495e43bf,0,64,106,17
88133,ext_49b39286,0,64,106,17
88133,ext_4af784f2,0,64,106,17
88133,ext_4bec11f3,0,64,106,17
88133,ext_4c4832d0,0,64,106,17
88133,ext_4cd4dc0e,0,64,106,17
88133,ext_4d20249d,0,64,106,17
88133,ext_4de9f98c,0,64,106,17
88133,ext_4efe2dbb,0,89,106,7
88133,ext_504ab5c2,0,64,106,17
88133,ext_50fd4f1a,0,64,106,17
88133,ext_51191355,0,64,106,17
88133,ext_53044c3a,0,64,106,17
88133,ext_55ae19f4,0,64,106,17
88133,ext_5637409f,0,64,106,17
88133,ext_567a2964,0,64,106,17
88133,ext_5684c0d5,0,75,106,15
88133,ext_5c90392d,0,64,106,17
88133,ext_5df24adc,0,64,106,17
88133,ext_62668e07,0,64,106,17
88133,ext_68628d87,0,64,106,17
88133,ext_695c7967,0,64,106,17
88133,ext_6b05e521,0,64,106,17
88133,ext_6b1158ed,0,86,106,10
88133,ext_6bffa329,0,64,106,17
88133,ext_724b0e7f,0,64,106,17
88133,ext_75d0d17e,0,75,106,15
88133,ext_7a1e63be,0,64,106,17
88133,ext_7ab5d3f1,0,64,106,17
88133,ext_7c16682a,0,38,53,9
88133,ext_7c7d8e12,0,64,106,17
88133,ext_7dd0ab96,0,73,106,16
88133,ext_7e1fd5a6,0,64,106,17
88133,ext_7e2677c8,0,64,106,17
88133,ext_7e7165c7,0,64,106,17
88133,ext_80f268ce,0,64,106,17
88133,ext_811e1a42,0,64,106,17
88133,ext_82feeaf8,0,64,106,17
88133,ext_873de068,0,64,106,17
88133,ext_87e559bb,0,92,106,5
88133,ext_8df11910,0,64,106,17
88133,ext_904f5c92,0,75,76,2
88133,ext_955b6b6b,0,92,106,5
88133,ext_95752229,0,73,73,1
88133,ext_95dde78b,0,64,106,17
88133,ext_96961cf6,0,64,106,17
88133,ext_9769a554,0,64,106,17
88133,ext_9c760e5c,0,64,106,17
88133,ext_a036c0fb,0,64,106,17
88133,ext_a1b1f914,0,64,106,17
88133,ext_a3aa62dc,0,99,106,4
88133,ext_a6f5d88a,0,64,106,17
88133,ext_aad966ac,0,64,106,17
88133,ext_abac729c,0,73,86,7
88133,ext_ac09de9e,0,64,106,17
88133,ext_ad33f885,0,73,106,16
88133,ext_b0ef6c1f,0,99,106,4
88133,ext_b413c3bf,0,86,106,10
88133,ext_b5f295b2,0,64,106,17
88133,ext_b670846c,0,64,64,1
88133,ext_b8c0753c,0,64,106,17
88133,ext_b8f7d673,0,64,106,17
88133,ext_be32643f,0,64,106,17
88133,ext_bed65fd5,0,64,106,17
88133,ext_bff5c2ed,0,64,106,17
88133,ext_c763b89f,0,64,106,17
88133,ext_cc64e898,0,64,106,17
88133,ext_cd427a8a,0,106,106,1
88133,ext_cdb23082,0,64,106,17
88133,ext_d1380399,0,64,92,13
88133,ext_d31a0eb8,0,64,106,17
88133,ext_d6ad9312,0,64,106,17
88133,ext_d7faa6f7,0,64,106,17
88133,ext_d80eb1a9,0,79,106,12
88133,ext_d8a3edc6,0,64,106,17
88133,ext_db0f8d8a,0,64,106,17
88133,ext_db199027,0,64,106,17
88133,ext_dbf0b309,0,64,64,1
88133,ext_dd93f9cf,0,64,106,17
88133,ext_ddcae882,0,64,106,17
88133,ext_dfd36f90,0,64,106,17
88133,ext_e3e1b093,0,64,106,17
88133,ext_e6a48e14,0,64,106,17
88133,ext_eb534c25,0,89,106,7
88133,ext_ecbf90d6,0,64,106,17
88133,ext_ef877806,0,64,64,1
88133,ext_f16ed1c2,0,64,106,17
88133,ext_f3b97631,0,106,106,1
88133,ext_f5011f1c,0,64,106,17
88133,ext_f5ca3378,0,73,106,16
88133,ext_f5d6c99c,0,64,106,17
88133,ext_f6d26bb8,0,87,106,9
88133,ext_f9364115,0,64,106,17
88133,ext_fa42414f,0,64,106,17
88133,ext_fa9403ca,0,78,87,5
88175,16495,1,62,114,40
88175,24853,1,107,114,8
88175,31583,1,62,107,33
88175,34853,1,78,84,3
88175,38901,1,62,105,32
88175,44167,1,62,114,40
88175,57896,1,62,105,32
88175,68494,1,62,114,40
88175,71700,1,62,114,40
88175,78638,1,62,82,15
88175,ext_0036847c,0,62,114,40
88175,ext_012c9c9d,0,105,114,9
88175,ext_01e16a9f,0,62,114,40
88175,ext_020c474a,0,62,114,40
88175,ext_02e9f044,0,62,114,40
88175,ext_07993e9f,0,62,114,40
88175,ext_09049640,0,107,114,8
88175,ext_0bcc6a4b,0,107,114,8
88175,ext_0e5f326f,0,62,114,40
88175,ext_0ea3a0e9,0,62,114,40
88175,ext_0f8d07b3,0,62,114,40
88175,ext_10ddeb86,0,62,114,40
88175,ext_165dbcab,0,62,114,40
88175,ext_169e976a,0,62,114,40
88175,ext_185cbc7c,0,62,114,40
88175,ext_1ae58e86,0,62,113,35
88175,ext_1b532d10,0,62,114,40
88175,ext_1da2f530,0,62,114,40
88175,ext_1df7cb6f,0,62,114,40
88175,ext_1f5e2b6e,0,62,114,40
88175,ext_1fcdd8a1,0,62,114,40
88175,ext_220b8827,0,62,114,40
88175,ext_223cdd8c,0,62,114,40
88175,ext_24f564a5,0,62,114,40
88175,ext_265aea48,0,62,114,40
88175,ext_28838b0d,0,98,114,15
88175,ext_28d6f32e,0,62,114,40
88175,ext_2ab821d1,0,62,114,40
88175,ext_2aca75a9,0,108,114,7
88175,ext_2afc84de,0,62,114,40
88175,ext_2c1ecb29,0,62,114,40
88175,ext_2ffcb505,0,62,114,40
88175,ext_311b2329,0,62,114,40
88175,ext_329b0158,0,91,114,21
88175,ext_36823df6,0,62,114,40
88175,ext_377df82e,0,62,114,40
88175,ext_378afcc8,0,62,114,40
88175,ext_3c5220ae,0,62,114,40
88175,ext_3dfef290,0,62,114,40
88175,ext_3ebb63c0,0,88,114,23
88175,ext_3f57f121,0,62,114,40
88175,ext_417dc210,0,62,114,40
88175,ext_41b5f010,0,62,114,40
88175,ext_4326a0a3,0,108,114,7
88175,ext_445f9afc,0,62,114,40
88175,ext_45c37b30,0,62,114,40
88175,ext_45f4260b,0,62,114,40
88175,ext_46c22011,0,62,114,40
88175,ext_47c82d59,0,62,114,40
88175,ext_4974c9c8,0,62,114,40
88175,ext_4bdf3bfb,0,62,114,40
88175,ext_53b80116,0,62,114,40
88175,ext_58649d39,0,62,114,40
88175,ext_5ab6f9fb,0,62,114,40
88175,ext_5bfd2142,0,62,114,40
88175,ext_5c0bb905,0,62,114,40
88175,ext_608d2936,0,62,114,40
88175,ext_613114e7,0,110,114,5
88175,ext_63e8dccb,0,62,114,40
88175,ext_684fd4a2,0,110,114,5
88175,ext_6a7c96d6,0,107,114,8
88175,ext_6b086939,0,62,114,40
88175,ext_6b8632df,0,62,114,40
88175,ext_6c027683,0,107,114,8
88175,ext_6f593924,0,107,114,8
88175,ext_70c3799a,0,62,114,40
88175,ext_70dfc7d6,0,62,114,40
88175,ext_730dd19f,0,62,114,40
88175,ext_73174e4b,0,62,114,40
88175,ext_73bba6e9,0,62,114,40
88175,ext_7482813a,0,107,114,8
88175,ext_74957956,0,62,114,40
88175,ext_755fda10,0,62,114,40
88175,ext_7a93d73f,0,88,114,23
88175,ext_7b19f120,0,62,114,40
88175,ext_7c09dc05,0,62,114,40
88175,ext_7cc2789b,0,107,114,8
88175,ext_7d330cd3,0,62,114,40
88175,ext_7f358a1e,0,62,114,40
88175,ext_80757f66,0,62,114,40
88175,ext_808e6cb4,0,62,114,40
88175,ext_81571fe5,0,62,114,40
88175,ext_83b13512,0,62,114,40
88175,ext_841742d4,0,62,114,40
88175,ext_84e0a425,0,62,114,40
88175,ext_85701e4c,0,103,114,11
88175,ext_8833c731,0,62,114,40
88175,ext_8a95adfc,0,62,114,40
88175,ext_8b7ac4a0,0,62,114,40
88175,ext_8d59e9c1,0,107,114,8
88175,ext_90187887,0,62,114,40
88175,ext_90895858,0,62,114,40
88175,ext_90fc41fb,0,62,114,40
88175,ext_916f5230,0,62,114,40
88175,ext_9197ddc3,0,62,114,40
88175,ext_926819ab,0,62,114,40
88175,ext_92f2f5c3,0,62,114,40
88175,ext_976e3f9f,0,62,114,40
88175,ext_99338604,0,84,114,25
88175,ext_99d9bceb,0,82,114,26
88175,ext_9b990d3a,0,62,114,40
88175,ext_9daabfac,0,62,114,40
88175,ext_9e2858ba,0,62,114,40
88175,ext_9f6caab3,0,62,114,40
88175,ext_a67bdf46,0,62,114,40
88175,ext_a74913ba,0,107,114,8
88175,ext_a815fca1,0,62,114,40
88175,ext_a9e015a3,0,62,114,40
88175,ext_ac1e4d5a,0,62,114,40
88175,ext_ac505758,0,62,114,40
88175,ext_ad42c9a0,0,62,114,40
88175,ext_aea11344,0,62,114,40
88175,ext_af0d23dc,0,62,114,40
88175,ext_af6319e5,0,108,114,7
88175,ext_b002fbd7,0,107,114,8
88175,ext_b1deddff,0,62,114,40
88175,ext_b378cb8d,0,107,114,8
88175,ext_b45e10ae,0,62,114,40
88175,ext_b775336f,0,62,114,40
88175,ext_b7b74a45,0,62,114,40
88175,ext_bcbdc67f,0,62,114,40
88175,ext_bd07cbb8,0,62,114,40
88175,ext_be867374,0,62,114,40
88175,ext_bed97315,0,91,114,21
88175,ext_c1a8e9d4,0,105,114,9
88175,ext_c1f489b4,0,62,114,40
88175,ext_c4a05e19,0,102,114,12
88175,ext_c65129d3,0,62,114,40
88175,ext_c775b8fa,0,62,114,40
88175,ext_c81b5ebd,0,62,114,40
88175,ext_c89100a5,0,62,114,40
88175,ext_ca2d479c,0,89,114,22
88175,ext_ca543b7e,0,107,114,8
88175,ext_cafcc261,0,62,114,40
88175,ext_cb5cdd7b,0,62,105,32
88175,ext_cbc131ba,0,84,114,25
88175,ext_cccab0d2,0,62,114,40
88175,ext_cd8a1427,0,67,114,36
88175,ext_cdc651a2,0,62,114,40
88175,ext_cdd854a4,0,62,114,40
88175,ext_d02ae593,0,62,114,40
88175,ext_d357a212,0,107,114,8
88175,ext_d7d625d7,0,101,114,5
88175,ext_d9505a25,0,62,114,40
88175,ext_de052920,0,62,114,40
88175,ext_debf173e,0,97,114,16
88175,ext_df3cc23c,0,62,114,40
88175,ext_dfd8cb73,0,67,114,36
88175,ext_e0af1b9c,0,65,114,38
88175,ext_e1309cda,0,62,114,40
88175,ext_e7260648,0,62,114,40
88175,ext_e7eabde0,0,62,114,40
88175,ext_ed5cb5ea,0,85,114,24
88175,ext_edb05c76,0,107,114,8
88175,ext_efa134f8,0,62,114,40
88175,ext_f0400888,0,108,114,7
88175,ext_f0657a11,0,62,114,40
88175,ext_f0ddea71,0,107,114,8
88175,ext_f48b89ee,0,62,114,40
88175,ext_f681194a,0,62,114,40
88175,ext_f9c70eb5,0,62,114,40
88175,ext_f9d90e41,0,62,114,40
88175,ext_fb497aef,0,62,114,40
88175,ext_fc6edf00,0,62,114,40
88175,ext_ff79c52e,0,62,114,40
89827,51552,1,59,79,13
89827,57637,1,59,79,13
89827,66754,1,59,79,13
89827,67947,1,59,79,13
89827,ext_04140044,0,59,79,13
89827,ext_0e552c9b,0,60,79,11
89827,ext_0fff2d80,0,59,79,13
89827,ext_14e197ec,0,59,79,13
89827,ext_16692e3b,0,59,79,13
89827,ext_17f2f2b1,0,78,79,2
89827,ext_26fb4085,0,67,79,6
89827,ext_2ca46ac8,0,59,79,13
89827,ext_340abb4e,0,59,79,13
89827,ext_3591e4a6,0,60,79,11
89827,ext_389a92ec,0,78,79,2
89827,ext_42e02d6d,0,78,79,2
89827,ext_42fdb0f7,0,59,79,13
89827,ext_44607bd8,0,59,79,13
89827,ext_44bf79d4,0,59,79,13
89827,ext_4b36b527,0,59,79,13
89827,ext_59af8134,0,60,79,11
89827,ext_5e8672bd,0,59,79,13
89827,ext_5e98828a,0,59,79,13
89827,ext_62e604f3,0,78,79,2
89827,ext_643767eb,0,59,79,13
89827,ext_7f757bd7,0,59,79,13
89827,ext_85451d70,0,60,79,11
89827,ext_867b7132,0,68,79,5
89827,ext_8f0292fd,0,59,79,13
89827,ext_94784602,0,59,79,13
89827,ext_9cf14b31,0,59,79,13
89827,ext_9d79f27c,0,78,79,2
89827,ext_ae9ffe51,0,59,79,13
89827,ext_b0fba4c2,0,79,79,1
89827,ext_b2f50b6a,0,59,79,13
89827,ext_b8f39dfb,0,65,79,7
89827,ext_bce4786c,0,59,79,13
89827,ext_bd631fa5,0,59,79,13
89827,ext_c276bce0,0,59,79,13
89827,ext_cb0cdfe7,0,60,79,11
89827,ext_d093a56c,0,59,79,13
89827,ext_d379f250,0,59,79,13
89827,ext_d5c42a7b,0,78,79,2
89827,ext_e9c940e2,0,67,79,6
89827,ext_ff1932a2,0,59,79,13
