egoid,study_week,stata_week,indegree,outdegree,total_degree,sms_in,sms_out,total_sms,voice_in,voice_out,total_voice,total_communication
62560,-1,2683,1,0,1,34,0,34,0,0,0,34
10060,0,2684,0,1,1,0,1,1,0,0,0,1
10353,0,2684,33,18,51,68,41,109,2,0,2,111
10841,0,2684,5,7,12,28,34,62,0,9,9,71
11692,0,2684,1,0,1,1,0,1,0,0,0,1
13116,0,2684,26,35,61,225,266,491,48,108,156,647
14106,0,2684,1,0,1,0,0,0,3,0,3,3
14188,0,2684,9,34,43,33,66,99,1,9,10,109
15723,0,2684,1,0,1,1,0,1,0,0,0,1
16313,0,2684,35,66,101,142,188,330,3,5,8,338
17353,0,2684,4,5,9,2,2,4,5,9,14,18
18394,0,2684,5,2,7,52,49,101,2,0,2,103
18420,0,2684,3,2,5,1,0,1,2,2,4,5
18707,0,2684,2,0,2,3,0,3,2,0,2,5
19066,0,2684,2,5,7,7,8,15,0,6,6,21
19844,0,2684,3,3,6,5,4,9,4,8,12,21
20905,0,2684,13,17,30,31,25,56,4,28,32,88
22617,0,2684,12,13,25,113,101,214,13,11,24,238
22745,0,2684,17,17,34,82,78,160,0,1,1,161
22931,0,2684,34,68,102,132,171,303,11,15,26,329
24543,0,2684,5,5,10,6,4,10,1,3,4,14
24760,0,2684,4,6,10,47,49,96,1,8,9,105
25171,0,2684,0,1,1,0,0,0,0,1,1,1
26425,0,2684,9,8,17,49,44,93,6,11,17,110
26999,0,2684,13,13,26,89,118,207,14,56,70,277
28831,0,2684,0,5,5,0,2,2,0,3,3,5
29914,0,2684,2,0,2,22,0,22,0,0,0,22
30076,0,2684,2,2,4,9,8,17,0,0,0,17
30952,0,2684,13,17,30,22,24,46,33,65,98,144
31372,0,2684,4,10,14,39,37,76,0,8,8,84
31583,0,2684,1,1,2,1,1,2,0,0,0,2
32100,0,2684,0,4,4,0,1,1,0,3,3,4
32174,0,2684,1,3,4,1,0,1,0,3,3,4
33094,0,2684,2,1,3,2,1,3,0,0,0,3
34853,0,2684,38,74,112,110,151,261,3,12,15,276
35227,0,2684,1,4,5,1,3,4,0,3,3,7
36006,0,2684,3,3,6,3,3,6,0,1,1,7
36143,0,2684,6,8,14,13,8,21,4,10,14,35
36951,0,2684,1,0,1,1,0,1,0,0,0,1
38901,0,2684,9,10,19,18,12,30,3,8,11,41
39122,0,2684,15,28,43,40,49,89,7,16,23,112
39701,0,2684,0,3,3,0,0,0,0,3,3,3
40557,0,2684,4,4,8,11,10,21,0,2,2,23
40629,0,2684,1,1,2,3,3,6,0,0,0,6
40877,0,2684,2,3,5,14,20,34,0,1,1,35
41393,0,2684,1,1,2,1,1,2,0,0,0,2
44167,0,2684,5,6,11,22,15,37,2,7,9,46
44520,0,2684,0,1,1,0,0,0,0,2,2,2
44956,0,2684,1,1,2,0,0,0,1,1,2,2
45000,0,2684,10,11,21,21,25,46,1,5,6,52
45539,0,2684,1,1,2,3,2,5,0,0,0,5
45945,0,2684,18,11,29,119,106,225,0,0,0,225
46021,0,2684,7,8,15,53,45,98,1,7,8,106
46160,0,2684,2,4,6,4,5,9,0,0,0,9
46654,0,2684,7,8,15,55,51,106,4,8,12,118
46771,0,2684,9,14,23,43,40,83,3,6,9,92
48187,0,2684,1,1,2,1,1,2,0,0,0,2
48990,0,2684,3,2,5,7,8,15,2,0,2,17
49294,0,2684,4,6,10,53,41,94,2,19,21,115
50181,0,2684,7,12,19,7,3,10,5,22,27,37
50869,0,2684,6,5,11,18,15,33,1,2,3,36
51102,0,2684,6,5,11,21,19,40,0,1,1,41
51470,0,2684,2,4,6,34,24,58,1,6,7,65
51597,0,2684,4,3,7,3,1,4,4,9,13,17
51675,0,2684,1,3,4,0,0,0,4,5,9,9
52067,0,2684,1,1,2,2,2,4,0,0,0,4
52615,0,2684,18,17,35,36,29,65,5,29,34,99
52635,0,2684,6,6,12,23,6,29,6,15,21,50
52923,0,2684,1,1,2,0,0,0,1,2,3,3
53275,0,2684,3,9,12,14,17,31,1,18,19,50
53884,0,2684,1,1,2,2,2,4,1,0,1,5
55464,0,2684,5,3,8,9,6,15,2,5,7,22
57637,0,2684,9,12,21,13,19,32,1,3,4,36
57896,0,2684,12,15,27,82,92,174,2,12,14,188
60482,0,2684,4,7,11,5,9,14,0,7,7,21
60830,0,2684,15,25,40,79,77,156,25,44,69,225
61280,0,2684,7,6,13,23,20,43,3,5,8,51
62555,0,2684,10,21,31,46,40,86,18,85,103,189
62560,0,2684,16,16,32,97,52,149,7,11,18,167
63063,0,2684,5,5,10,16,17,33,0,1,1,34
63757,0,2684,3,0,3,3,0,3,0,0,0,3
65102,0,2684,2,7,9,6,4,10,4,21,25,35
65591,0,2684,21,13,34,68,65,133,36,44,80,213
66052,0,2684,10,12,22,22,7,29,22,40,62,91
66404,0,2684,1,2,3,5,0,5,4,2,6,11
66754,0,2684,6,6,12,11,12,23,1,2,3,26
66991,0,2684,3,4,7,10,8,18,1,5,6,24
68533,0,2684,1,1,2,0,0,0,1,2,3,3
69065,0,2684,1,0,1,1,0,1,0,0,0,1
69669,0,2684,4,10,14,36,38,74,6,16,22,96
70889,0,2684,4,4,8,11,8,19,1,2,3,22
71187,0,2684,1,1,2,1,0,1,0,2,2,3
71518,0,2684,0,1,1,0,0,0,0,1,1,1
71627,0,2684,5,0,5,6,0,6,0,0,0,6
71782,0,2684,2,3,5,7,12,19,2,0,2,21
72700,0,2684,0,1,1,0,0,0,0,1,1,1
75178,0,2684,9,12,21,7,8,15,26,41,67,82
75261,0,2684,4,6,10,9,7,16,1,7,8,24
75466,0,2684,4,3,7,4,1,5,1,4,5,10
76313,0,2684,2,1,3,0,0,0,4,1,5,5
77023,0,2684,0,1,1,0,1,1,0,0,0,1
77291,0,2684,27,26,53,66,60,126,7,2,9,135
77824,0,2684,17,11,28,84,73,157,2,3,5,162
78966,0,2684,9,13,22,54,15,69,2,4,6,75
79877,0,2684,2,0,2,1,0,1,1,0,1,2
80058,0,2684,7,10,17,21,27,48,0,2,2,50
82060,0,2684,1,1,2,0,0,0,1,1,2,2
83184,0,2684,3,5,8,12,11,23,1,8,9,32
84472,0,2684,13,15,28,218,207,425,4,17,21,446
85596,0,2684,26,27,53,226,215,441,3,15,18,459
85970,0,2684,4,2,6,9,10,19,1,0,1,20
86237,0,2684,2,2,4,3,1,4,2,1,3,7
86352,0,2684,5,12,17,18,18,36,8,17,25,61
86610,0,2684,1,1,2,2,1,3,0,0,0,3
86727,0,2684,4,6,10,16,16,32,0,1,1,33
88133,0,2684,1,1,2,3,2,5,1,0,1,6
88175,0,2684,2,1,3,6,2,8,2,2,4,12
89827,0,2684,2,6,8,3,5,8,0,1,1,9
10060,1,2685,12,13,25,51,66,117,11,28,39,156
10281,1,2685,12,11,23,516,488,1004,4,21,25,1029
10353,1,2685,26,22,48,267,258,525,11,20,31,556
10841,1,2685,19,28,47,125,151,276,10,80,90,366
11023,1,2685,18,23,41,92,108,200,10,30,40,240
11360,1,2685,20,25,45,250,289,539,11,51,62,601
11692,1,2685,23,24,47,692,680,1372,3,21,24,1396
13116,1,2685,31,35,66,526,563,1089,46,108,154,1243
13799,1,2685,35,56,91,143,195,338,7,33,40,378
13882,1,2685,34,51,85,348,385,733,4,11,15,748
13896,1,2685,13,14,27,70,77,147,16,35,51,198
14106,1,2685,25,52,77,89,112,201,4,16,20,221
14188,1,2685,16,21,37,89,115,204,7,19,26,230
14962,1,2685,47,50,97,581,446,1027,14,34,48,1075
15071,1,2685,5,7,12,245,182,427,21,30,51,478
15548,1,2685,8,10,18,126,142,268,16,15,31,299
15723,1,2685,21,30,51,109,123,232,2,33,35,267
16313,1,2685,35,38,73,470,494,964,14,27,41,1005
16495,1,2685,28,30,58,123,121,244,14,29,43,287
17041,1,2685,11,15,26,2,4,6,11,41,52,58
17353,1,2685,14,20,34,37,36,73,8,51,59,132
18344,1,2685,6,12,18,71,70,141,2,27,29,170
18394,1,2685,21,26,47,558,502,1060,10,17,27,1087
18420,1,2685,9,27,36,9,22,31,12,32,44,75
18707,1,2685,25,32,57,106,126,232,5,27,32,264
19066,1,2685,23,31,54,101,115,216,8,52,60,276
19844,1,2685,22,20,42,176,156,332,7,8,15,347
20905,1,2685,34,30,64,131,112,243,22,95,117,360
21350,1,2685,10,9,19,148,153,301,9,27,36,337
22540,1,2685,3,1,4,5,1,6,0,0,0,6
22617,1,2685,26,25,51,571,616,1187,10,9,19,1206
22745,1,2685,24,28,52,403,426,829,8,17,25,854
22931,1,2685,31,27,58,262,211,473,18,27,45,518
23040,1,2685,26,40,66,173,178,351,6,12,18,369
23642,1,2685,7,12,19,132,121,253,10,32,42,295
24543,1,2685,22,21,43,92,100,192,15,51,66,258
24760,1,2685,21,30,51,270,304,574,15,47,62,636
24853,1,2685,13,21,34,89,75,164,6,34,40,204
25171,1,2685,23,25,48,335,340,675,27,96,123,798
25323,1,2685,11,17,28,79,83,162,4,19,23,185
25494,1,2685,1,1,2,1,0,1,0,2,2,3
25544,1,2685,4,5,9,67,91,158,0,1,1,159
25947,1,2685,18,22,40,97,89,186,11,30,41,227
26127,1,2685,8,14,22,32,43,75,5,32,37,112
26425,1,2685,13,14,27,85,116,201,5,26,31,232
26999,1,2685,9,17,26,125,133,258,12,60,72,330
28831,1,2685,24,69,93,50,118,168,3,31,34,202
29914,1,2685,25,22,47,102,65,167,4,39,43,210
30076,1,2685,24,34,58,181,201,382,2,16,18,400
30952,1,2685,25,37,62,69,83,152,24,67,91,243
31372,1,2685,10,15,25,217,211,428,5,29,34,462
31583,1,2685,35,43,78,889,862,1751,15,50,65,1816
32100,1,2685,10,13,23,41,29,70,7,28,35,105
32174,1,2685,13,21,34,84,108,192,5,17,22,214
32899,1,2685,9,11,20,35,34,69,7,29,36,105
33094,1,2685,26,29,55,260,266,526,44,125,169,695
34250,1,2685,7,15,22,26,37,63,8,33,41,104
34853,1,2685,47,59,106,497,556,1053,17,52,69,1122
35227,1,2685,23,28,51,219,247,466,10,57,67,533
36006,1,2685,6,11,17,54,46,100,6,14,20,120
36143,1,2685,33,42,75,243,207,450,25,93,118,568
36951,1,2685,20,26,46,230,231,461,5,24,29,490
37617,1,2685,51,83,134,335,345,680,15,34,49,729
38823,1,2685,51,85,136,414,478,892,8,16,24,916
38893,1,2685,13,13,26,29,22,51,16,24,40,91
38901,1,2685,37,38,75,220,181,401,6,18,24,425
38927,1,2685,44,83,127,360,399,759,10,29,39,798
39122,1,2685,12,14,26,34,20,54,8,29,37,91
39253,1,2685,18,20,38,95,71,166,13,26,39,205
39701,1,2685,23,24,47,221,215,436,11,34,45,481
39783,1,2685,20,22,42,235,258,493,7,28,35,528
40557,1,2685,35,38,73,630,654,1284,33,55,88,1372
40629,1,2685,63,42,105,329,291,620,13,23,36,656
40997,1,2685,9,17,26,33,45,78,10,41,51,129
41393,1,2685,19,41,60,298,309,607,7,10,17,624
44167,1,2685,67,43,110,250,200,450,8,62,70,520
44520,1,2685,18,18,36,100,90,190,18,49,67,257
44947,1,2685,16,20,36,366,370,736,7,24,31,767
44956,1,2685,14,20,34,46,42,88,3,37,40,128
45000,1,2685,11,13,24,130,131,261,3,8,11,272
45292,1,2685,2,1,3,10,0,10,0,1,1,11
45539,1,2685,19,20,39,484,426,910,13,30,43,953
45945,1,2685,21,27,48,271,277,548,6,25,31,579
46021,1,2685,18,17,35,278,211,489,15,43,58,547
46160,1,2685,11,13,24,95,102,197,1,12,13,210
46654,1,2685,29,26,55,452,354,806,61,83,144,950
46771,1,2685,28,33,61,305,212,517,19,81,100,617
47230,1,2685,7,14,21,29,21,50,6,46,52,102
48187,1,2685,18,20,38,211,204,415,12,20,32,447
48429,1,2685,56,54,110,409,314,723,39,113,152,875
48990,1,2685,9,10,19,265,257,522,13,32,45,567
49294,1,2685,9,10,19,364,328,692,5,29,34,726
49597,1,2685,4,9,13,44,38,82,4,32,36,118
50181,1,2685,15,14,29,34,30,64,14,29,43,107
50709,1,2685,18,18,36,197,206,403,5,19,24,427
50869,1,2685,25,28,53,134,122,256,7,40,47,303
50947,1,2685,28,42,70,197,238,435,5,22,27,462
51102,1,2685,66,59,125,1745,1730,3475,29,73,102,3577
51470,1,2685,20,27,47,282,253,535,17,36,53,588
51597,1,2685,12,12,24,36,20,56,3,33,36,92
51675,1,2685,8,9,17,170,219,389,14,57,71,460
51722,1,2685,13,15,28,73,71,144,4,30,34,178
52067,1,2685,39,39,78,871,863,1734,12,30,42,1776
52385,1,2685,34,27,61,391,378,769,12,27,39,808
52441,1,2685,59,37,96,734,664,1398,22,29,51,1449
52615,1,2685,17,24,41,166,167,333,12,28,40,373
52635,1,2685,15,14,29,57,36,93,16,16,32,125
52923,1,2685,8,12,20,152,112,264,19,40,59,323
53275,1,2685,16,27,43,81,61,142,13,118,131,273
53884,1,2685,17,21,38,106,109,215,6,29,35,250
55464,1,2685,50,48,98,293,262,555,19,63,82,637
55594,1,2685,16,25,41,128,135,263,14,46,60,323
57637,1,2685,17,19,36,135,164,299,10,26,36,335
57896,1,2685,23,24,47,149,139,288,9,29,38,326
58168,1,2685,8,17,25,21,33,54,0,2,2,56
58909,1,2685,11,13,24,93,94,187,4,12,16,203
59367,1,2685,24,28,52,195,161,356,12,33,45,401
60482,1,2685,23,33,56,160,136,296,29,54,83,379
60830,1,2685,25,24,49,181,210,391,49,62,111,502
61280,1,2685,22,23,45,372,362,734,9,29,38,772
62555,1,2685,24,29,53,78,72,150,49,112,161,311
62560,1,2685,24,22,46,308,273,581,15,41,56,637
63063,1,2685,24,31,55,407,333,740,2,29,31,771
63188,1,2685,21,24,45,138,157,295,1,14,15,310
63757,1,2685,11,17,28,101,91,192,6,26,32,224
63817,1,2685,15,14,29,525,461,986,15,39,54,1040
64772,1,2685,22,27,49,181,179,360,9,35,44,404
65102,1,2685,13,15,28,405,416,821,20,49,69,890
65526,1,2685,8,12,20,220,230,450,5,14,19,469
65591,1,2685,7,13,20,60,70,130,25,86,111,241
66052,1,2685,27,33,60,93,44,137,39,126,165,302
66245,1,2685,13,16,29,81,68,149,5,14,19,168
66404,1,2685,49,85,134,380,414,794,10,17,27,821
66754,1,2685,26,34,60,389,377,766,2,30,32,798
66991,1,2685,23,26,49,271,199,470,23,65,88,558
67947,1,2685,20,28,48,115,87,202,25,74,99,301
68494,1,2685,47,69,116,589,613,1202,15,48,63,1265
68533,1,2685,23,24,47,134,116,250,17,39,56,306
68633,1,2685,12,18,30,66,81,147,5,13,18,165
69065,1,2685,21,20,41,584,597,1181,12,19,31,1212
69669,1,2685,9,9,18,39,39,78,23,28,51,129
70889,1,2685,12,10,22,135,134,269,1,0,1,270
71187,1,2685,4,7,11,50,27,77,1,8,9,86
71518,1,2685,15,15,30,164,133,297,11,17,28,325
71627,1,2685,29,36,65,197,188,385,31,70,101,486
71700,1,2685,38,38,76,226,239,465,6,23,29,494
71782,1,2685,20,19,39,199,190,389,9,25,34,423
72700,1,2685,6,4,10,9,8,17,0,2,2,19
72746,1,2685,14,9,23,59,58,117,8,2,10,127
73175,1,2685,8,9,17,31,30,61,1,8,9,70
73303,1,2685,11,10,21,94,107,201,7,11,18,219
74916,1,2685,32,34,66,617,649,1266,13,37,50,1316
75178,1,2685,10,7,17,36,38,74,5,7,12,86
75261,1,2685,40,45,85,461,499,960,61,135,196,1156
75466,1,2685,9,12,21,114,112,226,5,34,39,265
75468,1,2685,11,19,30,46,50,96,10,17,27,123
76313,1,2685,24,32,56,226,227,453,12,26,38,491
77023,1,2685,17,22,39,285,370,655,8,9,17,672
77291,1,2685,19,21,40,164,170,334,16,18,34,368
77824,1,2685,28,23,51,393,377,770,9,10,19,789
78062,1,2685,16,20,36,346,391,737,8,15,23,760
78638,1,2685,8,12,20,88,82,170,2,24,26,196
78911,1,2685,14,15,29,133,90,223,3,29,32,255
78966,1,2685,20,22,42,583,179,762,11,34,45,807
79877,1,2685,27,41,68,263,276,539,7,18,25,564
80058,1,2685,41,51,92,409,387,796,12,34,46,842
80193,1,2685,14,14,28,132,163,295,23,52,75,370
82060,1,2685,21,20,41,520,534,1054,35,55,90,1144
82282,1,2685,16,28,44,245,247,492,4,34,38,530
83184,1,2685,18,22,40,485,447,932,17,25,42,974
83568,1,2685,16,19,35,100,70,170,1,8,9,179
84215,1,2685,15,16,31,198,183,381,6,13,19,400
84472,1,2685,22,24,46,468,477,945,14,20,34,979
84625,1,2685,2,3,5,4,4,8,2,2,4,12
84841,1,2685,26,40,66,224,219,443,30,35,65,508
85596,1,2685,24,26,50,333,389,722,8,30,38,760
85970,1,2685,22,25,47,467,524,991,9,25,34,1025
86009,1,2685,11,17,28,84,80,164,11,43,54,218
86237,1,2685,8,10,18,27,31,58,1,17,18,76
86352,1,2685,23,33,56,145,156,301,26,86,112,413
86610,1,2685,24,28,52,549,562,1111,22,56,78,1189
86727,1,2685,14,15,29,165,181,346,9,9,18,364
88133,1,2685,20,23,43,198,224,422,12,18,30,452
88175,1,2685,24,30,54,156,167,323,8,43,51,374
89827,1,2685,28,29,57,261,249,510,17,33,50,560
10060,2,2686,9,9,18,75,64,139,2,7,9,148
10281,2,2686,11,12,23,959,973,1932,11,11,22,1954
10841,2,2686,15,15,30,47,58,105,13,36,49,154
11023,2,2686,21,20,41,242,230,472,10,20,30,502
11360,2,2686,18,21,39,205,237,442,14,30,44,486
11692,2,2686,16,20,36,1151,1194,2345,5,6,11,2356
13116,2,2686,29,39,68,308,357,665,24,69,93,758
13799,2,2686,17,28,45,119,167,286,6,39,45,331
13882,2,2686,19,19,38,198,214,412,1,2,3,415
13896,2,2686,8,13,21,68,69,137,6,35,41,178
14106,2,2686,13,13,26,46,39,85,3,11,14,99
14188,2,2686,15,21,36,140,173,313,9,26,35,348
14962,2,2686,32,35,67,524,496,1020,18,21,39,1059
15071,2,2686,6,9,15,391,391,782,12,20,32,814
15548,2,2686,1,1,2,0,0,0,1,1,2,2
15723,2,2686,24,23,47,173,183,356,12,34,46,402
16313,2,2686,35,37,72,462,469,931,12,46,58,989
16495,2,2686,13,20,33,180,172,352,5,15,20,372
17041,2,2686,5,18,23,3,3,6,6,27,33,39
17353,2,2686,13,16,29,126,119,245,3,26,29,274
18344,2,2686,18,22,40,127,115,242,4,12,16,258
18394,2,2686,16,16,32,508,484,992,10,11,21,1013
18420,2,2686,15,12,27,8,8,16,26,18,44,60
18707,2,2686,21,26,47,162,160,322,13,37,50,372
19066,2,2686,16,26,42,117,112,229,8,39,47,276
19844,2,2686,13,16,29,202,166,368,5,6,11,379
20905,2,2686,25,25,50,180,169,349,29,95,124,473
21350,2,2686,14,17,31,474,459,933,15,25,40,973
22540,2,2686,6,5,11,15,11,26,0,3,3,29
22617,2,2686,20,24,44,452,504,956,22,12,34,990
22745,2,2686,21,23,44,418,457,875,8,10,18,893
22931,2,2686,23,25,48,141,120,261,5,13,18,279
23040,2,2686,17,17,34,220,218,438,3,8,11,449
23144,2,2686,1,3,4,0,0,0,2,6,8,8
23642,2,2686,4,6,10,108,150,258,2,7,9,267
24543,2,2686,18,21,39,121,129,250,9,33,42,292
24760,2,2686,22,24,46,674,770,1444,16,31,47,1491
24853,2,2686,23,27,50,172,158,330,6,19,25,355
25171,2,2686,21,24,45,288,315,603,18,41,59,662
25323,2,2686,10,10,20,84,78,162,3,7,10,172
25494,2,2686,28,25,53,82,63,145,1,3,4,149
25544,2,2686,14,13,27,92,108,200,3,7,10,210
25947,2,2686,15,20,35,116,90,206,10,24,34,240
26127,2,2686,11,18,29,39,35,74,16,35,51,125
26425,2,2686,9,12,21,66,76,142,0,9,9,151
26999,2,2686,5,11,16,160,175,335,17,62,79,414
28831,2,2686,6,12,18,24,31,55,4,8,12,67
29914,2,2686,13,12,25,64,45,109,1,13,14,123
30076,2,2686,11,15,26,329,353,682,1,7,8,690
30952,2,2686,23,21,44,96,93,189,32,27,59,248
31372,2,2686,7,11,18,297,309,606,0,5,5,611
31583,2,2686,36,39,75,1521,1458,2979,22,31,53,3032
32100,2,2686,29,32,61,118,121,239,4,10,14,253
32174,2,2686,14,17,31,62,69,131,5,9,14,145
32899,2,2686,3,12,15,6,7,13,0,28,28,41
33094,2,2686,19,23,42,289,320,609,60,86,146,755
34250,2,2686,7,12,19,28,30,58,12,24,36,94
34853,2,2686,35,40,75,263,299,562,13,44,57,619
35227,2,2686,12,14,26,249,247,496,6,46,52,548
36006,2,2686,6,9,15,56,52,108,3,9,12,120
36143,2,2686,28,34,62,255,222,477,22,84,106,583
36951,2,2686,25,34,59,364,362,726,10,26,36,762
37617,2,2686,18,22,40,376,331,707,17,23,40,747
38823,2,2686,17,23,40,203,221,424,7,14,21,445
38893,2,2686,5,7,12,8,10,18,14,19,33,51
38901,2,2686,28,30,58,189,183,372,5,11,16,388
38927,2,2686,30,30,60,455,435,890,12,27,39,929
39122,2,2686,15,19,34,54,35,89,4,26,30,119
39253,2,2686,20,18,38,116,86,202,14,32,46,248
39701,2,2686,16,18,34,204,188,392,7,33,40,432
39783,2,2686,10,10,20,104,110,214,9,14,23,237
40557,2,2686,35,34,69,610,606,1216,10,19,29,1245
40629,2,2686,27,28,55,324,334,658,3,17,20,678
40997,2,2686,11,21,32,55,63,118,11,48,59,177
41393,2,2686,14,16,30,91,81,172,4,6,10,182
44167,2,2686,28,32,60,211,200,411,12,28,40,451
44520,2,2686,20,23,43,193,194,387,6,26,32,419
44947,2,2686,6,8,14,367,381,748,4,21,25,773
44956,2,2686,15,21,36,25,26,51,0,29,29,80
45000,2,2686,10,14,24,197,187,384,1,7,8,392
45292,2,2686,76,178,254,378,509,887,11,35,46,933
45539,2,2686,17,16,33,435,311,746,6,21,27,773
45945,2,2686,15,22,37,351,348,699,3,18,21,720
46021,2,2686,12,15,27,402,338,740,13,28,41,781
46160,2,2686,10,17,27,71,57,128,5,15,20,148
46584,2,2686,13,20,33,30,16,46,3,29,32,78
46654,2,2686,30,29,59,399,319,718,43,77,120,838
46771,2,2686,29,27,56,245,169,414,30,53,83,497
47230,2,2686,7,7,14,59,49,108,9,47,56,164
48187,2,2686,23,26,49,262,257,519,12,28,40,559
48429,2,2686,38,37,75,434,375,809,58,83,141,950
48990,2,2686,6,10,16,401,393,794,12,32,44,838
49294,2,2686,7,8,15,382,351,733,9,18,27,760
49597,2,2686,7,9,16,34,36,70,1,6,7,77
50181,2,2686,9,5,14,10,7,17,8,4,12,29
50709,2,2686,15,16,31,358,384,742,12,35,47,789
50869,2,2686,21,24,45,236,188,424,11,27,38,462
50947,2,2686,30,35,65,550,570,1120,21,29,50,1170
51102,2,2686,57,64,121,2005,2040,4045,25,39,64,4109
51470,2,2686,15,18,33,476,455,931,3,19,22,953
51552,2,2686,7,4,11,8,3,11,2,3,5,16
51597,2,2686,13,19,32,28,27,55,1,17,18,73
51675,2,2686,3,4,7,39,47,86,7,42,49,135
51722,2,2686,9,14,23,57,50,107,1,2,3,110
52067,2,2686,37,29,66,691,674,1365,7,10,17,1382
52385,2,2686,23,25,48,618,647,1265,2,15,17,1282
52441,2,2686,30,32,62,710,743,1453,13,47,60,1513
52615,2,2686,21,22,43,147,145,292,13,12,25,317
52635,2,2686,9,13,22,21,16,37,9,11,20,57
52923,2,2686,11,13,24,434,376,810,7,41,48,858
53275,2,2686,11,21,32,54,49,103,11,69,80,183
53884,2,2686,9,14,23,48,41,89,2,10,12,101
55464,2,2686,29,37,66,315,401,716,25,81,106,822
55594,2,2686,22,25,47,159,159,318,14,38,52,370
57637,2,2686,19,24,43,205,259,464,4,11,15,479
57896,2,2686,16,20,36,240,218,458,2,13,15,473
58168,2,2686,2,0,2,4,0,4,0,0,0,4
58909,2,2686,15,14,29,198,197,395,10,15,25,420
59367,2,2686,22,20,42,323,254,577,6,16,22,599
60482,2,2686,21,28,49,127,121,248,18,26,44,292
60830,2,2686,15,17,32,87,93,180,42,54,96,276
61280,2,2686,23,31,54,312,308,620,7,32,39,659
62555,2,2686,21,29,50,114,124,238,46,130,176,414
62560,2,2686,22,21,43,395,370,765,12,20,32,797
63063,2,2686,22,29,51,373,335,708,13,21,34,742
63188,2,2686,12,13,25,235,265,500,0,8,8,508
63757,2,2686,14,26,40,46,41,87,11,46,57,144
63817,2,2686,12,17,29,663,607,1270,10,21,31,1301
64772,2,2686,25,31,56,304,286,590,21,46,67,657
65102,2,2686,15,18,33,526,515,1041,17,28,45,1086
65526,2,2686,7,10,17,219,211,430,4,9,13,443
65591,2,2686,19,20,39,176,171,347,26,61,87,434
66052,2,2686,24,24,48,202,49,251,55,102,157,408
66245,2,2686,17,21,38,147,153,300,4,25,29,329
66404,2,2686,25,33,58,313,238,551,8,16,24,575
66754,2,2686,19,21,40,469,476,945,6,21,27,972
66991,2,2686,26,30,56,263,221,484,21,49,70,554
67947,2,2686,16,21,37,99,86,185,10,21,31,216
68494,2,2686,28,32,60,850,852,1702,4,18,22,1724
68533,2,2686,23,29,52,214,196,410,15,53,68,478
68633,2,2686,7,13,20,66,76,142,2,26,28,170
69065,2,2686,23,22,45,573,591,1164,12,25,37,1201
69669,2,2686,7,10,17,59,36,95,18,21,39,134
70889,2,2686,10,10,20,394,391,785,0,0,0,785
71187,2,2686,12,14,26,61,51,112,2,16,18,130
71518,2,2686,10,12,22,122,112,234,6,32,38,272
71627,2,2686,30,35,65,256,225,481,12,43,55,536
71700,2,2686,25,30,55,308,358,666,7,31,38,704
71782,2,2686,15,16,31,71,73,144,3,19,22,166
72700,2,2686,2,1,3,3,1,4,0,0,0,4
72746,2,2686,13,16,29,120,159,279,11,7,18,297
73175,2,2686,9,12,21,89,84,173,1,8,9,182
73303,2,2686,7,8,15,51,49,100,2,10,12,112
74916,2,2686,33,38,71,920,918,1838,24,31,55,1893
75178,2,2686,6,6,12,7,8,15,6,7,13,28
75261,2,2686,44,50,94,628,637,1265,50,131,181,1446
75466,2,2686,6,6,12,15,4,19,0,6,6,25
75468,2,2686,9,10,19,39,35,74,6,8,14,88
76313,2,2686,27,27,54,365,320,685,23,19,42,727
77023,2,2686,13,19,32,251,324,575,10,20,30,605
77291,2,2686,19,20,39,141,145,286,10,11,21,307
77824,2,2686,21,19,40,204,175,379,2,7,9,388
78062,2,2686,10,9,19,123,132,255,2,8,10,265
78638,2,2686,20,32,52,171,174,345,15,49,64,409
78911,2,2686,9,9,18,106,80,186,1,6,7,193
78966,2,2686,17,19,36,473,71,544,4,8,12,556
79877,2,2686,15,13,28,166,166,332,7,7,14,346
80058,2,2686,36,34,70,412,399,811,14,27,41,852
80193,2,2686,19,26,45,460,567,1027,22,69,91,1118
82060,2,2686,15,18,33,300,292,592,26,36,62,654
82282,2,2686,14,16,30,236,207,443,17,32,49,492
83184,2,2686,13,13,26,212,221,433,5,15,20,453
83568,2,2686,19,18,37,327,230,557,3,4,7,564
84215,2,2686,16,13,29,168,146,314,9,8,17,331
84472,2,2686,22,25,47,376,385,761,6,18,24,785
84625,2,2686,1,2,3,3,3,6,0,0,0,6
84841,2,2686,18,17,35,176,187,363,24,36,60,423
85596,2,2686,18,22,40,311,357,668,9,6,15,683
85970,2,2686,19,22,41,545,562,1107,9,18,27,1134
86009,2,2686,16,17,33,99,90,189,14,36,50,239
86237,2,2686,11,14,25,57,51,108,7,22,29,137
86352,2,2686,26,36,62,182,165,347,32,66,98,445
86610,2,2686,20,21,41,319,329,648,19,44,63,711
86727,2,2686,13,16,29,114,124,238,1,1,2,240
88133,2,2686,20,25,45,85,109,194,13,35,48,242
88175,2,2686,15,16,31,212,224,436,5,17,22,458
89827,2,2686,21,25,46,425,390,815,13,27,40,855
10060,3,2687,9,8,17,39,21,60,4,9,13,73
10281,3,2687,9,17,26,837,833,1670,9,18,27,1697
10353,3,2687,15,17,32,411,395,806,9,8,17,823
10841,3,2687,18,18,36,76,112,188,8,25,33,221
11023,3,2687,17,18,35,158,163,321,4,11,15,336
11360,3,2687,16,14,30,143,150,293,18,71,89,382
11692,3,2687,19,26,45,932,970,1902,10,43,53,1955
13116,3,2687,25,29,54,120,114,234,26,62,88,322
13799,3,2687,21,25,46,145,174,319,14,48,62,381
13882,3,2687,14,15,29,212,223,435,4,3,7,442
13896,3,2687,10,17,27,73,73,146,5,46,51,197
14106,3,2687,10,6,16,40,33,73,3,2,5,78
14188,3,2687,21,23,44,199,212,411,9,36,45,456
14962,3,2687,31,35,66,581,482,1063,14,37,51,1114
15071,3,2687,8,8,16,476,461,937,12,16,28,965
15548,3,2687,0,1,1,0,0,0,0,2,2,2
15723,3,2687,14,16,30,107,116,223,7,8,15,238
16313,3,2687,34,37,71,378,363,741,10,36,46,787
16495,3,2687,16,21,37,166,174,340,8,23,31,371
17041,3,2687,4,18,22,0,0,0,4,38,42,42
17353,3,2687,14,15,29,87,82,169,8,24,32,201
18344,3,2687,14,16,30,103,97,200,9,14,23,223
18394,3,2687,21,19,40,720,672,1392,9,9,18,1410
18420,3,2687,6,3,9,5,3,8,8,2,10,18
18707,3,2687,20,22,42,117,118,235,14,30,44,279
19066,3,2687,24,27,51,130,122,252,11,36,47,299
19844,3,2687,12,15,27,156,148,304,9,11,20,324
20905,3,2687,17,18,35,151,155,306,31,63,94,400
21350,3,2687,22,24,46,418,436,854,22,47,69,923
22540,3,2687,2,2,4,13,5,18,0,0,0,18
22617,3,2687,26,29,55,453,484,937,17,28,45,982
22745,3,2687,17,17,34,231,250,481,4,5,9,490
22931,3,2687,28,30,58,247,152,399,4,32,36,435
23040,3,2687,21,19,40,199,168,367,12,10,22,389
23144,3,2687,2,2,4,1,0,1,1,9,10,11
23642,3,2687,7,8,15,175,222,397,3,6,9,406
24543,3,2687,15,18,33,130,132,262,6,4,10,272
24760,3,2687,28,35,63,596,701,1297,20,41,61,1358
24853,3,2687,20,25,45,101,84,185,10,9,19,204
25171,3,2687,30,31,61,253,275,528,31,58,89,617
25323,3,2687,9,10,19,62,59,121,1,11,12,133
25494,3,2687,28,32,60,623,654,1277,13,42,55,1332
25544,3,2687,30,40,70,257,385,642,8,28,36,678
25947,3,2687,21,23,44,140,95,235,30,34,64,299
26127,3,2687,9,11,20,52,40,92,7,26,33,125
26425,3,2687,8,11,19,34,39,73,2,12,14,87
26999,3,2687,6,8,14,129,118,247,8,73,81,328
28831,3,2687,12,18,30,39,43,82,5,36,41,123
29914,3,2687,14,16,30,83,77,160,9,20,29,189
30076,3,2687,14,15,29,375,383,758,2,9,11,769
30952,3,2687,18,22,40,98,90,188,10,23,33,221
31372,3,2687,7,10,17,153,160,313,9,10,19,332
31583,3,2687,42,38,80,1056,971,2027,22,32,54,2081
32100,3,2687,25,21,46,226,237,463,5,10,15,478
32174,3,2687,10,18,28,53,60,113,2,12,14,127
32899,3,2687,4,6,10,7,7,14,1,12,13,27
33094,3,2687,24,21,45,360,358,718,59,102,161,879
34250,3,2687,6,8,14,28,30,58,10,18,28,86
34853,3,2687,35,46,81,285,307,592,20,87,107,699
35227,3,2687,15,17,32,335,467,802,7,22,29,831
36006,3,2687,7,8,15,34,32,66,3,2,5,71
36143,3,2687,22,27,49,230,215,445,15,62,77,522
36951,3,2687,20,29,49,241,232,473,4,16,20,493
37617,3,2687,19,19,38,228,173,401,1,10,11,412
38823,3,2687,29,26,55,207,197,404,5,16,21,425
38893,3,2687,14,18,32,174,203,377,11,36,47,424
38901,3,2687,26,30,56,243,236,479,1,18,19,498
38927,3,2687,30,33,63,346,313,659,17,42,59,718
39122,3,2687,11,12,23,18,8,26,2,21,23,49
39253,3,2687,16,16,32,71,34,105,4,28,32,137
39701,3,2687,21,24,45,306,328,634,10,46,56,690
39783,3,2687,15,17,32,92,89,181,7,15,22,203
40557,3,2687,27,27,54,442,426,868,8,13,21,889
40629,3,2687,31,33,64,624,621,1245,14,16,30,1275
40877,3,2687,2,1,3,1,1,2,1,0,1,3
40997,3,2687,10,17,27,59,64,123,18,51,69,192
41393,3,2687,14,11,25,79,68,147,2,3,5,152
44167,3,2687,23,27,50,190,190,380,7,22,29,409
44520,3,2687,11,16,27,87,78,165,13,34,47,212
44947,3,2687,12,14,26,571,599,1170,4,12,16,1186
44956,3,2687,9,31,40,35,27,62,0,41,41,103
45000,3,2687,9,14,23,80,66,146,1,23,24,170
45292,3,2687,41,44,85,470,450,920,38,89,127,1047
45539,3,2687,23,24,47,378,314,692,10,32,42,734
45945,3,2687,15,14,29,1073,1036,2109,9,12,21,2130
46021,3,2687,17,15,32,435,339,774,13,18,31,805
46160,3,2687,26,23,49,113,92,205,5,12,17,222
46584,3,2687,18,19,37,86,43,129,11,56,67,196
46654,3,2687,28,26,54,273,234,507,23,63,86,593
46771,3,2687,28,26,54,257,177,434,20,67,87,521
47230,3,2687,16,23,39,92,71,163,29,91,120,283
48187,3,2687,14,15,29,226,232,458,12,36,48,506
48429,3,2687,35,35,70,401,340,741,59,115,174,915
48990,3,2687,7,7,14,211,198,409,15,27,42,451
49294,3,2687,10,10,20,363,335,698,6,16,22,720
49597,3,2687,9,13,22,44,39,83,10,21,31,114
50181,3,2687,10,9,19,20,19,39,11,24,35,74
50709,3,2687,22,20,42,416,443,859,21,52,73,932
50869,3,2687,22,29,51,187,140,327,15,34,49,376
50947,3,2687,40,46,86,593,627,1220,11,30,41,1261
51102,3,2687,53,57,110,1900,1932,3832,26,46,72,3904
51470,3,2687,15,21,36,415,390,805,4,34,38,843
51552,3,2687,15,16,31,75,41,116,10,32,42,158
51597,3,2687,22,31,53,76,87,163,4,28,32,195
51675,3,2687,5,10,15,58,66,124,5,43,48,172
51722,3,2687,5,6,11,21,15,36,0,1,1,37
52067,3,2687,26,23,49,496,484,980,16,22,38,1018
52385,3,2687,17,23,40,369,352,721,11,43,54,775
52441,3,2687,31,31,62,651,655,1306,20,61,81,1387
52615,3,2687,19,18,37,110,97,207,5,10,15,222
52635,3,2687,9,6,15,24,10,34,4,5,9,43
52923,3,2687,13,16,29,132,129,261,18,56,74,335
53275,3,2687,10,19,29,32,15,47,15,97,112,159
53884,3,2687,14,16,30,104,94,198,2,6,8,206
55464,3,2687,31,39,70,220,272,492,23,65,88,580
55594,3,2687,27,25,52,142,135,277,15,32,47,324
57637,3,2687,18,21,39,204,264,468,12,14,26,494
57896,3,2687,20,22,42,206,186,392,13,38,51,443
58168,3,2687,1,1,2,7,3,10,0,0,0,10
58909,3,2687,13,12,25,147,161,308,11,26,37,345
59367,3,2687,22,20,42,395,306,701,10,27,37,738
60482,3,2687,22,29,51,172,165,337,7,44,51,388
60830,3,2687,14,14,28,86,97,183,35,27,62,245
61280,3,2687,29,30,59,462,438,900,5,31,36,936
62555,3,2687,18,27,45,83,107,190,19,77,96,286
62560,3,2687,25,29,54,355,327,682,8,30,38,720
63063,3,2687,26,30,56,469,413,882,12,22,34,916
63188,3,2687,8,10,18,217,217,434,2,6,8,442
63757,3,2687,11,14,25,57,55,112,4,7,11,123
63817,3,2687,22,27,49,497,443,940,9,21,30,970
64772,3,2687,27,29,56,306,302,608,18,29,47,655
65102,3,2687,8,13,21,709,680,1389,19,23,42,1431
65526,3,2687,11,15,26,182,173,355,5,26,31,386
65591,3,2687,22,23,45,382,383,765,45,104,149,914
66052,3,2687,28,32,60,158,80,238,47,130,177,415
66245,3,2687,29,24,53,141,114,255,6,16,22,277
66404,3,2687,22,29,51,227,136,363,8,20,28,391
66754,3,2687,17,20,37,493,517,1010,10,11,21,1031
66991,3,2687,24,31,55,250,222,472,15,42,57,529
67947,3,2687,14,15,29,36,24,60,6,10,16,76
68494,3,2687,28,31,59,1072,1106,2178,12,30,42,2220
68533,3,2687,26,21,47,201,164,365,12,31,43,408
68633,3,2687,15,17,32,88,88,176,13,37,50,226
69065,3,2687,27,26,53,561,530,1091,10,26,36,1127
69669,3,2687,9,9,18,75,66,141,12,13,25,166
70889,3,2687,9,8,17,208,206,414,0,0,0,414
71187,3,2687,6,9,15,25,15,40,7,10,17,57
71518,3,2687,18,17,35,94,67,161,8,18,26,187
71627,3,2687,35,30,65,216,197,413,22,33,55,468
71700,3,2687,23,23,46,291,318,609,17,12,29,638
71782,3,2687,21,22,43,129,97,226,6,39,45,271
72746,3,2687,21,23,44,124,151,275,4,3,7,282
73175,3,2687,8,8,16,74,54,128,0,4,4,132
73303,3,2687,8,11,19,43,49,92,5,8,13,105
74916,3,2687,35,39,74,860,874,1734,27,35,62,1796
75178,3,2687,6,5,11,16,13,29,6,5,11,40
75261,3,2687,39,46,85,594,566,1160,59,133,192,1352
75466,3,2687,6,7,13,30,27,57,0,4,4,61
75468,3,2687,15,12,27,42,39,81,10,25,35,116
76313,3,2687,22,24,46,219,186,405,34,14,48,453
77023,3,2687,15,17,32,360,504,864,10,16,26,890
77291,3,2687,15,14,29,107,103,210,2,3,5,215
77824,3,2687,22,20,42,248,202,450,11,15,26,476
78062,3,2687,13,16,29,202,223,425,1,3,4,429
78638,3,2687,28,28,56,269,251,520,3,20,23,543
78911,3,2687,9,8,17,119,72,191,5,6,11,202
78966,3,2687,20,23,43,624,181,805,3,9,12,817
79877,3,2687,12,12,24,65,64,129,0,0,0,129
80058,3,2687,42,36,78,615,634,1249,16,27,43,1292
80193,3,2687,20,21,41,466,562,1028,21,72,93,1121
82060,3,2687,16,22,38,267,278,545,25,24,49,594
82282,3,2687,14,18,32,303,292,595,8,20,28,623
83184,3,2687,12,12,24,269,255,524,3,5,8,532
83568,3,2687,19,18,37,323,209,532,2,7,9,541
84215,3,2687,11,13,24,206,180,386,2,8,10,396
84472,3,2687,21,21,42,447,414,861,10,19,29,890
84625,3,2687,1,2,3,3,4,7,1,0,1,8
84841,3,2687,28,31,59,187,209,396,30,51,81,477
85596,3,2687,16,18,34,400,449,849,10,16,26,875
85970,3,2687,19,22,41,424,448,872,4,15,19,891
86009,3,2687,16,17,33,75,70,145,13,37,50,195
86237,3,2687,6,7,13,78,45,123,3,10,13,136
86352,3,2687,23,23,46,199,164,363,26,64,90,453
86610,3,2687,18,22,40,360,343,703,12,51,63,766
86727,3,2687,10,12,22,82,96,178,7,5,12,190
88133,3,2687,18,23,41,223,248,471,6,29,35,506
88175,3,2687,16,17,33,130,133,263,8,7,15,278
89827,3,2687,24,22,46,452,367,819,19,21,40,859
10060,4,2688,12,12,24,53,50,103,1,5,6,109
10281,4,2688,8,11,19,689,649,1338,4,14,18,1356
10353,4,2688,20,23,43,351,350,701,9,15,24,725
10841,4,2688,17,19,36,67,70,137,10,70,80,217
11023,4,2688,15,17,32,276,255,531,4,11,15,546
11360,4,2688,18,16,34,132,135,267,30,81,111,378
11692,4,2688,18,22,40,973,1086,2059,2,16,18,2077
13116,4,2688,14,18,32,70,75,145,6,16,22,167
13799,4,2688,19,21,40,280,302,582,1,15,16,598
13882,4,2688,17,19,36,204,206,410,0,0,0,410
13896,4,2688,10,21,31,93,92,185,6,39,45,230
14106,4,2688,10,6,16,33,25,58,3,1,4,62
14188,4,2688,12,15,27,108,139,247,2,15,17,264
14962,4,2688,30,34,64,493,440,933,8,26,34,967
15071,4,2688,7,6,13,307,302,609,12,5,17,626
15548,4,2688,1,2,3,36,0,36,2,5,7,43
15723,4,2688,12,15,27,129,134,263,10,12,22,285
16313,4,2688,26,31,57,374,356,730,14,29,43,773
16495,4,2688,14,15,29,109,103,212,3,15,18,230
16933,4,2688,14,11,25,161,166,327,35,4,39,366
17041,4,2688,9,14,23,10,10,20,10,16,26,46
17353,4,2688,10,13,23,81,67,148,10,23,33,181
18344,4,2688,7,10,17,67,64,131,0,4,4,135
18394,4,2688,24,22,46,581,539,1120,2,8,10,1130
18420,4,2688,9,11,20,14,14,28,24,19,43,71
18707,4,2688,18,27,45,77,81,158,7,41,48,206
19066,4,2688,17,19,36,148,129,277,3,9,12,289
19844,4,2688,19,19,38,294,269,563,20,33,53,616
20905,4,2688,13,14,27,28,30,58,19,29,48,106
21350,4,2688,22,23,45,577,599,1176,15,32,47,1223
22540,4,2688,1,2,3,34,28,62,0,1,1,63
22617,4,2688,20,22,42,321,333,654,8,8,16,670
22745,4,2688,18,20,38,269,280,549,6,8,14,563
22931,4,2688,35,30,65,218,102,320,9,21,30,350
23040,4,2688,25,25,50,199,185,384,13,9,22,406
23144,4,2688,4,6,10,58,67,125,1,13,14,139
23642,4,2688,7,9,16,189,202,391,4,1,5,396
24543,4,2688,15,17,32,100,91,191,9,9,18,209
24760,4,2688,28,30,58,502,578,1080,16,38,54,1134
24853,4,2688,15,14,29,98,75,173,3,10,13,186
25171,4,2688,22,26,48,137,166,303,19,50,69,372
25323,4,2688,15,17,32,109,99,208,4,25,29,237
25494,4,2688,37,41,78,586,561,1147,19,39,58,1205
25544,4,2688,27,32,59,300,430,730,3,16,19,749
25947,4,2688,18,17,35,126,105,231,17,24,41,272
26127,4,2688,9,13,22,38,30,68,8,23,31,99
26425,4,2688,10,12,22,27,22,49,6,9,15,64
26999,4,2688,12,11,23,138,107,245,16,77,93,338
28831,4,2688,9,13,22,31,27,58,2,15,17,75
29914,4,2688,16,15,31,111,54,165,9,16,25,190
30076,4,2688,10,13,23,321,337,658,0,6,6,664
30952,4,2688,22,24,46,77,80,157,25,22,47,204
31372,4,2688,10,13,23,221,234,455,6,11,17,472
31583,4,2688,53,45,98,1233,1145,2378,30,35,65,2443
32100,4,2688,22,27,49,209,241,450,13,23,36,486
32174,4,2688,13,13,26,46,40,86,6,11,17,103
32899,4,2688,4,7,11,9,10,19,3,10,13,32
33094,4,2688,19,20,39,341,370,711,60,65,125,836
34250,4,2688,11,11,22,68,66,134,6,20,26,160
34853,4,2688,32,34,66,233,251,484,15,57,72,556
35227,4,2688,14,16,30,477,604,1081,2,6,8,1089
36006,4,2688,6,7,13,47,39,86,2,0,2,88
36143,4,2688,31,41,72,417,371,788,28,87,115,903
36951,4,2688,32,36,68,293,285,578,6,9,15,593
37617,4,2688,22,22,44,187,190,377,18,25,43,420
38823,4,2688,26,22,48,445,387,832,10,9,19,851
38893,4,2688,8,10,18,170,171,341,16,26,42,383
38901,4,2688,22,20,42,126,113,239,3,4,7,246
38927,4,2688,29,28,57,384,373,757,9,24,33,790
39122,4,2688,16,17,33,28,18,46,9,27,36,82
39253,4,2688,25,27,52,165,127,292,11,30,41,333
39701,4,2688,24,22,46,184,192,376,7,28,35,411
39783,4,2688,18,22,40,165,179,344,13,14,27,371
40557,4,2688,19,21,40,492,498,990,9,18,27,1017
40629,4,2688,28,29,57,574,587,1161,5,17,22,1183
40997,4,2688,15,14,29,140,142,282,16,24,40,322
41393,4,2688,10,15,25,108,91,199,6,15,21,220
44167,4,2688,34,42,76,313,329,642,17,41,58,700
44520,4,2688,15,17,32,151,145,296,7,19,26,322
44947,4,2688,9,11,20,372,373,745,2,7,9,754
44956,4,2688,7,14,21,19,16,35,1,18,19,54
45000,4,2688,10,16,26,82,75,157,1,17,18,175
45292,4,2688,53,53,106,547,568,1115,28,43,71,1186
45539,4,2688,18,18,36,332,253,585,7,16,23,608
45945,4,2688,17,15,32,1049,997,2046,11,14,25,2071
46021,4,2688,11,14,25,376,293,669,12,17,29,698
46160,4,2688,14,11,25,52,47,99,4,10,14,113
46584,4,2688,13,14,27,44,25,69,7,46,53,122
46654,4,2688,33,26,59,338,302,640,26,47,73,713
46771,4,2688,24,27,51,253,171,424,22,63,85,509
47230,4,2688,13,21,34,90,76,166,22,71,93,259
48187,4,2688,16,16,32,232,212,444,12,40,52,496
48429,4,2688,27,37,64,199,170,369,52,87,139,508
48990,4,2688,6,7,13,408,381,789,8,11,19,808
49294,4,2688,8,9,17,402,389,791,3,11,14,805
49597,4,2688,10,11,21,48,42,90,3,7,10,100
50181,4,2688,11,13,24,32,31,63,2,17,19,82
50709,4,2688,20,20,40,393,416,809,7,23,30,839
50869,4,2688,21,25,46,251,216,467,11,24,35,502
50947,4,2688,33,31,64,522,530,1052,10,25,35,1087
51102,4,2688,70,78,148,1742,1667,3409,25,30,55,3464
51470,4,2688,20,19,39,363,348,711,1,4,5,716
51552,4,2688,10,11,21,78,65,143,4,21,25,168
51597,4,2688,15,16,31,37,33,70,3,20,23,93
51675,4,2688,7,8,15,25,25,50,4,37,41,91
51722,4,2688,7,9,16,24,24,48,0,3,3,51
52067,4,2688,31,28,59,702,689,1391,6,6,12,1403
52385,4,2688,20,24,44,318,321,639,10,14,24,663
52441,4,2688,39,34,73,576,625,1201,10,17,27,1228
52615,4,2688,14,10,24,50,40,90,2,11,13,103
52635,4,2688,8,8,16,34,27,61,3,3,6,67
52923,4,2688,13,15,28,263,245,508,13,28,41,549
53275,4,2688,15,20,35,21,13,34,14,51,65,99
53884,4,2688,11,15,26,71,56,127,2,11,13,140
55464,4,2688,29,34,63,279,306,585,21,38,59,644
55594,4,2688,23,20,43,158,131,289,14,18,32,321
57637,4,2688,19,23,42,117,139,256,3,11,14,270
57896,4,2688,22,28,50,224,236,460,16,40,56,516
58168,4,2688,6,10,16,233,219,452,3,24,27,479
58909,4,2688,13,15,28,102,113,215,4,12,16,231
59367,4,2688,30,21,51,353,238,591,12,15,27,618
60482,4,2688,23,25,48,151,147,298,10,21,31,329
60830,4,2688,17,15,32,67,71,138,13,14,27,165
61280,4,2688,26,32,58,522,551,1073,5,13,18,1091
62555,4,2688,13,36,49,44,45,89,11,69,80,169
62560,4,2688,26,29,55,292,294,586,6,25,31,617
63063,4,2688,22,22,44,301,279,580,3,11,14,594
63188,4,2688,10,9,19,178,184,362,1,1,2,364
63757,4,2688,16,19,35,100,127,227,3,17,20,247
63817,4,2688,13,15,28,470,410,880,15,8,23,903
64772,4,2688,20,26,46,219,219,438,18,39,57,495
65102,4,2688,10,10,20,907,890,1797,9,9,18,1815
65526,4,2688,7,8,15,44,27,71,3,9,12,83
65591,4,2688,15,24,39,246,280,526,19,69,88,614
66052,4,2688,31,32,63,277,171,448,44,83,127,575
66245,4,2688,23,27,50,279,278,557,12,26,38,595
66404,4,2688,17,17,34,257,160,417,5,5,10,427
66754,4,2688,22,20,42,428,413,841,7,22,29,870
66991,4,2688,29,30,59,355,287,642,15,41,56,698
67947,4,2688,18,16,34,66,34,100,4,8,12,112
68494,4,2688,27,32,59,755,818,1573,9,30,39,1612
68533,4,2688,28,24,52,172,164,336,6,13,19,355
68633,4,2688,10,12,22,108,104,212,5,8,13,225
69065,4,2688,26,27,53,688,678,1366,13,44,57,1423
69669,4,2688,13,11,24,59,45,104,19,20,39,143
70889,4,2688,12,13,25,276,250,526,0,0,0,526
71187,4,2688,8,8,16,36,23,59,1,4,5,64
71518,4,2688,15,16,31,109,112,221,3,12,15,236
71627,4,2688,25,25,50,211,221,432,12,40,52,484
71700,4,2688,20,22,42,289,312,601,12,12,24,625
71782,4,2688,13,10,23,62,47,109,2,3,5,114
72700,4,2688,0,3,3,0,0,0,0,5,5,5
72746,4,2688,16,17,33,87,97,184,6,10,16,200
73175,4,2688,6,8,14,66,59,125,1,2,3,128
73303,4,2688,10,10,20,82,80,162,5,5,10,172
74916,4,2688,36,37,73,1098,1084,2182,17,28,45,2227
75178,4,2688,4,2,6,2,2,4,6,3,9,13
75261,4,2688,34,36,70,660,684,1344,51,77,128,1472
75466,4,2688,6,7,13,15,8,23,0,3,3,26
75468,4,2688,6,9,15,28,18,46,2,20,22,68
76313,4,2688,25,23,48,210,224,434,34,19,53,487
77023,4,2688,12,12,24,151,166,317,8,12,20,337
77291,4,2688,20,22,42,149,161,310,7,19,26,336
77824,4,2688,18,16,34,154,136,290,15,4,19,309
78062,4,2688,7,7,14,97,119,216,1,1,2,218
78638,4,2688,27,35,62,323,302,625,3,18,21,646
78911,4,2688,8,6,14,41,31,72,5,2,7,79
78966,4,2688,22,23,45,953,475,1428,4,8,12,1440
79877,4,2688,9,10,19,54,53,107,0,0,0,107
80058,4,2688,35,36,71,354,366,720,9,22,31,751
80193,4,2688,24,24,48,340,494,834,22,57,79,913
82060,4,2688,17,19,36,335,322,657,35,33,68,725
82282,4,2688,13,15,28,167,157,324,15,13,28,352
83184,4,2688,13,13,26,320,294,614,4,4,8,622
83568,4,2688,16,15,31,300,187,487,5,6,11,498
84215,4,2688,9,17,26,175,169,344,3,26,29,373
84472,4,2688,26,29,55,424,402,826,12,39,51,877
84625,4,2688,1,0,1,4,0,4,0,0,0,4
84841,4,2688,24,24,48,185,193,378,39,45,84,462
85596,4,2688,24,28,52,418,472,890,17,20,37,927
85970,4,2688,22,23,45,472,480,952,5,14,19,971
86009,4,2688,19,16,35,58,36,94,7,19,26,120
86237,4,2688,8,13,21,73,59,132,4,19,23,155
86352,4,2688,38,43,81,184,216,400,20,48,68,468
86610,4,2688,21,22,43,341,328,669,6,52,58,727
86727,4,2688,12,12,24,113,122,235,3,1,4,239
88133,4,2688,16,30,46,85,98,183,17,23,40,223
88175,4,2688,15,22,37,120,133,253,4,13,17,270
89827,4,2688,27,28,55,314,266,580,13,33,46,626
10060,5,2689,7,9,16,78,66,144,9,6,15,159
10281,5,2689,4,8,12,845,940,1785,5,8,13,1798
10353,5,2689,24,24,48,374,375,749,3,3,6,755
10841,5,2689,12,19,31,70,72,142,4,19,23,165
11023,5,2689,18,17,35,318,299,617,6,19,25,642
11360,5,2689,17,18,35,207,180,387,20,71,91,478
11692,5,2689,18,20,38,688,779,1467,13,20,33,1500
13116,5,2689,27,47,74,112,140,252,9,54,63,315
13799,5,2689,22,22,44,135,179,314,6,21,27,341
13882,5,2689,15,17,32,139,150,289,7,9,16,305
13896,5,2689,10,10,20,74,71,145,3,21,24,169
14106,5,2689,8,6,14,23,11,34,2,1,3,37
14188,5,2689,9,15,24,206,283,489,4,32,36,525
14962,5,2689,24,28,52,482,388,870,10,46,56,926
15071,5,2689,4,9,13,355,331,686,5,10,15,701
15548,5,2689,2,2,4,8,8,16,2,6,8,24
15723,5,2689,14,15,29,182,165,347,9,8,17,364
15776,5,2689,15,16,31,90,88,178,2,8,10,188
16313,5,2689,33,39,72,243,225,468,15,43,58,526
16495,5,2689,15,21,36,137,142,279,5,25,30,309
16933,5,2689,16,18,34,656,726,1382,9,8,17,1399
17041,5,2689,7,11,18,12,13,25,9,19,28,53
17353,5,2689,15,19,34,73,64,137,7,21,28,165
18344,5,2689,13,16,29,119,106,225,1,14,15,240
18394,5,2689,21,19,40,177,147,324,3,8,11,335
18420,5,2689,11,6,17,12,5,17,28,10,38,55
18707,5,2689,18,23,41,248,249,497,17,54,71,568
19066,5,2689,18,16,34,112,105,217,10,21,31,248
19844,5,2689,12,13,25,126,115,241,17,14,31,272
20905,5,2689,15,17,32,116,119,235,36,66,102,337
21350,5,2689,19,21,40,765,748,1513,17,23,40,1553
22540,5,2689,3,1,4,6,2,8,0,0,0,8
22617,5,2689,16,14,30,180,184,364,16,2,18,382
22745,5,2689,19,18,37,273,278,551,2,2,4,555
22931,5,2689,22,17,39,98,68,166,1,9,10,176
23040,5,2689,19,20,39,178,149,327,6,4,10,337
23144,5,2689,8,10,18,48,60,108,5,21,26,134
23642,5,2689,10,11,21,261,287,548,4,0,4,552
24543,5,2689,12,15,27,70,70,140,3,11,14,154
24760,5,2689,26,37,63,743,864,1607,15,37,52,1659
24853,5,2689,16,20,36,101,91,192,4,14,18,210
25171,5,2689,19,21,40,95,125,220,14,23,37,257
25323,5,2689,21,26,47,190,187,377,5,17,22,399
25494,5,2689,42,47,89,530,581,1111,11,43,54,1165
25544,5,2689,23,29,52,256,369,625,2,10,12,637
25947,5,2689,22,43,65,128,93,221,17,53,70,291
26127,5,2689,8,11,19,40,28,68,10,16,26,94
26425,5,2689,14,12,26,46,39,85,8,9,17,102
26999,5,2689,12,11,23,141,84,225,21,71,92,317
28831,5,2689,6,14,20,23,23,46,3,35,38,84
29914,5,2689,14,12,26,127,87,214,10,8,18,232
30076,5,2689,20,21,41,332,328,660,4,4,8,668
30952,5,2689,22,28,50,173,160,333,20,46,66,399
31372,5,2689,8,11,19,138,151,289,4,10,14,303
31583,5,2689,35,33,68,918,830,1748,14,31,45,1793
32100,5,2689,20,23,43,367,410,777,8,22,30,807
32174,5,2689,10,15,25,30,31,61,2,13,15,76
32899,5,2689,1,1,2,1,0,1,0,1,1,2
33094,5,2689,20,21,41,358,380,738,71,94,165,903
34250,5,2689,24,32,56,87,86,173,6,33,39,212
34853,5,2689,32,38,70,570,618,1188,7,33,40,1228
35227,5,2689,16,19,35,333,354,687,4,12,16,703
36006,5,2689,8,6,14,31,27,58,2,0,2,60
36143,5,2689,31,31,62,382,319,701,14,70,84,785
36951,5,2689,20,24,44,209,205,414,3,4,7,421
37617,5,2689,20,18,38,246,250,496,12,23,35,531
38823,5,2689,26,24,50,161,148,309,1,16,17,326
38893,5,2689,7,9,16,96,95,191,5,11,16,207
38901,5,2689,23,24,47,254,227,481,1,8,9,490
38927,5,2689,28,34,62,420,435,855,16,27,43,898
39122,5,2689,17,22,39,31,18,49,4,22,26,75
39253,5,2689,28,24,52,272,225,497,27,26,53,550
39701,5,2689,23,24,47,260,255,515,11,35,46,561
39783,5,2689,18,19,37,190,200,390,13,12,25,415
40557,5,2689,21,21,42,494,469,963,11,13,24,987
40629,5,2689,31,35,66,411,433,844,18,21,39,883
40997,5,2689,16,20,36,125,136,261,17,22,39,300
41393,5,2689,13,18,31,83,75,158,5,19,24,182
44167,5,2689,42,38,80,273,304,577,4,10,14,591
44520,5,2689,13,18,31,140,129,269,8,19,27,296
44947,5,2689,11,13,24,376,367,743,2,3,5,748
44956,5,2689,11,21,32,31,32,63,3,19,22,85
45000,5,2689,12,11,23,66,51,117,1,6,7,124
45292,5,2689,40,45,85,472,477,949,34,66,100,1049
45539,5,2689,20,20,40,476,375,851,4,12,16,867
45945,5,2689,13,14,27,1105,1084,2189,9,9,18,2207
46021,5,2689,12,13,25,196,159,355,23,30,53,408
46160,5,2689,18,15,33,79,67,146,8,9,17,163
46584,5,2689,19,19,38,80,39,119,9,57,66,185
46654,5,2689,36,29,65,485,394,879,14,46,60,939
46771,5,2689,25,19,44,281,200,481,16,48,64,545
47230,5,2689,16,19,35,252,202,454,8,54,62,516
48187,5,2689,15,13,28,209,218,427,11,31,42,469
48429,5,2689,41,36,77,201,155,356,57,91,148,504
48990,5,2689,7,8,15,375,357,732,8,10,18,750
49294,5,2689,8,8,16,390,354,744,4,8,12,756
49597,5,2689,7,9,16,34,38,72,2,8,10,82
50181,5,2689,7,8,15,78,68,146,8,23,31,177
50709,5,2689,20,20,40,415,436,851,12,24,36,887
50869,5,2689,24,28,52,219,205,424,5,22,27,451
50947,5,2689,28,30,58,503,539,1042,12,14,26,1068
51102,5,2689,65,70,135,1701,1648,3349,24,26,50,3399
51470,5,2689,15,18,33,319,331,650,2,15,17,667
51552,5,2689,13,18,31,122,115,237,1,29,30,267
51597,5,2689,14,14,28,37,27,64,0,22,22,86
51675,5,2689,7,8,15,36,36,72,9,50,59,131
51722,5,2689,8,8,16,16,12,28,1,3,4,32
52067,5,2689,32,30,62,812,783,1595,18,29,47,1642
52385,5,2689,21,21,42,466,469,935,2,8,10,945
52441,5,2689,40,41,81,718,819,1537,21,45,66,1603
52615,5,2689,12,11,23,48,42,90,8,7,15,105
52635,5,2689,11,8,19,34,16,50,5,4,9,59
52923,5,2689,16,14,30,328,333,661,13,30,43,704
53275,5,2689,11,16,27,44,18,62,10,61,71,133
53884,5,2689,10,10,20,72,42,114,0,13,13,127
55464,5,2689,28,34,62,291,312,603,15,48,63,666
55594,5,2689,18,17,35,118,101,219,16,34,50,269
57637,5,2689,22,24,46,186,224,410,9,6,15,425
57896,5,2689,24,25,49,263,232,495,7,19,26,521
58168,5,2689,1,0,1,1,0,1,0,0,0,1
58909,5,2689,18,19,37,218,226,444,1,17,18,462
59367,5,2689,34,23,57,346,175,521,27,15,42,563
60482,5,2689,22,23,45,144,131,275,25,46,71,346
60830,5,2689,10,11,21,38,54,92,23,27,50,142
61280,5,2689,26,27,53,361,375,736,3,11,14,750
62555,5,2689,23,26,49,123,130,253,41,55,96,349
62560,5,2689,28,28,56,254,208,462,7,37,44,506
63063,5,2689,25,28,53,233,225,458,18,17,35,493
63188,5,2689,16,19,35,190,202,392,1,2,3,395
63757,5,2689,9,14,23,41,43,84,2,8,10,94
63817,5,2689,19,16,35,446,391,837,11,14,25,862
64772,5,2689,26,28,54,215,198,413,23,48,71,484
65102,5,2689,8,9,17,734,706,1440,13,18,31,1471
65526,5,2689,10,8,18,115,116,231,3,3,6,237
65591,5,2689,17,14,31,420,436,856,37,65,102,958
66052,5,2689,24,31,55,172,136,308,23,119,142,450
66245,5,2689,24,25,49,319,294,613,9,21,30,643
66404,5,2689,20,23,43,405,280,685,3,5,8,693
66754,5,2689,23,24,47,443,421,864,8,10,18,882
66991,5,2689,30,35,65,463,414,877,18,38,56,933
67947,5,2689,20,20,40,60,40,100,21,44,65,165
68494,5,2689,28,26,54,985,953,1938,13,17,30,1968
68533,5,2689,22,25,47,138,119,257,5,27,32,289
68633,5,2689,9,11,20,110,113,223,8,18,26,249
69065,5,2689,21,21,42,684,667,1351,15,22,37,1388
69669,5,2689,8,8,16,91,86,177,1,6,7,184
70889,5,2689,8,8,16,154,154,308,1,0,1,309
71187,5,2689,6,7,13,35,23,58,2,4,6,64
71518,5,2689,15,17,32,66,56,122,6,18,24,146
71627,5,2689,40,44,84,222,185,407,37,66,103,510
71700,5,2689,32,32,64,242,267,509,10,7,17,526
71782,5,2689,24,15,39,116,89,205,8,14,22,227
72700,5,2689,1,3,4,5,2,7,0,6,6,13
72746,5,2689,15,15,30,50,51,101,8,4,12,113
73175,5,2689,8,8,16,59,39,98,1,1,2,100
73303,5,2689,9,8,17,286,58,344,6,10,16,360
74916,5,2689,34,34,68,1091,1042,2133,24,36,60,2193
75178,5,2689,5,5,10,16,12,28,4,4,8,36
75261,5,2689,37,39,76,280,282,562,66,141,207,769
75466,5,2689,3,3,6,14,11,25,0,0,0,25
75468,5,2689,10,15,25,33,21,54,9,55,64,118
76313,5,2689,25,30,55,321,301,622,25,31,56,678
77023,5,2689,12,13,25,215,279,494,9,21,30,524
77291,5,2689,29,31,60,297,322,619,9,22,31,650
77824,5,2689,24,22,46,122,103,225,10,10,20,245
78062,5,2689,8,8,16,113,136,249,0,1,1,250
78638,5,2689,33,28,61,401,335,736,17,32,49,785
78911,5,2689,12,10,22,44,53,97,5,11,16,113
78966,5,2689,27,35,62,714,257,971,0,15,15,986
79877,5,2689,15,16,31,98,91,189,2,12,14,203
80058,5,2689,23,21,44,123,117,240,6,9,15,255
80193,5,2689,21,28,49,404,520,924,6,33,39,963
82060,5,2689,13,17,30,324,308,632,23,31,54,686
82282,5,2689,16,15,31,159,164,323,6,17,23,346
83184,5,2689,10,11,21,352,337,689,3,4,7,696
83568,5,2689,25,23,48,433,263,696,7,6,13,709
84215,5,2689,15,14,29,343,298,641,6,13,19,660
84472,5,2689,31,29,60,382,436,818,5,32,37,855
84625,5,2689,1,1,2,2,2,4,0,0,0,4
84841,5,2689,28,35,63,201,227,428,25,31,56,484
85596,5,2689,27,26,53,375,364,739,14,26,40,779
85970,5,2689,26,29,55,557,609,1166,16,33,49,1215
86009,5,2689,15,23,38,36,25,61,21,61,82,143
86237,5,2689,9,11,20,44,48,92,3,19,22,114
86352,5,2689,19,25,44,114,118,232,9,32,41,273
86610,5,2689,15,18,33,303,296,599,0,45,45,644
86727,5,2689,14,15,29,168,168,336,5,5,10,346
88133,5,2689,19,22,41,263,269,532,2,15,17,549
88175,5,2689,17,20,37,142,156,298,3,10,13,311
89827,5,2689,21,20,41,335,298,633,18,46,64,697
10060,6,2690,8,8,16,52,46,98,3,9,12,110
10281,6,2690,5,9,14,995,976,1971,8,10,18,1989
10353,6,2690,17,14,31,272,271,543,7,4,11,554
10841,6,2690,14,22,36,69,81,150,6,21,27,177
11023,6,2690,15,17,32,393,372,765,3,6,9,774
11360,6,2690,19,16,35,88,51,139,28,53,81,220
11692,6,2690,28,30,58,888,942,1830,13,24,37,1867
13116,6,2690,30,30,60,284,307,591,38,61,99,690
13799,6,2690,22,26,48,100,150,250,5,17,22,272
13882,6,2690,19,18,37,188,187,375,3,0,3,378
13896,6,2690,8,11,19,101,111,212,1,11,12,224
14106,6,2690,11,7,18,21,9,30,6,6,12,42
14188,6,2690,12,16,28,126,173,299,7,25,32,331
14962,6,2690,27,27,54,493,386,879,9,19,28,907
15071,6,2690,6,6,12,247,220,467,9,5,14,481
15548,6,2690,1,1,2,0,0,0,2,3,5,5
15723,6,2690,11,11,22,107,104,211,3,9,12,223
15776,6,2690,16,20,36,590,547,1137,6,17,23,1160
16313,6,2690,35,37,72,413,405,818,17,37,54,872
16495,6,2690,21,25,46,122,122,244,3,19,22,266
16933,6,2690,15,15,30,689,714,1403,8,11,19,1422
17041,6,2690,14,17,31,58,62,120,5,7,12,132
17353,6,2690,15,20,35,91,90,181,8,30,38,219
18344,6,2690,18,22,40,112,102,214,6,18,24,238
18394,6,2690,22,21,43,608,591,1199,7,12,19,1218
18420,6,2690,10,3,13,36,5,41,20,6,26,67
18707,6,2690,18,19,37,386,390,776,5,36,41,817
19066,6,2690,26,25,51,176,177,353,18,26,44,397
19844,6,2690,16,14,30,115,108,223,9,1,10,233
20905,6,2690,22,24,46,132,142,274,39,73,112,386
21350,6,2690,24,28,52,559,506,1065,10,26,36,1101
22540,6,2690,2,0,2,6,0,6,0,0,0,6
22617,6,2690,24,21,45,403,403,806,12,4,16,822
22745,6,2690,17,19,36,205,211,416,0,8,8,424
22931,6,2690,22,15,37,84,58,142,4,8,12,154
23040,6,2690,18,19,37,203,193,396,6,10,16,412
23144,6,2690,7,8,15,33,47,80,2,17,19,99
23642,6,2690,10,8,18,166,188,354,7,5,12,366
24543,6,2690,18,23,41,101,97,198,2,5,7,205
24760,6,2690,28,32,60,290,328,618,13,14,27,645
24853,6,2690,23,27,50,206,191,397,27,43,70,467
25171,6,2690,24,24,48,225,254,479,21,29,50,529
25323,6,2690,20,21,41,155,171,326,7,37,44,370
25494,6,2690,31,36,67,318,322,640,31,39,70,710
25544,6,2690,31,33,64,266,340,606,6,6,12,618
25947,6,2690,21,23,44,115,85,200,21,24,45,245
26127,6,2690,14,15,29,71,54,125,11,30,41,166
26425,6,2690,17,15,32,96,104,200,6,5,11,211
26999,6,2690,21,15,36,103,103,206,27,94,121,327
28831,6,2690,10,10,20,20,17,37,8,22,30,67
29914,6,2690,7,9,16,20,16,36,2,11,13,49
30076,6,2690,13,21,34,299,297,596,1,12,13,609
30952,6,2690,22,20,42,168,159,327,25,19,44,371
31372,6,2690,14,18,32,288,292,580,8,9,17,597
31583,6,2690,43,49,92,743,710,1453,9,35,44,1497
32100,6,2690,23,22,45,267,283,550,8,19,27,577
32174,6,2690,15,17,32,44,48,92,5,6,11,103
32899,6,2690,0,3,3,0,0,0,0,6,6,6
33094,6,2690,23,24,47,276,315,591,81,76,157,748
34250,6,2690,23,32,55,60,76,136,7,19,26,162
34853,6,2690,34,37,71,663,737,1400,11,23,34,1434
35227,6,2690,20,21,41,303,292,595,6,28,34,629
36006,6,2690,6,5,11,39,33,72,1,0,1,73
36143,6,2690,25,26,51,384,306,690,18,73,91,781
36951,6,2690,23,31,54,235,245,480,5,12,17,497
37617,6,2690,30,32,62,303,302,605,11,20,31,636
38823,6,2690,21,21,42,139,134,273,5,6,11,284
38893,6,2690,5,7,12,18,14,32,13,10,23,55
38901,6,2690,26,30,56,203,223,426,0,5,5,431
38927,6,2690,25,25,50,288,284,572,8,9,17,589
39122,6,2690,8,13,21,10,8,18,5,18,23,41
39253,6,2690,24,21,45,232,180,412,22,42,64,476
39701,6,2690,28,25,53,245,257,502,10,32,42,544
39783,6,2690,12,12,24,141,141,282,16,20,36,318
40557,6,2690,25,27,52,567,533,1100,11,13,24,1124
40629,6,2690,31,34,65,450,479,929,7,24,31,960
40877,6,2690,1,1,2,1,1,2,0,0,0,2
40997,6,2690,15,20,35,132,119,251,12,31,43,294
41393,6,2690,8,10,18,101,80,181,0,5,5,186
44167,6,2690,43,44,87,341,335,676,15,61,76,752
44520,6,2690,13,17,30,176,175,351,5,14,19,370
44947,6,2690,12,9,21,370,371,741,6,2,8,749
44956,6,2690,12,21,33,31,44,75,2,31,33,108
45000,6,2690,10,12,22,53,46,99,4,5,9,108
45292,6,2690,47,47,94,508,488,996,39,63,102,1098
45539,6,2690,16,15,31,431,356,787,3,4,7,794
45945,6,2690,11,11,22,1014,1018,2032,7,4,11,2043
46021,6,2690,15,12,27,202,174,376,23,28,51,427
46160,6,2690,22,19,41,145,138,283,9,8,17,300
46584,6,2690,15,23,38,68,50,118,8,46,54,172
46654,6,2690,33,27,60,698,629,1327,15,25,40,1367
46771,6,2690,19,20,39,279,207,486,19,49,68,554
47230,6,2690,18,21,39,208,147,355,12,35,47,402
48187,6,2690,15,11,26,97,85,182,19,11,30,212
48429,6,2690,31,32,63,321,270,591,44,76,120,711
48990,6,2690,7,5,12,335,303,638,7,3,10,648
49294,6,2690,7,8,15,306,293,599,5,11,16,615
49597,6,2690,6,11,17,32,32,64,5,4,9,73
50181,6,2690,10,11,21,73,50,123,6,26,32,155
50709,6,2690,18,20,38,430,484,914,16,36,52,966
50869,6,2690,21,23,44,108,91,199,11,17,28,227
50947,6,2690,29,29,58,608,620,1228,6,5,11,1239
51102,6,2690,56,47,103,302,256,558,11,7,18,576
51470,6,2690,13,11,24,187,182,369,0,6,6,375
51552,6,2690,14,17,31,181,178,359,11,34,45,404
51597,6,2690,14,16,30,36,32,68,4,8,12,80
51675,6,2690,6,4,10,44,38,82,4,35,39,121
51722,6,2690,5,6,11,12,12,24,2,5,7,31
52067,6,2690,33,27,60,594,543,1137,11,9,20,1157
52385,6,2690,22,22,44,209,195,404,5,7,12,416
52441,6,2690,43,40,83,442,472,914,20,49,69,983
52615,6,2690,12,13,25,49,41,90,3,3,6,96
52635,6,2690,22,15,37,85,59,144,8,13,21,165
52923,6,2690,15,18,33,430,452,882,12,40,52,934
53275,6,2690,15,7,22,32,8,40,8,36,44,84
53884,6,2690,13,9,22,110,46,156,2,15,17,173
55464,6,2690,38,36,74,334,351,685,30,55,85,770
55594,6,2690,20,15,35,73,70,143,17,7,24,167
57637,6,2690,25,27,52,119,165,284,5,2,7,291
57896,6,2690,24,31,55,169,156,325,4,36,40,365
58909,6,2690,17,16,33,185,201,386,10,18,28,414
59367,6,2690,25,17,42,240,155,395,11,17,28,423
60482,6,2690,24,25,49,186,176,362,26,53,79,441
60830,6,2690,15,15,30,61,59,120,20,27,47,167
61280,6,2690,27,26,53,418,396,814,10,4,14,828
62555,6,2690,18,31,49,71,55,126,22,56,78,204
62560,6,2690,32,32,64,304,287,591,15,34,49,640
63063,6,2690,26,23,49,293,250,543,10,17,27,570
63188,6,2690,18,14,32,204,217,421,3,2,5,426
63757,6,2690,16,17,33,31,21,52,4,20,24,76
63817,6,2690,17,17,34,372,327,699,7,12,19,718
64772,6,2690,27,31,58,177,143,320,24,40,64,384
65102,6,2690,14,15,29,597,575,1172,14,22,36,1208
65526,6,2690,12,17,29,83,79,162,2,11,13,175
65591,6,2690,15,17,32,354,360,714,35,78,113,827
66052,6,2690,26,31,57,189,140,329,41,140,181,510
66245,6,2690,22,25,47,309,314,623,6,28,34,657
66404,6,2690,23,24,47,293,189,482,7,6,13,495
66754,6,2690,22,23,45,306,288,594,8,15,23,617
66991,6,2690,23,24,47,486,445,931,11,20,31,962
67947,6,2690,26,21,47,86,53,139,13,23,36,175
68494,6,2690,31,32,63,575,539,1114,5,8,13,1127
68533,6,2690,24,21,45,110,100,210,16,17,33,243
68633,6,2690,11,11,22,57,61,118,7,8,15,133
69065,6,2690,18,17,35,576,575,1151,13,11,24,1175
69669,6,2690,11,10,21,245,223,468,18,32,50,518
70889,6,2690,12,10,22,216,208,424,2,2,4,428
71187,6,2690,9,10,19,50,43,93,2,3,5,98
71518,6,2690,14,12,26,62,47,109,5,6,11,120
71627,6,2690,24,25,49,229,194,423,12,22,34,457
71700,6,2690,26,28,54,310,351,661,15,15,30,691
71782,6,2690,9,11,20,114,108,222,4,12,16,238
72700,6,2690,1,1,2,5,3,8,0,0,0,8
72746,6,2690,10,14,24,29,30,59,7,6,13,72
73175,6,2690,7,6,13,25,21,46,2,1,3,49
73303,6,2690,12,10,22,611,67,678,8,8,16,694
74916,6,2690,37,31,68,649,636,1285,25,26,51,1336
75178,6,2690,12,8,20,23,19,42,15,20,35,77
75261,6,2690,31,36,67,396,368,764,43,99,142,906
75466,6,2690,3,3,6,9,4,13,0,1,1,14
75468,6,2690,8,7,15,14,15,29,2,15,17,46
76313,6,2690,25,25,50,231,226,457,16,23,39,496
77023,6,2690,15,14,29,155,235,390,8,27,35,425
77291,6,2690,19,20,39,421,411,832,6,8,14,846
77824,6,2690,21,18,39,180,145,325,5,4,9,334
78062,6,2690,8,7,15,99,123,222,8,3,11,233
78638,6,2690,35,35,70,430,383,813,19,26,45,858
78911,6,2690,7,8,15,19,14,33,2,6,8,41
78966,6,2690,22,22,44,735,136,871,5,14,19,890
79877,6,2690,21,21,42,155,133,288,8,15,23,311
80058,6,2690,26,23,49,122,120,242,10,2,12,254
80193,6,2690,20,23,43,396,494,890,13,76,89,979
82060,6,2690,23,21,44,289,286,575,30,12,42,617
82282,6,2690,17,17,34,99,83,182,9,15,24,206
83184,6,2690,15,12,27,317,331,648,3,7,10,658
83568,6,2690,19,19,38,272,187,459,11,6,17,476
84215,6,2690,17,12,29,238,217,455,6,17,23,478
84472,6,2690,34,32,66,581,651,1232,27,69,96,1328
84625,6,2690,5,3,8,7,3,10,0,0,0,10
84841,6,2690,30,27,57,298,322,620,35,29,64,684
85596,6,2690,25,28,53,434,492,926,21,43,64,990
85970,6,2690,27,27,54,566,623,1189,10,34,44,1233
86009,6,2690,24,24,48,148,128,276,19,28,47,323
86237,6,2690,14,15,29,49,27,76,7,23,30,106
86352,6,2690,21,32,53,115,122,237,13,33,46,283
86610,6,2690,19,20,39,242,226,468,1,25,26,494
86727,6,2690,17,18,35,194,189,383,1,1,2,385
88133,6,2690,17,24,41,259,277,536,15,25,40,576
88175,6,2690,14,15,29,107,105,212,3,8,11,223
89827,6,2690,21,17,38,404,336,740,14,11,25,765
10060,7,2691,6,6,12,50,38,88,3,3,6,94
10281,7,2691,11,13,24,1026,974,2000,3,7,10,2010
10353,7,2691,18,18,36,418,426,844,0,3,3,847
10841,7,2691,9,11,20,21,22,43,9,16,25,68
11023,7,2691,13,16,29,294,278,572,3,9,12,584
11360,7,2691,14,21,35,127,101,228,28,83,111,339
11692,7,2691,19,23,42,738,794,1532,11,20,31,1563
13116,7,2691,28,27,55,159,154,313,19,44,63,376
13799,7,2691,20,27,47,107,167,274,4,22,26,300
13882,7,2691,14,18,32,90,96,186,0,2,2,188
13896,7,2691,8,8,16,40,37,77,0,6,6,83
14106,7,2691,5,3,8,11,5,16,2,4,6,22
14188,7,2691,11,18,29,79,86,165,4,29,33,198
14962,7,2691,29,34,63,449,399,848,12,22,34,882
15071,7,2691,7,8,15,301,297,598,9,8,17,615
15723,7,2691,13,17,30,118,116,234,6,14,20,254
15776,7,2691,15,19,34,466,449,915,10,16,26,941
16313,7,2691,36,36,72,429,412,841,19,40,59,900
16495,7,2691,20,17,37,74,56,130,3,20,23,153
16933,7,2691,12,11,23,715,774,1489,3,4,7,1496
17041,7,2691,16,21,37,68,66,134,6,23,29,163
17353,7,2691,9,14,23,50,43,93,1,14,15,108
18344,7,2691,17,19,36,163,78,241,2,15,17,258
18394,7,2691,31,27,58,546,508,1054,4,6,10,1064
18420,7,2691,12,8,20,145,9,154,17,7,24,178
18707,7,2691,19,23,42,405,409,814,9,28,37,851
19066,7,2691,21,20,41,195,193,388,11,22,33,421
19844,7,2691,21,25,46,219,204,423,24,42,66,489
20905,7,2691,25,22,47,81,87,168,34,122,156,324
21350,7,2691,26,24,50,443,411,854,13,33,46,900
22540,7,2691,0,1,1,0,0,0,0,1,1,1
22617,7,2691,20,23,43,353,370,723,5,7,12,735
22745,7,2691,20,23,43,272,270,542,6,6,12,554
22931,7,2691,25,21,46,163,127,290,7,18,25,315
23040,7,2691,19,18,37,179,169,348,6,6,12,360
23144,7,2691,3,5,8,10,15,25,0,11,11,36
23642,7,2691,9,9,18,102,111,213,4,3,7,220
24543,7,2691,17,19,36,130,125,255,7,15,22,277
24760,7,2691,22,23,45,438,500,938,5,14,19,957
24853,7,2691,22,25,47,152,121,273,11,24,35,308
25171,7,2691,31,31,62,247,272,519,18,45,63,582
25323,7,2691,20,19,39,189,188,377,5,21,26,403
25494,7,2691,41,43,84,408,397,805,25,76,101,906
25544,7,2691,50,54,104,606,678,1284,13,18,31,1315
25947,7,2691,17,19,36,126,98,224,6,16,22,246
26127,7,2691,10,14,24,84,80,164,10,31,41,205
26425,7,2691,10,13,23,119,132,251,6,9,15,266
26999,7,2691,9,12,21,222,231,453,15,66,81,534
28831,7,2691,4,6,10,6,5,11,5,20,25,36
29914,7,2691,17,18,35,89,80,169,2,14,16,185
30076,7,2691,15,17,32,279,282,561,0,5,5,566
30952,7,2691,12,15,27,111,98,209,17,19,36,245
31372,7,2691,15,16,31,169,176,345,7,7,14,359
31583,7,2691,36,36,72,959,908,1867,6,20,26,1893
32100,7,2691,21,26,47,336,335,671,12,44,56,727
32174,7,2691,14,21,35,38,38,76,4,16,20,96
32899,7,2691,3,2,5,0,0,0,6,9,15,15
33094,7,2691,18,20,38,230,242,472,59,88,147,619
34250,7,2691,11,13,24,17,18,35,9,25,34,69
34853,7,2691,33,33,66,506,568,1074,8,24,32,1106
35227,7,2691,34,35,69,332,344,676,4,31,35,711
36006,7,2691,4,4,8,27,24,51,2,0,2,53
36143,7,2691,24,27,51,417,364,781,6,50,56,837
36951,7,2691,20,25,45,170,176,346,7,14,21,367
37617,7,2691,26,30,56,283,274,557,4,16,20,577
38823,7,2691,26,26,52,172,160,332,3,7,10,342
38893,7,2691,4,6,10,15,12,27,11,15,26,53
38901,7,2691,39,42,81,267,280,547,8,20,28,575
38927,7,2691,25,25,50,241,264,505,2,8,10,515
39122,7,2691,10,12,22,8,4,12,11,13,24,36
39253,7,2691,20,18,38,171,136,307,28,40,68,375
39701,7,2691,21,23,44,215,217,432,10,39,49,481
39783,7,2691,13,14,27,185,166,351,15,34,49,400
40557,7,2691,23,27,50,544,536,1080,13,27,40,1120
40629,7,2691,24,26,50,231,238,469,9,17,26,495
40877,7,2691,1,1,2,1,1,2,0,0,0,2
40997,7,2691,20,27,47,125,132,257,21,56,77,334
41393,7,2691,16,18,34,80,76,156,2,15,17,173
44167,7,2691,57,65,122,367,382,749,9,57,66,815
44520,7,2691,17,17,34,248,247,495,8,15,23,518
44947,7,2691,9,10,19,472,482,954,0,1,1,955
44956,7,2691,12,16,28,45,41,86,2,13,15,101
45000,7,2691,11,12,23,96,84,180,5,10,15,195
45292,7,2691,41,49,90,430,439,869,40,107,147,1016
45539,7,2691,16,15,31,328,277,605,3,9,12,617
45945,7,2691,12,11,23,978,980,1958,6,9,15,1973
46021,7,2691,12,11,23,280,221,501,17,15,32,533
46160,7,2691,16,14,30,190,176,366,11,11,22,388
46584,7,2691,22,23,45,99,84,183,12,40,52,235
46654,7,2691,28,18,46,328,294,622,13,32,45,667
46771,7,2691,20,25,45,236,170,406,16,65,81,487
47230,7,2691,20,24,44,336,289,625,12,75,87,712
48187,7,2691,15,14,29,124,123,247,10,15,25,272
48429,7,2691,26,31,57,420,365,785,27,65,92,877
48990,7,2691,9,9,18,331,327,658,5,21,26,684
49294,7,2691,7,9,16,325,291,616,3,8,11,627
49597,7,2691,7,6,13,33,22,55,4,9,13,68
50181,7,2691,8,8,16,75,56,131,7,10,17,148
50709,7,2691,17,18,35,332,378,710,16,34,50,760
50869,7,2691,19,22,41,122,118,240,8,13,21,261
50947,7,2691,36,39,75,473,475,948,2,5,7,955
51102,7,2691,61,66,127,1173,1094,2267,23,29,52,2319
51470,7,2691,12,17,29,299,315,614,0,8,8,622
51552,7,2691,11,11,22,81,66,147,6,7,13,160
51597,7,2691,15,16,31,75,62,137,1,16,17,154
51675,7,2691,9,11,20,28,36,64,14,27,41,105
51722,7,2691,5,5,10,15,13,28,1,3,4,32
52067,7,2691,35,28,63,646,633,1279,16,22,38,1317
52385,7,2691,18,22,40,166,160,326,10,13,23,349
52441,7,2691,32,38,70,418,481,899,24,29,53,952
52615,7,2691,15,13,28,71,62,133,9,6,15,148
52635,7,2691,18,16,34,76,61,137,7,6,13,150
52923,7,2691,12,13,25,121,102,223,9,18,27,250
53275,7,2691,13,21,34,52,45,97,5,64,69,166
53884,7,2691,20,15,35,107,83,190,1,18,19,209
55464,7,2691,35,34,69,431,455,886,28,44,72,958
55594,7,2691,13,14,27,127,137,264,7,12,19,283
57637,7,2691,19,23,42,151,169,320,10,5,15,335
57896,7,2691,26,32,58,163,145,308,10,28,38,346
58909,7,2691,22,19,41,199,215,414,5,22,27,441
59367,7,2691,23,17,40,126,68,194,9,27,36,230
60482,7,2691,28,42,70,118,135,253,25,24,49,302
60830,7,2691,14,15,29,52,57,109,13,21,34,143
61280,7,2691,31,32,63,431,391,822,2,11,13,835
62555,7,2691,16,24,40,37,33,70,21,68,89,159
62560,7,2691,27,29,56,283,253,536,12,28,40,576
63063,7,2691,24,26,50,229,186,415,11,29,40,455
63188,7,2691,19,18,37,155,171,326,0,0,0,326
63757,7,2691,11,17,28,67,86,153,2,19,21,174
63817,7,2691,15,16,31,518,467,985,2,4,6,991
64772,7,2691,19,21,40,187,182,369,18,14,32,401
65102,7,2691,10,12,22,538,534,1072,8,13,21,1093
65526,7,2691,11,14,25,152,152,304,1,8,9,313
65591,7,2691,18,17,35,449,485,934,27,74,101,1035
66052,7,2691,35,38,73,407,289,696,40,103,143,839
66245,7,2691,20,29,49,193,195,388,4,16,20,408
66404,7,2691,20,20,40,286,225,511,3,6,9,520
66754,7,2691,20,19,39,320,310,630,4,11,15,645
66991,7,2691,27,31,58,431,375,806,12,33,45,851
67947,7,2691,17,19,36,60,46,106,8,19,27,133
68494,7,2691,35,37,72,752,721,1473,11,16,27,1500
68533,7,2691,25,27,52,169,142,311,11,13,24,335
68633,7,2691,12,14,26,128,122,250,14,32,46,296
69065,7,2691,21,20,41,531,483,1014,7,8,15,1029
69669,7,2691,14,13,27,530,510,1040,15,9,24,1064
70889,7,2691,9,10,19,123,127,250,0,1,1,251
71187,7,2691,10,12,22,50,41,91,3,8,11,102
71518,7,2691,15,13,28,58,49,107,12,17,29,136
71627,7,2691,29,28,57,128,120,248,15,30,45,293
71700,7,2691,32,33,65,306,328,634,10,14,24,658
71782,7,2691,14,15,29,105,98,203,3,20,23,226
72700,7,2691,1,3,4,4,1,5,0,3,3,8
72746,7,2691,13,13,26,48,47,95,5,2,7,102
73175,7,2691,6,6,12,38,30,68,5,3,8,76
73303,7,2691,9,10,19,1033,47,1080,3,9,12,1092
74916,7,2691,35,32,67,661,680,1341,12,23,35,1376
75178,7,2691,5,6,11,17,20,37,9,6,15,52
75261,7,2691,33,32,65,400,415,815,35,52,87,902
75466,7,2691,4,3,7,11,8,19,1,4,5,24
75468,7,2691,12,12,24,51,53,104,6,19,25,129
76313,7,2691,23,22,45,174,141,315,20,18,38,353
77023,7,2691,9,14,23,61,102,163,3,22,25,188
77291,7,2691,24,24,48,304,305,609,13,11,24,633
77824,7,2691,17,16,33,157,121,278,3,5,8,286
78062,7,2691,9,9,18,52,47,99,6,13,19,118
78638,7,2691,35,31,66,299,251,550,10,28,38,588
78911,7,2691,7,6,13,18,15,33,1,3,4,37
78966,7,2691,21,22,43,646,115,761,4,11,15,776
79877,7,2691,14,12,26,73,84,157,3,3,6,163
80058,7,2691,25,26,51,163,163,326,4,12,16,342
80193,7,2691,20,22,42,290,418,708,23,87,110,818
82060,7,2691,15,18,33,261,245,506,28,12,40,546
82282,7,2691,15,14,29,115,120,235,11,7,18,253
83184,7,2691,11,12,23,239,272,511,2,3,5,516
83568,7,2691,15,16,31,162,120,282,13,28,41,323
84215,7,2691,13,13,26,311,295,606,4,7,11,617
84472,7,2691,23,24,47,331,345,676,3,36,39,715
84625,7,2691,1,1,2,1,1,2,1,1,2,4
84841,7,2691,24,18,42,88,80,168,15,21,36,204
85596,7,2691,23,27,50,459,467,926,13,23,36,962
85970,7,2691,24,27,51,538,590,1128,8,36,44,1172
86009,7,2691,19,20,39,86,70,156,7,7,14,170
86237,7,2691,7,12,19,44,41,85,0,12,12,97
86352,7,2691,19,20,39,92,89,181,16,27,43,224
86610,7,2691,18,18,36,198,206,404,4,43,47,451
86727,7,2691,14,16,30,137,141,278,3,3,6,284
88133,7,2691,16,16,32,119,135,254,14,18,32,286
88175,7,2691,18,17,35,110,112,222,7,20,27,249
89827,7,2691,20,21,41,359,313,672,5,19,24,696
10060,8,2692,7,6,13,43,39,82,4,9,13,95
10281,8,2692,13,14,27,892,834,1726,4,6,10,1736
10353,8,2692,20,20,40,254,259,513,4,5,9,522
10841,8,2692,19,25,44,109,113,222,15,58,73,295
11023,8,2692,18,22,40,325,297,622,3,12,15,637
11360,8,2692,18,20,38,127,122,249,30,84,114,363
11692,8,2692,21,22,43,599,688,1287,23,27,50,1337
13116,8,2692,21,32,53,143,148,291,10,57,67,358
13799,8,2692,25,28,53,199,244,443,7,24,31,474
13882,8,2692,16,17,33,162,168,330,5,8,13,343
13896,8,2692,12,8,20,36,27,63,7,13,20,83
14106,8,2692,11,9,20,23,22,45,8,4,12,57
14188,8,2692,20,23,43,177,197,374,6,11,17,391
14962,8,2692,42,50,92,626,590,1216,24,44,68,1284
15071,8,2692,13,14,27,503,422,925,16,22,38,963
15548,8,2692,2,1,3,2,0,2,1,2,3,5
15723,8,2692,17,15,32,121,120,241,4,11,15,256
15776,8,2692,19,18,37,659,609,1268,6,14,20,1288
16313,8,2692,34,37,71,366,348,714,21,33,54,768
16495,8,2692,25,27,52,170,168,338,8,25,33,371
16933,8,2692,13,14,27,528,539,1067,5,13,18,1085
17041,8,2692,15,16,31,120,115,235,3,12,15,250
17353,8,2692,13,16,29,110,116,226,6,13,19,245
18344,8,2692,21,23,44,164,68,232,10,13,23,255
18394,8,2692,37,36,73,767,683,1450,23,24,47,1497
18420,8,2692,16,10,26,118,12,130,31,23,54,184
18707,8,2692,20,24,44,347,338,685,11,35,46,731
19066,8,2692,22,20,42,160,146,306,10,32,42,348
19844,8,2692,31,30,61,403,375,778,31,32,63,841
20905,8,2692,23,20,43,108,105,213,11,84,95,308
21350,8,2692,24,24,48,363,357,720,19,26,45,765
22540,8,2692,3,0,3,7,0,7,0,0,0,7
22617,8,2692,21,22,43,269,281,550,10,5,15,565
22745,8,2692,19,21,40,219,204,423,2,3,5,428
22931,8,2692,25,18,43,113,102,215,2,5,7,222
23040,8,2692,18,18,36,144,122,266,6,11,17,283
23144,8,2692,7,8,15,23,25,48,3,11,14,62
23642,8,2692,10,10,20,148,157,305,1,1,2,307
24543,8,2692,20,21,41,94,82,176,2,19,21,197
24760,8,2692,23,24,47,397,469,866,8,25,33,899
24853,8,2692,24,19,43,173,138,311,12,19,31,342
25171,8,2692,31,35,66,355,376,731,32,58,90,821
25323,8,2692,13,14,27,95,91,186,1,14,15,201
25494,8,2692,34,39,73,267,264,531,11,48,59,590
25544,8,2692,54,60,114,405,406,811,12,25,37,848
25947,8,2692,15,18,33,111,95,206,6,18,24,230
26127,8,2692,14,15,29,133,135,268,26,32,58,326
26425,8,2692,12,11,23,48,49,97,8,5,13,110
26999,8,2692,11,8,19,148,145,293,14,56,70,363
28831,8,2692,7,6,13,23,16,39,2,22,24,63
29914,8,2692,16,12,28,60,44,104,13,25,38,142
30076,8,2692,18,21,39,275,287,562,4,3,7,569
30952,8,2692,16,15,31,116,95,211,28,36,64,275
31372,8,2692,14,13,27,251,232,483,8,12,20,503
31583,8,2692,54,54,108,758,683,1441,24,45,69,1510
32100,8,2692,23,27,50,231,255,486,15,55,70,556
32174,8,2692,17,17,34,76,66,142,3,7,10,152
32899,8,2692,6,6,12,7,3,10,3,11,14,24
33094,8,2692,17,19,36,183,187,370,56,71,127,497
34250,8,2692,17,19,36,55,53,108,7,19,26,134
34853,8,2692,33,36,69,540,634,1174,18,50,68,1242
35227,8,2692,17,20,37,261,277,538,6,33,39,577
36006,8,2692,4,4,8,25,24,49,3,1,4,53
36143,8,2692,30,36,66,333,313,646,27,45,72,718
36951,8,2692,29,32,61,241,229,470,6,13,19,489
37617,8,2692,22,26,48,234,223,457,6,24,30,487
38823,8,2692,24,26,50,108,102,210,3,10,13,223
38893,8,2692,16,14,30,87,79,166,7,21,28,194
38901,8,2692,29,29,58,179,187,366,2,10,12,378
38927,8,2692,29,31,60,313,333,646,4,11,15,661
39122,8,2692,12,15,27,25,14,39,7,31,38,77
39253,8,2692,16,18,34,150,145,295,21,30,51,346
39701,8,2692,21,25,46,181,180,361,9,31,40,401
39783,8,2692,11,14,25,161,154,315,17,37,54,369
40557,8,2692,20,20,40,397,403,800,9,24,33,833
40629,8,2692,23,26,49,227,253,480,13,24,37,517
40877,8,2692,2,0,2,2,0,2,0,0,0,2
40997,8,2692,26,32,58,121,135,256,27,61,88,344
41393,8,2692,17,17,34,120,125,245,2,4,6,251
44167,8,2692,47,49,96,261,265,526,9,39,48,574
44520,8,2692,13,12,25,244,232,476,4,14,18,494
44947,8,2692,7,8,15,484,482,966,0,4,4,970
44956,8,2692,12,12,24,55,63,118,1,4,5,123
45000,8,2692,11,10,21,68,57,125,4,6,10,135
45292,8,2692,42,47,89,389,353,742,41,89,130,872
45539,8,2692,18,17,35,546,465,1011,4,9,13,1024
45945,8,2692,15,15,30,1064,1071,2135,13,9,22,2157
46021,8,2692,13,16,29,197,152,349,13,23,36,385
46160,8,2692,24,19,43,130,85,215,7,19,26,241
46584,8,2692,22,25,47,117,76,193,12,54,66,259
46654,8,2692,35,25,60,299,227,526,21,44,65,591
46771,8,2692,20,21,41,289,185,474,16,67,83,557
47230,8,2692,25,27,52,454,381,835,10,62,72,907
48187,8,2692,23,18,41,197,185,382,17,18,35,417
48429,8,2692,34,36,70,393,350,743,57,93,150,893
48990,8,2692,10,9,19,523,481,1004,3,9,12,1016
49294,8,2692,11,11,22,239,234,473,5,8,13,486
49597,8,2692,10,9,19,41,39,80,4,6,10,90
50181,8,2692,8,8,16,46,30,76,4,7,11,87
50709,8,2692,18,16,34,284,323,607,10,24,34,641
50869,8,2692,21,25,46,124,120,244,15,19,34,278
50947,8,2692,31,37,68,493,511,1004,6,24,30,1034
51102,8,2692,68,64,132,1133,1044,2177,10,15,25,2202
51470,8,2692,17,19,36,285,274,559,1,8,9,568
51552,8,2692,13,19,32,100,109,209,7,20,27,236
51597,8,2692,19,20,39,56,49,105,0,35,35,140
51675,8,2692,8,8,16,27,32,59,4,36,40,99
51722,8,2692,8,9,17,41,43,84,7,7,14,98
52067,8,2692,25,23,48,570,600,1170,7,18,25,1195
52385,8,2692,26,28,54,345,332,677,8,27,35,712
52441,8,2692,36,36,72,369,402,771,14,22,36,807
52615,8,2692,8,12,20,38,29,67,5,18,23,90
52635,8,2692,13,14,27,69,42,111,12,21,33,144
52923,8,2692,4,4,8,7,3,10,1,5,6,16
53275,8,2692,10,17,27,23,13,36,6,69,75,111
53884,8,2692,12,8,20,92,55,147,0,6,6,153
55464,8,2692,35,46,81,341,372,713,18,63,81,794
55594,8,2692,20,18,38,194,205,399,17,11,28,427
57637,8,2692,23,23,46,160,161,321,3,5,8,329
57896,8,2692,26,27,53,210,183,393,9,29,38,431
58168,8,2692,1,0,1,3,0,3,0,0,0,3
58909,8,2692,22,20,42,242,257,499,12,26,38,537
59367,8,2692,23,17,40,128,89,217,16,27,43,260
60482,8,2692,12,17,29,137,139,276,15,25,40,316
60830,8,2692,14,10,24,35,48,83,23,15,38,121
61280,8,2692,28,30,58,605,614,1219,5,20,25,1244
62555,8,2692,13,16,29,48,45,93,10,25,35,128
62560,8,2692,33,29,62,251,200,451,6,38,44,495
63063,8,2692,28,25,53,182,145,327,16,21,37,364
63188,8,2692,36,35,71,309,354,663,3,2,5,668
63757,8,2692,17,15,32,66,56,122,3,8,11,133
63817,8,2692,17,19,36,776,715,1491,27,20,47,1538
64772,8,2692,25,30,55,188,178,366,7,36,43,409
65102,8,2692,12,16,28,444,422,866,12,27,39,905
65526,8,2692,14,15,29,198,195,393,2,4,6,399
65591,8,2692,12,17,29,345,366,711,22,64,86,797
66052,8,2692,43,48,91,366,276,642,40,129,169,811
66245,8,2692,25,28,53,292,245,537,5,15,20,557
66404,8,2692,23,24,47,372,306,678,7,10,17,695
66754,8,2692,16,17,33,388,358,746,6,12,18,764
66991,8,2692,28,32,60,385,340,725,13,36,49,774
67947,8,2692,20,21,41,105,83,188,12,36,48,236
68494,8,2692,28,31,59,722,666,1388,19,52,71,1459
68533,8,2692,24,26,50,181,155,336,19,53,72,408
68633,8,2692,11,11,22,128,123,251,10,8,18,269
69065,8,2692,21,20,41,701,633,1334,8,14,22,1356
69669,8,2692,16,11,27,738,711,1449,32,31,63,1512
70889,8,2692,11,11,22,180,175,355,0,2,2,357
71187,8,2692,8,10,18,57,47,104,5,9,14,118
71518,8,2692,14,14,28,52,32,84,8,10,18,102
71627,8,2692,28,28,56,183,181,364,14,36,50,414
71700,8,2692,32,31,63,231,235,466,13,12,25,491
71782,8,2692,14,21,35,105,102,207,7,33,40,247
72700,8,2692,2,0,2,5,0,5,0,0,0,5
72746,8,2692,15,12,27,163,167,330,8,5,13,343
73175,8,2692,6,5,11,9,5,14,2,2,4,18
73303,8,2692,13,13,26,519,86,605,10,22,32,637
74916,8,2692,34,33,67,807,868,1675,25,33,58,1733
75178,8,2692,10,6,16,25,15,40,18,8,26,66
75261,8,2692,38,44,82,537,550,1087,59,90,149,1236
75466,8,2692,8,7,15,19,15,34,1,2,3,37
75468,8,2692,11,10,21,27,18,45,8,18,26,71
76313,8,2692,26,26,52,251,233,484,21,29,50,534
77023,8,2692,14,15,29,229,326,555,7,23,30,585
77291,8,2692,30,39,69,271,297,568,7,18,25,593
77824,8,2692,27,23,50,164,135,299,13,16,29,328
78062,8,2692,8,9,17,46,56,102,2,6,8,110
78638,8,2692,29,33,62,292,297,589,15,27,42,631
78911,8,2692,9,6,15,25,26,51,2,7,9,60
78966,8,2692,25,29,54,641,170,811,2,4,6,817
79877,8,2692,26,26,52,193,180,373,3,13,16,389
80058,8,2692,23,23,46,154,138,292,13,12,25,317
80193,8,2692,20,18,38,343,422,765,27,64,91,856
82060,8,2692,15,17,32,198,204,402,32,9,41,443
82282,8,2692,9,8,17,74,56,130,7,3,10,140
83184,8,2692,14,14,28,281,278,559,3,12,15,574
83568,8,2692,19,18,37,180,139,319,7,11,18,337
84215,8,2692,12,11,23,281,255,536,4,13,17,553
84472,8,2692,31,28,59,360,394,754,10,62,72,826
84841,8,2692,23,19,42,180,196,376,23,34,57,433
85596,8,2692,27,31,58,457,451,908,11,36,47,955
85970,8,2692,22,23,45,616,683,1299,10,30,40,1339
86009,8,2692,24,22,46,96,95,191,14,25,39,230
86237,8,2692,11,15,26,94,96,190,3,19,22,212
86352,8,2692,25,21,46,117,127,244,19,26,45,289
86610,8,2692,18,17,35,210,171,381,4,50,54,435
86727,8,2692,17,18,35,146,152,298,2,5,7,305
88133,8,2692,20,19,39,102,116,218,9,21,30,248
88175,8,2692,16,19,35,116,115,231,4,12,16,247
89827,8,2692,24,21,45,492,415,907,15,27,42,949
10060,9,2693,6,6,12,104,93,197,6,6,12,209
10281,9,2693,13,10,23,756,787,1543,16,9,25,1568
10353,9,2693,16,15,31,635,627,1262,7,3,10,1272
10841,9,2693,17,27,44,167,195,362,35,122,157,519
11023,9,2693,18,21,39,329,342,671,17,25,42,713
11360,9,2693,12,19,31,126,120,246,18,52,70,316
11692,9,2693,11,12,23,847,892,1739,8,23,31,1770
13116,9,2693,3,2,5,4,2,6,0,1,1,7
13799,9,2693,16,21,37,100,108,208,9,24,33,241
13882,9,2693,14,15,29,125,125,250,0,0,0,250
13896,9,2693,4,3,7,7,8,15,1,2,3,18
14106,9,2693,10,9,19,35,33,68,0,0,0,68
14188,9,2693,16,22,38,56,57,113,2,18,20,133
14962,9,2693,33,40,73,568,490,1058,36,43,79,1137
15071,9,2693,6,7,13,352,326,678,11,5,16,694
15548,9,2693,1,2,3,1,0,1,0,2,2,3
15723,9,2693,16,18,34,143,153,296,12,25,37,333
15776,9,2693,10,13,23,442,418,860,7,9,16,876
16313,9,2693,25,30,55,272,235,507,17,24,41,548
16495,9,2693,21,23,44,242,229,471,6,25,31,502
16933,9,2693,13,12,25,566,583,1149,22,29,51,1200
17041,9,2693,9,11,20,121,134,255,5,12,17,272
17353,9,2693,16,16,32,82,82,164,12,27,39,203
18344,9,2693,9,7,16,61,26,87,0,0,0,87
18394,9,2693,31,34,65,416,388,804,25,34,59,863
18420,9,2693,15,14,29,36,5,41,36,33,69,110
18707,9,2693,28,32,60,282,310,592,31,69,100,692
19066,9,2693,19,22,41,133,128,261,13,30,43,304
19844,9,2693,28,28,56,255,233,488,21,7,28,516
20905,9,2693,22,20,42,176,181,357,29,51,80,437
21350,9,2693,25,26,51,372,362,734,15,42,57,791
22540,9,2693,1,0,1,3,0,3,0,0,0,3
22617,9,2693,12,15,27,152,151,303,3,4,7,310
22745,9,2693,13,21,34,201,184,385,4,17,21,406
22931,9,2693,24,23,47,127,116,243,9,15,24,267
23040,9,2693,13,15,28,88,76,164,4,6,10,174
23144,9,2693,1,2,3,0,0,0,1,2,3,3
23642,9,2693,8,11,19,125,137,262,6,13,19,281
24543,9,2693,10,13,23,43,38,81,10,14,24,105
24760,9,2693,14,15,29,129,122,251,7,23,30,281
24853,9,2693,13,16,29,79,61,140,8,23,31,171
25171,9,2693,26,31,57,175,186,361,24,39,63,424
25323,9,2693,16,16,32,143,163,306,7,12,19,325
25494,9,2693,29,32,61,578,577,1155,31,38,69,1224
25544,9,2693,35,41,76,170,236,406,4,21,25,431
25947,9,2693,13,17,30,67,39,106,11,16,27,133
26127,9,2693,14,17,31,25,25,50,9,16,25,75
26425,9,2693,8,9,17,28,27,55,4,5,9,64
26999,9,2693,4,9,13,42,49,91,14,30,44,135
28831,9,2693,9,11,20,33,35,68,0,13,13,81
29914,9,2693,5,6,11,18,19,37,9,6,15,52
30076,9,2693,13,17,30,359,355,714,3,24,27,741
30952,9,2693,17,18,35,132,100,232,34,33,67,299
31372,9,2693,11,15,26,118,107,225,3,16,19,244
31583,9,2693,36,36,72,514,470,984,17,35,52,1036
32100,9,2693,22,27,49,196,200,396,12,51,63,459
32174,9,2693,11,12,23,51,65,116,8,18,26,142
32899,9,2693,17,15,32,58,51,109,7,26,33,142
33094,9,2693,11,15,26,144,162,306,18,22,40,346
34250,9,2693,8,8,16,71,64,135,7,14,21,156
34853,9,2693,39,43,82,344,367,711,20,64,84,795
35227,9,2693,11,19,30,130,131,261,4,33,37,298
36006,9,2693,4,3,7,16,16,32,6,1,7,39
36143,9,2693,30,32,62,222,225,447,24,39,63,510
36951,9,2693,19,21,40,221,208,429,2,7,9,438
37617,9,2693,12,17,29,341,347,688,5,18,23,711
38893,9,2693,12,9,21,146,129,275,13,6,19,294
38901,9,2693,8,11,19,31,39,70,3,11,14,84
38927,9,2693,23,26,49,214,206,420,6,8,14,434
39122,9,2693,7,10,17,28,12,40,3,27,30,70
39253,9,2693,13,9,22,42,32,74,3,5,8,82
39701,9,2693,14,14,28,83,72,155,5,8,13,168
39783,9,2693,18,21,39,201,208,409,36,36,72,481
40557,9,2693,13,13,26,196,179,375,4,7,11,386
40629,9,2693,26,32,58,337,380,717,2,14,16,733
40997,9,2693,20,21,41,104,98,202,38,48,86,288
41393,9,2693,14,17,31,53,45,98,10,16,26,124
44167,9,2693,27,27,54,98,106,204,9,23,32,236
44520,9,2693,16,15,31,59,65,124,12,29,41,165
44947,9,2693,12,10,22,383,370,753,6,5,11,764
44956,9,2693,7,10,17,41,49,90,2,14,16,106
45000,9,2693,7,9,16,119,116,235,5,4,9,244
45292,9,2693,39,50,89,330,381,711,34,46,80,791
45539,9,2693,15,16,31,315,262,577,1,4,5,582
45945,9,2693,15,19,34,707,690,1397,15,22,37,1434
46021,9,2693,20,24,44,307,243,550,24,22,46,596
46160,9,2693,17,12,29,72,45,117,4,7,11,128
46584,9,2693,15,16,31,71,57,128,8,31,39,167
46654,9,2693,27,18,45,512,415,927,18,23,41,968
46771,9,2693,15,14,29,177,100,277,15,39,54,331
47230,9,2693,22,25,47,689,617,1306,15,45,60,1366
48187,9,2693,11,12,23,176,154,330,9,24,33,363
48429,9,2693,41,44,85,417,389,806,38,65,103,909
48990,9,2693,11,9,20,333,317,650,20,22,42,692
49294,9,2693,8,9,17,432,458,890,10,13,23,913
49597,9,2693,5,5,10,27,25,52,1,1,2,54
50181,9,2693,14,14,28,117,109,226,9,10,19,245
50709,9,2693,15,18,33,244,275,519,15,33,48,567
50869,9,2693,12,16,28,90,78,168,2,7,9,177
50947,9,2693,36,37,73,290,316,606,14,21,35,641
51102,9,2693,67,69,136,2237,2269,4506,19,47,66,4572
51470,9,2693,12,14,26,142,140,282,0,9,9,291
51552,9,2693,8,9,17,56,41,97,3,11,14,111
51597,9,2693,12,14,26,59,45,104,0,6,6,110
51675,9,2693,3,2,5,25,35,60,1,5,6,66
51722,9,2693,11,10,21,49,35,84,5,3,8,92
52067,9,2693,23,23,46,480,492,972,9,17,26,998
52385,9,2693,22,26,48,519,515,1034,10,33,43,1077
52441,9,2693,26,26,52,167,172,339,3,18,21,360
52615,9,2693,13,12,25,88,70,158,11,11,22,180
52635,9,2693,14,18,32,60,34,94,36,28,64,158
52923,9,2693,14,17,31,475,511,986,13,24,37,1023
53275,9,2693,12,22,34,62,43,105,14,56,70,175
53884,9,2693,18,9,27,75,47,122,3,6,9,131
55464,9,2693,31,39,70,354,355,709,34,68,102,811
55594,9,2693,17,18,35,298,298,596,19,16,35,631
57637,9,2693,16,19,35,143,143,286,2,3,5,291
57896,9,2693,4,4,8,6,5,11,0,2,2,13
58909,9,2693,18,18,36,203,207,410,4,7,11,421
59367,9,2693,24,13,37,150,95,245,9,17,26,271
60482,9,2693,21,20,41,152,126,278,16,20,36,314
60830,9,2693,6,6,12,37,27,64,2,5,7,71
61280,9,2693,11,14,25,146,136,282,1,4,5,287
62555,9,2693,11,12,23,43,52,95,20,77,97,192
62560,9,2693,21,23,44,391,346,737,28,57,85,822
63063,9,2693,14,16,30,122,91,213,2,14,16,229
63188,9,2693,22,24,46,249,281,530,6,11,17,547
63757,9,2693,5,4,9,33,27,60,1,4,5,65
63817,9,2693,18,14,32,586,453,1039,8,31,39,1078
64772,9,2693,27,34,61,246,207,453,21,41,62,515
65102,9,2693,9,13,22,621,605,1226,18,16,34,1260
65526,9,2693,9,8,17,135,124,259,4,2,6,265
65591,9,2693,6,9,15,24,30,54,9,19,28,82
66052,9,2693,28,28,56,341,264,605,57,123,180,785
66245,9,2693,22,26,48,391,422,813,15,31,46,859
66404,9,2693,14,18,32,300,174,474,2,8,10,484
66754,9,2693,18,20,38,310,272,582,13,36,49,631
66991,9,2693,25,31,56,531,414,945,13,48,61,1006
67947,9,2693,28,25,53,53,41,94,14,20,34,128
68494,9,2693,37,40,77,1038,967,2005,50,54,104,2109
68533,9,2693,24,25,49,211,197,408,11,19,30,438
68633,9,2693,12,12,24,133,114,247,15,20,35,282
69065,9,2693,18,19,37,451,436,887,9,17,26,913
69669,9,2693,17,11,28,551,542,1093,20,22,42,1135
70889,9,2693,13,13,26,135,127,262,2,8,10,272
71187,9,2693,14,15,29,290,165,455,13,16,29,484
71518,9,2693,18,18,36,78,74,152,2,3,5,157
71627,9,2693,20,22,42,179,165,344,8,22,30,374
71700,9,2693,19,23,42,325,352,677,15,18,33,710
71782,9,2693,9,10,19,76,72,148,9,13,22,170
72700,9,2693,1,1,2,2,0,2,0,1,1,3
72746,9,2693,12,8,20,102,84,186,9,1,10,196
73175,9,2693,4,5,9,38,34,72,2,3,5,77
73303,9,2693,14,14,28,75,72,147,4,15,19,166
74916,9,2693,41,41,82,963,940,1903,16,33,49,1952
75178,9,2693,11,13,24,13,8,21,22,34,56,77
75261,9,2693,36,37,73,462,471,933,20,38,58,991
75466,9,2693,5,4,9,21,19,40,2,2,4,44
75468,9,2693,8,9,17,108,125,233,2,17,19,252
76313,9,2693,27,33,60,386,408,794,11,16,27,821
77023,9,2693,17,18,35,222,356,578,26,58,84,662
77291,9,2693,23,24,47,246,258,504,7,8,15,519
77824,9,2693,22,23,45,174,157,331,5,18,23,354
78062,9,2693,14,15,29,55,62,117,2,10,12,129
78638,9,2693,23,26,49,293,274,567,8,25,33,600
78911,9,2693,7,9,16,27,25,52,2,4,6,58
78966,9,2693,23,22,45,801,152,953,6,8,14,967
79877,9,2693,16,15,31,209,194,403,19,13,32,435
80058,9,2693,33,32,65,253,216,469,23,23,46,515
80193,9,2693,12,17,29,196,269,465,16,35,51,516
82060,9,2693,15,16,31,327,276,603,28,45,73,676
82282,9,2693,11,11,22,54,59,113,6,14,20,133
83184,9,2693,9,10,19,302,291,593,7,13,20,613
83568,9,2693,17,12,29,93,75,168,6,3,9,177
84215,9,2693,10,10,20,144,134,278,1,14,15,293
84472,9,2693,31,32,63,430,438,868,13,14,27,895
84841,9,2693,16,19,35,122,116,238,45,68,113,351
85596,9,2693,20,23,43,339,343,682,9,18,27,709
85970,9,2693,21,23,44,568,612,1180,6,10,16,1196
86009,9,2693,13,14,27,50,42,92,3,10,13,105
86237,9,2693,8,10,18,44,45,89,1,5,6,95
86352,9,2693,18,17,35,51,47,98,31,39,70,168
86610,9,2693,10,10,20,205,195,400,12,23,35,435
86727,9,2693,13,12,25,52,62,114,0,0,0,114
88133,9,2693,12,15,27,181,217,398,30,28,58,456
88175,9,2693,8,11,19,56,62,118,3,14,17,135
89827,9,2693,16,10,26,188,106,294,6,11,17,311
10060,10,2694,7,6,13,48,43,91,4,3,7,98
10281,10,2694,18,14,32,792,769,1561,20,12,32,1593
10353,10,2694,15,15,30,309,316,625,0,1,1,626
10841,10,2694,20,27,47,124,140,264,22,60,82,346
11023,10,2694,16,15,31,409,366,775,5,9,14,789
11360,10,2694,16,19,35,167,162,329,24,96,120,449
11692,10,2694,19,21,40,632,636,1268,15,35,50,1318
13116,10,2694,1,1,2,1,0,1,0,2,2,3
13799,10,2694,19,17,36,102,109,211,8,7,15,226
13882,10,2694,20,20,40,193,200,393,7,4,11,404
13896,10,2694,7,4,11,21,14,35,1,1,2,37
14106,10,2694,8,5,13,17,11,28,1,1,2,30
14188,10,2694,14,17,31,110,124,234,6,26,32,266
14962,10,2694,31,38,69,552,506,1058,17,51,68,1126
15071,10,2694,6,10,16,372,310,682,5,8,13,695
15548,10,2694,2,0,2,2,0,2,2,0,2,4
15723,10,2694,19,16,35,93,85,178,2,8,10,188
15776,10,2694,15,20,35,561,583,1144,3,14,17,1161
16313,10,2694,33,32,65,217,186,403,17,19,36,439
16495,10,2694,20,23,43,203,197,400,11,20,31,431
16933,10,2694,16,17,33,796,832,1628,26,27,53,1681
17041,10,2694,11,12,23,102,100,202,5,10,15,217
17353,10,2694,10,13,23,83,69,152,4,14,18,170
18344,10,2694,13,14,27,99,35,134,3,8,11,145
18394,10,2694,29,26,55,742,695,1437,23,15,38,1475
18420,10,2694,14,8,22,78,19,97,23,16,39,136
18707,10,2694,22,21,43,70,73,143,7,13,20,163
19066,10,2694,19,19,38,118,95,213,12,35,47,260
19844,10,2694,36,38,74,231,200,431,15,16,31,462
20905,10,2694,16,23,39,62,65,127,3,52,55,182
21350,10,2694,28,34,62,362,370,732,19,30,49,781
22540,10,2694,2,1,3,3,0,3,0,1,1,4
22617,10,2694,17,21,38,275,290,565,4,7,11,576
22745,10,2694,14,14,28,118,101,219,5,15,20,239
22931,10,2694,27,22,49,133,100,233,10,18,28,261
23040,10,2694,17,17,34,153,137,290,5,5,10,300
23144,10,2694,7,8,15,65,59,124,5,14,19,143
23642,10,2694,11,10,21,276,298,574,6,3,9,583
24543,10,2694,11,23,34,42,45,87,8,31,39,126
24760,10,2694,27,37,64,512,582,1094,12,39,51,1145
24853,10,2694,23,21,44,142,112,254,5,6,11,265
25171,10,2694,33,33,66,261,271,532,16,32,48,580
25323,10,2694,20,21,41,207,214,421,3,41,44,465
25494,10,2694,34,33,67,420,372,792,30,28,58,850
25544,10,2694,42,52,94,362,392,754,5,16,21,775
25947,10,2694,13,10,23,69,47,116,15,17,32,148
26127,10,2694,17,23,40,127,123,250,20,35,55,305
26425,10,2694,6,8,14,38,31,69,1,4,5,74
26999,10,2694,9,9,18,151,184,335,7,75,82,417
28831,10,2694,4,10,14,21,21,42,3,16,19,61
29914,10,2694,15,14,29,76,64,140,8,21,29,169
30076,10,2694,17,16,33,402,403,805,2,7,9,814
30952,10,2694,15,13,28,123,96,219,15,28,43,262
31372,10,2694,14,13,27,198,182,380,4,8,12,392
31583,10,2694,47,43,90,608,577,1185,22,36,58,1243
32100,10,2694,20,25,45,185,201,386,12,57,69,455
32174,10,2694,12,15,27,22,27,49,2,10,12,61
32899,10,2694,12,12,24,23,20,43,2,7,9,52
33094,10,2694,15,12,27,115,108,223,0,0,0,223
34250,10,2694,13,18,31,30,41,71,10,24,34,105
34853,10,2694,31,33,64,532,581,1113,18,44,62,1175
35227,10,2694,10,12,22,43,47,90,3,12,15,105
36006,10,2694,3,4,7,35,31,66,2,2,4,70
36143,10,2694,26,29,55,334,314,648,18,44,62,710
36951,10,2694,19,21,40,159,139,298,4,12,16,314
37617,10,2694,18,23,41,306,270,576,16,23,39,615
38823,10,2694,11,9,20,17,20,37,2,3,5,42
38893,10,2694,12,14,26,89,84,173,19,23,42,215
38901,10,2694,26,25,51,267,248,515,7,12,19,534
38927,10,2694,23,25,48,180,187,367,3,17,20,387
39122,10,2694,12,14,26,44,28,72,5,20,25,97
39253,10,2694,19,22,41,102,95,197,15,48,63,260
39701,10,2694,21,23,44,69,68,137,9,37,46,183
39783,10,2694,20,18,38,115,105,220,22,36,58,278
40557,10,2694,20,25,45,458,435,893,16,27,43,936
40629,10,2694,29,28,57,181,176,357,8,14,22,379
40877,10,2694,0,1,1,0,1,1,0,0,0,1
40997,10,2694,19,24,43,121,119,240,28,42,70,310
41393,10,2694,12,10,22,52,39,91,1,1,2,93
44167,10,2694,50,57,107,355,321,676,20,72,92,768
44520,10,2694,16,18,34,202,188,390,12,23,35,425
44947,10,2694,11,11,22,298,306,604,2,1,3,607
44956,10,2694,13,16,29,37,41,78,0,24,24,102
45000,10,2694,10,13,23,122,121,243,5,17,22,265
45292,10,2694,40,46,86,442,421,863,32,103,135,998
45539,10,2694,21,17,38,110,81,191,5,17,22,213
45945,10,2694,14,13,27,992,985,1977,12,10,22,1999
46021,10,2694,16,16,32,344,311,655,24,33,57,712
46160,10,2694,27,18,45,127,112,239,4,10,14,253
46584,10,2694,20,23,43,75,76,151,12,31,43,194
46654,10,2694,26,17,43,255,165,420,13,35,48,468
46771,10,2694,10,12,22,29,14,43,8,22,30,73
47230,10,2694,32,40,72,748,680,1428,17,56,73,1501
48187,10,2694,19,18,37,243,242,485,5,15,20,505
48429,10,2694,22,29,51,243,239,482,30,66,96,578
48990,10,2694,9,9,18,610,596,1206,5,9,14,1220
49294,10,2694,6,7,13,546,630,1176,2,16,18,1194
49597,10,2694,9,9,18,37,47,84,5,9,14,98
50181,10,2694,10,11,21,57,48,105,5,9,14,119
50709,10,2694,18,19,37,357,394,751,13,17,30,781
50869,10,2694,13,18,31,96,86,182,5,9,14,196
50947,10,2694,32,35,67,349,344,693,9,13,22,715
51102,10,2694,62,55,117,2148,2000,4148,19,27,46,4194
51552,10,2694,10,9,19,76,64,140,3,12,15,155
51675,10,2694,4,7,11,37,44,81,5,45,50,131
51722,10,2694,5,4,9,14,11,25,0,0,0,25
52067,10,2694,31,22,53,578,543,1121,4,5,9,1130
52385,10,2694,25,23,48,681,673,1354,0,10,10,1364
52441,10,2694,30,35,65,374,394,768,7,24,31,799
52615,10,2694,13,11,24,73,54,127,5,10,15,142
52635,10,2694,10,11,21,42,31,73,4,7,11,84
52923,10,2694,9,13,22,439,426,865,10,26,36,901
53275,10,2694,12,11,23,24,14,38,13,43,56,94
53884,10,2694,17,9,26,42,17,59,3,11,14,73
55464,10,2694,28,38,66,270,281,551,18,39,57,608
55594,10,2694,1,0,1,1,0,1,0,0,0,1
57637,10,2694,16,17,33,88,97,185,1,3,4,189
57896,10,2694,20,23,43,169,141,310,9,25,34,344
58909,10,2694,34,21,55,168,150,318,11,28,39,357
59367,10,2694,22,19,41,107,90,197,7,27,34,231
60482,10,2694,20,24,44,92,86,178,7,27,34,212
60830,10,2694,11,12,23,81,78,159,17,9,26,185
61280,10,2694,23,22,45,309,281,590,3,12,15,605
62555,10,2694,11,19,30,54,51,105,18,46,64,169
62560,10,2694,36,36,72,284,233,517,37,29,66,583
63063,10,2694,21,24,45,210,161,371,6,52,58,429
63188,10,2694,19,18,37,175,192,367,4,8,12,379
63757,10,2694,8,10,18,28,31,59,1,4,5,64
63817,10,2694,12,14,26,701,637,1338,10,20,30,1368
64772,10,2694,28,26,54,193,170,363,25,25,50,413
65102,10,2694,10,13,23,869,863,1732,16,12,28,1760
65526,10,2694,8,6,14,170,158,328,1,1,2,330
65591,10,2694,17,21,38,260,208,468,23,53,76,544
66052,10,2694,36,38,74,289,179,468,32,115,147,615
66245,10,2694,31,29,60,243,213,456,6,14,20,476
66404,10,2694,15,18,33,285,149,434,2,4,6,440
66754,10,2694,19,18,37,302,281,583,11,14,25,608
66991,10,2694,28,31,59,322,258,580,18,32,50,630
67947,10,2694,25,20,45,143,109,252,25,23,48,300
68494,10,2694,38,33,71,809,764,1573,13,17,30,1603
68533,10,2694,20,18,38,132,87,219,13,17,30,249
68633,10,2694,8,10,18,67,67,134,6,8,14,148
69065,10,2694,16,14,30,516,505,1021,12,40,52,1073
69669,10,2694,11,8,19,596,582,1178,12,11,23,1201
70889,10,2694,8,5,13,114,106,220,0,0,0,220
71187,10,2694,10,8,18,41,31,72,6,3,9,81
71518,10,2694,15,23,38,50,48,98,4,20,24,122
71627,10,2694,25,23,48,172,171,343,9,37,46,389
71700,10,2694,26,28,54,203,209,412,9,13,22,434
71782,10,2694,12,12,24,69,61,130,4,8,12,142
72700,10,2694,1,0,1,2,0,2,0,0,0,2
72746,10,2694,14,14,28,144,130,274,6,4,10,284
73175,10,2694,7,5,12,15,8,23,1,1,2,25
73303,10,2694,14,17,31,72,72,144,5,11,16,160
74916,10,2694,38,43,81,742,700,1442,27,61,88,1530
75178,10,2694,10,7,17,11,12,23,16,12,28,51
75261,10,2694,26,23,49,374,371,745,44,52,96,841
75466,10,2694,6,6,12,21,20,41,0,2,2,43
75468,10,2694,7,7,14,42,31,73,4,12,16,89
76313,10,2694,20,20,40,170,135,305,17,18,35,340
77023,10,2694,10,10,20,228,344,572,3,23,26,598
77291,10,2694,25,33,58,244,258,502,8,24,32,534
77824,10,2694,23,22,45,148,120,268,19,20,39,307
78062,10,2694,11,10,21,117,122,239,1,3,4,243
78638,10,2694,31,36,67,407,407,814,10,46,56,870
78911,10,2694,8,6,14,30,27,57,1,0,1,58
78966,10,2694,20,23,43,694,108,802,4,7,11,813
79877,10,2694,20,16,36,146,133,279,7,10,17,296
80058,10,2694,29,31,60,167,148,315,12,26,38,353
80193,10,2694,15,16,31,403,540,943,23,65,88,1031
82060,10,2694,13,10,23,243,259,502,36,8,44,546
82282,10,2694,8,10,18,118,122,240,5,8,13,253
83184,10,2694,13,13,26,242,242,484,9,1,10,494
83568,10,2694,17,17,34,142,99,241,7,10,17,258
84215,10,2694,16,13,29,242,221,463,1,2,3,466
84472,10,2694,33,29,62,250,262,512,6,19,25,537
84841,10,2694,18,17,35,149,146,295,37,19,56,351
85596,10,2694,25,27,52,420,430,850,10,14,24,874
85970,10,2694,21,21,42,578,651,1229,3,16,19,1248
86009,10,2694,22,23,45,69,51,120,8,29,37,157
86237,10,2694,8,12,20,23,12,35,3,21,24,59
86352,10,2694,14,16,30,82,75,157,18,31,49,206
86610,10,2694,18,20,38,301,269,570,11,71,82,652
86727,10,2694,12,12,24,87,94,181,4,0,4,185
88133,10,2694,15,26,41,154,158,312,14,25,39,351
88175,10,2694,13,13,26,128,140,268,3,6,9,277
89827,10,2694,18,14,32,183,144,327,2,8,10,337
10060,11,2695,4,5,9,22,19,41,2,5,7,48
10281,11,2695,16,15,31,957,921,1878,17,13,30,1908
10353,11,2695,19,18,37,316,295,611,1,2,3,614
10841,11,2695,22,24,46,91,112,203,8,26,34,237
11023,11,2695,14,14,28,329,299,628,6,3,9,637
11360,11,2695,18,20,38,118,102,220,26,94,120,340
11692,11,2695,23,26,49,602,612,1214,15,23,38,1252
13116,11,2695,3,2,5,4,2,6,0,0,0,6
13799,11,2695,21,25,46,181,227,408,5,18,23,431
13882,11,2695,17,22,39,186,191,377,7,14,21,398
13896,11,2695,9,9,18,28,23,51,1,10,11,62
14106,11,2695,6,2,8,24,21,45,4,0,4,49
14188,11,2695,17,25,42,201,226,427,2,41,43,470
14962,11,2695,28,29,57,445,421,866,21,29,50,916
15071,11,2695,11,10,21,368,280,648,11,11,22,670
15723,11,2695,17,14,31,159,164,323,4,7,11,334
15776,11,2695,21,20,41,680,672,1352,6,7,13,1365
16313,11,2695,26,31,57,211,190,401,10,23,33,434
16495,11,2695,15,15,30,132,122,254,3,13,16,270
16933,11,2695,20,17,37,865,878,1743,22,21,43,1786
17041,11,2695,9,14,23,67,63,130,4,9,13,143
17353,11,2695,19,17,36,132,120,252,6,17,23,275
18344,11,2695,12,14,26,115,47,162,3,19,22,184
18394,11,2695,7,5,12,240,223,463,0,1,1,464
18420,11,2695,16,9,25,72,8,80,23,23,46,126
18707,11,2695,22,23,45,86,90,176,16,76,92,268
19066,11,2695,12,14,26,74,80,154,10,23,33,187
19844,11,2695,26,26,52,230,198,428,15,11,26,454
20905,11,2695,24,28,52,142,146,288,19,100,119,407
21350,11,2695,18,18,36,259,235,494,13,12,25,519
22540,11,2695,5,3,8,6,5,11,0,0,0,11
22617,11,2695,18,19,37,193,209,402,14,7,21,423
22745,11,2695,16,15,31,103,93,196,11,6,17,213
22931,11,2695,27,18,45,111,67,178,3,12,15,193
23040,11,2695,20,16,36,173,157,330,6,10,16,346
23144,11,2695,9,11,20,13,18,31,5,11,16,47
23642,11,2695,10,10,20,186,212,398,3,1,4,402
24543,11,2695,14,18,32,59,57,116,3,20,23,139
24760,11,2695,25,30,55,438,528,966,14,37,51,1017
24853,11,2695,19,17,36,88,58,146,14,13,27,173
25171,11,2695,24,28,52,344,355,699,11,25,36,735
25323,11,2695,21,22,43,183,166,349,2,24,26,375
25494,11,2695,27,28,55,258,216,474,9,30,39,513
25544,11,2695,40,45,85,357,381,738,3,26,29,767
25947,11,2695,17,15,32,93,73,166,12,30,42,208
26127,11,2695,13,16,29,184,144,328,20,31,51,379
26425,11,2695,9,10,19,36,28,64,4,16,20,84
26999,11,2695,9,9,18,137,167,304,8,38,46,350
28831,11,2695,1,6,7,11,12,23,0,5,5,28
29914,11,2695,9,13,22,39,43,82,4,19,23,105
30076,11,2695,11,13,24,444,442,886,0,2,2,888
30952,11,2695,15,16,31,103,87,190,11,31,42,232
31372,11,2695,13,16,29,212,180,392,4,13,17,409
31583,11,2695,41,39,80,477,430,907,12,34,46,953
32100,11,2695,20,23,43,260,282,542,13,52,65,607
32174,11,2695,16,16,32,71,71,142,1,14,15,157
32899,11,2695,28,14,42,102,45,147,7,6,13,160
33094,11,2695,14,14,28,183,169,352,0,0,0,352
34250,11,2695,15,16,31,44,45,89,5,18,23,112
34853,11,2695,36,34,70,759,814,1573,17,50,67,1640
35227,11,2695,8,13,21,50,46,96,9,10,19,115
36006,11,2695,6,5,11,55,53,108,8,0,8,116
36143,11,2695,27,30,57,189,144,333,27,33,60,393
36951,11,2695,22,23,45,221,225,446,10,20,30,476
37617,11,2695,16,19,35,209,208,417,11,21,32,449
38823,11,2695,18,22,40,78,73,151,4,10,14,165
38893,11,2695,11,13,24,63,55,118,20,43,63,181
38901,11,2695,23,24,47,152,170,322,10,13,23,345
38927,11,2695,22,24,46,328,326,654,6,11,17,671
39122,11,2695,9,12,21,28,22,50,6,20,26,76
39253,11,2695,27,23,50,204,175,379,27,55,82,461
39701,11,2695,21,24,45,158,160,318,9,23,32,350
39783,11,2695,11,12,23,48,53,101,11,21,32,133
40557,11,2695,24,22,46,406,390,796,15,9,24,820
40629,11,2695,32,36,68,202,221,423,10,11,21,444
40877,11,2695,4,2,6,14,17,31,2,1,3,34
40997,11,2695,17,22,39,115,129,244,22,58,80,324
41393,11,2695,18,18,36,84,79,163,7,9,16,179
44167,11,2695,43,45,88,258,239,497,12,34,46,543
44520,11,2695,12,12,24,144,144,288,8,12,20,308
44947,11,2695,7,6,13,422,430,852,5,2,7,859
44956,11,2695,16,15,31,72,81,153,5,7,12,165
45000,11,2695,13,15,28,73,72,145,6,18,24,169
45292,11,2695,38,38,76,402,418,820,24,53,77,897
45539,11,2695,17,17,34,232,192,424,4,3,7,431
45945,11,2695,11,9,20,930,938,1868,15,10,25,1893
46021,11,2695,10,14,24,431,381,812,17,25,42,854
46160,11,2695,27,18,45,216,169,385,9,23,32,417
46584,11,2695,24,24,48,96,68,164,24,60,84,248
46654,11,2695,24,21,45,256,175,431,19,94,113,544
46771,11,2695,22,24,46,163,103,266,19,57,76,342
47230,11,2695,33,31,64,582,541,1123,9,53,62,1185
48187,11,2695,15,12,27,91,93,184,5,22,27,211
48429,11,2695,33,36,69,299,277,576,42,63,105,681
48990,11,2695,8,8,16,895,850,1745,7,33,40,1785
49294,11,2695,9,10,19,552,585,1137,3,17,20,1157
49597,11,2695,8,10,18,43,46,89,5,5,10,99
50181,11,2695,8,5,13,75,61,136,6,4,10,146
50709,11,2695,19,22,41,323,326,649,13,38,51,700
50869,11,2695,19,21,40,85,58,143,10,19,29,172
50947,11,2695,23,23,46,315,302,617,4,15,19,636
51102,11,2695,68,68,136,1679,1535,3214,19,49,68,3282
51552,11,2695,9,8,17,44,35,79,6,15,21,100
51597,11,2695,2,5,7,7,8,15,0,9,9,24
51675,11,2695,5,6,11,13,14,27,2,42,44,71
51722,11,2695,9,6,15,15,13,28,2,3,5,33
52067,11,2695,47,33,80,476,403,879,8,14,22,901
52385,11,2695,26,29,55,816,806,1622,5,28,33,1655
52441,11,2695,36,40,76,437,422,859,12,26,38,897
52615,11,2695,11,9,20,66,51,117,5,3,8,125
52635,11,2695,10,17,27,77,50,127,3,14,17,144
52923,11,2695,10,12,22,387,398,785,15,32,47,832
53275,11,2695,10,14,24,38,26,64,3,52,55,119
53884,11,2695,17,13,30,109,72,181,2,5,7,188
55464,11,2695,27,37,64,197,226,423,11,30,41,464
55594,11,2695,23,25,48,211,191,402,16,21,37,439
57637,11,2695,16,14,30,60,61,121,11,11,22,143
57896,11,2695,16,15,31,176,172,348,7,8,15,363
58909,11,2695,23,19,42,150,145,295,2,23,25,320
59367,11,2695,19,12,31,113,79,192,6,16,22,214
60482,11,2695,24,23,47,131,128,259,27,23,50,309
60830,11,2695,18,19,37,69,70,139,9,7,16,155
61280,11,2695,22,22,44,328,318,646,3,14,17,663
62555,11,2695,14,24,38,56,60,116,13,43,56,172
62560,11,2695,30,31,61,192,169,361,20,24,44,405
63063,11,2695,17,30,47,207,149,356,12,93,105,461
63188,11,2695,20,19,39,235,256,491,2,4,6,497
63757,11,2695,7,11,18,18,14,32,0,9,9,41
63817,11,2695,15,13,28,742,658,1400,19,9,28,1428
64772,11,2695,24,35,59,227,186,413,24,66,90,503
65102,11,2695,12,11,23,542,524,1066,27,22,49,1115
65526,11,2695,8,10,18,95,84,179,2,4,6,185
65591,11,2695,11,14,25,349,330,679,21,44,65,744
66052,11,2695,34,39,73,244,197,441,20,87,107,548
66245,11,2695,23,24,47,314,282,596,9,14,23,619
66404,11,2695,16,14,30,268,187,455,5,1,6,461
66754,11,2695,10,12,22,265,249,514,5,15,20,534
66991,11,2695,35,35,70,370,323,693,13,24,37,730
67947,11,2695,21,15,36,38,19,57,13,13,26,83
68494,11,2695,38,37,75,710,692,1402,16,22,38,1440
68533,11,2695,21,19,40,86,71,157,3,10,13,170
68633,11,2695,11,11,22,141,148,289,2,10,12,301
69065,11,2695,15,13,28,365,323,688,24,19,43,731
69669,11,2695,19,12,31,257,237,494,12,13,25,519
70889,11,2695,6,6,12,150,169,319,0,0,0,319
71187,11,2695,12,10,22,69,52,121,2,5,7,128
71518,11,2695,11,10,21,54,44,98,11,5,16,114
71627,11,2695,26,25,51,145,136,281,25,43,68,349
71700,11,2695,21,19,40,123,124,247,0,7,7,254
71782,11,2695,9,11,20,65,50,115,2,14,16,131
72746,11,2695,13,14,27,65,61,126,6,5,11,137
73175,11,2695,5,6,11,22,18,40,1,1,2,42
73303,11,2695,15,14,29,110,103,213,14,9,23,236
74916,11,2695,44,48,92,798,725,1523,28,58,86,1609
75178,11,2695,5,3,8,4,3,7,8,6,14,21
75261,11,2695,27,30,57,425,485,910,58,77,135,1045
75466,11,2695,6,7,13,20,21,41,1,5,6,47
75468,11,2695,5,8,13,17,15,32,1,10,11,43
76313,11,2695,22,24,46,222,210,432,12,22,34,466
77023,11,2695,19,21,40,315,465,780,14,33,47,827
77291,11,2695,16,15,31,146,139,285,1,11,12,297
77824,11,2695,21,18,39,106,77,183,5,12,17,200
78062,11,2695,5,7,12,67,71,138,0,1,1,139
78638,11,2695,35,38,73,656,634,1290,17,58,75,1365
78911,11,2695,11,11,22,57,59,116,4,13,17,133
78966,11,2695,19,22,41,602,95,697,6,8,14,711
79877,11,2695,19,19,38,112,91,203,6,21,27,230
80058,11,2695,25,24,49,125,99,224,15,20,35,259
80193,11,2695,15,15,30,475,575,1050,29,49,78,1128
82060,11,2695,9,10,19,174,158,332,12,12,24,356
82282,11,2695,13,13,26,111,108,219,6,11,17,236
83184,11,2695,11,10,21,225,220,445,7,5,12,457
83568,11,2695,20,17,37,145,94,239,3,4,7,246
84215,11,2695,13,12,25,163,157,320,11,6,17,337
84472,11,2695,33,34,67,205,199,404,7,25,32,436
84841,11,2695,23,22,45,227,239,466,34,36,70,536
85596,11,2695,31,30,61,415,416,831,18,18,36,867
85970,11,2695,26,24,50,628,707,1335,4,21,25,1360
86009,11,2695,22,20,42,55,46,101,14,28,42,143
86237,11,2695,7,8,15,16,7,23,2,8,10,33
86352,11,2695,19,20,39,50,58,108,15,30,45,153
86610,11,2695,15,16,31,179,197,376,5,27,32,408
86727,11,2695,17,19,36,130,123,253,2,6,8,261
88133,11,2695,15,20,35,58,77,135,6,22,28,163
88175,11,2695,11,14,25,99,110,209,4,14,18,227
89827,11,2695,23,21,44,331,258,589,9,23,32,621
10060,12,2696,6,6,12,39,35,74,5,6,11,85
10281,12,2696,8,11,19,889,814,1703,5,11,16,1719
10353,12,2696,10,12,22,307,297,604,1,1,2,606
10841,12,2696,23,24,47,125,129,254,18,45,63,317
11023,12,2696,18,17,35,449,396,845,8,13,21,866
11360,12,2696,15,17,32,113,102,215,42,85,127,342
11692,12,2696,16,17,33,290,281,571,5,10,15,586
13116,12,2696,1,0,1,1,0,1,0,0,0,1
13799,12,2696,23,29,52,224,277,501,7,18,25,526
13882,12,2696,14,14,28,57,62,119,2,4,6,125
13896,12,2696,8,8,16,113,108,221,2,5,7,228
14106,12,2696,10,8,18,30,21,51,3,1,4,55
14188,12,2696,14,20,34,108,115,223,4,40,44,267
14962,12,2696,28,34,62,482,424,906,28,48,76,982
15071,12,2696,10,8,18,362,261,623,5,7,12,635
15723,12,2696,14,13,27,95,99,194,3,3,6,200
15776,12,2696,11,13,24,480,477,957,3,7,10,967
16313,12,2696,30,33,63,296,265,561,9,21,30,591
16495,12,2696,25,24,49,255,214,469,6,22,28,497
16933,12,2696,18,15,33,664,687,1351,17,19,36,1387
17041,12,2696,8,10,18,115,105,220,1,4,5,225
17353,12,2696,24,26,50,210,212,422,6,14,20,442
18344,12,2696,22,23,45,207,75,282,10,8,18,300
18394,12,2696,14,13,27,496,481,977,6,9,15,992
18420,12,2696,11,7,18,121,8,129,19,16,35,164
18707,12,2696,21,24,45,224,245,469,8,24,32,501
19066,12,2696,14,17,31,56,53,109,5,26,31,140
19844,12,2696,29,28,57,290,261,551,7,9,16,567
20905,12,2696,18,22,40,121,110,231,6,60,66,297
21350,12,2696,21,20,41,328,325,653,6,24,30,683
22540,12,2696,4,4,8,7,9,16,0,3,3,19
22617,12,2696,20,20,40,210,238,448,4,7,11,459
22745,12,2696,16,15,31,225,213,438,0,3,3,441
22931,12,2696,25,18,43,101,69,170,4,13,17,187
23040,12,2696,16,18,34,165,126,291,6,16,22,313
23144,12,2696,17,19,36,96,95,191,3,12,15,206
23642,12,2696,10,10,20,175,189,364,4,9,13,377
24543,12,2696,12,16,28,73,58,131,2,11,13,144
24760,12,2696,20,24,44,654,709,1363,7,22,29,1392
24853,12,2696,18,17,35,94,74,168,9,13,22,190
25171,12,2696,17,20,37,237,249,486,4,13,17,503
25323,12,2696,18,15,33,176,181,357,3,10,13,370
25494,12,2696,21,23,44,280,248,528,12,20,32,560
25544,12,2696,38,45,83,283,250,533,3,25,28,561
25947,12,2696,22,22,44,125,102,227,8,40,48,275
26127,12,2696,14,14,28,112,100,212,18,44,62,274
26425,12,2696,9,14,23,57,51,108,2,12,14,122
26999,12,2696,9,8,17,165,171,336,11,44,55,391
28831,12,2696,4,9,13,10,11,21,1,8,9,30
29914,12,2696,13,15,28,50,45,95,4,20,24,119
30076,12,2696,12,15,27,576,564,1140,2,6,8,1148
30952,12,2696,15,15,30,138,99,237,7,26,33,270
31372,12,2696,19,21,40,178,168,346,6,10,16,362
31583,12,2696,40,39,79,485,449,934,13,33,46,980
32100,12,2696,13,16,29,220,224,444,3,24,27,471
32174,12,2696,7,12,19,37,27,64,1,7,8,72
32899,12,2696,14,12,26,41,35,76,4,10,14,90
33094,12,2696,13,17,30,53,51,104,44,21,65,169
34250,12,2696,13,16,29,46,50,96,4,15,19,115
34853,12,2696,33,32,65,656,718,1374,16,31,47,1421
35227,12,2696,18,22,40,439,488,927,12,33,45,972
36006,12,2696,3,4,7,26,22,48,1,0,1,49
36143,12,2696,29,30,59,300,211,511,22,42,64,575
36951,12,2696,7,5,12,17,6,23,1,3,4,27
37617,12,2696,22,25,47,184,177,361,11,33,44,405
38823,12,2696,13,15,28,77,72,149,2,1,3,152
38893,12,2696,14,13,27,77,75,152,15,16,31,183
38901,12,2696,27,29,56,226,235,461,4,6,10,471
38927,12,2696,20,23,43,424,391,815,10,7,17,832
39122,12,2696,9,11,20,22,16,38,2,8,10,48
39253,12,2696,27,35,62,300,251,551,27,77,104,655
39701,12,2696,25,26,51,230,221,451,6,28,34,485
39783,12,2696,10,12,22,106,105,211,21,30,51,262
40557,12,2696,18,17,35,341,339,680,3,6,9,689
40629,12,2696,27,29,56,192,203,395,8,14,22,417
40997,12,2696,19,25,44,136,163,299,16,68,84,383
41393,12,2696,16,20,36,84,80,164,8,4,12,176
44167,12,2696,46,52,98,346,371,717,22,50,72,789
44520,12,2696,13,13,26,164,146,310,4,13,17,327
44947,12,2696,8,11,19,462,474,936,0,2,2,938
44956,12,2696,6,9,15,44,52,96,0,17,17,113
45000,12,2696,12,14,26,127,125,252,1,6,7,259
45292,12,2696,33,38,71,475,477,952,26,24,50,1002
45539,12,2696,16,13,29,192,133,325,6,6,12,337
45945,12,2696,14,12,26,1043,1086,2129,15,5,20,2149
46021,12,2696,13,9,22,240,208,448,13,13,26,474
46160,12,2696,30,19,49,144,102,246,6,14,20,266
46584,12,2696,16,22,38,93,63,156,11,48,59,215
46654,12,2696,29,23,52,285,167,452,20,62,82,534
46771,12,2696,16,22,38,110,65,175,14,49,63,238
47230,12,2696,32,31,63,700,601,1301,6,48,54,1355
48187,12,2696,19,19,38,225,203,428,8,16,24,452
48429,12,2696,25,33,58,406,423,829,28,71,99,928
48990,12,2696,5,7,12,649,628,1277,1,19,20,1297
49294,12,2696,8,8,16,723,781,1504,8,23,31,1535
49597,12,2696,12,12,24,37,33,70,1,3,4,74
50181,12,2696,8,10,18,53,34,87,6,11,17,104
50709,12,2696,17,18,35,226,188,414,14,29,43,457
50869,12,2696,22,23,45,96,92,188,7,14,21,209
50947,12,2696,22,26,48,296,304,600,7,21,28,628
51102,12,2696,61,61,122,1621,1530,3151,11,10,21,3172
51552,12,2696,13,12,25,94,88,182,7,14,21,203
51597,12,2696,17,25,42,118,111,229,0,26,26,255
51675,12,2696,4,6,10,9,13,22,2,33,35,57
51722,12,2696,6,5,11,20,12,32,1,6,7,39
52067,12,2696,34,26,60,544,501,1045,17,8,25,1070
52385,12,2696,21,24,45,615,591,1206,2,6,8,1214
52441,12,2696,28,30,58,452,456,908,10,21,31,939
52615,12,2696,9,10,19,46,40,86,6,9,15,101
52635,12,2696,17,19,36,113,109,222,7,5,12,234
52923,12,2696,12,12,24,385,408,793,20,38,58,851
53275,12,2696,7,14,21,18,6,24,2,45,47,71
53884,12,2696,13,9,22,118,67,185,1,6,7,192
55464,12,2696,21,30,51,291,316,607,14,27,41,648
55594,12,2696,19,20,39,109,99,208,1,9,10,218
57637,12,2696,20,19,39,82,93,175,7,1,8,183
57896,12,2696,17,21,38,201,191,392,14,20,34,426
58909,12,2696,17,14,31,162,151,313,5,8,13,326
59367,12,2696,18,11,29,132,89,221,12,13,25,246
60482,12,2696,16,18,34,86,72,158,6,14,20,178
60830,12,2696,13,13,26,54,55,109,10,8,18,127
61280,12,2696,16,17,33,467,471,938,2,5,7,945
62555,12,2696,11,23,34,73,72,145,20,57,77,222
62560,12,2696,27,32,59,206,196,402,10,32,42,444
63063,12,2696,15,18,33,316,250,566,6,13,19,585
63188,12,2696,13,13,26,267,278,545,5,2,7,552
63757,12,2696,5,8,13,21,21,42,1,7,8,50
63817,12,2696,19,18,37,864,778,1642,8,10,18,1660
64772,12,2696,24,27,51,294,260,554,12,34,46,600
65102,12,2696,9,13,22,912,875,1787,10,12,22,1809
65526,12,2696,10,10,20,132,130,262,1,5,6,268
65591,12,2696,11,23,34,388,354,742,21,78,99,841
66052,12,2696,44,43,87,268,243,511,35,69,104,615
66245,12,2696,24,24,48,335,319,654,5,20,25,679
66404,12,2696,19,19,38,218,140,358,1,1,2,360
66754,12,2696,11,13,24,314,286,600,2,11,13,613
66991,12,2696,26,29,55,284,253,537,13,23,36,573
67947,12,2696,21,22,43,55,35,90,11,17,28,118
68494,12,2696,27,27,54,558,551,1109,14,16,30,1139
68533,12,2696,17,23,40,85,82,167,5,13,18,185
68633,12,2696,12,12,24,180,191,371,8,9,17,388
69065,12,2696,16,14,30,706,593,1299,16,18,34,1333
69669,12,2696,15,10,25,504,477,981,9,7,16,997
70889,12,2696,6,6,12,107,109,216,0,0,0,216
71187,12,2696,11,10,21,55,56,111,3,4,7,118
71518,12,2696,18,15,33,39,33,72,7,7,14,86
71627,12,2696,23,24,47,218,187,405,7,23,30,435
71700,12,2696,31,31,62,234,206,440,11,8,19,459
71782,12,2696,13,13,26,60,49,109,5,10,15,124
72746,12,2696,7,10,17,51,51,102,2,2,4,106
73175,12,2696,7,6,13,15,11,26,1,8,9,35
73303,12,2696,14,15,29,96,103,199,12,15,27,226
74916,12,2696,38,39,77,714,704,1418,23,24,47,1465
75178,12,2696,7,6,13,2,3,5,8,6,14,19
75261,12,2696,29,32,61,485,502,987,39,43,82,1069
75466,12,2696,3,4,7,9,15,24,0,2,2,26
75468,12,2696,8,8,16,18,9,27,4,6,10,37
76313,12,2696,23,26,49,250,214,464,16,40,56,520
77023,12,2696,12,13,25,184,281,465,3,18,21,486
77291,12,2696,20,22,42,256,251,507,6,14,20,527
77824,12,2696,20,21,41,219,213,432,2,13,15,447
78062,12,2696,9,12,21,100,118,218,0,3,3,221
78638,12,2696,42,43,85,689,676,1365,6,42,48,1413
78911,12,2696,20,20,40,109,137,246,2,1,3,249
78966,12,2696,22,23,45,743,122,865,2,15,17,882
79877,12,2696,19,24,43,128,121,249,11,20,31,280
80058,12,2696,21,21,42,89,78,167,6,14,20,187
80193,12,2696,14,17,31,492,671,1163,25,54,79,1242
82060,12,2696,13,18,31,183,183,366,14,18,32,398
82282,12,2696,15,13,28,163,153,316,2,7,9,325
83184,12,2696,12,12,24,158,179,337,7,6,13,350
83568,12,2696,21,16,37,150,100,250,10,13,23,273
84472,12,2696,26,30,56,257,257,514,9,25,34,548
84841,12,2696,25,24,49,145,138,283,23,40,63,346
85596,12,2696,20,21,41,357,347,704,11,15,26,730
85970,12,2696,26,27,53,748,901,1649,8,25,33,1682
86009,12,2696,23,22,45,76,70,146,15,31,46,192
86237,12,2696,3,6,9,32,19,51,0,5,5,56
86352,12,2696,15,18,33,97,94,191,6,15,21,212
86610,12,2696,18,14,32,222,214,436,8,31,39,475
86727,12,2696,13,13,26,80,83,163,1,1,2,165
88133,12,2696,18,23,41,146,194,340,11,21,32,372
88175,12,2696,18,17,35,173,198,371,9,12,21,392
89827,12,2696,17,21,38,227,192,419,5,32,37,456
10060,13,2697,7,6,13,26,26,52,0,2,2,54
10281,13,2697,12,15,27,683,645,1328,5,6,11,1339
10353,13,2697,17,19,36,428,420,848,0,3,3,851
10841,13,2697,22,25,47,94,87,181,17,38,55,236
11023,13,2697,17,19,36,514,461,975,5,5,10,985
11360,13,2697,20,18,38,133,127,260,25,48,73,333
11692,13,2697,15,14,29,225,234,459,15,11,26,485
13116,13,2697,2,0,2,0,0,0,2,0,2,2
13799,13,2697,23,25,48,214,276,490,0,15,15,505
13882,13,2697,16,18,34,140,144,284,1,4,5,289
13896,13,2697,6,6,12,27,27,54,1,5,6,60
14106,13,2697,10,7,17,37,25,62,4,0,4,66
14188,13,2697,16,17,33,147,165,312,2,17,19,331
14962,13,2697,20,24,44,338,354,692,12,26,38,730
15071,13,2697,8,10,18,247,195,442,3,13,16,458
15723,13,2697,13,15,28,128,135,263,1,10,11,274
15776,13,2697,15,14,29,424,423,847,8,3,11,858
16313,13,2697,27,26,53,227,187,414,6,38,44,458
16495,13,2697,17,18,35,199,199,398,4,5,9,407
16933,13,2697,18,19,37,911,935,1846,13,34,47,1893
17041,13,2697,13,14,27,92,92,184,0,7,7,191
17353,13,2697,15,15,30,100,86,186,8,25,33,219
18344,13,2697,14,14,28,198,82,280,8,10,18,298
18394,13,2697,14,11,25,87,69,156,4,5,9,165
18420,13,2697,10,7,17,101,9,110,14,10,24,134
18707,13,2697,16,15,31,237,257,494,2,7,9,503
19066,13,2697,15,17,32,105,99,204,9,23,32,236
19844,13,2697,20,18,38,186,172,358,12,5,17,375
20905,13,2697,22,19,41,226,224,450,11,34,45,495
21350,13,2697,19,23,42,421,410,831,7,22,29,860
22540,13,2697,2,0,2,3,0,3,0,0,0,3
22617,13,2697,16,16,32,201,228,429,8,7,15,444
22745,13,2697,13,14,27,132,126,258,1,2,3,261
22931,13,2697,21,21,42,192,98,290,1,8,9,299
23040,13,2697,18,21,39,161,142,303,2,5,7,310
23144,13,2697,13,18,31,60,60,120,1,12,13,133
23642,13,2697,8,9,17,167,172,339,5,4,9,348
24543,13,2697,13,14,27,65,45,110,0,8,8,118
24760,13,2697,19,22,41,511,578,1089,10,22,32,1121
24853,13,2697,16,16,32,83,77,160,7,19,26,186
25171,13,2697,25,30,55,314,302,616,8,28,36,652
25323,13,2697,17,19,36,125,140,265,3,7,10,275
25494,13,2697,30,34,64,283,264,547,18,28,46,593
25544,13,2697,43,54,97,371,379,750,2,11,13,763
25947,13,2697,21,20,41,136,104,240,13,20,33,273
26127,13,2697,17,15,32,238,203,441,15,34,49,490
26425,13,2697,11,12,23,54,42,96,1,10,11,107
26999,13,2697,7,9,16,163,167,330,15,72,87,417
28831,13,2697,3,5,8,3,2,5,0,5,5,10
29914,13,2697,12,12,24,36,37,73,7,23,30,103
30076,13,2697,14,14,28,500,514,1014,1,6,7,1021
30952,13,2697,15,15,30,105,84,189,5,17,22,211
31372,13,2697,16,14,30,136,128,264,7,12,19,283
31583,13,2697,31,29,60,524,519,1043,7,15,22,1065
32100,13,2697,19,19,38,164,191,355,7,13,20,375
32174,13,2697,12,18,30,53,56,109,0,7,7,116
32899,13,2697,13,13,26,44,37,81,7,14,21,102
33094,13,2697,14,18,32,83,78,161,62,59,121,282
34250,13,2697,19,23,42,56,69,125,8,16,24,149
34853,13,2697,33,29,62,520,528,1048,8,37,45,1093
35227,13,2697,29,37,66,648,701,1349,27,69,96,1445
36006,13,2697,7,7,14,68,57,125,2,0,2,127
36143,13,2697,25,26,51,305,221,526,28,45,73,599
36951,13,2697,18,21,39,255,250,505,3,9,12,517
37617,13,2697,17,21,38,208,188,396,21,26,47,443
38823,13,2697,12,12,24,94,87,181,2,2,4,185
38893,13,2697,10,11,21,107,103,210,10,16,26,236
38901,13,2697,29,30,59,182,196,378,2,3,5,383
38927,13,2697,26,27,53,224,215,439,8,11,19,458
39122,13,2697,9,11,20,11,7,18,3,16,19,37
39253,13,2697,30,31,61,273,242,515,31,66,97,612
39701,13,2697,25,27,52,277,249,526,9,23,32,558
39783,13,2697,8,10,18,89,99,188,16,32,48,236
40557,13,2697,19,18,37,318,256,574,3,7,10,584
40629,13,2697,29,33,62,239,233,472,6,13,19,491
40997,13,2697,17,15,32,115,139,254,15,42,57,311
41393,13,2697,20,19,39,119,114,233,4,10,14,247
44167,13,2697,42,41,83,211,223,434,7,14,21,455
44520,13,2697,12,14,26,114,115,229,11,17,28,257
44947,13,2697,8,9,17,557,561,1118,1,2,3,1121
44956,13,2697,14,15,29,47,68,115,1,7,8,123
45000,13,2697,11,14,25,138,136,274,2,11,13,287
45292,13,2697,39,41,80,390,389,779,30,66,96,875
45539,13,2697,22,19,41,213,184,397,7,9,16,413
45945,13,2697,9,10,19,309,339,648,11,8,19,667
46021,13,2697,5,5,10,86,76,162,6,8,14,176
46160,13,2697,20,17,37,245,210,455,2,13,15,470
46584,13,2697,19,22,41,79,48,127,12,34,46,173
46654,13,2697,25,22,47,295,232,527,28,73,101,628
46771,13,2697,23,24,47,179,112,291,26,46,72,363
47230,13,2697,32,33,65,862,764,1626,8,27,35,1661
48187,13,2697,17,19,36,227,211,438,12,14,26,464
48429,13,2697,23,23,46,365,327,692,36,61,97,789
48990,13,2697,9,9,18,769,750,1519,7,31,38,1557
49294,13,2697,8,9,17,574,606,1180,6,15,21,1201
49597,13,2697,5,4,9,15,7,22,0,2,2,24
50181,13,2697,9,7,16,29,23,52,3,14,17,69
50709,13,2697,19,17,36,212,244,456,12,31,43,499
50869,13,2697,17,20,37,103,83,186,4,14,18,204
50947,13,2697,23,28,51,364,371,735,2,23,25,760
51102,13,2697,84,84,168,1595,1510,3105,16,27,43,3148
51552,13,2697,11,12,23,62,68,130,12,15,27,157
51597,13,2697,23,24,47,118,112,230,5,16,21,251
51675,13,2697,6,7,13,13,21,34,2,43,45,79
51722,13,2697,4,4,8,32,28,60,2,2,4,64
52067,13,2697,28,20,48,402,368,770,4,12,16,786
52385,13,2697,25,26,51,473,462,935,4,22,26,961
52441,13,2697,29,29,58,384,397,781,8,30,38,819
52615,13,2697,7,5,12,51,36,87,2,5,7,94
52635,13,2697,12,14,26,45,39,84,1,8,9,93
52923,13,2697,12,12,24,428,448,876,12,18,30,906
53275,13,2697,10,25,35,20,15,35,9,77,86,121
53884,13,2697,10,9,19,41,29,70,0,8,8,78
55464,13,2697,25,29,54,375,414,789,25,34,59,848
55594,13,2697,24,24,48,204,192,396,8,6,14,410
57637,13,2697,22,25,47,140,141,281,0,1,1,282
57896,13,2697,21,22,43,199,197,396,9,17,26,422
58168,13,2697,0,2,2,0,0,0,0,3,3,3
58909,13,2697,25,20,45,127,139,266,5,16,21,287
59367,13,2697,22,13,35,139,81,220,13,29,42,262
60482,13,2697,14,15,29,64,54,118,6,16,22,140
60830,13,2697,19,20,39,69,86,155,8,6,14,169
61280,13,2697,24,25,49,849,861,1710,5,6,11,1721
62555,13,2697,11,18,29,35,32,67,15,43,58,125
62560,13,2697,25,25,50,236,211,447,7,23,30,477
63063,13,2697,12,11,23,202,158,360,1,5,6,366
63188,13,2697,18,17,35,213,238,451,3,2,5,456
63757,13,2697,12,13,25,47,39,86,0,4,4,90
63817,13,2697,16,15,31,864,766,1630,11,10,21,1651
64772,13,2697,32,33,65,241,203,444,16,42,58,502
65102,13,2697,9,10,19,998,1003,2001,11,24,35,2036
65526,13,2697,10,11,21,99,109,208,0,6,6,214
65591,13,2697,15,15,30,144,116,260,21,45,66,326
66052,13,2697,34,40,74,240,175,415,25,90,115,530
66245,13,2697,20,21,41,239,221,460,4,15,19,479
66404,13,2697,23,25,48,311,204,515,8,11,19,534
66754,13,2697,17,17,34,359,365,724,2,13,15,739
66991,13,2697,31,32,63,384,362,746,13,25,38,784
67947,13,2697,19,22,41,72,47,119,5,27,32,151
68494,13,2697,36,37,73,768,635,1403,6,27,33,1436
68533,13,2697,20,21,41,77,67,144,10,13,23,167
68633,13,2697,13,14,27,120,118,238,7,14,21,259
69065,13,2697,16,15,31,772,706,1478,8,18,26,1504
69669,13,2697,11,9,20,653,651,1304,2,9,11,1315
70889,13,2697,6,7,13,158,146,304,1,1,2,306
71187,13,2697,15,16,31,89,73,162,5,12,17,179
71518,13,2697,15,12,27,48,42,90,2,29,31,121
71627,13,2697,20,24,44,179,167,346,13,42,55,401
71700,13,2697,32,35,67,322,339,661,10,10,20,681
71782,13,2697,22,22,44,157,166,323,3,27,30,353
72700,13,2697,1,0,1,1,0,1,0,0,0,1
72746,13,2697,7,8,15,191,168,359,6,5,11,370
73175,13,2697,3,6,9,18,19,37,1,3,4,41
73303,13,2697,11,11,22,79,73,152,9,14,23,175
74916,13,2697,42,47,89,764,731,1495,27,45,72,1567
75178,13,2697,7,7,14,15,13,28,8,10,18,46
75261,13,2697,27,26,53,385,400,785,50,69,119,904
75466,13,2697,5,4,9,25,25,50,0,0,0,50
75468,13,2697,7,9,16,49,34,83,2,13,15,98
76313,13,2697,22,20,42,243,232,475,18,19,37,512
77023,13,2697,9,13,22,125,154,279,9,21,30,309
77291,13,2697,24,27,51,185,202,387,3,8,11,398
77824,13,2697,21,21,42,194,163,357,3,1,4,361
78062,13,2697,17,15,32,138,146,284,4,4,8,292
78638,13,2697,28,31,59,495,465,960,4,17,21,981
78911,13,2697,13,16,29,36,57,93,1,8,9,102
78966,13,2697,20,20,40,796,85,881,3,3,6,887
79877,13,2697,21,19,40,152,125,277,13,11,24,301
80058,13,2697,25,29,54,136,138,274,5,13,18,292
80193,13,2697,15,16,31,396,436,832,27,61,88,920
82060,13,2697,13,14,27,224,219,443,27,10,37,480
82282,13,2697,11,14,25,51,53,104,1,9,10,114
83184,13,2697,13,14,27,249,252,501,3,4,7,508
83568,13,2697,19,17,36,130,89,219,12,10,22,241
84472,13,2697,37,39,76,331,337,668,1,6,7,675
84841,13,2697,23,24,47,230,233,463,33,36,69,532
85596,13,2697,20,25,45,355,333,688,5,16,21,709
85970,13,2697,25,27,52,566,684,1250,2,23,25,1275
86009,13,2697,19,19,38,154,83,237,14,20,34,271
86237,13,2697,6,10,16,27,22,49,1,9,10,59
86352,13,2697,27,31,58,108,109,217,21,34,55,272
86610,13,2697,11,10,21,176,165,341,6,45,51,392
86727,13,2697,14,14,28,92,75,167,2,0,2,169
88133,13,2697,22,30,52,155,188,343,11,23,34,377
88175,13,2697,13,15,28,154,159,313,7,11,18,331
89827,13,2697,21,17,38,177,138,315,3,7,10,325
10060,14,2698,7,8,15,109,98,207,5,14,19,226
10281,14,2698,19,19,38,1102,1140,2242,9,12,21,2263
10353,14,2698,25,26,51,354,355,709,3,6,9,718
10841,14,2698,49,67,116,159,200,359,24,34,58,417
11023,14,2698,20,22,42,413,410,823,11,19,30,853
11360,14,2698,25,25,50,302,280,582,34,77,111,693
11692,14,2698,13,14,27,185,189,374,8,12,20,394
13799,14,2698,19,20,39,130,135,265,6,13,19,284
13882,14,2698,19,20,39,231,247,478,4,8,12,490
13896,14,2698,6,6,12,24,22,46,1,2,3,49
14106,14,2698,10,9,19,76,56,132,8,6,14,146
14188,14,2698,21,22,43,159,169,328,4,25,29,357
14962,14,2698,35,40,75,501,417,918,31,56,87,1005
15071,14,2698,11,12,23,405,366,771,10,16,26,797
15723,14,2698,19,23,42,147,150,297,11,10,21,318
15776,14,2698,11,14,25,377,375,752,2,15,17,769
16313,14,2698,36,37,73,284,267,551,16,21,37,588
16495,14,2698,43,52,95,388,372,760,12,28,40,800
16933,14,2698,25,27,52,904,863,1767,20,29,49,1816
17041,14,2698,15,13,28,121,124,245,4,19,23,268
17353,14,2698,18,17,35,72,66,138,3,14,17,155
18344,14,2698,15,14,29,170,31,201,5,5,10,211
18394,14,2698,24,26,50,499,485,984,3,10,13,997
18420,14,2698,14,13,27,127,7,134,21,21,42,176
18707,14,2698,38,44,82,514,546,1060,31,89,120,1180
19066,14,2698,25,24,49,171,168,339,7,51,58,397
19844,14,2698,35,29,64,209,175,384,14,9,23,407
20905,14,2698,24,27,51,184,186,370,15,82,97,467
21350,14,2698,26,26,52,260,253,513,15,24,39,552
22540,14,2698,2,0,2,2,0,2,0,0,0,2
22617,14,2698,16,15,31,190,202,392,3,2,5,397
22745,14,2698,18,18,36,236,255,491,0,8,8,499
22931,14,2698,26,19,45,116,92,208,6,13,19,227
23040,14,2698,16,14,30,185,181,366,4,7,11,377
23144,14,2698,25,34,59,128,144,272,6,22,28,300
23642,14,2698,12,11,23,123,129,252,11,11,22,274
24543,14,2698,13,12,25,91,75,166,9,13,22,188
24760,14,2698,20,28,48,772,855,1627,14,62,76,1703
24853,14,2698,18,19,37,101,80,181,15,16,31,212
25171,14,2698,24,30,54,466,489,955,24,37,61,1016
25323,14,2698,18,18,36,98,98,196,0,6,6,202
25494,14,2698,26,29,55,377,338,715,23,30,53,768
25544,14,2698,42,60,102,364,399,763,4,20,24,787
25947,14,2698,22,22,44,222,173,395,11,25,36,431
26127,14,2698,22,31,53,219,203,422,30,59,89,511
26425,14,2698,11,14,25,52,60,112,2,16,18,130
26999,14,2698,15,14,29,220,196,416,20,68,88,504
28831,14,2698,7,12,19,17,15,32,1,22,23,55
29914,14,2698,14,14,28,41,27,68,5,37,42,110
30076,14,2698,19,29,48,437,469,906,5,11,16,922
30952,14,2698,20,24,44,100,102,202,13,22,35,237
31372,14,2698,14,14,28,120,105,225,9,9,18,243
31583,14,2698,45,46,91,758,690,1448,20,34,54,1502
32100,14,2698,19,23,42,217,231,448,5,28,33,481
32174,14,2698,11,18,29,59,77,136,5,18,23,159
32899,14,2698,20,21,41,68,67,135,4,10,14,149
33094,14,2698,16,16,32,126,103,229,66,67,133,362
34250,14,2698,11,11,22,45,52,97,6,11,17,114
34853,14,2698,40,37,77,377,379,756,13,67,80,836
35227,14,2698,13,15,28,146,157,303,10,33,43,346
36006,14,2698,5,6,11,27,21,48,0,0,0,48
36143,14,2698,42,45,87,392,338,730,56,86,142,872
36951,14,2698,36,48,84,345,360,705,5,9,14,719
37617,14,2698,18,20,38,204,228,432,17,24,41,473
38823,14,2698,28,28,56,131,128,259,9,14,23,282
38893,14,2698,15,14,29,103,100,203,14,9,23,226
38901,14,2698,49,53,102,277,299,576,3,11,14,590
38927,14,2698,34,34,68,380,364,744,8,27,35,779
39122,14,2698,16,12,28,37,29,66,13,13,26,92
39253,14,2698,42,46,88,299,297,596,35,70,105,701
39701,14,2698,30,32,62,164,204,368,14,28,42,410
39783,14,2698,25,23,48,152,151,303,30,53,83,386
40557,14,2698,25,23,48,577,556,1133,14,21,35,1168
40629,14,2698,35,34,69,239,242,481,12,31,43,524
40997,14,2698,29,31,60,201,208,409,36,75,111,520
41393,14,2698,21,19,40,134,112,246,1,11,12,258
44167,14,2698,46,51,97,229,238,467,11,22,33,500
44520,14,2698,15,12,27,105,102,207,20,34,54,261
44947,14,2698,11,11,22,500,527,1027,3,8,11,1038
44956,14,2698,19,24,43,65,82,147,1,26,27,174
45000,14,2698,12,15,27,157,144,301,1,14,15,316
45292,14,2698,48,51,99,385,390,775,29,82,111,886
45539,14,2698,20,20,40,145,109,254,5,5,10,264
45945,14,2698,16,15,31,932,935,1867,1,6,7,1874
46021,14,2698,16,14,30,295,234,529,18,36,54,583
46160,14,2698,27,15,42,173,144,317,15,5,20,337
46584,14,2698,21,23,44,63,52,115,13,53,66,181
46654,14,2698,34,27,61,416,321,737,19,32,51,788
46771,14,2698,19,24,43,188,142,330,16,38,54,384
47230,14,2698,28,29,57,623,554,1177,19,41,60,1237
48187,14,2698,21,20,41,256,249,505,24,28,52,557
48429,14,2698,27,25,52,259,241,500,19,41,60,560
48990,14,2698,7,7,14,163,161,324,14,35,49,373
49294,14,2698,8,9,17,346,387,733,5,27,32,765
49597,14,2698,15,17,32,59,64,123,3,7,10,133
50181,14,2698,13,12,25,53,35,88,8,22,30,118
50709,14,2698,20,21,41,370,407,777,8,32,40,817
50869,14,2698,17,25,42,75,68,143,13,24,37,180
50947,14,2698,32,33,65,206,220,426,6,18,24,450
51102,14,2698,75,76,151,1670,1795,3465,19,21,40,3505
51552,14,2698,13,14,27,168,168,336,5,20,25,361
51597,14,2698,21,22,43,139,124,263,1,10,11,274
51675,14,2698,6,5,11,33,37,70,8,40,48,118
51722,14,2698,16,17,33,81,67,148,6,11,17,165
52067,14,2698,37,38,75,708,682,1390,23,27,50,1440
52385,14,2698,36,38,74,596,596,1192,11,30,41,1233
52441,14,2698,22,23,45,192,192,384,7,36,43,427
52615,14,2698,16,14,30,126,116,242,7,12,19,261
52635,14,2698,18,16,34,48,43,91,26,17,43,134
52923,14,2698,14,15,29,663,674,1337,15,20,35,1372
53275,14,2698,14,27,41,29,33,62,16,67,83,145
53884,14,2698,16,12,28,57,33,90,1,7,8,98
55464,14,2698,29,31,60,409,438,847,14,26,40,887
55594,14,2698,35,34,69,205,219,424,21,21,42,466
57637,14,2698,19,23,42,95,98,193,1,9,10,203
57896,14,2698,21,25,46,161,149,310,11,35,46,356
58909,14,2698,17,16,33,118,125,243,4,8,12,255
59367,14,2698,28,17,45,137,93,230,10,23,33,263
60482,14,2698,17,26,43,61,55,116,11,28,39,155
60830,14,2698,14,15,29,40,55,95,9,23,32,127
61280,14,2698,22,21,43,1063,1174,2237,10,16,26,2263
62555,14,2698,10,13,23,39,37,76,17,27,44,120
62560,14,2698,30,30,60,160,136,296,14,42,56,352
63063,14,2698,26,34,60,270,210,480,13,42,55,535
63188,14,2698,21,21,42,186,192,378,2,4,6,384
63757,14,2698,13,14,27,69,64,133,2,11,13,146
63817,14,2698,18,15,33,470,422,892,7,10,17,909
64772,14,2698,39,41,80,321,255,576,38,56,94,670
65102,14,2698,15,16,31,630,587,1217,23,36,59,1276
65526,14,2698,10,15,25,108,104,212,6,10,16,228
65591,14,2698,22,20,42,217,214,431,57,54,111,542
66052,14,2698,30,38,68,226,144,370,50,120,170,540
66245,14,2698,36,39,75,301,316,617,9,21,30,647
66404,14,2698,25,25,50,416,278,694,6,12,18,712
66754,14,2698,17,18,35,217,198,415,7,15,22,437
66991,14,2698,36,36,72,442,414,856,14,24,38,894
67947,14,2698,25,22,47,53,41,94,18,29,47,141
68494,14,2698,33,39,72,689,652,1341,36,43,79,1420
68533,14,2698,22,19,41,137,138,275,7,13,20,295
68633,14,2698,10,11,21,222,208,430,12,8,20,450
69065,14,2698,22,21,43,733,642,1375,16,17,33,1408
69669,14,2698,15,13,28,526,514,1040,7,29,36,1076
70889,14,2698,8,8,16,130,136,266,0,3,3,269
71187,14,2698,15,13,28,86,85,171,6,5,11,182
71518,14,2698,18,19,37,95,82,177,6,16,22,199
71627,14,2698,31,29,60,171,155,326,13,30,43,369
71700,14,2698,32,31,63,235,236,471,10,14,24,495
71782,14,2698,20,17,37,191,177,368,9,29,38,406
72700,14,2698,0,1,1,0,1,1,0,0,0,1
72746,14,2698,13,16,29,252,248,500,5,10,15,515
73175,14,2698,10,9,19,46,37,83,11,15,26,109
73303,14,2698,15,13,28,68,66,134,8,7,15,149
74916,14,2698,38,39,77,930,868,1798,17,23,40,1838
75178,14,2698,6,5,11,4,5,9,10,4,14,23
75261,14,2698,30,28,58,422,402,824,21,43,64,888
75466,14,2698,5,6,11,14,13,27,1,0,1,28
75468,14,2698,12,13,25,50,33,83,6,19,25,108
76313,14,2698,36,38,74,343,327,670,15,31,46,716
77023,14,2698,14,16,30,179,280,459,9,4,13,472
77291,14,2698,20,21,41,178,172,350,8,9,17,367
77824,14,2698,22,18,40,183,154,337,14,18,32,369
78062,14,2698,15,14,29,200,209,409,3,2,5,414
78638,14,2698,30,35,65,516,506,1022,10,47,57,1079
78911,14,2698,17,21,38,34,40,74,7,12,19,93
78966,14,2698,29,34,63,639,171,810,12,9,21,831
79877,14,2698,21,17,38,85,69,154,4,9,13,167
80058,14,2698,37,44,81,168,173,341,11,16,27,368
80193,14,2698,21,22,43,440,559,999,24,54,78,1077
82060,14,2698,21,24,45,254,210,464,33,12,45,509
82282,14,2698,16,17,33,62,57,119,11,17,28,147
83184,14,2698,24,24,48,202,205,407,8,8,16,423
83568,14,2698,24,18,42,158,130,288,25,23,48,336
84215,14,2698,10,12,22,68,62,130,2,12,14,144
84472,14,2698,37,38,75,661,609,1270,7,7,14,1284
84841,14,2698,30,28,58,209,218,427,15,16,31,458
85596,14,2698,23,24,47,411,401,812,5,13,18,830
85970,14,2698,23,25,48,523,637,1160,8,28,36,1196
86009,14,2698,18,22,40,73,63,136,7,26,33,169
86237,14,2698,6,5,11,36,23,59,1,6,7,66
86352,14,2698,19,29,48,80,80,160,11,54,65,225
86610,14,2698,29,31,60,299,297,596,16,72,88,684
86727,14,2698,11,10,21,104,84,188,4,2,6,194
88133,14,2698,22,26,48,121,174,295,17,27,44,339
88175,14,2698,16,20,36,145,151,296,2,15,17,313
89827,14,2698,19,19,38,181,127,308,16,28,44,352
10060,15,2699,5,6,11,123,110,233,2,7,9,242
10281,15,2699,10,14,24,1179,1164,2343,5,15,20,2363
10353,15,2699,16,17,33,178,156,334,3,6,9,343
10841,15,2699,27,30,57,217,236,453,24,43,67,520
11023,15,2699,21,23,44,462,459,921,4,5,9,930
11360,15,2699,19,23,42,338,336,674,27,70,97,771
11692,15,2699,12,11,23,235,240,475,7,4,11,486
13116,15,2699,1,0,1,1,0,1,0,0,0,1
13799,15,2699,19,20,39,125,146,271,2,22,24,295
13882,15,2699,22,23,45,167,172,339,5,6,11,350
13896,15,2699,7,6,13,16,10,26,2,13,15,41
14106,15,2699,12,9,21,39,27,66,6,3,9,75
14188,15,2699,20,27,47,146,168,314,8,41,49,363
14962,15,2699,26,29,55,336,340,676,14,22,36,712
15071,15,2699,9,8,17,201,170,371,11,11,22,393
15723,15,2699,16,18,34,120,114,234,5,10,15,249
15776,15,2699,12,18,30,385,385,770,1,9,10,780
16313,15,2699,32,32,64,208,187,395,8,8,16,411
16495,15,2699,21,22,43,353,363,716,6,11,17,733
16933,15,2699,15,17,32,548,561,1109,7,15,22,1131
17041,15,2699,10,13,23,116,121,237,4,4,8,245
17353,15,2699,12,14,26,174,181,355,4,11,15,370
18344,15,2699,16,16,32,179,51,230,4,4,8,238
18394,15,2699,18,17,35,230,204,434,0,5,5,439
18420,15,2699,6,1,7,39,0,39,5,1,6,45
18707,15,2699,23,29,52,529,539,1068,19,63,82,1150
19066,15,2699,13,13,26,83,73,156,2,16,18,174
19844,15,2699,25,21,46,171,144,315,13,12,25,340
20905,15,2699,19,21,40,185,184,369,1,18,19,388
21350,15,2699,24,29,53,427,405,832,16,41,57,889
22745,15,2699,11,13,24,164,171,335,3,7,10,345
22931,15,2699,18,12,30,131,112,243,3,10,13,256
23040,15,2699,18,20,38,153,126,279,7,9,16,295
23144,15,2699,24,25,49,119,120,239,2,17,19,258
23642,15,2699,11,14,25,225,231,456,8,11,19,475
24543,15,2699,10,14,24,29,26,55,3,9,12,67
24760,15,2699,18,22,40,540,603,1143,15,11,26,1169
24853,15,2699,12,11,23,63,46,109,1,7,8,117
25171,15,2699,18,23,41,314,329,643,10,13,23,666
25323,15,2699,15,17,32,94,103,197,0,9,9,206
25494,15,2699,19,21,40,197,143,340,13,13,26,366
25544,15,2699,57,70,127,421,446,867,2,12,14,881
25947,15,2699,23,44,67,128,92,220,15,48,63,283
26127,15,2699,16,14,30,118,90,208,20,39,59,267
26425,15,2699,9,13,22,52,61,113,0,1,1,114
26999,15,2699,13,7,20,148,117,265,17,34,51,316
28831,15,2699,6,11,17,10,10,20,3,16,19,39
29914,15,2699,11,9,20,29,21,50,3,8,11,61
30076,15,2699,14,16,30,515,529,1044,2,5,7,1051
30952,15,2699,6,7,13,133,109,242,11,19,30,272
31372,15,2699,12,13,25,171,173,344,0,12,12,356
31583,15,2699,44,46,90,1021,975,1996,10,19,29,2025
32100,15,2699,17,22,39,217,236,453,6,32,38,491
32174,15,2699,6,9,15,69,68,137,0,8,8,145
32899,15,2699,20,11,31,66,60,126,8,7,15,141
33094,15,2699,21,22,43,200,194,394,56,55,111,505
34250,15,2699,15,17,32,24,31,55,5,12,17,72
34853,15,2699,27,24,51,358,390,748,8,23,31,779
35227,15,2699,15,18,33,296,286,582,11,24,35,617
36006,15,2699,5,7,12,16,14,30,0,1,1,31
36143,15,2699,31,34,65,306,246,552,24,46,70,622
36951,15,2699,31,40,71,392,407,799,3,12,15,814
37617,15,2699,25,25,50,273,279,552,11,17,28,580
38823,15,2699,18,21,39,94,88,182,4,3,7,189
38893,15,2699,10,10,20,42,39,81,13,18,31,112
38901,15,2699,24,27,51,246,244,490,4,5,9,499
38927,15,2699,22,24,46,255,249,504,4,12,16,520
39122,15,2699,12,12,24,41,26,67,0,5,5,72
39253,15,2699,16,20,36,49,52,101,12,21,33,134
39701,15,2699,29,26,55,272,264,536,9,11,20,556
39783,15,2699,5,7,12,37,30,67,1,7,8,75
40557,15,2699,19,17,36,387,380,767,5,9,14,781
40629,15,2699,21,23,44,202,215,417,8,19,27,444
40997,15,2699,18,30,48,122,154,276,25,85,110,386
41393,15,2699,22,22,44,71,62,133,12,23,35,168
44167,15,2699,52,56,108,463,455,918,13,32,45,963
44520,15,2699,11,10,21,120,115,235,17,15,32,267
44947,15,2699,12,14,26,429,444,873,2,2,4,877
44956,15,2699,12,16,28,61,70,131,5,11,16,147
45000,15,2699,13,12,25,94,89,183,4,8,12,195
45292,15,2699,30,36,66,181,194,375,5,33,38,413
45539,15,2699,15,15,30,146,113,259,3,2,5,264
45945,15,2699,16,15,31,829,858,1687,5,8,13,1700
46021,15,2699,12,15,27,231,175,406,17,29,46,452
46160,15,2699,27,16,43,220,157,377,4,18,22,399
46584,15,2699,19,24,43,82,55,137,9,57,66,203
46654,15,2699,24,21,45,299,208,507,16,30,46,553
46771,15,2699,13,16,29,114,67,181,11,33,44,225
47230,15,2699,30,28,58,834,750,1584,11,40,51,1635
48187,15,2699,22,21,43,165,145,310,12,13,25,335
48429,15,2699,23,33,56,241,162,403,18,54,72,475
48990,15,2699,8,8,16,379,364,743,10,20,30,773
49294,15,2699,7,8,15,396,443,839,4,17,21,860
49597,15,2699,9,7,16,18,15,33,2,2,4,37
50181,15,2699,9,7,16,17,9,26,3,10,13,39
50709,15,2699,13,17,30,235,242,477,11,17,28,505
50869,15,2699,17,19,36,91,89,180,5,12,17,197
50947,15,2699,22,26,48,246,249,495,1,9,10,505
51102,15,2699,70,72,142,2037,2092,4129,25,26,51,4180
51552,15,2699,12,15,27,157,151,308,5,12,17,325
51597,15,2699,18,24,42,128,119,247,2,22,24,271
51675,15,2699,4,6,10,20,25,45,2,30,32,77
51722,15,2699,9,10,19,57,47,104,3,4,7,111
52067,15,2699,27,27,54,552,526,1078,20,19,39,1117
52385,15,2699,23,26,49,417,397,814,5,21,26,840
52615,15,2699,14,15,29,62,54,116,4,8,12,128
52635,15,2699,18,17,35,43,41,84,13,9,22,106
52923,15,2699,13,16,29,754,722,1476,7,16,23,1499
53275,15,2699,8,13,21,12,9,21,3,43,46,67
53884,15,2699,9,5,14,46,27,73,0,4,4,77
55464,15,2699,26,31,57,342,377,719,10,26,36,755
55594,15,2699,25,29,54,114,98,212,10,29,39,251
57637,15,2699,17,17,34,99,108,207,2,3,5,212
57896,15,2699,23,25,48,157,155,312,4,8,12,324
58909,15,2699,16,18,34,213,210,423,1,5,6,429
59367,15,2699,21,16,37,154,106,260,3,17,20,280
60482,15,2699,12,12,24,61,52,113,4,11,15,128
60830,15,2699,11,13,24,47,42,89,10,8,18,107
61280,15,2699,17,20,37,860,896,1756,7,19,26,1782
62555,15,2699,11,12,23,27,22,49,15,21,36,85
62560,15,2699,26,31,57,167,158,325,5,26,31,356
63063,15,2699,20,22,42,242,185,427,5,15,20,447
63188,15,2699,17,23,40,242,255,497,4,8,12,509
63757,15,2699,6,6,12,16,15,31,2,3,5,36
63817,15,2699,16,16,32,710,679,1389,6,5,11,1400
64772,15,2699,42,44,86,306,243,549,24,22,46,595
65102,15,2699,13,14,27,677,646,1323,13,18,31,1354
65591,15,2699,13,17,30,1008,696,1704,18,34,52,1756
66052,15,2699,31,45,76,198,135,333,51,134,185,518
66245,15,2699,24,26,50,249,243,492,10,14,24,516
66404,15,2699,24,31,55,425,283,708,3,7,10,718
66754,15,2699,18,17,35,347,357,704,5,4,9,713
66991,15,2699,30,34,64,418,375,793,9,24,33,826
67947,15,2699,27,26,53,126,81,207,12,22,34,241
68494,15,2699,33,32,65,903,819,1722,15,23,38,1760
68533,15,2699,24,27,51,116,99,215,7,24,31,246
68633,15,2699,6,8,14,109,106,215,2,5,7,222
69065,15,2699,22,20,42,605,563,1168,13,6,19,1187
69669,15,2699,12,11,23,359,329,688,13,14,27,715
70889,15,2699,8,8,16,173,165,338,0,1,1,339
71187,15,2699,14,14,28,72,67,139,4,10,14,153
71518,15,2699,15,13,28,201,55,256,2,9,11,267
71627,15,2699,20,25,45,198,172,370,4,14,18,388
71700,15,2699,29,30,59,217,238,455,4,5,9,464
71782,15,2699,13,18,31,98,83,181,3,27,30,211
72746,15,2699,7,7,14,511,403,914,1,1,2,916
73175,15,2699,10,9,19,75,57,132,5,6,11,143
73303,15,2699,16,17,33,91,83,174,3,6,9,183
74916,15,2699,28,27,55,773,696,1469,19,34,53,1522
75178,15,2699,5,2,7,8,4,12,7,2,9,21
75261,15,2699,21,21,42,383,368,751,29,24,53,804
75466,15,2699,3,5,8,6,9,15,1,1,2,17
75468,15,2699,6,6,12,9,5,14,3,6,9,23
76313,15,2699,26,25,51,270,228,498,16,10,26,524
77023,15,2699,19,20,39,114,125,239,3,15,18,257
77291,15,2699,21,24,45,192,179,371,3,9,12,383
77824,15,2699,19,17,36,184,165,349,7,10,17,366
78062,15,2699,15,15,30,154,171,325,4,6,10,335
78638,15,2699,24,26,50,725,684,1409,2,16,18,1427
78911,15,2699,10,8,18,57,63,120,2,1,3,123
78966,15,2699,23,23,46,719,116,835,1,3,4,839
79877,15,2699,20,20,40,128,108,236,7,18,25,261
80058,15,2699,34,30,64,151,149,300,7,3,10,310
80193,15,2699,16,17,33,399,463,862,20,31,51,913
82060,15,2699,25,22,47,189,164,353,28,9,37,390
82282,15,2699,6,6,12,63,61,124,3,2,5,129
83184,15,2699,11,13,24,134,133,267,6,4,10,277
83568,15,2699,20,22,42,128,102,230,6,14,20,250
84215,15,2699,17,15,32,196,187,383,4,8,12,395
84472,15,2699,29,25,54,635,600,1235,9,5,14,1249
84841,15,2699,21,24,45,242,262,504,18,22,40,544
85596,15,2699,23,26,49,333,308,641,17,13,30,671
85970,15,2699,25,28,53,514,622,1136,3,22,25,1161
86009,15,2699,20,17,37,87,72,159,7,5,12,171
86237,15,2699,10,8,18,52,45,97,2,4,6,103
86352,15,2699,20,26,46,72,85,157,6,30,36,193
86610,15,2699,20,21,41,250,237,487,18,43,61,548
86727,15,2699,10,11,21,62,63,125,0,1,1,126
88133,15,2699,19,22,41,79,97,176,12,11,23,199
88175,15,2699,5,5,10,79,83,162,1,3,4,166
89827,15,2699,14,12,26,83,79,162,11,6,17,179
10060,16,2700,7,7,14,100,94,194,3,3,6,200
10281,16,2700,8,10,18,683,697,1380,3,5,8,1388
10353,16,2700,20,20,40,200,185,385,2,2,4,389
10841,16,2700,24,21,45,213,204,417,18,22,40,457
11023,16,2700,18,21,39,420,400,820,10,18,28,848
11360,16,2700,19,18,37,205,198,403,22,57,79,482
11692,16,2700,15,14,29,221,221,442,13,12,25,467
13116,16,2700,2,0,2,2,0,2,0,0,0,2
13799,16,2700,16,17,33,273,314,587,8,7,15,602
13882,16,2700,22,23,45,123,131,254,0,5,5,259
13896,16,2700,4,3,7,9,7,16,0,2,2,18
14106,16,2700,9,8,17,20,18,38,2,1,3,41
14188,16,2700,15,15,30,144,147,291,4,7,11,302
14962,16,2700,25,32,57,342,314,656,20,33,53,709
15071,16,2700,9,9,18,240,225,465,6,10,16,481
15723,16,2700,13,14,27,111,100,211,5,7,12,223
15776,16,2700,11,12,23,622,590,1212,6,10,16,1228
16313,16,2700,26,29,55,252,245,497,11,24,35,532
16495,16,2700,29,33,62,335,294,629,8,27,35,664
16933,16,2700,10,10,20,972,967,1939,6,10,16,1955
17041,16,2700,13,16,29,211,239,450,13,22,35,485
17353,16,2700,13,15,28,106,107,213,2,2,4,217
18344,16,2700,17,18,35,273,83,356,10,6,16,372
18394,16,2700,4,5,9,8,5,13,4,7,11,24
18707,16,2700,21,28,49,471,478,949,7,28,35,984
19066,16,2700,23,25,48,180,189,369,8,34,42,411
19844,16,2700,26,26,52,193,166,359,14,7,21,380
20905,16,2700,19,23,42,294,338,632,10,39,49,681
21350,16,2700,25,28,53,331,355,686,9,18,27,713
22745,16,2700,11,15,26,230,237,467,2,14,16,483
22931,16,2700,26,19,45,169,158,327,1,6,7,334
23040,16,2700,17,18,35,122,113,235,4,6,10,245
23144,16,2700,23,23,46,175,162,337,12,14,26,363
23642,16,2700,9,11,20,159,144,303,7,12,19,322
24543,16,2700,12,17,29,83,78,161,6,8,14,175
24760,16,2700,18,19,37,499,566,1065,5,7,12,1077
24853,16,2700,13,15,28,77,56,133,2,10,12,145
25171,16,2700,18,20,38,367,368,735,7,13,20,755
25323,16,2700,17,16,33,165,167,332,3,9,12,344
25494,16,2700,25,26,51,193,182,375,13,31,44,419
25544,16,2700,58,76,134,457,411,868,5,11,16,884
25947,16,2700,22,21,43,127,79,206,12,29,41,247
26127,16,2700,17,13,30,103,75,178,21,24,45,223
26425,16,2700,12,12,24,50,57,107,2,4,6,113
26999,16,2700,4,4,8,166,207,373,5,26,31,404
28831,16,2700,4,4,8,10,11,21,4,7,11,32
29914,16,2700,10,10,20,52,49,101,3,16,19,120
30076,16,2700,14,16,30,313,320,633,1,1,2,635
30952,16,2700,9,9,18,122,91,213,22,28,50,263
31372,16,2700,20,19,39,163,159,322,3,5,8,330
31583,16,2700,45,42,87,719,691,1410,12,13,25,1435
32100,16,2700,17,17,34,173,185,358,19,43,62,420
32174,16,2700,17,18,35,77,73,150,2,8,10,160
32899,16,2700,11,9,20,29,20,49,2,10,12,61
33094,16,2700,20,14,34,268,276,544,63,60,123,667
34250,16,2700,8,9,17,18,18,36,5,7,12,48
34853,16,2700,35,38,73,470,497,967,14,42,56,1023
35227,16,2700,13,12,25,307,289,596,7,10,17,613
36006,16,2700,6,4,10,63,56,119,0,0,0,119
36143,16,2700,26,29,55,329,281,610,49,63,112,722
36951,16,2700,19,22,41,229,227,456,5,4,9,465
37617,16,2700,22,23,45,238,226,464,12,22,34,498
38823,16,2700,14,15,29,30,29,59,2,4,6,65
38893,16,2700,9,9,18,41,41,82,2,12,14,96
38901,16,2700,16,17,33,117,133,250,5,5,10,260
38927,16,2700,22,20,42,484,465,949,12,21,33,982
39122,16,2700,12,14,26,22,19,41,4,11,15,56
39701,16,2700,24,25,49,362,370,732,9,33,42,774
39783,16,2700,16,15,31,149,131,280,15,22,37,317
40557,16,2700,19,18,37,419,391,810,5,5,10,820
40629,16,2700,25,26,51,166,184,350,3,7,10,360
40997,16,2700,22,25,47,144,159,303,31,73,104,407
41393,16,2700,20,14,34,48,38,86,10,15,25,111
44167,16,2700,74,78,152,596,564,1160,34,92,126,1286
44520,16,2700,9,10,19,134,129,263,13,20,33,296
44947,16,2700,9,9,18,473,478,951,1,3,4,955
44956,16,2700,14,15,29,66,75,141,5,10,15,156
45000,16,2700,11,15,26,118,111,229,2,9,11,240
45292,16,2700,41,43,84,278,261,539,17,36,53,592
45539,16,2700,18,15,33,261,227,488,3,2,5,493
45945,16,2700,14,10,24,805,800,1605,6,11,17,1622
46021,16,2700,9,11,20,204,179,383,16,33,49,432
46160,16,2700,35,19,54,316,189,505,9,15,24,529
46584,16,2700,16,24,40,56,33,89,13,52,65,154
46654,16,2700,25,19,44,315,257,572,12,24,36,608
46771,16,2700,17,22,39,175,118,293,9,47,56,349
47230,16,2700,25,23,48,797,717,1514,3,27,30,1544
48187,16,2700,17,17,34,148,138,286,5,9,14,300
48429,16,2700,31,34,65,389,279,668,17,32,49,717
48990,16,2700,6,7,13,533,524,1057,10,21,31,1088
49294,16,2700,9,9,18,569,647,1216,5,7,12,1228
49597,16,2700,13,11,24,46,41,87,5,7,12,99
50181,16,2700,9,8,17,82,57,139,2,14,16,155
50709,16,2700,15,13,28,132,112,244,17,24,41,285
50869,16,2700,15,15,30,104,99,203,6,9,15,218
50947,16,2700,28,32,60,321,322,643,7,11,18,661
51102,16,2700,60,62,122,1543,1503,3046,11,16,27,3073
51552,16,2700,12,16,28,179,194,373,4,9,13,386
51597,16,2700,19,23,42,133,126,259,5,25,30,289
51675,16,2700,4,6,10,7,9,16,7,37,44,60
51722,16,2700,14,12,26,56,49,105,3,1,4,109
52067,16,2700,38,30,68,541,470,1011,19,14,33,1044
52385,16,2700,22,21,43,183,210,393,7,5,12,405
52615,16,2700,11,12,23,32,29,61,2,5,7,68
52635,16,2700,15,13,28,34,29,63,6,7,13,76
52923,16,2700,17,19,36,603,612,1215,9,37,46,1261
53275,16,2700,11,20,31,48,25,73,10,84,94,167
53884,16,2700,13,9,22,68,45,113,2,8,10,123
55464,16,2700,30,33,63,195,221,416,11,26,37,453
55594,16,2700,14,17,31,94,86,180,6,12,18,198
57637,16,2700,22,28,50,138,155,293,4,2,6,299
57896,16,2700,23,27,50,180,182,362,13,22,35,397
58909,16,2700,18,16,34,168,185,353,5,24,29,382
59367,16,2700,27,15,42,149,73,222,6,23,29,251
60482,16,2700,11,13,24,56,65,121,14,19,33,154
60830,16,2700,13,13,26,25,34,59,7,12,19,78
61280,16,2700,22,22,44,895,937,1832,10,20,30,1862
62555,16,2700,11,11,22,21,10,31,8,19,27,58
62560,16,2700,23,25,48,218,205,423,19,24,43,466
63063,16,2700,21,23,44,249,180,429,7,41,48,477
63188,16,2700,25,26,51,159,168,327,4,4,8,335
63757,16,2700,9,12,21,32,32,64,3,8,11,75
63817,16,2700,14,16,30,640,620,1260,12,5,17,1277
64772,16,2700,23,25,48,173,135,308,15,23,38,346
65102,16,2700,8,10,18,921,885,1806,8,12,20,1826
65591,16,2700,9,13,22,214,145,359,7,33,40,399
66052,16,2700,26,32,58,214,155,369,19,37,56,425
66245,16,2700,23,22,45,258,255,513,5,16,21,534
66404,16,2700,20,19,39,267,190,457,3,5,8,465
66754,16,2700,14,15,29,310,289,599,5,12,17,616
66991,16,2700,28,28,56,293,258,551,17,36,53,604
67947,16,2700,22,23,45,62,47,109,21,25,46,155
68494,16,2700,33,30,63,620,607,1227,9,13,22,1249
68533,16,2700,19,21,40,112,98,210,8,16,24,234
68633,16,2700,7,8,15,123,116,239,1,4,5,244
69065,16,2700,14,13,27,750,641,1391,11,17,28,1419
69669,16,2700,15,10,25,260,229,489,11,14,25,514
70889,16,2700,6,6,12,53,59,112,0,1,1,113
71187,16,2700,16,14,30,79,67,146,6,8,14,160
71518,16,2700,17,14,31,198,72,270,6,11,17,287
71627,16,2700,19,26,45,174,122,296,7,26,33,329
71700,16,2700,31,31,62,260,289,549,10,9,19,568
71782,16,2700,11,15,26,85,75,160,1,8,9,169
72746,16,2700,9,6,15,244,201,445,4,0,4,449
73175,16,2700,5,5,10,10,12,22,1,8,9,31
73303,16,2700,15,17,32,95,103,198,4,8,12,210
74916,16,2700,40,43,83,605,610,1215,22,89,111,1326
75178,16,2700,1,2,3,6,5,11,2,7,9,20
75261,16,2700,25,25,50,378,393,771,33,44,77,848
75466,16,2700,6,6,12,16,18,34,3,2,5,39
75468,16,2700,6,8,14,22,14,36,3,22,25,61
76313,16,2700,22,21,43,127,100,227,22,33,55,282
77023,16,2700,11,12,23,135,127,262,4,10,14,276
77291,16,2700,26,25,51,319,301,620,2,7,9,629
77824,16,2700,20,17,37,136,103,239,7,7,14,253
78062,16,2700,14,13,27,96,92,188,0,0,0,188
78638,16,2700,33,37,70,574,547,1121,64,77,141,1262
78911,16,2700,12,15,27,74,85,159,2,5,7,166
78966,16,2700,17,18,35,808,86,894,3,12,15,909
79877,16,2700,22,19,41,112,94,206,5,12,17,223
80058,16,2700,30,30,60,141,132,273,13,13,26,299
80193,16,2700,17,19,36,456,512,968,14,47,61,1029
82060,16,2700,22,21,43,166,143,309,39,15,54,363
82282,16,2700,12,10,22,81,79,160,15,7,22,182
83184,16,2700,13,14,27,149,170,319,2,2,4,323
83568,16,2700,25,20,45,151,119,270,8,9,17,287
84215,16,2700,15,14,29,246,235,481,10,6,16,497
84472,16,2700,31,29,60,443,414,857,10,10,20,877
84841,16,2700,8,7,15,17,20,37,2,0,2,39
85596,16,2700,30,29,59,400,342,742,9,21,30,772
85970,16,2700,22,23,45,657,773,1430,5,43,48,1478
86009,16,2700,21,21,42,140,142,282,6,15,21,303
86237,16,2700,5,6,11,13,7,20,1,6,7,27
86352,16,2700,18,18,36,73,97,170,29,49,78,248
86610,16,2700,25,25,50,219,202,421,7,59,66,487
86727,16,2700,11,12,23,86,88,174,2,0,2,176
88133,16,2700,19,25,44,183,207,390,15,31,46,436
88175,16,2700,12,13,25,127,134,261,3,15,18,279
89827,16,2700,11,9,20,82,67,149,5,11,16,165
10060,17,2701,5,8,13,65,55,120,2,10,12,132
10281,17,2701,10,14,24,619,590,1209,16,24,40,1249
10353,17,2701,15,19,34,168,147,315,3,3,6,321
10841,17,2701,25,28,53,207,225,432,23,27,50,482
11023,17,2701,16,17,33,266,274,540,16,5,21,561
11360,17,2701,16,16,32,172,163,335,20,46,66,401
11692,17,2701,14,15,29,171,158,329,12,13,25,354
13116,17,2701,3,0,3,5,0,5,0,0,0,5
13799,17,2701,13,15,28,311,318,629,9,16,25,654
13882,17,2701,13,14,27,110,111,221,2,5,7,228
13896,17,2701,6,7,13,9,4,13,2,8,10,23
14106,17,2701,9,8,17,29,26,55,2,3,5,60
14188,17,2701,17,17,34,137,164,301,4,23,27,328
14962,17,2701,34,39,73,644,629,1273,12,18,30,1303
15071,17,2701,9,10,19,228,198,426,9,16,25,451
15723,17,2701,16,17,33,176,169,345,3,4,7,352
15776,17,2701,9,10,19,336,297,633,3,6,9,642
16313,17,2701,33,35,68,285,255,540,18,41,59,599
16495,17,2701,17,17,34,154,131,285,6,12,18,303
16933,17,2701,17,19,36,1137,1083,2220,20,39,59,2279
17041,17,2701,17,17,34,236,256,492,18,28,46,538
17353,17,2701,10,14,24,56,59,115,6,23,29,144
18344,17,2701,13,13,26,201,51,252,7,6,13,265
18394,17,2701,9,8,17,42,36,78,3,11,14,92
18420,17,2701,15,8,23,192,10,202,18,10,28,230
18707,17,2701,25,30,55,475,502,977,12,60,72,1049
19066,17,2701,25,30,55,231,231,462,8,40,48,510
19844,17,2701,25,23,48,246,208,454,10,10,20,474
20905,17,2701,24,24,48,224,253,477,14,37,51,528
21350,17,2701,23,25,48,334,325,659,19,39,58,717
22540,17,2701,0,1,1,0,0,0,0,1,1,1
22617,17,2701,16,17,33,279,294,573,10,10,20,593
22745,17,2701,13,15,28,271,247,518,5,13,18,536
22931,17,2701,31,24,55,313,366,679,2,8,10,689
23040,17,2701,19,16,35,172,152,324,13,6,19,343
23144,17,2701,25,27,52,228,197,425,12,20,32,457
23642,17,2701,17,17,34,161,182,343,12,15,27,370
24543,17,2701,14,14,28,88,77,165,5,16,21,186
24760,17,2701,28,30,58,817,916,1733,17,19,36,1769
24853,17,2701,21,19,40,105,95,200,10,3,13,213
25171,17,2701,22,23,45,518,542,1060,13,18,31,1091
25323,17,2701,17,19,36,200,213,413,7,20,27,440
25494,17,2701,24,24,48,182,158,340,9,12,21,361
25544,17,2701,66,76,142,484,444,928,1,41,42,970
25947,17,2701,22,19,41,149,112,261,16,26,42,303
26127,17,2701,15,12,27,67,54,121,18,13,31,152
26425,17,2701,8,8,16,35,29,64,1,13,14,78
26999,17,2701,11,9,20,172,172,344,10,43,53,397
28831,17,2701,8,12,20,20,16,36,8,25,33,69
29914,17,2701,10,9,19,51,33,84,6,23,29,113
30076,17,2701,16,16,32,502,496,998,3,4,7,1005
30952,17,2701,12,11,23,120,90,210,14,37,51,261
31372,17,2701,15,14,29,196,190,386,3,14,17,403
31583,17,2701,31,32,63,485,472,957,21,23,44,1001
32100,17,2701,18,20,38,191,203,394,13,40,53,447
32174,17,2701,12,11,23,31,33,64,3,2,5,69
32899,17,2701,16,13,29,52,52,104,3,9,12,116
33094,17,2701,16,18,34,214,206,420,53,53,106,526
34250,17,2701,15,19,34,41,38,79,7,24,31,110
34853,17,2701,29,29,58,443,490,933,22,31,53,986
35227,17,2701,15,15,30,290,264,554,23,17,40,594
36006,17,2701,6,7,13,85,84,169,2,5,7,176
36143,17,2701,26,35,61,343,275,618,51,56,107,725
36951,17,2701,22,22,44,176,172,348,4,12,16,364
37617,17,2701,16,16,32,195,174,369,10,24,34,403
38823,17,2701,15,17,32,41,51,92,2,5,7,99
38893,17,2701,10,8,18,39,33,72,13,33,46,118
38901,17,2701,23,25,48,181,192,373,5,9,14,387
38927,17,2701,23,21,44,432,400,832,8,36,44,876
39122,17,2701,13,17,30,48,35,83,8,13,21,104
39253,17,2701,27,37,64,211,209,420,39,60,99,519
39701,17,2701,26,27,53,361,358,719,11,26,37,756
39783,17,2701,17,19,36,303,290,593,18,24,42,635
40557,17,2701,19,14,33,242,210,452,8,6,14,466
40629,17,2701,19,18,37,123,134,257,2,7,9,266
40997,17,2701,19,21,40,157,198,355,31,58,89,444
41393,17,2701,18,18,36,54,51,105,5,8,13,118
44167,17,2701,43,41,84,307,297,604,14,32,46,650
44520,17,2701,15,17,32,111,100,211,23,39,62,273
44947,17,2701,9,10,19,590,581,1171,6,5,11,1182
44956,17,2701,10,15,25,74,89,163,0,20,20,183
45000,17,2701,14,15,29,120,123,243,4,11,15,258
45292,17,2701,48,53,101,374,376,750,20,51,71,821
45539,17,2701,20,14,34,568,474,1042,9,5,14,1056
45945,17,2701,12,16,28,937,941,1878,5,7,12,1890
46021,17,2701,19,21,40,373,282,655,15,30,45,700
46160,17,2701,32,22,54,253,195,448,10,15,25,473
46584,17,2701,21,19,40,61,53,114,11,34,45,159
46654,17,2701,31,20,51,348,280,628,18,40,58,686
46771,17,2701,18,18,36,180,118,298,8,41,49,347
47230,17,2701,27,27,54,743,661,1404,6,27,33,1437
48187,17,2701,19,16,35,174,140,314,8,6,14,328
48429,17,2701,35,36,71,371,231,602,32,52,84,686
48990,17,2701,9,11,20,303,280,583,12,29,41,624
49294,17,2701,6,9,15,504,563,1067,6,28,34,1101
49597,17,2701,7,14,21,34,32,66,0,7,7,73
50181,17,2701,10,11,21,54,49,103,7,15,22,125
50709,17,2701,19,17,36,218,224,442,11,36,47,489
50869,17,2701,14,13,27,71,68,139,7,16,23,162
50947,17,2701,25,25,50,260,258,518,4,12,16,534
51102,17,2701,63,63,126,1351,1307,2658,17,11,28,2686
51552,17,2701,15,18,33,169,169,338,9,27,36,374
51597,17,2701,16,19,35,184,169,353,10,31,41,394
51675,17,2701,4,4,8,3,2,5,4,33,37,42
51722,17,2701,11,11,22,62,49,111,4,2,6,117
52067,17,2701,27,26,53,730,654,1384,9,12,21,1405
52385,17,2701,14,14,28,155,173,328,3,11,14,342
52441,17,2701,28,28,56,294,276,570,10,29,39,609
52615,17,2701,12,13,25,78,76,154,9,8,17,171
52635,17,2701,19,18,37,100,82,182,16,12,28,210
52923,17,2701,21,22,43,608,597,1205,16,31,47,1252
53275,17,2701,9,17,26,12,5,17,5,52,57,74
53884,17,2701,13,8,21,71,26,97,1,9,10,107
55464,17,2701,29,33,62,380,403,783,19,56,75,858
55594,17,2701,14,18,32,120,118,238,6,6,12,250
57637,17,2701,17,19,36,142,147,289,4,9,13,302
57896,17,2701,24,22,46,269,239,508,12,5,17,525
58909,17,2701,18,13,31,111,118,229,6,12,18,247
59367,17,2701,20,11,31,178,124,302,8,17,25,327
60482,17,2701,12,11,23,65,54,119,14,24,38,157
60830,17,2701,18,16,34,50,71,121,7,3,10,131
61280,17,2701,30,31,61,679,707,1386,13,36,49,1435
62555,17,2701,13,23,36,33,29,62,12,60,72,134
62560,17,2701,25,28,53,239,206,445,20,53,73,518
63063,17,2701,12,13,25,177,135,312,4,6,10,322
63188,17,2701,19,20,39,177,181,358,0,5,5,363
63757,17,2701,10,15,25,46,60,106,4,7,11,117
63817,17,2701,11,12,23,700,649,1349,5,3,8,1357
64772,17,2701,27,29,56,205,199,404,16,38,54,458
65102,17,2701,13,17,30,930,905,1835,17,20,37,1872
65526,17,2701,6,10,16,74,73,147,0,4,4,151
65591,17,2701,9,10,19,50,56,106,11,32,43,149
66052,17,2701,29,33,62,272,162,434,10,82,92,526
66245,17,2701,26,22,48,344,360,704,15,24,39,743
66404,17,2701,18,15,33,279,196,475,3,1,4,479
66754,17,2701,18,19,37,355,365,720,6,15,21,741
66991,17,2701,31,32,63,407,394,801,8,28,36,837
67947,17,2701,17,22,39,87,55,142,6,37,43,185
68494,17,2701,32,30,62,824,762,1586,20,34,54,1640
68533,17,2701,21,23,44,141,131,272,14,33,47,319
68633,17,2701,7,9,16,171,177,348,6,16,22,370
69065,17,2701,17,12,29,729,649,1378,16,34,50,1428
69669,17,2701,11,8,19,218,210,428,18,13,31,459
70889,17,2701,8,8,16,176,173,349,0,0,0,349
71187,17,2701,11,12,23,56,52,108,7,8,15,123
71518,17,2701,15,14,29,213,71,284,7,11,18,302
71627,17,2701,23,23,46,162,133,295,13,17,30,325
71700,17,2701,26,29,55,426,441,867,8,11,19,886
71782,17,2701,21,19,40,158,155,313,12,16,28,341
72746,17,2701,8,11,19,151,126,277,1,2,3,280
73175,17,2701,9,9,18,58,55,113,2,9,11,124
73303,17,2701,15,16,31,118,124,242,7,3,10,252
74916,17,2701,34,34,68,599,557,1156,19,46,65,1221
75178,17,2701,7,9,16,17,13,30,12,24,36,66
75261,17,2701,27,26,53,468,469,937,29,54,83,1020
75466,17,2701,8,8,16,16,17,33,2,3,5,38
75468,17,2701,8,9,17,32,20,52,3,33,36,88
76313,17,2701,22,19,41,164,121,285,22,22,44,329
77023,17,2701,14,14,28,83,84,167,12,20,32,199
77291,17,2701,19,23,42,244,263,507,5,15,20,527
77824,17,2701,20,17,37,193,166,359,4,13,17,376
78062,17,2701,13,14,27,124,120,244,1,6,7,251
78638,17,2701,39,39,78,347,342,689,16,42,58,747
78911,17,2701,11,11,22,38,49,87,1,5,6,93
78966,17,2701,22,23,45,904,176,1080,3,2,5,1085
79877,17,2701,19,17,36,163,160,323,13,13,26,349
80058,17,2701,28,25,53,81,78,159,8,7,15,174
80193,17,2701,18,20,38,772,1099,1871,17,45,62,1933
82060,17,2701,14,11,25,154,151,305,44,13,57,362
82282,17,2701,14,12,26,68,85,153,14,9,23,176
83184,17,2701,10,11,21,188,184,372,8,2,10,382
83568,17,2701,23,20,43,153,108,261,19,17,36,297
84215,17,2701,15,15,30,150,141,291,4,9,13,304
84472,17,2701,25,26,51,365,336,701,10,8,18,719
84841,17,2701,22,22,44,116,118,234,18,20,38,272
85596,17,2701,22,21,43,375,333,708,13,23,36,744
85970,17,2701,23,24,47,777,910,1687,6,25,31,1718
86009,17,2701,19,18,37,101,69,170,4,21,25,195
86237,17,2701,11,11,22,69,61,130,1,11,12,142
86352,17,2701,19,22,41,79,89,168,25,45,70,238
86610,17,2701,18,21,39,211,179,390,7,66,73,463
86727,17,2701,17,18,35,119,117,236,2,2,4,240
88133,17,2701,27,25,52,205,231,436,18,18,36,472
88175,17,2701,17,17,34,175,186,361,8,7,15,376
89827,17,2701,12,11,23,199,156,355,9,10,19,374
10060,18,2702,5,5,10,66,62,128,6,15,21,149
10281,18,2702,12,9,21,891,869,1760,10,5,15,1775
10353,18,2702,21,22,43,263,245,508,7,6,13,521
10841,18,2702,10,14,24,67,69,136,8,17,25,161
11023,18,2702,14,17,31,239,246,485,7,17,24,509
11360,18,2702,13,15,28,112,111,223,5,11,16,239
11692,18,2702,14,18,32,411,444,855,5,22,27,882
13116,18,2702,0,1,1,0,0,0,0,1,1,1
13799,18,2702,20,20,40,400,462,862,12,18,30,892
13882,18,2702,21,26,47,241,258,499,7,14,21,520
13896,18,2702,4,2,6,5,1,6,2,2,4,10
14106,18,2702,10,9,19,84,65,149,10,9,19,168
14188,18,2702,14,12,26,102,100,202,3,3,6,208
14962,18,2702,28,32,60,567,549,1116,22,30,52,1168
15071,18,2702,11,10,21,144,123,267,9,9,18,285
15723,18,2702,18,18,36,248,253,501,11,14,25,526
15776,18,2702,12,17,29,391,352,743,10,32,42,785
16313,18,2702,32,36,68,228,222,450,14,29,43,493
16495,18,2702,26,26,52,220,189,409,13,29,42,451
16933,18,2702,30,35,65,726,758,1484,38,32,70,1554
17041,18,2702,11,10,21,297,343,640,2,13,15,655
17353,18,2702,8,9,17,53,53,106,7,17,24,130
18344,18,2702,6,5,11,127,18,145,2,1,3,148
18394,18,2702,3,7,10,4,7,11,0,4,4,15
18420,18,2702,8,4,12,22,8,30,6,3,9,39
18707,18,2702,31,36,67,671,723,1394,28,120,148,1542
19066,18,2702,24,24,48,344,357,701,6,15,21,722
19844,18,2702,15,18,33,129,114,243,8,8,16,259
20905,18,2702,21,22,43,183,146,329,25,53,78,407
21350,18,2702,17,22,39,253,275,528,6,19,25,553
22617,18,2702,13,14,27,205,212,417,3,3,6,423
22745,18,2702,13,14,27,237,246,483,11,20,31,514
22931,18,2702,24,18,42,291,276,567,1,2,3,570
23040,18,2702,11,12,23,133,120,253,5,4,9,262
23144,18,2702,7,7,14,71,51,122,2,3,5,127
23642,18,2702,14,16,30,116,132,248,0,3,3,251
24543,18,2702,12,18,30,142,146,288,11,36,47,335
24760,18,2702,18,21,39,543,578,1121,30,46,76,1197
24853,18,2702,16,16,32,81,55,136,10,11,21,157
25171,18,2702,23,23,46,626,635,1261,20,18,38,1299
25323,18,2702,10,11,21,58,71,129,5,5,10,139
25494,18,2702,28,30,58,216,181,397,14,27,41,438
25544,18,2702,46,59,105,430,459,889,6,38,44,933
25947,18,2702,14,16,30,146,107,253,16,25,41,294
26127,18,2702,14,16,30,136,111,247,35,31,66,313
26425,18,2702,3,9,12,6,6,12,2,12,14,26
26999,18,2702,6,5,11,47,28,75,6,17,23,98
28831,18,2702,8,10,18,28,32,60,6,19,25,85
29914,18,2702,5,5,10,6,3,9,3,4,7,16
30076,18,2702,14,22,36,595,604,1199,2,16,18,1217
30952,18,2702,16,21,37,71,52,123,12,26,38,161
31372,18,2702,12,14,26,167,171,338,4,7,11,349
31583,18,2702,27,29,56,494,469,963,5,15,20,983
32100,18,2702,8,10,18,58,61,119,2,8,10,129
32174,18,2702,7,6,13,42,45,87,0,0,0,87
32899,18,2702,7,9,16,29,31,60,6,14,20,80
33094,18,2702,15,13,28,96,81,177,44,69,113,290
34250,18,2702,12,13,25,61,70,131,4,10,14,145
34853,18,2702,32,30,62,671,715,1386,14,20,34,1420
35227,18,2702,16,18,34,274,257,531,14,20,34,565
36006,18,2702,3,3,6,20,14,34,3,1,4,38
36143,18,2702,23,24,47,255,210,465,43,73,116,581
36951,18,2702,29,30,59,341,365,706,8,7,15,721
37617,18,2702,9,13,22,323,353,676,6,10,16,692
38823,18,2702,11,13,24,57,56,113,7,11,18,131
38893,18,2702,12,12,24,123,146,269,5,14,19,288
38901,18,2702,13,17,30,110,112,222,6,13,19,241
38927,18,2702,19,20,39,287,289,576,4,9,13,589
39122,18,2702,14,13,27,56,40,96,7,5,12,108
39253,18,2702,8,9,17,26,32,58,2,9,11,69
39701,18,2702,23,24,47,107,110,217,4,11,15,232
39783,18,2702,11,16,27,96,82,178,13,29,42,220
40557,18,2702,14,15,29,177,172,349,3,13,16,365
40629,18,2702,23,24,47,177,172,349,8,30,38,387
40997,18,2702,17,27,44,110,136,246,16,48,64,310
41393,18,2702,17,16,33,63,53,116,4,7,11,127
44167,18,2702,2,3,5,3,3,6,0,1,1,7
44520,18,2702,6,5,11,29,30,59,16,22,38,97
44947,18,2702,10,10,20,315,328,643,1,10,11,654
44956,18,2702,5,8,13,15,16,31,8,28,36,67
45000,18,2702,12,13,25,167,164,331,4,13,17,348
45292,18,2702,41,53,94,357,402,759,26,70,96,855
45539,18,2702,17,14,31,437,381,818,5,8,13,831
45945,18,2702,11,11,22,934,958,1892,5,4,9,1901
46021,18,2702,16,13,29,236,184,420,33,22,55,475
46160,18,2702,19,12,31,90,61,151,1,3,4,155
46584,18,2702,6,11,17,23,15,38,4,32,36,74
46654,18,2702,28,20,48,376,306,682,25,32,57,739
46771,18,2702,23,27,50,243,213,456,19,37,56,512
47230,18,2702,20,22,42,826,727,1553,7,34,41,1594
48187,18,2702,18,17,35,190,142,332,21,24,45,377
48429,18,2702,21,19,40,362,269,631,27,36,63,694
48990,18,2702,10,10,20,143,88,231,24,28,52,283
49294,18,2702,5,6,11,305,289,594,2,6,8,602
49597,18,2702,4,4,8,45,47,92,1,3,4,96
50181,18,2702,10,11,21,25,34,59,9,5,14,73
50709,18,2702,14,13,27,262,261,523,15,21,36,559
50869,18,2702,15,14,29,116,116,232,5,10,15,247
50947,18,2702,22,24,46,303,309,612,5,24,29,641
51102,18,2702,65,66,131,2010,1807,3817,24,41,65,3882
51552,18,2702,8,9,17,132,147,279,12,11,23,302
51597,18,2702,8,18,26,64,58,122,2,21,23,145
51675,18,2702,3,4,7,12,26,38,3,9,12,50
51722,18,2702,12,13,25,63,60,123,11,16,27,150
52067,18,2702,26,31,57,575,387,962,15,21,36,998
52385,18,2702,34,35,69,342,363,705,11,33,44,749
52441,18,2702,21,21,42,191,191,382,1,3,4,386
52615,18,2702,5,3,8,5,5,10,1,1,2,12
52635,18,2702,14,16,30,44,46,90,27,26,53,143
52923,18,2702,16,18,34,661,650,1311,10,20,30,1341
53275,18,2702,5,23,28,12,7,19,7,48,55,74
53884,18,2702,10,6,16,43,20,63,2,2,4,67
55464,18,2702,29,36,65,231,246,477,11,16,27,504
55594,18,2702,12,13,25,241,248,489,17,29,46,535
57637,18,2702,11,13,24,150,150,300,11,21,32,332
57896,18,2702,13,22,35,178,166,344,7,28,35,379
58909,18,2702,19,15,34,204,202,406,7,9,16,422
59367,18,2702,17,10,27,219,159,378,2,8,10,388
60482,18,2702,5,4,9,16,18,34,4,0,4,38
60830,18,2702,5,7,12,32,21,53,0,5,5,58
61280,18,2702,21,21,42,1169,1235,2404,13,37,50,2454
62555,18,2702,9,14,23,81,70,151,24,53,77,228
62560,18,2702,18,23,41,125,129,254,9,30,39,293
63063,18,2702,26,31,57,203,191,394,5,19,24,418
63188,18,2702,7,10,17,40,35,75,3,7,10,85
63757,18,2702,8,11,19,65,64,129,4,23,27,156
63817,18,2702,13,12,25,205,188,393,0,4,4,397
64772,18,2702,34,37,71,383,312,695,40,52,92,787
65102,18,2702,13,20,33,361,347,708,28,32,60,768
65526,18,2702,8,9,17,125,117,242,6,7,13,255
65591,18,2702,5,7,12,6,3,9,3,10,13,22
66052,18,2702,12,19,31,14,13,27,11,40,51,78
66245,18,2702,18,20,38,221,206,427,15,24,39,466
66404,18,2702,16,15,31,363,292,655,2,7,9,664
66754,18,2702,15,16,31,313,301,614,25,25,50,664
66991,18,2702,29,30,59,491,442,933,11,27,38,971
67947,18,2702,16,20,36,107,98,205,29,33,62,267
68494,18,2702,28,28,56,534,485,1019,11,31,42,1061
68533,18,2702,10,12,22,33,29,62,7,19,26,88
68633,18,2702,10,9,19,96,104,200,4,6,10,210
69065,18,2702,13,10,23,462,359,821,8,14,22,843
69669,18,2702,8,6,14,34,38,72,2,1,3,75
70889,18,2702,10,11,21,76,67,143,0,9,9,152
71187,18,2702,12,19,31,55,52,107,9,22,31,138
71518,18,2702,9,8,17,43,26,69,1,4,5,74
71627,18,2702,28,30,58,222,210,432,10,22,32,464
71700,18,2702,22,24,46,418,440,858,26,28,54,912
71782,18,2702,14,15,29,127,115,242,13,17,30,272
72700,18,2702,0,2,2,0,0,0,0,3,3,3
72746,18,2702,5,9,14,306,254,560,1,3,4,564
73175,18,2702,3,6,9,31,36,67,2,8,10,77
73303,18,2702,8,9,17,72,61,133,11,3,14,147
74916,18,2702,29,30,59,877,809,1686,11,29,40,1726
75178,18,2702,6,4,10,3,2,5,5,5,10,15
75261,18,2702,25,23,48,272,272,544,4,7,11,555
75466,18,2702,4,3,7,10,9,19,2,1,3,22
75468,18,2702,6,5,11,24,23,47,7,19,26,73
76313,18,2702,30,32,62,296,304,600,9,18,27,627
77023,18,2702,15,17,32,262,306,568,18,75,93,661
77291,18,2702,16,16,32,192,200,392,3,8,11,403
77824,18,2702,9,11,20,138,117,255,6,7,13,268
78062,18,2702,13,17,30,111,105,216,11,25,36,252
78638,18,2702,25,24,49,356,379,735,3,16,19,754
78911,18,2702,7,6,13,18,25,43,2,12,14,57
78966,18,2702,30,30,60,840,246,1086,8,5,13,1099
79877,18,2702,17,14,31,76,61,137,7,10,17,154
80058,18,2702,26,23,49,153,127,280,16,14,30,310
80193,18,2702,12,15,27,545,668,1213,26,51,77,1290
82060,18,2702,18,18,36,212,176,388,34,31,65,453
82282,18,2702,1,1,2,1,2,3,0,0,0,3
83184,18,2702,14,12,26,130,115,245,13,6,19,264
83568,18,2702,15,15,30,151,111,262,22,32,54,316
84215,18,2702,10,8,18,102,94,196,2,3,5,201
84472,18,2702,29,31,60,573,531,1104,12,7,19,1123
84841,18,2702,21,26,47,111,100,211,28,43,71,282
85596,18,2702,20,25,45,344,361,705,5,22,27,732
85970,18,2702,20,21,41,430,515,945,3,22,25,970
86009,18,2702,14,20,34,173,196,369,4,17,21,390
86237,18,2702,5,7,12,17,12,29,5,8,13,42
86352,18,2702,9,19,28,33,45,78,9,23,32,110
86610,18,2702,21,20,41,218,181,399,28,80,108,507
86727,18,2702,10,9,19,20,18,38,3,2,5,43
88133,18,2702,15,38,53,119,119,238,16,55,71,309
88175,18,2702,14,16,30,93,94,187,4,28,32,219
89827,18,2702,10,8,18,102,84,186,18,4,22,208
10060,19,2703,7,5,12,56,39,95,1,4,5,100
10281,19,2703,13,14,27,778,781,1559,5,19,24,1583
10353,19,2703,19,17,36,269,257,526,5,8,13,539
10841,19,2703,38,43,81,71,77,148,7,7,14,162
11023,19,2703,20,25,45,395,365,760,3,10,13,773
11692,19,2703,19,20,39,891,965,1856,11,24,35,1891
13799,19,2703,11,9,20,231,251,482,5,4,9,491
13882,19,2703,22,26,48,371,443,814,3,7,10,824
13896,19,2703,4,2,6,3,0,3,3,8,11,14
14106,19,2703,12,10,22,70,56,126,10,7,17,143
14188,19,2703,17,18,35,75,85,160,2,5,7,167
14962,19,2703,35,39,74,848,724,1572,40,14,54,1626
15071,19,2703,11,11,22,141,135,276,7,8,15,291
15723,19,2703,17,18,35,301,289,590,5,12,17,607
15776,19,2703,20,25,45,404,391,795,3,7,10,805
16313,19,2703,43,50,93,249,266,515,11,13,24,539
16495,19,2703,18,17,35,306,272,578,1,8,9,587
16933,19,2703,30,38,68,877,643,1520,12,34,46,1566
17041,19,2703,15,21,36,393,433,826,0,9,9,835
17353,19,2703,16,14,30,35,32,67,0,3,3,70
18344,19,2703,11,10,21,71,50,121,3,3,6,127
18394,19,2703,3,2,5,11,4,15,0,0,0,15
18707,19,2703,37,46,83,481,472,953,24,109,133,1086
19066,19,2703,25,24,49,120,128,248,5,12,17,265
19844,19,2703,21,18,39,93,70,163,20,15,35,198
20905,19,2703,14,19,33,90,85,175,10,30,40,215
21350,19,2703,15,15,30,421,484,905,8,11,19,924
22617,19,2703,16,16,32,241,251,492,7,3,10,502
22745,19,2703,14,16,30,184,180,364,3,9,12,376
22931,19,2703,24,28,52,117,103,220,1,7,8,228
23040,19,2703,12,11,23,102,100,202,4,0,4,206
23144,19,2703,48,56,104,127,129,256,5,2,7,263
23642,19,2703,12,14,26,34,41,75,6,0,6,81
24543,19,2703,11,19,30,77,65,142,3,25,28,170
24760,19,2703,18,20,38,458,524,982,10,29,39,1021
24853,19,2703,16,13,29,104,74,178,3,5,8,186
25171,19,2703,24,24,48,465,455,920,11,10,21,941
25323,19,2703,11,10,21,41,34,75,0,4,4,79
25494,19,2703,33,41,74,358,338,696,43,49,92,788
25544,19,2703,58,91,149,291,355,646,5,15,20,666
25947,19,2703,17,18,35,165,111,276,10,17,27,303
26127,19,2703,21,26,47,300,229,529,27,43,70,599
26425,19,2703,12,15,27,71,67,138,3,15,18,156
28831,19,2703,7,7,14,17,14,31,1,5,6,37
29914,19,2703,10,9,19,39,29,68,3,11,14,82
30076,19,2703,30,44,74,583,586,1169,8,16,24,1193
30952,19,2703,10,8,18,22,16,38,15,6,21,59
31372,19,2703,20,21,41,206,229,435,6,8,14,449
31583,19,2703,32,35,67,679,639,1318,16,14,30,1348
32174,19,2703,9,7,16,51,51,102,0,0,0,102
32899,19,2703,5,5,10,21,19,40,2,0,2,42
33094,19,2703,22,25,47,186,153,339,50,119,169,508
34250,19,2703,10,15,25,30,31,61,0,13,13,74
34853,19,2703,40,41,81,752,873,1625,26,50,76,1701
35227,19,2703,54,85,139,343,360,703,13,31,44,747
36006,19,2703,4,3,7,30,21,51,0,0,0,51
36143,19,2703,31,37,68,340,241,581,32,49,81,662
36951,19,2703,30,34,64,452,464,916,1,8,9,925
37617,19,2703,27,29,56,130,135,265,4,9,13,278
38823,19,2703,16,16,32,140,142,282,0,6,6,288
38893,19,2703,12,13,25,91,80,171,3,9,12,183
38901,19,2703,25,31,56,107,122,229,2,3,5,234
38927,19,2703,28,24,52,183,181,364,2,6,8,372
39122,19,2703,7,7,14,32,26,58,1,2,3,61
39701,19,2703,21,21,42,191,199,390,5,12,17,407
39783,19,2703,22,22,44,391,372,763,15,27,42,805
40557,19,2703,18,18,36,210,208,418,8,14,22,440
40629,19,2703,27,28,55,160,146,306,9,16,25,331
40997,19,2703,44,56,100,265,295,560,9,15,24,584
41393,19,2703,21,24,45,229,214,443,10,13,23,466
44520,19,2703,15,16,31,111,103,214,11,11,22,236
44947,19,2703,13,16,29,544,559,1103,1,1,2,1105
44956,19,2703,9,8,17,16,17,33,2,2,4,37
45000,19,2703,9,10,19,93,98,191,3,5,8,199
45292,19,2703,41,44,85,405,441,846,13,25,38,884
45539,19,2703,23,21,44,414,357,771,3,4,7,778
45945,19,2703,15,14,29,945,969,1914,7,5,12,1926
46021,19,2703,16,17,33,312,239,551,18,11,29,580
46160,19,2703,17,13,30,76,58,134,0,0,0,134
46584,19,2703,19,20,39,75,63,138,5,22,27,165
46654,19,2703,30,27,57,654,568,1222,27,24,51,1273
46771,19,2703,23,21,44,336,300,636,27,23,50,686
47230,19,2703,25,28,53,804,719,1523,11,30,41,1564
48187,19,2703,18,18,36,150,119,269,15,22,37,306
48429,19,2703,28,30,58,473,347,820,10,15,25,845
48990,19,2703,10,6,16,10,1,11,24,28,52,63
49294,19,2703,10,12,22,401,365,766,3,16,19,785
49597,19,2703,10,13,23,58,54,112,3,10,13,125
50181,19,2703,17,16,33,38,28,66,11,19,30,96
50709,19,2703,19,20,39,195,167,362,11,16,27,389
50869,19,2703,15,17,32,107,98,205,10,11,21,226
50947,19,2703,29,41,70,211,212,423,0,5,5,428
51102,19,2703,64,64,128,2425,2120,4545,15,24,39,4584
51552,19,2703,22,23,45,118,105,223,13,18,31,254
51597,19,2703,27,38,65,220,207,427,5,20,25,452
51675,19,2703,2,1,3,14,11,25,1,0,1,26
51722,19,2703,16,15,31,109,100,209,5,5,10,219
52067,19,2703,28,29,57,761,473,1234,8,6,14,1248
52385,19,2703,32,40,72,471,473,944,4,34,38,982
52441,19,2703,22,26,48,206,210,416,7,8,15,431
52635,19,2703,13,8,21,42,22,64,9,15,24,88
52923,19,2703,17,16,33,930,936,1866,34,28,62,1928
53275,19,2703,7,6,13,12,9,21,7,6,13,34
53884,19,2703,6,5,11,7,6,13,1,1,2,15
55464,19,2703,28,34,62,374,393,767,9,31,40,807
55594,19,2703,19,25,44,179,173,352,4,14,18,370
57637,19,2703,18,18,36,150,150,300,11,16,27,327
57896,19,2703,20,22,42,260,283,543,2,19,21,564
58909,19,2703,17,11,28,152,135,287,3,2,5,292
59367,19,2703,31,32,63,193,164,357,5,12,17,374
61280,19,2703,21,19,40,1318,1433,2751,2,5,7,2758
62555,19,2703,9,12,21,15,13,28,8,29,37,65
62560,19,2703,17,16,33,189,175,364,2,7,9,373
63063,19,2703,24,25,49,206,178,384,7,16,23,407
63188,19,2703,17,17,34,85,79,164,1,1,2,166
63757,19,2703,19,17,36,44,32,76,2,6,8,84
63817,19,2703,17,15,32,368,331,699,6,3,9,708
64772,19,2703,43,52,95,393,346,739,43,71,114,853
65102,19,2703,13,19,32,556,534,1090,28,59,87,1177
65526,19,2703,10,11,21,174,180,354,5,3,8,362
66245,19,2703,24,23,47,258,262,520,13,8,21,541
66404,19,2703,22,23,45,276,171,447,1,3,4,451
66754,19,2703,17,20,37,213,214,427,17,21,38,465
66991,19,2703,43,50,93,413,409,822,11,37,48,870
67947,19,2703,24,22,46,103,76,179,24,28,52,231
68494,19,2703,45,45,90,866,799,1665,17,17,34,1699
68533,19,2703,11,14,25,74,71,145,7,3,10,155
68633,19,2703,9,9,18,99,86,185,8,7,15,200
69065,19,2703,25,25,50,729,617,1346,10,11,21,1367
70889,19,2703,14,15,29,136,127,263,0,2,2,265
71187,19,2703,15,17,32,91,79,170,5,13,18,188
71518,19,2703,13,9,22,45,25,70,3,3,6,76
71627,19,2703,34,39,73,263,248,511,5,28,33,544
71700,19,2703,35,39,74,251,282,533,9,10,19,552
71782,19,2703,17,13,30,123,119,242,4,8,12,254
72700,19,2703,1,0,1,1,0,1,0,0,0,1
72746,19,2703,10,15,25,246,188,434,1,2,3,437
73175,19,2703,7,7,14,36,31,67,4,10,14,81
73303,19,2703,9,8,17,33,28,61,0,0,0,61
74916,19,2703,32,32,64,887,824,1711,10,22,32,1743
75178,19,2703,1,0,1,1,0,1,0,0,0,1
75261,19,2703,28,27,55,445,444,889,6,17,23,912
75466,19,2703,11,11,22,19,19,38,2,4,6,44
75468,19,2703,7,6,13,26,21,47,3,3,6,53
76313,19,2703,32,37,69,330,354,684,13,13,26,710
77023,19,2703,24,32,56,169,198,367,30,57,87,454
77291,19,2703,19,17,36,127,107,234,1,4,5,239
77824,19,2703,18,16,34,155,132,287,6,2,8,295
78062,19,2703,13,15,28,100,113,213,2,5,7,220
78638,19,2703,34,34,68,436,428,864,3,33,36,900
78911,19,2703,15,24,39,27,44,71,4,13,17,88
78966,19,2703,26,28,54,722,170,892,3,8,11,903
79877,19,2703,30,34,64,47,41,88,4,6,10,98
80058,19,2703,28,22,50,92,51,143,7,7,14,157
80193,19,2703,18,17,35,532,640,1172,9,25,34,1206
82060,19,2703,25,24,49,262,195,457,39,16,55,512
82282,19,2703,7,1,8,12,2,14,0,0,0,14
83184,19,2703,10,10,20,83,71,154,0,0,0,154
83568,19,2703,21,19,40,115,95,210,13,22,35,245
84215,19,2703,6,6,12,56,43,99,1,3,4,103
84472,19,2703,43,41,84,427,382,809,6,6,12,821
84841,19,2703,23,26,49,129,125,254,22,45,67,321
85596,19,2703,21,21,42,348,326,674,7,13,20,694
85970,19,2703,25,25,50,518,654,1172,2,9,11,1183
86009,19,2703,23,30,53,108,114,222,2,45,47,269
86237,19,2703,2,2,4,17,16,33,0,0,0,33
86352,19,2703,21,23,44,226,240,466,6,5,11,477
86610,19,2703,25,27,52,193,188,381,34,92,126,507
86727,19,2703,25,26,51,33,37,70,3,1,4,74
88133,19,2703,25,26,51,147,158,305,15,20,35,340
88175,19,2703,10,14,24,63,72,135,1,8,9,144
89827,19,2703,12,9,21,118,80,198,16,3,19,217
10060,20,2704,4,4,8,18,13,31,2,1,3,34
10281,20,2704,13,13,26,865,844,1709,7,15,22,1731
10353,20,2704,13,13,26,261,239,500,6,6,12,512
10841,20,2704,9,10,19,15,18,33,2,5,7,40
11023,20,2704,11,12,23,460,433,893,5,5,10,903
11360,20,2704,17,19,36,94,86,180,8,11,19,199
11692,20,2704,15,17,32,393,429,822,6,27,33,855
13116,20,2704,0,2,2,0,0,0,0,3,3,3
13799,20,2704,10,16,26,170,192,362,6,15,21,383
13882,20,2704,23,27,50,522,575,1097,13,24,37,1134
14106,20,2704,10,11,21,42,45,87,1,5,6,93
14188,20,2704,20,39,59,116,156,272,2,12,14,286
14962,20,2704,25,27,52,479,405,884,20,20,40,924
15071,20,2704,4,4,8,24,22,46,1,1,2,48
15723,20,2704,9,7,16,263,260,523,3,3,6,529
15776,20,2704,14,14,28,501,389,890,6,9,15,905
16313,20,2704,24,26,50,196,201,397,8,12,20,417
16495,20,2704,21,17,38,225,197,422,11,8,19,441
16933,20,2704,25,26,51,556,531,1087,17,25,42,1129
17041,20,2704,10,11,21,364,325,689,4,4,8,697
17353,20,2704,6,4,10,13,9,22,0,0,0,22
18344,20,2704,8,8,16,39,18,57,0,0,0,57
19066,20,2704,24,34,58,182,167,349,3,26,29,378
19844,20,2704,17,19,36,106,80,186,24,21,45,231
20905,20,2704,2,0,2,2,0,2,0,0,0,2
21350,20,2704,21,27,48,379,452,831,4,24,28,859
22617,20,2704,13,12,25,275,272,547,3,2,5,552
22745,20,2704,11,11,22,236,219,455,8,12,20,475
22931,20,2704,14,8,22,58,24,82,0,2,2,84
23040,20,2704,9,9,18,71,64,135,1,1,2,137
23144,20,2704,35,58,93,77,96,173,1,6,7,180
23642,20,2704,10,11,21,41,46,87,1,0,1,88
24543,20,2704,11,14,25,70,64,134,5,7,12,146
24760,20,2704,17,19,36,309,337,646,12,40,52,698
24853,20,2704,13,13,26,143,129,272,12,12,24,296
25171,20,2704,16,16,32,245,243,488,8,14,22,510
25323,20,2704,10,10,20,75,87,162,2,6,8,170
25494,20,2704,25,22,47,312,286,598,33,42,75,673
25544,20,2704,28,34,62,201,225,426,3,13,16,442
25947,20,2704,21,20,41,180,138,318,11,13,24,342
26127,20,2704,22,18,40,265,255,520,42,47,89,609
26425,20,2704,7,6,13,9,9,18,2,1,3,21
28831,20,2704,5,11,16,13,11,24,1,14,15,39
29914,20,2704,7,4,11,16,4,20,2,6,8,28
30076,20,2704,12,17,29,751,717,1468,0,9,9,1477
30952,20,2704,6,4,10,7,9,16,6,2,8,24
31372,20,2704,11,13,24,95,102,197,5,14,19,216
31583,20,2704,25,25,50,316,297,613,13,18,31,644
32174,20,2704,5,4,9,32,22,54,0,0,0,54
32899,20,2704,4,5,9,33,32,65,4,3,7,72
33094,20,2704,18,18,36,202,168,370,50,79,129,499
34250,20,2704,11,11,22,16,19,35,9,7,16,51
34853,20,2704,21,22,43,519,609,1128,17,31,48,1176
35227,20,2704,26,35,61,278,294,572,7,10,17,589
36006,20,2704,5,3,8,7,4,11,2,0,2,13
36143,20,2704,34,36,70,273,205,478,47,83,130,608
36951,20,2704,26,33,59,473,480,953,8,29,37,990
37617,20,2704,9,13,22,221,200,421,5,17,22,443
38823,20,2704,13,13,26,51,46,97,6,4,10,107
38893,20,2704,8,9,17,110,104,214,0,6,6,220
38901,20,2704,14,17,31,94,95,189,2,4,6,195
38927,20,2704,18,18,36,146,158,304,1,8,9,313
39122,20,2704,13,13,26,67,33,100,6,16,22,122
39253,20,2704,11,12,23,76,73,149,12,26,38,187
39701,20,2704,28,28,56,238,229,467,4,14,18,485
39783,20,2704,13,14,27,73,69,142,4,11,15,157
40557,20,2704,19,14,33,131,115,246,13,11,24,270
40629,20,2704,16,15,31,94,92,186,5,1,6,192
40997,20,2704,11,12,23,83,85,168,0,5,5,173
41393,20,2704,19,16,35,122,85,207,8,7,15,222
44520,20,2704,6,11,17,11,8,19,11,22,33,52
44947,20,2704,8,10,18,388,384,772,0,9,9,781
44956,20,2704,7,8,15,15,14,29,0,8,8,37
45000,20,2704,9,13,22,113,100,213,0,5,5,218
45292,20,2704,46,47,93,495,533,1028,31,53,84,1112
45539,20,2704,17,13,30,301,262,563,1,1,2,565
45945,20,2704,9,9,18,649,667,1316,6,5,11,1327
46021,20,2704,18,15,33,244,220,464,12,17,29,493
46160,20,2704,22,12,34,96,67,163,5,1,6,169
46584,20,2704,7,10,17,5,10,15,10,25,35,50
46654,20,2704,22,20,42,708,642,1350,12,10,22,1372
46771,20,2704,21,18,39,215,143,358,13,18,31,389
47230,20,2704,17,17,34,487,431,918,22,31,53,971
48187,20,2704,13,11,24,39,40,79,12,16,28,107
48429,20,2704,25,23,48,213,188,401,18,20,38,439
48990,20,2704,7,6,13,18,10,28,24,28,52,80
49294,20,2704,2,5,7,380,327,707,0,12,12,719
49597,20,2704,7,6,13,41,43,84,3,3,6,90
50181,20,2704,11,11,22,29,36,65,16,29,45,110
50709,20,2704,12,14,26,177,163,340,20,33,53,393
50869,20,2704,10,11,21,106,108,214,1,4,5,219
50947,20,2704,17,20,37,234,242,476,4,14,18,494
51102,20,2704,55,49,104,1763,1577,3340,16,42,58,3398
51552,20,2704,13,18,31,79,71,150,12,13,25,175
51597,20,2704,16,18,34,180,147,327,1,10,11,338
51675,20,2704,1,4,5,0,0,0,1,7,8,8
51722,20,2704,7,9,16,53,44,97,3,3,6,103
52067,20,2704,24,21,45,310,278,588,11,7,18,606
52385,20,2704,30,38,68,484,518,1002,15,75,90,1092
52441,20,2704,22,23,45,195,185,380,7,26,33,413
52923,20,2704,18,17,35,509,532,1041,19,26,45,1086
53275,20,2704,6,10,16,4,0,4,3,30,33,37
53884,20,2704,6,5,11,30,22,52,4,3,7,59
55464,20,2704,24,30,54,327,331,658,5,22,27,685
55594,20,2704,14,17,31,140,142,282,8,10,18,300
57637,20,2704,23,23,46,140,155,295,5,2,7,302
57896,20,2704,19,23,42,202,209,411,7,17,24,435
58909,20,2704,21,16,37,151,142,293,5,5,10,303
59367,20,2704,20,20,40,104,78,182,6,8,14,196
61280,20,2704,15,11,26,1358,1590,2948,11,18,29,2977
62555,20,2704,6,12,18,48,46,94,8,53,61,155
62560,20,2704,22,25,47,221,196,417,4,29,33,450
63063,20,2704,21,23,44,165,143,308,12,25,37,345
63188,20,2704,12,14,26,62,69,131,0,1,1,132
63757,20,2704,5,5,10,35,34,69,3,2,5,74
63817,20,2704,15,15,30,448,449,897,7,12,19,916
64772,20,2704,36,36,72,364,320,684,24,56,80,764
65102,20,2704,13,18,31,322,299,621,19,39,58,679
65526,20,2704,6,4,10,137,146,283,0,1,1,284
66052,20,2704,2,0,2,15,0,15,0,0,0,15
66245,20,2704,22,23,45,281,290,571,10,16,26,597
66404,20,2704,12,13,25,214,130,344,3,3,6,350
66754,20,2704,4,0,4,5,0,5,0,0,0,5
66991,20,2704,32,35,67,377,349,726,10,28,38,764
67947,20,2704,5,6,11,59,65,124,11,15,26,150
68494,20,2704,28,28,56,898,802,1700,3,9,12,1712
68533,20,2704,19,21,40,114,104,218,20,10,30,248
68633,20,2704,8,8,16,328,309,637,7,2,9,646
69065,20,2704,23,21,44,373,313,686,21,23,44,730
70889,20,2704,11,10,21,99,94,193,3,0,3,196
71187,20,2704,10,10,20,51,49,100,1,4,5,105
71518,20,2704,15,13,28,57,49,106,0,2,2,108
71627,20,2704,29,33,62,298,280,578,10,14,24,602
71700,20,2704,30,34,64,319,381,700,2,6,8,708
71782,20,2704,14,16,30,124,99,223,12,20,32,255
72746,20,2704,13,12,25,219,180,399,5,0,5,404
73175,20,2704,6,6,12,31,39,70,8,6,14,84
73303,20,2704,10,10,20,66,50,116,1,1,2,118
74916,20,2704,24,21,45,529,491,1020,7,12,19,1039
75261,20,2704,26,30,56,436,424,860,21,43,64,924
75466,20,2704,11,8,19,44,37,81,5,1,6,87
75468,20,2704,8,7,15,19,24,43,3,2,5,48
76313,20,2704,24,22,46,224,193,417,2,9,11,428
77023,20,2704,13,13,26,91,109,200,18,49,67,267
77291,20,2704,21,18,39,134,124,258,8,10,18,276
77824,20,2704,16,14,30,214,197,411,3,2,5,416
78062,20,2704,15,13,28,219,224,443,2,3,5,448
78638,20,2704,27,22,49,518,481,999,8,50,58,1057
78911,20,2704,3,4,7,1,2,3,2,4,6,9
78966,20,2704,26,34,60,654,204,858,6,3,9,867
79877,20,2704,11,7,18,35,8,43,5,2,7,50
80058,20,2704,23,20,43,86,63,149,7,6,13,162
80193,20,2704,18,21,39,485,598,1083,13,26,39,1122
82060,20,2704,16,13,29,222,184,406,37,25,62,468
83184,20,2704,7,8,15,66,60,126,9,6,15,141
83568,20,2704,13,12,25,137,99,236,11,27,38,274
84215,20,2704,10,11,21,97,97,194,1,8,9,203
84472,20,2704,38,35,73,406,384,790,8,16,24,814
84841,20,2704,13,20,33,55,55,110,18,40,58,168
85596,20,2704,11,16,27,220,221,441,3,24,27,468
85970,20,2704,22,25,47,689,764,1453,3,27,30,1483
86009,20,2704,14,18,32,65,81,146,3,29,32,178
86237,20,2704,6,8,14,31,32,63,0,5,5,68
86352,20,2704,6,11,17,101,99,200,5,17,22,222
86610,20,2704,16,17,33,234,207,441,28,65,93,534
86727,20,2704,8,6,14,20,16,36,0,0,0,36
88133,20,2704,12,15,27,153,133,286,10,15,25,311
88175,20,2704,12,14,26,77,76,153,2,4,6,159
89827,20,2704,12,8,20,86,59,145,18,2,20,165
10060,21,2705,5,5,10,58,55,113,3,4,7,120
10281,21,2705,8,9,17,656,620,1276,2,7,9,1285
10353,21,2705,11,12,23,101,83,184,4,4,8,192
10841,21,2705,8,7,15,23,27,50,7,4,11,61
11023,21,2705,17,17,34,317,319,636,4,8,12,648
11360,21,2705,13,18,31,119,96,215,9,25,34,249
11692,21,2705,12,13,25,764,774,1538,10,16,26,1564
13799,21,2705,21,19,40,364,389,753,8,8,16,769
13882,21,2705,24,24,48,409,437,846,7,17,24,870
13896,21,2705,2,1,3,2,0,2,0,1,1,3
14106,21,2705,6,3,9,21,15,36,3,0,3,39
14188,21,2705,12,11,23,65,74,139,3,5,8,147
14962,21,2705,25,24,49,745,727,1472,32,48,80,1552
15071,21,2705,13,7,20,32,22,54,0,0,0,54
15723,21,2705,9,11,20,227,223,450,2,4,6,456
15776,21,2705,9,10,19,430,374,804,6,7,13,817
16313,21,2705,25,31,56,214,222,436,6,22,28,464
16495,21,2705,13,13,26,269,252,521,7,5,12,533
16933,21,2705,25,27,52,575,581,1156,9,14,23,1179
17041,21,2705,11,13,24,240,242,482,3,6,9,491
17353,21,2705,11,9,20,31,24,55,1,8,9,64
18344,21,2705,6,3,9,50,10,60,1,0,1,61
18394,21,2705,1,1,2,2,2,4,0,0,0,4
19066,21,2705,16,15,31,137,125,262,10,18,28,290
19844,21,2705,14,13,27,159,150,309,20,7,27,336
20905,21,2705,3,3,6,3,3,6,0,2,2,8
21350,21,2705,20,22,42,354,387,741,12,35,47,788
22617,21,2705,12,12,24,124,129,253,4,4,8,261
22745,21,2705,15,16,31,221,226,447,4,15,19,466
22931,21,2705,14,10,24,85,43,128,2,6,8,136
23040,21,2705,11,11,22,53,47,100,6,8,14,114
23144,21,2705,7,10,17,29,25,54,4,9,13,67
23642,21,2705,6,6,12,51,50,101,2,2,4,105
24543,21,2705,10,13,23,48,52,100,3,19,22,122
24760,21,2705,17,19,36,405,451,856,14,17,31,887
24853,21,2705,12,16,28,70,68,138,5,12,17,155
25171,21,2705,19,22,41,144,164,308,10,21,31,339
25323,21,2705,9,12,21,53,56,109,1,7,8,117
25494,21,2705,20,23,43,302,270,572,20,18,38,610
25544,21,2705,29,38,67,275,284,559,8,18,26,585
25947,21,2705,15,13,28,131,93,224,5,14,19,243
26127,21,2705,19,14,33,101,89,190,28,28,56,246
26425,21,2705,1,0,1,1,0,1,0,0,0,1
28831,21,2705,4,7,11,25,25,50,2,6,8,58
29914,21,2705,2,3,5,8,7,15,0,4,4,19
30076,21,2705,9,12,21,672,624,1296,1,2,3,1299
30952,21,2705,5,6,11,8,6,14,11,6,17,31
31372,21,2705,9,11,20,125,122,247,4,5,9,256
31583,21,2705,29,31,60,500,444,944,35,21,56,1000
32174,21,2705,5,6,11,20,19,39,0,0,0,39
32899,21,2705,5,5,10,29,32,61,2,3,5,66
33094,21,2705,17,19,36,176,165,341,52,63,115,456
34250,21,2705,13,13,26,54,60,114,16,13,29,143
34853,21,2705,20,28,48,331,344,675,5,18,23,698
35227,21,2705,20,20,40,375,336,711,16,24,40,751
36006,21,2705,4,2,6,5,2,7,2,2,4,11
36143,21,2705,38,40,78,315,203,518,50,89,139,657
36951,21,2705,26,29,55,329,317,646,6,10,16,662
37617,21,2705,13,12,25,228,202,430,5,12,17,447
38823,21,2705,4,3,7,23,22,45,2,0,2,47
38893,21,2705,8,8,16,96,86,182,13,6,19,201
38901,21,2705,9,10,19,60,59,119,1,0,1,120
38927,21,2705,22,23,45,187,193,380,5,9,14,394
39122,21,2705,6,10,16,28,21,49,2,11,13,62
39701,21,2705,15,17,32,121,131,252,1,22,23,275
39783,21,2705,10,11,21,150,133,283,8,19,27,310
40557,21,2705,19,17,36,160,140,300,5,15,20,320
40629,21,2705,19,23,42,108,126,234,10,43,53,287
40997,21,2705,16,19,35,146,144,290,17,24,41,331
41393,21,2705,11,9,20,65,56,121,15,7,22,143
44520,21,2705,8,11,19,30,30,60,18,33,51,111
44947,21,2705,9,8,17,345,353,698,2,12,14,712
44956,21,2705,4,14,18,17,20,37,0,21,21,58
45000,21,2705,9,12,21,87,78,165,5,8,13,178
45292,21,2705,37,37,74,391,424,815,16,36,52,867
45539,21,2705,12,12,24,390,368,758,1,0,1,759
45945,21,2705,14,13,27,482,484,966,8,4,12,978
46021,21,2705,19,19,38,255,220,475,12,25,37,512
46160,21,2705,20,12,32,100,81,181,1,0,1,182
46584,21,2705,7,11,18,14,7,21,5,29,34,55
46654,21,2705,22,16,38,846,710,1556,29,28,57,1613
46771,21,2705,26,32,58,480,414,894,22,28,50,944
47230,21,2705,9,10,19,289,271,560,5,13,18,578
48187,21,2705,18,19,37,73,65,138,12,7,19,157
48429,21,2705,22,28,50,228,178,406,28,40,68,474
48990,21,2705,9,8,17,163,150,313,18,31,49,362
49294,21,2705,9,7,16,196,202,398,5,5,10,408
49597,21,2705,9,8,17,28,22,50,8,7,15,65
50181,21,2705,12,14,26,44,44,88,16,61,77,165
50709,21,2705,9,10,19,161,201,362,15,19,34,396
50869,21,2705,10,10,20,170,160,330,9,11,20,350
50947,21,2705,16,15,31,389,390,779,2,9,11,790
51102,21,2705,48,48,96,1872,1509,3381,20,39,59,3440
51552,21,2705,14,16,30,143,143,286,9,21,30,316
51597,21,2705,13,17,30,57,46,103,3,11,14,117
51675,21,2705,2,4,6,0,1,1,3,12,15,16
51722,21,2705,5,5,10,9,9,18,0,0,0,18
52067,21,2705,17,15,32,468,191,659,4,6,10,669
52385,21,2705,21,34,55,535,522,1057,5,45,50,1107
52441,21,2705,19,20,39,193,183,376,5,15,20,396
52923,21,2705,12,13,25,465,470,935,6,18,24,959
53275,21,2705,4,10,14,6,5,11,9,57,66,77
53884,21,2705,7,8,15,44,36,80,2,2,4,84
55464,21,2705,36,36,72,273,292,565,16,39,55,620
55594,21,2705,8,10,18,114,110,224,6,6,12,236
57637,21,2705,10,14,24,44,48,92,3,5,8,100
57896,21,2705,14,15,29,141,127,268,7,4,11,279
58909,21,2705,16,17,33,209,231,440,0,5,5,445
59367,21,2705,23,12,35,157,112,269,5,10,15,284
60482,21,2705,4,4,8,6,5,11,1,4,5,16
60830,21,2705,2,3,5,13,13,26,0,0,0,26
61280,21,2705,13,15,28,1366,1473,2839,3,8,11,2850
62555,21,2705,5,9,14,27,19,46,13,57,70,116
62560,21,2705,13,15,28,121,103,224,7,19,26,250
63063,21,2705,12,8,20,51,33,84,6,0,6,90
63188,21,2705,17,20,37,91,103,194,8,15,23,217
63757,21,2705,7,10,17,56,48,104,3,5,8,112
63817,21,2705,9,9,18,569,554,1123,1,12,13,1136
64772,21,2705,37,38,75,288,253,541,36,60,96,637
65102,21,2705,14,15,29,708,686,1394,33,33,66,1460
65526,21,2705,8,8,16,153,159,312,5,5,10,322
66052,21,2705,1,0,1,1,0,1,0,0,0,1
66245,21,2705,19,19,38,295,289,584,13,15,28,612
66404,21,2705,8,7,15,336,238,574,0,1,1,575
66991,21,2705,25,34,59,267,276,543,12,24,36,579
67947,21,2705,18,18,36,122,120,242,24,39,63,305
68494,21,2705,25,27,52,452,460,912,16,22,38,950
68533,21,2705,18,16,34,110,86,196,13,7,20,216
68633,21,2705,6,7,13,105,105,210,10,12,22,232
69065,21,2705,17,13,30,344,307,651,13,9,22,673
70889,21,2705,6,6,12,52,52,104,1,0,1,105
71187,21,2705,12,12,24,92,83,175,6,9,15,190
71518,21,2705,8,8,16,68,63,131,3,6,9,140
71627,21,2705,30,33,63,191,173,364,6,24,30,394
71700,21,2705,21,24,45,307,328,635,11,8,19,654
71782,21,2705,16,14,30,271,124,395,27,20,47,442
72746,21,2705,5,6,11,107,82,189,0,0,0,189
73175,21,2705,8,17,25,32,27,59,8,24,32,91
73303,21,2705,8,7,15,28,22,50,2,0,2,52
74916,21,2705,21,20,41,492,454,946,16,16,32,978
75261,21,2705,23,23,46,343,358,701,13,23,36,737
75466,21,2705,9,7,16,81,82,163,1,1,2,165
75468,21,2705,8,7,15,47,50,97,1,2,3,100
76313,21,2705,69,80,149,391,446,837,16,24,40,877
77023,21,2705,12,17,29,246,327,573,31,62,93,666
77291,21,2705,16,15,31,140,143,283,5,8,13,296
77824,21,2705,16,15,31,272,247,519,3,6,9,528
78062,21,2705,12,13,25,94,105,199,3,10,13,212
78638,21,2705,19,22,41,428,401,829,2,34,36,865
78911,21,2705,1,2,3,11,13,24,0,1,1,25
78966,21,2705,21,21,42,797,136,933,3,6,9,942
79877,21,2705,18,20,38,80,57,137,4,19,23,160
80058,21,2705,24,20,44,285,304,589,11,17,28,617
80193,21,2705,12,14,26,430,476,906,25,42,67,973
82060,21,2705,11,12,23,143,122,265,23,20,43,308
82282,21,2705,7,7,14,13,13,26,1,5,6,32
83184,21,2705,15,13,28,88,79,167,4,0,4,171
83568,21,2705,15,12,27,253,220,473,18,18,36,509
84215,21,2705,9,6,15,54,53,107,1,1,2,109
84472,21,2705,22,24,46,261,254,515,11,13,24,539
84841,21,2705,18,16,34,155,145,300,33,41,74,374
85596,21,2705,12,14,26,289,265,554,6,25,31,585
85970,21,2705,27,28,55,887,1096,1983,4,22,26,2009
86009,21,2705,19,24,43,94,113,207,7,16,23,230
86237,21,2705,5,4,9,35,34,69,2,1,3,72
86352,21,2705,12,14,26,120,152,272,10,15,25,297
86610,21,2705,19,17,36,194,201,395,27,71,98,493
86727,21,2705,8,5,13,22,19,41,0,0,0,41
88133,21,2705,9,7,16,178,198,376,2,1,3,379
88175,21,2705,4,4,8,33,34,67,0,0,0,67
89827,21,2705,11,12,23,142,120,262,21,13,34,296
10060,22,2706,6,6,12,47,42,89,2,2,4,93
10281,22,2706,8,11,19,729,724,1453,9,19,28,1481
10353,22,2706,14,11,25,139,120,259,1,2,3,262
10841,22,2706,19,24,43,138,178,316,11,25,36,352
11023,22,2706,13,16,29,320,319,639,5,7,12,651
11360,22,2706,25,25,50,221,231,452,31,56,87,539
11692,22,2706,18,22,40,394,411,805,10,20,30,835
13116,22,2706,2,1,3,4,1,5,0,0,0,5
13799,22,2706,17,18,35,281,270,551,6,28,34,585
13882,22,2706,19,22,41,151,159,310,5,12,17,327
13896,22,2706,5,2,7,6,2,8,1,1,2,10
14106,22,2706,4,3,7,13,11,24,2,0,2,26
14188,22,2706,13,18,31,156,193,349,3,10,13,362
14962,22,2706,29,31,60,468,398,866,25,52,77,943
15071,22,2706,5,4,9,16,3,19,0,7,7,26
15723,22,2706,20,16,36,147,146,293,5,5,10,303
15776,22,2706,11,14,25,334,309,643,3,18,21,664
16313,22,2706,23,27,50,239,232,471,2,22,24,495
16495,22,2706,21,21,42,175,149,324,11,16,27,351
16933,22,2706,21,21,42,785,717,1502,9,13,22,1524
17041,22,2706,10,14,24,247,236,483,13,16,29,512
17353,22,2706,15,15,30,62,68,130,7,19,26,156
18344,22,2706,21,22,43,352,129,481,8,14,22,503
18394,22,2706,2,2,4,17,11,28,0,0,0,28
18420,22,2706,10,9,19,253,6,259,21,24,45,304
19066,22,2706,25,25,50,171,163,334,1,16,17,351
19844,22,2706,23,26,49,176,146,322,10,21,31,353
20905,22,2706,19,20,39,140,123,263,2,21,23,286
21350,22,2706,25,26,51,425,460,885,11,32,43,928
22617,22,2706,16,14,30,238,244,482,2,3,5,487
22745,22,2706,17,21,38,261,281,542,0,0,0,542
22931,22,2706,20,15,35,160,121,281,9,9,18,299
23040,22,2706,11,12,23,116,111,227,6,10,16,243
23144,22,2706,18,15,33,55,38,93,8,13,21,114
23642,22,2706,18,16,34,148,138,286,9,22,31,317
24543,22,2706,14,14,28,68,58,126,5,13,18,144
24760,22,2706,17,16,33,523,617,1140,3,20,23,1163
24853,22,2706,19,25,44,143,144,287,11,28,39,326
25171,22,2706,23,24,47,261,258,519,14,16,30,549
25323,22,2706,17,17,34,167,187,354,3,4,7,361
25494,22,2706,21,24,45,198,190,388,19,26,45,433
25544,22,2706,39,42,81,384,260,644,5,14,19,663
25947,22,2706,18,17,35,123,97,220,7,12,19,239
26127,22,2706,21,19,40,153,83,236,24,39,63,299
26425,22,2706,9,6,15,53,38,91,3,0,3,94
26999,22,2706,4,6,10,62,57,119,11,28,39,158
28831,22,2706,7,10,17,13,14,27,6,12,18,45
29914,22,2706,11,11,22,32,25,57,11,21,32,89
30076,22,2706,9,8,17,437,422,859,1,4,5,864
30952,22,2706,13,13,26,164,133,297,28,54,82,379
31372,22,2706,18,15,33,127,105,232,14,11,25,257
31583,22,2706,29,35,64,793,750,1543,11,16,27,1570
32100,22,2706,0,1,1,0,1,1,0,0,0,1
32174,22,2706,9,10,19,51,45,96,0,0,0,96
32899,22,2706,10,9,19,33,36,69,2,9,11,80
33094,22,2706,14,14,28,250,264,514,52,42,94,608
34250,22,2706,12,17,29,27,39,66,4,18,22,88
34853,22,2706,24,29,53,359,372,731,7,29,36,767
35227,22,2706,21,20,41,395,385,780,13,17,30,810
36006,22,2706,4,3,7,46,41,87,1,1,2,89
36143,22,2706,32,31,63,275,209,484,39,89,128,612
36951,22,2706,34,31,65,233,231,464,14,10,24,488
37617,22,2706,25,26,51,184,157,341,9,27,36,377
38823,22,2706,18,18,36,170,166,336,2,5,7,343
38893,22,2706,11,13,24,116,117,233,15,35,50,283
38901,22,2706,16,19,35,115,112,227,1,7,8,235
38927,22,2706,26,25,51,383,385,768,8,14,22,790
39122,22,2706,15,14,29,55,40,95,7,25,32,127
39253,22,2706,17,24,41,123,140,263,12,19,31,294
39701,22,2706,24,24,48,490,504,994,8,24,32,1026
39783,22,2706,12,15,27,163,170,333,17,22,39,372
40557,22,2706,16,16,32,167,155,322,4,10,14,336
40629,22,2706,28,28,56,137,147,284,13,7,20,304
40997,22,2706,29,37,66,172,171,343,25,43,68,411
41393,22,2706,15,11,26,92,66,158,6,9,15,173
44520,22,2706,15,17,32,148,134,282,9,26,35,317
44947,22,2706,5,5,10,417,406,823,2,3,5,828
44956,22,2706,18,32,50,75,102,177,5,37,42,219
45000,22,2706,14,18,32,159,155,314,3,10,13,327
45292,22,2706,43,47,90,595,577,1172,28,79,107,1279
45539,22,2706,19,17,36,277,236,513,8,10,18,531
45945,22,2706,15,14,29,693,688,1381,9,6,15,1396
46021,22,2706,17,13,30,263,240,503,10,24,34,537
46160,22,2706,30,25,55,210,202,412,7,30,37,449
46584,22,2706,18,20,38,55,45,100,6,52,58,158
46654,22,2706,23,20,43,505,424,929,35,74,109,1038
46771,22,2706,26,21,47,128,90,218,2,15,17,235
47230,22,2706,24,24,48,614,513,1127,12,70,82,1209
48187,22,2706,19,14,33,190,153,343,16,14,30,373
48429,22,2706,23,24,47,179,133,312,18,31,49,361
48990,22,2706,5,8,13,393,383,776,3,20,23,799
49294,22,2706,9,7,16,327,419,746,8,21,29,775
49597,22,2706,10,9,19,46,41,87,2,1,3,90
50181,22,2706,14,8,22,32,38,70,12,14,26,96
50709,22,2706,17,16,33,461,482,943,7,26,33,976
50869,22,2706,15,15,30,114,101,215,4,5,9,224
50947,22,2706,18,20,38,232,268,500,4,18,22,522
51102,22,2706,56,57,113,1619,1254,2873,12,10,22,2895
51552,22,2706,12,12,24,157,158,315,8,10,18,333
51597,22,2706,25,33,58,161,166,327,5,27,32,359
51675,22,2706,7,7,14,217,228,445,10,34,44,489
51722,22,2706,11,13,24,69,61,130,1,3,4,134
52067,22,2706,32,28,60,404,305,709,15,15,30,739
52385,22,2706,26,24,50,303,283,586,4,29,33,619
52441,22,2706,30,31,61,457,502,959,2,7,9,968
52615,22,2706,8,4,12,21,14,35,2,0,2,37
52635,22,2706,6,7,13,12,10,22,2,3,5,27
52923,22,2706,14,17,31,451,448,899,15,27,42,941
53275,22,2706,9,12,21,18,11,29,8,42,50,79
53884,22,2706,9,9,18,58,42,100,0,6,6,106
55464,22,2706,31,40,71,264,281,545,14,48,62,607
55594,22,2706,19,19,38,124,108,232,8,15,23,255
57637,22,2706,11,15,26,81,94,175,2,9,11,186
57896,22,2706,20,22,42,196,197,393,6,13,19,412
58909,22,2706,20,17,37,232,252,484,3,13,16,500
59367,22,2706,27,15,42,145,118,263,18,18,36,299
60482,22,2706,12,13,25,64,60,124,24,26,50,174
60830,22,2706,18,17,35,78,86,164,15,15,30,194
61280,22,2706,21,21,42,604,662,1266,11,15,26,1292
62555,22,2706,5,14,19,10,14,24,9,46,55,79
62560,22,2706,26,24,50,229,169,398,9,13,22,420
63063,22,2706,25,35,60,389,360,749,7,28,35,784
63188,22,2706,9,9,18,120,132,252,6,7,13,265
63757,22,2706,11,16,27,77,59,136,3,17,20,156
63817,22,2706,10,14,24,352,362,714,5,21,26,740
64772,22,2706,25,29,54,429,296,725,32,72,104,829
65102,22,2706,8,11,19,648,633,1281,24,25,49,1330
65526,22,2706,6,8,14,195,196,391,2,10,12,403
66052,22,2706,24,28,52,225,171,396,42,127,169,565
66245,22,2706,20,19,39,195,178,373,10,32,42,415
66404,22,2706,16,16,32,212,133,345,4,8,12,357
66991,22,2706,23,23,46,239,214,453,10,18,28,481
67947,22,2706,18,22,40,58,57,115,12,35,47,162
68494,22,2706,33,33,66,694,675,1369,27,47,74,1443
68533,22,2706,27,28,55,148,123,271,9,19,28,299
68633,22,2706,12,10,22,142,142,284,13,13,26,310
69065,22,2706,18,14,32,643,547,1190,18,23,41,1231
69669,22,2706,22,14,36,161,139,300,13,9,22,322
70889,22,2706,9,9,18,166,168,334,0,0,0,334
71187,22,2706,14,15,29,113,101,214,2,4,6,220
71518,22,2706,15,16,31,79,85,164,5,7,12,176
71627,22,2706,32,38,70,215,212,427,14,29,43,470
71700,22,2706,30,28,58,284,317,601,8,2,10,611
71782,22,2706,18,23,41,409,192,601,11,33,44,645
72700,22,2706,1,2,3,5,6,11,0,1,1,12
72746,22,2706,9,11,20,203,158,361,3,3,6,367
73175,22,2706,10,10,20,55,47,102,3,3,6,108
73303,22,2706,11,13,24,73,61,134,3,9,12,146
74916,22,2706,31,27,58,726,706,1432,11,20,31,1463
75178,22,2706,6,7,13,28,29,57,21,9,30,87
75261,22,2706,30,33,63,452,471,923,28,45,73,996
75466,22,2706,12,14,26,82,76,158,4,10,14,172
75468,22,2706,14,14,28,55,68,123,4,11,15,138
76313,22,2706,29,23,52,182,138,320,18,19,37,357
77023,22,2706,15,18,33,209,226,435,12,45,57,492
77291,22,2706,15,17,32,234,232,466,7,15,22,488
77824,22,2706,21,19,40,220,179,399,3,4,7,406
78062,22,2706,14,14,28,125,126,251,3,4,7,258
78638,22,2706,29,30,59,536,482,1018,17,27,44,1062
78911,22,2706,16,18,34,81,95,176,5,6,11,187
78966,22,2706,17,19,36,766,115,881,5,14,19,900
79877,22,2706,21,21,42,121,99,220,9,3,12,232
80058,22,2706,31,31,62,141,145,286,7,15,22,308
80193,22,2706,17,19,36,443,557,1000,25,65,90,1090
82060,22,2706,10,10,20,246,205,451,16,13,29,480
82282,22,2706,9,8,17,77,76,153,1,1,2,155
83184,22,2706,14,17,31,113,113,226,3,1,4,230
83568,22,2706,16,14,30,212,184,396,12,19,31,427
84215,22,2706,10,10,20,168,144,312,4,4,8,320
84472,22,2706,23,22,45,321,284,605,10,5,15,620
84841,22,2706,21,18,39,134,126,260,15,27,42,302
85596,22,2706,17,19,36,340,337,677,5,22,27,704
85970,22,2706,24,25,49,866,1086,1952,10,31,41,1993
86009,22,2706,18,18,36,93,95,188,8,14,22,210
86237,22,2706,10,14,24,45,44,89,2,21,23,112
86352,22,2706,22,31,53,65,77,142,18,41,59,201
86610,22,2706,19,17,36,241,259,500,9,63,72,572
86727,22,2706,14,16,30,117,110,227,1,3,4,231
88133,22,2706,17,20,37,110,116,226,4,14,18,244
88175,22,2706,16,18,34,138,129,267,2,7,9,276
89827,22,2706,12,17,29,119,91,210,4,13,17,227
10060,23,2707,9,9,18,48,46,94,3,7,10,104
10281,23,2707,9,11,20,842,792,1634,5,15,20,1654
10353,23,2707,13,12,25,99,81,180,2,5,7,187
10841,23,2707,24,27,51,159,165,324,22,46,68,392
11023,23,2707,19,18,37,396,360,756,12,16,28,784
11360,23,2707,23,22,45,285,272,557,31,58,89,646
11692,23,2707,18,22,40,365,379,744,4,10,14,758
13116,23,2707,0,1,1,0,0,0,0,1,1,1
13799,23,2707,21,26,47,271,291,562,6,14,20,582
13882,23,2707,19,20,39,202,208,410,2,4,6,416
13896,23,2707,1,2,3,2,0,2,0,2,2,4
14106,23,2707,6,6,12,7,5,12,1,1,2,14
14188,23,2707,18,18,36,234,245,479,4,21,25,504
14962,23,2707,28,34,62,408,374,782,11,53,64,846
15071,23,2707,7,6,13,144,117,261,3,6,9,270
15723,23,2707,13,12,25,125,102,227,5,10,15,242
15776,23,2707,16,19,35,529,447,976,5,16,21,997
16313,23,2707,27,27,54,239,225,464,11,22,33,497
16495,23,2707,17,20,37,156,141,297,9,24,33,330
16933,23,2707,18,20,38,591,595,1186,13,17,30,1216
17041,23,2707,12,12,24,133,122,255,16,6,22,277
17353,23,2707,16,19,35,111,122,233,3,10,13,246
18344,23,2707,17,19,36,254,110,364,6,14,20,384
18394,23,2707,3,2,5,18,12,30,0,0,0,30
18420,23,2707,9,9,18,159,15,174,17,17,34,208
19066,23,2707,21,22,43,177,195,372,2,9,11,383
19844,23,2707,19,17,36,145,120,265,9,11,20,285
20905,23,2707,9,14,23,31,32,63,0,11,11,74
21350,23,2707,17,32,49,506,551,1057,13,42,55,1112
22617,23,2707,13,13,26,140,158,298,2,1,3,301
22745,23,2707,13,15,28,128,133,261,1,8,9,270
22931,23,2707,25,21,46,392,467,859,7,9,16,875
23040,23,2707,16,16,32,131,123,254,3,6,9,263
23144,23,2707,17,17,34,78,63,141,12,26,38,179
23642,23,2707,17,18,35,111,118,229,6,7,13,242
24543,23,2707,9,9,18,28,29,57,0,1,1,58
24760,23,2707,21,21,42,478,566,1044,5,13,18,1062
24853,23,2707,18,20,38,102,76,178,5,10,15,193
25171,23,2707,23,32,55,351,373,724,5,22,27,751
25323,23,2707,20,21,41,265,310,575,1,6,7,582
25494,23,2707,23,24,47,208,290,498,10,18,28,526
25544,23,2707,27,36,63,231,154,385,6,21,27,412
25947,23,2707,15,14,29,118,75,193,5,10,15,208
26127,23,2707,16,17,33,120,68,188,16,30,46,234
26425,23,2707,10,9,19,25,24,49,3,6,9,58
28831,23,2707,6,7,13,28,29,57,4,3,7,64
29914,23,2707,10,10,20,21,24,45,3,12,15,60
30076,23,2707,19,20,39,1125,1071,2196,0,5,5,2201
30952,23,2707,16,18,34,125,97,222,8,36,44,266
31372,23,2707,15,19,34,123,115,238,6,9,15,253
31583,23,2707,36,36,72,525,500,1025,5,9,14,1039
32100,23,2707,0,1,1,0,1,1,0,0,0,1
32174,23,2707,9,15,24,31,43,74,3,6,9,83
32899,23,2707,4,9,13,8,12,20,1,10,11,31
33094,23,2707,13,14,27,291,319,610,67,72,139,749
34250,23,2707,21,19,40,62,67,129,11,14,25,154
34853,23,2707,24,27,51,425,406,831,6,20,26,857
35227,23,2707,22,22,44,312,319,631,15,30,45,676
36006,23,2707,6,5,11,49,45,94,4,0,4,98
36143,23,2707,24,25,49,328,263,591,36,63,99,690
36951,23,2707,26,26,52,296,288,584,9,9,18,602
37617,23,2707,25,29,54,202,174,376,4,22,26,402
38823,23,2707,20,22,42,214,213,427,3,12,15,442
38893,23,2707,13,15,28,58,62,120,18,19,37,157
38901,23,2707,24,25,49,166,169,335,7,15,22,357
38927,23,2707,21,19,40,223,223,446,3,12,15,461
39122,23,2707,10,9,19,45,25,70,8,18,26,96
39701,23,2707,22,28,50,348,377,725,11,42,53,778
39783,23,2707,8,9,17,76,74,150,8,25,33,183
40557,23,2707,22,21,43,261,234,495,7,15,22,517
40629,23,2707,27,29,56,135,159,294,1,11,12,306
40997,23,2707,25,22,47,149,169,318,28,58,86,404
41393,23,2707,20,17,37,52,60,112,7,8,15,127
44520,23,2707,16,19,35,71,60,131,5,21,26,157
44947,23,2707,13,12,25,438,428,866,3,5,8,874
44956,23,2707,10,17,27,30,30,60,5,14,19,79
45000,23,2707,6,7,13,39,36,75,3,5,8,83
45292,23,2707,41,38,79,469,499,968,10,33,43,1011
45539,23,2707,18,15,33,218,180,398,2,9,11,409
45945,23,2707,11,17,28,659,638,1297,5,15,20,1317
46021,23,2707,14,14,28,341,285,626,14,16,30,656
46160,23,2707,23,24,47,191,170,361,9,22,31,392
46584,23,2707,19,23,42,64,43,107,9,49,58,165
46654,23,2707,27,25,52,414,320,734,22,47,69,803
46771,23,2707,23,26,49,109,82,191,11,19,30,221
47230,23,2707,24,24,48,530,426,956,10,64,74,1030
48187,23,2707,18,17,35,180,147,327,4,4,8,335
48429,23,2707,30,30,60,287,219,506,26,30,56,562
48990,23,2707,11,12,23,726,703,1429,4,20,24,1453
49294,23,2707,6,10,16,521,565,1086,5,12,17,1103
49597,23,2707,12,10,22,33,24,57,1,1,2,59
50181,23,2707,10,8,18,51,48,99,10,7,17,116
50709,23,2707,14,16,30,310,285,595,5,15,20,615
50869,23,2707,10,11,21,89,94,183,0,5,5,188
50947,23,2707,26,25,51,451,466,917,9,20,29,946
51102,23,2707,58,57,115,1631,1330,2961,17,16,33,2994
51552,23,2707,10,12,22,185,169,354,3,4,7,361
51597,23,2707,23,29,52,135,132,267,3,15,18,285
51675,23,2707,8,8,16,31,38,69,4,40,44,113
51722,23,2707,7,8,15,57,49,106,0,1,1,107
52067,23,2707,25,26,51,395,265,660,6,22,28,688
52385,23,2707,19,19,38,158,143,301,4,14,18,319
52441,23,2707,27,24,51,319,333,652,11,24,35,687
52615,23,2707,4,6,10,29,26,55,1,2,3,58
52635,23,2707,11,11,22,65,43,108,7,18,25,133
52923,23,2707,12,14,26,387,415,802,10,20,30,832
53275,23,2707,6,10,16,7,3,10,6,29,35,45
53884,23,2707,7,6,13,46,31,77,3,5,8,85
55464,23,2707,37,41,78,342,358,700,16,59,75,775
55594,23,2707,18,17,35,74,62,136,3,26,29,165
57637,23,2707,15,18,33,130,159,289,7,6,13,302
57896,23,2707,19,23,42,191,192,383,2,11,13,396
58909,23,2707,18,11,29,134,144,278,8,14,22,300
59367,23,2707,14,11,25,81,64,145,8,24,32,177
60482,23,2707,11,11,22,48,42,90,18,19,37,127
60830,23,2707,10,12,22,47,41,88,11,15,26,114
61280,23,2707,18,18,36,531,576,1107,9,15,24,1131
62555,23,2707,13,17,30,53,47,100,18,74,92,192
62560,23,2707,22,23,45,199,179,378,7,30,37,415
63063,23,2707,28,30,58,377,359,736,8,28,36,772
63188,23,2707,17,19,36,124,132,256,2,6,8,264
63757,23,2707,12,15,27,47,40,87,10,24,34,121
63817,23,2707,9,9,18,574,543,1117,1,3,4,1121
64772,23,2707,38,37,75,403,317,720,40,42,82,802
65102,23,2707,17,19,36,911,861,1772,14,35,49,1821
65526,23,2707,9,9,18,175,185,360,0,3,3,363
66052,23,2707,31,30,61,234,154,388,58,182,240,628
66245,23,2707,20,18,38,140,125,265,12,16,28,293
66404,23,2707,19,20,39,284,178,462,1,8,9,471
66754,23,2707,14,14,28,165,179,344,3,8,11,355
66991,23,2707,26,28,54,243,221,464,3,9,12,476
67947,23,2707,19,19,38,86,60,146,12,11,23,169
68494,23,2707,35,36,71,746,690,1436,17,17,34,1470
68533,23,2707,25,27,52,126,102,228,8,17,25,253
68633,23,2707,8,8,16,70,69,139,9,5,14,153
69065,23,2707,18,15,33,285,260,545,20,19,39,584
69669,23,2707,8,1,9,10,0,10,1,1,2,12
70889,23,2707,9,9,18,111,105,216,0,0,0,216
71187,23,2707,15,12,27,101,104,205,3,3,6,211
71518,23,2707,19,16,35,98,83,181,5,13,18,199
71627,23,2707,24,31,55,191,181,372,6,21,27,399
71700,23,2707,36,36,72,360,399,759,12,11,23,782
71782,23,2707,17,15,32,222,103,325,8,15,23,348
72746,23,2707,11,13,24,210,147,357,5,3,8,365
73175,23,2707,6,6,12,28,28,56,2,0,2,58
73303,23,2707,16,15,31,47,45,92,4,14,18,110
74916,23,2707,27,30,57,675,667,1342,11,17,28,1370
75178,23,2707,6,7,13,25,26,51,7,5,12,63
75261,23,2707,42,41,83,546,560,1106,30,23,53,1159
75466,23,2707,7,7,14,39,36,75,3,5,8,83
75468,23,2707,8,8,16,48,48,96,0,13,13,109
76313,23,2707,19,20,39,166,152,318,14,20,34,352
77023,23,2707,14,12,26,163,180,343,15,12,27,370
77291,23,2707,22,26,48,317,302,619,8,16,24,643
77824,23,2707,23,25,48,156,115,271,1,6,7,278
78062,23,2707,17,17,34,172,177,349,0,2,2,351
78911,23,2707,8,9,17,37,44,81,3,2,5,86
78966,23,2707,22,26,48,696,49,745,2,15,17,762
79877,23,2707,14,20,34,93,85,178,7,6,13,191
80058,23,2707,36,34,70,150,149,299,4,11,15,314
80193,23,2707,16,23,39,644,755,1399,23,87,110,1509
82060,23,2707,19,15,34,235,193,428,8,4,12,440
82282,23,2707,8,5,13,58,57,115,4,3,7,122
83184,23,2707,10,9,19,77,86,163,1,1,2,165
83568,23,2707,16,14,30,405,344,749,10,15,25,774
84215,23,2707,11,11,22,177,144,321,5,2,7,328
84472,23,2707,25,25,50,242,222,464,2,5,7,471
84841,23,2707,11,9,20,42,40,82,9,6,15,97
85596,23,2707,17,22,39,396,362,758,11,26,37,795
85970,23,2707,29,31,60,774,921,1695,9,39,48,1743
86009,23,2707,17,19,36,85,79,164,11,17,28,192
86237,23,2707,5,6,11,24,9,33,2,7,9,42
86352,23,2707,20,25,45,70,78,148,14,20,34,182
86610,23,2707,14,15,29,233,251,484,9,16,25,509
86727,23,2707,17,14,31,65,69,134,0,1,1,135
88133,23,2707,18,21,39,75,82,157,7,13,20,177
88175,23,2707,21,25,46,238,245,483,5,15,20,503
89827,23,2707,11,11,22,111,89,200,6,9,15,215
10060,24,2708,6,6,12,49,35,84,0,5,5,89
10281,24,2708,9,10,19,854,832,1686,5,16,21,1707
10353,24,2708,16,14,30,211,190,401,1,2,3,404
10841,24,2708,22,25,47,109,133,242,22,29,51,293
11023,24,2708,10,14,24,400,391,791,3,9,12,803
11360,24,2708,23,23,46,187,165,352,33,93,126,478
11692,24,2708,14,14,28,298,292,590,11,8,19,609
13799,24,2708,16,17,33,273,307,580,6,23,29,609
13882,24,2708,10,11,21,96,102,198,1,0,1,199
13896,24,2708,3,1,4,4,2,6,0,1,1,7
14106,24,2708,3,4,7,4,2,6,0,3,3,9
14188,24,2708,11,19,30,138,172,310,5,16,21,331
14962,24,2708,24,27,51,396,329,725,15,42,57,782
15071,24,2708,7,11,18,311,275,586,6,16,22,608
15723,24,2708,14,14,28,113,92,205,6,16,22,227
15776,24,2708,11,11,22,242,208,450,3,10,13,463
16313,24,2708,26,27,53,204,189,393,8,14,22,415
16495,24,2708,17,16,33,216,200,416,6,24,30,446
16933,24,2708,13,12,25,913,863,1776,8,8,16,1792
17041,24,2708,13,13,26,100,87,187,5,11,16,203
17353,24,2708,19,20,39,102,88,190,2,14,16,206
18344,24,2708,21,22,43,175,76,251,6,9,15,266
18394,24,2708,2,2,4,24,14,38,0,0,0,38
18420,24,2708,10,6,16,89,19,108,11,11,22,130
19066,24,2708,14,16,30,237,240,477,8,24,32,509
19844,24,2708,20,23,43,113,98,211,4,7,11,222
20905,24,2708,12,16,28,55,54,109,2,21,23,132
21350,24,2708,16,41,57,316,347,663,2,35,37,700
22617,24,2708,19,16,35,232,240,472,6,3,9,481
22745,24,2708,14,14,28,108,107,215,4,8,12,227
22931,24,2708,32,26,58,576,653,1229,7,6,13,1242
23040,24,2708,11,12,23,90,74,164,4,5,9,173
23144,24,2708,17,19,36,76,67,143,12,24,36,179
23642,24,2708,16,18,34,149,156,305,14,29,43,348
24543,24,2708,11,13,24,72,57,129,4,16,20,149
24760,24,2708,23,25,48,512,598,1110,7,9,16,1126
24853,24,2708,18,20,38,125,98,223,8,12,20,243
25171,24,2708,18,21,39,241,252,493,15,16,31,524
25323,24,2708,16,15,31,172,204,376,1,7,8,384
25494,24,2708,28,34,62,252,271,523,23,50,73,596
25544,24,2708,49,56,105,375,411,786,5,25,30,816
25947,24,2708,13,11,24,73,46,119,1,4,5,124
26127,24,2708,15,18,33,135,102,237,12,33,45,282
26425,24,2708,9,11,20,11,15,26,5,6,11,37
28831,24,2708,7,11,18,21,23,44,0,15,15,59
29914,24,2708,12,11,23,46,37,83,6,20,26,109
30076,24,2708,13,13,26,1448,1299,2747,0,1,1,2748
30952,24,2708,19,22,41,181,163,344,16,37,53,397
31372,24,2708,15,15,30,216,194,410,4,4,8,418
31583,24,2708,42,42,84,531,498,1029,7,20,27,1056
32174,24,2708,6,12,18,34,34,68,1,9,10,78
32899,24,2708,9,7,16,13,12,25,1,10,11,36
33094,24,2708,18,20,38,266,283,549,65,68,133,682
34250,24,2708,19,22,41,72,91,163,5,10,15,178
34853,24,2708,25,29,54,525,544,1069,15,47,62,1131
35227,24,2708,17,20,37,390,385,775,11,12,23,798
36006,24,2708,9,7,16,89,75,164,3,0,3,167
36143,24,2708,28,23,51,295,219,514,28,60,88,602
36951,24,2708,28,32,60,177,188,365,2,6,8,373
37617,24,2708,23,26,49,204,185,389,6,19,25,414
38823,24,2708,22,27,49,356,369,725,1,12,13,738
38893,24,2708,12,12,24,66,78,144,22,33,55,199
38901,24,2708,32,33,65,251,254,505,4,6,10,515
38927,24,2708,28,27,55,457,470,927,19,27,46,973
39122,24,2708,15,13,28,55,39,94,6,22,28,122
39253,24,2708,5,0,5,4,0,4,5,0,5,9
39701,24,2708,29,32,61,233,255,488,5,20,25,513
39783,24,2708,13,14,27,113,126,239,17,29,46,285
40557,24,2708,21,18,39,304,252,556,10,10,20,576
40629,24,2708,31,32,63,204,223,427,4,11,15,442
40997,24,2708,24,25,49,95,111,206,19,58,77,283
41393,24,2708,19,15,34,57,44,101,5,5,10,111
44520,24,2708,12,14,26,100,91,191,6,14,20,211
44947,24,2708,7,7,14,419,427,846,3,3,6,852
44956,24,2708,9,10,19,25,28,53,3,9,12,65
45000,24,2708,11,14,25,47,50,97,3,12,15,112
45292,24,2708,39,46,85,410,402,812,24,46,70,882
45539,24,2708,21,19,40,287,253,540,6,7,13,553
45945,24,2708,12,13,25,600,595,1195,2,5,7,1202
46021,24,2708,13,11,24,276,256,532,13,17,30,562
46160,24,2708,22,18,40,224,211,435,6,11,17,452
46584,24,2708,19,22,41,58,29,87,3,42,45,132
46654,24,2708,32,21,53,605,518,1123,28,34,62,1185
46771,24,2708,23,26,49,125,96,221,13,14,27,248
47230,24,2708,18,17,35,325,258,583,13,67,80,663
48187,24,2708,14,13,27,111,91,202,5,9,14,216
48429,24,2708,30,31,61,215,213,428,13,44,57,485
48990,24,2708,9,8,17,677,664,1341,5,7,12,1353
49294,24,2708,8,9,17,520,587,1107,6,11,17,1124
49597,24,2708,6,4,10,10,7,17,0,0,0,17
50181,24,2708,6,12,18,16,25,41,3,9,12,53
50709,24,2708,16,22,38,372,400,772,8,34,42,814
50869,24,2708,12,14,26,79,76,155,6,12,18,173
50947,24,2708,25,29,54,396,415,811,6,32,38,849
51102,24,2708,55,52,107,1480,1214,2694,6,5,11,2705
51552,24,2708,13,16,29,187,198,385,6,13,19,404
51597,24,2708,26,35,61,102,103,205,6,50,56,261
51675,24,2708,4,5,9,9,8,17,5,36,41,58
51722,24,2708,8,10,18,54,47,101,0,4,4,105
52067,24,2708,28,27,55,377,339,716,19,30,49,765
52385,24,2708,24,23,47,197,174,371,1,7,8,379
52441,24,2708,30,33,63,308,306,614,11,25,36,650
52615,24,2708,10,10,20,54,54,108,2,6,8,116
52635,24,2708,12,9,21,24,19,43,8,5,13,56
52923,24,2708,14,17,31,373,420,793,4,21,25,818
53275,24,2708,6,10,16,15,7,22,5,35,40,62
53884,24,2708,11,11,22,66,41,107,2,14,16,123
55464,24,2708,30,41,71,251,269,520,15,55,70,590
55594,24,2708,20,20,40,94,77,171,8,20,28,199
57637,24,2708,13,16,29,92,127,219,3,3,6,225
57896,24,2708,19,17,36,161,141,302,5,8,13,315
58909,24,2708,23,22,45,283,294,577,3,27,30,607
59367,24,2708,19,12,31,117,96,213,18,19,37,250
60482,24,2708,14,14,28,85,72,157,14,16,30,187
60830,24,2708,9,12,21,34,30,64,7,7,14,78
61280,24,2708,17,18,35,439,450,889,9,14,23,912
62555,24,2708,10,15,25,37,42,79,12,43,55,134
62560,24,2708,28,34,62,270,211,481,13,24,37,518
63063,24,2708,20,21,41,330,260,590,1,11,12,602
63188,24,2708,19,23,42,210,228,438,1,9,10,448
63757,24,2708,8,10,18,25,24,49,5,19,24,73
63817,24,2708,14,12,26,920,862,1782,4,9,13,1795
64772,24,2708,34,30,64,238,165,403,18,28,46,449
65102,24,2708,20,21,41,600,590,1190,12,32,44,1234
65526,24,2708,11,10,21,152,169,321,2,0,2,323
65591,24,2708,4,6,10,14,17,31,3,6,9,40
66052,24,2708,33,42,75,313,223,536,55,181,236,772
66245,24,2708,21,18,39,138,99,237,6,6,12,249
66404,24,2708,22,22,44,189,117,306,4,4,8,314
66754,24,2708,14,16,30,303,314,617,10,7,17,634
66991,24,2708,33,35,68,292,275,567,6,11,17,584
67947,24,2708,21,15,36,88,56,144,11,22,33,177
68494,24,2708,33,33,66,981,902,1883,16,27,43,1926
68533,24,2708,30,32,62,206,189,395,17,32,49,444
68633,24,2708,10,11,21,209,158,367,15,33,48,415
69065,24,2708,15,13,28,389,328,717,15,17,32,749
69669,24,2708,4,1,5,20,20,40,0,0,0,40
70889,24,2708,6,7,13,144,143,287,2,0,2,289
71187,24,2708,13,13,26,170,170,340,3,7,10,350
71518,24,2708,13,12,25,99,80,179,5,10,15,194
71627,24,2708,29,33,62,176,181,357,8,30,38,395
71700,24,2708,29,33,62,395,454,849,6,8,14,863
71782,24,2708,15,17,32,145,66,211,3,11,14,225
72746,24,2708,6,9,15,163,127,290,1,1,2,292
73175,24,2708,9,8,17,40,32,72,1,3,4,76
73303,24,2708,9,11,20,43,39,82,3,10,13,95
74916,24,2708,31,37,68,597,579,1176,12,30,42,1218
75178,24,2708,6,4,10,18,16,34,3,1,4,38
75261,24,2708,34,36,70,437,427,864,29,68,97,961
75466,24,2708,7,6,13,41,47,88,0,1,1,89
75468,24,2708,11,9,20,29,33,62,4,14,18,80
76313,24,2708,18,18,36,209,176,385,12,11,23,408
77023,24,2708,19,23,42,189,219,408,15,28,43,451
77291,24,2708,21,26,47,282,286,568,10,13,23,591
77824,24,2708,23,22,45,213,197,410,3,4,7,417
78062,24,2708,17,19,36,169,163,332,0,3,3,335
78911,24,2708,9,5,14,27,22,49,2,2,4,53
78966,24,2708,16,19,35,634,62,696,1,6,7,703
79877,24,2708,17,18,35,74,65,139,10,14,24,163
80058,24,2708,36,33,69,144,125,269,4,4,8,277
80193,24,2708,17,18,35,294,303,597,18,42,60,657
82060,24,2708,13,18,31,245,207,452,7,14,21,473
82282,24,2708,9,6,15,52,53,105,6,9,15,120
83184,24,2708,13,11,24,123,114,237,2,5,7,244
83568,24,2708,16,17,33,328,293,621,12,23,35,656
84215,24,2708,10,11,21,68,49,117,0,4,4,121
84472,24,2708,17,19,36,181,159,340,2,1,3,343
84625,24,2708,1,1,2,1,0,1,0,3,3,4
85596,24,2708,19,21,40,416,386,802,7,26,33,835
85970,24,2708,30,32,62,803,958,1761,6,35,41,1802
86009,24,2708,14,14,28,73,61,134,3,13,16,150
86237,24,2708,4,5,9,16,21,37,0,6,6,43
86352,24,2708,23,28,51,81,93,174,24,56,80,254
86610,24,2708,16,16,32,275,279,554,7,19,26,580
86727,24,2708,18,17,35,116,111,227,4,3,7,234
88133,24,2708,15,21,36,140,134,274,4,16,20,294
88175,24,2708,14,18,32,115,122,237,1,5,6,243
89827,24,2708,12,11,23,79,57,136,4,9,13,149
10060,25,2709,9,8,17,78,67,145,5,8,13,158
10281,25,2709,12,16,28,968,990,1958,10,21,31,1989
10353,25,2709,11,8,19,91,69,160,2,1,3,163
10841,25,2709,23,23,46,168,178,346,13,33,46,392
11023,25,2709,16,16,32,349,346,695,1,4,5,700
11360,25,2709,22,19,41,172,179,351,37,48,85,436
11692,25,2709,12,14,26,219,215,434,6,7,13,447
13116,25,2709,1,1,2,3,1,4,0,0,0,4
13799,25,2709,21,20,41,335,350,685,6,17,23,708
13882,25,2709,13,14,27,107,113,220,4,5,9,229
13896,25,2709,3,1,4,3,0,3,1,2,3,6
14106,25,2709,4,3,7,10,6,16,1,0,1,17
14188,25,2709,15,24,39,193,230,423,3,27,30,453
14962,25,2709,22,24,46,436,388,824,11,37,48,872
15071,25,2709,10,10,20,189,184,373,7,8,15,388
15723,25,2709,12,15,27,120,103,223,9,19,28,251
15776,25,2709,12,14,26,287,260,547,5,16,21,568
16313,25,2709,21,22,43,156,131,287,4,8,12,299
16495,25,2709,18,19,37,152,163,315,2,8,10,325
16933,25,2709,17,18,35,535,561,1096,4,5,9,1105
17041,25,2709,12,13,25,176,172,348,7,6,13,361
17353,25,2709,16,17,33,93,91,184,2,19,21,205
18344,25,2709,20,15,35,325,77,402,9,8,17,419
18394,25,2709,2,2,4,7,7,14,0,0,0,14
18420,25,2709,9,5,14,230,11,241,9,2,11,252
19066,25,2709,20,21,41,438,436,874,7,30,37,911
19844,25,2709,16,17,33,144,115,259,2,6,8,267
20905,25,2709,16,22,38,160,148,308,10,60,70,378
21350,25,2709,15,24,39,285,324,609,2,18,20,629
22617,25,2709,13,14,27,182,202,384,9,6,15,399
22745,25,2709,12,13,25,159,146,305,1,3,4,309
22931,25,2709,25,20,45,297,337,634,6,7,13,647
23040,25,2709,16,15,31,147,151,298,9,14,23,321
23144,25,2709,22,21,43,141,132,273,7,23,30,303
23642,25,2709,15,17,32,167,160,327,8,7,15,342
24543,25,2709,11,13,24,69,70,139,2,10,12,151
24760,25,2709,22,26,48,473,531,1004,8,17,25,1029
24853,25,2709,18,23,41,198,174,372,4,28,32,404
25171,25,2709,23,24,47,425,444,869,16,18,34,903
25323,25,2709,15,16,31,187,223,410,2,6,8,418
25494,25,2709,23,26,49,241,227,468,15,16,31,499
25544,25,2709,38,43,81,533,427,960,3,13,16,976
25947,25,2709,22,22,44,187,134,321,10,19,29,350
26127,25,2709,21,23,44,118,88,206,18,36,54,260
26425,25,2709,11,7,18,54,54,108,5,4,9,117
28831,25,2709,6,8,14,6,6,12,2,9,11,23
29914,25,2709,12,10,22,57,37,94,10,25,35,129
30076,25,2709,19,17,36,1280,1188,2468,3,1,4,2472
30952,25,2709,21,24,45,80,82,162,16,57,73,235
31372,25,2709,17,18,35,255,251,506,8,15,23,529
31583,25,2709,34,34,68,550,548,1098,12,25,37,1135
32174,25,2709,12,12,24,48,42,90,5,7,12,102
32899,25,2709,6,8,14,13,11,24,2,11,13,37
33094,25,2709,17,21,38,263,274,537,77,90,167,704
34250,25,2709,13,16,29,34,42,76,7,11,18,94
34853,25,2709,26,31,57,448,478,926,15,38,53,979
35227,25,2709,22,25,47,369,364,733,18,22,40,773
36006,25,2709,5,6,11,55,45,100,1,1,2,102
36143,25,2709,21,22,43,319,283,602,20,43,63,665
36951,25,2709,33,33,66,218,197,415,8,8,16,431
37617,25,2709,23,22,45,199,190,389,3,8,11,400
38823,25,2709,14,19,33,294,278,572,1,13,14,586
38893,25,2709,13,12,25,53,57,110,12,14,26,136
38901,25,2709,26,29,55,208,206,414,4,5,9,423
38927,25,2709,26,27,53,446,466,912,10,17,27,939
39122,25,2709,10,10,20,59,40,99,4,3,7,106
39253,25,2709,6,6,12,8,7,15,0,2,2,17
39701,25,2709,29,28,57,552,546,1098,6,27,33,1131
39783,25,2709,12,14,26,150,166,316,9,37,46,362
40557,25,2709,24,26,50,201,147,348,8,16,24,372
40629,25,2709,20,22,42,87,98,185,5,14,19,204
40997,25,2709,26,25,51,123,152,275,15,52,67,342
41393,25,2709,17,15,32,79,74,153,4,8,12,165
44520,25,2709,14,15,29,105,95,200,2,14,16,216
44947,25,2709,9,10,19,407,405,812,1,11,12,824
44956,25,2709,7,7,14,20,24,44,1,3,4,48
45000,25,2709,14,18,32,119,120,239,6,12,18,257
45292,25,2709,38,44,82,384,347,731,34,65,99,830
45539,25,2709,19,17,36,323,281,604,6,6,12,616
45945,25,2709,12,10,22,785,769,1554,9,9,18,1572
46021,25,2709,12,11,23,221,165,386,4,15,19,405
46160,25,2709,27,17,44,261,184,445,6,10,16,461
46584,25,2709,20,19,39,101,67,168,9,48,57,225
46654,25,2709,22,22,44,537,445,982,22,43,65,1047
46771,25,2709,29,35,64,151,127,278,21,34,55,333
47230,25,2709,19,20,39,447,366,813,13,61,74,887
48187,25,2709,15,17,32,165,139,304,23,24,47,351
48429,25,2709,27,35,62,232,212,444,17,39,56,500
48990,25,2709,10,10,20,431,413,844,13,9,22,866
49294,25,2709,7,9,16,491,556,1047,3,20,23,1070
49597,25,2709,7,8,15,27,27,54,1,0,1,55
50181,25,2709,8,9,17,29,23,52,4,12,16,68
50709,25,2709,16,15,31,283,300,583,6,21,27,610
50869,25,2709,12,14,26,95,91,186,3,10,13,199
50947,25,2709,19,21,40,517,518,1035,5,27,32,1067
51102,25,2709,60,54,114,1413,1179,2592,12,8,20,2612
51552,25,2709,12,12,24,186,176,362,6,13,19,381
51597,25,2709,27,32,59,157,149,306,6,44,50,356
51675,25,2709,7,9,16,23,21,44,2,30,32,76
51722,25,2709,9,6,15,38,26,64,3,2,5,69
52067,25,2709,28,30,58,536,509,1045,15,21,36,1081
52385,25,2709,22,27,49,285,286,571,2,15,17,588
52441,25,2709,34,35,69,324,330,654,9,33,42,696
52615,25,2709,9,9,18,184,178,362,2,1,3,365
52635,25,2709,11,11,22,29,20,49,2,5,7,56
52923,25,2709,19,21,40,227,274,501,5,24,29,530
53275,25,2709,10,12,22,32,20,52,7,31,38,90
53884,25,2709,13,13,26,103,70,173,3,12,15,188
55464,25,2709,32,39,71,337,345,682,21,48,69,751
55594,25,2709,20,21,41,87,85,172,8,8,16,188
57637,25,2709,15,14,29,120,148,268,7,3,10,278
57896,25,2709,20,23,43,159,144,303,1,17,18,321
58909,25,2709,23,22,45,197,223,420,6,15,21,441
59367,25,2709,19,11,30,146,111,257,15,17,32,289
60482,25,2709,13,15,28,54,47,101,11,7,18,119
60830,25,2709,15,15,30,42,52,94,15,8,23,117
61280,25,2709,21,20,41,466,493,959,4,6,10,969
62555,25,2709,12,16,28,38,43,81,12,52,64,145
62560,25,2709,18,19,37,145,106,251,3,10,13,264
63063,25,2709,16,15,31,312,248,560,6,7,13,573
63188,25,2709,29,32,61,262,311,573,3,14,17,590
63757,25,2709,11,11,22,36,21,57,10,18,28,85
63817,25,2709,14,13,27,443,401,844,10,11,21,865
64772,25,2709,30,33,63,321,259,580,20,38,58,638
65102,25,2709,13,10,23,736,757,1493,17,10,27,1520
65526,25,2709,10,12,22,186,181,367,3,2,5,372
65591,25,2709,13,21,34,26,22,48,22,46,68,116
66052,25,2709,39,43,82,465,243,708,61,187,248,956
66245,25,2709,15,16,31,159,154,313,4,15,19,332
66404,25,2709,21,22,43,166,104,270,6,9,15,285
66754,25,2709,12,13,25,331,300,631,5,5,10,641
66991,25,2709,33,38,71,264,279,543,8,11,19,562
67947,25,2709,21,22,43,58,37,95,12,26,38,133
68494,25,2709,33,35,68,615,593,1208,10,15,25,1233
68533,25,2709,21,22,43,152,130,282,4,11,15,297
68633,25,2709,12,12,24,262,196,458,15,22,37,495
69065,25,2709,26,21,47,470,399,869,20,19,39,908
69669,25,2709,10,1,11,20,9,29,2,0,2,31
70889,25,2709,10,9,19,128,127,255,0,0,0,255
71187,25,2709,16,21,37,110,114,224,3,8,11,235
71518,25,2709,17,15,32,90,72,162,1,5,6,168
71627,25,2709,28,29,57,184,174,358,8,25,33,391
71700,25,2709,31,29,60,478,530,1008,11,8,19,1027
71782,25,2709,19,18,37,255,161,416,24,29,53,469
72746,25,2709,12,10,22,159,128,287,3,1,4,291
73175,25,2709,7,9,16,47,54,101,2,2,4,105
73303,25,2709,16,15,31,68,69,137,5,11,16,153
74916,25,2709,39,37,76,625,630,1255,20,28,48,1303
75178,25,2709,5,3,8,9,6,15,7,1,8,23
75261,25,2709,33,35,68,394,376,770,27,64,91,861
75466,25,2709,11,10,21,44,44,88,3,7,10,98
75468,25,2709,6,6,12,14,15,29,1,4,5,34
76313,25,2709,24,22,46,212,175,387,12,9,21,408
77023,25,2709,20,22,42,265,274,539,15,24,39,578
77291,25,2709,29,32,61,344,353,697,5,20,25,722
77824,25,2709,19,17,36,231,212,443,5,4,9,452
78062,25,2709,15,19,34,144,145,289,0,2,2,291
78911,25,2709,15,14,29,92,85,177,2,5,7,184
78966,25,2709,17,17,34,813,78,891,6,4,10,901
79877,25,2709,19,19,38,95,87,182,4,12,16,198
80058,25,2709,30,30,60,142,134,276,5,4,9,285
80193,25,2709,20,21,41,552,727,1279,22,120,142,1421
82060,25,2709,13,11,24,170,154,324,8,7,15,339
82282,25,2709,7,10,17,26,29,55,3,5,8,63
83184,25,2709,16,17,33,131,119,250,12,17,29,279
83568,25,2709,13,11,24,287,249,536,8,11,19,555
84472,25,2709,31,30,61,425,369,794,2,4,6,800
84625,25,2709,0,2,2,0,0,0,0,2,2,2
85596,25,2709,17,21,38,332,306,638,12,38,50,688
85970,25,2709,31,32,63,784,892,1676,5,27,32,1708
86009,25,2709,15,19,34,81,77,158,4,6,10,168
86237,25,2709,4,5,9,15,6,21,1,7,8,29
86352,25,2709,23,25,48,98,99,197,16,38,54,251
86610,25,2709,17,18,35,183,176,359,6,13,19,378
86727,25,2709,16,17,33,88,101,189,5,2,7,196
88133,25,2709,19,18,37,95,100,195,5,16,21,216
88175,25,2709,15,18,33,195,211,406,7,10,17,423
89827,25,2709,11,11,22,144,129,273,3,8,11,284
10060,26,2710,5,6,11,53,35,88,2,6,8,96
10281,26,2710,5,7,12,1005,998,2003,7,14,21,2024
10353,26,2710,18,17,35,143,126,269,1,0,1,270
10841,26,2710,22,25,47,122,134,256,17,35,52,308
11023,26,2710,21,18,39,405,400,805,7,11,18,823
11360,26,2710,24,24,48,145,140,285,35,61,96,381
11692,26,2710,16,17,33,322,364,686,4,8,12,698
13799,26,2710,22,24,46,298,317,615,7,16,23,638
13882,26,2710,19,20,39,144,148,292,3,5,8,300
14106,26,2710,4,5,9,16,16,32,0,3,3,35
14188,26,2710,16,18,34,165,163,328,4,16,20,348
14962,26,2710,30,38,68,399,278,677,19,44,63,740
15071,26,2710,5,7,12,263,225,488,1,9,10,498
15723,26,2710,16,16,32,154,153,307,10,16,26,333
15776,26,2710,19,21,40,338,324,662,6,22,28,690
16313,26,2710,26,22,48,164,141,305,4,5,9,314
16495,26,2710,13,15,28,145,136,281,5,18,23,304
16933,26,2710,19,19,38,720,719,1439,7,17,24,1463
17041,26,2710,15,18,33,138,125,263,8,15,23,286
17353,26,2710,18,18,36,108,104,212,7,11,18,230
18344,26,2710,19,21,40,288,119,407,5,1,6,413
18394,26,2710,5,3,8,40,24,64,0,0,0,64
18420,26,2710,13,9,22,185,37,222,20,10,30,252
19066,26,2710,22,25,47,309,323,632,10,24,34,666
19844,26,2710,25,20,45,110,75,185,3,6,9,194
20905,26,2710,24,28,52,148,131,279,24,58,82,361
21350,26,2710,21,22,43,267,329,596,5,29,34,630
22617,26,2710,17,18,35,207,214,421,6,1,7,428
22745,26,2710,13,13,26,160,171,331,5,5,10,341
22931,26,2710,24,23,47,380,460,840,3,7,10,850
23040,26,2710,17,18,35,180,179,359,19,7,26,385
23144,26,2710,24,26,50,122,93,215,15,20,35,250
23642,26,2710,14,17,31,183,181,364,5,6,11,375
24543,26,2710,12,10,22,59,58,117,0,4,4,121
24760,26,2710,20,30,50,448,524,972,15,34,49,1021
24853,26,2710,22,23,45,138,116,254,5,5,10,264
25171,26,2710,21,23,44,247,258,505,7,20,27,532
25323,26,2710,17,17,34,180,218,398,3,15,18,416
25494,26,2710,15,16,31,90,85,175,5,6,11,186
25544,26,2710,61,92,153,412,392,804,3,12,15,819
25947,26,2710,19,21,40,160,112,272,7,15,22,294
26127,26,2710,16,12,28,97,63,160,14,18,32,192
26425,26,2710,11,12,23,60,55,115,0,4,4,119
28831,26,2710,9,12,21,24,21,45,1,18,19,64
29914,26,2710,11,9,20,41,40,81,4,10,14,95
30076,26,2710,15,16,31,1449,1371,2820,2,2,4,2824
30952,26,2710,17,16,33,80,60,140,7,20,27,167
31372,26,2710,14,11,25,261,220,481,6,5,11,492
31583,26,2710,36,39,75,531,524,1055,13,17,30,1085
32100,26,2710,0,1,1,0,1,1,0,0,0,1
32174,26,2710,12,16,28,40,37,77,2,6,8,85
32899,26,2710,5,6,11,23,23,46,6,10,16,62
33094,26,2710,15,17,32,256,248,504,66,72,138,642
34250,26,2710,15,18,33,38,51,89,4,16,20,109
34853,26,2710,7,8,15,42,52,94,3,9,12,106
35227,26,2710,27,31,58,501,474,975,15,37,52,1027
36006,26,2710,8,5,13,73,61,134,3,0,3,137
36143,26,2710,28,29,57,358,264,622,25,48,73,695
36951,26,2710,36,39,75,216,215,431,12,18,30,461
37617,26,2710,24,26,50,331,299,630,9,20,29,659
38823,26,2710,18,15,33,403,385,788,2,8,10,798
38893,26,2710,9,13,22,107,111,218,10,17,27,245
38901,26,2710,27,26,53,213,216,429,12,9,21,450
38927,26,2710,27,27,54,415,389,804,9,15,24,828
39122,26,2710,8,10,18,37,30,67,5,13,18,85
39253,26,2710,7,15,22,50,38,88,0,16,16,104
39701,26,2710,33,38,71,281,307,588,17,49,66,654
39783,26,2710,14,13,27,124,127,251,12,15,27,278
40557,26,2710,24,24,48,186,165,351,9,5,14,365
40629,26,2710,21,24,45,140,145,285,3,11,14,299
40997,26,2710,24,27,51,142,176,318,21,65,86,404
41393,26,2710,19,22,41,65,58,123,7,8,15,138
44520,26,2710,10,11,21,42,33,75,3,17,20,95
44947,26,2710,9,9,18,352,343,695,1,3,4,699
44956,26,2710,19,22,41,44,60,104,2,8,10,114
45000,26,2710,12,15,27,97,81,178,1,9,10,188
45292,26,2710,47,45,92,483,487,970,20,30,50,1020
45539,26,2710,18,12,30,261,214,475,5,2,7,482
45945,26,2710,11,13,24,586,639,1225,3,5,8,1233
46021,26,2710,15,10,25,234,181,415,11,14,25,440
46160,26,2710,24,27,51,257,242,499,5,12,17,516
46584,26,2710,23,21,44,108,64,172,16,73,89,261
46654,26,2710,29,24,53,765,638,1403,36,57,93,1496
46771,26,2710,21,22,43,132,89,221,7,21,28,249
47230,26,2710,19,18,37,407,306,713,5,47,52,765
48187,26,2710,10,9,19,200,176,376,15,13,28,404
48429,26,2710,24,34,58,167,146,313,17,52,69,382
48990,26,2710,9,11,20,523,514,1037,11,16,27,1064
49294,26,2710,7,9,16,382,485,867,7,13,20,887
49597,26,2710,16,12,28,35,26,61,4,2,6,67
50181,26,2710,5,10,15,21,18,39,0,5,5,44
50709,26,2710,20,20,40,236,262,498,11,23,34,532
50869,26,2710,15,20,35,69,63,132,6,21,27,159
50947,26,2710,13,14,27,97,110,207,3,11,14,221
51102,26,2710,62,54,116,1376,1091,2467,16,28,44,2511
51552,26,2710,12,15,27,118,100,218,7,25,32,250
51597,26,2710,16,18,34,72,59,131,2,10,12,143
51675,26,2710,6,7,13,35,36,71,2,26,28,99
51722,26,2710,8,6,14,42,28,70,0,2,2,72
52067,26,2710,23,24,47,649,603,1252,18,8,26,1278
52385,26,2710,28,31,59,238,231,469,4,16,20,489
52441,26,2710,39,38,77,347,337,684,5,17,22,706
52615,26,2710,6,5,11,245,229,474,0,1,1,475
52635,26,2710,11,8,19,36,24,60,3,6,9,69
52923,26,2710,14,16,30,372,419,791,13,24,37,828
53275,26,2710,10,10,20,27,16,43,9,31,40,83
53884,26,2710,11,10,21,96,69,165,2,7,9,174
55464,26,2710,35,34,69,380,393,773,14,18,32,805
55594,26,2710,24,25,49,101,98,199,12,15,27,226
57637,26,2710,20,19,39,83,99,182,10,2,12,194
57896,26,2710,18,21,39,168,155,323,3,8,11,334
58909,26,2710,20,15,35,93,106,199,6,16,22,221
59367,26,2710,19,13,32,199,166,365,13,19,32,397
60482,26,2710,10,13,23,41,34,75,12,34,46,121
60830,26,2710,12,13,25,56,56,112,23,26,49,161
61280,26,2710,18,14,32,806,785,1591,3,6,9,1600
62555,26,2710,6,9,15,38,30,68,6,23,29,97
63063,26,2710,29,34,63,457,416,873,4,18,22,895
63188,26,2710,35,43,78,364,484,848,6,17,23,871
63757,26,2710,13,12,25,84,73,157,10,6,16,173
63817,26,2710,11,14,25,441,449,890,2,4,6,896
64772,26,2710,27,27,54,299,229,528,22,30,52,580
65102,26,2710,12,13,25,1135,1105,2240,10,7,17,2257
65526,26,2710,7,7,14,109,113,222,2,5,7,229
65591,26,2710,12,15,27,83,77,160,22,34,56,216
66052,26,2710,35,47,82,527,277,804,34,113,147,951
66245,26,2710,16,20,36,122,117,239,8,16,24,263
66404,26,2710,13,14,27,164,66,230,2,1,3,233
66754,26,2710,16,20,36,304,319,623,2,10,12,635
66991,26,2710,35,36,71,293,280,573,9,14,23,596
67947,26,2710,22,15,37,77,60,137,6,16,22,159
68494,26,2710,29,28,57,688,659,1347,8,13,21,1368
68533,26,2710,24,26,50,199,176,375,14,17,31,406
68633,26,2710,7,8,15,213,158,371,9,14,23,394
69065,26,2710,26,22,48,400,333,733,10,14,24,757
69669,26,2710,3,1,4,9,3,12,1,0,1,13
70889,26,2710,8,8,16,280,260,540,0,0,0,540
71187,26,2710,14,15,29,95,91,186,3,1,4,190
71518,26,2710,10,11,21,58,47,105,2,4,6,111
71627,26,2710,25,30,55,209,210,419,3,18,21,440
71700,26,2710,20,24,44,261,297,558,6,5,11,569
71782,26,2710,21,20,41,162,97,259,15,33,48,307
72746,26,2710,8,10,18,93,73,166,2,3,5,171
73175,26,2710,8,9,17,30,23,53,3,3,6,59
73303,26,2710,17,18,35,101,111,212,2,8,10,222
74916,26,2710,34,36,70,547,531,1078,8,19,27,1105
75178,26,2710,2,2,4,23,20,43,2,1,3,46
75261,26,2710,25,27,52,294,298,592,16,24,40,632
75466,26,2710,10,9,19,94,105,199,0,0,0,199
75468,26,2710,9,9,18,46,63,109,1,7,8,117
76313,26,2710,20,17,37,113,84,197,7,9,16,213
77023,26,2710,18,20,38,208,233,441,15,21,36,477
77291,26,2710,24,35,59,263,260,523,5,9,14,537
77824,26,2710,17,17,34,169,160,329,1,5,6,335
78062,26,2710,12,12,24,210,216,426,1,1,2,428
78638,26,2710,22,24,46,535,538,1073,3,16,19,1092
78911,26,2710,9,9,18,37,37,74,2,4,6,80
78966,26,2710,20,21,41,475,41,516,7,7,14,530
79877,26,2710,18,13,31,80,54,134,4,7,11,145
80058,26,2710,28,29,57,136,128,264,7,9,16,280
80193,26,2710,19,18,37,718,948,1666,22,53,75,1741
82060,26,2710,13,15,28,215,189,404,7,15,22,426
82282,26,2710,8,9,17,49,54,103,1,7,8,111
83184,26,2710,18,17,35,145,131,276,8,3,11,287
83568,26,2710,19,13,32,183,160,343,16,8,24,367
84472,26,2710,29,25,54,276,265,541,2,5,7,548
85596,26,2710,18,19,37,293,274,567,13,36,49,616
85970,26,2710,33,35,68,822,931,1753,7,41,48,1801
86009,26,2710,15,13,28,54,47,101,5,11,16,117
86237,26,2710,4,8,12,23,30,53,0,13,13,66
86352,26,2710,22,25,47,95,88,183,18,50,68,251
86610,26,2710,14,16,30,198,184,382,4,18,22,404
86727,26,2710,15,13,28,108,98,206,2,1,3,209
88133,26,2710,26,29,55,155,148,303,9,14,23,326
88175,26,2710,11,12,23,123,106,229,0,9,9,238
89827,26,2710,13,16,29,165,152,317,8,24,32,349
10060,27,2711,8,7,15,45,36,81,1,6,7,88
10281,27,2711,8,10,18,767,742,1509,7,23,30,1539
10353,27,2711,23,22,45,123,124,247,4,4,8,255
10841,27,2711,22,23,45,169,200,369,11,28,39,408
11023,27,2711,16,14,30,346,324,670,2,4,6,676
11360,27,2711,23,21,44,199,154,353,30,43,73,426
11692,27,2711,22,20,42,322,349,671,11,12,23,694
13799,27,2711,19,19,38,286,315,601,5,13,18,619
13882,27,2711,14,13,27,86,88,174,2,2,4,178
13896,27,2711,1,0,1,1,0,1,0,0,0,1
14106,27,2711,9,5,14,16,12,28,1,0,1,29
14188,27,2711,16,17,33,285,295,580,9,28,37,617
14962,27,2711,32,37,69,649,588,1237,24,59,83,1320
15071,27,2711,6,8,14,21,17,38,6,9,15,53
15548,27,2711,2,2,4,5,3,8,0,3,3,11
15723,27,2711,23,22,45,184,146,330,8,9,17,347
15776,27,2711,19,19,38,326,268,594,4,18,22,616
16313,27,2711,37,34,71,307,272,579,15,29,44,623
16495,27,2711,17,17,34,159,124,283,6,19,25,308
16933,27,2711,23,19,42,861,854,1715,11,31,42,1757
17041,27,2711,13,16,29,115,109,224,7,10,17,241
17353,27,2711,18,20,38,90,87,177,5,18,23,200
18344,27,2711,28,23,51,239,121,360,4,3,7,367
18394,27,2711,5,5,10,61,53,114,0,0,0,114
18420,27,2711,16,11,27,110,22,132,15,8,23,155
19066,27,2711,19,20,39,257,248,505,8,12,20,525
19844,27,2711,25,19,44,127,94,221,3,2,5,226
20905,27,2711,26,30,56,202,203,405,4,62,66,471
21350,27,2711,16,17,33,302,316,618,9,33,42,660
22617,27,2711,23,22,45,167,176,343,7,2,9,352
22745,27,2711,11,7,18,96,95,191,3,4,7,198
22931,27,2711,26,19,45,398,452,850,6,11,17,867
23040,27,2711,17,13,30,140,128,268,3,8,11,279
23144,27,2711,23,21,44,111,85,196,9,15,24,220
23642,27,2711,17,18,35,166,160,326,9,12,21,347
24543,27,2711,15,16,31,96,86,182,7,13,20,202
24760,27,2711,24,33,57,484,569,1053,5,11,16,1069
24853,27,2711,19,16,35,161,121,282,6,7,13,295
25171,27,2711,7,7,14,42,40,82,0,3,3,85
25323,27,2711,17,21,38,265,301,566,1,9,10,576
25494,27,2711,18,16,34,113,96,209,13,6,19,228
25544,27,2711,46,52,98,366,369,735,13,33,46,781
25947,27,2711,22,21,43,142,103,245,5,11,16,261
26127,27,2711,24,17,41,119,78,197,17,24,41,238
26425,27,2711,8,10,18,44,46,90,1,8,9,99
28831,27,2711,8,9,17,15,14,29,3,17,20,49
29914,27,2711,10,10,20,39,30,69,11,18,29,98
30076,27,2711,14,16,30,1273,1106,2379,2,1,3,2382
30952,27,2711,14,15,29,112,83,195,11,22,33,228
31372,27,2711,17,17,34,256,250,506,6,12,18,524
31583,27,2711,38,38,76,539,506,1045,11,20,31,1076
32174,27,2711,17,17,34,65,72,137,5,9,14,151
32899,27,2711,13,13,26,52,65,117,3,14,17,134
33094,27,2711,30,29,59,209,198,407,41,81,122,529
34250,27,2711,21,21,42,57,56,113,11,9,20,133
34853,27,2711,27,28,55,599,617,1216,7,34,41,1257
35227,27,2711,27,26,53,327,313,640,18,39,57,697
36006,27,2711,5,5,10,32,23,55,0,0,0,55
36143,27,2711,27,35,62,322,290,612,27,51,78,690
36951,27,2711,33,30,63,194,185,379,6,10,16,395
37617,27,2711,40,36,76,319,300,619,16,11,27,646
38823,27,2711,15,21,36,261,249,510,5,11,16,526
38893,27,2711,8,9,17,49,50,99,7,13,20,119
38901,27,2711,27,25,52,277,266,543,9,6,15,558
38927,27,2711,25,25,50,451,441,892,7,9,16,908
39122,27,2711,12,10,22,50,35,85,6,12,18,103
39253,27,2711,13,11,24,41,21,62,1,7,8,70
39701,27,2711,33,30,63,212,213,425,12,19,31,456
39783,27,2711,19,17,36,106,118,224,13,18,31,255
40557,27,2711,24,22,46,174,148,322,3,5,8,330
40629,27,2711,26,26,52,124,117,241,3,11,14,255
40997,27,2711,24,26,50,113,136,249,18,66,84,333
41393,27,2711,10,8,18,45,37,82,2,2,4,86
44167,27,2711,1,0,1,1,0,1,0,0,0,1
44520,27,2711,5,5,10,0,0,0,7,12,19,19
44947,27,2711,14,10,24,410,401,811,2,7,9,820
44956,27,2711,9,15,24,45,57,102,1,8,9,111
45000,27,2711,11,11,22,162,154,316,4,12,16,332
45292,27,2711,44,42,86,373,423,796,25,36,61,857
45539,27,2711,19,14,33,304,233,537,3,1,4,541
45945,27,2711,12,9,21,428,407,835,3,6,9,844
46160,27,2711,30,24,54,265,242,507,7,11,18,525
46584,27,2711,24,25,49,98,71,169,6,44,50,219
46654,27,2711,34,26,60,551,498,1049,24,45,69,1118
46771,27,2711,17,0,17,38,0,38,0,0,0,38
47230,27,2711,21,20,41,321,250,571,14,71,85,656
48187,27,2711,20,17,37,255,214,469,9,22,31,500
48429,27,2711,26,33,59,201,195,396,15,25,40,436
48990,27,2711,13,10,23,544,537,1081,12,12,24,1105
49294,27,2711,11,8,19,460,557,1017,2,29,31,1048
49597,27,2711,9,6,15,38,28,66,1,3,4,70
50181,27,2711,11,9,20,16,15,31,6,12,18,49
50709,27,2711,16,16,32,320,349,669,10,22,32,701
50869,27,2711,18,21,39,115,107,222,7,10,17,239
50947,27,2711,23,27,50,443,458,901,7,37,44,945
51102,27,2711,59,52,111,1708,1324,3032,10,20,30,3062
51470,27,2711,8,0,8,9,0,9,0,0,0,9
51552,27,2711,14,12,26,104,107,211,13,22,35,246
51597,27,2711,24,27,51,122,122,244,2,28,30,274
51675,27,2711,7,7,14,49,40,89,1,30,31,120
52067,27,2711,40,36,76,759,573,1332,17,18,35,1367
52385,27,2711,27,24,51,202,198,400,7,9,16,416
52441,27,2711,32,30,62,301,297,598,10,16,26,624
52615,27,2711,8,4,12,183,181,364,4,2,6,370
52635,27,2711,12,8,20,33,34,67,8,6,14,81
52923,27,2711,19,18,37,365,415,780,14,17,31,811
53275,27,2711,11,11,22,30,15,45,8,31,39,84
53884,27,2711,7,7,14,32,20,52,0,7,7,59
55464,27,2711,46,42,88,518,565,1083,25,50,75,1158
55594,27,2711,21,19,40,84,78,162,9,9,18,180
57637,27,2711,19,14,33,131,137,268,8,4,12,280
57896,27,2711,23,21,44,182,158,340,1,5,6,346
58909,27,2711,26,19,45,136,134,270,3,13,16,286
59367,27,2711,24,13,37,182,113,295,20,20,40,335
60482,27,2711,19,16,35,96,77,173,27,30,57,230
60830,27,2711,14,15,29,61,85,146,14,23,37,183
61280,27,2711,20,16,36,581,585,1166,6,8,14,1180
62555,27,2711,12,11,23,58,68,126,4,18,22,148
62560,27,2711,21,25,46,144,134,278,3,15,18,296
63063,27,2711,25,27,52,401,338,739,10,13,23,762
63188,27,2711,22,23,45,202,228,430,3,10,13,443
63757,27,2711,17,18,35,51,47,98,6,17,23,121
63817,27,2711,13,14,27,645,611,1256,5,6,11,1267
64772,27,2711,31,33,64,430,327,757,28,37,65,822
65102,27,2711,15,13,28,1059,1044,2103,21,16,37,2140
65526,27,2711,11,12,23,68,57,125,0,4,4,129
65591,27,2711,14,16,30,48,50,98,27,40,67,165
66052,27,2711,45,45,90,362,250,612,33,131,164,776
66245,27,2711,21,22,43,175,146,321,2,21,23,344
66404,27,2711,23,20,43,242,154,396,4,1,5,401
66754,27,2711,22,20,42,305,303,608,4,9,13,621
66991,27,2711,41,36,77,367,356,723,9,19,28,751
67947,27,2711,22,24,46,71,51,122,14,31,45,167
68494,27,2711,31,39,70,618,564,1182,9,30,39,1221
68533,27,2711,27,25,52,146,126,272,4,15,19,291
68633,27,2711,12,10,22,149,132,281,11,18,29,310
69065,27,2711,20,16,36,464,385,849,10,12,22,871
69669,27,2711,4,1,5,12,8,20,0,0,0,20
70889,27,2711,14,11,25,185,168,353,1,1,2,355
71187,27,2711,15,12,27,69,61,130,2,2,4,134
71518,27,2711,18,18,36,96,83,179,8,9,17,196
71627,27,2711,32,34,66,216,208,424,8,40,48,472
71700,27,2711,35,35,70,337,364,701,9,6,15,716
71782,27,2711,22,19,41,240,93,333,12,31,43,376
72746,27,2711,12,14,26,111,87,198,2,2,4,202
73175,27,2711,10,7,17,42,30,72,1,6,7,79
73303,27,2711,14,12,26,69,71,140,5,6,11,151
74916,27,2711,41,45,86,523,532,1055,24,29,53,1108
75178,27,2711,5,2,7,13,11,24,3,1,4,28
75261,27,2711,36,33,69,354,363,717,20,17,37,754
75466,27,2711,9,8,17,48,43,91,2,2,4,95
75468,27,2711,13,10,23,44,42,86,7,17,24,110
76313,27,2711,26,21,47,142,125,267,10,13,23,290
77023,27,2711,16,16,32,159,163,322,9,18,27,349
77291,27,2711,27,26,53,319,319,638,9,11,20,658
77824,27,2711,27,22,49,199,174,373,9,5,14,387
78062,27,2711,18,20,38,148,141,289,0,5,5,294
78638,27,2711,27,30,57,827,763,1590,5,42,47,1637
78911,27,2711,11,12,23,30,42,72,2,6,8,80
78966,27,2711,22,21,43,559,100,659,5,2,7,666
79877,27,2711,28,28,56,147,147,294,11,8,19,313
80058,27,2711,34,35,69,100,108,208,2,6,8,216
80193,27,2711,27,22,49,625,355,980,10,52,62,1042
82060,27,2711,16,8,24,197,168,365,10,9,19,384
82282,27,2711,11,7,18,31,25,56,4,4,8,64
83184,27,2711,13,12,25,132,129,261,3,0,3,264
83568,27,2711,21,16,37,200,142,342,15,17,32,374
84472,27,2711,22,19,41,299,274,573,8,13,21,594
84625,27,2711,3,0,3,5,0,5,0,0,0,5
85596,27,2711,19,20,39,298,265,563,12,15,27,590
85970,27,2711,36,33,69,730,824,1554,4,22,26,1580
86009,27,2711,23,21,44,104,83,187,10,14,24,211
86237,27,2711,9,9,18,46,45,91,1,11,12,103
86352,27,2711,20,24,44,88,81,169,19,37,56,225
86610,27,2711,17,10,27,169,175,344,5,7,12,356
86727,27,2711,19,16,35,106,97,203,1,1,2,205
88133,27,2711,21,25,46,98,105,203,9,14,23,226
88175,27,2711,14,18,32,99,99,198,2,9,11,209
89827,27,2711,9,11,20,114,92,206,5,14,19,225
10060,28,2712,7,7,14,76,51,127,0,1,1,128
10281,28,2712,9,12,21,712,655,1367,9,21,30,1397
10353,28,2712,17,18,35,77,71,148,0,1,1,149
10841,28,2712,20,24,44,108,115,223,16,33,49,272
11023,28,2712,12,13,25,409,397,806,3,5,8,814
11360,28,2712,20,21,41,150,140,290,34,63,97,387
11692,28,2712,19,19,38,303,316,619,12,4,16,635
13799,28,2712,28,37,65,338,400,738,3,34,37,775
13882,28,2712,20,21,41,110,116,226,0,5,5,231
13896,28,2712,3,1,4,4,1,5,0,0,0,5
14106,28,2712,4,3,7,15,13,28,1,2,3,31
14188,28,2712,16,19,35,100,99,199,8,34,42,241
14962,28,2712,15,20,35,620,646,1266,10,21,31,1297
15071,28,2712,11,7,18,170,146,316,6,7,13,329
15723,28,2712,13,13,26,165,124,289,6,8,14,303
15776,28,2712,16,17,33,207,201,408,4,8,12,420
16313,28,2712,36,42,78,205,191,396,6,25,31,427
16495,28,2712,19,18,37,154,132,286,6,36,42,328
16933,28,2712,17,16,33,648,694,1342,11,10,21,1363
17041,28,2712,11,10,21,58,52,110,2,13,15,125
17353,28,2712,14,14,28,84,79,163,4,16,20,183
18344,28,2712,24,25,49,321,123,444,9,11,20,464
18394,28,2712,12,11,23,546,492,1038,1,3,4,1042
18420,28,2712,10,7,17,174,7,181,24,21,45,226
19066,28,2712,25,27,52,199,209,408,8,28,36,444
19844,28,2712,26,25,51,171,144,315,3,14,17,332
20905,28,2712,17,19,36,85,89,174,4,13,17,191
21350,28,2712,26,25,51,382,437,819,7,14,21,840
22617,28,2712,23,22,45,229,259,488,5,5,10,498
22745,28,2712,13,12,25,215,212,427,0,6,6,433
22931,28,2712,21,15,36,441,429,870,3,11,14,884
23040,28,2712,14,11,25,105,90,195,6,8,14,209
23144,28,2712,27,23,50,121,108,229,11,21,32,261
23642,28,2712,15,15,30,199,212,411,4,7,11,422
24543,28,2712,12,14,26,64,63,127,5,9,14,141
24760,28,2712,24,30,54,390,451,841,9,25,34,875
24853,28,2712,22,23,45,122,94,216,5,9,14,230
25171,28,2712,14,16,30,64,64,128,3,5,8,136
25323,28,2712,20,22,42,206,239,445,4,26,30,475
25494,28,2712,19,14,33,92,77,169,8,7,15,184
25544,28,2712,112,146,258,707,698,1405,6,25,31,1436
25947,28,2712,21,18,39,123,90,213,10,12,22,235
26127,28,2712,13,11,24,226,153,379,12,33,45,424
26425,28,2712,12,12,24,51,41,92,0,6,6,98
28831,28,2712,3,5,8,5,8,13,3,10,13,26
29914,28,2712,13,13,26,33,23,56,6,15,21,77
30076,28,2712,16,18,34,981,852,1833,3,3,6,1839
30952,28,2712,14,13,27,238,203,441,12,28,40,481
31372,28,2712,19,16,35,256,253,509,18,30,48,557
31583,28,2712,41,45,86,518,498,1016,9,27,36,1052
32174,28,2712,12,13,25,40,41,81,2,8,10,91
32899,28,2712,12,12,24,84,80,164,3,20,23,187
33094,28,2712,21,23,44,162,164,326,39,56,95,421
34250,28,2712,12,15,27,64,70,134,8,15,23,157
34853,28,2712,19,14,33,55,62,117,3,5,8,125
35227,28,2712,23,22,45,233,216,449,12,13,25,474
36006,28,2712,3,4,7,21,20,41,0,1,1,42
36143,28,2712,31,35,66,305,268,573,23,44,67,640
36951,28,2712,28,28,56,154,153,307,4,7,11,318
37617,28,2712,25,28,53,275,260,535,6,21,27,562
38823,28,2712,20,19,39,271,278,549,7,10,17,566
38893,28,2712,12,13,25,46,47,93,8,20,28,121
38901,28,2712,27,29,56,191,187,378,9,6,15,393
38927,28,2712,31,29,60,547,559,1106,8,14,22,1128
39122,28,2712,9,14,23,49,44,93,4,15,19,112
39253,28,2712,5,4,9,13,11,24,1,3,4,28
39701,28,2712,26,22,48,257,243,500,7,14,21,521
39783,28,2712,15,14,29,116,118,234,11,16,27,261
40557,28,2712,20,21,41,178,159,337,5,10,15,352
40629,28,2712,27,27,54,164,169,333,2,11,13,346
40877,28,2712,1,0,1,0,0,0,2,0,2,2
40997,28,2712,27,26,53,108,131,239,21,66,87,326
41393,28,2712,15,14,29,43,42,85,12,18,30,115
44520,28,2712,6,11,17,0,0,0,11,20,31,31
44947,28,2712,11,11,22,463,465,928,0,2,2,930
44956,28,2712,11,11,22,35,38,73,0,10,10,83
45000,28,2712,15,17,32,238,228,466,4,12,16,482
45292,28,2712,45,46,91,374,354,728,23,55,78,806
45539,28,2712,20,17,37,385,348,733,7,2,9,742
45945,28,2712,11,8,19,530,518,1048,3,2,5,1053
46021,28,2712,8,8,16,72,48,120,3,15,18,138
46160,28,2712,34,23,57,402,286,688,9,5,14,702
46584,28,2712,22,24,46,143,99,242,6,44,50,292
46654,28,2712,27,20,47,459,375,834,9,39,48,882
46771,28,2712,24,24,48,102,68,170,7,22,29,199
47230,28,2712,11,13,24,501,399,900,9,61,70,970
48187,28,2712,18,16,34,181,135,316,13,39,52,368
48429,28,2712,21,21,42,107,99,206,0,0,0,206
48990,28,2712,9,12,21,381,362,743,15,25,40,783
49294,28,2712,9,9,18,450,499,949,4,19,23,972
49597,28,2712,12,12,24,60,60,120,3,6,9,129
50181,28,2712,9,13,22,19,20,39,3,13,16,55
50709,28,2712,15,16,31,251,259,510,9,24,33,543
50869,28,2712,17,17,34,100,83,183,5,14,19,202
50947,28,2712,28,30,58,486,531,1017,8,24,32,1049
51102,28,2712,61,57,118,1184,927,2111,11,24,35,2146
51552,28,2712,7,9,16,116,102,218,5,9,14,232
51597,28,2712,26,29,55,117,99,216,3,19,22,238
51675,28,2712,6,7,13,42,46,88,5,15,20,108
51722,28,2712,11,10,21,37,24,61,1,15,16,77
52067,28,2712,32,31,63,337,296,633,16,10,26,659
52385,28,2712,25,25,50,248,234,482,2,9,11,493
52441,28,2712,32,34,66,322,300,622,10,33,43,665
52615,28,2712,6,5,11,118,110,228,2,1,3,231
52635,28,2712,10,8,18,39,27,66,6,7,13,79
52923,28,2712,18,18,36,211,221,432,7,10,17,449
53275,28,2712,9,17,26,13,12,25,9,43,52,77
53884,28,2712,8,7,15,67,51,118,6,16,22,140
55464,28,2712,37,43,80,436,526,962,13,43,56,1018
55594,28,2712,24,21,45,120,103,223,8,16,24,247
57637,28,2712,12,14,26,83,96,179,4,2,6,185
57896,28,2712,23,23,46,179,167,346,3,8,11,357
58909,28,2712,15,9,24,56,46,102,0,2,2,104
59367,28,2712,21,15,36,130,86,216,7,9,16,232
60482,28,2712,19,20,39,130,116,246,13,19,32,278
60830,28,2712,10,9,19,22,35,57,11,19,30,87
61280,28,2712,13,12,25,605,623,1228,1,3,4,1232
62555,28,2712,7,8,15,42,54,96,7,10,17,113
62560,28,2712,26,29,55,311,276,587,11,22,33,620
63063,28,2712,18,21,39,306,253,559,9,14,23,582
63188,28,2712,17,20,37,118,130,248,6,10,16,264
63757,28,2712,5,12,17,34,31,65,2,9,11,76
63817,28,2712,6,6,12,385,365,750,1,4,5,755
64772,28,2712,35,36,71,419,364,783,24,37,61,844
65102,28,2712,14,17,31,808,815,1623,12,17,29,1652
65526,28,2712,10,13,23,177,187,364,0,5,5,369
65591,28,2712,10,13,23,53,57,110,19,26,45,155
66052,28,2712,43,44,87,529,390,919,31,94,125,1044
66245,28,2712,31,33,64,185,152,337,14,25,39,376
66404,28,2712,27,23,50,298,125,423,5,2,7,430
66754,28,2712,13,14,27,210,229,439,2,13,15,454
66991,28,2712,35,37,72,255,257,512,5,13,18,530
67947,28,2712,19,25,44,99,93,192,9,53,62,254
68494,28,2712,26,30,56,455,423,878,13,30,43,921
68533,28,2712,22,21,43,116,104,220,8,22,30,250
68633,28,2712,12,12,24,191,173,364,10,11,21,385
69065,28,2712,20,19,39,563,464,1027,11,15,26,1053
69669,28,2712,2,0,2,2,0,2,0,0,0,2
70889,28,2712,7,6,13,52,48,100,0,0,0,100
71187,28,2712,16,15,31,108,92,200,4,5,9,209
71518,28,2712,22,24,46,109,94,203,2,14,16,219
71627,28,2712,35,40,75,304,301,605,10,37,47,652
71700,28,2712,35,35,70,371,423,794,13,16,29,823
71782,28,2712,23,22,45,238,96,334,14,24,38,372
72746,28,2712,17,16,33,192,159,351,5,1,6,357
73175,28,2712,9,8,17,36,15,51,1,3,4,55
73303,28,2712,14,16,30,40,39,79,5,11,16,95
74916,28,2712,33,32,65,517,506,1023,8,6,14,1037
75178,28,2712,5,4,9,14,9,23,8,4,12,35
75261,28,2712,35,32,67,415,397,812,25,13,38,850
75466,28,2712,12,12,24,41,40,81,2,2,4,85
75468,28,2712,8,9,17,11,14,25,2,12,14,39
76313,28,2712,20,23,43,132,93,225,2,21,23,248
77023,28,2712,12,14,26,128,121,249,7,13,20,269
77291,28,2712,25,24,49,429,429,858,1,6,7,865
77824,28,2712,25,22,47,114,103,217,6,5,11,228
78062,28,2712,18,19,37,209,217,426,0,3,3,429
78638,28,2712,27,28,55,737,681,1418,6,39,45,1463
78911,28,2712,15,15,30,60,78,138,6,4,10,148
78966,28,2712,23,24,47,590,81,671,4,11,15,686
79877,28,2712,18,18,36,60,46,106,9,13,22,128
80058,28,2712,24,22,46,86,78,164,3,9,12,176
80193,28,2712,20,20,40,592,603,1195,13,59,72,1267
82060,28,2712,16,14,30,240,237,477,4,8,12,489
82282,28,2712,9,9,18,20,16,36,0,6,6,42
83184,28,2712,17,17,34,214,227,441,4,4,8,449
83568,28,2712,18,15,33,179,145,324,8,14,22,346
84472,28,2712,28,28,56,282,263,545,6,1,7,552
84625,28,2712,1,0,1,2,0,2,0,0,0,2
85596,28,2712,18,17,35,446,426,872,5,15,20,892
85970,28,2712,28,30,58,652,720,1372,13,36,49,1421
86009,28,2712,17,17,34,73,79,152,4,11,15,167
86237,28,2712,4,9,13,8,8,16,1,15,16,32
86352,28,2712,20,20,40,69,67,136,27,32,59,195
86610,28,2712,16,19,35,225,220,445,10,14,24,469
86727,28,2712,16,18,34,116,109,225,12,6,18,243
88133,28,2712,24,29,53,129,148,277,10,25,35,312
88175,28,2712,8,6,14,52,41,93,1,6,7,100
89827,28,2712,18,17,35,178,139,317,8,18,26,343
10060,29,2713,9,8,17,46,36,82,4,0,4,86
10281,29,2713,13,21,34,750,690,1440,7,17,24,1464
10353,29,2713,17,14,31,113,93,206,0,0,0,206
10841,29,2713,21,24,45,170,183,353,17,25,42,395
11023,29,2713,17,18,35,384,388,772,7,12,19,791
11360,29,2713,24,25,49,131,128,259,34,90,124,383
11692,29,2713,17,16,33,195,179,374,13,16,29,403
13116,29,2713,2,0,2,2,0,2,0,0,0,2
13799,29,2713,16,15,31,273,285,558,1,8,9,567
13882,29,2713,15,18,33,128,138,266,5,6,11,277
13896,29,2713,3,1,4,4,0,4,0,1,1,5
14106,29,2713,6,6,12,17,12,29,1,4,5,34
14188,29,2713,16,17,33,158,181,339,9,11,20,359
14962,29,2713,20,31,51,593,585,1178,27,52,79,1257
15071,29,2713,5,6,11,178,154,332,10,11,21,353
15723,29,2713,17,17,34,199,175,374,8,7,15,389
15776,29,2713,18,18,36,241,225,466,6,11,17,483
16313,29,2713,35,40,75,257,246,503,4,20,24,527
16495,29,2713,22,24,46,168,164,332,3,32,35,367
16933,29,2713,23,23,46,680,722,1402,19,17,36,1438
17041,29,2713,11,8,19,30,25,55,2,1,3,58
17353,29,2713,19,19,38,78,72,150,9,27,36,186
18344,29,2713,27,28,55,248,131,379,13,12,25,404
18394,29,2713,16,18,34,861,638,1499,2,3,5,1504
18420,29,2713,13,9,22,121,19,140,18,14,32,172
19066,29,2713,16,18,34,108,122,230,4,22,26,256
19844,29,2713,34,31,65,209,191,400,9,13,22,422
20905,29,2713,1,1,2,4,5,9,0,0,0,9
21350,29,2713,19,22,41,279,346,625,6,29,35,660
22617,29,2713,20,20,40,156,160,316,5,4,9,325
22745,29,2713,16,15,31,221,221,442,0,6,6,448
22931,29,2713,19,15,34,650,682,1332,2,5,7,1339
23040,29,2713,12,13,25,197,196,393,5,10,15,408
23144,29,2713,21,22,43,65,46,111,10,28,38,149
23642,29,2713,16,19,35,424,401,825,7,13,20,845
24543,29,2713,17,18,35,100,90,190,8,19,27,217
24760,29,2713,16,22,38,417,556,973,2,12,14,987
24853,29,2713,20,20,40,142,109,251,5,13,18,269
25171,29,2713,24,32,56,184,195,379,6,25,31,410
25323,29,2713,14,16,30,178,180,358,0,5,5,363
25494,29,2713,17,20,37,135,120,255,8,16,24,279
25544,29,2713,37,42,79,458,423,881,2,19,21,902
25947,29,2713,21,19,40,117,91,208,4,19,23,231
26127,29,2713,19,19,38,150,102,252,14,28,42,294
26425,29,2713,12,14,26,31,25,56,3,9,12,68
28831,29,2713,6,14,20,28,30,58,1,20,21,79
29914,29,2713,11,10,21,33,20,53,4,17,21,74
30076,29,2713,26,23,49,1027,846,1873,6,11,17,1890
30952,29,2713,13,15,28,195,166,361,11,24,35,396
31372,29,2713,13,15,28,210,190,400,6,12,18,418
31583,29,2713,35,35,70,500,475,975,6,16,22,997
32100,29,2713,0,1,1,0,1,1,0,0,0,1
32174,29,2713,20,21,41,85,74,159,10,15,25,184
32899,29,2713,10,9,19,46,38,84,1,14,15,99
33094,29,2713,27,27,54,196,189,385,59,63,122,507
34250,29,2713,20,19,39,64,70,134,11,10,21,155
34853,29,2713,33,37,70,441,490,931,15,28,43,974
35227,29,2713,28,28,56,349,351,700,19,28,47,747
36006,29,2713,6,7,13,69,59,128,2,2,4,132
36143,29,2713,35,40,75,279,188,467,33,46,79,546
36951,29,2713,33,34,67,193,182,375,7,9,16,391
37617,29,2713,28,28,56,363,337,700,8,26,34,734
38823,29,2713,17,21,38,293,286,579,5,14,19,598
38893,29,2713,14,12,26,71,64,135,9,17,26,161
38901,29,2713,32,34,66,302,292,594,7,6,13,607
38927,29,2713,18,20,38,340,354,694,5,12,17,711
39122,29,2713,11,11,22,43,28,71,3,21,24,95
39253,29,2713,1,1,2,1,1,2,0,0,0,2
39701,29,2713,23,27,50,139,131,270,3,26,29,299
39783,29,2713,14,13,27,209,219,428,19,32,51,479
40557,29,2713,22,21,43,158,124,282,6,12,18,300
40629,29,2713,25,25,50,162,167,329,3,16,19,348
40997,29,2713,26,29,55,144,194,338,15,47,62,400
41393,29,2713,19,17,36,74,54,128,7,5,12,140
44167,29,2713,22,27,49,128,141,269,5,19,24,293
44520,29,2713,10,9,19,28,20,48,15,21,36,84
44947,29,2713,13,14,27,552,550,1102,1,1,2,1104
44956,29,2713,11,15,26,77,86,163,4,10,14,177
45000,29,2713,13,14,27,123,103,226,5,8,13,239
45292,29,2713,34,36,70,288,280,568,16,27,43,611
45539,29,2713,16,11,27,282,240,522,4,5,9,531
45945,29,2713,13,13,26,698,677,1375,2,5,7,1382
46021,29,2713,16,16,32,219,167,386,8,24,32,418
46160,29,2713,22,16,38,321,206,527,9,13,22,549
46584,29,2713,25,28,53,73,45,118,9,64,73,191
46654,29,2713,31,24,55,570,512,1082,21,51,72,1154
46771,29,2713,38,34,72,139,108,247,22,25,47,294
47230,29,2713,19,19,38,586,492,1078,11,40,51,1129
48187,29,2713,16,13,29,132,83,215,18,22,40,255
48429,29,2713,25,20,45,159,143,302,0,0,0,302
48990,29,2713,12,12,24,178,161,339,9,24,33,372
49294,29,2713,6,7,13,362,413,775,3,19,22,797
49597,29,2713,10,8,18,34,31,65,0,2,2,67
50181,29,2713,8,9,17,11,9,20,4,16,20,40
50709,29,2713,21,21,42,249,273,522,12,34,46,568
50869,29,2713,14,17,31,81,80,161,5,13,18,179
50947,29,2713,29,30,59,453,489,942,13,18,31,973
51102,29,2713,60,56,116,1148,917,2065,4,23,27,2092
51552,29,2713,15,15,30,92,94,186,11,8,19,205
51597,29,2713,25,33,58,120,125,245,2,35,37,282
51675,29,2713,6,4,10,13,10,23,3,25,28,51
51722,29,2713,8,9,17,63,49,112,0,3,3,115
52067,29,2713,22,24,46,500,290,790,9,7,16,806
52385,29,2713,13,13,26,137,113,250,0,7,7,257
52441,29,2713,23,25,48,200,193,393,4,9,13,406
52615,29,2713,19,19,38,276,273,549,8,7,15,564
52635,29,2713,10,9,19,22,19,41,5,9,14,55
52923,29,2713,23,22,45,292,314,606,9,12,21,627
53275,29,2713,9,14,23,41,81,122,4,49,53,175
53884,29,2713,8,9,17,76,56,132,0,6,6,138
55464,29,2713,26,32,58,186,265,451,10,31,41,492
55594,29,2713,24,25,49,169,151,320,23,20,43,363
57637,29,2713,13,15,28,85,91,176,5,9,14,190
57896,29,2713,23,22,45,217,205,422,4,4,8,430
58909,29,2713,25,15,40,103,74,177,1,7,8,185
59367,29,2713,23,17,40,232,164,396,18,12,30,426
60482,29,2713,14,13,27,74,63,137,7,9,16,153
60830,29,2713,11,14,25,38,36,74,1,15,16,90
61280,29,2713,12,13,25,587,622,1209,11,11,22,1231
62555,29,2713,8,12,20,33,38,71,5,16,21,92
62560,29,2713,23,27,50,267,240,507,13,23,36,543
63063,29,2713,21,17,38,210,169,379,10,7,17,396
63188,29,2713,15,15,30,96,99,195,4,10,14,209
63757,29,2713,16,21,37,76,74,150,5,17,22,172
63817,29,2713,14,19,33,273,244,517,4,18,22,539
64772,29,2713,28,26,54,397,282,679,30,30,60,739
65102,29,2713,18,15,33,503,495,998,15,19,34,1032
65526,29,2713,11,12,23,173,181,354,2,7,9,363
65591,29,2713,8,10,18,22,21,43,11,28,39,82
66052,29,2713,39,47,86,491,346,837,35,107,142,979
66245,29,2713,16,19,35,110,107,217,3,23,26,243
66404,29,2713,22,19,41,301,107,408,3,4,7,415
66754,29,2713,14,16,30,272,285,557,2,6,8,565
66991,29,2713,42,38,80,370,346,716,3,12,15,731
67947,29,2713,19,23,42,63,50,113,10,27,37,150
68494,29,2713,28,29,57,637,610,1247,8,19,27,1274
68533,29,2713,19,20,39,134,129,263,6,19,25,288
68633,29,2713,11,11,22,136,106,242,9,18,27,269
69065,29,2713,29,27,56,422,375,797,17,13,30,827
69669,29,2713,2,1,3,2,2,4,0,0,0,4
70889,29,2713,7,7,14,30,29,59,0,0,0,59
71187,29,2713,25,22,47,210,173,383,12,18,30,413
71518,29,2713,18,16,34,88,82,170,3,11,14,184
71627,29,2713,36,43,79,336,354,690,7,18,25,715
71700,29,2713,28,28,56,132,150,282,1,0,1,283
71782,29,2713,20,19,39,174,103,277,13,30,43,320
72746,29,2713,10,12,22,114,89,203,2,4,6,209
73175,29,2713,8,8,16,125,76,201,0,4,4,205
73303,29,2713,12,9,21,42,54,96,5,6,11,107
74916,29,2713,39,42,81,661,678,1339,11,27,38,1377
75178,29,2713,7,6,13,8,7,15,12,9,21,36
75261,29,2713,37,39,76,385,389,774,10,20,30,804
75466,29,2713,8,8,16,39,40,79,1,6,7,86
75468,29,2713,11,9,20,45,40,85,3,15,18,103
76313,29,2713,23,27,50,306,239,545,8,14,22,567
77023,29,2713,22,21,43,195,211,406,19,15,34,440
77291,29,2713,25,26,51,435,444,879,4,5,9,888
77824,29,2713,20,19,39,168,141,309,3,4,7,316
78062,29,2713,20,19,39,249,264,513,1,5,6,519
78638,29,2713,33,35,68,716,650,1366,6,40,46,1412
78911,29,2713,14,14,28,68,79,147,4,3,7,154
78966,29,2713,33,31,64,286,113,399,7,4,11,410
79877,29,2713,27,25,52,155,143,298,13,15,28,326
80058,29,2713,23,24,47,115,115,230,5,6,11,241
80193,29,2713,24,26,50,770,840,1610,15,70,85,1695
82060,29,2713,18,18,36,245,216,461,7,8,15,476
82282,29,2713,10,8,18,55,52,107,4,6,10,117
83184,29,2713,12,11,23,124,119,243,2,2,4,247
83568,29,2713,15,11,26,143,105,248,7,18,25,273
84472,29,2713,26,29,55,357,341,698,7,9,16,714
84625,29,2713,3,1,4,4,0,4,0,1,1,5
84841,29,2713,23,25,48,113,128,241,12,16,28,269
85596,29,2713,17,22,39,318,309,627,6,17,23,650
85970,29,2713,29,30,59,605,715,1320,5,36,41,1361
86009,29,2713,15,18,33,72,75,147,7,14,21,168
86237,29,2713,8,10,18,26,20,46,4,12,16,62
86352,29,2713,26,31,57,139,137,276,36,44,80,356
86610,29,2713,18,19,37,215,217,432,3,13,16,448
86727,29,2713,18,16,34,138,130,268,4,5,9,277
88133,29,2713,23,30,53,243,276,519,8,19,27,546
88175,29,2713,13,14,27,117,115,232,3,6,9,241
89827,29,2713,13,15,28,195,151,346,6,16,22,368
10060,30,2714,3,2,5,6,4,10,0,0,0,10
10281,30,2714,17,19,36,460,428,888,16,21,37,925
10353,30,2714,18,19,37,237,219,456,17,14,31,487
10841,30,2714,10,9,19,76,62,138,4,15,19,157
11023,30,2714,14,15,29,476,494,970,4,14,18,988
11360,30,2714,14,15,29,66,60,126,13,29,42,168
11692,30,2714,14,18,32,432,442,874,8,21,29,903
13799,30,2714,8,10,18,196,220,416,6,9,15,431
13882,30,2714,26,29,55,341,331,672,5,9,14,686
14106,30,2714,8,7,15,89,70,159,6,4,10,169
14188,30,2714,11,14,25,148,170,318,8,30,38,356
14962,30,2714,22,23,45,564,522,1086,21,26,47,1133
15071,30,2714,9,7,16,106,93,199,16,12,28,227
15723,30,2714,15,17,32,275,266,541,9,18,27,568
15776,30,2714,9,9,18,39,27,66,1,5,6,72
16313,30,2714,36,38,74,282,279,561,12,21,33,594
16495,30,2714,20,23,43,180,163,343,3,34,37,380
16933,30,2714,18,16,34,556,540,1096,10,32,42,1138
17353,30,2714,11,11,22,35,29,64,1,9,10,74
18344,30,2714,10,7,17,66,18,84,4,1,5,89
18394,30,2714,24,27,51,857,649,1506,11,10,21,1527
18420,30,2714,23,20,43,65,18,83,37,79,116,199
19066,30,2714,15,17,32,84,87,171,9,26,35,206
19844,30,2714,19,21,40,189,170,359,17,9,26,385
20905,30,2714,13,18,31,56,66,122,3,31,34,156
21350,30,2714,13,14,27,250,294,544,4,9,13,557
22617,30,2714,10,11,21,51,50,101,1,2,3,104
22745,30,2714,12,13,25,84,88,172,3,12,15,187
22931,30,2714,20,11,31,313,226,539,2,7,9,548
23040,30,2714,10,10,20,96,93,189,6,4,10,199
23144,30,2714,12,14,26,67,37,104,1,12,13,117
23642,30,2714,10,9,19,240,248,488,10,9,19,507
24543,30,2714,7,9,16,42,31,73,3,12,15,88
24760,30,2714,20,23,43,494,529,1023,9,26,35,1058
24853,30,2714,17,16,33,75,62,137,8,7,15,152
25171,30,2714,22,25,47,259,297,556,18,31,49,605
25323,30,2714,12,11,23,77,81,158,0,1,1,159
25494,30,2714,32,42,74,273,263,536,12,50,62,598
25544,30,2714,74,108,182,639,724,1363,3,19,22,1385
25947,30,2714,10,11,21,118,84,202,0,8,8,210
26127,30,2714,18,17,35,129,110,239,33,45,78,317
26425,30,2714,9,8,17,83,91,174,3,4,7,181
28831,30,2714,2,3,5,4,4,8,1,4,5,13
29914,30,2714,5,4,9,11,7,18,1,4,5,23
30076,30,2714,18,21,39,213,238,451,3,6,9,460
30952,30,2714,8,8,16,88,66,154,12,13,25,179
31372,30,2714,17,9,26,88,56,144,13,20,33,177
31583,30,2714,21,20,41,359,332,691,12,9,21,712
32174,30,2714,11,13,24,32,29,61,10,11,21,82
32899,30,2714,8,7,15,55,56,111,5,13,18,129
33094,30,2714,20,18,38,162,141,303,75,94,169,472
34250,30,2714,11,12,23,33,32,65,14,5,19,84
34853,30,2714,30,31,61,647,737,1384,25,58,83,1467
35227,30,2714,6,17,23,48,47,95,9,28,37,132
36006,30,2714,3,5,8,11,10,21,3,2,5,26
36143,30,2714,34,37,71,381,284,665,41,49,90,755
36951,30,2714,30,31,61,255,272,527,6,6,12,539
37617,30,2714,12,13,25,215,178,393,2,5,7,400
38823,30,2714,13,15,28,143,133,276,6,5,11,287
38893,30,2714,6,6,12,44,44,88,9,7,16,104
38901,30,2714,21,20,41,209,189,398,5,5,10,408
38927,30,2714,12,13,25,247,243,490,4,6,10,500
39122,30,2714,8,12,20,50,43,93,3,5,8,101
39701,30,2714,23,25,48,165,167,332,6,31,37,369
39783,30,2714,12,14,26,105,101,206,6,18,24,230
40557,30,2714,14,20,34,250,222,472,8,24,32,504
40629,30,2714,13,13,26,117,106,223,1,1,2,225
40997,30,2714,19,26,45,201,252,453,25,59,84,537
41393,30,2714,17,16,33,109,83,192,5,5,10,202
44167,30,2714,23,25,48,98,111,209,5,15,20,229
44520,30,2714,8,7,15,63,51,114,6,13,19,133
44947,30,2714,10,8,18,340,336,676,2,3,5,681
44956,30,2714,4,27,31,4,3,7,6,43,49,56
45000,30,2714,9,10,19,65,49,114,2,9,11,125
45292,30,2714,33,39,72,337,402,739,7,21,28,767
45539,30,2714,18,13,31,246,200,446,2,4,6,452
45945,30,2714,12,11,23,697,704,1401,7,6,13,1414
46021,30,2714,11,14,25,333,233,566,17,32,49,615
46160,30,2714,8,8,16,12,14,26,2,1,3,29
46584,30,2714,9,14,23,15,8,23,6,28,34,57
46654,30,2714,12,14,26,650,597,1247,30,45,75,1322
46771,30,2714,23,31,54,192,156,348,20,39,59,407
47230,30,2714,16,14,30,418,326,744,9,19,28,772
48187,30,2714,10,12,22,200,184,384,13,23,36,420
48429,30,2714,14,16,30,94,99,193,2,5,7,200
48990,30,2714,12,13,25,253,240,493,28,25,53,546
49294,30,2714,6,5,11,144,156,300,4,6,10,310
49597,30,2714,5,4,9,16,15,31,0,0,0,31
50181,30,2714,12,10,22,61,54,115,11,12,23,138
50709,30,2714,13,11,24,137,124,261,6,17,23,284
50869,30,2714,14,16,30,160,152,312,3,9,12,324
50947,30,2714,24,29,53,352,408,760,17,32,49,809
51102,30,2714,62,64,126,1368,1218,2586,18,32,50,2636
51552,30,2714,14,17,31,188,164,352,19,20,39,391
51597,30,2714,19,23,42,79,67,146,4,16,20,166
51675,30,2714,4,4,8,15,11,26,2,7,9,35
51722,30,2714,7,9,16,23,23,46,7,22,29,75
52067,30,2714,20,19,39,379,349,728,25,26,51,779
52385,30,2714,16,18,34,383,342,725,0,1,1,726
52441,30,2714,29,32,61,215,195,410,6,25,31,441
52615,30,2714,14,11,25,109,93,202,9,7,16,218
52635,30,2714,12,14,26,71,69,140,11,19,30,170
52923,30,2714,14,14,28,116,126,242,13,13,26,268
53275,30,2714,8,11,19,14,2,16,7,49,56,72
53884,30,2714,7,8,15,41,30,71,4,3,7,78
55464,30,2714,21,27,48,180,215,395,5,25,30,425
55594,30,2714,11,17,28,126,125,251,17,30,47,298
57637,30,2714,9,8,17,115,104,219,8,3,11,230
57896,30,2714,18,19,37,194,192,386,6,28,34,420
58909,30,2714,19,11,30,186,156,342,5,3,8,350
59367,30,2714,16,15,31,214,169,383,4,13,17,400
60482,30,2714,18,18,36,73,63,136,16,18,34,170
60830,30,2714,7,10,17,15,14,29,5,7,12,41
61280,30,2714,10,10,20,119,111,230,0,2,2,232
62555,30,2714,6,16,22,22,19,41,4,38,42,83
62560,30,2714,13,19,32,135,118,253,6,18,24,277
63063,30,2714,19,17,36,240,205,445,15,22,37,482
63188,30,2714,23,21,44,98,97,195,13,8,21,216
63757,30,2714,7,4,11,12,5,17,1,2,3,20
63817,30,2714,13,13,26,113,98,211,1,16,17,228
64772,30,2714,20,19,39,162,133,295,19,24,43,338
65102,30,2714,16,16,32,759,697,1456,37,66,103,1559
65526,30,2714,7,7,14,89,93,182,3,2,5,187
65591,30,2714,7,23,30,50,56,106,14,120,134,240
66052,30,2714,22,26,48,393,318,711,21,78,99,810
66245,30,2714,16,16,32,91,83,174,5,17,22,196
66404,30,2714,15,16,31,215,69,284,0,7,7,291
66754,30,2714,28,29,57,205,209,414,14,33,47,461
66991,30,2714,30,31,61,399,339,738,4,11,15,753
67947,30,2714,16,17,33,53,40,93,18,22,40,133
68494,30,2714,17,18,35,379,332,711,15,33,48,759
68533,30,2714,23,22,45,170,152,322,6,13,19,341
68633,30,2714,7,8,15,167,140,307,16,14,30,337
69065,30,2714,24,21,45,360,332,692,7,10,17,709
69669,30,2714,1,1,2,1,1,2,0,0,0,2
70889,30,2714,11,10,21,76,53,129,4,5,9,138
71187,30,2714,14,13,27,190,163,353,6,11,17,370
71518,30,2714,13,11,24,68,55,123,1,1,2,125
71627,30,2714,31,35,66,280,281,561,7,37,44,605
71700,30,2714,12,15,27,60,60,120,10,6,16,136
71782,30,2714,17,18,35,305,142,447,14,19,33,480
72746,30,2714,9,8,17,158,129,287,14,6,20,307
73175,30,2714,6,5,11,186,141,327,1,6,7,334
73303,30,2714,10,10,20,44,45,89,0,0,0,89
74916,30,2714,29,30,59,613,604,1217,12,18,30,1247
75178,30,2714,4,3,7,5,4,9,7,5,12,21
75261,30,2714,19,22,41,281,267,548,10,30,40,588
75466,30,2714,7,5,12,15,8,23,3,3,6,29
75468,30,2714,2,2,4,5,7,12,0,1,1,13
76313,30,2714,31,31,62,272,300,572,4,10,14,586
77023,30,2714,13,17,30,224,217,441,25,43,68,509
77291,30,2714,13,11,24,137,141,278,2,11,13,291
77824,30,2714,27,24,51,169,163,332,6,5,11,343
78062,30,2714,10,10,20,173,182,355,6,12,18,373
78638,30,2714,17,19,36,762,723,1485,4,18,22,1507
78911,30,2714,7,12,19,37,43,80,1,3,4,84
78966,30,2714,23,25,48,1114,141,1255,5,16,21,1276
79877,30,2714,15,14,29,68,56,124,15,14,29,153
80058,30,2714,11,11,22,32,26,58,1,10,11,69
80193,30,2714,15,15,30,653,749,1402,17,58,75,1477
82060,30,2714,25,23,48,255,226,481,18,35,53,534
82282,30,2714,1,3,4,1,0,1,0,4,4,5
83184,30,2714,7,7,14,89,82,171,0,5,5,176
83568,30,2714,14,12,26,190,139,329,5,6,11,340
84472,30,2714,20,19,39,356,319,675,5,8,13,688
84625,30,2714,2,0,2,2,0,2,0,0,0,2
84841,30,2714,20,23,43,233,238,471,41,24,65,536
85596,30,2714,10,13,23,145,136,281,8,20,28,309
85970,30,2714,23,26,49,570,673,1243,6,34,40,1283
86009,30,2714,15,15,30,94,102,196,8,9,17,213
86237,30,2714,5,15,20,36,40,76,1,24,25,101
86352,30,2714,21,19,40,82,86,168,20,23,43,211
86610,30,2714,22,21,43,223,211,434,24,37,61,495
86727,30,2714,4,3,7,23,7,30,0,1,1,31
88133,30,2714,8,11,19,155,139,294,7,9,16,310
88175,30,2714,10,12,22,65,61,126,4,12,16,142
89827,30,2714,11,10,21,67,49,116,2,1,3,119
10060,31,2715,6,7,13,45,33,78,3,3,6,84
10281,31,2715,12,11,23,1109,1097,2206,12,9,21,2227
10353,31,2715,16,18,34,69,61,130,5,2,7,137
10841,31,2715,25,27,52,197,194,391,20,42,62,453
11023,31,2715,14,13,27,332,319,651,8,7,15,666
11360,31,2715,19,19,38,138,129,267,15,44,59,326
11692,31,2715,15,14,29,184,199,383,15,10,25,408
13116,31,2715,1,0,1,1,0,1,0,0,0,1
13799,31,2715,19,19,38,247,259,506,10,18,28,534
13882,31,2715,16,20,36,81,91,172,2,12,14,186
13896,31,2715,2,2,4,4,0,4,0,3,3,7
14106,31,2715,8,5,13,14,13,27,1,0,1,28
14188,31,2715,17,18,35,132,140,272,10,11,21,293
14962,31,2715,20,20,40,496,440,936,19,30,49,985
15071,31,2715,7,7,14,83,86,169,10,10,20,189
15723,31,2715,17,15,32,114,123,237,9,17,26,263
15776,31,2715,23,24,47,327,322,649,9,20,29,678
16313,31,2715,27,25,52,120,95,215,7,20,27,242
16495,31,2715,23,24,47,247,217,464,6,31,37,501
16933,31,2715,19,20,39,408,370,778,3,13,16,794
17041,31,2715,7,7,14,31,28,59,3,5,8,67
17353,31,2715,12,14,26,74,70,144,3,8,11,155
18344,31,2715,21,18,39,205,90,295,3,2,5,300
18394,31,2715,16,16,32,270,250,520,4,3,7,527
18420,31,2715,9,6,15,108,3,111,12,7,19,130
19066,31,2715,20,25,45,172,195,367,7,38,45,412
19844,31,2715,24,24,48,163,150,313,15,13,28,341
20905,31,2715,24,28,52,175,173,348,5,22,27,375
21350,31,2715,20,24,44,283,342,625,5,41,46,671
22617,31,2715,12,11,23,153,141,294,1,0,1,295
22745,31,2715,8,8,16,109,113,222,2,2,4,226
22931,31,2715,31,19,50,394,328,722,5,8,13,735
23040,31,2715,4,4,8,14,11,25,0,2,2,27
23144,31,2715,24,20,44,108,78,186,9,22,31,217
23642,31,2715,14,15,29,225,237,462,6,7,13,475
24543,31,2715,13,13,26,58,51,109,5,17,22,131
24760,31,2715,25,31,56,251,248,499,11,35,46,545
24853,31,2715,20,20,40,130,109,239,8,14,22,261
25171,31,2715,20,25,45,188,211,399,6,28,34,433
25323,31,2715,17,19,36,204,268,472,2,6,8,480
25494,31,2715,21,22,43,126,124,250,6,7,13,263
25544,31,2715,61,68,129,588,567,1155,4,18,22,1177
25947,31,2715,20,17,37,131,105,236,8,13,21,257
26127,31,2715,15,17,32,118,89,207,13,24,37,244
26425,31,2715,13,13,26,197,201,398,5,8,13,411
28831,31,2715,5,8,13,20,22,42,2,13,15,57
29914,31,2715,11,8,19,18,4,22,6,31,37,59
30076,31,2715,17,18,35,827,703,1530,1,1,2,1532
30952,31,2715,18,19,37,209,179,388,29,34,63,451
31372,31,2715,10,13,23,274,283,557,9,14,23,580
31583,31,2715,41,44,85,332,348,680,9,16,25,705
32100,31,2715,0,1,1,0,1,1,0,0,0,1
32174,31,2715,18,23,41,74,83,157,4,15,19,176
32899,31,2715,10,8,18,34,37,71,2,16,18,89
33094,31,2715,20,21,41,208,207,415,67,66,133,548
34250,31,2715,13,18,31,64,90,154,4,16,20,174
34853,31,2715,30,35,65,466,530,996,14,27,41,1037
35227,31,2715,7,7,14,31,26,57,18,18,36,93
36006,31,2715,4,4,8,71,66,137,1,1,2,139
36143,31,2715,33,34,67,326,268,594,25,59,84,678
36951,31,2715,35,35,70,146,132,278,7,30,37,315
37617,31,2715,35,35,70,436,409,845,10,16,26,871
38823,31,2715,12,15,27,200,193,393,3,12,15,408
38893,31,2715,14,13,27,66,63,129,14,20,34,163
38901,31,2715,29,31,60,311,315,626,6,3,9,635
38927,31,2715,26,28,54,536,593,1129,10,21,31,1160
39122,31,2715,15,15,30,154,113,267,4,16,20,287
39253,31,2715,4,2,6,5,2,7,0,0,0,7
39701,31,2715,24,25,49,216,211,427,7,41,48,475
39783,31,2715,16,18,34,175,179,354,14,32,46,400
40557,31,2715,21,19,40,266,227,493,6,6,12,505
40629,31,2715,16,16,32,167,139,306,3,14,17,323
40997,31,2715,26,32,58,123,163,286,18,86,104,390
41393,31,2715,12,12,24,35,31,66,10,12,22,88
44167,31,2715,37,40,77,251,283,534,20,40,60,594
44520,31,2715,16,15,31,184,155,339,7,18,25,364
44947,31,2715,11,10,21,381,385,766,1,1,2,768
44956,31,2715,11,13,24,61,76,137,3,15,18,155
45000,31,2715,11,14,25,83,75,158,2,10,12,170
45292,31,2715,53,55,108,498,526,1024,30,65,95,1119
45539,31,2715,16,14,30,249,194,443,4,7,11,454
45945,31,2715,9,8,17,443,453,896,3,4,7,903
46021,31,2715,15,14,29,372,292,664,11,11,22,686
46160,31,2715,26,16,42,238,172,410,9,27,36,446
46584,31,2715,21,22,43,79,45,124,18,61,79,203
46654,31,2715,14,17,31,380,347,727,27,53,80,807
46771,31,2715,26,28,54,119,77,196,4,14,18,214
47230,31,2715,13,10,23,253,202,455,6,31,37,492
48187,31,2715,21,18,39,109,82,191,18,40,58,249
48429,31,2715,22,25,47,129,113,242,16,38,54,296
48990,31,2715,10,12,22,103,94,197,11,28,39,236
49294,31,2715,9,9,18,338,381,719,4,21,25,744
49597,31,2715,7,7,14,24,19,43,1,1,2,45
50181,31,2715,9,7,16,29,27,56,2,7,9,65
50709,31,2715,17,16,33,243,247,490,20,46,66,556
50869,31,2715,16,18,34,106,106,212,5,9,14,226
50947,31,2715,27,24,51,385,416,801,9,31,40,841
51102,31,2715,51,50,101,1532,1294,2826,23,17,40,2866
51552,31,2715,11,15,26,145,120,265,2,17,19,284
51597,31,2715,22,24,46,114,100,214,1,20,21,235
51675,31,2715,4,5,9,19,14,33,5,48,53,86
51722,31,2715,12,14,26,95,80,175,2,8,10,185
52067,31,2715,30,30,60,581,426,1007,13,24,37,1044
52385,31,2715,23,22,45,223,203,426,7,17,24,450
52441,31,2715,32,34,66,331,325,656,4,9,13,669
52615,31,2715,17,13,30,167,148,315,11,2,13,328
52635,31,2715,10,9,19,42,36,78,2,5,7,85
52923,31,2715,21,21,42,189,210,399,5,25,30,429
53275,31,2715,10,13,23,19,9,28,7,47,54,82
53884,31,2715,8,6,14,39,31,70,1,5,6,76
55464,31,2715,37,52,89,352,382,734,13,88,101,835
55594,31,2715,19,26,45,81,68,149,6,26,32,181
57637,31,2715,13,14,27,128,132,260,6,2,8,268
57896,31,2715,25,28,53,201,186,387,4,16,20,407
58909,31,2715,19,13,32,127,102,229,9,12,21,250
59367,31,2715,21,17,38,202,165,367,13,19,32,399
60482,31,2715,20,20,40,111,98,209,19,35,54,263
60830,31,2715,12,14,26,32,36,68,4,8,12,80
61280,31,2715,14,14,28,649,667,1316,5,5,10,1326
62555,31,2715,10,18,28,57,59,116,5,43,48,164
62560,31,2715,23,26,49,254,199,453,1,30,31,484
63063,31,2715,15,16,31,120,93,213,14,14,28,241
63188,31,2715,21,20,41,119,124,243,3,6,9,252
63757,31,2715,19,21,40,80,52,132,6,19,25,157
63817,31,2715,12,16,28,218,208,426,6,18,24,450
64772,31,2715,31,27,58,312,233,545,27,34,61,606
65102,31,2715,13,15,28,867,837,1704,16,40,56,1760
65526,31,2715,8,10,18,83,87,170,2,3,5,175
65591,31,2715,7,13,20,10,7,17,15,60,75,92
66052,31,2715,43,46,89,572,444,1016,60,166,226,1242
66245,31,2715,23,24,47,136,116,252,5,23,28,280
66404,31,2715,21,17,38,214,88,302,1,1,2,304
66754,31,2715,14,16,30,141,153,294,2,11,13,307
66991,31,2715,30,30,60,310,262,572,9,9,18,590
67947,31,2715,29,19,48,90,65,155,11,22,33,188
68494,31,2715,20,26,46,417,379,796,3,30,33,829
68533,31,2715,23,24,47,140,107,247,9,52,61,308
68633,31,2715,10,10,20,202,169,371,8,24,32,403
69065,31,2715,20,18,38,467,410,877,8,13,21,898
69669,31,2715,3,1,4,5,2,7,0,1,1,8
70889,31,2715,7,7,14,56,50,106,0,0,0,106
71187,31,2715,17,13,30,121,113,234,4,1,5,239
71518,31,2715,13,14,27,78,57,135,1,11,12,147
71627,31,2715,30,31,61,232,231,463,14,41,55,518
71700,31,2715,15,24,39,74,75,149,4,20,24,173
71782,31,2715,18,23,41,192,95,287,8,29,37,324
72746,31,2715,5,4,9,74,56,130,1,0,1,131
73175,31,2715,9,5,14,16,7,23,3,4,7,30
73303,31,2715,16,19,35,92,82,174,7,10,17,191
74916,31,2715,40,41,81,666,567,1233,8,25,33,1266
75178,31,2715,7,7,14,5,5,10,14,9,23,33
75261,31,2715,25,28,53,410,409,819,15,25,40,859
75466,31,2715,4,6,10,35,33,68,1,4,5,73
75468,31,2715,4,9,13,24,24,48,0,19,19,67
76313,31,2715,23,22,45,198,182,380,8,18,26,406
77023,31,2715,21,20,41,129,121,250,18,32,50,300
77291,31,2715,23,28,51,432,426,858,2,14,16,874
77824,31,2715,23,24,47,122,102,224,3,10,13,237
78062,31,2715,17,21,38,138,142,280,7,24,31,311
78638,31,2715,34,41,75,862,840,1702,8,57,65,1767
78911,31,2715,14,15,29,152,164,316,5,9,14,330
78966,31,2715,21,22,43,826,84,910,4,10,14,924
79877,31,2715,25,29,54,84,89,173,6,12,18,191
80058,31,2715,25,27,52,131,127,258,4,19,23,281
80193,31,2715,28,32,60,762,719,1481,30,141,171,1652
82060,31,2715,18,21,39,199,189,388,10,15,25,413
82282,31,2715,11,12,23,49,60,109,1,3,4,113
83184,31,2715,12,16,28,106,113,219,3,11,14,233
83568,31,2715,22,19,41,246,186,432,8,21,29,461
84472,31,2715,23,27,50,329,323,652,0,3,3,655
84625,31,2715,1,0,1,1,0,1,0,0,0,1
84841,31,2715,28,28,56,297,276,573,33,40,73,646
85596,31,2715,20,21,41,341,334,675,9,23,32,707
85970,31,2715,27,29,56,586,690,1276,2,40,42,1318
86009,31,2715,20,22,42,76,85,161,9,20,29,190
86237,31,2715,7,8,15,60,74,134,4,10,14,148
86352,31,2715,28,27,55,84,77,161,28,48,76,237
86610,31,2715,24,23,47,246,224,470,9,30,39,509
86727,31,2715,13,14,27,136,113,249,6,1,7,256
88133,31,2715,24,29,53,166,160,326,9,14,23,349
88175,31,2715,14,14,28,155,146,301,3,5,8,309
89827,31,2715,18,18,36,120,80,200,2,8,10,210
10060,32,2716,3,4,7,22,22,44,1,5,6,50
10281,32,2716,8,14,22,853,807,1660,9,18,27,1687
10353,32,2716,15,12,27,78,71,149,4,2,6,155
10841,32,2716,25,25,50,191,201,392,29,51,80,472
11023,32,2716,16,14,30,384,399,783,4,7,11,794
11360,32,2716,16,23,39,98,95,193,20,70,90,283
11692,32,2716,16,13,29,214,196,410,11,15,26,436
13116,32,2716,1,0,1,1,0,1,0,0,0,1
13799,32,2716,15,16,31,311,350,661,9,17,26,687
13882,32,2716,23,26,49,126,118,244,3,12,15,259
14106,32,2716,5,6,11,19,12,31,1,2,3,34
14188,32,2716,20,15,35,210,206,416,7,16,23,439
14962,32,2716,20,23,43,398,374,772,17,42,59,831
15071,32,2716,6,6,12,264,176,440,6,6,12,452
15723,32,2716,14,15,29,135,122,257,8,15,23,280
15776,32,2716,14,16,30,203,218,421,2,8,10,431
16313,32,2716,32,33,65,212,196,408,7,25,32,440
16495,32,2716,25,28,53,263,197,460,5,34,39,499
16933,32,2716,16,18,34,430,403,833,6,15,21,854
17041,32,2716,8,8,16,40,34,74,1,0,1,75
17353,32,2716,12,14,26,58,57,115,2,5,7,122
18344,32,2716,23,18,41,202,97,299,9,3,12,311
18394,32,2716,22,19,41,88,78,166,9,5,14,180
18420,32,2716,12,10,22,92,11,103,18,18,36,139
19066,32,2716,25,25,50,270,271,541,12,24,36,577
19844,32,2716,23,20,43,116,96,212,10,15,25,237
20905,32,2716,24,30,54,194,189,383,8,76,84,467
21350,32,2716,12,16,28,157,181,338,5,20,25,363
22617,32,2716,17,18,35,147,157,304,3,3,6,310
22745,32,2716,11,12,23,84,85,169,0,5,5,174
22931,32,2716,23,16,39,412,430,842,2,2,4,846
23040,32,2716,15,15,30,135,130,265,7,6,13,278
23144,32,2716,24,24,48,120,100,220,11,27,38,258
23642,32,2716,17,18,35,382,399,781,17,24,41,822
24543,32,2716,13,13,26,70,54,124,2,3,5,129
24760,32,2716,21,24,45,341,329,670,7,35,42,712
24853,32,2716,20,19,39,99,83,182,4,15,19,201
25171,32,2716,23,26,49,285,296,581,7,19,26,607
25323,32,2716,16,15,31,309,368,677,3,19,22,699
25494,32,2716,23,22,45,209,221,430,33,25,58,488
25544,32,2716,69,82,151,511,515,1026,6,22,28,1054
25947,32,2716,21,20,41,156,135,291,9,12,21,312
26127,32,2716,26,22,48,100,75,175,26,20,46,221
26425,32,2716,17,19,36,101,106,207,2,11,13,220
28831,32,2716,4,8,12,15,16,31,1,13,14,45
29914,32,2716,12,11,23,40,23,63,3,16,19,82
30076,32,2716,18,17,35,447,342,789,3,3,6,795
30952,32,2716,21,19,40,203,163,366,14,32,46,412
31372,32,2716,13,11,24,214,205,419,13,21,34,453
31583,32,2716,35,40,75,437,426,863,16,23,39,902
32174,32,2716,22,20,42,67,71,138,9,17,26,164
32899,32,2716,11,10,21,34,27,61,6,11,17,78
33094,32,2716,23,21,44,270,242,512,51,65,116,628
34250,32,2716,16,15,31,46,58,104,9,11,20,124
34853,32,2716,35,36,71,445,527,972,8,25,33,1005
35227,32,2716,10,21,31,74,71,145,43,64,107,252
36006,32,2716,6,8,14,49,41,90,4,3,7,97
36143,32,2716,30,34,64,372,284,656,24,49,73,729
36951,32,2716,27,27,54,259,252,511,15,9,24,535
37617,32,2716,27,28,55,382,317,699,6,20,26,725
38823,32,2716,15,15,30,175,164,339,3,20,23,362
38893,32,2716,14,11,25,50,54,104,10,5,15,119
38901,32,2716,28,26,54,262,264,526,7,6,13,539
38927,32,2716,33,32,65,521,535,1056,4,18,22,1078
39122,32,2716,10,14,24,80,52,132,14,29,43,175
39253,32,2716,0,2,2,0,0,0,0,3,3,3
39701,32,2716,27,28,55,172,151,323,6,26,32,355
39783,32,2716,18,14,32,216,230,446,16,24,40,486
40557,32,2716,13,11,24,133,81,214,1,3,4,218
40629,32,2716,18,14,32,96,86,182,2,11,13,195
40997,32,2716,26,25,51,113,142,255,26,54,80,335
41393,32,2716,16,13,29,42,28,70,1,9,10,80
44167,32,2716,37,41,78,245,272,517,13,15,28,545
44520,32,2716,9,11,20,167,142,309,2,4,6,315
44947,32,2716,10,9,19,408,401,809,1,2,3,812
44956,32,2716,16,25,41,36,50,86,5,24,29,115
45000,32,2716,11,14,25,115,98,213,2,9,11,224
45292,32,2716,57,58,115,504,486,990,35,42,77,1067
45539,32,2716,12,15,27,363,287,650,1,17,18,668
45945,32,2716,14,13,27,672,653,1325,7,7,14,1339
46021,32,2716,13,14,27,282,250,532,11,23,34,566
46160,32,2716,20,21,41,209,205,414,9,12,21,435
46584,32,2716,27,26,53,123,93,216,18,80,98,314
46654,32,2716,22,22,44,391,361,752,26,66,92,844
46771,32,2716,28,31,59,126,98,224,11,19,30,254
47230,32,2716,20,21,41,421,364,785,19,73,92,877
48187,32,2716,26,22,48,228,195,423,17,37,54,477
48429,32,2716,30,35,65,165,140,305,22,42,64,369
48990,32,2716,10,11,21,304,297,601,8,22,30,631
49294,32,2716,11,8,19,315,381,696,6,19,25,721
49597,32,2716,12,10,22,58,34,92,2,2,4,96
50181,32,2716,9,8,17,20,13,33,3,6,9,42
50709,32,2716,16,16,32,290,285,575,8,24,32,607
50869,32,2716,17,17,34,75,82,157,11,18,29,186
50947,32,2716,21,23,44,403,465,868,8,31,39,907
51102,32,2716,57,52,109,1246,1141,2387,16,36,52,2439
51552,32,2716,9,13,22,166,132,298,6,22,28,326
51597,32,2716,17,17,34,100,85,185,0,10,10,195
51675,32,2716,6,5,11,39,33,72,4,23,27,99
51722,32,2716,5,5,10,36,31,67,0,1,1,68
52067,32,2716,25,27,52,535,370,905,11,15,26,931
52385,32,2716,26,25,51,239,226,465,4,8,12,477
52441,32,2716,30,31,61,340,319,659,12,42,54,713
52615,32,2716,10,8,18,145,125,270,2,1,3,273
52635,32,2716,15,13,28,52,46,98,4,4,8,106
52923,32,2716,17,16,33,100,104,204,7,21,28,232
53275,32,2716,13,14,27,38,29,67,15,35,50,117
53884,32,2716,11,11,22,78,49,127,2,14,16,143
55464,32,2716,48,63,111,299,351,650,16,65,81,731
55594,32,2716,29,28,57,109,97,206,17,26,43,249
57637,32,2716,12,12,24,73,87,160,1,2,3,163
57896,32,2716,22,24,46,199,193,392,5,13,18,410
58909,32,2716,22,16,38,116,118,234,6,15,21,255
59367,32,2716,33,20,53,309,272,581,23,25,48,629
60482,32,2716,18,20,38,128,119,247,11,24,35,282
60830,32,2716,9,11,20,78,70,148,4,1,5,153
61280,32,2716,13,14,27,499,533,1032,7,6,13,1045
62555,32,2716,9,17,26,35,35,70,9,55,64,134
62560,32,2716,20,23,43,221,209,430,10,36,46,476
63063,32,2716,20,20,40,225,188,413,7,18,25,438
63188,32,2716,25,30,55,234,235,469,4,10,14,483
63757,32,2716,16,17,33,55,57,112,10,7,17,129
63817,32,2716,11,12,23,456,410,866,1,8,9,875
64772,32,2716,30,30,60,326,245,571,31,43,74,645
65102,32,2716,17,16,33,771,749,1520,8,17,25,1545
65526,32,2716,7,5,12,103,113,216,2,3,5,221
65591,32,2716,8,14,22,28,24,52,19,33,52,104
66052,32,2716,43,51,94,872,725,1597,45,177,222,1819
66245,32,2716,25,22,47,143,121,264,3,15,18,282
66404,32,2716,24,26,50,196,79,275,4,5,9,284
66754,32,2716,18,20,38,108,132,240,4,16,20,260
66991,32,2716,32,35,67,265,251,516,4,22,26,542
67947,32,2716,26,31,57,97,68,165,29,37,66,231
68494,32,2716,28,32,60,507,446,953,20,42,62,1015
68533,32,2716,23,24,47,178,157,335,11,23,34,369
68633,32,2716,13,11,24,143,118,261,11,17,28,289
69065,32,2716,18,14,32,479,431,910,11,8,19,929
69669,32,2716,3,1,4,4,2,6,0,0,0,6
70889,32,2716,9,9,18,67,57,124,1,0,1,125
71187,32,2716,16,15,31,76,70,146,1,6,7,153
71518,32,2716,15,17,32,61,58,119,6,23,29,148
71627,32,2716,25,33,58,243,263,506,7,38,45,551
71700,32,2716,20,23,43,129,148,277,15,18,33,310
71782,32,2716,22,21,43,218,107,325,14,35,49,374
72746,32,2716,8,12,20,107,83,190,1,1,2,192
73175,32,2716,6,7,13,7,8,15,1,7,8,23
73303,32,2716,15,17,32,93,92,185,9,21,30,215
74916,32,2716,42,46,88,725,627,1352,16,36,52,1404
75178,32,2716,5,3,8,6,9,15,7,1,8,23
75261,32,2716,44,41,85,471,492,963,26,41,67,1030
75466,32,2716,8,6,14,26,21,47,3,1,4,51
75468,32,2716,7,8,15,22,20,42,4,12,16,58
76313,32,2716,23,24,47,380,378,758,4,9,13,771
77023,32,2716,16,17,33,188,158,346,13,14,27,373
77291,32,2716,27,25,52,458,450,908,9,10,19,927
77824,32,2716,23,19,42,114,86,200,6,9,15,215
78062,32,2716,14,14,28,189,175,364,1,3,4,368
78638,32,2716,25,24,49,761,732,1493,10,23,33,1526
78911,32,2716,12,12,24,63,47,110,3,4,7,117
78966,32,2716,26,25,51,754,139,893,4,3,7,900
79877,32,2716,35,38,73,148,132,280,9,19,28,308
80058,32,2716,37,35,72,133,146,279,8,7,15,294
80193,32,2716,25,25,50,794,774,1568,17,62,79,1647
82060,32,2716,21,17,38,242,223,465,13,10,23,488
82282,32,2716,8,15,23,42,46,88,5,12,17,105
83184,32,2716,10,12,22,115,131,246,1,5,6,252
83568,32,2716,17,17,34,268,230,498,18,32,50,548
84472,32,2716,28,31,59,245,232,477,2,8,10,487
84625,32,2716,1,0,1,1,0,1,0,0,0,1
84841,32,2716,28,24,52,291,281,572,38,16,54,626
85596,32,2716,20,22,42,360,307,667,10,30,40,707
85970,32,2716,30,30,60,612,750,1362,3,19,22,1384
86009,32,2716,16,17,33,81,78,159,5,19,24,183
86237,32,2716,6,9,15,49,56,105,2,12,14,119
86352,32,2716,25,25,50,110,133,243,21,40,61,304
86610,32,2716,29,29,58,276,264,540,4,13,17,557
86727,32,2716,13,13,26,193,126,319,1,3,4,323
88133,32,2716,21,29,50,132,142,274,6,24,30,304
88175,32,2716,19,19,38,146,156,302,4,3,7,309
89827,32,2716,14,15,29,81,60,141,5,7,12,153
10060,33,2717,10,10,20,70,51,121,4,5,9,130
10281,33,2717,11,17,28,1034,1042,2076,4,19,23,2099
10353,33,2717,21,21,42,199,204,403,3,4,7,410
10841,33,2717,22,24,46,130,142,272,19,29,48,320
11023,33,2717,18,17,35,313,337,650,4,5,9,659
11360,33,2717,20,22,42,171,160,331,29,64,93,424
11692,33,2717,16,20,36,232,238,470,16,23,39,509
13116,33,2717,2,0,2,3,0,3,0,0,0,3
13799,33,2717,12,16,28,169,169,338,8,23,31,369
13882,33,2717,19,19,38,152,150,302,2,9,11,313
14106,33,2717,10,11,21,43,43,86,4,5,9,95
14188,33,2717,16,18,34,203,208,411,5,15,20,431
14962,33,2717,16,20,36,260,260,520,12,42,54,574
15071,33,2717,6,6,12,136,127,263,10,5,15,278
15723,33,2717,12,12,24,95,77,172,6,4,10,182
15776,33,2717,16,17,33,152,135,287,6,8,14,301
16313,33,2717,32,29,61,153,131,284,6,12,18,302
16495,33,2717,23,28,51,254,232,486,6,22,28,514
16933,33,2717,21,30,51,374,386,760,10,29,39,799
17041,33,2717,11,9,20,44,24,68,5,4,9,77
17353,33,2717,11,15,26,74,72,146,4,17,21,167
18344,33,2717,15,17,32,149,70,219,3,16,19,238
18394,33,2717,9,10,19,74,62,136,6,2,8,144
18420,33,2717,5,2,7,75,2,77,5,2,7,84
19066,33,2717,23,28,51,217,210,427,6,26,32,459
19844,33,2717,30,30,60,145,137,282,6,7,13,295
20905,33,2717,24,25,49,135,156,291,22,72,94,385
22617,33,2717,22,22,44,236,233,469,4,2,6,475
22745,33,2717,16,17,33,233,248,481,4,9,13,494
22931,33,2717,20,17,37,136,116,252,3,8,11,263
23040,33,2717,14,16,30,146,152,298,3,7,10,308
23144,33,2717,18,15,33,39,27,66,8,11,19,85
23642,33,2717,19,19,38,405,413,818,15,18,33,851
24543,33,2717,12,22,34,67,57,124,4,29,33,157
24760,33,2717,20,22,42,401,410,811,10,30,40,851
24853,33,2717,20,21,41,101,75,176,7,15,22,198
25171,33,2717,20,25,45,175,178,353,19,32,51,404
25323,33,2717,15,18,33,141,151,292,1,8,9,301
25494,33,2717,20,24,44,170,159,329,14,19,33,362
25544,33,2717,46,60,106,348,359,707,8,22,30,737
25947,33,2717,24,25,49,182,126,308,6,19,25,333
26127,33,2717,12,12,24,61,43,104,10,22,32,136
26425,33,2717,10,11,21,188,187,375,3,9,12,387
28831,33,2717,9,8,17,17,17,34,3,9,12,46
29914,33,2717,10,14,24,39,33,72,5,21,26,98
30076,33,2717,19,23,42,258,215,473,1,4,5,478
30952,33,2717,18,21,39,215,196,411,19,24,43,454
31372,33,2717,13,11,24,259,213,472,9,8,17,489
31583,33,2717,43,46,89,453,458,911,12,18,30,941
32174,33,2717,18,19,37,71,71,142,8,15,23,165
32899,33,2717,16,14,30,79,86,165,6,9,15,180
33094,33,2717,20,25,45,207,206,413,59,91,150,563
34250,33,2717,12,16,28,50,54,104,5,8,13,117
34853,33,2717,35,34,69,381,399,780,16,34,50,830
35227,33,2717,6,10,16,33,35,68,7,16,23,91
36006,33,2717,5,4,9,29,26,55,3,0,3,58
36143,33,2717,35,33,68,409,323,732,50,48,98,830
36951,33,2717,2,0,2,2,0,2,0,0,0,2
37617,33,2717,33,38,71,373,363,736,14,34,48,784
38823,33,2717,10,14,24,110,97,207,5,13,18,225
38893,33,2717,19,19,38,123,110,233,19,13,32,265
38901,33,2717,24,26,50,224,233,457,7,5,12,469
38927,33,2717,26,24,50,373,389,762,2,14,16,778
39122,33,2717,13,12,25,80,52,132,9,22,31,163
39701,33,2717,25,26,51,113,99,212,8,58,66,278
39783,33,2717,17,14,31,136,135,271,27,19,46,317
40557,33,2717,20,21,41,266,224,490,7,12,19,509
40629,33,2717,20,21,41,115,126,241,3,12,15,256
40997,33,2717,29,31,60,137,139,276,24,39,63,339
41393,33,2717,14,13,27,125,93,218,6,2,8,226
44167,33,2717,20,17,37,67,57,124,6,11,17,141
44520,33,2717,16,16,32,91,90,181,10,19,29,210
44947,33,2717,10,9,19,396,393,789,1,6,7,796
44956,33,2717,11,9,20,63,68,131,0,6,6,137
45000,33,2717,11,11,22,184,156,340,0,8,8,348
45292,33,2717,38,41,79,291,282,573,11,30,41,614
45539,33,2717,18,14,32,182,147,329,4,6,10,339
45945,33,2717,10,10,20,549,529,1078,2,11,13,1091
46021,33,2717,13,12,25,193,184,377,5,21,26,403
46160,33,2717,29,19,48,269,186,455,6,14,20,475
46584,33,2717,17,23,40,91,64,155,11,47,58,213
46654,33,2717,23,23,46,347,323,670,37,87,124,794
46771,33,2717,30,27,57,176,147,323,16,25,41,364
47230,33,2717,20,22,42,393,332,725,19,47,66,791
48187,33,2717,25,21,46,170,152,322,28,69,97,419
48429,33,2717,34,42,76,180,162,342,28,55,83,425
48990,33,2717,11,13,24,131,126,257,12,23,35,292
49294,33,2717,14,10,24,146,124,270,3,18,21,291
49597,33,2717,12,12,24,42,38,80,2,3,5,85
50181,33,2717,7,3,10,24,21,45,2,4,6,51
50709,33,2717,22,22,44,274,252,526,7,21,28,554
50869,33,2717,10,13,23,55,53,108,6,7,13,121
50947,33,2717,18,20,38,346,347,693,13,43,56,749
51102,33,2717,56,55,111,1134,1098,2232,8,22,30,2262
51552,33,2717,9,9,18,130,106,236,9,9,18,254
51597,33,2717,13,16,29,41,35,76,1,16,17,93
51675,33,2717,7,8,15,57,63,120,3,36,39,159
52067,33,2717,24,24,48,326,275,601,8,4,12,613
52385,33,2717,38,40,78,392,372,764,4,19,23,787
52441,33,2717,26,25,51,178,182,360,2,19,21,381
52615,33,2717,11,9,20,65,55,120,5,8,13,133
52635,33,2717,14,13,27,62,59,121,3,3,6,127
52923,33,2717,14,16,30,117,109,226,7,19,26,252
53275,33,2717,11,11,22,26,22,48,6,19,25,73
53884,33,2717,6,6,12,35,22,57,1,3,4,61
55464,33,2717,27,30,57,300,348,648,16,52,68,716
55594,33,2717,22,26,48,103,101,204,11,19,30,234
57637,33,2717,14,18,32,83,111,194,3,3,6,200
57896,33,2717,19,18,37,188,155,343,3,6,9,352
58909,33,2717,21,17,38,191,186,377,3,7,10,387
59367,33,2717,29,17,46,174,127,301,12,13,25,326
60482,33,2717,15,15,30,49,53,102,10,19,29,131
60830,33,2717,15,16,31,34,38,72,6,8,14,86
61280,33,2717,13,13,26,466,491,957,4,7,11,968
62555,33,2717,11,16,27,25,25,50,9,35,44,94
62560,33,2717,26,26,52,253,228,481,11,29,40,521
63063,33,2717,16,18,34,179,148,327,5,12,17,344
63188,33,2717,19,19,38,204,215,419,6,18,24,443
63757,33,2717,15,16,31,53,58,111,5,8,13,124
63817,33,2717,12,12,24,579,540,1119,6,9,15,1134
64772,33,2717,31,31,62,366,317,683,30,42,72,755
65102,33,2717,16,19,35,835,819,1654,20,39,59,1713
65526,33,2717,7,7,14,92,100,192,2,3,5,197
65591,33,2717,13,16,29,13,19,32,19,49,68,100
66052,33,2717,36,44,80,377,334,711,20,92,112,823
66245,33,2717,23,27,50,120,110,230,6,18,24,254
66404,33,2717,21,23,44,238,96,334,2,5,7,341
66754,33,2717,26,28,54,129,158,287,9,33,42,329
66991,33,2717,30,33,63,409,360,769,5,15,20,789
67947,33,2717,25,28,53,89,66,155,27,62,89,244
68494,33,2717,21,23,44,338,298,636,5,19,24,660
68533,33,2717,28,26,54,134,119,253,18,19,37,290
68633,33,2717,9,10,19,150,128,278,14,13,27,305
69065,33,2717,20,15,35,413,375,788,9,16,25,813
70889,33,2717,9,8,17,69,62,131,0,1,1,132
71187,33,2717,11,9,20,146,109,255,7,2,9,264
71518,33,2717,16,18,34,64,52,116,5,15,20,136
71627,33,2717,21,20,41,189,195,384,9,26,35,419
71700,33,2717,27,30,57,103,137,240,10,17,27,267
71782,33,2717,19,19,38,196,105,301,7,14,21,322
72746,33,2717,11,14,25,82,58,140,1,10,11,151
73175,33,2717,10,11,21,45,39,84,1,8,9,93
73303,33,2717,15,42,57,91,81,172,9,48,57,229
74916,33,2717,29,33,62,486,472,958,20,29,49,1007
75178,33,2717,3,2,5,9,9,18,6,1,7,25
75261,33,2717,36,34,70,530,491,1021,24,51,75,1096
75466,33,2717,6,6,12,15,14,29,0,3,3,32
75468,33,2717,10,10,20,22,18,40,6,17,23,63
76313,33,2717,33,34,67,291,288,579,14,7,21,600
77023,33,2717,12,13,25,163,161,324,12,15,27,351
77291,33,2717,25,22,47,345,356,701,7,10,17,718
77824,33,2717,16,14,30,138,121,259,0,2,2,261
78062,33,2717,23,23,46,262,251,513,5,3,8,521
78638,33,2717,31,35,66,465,411,876,5,29,34,910
78911,33,2717,12,14,26,87,91,178,8,9,17,195
78966,33,2717,31,34,65,660,135,795,4,6,10,805
79877,33,2717,26,29,55,135,124,259,12,8,20,279
80058,33,2717,42,39,81,212,213,425,11,6,17,442
80193,33,2717,20,25,45,877,1077,1954,16,69,85,2039
82060,33,2717,14,12,26,190,159,349,6,11,17,366
82282,33,2717,9,9,18,45,43,88,1,6,7,95
83184,33,2717,19,18,37,168,165,333,1,3,4,337
83568,33,2717,18,15,33,215,153,368,18,32,50,418
84472,33,2717,27,25,52,358,306,664,6,6,12,676
84625,33,2717,2,0,2,2,0,2,0,0,0,2
84841,33,2717,22,25,47,262,277,539,28,21,49,588
85596,33,2717,22,23,45,336,302,638,6,44,50,688
85970,33,2717,25,25,50,417,478,895,4,19,23,918
86009,33,2717,18,21,39,93,87,180,4,21,25,205
86237,33,2717,5,7,12,27,20,47,0,5,5,52
86352,33,2717,38,48,86,135,151,286,30,50,80,366
86610,33,2717,21,20,41,169,171,340,6,17,23,363
86727,33,2717,16,17,33,214,193,407,8,8,16,423
88133,33,2717,23,22,45,107,111,218,9,15,24,242
88175,33,2717,17,19,36,130,122,252,4,10,14,266
89827,33,2717,12,11,23,100,82,182,11,12,23,205
10060,34,2718,8,8,16,235,193,428,3,5,8,436
10281,34,2718,11,15,26,946,913,1859,7,14,21,1880
10353,34,2718,16,18,34,98,91,189,0,3,3,192
10841,34,2718,24,28,52,203,193,396,6,30,36,432
11023,34,2718,16,15,31,232,229,461,4,7,11,472
11360,34,2718,15,20,35,82,81,163,12,41,53,216
11692,34,2718,19,18,37,161,169,330,14,9,23,353
13799,34,2718,21,21,42,122,130,252,9,17,26,278
13882,34,2718,17,15,32,52,61,113,5,4,9,122
13896,34,2718,1,0,1,1,0,1,0,0,0,1
14106,34,2718,6,2,8,12,8,20,1,2,3,23
14188,34,2718,20,21,41,132,116,248,5,29,34,282
14962,34,2718,15,15,30,180,160,340,19,16,35,375
15071,34,2718,3,5,8,118,111,229,7,10,17,246
15548,34,2718,0,5,5,0,0,0,0,11,11,11
15723,34,2718,0,2,2,0,0,0,0,2,2,2
15776,34,2718,18,21,39,135,123,258,0,6,6,264
16313,34,2718,33,33,66,172,139,311,7,14,21,332
16495,34,2718,30,31,61,660,585,1245,14,24,38,1283
16933,34,2718,18,20,38,317,336,653,1,8,9,662
17041,34,2718,5,6,11,20,10,30,0,1,1,31
17353,34,2718,15,17,32,59,54,113,3,17,20,133
18344,34,2718,16,18,34,178,72,250,4,11,15,265
18394,34,2718,1,1,2,16,16,32,0,0,0,32
18420,34,2718,8,4,12,76,0,76,14,12,26,102
19066,34,2718,32,35,67,274,272,546,9,22,31,577
19844,34,2718,24,20,44,122,130,252,4,7,11,263
20905,34,2718,24,32,56,187,202,389,8,31,39,428
21350,34,2718,20,23,43,237,275,512,4,22,26,538
22617,34,2718,18,19,37,146,161,307,2,1,3,310
22745,34,2718,8,8,16,57,46,103,2,3,5,108
22931,34,2718,17,16,33,157,141,298,3,10,13,311
23040,34,2718,12,12,24,90,93,183,7,6,13,196
23144,34,2718,22,25,47,66,66,132,4,18,22,154
23642,34,2718,17,16,33,246,242,488,8,9,17,505
24543,34,2718,11,10,21,63,56,119,3,7,10,129
24760,34,2718,27,29,56,330,392,722,21,25,46,768
24853,34,2718,15,13,28,60,37,97,2,18,20,117
25171,34,2718,23,24,47,119,114,233,15,25,40,273
25323,34,2718,14,16,30,224,280,504,7,18,25,529
25494,34,2718,18,23,41,84,94,178,15,18,33,211
25544,34,2718,45,56,101,329,333,662,7,20,27,689
25947,34,2718,19,22,41,131,118,249,0,6,6,255
26127,34,2718,18,13,31,104,75,179,13,23,36,215
26425,34,2718,11,11,22,50,43,93,4,9,13,106
28831,34,2718,3,6,9,16,12,28,2,11,13,41
29914,34,2718,12,15,27,72,55,127,13,27,40,167
30076,34,2718,24,25,49,354,309,663,2,3,5,668
30952,34,2718,28,29,57,233,221,454,29,49,78,532
31372,34,2718,17,19,36,202,196,398,13,26,39,437
31583,34,2718,37,40,77,372,360,732,10,10,20,752
32174,34,2718,18,25,43,56,73,129,6,12,18,147
32899,34,2718,16,18,34,59,66,125,4,17,21,146
33094,34,2718,19,24,43,205,227,432,48,110,158,590
34250,34,2718,19,23,42,67,81,148,11,8,19,167
34853,34,2718,33,38,71,436,467,903,17,44,61,964
35227,34,2718,6,5,11,55,38,93,5,13,18,111
36006,34,2718,7,6,13,39,34,73,2,1,3,76
36143,34,2718,34,33,67,364,279,643,29,50,79,722
36951,34,2718,21,23,44,236,245,481,3,4,7,488
37617,34,2718,31,30,61,386,360,746,6,26,32,778
38823,34,2718,16,19,35,114,115,229,4,11,15,244
38893,34,2718,13,13,26,97,103,200,6,1,7,207
38901,34,2718,27,28,55,192,168,360,9,1,10,370
38927,34,2718,30,31,61,325,338,663,7,9,16,679
39122,34,2718,18,19,37,111,71,182,19,23,42,224
39701,34,2718,18,20,38,172,175,347,0,14,14,361
39783,34,2718,17,21,38,91,109,200,26,33,59,259
40557,34,2718,22,20,42,228,180,408,6,9,15,423
40629,34,2718,22,18,40,138,127,265,3,6,9,274
40997,34,2718,23,32,55,113,140,253,8,37,45,298
41393,34,2718,9,8,17,56,45,101,3,10,13,114
44167,34,2718,14,13,27,47,40,87,2,12,14,101
44520,34,2718,12,14,26,35,29,64,4,27,31,95
44947,34,2718,15,15,30,514,494,1008,2,4,6,1014
44956,34,2718,13,15,28,54,74,128,2,7,9,137
45000,34,2718,11,14,25,77,66,143,3,13,16,159
45292,34,2718,31,25,56,237,238,475,13,13,26,501
45539,34,2718,16,13,29,174,135,309,6,12,18,327
45945,34,2718,17,17,34,676,643,1319,2,4,6,1325
46021,34,2718,15,12,27,324,298,622,3,4,7,629
46160,34,2718,30,21,51,213,136,349,1,12,13,362
46584,34,2718,26,23,49,121,80,201,14,49,63,264
46654,34,2718,26,28,54,285,259,544,42,49,91,635
46771,34,2718,29,33,62,144,107,251,18,32,50,301
47230,34,2718,18,27,45,457,389,846,23,75,98,944
48187,34,2718,28,25,53,194,154,348,16,27,43,391
48429,34,2718,32,32,64,206,174,380,16,28,44,424
48990,34,2718,14,12,26,253,238,491,17,16,33,524
49294,34,2718,5,7,12,245,307,552,3,15,18,570
49597,34,2718,13,8,21,28,26,54,1,0,1,55
50181,34,2718,10,15,25,25,26,51,3,14,17,68
50709,34,2718,14,14,28,271,251,522,5,19,24,546
50869,34,2718,18,19,37,162,166,328,16,13,29,357
50947,34,2718,25,25,50,488,503,991,16,39,55,1046
51102,34,2718,66,62,128,1915,1757,3672,14,27,41,3713
51552,34,2718,7,9,16,116,88,204,7,18,25,229
51597,34,2718,25,29,54,72,65,137,2,12,14,151
51675,34,2718,5,8,13,29,30,59,4,32,36,95
51722,34,2718,8,7,15,29,18,47,1,2,3,50
52067,34,2718,23,19,42,290,174,464,4,11,15,479
52385,34,2718,31,28,59,335,328,663,9,25,34,697
52441,34,2718,28,31,59,155,150,305,3,17,20,325
52615,34,2718,7,8,15,46,43,89,5,3,8,97
52635,34,2718,10,9,19,31,23,54,3,1,4,58
52923,34,2718,10,15,25,85,89,174,1,13,14,188
53275,34,2718,12,12,24,34,24,58,7,20,27,85
53884,34,2718,5,6,11,21,16,37,1,3,4,41
55464,34,2718,39,42,81,421,448,869,19,44,63,932
55594,34,2718,15,16,31,100,90,190,11,14,25,215
57637,34,2718,13,16,29,137,160,297,6,3,9,306
57896,34,2718,21,22,43,164,166,330,4,7,11,341
58909,34,2718,27,22,49,197,210,407,9,19,28,435
59367,34,2718,23,16,39,202,138,340,0,5,5,345
60482,34,2718,14,19,33,89,70,159,6,41,47,206
60830,34,2718,19,15,34,38,31,69,7,3,10,79
61280,34,2718,12,14,26,500,536,1036,4,11,15,1051
62555,34,2718,11,17,28,19,18,37,5,33,38,75
62560,34,2718,26,25,51,225,211,436,9,10,19,455
63063,34,2718,18,16,34,109,82,191,2,3,5,196
63188,34,2718,25,32,57,143,178,321,2,15,17,338
63757,34,2718,9,7,16,50,34,84,4,3,7,91
63817,34,2718,10,7,17,504,457,961,1,2,3,964
64772,34,2718,31,30,61,266,228,494,23,45,68,562
65102,34,2718,14,15,29,685,637,1322,12,20,32,1354
65526,34,2718,9,12,21,110,92,202,1,5,6,208
65591,34,2718,8,9,17,85,82,167,12,42,54,221
66052,34,2718,43,46,89,490,331,821,41,115,156,977
66245,34,2718,22,20,42,129,127,256,4,13,17,273
66404,34,2718,19,17,36,247,69,316,3,2,5,321
66754,34,2718,12,14,26,55,71,126,3,7,10,136
66991,34,2718,35,37,72,267,224,491,5,17,22,513
67947,34,2718,5,2,7,9,6,15,1,1,2,17
68494,34,2718,31,37,68,611,568,1179,4,40,44,1223
68533,34,2718,20,20,40,122,103,225,8,18,26,251
68633,34,2718,10,10,20,184,164,348,13,12,25,373
69065,34,2718,19,16,35,316,286,602,7,4,11,613
69669,34,2718,1,0,1,1,0,1,0,0,0,1
70889,34,2718,6,5,11,38,41,79,0,0,0,79
71187,34,2718,10,12,22,62,65,127,5,8,13,140
71518,34,2718,21,18,39,67,56,123,7,7,14,137
71627,34,2718,28,31,59,310,294,604,8,23,31,635
71700,34,2718,28,30,58,168,168,336,14,19,33,369
71782,34,2718,16,21,37,188,94,282,3,13,16,298
72746,34,2718,8,9,17,80,62,142,2,0,2,144
73175,34,2718,9,8,17,50,41,91,1,4,5,96
73303,34,2718,22,23,45,91,89,180,16,13,29,209
74916,34,2718,37,42,79,418,384,802,8,22,30,832
75178,34,2718,5,3,8,24,18,42,5,0,5,47
75261,34,2718,28,29,57,572,587,1159,12,35,47,1206
75466,34,2718,4,3,7,22,20,42,0,0,0,42
75468,34,2718,9,13,22,28,28,56,3,22,25,81
76313,34,2718,23,19,42,187,151,338,5,13,18,356
77023,34,2718,19,20,39,205,173,378,10,21,31,409
77291,34,2718,20,25,45,322,334,656,6,12,18,674
77824,34,2718,24,23,47,141,126,267,2,6,8,275
78062,34,2718,13,14,27,268,272,540,2,3,5,545
78638,34,2718,19,20,39,541,498,1039,2,14,16,1055
78911,34,2718,12,12,24,68,79,147,2,7,9,156
78966,34,2718,17,19,36,591,81,672,2,2,4,676
79877,34,2718,25,23,48,129,121,250,7,8,15,265
80058,34,2718,26,24,50,87,72,159,3,9,12,171
80193,34,2718,23,27,50,652,728,1380,25,92,117,1497
82060,34,2718,13,16,29,175,150,325,10,12,22,347
82282,34,2718,10,12,22,61,63,124,5,8,13,137
83184,34,2718,11,12,23,112,112,224,0,6,6,230
83568,34,2718,25,21,46,232,177,409,11,26,37,446
84215,34,2718,7,10,17,50,56,106,0,2,2,108
84472,34,2718,27,27,54,246,227,473,7,4,11,484
84625,34,2718,3,1,4,3,0,3,0,1,1,4
84841,34,2718,28,31,59,247,231,478,24,17,41,519
85596,34,2718,19,20,39,320,297,617,16,29,45,662
85970,34,2718,33,31,64,273,246,519,8,21,29,548
86009,34,2718,22,25,47,114,95,209,7,19,26,235
86237,34,2718,7,8,15,16,17,33,2,4,6,39
86352,34,2718,20,23,43,76,88,164,22,39,61,225
86610,34,2718,29,33,62,227,205,432,10,29,39,471
86727,34,2718,17,19,36,318,280,598,6,6,12,610
88133,34,2718,29,30,59,200,201,401,17,18,35,436
88175,34,2718,13,12,25,95,99,194,7,5,12,206
89827,34,2718,9,10,19,70,61,131,7,13,20,151
10060,35,2719,6,6,12,544,421,965,4,4,8,973
10281,35,2719,12,20,32,852,810,1662,17,31,48,1710
10353,35,2719,21,20,41,222,222,444,6,7,13,457
10841,35,2719,24,28,52,157,153,310,16,31,47,357
11023,35,2719,15,15,30,316,325,641,4,5,9,650
11360,35,2719,19,21,40,103,107,210,16,51,67,277
11692,35,2719,16,19,35,235,249,484,9,20,29,513
13799,35,2719,15,14,29,230,248,478,6,8,14,492
13882,35,2719,5,10,15,48,45,93,0,7,7,100
14106,35,2719,4,5,9,4,5,9,1,1,2,11
14188,35,2719,16,15,31,163,180,343,9,12,21,364
15071,35,2719,4,4,8,17,17,34,7,13,20,54
15548,35,2719,0,1,1,0,0,0,0,1,1,1
15723,35,2719,5,2,7,5,2,7,0,1,1,8
15776,35,2719,18,28,46,278,240,518,9,34,43,561
16313,35,2719,32,32,64,156,134,290,5,13,18,308
16495,35,2719,29,31,60,564,546,1110,3,39,42,1152
16933,35,2719,18,19,37,332,362,694,4,5,9,703
17041,35,2719,6,8,14,14,11,25,0,2,2,27
17353,35,2719,21,20,41,139,111,250,4,26,30,280
18344,35,2719,17,22,39,189,104,293,10,9,19,312
18394,35,2719,1,1,2,10,11,21,0,0,0,21
18420,35,2719,11,9,20,81,9,90,13,10,23,113
19066,35,2719,19,23,42,252,258,510,8,33,41,551
19844,35,2719,20,18,38,167,148,315,17,14,31,346
20905,35,2719,22,22,44,220,240,460,12,37,49,509
21350,35,2719,22,26,48,858,920,1778,5,26,31,1809
22617,35,2719,10,10,20,31,31,62,0,0,0,62
22745,35,2719,11,10,21,91,89,180,4,8,12,192
22931,35,2719,29,22,51,229,290,519,11,3,14,533
23040,35,2719,13,16,29,141,131,272,2,11,13,285
23144,35,2719,20,27,47,93,83,176,9,40,49,225
23642,35,2719,17,18,35,324,324,648,6,10,16,664
24543,35,2719,14,13,27,66,56,122,3,6,9,131
24760,35,2719,21,24,45,550,624,1174,7,28,35,1209
24853,35,2719,20,18,38,192,155,347,8,20,28,375
25171,35,2719,27,29,56,216,219,435,5,16,21,456
25323,35,2719,17,17,34,114,142,256,7,13,20,276
25494,35,2719,22,20,42,142,144,286,16,21,37,323
25544,35,2719,38,42,80,388,372,760,3,12,15,775
25947,35,2719,19,17,36,148,112,260,5,6,11,271
26127,35,2719,6,3,9,25,4,29,2,3,5,34
26425,35,2719,14,17,31,54,50,104,3,13,16,120
28831,35,2719,10,8,18,62,55,117,2,3,5,122
29914,35,2719,11,15,26,44,26,70,7,32,39,109
30076,35,2719,18,19,37,276,172,448,0,2,2,450
30952,35,2719,15,15,30,243,222,465,18,27,45,510
31372,35,2719,21,26,47,275,268,543,15,27,42,585
31583,35,2719,41,42,83,378,356,734,10,19,29,763
32174,35,2719,22,68,90,62,68,130,6,56,62,192
32899,35,2719,9,9,18,28,22,50,6,10,16,66
33094,35,2719,19,18,37,271,259,530,60,84,144,674
34250,35,2719,21,25,46,82,81,163,10,19,29,192
34853,35,2719,62,69,131,620,681,1301,17,51,68,1369
35227,35,2719,5,6,11,44,43,87,6,13,19,106
36006,35,2719,6,5,11,32,29,61,0,0,0,61
36143,35,2719,33,35,68,327,270,597,29,52,81,678
36951,35,2719,25,31,56,137,139,276,4,21,25,301
37617,35,2719,31,30,61,516,485,1001,9,19,28,1029
38823,35,2719,14,15,29,85,72,157,7,7,14,171
38893,35,2719,17,17,34,167,170,337,11,9,20,357
38901,35,2719,30,31,61,236,216,452,6,2,8,460
38927,35,2719,30,31,61,480,505,985,7,17,24,1009
39122,35,2719,15,18,33,113,55,168,16,25,41,209
39701,35,2719,19,18,37,127,109,236,6,19,25,261
39783,35,2719,14,18,32,79,92,171,12,22,34,205
40557,35,2719,18,21,39,394,393,787,4,11,15,802
40629,35,2719,21,23,44,113,102,215,7,10,17,232
40997,35,2719,29,35,64,135,182,317,18,55,73,390
41393,35,2719,10,7,17,41,33,74,7,2,9,83
44167,35,2719,36,39,75,291,289,580,10,22,32,612
44520,35,2719,7,9,16,49,42,91,6,17,23,114
44947,35,2719,9,10,19,587,589,1176,0,1,1,1177
44956,35,2719,11,15,26,55,77,132,0,8,8,140
45000,35,2719,13,15,28,132,122,254,7,9,16,270
45292,35,2719,5,0,5,6,0,6,0,0,0,6
45539,35,2719,11,10,21,214,181,395,3,7,10,405
45945,35,2719,14,16,30,582,582,1164,4,12,16,1180
46021,35,2719,9,6,15,36,29,65,0,2,2,67
46160,35,2719,24,19,43,197,193,390,10,9,19,409
46584,35,2719,23,27,50,140,67,207,10,69,79,286
46654,35,2719,26,27,53,170,137,307,22,72,94,401
46771,35,2719,27,26,53,160,96,256,9,23,32,288
47230,35,2719,16,20,36,542,453,995,12,64,76,1071
48187,35,2719,27,20,47,127,80,207,9,22,31,238
48429,35,2719,32,31,63,235,163,398,26,46,72,470
48990,35,2719,9,9,18,292,255,547,18,25,43,590
49294,35,2719,10,13,23,242,313,555,6,19,25,580
49597,35,2719,9,5,14,23,17,40,1,1,2,42
50181,35,2719,9,6,15,12,6,18,5,3,8,26
50709,35,2719,13,15,28,314,297,611,11,19,30,641
50869,35,2719,11,11,22,78,83,161,1,6,7,168
50947,35,2719,29,35,64,347,376,723,10,48,58,781
51102,35,2719,67,62,129,1441,1205,2646,13,21,34,2680
51552,35,2719,12,18,30,110,88,198,7,24,31,229
51597,35,2719,36,40,76,128,109,237,3,22,25,262
51675,35,2719,4,6,10,28,25,53,0,32,32,85
51722,35,2719,15,12,27,80,64,144,3,4,7,151
52067,35,2719,28,25,53,314,249,563,9,16,25,588
52385,35,2719,3,5,8,5,8,13,0,0,0,13
52441,35,2719,38,41,79,401,382,783,4,31,35,818
52615,35,2719,6,10,16,47,34,81,2,4,6,87
53275,35,2719,13,23,36,31,25,56,5,26,31,87
53884,35,2719,7,6,13,47,34,81,2,7,9,90
55464,35,2719,32,40,72,373,404,777,25,100,125,902
55594,35,2719,20,23,43,113,97,210,13,17,30,240
57637,35,2719,16,16,32,75,87,162,5,9,14,176
57896,35,2719,16,18,34,172,165,337,3,7,10,347
58909,35,2719,19,18,37,142,151,293,7,12,19,312
59367,35,2719,24,18,42,160,130,290,9,14,23,313
60482,35,2719,11,14,25,78,72,150,13,16,29,179
60830,35,2719,11,8,19,44,46,90,7,1,8,98
61280,35,2719,15,16,31,559,591,1150,4,8,12,1162
62555,35,2719,7,15,22,21,18,39,1,39,40,79
62560,35,2719,25,27,52,319,272,591,4,18,22,613
63063,35,2719,13,14,27,166,128,294,7,8,15,309
63188,35,2719,18,22,40,127,154,281,3,14,17,298
63757,35,2719,12,11,23,55,46,101,6,9,15,116
63817,35,2719,13,12,25,571,510,1081,2,2,4,1085
64772,35,2719,31,37,68,342,265,607,35,50,85,692
65102,35,2719,20,16,36,793,728,1521,18,29,47,1568
65526,35,2719,8,11,19,64,61,125,0,5,5,130
65591,35,2719,8,13,21,6,6,12,16,50,66,78
66052,35,2719,48,55,103,614,509,1123,42,154,196,1319
66245,35,2719,21,17,38,96,93,189,5,7,12,201
66404,35,2719,18,17,35,197,97,294,3,3,6,300
66754,35,2719,16,17,33,243,240,483,1,8,9,492
66991,35,2719,32,33,65,325,269,594,8,10,18,612
68494,35,2719,23,24,47,416,389,805,15,31,46,851
68533,35,2719,30,27,57,169,139,308,15,33,48,356
68633,35,2719,11,10,21,187,174,361,12,25,37,398
69065,35,2719,21,21,42,296,266,562,5,6,11,573
69669,35,2719,2,0,2,4,0,4,0,0,0,4
70889,35,2719,8,8,16,82,76,158,0,0,0,158
71187,35,2719,19,15,34,132,93,225,5,7,12,237
71518,35,2719,21,20,41,102,76,178,6,4,10,188
71627,35,2719,31,34,65,315,321,636,14,27,41,677
71700,35,2719,16,21,37,93,93,186,10,18,28,214
71782,35,2719,19,16,35,172,82,254,9,15,24,278
72746,35,2719,9,11,20,151,109,260,3,1,4,264
73175,35,2719,8,6,14,51,37,88,0,7,7,95
73303,35,2719,19,20,39,72,54,126,8,10,18,144
74916,35,2719,37,38,75,475,396,871,8,15,23,894
75178,35,2719,5,7,12,13,11,24,8,7,15,39
75261,35,2719,38,39,77,427,414,841,22,58,80,921
75466,35,2719,6,8,14,20,22,42,2,3,5,47
75468,35,2719,10,10,20,41,40,81,3,30,33,114
76313,35,2719,22,17,39,166,105,271,9,31,40,311
77023,35,2719,14,16,30,118,127,245,8,15,23,268
77291,35,2719,22,26,48,374,382,756,12,15,27,783
77824,35,2719,27,30,57,189,190,379,2,9,11,390
78062,35,2719,14,14,28,287,289,576,0,3,3,579
78638,35,2719,24,26,50,634,613,1247,5,21,26,1273
78911,35,2719,15,17,32,85,90,175,8,22,30,205
78966,35,2719,22,24,46,769,96,865,5,7,12,877
79877,35,2719,21,22,43,87,72,159,8,7,15,174
80058,35,2719,28,28,56,87,90,177,7,7,14,191
80193,35,2719,25,29,54,746,722,1468,60,139,199,1667
82060,35,2719,12,14,26,183,163,346,8,16,24,370
82282,35,2719,6,8,14,48,44,92,1,4,5,97
83184,35,2719,11,12,23,135,142,277,3,2,5,282
83568,35,2719,14,16,30,137,98,235,6,13,19,254
84215,35,2719,9,9,18,139,120,259,1,4,5,264
84472,35,2719,31,34,65,244,237,481,6,8,14,495
84625,35,2719,1,0,1,1,0,1,0,0,0,1
84841,35,2719,30,28,58,278,264,542,27,26,53,595
85596,35,2719,20,21,41,402,346,748,23,55,78,826
85970,35,2719,29,30,59,342,354,696,3,23,26,722
86009,35,2719,16,21,37,79,66,145,6,17,23,168
86237,35,2719,4,8,12,9,23,32,1,10,11,43
86352,35,2719,21,23,44,110,118,228,19,43,62,290
86610,35,2719,22,23,45,274,261,535,9,28,37,572
86727,35,2719,15,15,30,161,140,301,1,2,3,304
88133,35,2719,23,26,49,212,199,411,6,11,17,428
88175,35,2719,9,11,20,122,119,241,4,13,17,258
89827,35,2719,7,8,15,45,37,82,1,4,5,87
10060,36,2720,9,9,18,820,733,1553,2,6,8,1561
10281,36,2720,14,13,27,791,758,1549,9,18,27,1576
10353,36,2720,26,22,48,413,412,825,4,4,8,833
10841,36,2720,20,23,43,112,104,216,9,20,29,245
11023,36,2720,16,16,32,310,337,647,3,8,11,658
11360,36,2720,16,18,34,122,105,227,19,38,57,284
11692,36,2720,23,25,48,242,247,489,11,25,36,525
13799,36,2720,20,22,42,274,297,571,11,29,40,611
13882,36,2720,13,12,25,106,107,213,3,2,5,218
14106,36,2720,4,1,5,6,3,9,1,0,1,10
14188,36,2720,23,25,48,229,230,459,3,20,23,482
15071,36,2720,4,5,9,173,162,335,7,5,12,347
15548,36,2720,2,2,4,4,2,6,2,7,9,15
15723,36,2720,1,0,1,1,0,1,0,0,0,1
15776,36,2720,21,23,44,245,221,466,2,12,14,480
16313,36,2720,31,31,62,164,157,321,8,25,33,354
16495,36,2720,27,34,61,791,773,1564,9,28,37,1601
16933,36,2720,18,17,35,571,554,1125,5,10,15,1140
17041,36,2720,8,4,12,34,21,55,2,3,5,60
17353,36,2720,23,23,46,234,141,375,9,13,22,397
18344,36,2720,25,22,47,238,146,384,15,7,22,406
18394,36,2720,4,3,7,102,70,172,0,0,0,172
18420,36,2720,10,11,21,65,14,79,9,5,14,93
19066,36,2720,23,20,43,215,216,431,7,23,30,461
19844,36,2720,27,24,51,192,166,358,14,13,27,385
20905,36,2720,22,24,46,204,230,434,9,50,59,493
21350,36,2720,18,27,45,757,817,1574,5,37,42,1616
22745,36,2720,10,8,18,99,99,198,4,2,6,204
22931,36,2720,20,16,36,350,358,708,2,10,12,720
23040,36,2720,17,15,32,105,105,210,9,12,21,231
23144,36,2720,34,27,61,95,83,178,21,26,47,225
23642,36,2720,13,17,30,183,195,378,8,15,23,401
24543,36,2720,11,10,21,65,57,122,2,7,9,131
24760,36,2720,22,22,44,337,378,715,5,22,27,742
24853,36,2720,26,27,53,175,168,343,6,28,34,377
25171,36,2720,29,29,58,242,259,501,16,23,39,540
25323,36,2720,23,23,46,158,228,386,10,40,50,436
25494,36,2720,29,33,62,159,162,321,6,23,29,350
25544,36,2720,37,47,84,310,281,591,7,28,35,626
25947,36,2720,25,23,48,172,135,307,5,13,18,325
26127,36,2720,31,28,59,125,109,234,37,60,97,331
26425,36,2720,11,10,21,35,34,69,3,4,7,76
28831,36,2720,9,9,18,13,12,25,0,14,14,39
29914,36,2720,18,20,38,596,323,919,2,23,25,944
30076,36,2720,23,22,45,264,215,479,2,6,8,487
30952,36,2720,20,20,40,191,183,374,18,24,42,416
31372,36,2720,10,18,28,165,171,336,6,19,25,361
31583,36,2720,38,36,74,392,369,761,11,26,37,798
32174,36,2720,19,78,97,49,52,101,7,65,72,173
32899,36,2720,15,17,32,85,87,172,9,30,39,211
33094,36,2720,4,4,8,14,14,28,4,7,11,39
34250,36,2720,18,19,37,66,61,127,9,15,24,151
34853,36,2720,35,40,75,353,325,678,15,35,50,728
35227,36,2720,20,18,38,182,197,379,17,9,26,405
36006,36,2720,8,8,16,53,39,92,0,1,1,93
36143,36,2720,25,30,55,306,264,570,23,31,54,624
36951,36,2720,38,46,84,196,213,409,4,15,19,428
37617,36,2720,31,32,63,568,484,1052,7,12,19,1071
38823,36,2720,19,17,36,118,106,224,4,1,5,229
38893,36,2720,19,16,35,114,92,206,30,24,54,260
38901,36,2720,28,28,56,215,203,418,7,11,18,436
38927,36,2720,26,24,50,338,358,696,12,17,29,725
39122,36,2720,18,13,31,72,34,106,20,44,64,170
39701,36,2720,24,23,47,123,118,241,6,22,28,269
39783,36,2720,15,15,30,76,112,188,18,35,53,241
40557,36,2720,18,18,36,232,196,428,3,19,22,450
40629,36,2720,18,16,34,112,110,222,0,7,7,229
40997,36,2720,26,29,55,122,140,262,15,59,74,336
41393,36,2720,15,13,28,64,44,108,8,8,16,124
44167,36,2720,51,53,104,338,329,667,17,45,62,729
44520,36,2720,5,11,16,55,47,102,4,17,21,123
44947,36,2720,6,7,13,546,533,1079,1,3,4,1083
44956,36,2720,19,27,46,119,136,255,1,22,23,278
45000,36,2720,8,8,16,61,55,116,2,3,5,121
45292,36,2720,37,39,76,264,256,520,14,49,63,583
45539,36,2720,13,13,26,274,228,502,1,9,10,512
45945,36,2720,14,13,27,615,601,1216,4,5,9,1225
46160,36,2720,30,25,55,192,191,383,5,14,19,402
46584,36,2720,36,35,71,137,85,222,14,71,85,307
46654,36,2720,26,26,52,317,258,575,26,70,96,671
46771,36,2720,19,21,40,82,72,154,4,18,22,176
47230,36,2720,23,23,46,319,257,576,13,52,65,641
48187,36,2720,21,21,42,182,126,308,18,36,54,362
48429,36,2720,34,30,64,128,113,241,21,32,53,294
48990,36,2720,15,12,27,266,243,509,9,22,31,540
49294,36,2720,13,10,23,291,348,639,9,15,24,663
49597,36,2720,10,10,20,25,19,44,0,4,4,48
50181,36,2720,14,9,23,23,17,40,6,7,13,53
50709,36,2720,15,16,31,371,366,737,12,19,31,768
50869,36,2720,16,16,32,109,101,210,9,17,26,236
50947,36,2720,27,25,52,419,423,842,11,30,41,883
51102,36,2720,72,62,134,1644,1381,3025,13,16,29,3054
51552,36,2720,9,8,17,77,54,131,4,6,10,141
51597,36,2720,23,28,51,83,72,155,5,26,31,186
51675,36,2720,10,8,18,42,41,83,4,36,40,123
51722,36,2720,11,10,21,58,45,103,1,2,3,106
52067,36,2720,30,26,56,369,239,608,4,6,10,618
52441,36,2720,34,33,67,286,286,572,8,20,28,600
52615,36,2720,10,9,19,97,81,178,2,4,6,184
53275,36,2720,13,12,25,36,30,66,10,40,50,116
53884,36,2720,10,8,18,51,44,95,2,6,8,103
55464,36,2720,34,33,67,210,233,443,16,30,46,489
55594,36,2720,25,25,50,103,90,193,10,28,38,231
57637,36,2720,11,11,22,90,79,169,5,4,9,178
57896,36,2720,18,16,34,179,163,342,3,7,10,352
58909,36,2720,25,19,44,187,186,373,4,7,11,384
59367,36,2720,25,18,43,187,166,353,8,13,21,374
60482,36,2720,18,18,36,119,94,213,14,27,41,254
60830,36,2720,15,11,26,51,45,96,4,3,7,103
61280,36,2720,15,16,31,530,519,1049,6,16,22,1071
62555,36,2720,15,23,38,40,40,80,5,59,64,144
62560,36,2720,26,27,53,262,228,490,8,32,40,530
63063,36,2720,17,18,35,191,133,324,4,15,19,343
63188,36,2720,20,23,43,161,159,320,5,14,19,339
63757,36,2720,12,13,25,40,44,84,6,6,12,96
63817,36,2720,22,22,44,562,511,1073,6,12,18,1091
64772,36,2720,36,30,66,336,284,620,38,34,72,692
65102,36,2720,23,20,43,1126,1059,2185,24,36,60,2245
65526,36,2720,10,11,21,106,93,199,0,3,3,202
65591,36,2720,18,19,37,33,30,63,20,53,73,136
66052,36,2720,43,47,90,435,293,728,26,122,148,876
66245,36,2720,30,26,56,146,128,274,7,12,19,293
66404,36,2720,17,14,31,170,72,242,0,1,1,243
66754,36,2720,22,22,44,213,211,424,7,8,15,439
66991,36,2720,29,30,59,188,161,349,7,21,28,377
68494,36,2720,27,28,55,203,178,381,17,36,53,434
68533,36,2720,25,27,52,153,112,265,7,25,32,297
68633,36,2720,12,9,21,94,84,178,10,15,25,203
69065,36,2720,24,21,45,503,471,974,5,7,12,986
69669,36,2720,1,0,1,1,0,1,0,0,0,1
70889,36,2720,8,6,14,28,20,48,0,0,0,48
71187,36,2720,23,26,49,143,118,261,9,8,17,278
71518,36,2720,22,21,43,84,72,156,10,12,22,178
71627,36,2720,37,36,73,336,322,658,17,44,61,719
71700,36,2720,21,27,48,84,87,171,13,27,40,211
71782,36,2720,19,24,43,229,95,324,7,35,42,366
72746,36,2720,16,15,31,188,174,362,5,3,8,370
73175,36,2720,10,9,19,21,21,42,0,2,2,44
73303,36,2720,16,14,30,118,104,222,12,9,21,243
74916,36,2720,46,43,89,593,496,1089,5,19,24,1113
75178,36,2720,7,5,12,48,44,92,8,6,14,106
75261,36,2720,36,37,73,508,499,1007,14,55,69,1076
75466,36,2720,10,9,19,34,26,60,0,6,6,66
75468,36,2720,11,11,22,33,32,65,3,26,29,94
76313,36,2720,22,22,44,174,130,304,20,14,34,338
77023,36,2720,20,18,38,207,198,405,11,35,46,451
77291,36,2720,24,26,50,409,404,813,3,9,12,825
77824,36,2720,26,21,47,142,121,263,3,4,7,270
78062,36,2720,16,14,30,202,203,405,2,2,4,409
78638,36,2720,21,27,48,686,658,1344,7,25,32,1376
78911,36,2720,20,20,40,124,118,242,3,10,13,255
78966,36,2720,23,24,47,825,74,899,3,8,11,910
79877,36,2720,22,28,50,113,94,207,2,12,14,221
80058,36,2720,28,28,56,102,92,194,3,9,12,206
80193,36,2720,23,30,53,634,626,1260,32,112,144,1404
82060,36,2720,15,15,30,201,195,396,10,14,24,420
82282,36,2720,11,8,19,40,35,75,0,1,1,76
83184,36,2720,13,12,25,238,231,469,2,1,3,472
83568,36,2720,21,14,35,144,112,256,9,15,24,280
84215,36,2720,13,12,25,172,143,315,3,10,13,328
84472,36,2720,26,22,48,215,203,418,7,6,13,431
84625,36,2720,2,1,3,1,0,1,1,2,3,4
84841,36,2720,28,30,58,246,241,487,9,18,27,514
85596,36,2720,25,23,48,304,271,575,17,36,53,628
85970,36,2720,23,24,47,476,531,1007,2,22,24,1031
86009,36,2720,18,18,36,96,73,169,7,18,25,194
86237,36,2720,8,11,19,39,28,67,0,20,20,87
86352,36,2720,28,32,60,91,103,194,24,64,88,282
86610,36,2720,19,19,38,145,125,270,6,27,33,303
86727,36,2720,15,15,30,412,369,781,1,2,3,784
88133,36,2720,25,34,59,299,295,594,2,17,19,613
88175,36,2720,12,11,23,54,58,112,5,11,16,128
89827,36,2720,16,14,30,91,70,161,4,12,16,177
10060,37,2721,10,8,18,729,666,1395,4,3,7,1402
10281,37,2721,8,9,17,850,806,1656,5,14,19,1675
10353,37,2721,26,29,55,487,487,974,5,7,12,986
10841,37,2721,28,32,60,192,206,398,32,58,90,488
11023,37,2721,14,16,30,373,408,781,2,3,5,786
11360,37,2721,21,21,42,125,109,234,25,65,90,324
11692,37,2721,19,19,38,164,161,325,4,23,27,352
13799,37,2721,21,21,42,152,168,320,13,29,42,362
13882,37,2721,17,20,37,110,117,227,1,4,5,232
13896,37,2721,4,1,5,6,1,7,0,0,0,7
14106,37,2721,3,1,4,2,0,2,2,1,3,5
14188,37,2721,18,20,38,92,88,180,5,34,39,219
15071,37,2721,8,8,16,43,42,85,4,8,12,97
15548,37,2721,0,3,3,0,0,0,0,9,9,9
15723,37,2721,3,3,6,5,3,8,0,0,0,8
15776,37,2721,21,24,45,218,195,413,3,15,18,431
16313,37,2721,30,34,64,107,98,205,10,16,26,231
16495,37,2721,22,25,47,756,788,1544,15,29,44,1588
16933,37,2721,18,20,38,518,551,1069,9,22,31,1100
17041,37,2721,5,4,9,31,25,56,0,0,0,56
17353,37,2721,22,24,46,237,136,373,4,28,32,405
18344,37,2721,18,21,39,210,137,347,6,9,15,362
18394,37,2721,3,3,6,44,28,72,0,0,0,72
18420,37,2721,12,6,18,56,1,57,24,11,35,92
19066,37,2721,17,18,35,235,226,461,7,17,24,485
19844,37,2721,37,37,74,205,194,399,11,7,18,417
20905,37,2721,20,26,46,164,192,356,17,59,76,432
21350,37,2721,35,33,68,782,816,1598,14,31,45,1643
22617,37,2721,22,24,46,187,193,380,8,5,13,393
22745,37,2721,16,17,33,129,125,254,3,7,10,264
22931,37,2721,26,18,44,207,221,428,2,8,10,438
23040,37,2721,15,13,28,123,108,231,10,5,15,246
23144,37,2721,22,29,51,93,96,189,4,25,29,218
23642,37,2721,16,17,33,173,178,351,9,16,25,376
24543,37,2721,15,14,29,87,85,172,5,10,15,187
24760,37,2721,24,27,51,502,570,1072,12,16,28,1100
24853,37,2721,16,17,33,107,77,184,7,13,20,204
25171,37,2721,26,30,56,257,251,508,4,15,19,527
25323,37,2721,23,23,46,254,308,562,21,42,63,625
25494,37,2721,21,23,44,117,119,236,11,14,25,261
25544,37,2721,21,25,46,126,72,198,2,11,13,211
25947,37,2721,21,21,42,140,126,266,12,24,36,302
26127,37,2721,20,18,38,182,142,324,16,35,51,375
26425,37,2721,10,8,18,41,28,69,2,4,6,75
28831,37,2721,10,16,26,24,24,48,3,11,14,62
29914,37,2721,11,10,21,277,167,444,3,18,21,465
30076,37,2721,22,21,43,203,156,359,2,4,6,365
30952,37,2721,17,15,32,241,226,467,20,30,50,517
31372,37,2721,11,7,18,152,149,301,1,4,5,306
31583,37,2721,37,38,75,297,296,593,15,17,32,625
32174,37,2721,18,115,133,54,61,115,12,113,125,240
32899,37,2721,12,13,25,53,50,103,6,29,35,138
33094,37,2721,19,15,34,89,86,175,27,20,47,222
34250,37,2721,19,16,35,75,77,152,15,8,23,175
34853,37,2721,28,29,57,334,340,674,22,29,51,725
35227,37,2721,23,21,44,225,227,452,19,14,33,485
36006,37,2721,3,3,6,40,37,77,0,0,0,77
36143,37,2721,32,33,65,323,263,586,36,53,89,675
36951,37,2721,30,33,63,170,182,352,3,9,12,364
37617,37,2721,34,32,66,383,220,603,2,13,15,618
38823,37,2721,16,14,30,59,58,117,1,4,5,122
38893,37,2721,13,10,23,48,54,102,12,15,27,129
38901,37,2721,30,25,55,274,247,521,7,4,11,532
38927,37,2721,19,20,39,354,374,728,4,10,14,742
39122,37,2721,25,24,49,142,53,195,14,39,53,248
39701,37,2721,32,35,67,286,276,562,12,34,46,608
39783,37,2721,16,16,32,144,170,314,11,28,39,353
40557,37,2721,17,18,35,343,323,666,3,6,9,675
40629,37,2721,28,27,55,77,77,154,10,13,23,177
40997,37,2721,32,26,58,190,226,416,21,46,67,483
41393,37,2721,19,14,33,85,61,146,6,10,16,162
44167,37,2721,60,68,128,511,489,1000,29,65,94,1094
44520,37,2721,9,8,17,43,41,84,7,8,15,99
44947,37,2721,12,10,22,436,441,877,2,4,6,883
44956,37,2721,20,19,39,72,83,155,1,7,8,163
45000,37,2721,10,9,19,98,98,196,3,6,9,205
45292,37,2721,37,32,69,311,283,594,18,43,61,655
45539,37,2721,3,3,6,7,5,12,0,0,0,12
45945,37,2721,14,12,26,1087,1062,2149,0,4,4,2153
46021,37,2721,12,8,20,113,104,217,4,4,8,225
46160,37,2721,30,19,49,157,130,287,17,21,38,325
46584,37,2721,35,34,69,175,111,286,28,100,128,414
46654,37,2721,33,30,63,364,353,717,25,73,98,815
46771,37,2721,31,31,62,153,139,292,14,30,44,336
47230,37,2721,21,19,40,521,417,938,12,75,87,1025
48187,37,2721,18,16,34,144,103,247,15,31,46,293
48429,37,2721,22,26,48,287,269,556,14,24,38,594
48990,37,2721,10,9,19,330,289,619,9,24,33,652
49294,37,2721,10,11,21,315,396,711,9,22,31,742
49597,37,2721,9,6,15,19,13,32,1,0,1,33
50181,37,2721,10,9,19,21,13,34,9,9,18,52
50709,37,2721,16,17,33,351,342,693,7,17,24,717
50869,37,2721,21,22,43,148,139,287,6,20,26,313
50947,37,2721,30,32,62,418,479,897,11,23,34,931
51102,37,2721,69,61,130,1203,1014,2217,23,38,61,2278
51552,37,2721,8,8,16,42,28,70,0,9,9,79
51597,37,2721,21,21,42,85,75,160,2,18,20,180
51675,37,2721,4,5,9,31,25,56,3,30,33,89
51722,37,2721,16,15,31,142,119,261,6,6,12,273
52067,37,2721,28,27,55,405,237,642,11,14,25,667
52385,37,2721,10,6,16,18,11,29,0,0,0,29
52441,37,2721,33,35,68,394,388,782,3,13,16,798
52615,37,2721,8,6,14,86,69,155,4,4,8,163
52635,37,2721,13,10,23,30,14,44,4,14,18,62
52923,37,2721,13,13,26,58,57,115,2,4,6,121
53275,37,2721,8,11,19,46,25,71,3,25,28,99
53884,37,2721,7,9,16,35,28,63,2,12,14,77
55464,37,2721,29,31,60,250,254,504,19,28,47,551
55594,37,2721,23,27,50,119,97,216,13,34,47,263
57637,37,2721,17,22,39,126,151,277,8,17,25,302
57896,37,2721,17,17,34,219,212,431,3,7,10,441
58909,37,2721,17,19,36,167,192,359,1,6,7,366
59367,37,2721,29,22,51,187,127,314,19,24,43,357
60482,37,2721,17,19,36,122,126,248,10,24,34,282
60830,37,2721,11,8,19,36,38,74,3,1,4,78
61280,37,2721,17,14,31,497,542,1039,6,5,11,1050
62555,37,2721,16,16,32,82,103,185,18,51,69,254
62560,37,2721,27,26,53,284,258,542,4,21,25,567
63063,37,2721,21,25,46,185,152,337,6,16,22,359
63188,37,2721,16,20,36,111,109,220,1,31,32,252
63757,37,2721,14,13,27,34,31,65,3,23,26,91
63817,37,2721,13,9,22,591,548,1139,1,7,8,1147
64772,37,2721,34,34,68,503,391,894,36,44,80,974
65102,37,2721,14,14,28,973,953,1926,8,21,29,1955
65526,37,2721,7,7,14,114,91,205,0,0,0,205
65591,37,2721,11,11,22,10,10,20,12,16,28,48
66052,37,2721,32,39,71,452,303,755,38,111,149,904
66245,37,2721,33,37,70,150,118,268,10,30,40,308
66404,37,2721,18,23,41,151,104,255,1,10,11,266
66754,37,2721,17,21,38,285,293,578,4,24,28,606
66991,37,2721,34,33,67,216,195,411,8,12,20,431
67947,37,2721,13,12,25,28,16,44,3,7,10,54
68494,37,2721,28,30,58,295,263,558,9,24,33,591
68533,37,2721,30,29,59,203,167,370,10,34,44,414
68633,37,2721,7,8,15,80,66,146,13,22,35,181
69065,37,2721,20,16,36,543,505,1048,11,11,22,1070
69669,37,2721,3,0,3,4,0,4,0,0,0,4
70889,37,2721,8,7,15,48,44,92,0,0,0,92
71187,37,2721,15,16,31,114,97,211,8,10,18,229
71518,37,2721,16,13,29,104,83,187,9,7,16,203
71627,37,2721,26,29,55,295,294,589,12,28,40,629
71700,37,2721,20,22,42,146,175,321,33,27,60,381
71782,37,2721,21,25,46,279,149,428,14,42,56,484
72746,37,2721,17,13,30,211,158,369,3,0,3,372
73175,37,2721,9,6,15,18,12,30,1,2,3,33
73303,37,2721,21,19,40,109,86,195,6,3,9,204
74916,37,2721,45,44,89,795,714,1509,14,41,55,1564
75178,37,2721,7,3,10,35,30,65,9,0,9,74
75261,37,2721,34,37,71,365,354,719,20,43,63,782
75466,37,2721,15,15,30,87,78,165,7,6,13,178
75468,37,2721,5,6,11,26,16,42,5,10,15,57
76313,37,2721,22,19,41,182,133,315,13,24,37,352
77023,37,2721,16,16,32,200,202,402,14,21,35,437
77291,37,2721,22,19,41,288,277,565,7,3,10,575
77824,37,2721,26,31,57,224,222,446,5,15,20,466
78062,37,2721,18,20,38,282,290,572,2,2,4,576
78091,37,2721,1,0,1,1,0,1,0,0,0,1
78638,37,2721,22,24,46,433,425,858,1,20,21,879
78911,37,2721,14,13,27,74,70,144,1,3,4,148
78966,37,2721,27,29,56,874,75,949,5,10,15,964
79877,37,2721,23,21,44,138,122,260,7,9,16,276
80058,37,2721,33,31,64,122,124,246,0,11,11,257
80193,37,2721,25,30,55,683,791,1474,49,137,186,1660
82060,37,2721,17,20,37,167,144,311,13,28,41,352
82282,37,2721,9,5,14,43,47,90,5,7,12,102
83184,37,2721,11,9,20,165,155,320,1,0,1,321
83568,37,2721,14,11,25,134,98,232,9,14,23,255
84215,37,2721,12,13,25,241,225,466,9,9,18,484
84472,37,2721,25,25,50,227,198,425,4,9,13,438
84625,37,2721,3,1,4,4,0,4,0,1,1,5
84841,37,2721,27,27,54,222,232,454,21,26,47,501
85596,37,2721,20,21,41,318,308,626,7,34,41,667
85970,37,2721,27,30,57,450,485,935,4,25,29,964
86009,37,2721,25,23,48,85,67,152,16,24,40,192
86237,37,2721,7,7,14,17,19,36,0,7,7,43
86352,37,2721,25,31,56,85,97,182,25,51,76,258
86610,37,2721,15,6,21,18,9,27,3,4,7,34
86727,37,2721,16,19,35,498,438,936,7,9,16,952
88133,37,2721,19,20,39,195,194,389,10,29,39,428
88175,37,2721,15,15,30,125,123,248,3,14,17,265
89827,37,2721,14,12,26,147,121,268,6,14,20,288
10060,38,2722,8,10,18,494,447,941,2,8,10,951
10281,38,2722,13,17,30,754,700,1454,8,20,28,1482
10353,38,2722,24,26,50,455,442,897,7,14,21,918
10841,38,2722,26,28,54,128,153,281,33,32,65,346
11023,38,2722,13,16,29,261,264,525,5,16,21,546
11360,38,2722,18,17,35,121,116,237,23,81,104,341
11692,38,2722,18,17,35,312,320,632,14,16,30,662
13799,38,2722,18,21,39,110,105,215,22,26,48,263
13882,38,2722,25,27,52,122,141,263,5,38,43,306
14106,38,2722,8,6,14,24,28,52,4,1,5,57
14188,38,2722,16,16,32,152,141,293,6,18,24,317
15071,38,2722,7,10,17,232,211,443,7,13,20,463
15723,38,2722,3,2,5,3,3,6,0,0,0,6
15776,38,2722,19,21,40,231,209,440,6,10,16,456
16313,38,2722,24,32,56,260,223,483,7,37,44,527
16495,38,2722,27,25,52,697,682,1379,15,38,53,1432
16933,38,2722,14,16,30,691,621,1312,6,11,17,1329
17041,38,2722,7,4,11,15,13,28,0,0,0,28
17353,38,2722,21,23,44,264,149,413,17,45,62,475
18344,38,2722,21,28,49,161,106,267,15,29,44,311
18394,38,2722,7,6,13,142,90,232,0,0,0,232
18420,38,2722,10,8,18,29,2,31,34,17,51,82
19066,38,2722,25,24,49,427,432,859,8,29,37,896
19844,38,2722,26,29,55,200,188,388,23,8,31,419
20905,38,2722,28,32,60,226,240,466,17,56,73,539
21350,38,2722,23,24,47,707,738,1445,13,33,46,1491
22617,38,2722,19,18,37,230,224,454,15,14,29,483
22745,38,2722,10,14,24,141,144,285,3,14,17,302
22931,38,2722,19,16,35,184,179,363,8,23,31,394
23040,38,2722,15,17,32,116,109,225,15,19,34,259
23144,38,2722,25,27,52,108,97,205,8,29,37,242
23642,38,2722,14,16,30,185,204,389,19,24,43,432
24543,38,2722,9,14,23,60,42,102,3,16,19,121
24760,38,2722,21,23,44,396,455,851,4,25,29,880
24853,38,2722,23,24,47,148,148,296,13,20,33,329
25171,38,2722,30,37,67,337,405,742,25,41,66,808
25323,38,2722,16,16,32,190,209,399,12,18,30,429
25494,38,2722,24,23,47,198,195,393,28,24,52,445
25544,38,2722,15,0,15,49,0,49,0,0,0,49
25947,38,2722,17,14,31,138,122,260,12,8,20,280
26127,38,2722,19,17,36,166,113,279,22,34,56,335
26425,38,2722,11,14,25,31,36,67,1,11,12,79
28831,38,2722,6,8,14,25,21,46,2,23,25,71
29914,38,2722,16,16,32,225,138,363,2,27,29,392
30076,38,2722,22,22,44,208,197,405,2,4,6,411
30952,38,2722,21,22,43,232,210,442,10,35,45,487
31372,38,2722,11,14,25,265,255,520,14,20,34,554
31583,38,2722,53,63,116,386,386,772,20,34,54,826
32100,38,2722,4,4,8,5,3,8,2,3,5,13
32174,38,2722,12,15,27,56,57,113,16,21,37,150
32899,38,2722,16,15,31,63,60,123,12,34,46,169
33094,38,2722,19,20,39,215,221,436,60,71,131,567
34250,38,2722,21,26,47,92,87,179,12,20,32,211
34853,38,2722,42,38,80,396,393,789,18,49,67,856
35227,38,2722,24,27,51,518,510,1028,25,49,74,1102
36006,38,2722,5,5,10,59,50,109,7,0,7,116
36143,38,2722,31,34,65,365,287,652,64,94,158,810
36951,38,2722,26,23,49,105,97,202,8,9,17,219
37617,38,2722,18,20,38,297,191,488,8,21,29,517
38823,38,2722,18,19,37,181,182,363,5,10,15,378
38893,38,2722,12,12,24,31,36,67,18,26,44,111
38901,38,2722,26,28,54,284,285,569,13,17,30,599
38927,38,2722,26,28,54,365,385,750,6,15,21,771
39122,38,2722,17,18,35,101,56,157,18,28,46,203
39701,38,2722,33,34,67,281,271,552,11,23,34,586
39783,38,2722,21,18,39,108,129,237,23,33,56,293
40557,38,2722,17,14,31,190,103,293,4,7,11,304
40629,38,2722,21,20,41,64,57,121,8,21,29,150
40997,38,2722,23,32,55,156,184,340,25,70,95,435
41393,38,2722,18,12,30,53,42,95,8,6,14,109
44167,38,2722,45,49,94,344,336,680,8,36,44,724
44520,38,2722,10,10,20,73,56,129,6,18,24,153
44947,38,2722,14,13,27,323,325,648,2,4,6,654
44956,38,2722,14,16,30,82,104,186,0,14,14,200
45000,38,2722,9,10,19,122,116,238,4,7,11,249
45292,38,2722,31,33,64,337,341,678,21,23,44,722
45539,38,2722,11,9,20,31,17,48,0,14,14,62
45945,38,2722,17,16,33,776,775,1551,6,15,21,1572
46021,38,2722,13,12,25,185,147,332,7,7,14,346
46160,38,2722,28,22,50,254,187,441,8,25,33,474
46584,38,2722,26,36,62,180,140,320,13,80,93,413
46654,38,2722,21,23,44,297,249,546,18,54,72,618
46771,38,2722,31,32,63,103,73,176,11,29,40,216
47230,38,2722,21,20,41,487,425,912,8,68,76,988
48187,38,2722,22,19,41,169,135,304,16,47,63,367
48429,38,2722,32,28,60,328,294,622,26,62,88,710
48990,38,2722,13,15,28,184,164,348,17,21,38,386
49294,38,2722,11,12,23,168,238,406,12,32,44,450
49597,38,2722,9,6,15,37,29,66,9,3,12,78
50181,38,2722,7,8,15,27,30,57,7,6,13,70
50709,38,2722,17,18,35,310,265,575,12,23,35,610
50869,38,2722,9,15,24,106,98,204,9,15,24,228
50947,38,2722,23,27,50,254,254,508,11,16,27,535
51102,38,2722,64,56,120,1152,1114,2266,23,22,45,2311
51552,38,2722,12,10,22,116,98,214,5,7,12,226
51597,38,2722,21,26,47,101,78,179,5,34,39,218
51675,38,2722,5,6,11,18,15,33,6,27,33,66
51722,38,2722,10,10,20,192,142,334,1,3,4,338
52067,38,2722,24,23,47,266,187,453,9,8,17,470
52385,38,2722,35,38,73,277,253,530,1,19,20,550
52441,38,2722,30,33,63,349,362,711,13,32,45,756
52615,38,2722,10,10,20,77,74,151,3,5,8,159
52635,38,2722,17,19,36,69,57,126,14,16,30,156
52923,38,2722,14,18,32,112,132,244,8,18,26,270
53275,38,2722,12,10,22,24,12,36,14,38,52,88
53884,38,2722,9,9,18,71,56,127,4,8,12,139
55464,38,2722,35,39,74,368,393,761,27,77,104,865
55594,38,2722,18,17,35,54,51,105,45,33,78,183
57637,38,2722,16,17,33,89,104,193,10,3,13,206
57896,38,2722,23,20,43,174,157,331,6,13,19,350
58909,38,2722,23,20,43,262,263,525,8,11,19,544
59367,38,2722,25,17,42,121,82,203,7,15,22,225
60482,38,2722,12,14,26,91,83,174,12,15,27,201
60830,38,2722,8,8,16,27,36,63,5,10,15,78
61280,38,2722,16,18,34,479,495,974,2,32,34,1008
62555,38,2722,18,33,51,61,89,150,10,46,56,206
62560,38,2722,25,31,56,253,246,499,10,36,46,545
63063,38,2722,13,15,28,190,133,323,7,9,16,339
63188,38,2722,15,18,33,152,138,290,2,10,12,302
63757,38,2722,10,11,21,57,44,101,4,8,12,113
63817,38,2722,15,19,34,551,504,1055,4,11,15,1070
64772,38,2722,38,38,76,271,201,472,33,41,74,546
65102,38,2722,10,11,21,762,719,1481,18,9,27,1508
65526,38,2722,7,8,15,98,79,177,4,8,12,189
65591,38,2722,14,19,33,10,8,18,21,52,73,91
66052,38,2722,35,41,76,416,272,688,49,100,149,837
66245,38,2722,24,27,51,244,240,484,5,20,25,509
66404,38,2722,22,21,43,170,85,255,4,7,11,266
66754,38,2722,17,19,36,262,265,527,5,7,12,539
66991,38,2722,47,46,93,395,374,769,22,20,42,811
67947,38,2722,4,0,4,5,0,5,0,0,0,5
68494,38,2722,26,26,52,569,555,1124,9,33,42,1166
68533,38,2722,27,23,50,139,116,255,21,39,60,315
68633,38,2722,8,9,17,111,100,211,7,26,33,244
69065,38,2722,15,12,27,518,480,998,7,7,14,1012
70889,38,2722,12,12,24,149,137,286,2,2,4,290
71187,38,2722,23,29,52,189,163,352,9,21,30,382
71518,38,2722,16,15,31,46,40,86,5,14,19,105
71627,38,2722,34,37,71,316,321,637,11,48,59,696
71700,38,2722,23,23,46,187,213,400,23,21,44,444
71782,38,2722,18,16,34,230,109,339,8,50,58,397
72746,38,2722,15,19,34,118,105,223,7,11,18,241
73175,38,2722,6,7,13,85,80,165,4,7,11,176
73303,38,2722,22,19,41,110,110,220,8,11,19,239
74916,38,2722,29,33,62,257,256,513,2,16,18,531
75178,38,2722,15,13,28,79,75,154,11,14,25,179
75261,38,2722,38,36,74,514,489,1003,22,23,45,1048
75466,38,2722,13,13,26,66,52,118,6,12,18,136
75468,38,2722,10,11,21,24,27,51,2,21,23,74
76313,38,2722,29,29,58,173,130,303,12,21,33,336
77023,38,2722,18,21,39,192,193,385,22,25,47,432
77291,38,2722,22,26,48,355,336,691,16,14,30,721
77824,38,2722,18,19,37,140,142,282,4,5,9,291
78062,38,2722,16,17,33,275,279,554,4,3,7,561
78091,38,2722,2,0,2,6,0,6,0,0,0,6
78638,38,2722,24,26,50,637,624,1261,11,30,41,1302
78911,38,2722,15,15,30,93,99,192,5,4,9,201
78966,38,2722,22,26,48,733,91,824,7,10,17,841
79877,38,2722,25,23,48,117,102,219,20,28,48,267
80058,38,2722,39,45,84,191,203,394,12,17,29,423
80193,38,2722,24,24,48,884,892,1776,49,103,152,1928
82060,38,2722,22,24,46,207,192,399,25,35,60,459
82282,38,2722,7,6,13,64,77,141,4,14,18,159
83184,38,2722,16,17,33,209,185,394,10,8,18,412
83568,38,2722,20,19,39,180,132,312,10,35,45,357
84215,38,2722,11,16,27,212,186,398,7,15,22,420
84472,38,2722,29,27,56,283,254,537,8,13,21,558
84625,38,2722,2,0,2,2,0,2,0,0,0,2
84841,38,2722,29,27,56,204,210,414,22,27,49,463
85596,38,2722,20,22,42,501,505,1006,14,30,44,1050
85970,38,2722,23,24,47,555,621,1176,6,23,29,1205
86009,38,2722,18,21,39,122,147,269,18,25,43,312
86237,38,2722,7,7,14,30,30,60,2,16,18,78
86352,38,2722,25,32,57,117,117,234,39,56,95,329
86610,38,2722,28,28,56,350,353,703,22,52,74,777
86727,38,2722,11,12,23,443,402,845,6,6,12,857
88133,38,2722,25,31,56,280,272,552,16,28,44,596
88175,38,2722,15,18,33,163,156,319,1,16,17,336
89827,38,2722,9,9,18,72,56,128,5,10,15,143
10060,39,2723,5,4,9,483,453,936,2,3,5,941
10281,39,2723,12,12,24,661,608,1269,11,17,28,1297
10353,39,2723,24,23,47,668,643,1311,7,8,15,1326
10841,39,2723,14,14,28,90,86,176,30,15,45,221
11023,39,2723,9,10,19,344,386,730,2,4,6,736
11360,39,2723,14,16,30,71,74,145,27,40,67,212
11692,39,2723,8,12,20,300,326,626,3,23,26,652
13799,39,2723,16,16,32,368,387,755,8,11,19,774
13882,39,2723,19,26,45,201,210,411,4,14,18,429
13896,39,2723,0,1,1,0,0,0,0,1,1,1
14106,39,2723,7,4,11,10,6,16,7,2,9,25
14188,39,2723,13,15,28,55,52,107,3,8,11,118
15071,39,2723,7,5,12,120,101,221,6,0,6,227
15548,39,2723,2,3,5,7,8,15,0,4,4,19
15723,39,2723,2,2,4,2,2,4,1,0,1,5
15776,39,2723,15,19,34,245,219,464,9,25,34,498
16313,39,2723,24,29,53,183,171,354,7,15,22,376
16495,39,2723,21,27,48,508,514,1022,6,59,65,1087
16933,39,2723,22,21,43,565,481,1046,14,23,37,1083
17353,39,2723,6,7,13,99,44,143,2,9,11,154
18344,39,2723,5,7,12,14,18,32,1,0,1,33
18394,39,2723,29,28,57,1025,642,1667,12,16,28,1695
19066,39,2723,15,19,34,342,332,674,4,6,10,684
19844,39,2723,10,14,24,33,28,61,7,8,15,76
20905,39,2723,7,10,17,49,50,99,8,7,15,114
21350,39,2723,25,25,50,599,605,1204,10,44,54,1258
22540,39,2723,0,1,1,0,0,0,0,1,1,1
22617,39,2723,13,16,29,88,85,173,2,8,10,183
22745,39,2723,10,15,25,548,561,1109,8,13,21,1130
22931,39,2723,9,9,18,89,86,175,5,14,19,194
23040,39,2723,13,15,28,129,118,247,8,5,13,260
23144,39,2723,11,14,25,54,47,101,2,10,12,113
23642,39,2723,10,10,20,110,133,243,9,7,16,259
24543,39,2723,10,12,22,75,67,142,9,23,32,174
24760,39,2723,12,12,24,233,223,456,25,30,55,511
24853,39,2723,18,16,34,64,48,112,10,17,27,139
25171,39,2723,18,17,35,444,455,899,18,30,48,947
25323,39,2723,14,19,33,121,116,237,11,38,49,286
25494,39,2723,21,23,44,161,143,304,23,26,49,353
25544,39,2723,1,1,2,1,0,1,0,1,1,2
25947,39,2723,21,17,38,194,157,351,9,11,20,371
26127,39,2723,17,15,32,299,251,550,25,48,73,623
26425,39,2723,7,10,17,30,20,50,4,12,16,66
28831,39,2723,1,5,6,1,2,3,0,3,3,6
29914,39,2723,7,7,14,344,210,554,0,19,19,573
30076,39,2723,16,18,34,334,335,669,0,5,5,674
30952,39,2723,11,12,23,209,201,410,8,11,19,429
31372,39,2723,8,12,20,60,59,119,0,20,20,139
31583,39,2723,37,39,76,492,509,1001,31,30,61,1062
32100,39,2723,2,4,6,1,1,2,1,4,5,7
32174,39,2723,11,12,23,43,43,86,3,12,15,101
32899,39,2723,8,9,17,38,44,82,2,3,5,87
33094,39,2723,17,20,37,158,149,307,82,64,146,453
34250,39,2723,9,12,21,53,49,102,11,10,21,123
34853,39,2723,17,23,40,253,239,492,14,29,43,535
35227,39,2723,23,22,45,387,420,807,25,41,66,873
36006,39,2723,1,1,2,1,0,1,1,1,2,3
36143,39,2723,36,33,69,325,238,563,46,80,126,689
36951,39,2723,39,48,87,438,442,880,18,46,64,944
37617,39,2723,13,13,26,257,157,414,1,9,10,424
38823,39,2723,15,17,32,128,128,256,7,14,21,277
38893,39,2723,10,12,22,106,101,207,5,7,12,219
38901,39,2723,24,25,49,229,207,436,1,2,3,439
38927,39,2723,15,20,35,100,172,272,1,14,15,287
39122,39,2723,16,17,33,84,51,135,7,17,24,159
39701,39,2723,21,24,45,460,463,923,6,15,21,944
39783,39,2723,16,18,34,146,147,293,25,33,58,351
40557,39,2723,1,0,1,18,0,18,0,0,0,18
40629,39,2723,29,27,56,216,179,395,15,25,40,435
40997,39,2723,19,24,43,244,364,608,11,31,42,650
41393,39,2723,19,18,37,116,107,223,7,1,8,231
44167,39,2723,30,31,61,213,233,446,5,6,11,457
44520,39,2723,4,4,8,22,22,44,6,9,15,59
44947,39,2723,12,11,23,358,373,731,4,11,15,746
44956,39,2723,17,27,44,101,135,236,13,41,54,290
45000,39,2723,5,4,9,336,311,647,2,2,4,651
45292,39,2723,42,48,90,459,498,957,34,51,85,1042
45539,39,2723,15,11,26,336,293,629,1,3,4,633
45945,39,2723,9,9,18,525,521,1046,4,8,12,1058
46021,39,2723,14,12,26,248,226,474,6,23,29,503
46160,39,2723,18,8,26,71,28,99,9,10,19,118
46584,39,2723,8,9,17,32,10,42,4,14,18,60
46654,39,2723,17,21,38,721,687,1408,9,27,36,1444
46771,39,2723,21,28,49,102,90,192,8,31,39,231
48187,39,2723,13,10,23,100,69,169,8,8,16,185
48429,39,2723,25,32,57,690,636,1326,13,26,39,1365
48990,39,2723,14,15,29,61,54,115,26,27,53,168
49294,39,2723,7,7,14,123,126,249,0,4,4,253
49597,39,2723,3,13,16,10,13,23,2,17,19,42
50181,39,2723,5,5,10,10,10,20,2,6,8,28
50709,39,2723,11,12,23,239,221,460,10,13,23,483
50869,39,2723,10,10,20,99,95,194,6,5,11,205
50947,39,2723,19,18,37,335,346,681,10,18,28,709
51102,39,2723,66,66,132,1773,1608,3381,23,32,55,3436
51552,39,2723,11,12,23,158,149,307,3,11,14,321
51597,39,2723,14,17,31,94,66,160,3,17,20,180
51675,39,2723,4,5,9,18,25,43,2,11,13,56
51722,39,2723,11,11,22,141,121,262,6,11,17,279
52067,39,2723,23,22,45,286,255,541,17,10,27,568
52385,39,2723,22,24,46,470,398,868,0,7,7,875
52441,39,2723,18,19,37,335,294,629,1,12,13,642
52615,39,2723,6,1,7,6,0,6,0,5,5,11
52635,39,2723,14,17,31,44,37,81,20,20,40,121
52923,39,2723,13,14,27,150,114,264,3,26,29,293
53275,39,2723,6,7,13,7,15,22,17,16,33,55
53884,39,2723,9,8,17,29,20,49,4,3,7,56
55464,39,2723,25,32,57,261,270,531,20,60,80,611
57637,39,2723,8,10,18,74,65,139,1,3,4,143
57896,39,2723,13,14,27,99,86,185,6,16,22,207
58909,39,2723,11,9,20,146,147,293,8,21,29,322
59367,39,2723,23,12,35,156,95,251,5,9,14,265
60482,39,2723,11,14,25,64,49,113,9,48,57,170
61280,39,2723,16,11,27,159,126,285,2,7,9,294
62560,39,2723,27,36,63,276,223,499,19,79,98,597
63063,39,2723,15,11,26,92,71,163,2,4,6,169
63188,39,2723,19,20,39,130,132,262,2,5,7,269
63757,39,2723,4,8,12,22,18,40,5,9,14,54
63817,39,2723,18,19,37,501,474,975,4,8,12,987
64772,39,2723,42,45,87,629,343,972,20,61,81,1053
65102,39,2723,13,15,28,592,567,1159,16,19,35,1194
65526,39,2723,8,15,23,50,49,99,5,14,19,118
65591,39,2723,0,1,1,0,0,0,0,1,1,1
66052,39,2723,3,5,8,4,5,9,0,3,3,12
66245,39,2723,20,23,43,210,202,412,17,20,37,449
66404,39,2723,12,13,25,153,80,233,2,8,10,243
66754,39,2723,20,19,39,232,198,430,11,16,27,457
66991,39,2723,29,32,61,517,420,937,14,34,48,985
68494,39,2723,23,28,51,541,477,1018,10,47,57,1075
68533,39,2723,15,18,33,89,73,162,7,23,30,192
68633,39,2723,7,4,11,23,16,39,9,14,23,62
69065,39,2723,2,0,2,2,0,2,0,0,0,2
70889,39,2723,11,12,23,114,92,206,1,26,27,233
71187,39,2723,11,10,21,34,22,56,4,14,18,74
71518,39,2723,10,7,17,41,28,69,0,1,1,70
71627,39,2723,26,29,55,293,279,572,4,15,19,591
71700,39,2723,16,18,34,165,166,331,13,19,32,363
71782,39,2723,13,12,25,132,31,163,12,9,21,184
72746,39,2723,10,11,21,102,104,206,9,1,10,216
73175,39,2723,6,7,13,115,116,231,6,15,21,252
73303,39,2723,13,11,24,101,94,195,3,7,10,205
74916,39,2723,9,0,9,19,0,19,0,0,0,19
75178,39,2723,1,0,1,1,0,1,0,0,0,1
75261,39,2723,30,32,62,440,373,813,10,63,73,886
75466,39,2723,7,37,44,46,72,118,4,1,5,123
75468,39,2723,4,7,11,10,12,22,3,32,35,57
76313,39,2723,22,26,48,264,245,509,15,14,29,538
77023,39,2723,11,16,27,57,68,125,10,23,33,158
77291,39,2723,15,19,34,291,269,560,16,22,38,598
77824,39,2723,18,17,35,195,197,392,9,15,24,416
78062,39,2723,9,10,19,94,99,193,1,4,5,198
78091,39,2723,2,1,3,1,0,1,1,1,2,3
78638,39,2723,16,22,38,612,556,1168,2,21,23,1191
78911,39,2723,11,13,24,80,92,172,5,22,27,199
78966,39,2723,18,18,36,636,47,683,0,9,9,692
79877,39,2723,12,10,22,91,62,153,4,5,9,162
80058,39,2723,29,33,62,129,144,273,10,14,24,297
80193,39,2723,19,22,41,564,561,1125,52,131,183,1308
82060,39,2723,16,19,35,237,202,439,34,56,90,529
82282,39,2723,4,6,10,74,84,158,3,24,27,185
83184,39,2723,11,11,22,299,279,578,3,7,10,588
83568,39,2723,19,20,39,140,101,241,14,21,35,276
84215,39,2723,5,7,12,58,42,100,3,15,18,118
84472,39,2723,24,25,49,380,329,709,9,12,21,730
84841,39,2723,20,19,39,166,160,326,20,23,43,369
85596,39,2723,9,10,19,230,214,444,4,4,8,452
85970,39,2723,14,15,29,206,202,408,3,35,38,446
86009,39,2723,14,25,39,224,218,442,6,22,28,470
86237,39,2723,6,8,14,22,12,34,0,3,3,37
86352,39,2723,4,5,9,8,8,16,6,3,9,25
86610,39,2723,23,22,45,349,329,678,14,7,21,699
86727,39,2723,7,6,13,357,322,679,2,0,2,681
88133,39,2723,17,21,38,213,203,416,17,17,34,450
88175,39,2723,7,8,15,53,49,102,0,2,2,104
89827,39,2723,11,12,23,103,87,190,17,8,25,215
10060,40,2724,6,5,11,500,466,966,1,4,5,971
10281,40,2724,6,9,15,634,568,1202,8,9,17,1219
10353,40,2724,22,24,46,423,434,857,9,10,19,876
10841,40,2724,12,15,27,72,81,153,9,17,26,179
11023,40,2724,7,10,17,491,525,1016,4,13,17,1033
11360,40,2724,9,10,19,108,112,220,6,8,14,234
11692,40,2724,13,18,31,368,371,739,6,28,34,773
13799,40,2724,13,14,27,143,142,285,7,9,16,301
13882,40,2724,22,24,46,433,445,878,9,17,26,904
14106,40,2724,8,8,16,35,23,58,2,6,8,66
14188,40,2724,14,14,28,132,134,266,11,23,34,300
15071,40,2724,7,7,14,156,131,287,4,3,7,294
15548,40,2724,0,1,1,0,1,1,0,0,0,1
15776,40,2724,11,12,23,191,194,385,3,8,11,396
16313,40,2724,19,24,43,156,153,309,7,22,29,338
16495,40,2724,17,16,33,241,250,491,14,14,28,519
16933,40,2724,19,24,43,510,455,965,14,36,50,1015
17353,40,2724,7,9,16,75,41,116,1,12,13,129
18344,40,2724,4,3,7,11,9,20,3,0,3,23
18394,40,2724,21,21,42,706,483,1189,6,5,11,1200
19066,40,2724,18,20,38,121,122,243,4,17,21,264
19844,40,2724,10,16,26,62,74,136,10,31,41,177
21350,40,2724,18,20,38,443,462,905,7,17,24,929
22617,40,2724,11,11,22,102,104,206,5,3,8,214
22745,40,2724,13,11,24,315,326,641,3,5,8,649
22931,40,2724,10,8,18,55,42,97,1,8,9,106
23040,40,2724,8,9,17,64,66,130,3,8,11,141
23144,40,2724,10,11,21,48,48,96,1,11,12,108
23642,40,2724,5,7,12,54,58,112,0,2,2,114
24543,40,2724,11,14,25,73,62,135,2,11,13,148
24760,40,2724,15,21,36,252,260,512,13,25,38,550
24853,40,2724,16,10,26,70,39,109,8,16,24,133
25171,40,2724,24,30,54,1064,1098,2162,13,30,43,2205
25323,40,2724,13,14,27,140,85,225,3,7,10,235
25494,40,2724,22,25,47,183,185,368,23,34,57,425
25947,40,2724,13,14,27,101,72,173,11,8,19,192
26127,40,2724,15,13,28,166,141,307,14,59,73,380
26425,40,2724,5,7,12,9,6,15,7,11,18,33
28831,40,2724,2,4,6,10,14,24,0,3,3,27
29914,40,2724,11,11,22,195,136,331,7,11,18,349
30076,40,2724,14,19,33,148,129,277,2,6,8,285
30952,40,2724,8,8,16,53,45,98,4,9,13,111
31372,40,2724,8,12,20,112,107,219,1,9,10,229
31583,40,2724,28,35,63,302,294,596,11,38,49,645
32100,40,2724,6,8,14,10,12,22,4,4,8,30
32174,40,2724,9,10,19,54,44,98,6,9,15,113
32899,40,2724,5,4,9,22,24,46,2,4,6,52
33094,40,2724,19,19,38,114,106,220,76,74,150,370
34250,40,2724,8,9,17,23,25,48,9,14,23,71
34853,40,2724,14,19,33,238,254,492,9,19,28,520
35227,40,2724,17,18,35,428,441,869,13,19,32,901
36006,40,2724,1,1,2,0,0,0,2,2,4,4
36143,40,2724,30,34,64,309,228,537,47,93,140,677
36951,40,2724,37,40,77,376,367,743,20,31,51,794
37617,40,2724,11,9,20,304,249,553,5,8,13,566
38823,40,2724,15,15,30,128,118,246,11,21,32,278
38893,40,2724,12,11,23,69,60,129,11,18,29,158
38901,40,2724,19,21,40,126,122,248,0,7,7,255
38927,40,2724,18,21,39,103,149,252,3,9,12,264
39122,40,2724,11,12,23,62,38,100,16,15,31,131
39701,40,2724,15,15,30,415,446,861,11,16,27,888
39783,40,2724,13,21,34,256,239,495,11,59,70,565
40629,40,2724,18,16,34,130,105,235,7,9,16,251
40997,40,2724,11,16,27,88,132,220,8,26,34,254
41393,40,2724,18,17,35,117,121,238,7,10,17,255
44167,40,2724,37,42,79,357,336,693,4,15,19,712
44947,40,2724,7,7,14,204,228,432,5,8,13,445
44956,40,2724,16,20,36,97,133,230,4,19,23,253
45000,40,2724,4,6,10,127,110,237,1,3,4,241
45292,40,2724,35,42,77,372,355,727,22,48,70,797
45539,40,2724,13,13,26,190,166,356,1,4,5,361
45945,40,2724,6,5,11,567,586,1153,7,6,13,1166
46021,40,2724,17,23,40,244,202,446,20,29,49,495
46160,40,2724,12,12,24,37,38,75,0,6,6,81
46584,40,2724,3,5,8,6,4,10,1,9,10,20
46654,40,2724,14,13,27,598,563,1161,14,20,34,1195
46771,40,2724,21,28,49,129,108,237,15,29,44,281
48187,40,2724,15,8,23,119,77,196,6,15,21,217
48429,40,2724,22,25,47,602,595,1197,21,25,46,1243
48990,40,2724,12,14,26,61,45,106,15,34,49,155
49294,40,2724,3,7,10,172,173,345,5,16,21,366
49597,40,2724,7,62,69,33,26,59,3,63,66,125
50181,40,2724,10,9,19,59,63,122,5,8,13,135
50709,40,2724,13,13,26,157,143,300,16,22,38,338
50869,40,2724,10,16,26,60,57,117,8,11,19,136
50947,40,2724,15,17,32,203,205,408,5,7,12,420
51102,40,2724,59,58,117,1439,1441,2880,17,26,43,2923
51552,40,2724,16,19,35,162,160,322,22,11,33,355
51597,40,2724,14,19,33,46,39,85,0,11,11,96
51675,40,2724,2,2,4,10,11,21,1,2,3,24
51722,40,2724,19,18,37,154,144,298,8,16,24,322
52067,40,2724,21,25,46,327,349,676,13,12,25,701
52385,40,2724,38,44,82,603,550,1153,4,17,21,1174
52441,40,2724,21,22,43,243,146,389,0,4,4,393
52615,40,2724,2,0,2,2,0,2,0,0,0,2
52635,40,2724,7,7,14,24,25,49,5,6,11,60
53275,40,2724,6,4,10,4,1,5,12,8,20,25
53884,40,2724,7,7,14,61,48,109,5,4,9,118
55464,40,2724,20,26,46,201,192,393,15,74,89,482
57637,40,2724,9,11,20,65,76,141,5,11,16,157
57896,40,2724,17,17,34,207,217,424,6,13,19,443
58909,40,2724,13,15,28,188,196,384,6,4,10,394
59367,40,2724,19,12,31,113,75,188,0,11,11,199
61280,40,2724,15,18,33,236,235,471,3,15,18,489
62560,40,2724,15,17,32,85,68,153,3,18,21,174
63063,40,2724,9,10,19,37,25,62,3,11,14,76
63188,40,2724,9,11,20,49,44,93,1,5,6,99
63757,40,2724,7,13,20,28,31,59,1,18,19,78
63817,40,2724,15,22,37,594,545,1139,7,20,27,1166
64772,40,2724,35,36,71,324,311,635,17,39,56,691
65102,40,2724,6,9,15,197,195,392,9,11,20,412
65526,40,2724,7,6,13,44,44,88,3,5,8,96
66245,40,2724,21,20,41,261,267,528,23,26,49,577
66404,40,2724,15,14,29,152,71,223,3,3,6,229
66754,40,2724,18,19,37,176,202,378,7,6,13,391
66991,40,2724,30,35,65,388,316,704,9,27,36,740
68494,40,2724,19,17,36,542,469,1011,18,13,31,1042
68533,40,2724,17,22,39,80,63,143,15,18,33,176
68633,40,2724,8,14,22,120,100,220,10,21,31,251
69065,40,2724,16,19,35,291,249,540,3,30,33,573
70889,40,2724,5,3,8,49,40,89,0,0,0,89
71187,40,2724,11,12,23,74,63,137,3,5,8,145
71518,40,2724,27,27,54,114,155,269,3,21,24,293
71627,40,2724,20,22,42,249,218,467,4,23,27,494
71700,40,2724,17,20,37,176,181,357,22,23,45,402
71782,40,2724,17,18,35,199,90,289,10,18,28,317
72746,40,2724,6,8,14,42,32,74,4,5,9,83
73175,40,2724,6,13,19,138,125,263,3,18,21,284
73303,40,2724,16,15,31,85,80,165,6,7,13,178
74916,40,2724,25,27,52,524,485,1009,7,8,15,1024
75261,40,2724,29,36,65,265,259,524,25,308,333,857
75468,40,2724,10,8,18,32,34,66,3,33,36,102
76313,40,2724,15,15,30,134,82,216,14,15,29,245
77023,40,2724,18,19,37,102,113,215,22,37,59,274
77291,40,2724,21,18,39,183,194,377,8,11,19,396
77824,40,2724,17,17,34,110,104,214,6,3,9,223
78062,40,2724,6,6,12,56,57,113,0,0,0,113
78091,40,2724,1,0,1,1,0,1,0,0,0,1
78638,40,2724,26,25,51,839,765,1604,5,8,13,1617
78911,40,2724,10,13,23,100,118,218,8,6,14,232
78966,40,2724,25,23,48,552,93,645,4,12,16,661
79877,40,2724,14,13,27,89,76,165,12,14,26,191
80058,40,2724,27,24,51,161,91,252,15,15,30,282
80193,40,2724,17,21,38,323,351,674,15,39,54,728
82060,40,2724,17,14,31,192,159,351,26,19,45,396
82282,40,2724,5,4,9,47,39,86,0,1,1,87
83568,40,2724,15,14,29,108,68,176,25,29,54,230
84215,40,2724,3,5,8,38,28,66,1,5,6,72
84472,40,2724,20,16,36,197,173,370,2,3,5,375
84841,40,2724,17,19,36,153,140,293,37,36,73,366
85596,40,2724,12,13,25,87,93,180,1,5,6,186
85970,40,2724,20,19,39,334,354,688,6,12,18,706
86009,40,2724,20,22,42,274,301,575,9,25,34,609
86237,40,2724,6,5,11,20,20,40,0,0,0,40
86352,40,2724,4,8,12,3,4,7,6,11,17,24
86610,40,2724,19,21,40,333,317,650,12,9,21,671
86727,40,2724,7,7,14,245,211,456,0,1,1,457
88133,40,2724,14,16,30,225,215,440,12,13,25,465
88175,40,2724,10,14,24,59,65,124,0,7,7,131
89827,40,2724,11,8,19,55,46,101,14,4,18,119
10060,41,2725,5,5,10,474,431,905,0,7,7,912
10281,41,2725,9,11,20,470,454,924,0,14,14,938
10353,41,2725,24,28,52,603,630,1233,7,9,16,1249
10841,41,2725,7,11,18,59,62,121,4,11,15,136
11023,41,2725,6,7,13,378,355,733,2,5,7,740
11692,41,2725,7,14,21,207,220,427,4,23,27,454
13799,41,2725,7,5,12,39,39,78,2,8,10,88
13882,41,2725,25,28,53,298,328,626,4,13,17,643
14188,41,2725,18,18,36,232,269,501,8,18,26,527
15071,41,2725,4,4,8,464,493,957,4,3,7,964
15723,41,2725,1,0,1,1,0,1,0,0,0,1
15776,41,2725,10,12,22,149,143,292,5,18,23,315
16313,41,2725,23,24,47,177,170,347,10,40,50,397
16495,41,2725,14,18,32,267,251,518,6,12,18,536
16933,41,2725,16,19,35,301,285,586,9,24,33,619
17353,41,2725,14,18,32,80,45,125,3,22,25,150
18394,41,2725,27,29,56,697,520,1217,29,15,44,1261
19066,41,2725,11,11,22,64,63,127,6,18,24,151
19844,41,2725,13,15,28,79,78,157,19,7,26,183
21350,41,2725,26,28,54,626,690,1316,4,55,59,1375
22617,41,2725,8,8,16,64,55,119,0,2,2,121
22745,41,2725,9,10,19,115,111,226,3,3,6,232
22931,41,2725,9,7,16,80,105,185,3,6,9,194
23040,41,2725,11,13,24,127,109,236,6,7,13,249
23144,41,2725,8,7,15,32,25,57,3,7,10,67
23642,41,2725,5,6,11,55,56,111,0,0,0,111
24543,41,2725,7,13,20,62,53,115,7,22,29,144
24760,41,2725,13,14,27,234,264,498,19,32,51,549
24853,41,2725,10,12,22,54,46,100,3,8,11,111
25171,41,2725,20,22,42,712,727,1439,15,25,40,1479
25323,41,2725,7,8,15,74,50,124,0,0,0,124
25494,41,2725,23,25,48,252,238,490,19,24,43,533
25544,41,2725,39,64,103,444,425,869,1,15,16,885
25947,41,2725,15,14,29,114,93,207,7,9,16,223
26127,41,2725,22,20,42,90,84,174,33,44,77,251
26425,41,2725,7,8,15,12,9,21,3,21,24,45
28831,41,2725,2,5,7,4,5,9,0,2,2,11
29914,41,2725,10,11,21,215,158,373,4,22,26,399
30076,41,2725,16,21,37,273,280,553,2,8,10,563
31372,41,2725,8,8,16,135,105,240,5,5,10,250
31583,41,2725,30,36,66,407,378,785,24,29,53,838
32100,41,2725,6,8,14,13,19,32,2,8,10,42
32174,41,2725,7,9,16,34,31,65,0,4,4,69
32899,41,2725,5,6,11,42,45,87,2,6,8,95
33094,41,2725,19,19,38,125,112,237,80,119,199,436
34250,41,2725,14,15,29,62,63,125,13,17,30,155
34853,41,2725,9,14,23,205,224,429,9,18,27,456
35227,41,2725,17,17,34,357,413,770,4,4,8,778
36006,41,2725,4,3,7,11,3,14,2,0,2,16
36143,41,2725,33,35,68,298,215,513,67,117,184,697
36951,41,2725,44,50,94,429,447,876,15,32,47,923
37617,41,2725,11,10,21,347,255,602,4,7,11,613
38823,41,2725,12,12,24,30,26,56,3,8,11,67
38893,41,2725,4,6,10,5,3,8,2,8,10,18
38901,41,2725,18,19,37,177,163,340,4,5,9,349
38927,41,2725,14,15,29,95,101,196,4,4,8,204
39122,41,2725,10,7,17,49,16,65,6,10,16,81
39701,41,2725,20,25,45,596,625,1221,15,19,34,1255
39783,41,2725,10,18,28,86,82,168,33,53,86,254
40629,41,2725,15,16,31,107,106,213,8,18,26,239
41393,41,2725,16,14,30,64,41,105,1,7,8,113
44167,41,2725,32,39,71,324,320,644,4,14,18,662
44947,41,2725,11,13,24,228,244,472,1,8,9,481
44956,41,2725,15,38,53,75,73,148,23,103,126,274
45000,41,2725,6,8,14,30,28,58,3,11,14,72
45292,41,2725,43,47,90,517,581,1098,16,27,43,1141
45539,41,2725,10,7,17,67,46,113,2,1,3,116
45945,41,2725,5,4,9,534,525,1059,6,2,8,1067
46021,41,2725,14,20,34,197,161,358,24,36,60,418
46584,41,2725,10,12,22,14,8,22,1,20,21,43
46654,41,2725,16,17,33,1011,912,1923,24,31,55,1978
46771,41,2725,18,20,38,118,104,222,18,26,44,266
48187,41,2725,14,12,26,122,83,205,13,26,39,244
48429,41,2725,21,23,44,481,456,937,5,13,18,955
48990,41,2725,11,12,23,50,40,90,28,24,52,142
49294,41,2725,6,8,14,178,184,362,2,6,8,370
49597,41,2725,7,69,76,17,20,37,2,64,66,103
50181,41,2725,16,9,25,18,19,37,8,5,13,50
50709,41,2725,15,18,33,156,145,301,2,24,26,327
50869,41,2725,10,12,22,32,34,66,7,7,14,80
50947,41,2725,18,21,39,310,331,641,11,40,51,692
51102,41,2725,56,57,113,1331,1307,2638,9,42,51,2689
51552,41,2725,13,13,26,124,115,239,13,16,29,268
51597,41,2725,16,14,30,62,57,119,2,3,5,124
51675,41,2725,1,2,3,11,15,26,0,2,2,28
51722,41,2725,11,13,24,96,75,171,1,6,7,178
52067,41,2725,19,19,38,349,336,685,24,13,37,722
52385,41,2725,25,31,56,384,415,799,15,47,62,861
52441,41,2725,21,22,43,254,256,510,7,20,27,537
52635,41,2725,12,15,27,42,38,80,12,17,29,109
52923,41,2725,11,11,22,141,135,276,7,3,10,286
53275,41,2725,5,8,13,6,4,10,13,25,38,48
53884,41,2725,6,5,11,23,14,37,0,0,0,37
55464,41,2725,17,23,40,104,104,208,5,47,52,260
57637,41,2725,10,10,20,49,56,105,13,12,25,130
57896,41,2725,14,13,27,89,88,177,5,7,12,189
58909,41,2725,16,13,29,175,150,325,7,12,19,344
59367,41,2725,16,12,28,55,40,95,2,6,8,103
61280,41,2725,18,17,35,390,439,829,4,4,8,837
62560,41,2725,20,22,42,196,179,375,4,8,12,387
63063,41,2725,3,3,6,14,10,24,0,2,2,26
63188,41,2725,6,6,12,23,20,43,0,1,1,44
63757,41,2725,3,8,11,17,11,28,4,7,11,39
63817,41,2725,11,12,23,145,124,269,4,5,9,278
64772,41,2725,37,39,76,389,385,774,21,38,59,833
65102,41,2725,7,9,16,22,19,41,3,9,12,53
65526,41,2725,6,6,12,57,56,113,1,2,3,116
66245,41,2725,20,22,42,212,205,417,17,34,51,468
66404,41,2725,13,13,26,208,67,275,1,2,3,278
66754,41,2725,16,15,31,95,87,182,3,4,7,189
66991,41,2725,32,33,65,354,323,677,8,19,27,704
68494,41,2725,18,15,33,549,466,1015,10,10,20,1035
68533,41,2725,19,20,39,85,81,166,9,7,16,182
68633,41,2725,5,8,13,16,12,28,6,14,20,48
69065,41,2725,16,17,33,337,306,643,3,29,32,675
70889,41,2725,9,9,18,41,38,79,0,3,3,82
71187,41,2725,14,13,27,110,84,194,6,8,14,208
71518,41,2725,27,26,53,219,264,483,5,12,17,500
71627,41,2725,12,14,26,43,49,92,1,6,7,99
71700,41,2725,22,33,55,216,240,456,15,31,46,502
71782,41,2725,17,15,32,155,83,238,14,12,26,264
72746,41,2725,11,11,22,69,60,129,3,6,9,138
73175,41,2725,7,7,14,97,77,174,1,6,7,181
73303,41,2725,9,10,19,59,48,107,4,7,11,118
74916,41,2725,20,20,40,574,526,1100,12,10,22,1122
75261,41,2725,14,13,27,135,130,265,7,8,15,280
75466,41,2725,1,0,1,1,0,1,0,0,0,1
75468,41,2725,8,9,17,45,50,95,4,5,9,104
76313,41,2725,13,16,29,98,65,163,9,14,23,186
77023,41,2725,14,15,29,90,104,194,10,33,43,237
77291,41,2725,16,19,35,188,184,372,0,7,7,379
77824,41,2725,21,20,41,100,85,185,6,9,15,200
78062,41,2725,8,8,16,249,260,509,2,3,5,514
78638,41,2725,15,16,31,693,632,1325,4,12,16,1341
78911,41,2725,9,13,22,110,114,224,1,6,7,231
78966,41,2725,17,19,36,599,53,652,6,18,24,676
79877,41,2725,9,8,17,48,35,83,11,14,25,108
80058,41,2725,33,31,64,146,131,277,16,13,29,306
80193,41,2725,13,13,26,478,649,1127,19,46,65,1192
82060,41,2725,10,10,20,54,46,100,8,9,17,117
82282,41,2725,7,7,14,43,34,77,2,2,4,81
83568,41,2725,11,15,26,108,80,188,7,18,25,213
84215,41,2725,3,2,5,11,8,19,0,0,0,19
84472,41,2725,22,22,44,251,261,512,5,9,14,526
84841,41,2725,14,17,31,52,51,103,17,21,38,141
85596,41,2725,13,16,29,175,161,336,11,12,23,359
85970,41,2725,21,23,44,370,426,796,2,34,36,832
86009,41,2725,12,19,31,220,225,445,7,16,23,468
86237,41,2725,5,5,10,35,45,80,0,1,1,81
86352,41,2725,3,4,7,0,2,2,5,3,8,10
86610,41,2725,20,18,38,191,171,362,7,2,9,371
86727,41,2725,9,10,19,572,464,1036,4,2,6,1042
88133,41,2725,14,14,28,101,93,194,12,9,21,215
88175,41,2725,10,13,23,61,65,126,1,6,7,133
89827,41,2725,10,13,23,60,34,94,13,13,26,120
10060,42,2726,4,4,8,550,510,1060,0,1,1,1061
10281,42,2726,17,21,38,556,538,1094,11,5,16,1110
10353,42,2726,14,16,30,275,273,548,11,13,24,572
10841,42,2726,8,9,17,27,25,52,5,13,18,70
11023,42,2726,8,12,20,282,329,611,4,14,18,629
11692,42,2726,9,16,25,236,282,518,16,30,46,564
13799,42,2726,2,2,4,6,0,6,0,2,2,8
13882,42,2726,25,32,57,496,532,1028,4,16,20,1048
14106,42,2726,3,0,3,3,0,3,0,0,0,3
14188,42,2726,15,16,31,128,118,246,9,25,34,280
15071,42,2726,7,6,13,223,230,453,4,0,4,457
15723,42,2726,1,1,2,2,1,3,0,0,0,3
15776,42,2726,12,11,23,170,158,328,2,6,8,336
16313,42,2726,21,21,42,123,116,239,9,20,29,268
16495,42,2726,17,19,36,341,312,653,8,25,33,686
16933,42,2726,24,24,48,393,374,767,30,36,66,833
17353,42,2726,14,15,29,115,57,172,2,16,18,190
18394,42,2726,26,26,52,421,281,702,7,14,21,723
19066,42,2726,7,8,15,35,42,77,0,9,9,86
19844,42,2726,10,12,22,99,85,184,2,4,6,190
21350,42,2726,17,20,37,670,743,1413,15,29,44,1457
22617,42,2726,9,9,18,71,56,127,0,0,0,127
22745,42,2726,11,11,22,259,259,518,1,3,4,522
22931,42,2726,12,9,21,77,54,131,2,6,8,139
23040,42,2726,13,14,27,124,109,233,4,13,17,250
23144,42,2726,6,7,13,43,35,78,1,1,2,80
23642,42,2726,6,6,12,27,23,50,0,1,1,51
24543,42,2726,6,9,15,45,45,90,0,11,11,101
24760,42,2726,13,16,29,289,293,582,23,40,63,645
24853,42,2726,13,19,32,66,39,105,6,33,39,144
25171,42,2726,24,25,49,556,571,1127,17,14,31,1158
25323,42,2726,9,10,19,44,46,90,1,0,1,91
25494,42,2726,24,24,48,214,206,420,23,38,61,481
25544,42,2726,25,40,65,343,307,650,2,27,29,679
25947,42,2726,13,17,30,137,112,249,15,28,43,292
26127,42,2726,19,19,38,77,70,147,12,36,48,195
26425,42,2726,4,3,7,4,1,5,1,2,3,8
28831,42,2726,2,4,6,4,7,11,0,2,2,13
29914,42,2726,10,12,22,112,90,202,8,26,34,236
30076,42,2726,18,21,39,216,251,467,1,5,6,473
31372,42,2726,8,10,18,72,63,135,0,13,13,148
31583,42,2726,43,42,85,501,524,1025,11,27,38,1063
32100,42,2726,10,8,18,26,22,48,3,10,13,61
32174,42,2726,13,10,23,77,72,149,2,1,3,152
32899,42,2726,6,6,12,21,21,42,6,3,9,51
33094,42,2726,14,23,37,182,161,343,70,127,197,540
34250,42,2726,1,0,1,1,0,1,0,0,0,1
34853,42,2726,16,17,33,269,315,584,15,42,57,641
35227,42,2726,19,20,39,323,323,646,11,21,32,678
36006,42,2726,2,3,5,2,1,3,2,3,5,8
36143,42,2726,25,24,49,196,146,342,57,84,141,483
36951,42,2726,33,37,70,209,222,431,4,14,18,449
37617,42,2726,9,10,19,553,357,910,0,3,3,913
38823,42,2726,6,8,14,39,38,77,2,4,6,83
38893,42,2726,9,10,19,95,88,183,7,9,16,199
38901,42,2726,9,9,18,45,31,76,0,1,1,77
38927,42,2726,17,19,36,82,70,152,5,14,19,171
39122,42,2726,5,5,10,29,18,47,0,2,2,49
39701,42,2726,24,28,52,829,863,1692,22,49,71,1763
39783,42,2726,18,22,40,225,223,448,15,19,34,482
40629,42,2726,16,16,32,150,148,298,7,14,21,319
41393,42,2726,26,31,57,115,92,207,10,10,20,227
44167,42,2726,41,47,88,246,251,497,6,33,39,536
44947,42,2726,6,7,13,286,285,571,0,7,7,578
44956,42,2726,9,49,58,9,13,22,5,77,82,104
45000,42,2726,10,10,20,147,130,277,9,10,19,296
45292,42,2726,27,34,61,238,226,464,12,21,33,497
45539,42,2726,8,6,14,57,43,100,1,1,2,102
45945,42,2726,5,6,11,406,422,828,0,1,1,829
46021,42,2726,12,12,24,126,101,227,23,33,56,283
46584,42,2726,2,3,5,9,5,14,0,1,1,15
46654,42,2726,19,18,37,1129,1057,2186,25,15,40,2226
46771,42,2726,16,13,29,103,70,173,14,15,29,202
48187,42,2726,17,12,29,75,62,137,16,30,46,183
48429,42,2726,22,27,49,283,293,576,23,36,59,635
48990,42,2726,7,11,18,20,15,35,10,31,41,76
49294,42,2726,7,8,15,147,164,311,1,0,1,312
49597,42,2726,7,79,86,38,47,85,7,78,85,170
50181,42,2726,11,9,20,30,24,54,8,3,11,65
50709,42,2726,12,12,24,123,115,238,0,10,10,248
50869,42,2726,14,17,31,130,130,260,8,21,29,289
50947,42,2726,14,17,31,184,212,396,4,7,11,407
51102,42,2726,62,54,116,1347,1306,2653,11,23,34,2687
51552,42,2726,21,19,40,132,112,244,25,21,46,290
51597,42,2726,15,20,35,52,40,92,1,13,14,106
51675,42,2726,3,7,10,10,7,17,1,5,6,23
51722,42,2726,10,11,21,59,53,112,2,5,7,119
52067,42,2726,23,21,44,321,221,542,19,12,31,573
52385,42,2726,20,20,40,147,167,314,6,36,42,356
52441,42,2726,16,20,36,122,110,232,1,19,20,252
52635,42,2726,9,12,21,24,26,50,11,12,23,73
52923,42,2726,11,14,25,127,115,242,4,10,14,256
53275,42,2726,3,4,7,23,30,53,2,4,6,59
53884,42,2726,6,6,12,34,24,58,1,1,2,60
55464,42,2726,17,39,56,86,73,159,8,67,75,234
57637,42,2726,10,11,21,96,106,202,7,5,12,214
57896,42,2726,5,5,10,35,48,83,1,0,1,84
58909,42,2726,10,7,17,70,62,132,0,2,2,134
59367,42,2726,12,7,19,51,49,100,2,3,5,105
61280,42,2726,11,11,22,239,194,433,2,3,5,438
62560,42,2726,12,15,27,197,142,339,0,12,12,351
63063,42,2726,14,20,34,60,58,118,3,38,41,159
63188,42,2726,8,8,16,49,50,99,1,4,5,104
63757,42,2726,4,9,13,19,18,37,0,9,9,46
63817,42,2726,19,19,38,567,504,1071,5,10,15,1086
64772,42,2726,32,35,67,525,286,811,19,41,60,871
65102,42,2726,8,12,20,196,189,385,23,25,48,433
65526,42,2726,4,5,9,30,24,54,0,4,4,58
66245,42,2726,17,16,33,175,161,336,18,17,35,371
66404,42,2726,12,14,26,236,47,283,7,15,22,305
66754,42,2726,23,21,44,232,219,451,11,13,24,475
66991,42,2726,28,32,60,338,267,605,11,24,35,640
67947,42,2726,5,0,5,8,0,8,0,0,0,8
68494,42,2726,18,22,40,334,315,649,8,43,51,700
68533,42,2726,17,19,36,133,110,243,3,25,28,271
68633,42,2726,11,19,30,204,180,384,6,21,27,411
69065,42,2726,16,15,31,413,347,760,4,11,15,775
70889,42,2726,7,12,19,80,72,152,4,5,9,161
71187,42,2726,7,9,16,37,27,64,4,8,12,76
71518,42,2726,20,19,39,157,174,331,4,16,20,351
71700,42,2726,15,26,41,184,184,368,11,34,45,413
71782,42,2726,10,12,22,117,61,178,6,10,16,194
72746,42,2726,8,9,17,95,85,180,7,3,10,190
73175,42,2726,6,8,14,49,50,99,2,5,7,106
73303,42,2726,5,5,10,21,16,37,6,8,14,51
74916,42,2726,29,32,61,601,583,1184,14,10,24,1208
75261,42,2726,20,20,40,250,218,468,6,12,18,486
75466,42,2726,0,1,1,0,0,0,0,1,1,1
75468,42,2726,5,11,16,47,55,102,2,14,16,118
76313,42,2726,17,18,35,131,99,230,4,5,9,239
77023,42,2726,15,20,35,215,184,399,16,40,56,455
77291,42,2726,14,15,29,84,95,179,1,3,4,183
77824,42,2726,4,2,6,7,3,10,0,0,0,10
78062,42,2726,11,11,22,437,462,899,5,8,13,912
78638,42,2726,18,19,37,450,412,862,7,17,24,886
78911,42,2726,11,12,23,64,69,133,3,13,16,149
78966,42,2726,16,20,36,746,166,912,2,11,13,925
79877,42,2726,12,11,23,69,48,117,10,7,17,134
80058,42,2726,23,22,45,86,76,162,10,28,38,200
80193,42,2726,14,15,29,717,900,1617,21,50,71,1688
82060,42,2726,11,13,24,106,85,191,18,29,47,238
82282,42,2726,7,8,15,55,54,109,1,2,3,112
83568,42,2726,17,16,33,167,106,273,9,15,24,297
84215,42,2726,3,3,6,29,25,54,0,0,0,54
84472,42,2726,20,22,42,299,288,587,6,12,18,605
84841,42,2726,28,26,54,168,156,324,21,18,39,363
85596,42,2726,14,19,33,234,225,459,5,18,23,482
85970,42,2726,22,22,44,328,377,705,5,21,26,731
86009,42,2726,15,16,31,268,267,535,3,26,29,564
86237,42,2726,2,3,5,5,3,8,0,1,1,9
86352,42,2726,5,6,11,8,10,18,4,10,14,32
86610,42,2726,13,14,27,166,168,334,2,15,17,351
86727,42,2726,7,3,10,606,541,1147,4,0,4,1151
88133,42,2726,11,10,21,55,48,103,7,5,12,115
88175,42,2726,21,25,46,174,177,351,7,16,23,374
89827,42,2726,11,10,21,72,50,122,22,14,36,158
10060,43,2727,8,7,15,345,317,662,2,1,3,665
10281,43,2727,8,8,16,499,469,968,5,13,18,986
10353,43,2727,21,22,43,530,531,1061,9,9,18,1079
10841,43,2727,8,9,17,60,51,111,3,6,9,120
11023,43,2727,8,11,19,39,61,100,5,8,13,113
11692,43,2727,6,13,19,82,89,171,0,16,16,187
13799,43,2727,4,6,10,11,13,24,3,10,13,37
13882,43,2727,31,33,64,355,473,828,3,8,11,839
13896,43,2727,0,1,1,0,0,0,0,2,2,2
14106,43,2727,7,12,19,64,57,121,8,26,34,155
14188,43,2727,11,22,33,68,68,136,0,17,17,153
15071,43,2727,10,7,17,78,79,157,5,8,13,170
15776,43,2727,14,19,33,141,126,267,2,13,15,282
16313,43,2727,28,27,55,295,274,569,5,18,23,592
16495,43,2727,19,19,38,287,267,554,5,37,42,596
16933,43,2727,16,16,32,422,346,768,24,28,52,820
17353,43,2727,10,10,20,113,62,175,1,9,10,185
18394,43,2727,26,26,52,686,552,1238,10,5,15,1253
19066,43,2727,7,3,10,26,14,40,1,4,5,45
19844,43,2727,10,10,20,51,41,92,1,3,4,96
21350,43,2727,21,24,45,588,637,1225,2,21,23,1248
22617,43,2727,13,13,26,136,126,262,0,0,0,262
22745,43,2727,9,11,20,91,87,178,0,4,4,182
22931,43,2727,14,15,29,123,117,240,10,13,23,263
23040,43,2727,10,11,21,78,77,155,8,10,18,173
23144,43,2727,6,8,14,29,17,46,0,5,5,51
23642,43,2727,6,4,10,63,56,119,9,2,11,130
24543,43,2727,8,7,15,49,35,84,2,7,9,93
24760,43,2727,17,26,43,207,214,421,22,44,66,487
24853,43,2727,9,8,17,39,47,86,2,0,2,88
25171,43,2727,35,34,69,761,769,1530,19,15,34,1564
25323,43,2727,13,15,28,102,75,177,2,3,5,182
25494,43,2727,22,29,51,585,609,1194,4,14,18,1212
25544,43,2727,37,51,88,376,386,762,4,12,16,778
25947,43,2727,17,16,33,108,85,193,8,18,26,219
26127,43,2727,19,18,37,96,78,174,30,38,68,242
26425,43,2727,4,4,8,15,18,33,0,2,2,35
28831,43,2727,3,4,7,8,7,15,1,5,6,21
29914,43,2727,9,8,17,155,126,281,7,39,46,327
30076,43,2727,12,17,29,167,181,348,0,10,10,358
31372,43,2727,5,6,11,19,15,34,2,4,6,40
31583,43,2727,34,38,72,379,406,785,20,19,39,824
32100,43,2727,8,6,14,17,16,33,4,6,10,43
32174,43,2727,7,8,15,47,43,90,3,8,11,101
32899,43,2727,3,3,6,8,23,31,3,3,6,37
33094,43,2727,20,20,40,145,166,311,45,68,113,424
34853,43,2727,18,19,37,205,234,439,5,9,14,453
35227,43,2727,17,21,38,615,638,1253,14,25,39,1292
36006,43,2727,3,3,6,4,5,9,4,1,5,14
36143,43,2727,27,30,57,216,161,377,57,72,129,506
36951,43,2727,38,36,74,253,274,527,7,2,9,536
37617,43,2727,11,13,24,465,315,780,4,5,9,789
38823,43,2727,6,5,11,59,58,117,2,2,4,121
38893,43,2727,9,10,19,46,33,79,5,8,13,92
38901,43,2727,22,27,49,254,233,487,3,9,12,499
38927,43,2727,13,17,30,109,105,214,3,4,7,221
39122,43,2727,8,10,18,36,28,64,1,10,11,75
39701,43,2727,18,21,39,547,574,1121,6,12,18,1139
39783,43,2727,10,20,30,310,301,611,22,35,57,668
40629,43,2727,13,16,29,138,133,271,4,6,10,281
41393,43,2727,18,19,37,82,79,161,1,2,3,164
44167,43,2727,33,36,69,289,328,617,10,31,41,658
44947,43,2727,8,9,17,335,336,671,6,17,23,694
44956,43,2727,8,16,24,28,30,58,3,19,22,80
45000,43,2727,4,4,8,27,23,50,0,0,0,50
45292,43,2727,20,23,43,251,173,424,5,8,13,437
45539,43,2727,9,7,16,66,56,122,5,7,12,134
45945,43,2727,10,10,20,560,574,1134,3,2,5,1139
46021,43,2727,21,23,44,189,147,336,21,33,54,390
46584,43,2727,2,0,2,2,0,2,0,0,0,2
46654,43,2727,16,15,31,654,567,1221,33,25,58,1279
46771,43,2727,27,33,60,160,139,299,14,33,47,346
48187,43,2727,13,9,22,117,113,230,18,27,45,275
48429,43,2727,19,26,45,376,401,777,11,29,40,817
48990,43,2727,8,11,19,32,23,55,3,18,21,76
49597,43,2727,6,6,12,32,28,60,4,3,7,67
50181,43,2727,10,10,20,17,25,42,2,6,8,50
50709,43,2727,12,12,24,85,84,169,4,1,5,174
50869,43,2727,9,10,19,221,220,441,2,8,10,451
50947,43,2727,11,14,25,221,222,443,2,21,23,466
51102,43,2727,62,56,118,1376,1339,2715,10,17,27,2742
51552,43,2727,14,21,35,156,129,285,10,25,35,320
51597,43,2727,10,21,31,28,28,56,1,18,19,75
51675,43,2727,1,1,2,15,20,35,1,2,3,38
51722,43,2727,19,18,37,112,96,208,3,4,7,215
52067,43,2727,20,23,43,255,241,496,16,21,37,533
52385,43,2727,25,35,60,159,144,303,11,53,64,367
52441,43,2727,33,37,70,283,291,574,6,8,14,588
52635,43,2727,9,13,22,69,60,129,22,29,51,180
52923,43,2727,9,14,23,49,58,107,4,12,16,123
53275,43,2727,3,5,8,0,1,1,6,6,12,13
53884,43,2727,8,7,15,22,16,38,2,2,4,42
55464,43,2727,16,19,35,112,118,230,7,30,37,267
57637,43,2727,18,20,38,123,135,258,9,10,19,277
57896,43,2727,13,12,25,107,86,193,6,2,8,201
58909,43,2727,9,7,16,26,22,48,2,4,6,54
59367,43,2727,14,9,23,59,52,111,2,1,3,114
61280,43,2727,13,13,26,207,174,381,1,4,5,386
63063,43,2727,14,14,28,54,54,108,7,37,44,152
63188,43,2727,12,14,26,59,57,116,6,8,14,130
63757,43,2727,6,11,17,26,17,43,2,17,19,62
63817,43,2727,10,11,21,566,538,1104,3,8,11,1115
64772,43,2727,40,47,87,894,343,1237,39,78,117,1354
65102,43,2727,8,8,16,304,249,553,12,31,43,596
65526,43,2727,10,11,21,59,57,116,3,3,6,122
66245,43,2727,18,19,37,248,242,490,26,21,47,537
66404,43,2727,15,15,30,266,58,324,4,7,11,335
66754,43,2727,21,21,42,259,244,503,11,12,23,526
66991,43,2727,19,22,41,157,138,295,4,21,25,320
67947,43,2727,1,0,1,2,0,2,0,0,0,2
68494,43,2727,16,15,31,741,536,1277,3,19,22,1299
68533,43,2727,22,23,45,159,130,289,6,27,33,322
68633,43,2727,8,6,14,88,74,162,8,1,9,171
69065,43,2727,17,18,35,194,112,306,5,14,19,325
70889,43,2727,8,20,28,55,49,104,0,18,18,122
71187,43,2727,10,13,23,112,93,205,4,13,17,222
71518,43,2727,12,15,27,111,91,202,7,11,18,220
71700,43,2727,14,15,29,153,160,313,13,26,39,352
71782,43,2727,15,18,33,195,136,331,10,16,26,357
72746,43,2727,9,10,19,91,90,181,4,8,12,193
73175,43,2727,7,9,16,64,74,138,4,12,16,154
73303,43,2727,7,8,15,72,61,133,2,11,13,146
74916,43,2727,23,24,47,203,172,375,13,18,31,406
75261,43,2727,22,24,46,259,251,510,2,4,6,516
75468,43,2727,10,10,20,23,30,53,6,11,17,70
76313,43,2727,9,11,20,104,60,164,3,12,15,179
77023,43,2727,12,18,30,272,265,537,16,48,64,601
77291,43,2727,18,19,37,128,148,276,3,4,7,283
77824,43,2727,15,16,31,81,75,156,6,39,45,201
78062,43,2727,9,7,16,375,384,759,4,6,10,769
78638,43,2727,15,14,29,554,489,1043,5,20,25,1068
78911,43,2727,16,15,31,104,137,241,7,11,18,259
78966,43,2727,21,28,49,652,113,765,4,25,29,794
79877,43,2727,10,9,19,75,64,139,14,17,31,170
80058,43,2727,24,21,45,74,78,152,15,8,23,175
80193,43,2727,18,17,35,680,757,1437,19,32,51,1488
82060,43,2727,12,12,24,154,121,275,25,32,57,332
82282,43,2727,6,5,11,79,83,162,2,3,5,167
83568,43,2727,21,21,42,178,128,306,6,17,23,329
84215,43,2727,4,3,7,29,21,50,2,1,3,53
84472,43,2727,19,20,39,208,181,389,2,11,13,402
84841,43,2727,27,26,53,246,198,444,36,48,84,528
85596,43,2727,14,17,31,305,289,594,12,18,30,624
85970,43,2727,18,20,38,222,274,496,7,27,34,530
86009,43,2727,10,16,26,156,174,330,6,15,21,351
86237,43,2727,1,2,3,8,8,16,0,0,0,16
86352,43,2727,9,14,23,19,22,41,10,28,38,79
86610,43,2727,15,16,31,179,182,361,16,32,48,409
86727,43,2727,6,6,12,442,412,854,3,1,4,858
88133,43,2727,15,12,27,141,113,254,7,8,15,269
88175,43,2727,12,11,23,123,112,235,0,0,0,235
89827,43,2727,9,11,20,123,83,206,9,13,22,228
10060,44,2728,6,6,12,619,580,1199,0,3,3,1202
10281,44,2728,7,10,17,441,420,861,6,9,15,876
10353,44,2728,16,21,37,453,458,911,6,22,28,939
10841,44,2728,13,17,30,119,127,246,8,20,28,274
11023,44,2728,2,3,5,83,94,177,3,7,10,187
11692,44,2728,8,12,20,156,161,317,2,8,10,327
13799,44,2728,3,2,5,23,27,50,0,0,0,50
13882,44,2728,24,31,55,322,368,690,1,8,9,699
14106,44,2728,13,15,28,173,110,283,26,27,53,336
14188,44,2728,12,16,28,126,135,261,3,15,18,279
15071,44,2728,5,6,11,102,88,190,1,4,5,195
15776,44,2728,11,12,23,155,148,303,5,13,18,321
16313,44,2728,29,31,60,324,305,629,7,19,26,655
16495,44,2728,22,25,47,320,282,602,14,54,68,670
16933,44,2728,24,24,48,333,267,600,22,23,45,645
17353,44,2728,14,20,34,49,36,85,6,27,33,118
18394,44,2728,17,19,36,343,234,577,3,6,9,586
19066,44,2728,15,17,32,40,36,76,4,15,19,95
19844,44,2728,13,16,29,65,51,116,7,13,20,136
21350,44,2728,25,26,51,555,610,1165,7,29,36,1201
22617,44,2728,15,14,29,145,137,282,1,0,1,283
22745,44,2728,2,2,4,32,27,59,0,0,0,59
22931,44,2728,22,18,40,148,132,280,13,26,39,319
23040,44,2728,13,13,26,126,122,248,0,2,2,250
23144,44,2728,7,9,16,22,10,32,4,26,30,62
23642,44,2728,6,6,12,44,40,84,5,2,7,91
24543,44,2728,9,11,20,82,79,161,1,9,10,171
24760,44,2728,17,21,38,245,263,508,14,25,39,547
24853,44,2728,6,7,13,69,56,125,0,8,8,133
25171,44,2728,24,28,52,705,691,1396,17,16,33,1429
25323,44,2728,12,11,23,185,129,314,2,2,4,318
25494,44,2728,16,18,34,185,187,372,14,31,45,417
25544,44,2728,39,46,85,626,594,1220,5,13,18,1238
25947,44,2728,13,15,28,80,62,142,6,18,24,166
26127,44,2728,19,17,36,216,213,429,32,42,74,503
26425,44,2728,5,7,12,6,3,9,15,10,25,34
28831,44,2728,2,6,8,16,7,23,0,10,10,33
29914,44,2728,9,9,18,284,162,446,9,49,58,504
30076,44,2728,12,15,27,109,131,240,0,7,7,247
31372,44,2728,8,9,17,91,88,179,3,6,9,188
31583,44,2728,30,32,62,278,307,585,5,9,14,599
32100,44,2728,6,11,17,12,11,23,4,18,22,45
32174,44,2728,9,10,19,46,46,92,2,8,10,102
32899,44,2728,10,10,20,78,91,169,6,3,9,178
33094,44,2728,5,5,10,17,18,35,12,16,28,63
34853,44,2728,24,28,52,445,486,931,9,22,31,962
35227,44,2728,26,20,46,546,657,1203,15,23,38,1241
36006,44,2728,3,2,5,1,1,2,2,1,3,5
36143,44,2728,25,30,55,294,227,521,59,111,170,691
36951,44,2728,42,47,89,416,439,855,11,16,27,882
37617,44,2728,12,15,27,181,142,323,0,3,3,326
38823,44,2728,12,13,25,58,56,114,5,7,12,126
38893,44,2728,11,12,23,56,52,108,4,15,19,127
38901,44,2728,24,23,47,326,291,617,2,3,5,622
38927,44,2728,17,21,38,96,114,210,2,5,7,217
39122,44,2728,8,6,14,26,21,47,6,13,19,66
39701,44,2728,17,22,39,389,406,795,15,39,54,849
39783,44,2728,12,13,25,207,198,405,13,17,30,435
40629,44,2728,21,24,45,166,160,326,3,1,4,330
41393,44,2728,17,16,33,86,75,161,3,2,5,166
44167,44,2728,9,7,16,18,11,29,2,6,8,37
44947,44,2728,8,8,16,303,293,596,2,5,7,603
44956,44,2728,7,13,20,15,20,35,3,19,22,57
45000,44,2728,7,7,14,68,76,144,0,5,5,149
45292,44,2728,22,23,45,191,185,376,2,7,9,385
45539,44,2728,7,8,15,69,54,123,0,6,6,129
45945,44,2728,5,6,11,149,163,312,4,10,14,326
46021,44,2728,16,17,33,209,154,363,33,32,65,428
46584,44,2728,3,8,11,3,5,8,0,16,16,24
46654,44,2728,20,18,38,1017,928,1945,30,41,71,2016
46771,44,2728,27,34,61,147,123,270,7,23,30,300
48187,44,2728,13,14,27,104,93,197,15,34,49,246
48429,44,2728,24,23,47,429,428,857,11,21,32,889
48990,44,2728,8,12,20,38,28,66,6,19,25,91
49294,44,2728,2,4,6,16,11,27,0,17,17,44
49597,44,2728,6,82,88,56,65,121,1,78,79,200
50181,44,2728,11,12,23,16,19,35,9,11,20,55
50709,44,2728,10,11,21,108,105,213,6,12,18,231
50869,44,2728,10,12,22,396,413,809,2,9,11,820
50947,44,2728,16,19,35,364,392,756,1,30,31,787
51102,44,2728,59,54,113,914,913,1827,11,33,44,1871
51552,44,2728,17,22,39,212,160,372,17,28,45,417
51597,44,2728,9,14,23,17,9,26,1,20,21,47
51675,44,2728,3,1,4,19,16,35,2,0,2,37
51722,44,2728,16,15,31,142,127,269,4,17,21,290
52067,44,2728,20,21,41,273,214,487,20,22,42,529
52385,44,2728,22,29,51,197,182,379,12,38,50,429
52441,44,2728,16,14,30,38,37,75,3,1,4,79
52635,44,2728,7,9,16,13,18,31,18,16,34,65
52923,44,2728,8,11,19,55,55,110,9,17,26,136
53275,44,2728,6,7,13,19,12,31,13,14,27,58
53884,44,2728,7,7,14,20,11,31,2,2,4,35
55464,44,2728,13,22,35,46,32,78,8,58,66,144
57637,44,2728,18,22,40,134,125,259,20,11,31,290
57896,44,2728,12,13,25,138,124,262,4,3,7,269
58909,44,2728,8,6,14,34,31,65,1,4,5,70
59367,44,2728,13,7,20,73,43,116,2,5,7,123
61280,44,2728,18,22,40,258,239,497,5,22,27,524
62555,44,2728,2,3,5,1,3,4,1,3,4,8
62560,44,2728,6,9,15,21,17,38,2,6,8,46
63063,44,2728,18,23,41,133,134,267,11,22,33,300
63188,44,2728,20,22,42,130,130,260,4,15,19,279
63757,44,2728,4,9,13,6,5,11,4,8,12,23
63817,44,2728,11,16,27,486,476,962,1,7,8,970
64772,44,2728,40,42,82,634,299,933,40,63,103,1036
65102,44,2728,6,8,14,339,286,625,14,28,42,667
65526,44,2728,4,4,8,38,37,75,0,0,0,75
66245,44,2728,18,16,34,174,176,350,19,11,30,380
66404,44,2728,12,14,26,309,91,400,1,4,5,405
66754,44,2728,15,18,33,161,138,299,4,17,21,320
66991,44,2728,19,20,39,207,151,358,7,29,36,394
68494,44,2728,14,17,31,648,433,1081,14,14,28,1109
68533,44,2728,14,14,28,51,48,99,0,0,0,99
68633,44,2728,7,9,16,103,104,207,20,28,48,255
69065,44,2728,13,12,25,229,180,409,1,12,13,422
70889,44,2728,5,6,11,12,11,23,0,2,2,25
71187,44,2728,10,12,22,65,66,131,1,4,5,136
71518,44,2728,12,12,24,99,84,183,12,18,30,213
71627,44,2728,25,28,53,188,179,367,4,10,14,381
71700,44,2728,18,21,39,203,231,434,11,19,30,464
71782,44,2728,15,14,29,164,81,245,3,10,13,258
72746,44,2728,13,12,25,132,140,272,8,9,17,289
73175,44,2728,7,8,15,69,57,126,1,7,8,134
73303,44,2728,7,6,13,21,15,36,4,1,5,41
74916,44,2728,17,20,37,79,70,149,10,8,18,167
75261,44,2728,25,25,50,335,304,639,4,7,11,650
76313,44,2728,14,12,26,155,120,275,6,3,9,284
77023,44,2728,13,13,26,134,102,236,10,20,30,266
77291,44,2728,20,18,38,353,304,657,2,2,4,661
77824,44,2728,8,9,17,40,42,82,4,12,16,98
78062,44,2728,9,9,18,297,304,601,2,3,5,606
78638,44,2728,23,23,46,814,753,1567,3,5,8,1575
78911,44,2728,14,14,28,100,114,214,4,4,8,222
78966,44,2728,17,19,36,759,94,853,3,1,4,857
79877,44,2728,10,10,20,57,47,104,3,4,7,111
80058,44,2728,20,16,36,105,76,181,2,9,11,192
80193,44,2728,17,20,37,398,554,952,12,32,44,996
82060,44,2728,10,14,24,181,181,362,17,37,54,416
82282,44,2728,7,5,12,110,122,232,3,8,11,243
83568,44,2728,17,16,33,125,77,202,5,12,17,219
84215,44,2728,4,7,11,45,45,90,0,4,4,94
84472,44,2728,20,18,38,210,144,354,4,4,8,362
84625,44,2728,1,0,1,1,0,1,0,0,0,1
84841,44,2728,16,16,32,139,130,269,23,25,48,317
85596,44,2728,15,17,32,344,350,694,5,11,16,710
85970,44,2728,12,14,26,213,263,476,3,22,25,501
86009,44,2728,9,10,19,261,259,520,5,5,10,530
86237,44,2728,4,2,6,24,28,52,1,0,1,53
86352,44,2728,29,32,61,76,67,143,62,75,137,280
86610,44,2728,21,23,44,232,203,435,17,55,72,507
86727,44,2728,9,8,17,545,516,1061,2,3,5,1066
88133,44,2728,15,25,40,240,229,469,11,31,42,511
88175,44,2728,13,12,25,78,64,142,2,5,7,149
89827,44,2728,8,7,15,48,29,77,8,11,19,96
10060,45,2729,6,6,12,628,578,1206,1,7,8,1214
10281,45,2729,11,10,21,471,414,885,1,11,12,897
10353,45,2729,20,20,40,489,493,982,16,9,25,1007
10841,45,2729,11,14,25,99,106,205,5,18,23,228
11023,45,2729,10,17,27,381,311,692,2,11,13,705
11360,45,2729,6,7,13,58,44,102,5,19,24,126
11692,45,2729,10,12,22,203,215,418,8,11,19,437
13882,45,2729,23,25,48,378,411,789,9,12,21,810
13896,45,2729,1,4,5,18,2,20,0,2,2,22
14106,45,2729,7,8,15,121,57,178,7,12,19,197
14188,45,2729,8,11,19,94,104,198,3,12,15,213
15071,45,2729,7,11,18,117,106,223,6,8,14,237
15548,45,2729,0,1,1,0,2,2,0,0,0,2
15776,45,2729,12,11,23,119,98,217,1,3,4,221
16313,45,2729,36,35,71,225,201,426,16,48,64,490
16495,45,2729,28,28,56,387,357,744,15,34,49,793
16933,45,2729,20,21,41,360,306,666,11,16,27,693
17353,45,2729,12,12,24,85,28,113,0,7,7,120
18394,45,2729,18,17,35,382,271,653,6,13,19,672
19066,45,2729,9,12,21,35,33,68,0,7,7,75
19844,45,2729,13,15,28,60,57,117,4,13,17,134
21350,45,2729,22,27,49,369,366,735,5,20,25,760
22617,45,2729,12,12,24,76,74,150,2,1,3,153
22745,45,2729,11,11,22,115,109,224,1,14,15,239
22931,45,2729,24,18,42,184,157,341,7,9,16,357
23040,45,2729,10,10,20,120,93,213,3,6,9,222
23144,45,2729,5,4,9,11,5,16,4,7,11,27
23642,45,2729,5,5,10,14,13,27,1,0,1,28
24543,45,2729,6,9,15,36,33,69,0,3,3,72
24760,45,2729,11,13,24,295,326,621,15,41,56,677
24853,45,2729,5,4,9,14,12,26,0,0,0,26
25171,45,2729,17,20,37,424,420,844,8,20,28,872
25323,45,2729,15,16,31,77,67,144,0,6,6,150
25494,45,2729,25,27,52,228,223,451,19,46,65,516
25544,45,2729,24,33,57,358,341,699,12,30,42,741
25947,45,2729,10,14,24,65,49,114,2,15,17,131
26127,45,2729,22,20,42,247,244,491,35,40,75,566
26425,45,2729,1,2,3,11,11,22,2,1,3,25
28831,45,2729,2,6,8,19,17,36,0,8,8,44
29914,45,2729,9,7,16,535,399,934,13,19,32,966
30076,45,2729,15,19,34,100,141,241,1,16,17,258
31372,45,2729,7,16,23,30,29,59,2,14,16,75
31583,45,2729,36,37,73,430,421,851,14,29,43,894
32100,45,2729,8,6,14,13,10,23,4,12,16,39
32174,45,2729,9,8,17,47,44,91,2,8,10,101
32899,45,2729,7,7,14,51,49,100,3,2,5,105
34853,45,2729,23,27,50,305,315,620,14,28,42,662
35227,45,2729,18,18,36,651,749,1400,4,14,18,1418
36006,45,2729,3,2,5,5,4,9,4,0,4,13
36143,45,2729,32,30,62,227,177,404,42,68,110,514
36951,45,2729,46,61,107,367,387,754,5,22,27,781
37617,45,2729,8,11,19,422,232,654,1,5,6,660
38823,45,2729,15,14,29,63,51,114,4,12,16,130
38893,45,2729,10,9,19,62,50,112,1,4,5,117
38901,45,2729,22,26,48,293,257,550,5,9,14,564
38927,45,2729,21,23,44,117,114,231,5,11,16,247
39122,45,2729,6,7,13,32,16,48,2,16,18,66
39701,45,2729,16,16,32,352,380,732,5,23,28,760
39783,45,2729,10,15,25,194,179,373,16,30,46,419
40629,45,2729,17,14,31,138,120,258,7,5,12,270
40997,45,2729,8,6,14,53,77,130,3,3,6,136
41393,45,2729,20,21,41,95,85,180,6,5,11,191
44167,45,2729,37,43,80,262,263,525,12,32,44,569
44947,45,2729,12,12,24,183,188,371,4,12,16,387
44956,45,2729,7,13,20,16,29,45,3,27,30,75
45000,45,2729,8,7,15,44,43,87,8,3,11,98
45292,45,2729,25,27,52,232,240,472,10,8,18,490
45539,45,2729,12,11,23,56,36,92,1,1,2,94
45945,45,2729,6,9,15,366,378,744,3,8,11,755
46021,45,2729,16,14,30,208,177,385,10,15,25,410
46584,45,2729,1,6,7,2,2,4,0,4,4,8
46654,45,2729,19,19,38,788,685,1473,27,58,85,1558
46771,45,2729,21,24,45,84,66,150,14,28,42,192
48187,45,2729,13,10,23,67,47,114,16,26,42,156
48429,45,2729,28,38,66,355,287,642,22,47,69,711
48990,45,2729,9,7,16,89,77,166,6,7,13,179
49294,45,2729,7,11,18,214,215,429,2,34,36,465
49597,45,2729,8,42,50,37,38,75,0,36,36,111
50181,45,2729,15,10,25,8,7,15,15,13,28,43
50709,45,2729,12,11,23,118,108,226,4,9,13,239
50869,45,2729,8,9,17,205,198,403,8,8,16,419
50947,45,2729,17,16,33,293,288,581,10,11,21,602
51102,45,2729,53,51,104,687,614,1301,7,18,25,1326
51552,45,2729,10,11,21,59,44,103,3,10,13,116
51597,45,2729,12,14,26,46,32,78,1,12,13,91
51675,45,2729,2,4,6,4,6,10,2,9,11,21
51722,45,2729,12,12,24,86,80,166,3,7,10,176
52067,45,2729,24,22,46,329,197,526,18,8,26,552
52385,45,2729,24,29,53,268,251,519,18,56,74,593
52441,45,2729,35,38,73,291,283,574,14,25,39,613
52635,45,2729,12,13,25,48,43,91,27,26,53,144
52923,45,2729,9,9,18,117,92,209,8,15,23,232
53275,45,2729,4,12,16,17,15,32,9,20,29,61
53884,45,2729,7,7,14,49,37,86,0,1,1,87
55464,45,2729,18,23,41,87,90,177,7,27,34,211
57637,45,2729,13,16,29,92,118,210,8,20,28,238
57896,45,2729,12,12,24,170,170,340,5,2,7,347
58909,45,2729,9,9,18,60,71,131,1,2,3,134
59367,45,2729,15,11,26,75,43,118,5,9,14,132
61280,45,2729,15,21,36,195,185,380,6,18,24,404
62555,45,2729,1,1,2,1,1,2,0,0,0,2
62560,45,2729,13,16,29,151,120,271,2,14,16,287
63063,45,2729,17,21,38,423,375,798,9,25,34,832
63188,45,2729,7,7,14,53,55,108,3,1,4,112
63757,45,2729,5,6,11,9,6,15,5,12,17,32
63817,45,2729,28,24,52,546,525,1071,11,4,15,1086
64772,45,2729,34,34,68,656,292,948,34,57,91,1039
65102,45,2729,9,15,24,227,226,453,23,27,50,503
65526,45,2729,8,12,20,69,58,127,0,10,10,137
66245,45,2729,21,23,44,168,150,318,13,10,23,341
66404,45,2729,13,12,25,282,86,368,2,5,7,375
66754,45,2729,7,2,9,29,2,31,0,0,0,31
66991,45,2729,42,46,88,383,293,676,15,45,60,736
68494,45,2729,16,18,34,877,612,1489,8,15,23,1512
68533,45,2729,20,22,42,90,65,155,9,22,31,186
68633,45,2729,6,7,13,130,94,224,4,5,9,233
69065,45,2729,15,14,29,336,254,590,7,10,17,607
70889,45,2729,12,13,25,97,83,180,0,8,8,188
71187,45,2729,6,6,12,87,74,161,3,3,6,167
71518,45,2729,9,10,19,69,52,121,0,2,2,123
71627,45,2729,29,34,63,217,226,443,6,14,20,463
71700,45,2729,12,14,26,94,104,198,7,13,20,218
71782,45,2729,8,9,17,95,17,112,2,9,11,123
72746,45,2729,16,19,35,129,132,261,13,4,17,278
73175,45,2729,7,8,15,88,79,167,1,10,11,178
73303,45,2729,7,6,13,37,24,61,1,0,1,62
74916,45,2729,15,17,32,30,31,61,17,20,37,98
75261,45,2729,21,23,44,327,295,622,5,12,17,639
76313,45,2729,10,12,22,79,82,161,3,4,7,168
77023,45,2729,4,6,10,12,11,23,3,7,10,33
77291,45,2729,12,13,25,190,183,373,2,6,8,381
77824,45,2729,18,18,36,118,124,242,7,12,19,261
78062,45,2729,9,11,20,330,341,671,2,8,10,681
78638,45,2729,26,28,54,567,546,1113,4,23,27,1140
78911,45,2729,12,12,24,39,51,90,3,2,5,95
78966,45,2729,23,24,47,1009,122,1131,2,7,9,1140
79877,45,2729,14,15,29,108,99,207,4,14,18,225
80058,45,2729,27,26,53,147,141,288,11,19,30,318
80193,45,2729,15,17,32,718,917,1635,14,37,51,1686
82060,45,2729,8,7,15,57,47,104,7,13,20,124
82282,45,2729,4,3,7,9,14,23,2,5,7,30
83568,45,2729,19,18,37,110,59,169,16,31,47,216
84215,45,2729,4,5,9,26,25,51,1,2,3,54
84472,45,2729,20,23,43,184,158,342,5,22,27,369
84625,45,2729,1,0,1,1,0,1,0,0,0,1
84841,45,2729,17,22,39,137,132,269,26,32,58,327
85596,45,2729,17,12,29,293,289,582,11,15,26,608
85970,45,2729,19,20,39,252,308,560,4,27,31,591
86009,45,2729,11,11,22,187,191,378,5,6,11,389
86237,45,2729,3,3,6,10,9,19,1,1,2,21
86352,45,2729,26,38,64,60,56,116,58,69,127,243
86610,45,2729,21,26,47,191,159,350,14,43,57,407
86727,45,2729,13,12,25,823,761,1584,2,1,3,1587
88133,45,2729,10,20,30,92,82,174,10,19,29,203
88175,45,2729,11,13,24,120,122,242,3,11,14,256
89827,45,2729,9,9,18,51,37,88,10,15,25,113
10060,46,2730,7,12,19,626,545,1171,2,24,26,1197
10281,46,2730,12,10,22,554,518,1072,2,4,6,1078
10353,46,2730,17,18,35,559,550,1109,7,10,17,1126
10841,46,2730,14,22,36,71,95,166,17,45,62,228
11023,46,2730,11,12,23,191,203,394,9,22,31,425
11692,46,2730,7,10,17,226,254,480,4,11,15,495
13799,46,2730,7,6,13,16,6,22,11,37,48,70
13882,46,2730,26,32,58,391,471,862,12,29,41,903
13896,46,2730,1,2,3,99,1,100,0,3,3,103
14106,46,2730,12,15,27,415,109,524,9,20,29,553
14188,46,2730,11,14,25,67,82,149,6,19,25,174
15071,46,2730,10,13,23,145,138,283,6,7,13,296
15723,46,2730,1,0,1,3,0,3,0,0,0,3
15776,46,2730,19,21,40,168,138,306,7,17,24,330
16313,46,2730,36,35,71,286,258,544,12,13,25,569
16495,46,2730,23,23,46,286,277,563,8,28,36,599
16933,46,2730,16,17,33,167,133,300,8,18,26,326
17353,46,2730,16,18,34,95,58,153,3,13,16,169
18394,46,2730,23,19,42,174,131,305,4,4,8,313
19066,46,2730,5,6,11,31,25,56,1,1,2,58
19844,46,2730,14,14,28,77,57,134,12,20,32,166
21350,46,2730,21,21,42,531,508,1039,6,18,24,1063
22617,46,2730,6,6,12,74,72,146,0,0,0,146
22745,46,2730,7,8,15,34,32,66,4,18,22,88
22931,46,2730,27,19,46,331,388,719,9,13,22,741
23040,46,2730,8,8,16,104,106,210,2,11,13,223
23144,46,2730,8,8,16,30,16,46,3,5,8,54
23642,46,2730,9,10,19,80,82,162,4,3,7,169
24543,46,2730,6,7,13,50,50,100,1,2,3,103
24760,46,2730,14,21,35,264,286,550,21,53,74,624
24853,46,2730,6,6,12,31,23,54,4,8,12,66
25171,46,2730,14,13,27,159,146,305,4,2,6,311
25323,46,2730,11,13,24,131,77,208,1,5,6,214
25494,46,2730,22,26,48,178,161,339,13,27,40,379
25544,46,2730,35,41,76,402,442,844,6,20,26,870
25947,46,2730,13,14,27,73,55,128,11,17,28,156
26127,46,2730,23,16,39,212,181,393,35,34,69,462
26425,46,2730,6,6,12,8,7,15,3,8,11,26
28831,46,2730,2,6,8,9,9,18,0,7,7,25
29914,46,2730,11,12,23,544,283,827,13,41,54,881
30076,46,2730,13,14,27,95,114,209,0,0,0,209
30952,46,2730,1,0,1,1,0,1,0,0,0,1
31372,46,2730,8,10,18,81,75,156,5,17,22,178
31583,46,2730,34,35,69,301,303,604,10,10,20,624
32100,46,2730,9,12,21,18,16,34,3,12,15,49
32174,46,2730,10,14,24,81,78,159,2,9,11,170
32899,46,2730,6,8,14,13,16,29,5,7,12,41
34853,46,2730,14,16,30,211,209,420,17,28,45,465
35227,46,2730,11,11,22,239,238,477,0,6,6,483
36006,46,2730,1,0,1,0,0,0,1,0,1,1
36143,46,2730,32,30,62,315,240,555,30,111,141,696
36951,46,2730,45,55,100,278,306,584,6,22,28,612
37617,46,2730,22,27,49,638,375,1013,4,14,18,1031
38823,46,2730,15,24,39,151,156,307,8,28,36,343
38893,46,2730,12,10,22,75,63,138,2,9,11,149
38901,46,2730,26,31,57,214,187,401,1,7,8,409
38927,46,2730,24,28,52,246,242,488,4,15,19,507
39122,46,2730,7,7,14,61,29,90,1,8,9,99
39701,46,2730,29,31,60,558,581,1139,16,30,46,1185
39783,46,2730,10,13,23,131,121,252,10,23,33,285
40629,46,2730,15,15,30,142,143,285,11,16,27,312
40997,46,2730,9,9,18,126,116,242,2,30,32,274
41393,46,2730,15,16,31,99,83,182,3,3,6,188
44167,46,2730,50,57,107,458,439,897,9,59,68,965
44947,46,2730,9,11,20,295,302,597,1,7,8,605
44956,46,2730,11,12,23,32,29,61,6,7,13,74
45000,46,2730,7,8,15,40,43,83,3,2,5,88
45292,46,2730,27,27,54,278,315,593,4,6,10,603
45539,46,2730,11,10,21,63,39,102,9,22,31,133
45945,46,2730,9,9,18,321,316,637,4,5,9,646
46021,46,2730,14,18,32,240,213,453,10,27,37,490
46584,46,2730,8,21,29,12,8,20,5,37,42,62
46654,46,2730,20,19,39,1231,1030,2261,23,48,71,2332
46771,46,2730,26,26,52,172,162,334,6,21,27,361
48187,46,2730,16,14,30,183,165,348,25,42,67,415
48429,46,2730,18,23,41,255,242,497,21,36,57,554
48990,46,2730,9,8,17,37,19,56,11,9,20,76
49294,46,2730,8,8,16,217,236,453,3,20,23,476
49597,46,2730,1,1,2,2,1,3,0,0,0,3
50181,46,2730,12,10,22,25,25,50,15,7,22,72
50709,46,2730,10,6,16,125,86,211,9,20,29,240
50869,46,2730,9,18,27,270,267,537,5,16,21,558
50947,46,2730,16,18,34,226,230,456,4,6,10,466
51102,46,2730,7,0,7,75,0,75,0,0,0,75
51552,46,2730,15,16,31,151,170,321,18,37,55,376
51597,46,2730,12,15,27,35,23,58,2,14,16,74
51675,46,2730,1,1,2,5,6,11,0,0,0,11
51722,46,2730,13,13,26,62,52,114,2,8,10,124
52067,46,2730,19,16,35,142,71,213,2,6,8,221
52385,46,2730,21,27,48,363,292,655,10,45,55,710
52441,46,2730,26,22,48,148,131,279,0,11,11,290
52635,46,2730,9,11,20,32,23,55,14,21,35,90
52923,46,2730,10,11,21,66,60,126,8,16,24,150
53275,46,2730,6,5,11,6,8,14,8,8,16,30
53884,46,2730,3,5,8,6,5,11,2,3,5,16
55464,46,2730,18,18,36,206,185,391,2,21,23,414
57637,46,2730,11,11,22,61,70,131,8,10,18,149
57896,46,2730,11,11,22,77,81,158,6,2,8,166
58909,46,2730,11,10,21,122,117,239,0,9,9,248
59367,46,2730,13,8,21,60,49,109,7,4,11,120
61280,46,2730,16,18,34,332,324,656,7,17,24,680
62560,46,2730,14,17,31,143,124,267,4,12,16,283
63063,46,2730,24,26,50,530,475,1005,15,37,52,1057
63188,46,2730,19,26,45,131,137,268,3,17,20,288
63757,46,2730,1,1,2,1,1,2,0,2,2,4
63817,46,2730,10,13,23,472,455,927,0,11,11,938
64772,46,2730,39,39,78,699,283,982,8,23,31,1013
65102,46,2730,6,10,16,347,326,673,4,15,19,692
65526,46,2730,4,9,13,27,27,54,2,8,10,64
66245,46,2730,28,35,63,107,111,218,14,16,30,248
66404,46,2730,21,23,44,398,203,601,6,14,20,621
66754,46,2730,8,2,10,22,3,25,0,0,0,25
66991,46,2730,22,26,48,220,170,390,13,23,36,426
68494,46,2730,14,15,29,731,488,1219,8,16,24,1243
68533,46,2730,16,19,35,136,124,260,8,24,32,292
68633,46,2730,8,9,17,108,104,212,13,12,25,237
69065,46,2730,19,18,37,379,273,652,5,25,30,682
70889,46,2730,10,9,19,103,101,204,3,2,5,209
71187,46,2730,7,9,16,51,37,88,7,9,16,104
71518,46,2730,7,8,15,25,17,42,1,1,2,44
71627,46,2730,17,22,39,155,162,317,1,10,11,328
71700,46,2730,18,24,42,192,230,422,13,27,40,462
71782,46,2730,14,13,27,144,52,196,2,3,5,201
72746,46,2730,27,33,60,171,196,367,8,19,27,394
73175,46,2730,4,8,12,121,139,260,3,18,21,281
73303,46,2730,9,8,17,20,16,36,3,4,7,43
74916,46,2730,13,23,36,50,45,95,10,28,38,133
75261,46,2730,25,23,48,329,301,630,5,11,16,646
76313,46,2730,16,13,29,120,78,198,5,4,9,207
77023,46,2730,2,2,4,5,0,5,0,3,3,8
77291,46,2730,19,16,35,170,149,319,1,3,4,323
77824,46,2730,13,17,30,98,96,194,2,32,34,228
78062,46,2730,9,8,17,425,420,845,4,2,6,851
78638,46,2730,20,20,40,458,433,891,15,48,63,954
78911,46,2730,11,13,24,80,88,168,5,7,12,180
78966,46,2730,24,23,47,837,136,973,2,5,7,980
79877,46,2730,19,17,36,77,68,145,6,12,18,163
80058,46,2730,23,24,47,62,61,123,6,14,20,143
80193,46,2730,18,23,41,632,712,1344,9,50,59,1403
82060,46,2730,9,10,19,129,125,254,14,12,26,280
82282,46,2730,6,4,10,36,26,62,1,1,2,64
83568,46,2730,15,17,32,123,81,204,9,33,42,246
84215,46,2730,4,4,8,5,1,6,2,4,6,12
84472,46,2730,22,23,45,256,246,502,2,4,6,508
84841,46,2730,17,18,35,191,179,370,24,16,40,410
85596,46,2730,16,13,29,275,261,536,7,4,11,547
85970,46,2730,17,16,33,184,252,436,0,15,15,451
86009,46,2730,12,14,26,187,189,376,8,13,21,397
86237,46,2730,3,4,7,19,20,39,0,1,1,40
86352,46,2730,16,15,31,18,10,28,16,13,29,57
86610,46,2730,13,14,27,155,165,320,10,35,45,365
86727,46,2730,9,10,19,848,767,1615,4,0,4,1619
88133,46,2730,14,15,29,74,65,139,15,15,30,169
88175,46,2730,10,13,23,86,85,171,1,9,10,181
89827,46,2730,11,8,19,58,54,112,7,1,8,120
10060,47,2731,7,6,13,593,566,1159,0,0,0,1159
10281,47,2731,7,7,14,494,472,966,4,5,9,975
10353,47,2731,16,17,33,225,241,466,15,12,27,493
10841,47,2731,18,20,38,96,92,188,12,23,35,223
11023,47,2731,12,15,27,389,412,801,4,16,20,821
11360,47,2731,9,17,26,154,152,306,19,53,72,378
11692,47,2731,9,15,24,502,535,1037,3,16,19,1056
13799,47,2731,7,6,13,23,22,45,3,11,14,59
13882,47,2731,25,27,52,342,370,712,3,9,12,724
13896,47,2731,1,1,2,5,5,10,0,0,0,10
14106,47,2731,8,7,15,143,55,198,8,7,15,213
14188,47,2731,11,16,27,80,88,168,3,21,24,192
15071,47,2731,6,5,11,118,101,219,8,14,22,241
15776,47,2731,12,13,25,139,113,252,2,16,18,270
16313,47,2731,22,28,50,200,152,352,8,30,38,390
16495,47,2731,20,21,41,301,281,582,9,24,33,615
16933,47,2731,17,16,33,342,316,658,9,12,21,679
17353,47,2731,15,20,35,69,45,114,5,16,21,135
18394,47,2731,23,25,48,514,397,911,6,13,19,930
19844,47,2731,14,14,28,51,43,94,10,12,22,116
21350,47,2731,22,25,47,921,890,1811,6,22,28,1839
22617,47,2731,12,14,26,75,84,159,1,1,2,161
22745,47,2731,9,12,21,267,260,527,4,6,10,537
22931,47,2731,22,20,42,209,202,411,12,25,37,448
23040,47,2731,10,10,20,88,74,162,2,7,9,171
23144,47,2731,8,8,16,23,5,28,0,7,7,35
23642,47,2731,3,4,7,45,33,78,7,5,12,90
24543,47,2731,9,11,20,57,44,101,1,11,12,113
24760,47,2731,1,1,2,32,36,68,0,0,0,68
24853,47,2731,6,6,12,8,2,10,1,10,11,21
25171,47,2731,18,17,35,209,223,432,9,7,16,448
25323,47,2731,9,12,21,61,73,134,2,8,10,144
25494,47,2731,21,23,44,303,273,576,37,34,71,647
25544,47,2731,23,34,57,261,261,522,2,14,16,538
25947,47,2731,11,13,24,41,42,83,8,20,28,111
26127,47,2731,24,21,45,224,190,414,38,38,76,490
26425,47,2731,2,2,4,3,1,4,0,1,1,5
28831,47,2731,3,5,8,23,15,38,0,7,7,45
29914,47,2731,7,4,11,295,192,487,8,14,22,509
30076,47,2731,15,15,30,119,140,259,3,10,13,272
31372,47,2731,7,10,17,108,114,222,1,6,7,229
31583,47,2731,36,39,75,327,322,649,8,15,23,672
32100,47,2731,8,8,16,11,14,25,8,8,16,41
32174,47,2731,8,6,14,48,40,88,6,0,6,94
32899,47,2731,5,7,12,30,38,68,4,4,8,76
33094,47,2731,1,1,2,1,0,1,0,1,1,2
34250,47,2731,8,9,17,40,46,86,6,5,11,97
34853,47,2731,15,14,29,307,308,615,7,9,16,631
36006,47,2731,4,3,7,3,3,6,5,2,7,13
36143,47,2731,31,36,67,240,190,430,18,40,58,488
36951,47,2731,39,40,79,181,178,359,4,10,14,373
37617,47,2731,13,14,27,309,212,521,1,5,6,527
38823,47,2731,12,10,22,78,76,154,9,6,15,169
38893,47,2731,5,6,11,14,14,28,0,0,0,28
38901,47,2731,17,18,35,166,161,327,1,2,3,330
38927,47,2731,18,21,39,151,173,324,7,4,11,335
39122,47,2731,8,13,21,74,33,107,3,22,25,132
39701,47,2731,17,21,38,150,153,303,0,6,6,309
39783,47,2731,9,8,17,200,194,394,14,20,34,428
40629,47,2731,13,16,29,161,161,322,0,10,10,332
40997,47,2731,15,17,32,133,157,290,8,32,40,330
41393,47,2731,16,16,32,76,68,144,4,0,4,148
44167,47,2731,35,46,81,225,212,437,21,62,83,520
44947,47,2731,8,11,19,243,238,481,2,7,9,490
44956,47,2731,8,13,21,23,20,43,7,11,18,61
45000,47,2731,8,8,16,67,59,126,1,2,3,129
45292,47,2731,34,34,68,318,340,658,5,18,23,681
45539,47,2731,15,13,28,206,178,384,7,3,10,394
45945,47,2731,4,4,8,333,328,661,4,3,7,668
46021,47,2731,16,20,36,126,95,221,17,31,48,269
46160,47,2731,19,11,30,85,118,203,0,0,0,203
46584,47,2731,4,4,8,4,4,8,0,5,5,13
46654,47,2731,15,16,31,824,688,1512,21,22,43,1555
46771,47,2731,23,41,64,131,109,240,3,42,45,285
48187,47,2731,17,15,32,141,110,251,12,35,47,298
48429,47,2731,26,27,53,415,379,794,22,36,58,852
48990,47,2731,5,6,11,7,3,10,2,9,11,21
49294,47,2731,6,6,12,126,111,237,1,11,12,249
49597,47,2731,8,8,16,84,78,162,4,1,5,167
50181,47,2731,6,4,10,10,13,23,6,4,10,33
50709,47,2731,9,12,21,63,58,121,3,12,15,136
50869,47,2731,7,8,15,121,120,241,3,3,6,247
50947,47,2731,15,22,37,307,337,644,4,59,63,707
51102,47,2731,24,24,48,240,143,383,2,4,6,389
51552,47,2731,11,14,25,91,99,190,15,18,33,223
51597,47,2731,13,14,27,32,23,55,1,7,8,63
51722,47,2731,12,14,26,128,125,253,6,2,8,261
52067,47,2731,23,25,48,235,222,457,7,3,10,467
52385,47,2731,17,17,34,197,155,352,4,16,20,372
52441,47,2731,19,20,39,246,238,484,3,9,12,496
52615,47,2731,1,0,1,1,0,1,0,0,0,1
52635,47,2731,7,7,14,23,10,33,17,27,44,77
52923,47,2731,13,15,28,60,62,122,11,20,31,153
53275,47,2731,3,6,9,8,5,13,8,13,21,34
53884,47,2731,5,5,10,26,14,40,2,0,2,42
55464,47,2731,20,23,43,166,161,327,6,44,50,377
57637,47,2731,13,13,26,64,69,133,16,26,42,175
57896,47,2731,15,16,31,120,110,230,4,12,16,246
58909,47,2731,10,5,15,29,23,52,0,2,2,54
59367,47,2731,15,7,22,102,49,151,1,7,8,159
61280,47,2731,16,21,37,453,486,939,0,14,14,953
62560,47,2731,18,17,35,105,77,182,5,24,29,211
63063,47,2731,14,17,31,344,320,664,9,17,26,690
63188,47,2731,11,13,24,64,71,135,2,7,9,144
63817,47,2731,13,12,25,439,398,837,1,6,7,844
64772,47,2731,33,35,68,604,254,858,33,49,82,940
65102,47,2731,8,10,18,431,387,818,10,21,31,849
65526,47,2731,6,11,17,58,50,108,1,12,13,121
66245,47,2731,54,57,111,469,330,799,31,48,79,878
66404,47,2731,12,15,27,197,99,296,4,3,7,303
66754,47,2731,5,2,7,12,6,18,0,0,0,18
66991,47,2731,20,22,42,231,187,418,15,38,53,471
68494,47,2731,16,17,33,1119,735,1854,7,10,17,1871
68533,47,2731,27,25,52,193,180,373,8,10,18,391
68633,47,2731,8,8,16,111,111,222,19,17,36,258
69065,47,2731,14,18,32,292,211,503,1,12,13,516
70889,47,2731,9,9,18,51,49,100,0,2,2,102
71187,47,2731,12,12,24,146,126,272,7,10,17,289
71518,47,2731,7,7,14,60,52,112,0,0,0,112
71627,47,2731,14,14,28,98,100,198,1,25,26,224
71700,47,2731,15,18,33,171,207,378,7,18,25,403
71782,47,2731,6,4,10,59,5,64,0,0,0,64
72746,47,2731,13,13,26,70,79,149,6,3,9,158
73175,47,2731,13,10,23,112,97,209,4,7,11,220
73303,47,2731,9,7,16,55,30,85,3,3,6,91
74916,47,2731,14,21,35,43,47,90,19,25,44,134
75261,47,2731,23,25,48,263,243,506,15,25,40,546
76313,47,2731,14,12,26,154,112,266,2,10,12,278
77023,47,2731,7,15,22,106,101,207,0,21,21,228
77291,47,2731,17,20,37,172,162,334,0,11,11,345
77824,47,2731,14,15,29,90,95,185,4,11,15,200
78062,47,2731,12,13,25,452,472,924,6,16,22,946
78638,47,2731,21,22,43,502,528,1030,4,27,31,1061
78911,47,2731,9,11,20,56,70,126,1,3,4,130
78966,47,2731,24,33,57,680,127,807,5,15,20,827
79877,47,2731,22,19,41,134,125,259,22,24,46,305
80058,47,2731,22,22,44,78,74,152,10,6,16,168
80193,47,2731,45,58,103,630,813,1443,21,68,89,1532
82060,47,2731,12,16,28,166,160,326,12,32,44,370
82282,47,2731,5,4,9,60,42,102,3,3,6,108
83568,47,2731,17,17,34,84,68,152,10,17,27,179
84215,47,2731,4,5,9,18,13,31,1,2,3,34
84472,47,2731,13,14,27,141,127,268,0,2,2,270
84841,47,2731,16,15,31,242,176,418,18,12,30,448
85596,47,2731,15,15,30,231,256,487,5,2,7,494
85970,47,2731,17,20,37,181,252,433,2,22,24,457
86009,47,2731,14,14,28,220,227,447,6,13,19,466
86237,47,2731,4,5,9,39,44,83,1,3,4,87
86610,47,2731,15,14,29,111,114,225,14,21,35,260
86727,47,2731,9,8,17,813,732,1545,2,1,3,1548
88133,47,2731,16,16,32,104,96,200,15,8,23,223
88175,47,2731,10,13,23,71,68,139,2,4,6,145
89827,47,2731,8,7,15,75,48,123,8,11,19,142
10060,48,2732,6,6,12,169,161,330,2,2,4,334
10353,48,2732,15,25,40,287,283,570,7,18,25,595
10841,48,2732,14,21,35,103,106,209,5,14,19,228
11023,48,2732,11,15,26,280,292,572,4,11,15,587
11360,48,2732,13,14,27,145,146,291,20,55,75,366
11692,48,2732,7,12,19,186,188,374,2,11,13,387
13799,48,2732,11,13,24,216,207,423,8,18,26,449
13882,48,2732,24,34,58,232,271,503,3,21,24,527
14106,48,2732,12,14,26,147,81,228,6,20,26,254
14188,48,2732,9,13,22,68,70,138,0,9,9,147
15071,48,2732,2,0,2,2,0,2,0,0,0,2
15723,48,2732,1,1,2,1,1,2,0,0,0,2
15776,48,2732,14,16,30,158,158,316,3,21,24,340
16313,48,2732,30,32,62,377,352,729,6,19,25,754
16495,48,2732,18,21,39,387,373,760,10,19,29,789
16933,48,2732,21,21,42,255,259,514,8,6,14,528
17353,48,2732,20,14,34,79,24,103,4,9,13,116
18394,48,2732,28,30,58,510,414,924,10,21,31,955
19844,48,2732,11,12,23,55,37,92,1,6,7,99
21350,48,2732,27,29,56,564,594,1158,12,28,40,1198
22617,48,2732,11,11,22,48,52,100,2,2,4,104
22745,48,2732,12,19,31,223,225,448,2,10,12,460
22931,48,2732,24,24,48,201,219,420,9,21,30,450
23040,48,2732,8,8,16,70,71,141,2,1,3,144
23144,48,2732,9,8,17,17,10,27,2,5,7,34
24543,48,2732,8,7,15,46,31,77,0,4,4,81
24853,48,2732,4,5,9,16,15,31,2,6,8,39
25171,48,2732,5,0,5,6,0,6,0,0,0,6
25323,48,2732,16,16,32,111,99,210,9,13,22,232
25494,48,2732,25,31,56,410,426,836,28,43,71,907
25544,48,2732,25,31,56,238,238,476,3,11,14,490
26127,48,2732,23,26,49,245,214,459,37,66,103,562
26425,48,2732,10,5,15,32,34,66,2,1,3,69
28831,48,2732,5,7,12,46,36,82,1,5,6,88
29914,48,2732,9,7,16,206,137,343,2,4,6,349
30076,48,2732,16,20,36,169,195,364,5,7,12,376
30952,48,2732,2,1,3,10,5,15,0,0,0,15
31372,48,2732,9,13,22,68,66,134,2,19,21,155
31583,48,2732,30,30,60,331,331,662,7,10,17,679
32100,48,2732,8,8,16,9,13,22,4,4,8,30
32174,48,2732,11,12,23,29,29,58,3,5,8,66
32899,48,2732,5,8,13,11,9,20,4,11,15,35
33094,48,2732,1,0,1,1,0,1,0,0,0,1
34250,48,2732,12,12,24,76,84,160,3,4,7,167
34853,48,2732,14,14,28,245,247,492,8,21,29,521
35227,48,2732,17,18,35,459,510,969,0,0,0,969
36006,48,2732,3,1,4,3,1,4,2,0,2,6
36143,48,2732,34,33,67,446,316,762,20,67,87,849
36951,48,2732,41,49,90,347,369,716,8,35,43,759
37617,48,2732,12,13,25,525,339,864,1,3,4,868
38823,48,2732,8,6,14,63,61,124,4,2,6,130
38901,48,2732,24,23,47,175,182,357,4,5,9,366
38927,48,2732,25,30,55,210,221,431,5,4,9,440
39122,48,2732,6,5,11,56,13,69,2,3,5,74
39701,48,2732,21,23,44,414,359,773,7,15,22,795
39783,48,2732,13,14,27,214,218,432,23,32,55,487
40629,48,2732,12,14,26,129,114,243,1,9,10,253
40997,48,2732,11,15,26,109,133,242,0,18,18,260
41393,48,2732,17,20,37,86,73,159,7,17,24,183
44167,48,2732,36,46,82,282,254,536,22,77,99,635
44947,48,2732,6,4,10,219,222,441,3,0,3,444
44956,48,2732,1,1,2,0,0,0,1,2,3,3
45000,48,2732,7,10,17,93,108,201,1,6,7,208
45292,48,2732,29,28,57,288,293,581,10,9,19,600
45539,48,2732,13,12,25,329,310,639,3,5,8,647
45945,48,2732,8,7,15,351,355,706,7,1,8,714
46021,48,2732,11,15,26,106,99,205,13,25,38,243
46160,48,2732,12,7,19,30,30,60,1,0,1,61
46584,48,2732,2,3,5,2,1,3,0,9,9,12
46654,48,2732,12,12,24,800,740,1540,17,36,53,1593
46771,48,2732,23,30,53,120,82,202,9,29,38,240
48187,48,2732,13,12,25,65,41,106,10,18,28,134
48429,48,2732,27,33,60,628,585,1213,19,37,56,1269
48990,48,2732,8,9,17,15,7,22,8,13,21,43
49294,48,2732,5,5,10,308,300,608,3,26,29,637
49597,48,2732,6,77,83,68,71,139,2,74,76,215
50181,48,2732,6,7,13,10,15,25,5,8,13,38
50709,48,2732,11,11,22,124,108,232,7,18,25,257
50869,48,2732,10,13,23,248,223,471,3,11,14,485
50947,48,2732,19,20,39,430,472,902,2,27,29,931
51102,48,2732,27,26,53,552,586,1138,1,12,13,1151
51552,48,2732,16,16,32,118,115,233,6,17,23,256
51597,48,2732,13,17,30,29,23,52,5,10,15,67
51722,48,2732,14,18,32,71,56,127,9,13,22,149
52067,48,2732,20,20,40,132,115,247,1,3,4,251
52385,48,2732,24,44,68,336,281,617,26,110,136,753
52441,48,2732,21,20,41,246,140,386,3,5,8,394
52635,48,2732,11,8,19,39,23,62,11,14,25,87
52923,48,2732,12,13,25,232,218,450,7,10,17,467
53275,48,2732,5,8,13,14,8,22,12,16,28,50
53884,48,2732,5,4,9,18,15,33,1,0,1,34
55464,48,2732,28,32,60,149,153,302,11,76,87,389
55594,48,2732,6,7,13,31,27,58,3,9,12,70
57637,48,2732,12,12,24,73,72,145,7,6,13,158
57896,48,2732,23,26,49,123,108,231,6,14,20,251
58909,48,2732,13,9,22,89,88,177,4,2,6,183
59367,48,2732,12,10,22,74,49,123,3,20,23,146
61280,48,2732,17,15,32,488,520,1008,4,14,18,1026
62560,48,2732,22,22,44,275,204,479,3,16,19,498
63063,48,2732,17,16,33,272,228,500,15,24,39,539
63188,48,2732,6,8,14,70,80,150,0,2,2,152
63817,48,2732,12,13,25,553,471,1024,0,9,9,1033
64772,48,2732,37,36,73,537,299,836,27,42,69,905
65102,48,2732,8,7,15,387,365,752,23,24,47,799
65526,48,2732,3,5,8,55,59,114,1,2,3,117
66245,48,2732,46,48,94,518,330,848,23,37,60,908
66404,48,2732,17,15,32,280,160,440,4,5,9,449
66754,48,2732,10,9,19,58,65,123,2,6,8,131
66991,48,2732,29,34,63,314,266,580,9,41,50,630
68494,48,2732,20,18,38,924,634,1558,15,13,28,1586
68533,48,2732,20,19,39,139,121,260,3,5,8,268
68633,48,2732,10,9,19,192,178,370,8,10,18,388
69065,48,2732,17,17,34,436,348,784,3,7,10,794
70889,48,2732,13,15,28,95,90,185,4,11,15,200
71187,48,2732,13,14,27,131,123,254,10,10,20,274
71518,48,2732,10,10,20,53,41,94,4,2,6,100
71627,48,2732,17,15,32,167,167,334,7,10,17,351
71700,48,2732,16,18,34,134,143,277,10,18,28,305
71782,48,2732,14,15,29,177,88,265,4,6,10,275
72746,48,2732,16,16,32,125,120,245,10,6,16,261
73175,48,2732,7,12,19,179,193,372,1,10,11,383
73303,48,2732,10,8,18,46,35,81,9,12,21,102
74916,48,2732,22,28,50,197,153,350,18,38,56,406
75261,48,2732,18,22,40,277,258,535,2,16,18,553
76313,48,2732,8,6,14,68,47,115,5,6,11,126
77023,48,2732,6,6,12,104,92,196,0,0,0,196
77291,48,2732,15,17,32,102,102,204,0,5,5,209
77824,48,2732,14,14,28,166,156,322,8,9,17,339
78062,48,2732,13,13,26,649,639,1288,5,9,14,1302
78638,48,2732,24,29,53,645,624,1269,1,26,27,1296
78911,48,2732,5,8,13,46,62,108,0,5,5,113
78966,48,2732,14,18,32,622,97,719,4,18,22,741
79877,48,2732,23,23,46,184,148,332,11,22,33,365
80058,48,2732,28,28,56,119,113,232,13,19,32,264
80193,48,2732,17,18,35,695,781,1476,19,43,62,1538
82060,48,2732,7,11,18,78,96,174,29,33,62,236
82282,48,2732,3,2,5,16,12,28,0,2,2,30
83568,48,2732,14,14,28,113,84,197,5,15,20,217
84215,48,2732,3,3,6,29,21,50,2,3,5,55
84472,48,2732,4,0,4,4,0,4,0,0,0,4
84841,48,2732,17,19,36,250,220,470,16,16,32,502
85596,48,2732,16,19,35,299,275,574,5,6,11,585
85970,48,2732,19,24,43,268,291,559,4,23,27,586
86009,48,2732,13,12,25,151,153,304,5,9,14,318
86237,48,2732,3,3,6,10,11,21,0,1,1,22
86352,48,2732,13,17,30,27,16,43,7,27,34,77
86610,48,2732,7,11,18,93,75,168,9,37,46,214
86727,48,2732,11,11,22,798,766,1564,6,1,7,1571
88133,48,2732,12,17,29,60,59,119,6,11,17,136
88175,48,2732,9,7,16,79,61,140,3,2,5,145
89827,48,2732,8,9,17,83,61,144,15,10,25,169
10060,49,2733,8,7,15,123,117,240,2,10,12,252
10353,49,2733,11,14,25,164,169,333,4,5,9,342
10841,49,2733,13,12,25,143,168,311,5,9,14,325
11023,49,2733,15,16,31,137,145,282,8,5,13,295
11360,49,2733,14,14,28,247,259,506,27,46,73,579
11692,49,2733,9,11,20,380,394,774,1,4,5,779
13799,49,2733,10,10,20,199,205,404,5,29,34,438
13882,49,2733,33,35,68,314,363,677,3,7,10,687
14106,49,2733,11,10,21,213,58,271,3,10,13,284
14188,49,2733,18,23,41,69,82,151,8,18,26,177
15071,49,2733,6,8,14,26,31,57,2,2,4,61
15776,49,2733,18,20,38,230,227,457,4,8,12,469
16313,49,2733,34,32,66,324,313,637,8,15,23,660
16495,49,2733,19,22,41,532,510,1042,8,17,25,1067
16933,49,2733,13,14,27,348,312,660,8,13,21,681
17353,49,2733,18,19,37,118,95,213,7,14,21,234
18394,49,2733,21,23,44,494,338,832,4,17,21,853
19844,49,2733,15,17,32,51,34,85,5,19,24,109
21350,49,2733,20,20,40,545,592,1137,5,15,20,1157
22617,49,2733,8,7,15,96,92,188,1,3,4,192
22745,49,2733,11,14,25,173,168,341,3,34,37,378
22931,49,2733,15,10,25,96,54,150,2,4,6,156
23040,49,2733,10,10,20,121,105,226,4,7,11,237
23144,49,2733,5,4,9,12,4,16,2,5,7,23
24543,49,2733,5,9,14,13,9,22,1,14,15,37
24853,49,2733,8,8,16,46,34,80,3,10,13,93
25171,49,2733,7,7,14,15,12,27,1,3,4,31
25323,49,2733,18,16,34,119,114,233,3,7,10,243
25494,49,2733,27,34,61,396,393,789,19,42,61,850
25544,49,2733,23,28,51,215,226,441,2,14,16,457
26127,49,2733,21,23,44,258,241,499,23,39,62,561
26425,49,2733,7,9,16,83,51,134,3,10,13,147
28831,49,2733,3,10,13,15,18,33,0,10,10,43
29914,49,2733,8,9,17,290,172,462,10,35,45,507
30076,49,2733,16,15,31,207,213,420,7,5,12,432
31372,49,2733,8,12,20,32,30,62,0,6,6,68
31583,49,2733,47,53,100,579,540,1119,27,44,71,1190
32100,49,2733,6,10,16,14,10,24,3,15,18,42
32174,49,2733,5,8,13,37,36,73,4,7,11,84
32899,49,2733,3,4,7,1,4,5,3,3,6,11
34250,49,2733,2,4,6,1,2,3,2,4,6,9
34853,49,2733,24,23,47,411,393,804,9,17,26,830
35227,49,2733,21,19,40,633,782,1415,0,0,0,1415
36006,49,2733,1,1,2,1,0,1,0,1,1,2
36143,49,2733,27,23,50,312,228,540,10,20,30,570
36951,49,2733,35,42,77,305,289,594,6,15,21,615
37617,49,2733,16,15,31,304,244,548,5,15,20,568
38823,49,2733,7,9,16,38,35,73,4,6,10,83
38901,49,2733,20,22,42,155,145,300,2,12,14,314
38927,49,2733,17,18,35,160,172,332,4,10,14,346
39122,49,2733,6,8,14,142,48,190,8,19,27,217
39701,49,2733,20,24,44,614,625,1239,7,26,33,1272
39783,49,2733,8,10,18,164,159,323,12,22,34,357
40629,49,2733,22,28,50,167,169,336,2,14,16,352
40997,49,2733,7,9,16,41,39,80,0,3,3,83
41393,49,2733,14,13,27,56,43,99,4,3,7,106
44167,49,2733,42,50,92,364,363,727,48,76,124,851
44947,49,2733,8,8,16,266,274,540,3,9,12,552
44956,49,2733,3,2,5,2,1,3,2,4,6,9
45000,49,2733,5,8,13,114,108,222,0,7,7,229
45292,49,2733,35,39,74,310,343,653,13,33,46,699
45539,49,2733,16,11,27,217,179,396,6,3,9,405
45945,49,2733,9,8,17,322,297,619,2,3,5,624
46021,49,2733,13,15,28,152,140,292,9,22,31,323
46160,49,2733,8,8,16,64,78,142,0,0,0,142
46584,49,2733,1,2,3,1,0,1,0,3,3,4
46654,49,2733,18,19,37,698,658,1356,30,65,95,1451
46771,49,2733,23,32,55,124,98,222,7,33,40,262
48187,49,2733,15,16,31,58,47,105,11,16,27,132
48429,49,2733,27,33,60,530,530,1060,19,46,65,1125
48990,49,2733,8,9,17,24,22,46,11,11,22,68
49294,49,2733,7,6,13,291,249,540,2,8,10,550
49597,49,2733,11,10,21,55,51,106,4,5,9,115
50181,49,2733,10,7,17,8,8,16,9,8,17,33
50709,49,2733,9,9,18,107,94,201,5,8,13,214
50869,49,2733,11,13,24,214,207,421,5,10,15,436
50947,49,2733,16,20,36,248,238,486,5,21,26,512
51102,49,2733,8,7,15,106,17,123,1,2,3,126
51552,49,2733,11,15,26,99,99,198,9,9,18,216
51597,49,2733,17,19,36,49,44,93,4,15,19,112
51675,49,2733,0,1,1,0,0,0,0,2,2,2
51722,49,2733,17,19,36,128,90,218,5,9,14,232
52067,49,2733,28,26,54,176,139,315,11,13,24,339
52385,49,2733,30,35,65,341,295,636,6,38,44,680
52441,49,2733,22,23,45,170,151,321,4,6,10,331
52615,49,2733,1,0,1,1,0,1,0,0,0,1
52635,49,2733,12,12,24,49,41,90,11,19,30,120
52923,49,2733,16,20,36,123,127,250,5,19,24,274
53275,49,2733,5,7,12,43,48,91,6,15,21,112
53884,49,2733,9,8,17,45,38,83,2,2,4,87
55464,49,2733,75,70,145,426,339,765,21,36,57,822
55594,49,2733,5,5,10,26,26,52,3,6,9,61
57637,49,2733,5,6,11,18,21,39,1,9,10,49
57896,49,2733,15,23,38,106,94,200,9,25,34,234
58909,49,2733,10,8,18,66,66,132,1,7,8,140
59367,49,2733,13,10,23,54,40,94,3,11,14,108
61280,49,2733,27,25,52,825,943,1768,10,10,20,1788
62560,49,2733,15,16,31,175,117,292,0,6,6,298
63063,49,2733,11,19,30,238,219,457,5,35,40,497
63188,49,2733,8,13,21,62,61,123,6,8,14,137
63817,49,2733,8,15,23,313,308,621,3,25,28,649
64772,49,2733,30,32,62,515,143,658,14,32,46,704
65102,49,2733,9,13,22,204,206,410,6,22,28,438
65526,49,2733,6,4,10,74,69,143,2,4,6,149
66245,49,2733,31,31,62,219,179,398,24,32,56,454
66404,49,2733,15,13,28,319,179,498,2,3,5,503
66754,49,2733,18,17,35,216,199,415,14,29,43,458
66991,49,2733,37,37,74,291,245,536,8,27,35,571
68494,49,2733,18,18,36,801,508,1309,7,14,21,1330
68533,49,2733,20,21,41,136,108,244,1,13,14,258
68633,49,2733,11,16,27,325,291,616,14,19,33,649
69065,49,2733,17,17,34,285,233,518,10,20,30,548
70889,49,2733,9,7,16,43,35,78,1,0,1,79
71187,49,2733,12,10,22,107,97,204,6,5,11,215
71518,49,2733,8,12,20,39,25,64,2,7,9,73
71627,49,2733,20,21,41,75,84,159,4,13,17,176
71700,49,2733,13,20,33,128,170,298,12,17,29,327
71782,49,2733,12,12,24,205,69,274,5,6,11,285
72746,49,2733,12,15,27,116,115,231,5,11,16,247
73175,49,2733,5,6,11,116,118,234,1,11,12,246
73303,49,2733,4,3,7,20,14,34,0,5,5,39
74916,49,2733,43,41,84,541,511,1052,28,37,65,1117
75261,49,2733,18,21,39,172,164,336,10,15,25,361
76313,49,2733,11,10,21,91,46,137,7,3,10,147
77023,49,2733,7,6,13,50,67,117,0,0,0,117
77291,49,2733,21,30,51,225,209,434,1,22,23,457
77824,49,2733,14,18,32,99,95,194,3,18,21,215
78062,49,2733,8,9,17,447,443,890,1,5,6,896
78638,49,2733,17,20,37,675,672,1347,9,15,24,1371
78911,49,2733,8,11,19,47,68,115,5,10,15,130
78966,49,2733,15,15,30,727,111,838,1,8,9,847
79877,49,2733,18,18,36,79,56,135,11,16,27,162
80058,49,2733,13,11,24,50,38,88,0,2,2,90
80193,49,2733,14,19,33,740,888,1628,16,52,68,1696
82060,49,2733,10,10,20,105,100,205,16,15,31,236
82282,49,2733,1,2,3,3,2,5,0,1,1,6
83568,49,2733,18,18,36,146,110,256,5,7,12,268
84215,49,2733,7,6,13,50,46,96,0,3,3,99
84472,49,2733,16,19,35,142,132,274,0,2,2,276
84841,49,2733,17,18,35,182,165,347,15,29,44,391
85596,49,2733,17,17,34,245,214,459,8,4,12,471
85970,49,2733,25,26,51,299,340,639,8,16,24,663
86009,49,2733,16,19,35,230,266,496,9,11,20,516
86237,49,2733,1,2,3,8,9,17,0,1,1,18
86352,49,2733,28,32,60,89,113,202,17,38,55,257
86610,49,2733,13,18,31,149,129,278,7,34,41,319
86727,49,2733,5,6,11,703,649,1352,0,4,4,1356
88133,49,2733,11,16,27,123,120,243,8,16,24,267
88175,49,2733,8,13,21,49,42,91,2,7,9,100
89827,49,2733,7,7,14,47,40,87,8,9,17,104
10060,50,2734,6,6,12,344,319,663,2,7,9,672
10353,50,2734,14,14,28,389,392,781,1,5,6,787
10841,50,2734,17,15,32,136,130,266,7,10,17,283
11023,50,2734,12,12,24,304,343,647,3,12,15,662
11360,50,2734,13,13,26,211,206,417,14,36,50,467
11692,50,2734,9,7,16,164,164,328,2,2,4,332
13799,50,2734,11,12,23,175,188,363,2,8,10,373
13882,50,2734,27,29,56,331,374,705,10,17,27,732
14106,50,2734,13,12,25,205,77,282,7,3,10,292
14188,50,2734,16,16,32,65,60,125,6,25,31,156
15071,50,2734,10,11,21,131,116,247,4,10,14,261
15776,50,2734,13,14,27,68,58,126,3,10,13,139
16313,50,2734,39,42,81,412,375,787,16,33,49,836
16495,50,2734,23,22,45,273,261,534,12,14,26,560
16933,50,2734,21,21,42,393,344,737,10,15,25,762
17353,50,2734,14,19,33,92,60,152,9,22,31,183
18394,50,2734,26,25,51,711,524,1235,2,4,6,1241
19844,50,2734,15,11,26,71,61,132,8,15,23,155
21350,50,2734,25,25,50,534,519,1053,5,25,30,1083
22617,50,2734,15,15,30,105,111,216,6,8,14,230
22745,50,2734,16,12,28,172,172,344,5,10,15,359
22931,50,2734,18,10,28,72,214,286,11,14,25,311
23040,50,2734,12,9,21,85,86,171,5,3,8,179
23144,50,2734,11,8,19,17,12,29,4,10,14,43
24543,50,2734,9,10,19,59,43,102,5,12,17,119
24760,50,2734,7,15,22,43,37,80,4,17,21,101
24853,50,2734,20,16,36,96,50,146,7,18,25,171
25171,50,2734,25,25,50,147,168,315,4,24,28,343
25323,50,2734,11,10,21,33,35,68,2,3,5,73
25494,50,2734,28,31,59,338,307,645,33,56,89,734
25544,50,2734,20,25,45,110,117,227,1,7,8,235
26127,50,2734,22,23,45,206,195,401,20,43,63,464
26425,50,2734,11,14,25,321,410,731,3,4,7,738
28831,50,2734,2,4,6,10,12,22,1,3,4,26
29914,50,2734,9,7,16,300,224,524,7,5,12,536
30076,50,2734,14,16,30,126,132,258,0,2,2,260
31372,50,2734,2,3,5,3,3,6,0,1,1,7
31583,50,2734,37,38,75,464,468,932,20,69,89,1021
32100,50,2734,8,8,16,10,8,18,1,5,6,24
32174,50,2734,9,9,18,28,26,54,2,13,15,69
32899,50,2734,5,4,9,19,21,40,7,6,13,53
34250,50,2734,8,8,16,9,7,16,4,25,29,45
34853,50,2734,21,21,42,247,248,495,13,24,37,532
35227,50,2734,16,9,25,321,363,684,0,0,0,684
36006,50,2734,5,3,8,8,6,14,1,1,2,16
36143,50,2734,37,34,71,443,362,805,10,33,43,848
36951,50,2734,44,51,95,308,302,610,14,31,45,655
37617,50,2734,13,13,26,312,225,537,3,3,6,543
38823,50,2734,9,10,19,61,60,121,6,3,9,130
38901,50,2734,25,27,52,253,227,480,5,13,18,498
38927,50,2734,25,25,50,228,216,444,8,19,27,471
39122,50,2734,14,18,32,179,54,233,7,19,26,259
39701,50,2734,22,24,46,727,771,1498,5,22,27,1525
39783,50,2734,11,14,25,150,156,306,12,27,39,345
40629,50,2734,20,19,39,162,150,312,4,19,23,335
40997,50,2734,11,16,27,67,81,148,5,35,40,188
41393,50,2734,17,16,33,56,44,100,10,11,21,121
44167,50,2734,53,54,107,340,330,670,17,49,66,736
44520,50,2734,3,3,6,2,2,4,4,8,12,16
44947,50,2734,11,10,21,472,494,966,4,6,10,976
44956,50,2734,1,1,2,0,0,0,1,1,2,2
45000,50,2734,7,6,13,116,113,229,4,5,9,238
45292,50,2734,37,40,77,313,335,648,8,18,26,674
45539,50,2734,16,11,27,284,235,519,2,0,2,521
45945,50,2734,10,9,19,330,318,648,5,3,8,656
46021,50,2734,15,13,28,180,150,330,24,26,50,380
46160,50,2734,10,11,21,61,73,134,1,3,4,138
46584,50,2734,12,11,23,27,22,49,2,19,21,70
46654,50,2734,14,12,26,870,832,1702,20,40,60,1762
46771,50,2734,27,28,55,232,185,417,8,39,47,464
48429,50,2734,18,25,43,422,404,826,14,31,45,871
48990,50,2734,7,5,12,4,1,5,5,8,13,18
49294,50,2734,4,1,5,214,208,422,3,1,4,426
49597,50,2734,9,9,18,57,39,96,4,9,13,109
50181,50,2734,11,9,20,10,8,18,8,8,16,34
50709,50,2734,13,10,23,99,90,189,6,5,11,200
50869,50,2734,10,6,16,189,180,369,5,1,6,375
50947,50,2734,15,17,32,137,129,266,6,11,17,283
51102,50,2734,10,7,17,199,19,218,0,1,1,219
51552,50,2734,12,11,23,111,99,210,1,5,6,216
51597,50,2734,11,15,26,15,16,31,1,8,9,40
51675,50,2734,4,8,12,4,2,6,0,8,8,14
51722,50,2734,16,14,30,78,74,152,7,7,14,166
52067,50,2734,20,18,38,41,28,69,8,18,26,95
52385,50,2734,34,42,76,457,400,857,8,43,51,908
52441,50,2734,25,23,48,282,292,574,9,13,22,596
52635,50,2734,14,12,26,40,21,61,13,20,33,94
52923,50,2734,9,11,20,126,105,231,2,9,11,242
53275,50,2734,5,4,9,15,15,30,2,11,13,43
53884,50,2734,4,4,8,28,19,47,2,0,2,49
55464,50,2734,33,36,69,371,352,723,13,29,42,765
55594,50,2734,7,9,16,25,21,46,11,15,26,72
57637,50,2734,10,9,19,62,68,130,5,2,7,137
57896,50,2734,13,11,24,103,94,197,2,3,5,202
58909,50,2734,15,12,27,43,34,77,2,2,4,81
59367,50,2734,17,12,29,109,89,198,1,14,15,213
61280,50,2734,21,24,45,911,1011,1922,4,8,12,1934
62560,50,2734,18,22,40,168,119,287,2,5,7,294
63063,50,2734,18,16,34,242,240,482,4,19,23,505
63188,50,2734,16,14,30,135,143,278,10,4,14,292
63817,50,2734,9,8,17,504,468,972,3,1,4,976
64772,50,2734,8,2,10,472,2,474,0,0,0,474
65102,50,2734,10,7,17,70,53,123,1,3,4,127
65526,50,2734,6,7,13,56,56,112,3,4,7,119
66245,50,2734,34,34,68,190,177,367,3,13,16,383
66404,50,2734,15,11,26,262,168,430,2,0,2,432
66754,50,2734,22,25,47,252,273,525,15,27,42,567
66991,50,2734,24,28,52,267,207,474,12,43,55,529
68494,50,2734,14,14,28,362,294,656,15,42,57,713
68533,50,2734,22,20,42,217,184,401,15,17,32,433
68633,50,2734,9,10,19,394,358,752,9,7,16,768
69065,50,2734,15,15,30,259,231,490,5,19,24,514
70889,50,2734,8,4,12,66,61,127,1,0,1,128
71187,50,2734,15,17,32,288,249,537,4,8,12,549
71518,50,2734,9,10,19,14,13,27,2,2,4,31
71627,50,2734,12,20,32,95,91,186,1,22,23,209
71700,50,2734,11,20,31,168,174,342,8,27,35,377
71782,50,2734,7,8,15,89,14,103,1,2,3,106
72746,50,2734,13,13,26,82,84,166,4,7,11,177
73175,50,2734,8,6,14,166,156,322,6,14,20,342
73303,50,2734,9,8,17,41,30,71,9,10,19,90
74916,50,2734,25,29,54,259,227,486,16,34,50,536
75261,50,2734,18,20,38,177,191,368,6,21,27,395
75468,50,2734,14,14,28,109,109,218,8,9,17,235
76313,50,2734,33,39,72,331,325,656,5,11,16,672
77023,50,2734,6,11,17,41,36,77,0,5,5,82
77291,50,2734,23,22,45,347,314,661,3,11,14,675
77824,50,2734,23,19,42,159,137,296,8,8,16,312
78062,50,2734,9,9,18,375,393,768,1,1,2,770
78638,50,2734,20,22,42,510,553,1063,3,20,23,1086
78911,50,2734,7,7,14,22,20,42,2,3,5,47
78966,50,2734,14,13,27,366,38,404,13,23,36,440
79877,50,2734,18,17,35,48,40,88,16,29,45,133
80058,50,2734,20,20,40,68,64,132,4,15,19,151
80193,50,2734,20,23,43,386,414,800,21,51,72,872
82060,50,2734,11,12,23,148,149,297,30,33,63,360
82282,50,2734,1,0,1,1,0,1,0,0,0,1
83184,50,2734,2,2,4,22,12,34,0,0,0,34
83568,50,2734,20,16,36,116,84,200,11,23,34,234
84215,50,2734,6,7,13,29,23,52,0,5,5,57
84472,50,2734,23,27,50,301,240,541,15,25,40,581
84841,50,2734,16,22,38,87,90,177,12,61,73,250
85596,50,2734,14,14,28,278,276,554,3,4,7,561
85970,50,2734,25,24,49,262,278,540,2,20,22,562
86009,50,2734,15,13,28,193,198,391,5,11,16,407
86237,50,2734,8,6,14,17,15,32,2,2,4,36
86352,50,2734,25,30,55,73,88,161,19,41,60,221
86610,50,2734,9,15,24,120,125,245,16,47,63,308
86727,50,2734,8,8,16,323,324,647,2,5,7,654
88133,50,2734,14,17,31,75,63,138,12,22,34,172
88175,50,2734,10,12,22,78,74,152,2,12,14,166
89827,50,2734,11,9,20,52,40,92,7,7,14,106
10060,51,2735,5,5,10,127,118,245,1,3,4,249
10353,51,2735,27,25,52,524,526,1050,10,13,23,1073
10841,51,2735,12,20,32,117,123,240,6,29,35,275
11023,51,2735,5,5,10,51,63,114,0,2,2,116
11360,51,2735,8,8,16,60,62,122,12,21,33,155
11692,51,2735,11,18,29,698,677,1375,1,19,20,1395
13799,51,2735,17,18,35,112,104,216,14,28,42,258
13882,51,2735,22,27,49,215,274,489,2,6,8,497
14106,51,2735,12,11,23,145,76,221,10,1,11,232
14188,51,2735,10,15,25,90,80,170,3,10,13,183
15071,51,2735,9,9,18,76,86,162,2,9,11,173
15776,51,2735,15,15,30,140,118,258,6,16,22,280
16313,51,2735,35,35,70,303,285,588,10,29,39,627
16495,51,2735,25,31,56,279,300,579,8,43,51,630
16933,51,2735,22,22,44,381,347,728,13,9,22,750
17353,51,2735,14,10,24,78,31,109,9,20,29,138
18344,51,2735,2,1,3,12,10,22,0,0,0,22
18394,51,2735,30,32,62,718,498,1216,5,8,13,1229
19844,51,2735,15,14,29,69,58,127,6,6,12,139
21350,51,2735,23,27,50,453,463,916,10,42,52,968
22617,51,2735,11,11,22,92,98,190,2,4,6,196
22745,51,2735,10,14,24,161,137,298,4,10,14,312
22931,51,2735,10,7,17,45,31,76,1,9,10,86
23040,51,2735,5,6,11,62,73,135,3,3,6,141
23144,51,2735,10,9,19,33,26,59,0,6,6,65
24543,51,2735,6,11,17,57,49,106,4,14,18,124
24760,51,2735,13,15,28,232,222,454,14,33,47,501
24853,51,2735,13,17,30,49,64,113,0,10,10,123
25171,51,2735,21,20,41,133,142,275,25,19,44,319
25323,51,2735,8,9,17,13,21,34,1,7,8,42
25494,51,2735,36,36,72,339,340,679,27,46,73,752
25544,51,2735,24,28,52,153,179,332,1,14,15,347
25947,51,2735,7,11,18,50,46,96,0,10,10,106
26127,51,2735,23,21,44,142,126,268,29,54,83,351
26425,51,2735,10,7,17,77,79,156,3,2,5,161
28831,51,2735,0,3,3,0,1,1,0,3,3,4
29914,51,2735,6,7,13,311,228,539,10,9,19,558
30076,51,2735,17,21,38,122,136,258,0,3,3,261
31372,51,2735,6,11,17,64,67,131,0,8,8,139
31583,51,2735,43,44,87,423,394,817,15,34,49,866
32100,51,2735,7,7,14,6,5,11,2,7,9,20
32174,51,2735,13,15,28,94,91,185,5,20,25,210
32899,51,2735,6,7,13,25,37,62,5,3,8,70
34250,51,2735,15,15,30,67,68,135,18,19,37,172
34853,51,2735,15,15,30,260,273,533,31,43,74,607
35227,51,2735,16,15,31,214,204,418,0,0,0,418
36006,51,2735,5,5,10,26,23,49,5,2,7,56
36143,51,2735,21,10,31,47,11,58,0,32,32,90
36951,51,2735,44,53,97,463,475,938,11,28,39,977
37617,51,2735,12,13,25,465,343,808,1,5,6,814
38823,51,2735,13,14,27,76,77,153,5,6,11,164
38893,51,2735,10,8,18,76,46,122,1,2,3,125
38901,51,2735,26,26,52,360,328,688,12,8,20,708
38927,51,2735,17,18,35,168,162,330,2,9,11,341
39122,51,2735,11,8,19,146,33,179,9,10,19,198
39701,51,2735,26,25,51,553,584,1137,17,57,74,1211
39783,51,2735,8,13,21,43,47,90,12,17,29,119
40629,51,2735,15,20,35,105,86,191,10,16,26,217
40997,51,2735,15,18,33,222,271,493,14,64,78,571
41393,51,2735,16,17,33,54,48,102,8,10,18,120
44167,51,2735,30,32,62,186,185,371,2,6,8,379
44520,51,2735,5,4,9,51,47,98,5,10,15,113
44947,51,2735,10,10,20,252,254,506,2,3,5,511
44956,51,2735,1,3,4,5,4,9,0,9,9,18
45000,51,2735,7,11,18,123,106,229,3,7,10,239
45292,51,2735,40,49,89,367,379,746,6,44,50,796
45539,51,2735,13,12,25,235,194,429,6,7,13,442
45945,51,2735,8,7,15,242,213,455,7,7,14,469
46021,51,2735,16,14,30,177,140,317,11,42,53,370
46160,51,2735,7,9,16,26,30,56,0,1,1,57
46654,51,2735,15,12,27,756,690,1446,26,31,57,1503
46771,51,2735,27,32,59,219,179,398,5,34,39,437
48187,51,2735,4,0,4,24,0,24,0,0,0,24
48429,51,2735,10,11,21,113,92,205,5,5,10,215
48990,51,2735,8,10,18,42,35,77,11,12,23,100
49294,51,2735,6,5,11,42,39,81,1,10,11,92
49597,51,2735,3,2,5,13,10,23,0,0,0,23
50181,51,2735,8,10,18,11,10,21,11,19,30,51
50709,51,2735,9,10,19,88,70,158,2,9,11,169
50869,51,2735,11,13,24,376,380,756,5,10,15,771
50947,51,2735,11,12,23,85,74,159,2,13,15,174
51102,51,2735,5,3,8,167,4,171,0,0,0,171
51552,51,2735,21,31,52,202,213,415,4,22,26,441
51597,51,2735,14,20,34,45,42,87,0,14,14,101
51675,51,2735,3,5,8,2,1,3,2,8,10,13
51722,51,2735,10,9,19,86,78,164,9,5,14,178
52067,51,2735,15,13,28,41,24,65,7,12,19,84
52385,51,2735,12,14,26,233,193,426,2,13,15,441
52441,51,2735,18,19,37,125,126,251,7,7,14,265
52615,51,2735,2,0,2,3,0,3,0,0,0,3
52635,51,2735,11,12,23,43,34,77,7,17,24,101
53275,51,2735,10,13,23,29,13,42,5,19,24,66
53884,51,2735,7,8,15,49,30,79,2,2,4,83
55464,51,2735,29,40,69,261,253,514,18,38,56,570
55594,51,2735,8,10,18,19,19,38,9,10,19,57
57637,51,2735,15,15,30,113,109,222,10,14,24,246
57896,51,2735,15,15,30,90,77,167,6,11,17,184
58909,51,2735,18,14,32,123,110,233,7,2,9,242
59367,51,2735,19,7,26,96,46,142,4,0,4,146
61280,51,2735,18,17,35,278,248,526,3,9,12,538
62560,51,2735,14,17,31,273,197,470,1,9,10,480
63063,51,2735,17,16,33,129,129,258,12,20,32,290
63188,51,2735,11,20,31,136,145,281,5,14,19,300
63817,51,2735,11,11,22,435,399,834,6,19,25,859
64772,51,2735,12,6,18,134,17,151,2,1,3,154
65102,51,2735,9,10,19,90,79,169,2,1,3,172
65526,51,2735,2,2,4,9,10,19,0,0,0,19
66245,51,2735,28,32,60,156,171,327,13,19,32,359
66404,51,2735,14,11,25,187,94,281,2,2,4,285
66754,51,2735,6,10,16,35,41,76,3,12,15,91
66991,51,2735,28,32,60,269,221,490,12,39,51,541
68494,51,2735,8,21,29,172,154,326,3,42,45,371
68533,51,2735,23,23,46,186,160,346,8,19,27,373
68633,51,2735,6,5,11,59,46,105,2,3,5,110
69065,51,2735,22,21,43,212,194,406,10,31,41,447
70889,51,2735,14,11,25,110,107,217,2,2,4,221
71187,51,2735,12,23,35,62,76,138,10,24,34,172
71518,51,2735,12,10,22,73,62,135,2,1,3,138
71627,51,2735,18,21,39,191,176,367,2,8,10,377
71700,51,2735,16,17,33,202,207,409,14,34,48,457
71782,51,2735,15,15,30,195,71,266,3,10,13,279
72746,51,2735,12,12,24,75,67,142,4,8,12,154
73175,51,2735,5,10,15,130,123,253,3,16,19,272
73303,51,2735,5,7,12,50,37,87,9,10,19,106
74916,51,2735,26,30,56,459,444,903,17,24,41,944
75261,51,2735,22,22,44,421,371,792,13,20,33,825
75468,51,2735,5,8,13,42,48,90,0,7,7,97
76313,51,2735,20,22,42,156,145,301,4,10,14,315
77023,51,2735,10,10,20,98,92,190,0,0,0,190
77291,51,2735,17,21,38,123,121,244,2,5,7,251
77824,51,2735,17,14,31,152,142,294,5,3,8,302
78062,51,2735,9,13,22,406,397,803,1,6,7,810
78638,51,2735,27,25,52,739,736,1475,7,11,18,1493
78911,51,2735,9,10,19,32,39,71,3,7,10,81
78966,51,2735,11,10,21,311,18,329,0,2,2,331
79877,51,2735,15,17,32,41,28,69,3,14,17,86
80058,51,2735,22,21,43,124,92,216,10,5,15,231
80193,51,2735,30,31,61,682,746,1428,23,75,98,1526
82060,51,2735,15,16,31,155,166,321,22,40,62,383
82282,51,2735,3,0,3,3,0,3,0,0,0,3
83184,51,2735,9,11,20,613,501,1114,4,3,7,1121
83568,51,2735,21,18,39,104,61,165,8,20,28,193
84215,51,2735,5,7,12,38,31,69,1,3,4,73
84472,51,2735,26,27,53,294,247,541,5,26,31,572
84841,51,2735,11,11,22,71,64,135,13,12,25,160
85596,51,2735,14,16,30,228,206,434,7,22,29,463
85970,51,2735,19,18,37,316,383,699,3,12,15,714
86009,51,2735,18,22,40,233,226,459,10,14,24,483
86237,51,2735,4,5,9,35,37,72,0,1,1,73
86352,51,2735,19,29,48,102,113,215,12,24,36,251
86610,51,2735,18,22,40,283,267,550,21,63,84,634
86727,51,2735,15,20,35,722,666,1388,7,13,20,1408
88133,51,2735,9,13,22,61,64,125,11,7,18,143
88175,51,2735,6,7,13,30,23,53,5,4,9,62
10060,52,2736,8,9,17,891,853,1744,3,5,8,1752
10281,52,2736,6,13,19,374,374,748,13,22,35,783
10353,52,2736,16,17,33,400,422,822,1,2,3,825
10841,52,2736,21,20,41,169,170,339,18,37,55,394
11360,52,2736,13,12,25,192,200,392,25,18,43,435
11692,52,2736,14,15,29,742,701,1443,3,4,7,1450
13799,52,2736,15,13,28,233,258,491,17,39,56,547
13882,52,2736,24,26,50,302,331,633,7,11,18,651
14106,52,2736,14,15,29,145,65,210,2,3,5,215
14188,52,2736,17,19,36,86,92,178,9,19,28,206
15071,52,2736,6,9,15,342,310,652,2,8,10,662
15776,52,2736,16,18,34,191,174,365,10,28,38,403
16313,52,2736,30,33,63,302,277,579,24,53,77,656
16495,52,2736,24,23,47,303,291,594,10,29,39,633
16933,52,2736,30,28,58,545,551,1096,10,12,22,1118
17353,52,2736,14,15,29,116,54,170,7,9,16,186
18344,52,2736,12,8,20,38,31,69,6,2,8,77
18394,52,2736,26,30,56,690,485,1175,20,30,50,1225
19844,52,2736,20,21,41,133,125,258,7,4,11,269
20905,52,2736,7,8,15,19,18,37,0,4,4,41
21350,52,2736,23,26,49,386,423,809,8,40,48,857
22617,52,2736,7,8,15,38,32,70,7,15,22,92
22745,52,2736,16,19,35,389,400,789,3,14,17,806
22931,52,2736,13,10,23,125,117,242,7,13,20,262
23040,52,2736,11,12,23,142,142,284,4,12,16,300
23144,52,2736,15,15,30,94,73,167,9,19,28,195
23642,52,2736,8,7,15,124,107,231,8,6,14,245
24543,52,2736,8,14,22,63,61,124,5,16,21,145
24760,52,2736,10,22,32,236,249,485,16,50,66,551
24853,52,2736,27,22,49,123,78,201,8,37,45,246
25171,52,2736,20,23,43,122,123,245,18,17,35,280
25494,52,2736,25,30,55,216,214,430,22,26,48,478
25544,52,2736,38,42,80,282,320,602,3,20,23,625
25947,52,2736,17,15,32,87,62,149,9,9,18,167
26127,52,2736,20,26,46,244,228,472,26,44,70,542
26425,52,2736,11,10,21,35,41,76,3,1,4,80
28831,52,2736,5,4,9,40,39,79,2,13,15,94
29914,52,2736,14,10,24,417,233,650,3,20,23,673
30076,52,2736,24,21,45,137,161,298,4,1,5,303
31372,52,2736,15,19,34,98,83,181,6,25,31,212
31583,52,2736,36,36,72,323,317,640,20,25,45,685
32100,52,2736,6,7,13,4,5,9,6,10,16,25
32174,52,2736,10,12,22,93,77,170,31,39,70,240
32899,52,2736,15,14,29,97,95,192,10,15,25,217
34250,52,2736,7,12,19,18,27,45,17,30,47,92
34853,52,2736,24,25,49,344,347,691,27,47,74,765
35227,52,2736,17,17,34,198,217,415,0,0,0,415
36006,52,2736,3,2,5,12,8,20,5,0,5,25
36143,52,2736,21,18,39,126,94,220,0,0,0,220
36951,52,2736,52,55,107,326,321,647,19,17,36,683
37617,52,2736,21,20,41,229,176,405,6,7,13,418
38823,52,2736,12,12,24,86,70,156,5,10,15,171
38893,52,2736,10,9,19,70,54,124,2,3,5,129
38901,52,2736,25,29,54,197,188,385,4,13,17,402
38927,52,2736,28,26,54,227,239,466,5,9,14,480
39122,52,2736,11,13,24,144,90,234,10,23,33,267
39701,52,2736,26,28,54,560,599,1159,21,18,39,1198
39783,52,2736,12,14,26,96,93,189,25,37,62,251
40629,52,2736,30,33,63,213,196,409,15,25,40,449
40997,52,2736,17,24,41,216,263,479,11,74,85,564
41393,52,2736,13,12,25,64,56,120,7,10,17,137
44167,52,2736,29,33,62,179,160,339,10,23,33,372
44520,52,2736,5,10,15,15,15,30,4,23,27,57
44947,52,2736,13,13,26,351,363,714,5,6,11,725
44956,52,2736,0,6,6,0,0,0,0,7,7,7
45000,52,2736,9,12,21,170,154,324,1,8,9,333
45292,52,2736,39,44,83,327,306,633,20,40,60,693
45539,52,2736,14,12,26,361,298,659,3,7,10,669
45945,52,2736,9,8,17,292,279,571,4,5,9,580
46021,52,2736,10,11,21,199,166,365,6,21,27,392
46160,52,2736,13,16,29,76,67,143,1,7,8,151
46584,52,2736,24,27,51,84,66,150,9,53,62,212
46654,52,2736,15,16,31,655,565,1220,30,40,70,1290
46771,52,2736,24,25,49,117,109,226,4,21,25,251
48187,52,2736,18,12,30,105,60,165,3,2,5,170
48990,52,2736,9,9,18,61,50,111,7,7,14,125
49294,52,2736,8,10,18,24,23,47,2,18,20,67
49597,52,2736,2,2,4,10,5,15,2,1,3,18
50181,52,2736,9,20,29,14,19,33,10,34,44,77
50709,52,2736,13,13,26,124,104,228,9,20,29,257
50869,52,2736,16,18,34,367,362,729,9,13,22,751
50947,52,2736,11,12,23,104,107,211,7,17,24,235
51102,52,2736,7,5,12,159,21,180,0,0,0,180
51552,52,2736,20,24,44,194,201,395,9,24,33,428
51597,52,2736,9,19,28,19,16,35,2,17,19,54
51675,52,2736,1,6,7,11,10,21,1,16,17,38
51722,52,2736,25,27,52,128,140,268,11,15,26,294
52067,52,2736,21,18,39,133,82,215,17,18,35,250
52385,52,2736,22,28,50,310,267,577,4,22,26,603
52441,52,2736,21,19,40,110,108,218,4,2,6,224
52615,52,2736,1,0,1,1,0,1,0,0,0,1
52635,52,2736,12,14,26,48,38,86,14,13,27,113
53275,52,2736,16,24,40,88,81,169,13,69,82,251
53884,52,2736,10,8,18,53,45,98,3,7,10,108
55464,52,2736,33,42,75,396,379,775,14,53,67,842
55594,52,2736,9,17,26,25,24,49,6,25,31,80
57637,52,2736,16,17,33,107,121,228,6,11,17,245
57896,52,2736,17,17,34,177,151,328,14,24,38,366
58909,52,2736,15,12,27,262,255,517,6,5,11,528
59367,52,2736,15,10,25,62,49,111,6,6,12,123
60482,52,2736,12,15,27,50,44,94,3,36,39,133
61280,52,2736,18,19,37,198,197,395,2,14,16,411
62560,52,2736,28,30,58,192,145,337,10,72,82,419
63063,52,2736,13,15,28,172,151,323,9,20,29,352
63188,52,2736,15,20,35,162,169,331,2,11,13,344
63817,52,2736,14,15,29,487,428,915,8,13,21,936
64772,52,2736,2,0,2,4,0,4,0,0,0,4
65102,52,2736,11,11,22,102,87,189,0,0,0,189
66052,52,2736,16,22,38,89,56,145,20,55,75,220
66245,52,2736,29,30,59,243,250,493,34,50,84,577
66404,52,2736,17,17,34,184,81,265,4,9,13,278
66754,52,2736,9,10,19,98,79,177,3,12,15,192
66991,52,2736,35,42,77,326,262,588,16,39,55,643
67947,52,2736,1,0,1,1,0,1,0,0,0,1
68494,52,2736,15,19,34,294,293,587,12,52,64,651
68533,52,2736,18,21,39,65,57,122,3,22,25,147
69065,52,2736,17,19,36,106,97,203,5,6,11,214
70889,52,2736,13,9,22,149,129,278,1,7,8,286
71187,52,2736,16,10,26,141,107,248,4,2,6,254
71518,52,2736,16,14,30,63,47,110,2,6,8,118
71627,52,2736,23,26,49,274,288,562,7,28,35,597
71700,52,2736,15,13,28,149,166,315,13,23,36,351
71782,52,2736,20,18,38,243,117,360,4,10,14,374
72746,52,2736,14,14,28,95,67,162,2,7,9,171
73175,52,2736,8,10,18,117,107,224,2,20,22,246
73303,52,2736,12,12,24,54,47,101,7,7,14,115
74916,52,2736,13,15,28,67,68,135,5,5,10,145
75178,52,2736,1,0,1,2,0,2,0,0,0,2
75261,52,2736,26,29,55,314,328,642,7,6,13,655
75468,52,2736,12,16,28,97,105,202,8,19,27,229
76313,52,2736,25,24,49,197,185,382,8,12,20,402
77023,52,2736,11,11,22,161,147,308,0,0,0,308
77824,52,2736,21,18,39,215,179,394,16,8,24,418
78062,52,2736,14,19,33,391,396,787,2,10,12,799
78638,52,2736,20,25,45,381,392,773,8,21,29,802
78911,52,2736,15,18,33,79,78,157,7,17,24,181
79877,52,2736,35,39,74,206,227,433,27,55,82,515
80058,52,2736,30,30,60,89,76,165,16,29,45,210
80193,52,2736,20,21,41,620,626,1246,12,30,42,1288
82060,52,2736,11,16,27,138,130,268,18,33,51,319
82282,52,2736,5,4,9,19,12,31,0,0,0,31
83184,52,2736,14,16,30,340,294,634,8,20,28,662
83568,52,2736,23,19,42,126,90,216,11,19,30,246
84215,52,2736,7,7,14,75,53,128,0,2,2,130
84472,52,2736,25,26,51,265,190,455,7,12,19,474
84841,52,2736,19,19,38,133,137,270,16,26,42,312
85596,52,2736,19,22,41,356,331,687,7,14,21,708
85970,52,2736,22,20,42,281,403,684,6,31,37,721
86009,52,2736,11,15,26,104,124,228,7,15,22,250
86237,52,2736,7,6,13,31,32,63,2,1,3,66
86352,52,2736,24,30,54,120,118,238,22,40,62,300
86610,52,2736,17,21,38,220,192,412,27,96,123,535
86727,52,2736,13,12,25,414,417,831,2,0,2,833
88133,52,2736,17,22,39,94,93,187,17,28,45,232
88175,52,2736,12,14,26,54,43,97,7,13,20,117
10060,53,2737,5,5,10,1198,1147,2345,1,1,2,2347
10281,53,2737,11,16,27,465,409,874,14,38,52,926
10353,53,2737,26,25,51,356,355,711,8,5,13,724
10841,53,2737,22,24,46,181,175,356,17,31,48,404
11023,53,2737,2,2,4,1,0,1,1,2,3,4
11360,53,2737,16,17,33,273,314,587,32,59,91,678
11692,53,2737,20,20,40,451,387,838,26,26,52,890
13799,53,2737,17,14,31,252,269,521,9,15,24,545
13882,53,2737,19,24,43,106,104,210,5,19,24,234
13896,53,2737,1,0,1,1,0,1,0,0,0,1
14106,53,2737,4,6,10,11,7,18,0,3,3,21
14188,53,2737,16,19,35,172,173,345,11,27,38,383
15071,53,2737,8,11,19,340,345,685,16,28,44,729
15723,53,2737,2,0,2,3,0,3,0,0,0,3
15776,53,2737,23,29,52,235,231,466,7,31,38,504
16313,53,2737,34,37,71,319,309,628,15,25,40,668
16495,53,2737,27,26,53,380,367,747,26,34,60,807
16933,53,2737,23,25,48,492,507,999,7,19,26,1025
17353,53,2737,18,15,33,197,101,298,3,13,16,314
18344,53,2737,25,21,46,102,80,182,4,10,14,196
18394,53,2737,35,46,81,391,319,710,31,35,66,776
18420,53,2737,17,13,30,33,33,66,24,24,48,114
19066,53,2737,15,19,34,123,128,251,5,41,46,297
19844,53,2737,23,25,48,99,87,186,11,15,26,212
20905,53,2737,16,18,34,176,173,349,28,49,77,426
21350,53,2737,19,25,44,283,292,575,13,52,65,640
22745,53,2737,16,16,32,205,197,402,6,6,12,414
22931,53,2737,19,16,35,136,140,276,1,9,10,286
23040,53,2737,11,13,24,126,127,253,9,19,28,281
23144,53,2737,20,19,39,136,114,250,11,12,23,273
23642,53,2737,11,13,24,210,195,405,15,12,27,432
24543,53,2737,9,11,20,61,56,117,5,26,31,148
24760,53,2737,16,26,42,397,426,823,7,33,40,863
24853,53,2737,23,22,45,88,51,139,3,28,31,170
25171,53,2737,29,34,63,224,238,462,12,40,52,514
25494,53,2737,21,23,44,105,81,186,7,16,23,209
25544,53,2737,39,44,83,180,196,376,3,26,29,405
25947,53,2737,20,26,46,185,152,337,6,19,25,362
26127,53,2737,22,19,41,139,153,292,31,46,77,369
26425,53,2737,11,9,20,19,20,39,4,3,7,46
26999,53,2737,13,10,23,59,48,107,3,14,17,124
28831,53,2737,6,14,20,37,48,85,4,22,26,111
29914,53,2737,16,15,31,236,187,423,16,40,56,479
30076,53,2737,13,15,28,78,82,160,0,4,4,164
30952,53,2737,20,21,41,328,327,655,10,6,16,671
31372,53,2737,16,18,34,201,202,403,22,20,42,445
31583,53,2737,55,55,110,367,362,729,19,35,54,783
32174,53,2737,16,16,32,59,54,113,16,20,36,149
32899,53,2737,12,11,23,56,53,109,8,16,24,133
34250,53,2737,19,17,36,59,62,121,12,25,37,158
34853,53,2737,23,25,48,315,354,669,17,62,79,748
35227,53,2737,26,20,46,382,404,786,0,0,0,786
36006,53,2737,3,3,6,70,65,135,2,0,2,137
36143,53,2737,30,27,57,164,111,275,0,0,0,275
36951,53,2737,39,46,85,130,147,277,7,19,26,303
37617,53,2737,27,29,56,493,339,832,11,17,28,860
38823,53,2737,18,20,38,111,79,190,1,18,19,209
38893,53,2737,13,16,29,92,85,177,14,20,34,211
38901,53,2737,27,33,60,219,202,421,1,16,17,438
38927,53,2737,24,23,47,225,230,455,6,17,23,478
39122,53,2737,15,14,29,87,65,152,15,12,27,179
39701,53,2737,22,26,48,248,258,506,7,28,35,541
39783,53,2737,13,13,26,121,130,251,25,36,61,312
40629,53,2737,29,41,70,116,131,247,18,37,55,302
40997,53,2737,27,30,57,173,184,357,34,92,126,483
41393,53,2737,15,17,32,64,45,109,6,16,22,131
44167,53,2737,47,47,94,278,287,565,24,42,66,631
44520,53,2737,17,18,35,252,232,484,20,31,51,535
44947,53,2737,11,14,25,524,518,1042,3,9,12,1054
44956,53,2737,3,8,11,5,5,10,1,9,10,20
45000,53,2737,12,15,27,91,78,169,6,20,26,195
45292,53,2737,37,49,86,249,231,480,32,112,144,624
45539,53,2737,25,16,41,332,246,578,5,10,15,593
45945,53,2737,10,11,21,219,183,402,11,27,38,440
46021,53,2737,11,11,22,76,68,144,12,18,30,174
46160,53,2737,24,27,51,115,110,225,10,23,33,258
46584,53,2737,22,27,49,130,132,262,5,48,53,315
46654,53,2737,12,17,29,557,491,1048,42,78,120,1168
46771,53,2737,29,35,64,133,111,244,14,46,60,304
48187,53,2737,25,29,54,314,249,563,12,32,44,607
48990,53,2737,13,14,27,127,143,270,14,17,31,301
49294,53,2737,15,13,28,54,45,99,3,15,18,117
49597,53,2737,10,10,20,41,39,80,2,13,15,95
50181,53,2737,7,18,25,29,29,58,4,23,27,85
50709,53,2737,12,15,27,151,139,290,6,29,35,325
50869,53,2737,24,20,44,91,84,175,8,13,21,196
50947,53,2737,23,27,50,256,258,514,22,58,80,594
51102,53,2737,11,12,23,190,44,234,1,6,7,241
51552,53,2737,14,20,34,168,165,333,1,9,10,343
51597,53,2737,21,27,48,91,70,161,3,25,28,189
51675,53,2737,6,8,14,29,24,53,1,34,35,88
51722,53,2737,16,17,33,121,95,216,2,5,7,223
52067,53,2737,35,35,70,421,183,604,22,19,41,645
52385,53,2737,1,0,1,1,0,1,0,0,0,1
52441,53,2737,40,42,82,346,341,687,17,36,53,740
52615,53,2737,1,0,1,1,0,1,0,0,0,1
52635,53,2737,12,13,25,54,31,85,6,10,16,101
53275,53,2737,15,17,32,62,56,118,18,41,59,177
53884,53,2737,11,11,22,42,33,75,4,17,21,96
55464,53,2737,36,45,81,411,395,806,38,99,137,943
55594,53,2737,22,23,45,72,49,121,10,37,47,168
57637,53,2737,13,18,31,50,67,117,4,6,10,127
57896,53,2737,15,16,31,223,224,447,15,30,45,492
58909,53,2737,19,17,36,204,219,423,7,11,18,441
59367,53,2737,24,16,40,171,154,325,4,20,24,349
60482,53,2737,13,14,27,48,48,96,7,13,20,116
60830,53,2737,21,16,37,76,70,146,9,11,20,166
61280,53,2737,18,13,31,382,427,809,4,4,8,817
62555,53,2737,21,40,61,89,98,187,5,50,55,242
62560,53,2737,44,36,80,372,341,713,31,47,78,791
63063,53,2737,19,16,35,164,146,310,18,14,32,342
63188,53,2737,19,20,39,330,319,649,9,14,23,672
63757,53,2737,6,9,15,17,17,34,1,4,5,39
63817,53,2737,9,15,24,387,336,723,4,27,31,754
65102,53,2737,17,14,31,367,356,723,0,0,0,723
65526,53,2737,5,8,13,49,48,97,0,5,5,102
66052,53,2737,39,52,91,316,197,513,28,104,132,645
66245,53,2737,32,35,67,164,148,312,18,27,45,357
66404,53,2737,25,30,55,209,124,333,0,7,7,340
66754,53,2737,18,20,38,113,115,228,8,13,21,249
66991,53,2737,46,47,93,304,276,580,12,37,49,629
68494,53,2737,23,22,45,526,504,1030,37,59,96,1126
68533,53,2737,20,18,38,107,86,193,10,33,43,236
69065,53,2737,25,21,46,179,163,342,7,1,8,350
70889,53,2737,11,10,21,147,139,286,2,0,2,288
71187,53,2737,17,14,31,295,165,460,11,19,30,490
71518,53,2737,17,18,35,56,58,114,3,6,9,123
71627,53,2737,30,37,67,288,304,592,23,41,64,656
71700,53,2737,22,27,49,304,366,670,10,20,30,700
71782,53,2737,17,19,36,206,73,279,14,40,54,333
72746,53,2737,11,14,25,50,45,95,2,36,38,133
73175,53,2737,6,6,12,179,187,366,3,5,8,374
73303,53,2737,12,14,26,58,50,108,15,16,31,139
74916,53,2737,39,37,76,673,541,1214,17,30,47,1261
75178,53,2737,10,11,21,14,11,25,5,11,16,41
75261,53,2737,26,32,58,310,326,636,16,35,51,687
75468,53,2737,8,8,16,64,61,125,8,13,21,146
76313,53,2737,34,35,69,289,214,503,25,28,53,556
77023,53,2737,13,14,27,128,124,252,0,0,0,252
77291,53,2737,17,16,33,99,83,182,4,18,22,204
77824,53,2737,19,17,36,80,69,149,7,8,15,164
78062,53,2737,16,17,33,371,381,752,9,7,16,768
78638,53,2737,25,23,48,458,424,882,8,50,58,940
78911,53,2737,19,18,37,117,113,230,9,8,17,247
79877,53,2737,24,27,51,150,124,274,19,27,46,320
80058,53,2737,22,27,49,94,92,186,5,17,22,208
80193,53,2737,20,29,49,939,838,1777,26,108,134,1911
82060,53,2737,11,16,27,176,150,326,17,26,43,369
82282,53,2737,7,7,14,72,77,149,2,12,14,163
83184,53,2737,13,14,27,195,181,376,4,3,7,383
83568,53,2737,17,16,33,88,57,145,9,14,23,168
84215,53,2737,9,10,19,69,58,127,5,22,27,154
84472,53,2737,32,33,65,324,180,504,6,9,15,519
84841,53,2737,30,30,60,166,136,302,16,36,52,354
85596,53,2737,25,29,54,488,495,983,18,30,48,1031
85970,53,2737,27,29,56,549,632,1181,8,33,41,1222
86009,53,2737,16,18,34,62,52,114,10,28,38,152
86237,53,2737,4,11,15,16,21,37,5,21,26,63
86352,53,2737,26,32,58,125,116,241,23,29,52,293
86610,53,2737,24,24,48,202,215,417,19,53,72,489
86727,53,2737,11,12,23,596,585,1181,5,5,10,1191
88133,53,2737,19,25,44,144,142,286,7,28,35,321
88175,53,2737,15,19,34,115,92,207,9,32,41,248
10060,54,2738,8,8,16,1333,1280,2613,3,3,6,2619
10281,54,2738,10,11,21,570,503,1073,9,21,30,1103
10353,54,2738,22,25,47,393,388,781,1,13,14,795
10841,54,2738,22,21,43,129,109,238,18,40,58,296
11023,54,2738,21,20,41,270,265,535,10,12,22,557
11360,54,2738,18,20,38,159,194,353,28,47,75,428
11692,54,2738,11,16,27,530,487,1017,13,26,39,1056
13799,54,2738,16,19,35,282,323,605,11,28,39,644
13882,54,2738,13,19,32,109,106,215,1,6,7,222
14106,54,2738,5,5,10,13,8,21,1,3,4,25
14188,54,2738,18,22,40,220,216,436,5,33,38,474
15071,54,2738,7,7,14,358,321,679,16,21,37,716
15723,54,2738,1,0,1,1,0,1,0,0,0,1
15776,54,2738,17,22,39,276,260,536,2,22,24,560
16313,54,2738,36,39,75,251,230,481,7,31,38,519
16495,54,2738,24,26,50,434,453,887,15,34,49,936
16933,54,2738,16,21,37,340,314,654,3,4,7,661
17353,54,2738,17,21,38,238,136,374,3,16,19,393
18344,54,2738,18,18,36,95,76,171,3,3,6,177
18394,54,2738,34,36,70,358,300,658,17,28,45,703
18420,54,2738,11,13,24,27,39,66,12,16,28,94
19066,54,2738,15,15,30,88,68,156,7,15,22,178
19844,54,2738,24,22,46,146,139,285,5,8,13,298
20905,54,2738,23,18,41,134,109,243,7,14,21,264
21350,54,2738,17,20,37,343,413,756,6,28,34,790
22745,54,2738,13,11,24,174,155,329,10,3,13,342
22931,54,2738,16,12,28,107,98,205,4,7,11,216
23040,54,2738,13,11,24,122,114,236,1,6,7,243
23144,54,2738,23,26,49,135,119,254,10,14,24,278
23642,54,2738,11,16,27,110,127,237,7,13,20,257
24543,54,2738,10,12,22,62,60,122,2,7,9,131
24760,54,2738,28,33,61,349,385,734,6,28,34,768
24853,54,2738,14,19,33,106,75,181,10,11,21,202
25171,54,2738,24,29,53,170,145,315,2,20,22,337
25494,54,2738,14,13,27,53,43,96,6,9,15,111
25544,54,2738,38,42,80,270,276,546,0,15,15,561
25947,54,2738,21,21,42,141,109,250,8,17,25,275
26127,54,2738,23,19,42,136,106,242,18,26,44,286
26425,54,2738,9,11,20,31,25,56,1,9,10,66
26999,54,2738,16,11,27,264,246,510,3,23,26,536
28831,54,2738,11,15,26,27,36,63,2,11,13,76
29914,54,2738,13,10,23,201,157,358,11,15,26,384
30076,54,2738,11,13,24,48,55,103,0,0,0,103
30952,54,2738,15,19,34,317,274,591,12,15,27,618
31372,54,2738,15,15,30,206,203,409,13,10,23,432
31583,54,2738,43,46,89,445,427,872,5,12,17,889
32174,54,2738,14,16,30,91,84,175,15,15,30,205
32899,54,2738,11,12,23,48,51,99,6,14,20,119
34250,54,2738,15,17,32,40,42,82,14,6,20,102
34853,54,2738,28,33,61,339,370,709,17,44,61,770
35227,54,2738,32,27,59,443,506,949,0,0,0,949
36006,54,2738,5,5,10,64,54,118,0,0,0,118
36143,54,2738,28,23,51,113,83,196,0,0,0,196
36951,54,2738,31,40,71,252,263,515,5,17,22,537
37617,54,2738,30,34,64,427,273,700,6,19,25,725
38823,54,2738,21,22,43,201,188,389,4,11,15,404
38893,54,2738,13,13,26,77,62,139,5,9,14,153
38901,54,2738,24,28,52,144,139,283,1,13,14,297
38927,54,2738,15,17,32,188,210,398,1,5,6,404
39122,54,2738,19,17,36,95,61,156,14,24,38,194
39783,54,2738,11,14,25,187,206,393,11,27,38,431
40629,54,2738,20,29,49,140,142,282,5,23,28,310
40997,54,2738,18,15,33,69,79,148,12,36,48,196
41393,54,2738,20,20,40,95,86,181,10,11,21,202
44167,54,2738,63,74,137,447,423,870,12,66,78,948
44520,54,2738,6,11,17,35,34,69,3,15,18,87
44947,54,2738,11,12,23,419,431,850,0,1,1,851
44956,54,2738,8,8,16,12,6,18,1,10,11,29
45000,54,2738,7,8,15,69,75,144,3,14,17,161
45292,54,2738,36,48,84,236,211,447,24,59,83,530
45539,54,2738,17,12,29,320,271,591,2,1,3,594
45945,54,2738,12,15,27,135,124,259,1,17,18,277
46021,54,2738,15,14,29,192,153,345,13,18,31,376
46160,54,2738,13,15,28,74,61,135,6,12,18,153
46584,54,2738,24,25,49,186,161,347,6,48,54,401
46654,54,2738,15,16,31,245,198,443,45,74,119,562
46771,54,2738,28,31,59,81,57,138,8,30,38,176
48187,54,2738,21,24,45,223,162,385,6,27,33,418
48990,54,2738,11,11,22,83,84,167,16,24,40,207
49294,54,2738,10,14,24,39,53,92,1,14,15,107
49597,54,2738,0,1,1,0,0,0,0,1,1,1
50181,54,2738,18,15,33,52,41,93,17,14,31,124
50709,54,2738,13,16,29,160,161,321,4,17,21,342
50869,54,2738,16,20,36,143,139,282,5,7,12,294
50947,54,2738,27,30,57,340,386,726,3,31,34,760
51102,54,2738,13,10,23,235,25,260,1,1,2,262
51552,54,2738,17,18,35,135,109,244,5,11,16,260
51597,54,2738,21,31,52,57,54,111,5,43,48,159
51675,54,2738,4,4,8,13,12,25,2,17,19,44
51722,54,2738,18,18,36,72,58,130,5,4,9,139
52067,54,2738,35,33,68,393,230,623,10,11,21,644
52385,54,2738,1,0,1,1,0,1,0,0,0,1
52441,54,2738,33,39,72,381,363,744,12,21,33,777
52615,54,2738,7,9,16,51,45,96,6,7,13,109
52635,54,2738,13,8,21,41,22,63,4,6,10,73
53275,54,2738,7,16,23,12,9,21,8,37,45,66
53884,54,2738,7,8,15,55,45,100,1,4,5,105
55464,54,2738,35,43,78,360,357,717,18,86,104,821
55594,54,2738,18,14,32,35,19,54,9,22,31,85
57637,54,2738,11,15,26,63,68,131,3,4,7,138
57896,54,2738,12,15,27,105,105,210,2,17,19,229
58909,54,2738,16,15,31,223,237,460,0,5,5,465
59367,54,2738,18,13,31,78,69,147,5,21,26,173
60482,54,2738,17,23,40,131,107,238,8,54,62,300
60830,54,2738,12,11,23,45,48,93,11,10,21,114
61280,54,2738,21,19,40,477,495,972,4,2,6,978
62555,54,2738,13,18,31,43,36,79,3,18,21,100
62560,54,2738,28,30,58,272,228,500,11,27,38,538
63063,54,2738,16,19,35,219,192,411,7,13,20,431
63188,54,2738,19,22,41,216,204,420,10,9,19,439
63757,54,2738,9,10,19,26,17,43,8,9,17,60
63817,54,2738,15,14,29,369,332,701,5,17,22,723
64772,54,2738,2,2,4,5,2,7,0,0,0,7
65102,54,2738,12,12,24,509,496,1005,0,1,1,1006
65526,54,2738,10,9,19,82,70,152,5,6,11,163
66052,54,2738,40,51,91,225,172,397,39,114,153,550
66245,54,2738,35,34,69,158,135,293,13,17,30,323
66404,54,2738,32,34,66,389,151,540,5,10,15,555
66754,54,2738,16,17,33,108,112,220,3,27,30,250
66991,54,2738,44,48,92,415,406,821,6,20,26,847
67947,54,2738,29,34,63,218,269,487,5,49,54,541
68494,54,2738,27,26,53,562,509,1071,21,64,85,1156
68533,54,2738,29,27,56,161,130,291,1,14,15,306
68633,54,2738,8,8,16,14,7,21,6,13,19,40
69065,54,2738,15,15,30,146,139,285,0,32,32,317
70889,54,2738,8,7,15,33,32,65,0,0,0,65
71187,54,2738,11,10,21,258,96,354,3,3,6,360
71518,54,2738,20,23,43,96,84,180,3,16,19,199
71627,54,2738,29,31,60,168,171,339,10,19,29,368
71700,54,2738,28,27,55,397,460,857,11,18,29,886
71782,54,2738,13,16,29,211,56,267,9,11,20,287
72746,54,2738,11,12,23,35,37,72,2,6,8,80
73175,54,2738,10,15,25,88,89,177,0,14,14,191
73303,54,2738,10,9,19,54,51,105,11,9,20,125
74916,54,2738,29,30,59,199,164,363,2,9,11,374
75178,54,2738,5,6,11,7,6,13,12,4,16,29
75261,54,2738,31,34,65,304,326,630,16,39,55,685
75468,54,2738,9,9,18,26,30,56,3,21,24,80
76313,54,2738,18,18,36,156,128,284,9,13,22,306
77023,54,2738,9,10,19,64,65,129,0,0,0,129
77291,54,2738,25,28,53,270,240,510,4,31,35,545
77824,54,2738,23,22,45,212,194,406,6,4,10,416
78062,54,2738,13,14,27,494,490,984,1,2,3,987
78638,54,2738,19,21,40,525,476,1001,7,33,40,1041
78911,54,2738,15,13,28,114,92,206,1,1,2,208
78966,54,2738,18,17,35,629,42,671,1,2,3,674
79877,54,2738,28,31,59,150,125,275,1,11,12,287
80058,54,2738,42,41,83,137,132,269,4,9,13,282
80193,54,2738,24,31,55,758,719,1477,24,85,109,1586
82060,54,2738,15,18,33,124,119,243,28,26,54,297
82282,54,2738,8,8,16,77,81,158,0,4,4,162
83184,54,2738,11,11,22,92,92,184,3,3,6,190
83568,54,2738,21,20,41,205,145,350,9,13,22,372
84215,54,2738,12,13,25,113,109,222,11,9,20,242
84472,54,2738,29,32,61,345,140,485,4,5,9,494
84841,54,2738,23,25,48,143,119,262,17,42,59,321
85596,54,2738,20,22,42,470,486,956,10,23,33,989
85970,54,2738,32,33,65,495,590,1085,4,33,37,1122
86009,54,2738,11,13,24,54,46,100,10,19,29,129
86237,54,2738,3,5,8,4,3,7,1,11,12,19
86352,54,2738,37,36,73,114,117,231,10,20,30,261
86610,54,2738,16,17,33,155,150,305,7,43,50,355
86727,54,2738,12,12,24,517,500,1017,1,0,1,1018
88133,54,2738,15,16,31,115,89,204,10,12,22,226
88175,54,2738,17,23,40,98,101,199,1,12,13,212
89827,54,2738,8,6,14,32,23,55,1,9,10,65
10060,55,2739,8,8,16,1005,932,1937,2,1,3,1940
10281,55,2739,13,15,28,555,473,1028,15,44,59,1087
10353,55,2739,23,20,43,217,209,426,6,7,13,439
10841,55,2739,16,16,32,102,88,190,15,29,44,234
11023,55,2739,13,11,24,332,357,689,5,9,14,703
11360,55,2739,20,21,41,217,231,448,28,57,85,533
11692,55,2739,12,13,25,470,449,919,9,17,26,945
13799,55,2739,13,13,26,303,325,628,6,26,32,660
13882,55,2739,21,24,45,146,164,310,3,5,8,318
14106,55,2739,8,12,20,11,13,24,3,5,8,32
14188,55,2739,20,18,38,212,217,429,5,16,21,450
15071,55,2739,8,9,17,623,555,1178,3,6,9,1187
15723,55,2739,1,1,2,1,0,1,0,1,1,2
15776,55,2739,20,27,47,196,171,367,7,30,37,404
16313,55,2739,35,35,70,289,263,552,7,19,26,578
16495,55,2739,23,20,43,282,271,553,5,13,18,571
16933,55,2739,21,17,38,264,206,470,2,5,7,477
17353,55,2739,18,19,37,190,105,295,5,14,19,314
18344,55,2739,13,13,26,85,69,154,5,5,10,164
18394,55,2739,31,37,68,386,321,707,9,17,26,733
18420,55,2739,8,9,17,17,15,32,13,17,30,62
19066,55,2739,9,1,10,14,1,15,1,0,1,16
19844,55,2739,21,21,42,104,87,191,5,9,14,205
20905,55,2739,25,24,49,217,207,424,21,21,42,466
21350,55,2739,21,24,45,406,505,911,11,50,61,972
22617,55,2739,11,9,20,38,39,77,4,4,8,85
22745,55,2739,12,12,24,72,68,140,2,5,7,147
22931,55,2739,15,12,27,138,128,266,5,12,17,283
23040,55,2739,8,9,17,96,93,189,3,11,14,203
23144,55,2739,21,21,42,84,81,165,9,8,17,182
23642,55,2739,10,10,20,103,96,199,3,11,14,213
24543,55,2739,8,8,16,62,56,118,6,6,12,130
24760,55,2739,24,31,55,265,293,558,9,50,59,617
24853,55,2739,18,23,41,137,92,229,5,37,42,271
25171,55,2739,30,30,60,495,518,1013,20,34,54,1067
25323,55,2739,12,12,24,31,28,59,5,8,13,72
25544,55,2739,38,46,84,153,167,320,2,4,6,326
25947,55,2739,11,11,22,59,49,108,7,21,28,136
26127,55,2739,26,29,55,148,123,271,17,44,61,332
26425,55,2739,10,11,21,28,26,54,2,5,7,61
26999,55,2739,20,17,37,248,236,484,9,39,48,532
28831,55,2739,10,11,21,30,30,60,2,19,21,81
29914,55,2739,17,13,30,190,138,328,13,34,47,375
30076,55,2739,16,19,35,104,118,222,1,6,7,229
30952,55,2739,18,22,40,299,265,564,5,10,15,579
31372,55,2739,13,15,28,191,193,384,8,10,18,402
31583,55,2739,50,50,100,466,441,907,30,43,73,980
32100,55,2739,0,1,1,0,0,0,0,1,1,1
32174,55,2739,16,21,37,84,93,177,13,31,44,221
32899,55,2739,9,10,19,40,50,90,3,18,21,111
34250,55,2739,14,18,32,40,35,75,8,9,17,92
34853,55,2739,33,36,69,385,401,786,18,61,79,865
35227,55,2739,27,22,49,333,372,705,0,0,0,705
36006,55,2739,3,3,6,32,32,64,1,0,1,65
36143,55,2739,21,17,38,75,47,122,0,0,0,122
36951,55,2739,29,26,55,125,119,244,6,5,11,255
37617,55,2739,22,24,46,386,237,623,7,20,27,650
38823,55,2739,12,16,28,71,70,141,0,6,6,147
38893,55,2739,16,15,31,47,47,94,17,30,47,141
38901,55,2739,31,35,66,231,203,434,8,10,18,452
38927,55,2739,22,24,46,185,210,395,1,2,3,398
39122,55,2739,14,15,29,85,48,133,8,6,14,147
39701,55,2739,18,20,38,192,189,381,3,15,18,399
39783,55,2739,13,14,27,100,103,203,12,31,43,246
40629,55,2739,29,35,64,149,149,298,14,33,47,345
40997,55,2739,14,18,32,86,106,192,10,41,51,243
41393,55,2739,20,17,37,92,72,164,10,5,15,179
44167,55,2739,69,79,148,464,497,961,20,60,80,1041
44520,55,2739,10,21,31,47,47,94,1,19,20,114
44947,55,2739,6,10,16,325,328,653,0,7,7,660
44956,55,2739,3,5,8,2,3,5,1,5,6,11
45000,55,2739,7,8,15,21,19,40,0,7,7,47
45292,55,2739,31,36,67,172,159,331,13,37,50,381
45539,55,2739,13,11,24,260,218,478,2,18,20,498
45945,55,2739,9,8,17,136,136,272,4,14,18,290
46021,55,2739,14,13,27,264,211,475,13,24,37,512
46160,55,2739,22,23,45,105,87,192,3,17,20,212
46584,55,2739,22,24,46,106,118,224,9,45,54,278
46654,55,2739,18,20,38,429,381,810,32,77,109,919
46771,55,2739,29,30,59,117,91,208,2,42,44,252
48187,55,2739,31,26,57,211,161,372,3,17,20,392
48990,55,2739,9,10,19,88,90,178,9,29,38,216
49294,55,2739,12,11,23,29,28,57,4,14,18,75
49597,55,2739,7,7,14,17,11,28,0,4,4,32
50181,55,2739,9,9,18,21,21,42,5,16,21,63
50709,55,2739,14,19,33,210,189,399,3,25,28,427
50869,55,2739,21,17,38,112,106,218,10,15,25,243
50947,55,2739,29,37,66,295,312,607,2,36,38,645
51102,55,2739,6,5,11,376,7,383,0,1,1,384
51552,55,2739,22,21,43,106,106,212,3,5,8,220
51597,55,2739,25,30,55,53,41,94,2,31,33,127
51675,55,2739,2,3,5,64,63,127,1,27,28,155
51722,55,2739,16,14,30,94,71,165,1,0,1,166
52067,55,2739,33,31,64,420,249,669,13,12,25,694
52385,55,2739,25,24,49,122,114,236,2,14,16,252
52441,55,2739,28,36,64,262,263,525,8,31,39,564
52635,55,2739,9,9,18,16,9,25,3,7,10,35
53275,55,2739,11,15,26,30,14,44,9,23,32,76
53884,55,2739,11,10,21,40,30,70,0,4,4,74
55464,55,2739,37,40,77,301,298,599,11,55,66,665
55594,55,2739,5,6,11,17,19,36,0,3,3,39
57637,55,2739,7,9,16,28,32,60,0,5,5,65
57896,55,2739,12,11,23,41,33,74,0,1,1,75
58909,55,2739,19,18,37,163,165,328,3,20,23,351
59367,55,2739,16,13,29,120,78,198,11,25,36,234
60482,55,2739,23,23,46,149,142,291,20,50,70,361
60830,55,2739,9,9,18,45,54,99,6,3,9,108
61280,55,2739,30,27,57,486,505,991,2,9,11,1002
62555,55,2739,17,18,35,87,108,195,7,42,49,244
62560,55,2739,35,40,75,255,250,505,20,32,52,557
63063,55,2739,19,21,40,209,176,385,9,25,34,419
63188,55,2739,14,16,30,123,114,237,6,6,12,249
63757,55,2739,8,7,15,16,16,32,6,18,24,56
63817,55,2739,10,11,21,346,304,650,2,26,28,678
64772,55,2739,2,3,5,3,4,7,0,1,1,8
65102,55,2739,11,12,23,705,689,1394,5,9,14,1408
65526,55,2739,9,10,19,83,68,151,6,14,20,171
66052,55,2739,30,41,71,139,115,254,20,86,106,360
66245,55,2739,30,30,60,130,117,247,6,18,24,271
66404,55,2739,22,31,53,345,147,492,3,9,12,504
66754,55,2739,16,16,32,100,116,216,3,7,10,226
66991,55,2739,46,50,96,370,336,706,19,31,50,756
67947,55,2739,20,27,47,200,246,446,3,29,32,478
68494,55,2739,23,25,48,417,358,775,12,55,67,842
68533,55,2739,28,33,61,133,113,246,3,25,28,274
68633,55,2739,11,10,21,49,34,83,10,15,25,108
69065,55,2739,17,16,33,180,171,351,4,11,15,366
70889,55,2739,9,7,16,72,70,142,0,0,0,142
71187,55,2739,18,12,30,109,66,175,6,4,10,185
71518,55,2739,18,21,39,120,101,221,11,7,18,239
71627,55,2739,29,33,62,209,210,419,5,36,41,460
71700,55,2739,30,37,67,459,478,937,18,29,47,984
71782,55,2739,22,25,47,310,119,429,10,43,53,482
72746,55,2739,7,11,18,43,35,78,0,3,3,81
73175,55,2739,12,10,22,57,61,118,7,9,16,134
73303,55,2739,14,14,28,49,38,87,8,9,17,104
74916,55,2739,31,37,68,168,157,325,7,20,27,352
75178,55,2739,6,10,16,24,17,41,7,7,14,55
75261,55,2739,35,34,69,346,359,705,18,26,44,749
75468,55,2739,11,11,22,45,33,78,3,34,37,115
76313,55,2739,22,29,51,228,189,417,7,13,20,437
77023,55,2739,8,6,14,68,64,132,0,0,0,132
77291,55,2739,21,25,46,328,323,651,5,20,25,676
77824,55,2739,20,18,38,121,92,213,3,4,7,220
78062,55,2739,17,17,34,398,386,784,4,4,8,792
78638,55,2739,28,28,56,390,339,729,3,15,18,747
78911,55,2739,13,15,28,58,56,114,6,16,22,136
78966,55,2739,18,20,38,920,77,997,0,6,6,1003
79877,55,2739,24,27,51,147,134,281,5,8,13,294
80058,55,2739,39,48,87,181,177,358,7,15,22,380
80193,55,2739,30,35,65,672,642,1314,24,107,131,1445
82060,55,2739,11,16,27,116,98,214,17,31,48,262
82282,55,2739,7,6,13,20,20,40,1,4,5,45
83184,55,2739,13,15,28,52,49,101,3,6,9,110
84215,55,2739,16,15,31,146,123,269,3,8,11,280
84472,55,2739,26,28,54,348,143,491,3,4,7,498
84841,55,2739,25,29,54,156,135,291,43,43,86,377
85596,55,2739,19,23,42,385,404,789,10,43,53,842
85970,55,2739,26,25,51,451,541,992,4,26,30,1022
86009,55,2739,17,17,34,109,92,201,12,43,55,256
86237,55,2739,6,8,14,51,31,82,1,4,5,87
86352,55,2739,20,22,42,86,71,157,5,10,15,172
86610,55,2739,20,25,45,165,157,322,13,57,70,392
86727,55,2739,10,11,21,422,394,816,6,0,6,822
88133,55,2739,16,24,40,65,66,131,5,28,33,164
88175,55,2739,12,16,28,105,87,192,8,25,33,225
89827,55,2739,6,6,12,69,46,115,1,9,10,125
10060,56,2740,13,11,24,1417,1350,2767,5,7,12,2779
10281,56,2740,15,26,41,415,353,768,17,41,58,826
10353,56,2740,26,22,48,319,315,634,3,1,4,638
10841,56,2740,25,28,53,121,125,246,21,58,79,325
11023,56,2740,14,12,26,240,231,471,6,6,12,483
11360,56,2740,22,17,39,110,109,219,19,34,53,272
11692,56,2740,10,15,25,232,207,439,2,12,14,453
13799,56,2740,15,13,28,192,202,394,7,16,23,417
13882,56,2740,20,20,40,74,82,156,1,2,3,159
14106,56,2740,3,2,5,2,1,3,1,2,3,6
14188,56,2740,21,22,43,137,144,281,5,35,40,321
15071,56,2740,3,3,6,309,258,567,4,2,6,573
15776,56,2740,23,24,47,146,143,289,4,9,13,302
16313,56,2740,45,39,84,327,282,609,8,35,43,652
16495,56,2740,25,27,52,261,259,520,8,23,31,551
16933,56,2740,18,18,36,558,537,1095,8,9,17,1112
17353,56,2740,19,17,36,160,66,226,3,21,24,250
18344,56,2740,19,19,38,158,140,298,7,9,16,314
18394,56,2740,31,33,64,498,297,795,12,13,25,820
18420,56,2740,12,10,22,21,29,50,12,12,24,74
19066,56,2740,8,4,12,12,6,18,1,2,3,21
19844,56,2740,22,19,41,109,96,205,6,6,12,217
20905,56,2740,25,23,48,157,161,318,16,45,61,379
21350,56,2740,15,17,32,274,300,574,9,21,30,604
22617,56,2740,15,15,30,96,107,203,9,7,16,219
22745,56,2740,12,11,23,85,84,169,1,1,2,171
22931,56,2740,28,15,43,193,104,297,6,9,15,312
23040,56,2740,12,10,22,81,69,150,4,6,10,160
23144,56,2740,21,22,43,87,83,170,6,5,11,181
23642,56,2740,10,10,20,112,110,222,12,7,19,241
24543,56,2740,8,10,18,49,46,95,2,10,12,107
24760,56,2740,26,31,57,354,404,758,6,35,41,799
24853,56,2740,22,16,38,94,54,148,4,14,18,166
25171,56,2740,23,28,51,224,231,455,11,36,47,502
25323,56,2740,17,19,36,263,117,380,3,17,20,400
25544,56,2740,45,50,95,186,203,389,3,12,15,404
25947,56,2740,22,21,43,208,181,389,17,15,32,421
26127,56,2740,21,20,41,158,157,315,20,34,54,369
26425,56,2740,10,11,21,45,40,85,0,5,5,90
26999,56,2740,19,12,31,408,422,830,6,16,22,852
28831,56,2740,11,11,22,29,29,58,7,8,15,73
29914,56,2740,9,6,15,38,17,55,1,5,6,61
30076,56,2740,14,12,26,86,79,165,2,4,6,171
30952,56,2740,23,27,50,309,285,594,8,10,18,612
31372,56,2740,14,19,33,250,239,489,6,13,19,508
31583,56,2740,49,51,100,422,419,841,12,14,26,867
32100,56,2740,0,2,2,0,0,0,0,2,2,2
32174,56,2740,13,14,27,66,67,133,10,24,34,167
32899,56,2740,8,9,17,26,32,58,3,10,13,71
34250,56,2740,21,20,41,53,42,95,6,12,18,113
34853,56,2740,37,35,72,488,466,954,18,59,77,1031
35227,56,2740,31,25,56,318,360,678,25,21,46,724
36006,56,2740,3,2,5,24,22,46,2,0,2,48
36143,56,2740,25,20,45,153,127,280,0,0,0,280
36951,56,2740,32,31,63,250,235,485,6,11,17,502
37617,56,2740,27,27,54,385,225,610,7,27,34,644
38823,56,2740,2,0,2,2,0,2,0,0,0,2
38893,56,2740,15,16,31,56,52,108,3,4,7,115
38901,56,2740,24,23,47,190,162,352,4,8,12,364
38927,56,2740,22,20,42,149,143,292,4,7,11,303
39122,56,2740,15,14,29,59,44,103,1,5,6,109
39701,56,2740,7,9,16,45,51,96,0,1,1,97
39783,56,2740,13,13,26,110,119,229,15,36,51,280
40629,56,2740,30,32,62,135,129,264,7,19,26,290
40997,56,2740,14,13,27,62,82,144,17,64,81,225
41393,56,2740,15,18,33,78,66,144,5,7,12,156
44167,56,2740,48,58,106,335,340,675,21,58,79,754
44520,56,2740,10,16,26,52,44,96,10,20,30,126
44947,56,2740,13,13,26,358,337,695,2,10,12,707
44956,56,2740,6,11,17,10,5,15,0,16,16,31
45000,56,2740,5,9,14,45,48,93,1,6,7,100
45292,56,2740,28,33,61,170,163,333,12,38,50,383
45539,56,2740,15,13,28,166,135,301,8,13,21,322
45945,56,2740,13,15,28,212,195,407,5,19,24,431
46021,56,2740,14,12,26,289,237,526,4,10,14,540
46160,56,2740,20,20,40,118,126,244,9,31,40,284
46584,56,2740,20,19,39,119,94,213,2,18,20,233
46654,56,2740,17,18,35,333,304,637,24,66,90,727
46771,56,2740,21,24,45,101,83,184,4,20,24,208
48187,56,2740,36,29,65,292,209,501,6,18,24,525
48990,56,2740,13,12,25,123,113,236,19,30,49,285
49294,56,2740,13,11,24,44,35,79,6,15,21,100
49597,56,2740,15,13,28,41,31,72,1,9,10,82
50181,56,2740,6,8,14,3,2,5,4,12,16,21
50709,56,2740,15,17,32,265,259,524,11,35,46,570
50869,56,2740,25,23,48,184,144,328,5,19,24,352
50947,56,2740,31,32,63,658,326,984,1,13,14,998
51102,56,2740,6,3,9,64,6,70,0,0,0,70
51552,56,2740,19,18,37,183,164,347,3,9,12,359
51597,56,2740,18,21,39,59,43,102,3,26,29,131
51675,56,2740,2,7,9,21,21,42,0,29,29,71
51722,56,2740,13,10,23,108,86,194,2,2,4,198
52067,56,2740,28,30,58,479,363,842,2,6,8,850
52385,56,2740,29,35,64,229,218,447,0,18,18,465
52441,56,2740,26,25,51,203,174,377,6,14,20,397
52635,56,2740,12,10,22,37,29,66,4,11,15,81
53275,56,2740,9,10,19,20,17,37,5,43,48,85
53884,56,2740,10,10,20,63,49,112,1,4,5,117
55464,56,2740,31,35,66,216,219,435,19,52,71,506
57637,56,2740,16,17,33,75,88,163,9,8,17,180
58909,56,2740,20,22,42,187,214,401,7,16,23,424
59367,56,2740,22,12,34,111,87,198,8,23,31,229
60482,56,2740,29,30,59,139,127,266,13,29,42,308
60830,56,2740,19,19,38,62,69,131,8,24,32,163
61280,56,2740,28,22,50,389,367,756,7,9,16,772
62555,56,2740,11,11,22,41,45,86,5,14,19,105
62560,56,2740,37,33,70,225,184,409,7,43,50,459
63063,56,2740,7,9,16,81,72,153,1,3,4,157
63188,56,2740,18,19,37,127,138,265,2,5,7,272
63757,56,2740,9,10,19,13,17,30,6,8,14,44
63817,56,2740,16,15,31,367,314,681,3,9,12,693
64772,56,2740,2,0,2,2,0,2,0,0,0,2
65102,56,2740,16,17,33,898,907,1805,12,9,21,1826
65526,56,2740,4,6,10,41,36,77,2,3,5,82
66052,56,2740,39,43,82,179,149,328,21,82,103,431
66245,56,2740,30,30,60,172,154,326,7,16,23,349
66404,56,2740,33,36,69,395,230,625,2,17,19,644
66754,56,2740,24,22,46,105,106,211,1,20,21,232
66991,56,2740,31,33,64,274,226,500,12,23,35,535
67947,56,2740,30,34,64,236,274,510,8,20,28,538
68494,56,2740,24,24,48,375,315,690,18,45,63,753
68533,56,2740,32,36,68,155,137,292,3,22,25,317
68633,56,2740,8,10,18,32,29,61,3,18,21,82
69065,56,2740,21,22,43,177,174,351,4,6,10,361
70889,56,2740,13,8,21,70,61,131,2,6,8,139
71187,56,2740,13,8,21,71,51,122,3,0,3,125
71518,56,2740,22,22,44,73,70,143,10,6,16,159
71627,56,2740,28,32,60,213,219,432,2,21,23,455
71700,56,2740,32,32,64,479,539,1018,27,29,56,1074
71782,56,2740,19,19,38,221,76,297,5,12,17,314
72746,56,2740,13,15,28,70,76,146,4,2,6,152
73175,56,2740,8,6,14,20,20,40,5,6,11,51
73303,56,2740,15,14,29,52,50,102,10,7,17,119
74916,56,2740,42,41,83,375,340,715,11,19,30,745
75178,56,2740,6,3,9,34,27,61,2,1,3,64
75261,56,2740,37,35,72,479,488,967,14,21,35,1002
75468,56,2740,11,10,21,34,25,59,5,14,19,78
76313,56,2740,22,24,46,154,144,298,3,9,12,310
77023,56,2740,12,12,24,101,100,201,0,0,0,201
77291,56,2740,23,22,45,462,393,855,1,14,15,870
77824,56,2740,28,26,54,233,222,455,7,4,11,466
78062,56,2740,18,18,36,348,335,683,7,3,10,693
78638,56,2740,24,25,49,227,236,463,7,17,24,487
78911,56,2740,15,15,30,82,78,160,1,2,3,163
78966,56,2740,21,20,41,1057,72,1129,1,12,13,1142
79877,56,2740,27,34,61,168,167,335,7,13,20,355
80058,56,2740,40,41,81,154,148,302,11,17,28,330
80193,56,2740,25,21,46,665,545,1210,18,71,89,1299
82060,56,2740,14,18,32,106,90,196,19,28,47,243
82282,56,2740,5,5,10,40,42,82,1,3,4,86
83184,56,2740,12,12,24,174,165,339,2,5,7,346
84215,56,2740,15,14,29,105,83,188,8,9,17,205
84472,56,2740,22,20,42,268,94,362,3,5,8,370
84841,56,2740,32,29,61,239,211,450,30,39,69,519
85596,56,2740,17,18,35,266,255,521,8,25,33,554
85970,56,2740,29,25,54,335,416,751,4,50,54,805
86009,56,2740,22,21,43,76,85,161,9,26,35,196
86237,56,2740,8,7,15,34,31,65,1,5,6,71
86352,56,2740,34,42,76,141,142,283,17,46,63,346
86610,56,2740,19,21,40,110,109,219,9,37,46,265
86727,56,2740,9,10,19,349,317,666,3,3,6,672
88133,56,2740,21,22,43,136,153,289,9,13,22,311
88175,56,2740,15,17,32,57,67,124,8,19,27,151
89827,56,2740,13,12,25,63,55,118,4,11,15,133
10060,57,2741,11,11,22,1366,1292,2658,2,4,6,2664
10281,57,2741,12,13,25,522,471,993,17,55,72,1065
10353,57,2741,23,25,48,409,396,805,2,6,8,813
10841,57,2741,21,26,47,120,110,230,8,60,68,298
11023,57,2741,12,12,24,280,272,552,3,25,28,580
11360,57,2741,14,15,29,93,99,192,16,46,62,254
11692,57,2741,9,12,21,362,344,706,2,15,17,723
13799,57,2741,21,20,41,270,258,528,3,19,22,550
13882,57,2741,16,16,32,63,72,135,4,5,9,144
14106,57,2741,9,10,19,28,22,50,2,4,6,56
14188,57,2741,20,26,46,149,155,304,13,74,87,391
15071,57,2741,7,7,14,255,276,531,5,8,13,544
15548,57,2741,1,0,1,1,0,1,0,0,0,1
15776,57,2741,22,24,46,219,200,419,3,28,31,450
16313,57,2741,35,34,69,225,195,420,8,35,43,463
16495,57,2741,25,24,49,289,273,562,3,12,15,577
16933,57,2741,19,19,38,239,191,430,3,8,11,441
17353,57,2741,17,14,31,168,99,267,1,8,9,276
18344,57,2741,15,14,29,90,75,165,4,6,10,175
18394,57,2741,31,38,69,334,303,637,3,17,20,657
18420,57,2741,14,13,27,9,9,18,18,26,44,62
19066,57,2741,17,17,34,158,136,294,9,29,38,332
19844,57,2741,28,25,53,122,100,222,7,13,20,242
20905,57,2741,16,17,33,81,83,164,7,24,31,195
21350,57,2741,12,10,22,193,206,399,6,24,30,429
22617,57,2741,17,19,36,138,154,292,0,18,18,310
22745,57,2741,17,17,34,151,146,297,9,9,18,315
22931,57,2741,21,12,33,93,82,175,2,29,31,206
23040,57,2741,16,18,34,127,115,242,3,10,13,255
23144,57,2741,32,28,60,492,470,962,10,20,30,992
23642,57,2741,12,13,25,81,71,152,4,14,18,170
24543,57,2741,12,16,28,48,32,80,1,21,22,102
24760,57,2741,18,22,40,67,70,137,6,24,30,167
24853,57,2741,23,19,42,77,42,119,6,9,15,134
25171,57,2741,32,34,66,160,144,304,12,32,44,348
25323,57,2741,22,23,45,150,144,294,3,19,22,316
25544,57,2741,47,51,98,214,234,448,2,8,10,458
25947,57,2741,20,16,36,162,112,274,4,21,25,299
26127,57,2741,17,12,29,104,52,156,3,12,15,171
26425,57,2741,10,13,23,26,20,46,6,22,28,74
26999,57,2741,10,12,22,378,388,766,6,22,28,794
28831,57,2741,11,12,23,20,22,42,3,16,19,61
29914,57,2741,13,14,27,174,138,312,1,28,29,341
30076,57,2741,9,7,16,41,37,78,1,5,6,84
30952,57,2741,16,16,32,195,165,360,4,18,22,382
31372,57,2741,17,19,36,129,135,264,9,16,25,289
31583,57,2741,46,50,96,497,448,945,12,52,64,1009
32100,57,2741,1,2,3,1,2,3,0,0,0,3
32174,57,2741,13,17,30,54,45,99,8,37,45,144
32899,57,2741,7,5,12,9,9,18,1,5,6,24
34250,57,2741,12,16,28,46,50,96,6,15,21,117
34853,57,2741,26,28,54,321,289,610,9,86,95,705
35227,57,2741,28,27,55,239,226,465,11,57,68,533
36006,57,2741,5,5,10,32,24,56,3,0,3,59
36143,57,2741,23,15,38,74,46,120,0,0,0,120
36951,57,2741,30,30,60,199,184,383,4,6,10,393
37617,57,2741,23,23,46,352,202,554,18,35,53,607
38823,57,2741,23,19,42,173,139,312,4,32,36,348
38893,57,2741,12,15,27,60,55,115,4,14,18,133
38901,57,2741,28,27,55,232,198,430,3,12,15,445
38927,57,2741,29,31,60,198,194,392,0,16,16,408
39122,57,2741,8,5,13,106,20,126,1,5,6,132
39783,57,2741,15,14,29,113,134,247,12,29,41,288
40629,57,2741,36,35,71,188,170,358,11,24,35,393
40997,57,2741,15,26,41,69,102,171,9,55,64,235
41393,57,2741,13,13,26,95,80,175,4,10,14,189
44167,57,2741,42,41,83,379,369,748,21,33,54,802
44520,57,2741,11,18,29,71,61,132,7,76,83,215
44947,57,2741,8,12,20,421,421,842,0,14,14,856
44956,57,2741,4,7,11,10,13,23,2,2,4,27
45000,57,2741,8,12,20,73,69,142,5,8,13,155
45292,57,2741,33,31,64,231,216,447,25,61,86,533
45539,57,2741,18,16,34,312,247,559,5,16,21,580
45945,57,2741,13,13,26,160,161,321,7,14,21,342
46021,57,2741,12,12,24,267,213,480,4,15,19,499
46160,57,2741,18,19,37,67,62,129,3,30,33,162
46584,57,2741,20,21,41,102,70,172,5,30,35,207
46654,57,2741,19,18,37,290,244,534,36,84,120,654
46771,57,2741,25,27,52,77,52,129,4,47,51,180
48187,57,2741,25,22,47,160,107,267,10,40,50,317
48990,57,2741,10,12,22,97,73,170,9,23,32,202
49294,57,2741,6,7,13,12,8,20,3,45,48,68
49597,57,2741,9,9,18,21,16,37,2,8,10,47
50181,57,2741,6,12,18,9,8,17,4,8,12,29
50709,57,2741,10,15,25,102,100,202,7,37,44,246
50869,57,2741,21,22,43,120,103,223,3,13,16,239
50947,57,2741,32,34,66,426,278,704,3,34,37,741
51102,57,2741,7,5,12,99,5,104,0,1,1,105
51552,57,2741,15,13,28,59,47,106,2,6,8,114
51597,57,2741,18,23,41,70,60,130,1,26,27,157
51675,57,2741,4,8,12,8,7,15,1,39,40,55
51722,57,2741,15,15,30,115,98,213,8,3,11,224
52067,57,2741,30,25,55,337,226,563,9,7,16,579
52385,57,2741,39,46,85,336,309,645,14,31,45,690
52441,57,2741,32,32,64,179,190,369,9,17,26,395
52635,57,2741,5,5,10,10,6,16,2,4,6,22
53275,57,2741,7,10,17,18,6,24,14,47,61,85
53884,57,2741,7,6,13,22,11,33,0,3,3,36
55464,57,2741,29,33,62,191,192,383,22,64,86,469
55594,57,2741,17,17,34,91,71,162,4,14,18,180
57637,57,2741,14,14,28,61,73,134,2,0,2,136
58909,57,2741,25,18,43,161,146,307,6,26,32,339
59367,57,2741,26,16,42,157,84,241,5,21,26,267
60482,57,2741,30,30,60,193,177,370,31,35,66,436
60830,57,2741,7,9,16,20,19,39,2,2,4,43
61280,57,2741,21,20,41,343,337,680,3,3,6,686
62555,57,2741,9,16,25,64,51,115,6,28,34,149
62560,57,2741,36,35,71,229,170,399,4,37,41,440
63063,57,2741,27,29,56,261,213,474,17,45,62,536
63188,57,2741,25,19,44,151,113,264,5,13,18,282
63757,57,2741,7,6,13,15,10,25,1,4,5,30
63817,57,2741,15,19,34,360,323,683,7,28,35,718
64772,57,2741,3,1,4,5,1,6,0,0,0,6
65102,57,2741,12,10,22,567,531,1098,10,10,20,1118
66052,57,2741,28,32,60,132,102,234,26,78,104,338
66245,57,2741,27,27,54,128,119,247,5,16,21,268
66404,57,2741,30,29,59,388,205,593,3,1,4,597
66754,57,2741,17,15,32,128,144,272,5,21,26,298
66991,57,2741,32,33,65,243,204,447,6,25,31,478
67947,57,2741,32,34,66,214,260,474,5,27,32,506
68494,57,2741,30,34,64,383,347,730,7,80,87,817
68533,57,2741,27,31,58,136,126,262,5,30,35,297
68633,57,2741,10,9,19,19,15,34,6,10,16,50
69065,57,2741,20,18,38,117,89,206,6,7,13,219
70889,57,2741,13,11,24,104,85,189,0,19,19,208
71187,57,2741,14,13,27,112,69,181,0,18,18,199
71518,57,2741,16,19,35,56,30,86,5,16,21,107
71627,57,2741,58,61,119,393,353,746,9,42,51,797
71700,57,2741,37,39,76,442,485,927,21,25,46,973
72746,57,2741,18,17,35,109,109,218,1,11,12,230
73175,57,2741,7,6,13,37,37,74,1,14,15,89
73303,57,2741,22,17,39,114,87,201,13,18,31,232
74916,57,2741,42,49,91,629,513,1142,9,26,35,1177
75178,57,2741,7,6,13,12,8,20,2,4,6,26
75261,57,2741,23,29,52,247,251,498,14,44,58,556
75468,57,2741,9,9,18,35,35,70,1,4,5,75
77023,57,2741,8,7,15,88,92,180,0,0,0,180
77291,57,2741,22,22,44,562,462,1024,7,13,20,1044
77824,57,2741,24,23,47,201,193,394,9,12,21,415
78062,57,2741,13,12,25,288,271,559,2,2,4,563
78638,57,2741,21,24,45,477,461,938,2,21,23,961
78911,57,2741,13,0,13,17,0,17,0,0,0,17
78966,57,2741,18,21,39,1004,76,1080,1,7,8,1088
79877,57,2741,29,21,50,117,65,182,5,33,38,220
80058,57,2741,32,33,65,139,152,291,4,10,14,305
80193,57,2741,29,30,59,789,715,1504,26,53,79,1583
82060,57,2741,18,20,38,173,180,353,23,38,61,414
82282,57,2741,9,4,13,27,21,48,1,2,3,51
83184,57,2741,15,15,30,186,171,357,6,4,10,367
84215,57,2741,14,12,26,101,65,166,2,10,12,178
84472,57,2741,20,20,40,373,106,479,4,5,9,488
84625,57,2741,2,1,3,1,0,1,1,1,2,3
84841,57,2741,23,27,50,99,106,205,16,29,45,250
85596,57,2741,16,19,35,328,348,676,10,42,52,728
85970,57,2741,25,25,50,216,226,442,7,50,57,499
86009,57,2741,21,19,40,81,71,152,5,25,30,182
86237,57,2741,8,11,19,50,41,91,2,18,20,111
86352,57,2741,26,32,58,114,85,199,16,42,58,257
86610,57,2741,22,21,43,190,147,337,20,57,77,414
86727,57,2741,8,8,16,431,365,796,2,2,4,800
88133,57,2741,13,19,32,110,104,214,3,32,35,249
88175,57,2741,14,16,30,99,103,202,2,8,10,212
89827,57,2741,9,12,21,142,113,255,3,11,14,269
10060,58,2742,9,11,20,1393,1321,2714,3,11,14,2728
10281,58,2742,13,17,30,492,384,876,4,25,29,905
10353,58,2742,29,29,58,282,289,571,3,5,8,579
10841,58,2742,22,27,49,87,74,161,9,42,51,212
11023,58,2742,10,13,23,358,336,694,1,15,16,710
11360,58,2742,13,12,25,91,111,202,13,19,32,234
11692,58,2742,14,14,28,737,728,1465,3,9,12,1477
13799,58,2742,19,18,37,161,170,331,9,20,29,360
13882,58,2742,10,18,28,37,44,81,1,5,6,87
14106,58,2742,7,8,15,19,14,33,2,6,8,41
14188,58,2742,17,20,37,138,125,263,11,34,45,308
15071,58,2742,7,8,15,253,247,500,10,8,18,518
15776,58,2742,21,26,47,192,185,377,7,17,24,401
16313,58,2742,40,43,83,234,195,429,17,36,53,482
16495,58,2742,22,23,45,217,246,463,9,29,38,501
16933,58,2742,22,23,45,292,247,539,6,3,9,548
17353,58,2742,16,19,35,174,100,274,4,20,24,298
18344,58,2742,21,23,44,134,127,261,6,7,13,274
18394,58,2742,41,56,97,460,339,799,16,26,42,841
18420,58,2742,11,11,22,18,22,40,14,11,25,65
19066,58,2742,22,28,50,210,160,370,7,24,31,401
19844,58,2742,25,23,48,83,68,151,8,6,14,165
20905,58,2742,21,25,46,137,120,257,10,34,44,301
21350,58,2742,16,15,31,178,205,383,6,12,18,401
22617,58,2742,18,20,38,134,144,278,6,13,19,297
22745,58,2742,15,17,32,108,97,205,2,13,15,220
22931,58,2742,22,11,33,116,106,222,1,2,3,225
23040,58,2742,16,15,31,166,142,308,1,12,13,321
23144,58,2742,28,25,53,979,974,1953,11,8,19,1972
23642,58,2742,10,10,20,98,91,189,3,28,31,220
24543,58,2742,13,18,31,77,76,153,6,24,30,183
24760,58,2742,21,25,46,211,254,465,8,21,29,494
24853,58,2742,23,20,43,93,51,144,13,22,35,179
25171,58,2742,28,31,59,158,170,328,5,6,11,339
25323,58,2742,27,24,51,268,213,481,5,22,27,508
25544,58,2742,34,44,78,162,193,355,2,14,16,371
25947,58,2742,21,20,41,123,87,210,10,26,36,246
26127,58,2742,14,9,23,68,38,106,6,22,28,134
26425,58,2742,7,7,14,13,11,24,1,6,7,31
26999,58,2742,18,12,30,255,255,510,10,12,22,532
28831,58,2742,11,8,19,30,35,65,3,7,10,75
29914,58,2742,13,14,27,137,81,218,1,29,30,248
30076,58,2742,10,11,21,49,53,102,1,14,15,117
30952,58,2742,15,15,30,252,233,485,2,14,16,501
31372,58,2742,14,18,32,171,181,352,5,18,23,375
31583,58,2742,34,36,70,244,236,480,3,9,12,492
32100,58,2742,1,4,5,0,5,5,1,3,4,9
32174,58,2742,13,19,32,73,62,135,7,34,41,176
32899,58,2742,4,9,13,8,13,21,5,8,13,34
34250,58,2742,16,17,33,55,49,104,7,11,18,122
34853,58,2742,25,30,55,410,427,837,5,36,41,878
35227,58,2742,31,34,65,268,298,566,10,30,40,606
36006,58,2742,2,2,4,28,27,55,0,0,0,55
36143,58,2742,21,17,38,137,66,203,0,0,0,203
36951,58,2742,35,37,72,325,317,642,6,12,18,660
37617,58,2742,30,36,66,348,236,584,7,33,40,624
38823,58,2742,25,29,54,311,274,585,7,17,24,609
38893,58,2742,12,15,27,52,51,103,1,19,20,123
38901,58,2742,28,27,55,232,215,447,9,8,17,464
38927,58,2742,27,28,55,211,237,448,1,6,7,455
39122,58,2742,15,12,27,93,17,110,5,17,22,132
39783,58,2742,11,13,24,90,108,198,13,32,45,243
40629,58,2742,29,59,88,119,96,215,8,47,55,270
40997,58,2742,17,21,38,62,65,127,4,45,49,176
41393,58,2742,17,15,32,120,109,229,11,11,22,251
44167,58,2742,57,64,121,528,539,1067,8,45,53,1120
44520,58,2742,8,13,21,38,39,77,4,11,15,92
44947,58,2742,6,8,14,325,332,657,1,2,3,660
44956,58,2742,5,6,11,18,22,40,0,8,8,48
45000,58,2742,9,10,19,48,42,90,3,20,23,113
45292,58,2742,34,37,71,377,340,717,15,34,49,766
45539,58,2742,11,6,17,113,74,187,2,2,4,191
45945,58,2742,14,13,27,143,143,286,4,5,9,295
46021,58,2742,14,11,25,206,158,364,5,8,13,377
46160,58,2742,17,19,36,73,80,153,4,29,33,186
46584,58,2742,18,18,36,103,89,192,8,42,50,242
46654,58,2742,17,16,33,276,252,528,34,102,136,664
46771,58,2742,18,23,41,83,70,153,3,29,32,185
48187,58,2742,29,28,57,163,107,270,8,25,33,303
48990,58,2742,14,13,27,61,49,110,21,24,45,155
49294,58,2742,9,8,17,27,15,42,4,64,68,110
49597,58,2742,4,5,9,13,10,23,2,3,5,28
50181,58,2742,10,12,22,10,6,16,5,27,32,48
50709,58,2742,15,15,30,171,157,328,3,21,24,352
50869,58,2742,22,21,43,165,133,298,5,15,20,318
50947,58,2742,29,30,59,276,243,519,4,34,38,557
51102,58,2742,6,2,8,121,3,124,0,0,0,124
51470,58,2742,12,11,23,282,37,319,2,5,7,326
51552,58,2742,16,15,31,70,66,136,3,8,11,147
51597,58,2742,15,17,32,60,54,114,0,15,15,129
51675,58,2742,4,7,11,35,34,69,1,27,28,97
51722,58,2742,13,17,30,95,86,181,0,5,5,186
52067,58,2742,24,23,47,423,265,688,11,4,15,703
52385,58,2742,22,21,43,129,106,235,1,7,8,243
52441,58,2742,24,28,52,123,135,258,6,19,25,283
52635,58,2742,13,7,20,39,14,53,14,14,28,81
53275,58,2742,9,12,21,58,42,100,10,19,29,129
53884,58,2742,13,12,25,44,26,70,1,5,6,76
55464,58,2742,29,35,64,198,219,417,20,87,107,524
55594,58,2742,27,30,57,179,172,351,12,40,52,403
57637,58,2742,16,16,32,70,80,150,5,6,11,161
58909,58,2742,16,18,34,188,191,379,10,16,26,405
59367,58,2742,11,11,22,57,50,107,3,10,13,120
60482,58,2742,22,24,46,125,110,235,14,44,58,293
60830,58,2742,11,7,18,53,55,108,4,8,12,120
61280,58,2742,19,17,36,291,315,606,2,2,4,610
62555,58,2742,8,7,15,11,5,16,2,12,14,30
62560,58,2742,29,30,59,203,190,393,6,20,26,419
63063,58,2742,26,28,54,272,221,493,9,20,29,522
63188,58,2742,21,22,43,319,283,602,2,5,7,609
63757,58,2742,7,6,13,20,19,39,4,2,6,45
63817,58,2742,13,13,26,303,279,582,0,9,9,591
64772,58,2742,4,2,6,6,2,8,0,0,0,8
65102,58,2742,13,12,25,325,313,638,8,12,20,658
66052,58,2742,46,49,95,213,201,414,26,71,97,511
66245,58,2742,31,35,66,159,165,324,5,21,26,350
66404,58,2742,27,28,55,283,138,421,2,2,4,425
66754,58,2742,19,21,40,102,112,214,6,16,22,236
66991,58,2742,21,28,49,243,217,460,7,50,57,517
67947,58,2742,30,32,62,129,149,278,2,20,22,300
68494,58,2742,32,35,67,451,358,809,17,37,54,863
68533,58,2742,32,31,63,171,140,311,11,38,49,360
68633,58,2742,4,3,7,16,11,27,0,15,15,42
69065,58,2742,21,20,41,157,126,283,1,36,37,320
70889,58,2742,9,8,17,87,82,169,0,6,6,175
71187,58,2742,9,13,22,88,75,163,2,7,9,172
71518,58,2742,19,20,39,87,79,166,5,16,21,187
71627,58,2742,33,40,73,240,234,474,3,20,23,497
71700,58,2742,20,28,48,423,438,861,11,31,42,903
72746,58,2742,17,20,37,73,81,154,0,1,1,155
73175,58,2742,6,6,12,10,6,16,2,4,6,22
73303,58,2742,16,14,30,68,67,135,12,9,21,156
74916,58,2742,19,20,39,89,72,161,7,13,20,181
75178,58,2742,3,1,4,2,1,3,1,1,2,5
75261,58,2742,35,31,66,402,428,830,13,36,49,879
75468,58,2742,11,8,19,33,18,51,1,4,5,56
77023,58,2742,8,8,16,102,93,195,0,0,0,195
77291,58,2742,29,25,54,529,472,1001,4,10,14,1015
77824,58,2742,22,21,43,174,150,324,6,8,14,338
78062,58,2742,12,14,26,304,314,618,2,4,6,624
78638,58,2742,18,19,37,334,339,673,2,7,9,682
78911,58,2742,2,0,2,2,0,2,0,0,0,2
78966,58,2742,20,19,39,969,99,1068,3,10,13,1081
79877,58,2742,22,21,43,128,96,224,5,15,20,244
80058,58,2742,30,29,59,69,64,133,9,7,16,149
80193,58,2742,28,26,54,567,490,1057,30,87,117,1174
82060,58,2742,19,16,35,93,72,165,18,20,38,203
82282,58,2742,8,9,17,70,69,139,0,7,7,146
83184,58,2742,4,1,5,3,0,3,1,1,2,5
84215,58,2742,14,13,27,130,107,237,1,4,5,242
84472,58,2742,23,20,43,416,150,566,3,0,3,569
84625,58,2742,2,1,3,2,1,3,1,1,2,5
84841,58,2742,24,24,48,154,124,278,11,12,23,301
85596,58,2742,16,20,36,321,320,641,8,35,43,684
85970,58,2742,36,37,73,277,283,560,3,33,36,596
86009,58,2742,17,19,36,70,56,126,5,12,17,143
86237,58,2742,6,7,13,32,25,57,0,3,3,60
86352,58,2742,22,24,46,93,77,170,13,31,44,214
86610,58,2742,26,24,50,141,133,274,17,52,69,343
86727,58,2742,15,16,31,273,252,525,4,5,9,534
88133,58,2742,13,14,27,77,77,154,4,7,11,165
88175,58,2742,20,21,41,146,159,305,3,7,10,315
89827,58,2742,11,14,25,47,37,84,3,22,25,109
10060,59,2743,10,10,20,1410,1349,2759,5,5,10,2769
10281,59,2743,10,11,21,487,445,932,8,14,22,954
10353,59,2743,24,22,46,178,171,349,4,6,10,359
10841,59,2743,14,21,35,95,84,179,13,32,45,224
11023,59,2743,11,14,25,290,305,595,2,5,7,602
11360,59,2743,16,14,30,136,150,286,15,32,47,333
11692,59,2743,16,18,34,569,567,1136,8,14,22,1158
13799,59,2743,17,22,39,257,291,548,4,22,26,574
13882,59,2743,19,24,43,86,89,175,2,13,15,190
14106,59,2743,7,10,17,8,12,20,2,4,6,26
14188,59,2743,9,11,20,76,78,154,4,11,15,169
15071,59,2743,8,7,15,151,152,303,16,13,29,332
15776,59,2743,27,29,56,163,156,319,8,18,26,345
16313,59,2743,31,28,59,182,149,331,6,9,15,346
16495,59,2743,20,22,42,190,203,393,7,17,24,417
16933,59,2743,18,14,32,224,174,398,5,3,8,406
17353,59,2743,14,19,33,128,63,191,6,15,21,212
18344,59,2743,21,19,40,97,75,172,3,1,4,176
18394,59,2743,30,34,64,815,487,1302,2,12,14,1316
18420,59,2743,8,10,18,10,11,21,12,11,23,44
19066,59,2743,12,14,26,78,74,152,2,11,13,165
19844,59,2743,21,22,43,121,98,219,6,4,10,229
20905,59,2743,14,21,35,76,73,149,8,20,28,177
21350,59,2743,20,23,43,273,333,606,9,30,39,645
22617,59,2743,23,22,45,173,213,386,3,6,9,395
22745,59,2743,16,17,33,168,144,312,2,2,4,316
22931,59,2743,14,10,24,105,100,205,0,0,0,205
23040,59,2743,13,12,25,161,160,321,1,5,6,327
23144,59,2743,19,19,38,781,740,1521,10,8,18,1539
23642,59,2743,9,11,20,118,121,239,4,11,15,254
24543,59,2743,11,16,27,63,64,127,4,8,12,139
24760,59,2743,20,22,42,299,355,654,5,15,20,674
24853,59,2743,26,25,51,172,124,296,3,15,18,314
25171,59,2743,27,32,59,208,213,421,11,21,32,453
25323,59,2743,21,21,42,423,145,568,7,14,21,589
25544,59,2743,37,39,76,166,181,347,3,7,10,357
25947,59,2743,21,16,37,135,96,231,5,11,16,247
26127,59,2743,15,14,29,82,65,147,8,12,20,167
26425,59,2743,9,9,18,32,27,59,0,2,2,61
26999,59,2743,9,7,16,291,303,594,5,16,21,615
28831,59,2743,9,10,19,204,236,440,1,5,6,446
29914,59,2743,10,10,20,167,134,301,7,23,30,331
30076,59,2743,19,20,39,140,138,278,2,5,7,285
30952,59,2743,20,20,40,364,346,710,6,8,14,724
31372,59,2743,13,12,25,297,262,559,9,11,20,579
32100,59,2743,2,4,6,0,1,1,2,6,8,9
32174,59,2743,12,15,27,139,130,269,9,27,36,305
32899,59,2743,4,7,11,25,20,45,0,9,9,54
34250,59,2743,12,16,28,33,31,64,7,23,30,94
34853,59,2743,28,40,68,476,576,1052,19,49,68,1120
35227,59,2743,18,16,34,157,156,313,10,14,24,337
36006,59,2743,3,3,6,40,39,79,2,0,2,81
36143,59,2743,24,23,47,229,158,387,0,0,0,387
36951,59,2743,28,33,61,224,214,438,3,9,12,450
37617,59,2743,26,27,53,210,132,342,24,28,52,394
38823,59,2743,24,23,47,321,311,632,7,4,11,643
38893,59,2743,10,11,21,89,76,165,5,13,18,183
38901,59,2743,35,40,75,365,237,602,10,15,25,627
38927,59,2743,21,22,43,117,153,270,0,3,3,273
39122,59,2743,7,11,18,54,33,87,2,12,14,101
39701,59,2743,3,0,3,3,0,3,0,0,0,3
39783,59,2743,12,13,25,121,134,255,15,25,40,295
40629,59,2743,25,31,56,135,133,268,10,28,38,306
40997,59,2743,13,18,31,49,84,133,6,43,49,182
41393,59,2743,14,11,25,99,81,180,5,7,12,192
44167,59,2743,50,51,101,467,488,955,13,49,62,1017
44520,59,2743,9,9,18,67,70,137,1,7,8,145
44947,59,2743,6,11,17,405,409,814,0,8,8,822
44956,59,2743,10,16,26,37,49,86,5,16,21,107
45000,59,2743,12,13,25,61,52,113,0,6,6,119
45292,59,2743,30,30,60,210,175,385,14,41,55,440
45539,59,2743,17,10,27,261,205,466,3,5,8,474
45945,59,2743,10,8,18,169,146,315,5,4,9,324
46021,59,2743,11,10,21,202,199,401,5,7,12,413
46160,59,2743,18,18,36,48,41,89,2,10,12,101
46584,59,2743,14,11,25,135,111,246,5,23,28,274
46654,59,2743,16,19,35,223,206,429,26,100,126,555
46771,59,2743,23,25,48,120,92,212,8,30,38,250
48187,59,2743,28,30,58,137,82,219,6,24,30,249
48990,59,2743,12,13,25,142,134,276,9,34,43,319
49294,59,2743,10,11,21,26,18,44,2,12,14,58
49597,59,2743,7,7,14,14,14,28,0,6,6,34
50181,59,2743,3,6,9,8,8,16,1,10,11,27
50709,59,2743,13,17,30,168,160,328,4,18,22,350
50869,59,2743,19,19,38,143,115,258,8,12,20,278
50947,59,2743,23,24,47,417,183,600,5,10,15,615
51102,59,2743,7,6,13,69,14,83,0,0,0,83
51470,59,2743,28,33,61,587,218,805,2,22,24,829
51552,59,2743,12,15,27,57,57,114,2,13,15,129
51597,59,2743,31,41,72,102,106,208,2,18,20,228
51675,59,2743,6,7,13,43,43,86,1,19,20,106
51722,59,2743,14,16,30,56,44,100,3,8,11,111
52067,59,2743,28,29,57,678,544,1222,5,10,15,1237
52385,59,2743,2,0,2,2,0,2,0,0,0,2
52441,59,2743,23,28,51,122,113,235,6,21,27,262
52635,59,2743,18,12,30,58,29,87,12,17,29,116
53275,59,2743,7,6,13,31,13,44,10,29,39,83
53884,59,2743,8,9,17,34,35,69,0,6,6,75
55464,59,2743,18,23,41,96,94,190,7,29,36,226
55594,59,2743,20,25,45,165,166,331,5,12,17,348
57637,59,2743,14,14,28,81,90,171,3,5,8,179
58909,59,2743,18,19,37,128,141,269,6,12,18,287
59367,59,2743,18,13,31,96,61,157,11,18,29,186
60482,59,2743,19,23,42,144,133,277,13,23,36,313
60830,59,2743,8,9,17,57,63,120,1,5,6,126
61280,59,2743,20,21,41,430,415,845,2,3,5,850
62555,59,2743,7,14,21,18,13,31,2,26,28,59
62560,59,2743,21,22,43,162,132,294,4,18,22,316
63063,59,2743,22,20,42,183,157,340,5,4,9,349
63188,59,2743,18,22,40,357,336,693,5,8,13,706
63757,59,2743,7,4,11,11,5,16,2,2,4,20
63817,59,2743,5,9,14,315,281,596,1,7,8,604
66052,59,2743,38,45,83,174,174,348,23,99,122,470
66245,59,2743,26,25,51,148,134,282,7,9,16,298
66404,59,2743,30,29,59,348,221,569,2,2,4,573
66754,59,2743,11,15,26,121,116,237,3,21,24,261
66991,59,2743,41,39,80,278,279,557,16,27,43,600
67947,59,2743,32,34,66,166,155,321,4,21,25,346
68494,59,2743,32,39,71,403,333,736,13,58,71,807
68533,59,2743,32,31,63,154,117,271,5,20,25,296
68633,59,2743,8,8,16,45,32,77,4,19,23,100
69065,59,2743,15,14,29,119,108,227,5,5,10,237
70889,59,2743,9,10,19,130,117,247,0,1,1,248
71187,59,2743,16,15,31,99,83,182,1,8,9,191
71518,59,2743,19,16,35,72,57,129,7,7,14,143
71627,59,2743,29,34,63,180,177,357,3,21,24,381
71700,59,2743,29,31,60,371,426,797,26,17,43,840
71782,59,2743,15,19,34,213,93,306,3,13,16,322
72746,59,2743,11,8,19,20,25,45,4,0,4,49
73175,59,2743,8,6,14,14,9,23,0,13,13,36
73303,59,2743,14,14,28,73,66,139,4,7,11,150
74916,59,2743,24,29,53,203,211,414,2,13,15,429
75178,59,2743,6,4,10,14,12,26,13,4,17,43
75261,59,2743,31,29,60,338,348,686,11,13,24,710
75468,59,2743,7,7,14,19,19,38,2,9,11,49
76313,59,2743,18,12,30,80,44,124,3,11,14,138
77023,59,2743,8,7,15,53,54,107,0,0,0,107
77291,59,2743,30,33,63,542,520,1062,5,15,20,1082
77824,59,2743,24,24,48,150,143,293,2,2,4,297
78062,59,2743,13,15,28,326,333,659,1,3,4,663
78638,59,2743,29,29,58,548,509,1057,6,20,26,1083
78966,59,2743,27,23,50,1082,76,1158,3,10,13,1171
79877,59,2743,29,32,61,238,221,459,8,24,32,491
80058,59,2743,24,24,48,104,105,209,3,7,10,219
80193,59,2743,18,25,43,481,479,960,26,90,116,1076
82060,59,2743,13,11,24,148,151,299,16,21,37,336
82282,59,2743,8,9,17,85,90,175,0,9,9,184
84215,59,2743,14,15,29,176,167,343,15,17,32,375
84472,59,2743,24,21,45,273,120,393,2,3,5,398
84841,59,2743,25,24,49,164,142,306,30,37,67,373
85596,59,2743,17,20,37,270,280,550,3,30,33,583
85970,59,2743,29,30,59,251,254,505,5,33,38,543
86009,59,2743,14,14,28,60,59,119,5,16,21,140
86237,59,2743,7,5,12,18,11,29,1,3,4,33
86352,59,2743,33,33,66,77,62,139,16,38,54,193
86610,59,2743,21,24,45,192,185,377,17,49,66,443
86727,59,2743,13,13,26,302,280,582,1,1,2,584
88133,59,2743,14,14,28,150,154,304,3,3,6,310
88175,59,2743,14,18,32,158,106,264,5,8,13,277
89827,59,2743,8,12,20,76,56,132,4,27,31,163
10060,60,2744,6,8,14,1092,1045,2137,3,8,11,2148
10281,60,2744,14,16,30,516,452,968,12,27,39,1007
10353,60,2744,22,21,43,185,178,363,2,2,4,367
10841,60,2744,12,17,29,59,53,112,14,26,40,152
11023,60,2744,11,16,27,308,333,641,9,18,27,668
11360,60,2744,18,14,32,73,76,149,12,34,46,195
11692,60,2744,15,15,30,464,479,943,12,9,21,964
13799,60,2744,22,19,41,261,286,547,11,16,27,574
13882,60,2744,16,20,36,136,133,269,3,6,9,278
14106,60,2744,9,9,18,9,11,20,6,6,12,32
14188,60,2744,11,12,23,92,83,175,11,27,38,213
15071,60,2744,6,7,13,164,166,330,16,14,30,360
15776,60,2744,22,21,43,151,110,261,10,17,27,288
16313,60,2744,35,39,74,281,247,528,6,27,33,561
16495,60,2744,18,21,39,202,214,416,12,25,37,453
16933,60,2744,20,20,40,319,222,541,3,4,7,548
17353,60,2744,15,21,36,185,80,265,4,37,41,306
18344,60,2744,21,19,40,96,69,165,7,7,14,179
18394,60,2744,33,33,66,429,326,755,6,8,14,769
18420,60,2744,8,8,16,4,9,13,12,11,23,36
19844,60,2744,25,23,48,133,112,245,8,11,19,264
21350,60,2744,29,28,57,341,398,739,8,39,47,786
22617,60,2744,15,17,32,211,246,457,7,7,14,471
22745,60,2744,18,17,35,192,188,380,4,5,9,389
22931,60,2744,19,11,30,112,91,203,2,3,5,208
23040,60,2744,13,13,26,133,148,281,1,5,6,287
23144,60,2744,25,24,49,866,823,1689,6,15,21,1710
23642,60,2744,13,15,28,145,152,297,6,18,24,321
24543,60,2744,10,12,22,72,67,139,4,8,12,151
24760,60,2744,17,20,37,297,344,641,9,25,34,675
24853,60,2744,19,15,34,120,66,186,6,25,31,217
25171,60,2744,32,33,65,182,168,350,16,26,42,392
25323,60,2744,22,23,45,223,144,367,7,18,25,392
25544,60,2744,42,42,84,204,244,448,1,6,7,455
25947,60,2744,18,18,36,173,144,317,7,16,23,340
26127,60,2744,18,12,30,67,47,114,10,14,24,138
26425,60,2744,6,4,10,12,9,21,1,2,3,24
26999,60,2744,10,8,18,149,151,300,10,15,25,325
28831,60,2744,12,13,25,129,153,282,4,23,27,309
29914,60,2744,14,13,27,215,145,360,6,32,38,398
30076,60,2744,12,13,25,45,38,83,2,3,5,88
30952,60,2744,18,22,40,358,341,699,5,10,15,714
31372,60,2744,13,18,31,378,359,737,6,10,16,753
32100,60,2744,3,4,7,6,6,12,0,1,1,13
32174,60,2744,19,20,39,165,156,321,8,15,23,344
32899,60,2744,8,9,17,37,31,68,1,13,14,82
34250,60,2744,20,20,40,72,71,143,4,19,23,166
34853,60,2744,35,38,73,350,341,691,12,28,40,731
35227,60,2744,8,6,14,60,71,131,3,8,11,142
36006,60,2744,5,5,10,16,14,30,0,1,1,31
36143,60,2744,20,14,34,220,126,346,26,31,57,403
36951,60,2744,33,27,60,256,234,490,10,12,22,512
37617,60,2744,19,20,39,298,172,470,8,33,41,511
38823,60,2744,21,21,42,279,262,541,8,11,19,560
38893,60,2744,13,15,28,112,80,192,17,27,44,236
38901,60,2744,28,27,55,309,248,557,7,8,15,572
38927,60,2744,24,25,49,180,204,384,5,5,10,394
39701,60,2744,18,18,36,337,368,705,4,16,20,725
39783,60,2744,10,14,24,153,161,314,9,41,50,364
40629,60,2744,27,35,62,90,80,170,3,24,27,197
40997,60,2744,14,20,34,53,62,115,7,47,54,169
41393,60,2744,12,10,22,33,26,59,5,3,8,67
44167,60,2744,56,55,111,412,387,799,18,50,68,867
44520,60,2744,12,12,24,146,134,280,10,8,18,298
44947,60,2744,9,8,17,479,489,968,1,3,4,972
44956,60,2744,6,9,15,16,19,35,5,5,10,45
45000,60,2744,9,11,20,53,45,98,1,7,8,106
45292,60,2744,39,40,79,303,274,577,19,73,92,669
45539,60,2744,18,15,33,201,163,364,6,9,15,379
45945,60,2744,17,14,31,133,125,258,6,13,19,277
46021,60,2744,14,13,27,306,271,577,1,10,11,588
46160,60,2744,20,20,40,78,63,141,4,9,13,154
46584,60,2744,18,19,37,112,93,205,9,44,53,258
46654,60,2744,20,16,36,294,271,565,25,72,97,662
46771,60,2744,28,27,55,111,89,200,9,29,38,238
48187,60,2744,24,25,49,226,155,381,10,38,48,429
48990,60,2744,11,9,20,116,100,216,8,11,19,235
49294,60,2744,9,9,18,19,12,31,0,14,14,45
49597,60,2744,8,9,17,22,22,44,2,12,14,58
50181,60,2744,9,5,14,11,9,20,5,12,17,37
50709,60,2744,18,18,36,244,226,470,9,38,47,517
50869,60,2744,19,23,42,193,137,330,9,34,43,373
50947,60,2744,27,28,55,374,247,621,1,14,15,636
51102,60,2744,1,1,2,51,1,52,0,0,0,52
51470,60,2744,20,19,39,295,109,404,1,9,10,414
51597,60,2744,19,25,44,57,53,110,2,24,26,136
51675,60,2744,4,8,12,30,29,59,0,18,18,77
51722,60,2744,16,15,31,82,54,136,2,2,4,140
52067,60,2744,30,29,59,266,209,475,19,11,30,505
52441,60,2744,26,35,61,216,214,430,4,7,11,441
52635,60,2744,9,8,17,17,10,27,4,7,11,38
53275,60,2744,10,15,25,31,22,53,9,47,56,109
53884,60,2744,11,9,20,35,23,58,0,2,2,60
55594,60,2744,26,27,53,120,119,239,10,27,37,276
57637,60,2744,13,14,27,72,88,160,4,3,7,167
58909,60,2744,21,19,40,133,141,274,4,12,16,290
59367,60,2744,23,12,35,106,72,178,8,13,21,199
60482,60,2744,19,19,38,118,114,232,18,37,55,287
60830,60,2744,9,9,18,37,34,71,3,6,9,80
61280,60,2744,26,21,47,420,445,865,2,8,10,875
62555,60,2744,10,8,18,53,48,101,5,17,22,123
62560,60,2744,30,32,62,214,185,399,9,37,46,445
63063,60,2744,22,22,44,190,167,357,12,14,26,383
63188,60,2744,17,16,33,156,163,319,4,6,10,329
63757,60,2744,5,4,9,9,11,20,5,8,13,33
63817,60,2744,14,14,28,358,318,676,3,7,10,686
66052,60,2744,44,50,94,187,172,359,20,89,109,468
66245,60,2744,29,27,56,186,182,368,5,16,21,389
66404,60,2744,30,29,59,351,216,567,4,5,9,576
66754,60,2744,13,15,28,83,77,160,0,11,11,171
66991,60,2744,29,28,57,187,165,352,10,43,53,405
67947,60,2744,33,40,73,211,201,412,6,24,30,442
68494,60,2744,32,31,63,362,323,685,12,45,57,742
68533,60,2744,31,31,62,179,113,292,15,41,56,348
68633,60,2744,9,8,17,27,25,52,10,11,21,73
69065,60,2744,21,19,40,167,154,321,3,11,14,335
70889,60,2744,13,10,23,118,106,224,0,0,0,224
71187,60,2744,15,17,32,56,44,100,2,6,8,108
71518,60,2744,16,16,32,85,62,147,3,12,15,162
71627,60,2744,29,30,59,164,174,338,10,23,33,371
71700,60,2744,25,30,55,459,495,954,18,18,36,990
71782,60,2744,13,16,29,252,93,345,5,16,21,366
72746,60,2744,17,14,31,48,54,102,1,0,1,103
73175,60,2744,11,7,18,48,34,82,0,5,5,87
73303,60,2744,17,14,31,105,96,201,10,15,25,226
74916,60,2744,31,34,65,344,321,665,8,20,28,693
75178,60,2744,5,3,8,17,20,37,7,1,8,45
75261,60,2744,37,42,79,445,433,878,16,44,60,938
75468,60,2744,8,11,19,53,57,110,4,9,13,123
76313,60,2744,17,17,34,112,53,165,5,24,29,194
77023,60,2744,11,12,23,107,129,236,0,0,0,236
77291,60,2744,27,27,54,339,268,607,7,25,32,639
77824,60,2744,26,24,50,167,148,315,4,3,7,322
78062,60,2744,13,11,24,339,324,663,1,4,5,668
78638,60,2744,20,22,42,396,384,780,5,12,17,797
78911,60,2744,15,14,29,99,94,193,5,7,12,205
78966,60,2744,19,21,40,1106,66,1172,4,11,15,1187
79877,60,2744,30,30,60,197,146,343,6,15,21,364
80058,60,2744,29,32,61,151,121,272,9,15,24,296
80193,60,2744,27,31,58,796,808,1604,27,115,142,1746
82060,60,2744,22,21,43,238,214,452,22,31,53,505
82282,60,2744,6,6,12,41,39,80,1,4,5,85
84215,60,2744,15,16,31,212,174,386,4,5,9,395
84472,60,2744,26,23,49,229,134,363,4,4,8,371
84841,60,2744,20,20,40,157,152,309,9,24,33,342
85596,60,2744,17,17,34,327,334,661,11,38,49,710
85970,60,2744,27,25,52,644,751,1395,9,46,55,1450
86009,60,2744,19,18,37,103,98,201,1,11,12,213
86237,60,2744,5,7,12,27,17,44,2,10,12,56
86352,60,2744,19,29,48,136,122,258,7,31,38,296
86610,60,2744,30,28,58,262,220,482,22,43,65,547
86727,60,2744,12,11,23,442,401,843,1,0,1,844
88133,60,2744,14,16,30,123,124,247,4,13,17,264
88175,60,2744,19,18,37,83,77,160,4,10,14,174
89827,60,2744,10,8,18,27,16,43,3,15,18,61
10060,61,2745,8,8,16,832,785,1617,1,3,4,1621
10281,61,2745,15,14,29,459,401,860,14,18,32,892
10353,61,2745,23,21,44,576,556,1132,6,2,8,1140
10841,61,2745,2,5,7,2,4,6,0,3,3,9
11023,61,2745,11,14,25,340,357,697,2,21,23,720
11360,61,2745,17,15,32,173,199,372,14,22,36,408
11692,61,2745,6,7,13,249,225,474,3,2,5,479
13799,61,2745,15,17,32,254,310,564,8,20,28,592
13882,61,2745,19,29,48,215,228,443,9,30,39,482
14106,61,2745,6,5,11,7,8,15,4,2,6,21
14188,61,2745,13,14,27,98,89,187,9,25,34,221
15071,61,2745,3,7,10,1,1,2,22,26,48,50
16313,61,2745,43,44,87,372,339,711,18,38,56,767
16495,61,2745,19,22,41,252,240,492,12,37,49,541
16933,61,2745,12,13,25,64,62,126,1,4,5,131
17353,61,2745,12,13,25,255,184,439,3,13,16,455
18344,61,2745,6,6,12,29,25,54,1,0,1,55
18394,61,2745,35,40,75,1210,537,1747,9,14,23,1770
18420,61,2745,6,6,12,2,0,2,9,10,19,21
19844,61,2745,21,24,45,185,177,362,13,26,39,401
21350,61,2745,18,23,41,372,418,790,5,37,42,832
22617,61,2745,13,17,30,186,221,407,2,6,8,415
22745,61,2745,14,14,28,360,357,717,3,3,6,723
22931,61,2745,16,11,27,84,57,141,7,13,20,161
23040,61,2745,12,12,24,137,118,255,10,11,21,276
23144,61,2745,10,8,18,935,883,1818,3,3,6,1824
23642,61,2745,7,8,15,81,61,142,0,5,5,147
24543,61,2745,7,8,15,57,52,109,3,7,10,119
24760,61,2745,15,18,33,122,114,236,8,41,49,285
24853,61,2745,17,12,29,69,23,92,3,7,10,102
25171,61,2745,30,30,60,303,250,553,14,14,28,581
25323,61,2745,18,19,37,773,285,1058,4,13,17,1075
25544,61,2745,40,43,83,317,339,656,1,10,11,667
25947,61,2745,14,23,37,76,61,137,3,23,26,163
26127,61,2745,18,19,37,106,100,206,28,41,69,275
26425,61,2745,5,9,14,37,48,85,4,14,18,103
26999,61,2745,3,4,7,4,4,8,1,4,5,13
28831,61,2745,9,13,22,77,81,158,3,20,23,181
29914,61,2745,14,14,28,124,102,226,6,37,43,269
30076,61,2745,8,8,16,54,50,104,0,2,2,106
30952,61,2745,12,11,23,134,127,261,4,3,7,268
31372,61,2745,15,17,32,199,219,418,15,20,35,453
32100,61,2745,3,4,7,0,1,1,3,11,14,15
32174,61,2745,15,19,34,174,180,354,18,17,35,389
32899,61,2745,5,7,12,18,20,38,0,9,9,47
34250,61,2745,7,9,16,12,14,26,9,8,17,43
34853,61,2745,23,24,47,298,293,591,16,34,50,641
35227,61,2745,19,19,38,109,114,223,7,28,35,258
36006,61,2745,3,2,5,7,6,13,2,1,3,16
36143,61,2745,20,25,45,169,125,294,22,32,54,348
36951,61,2745,25,29,54,332,325,657,4,12,16,673
37617,61,2745,11,11,22,99,55,154,4,16,20,174
38823,61,2745,16,19,35,191,185,376,8,7,15,391
38893,61,2745,9,7,16,33,19,52,6,5,11,63
38901,61,2745,18,17,35,184,77,261,2,1,3,264
38927,61,2745,14,16,30,64,81,145,0,6,6,151
39701,61,2745,27,39,66,618,651,1269,14,39,53,1322
39783,61,2745,8,10,18,86,91,177,12,23,35,212
40629,61,2745,40,52,92,160,119,279,37,83,120,399
40997,61,2745,15,21,36,108,138,246,15,39,54,300
41393,61,2745,18,16,34,102,87,189,9,17,26,215
44167,61,2745,45,44,89,308,325,633,15,33,48,681
44520,61,2745,6,7,13,71,54,125,9,14,23,148
44947,61,2745,9,9,18,224,232,456,1,3,4,460
44956,61,2745,9,8,17,21,14,35,5,7,12,47
45000,61,2745,11,13,24,78,78,156,3,8,11,167
45292,61,2745,28,27,55,286,272,558,13,42,55,613
45539,61,2745,15,13,28,294,230,524,8,37,45,569
45945,61,2745,10,12,22,296,269,565,1,18,19,584
46021,61,2745,8,9,17,240,209,449,3,3,6,455
46160,61,2745,14,19,33,53,56,109,5,7,12,121
46584,61,2745,16,12,28,67,45,112,7,10,17,129
46654,61,2745,13,13,26,494,364,858,30,60,90,948
46771,61,2745,13,16,29,40,22,62,3,14,17,79
48187,61,2745,14,13,27,95,53,148,1,6,7,155
48990,61,2745,12,11,23,31,24,55,14,24,38,93
49294,61,2745,8,7,15,20,16,36,6,11,17,53
49597,61,2745,10,13,23,54,52,106,4,8,12,118
50181,61,2745,7,10,17,22,18,40,4,12,16,56
50869,61,2745,10,10,20,47,41,88,8,10,18,106
50947,61,2745,26,26,52,523,444,967,11,9,20,987
51102,61,2745,4,2,6,86,0,86,0,2,2,88
51470,61,2745,31,33,64,1117,403,1520,11,33,44,1564
51597,61,2745,16,19,35,37,34,71,6,17,23,94
51675,61,2745,4,7,11,7,12,19,3,9,12,31
51722,61,2745,19,17,36,135,114,249,8,8,16,265
52067,61,2745,14,12,26,47,33,80,1,2,3,83
52441,61,2745,18,16,34,85,75,160,4,0,4,164
52635,61,2745,16,13,29,58,37,95,20,28,48,143
53275,61,2745,9,8,17,21,12,33,7,16,23,56
53884,61,2745,7,10,17,48,40,88,0,4,4,92
55594,61,2745,15,20,35,43,40,83,2,10,12,95
57637,61,2745,16,15,31,58,62,120,7,11,18,138
58909,61,2745,13,13,26,127,134,261,0,6,6,267
59367,61,2745,21,14,35,87,71,158,8,24,32,190
60482,61,2745,15,19,34,131,100,231,18,29,47,278
60830,61,2745,12,12,24,88,99,187,13,12,25,212
61280,61,2745,16,17,33,365,354,719,2,11,13,732
62555,61,2745,8,9,17,64,60,124,2,6,8,132
62560,61,2745,16,18,34,119,109,228,7,8,15,243
63063,61,2745,21,24,45,211,193,404,11,20,31,435
63188,61,2745,14,20,34,138,154,292,8,18,26,318
63757,61,2745,9,8,17,33,26,59,1,9,10,69
63817,61,2745,12,11,23,378,360,738,4,3,7,745
64772,61,2745,3,2,5,9,3,12,0,1,1,13
66052,61,2745,36,44,80,240,236,476,89,187,276,752
66245,61,2745,15,16,31,122,131,253,10,19,29,282
66404,61,2745,23,23,46,372,181,553,2,4,6,559
66754,61,2745,18,23,41,318,285,603,10,31,41,644
66991,61,2745,21,24,45,201,158,359,11,45,56,415
67947,61,2745,23,32,55,180,133,313,12,26,38,351
68494,61,2745,22,25,47,353,273,626,20,56,76,702
68533,61,2745,20,21,41,75,42,117,9,16,25,142
68633,61,2745,10,8,18,103,75,178,7,5,12,190
69065,61,2745,17,18,35,170,173,343,6,9,15,358
70889,61,2745,15,12,27,84,86,170,4,10,14,184
71187,61,2745,13,11,24,114,86,200,5,6,11,211
71518,61,2745,19,15,34,83,70,153,4,9,13,166
71627,61,2745,19,26,45,93,92,185,9,19,28,213
71700,61,2745,14,14,28,225,258,483,5,8,13,496
71782,61,2745,5,5,10,20,15,35,1,2,3,38
72746,61,2745,7,9,16,60,43,103,5,1,6,109
73175,61,2745,8,10,18,47,52,99,2,12,14,113
73303,61,2745,13,12,25,56,38,94,10,4,14,108
74916,61,2745,36,43,79,566,518,1084,8,28,36,1120
75178,61,2745,9,3,12,19,19,38,16,5,21,59
75261,61,2745,34,37,71,395,382,777,10,42,52,829
75468,61,2745,8,10,18,16,11,27,4,13,17,44
76313,61,2745,19,18,37,289,287,576,9,16,25,601
77023,61,2745,8,8,16,199,208,407,0,0,0,407
77291,61,2745,23,30,53,322,306,628,9,15,24,652
77824,61,2745,26,23,49,172,153,325,10,7,17,342
78062,61,2745,7,6,13,389,410,799,4,8,12,811
78638,61,2745,16,17,33,284,279,563,6,21,27,590
78911,61,2745,9,8,17,422,409,831,7,6,13,844
78966,61,2745,17,19,36,915,88,1003,3,4,7,1010
79877,61,2745,24,23,47,189,162,351,6,23,29,380
80058,61,2745,25,24,49,115,87,202,7,12,19,221
80193,61,2745,29,25,54,643,701,1344,30,61,91,1435
82060,61,2745,14,13,27,75,66,141,25,21,46,187
82282,61,2745,7,9,16,62,49,111,1,6,7,118
84215,61,2745,12,11,23,121,115,236,5,15,20,256
84472,61,2745,18,18,36,291,145,436,5,5,10,446
84841,61,2745,14,14,28,70,60,130,26,19,45,175
85596,61,2745,12,15,27,262,269,531,2,12,14,545
85970,61,2745,27,27,54,493,586,1079,2,56,58,1137
86009,61,2745,9,11,20,222,211,433,7,12,19,452
86237,61,2745,5,5,10,32,16,48,1,1,2,50
86352,61,2745,21,24,45,245,261,506,24,30,54,560
86610,61,2745,20,20,40,116,98,214,35,68,103,317
86727,61,2745,10,9,19,206,198,404,4,1,5,409
88133,61,2745,13,13,26,110,114,224,13,14,27,251
88175,61,2745,9,8,17,47,47,94,0,4,4,98
89827,61,2745,10,13,23,126,88,214,9,13,22,236
10060,62,2746,19,19,38,1335,1279,2614,7,8,15,2629
10281,62,2746,11,14,25,594,526,1120,11,15,26,1146
10353,62,2746,19,19,38,277,270,547,4,3,7,554
10841,62,2746,23,27,50,108,120,228,16,20,36,264
11023,62,2746,10,11,21,346,337,683,2,8,10,693
11360,62,2746,18,19,37,139,163,302,17,34,51,353
11692,62,2746,9,16,25,649,592,1241,4,10,14,1255
13799,62,2746,13,14,27,364,382,746,16,32,48,794
13882,62,2746,15,14,29,41,37,78,3,9,12,90
14106,62,2746,11,11,22,47,33,80,2,9,11,91
14188,62,2746,10,10,20,91,96,187,4,24,28,215
15071,62,2746,2,5,7,0,0,0,8,11,19,19
15776,62,2746,20,21,41,120,90,210,6,18,24,234
16313,62,2746,32,34,66,182,158,340,8,30,38,378
16495,62,2746,17,19,36,179,170,349,9,20,29,378
16933,62,2746,6,3,9,20,19,39,3,0,3,42
17353,62,2746,14,15,29,145,89,234,4,10,14,248
18344,62,2746,12,15,27,76,66,142,2,6,8,150
18394,62,2746,24,25,49,444,314,758,3,3,6,764
18420,62,2746,9,6,15,14,16,30,8,3,11,41
19844,62,2746,27,23,50,89,82,171,7,18,25,196
21350,62,2746,21,23,44,299,353,652,7,28,35,687
22617,62,2746,17,18,35,169,201,370,4,4,8,378
22745,62,2746,10,11,21,147,147,294,5,6,11,305
22931,62,2746,15,10,25,108,82,190,1,2,3,193
23040,62,2746,11,12,23,146,142,288,6,9,15,303
23144,62,2746,18,20,38,960,920,1880,3,9,12,1892
23642,62,2746,9,11,20,101,120,221,2,6,8,229
24543,62,2746,11,11,22,62,61,123,6,21,27,150
24760,62,2746,23,27,50,302,320,622,7,22,29,651
24853,62,2746,18,23,41,65,48,113,11,23,34,147
25171,62,2746,21,21,42,124,124,248,5,5,10,258
25323,62,2746,13,16,29,137,88,225,3,3,6,231
25544,62,2746,47,53,100,294,326,620,2,6,8,628
25947,62,2746,18,19,37,217,180,397,4,19,23,420
26127,62,2746,16,13,29,69,63,132,11,16,27,159
26425,62,2746,6,4,10,11,4,15,0,3,3,18
26999,62,2746,6,9,15,99,86,185,3,11,14,199
28831,62,2746,8,9,17,104,116,220,3,9,12,232
29914,62,2746,8,11,19,194,105,299,4,22,26,325
30076,62,2746,6,8,14,23,30,53,0,1,1,54
30952,62,2746,24,22,46,253,230,483,8,18,26,509
31372,62,2746,11,11,22,221,205,426,7,10,17,443
32100,62,2746,4,3,7,3,3,6,1,1,2,8
32174,62,2746,22,25,47,132,134,266,8,30,38,304
32899,62,2746,8,9,17,15,15,30,3,12,15,45
34250,62,2746,18,20,38,69,66,135,5,15,20,155
34853,62,2746,21,23,44,336,359,695,14,31,45,740
35227,62,2746,15,14,29,111,123,234,4,12,16,250
36006,62,2746,2,2,4,20,15,35,1,0,1,36
36143,62,2746,25,23,48,202,153,355,18,37,55,410
36951,62,2746,25,25,50,172,158,330,6,10,16,346
37617,62,2746,22,23,45,336,195,531,10,16,26,557
38823,62,2746,24,24,48,199,195,394,5,5,10,404
38893,62,2746,9,7,16,77,65,142,9,6,15,157
38901,62,2746,30,29,59,303,258,561,1,0,1,562
38927,62,2746,18,19,37,146,149,295,1,5,6,301
39701,62,2746,24,21,45,403,387,790,1,13,14,804
39783,62,2746,15,14,29,127,143,270,12,34,46,316
40629,62,2746,24,21,45,106,116,222,7,11,18,240
40997,62,2746,12,20,32,85,105,190,12,57,69,259
41393,62,2746,12,13,25,51,38,89,9,3,12,101
44167,62,2746,56,57,113,450,437,887,12,18,30,917
44520,62,2746,9,10,19,71,59,130,7,13,20,150
44947,62,2746,7,10,17,399,414,813,0,5,5,818
44956,62,2746,11,13,24,22,21,43,2,7,9,52
45000,62,2746,5,10,15,69,67,136,1,6,7,143
45292,62,2746,38,44,82,467,516,983,14,51,65,1048
45539,62,2746,14,12,26,241,185,426,6,4,10,436
45945,62,2746,11,11,22,142,133,275,2,7,9,284
46021,62,2746,13,15,28,264,219,483,3,8,11,494
46160,62,2746,14,10,24,41,41,82,5,3,8,90
46584,62,2746,21,25,46,145,118,263,10,39,49,312
46654,62,2746,21,19,40,293,197,490,29,104,133,623
46771,62,2746,20,20,40,61,44,105,3,17,20,125
48187,62,2746,23,17,40,147,70,217,9,19,28,245
48990,62,2746,10,10,20,68,70,138,8,16,24,162
49294,62,2746,10,10,20,38,18,56,2,5,7,63
49597,62,2746,9,10,19,18,14,32,3,4,7,39
50181,62,2746,4,3,7,8,2,10,4,8,12,22
50709,62,2746,14,16,30,120,118,238,1,24,25,263
50869,62,2746,18,22,40,113,109,222,0,6,6,228
50947,62,2746,31,27,58,549,470,1019,4,9,13,1032
51102,62,2746,2,2,4,33,1,34,0,1,1,35
51470,62,2746,35,37,72,455,276,731,6,12,18,749
51597,62,2746,31,31,62,128,124,252,4,19,23,275
51675,62,2746,1,3,4,16,17,33,0,20,20,53
51722,62,2746,17,16,33,61,52,113,1,3,4,117
52067,62,2746,29,30,59,904,550,1454,4,10,14,1468
52385,62,2746,4,0,4,6,0,6,0,0,0,6
52441,62,2746,6,3,9,12,3,15,0,0,0,15
52635,62,2746,11,8,19,35,28,63,4,16,20,83
53275,62,2746,9,12,21,25,23,48,12,35,47,95
53884,62,2746,10,11,21,92,78,170,1,3,4,174
55594,62,2746,18,16,34,51,45,96,3,9,12,108
57637,62,2746,13,14,27,141,136,277,3,9,12,289
58909,62,2746,22,24,46,133,147,280,8,10,18,298
59367,62,2746,14,11,25,69,61,130,8,13,21,151
60482,62,2746,13,15,28,134,118,252,19,26,45,297
60830,62,2746,15,13,28,49,55,104,15,10,25,129
61280,62,2746,24,22,46,321,297,618,2,7,9,627
62555,62,2746,15,12,27,79,78,157,5,13,18,175
62560,62,2746,22,26,48,160,146,306,9,24,33,339
63063,62,2746,30,28,58,335,311,646,10,22,32,678
63188,62,2746,27,30,57,244,258,502,7,13,20,522
63757,62,2746,5,5,10,24,25,49,2,6,8,57
63817,62,2746,13,12,25,343,300,643,5,6,11,654
66052,62,2746,42,53,95,194,171,365,27,112,139,504
66245,62,2746,29,35,64,186,185,371,7,21,28,399
66404,62,2746,25,21,46,216,85,301,2,2,4,305
66754,62,2746,19,22,41,145,139,284,4,14,18,302
66991,62,2746,25,34,59,178,167,345,3,26,29,374
67947,62,2746,37,42,79,279,287,566,7,43,50,616
68494,62,2746,27,31,58,371,328,699,18,55,73,772
68533,62,2746,33,30,63,206,161,367,5,12,17,384
68633,62,2746,7,6,13,20,16,36,12,10,22,58
69065,62,2746,17,19,36,119,121,240,3,16,19,259
70889,62,2746,10,8,18,127,132,259,3,0,3,262
71187,62,2746,16,17,33,90,69,159,4,5,9,168
71518,62,2746,20,21,41,90,78,168,0,8,8,176
71627,62,2746,22,28,50,141,144,285,4,18,22,307
71700,62,2746,30,32,62,578,646,1224,29,44,73,1297
72746,62,2746,6,12,18,45,36,81,0,2,2,83
73175,62,2746,8,5,13,26,21,47,0,8,8,55
73303,62,2746,13,16,29,41,45,86,6,8,14,100
74916,62,2746,33,36,69,388,313,701,6,14,20,721
75178,62,2746,5,0,5,3,0,3,3,0,3,6
75261,62,2746,30,35,65,420,389,809,10,32,42,851
75468,62,2746,8,9,17,20,17,37,1,4,5,42
76313,62,2746,19,14,33,108,70,178,5,10,15,193
77023,62,2746,9,7,16,66,58,124,0,0,0,124
77291,62,2746,21,19,40,169,148,317,3,7,10,327
77824,62,2746,23,24,47,131,126,257,11,10,21,278
78062,62,2746,13,14,27,290,305,595,2,3,5,600
78638,62,2746,19,17,36,482,484,966,8,16,24,990
78911,62,2746,10,10,20,94,87,181,2,1,3,184
78966,62,2746,11,12,23,1088,55,1143,1,3,4,1147
79877,62,2746,33,39,72,232,196,428,6,21,27,455
80058,62,2746,27,28,55,88,87,175,9,7,16,191
80193,62,2746,31,26,57,848,888,1736,40,99,139,1875
82060,62,2746,17,17,34,80,85,165,15,18,33,198
82282,62,2746,5,4,9,25,25,50,0,2,2,52
84215,62,2746,13,11,24,113,93,206,3,7,10,216
84472,62,2746,28,27,55,328,142,470,4,10,14,484
84625,62,2746,2,1,3,4,1,5,0,0,0,5
84841,62,2746,19,22,41,114,114,228,13,14,27,255
85596,62,2746,16,22,38,258,280,538,11,44,55,593
85970,62,2746,30,32,62,408,489,897,9,13,22,919
86009,62,2746,17,20,37,93,84,177,7,19,26,203
86237,62,2746,8,8,16,24,19,43,2,11,13,56
86352,62,2746,18,22,40,240,219,459,11,40,51,510
86610,62,2746,26,23,49,176,166,342,15,34,49,391
86727,62,2746,10,12,22,286,266,552,0,1,1,553
88133,62,2746,12,15,27,45,45,90,4,8,12,102
88175,62,2746,18,22,40,173,104,277,3,15,18,295
89827,62,2746,6,7,13,42,26,68,3,9,12,80
10060,63,2747,15,15,30,1267,1232,2499,1,2,3,2502
10281,63,2747,14,14,28,487,412,899,10,25,35,934
10353,63,2747,21,20,41,285,272,557,3,2,5,562
10841,63,2747,23,24,47,61,58,119,10,17,27,146
11023,63,2747,9,10,19,352,362,714,3,6,9,723
11360,63,2747,12,14,26,46,67,113,14,23,37,150
11692,63,2747,10,14,24,586,522,1108,8,10,18,1126
13799,63,2747,16,13,29,178,200,378,6,10,16,394
13882,63,2747,14,24,38,46,62,108,3,14,17,125
14106,63,2747,9,11,20,35,36,71,1,1,2,73
14188,63,2747,14,16,30,89,88,177,6,32,38,215
15071,63,2747,3,6,9,1,4,5,6,7,13,18
15776,63,2747,17,15,32,146,118,264,6,11,17,281
16313,63,2747,35,36,71,179,147,326,13,28,41,367
16495,63,2747,13,13,26,123,108,231,5,10,15,246
16933,63,2747,10,9,19,81,61,142,0,0,0,142
17353,63,2747,14,16,30,218,142,360,7,24,31,391
18344,63,2747,17,14,31,91,64,155,2,5,7,162
18394,63,2747,31,30,61,690,450,1140,8,11,19,1159
18420,63,2747,10,10,20,29,21,50,12,13,25,75
19844,63,2747,10,6,16,19,8,27,2,6,8,35
21350,63,2747,17,16,33,289,335,624,8,29,37,661
22617,63,2747,22,24,46,370,440,810,4,19,23,833
22745,63,2747,12,13,25,273,277,550,0,2,2,552
22931,63,2747,23,14,37,132,112,244,1,1,2,246
23040,63,2747,14,15,29,125,127,252,5,10,15,267
23144,63,2747,25,24,49,967,923,1890,12,15,27,1917
23642,63,2747,11,13,24,86,97,183,5,9,14,197
24543,63,2747,16,14,30,58,43,101,0,15,15,116
24760,63,2747,21,26,47,329,382,711,8,13,21,732
24853,63,2747,19,16,35,125,49,174,6,10,16,190
25171,63,2747,32,40,72,545,451,996,13,39,52,1048
25323,63,2747,20,23,43,354,152,506,0,8,8,514
25544,63,2747,41,47,88,270,325,595,2,4,6,601
25947,63,2747,21,22,43,155,124,279,10,23,33,312
26127,63,2747,15,14,29,92,56,148,7,12,19,167
26425,63,2747,8,8,16,27,21,48,1,3,4,52
26999,63,2747,15,8,23,123,96,219,4,11,15,234
28831,63,2747,8,9,17,70,78,148,1,5,6,154
29914,63,2747,10,10,20,179,86,265,1,28,29,294
30076,63,2747,11,12,23,162,179,341,1,3,4,345
30952,63,2747,24,23,47,372,341,713,5,4,9,722
31372,63,2747,13,14,27,151,154,305,10,18,28,333
32100,63,2747,5,4,9,2,4,6,5,7,12,18
32174,63,2747,17,21,38,90,80,170,9,16,25,195
32899,63,2747,10,9,19,59,50,109,3,9,12,121
34250,63,2747,14,19,33,38,44,82,8,12,20,102
34853,63,2747,30,32,62,349,347,696,13,16,29,725
35227,63,2747,19,20,39,297,377,674,8,22,30,704
36006,63,2747,4,4,8,58,45,103,0,0,0,103
36143,63,2747,26,20,46,227,152,379,9,22,31,410
36951,63,2747,31,30,61,243,230,473,6,25,31,504
37617,63,2747,29,42,71,331,231,562,14,66,80,642
38823,63,2747,22,21,43,86,72,158,3,4,7,165
38893,63,2747,13,15,28,104,77,181,2,19,21,202
38901,63,2747,23,22,45,297,187,484,0,0,0,484
38927,63,2747,20,21,41,142,166,308,2,7,9,317
39701,63,2747,20,20,40,354,338,692,1,19,20,712
39783,63,2747,12,12,24,76,83,159,12,20,32,191
40629,63,2747,23,29,52,118,116,234,1,13,14,248
40997,63,2747,14,18,32,46,62,108,6,24,30,138
41393,63,2747,16,16,32,78,66,144,6,8,14,158
44167,63,2747,51,50,101,370,363,733,13,27,40,773
44520,63,2747,15,16,31,123,112,235,4,19,23,258
44947,63,2747,12,11,23,500,517,1017,1,2,3,1020
44956,63,2747,9,12,21,23,15,38,1,13,14,52
45000,63,2747,9,10,19,81,74,155,7,11,18,173
45292,63,2747,47,47,94,373,375,748,19,43,62,810
45539,63,2747,16,15,31,182,140,322,3,13,16,338
45945,63,2747,13,13,26,154,161,315,4,8,12,327
46021,63,2747,14,12,26,234,199,433,1,2,3,436
46160,63,2747,17,11,28,39,26,65,1,1,2,67
46584,63,2747,18,21,39,152,111,263,17,62,79,342
46654,63,2747,21,19,40,193,159,352,36,95,131,483
46771,63,2747,20,20,40,71,45,116,8,25,33,149
48187,63,2747,28,20,48,253,167,420,5,14,19,439
48990,63,2747,12,13,25,55,50,105,10,25,35,140
49294,63,2747,12,11,23,31,21,52,5,16,21,73
49597,63,2747,8,9,17,13,12,25,0,7,7,32
50181,63,2747,9,9,18,39,31,70,2,4,6,76
50709,63,2747,15,15,30,191,162,353,7,26,33,386
50869,63,2747,18,18,36,99,87,186,1,4,5,191
50947,63,2747,19,23,42,478,314,792,2,6,8,800
51102,63,2747,5,3,8,75,4,79,0,0,0,79
51470,63,2747,32,31,63,615,392,1007,11,27,38,1045
51597,63,2747,27,37,64,122,116,238,5,17,22,260
51675,63,2747,4,6,10,71,63,134,0,23,23,157
51722,63,2747,21,19,40,94,73,167,0,9,9,176
52067,63,2747,31,29,60,840,542,1382,6,20,26,1408
52385,63,2747,11,13,24,33,26,59,0,6,6,65
52441,63,2747,3,0,3,4,0,4,0,0,0,4
52635,63,2747,9,6,15,37,28,65,5,9,14,79
53275,63,2747,7,10,17,17,9,26,4,16,20,46
53884,63,2747,12,8,20,30,29,59,2,4,6,65
55594,63,2747,15,23,38,55,69,124,3,12,15,139
57637,63,2747,9,12,21,112,120,232,4,7,11,243
58909,63,2747,19,20,39,135,157,292,4,15,19,311
59367,63,2747,23,13,36,103,72,175,9,16,25,200
60482,63,2747,10,12,22,65,61,126,5,19,24,150
60830,63,2747,20,20,40,132,129,261,16,28,44,305
61280,63,2747,21,19,40,490,468,958,3,7,10,968
62555,63,2747,15,19,34,36,36,72,5,35,40,112
62560,63,2747,24,26,50,264,225,489,15,32,47,536
63063,63,2747,28,29,57,302,286,588,12,14,26,614
63188,63,2747,24,28,52,272,291,563,5,5,10,573
63757,63,2747,7,8,15,12,10,22,4,16,20,42
63817,63,2747,2,2,4,6,5,11,0,0,0,11
64772,63,2747,2,2,4,3,1,4,1,2,3,7
66052,63,2747,36,40,76,146,138,284,20,76,96,380
66245,63,2747,31,40,71,170,166,336,13,35,48,384
66404,63,2747,30,33,63,327,128,455,0,8,8,463
66754,63,2747,9,9,18,29,25,54,1,5,6,60
66991,63,2747,34,41,75,217,218,435,6,59,65,500
67947,63,2747,29,31,60,165,136,301,6,29,35,336
68494,63,2747,23,25,48,438,401,839,19,43,62,901
68533,63,2747,23,25,48,133,106,239,5,19,24,263
68633,63,2747,6,5,11,35,33,68,10,14,24,92
69065,63,2747,15,15,30,178,168,346,6,16,22,368
70889,63,2747,14,11,25,187,171,358,0,1,1,359
71187,63,2747,22,20,42,113,94,207,2,4,6,213
71518,63,2747,22,20,42,105,78,183,1,5,6,189
71627,63,2747,26,29,55,135,124,259,0,18,18,277
71700,63,2747,33,35,68,598,686,1284,24,36,60,1344
72746,63,2747,11,11,22,85,64,149,1,3,4,153
73175,63,2747,9,7,16,20,16,36,2,1,3,39
73303,63,2747,15,15,30,66,53,119,11,7,18,137
74916,63,2747,19,23,42,77,74,151,8,23,31,182
75178,63,2747,5,4,9,12,9,21,4,1,5,26
75261,63,2747,34,30,64,222,214,436,12,39,51,487
75468,63,2747,7,6,13,26,20,46,1,16,17,63
76313,63,2747,15,13,28,81,59,140,7,10,17,157
77023,63,2747,12,12,24,73,70,143,0,0,0,143
77291,63,2747,18,17,35,98,57,155,0,9,9,164
77824,63,2747,25,27,52,98,94,192,4,4,8,200
78062,63,2747,8,10,18,326,349,675,0,1,1,676
78638,63,2747,22,26,48,592,592,1184,6,22,28,1212
78911,63,2747,12,13,25,111,115,226,2,4,6,232
78966,63,2747,24,23,47,1086,119,1205,7,14,21,1226
79877,63,2747,34,28,62,260,200,460,11,25,36,496
80058,63,2747,26,31,57,100,88,188,5,13,18,206
80193,63,2747,32,27,59,706,764,1470,26,67,93,1563
82060,63,2747,14,15,29,100,88,188,10,20,30,218
82282,63,2747,8,8,16,60,61,121,1,15,16,137
84215,63,2747,10,11,21,159,134,293,2,6,8,301
84472,63,2747,24,15,39,140,83,223,4,5,9,232
84625,63,2747,1,0,1,3,0,3,0,0,0,3
84841,63,2747,26,25,51,165,160,325,17,17,34,359
85596,63,2747,17,17,34,421,406,827,9,25,34,861
85970,63,2747,31,35,66,362,421,783,5,16,21,804
86009,63,2747,18,20,38,66,67,133,9,28,37,170
86237,63,2747,6,9,15,25,18,43,0,6,6,49
86352,63,2747,23,29,52,62,68,130,5,20,25,155
86610,63,2747,21,23,44,161,162,323,9,31,40,363
86727,63,2747,18,16,34,251,252,503,1,1,2,505
88133,63,2747,10,12,22,108,108,216,3,9,12,228
88175,63,2747,18,21,39,310,108,418,5,5,10,428
89827,63,2747,13,9,22,61,47,108,10,20,30,138
10060,64,2748,11,12,23,1376,1312,2688,4,5,9,2697
10281,64,2748,12,13,25,610,547,1157,10,12,22,1179
10353,64,2748,21,19,40,398,401,799,1,2,3,802
10841,64,2748,16,18,34,58,59,117,11,18,29,146
11023,64,2748,13,16,29,289,305,594,7,20,27,621
11360,64,2748,17,18,35,87,96,183,14,35,49,232
11692,64,2748,15,14,29,685,577,1262,13,16,29,1291
13799,64,2748,11,12,23,236,294,530,5,18,23,553
13882,64,2748,15,23,38,48,52,100,2,15,17,117
14106,64,2748,6,5,11,17,9,26,2,2,4,30
14188,64,2748,10,17,27,103,95,198,3,42,45,243
15071,64,2748,3,3,6,10,9,19,1,2,3,22
15776,64,2748,10,11,21,80,51,131,5,22,27,158
16313,64,2748,38,40,78,278,251,529,12,30,42,571
16495,64,2748,20,26,46,215,187,402,10,30,40,442
16933,64,2748,20,20,40,182,151,333,2,2,4,337
17353,64,2748,12,15,27,146,100,246,2,18,20,266
18344,64,2748,15,17,32,67,48,115,0,3,3,118
18394,64,2748,30,29,59,471,332,803,6,3,9,812
18420,64,2748,8,6,14,10,17,27,6,6,12,39
19844,64,2748,21,22,43,83,70,153,13,11,24,177
21350,64,2748,21,25,46,384,453,837,8,23,31,868
22617,64,2748,19,18,37,215,245,460,6,8,14,474
22745,64,2748,12,12,24,112,92,204,0,3,3,207
22931,64,2748,17,9,26,147,128,275,0,1,1,276
23040,64,2748,15,12,27,123,110,233,5,5,10,243
23144,64,2748,20,22,42,729,705,1434,11,9,20,1454
23642,64,2748,9,8,17,193,200,393,8,9,17,410
24543,64,2748,9,10,19,50,60,110,1,3,4,114
24760,64,2748,22,25,47,465,496,961,6,17,23,984
24853,64,2748,23,23,46,136,98,234,5,16,21,255
25171,64,2748,23,26,49,307,209,516,7,18,25,541
25323,64,2748,24,27,51,211,162,373,6,28,34,407
25544,64,2748,45,45,90,293,330,623,5,16,21,644
25947,64,2748,19,19,38,144,126,270,10,21,31,301
26127,64,2748,14,10,24,83,55,138,8,7,15,153
26425,64,2748,10,11,21,53,67,120,4,12,16,136
26999,64,2748,8,5,13,171,129,300,1,5,6,306
28831,64,2748,11,12,23,232,248,480,1,6,7,487
29914,64,2748,4,0,4,5,0,5,0,0,0,5
30076,64,2748,12,12,24,117,144,261,1,2,3,264
30952,64,2748,32,31,63,318,321,639,8,12,20,659
31372,64,2748,17,16,33,122,92,214,4,26,30,244
32100,64,2748,2,1,3,2,1,3,0,0,0,3
32174,64,2748,22,24,46,106,95,201,8,27,35,236
32899,64,2748,7,6,13,13,10,23,1,7,8,31
34250,64,2748,20,22,42,77,64,141,8,17,25,166
34853,64,2748,29,33,62,394,417,811,17,28,45,856
35227,64,2748,16,22,38,235,273,508,11,37,48,556
36006,64,2748,5,5,10,57,49,106,0,0,0,106
36143,64,2748,24,21,45,137,87,224,3,14,17,241
36951,64,2748,34,37,71,236,226,462,7,26,33,495
37617,64,2748,24,29,53,289,174,463,3,27,30,493
38823,64,2748,13,18,31,92,87,179,0,7,7,186
38893,64,2748,15,20,35,126,89,215,6,22,28,243
38901,64,2748,28,28,56,251,189,440,0,0,0,440
38927,64,2748,23,25,48,199,221,420,1,5,6,426
39701,64,2748,19,17,36,206,193,399,9,12,21,420
39783,64,2748,13,15,28,76,64,140,18,22,40,180
40629,64,2748,23,29,52,116,113,229,4,15,19,248
40997,64,2748,16,19,35,75,87,162,7,42,49,211
41393,64,2748,19,17,36,69,65,134,6,8,14,148
44167,64,2748,38,41,79,259,251,510,10,18,28,538
44520,64,2748,11,12,23,56,61,117,4,17,21,138
44947,64,2748,8,12,20,326,329,655,0,4,4,659
44956,64,2748,17,17,34,50,46,96,1,12,13,109
45000,64,2748,9,7,16,71,62,133,3,4,7,140
45292,64,2748,35,40,75,209,193,402,10,38,48,450
45539,64,2748,10,7,17,220,149,369,6,14,20,389
45945,64,2748,7,8,15,67,60,127,1,3,4,131
46021,64,2748,15,17,32,108,73,181,0,2,2,183
46160,64,2748,19,19,38,83,90,173,2,8,10,183
46584,64,2748,23,28,51,135,105,240,15,42,57,297
46654,64,2748,15,13,28,237,189,426,29,76,105,531
46771,64,2748,25,28,53,102,79,181,4,20,24,205
48187,64,2748,27,23,50,233,154,387,11,18,29,416
48990,64,2748,10,10,20,51,42,93,4,10,14,107
49294,64,2748,10,11,21,76,85,161,4,6,10,171
49597,64,2748,5,1,6,5,1,6,1,0,1,7
50181,64,2748,8,5,13,8,9,17,6,5,11,28
50709,64,2748,15,17,32,122,107,229,2,26,28,257
50869,64,2748,20,22,42,168,109,277,1,18,19,296
50947,64,2748,28,35,63,776,718,1494,4,16,20,1514
51102,64,2748,4,1,5,57,4,61,0,0,0,61
51470,64,2748,29,29,58,412,220,632,3,13,16,648
51597,64,2748,18,24,42,73,80,153,0,12,12,165
51675,64,2748,5,6,11,17,15,32,2,20,22,54
51722,64,2748,21,18,39,106,81,187,3,5,8,195
52067,64,2748,24,26,50,620,451,1071,0,6,6,1077
52385,64,2748,23,29,52,200,164,364,3,16,19,383
52441,64,2748,6,3,9,6,5,11,0,0,0,11
52635,64,2748,12,12,24,26,23,49,5,7,12,61
53275,64,2748,5,4,9,5,6,11,7,16,23,34
53884,64,2748,15,12,27,72,47,119,1,2,3,122
55594,64,2748,19,21,40,155,139,294,5,9,14,308
57637,64,2748,13,15,28,76,82,158,4,7,11,169
58909,64,2748,17,20,37,130,142,272,4,15,19,291
59367,64,2748,15,13,28,83,65,148,4,17,21,169
60482,64,2748,11,15,26,77,73,150,9,19,28,178
60830,64,2748,11,12,23,61,62,123,6,8,14,137
61280,64,2748,21,21,42,618,577,1195,0,2,2,1197
62555,64,2748,12,16,28,34,32,66,4,16,20,86
62560,64,2748,30,30,60,242,219,461,9,21,30,491
63063,64,2748,24,24,48,172,132,304,9,11,20,324
63188,64,2748,20,20,40,223,204,427,8,18,26,453
63757,64,2748,4,5,9,8,10,18,4,3,7,25
64772,64,2748,1,2,3,2,3,5,0,0,0,5
66052,64,2748,39,45,84,198,193,391,22,81,103,494
66245,64,2748,32,39,71,185,154,339,12,36,48,387
66404,64,2748,29,28,57,222,83,305,3,7,10,315
66754,64,2748,14,13,27,81,72,153,4,4,8,161
66991,64,2748,35,35,70,241,237,478,14,33,47,525
67947,64,2748,26,26,52,131,101,232,5,15,20,252
68494,64,2748,22,24,46,392,333,725,16,36,52,777
68533,64,2748,39,38,77,239,187,426,9,23,32,458
68633,64,2748,5,5,10,14,11,25,6,14,20,45
69065,64,2748,18,20,38,193,196,389,3,10,13,402
70889,64,2748,11,9,20,64,60,124,0,0,0,124
71187,64,2748,14,17,31,146,101,247,5,8,13,260
71518,64,2748,14,15,29,107,75,182,1,6,7,189
71627,64,2748,27,34,61,188,190,378,6,38,44,422
71700,64,2748,28,29,57,399,434,833,20,32,52,885
72746,64,2748,12,11,23,38,42,80,2,0,2,82
73175,64,2748,5,7,12,17,14,31,1,4,5,36
73303,64,2748,19,17,36,150,133,283,10,8,18,301
74916,64,2748,24,23,47,102,80,182,4,5,9,191
75178,64,2748,3,2,5,19,14,33,2,1,3,36
75261,64,2748,28,30,58,340,340,680,11,26,37,717
75468,64,2748,6,7,13,24,35,59,0,4,4,63
76313,64,2748,24,23,47,135,100,235,8,31,39,274
77023,64,2748,9,8,17,112,92,204,0,0,0,204
77291,64,2748,19,18,37,261,203,464,3,7,10,474
77824,64,2748,19,20,39,99,91,190,2,4,6,196
78062,64,2748,7,7,14,194,207,401,0,0,0,401
78638,64,2748,29,28,57,545,505,1050,6,27,33,1083
78911,64,2748,12,14,26,157,171,328,0,16,16,344
78966,64,2748,21,23,44,1211,78,1289,2,7,9,1298
79877,64,2748,1,0,1,2,0,2,0,0,0,2
80058,64,2748,27,26,53,84,95,179,9,7,16,195
80193,64,2748,33,25,58,463,448,911,35,64,99,1010
82060,64,2748,18,21,39,152,151,303,5,25,30,333
82282,64,2748,6,6,12,38,41,79,0,3,3,82
84215,64,2748,13,13,26,187,136,323,4,9,13,336
84472,64,2748,27,30,57,322,148,470,6,11,17,487
84841,64,2748,24,26,50,178,156,334,14,30,44,378
85596,64,2748,21,22,43,480,481,961,5,17,22,983
85970,64,2748,25,28,53,337,425,762,2,19,21,783
86009,64,2748,10,16,26,23,31,54,8,18,26,80
86237,64,2748,5,7,12,13,8,21,0,8,8,29
86352,64,2748,20,28,48,63,78,141,14,23,37,178
86610,64,2748,23,25,48,247,235,482,10,29,39,521
86727,64,2748,10,12,22,244,231,475,1,1,2,477
88133,64,2748,15,17,32,97,96,193,2,4,6,199
88175,64,2748,13,15,28,79,68,147,4,10,14,161
89827,64,2748,6,8,14,48,36,84,1,7,8,92
10060,65,2749,9,10,19,1181,1127,2308,4,3,7,2315
10281,65,2749,13,14,27,457,390,847,10,6,16,863
10353,65,2749,17,20,37,210,205,415,3,4,7,422
10841,65,2749,22,21,43,110,92,202,16,17,33,235
11023,65,2749,13,14,27,320,367,687,6,10,16,703
11360,65,2749,16,21,37,111,118,229,23,57,80,309
11692,65,2749,15,16,31,698,603,1301,12,17,29,1330
13799,65,2749,13,14,27,147,163,310,19,15,34,344
13882,65,2749,17,18,35,82,90,172,4,4,8,180
14106,65,2749,7,5,12,17,11,28,5,5,10,38
14188,65,2749,15,17,32,106,91,197,8,19,27,224
15071,65,2749,2,4,6,5,8,13,7,6,13,26
15776,65,2749,18,15,33,89,60,149,5,10,15,164
16313,65,2749,41,44,85,289,272,561,14,44,58,619
16495,65,2749,18,18,36,228,203,431,10,24,34,465
16933,65,2749,16,22,38,116,114,230,6,17,23,253
17353,65,2749,22,17,39,173,106,279,2,21,23,302
18344,65,2749,16,15,31,99,87,186,3,5,8,194
18394,65,2749,31,34,65,467,353,820,6,17,23,843
18420,65,2749,9,6,15,16,8,24,9,6,15,39
19844,65,2749,18,20,38,98,110,208,9,16,25,233
21350,65,2749,24,26,50,372,476,848,5,23,28,876
22617,65,2749,23,24,47,180,186,366,6,4,10,376
22745,65,2749,16,16,32,360,353,713,0,6,6,719
22931,65,2749,23,11,34,163,119,282,4,0,4,286
23040,65,2749,12,13,25,113,105,218,2,7,9,227
23144,65,2749,23,25,48,753,739,1492,4,6,10,1502
23642,65,2749,11,12,23,82,100,182,7,15,22,204
24543,65,2749,12,13,25,54,36,90,1,5,6,96
24760,65,2749,16,20,36,396,440,836,4,20,24,860
24853,65,2749,18,16,34,121,74,195,3,7,10,205
25171,65,2749,34,36,70,286,199,485,2,13,15,500
25323,65,2749,20,21,41,169,146,315,4,8,12,327
25494,65,2749,2,1,3,4,2,6,0,0,0,6
25544,65,2749,31,34,65,132,150,282,9,14,23,305
25947,65,2749,20,19,39,111,79,190,4,17,21,211
26127,65,2749,12,8,20,92,54,146,6,15,21,167
26425,65,2749,13,12,25,37,38,75,6,14,20,95
26999,65,2749,9,7,16,110,96,206,3,9,12,218
28831,65,2749,8,8,16,259,298,557,3,12,15,572
30076,65,2749,20,18,38,123,129,252,3,8,11,263
30952,65,2749,26,29,55,762,752,1514,8,5,13,1527
31372,65,2749,10,10,20,107,90,197,5,7,12,209
31583,65,2749,36,37,73,286,261,547,7,16,23,570
32100,65,2749,4,4,8,5,4,9,8,5,13,22
32174,65,2749,17,17,34,80,58,138,4,7,11,149
32899,65,2749,7,8,15,16,19,35,2,10,12,47
34250,65,2749,15,16,31,99,90,189,12,22,34,223
34853,65,2749,38,38,76,332,323,655,22,33,55,710
35227,65,2749,22,27,49,206,259,465,12,31,43,508
36006,65,2749,3,2,5,23,19,42,2,0,2,44
36143,65,2749,28,21,49,224,125,349,18,28,46,395
36951,65,2749,32,35,67,161,146,307,10,14,24,331
37617,65,2749,27,26,53,344,251,595,14,27,41,636
38823,65,2749,18,24,42,78,79,157,7,15,22,179
38893,65,2749,15,15,30,119,84,203,7,18,25,228
38901,65,2749,31,31,62,425,333,758,8,27,35,793
38927,65,2749,27,26,53,252,255,507,2,5,7,514
39701,65,2749,14,10,24,138,128,266,3,12,15,281
39783,65,2749,13,10,23,73,80,153,16,24,40,193
40629,65,2749,27,26,53,137,133,270,2,15,17,287
40997,65,2749,15,18,33,28,16,44,8,63,71,115
41393,65,2749,15,10,25,35,19,54,9,8,17,71
44167,65,2749,58,62,120,523,533,1056,19,56,75,1131
44520,65,2749,11,12,23,117,116,233,9,21,30,263
44947,65,2749,10,10,20,526,533,1059,0,0,0,1059
44956,65,2749,16,20,36,57,64,121,1,8,9,130
45000,65,2749,6,9,15,44,45,89,2,9,11,100
45292,65,2749,36,45,81,238,203,441,12,36,48,489
45539,65,2749,11,12,23,173,134,307,2,13,15,322
45945,65,2749,3,0,3,4,0,4,0,0,0,4
46021,65,2749,17,15,32,248,202,450,3,3,6,456
46160,65,2749,17,16,33,90,96,186,2,9,11,197
46584,65,2749,28,26,54,170,156,326,18,60,78,404
46654,65,2749,19,21,40,243,171,414,40,91,131,545
46771,65,2749,14,17,31,64,52,116,2,19,21,137
48187,65,2749,35,28,63,200,137,337,13,34,47,384
48990,65,2749,15,13,28,75,78,153,10,14,24,177
49294,65,2749,10,6,16,310,319,629,5,21,26,655
49597,65,2749,2,3,5,5,7,12,3,9,12,24
50181,65,2749,5,5,10,11,9,20,4,3,7,27
50709,65,2749,11,11,22,115,108,223,2,29,31,254
50869,65,2749,24,24,48,150,135,285,3,4,7,292
50947,65,2749,30,29,59,697,508,1205,4,15,19,1224
51102,65,2749,9,5,14,95,11,106,2,5,7,113
51470,65,2749,31,30,61,492,240,732,5,19,24,756
51597,65,2749,24,25,49,88,77,165,2,37,39,204
51675,65,2749,4,5,9,21,12,33,3,23,26,59
51722,65,2749,18,18,36,71,52,123,1,8,9,132
52067,65,2749,32,31,63,483,419,902,10,12,22,924
52385,65,2749,14,16,30,122,121,243,0,5,5,248
52441,65,2749,2,0,2,3,0,3,0,0,0,3
52635,65,2749,10,7,17,26,16,42,6,12,18,60
53275,65,2749,9,16,25,13,10,23,7,22,29,52
53884,65,2749,7,7,14,26,17,43,0,3,3,46
55594,65,2749,24,25,49,139,127,266,3,9,12,278
57637,65,2749,16,16,32,135,153,288,5,5,10,298
58909,65,2749,12,11,23,80,84,164,6,11,17,181
59367,65,2749,15,10,25,111,57,168,11,29,40,208
60482,65,2749,13,17,30,107,106,213,10,41,51,264
60830,65,2749,13,14,27,52,63,115,3,9,12,127
61280,65,2749,21,18,39,388,345,733,5,3,8,741
62555,65,2749,15,13,28,74,68,142,4,12,16,158
62560,65,2749,29,29,58,282,246,528,7,17,24,552
63063,65,2749,33,34,67,293,271,564,7,19,26,590
63188,65,2749,20,21,41,248,251,499,0,4,4,503
63757,65,2749,7,8,15,21,19,40,3,11,14,54
64772,65,2749,2,1,3,6,5,11,0,0,0,11
66052,65,2749,46,60,106,247,267,514,38,111,149,663
66245,65,2749,24,26,50,203,185,388,7,16,23,411
66404,65,2749,27,28,55,399,204,603,2,8,10,613
66754,65,2749,17,16,33,140,116,256,5,14,19,275
66991,65,2749,38,37,75,233,220,453,17,51,68,521
67947,65,2749,29,32,61,149,101,250,7,36,43,293
68494,65,2749,31,31,62,415,335,750,23,78,101,851
68533,65,2749,32,37,69,160,125,285,7,19,26,311
68633,65,2749,6,7,13,8,6,14,9,20,29,43
69065,65,2749,18,17,35,157,146,303,5,4,9,312
70889,65,2749,12,9,21,166,164,330,2,0,2,332
71187,65,2749,23,18,41,131,111,242,1,2,3,245
71518,65,2749,19,21,40,98,81,179,4,11,15,194
71627,65,2749,36,37,73,262,268,530,15,45,60,590
71700,65,2749,34,38,72,372,413,785,15,23,38,823
72746,65,2749,10,15,25,75,72,147,1,10,11,158
73175,65,2749,6,4,10,19,13,32,0,9,9,41
73303,65,2749,23,18,41,384,82,466,26,15,41,507
74916,65,2749,23,28,51,173,160,333,4,13,17,350
75178,65,2749,5,5,10,17,16,33,3,3,6,39
75261,65,2749,31,31,62,274,273,547,9,25,34,581
75468,65,2749,10,14,24,29,33,62,2,11,13,75
76313,65,2749,27,27,54,198,112,310,9,23,32,342
77023,65,2749,11,12,23,102,110,212,0,0,0,212
77291,65,2749,21,21,42,391,356,747,7,6,13,760
77824,65,2749,26,28,54,206,201,407,10,12,22,429
78062,65,2749,13,10,23,97,101,198,1,4,5,203
78638,65,2749,24,23,47,497,485,982,14,16,30,1012
78911,65,2749,16,15,31,92,94,186,4,14,18,204
78966,65,2749,15,14,29,574,47,621,1,0,1,622
79877,65,2749,33,27,60,213,120,333,9,7,16,349
80058,65,2749,28,27,55,84,77,161,5,15,20,181
80193,65,2749,27,26,53,517,443,960,15,43,58,1018
82060,65,2749,15,15,30,144,149,293,12,23,35,328
82282,65,2749,4,3,7,37,44,81,4,6,10,91
84215,65,2749,13,12,25,208,188,396,3,6,9,405
84472,65,2749,38,26,64,358,150,508,3,1,4,512
84625,65,2749,2,0,2,2,0,2,0,0,0,2
84841,65,2749,24,27,51,186,165,351,20,33,53,404
85596,65,2749,22,21,43,424,415,839,6,24,30,869
85970,65,2749,26,27,53,380,437,817,9,16,25,842
86009,65,2749,21,21,42,104,96,200,10,26,36,236
86237,65,2749,5,7,12,14,6,20,1,7,8,28
86352,65,2749,19,29,48,66,56,122,12,36,48,170
86610,65,2749,21,23,44,240,234,474,16,45,61,535
86727,65,2749,12,11,23,266,238,504,2,0,2,506
88133,65,2749,14,12,26,73,75,148,9,6,15,163
88175,65,2749,16,17,33,160,94,254,2,9,11,265
89827,65,2749,5,6,11,51,38,89,3,11,14,103
10060,66,2750,9,9,18,957,914,1871,7,13,20,1891
10281,66,2750,15,17,32,512,442,954,11,11,22,976
10353,66,2750,24,24,48,357,337,694,7,13,20,714
10841,66,2750,24,26,50,76,81,157,27,37,64,221
11023,66,2750,8,11,19,251,278,529,2,9,11,540
11360,66,2750,13,11,24,68,61,129,17,33,50,179
11692,66,2750,11,12,23,369,316,685,3,7,10,695
13799,66,2750,11,10,21,248,279,527,7,4,11,538
13882,66,2750,19,23,42,142,144,286,1,3,4,290
14106,66,2750,14,17,31,69,69,138,14,8,22,160
14188,66,2750,11,15,26,90,94,184,6,8,14,198
15071,66,2750,3,4,7,29,19,48,4,2,6,54
15776,66,2750,18,21,39,121,106,227,1,20,21,248
16313,66,2750,44,52,96,364,348,712,18,37,55,767
16495,66,2750,26,26,52,310,299,609,11,33,44,653
16933,66,2750,26,36,62,236,195,431,12,23,35,466
17353,66,2750,15,15,30,195,153,348,6,16,22,370
18344,66,2750,18,19,37,73,61,134,11,14,25,159
18394,66,2750,26,26,52,467,312,779,6,11,17,796
18420,66,2750,14,16,30,9,8,17,32,34,66,83
19844,66,2750,21,21,42,84,86,170,5,9,14,184
21350,66,2750,27,33,60,613,701,1314,7,36,43,1357
22617,66,2750,22,21,43,176,187,363,8,3,11,374
22745,66,2750,21,22,43,456,455,911,7,12,19,930
22931,66,2750,22,15,37,125,81,206,2,6,8,214
23040,66,2750,12,12,24,132,125,257,3,7,10,267
23144,66,2750,67,88,155,332,333,665,6,17,23,688
23642,66,2750,13,10,23,103,98,201,7,15,22,223
24543,66,2750,11,12,23,96,75,171,4,13,17,188
24760,66,2750,20,23,43,296,310,606,5,18,23,629
24853,66,2750,18,17,35,100,63,163,7,11,18,181
25171,66,2750,28,32,60,214,180,394,16,22,38,432
25323,66,2750,21,25,46,192,123,315,2,15,17,332
25494,66,2750,3,2,5,7,3,10,0,0,0,10
25544,66,2750,52,64,116,280,387,667,2,13,15,682
25947,66,2750,27,27,54,124,86,210,13,20,33,243
26127,66,2750,30,31,61,176,156,332,16,44,60,392
26425,66,2750,12,10,22,53,48,101,2,9,11,112
26999,66,2750,13,12,25,301,315,616,13,18,31,647
28831,66,2750,7,8,15,306,355,661,0,7,7,668
29914,66,2750,9,7,16,57,24,81,0,13,13,94
30076,66,2750,32,30,62,155,163,318,3,1,4,322
30952,66,2750,34,42,76,717,718,1435,12,22,34,1469
31372,66,2750,9,11,20,251,236,487,3,6,9,496
31583,66,2750,39,39,78,359,357,716,14,15,29,745
32100,66,2750,1,3,4,0,0,0,1,5,6,6
32174,66,2750,14,19,33,118,91,209,7,17,24,233
32899,66,2750,8,8,16,25,23,48,16,11,27,75
34250,66,2750,12,13,25,35,33,68,14,12,26,94
34853,66,2750,31,36,67,381,408,789,10,34,44,833
35227,66,2750,19,20,39,161,201,362,14,17,31,393
36006,66,2750,5,6,11,23,16,39,0,1,1,40
36143,66,2750,33,35,68,297,231,528,41,67,108,636
36951,66,2750,54,66,120,292,300,592,6,18,24,616
37617,66,2750,24,23,47,216,124,340,3,15,18,358
38823,66,2750,16,20,36,115,104,219,1,5,6,225
38893,66,2750,13,15,28,114,91,205,4,9,13,218
38901,66,2750,29,28,57,452,391,843,5,6,11,854
38927,66,2750,9,9,18,37,23,60,1,2,3,63
39701,66,2750,27,25,52,432,429,861,12,32,44,905
39783,66,2750,16,19,35,169,185,354,30,42,72,426
40629,66,2750,24,23,47,94,92,186,13,12,25,211
40997,66,2750,20,31,51,73,97,170,10,46,56,226
41393,66,2750,15,10,25,47,40,87,2,5,7,94
44167,66,2750,46,49,95,360,354,714,15,41,56,770
44520,66,2750,9,10,19,74,72,146,7,12,19,165
44947,66,2750,14,14,28,557,565,1122,4,7,11,1133
44956,66,2750,12,21,33,46,52,98,7,23,30,128
45000,66,2750,9,11,20,22,18,40,3,9,12,52
45292,66,2750,37,38,75,246,226,472,9,19,28,500
45539,66,2750,20,15,35,282,229,511,4,6,10,521
45945,66,2750,5,0,5,5,0,5,0,0,0,5
46021,66,2750,12,15,27,238,181,419,9,5,14,433
46160,66,2750,17,18,35,105,104,209,6,7,13,222
46584,66,2750,19,23,42,110,87,197,7,32,39,236
46654,66,2750,25,29,54,438,317,755,28,56,84,839
46771,66,2750,30,34,64,168,129,297,14,29,43,340
48187,66,2750,28,17,45,202,123,325,19,42,61,386
48990,66,2750,10,10,20,81,85,166,10,18,28,194
49294,66,2750,9,9,18,231,192,423,2,8,10,433
49597,66,2750,5,4,9,15,11,26,0,1,1,27
50181,66,2750,9,18,27,19,22,41,4,23,27,68
50709,66,2750,14,15,29,190,167,357,4,20,24,381
50869,66,2750,22,23,45,142,156,298,1,11,12,310
50947,66,2750,32,35,67,679,539,1218,11,21,32,1250
51102,66,2750,6,8,14,68,8,76,1,13,14,90
51470,66,2750,34,35,69,376,203,579,2,21,23,602
51597,66,2750,28,30,58,136,93,229,0,17,17,246
51675,66,2750,6,6,12,56,44,100,5,10,15,115
51722,66,2750,19,21,40,166,114,280,5,4,9,289
52067,66,2750,34,34,68,587,463,1050,14,9,23,1073
52385,66,2750,36,39,75,582,531,1113,15,25,40,1153
52635,66,2750,13,15,28,32,24,56,21,26,47,103
53275,66,2750,9,13,22,14,3,17,5,22,27,44
53884,66,2750,5,4,9,7,6,13,1,1,2,15
55594,66,2750,23,25,48,109,119,228,14,21,35,263
57637,66,2750,15,19,34,95,100,195,6,10,16,211
58909,66,2750,13,12,25,54,61,115,2,6,8,123
59367,66,2750,21,13,34,108,82,190,4,11,15,205
60482,66,2750,13,15,28,67,70,137,9,16,25,162
60830,66,2750,22,26,48,127,179,306,17,13,30,336
61280,66,2750,24,19,43,319,265,584,7,4,11,595
62555,66,2750,11,11,22,40,33,73,2,9,11,84
62560,66,2750,27,27,54,142,124,266,13,17,30,296
63063,66,2750,24,21,45,143,135,278,3,13,16,294
63188,66,2750,27,29,56,310,312,622,9,14,23,645
63757,66,2750,4,5,9,5,1,6,3,6,9,15
64772,66,2750,2,1,3,3,1,4,1,0,1,5
66052,66,2750,40,43,83,100,97,197,22,52,74,271
66245,66,2750,32,33,65,227,236,463,13,25,38,501
66404,66,2750,26,27,53,275,144,419,0,5,5,424
66754,66,2750,18,18,36,200,197,397,3,12,15,412
66991,66,2750,36,36,72,244,215,459,7,24,31,490
67947,66,2750,35,36,71,239,239,478,23,45,68,546
68494,66,2750,23,25,48,258,240,498,7,36,43,541
68533,66,2750,30,29,59,116,83,199,5,17,22,221
68633,66,2750,9,12,21,98,87,185,20,26,46,231
69065,66,2750,21,21,42,213,212,425,4,1,5,430
70889,66,2750,14,14,28,303,306,609,3,1,4,613
71187,66,2750,24,24,48,140,132,272,7,10,17,289
71518,66,2750,16,16,32,111,87,198,6,7,13,211
71627,66,2750,36,41,77,236,238,474,6,28,34,508
71700,66,2750,24,27,51,496,541,1037,27,29,56,1093
72746,66,2750,15,17,32,53,53,106,6,8,14,120
73175,66,2750,9,6,15,87,83,170,2,3,5,175
73303,66,2750,19,17,36,157,56,213,12,10,22,235
74916,66,2750,29,27,56,201,218,419,12,17,29,448
75178,66,2750,8,7,15,33,22,55,7,10,17,72
75261,66,2750,26,29,55,250,231,481,2,18,20,501
75468,66,2750,9,9,18,42,26,68,6,19,25,93
76313,66,2750,31,27,58,254,206,460,10,27,37,497
77023,66,2750,22,26,48,150,164,314,0,0,0,314
77291,66,2750,18,15,33,520,474,994,1,8,9,1003
77824,66,2750,23,22,45,145,120,265,7,6,13,278
78062,66,2750,14,14,28,250,243,493,4,1,5,498
78638,66,2750,22,17,39,477,425,902,7,13,20,922
78911,66,2750,9,10,19,232,228,460,3,6,9,469
78966,66,2750,21,21,42,675,107,782,2,5,7,789
79877,66,2750,30,26,56,199,160,359,16,12,28,387
80058,66,2750,42,40,82,101,97,198,5,9,14,212
80193,66,2750,29,25,54,438,430,868,11,18,29,897
82060,66,2750,18,20,38,219,229,448,7,16,23,471
82282,66,2750,7,8,15,67,66,133,5,8,13,146
84215,66,2750,16,12,28,253,229,482,7,12,19,501
84472,66,2750,33,32,65,423,281,704,10,11,21,725
84625,66,2750,1,0,1,1,0,1,0,0,0,1
84841,66,2750,15,15,30,72,76,148,8,5,13,161
85596,66,2750,22,20,42,450,416,866,10,10,20,886
85970,66,2750,25,27,52,414,530,944,5,19,24,968
86009,66,2750,24,24,48,255,311,566,11,16,27,593
86237,66,2750,5,10,15,18,12,30,0,8,8,38
86352,66,2750,18,21,39,31,27,58,8,20,28,86
86610,66,2750,25,25,50,305,290,595,19,56,75,670
86727,66,2750,9,9,18,357,315,672,0,1,1,673
88133,66,2750,19,20,39,166,141,307,7,14,21,328
88175,66,2750,15,17,32,69,55,124,2,10,12,136
89827,66,2750,12,10,22,80,57,137,5,7,12,149
10060,67,2751,7,7,14,1175,1147,2322,1,2,3,2325
10281,67,2751,18,18,36,454,381,835,7,16,23,858
10353,67,2751,4,1,5,7,2,9,0,0,0,9
10841,67,2751,19,21,40,143,122,265,12,32,44,309
11023,67,2751,11,10,21,313,334,647,5,13,18,665
11360,67,2751,16,19,35,86,99,185,23,39,62,247
11692,67,2751,14,21,35,537,571,1108,7,14,21,1129
13799,67,2751,14,16,30,232,262,494,7,32,39,533
13882,67,2751,21,24,45,160,131,291,4,8,12,303
14106,67,2751,12,11,23,40,34,74,3,1,4,78
14188,67,2751,11,14,25,111,96,207,7,14,21,228
15071,67,2751,5,5,10,19,14,33,11,11,22,55
16313,67,2751,37,37,74,243,203,446,8,32,40,486
16495,67,2751,22,20,42,298,285,583,5,7,12,595
16933,67,2751,21,24,45,107,94,201,4,14,18,219
17353,67,2751,11,15,26,228,140,368,1,12,13,381
18344,67,2751,23,22,45,85,68,153,11,9,20,173
18394,67,2751,32,36,68,338,262,600,3,15,18,618
18420,67,2751,6,7,13,5,9,14,14,11,25,39
19844,67,2751,18,20,38,93,85,178,7,5,12,190
21350,67,2751,31,34,65,373,377,750,10,38,48,798
22617,67,2751,17,15,32,139,151,290,6,8,14,304
22745,67,2751,18,20,38,352,334,686,11,17,28,714
22931,67,2751,23,9,32,90,61,151,3,1,4,155
23040,67,2751,16,14,30,119,109,228,1,1,2,230
23144,67,2751,21,19,40,599,547,1146,6,8,14,1160
23642,67,2751,12,10,22,114,115,229,7,15,22,251
24543,67,2751,14,13,27,101,92,193,4,7,11,204
24760,67,2751,23,24,47,356,373,729,6,9,15,744
24853,67,2751,22,23,45,102,92,194,3,6,9,203
25171,67,2751,27,31,58,162,167,329,13,20,33,362
25323,67,2751,19,19,38,226,144,370,2,5,7,377
25494,67,2751,2,3,5,3,1,4,1,2,3,7
25544,67,2751,48,54,102,353,391,744,5,13,18,762
25947,67,2751,12,12,24,77,61,138,3,4,7,145
26127,67,2751,14,12,26,102,66,168,7,9,16,184
26425,67,2751,13,11,24,94,107,201,3,1,4,205
26999,67,2751,9,7,16,177,200,377,9,9,18,395
28831,67,2751,11,15,26,295,330,625,4,12,16,641
30076,67,2751,14,12,26,103,112,215,1,1,2,217
30952,67,2751,22,21,43,411,445,856,4,5,9,865
31372,67,2751,15,11,26,169,163,332,8,5,13,345
31583,67,2751,43,42,85,481,465,946,11,27,38,984
32100,67,2751,5,6,11,6,2,8,5,12,17,25
32174,67,2751,17,18,35,110,97,207,11,7,18,225
32899,67,2751,6,7,13,21,15,36,3,13,16,52
34250,67,2751,15,15,30,51,43,94,4,12,16,110
34853,67,2751,29,29,58,300,272,572,13,6,19,591
35227,67,2751,14,11,25,177,182,359,13,18,31,390
36006,67,2751,3,3,6,20,19,39,3,1,4,43
36143,67,2751,24,24,48,276,142,418,25,78,103,521
36951,67,2751,38,41,79,215,219,434,6,15,21,455
37617,67,2751,30,35,65,397,255,652,7,26,33,685
38823,67,2751,20,19,39,160,164,324,3,1,4,328
38893,67,2751,12,11,23,57,48,105,9,16,25,130
38901,67,2751,30,32,62,373,301,674,7,8,15,689
39701,67,2751,19,23,42,239,243,482,4,20,24,506
39783,67,2751,12,11,23,59,68,127,13,21,34,161
40629,67,2751,29,27,56,92,63,155,8,17,25,180
40997,67,2751,15,20,35,52,47,99,13,57,70,169
41393,67,2751,14,10,24,104,57,161,1,1,2,163
44167,67,2751,44,44,88,498,482,980,16,30,46,1026
44520,67,2751,7,10,17,49,43,92,2,12,14,106
44947,67,2751,10,14,24,281,296,577,1,6,7,584
44956,67,2751,13,20,33,26,22,48,3,14,17,65
45000,67,2751,8,15,23,64,55,119,4,22,26,145
45292,67,2751,49,55,104,350,384,734,10,22,32,766
45539,67,2751,15,13,28,307,248,555,4,3,7,562
45945,67,2751,16,17,33,145,118,263,1,7,8,271
46021,67,2751,13,14,27,176,157,333,0,2,2,335
46160,67,2751,19,22,41,82,79,161,3,8,11,172
46584,67,2751,23,19,42,119,88,207,4,21,25,232
46654,67,2751,15,11,26,175,154,329,30,56,86,415
46771,67,2751,24,28,52,141,115,256,8,27,35,291
48187,67,2751,19,14,33,169,101,270,4,11,15,285
48990,67,2751,8,9,17,62,49,111,11,10,21,132
49294,67,2751,8,8,16,347,274,621,5,9,14,635
49597,67,2751,7,6,13,26,18,44,1,0,1,45
50181,67,2751,9,7,16,15,16,31,3,7,10,41
50709,67,2751,18,17,35,177,151,328,10,42,52,380
50869,67,2751,19,19,38,165,160,325,2,1,3,328
50947,67,2751,31,31,62,967,823,1790,8,11,19,1809
51102,67,2751,3,2,5,4,0,4,0,2,2,6
51470,67,2751,31,31,62,473,189,662,0,5,5,667
51597,67,2751,24,24,48,214,119,333,1,10,11,344
51675,67,2751,5,7,12,76,71,147,3,20,23,170
51722,67,2751,13,13,26,169,54,223,0,2,2,225
52067,67,2751,31,32,63,562,509,1071,6,9,15,1086
52385,67,2751,20,17,37,127,90,217,6,13,19,236
52635,67,2751,8,6,14,21,13,34,8,11,19,53
53275,67,2751,15,19,34,25,14,39,6,60,66,105
53884,67,2751,6,4,10,16,9,25,0,0,0,25
55594,67,2751,15,23,38,138,119,257,2,12,14,271
57637,67,2751,12,14,26,100,110,210,4,5,9,219
58909,67,2751,11,15,26,84,95,179,3,9,12,191
59367,67,2751,15,13,28,60,52,112,5,8,13,125
60482,67,2751,17,20,37,113,109,222,11,13,24,246
60830,67,2751,9,9,18,60,80,140,6,7,13,153
61280,67,2751,21,19,40,400,403,803,0,0,0,803
62555,67,2751,12,13,25,24,22,46,4,11,15,61
62560,67,2751,41,48,89,373,334,707,10,40,50,757
63063,67,2751,30,30,60,352,293,645,6,6,12,657
63188,67,2751,20,21,41,485,430,915,7,8,15,930
63757,67,2751,2,2,4,4,1,5,1,3,4,9
66052,67,2751,36,41,77,178,183,361,26,88,114,475
66245,67,2751,25,28,53,196,174,370,6,23,29,399
66404,67,2751,23,23,46,281,106,387,2,5,7,394
66754,67,2751,13,14,27,181,143,324,6,13,19,343
66991,67,2751,35,36,71,192,162,354,6,33,39,393
67947,67,2751,36,42,78,196,165,361,5,37,42,403
68494,67,2751,27,30,57,366,360,726,13,45,58,784
68533,67,2751,22,23,45,117,83,200,3,18,21,221
68633,67,2751,5,7,12,27,21,48,8,13,21,69
69065,67,2751,21,18,39,146,113,259,4,8,12,271
70889,67,2751,15,13,28,242,242,484,1,0,1,485
71187,67,2751,17,17,34,106,109,215,7,7,14,229
71518,67,2751,12,14,26,91,98,189,3,11,14,203
71627,67,2751,20,27,47,134,138,272,2,15,17,289
71700,67,2751,32,36,68,542,547,1089,23,39,62,1151
72746,67,2751,7,10,17,56,53,109,1,2,3,112
73175,67,2751,10,8,18,34,25,59,0,1,1,60
73303,67,2751,19,17,36,205,76,281,8,9,17,298
74916,67,2751,31,34,65,504,481,985,4,16,20,1005
75178,67,2751,5,4,9,14,10,24,4,3,7,31
75261,67,2751,33,32,65,294,258,552,7,20,27,579
75468,67,2751,10,10,20,46,42,88,3,7,10,98
76313,67,2751,16,15,31,98,72,170,8,9,17,187
77023,67,2751,9,10,19,75,89,164,0,0,0,164
77291,67,2751,17,18,35,197,165,362,3,2,5,367
77824,67,2751,21,20,41,161,154,315,7,12,19,334
78062,67,2751,7,10,17,342,352,694,0,4,4,698
78638,67,2751,19,18,37,386,372,758,5,12,17,775
78911,67,2751,12,11,23,103,96,199,1,1,2,201
78966,67,2751,26,29,55,1326,158,1484,0,2,2,1486
79877,67,2751,29,26,55,310,147,457,10,12,22,479
80058,67,2751,37,37,74,174,155,329,10,4,14,343
80193,67,2751,21,23,44,532,552,1084,17,59,76,1160
82060,67,2751,17,18,35,206,178,384,6,21,27,411
82282,67,2751,5,6,11,23,23,46,0,4,4,50
84215,67,2751,12,14,26,298,243,541,4,3,7,548
84472,67,2751,24,31,55,368,181,549,3,9,12,561
84625,67,2751,1,0,1,1,0,1,0,0,0,1
84841,67,2751,21,19,40,103,87,190,22,20,42,232
85596,67,2751,21,22,43,397,357,754,8,27,35,789
85970,67,2751,31,36,67,462,572,1034,6,30,36,1070
86009,67,2751,17,20,37,102,111,213,5,18,23,236
86237,67,2751,6,12,18,56,51,107,1,14,15,122
86352,67,2751,14,19,33,49,39,88,2,18,20,108
86610,67,2751,28,30,58,290,287,577,9,23,32,609
86727,67,2751,13,12,25,294,276,570,3,5,8,578
88133,67,2751,18,22,40,207,108,315,6,14,20,335
88175,67,2751,16,19,35,193,81,274,3,15,18,292
89827,67,2751,11,12,23,97,77,174,8,9,17,191
10060,68,2752,8,8,16,1009,964,1973,2,9,11,1984
10281,68,2752,11,10,21,456,408,864,7,12,19,883
10353,68,2752,5,0,5,13,0,13,0,0,0,13
10841,68,2752,17,21,38,64,66,130,12,27,39,169
11023,68,2752,10,13,23,353,348,701,4,5,9,710
11360,68,2752,13,15,28,96,95,191,7,33,40,231
11692,68,2752,14,16,30,512,505,1017,6,10,16,1033
13799,68,2752,16,18,34,174,209,383,12,34,46,429
13882,68,2752,13,17,30,82,86,168,3,6,9,177
14106,68,2752,7,12,19,26,20,46,4,5,9,55
14188,68,2752,11,13,24,63,59,122,6,33,39,161
15071,68,2752,7,7,14,23,23,46,10,4,14,60
15776,68,2752,4,0,4,4,0,4,0,0,0,4
16313,68,2752,35,35,70,256,207,463,8,28,36,499
16495,68,2752,24,29,53,368,370,738,3,20,23,761
16933,68,2752,18,19,37,177,168,345,4,8,12,357
17353,68,2752,16,18,34,185,134,319,3,20,23,342
18344,68,2752,22,20,42,100,89,189,4,2,6,195
18394,68,2752,29,30,59,517,415,932,0,6,6,938
18420,68,2752,9,6,15,21,10,31,9,3,12,43
19844,68,2752,27,29,56,122,105,227,7,11,18,245
21350,68,2752,23,29,52,333,360,693,4,45,49,742
22617,68,2752,21,22,43,143,170,313,11,9,20,333
22745,68,2752,16,18,34,203,218,421,8,10,18,439
22931,68,2752,12,10,22,79,70,149,4,5,9,158
23040,68,2752,15,14,29,117,120,237,3,5,8,245
23144,68,2752,24,31,55,485,457,942,5,22,27,969
23642,68,2752,13,12,25,127,139,266,6,2,8,274
24543,68,2752,9,11,20,88,77,165,4,14,18,183
24760,68,2752,21,24,45,299,346,645,8,18,26,671
24853,68,2752,22,22,44,146,87,233,5,11,16,249
25171,68,2752,24,25,49,233,265,498,12,12,24,522
25323,68,2752,18,19,37,219,207,426,2,8,10,436
25494,68,2752,3,2,5,3,2,5,0,0,0,5
25544,68,2752,43,46,89,244,288,532,2,17,19,551
25947,68,2752,19,19,38,126,98,224,2,8,10,234
26127,68,2752,12,10,22,50,42,92,8,11,19,111
26425,68,2752,9,7,16,41,26,67,1,2,3,70
26999,68,2752,11,11,22,190,186,376,5,12,17,393
28831,68,2752,13,11,24,282,319,601,10,3,13,614
30076,68,2752,15,17,32,62,73,135,0,4,4,139
30952,68,2752,24,23,47,380,395,775,5,7,12,787
31372,68,2752,11,12,23,183,169,352,5,13,18,370
31583,68,2752,42,45,87,482,470,952,11,22,33,985
32100,68,2752,6,9,15,8,5,13,5,14,19,32
32174,68,2752,15,20,35,71,74,145,15,26,41,186
32899,68,2752,6,6,12,16,12,28,0,9,9,37
34250,68,2752,17,19,36,48,45,93,5,9,14,107
34853,68,2752,23,24,47,210,199,409,8,29,37,446
35227,68,2752,15,14,29,129,147,276,2,23,25,301
36006,68,2752,4,4,8,35,32,67,1,1,2,69
36143,68,2752,30,32,62,339,236,575,40,91,131,706
36951,68,2752,30,32,62,257,247,504,9,6,15,519
37617,68,2752,28,32,60,430,290,720,11,23,34,754
38823,68,2752,23,24,47,154,161,315,5,6,11,326
38893,68,2752,14,15,29,117,100,217,6,11,17,234
38901,68,2752,28,26,54,314,224,538,1,0,1,539
38927,68,2752,15,27,42,44,55,99,0,0,0,99
39701,68,2752,16,20,36,346,327,673,6,27,33,706
39783,68,2752,13,17,30,113,136,249,16,28,44,293
40629,68,2752,27,27,54,149,125,274,7,17,24,298
40997,68,2752,16,24,40,76,96,172,5,33,38,210
41393,68,2752,7,5,12,15,15,30,2,7,9,39
44167,68,2752,74,74,148,712,624,1336,48,98,146,1482
44520,68,2752,8,8,16,55,51,106,4,14,18,124
44947,68,2752,13,11,24,468,468,936,0,2,2,938
44956,68,2752,10,10,20,26,27,53,0,2,2,55
45000,68,2752,6,10,16,38,35,73,2,9,11,84
45292,68,2752,40,37,77,314,294,608,11,22,33,641
45539,68,2752,9,5,14,94,65,159,5,8,13,172
45945,68,2752,18,13,31,454,432,886,8,9,17,903
46021,68,2752,15,16,31,162,129,291,5,18,23,314
46160,68,2752,17,15,32,43,31,74,4,9,13,87
46584,68,2752,26,24,50,167,128,295,15,58,73,368
46654,68,2752,14,13,27,165,128,293,30,64,94,387
46771,68,2752,22,26,48,110,91,201,7,25,32,233
48187,68,2752,30,27,57,193,115,308,3,23,26,334
48990,68,2752,8,8,16,80,72,152,7,12,19,171
49294,68,2752,9,8,17,311,281,592,9,13,22,614
49597,68,2752,6,7,13,19,17,36,1,4,5,41
50181,68,2752,7,8,15,23,17,40,3,15,18,58
50709,68,2752,18,17,35,230,145,375,4,25,29,404
50869,68,2752,24,24,48,210,174,384,3,7,10,394
50947,68,2752,27,29,56,812,654,1466,10,13,23,1489
51102,68,2752,2,1,3,22,16,38,0,0,0,38
51470,68,2752,25,22,47,426,180,606,2,6,8,614
51597,68,2752,30,36,66,148,148,296,4,16,20,316
51675,68,2752,3,5,8,26,19,45,1,20,21,66
51722,68,2752,18,15,33,72,41,113,2,4,6,119
52067,68,2752,33,32,65,574,479,1053,5,11,16,1069
52385,68,2752,24,24,48,139,116,255,6,9,15,270
52635,68,2752,12,9,21,24,15,39,6,8,14,53
53275,68,2752,15,16,31,44,41,85,7,41,48,133
53884,68,2752,6,6,12,19,11,30,0,8,8,38
55594,68,2752,16,21,37,96,73,169,1,10,11,180
57637,68,2752,14,13,27,68,75,143,6,2,8,151
58909,68,2752,10,12,22,57,58,115,0,13,13,128
59367,68,2752,18,12,30,113,61,174,4,18,22,196
60482,68,2752,12,11,23,115,119,234,3,4,7,241
60830,68,2752,7,7,14,32,45,77,10,8,18,95
61280,68,2752,24,20,44,406,361,767,1,2,3,770
62555,68,2752,13,18,31,67,57,124,4,29,33,157
62560,68,2752,30,33,63,315,318,633,7,27,34,667
63063,68,2752,23,21,44,181,146,327,4,7,11,338
63188,68,2752,22,24,46,435,402,837,8,28,36,873
63757,68,2752,6,4,10,13,12,25,2,4,6,31
66052,68,2752,39,48,87,141,128,269,25,97,122,391
66245,68,2752,25,27,52,139,129,268,7,18,25,293
66404,68,2752,26,26,52,287,121,408,1,10,11,419
66754,68,2752,12,14,26,141,132,273,1,10,11,284
66991,68,2752,32,37,69,238,217,455,14,62,76,531
67947,68,2752,26,29,55,147,235,382,2,14,16,398
68494,68,2752,24,31,55,349,348,697,16,58,74,771
68533,68,2752,26,28,54,179,140,319,5,25,30,349
68633,68,2752,11,10,21,14,12,26,8,6,14,40
69065,68,2752,19,19,38,172,157,329,0,4,4,333
70889,68,2752,15,14,29,282,290,572,4,15,19,591
71187,68,2752,14,14,28,102,85,187,4,8,12,199
71518,68,2752,18,20,38,107,98,205,4,3,7,212
71627,68,2752,32,33,65,162,167,329,5,24,29,358
71700,68,2752,28,31,59,477,544,1021,15,41,56,1077
72746,68,2752,5,8,13,22,18,40,1,1,2,42
73175,68,2752,5,5,10,26,19,45,1,1,2,47
73303,68,2752,16,12,28,65,53,118,9,7,16,134
74916,68,2752,44,45,89,619,567,1186,5,15,20,1206
75178,68,2752,5,4,9,9,7,16,1,0,1,17
75261,68,2752,22,39,61,112,115,227,13,55,68,295
75468,68,2752,8,9,17,30,27,57,2,6,8,65
76313,68,2752,15,9,24,80,44,124,4,12,16,140
77023,68,2752,10,9,19,154,134,288,0,0,0,288
77291,68,2752,9,13,22,38,37,75,5,9,14,89
77824,68,2752,25,25,50,139,128,267,5,9,14,281
78062,68,2752,7,6,13,339,353,692,2,1,3,695
78638,68,2752,20,25,45,504,500,1004,4,11,15,1019
78911,68,2752,13,15,28,98,103,201,1,7,8,209
78966,68,2752,31,35,66,1061,160,1221,6,21,27,1248
79877,68,2752,32,33,65,356,155,511,8,18,26,537
80058,68,2752,37,41,78,126,117,243,6,21,27,270
80193,68,2752,33,28,61,690,608,1298,29,68,97,1395
82060,68,2752,20,16,36,151,160,311,20,26,46,357
82282,68,2752,6,7,13,28,25,53,1,9,10,63
84215,68,2752,13,14,27,234,204,438,9,11,20,458
84472,68,2752,21,21,42,316,132,448,4,11,15,463
84625,68,2752,2,0,2,3,0,3,0,0,0,3
84841,68,2752,25,23,48,126,117,243,21,20,41,284
85596,68,2752,24,25,49,383,391,774,13,21,34,808
85970,68,2752,23,27,50,289,318,607,3,33,36,643
86009,68,2752,15,18,33,84,78,162,7,20,27,189
86237,68,2752,8,10,18,36,33,69,0,9,9,78
86352,68,2752,18,17,35,58,52,110,7,12,19,129
86610,68,2752,28,27,55,237,246,483,17,30,47,530
86727,68,2752,14,14,28,285,274,559,1,0,1,560
88133,68,2752,20,20,40,91,79,170,19,8,27,197
88175,68,2752,16,20,36,367,163,530,7,6,13,543
89827,68,2752,9,8,17,41,29,70,2,7,9,79
10060,69,2753,8,8,16,1274,1252,2526,7,2,9,2535
10281,69,2753,13,11,24,506,467,973,8,14,22,995
10353,69,2753,3,0,3,13,0,13,0,0,0,13
10841,69,2753,23,24,47,107,118,225,21,48,69,294
11023,69,2753,12,10,22,273,290,563,4,7,11,574
11360,69,2753,17,21,38,145,163,308,16,49,65,373
11692,69,2753,12,14,26,284,285,569,4,8,12,581
13799,69,2753,15,23,38,164,188,352,17,35,52,404
13882,69,2753,10,12,22,35,38,73,3,8,11,84
14106,69,2753,9,8,17,36,31,67,3,3,6,73
14188,69,2753,11,13,24,74,72,146,4,24,28,174
15071,69,2753,6,6,12,55,55,110,10,10,20,130
15776,69,2753,13,20,33,85,55,140,2,24,26,166
16313,69,2753,34,34,68,179,133,312,8,32,40,352
16495,69,2753,21,21,42,267,242,509,7,18,25,534
16933,69,2753,18,16,34,205,172,377,3,5,8,385
17353,69,2753,16,22,38,210,171,381,7,50,57,438
18344,69,2753,16,18,34,127,116,243,10,16,26,269
18394,69,2753,20,21,41,402,319,721,2,4,6,727
18420,69,2753,8,7,15,3,4,7,14,15,29,36
19844,69,2753,24,22,46,74,54,128,4,8,12,140
21350,69,2753,23,30,53,653,729,1382,6,28,34,1416
22617,69,2753,12,16,28,141,160,301,11,7,18,319
22745,69,2753,16,16,32,412,378,790,1,2,3,793
22931,69,2753,21,11,32,136,85,221,1,2,3,224
23040,69,2753,10,11,21,125,109,234,4,10,14,248
23144,69,2753,22,21,43,550,513,1063,3,15,18,1081
23642,69,2753,13,17,30,196,208,404,6,9,15,419
24543,69,2753,13,14,27,67,53,120,9,22,31,151
24760,69,2753,25,24,49,491,503,994,8,24,32,1026
24853,69,2753,21,21,42,145,117,262,5,9,14,276
25171,69,2753,13,9,22,40,39,79,15,12,27,106
25323,69,2753,19,22,41,264,198,462,2,11,13,475
25494,69,2753,3,2,5,2,2,4,1,1,2,6
25544,69,2753,33,38,71,179,198,377,5,15,20,397
25947,69,2753,18,17,35,114,95,209,11,12,23,232
26127,69,2753,16,13,29,69,57,126,13,26,39,165
26425,69,2753,6,5,11,50,30,80,0,1,1,81
26999,69,2753,9,9,18,84,80,164,4,6,10,174
28831,69,2753,8,11,19,349,395,744,4,6,10,754
30076,69,2753,15,15,30,57,63,120,2,3,5,125
30952,69,2753,21,18,39,303,292,595,6,8,14,609
31372,69,2753,11,14,25,103,84,187,3,6,9,196
31583,69,2753,27,33,60,173,169,342,13,34,47,389
32100,69,2753,8,4,12,6,9,15,8,1,9,24
32174,69,2753,12,17,29,52,47,99,11,15,26,125
32899,69,2753,5,7,12,18,16,34,0,14,14,48
34250,69,2753,17,18,35,58,48,106,7,9,16,122
34853,69,2753,18,15,33,199,176,375,18,37,55,430
35227,69,2753,36,39,75,263,294,557,6,29,35,592
36006,69,2753,5,5,10,35,31,66,2,0,2,68
36143,69,2753,19,24,43,215,132,347,35,96,131,478
36951,69,2753,18,14,32,163,153,316,9,7,16,332
37617,69,2753,26,21,47,427,244,671,8,18,26,697
38823,69,2753,20,20,40,98,95,193,2,5,7,200
38893,69,2753,14,14,28,75,56,131,2,8,10,141
38901,69,2753,23,25,48,225,202,427,9,14,23,450
38927,69,2753,18,24,42,172,143,315,2,23,25,340
39701,69,2753,16,19,35,142,139,281,6,39,45,326
39783,69,2753,11,14,25,91,118,209,13,30,43,252
40629,69,2753,22,20,42,89,76,165,9,13,22,187
40997,69,2753,17,16,33,67,68,135,12,42,54,189
44167,69,2753,52,56,108,473,513,986,21,50,71,1057
44520,69,2753,8,9,17,67,74,141,4,21,25,166
44947,69,2753,10,9,19,400,404,804,0,2,2,806
44956,69,2753,15,17,32,61,77,138,2,6,8,146
45000,69,2753,15,14,29,156,150,306,1,5,6,312
45292,69,2753,25,28,53,132,130,262,11,31,42,304
45539,69,2753,14,10,24,140,104,244,8,4,12,256
45945,69,2753,14,13,27,476,463,939,3,6,9,948
46021,69,2753,17,16,33,279,247,526,2,14,16,542
46160,69,2753,24,24,48,116,123,239,2,10,12,251
46584,69,2753,14,15,29,127,116,243,8,39,47,290
46654,69,2753,18,16,34,313,288,601,29,68,97,698
46771,69,2753,25,26,51,149,114,263,9,21,30,293
48187,69,2753,20,19,39,189,127,316,17,28,45,361
48990,69,2753,13,13,26,53,42,95,14,17,31,126
49294,69,2753,12,12,24,357,359,716,9,13,22,738
49597,69,2753,6,7,13,18,15,33,0,1,1,34
50181,69,2753,6,6,12,12,11,23,2,3,5,28
50709,69,2753,11,12,23,138,103,241,1,23,24,265
50869,69,2753,18,19,37,147,122,269,5,5,10,279
50947,69,2753,32,34,66,972,821,1793,16,16,32,1825
51102,69,2753,0,1,1,0,0,0,0,1,1,1
51470,69,2753,38,39,77,454,217,671,3,14,17,688
51597,69,2753,20,19,39,63,54,117,2,18,20,137
51675,69,2753,4,6,10,19,18,37,0,14,14,51
51722,69,2753,12,10,22,68,57,125,4,3,7,132
52067,69,2753,29,26,55,445,414,859,2,4,6,865
52385,69,2753,16,17,33,64,54,118,3,6,9,127
52441,69,2753,2,1,3,3,2,5,0,0,0,5
52635,69,2753,12,12,24,40,36,76,13,17,30,106
53275,69,2753,13,16,29,23,17,40,19,61,80,120
53884,69,2753,9,9,18,44,42,86,1,1,2,88
55594,69,2753,17,20,37,91,86,177,5,11,16,193
57637,69,2753,10,11,21,109,101,210,0,2,2,212
58909,69,2753,14,13,27,103,111,214,6,4,10,224
59367,69,2753,21,12,33,97,59,156,9,15,24,180
60482,69,2753,13,12,25,26,29,55,11,20,31,86
60830,69,2753,8,9,17,69,68,137,5,9,14,151
61280,69,2753,29,24,53,668,640,1308,3,0,3,1311
62555,69,2753,12,12,24,41,32,73,4,34,38,111
62560,69,2753,33,34,67,350,308,658,7,29,36,694
63063,69,2753,14,14,28,172,139,311,4,6,10,321
63188,69,2753,25,23,48,337,269,606,11,25,36,642
63757,69,2753,6,6,12,17,16,33,1,9,10,43
64772,69,2753,1,1,2,4,1,5,0,0,0,5
66052,69,2753,39,41,80,156,168,324,30,85,115,439
66245,69,2753,23,15,38,67,40,107,1,6,7,114
66404,69,2753,23,22,45,357,216,573,3,6,9,582
66754,69,2753,16,16,32,144,125,269,3,2,5,274
66991,69,2753,24,27,51,222,197,419,10,56,66,485
67947,69,2753,0,2,2,0,0,0,0,2,2,2
68494,69,2753,24,26,50,364,374,738,19,64,83,821
68533,69,2753,26,32,58,159,132,291,7,50,57,348
68633,69,2753,8,7,15,18,11,29,9,11,20,49
69065,69,2753,23,25,48,179,168,347,7,11,18,365
70889,69,2753,13,13,26,157,150,307,1,16,17,324
71187,69,2753,16,16,32,148,135,283,6,6,12,295
71518,69,2753,14,13,27,82,60,142,6,11,17,159
71627,69,2753,28,31,59,236,235,471,2,10,12,483
71700,69,2753,24,24,48,385,434,819,22,35,57,876
71782,69,2753,13,15,28,247,65,312,2,10,12,324
72746,69,2753,17,15,32,58,52,110,3,5,8,118
73175,69,2753,7,7,14,44,40,84,0,2,2,86
73303,69,2753,15,19,34,70,68,138,6,12,18,156
74916,69,2753,32,35,67,485,430,915,6,3,9,924
75178,69,2753,4,3,7,14,16,30,3,3,6,36
75261,69,2753,21,21,42,91,87,178,12,27,39,217
75468,69,2753,8,9,17,41,38,79,7,9,16,95
76313,69,2753,18,20,38,81,87,168,3,18,21,189
77023,69,2753,11,12,23,53,65,118,0,0,0,118
77291,69,2753,22,24,46,337,296,633,3,3,6,639
77824,69,2753,26,25,51,123,117,240,14,11,25,265
78062,69,2753,11,12,23,463,468,931,1,1,2,933
78638,69,2753,26,29,55,524,512,1036,9,33,42,1078
78911,69,2753,11,10,21,113,121,234,7,12,19,253
78966,69,2753,19,22,41,1055,91,1146,2,8,10,1156
79877,69,2753,33,34,67,270,140,410,18,32,50,460
80058,69,2753,27,28,55,112,91,203,8,17,25,228
80193,69,2753,25,25,50,748,808,1556,22,59,81,1637
82060,69,2753,19,20,39,227,196,423,25,28,53,476
82282,69,2753,5,6,11,39,35,74,1,1,2,76
84215,69,2753,13,11,24,169,154,323,10,10,20,343
84472,69,2753,24,22,46,256,148,404,11,5,16,420
84625,69,2753,1,0,1,2,0,2,0,0,0,2
84841,69,2753,26,22,48,163,128,291,17,26,43,334
85596,69,2753,19,20,39,480,452,932,10,26,36,968
85970,69,2753,27,30,57,535,694,1229,5,30,35,1264
86009,69,2753,15,17,32,116,102,218,10,32,42,260
86237,69,2753,6,7,13,26,30,56,0,11,11,67
86352,69,2753,21,23,44,45,42,87,13,17,30,117
86610,69,2753,21,23,44,207,193,400,9,39,48,448
86727,69,2753,10,9,19,229,222,451,0,0,0,451
88133,69,2753,20,24,44,210,226,436,8,13,21,457
88175,69,2753,13,13,26,193,111,304,2,9,11,315
89827,69,2753,10,10,20,62,47,109,3,5,8,117
10060,70,2754,4,5,9,282,273,555,5,10,15,570
10281,70,2754,21,26,47,440,356,796,9,24,33,829
10353,70,2754,3,0,3,3,0,3,0,0,0,3
10841,70,2754,5,4,9,14,14,28,0,0,0,28
11023,70,2754,14,14,28,198,207,405,3,6,9,414
11360,70,2754,19,22,41,58,78,136,30,28,58,194
11692,70,2754,11,12,23,238,237,475,3,11,14,489
13799,70,2754,11,14,25,164,164,328,15,22,37,365
13882,70,2754,28,34,62,337,333,670,8,21,29,699
14106,70,2754,9,8,17,41,33,74,4,8,12,86
14188,70,2754,7,13,20,63,68,131,3,9,12,143
15071,70,2754,5,8,13,18,12,30,6,10,16,46
15776,70,2754,18,23,41,183,144,327,3,18,21,348
16313,70,2754,31,30,61,365,339,704,9,12,21,725
16495,70,2754,21,22,43,232,218,450,11,11,22,472
16933,70,2754,20,19,39,261,250,511,13,12,25,536
17353,70,2754,10,10,20,64,49,113,0,9,9,122
18344,70,2754,5,7,12,15,11,26,4,7,11,37
18394,70,2754,22,25,47,478,378,856,9,14,23,879
19844,70,2754,12,15,27,77,61,138,5,12,17,155
21350,70,2754,19,22,41,521,619,1140,10,24,34,1174
22617,70,2754,8,9,17,30,47,77,2,2,4,81
22745,70,2754,18,17,35,757,732,1489,13,7,20,1509
22931,70,2754,13,8,21,81,26,107,2,12,14,121
23040,70,2754,10,11,21,134,120,254,7,14,21,275
23144,70,2754,8,11,19,1179,1161,2340,0,2,2,2342
23642,70,2754,6,6,12,62,62,124,2,1,3,127
24543,70,2754,8,12,20,84,80,164,3,18,21,185
24760,70,2754,15,18,33,302,327,629,17,42,59,688
24853,70,2754,20,16,36,146,66,212,14,12,26,238
25171,70,2754,18,15,33,96,107,203,17,23,40,243
25323,70,2754,13,15,28,76,49,125,0,13,13,138
25544,70,2754,58,116,174,265,359,624,4,11,15,639
25947,70,2754,9,12,21,85,60,145,9,18,27,172
26127,70,2754,16,18,34,63,41,104,17,28,45,149
26425,70,2754,7,9,16,11,5,16,1,6,7,23
26999,70,2754,5,0,5,10,0,10,0,0,0,10
28831,70,2754,4,5,9,357,392,749,3,12,15,764
30076,70,2754,13,12,25,105,119,224,2,1,3,227
31372,70,2754,10,13,23,152,140,292,7,9,16,308
31583,70,2754,28,34,62,319,310,629,13,34,47,676
32100,70,2754,5,4,9,1,1,2,6,8,14,16
32174,70,2754,9,9,18,29,30,59,7,7,14,73
32899,70,2754,6,8,14,11,11,22,9,16,25,47
34250,70,2754,8,9,17,44,38,82,14,14,28,110
34853,70,2754,24,16,40,168,157,325,9,5,14,339
35227,70,2754,18,19,37,415,450,865,8,14,22,887
36006,70,2754,2,2,4,0,0,0,2,5,7,7
36143,70,2754,21,25,46,164,88,252,45,112,157,409
36951,70,2754,37,41,78,275,307,582,1,4,5,587
37617,70,2754,14,15,29,170,149,319,1,4,5,324
38823,70,2754,12,13,25,66,60,126,4,5,9,135
38893,70,2754,7,5,12,70,50,120,2,2,4,124
38901,70,2754,18,19,37,165,161,326,2,10,12,338
38927,70,2754,14,18,32,115,92,207,0,5,5,212
39701,70,2754,18,20,38,266,289,555,3,13,16,571
39783,70,2754,13,18,31,315,303,618,28,20,48,666
40629,70,2754,14,14,28,130,105,235,4,13,17,252
40997,70,2754,16,15,31,167,227,394,13,29,42,436
44167,70,2754,49,50,99,441,456,897,12,16,28,925
44947,70,2754,9,8,17,324,330,654,2,6,8,662
44956,70,2754,12,13,25,34,57,91,2,11,13,104
45000,70,2754,6,5,11,217,205,422,2,3,5,427
45292,70,2754,31,34,65,349,301,650,20,59,79,729
45539,70,2754,12,10,22,213,188,401,3,3,6,407
45945,70,2754,8,9,17,563,562,1125,1,10,11,1136
46021,70,2754,10,11,21,144,91,235,16,27,43,278
46160,70,2754,3,5,8,15,16,31,2,1,3,34
46584,70,2754,14,12,26,42,26,68,10,22,32,100
46654,70,2754,17,16,33,529,423,952,24,33,57,1009
46771,70,2754,31,46,77,135,125,260,5,24,29,289
48187,70,2754,15,11,26,129,68,197,19,29,48,245
48990,70,2754,9,7,16,54,42,96,8,13,21,117
49294,70,2754,8,10,18,162,166,328,3,8,11,339
49597,70,2754,8,8,16,64,64,128,5,14,19,147
50181,70,2754,10,11,21,24,24,48,6,21,27,75
50709,70,2754,14,15,29,191,119,310,3,17,20,330
50869,70,2754,10,11,21,24,16,40,3,2,5,45
50947,70,2754,37,41,78,634,614,1248,10,32,42,1290
51470,70,2754,30,32,62,332,278,610,1,23,24,634
51597,70,2754,11,18,29,43,40,83,3,18,21,104
51675,70,2754,0,3,3,0,0,0,0,4,4,4
51722,70,2754,14,15,29,45,39,84,6,19,25,109
52067,70,2754,19,20,39,397,378,775,9,17,26,801
52385,70,2754,27,33,60,397,351,748,15,47,62,810
52635,70,2754,10,11,21,63,59,122,11,21,32,154
53275,70,2754,12,13,25,65,40,105,26,63,89,194
53884,70,2754,6,5,11,39,32,71,0,0,0,71
55594,70,2754,14,13,27,117,107,224,18,21,39,263
57637,70,2754,9,10,19,48,53,101,4,5,9,110
58909,70,2754,6,9,15,42,40,82,0,2,2,84
59367,70,2754,11,4,15,24,9,33,0,2,2,35
60482,70,2754,1,0,1,2,0,2,0,0,0,2
61280,70,2754,20,18,38,564,513,1077,7,6,13,1090
62560,70,2754,19,18,37,173,160,333,6,23,29,362
63063,70,2754,27,23,50,342,318,660,15,18,33,693
63188,70,2754,8,7,15,43,38,81,0,11,11,92
63757,70,2754,3,2,5,4,1,5,1,5,6,11
64772,70,2754,1,0,1,2,0,2,0,0,0,2
66245,70,2754,20,22,42,177,184,361,9,21,30,391
66404,70,2754,8,7,15,142,35,177,0,1,1,178
66754,70,2754,20,19,39,90,76,166,3,14,17,183
66991,70,2754,27,30,57,267,281,548,11,28,39,587
68494,70,2754,20,23,43,735,488,1223,7,23,30,1253
68533,70,2754,25,26,51,178,144,322,7,21,28,350
68633,70,2754,10,7,17,96,85,181,8,15,23,204
69065,70,2754,15,18,33,66,52,118,5,9,14,132
70889,70,2754,9,8,17,93,83,176,2,2,4,180
71187,70,2754,10,10,20,133,107,240,3,2,5,245
71518,70,2754,10,9,19,53,31,84,0,1,1,85
71627,70,2754,22,23,45,140,149,289,3,10,13,302
71700,70,2754,20,24,44,321,353,674,31,38,69,743
71782,70,2754,13,13,26,160,39,199,2,6,8,207
72746,70,2754,21,23,44,59,64,123,8,2,10,133
73175,70,2754,6,10,16,74,71,145,1,7,8,153
73303,70,2754,6,3,9,13,6,19,0,1,1,20
74916,70,2754,13,18,31,104,92,196,4,23,27,223
75178,70,2754,3,2,5,10,7,17,0,2,2,19
75261,70,2754,11,14,25,25,18,43,12,28,40,83
75468,70,2754,7,8,15,63,79,142,3,8,11,153
76313,70,2754,22,22,44,181,198,379,3,3,6,385
77023,70,2754,8,8,16,179,188,367,0,0,0,367
77291,70,2754,17,17,34,212,197,409,5,3,8,417
77824,70,2754,19,19,38,183,168,351,7,11,18,369
78062,70,2754,14,17,31,404,413,817,2,5,7,824
78638,70,2754,18,19,37,506,463,969,5,15,20,989
78911,70,2754,11,10,21,88,84,172,4,5,9,181
78966,70,2754,18,20,38,646,79,725,2,8,10,735
79877,70,2754,17,14,31,84,58,142,14,3,17,159
80058,70,2754,28,30,58,230,225,455,18,20,38,493
80193,70,2754,21,22,43,552,656,1208,24,59,83,1291
82060,70,2754,18,20,38,93,88,181,30,47,77,258
82282,70,2754,3,3,6,7,5,12,0,1,1,13
84215,70,2754,12,12,24,113,152,265,2,7,9,274
84472,70,2754,19,17,36,135,111,246,6,6,12,258
84841,70,2754,14,17,31,86,83,169,21,32,53,222
85596,70,2754,12,14,26,362,362,724,3,9,12,736
85970,70,2754,33,32,65,439,524,963,7,13,20,983
86009,70,2754,11,14,25,232,278,510,7,11,18,528
86237,70,2754,5,5,10,19,23,42,0,0,0,42
86352,70,2754,8,6,14,27,33,60,7,1,8,68
86610,70,2754,16,19,35,122,106,228,15,49,64,292
86727,70,2754,7,7,14,361,299,660,0,0,0,660
88133,70,2754,16,19,35,147,124,271,12,19,31,302
88175,70,2754,10,8,18,42,36,78,2,0,2,80
89827,70,2754,13,9,22,51,25,76,13,8,21,97
10060,71,2755,8,7,15,370,351,721,5,8,13,734
10281,71,2755,14,13,27,672,563,1235,3,8,11,1246
10353,71,2755,4,0,4,5,0,5,0,0,0,5
10841,71,2755,15,21,36,94,102,196,1,13,14,210
11023,71,2755,14,14,28,418,419,837,5,10,15,852
11360,71,2755,11,12,23,137,152,289,21,19,40,329
11692,71,2755,8,8,16,401,392,793,3,10,13,806
13799,71,2755,9,14,23,77,75,152,12,35,47,199
13882,71,2755,29,32,61,307,304,611,4,4,8,619
14106,71,2755,11,13,24,52,54,106,4,8,12,118
14188,71,2755,13,19,32,106,103,209,4,14,18,227
15071,71,2755,6,12,18,47,36,83,5,11,16,99
15776,71,2755,15,19,34,108,103,211,2,12,14,225
16313,71,2755,50,60,110,451,431,882,16,27,43,925
16495,71,2755,25,29,54,236,163,399,5,38,43,442
16933,71,2755,19,22,41,229,199,428,17,14,31,459
17353,71,2755,10,9,19,195,137,332,3,11,14,346
18344,71,2755,8,11,19,16,17,33,0,4,4,37
18394,71,2755,21,21,42,338,232,570,3,5,8,578
19844,71,2755,17,21,38,139,123,262,10,26,36,298
21350,71,2755,20,25,45,503,627,1130,6,17,23,1153
22617,71,2755,9,7,16,15,10,25,0,0,0,25
22745,71,2755,22,22,44,1630,1523,3153,0,4,4,3157
22931,71,2755,13,8,21,67,43,110,2,6,8,118
23040,71,2755,9,9,18,175,163,338,0,0,0,338
23144,71,2755,12,11,23,874,862,1736,4,11,15,1751
23642,71,2755,13,20,33,52,61,113,4,7,11,124
24543,71,2755,8,10,18,55,37,92,6,8,14,106
24760,71,2755,17,20,37,337,318,655,10,21,31,686
24853,71,2755,16,10,26,85,9,94,1,7,8,102
25171,71,2755,15,26,41,147,154,301,7,19,26,327
25323,71,2755,14,16,30,111,60,171,2,6,8,179
25544,71,2755,67,83,150,305,366,671,0,10,10,681
25947,71,2755,16,13,29,94,60,154,13,11,24,178
26127,71,2755,41,51,92,184,192,376,7,27,34,410
26425,71,2755,9,3,12,21,10,31,0,1,1,32
28831,71,2755,4,7,11,529,637,1166,4,10,14,1180
30076,71,2755,40,44,84,139,151,290,1,5,6,296
31372,71,2755,9,9,18,139,127,266,3,7,10,276
31583,71,2755,10,15,25,15,18,33,6,11,17,50
32100,71,2755,5,8,13,6,5,11,4,9,13,24
32174,71,2755,12,15,27,79,54,133,3,15,18,151
32899,71,2755,3,2,5,2,2,4,2,1,3,7
34250,71,2755,14,15,29,34,33,67,10,3,13,80
34853,71,2755,18,15,33,325,316,641,9,8,17,658
35227,71,2755,24,25,49,829,759,1588,14,39,53,1641
36006,71,2755,2,1,3,39,31,70,1,0,1,71
36143,71,2755,26,29,55,182,126,308,42,97,139,447
36951,71,2755,36,35,71,302,313,615,2,2,4,619
37617,71,2755,17,18,35,392,297,689,1,5,6,695
38823,71,2755,21,23,44,108,106,214,4,5,9,223
38893,71,2755,10,8,18,27,16,43,1,0,1,44
38901,71,2755,36,38,74,331,313,644,5,9,14,658
38927,71,2755,17,14,31,90,72,162,0,3,3,165
39701,71,2755,28,27,55,405,411,816,7,11,18,834
39783,71,2755,16,17,33,465,453,918,21,22,43,961
40629,71,2755,18,15,33,179,169,348,4,3,7,355
40997,71,2755,48,63,111,303,392,695,11,40,51,746
44167,71,2755,51,59,110,395,381,776,3,11,14,790
44947,71,2755,10,7,17,405,418,823,6,4,10,833
44956,71,2755,6,6,12,12,12,24,0,10,10,34
45000,71,2755,11,17,28,521,492,1013,3,8,11,1024
45292,71,2755,32,31,63,170,168,338,9,17,26,364
45539,71,2755,15,12,27,145,120,265,0,2,2,267
45945,71,2755,13,13,26,583,573,1156,8,9,17,1173
46021,71,2755,15,15,30,274,220,494,16,13,29,523
46160,71,2755,9,8,17,67,44,111,1,0,1,112
46584,71,2755,10,11,21,26,22,48,3,7,10,58
46654,71,2755,20,19,39,685,605,1290,49,64,113,1403
46771,71,2755,23,25,48,89,83,172,2,6,8,180
48187,71,2755,14,9,23,80,25,105,3,7,10,115
48990,71,2755,13,13,26,40,27,67,6,15,21,88
49294,71,2755,5,5,10,289,310,599,2,2,4,603
49597,71,2755,8,9,17,35,36,71,2,5,7,78
50181,71,2755,13,15,28,35,45,80,5,8,13,93
50709,71,2755,12,12,24,200,71,271,0,5,5,276
50869,71,2755,9,9,18,34,25,59,3,1,4,63
50947,71,2755,25,27,52,493,432,925,3,17,20,945
51470,71,2755,37,39,76,574,406,980,6,11,17,997
51597,71,2755,73,99,172,126,143,269,3,9,12,281
51675,71,2755,1,5,6,1,1,2,0,4,4,6
51722,71,2755,14,12,26,75,71,146,6,4,10,156
52067,71,2755,23,23,46,406,308,714,11,17,28,742
52385,71,2755,27,33,60,579,416,995,11,45,56,1051
52635,71,2755,17,19,36,59,48,107,16,21,37,144
53275,71,2755,11,7,18,27,12,39,2,6,8,47
53884,71,2755,6,4,10,21,10,31,0,0,0,31
55594,71,2755,19,26,45,140,116,256,3,13,16,272
57637,71,2755,9,8,17,50,53,103,9,3,12,115
58909,71,2755,9,9,18,32,33,65,1,3,4,69
59367,71,2755,17,15,32,74,44,118,5,15,20,138
61280,71,2755,18,16,34,421,389,810,1,3,4,814
62560,71,2755,34,33,67,188,157,345,0,0,0,345
63063,71,2755,21,22,43,309,266,575,4,8,12,587
63188,71,2755,10,13,23,37,38,75,1,3,4,79
63757,71,2755,3,2,5,3,1,4,0,4,4,8
64772,71,2755,5,4,9,10,3,13,0,2,2,15
66245,71,2755,25,26,51,237,232,469,16,31,47,516
66404,71,2755,17,16,33,235,57,292,1,1,2,294
66754,71,2755,17,16,33,202,174,376,3,8,11,387
66991,71,2755,24,22,46,299,254,553,18,26,44,597
68494,71,2755,22,26,48,883,469,1352,14,38,52,1404
68533,71,2755,23,22,45,210,180,390,4,18,22,412
68633,71,2755,9,9,18,135,117,252,11,18,29,281
69065,71,2755,15,16,31,127,104,231,2,2,4,235
70889,71,2755,13,8,21,79,62,141,0,0,0,141
71187,71,2755,12,19,31,58,70,128,4,1,5,133
71518,71,2755,15,12,27,106,76,182,2,1,3,185
71627,71,2755,32,37,69,352,362,714,5,8,13,727
71700,71,2755,29,33,62,458,495,953,35,34,69,1022
71782,71,2755,13,14,27,254,79,333,9,12,21,354
72746,71,2755,10,11,21,37,35,72,4,1,5,77
73175,71,2755,6,7,13,165,120,285,1,6,7,292
73303,71,2755,9,9,18,81,63,144,0,0,0,144
74916,71,2755,26,31,57,611,583,1194,19,15,34,1228
75178,71,2755,1,0,1,2,0,2,0,0,0,2
75261,71,2755,8,15,23,22,17,39,6,19,25,64
75468,71,2755,12,14,26,94,124,218,3,11,14,232
76313,71,2755,54,66,120,404,435,839,7,22,29,868
77023,71,2755,15,14,29,155,183,338,0,0,0,338
77291,71,2755,21,19,40,262,227,489,5,6,11,500
77824,71,2755,25,21,46,243,240,483,1,3,4,487
78062,71,2755,18,15,33,556,583,1139,4,5,9,1148
78638,71,2755,25,28,53,680,621,1301,4,21,25,1326
78911,71,2755,18,19,37,117,131,248,4,5,9,257
78966,71,2755,19,21,40,919,115,1034,4,5,9,1043
79877,71,2755,38,40,78,140,115,255,10,6,16,271
80058,71,2755,50,50,100,232,226,458,10,19,29,487
80193,71,2755,49,63,112,796,921,1717,17,36,53,1770
82060,71,2755,17,19,36,126,104,230,28,56,84,314
82282,71,2755,3,3,6,27,18,45,1,2,3,48
84215,71,2755,10,12,22,152,84,236,0,4,4,240
84472,71,2755,26,25,51,187,176,363,5,3,8,371
84841,71,2755,25,27,52,262,225,487,28,24,52,539
85596,71,2755,16,21,37,344,344,688,16,25,41,729
85970,71,2755,23,25,48,327,456,783,2,19,21,804
86009,71,2755,13,17,30,134,167,301,5,23,28,329
86237,71,2755,0,5,5,0,0,0,0,6,6,6
86352,71,2755,6,12,18,13,13,26,5,10,15,41
86610,71,2755,18,19,37,217,191,408,55,89,144,552
86727,71,2755,8,8,16,461,405,866,0,0,0,866
88133,71,2755,31,33,64,136,124,260,10,13,23,283
88175,71,2755,10,12,22,53,30,83,2,4,6,89
89827,71,2755,17,17,34,94,56,150,9,16,25,175
10060,72,2756,9,9,18,175,159,334,3,5,8,342
10281,72,2756,17,17,34,463,372,835,12,26,38,873
10353,72,2756,6,1,7,9,1,10,1,0,1,11
10841,72,2756,13,14,27,27,28,55,3,7,10,65
11023,72,2756,11,17,28,376,331,707,5,10,15,722
11360,72,2756,16,17,33,184,195,379,18,23,41,420
11692,72,2756,5,5,10,77,56,133,5,0,5,138
13799,72,2756,17,19,36,207,241,448,7,26,33,481
13882,72,2756,29,32,61,446,469,915,6,19,25,940
14106,72,2756,15,13,28,38,35,73,7,4,11,84
14188,72,2756,15,19,34,81,84,165,4,17,21,186
15071,72,2756,6,8,14,88,60,148,2,2,4,152
15776,72,2756,13,15,28,98,71,169,4,15,19,188
16313,72,2756,36,40,76,407,366,773,7,12,19,792
16495,72,2756,18,21,39,212,220,432,6,14,20,452
16933,72,2756,33,41,74,258,295,553,10,9,19,572
17353,72,2756,27,16,43,221,116,337,3,10,13,350
18344,72,2756,3,4,7,12,13,25,0,0,0,25
18394,72,2756,30,31,61,745,487,1232,13,34,47,1279
19844,72,2756,20,22,42,88,83,171,11,6,17,188
21350,72,2756,20,20,40,537,617,1154,8,15,23,1177
22617,72,2756,1,0,1,1,0,1,0,0,0,1
22745,72,2756,19,22,41,1047,982,2029,13,18,31,2060
22931,72,2756,13,10,23,102,93,195,5,6,11,206
23040,72,2756,7,8,15,73,82,155,0,3,3,158
23144,72,2756,24,25,49,675,723,1398,3,15,18,1416
23642,72,2756,8,8,16,32,30,62,1,1,2,64
24760,72,2756,20,29,49,298,298,596,11,32,43,639
24853,72,2756,14,16,30,120,88,208,9,17,26,234
25171,72,2756,9,14,23,36,49,85,10,38,48,133
25323,72,2756,13,15,28,110,57,167,0,1,1,168
25544,72,2756,50,45,95,193,210,403,4,6,10,413
25947,72,2756,14,12,26,99,69,168,11,4,15,183
26127,72,2756,22,18,40,93,75,168,12,18,30,198
26425,72,2756,23,11,34,64,42,106,6,11,17,123
26999,72,2756,3,0,3,3,0,3,0,0,0,3
28831,72,2756,7,11,18,218,268,486,2,6,8,494
30076,72,2756,15,16,31,96,103,199,2,5,7,206
30952,72,2756,2,0,2,2,0,2,0,0,0,2
31372,72,2756,9,6,15,46,35,81,6,6,12,93
31583,72,2756,37,38,75,188,191,379,22,57,79,458
32100,72,2756,3,2,5,3,3,6,0,0,0,6
32174,72,2756,7,11,18,47,37,84,4,9,13,97
32899,72,2756,2,2,4,11,13,24,1,0,1,25
34250,72,2756,23,29,52,89,82,171,18,16,34,205
34853,72,2756,21,20,41,358,368,726,10,13,23,749
35227,72,2756,22,25,47,756,800,1556,11,28,39,1595
36006,72,2756,2,2,4,7,4,11,0,0,0,11
36143,72,2756,26,33,59,177,145,322,37,82,119,441
36951,72,2756,32,34,66,351,347,698,7,8,15,713
37617,72,2756,7,6,13,327,242,569,1,1,2,571
38823,72,2756,26,28,54,107,100,207,4,6,10,217
38893,72,2756,5,4,9,10,9,19,3,4,7,26
38901,72,2756,19,22,41,129,117,246,1,6,7,253
38927,72,2756,14,13,27,68,54,122,2,0,2,124
39701,72,2756,19,20,39,398,398,796,4,22,26,822
39783,72,2756,11,17,28,193,181,374,13,32,45,419
40629,72,2756,32,32,64,252,254,506,6,21,27,533
40997,72,2756,41,51,92,252,320,572,8,27,35,607
44167,72,2756,33,30,63,310,283,593,9,17,26,619
44947,72,2756,11,13,24,461,481,942,3,11,14,956
44956,72,2756,8,27,35,18,31,49,1,21,22,71
45000,72,2756,9,11,20,222,198,420,0,14,14,434
45292,72,2756,7,1,8,13,8,21,0,0,0,21
45539,72,2756,16,8,24,251,215,466,2,2,4,470
45945,72,2756,14,16,30,395,386,781,9,13,22,803
46021,72,2756,20,19,39,190,169,359,10,33,43,402
46160,72,2756,25,14,39,87,72,159,1,4,5,164
46584,72,2756,9,8,17,26,17,43,1,15,16,59
46654,72,2756,24,18,42,385,300,685,26,42,68,753
46771,72,2756,29,33,62,232,210,442,25,44,69,511
48990,72,2756,8,13,21,42,25,67,14,20,34,101
49294,72,2756,21,8,29,369,303,672,2,5,7,679
49597,72,2756,7,8,15,21,13,34,0,7,7,41
50181,72,2756,11,17,28,21,18,39,13,54,67,106
50709,72,2756,16,16,32,230,136,366,6,24,30,396
50869,72,2756,28,10,38,48,22,70,2,1,3,73
50947,72,2756,21,22,43,1246,1250,2496,1,10,11,2507
51470,72,2756,42,31,73,693,294,987,3,11,14,1001
51597,72,2756,37,29,66,204,108,312,9,16,25,337
51675,72,2756,2,2,4,4,3,7,0,6,6,13
51722,72,2756,30,17,47,198,97,295,2,6,8,303
52067,72,2756,32,29,61,546,551,1097,8,5,13,1110
52385,72,2756,21,27,48,469,280,749,9,29,38,787
52635,72,2756,29,14,43,73,42,115,13,6,19,134
53275,72,2756,5,5,10,6,1,7,5,13,18,25
53884,72,2756,8,8,16,23,15,38,0,0,0,38
55594,72,2756,16,20,36,48,64,112,8,23,31,143
57637,72,2756,12,11,23,103,101,204,6,17,23,227
58909,72,2756,7,7,14,43,46,89,4,1,5,94
59367,72,2756,14,9,23,83,53,136,0,2,2,138
61280,72,2756,17,13,30,203,189,392,2,1,3,395
62560,72,2756,16,25,41,178,151,329,9,28,37,366
63063,72,2756,20,21,41,307,278,585,11,10,21,606
63188,72,2756,13,14,27,45,41,86,6,9,15,101
63757,72,2756,1,0,1,1,0,1,0,0,0,1
66245,72,2756,21,29,50,178,171,349,13,47,60,409
66754,72,2756,20,20,40,306,302,608,9,27,36,644
66991,72,2756,18,22,40,153,147,300,6,20,26,326
68494,72,2756,13,14,27,448,312,760,13,27,40,800
68533,72,2756,28,35,63,183,145,328,8,40,48,376
68633,72,2756,6,7,13,112,87,199,6,13,19,218
69065,72,2756,10,4,14,40,28,68,0,1,1,69
70889,72,2756,12,10,22,68,48,116,0,1,1,117
71187,72,2756,5,0,5,5,0,5,0,0,0,5
71518,72,2756,14,13,27,96,66,162,1,5,6,168
71627,72,2756,22,25,47,312,281,593,2,12,14,607
71700,72,2756,30,28,58,769,923,1692,38,62,100,1792
71782,72,2756,18,18,36,225,84,309,4,9,13,322
72746,72,2756,10,9,19,27,25,52,3,6,9,61
73175,72,2756,4,5,9,81,85,166,0,2,2,168
73303,72,2756,12,11,23,83,37,120,1,0,1,121
74916,72,2756,28,28,56,165,170,335,15,10,25,360
75261,72,2756,33,41,74,352,329,681,12,51,63,744
75468,72,2756,6,8,14,45,51,96,3,14,17,113
76313,72,2756,24,25,49,200,260,460,2,12,14,474
77023,72,2756,12,14,26,127,133,260,0,0,0,260
77291,72,2756,15,15,30,489,449,938,2,5,7,945
77824,72,2756,21,17,38,81,70,151,2,5,7,158
78062,72,2756,13,12,25,364,371,735,3,8,11,746
78638,72,2756,29,25,54,482,472,954,5,22,27,981
78911,72,2756,12,11,23,126,137,263,3,8,11,274
78966,72,2756,28,30,58,742,145,887,6,9,15,902
79877,72,2756,16,15,31,85,60,145,15,10,25,170
80058,72,2756,26,27,53,70,55,125,3,11,14,139
80193,72,2756,27,30,57,630,583,1213,12,43,55,1268
82060,72,2756,15,23,38,166,154,320,22,49,71,391
84215,72,2756,7,10,17,281,256,537,3,6,9,546
84472,72,2756,37,31,68,447,158,605,9,12,21,626
84841,72,2756,21,22,43,153,141,294,48,40,88,382
85596,72,2756,12,15,27,220,225,445,1,13,14,459
85970,72,2756,23,23,46,314,380,694,2,22,24,718
86009,72,2756,9,10,19,34,38,72,2,7,9,81
86237,72,2756,6,8,14,39,49,88,0,1,1,89
86352,72,2756,9,9,18,36,40,76,4,4,8,84
86610,72,2756,19,22,41,275,248,523,29,113,142,665
86727,72,2756,13,12,25,347,305,652,8,1,9,661
88133,72,2756,28,15,43,187,94,281,10,7,17,298
88175,72,2756,8,8,16,47,38,85,1,2,3,88
89827,72,2756,16,14,30,166,112,278,12,5,17,295
10060,73,2757,7,6,13,1005,965,1970,7,13,20,1990
10281,73,2757,15,18,33,421,330,751,11,19,30,781
10353,73,2757,1,1,2,5,0,5,0,1,1,6
10841,73,2757,9,11,20,64,62,126,4,5,9,135
11023,73,2757,12,16,28,159,155,314,6,8,14,328
11360,73,2757,18,16,34,240,235,475,18,33,51,526
11692,73,2757,6,8,14,125,119,244,1,3,4,248
13799,73,2757,12,13,25,141,163,304,6,27,33,337
13882,73,2757,28,31,59,315,334,649,4,4,8,657
14106,73,2757,10,6,16,21,22,43,7,17,24,67
14188,73,2757,11,12,23,136,144,280,2,8,10,290
15071,73,2757,6,5,11,43,32,75,7,3,10,85
15776,73,2757,13,14,27,117,95,212,7,9,16,228
16313,73,2757,39,41,80,433,315,748,12,20,32,780
16495,73,2757,20,25,45,410,403,813,17,43,60,873
16933,73,2757,30,31,61,288,267,555,4,11,15,570
17353,73,2757,11,11,22,160,78,238,2,11,13,251
18344,73,2757,9,11,20,35,36,71,2,5,7,78
18394,73,2757,26,22,48,383,234,617,5,8,13,630
18420,73,2757,5,8,13,2,2,4,7,9,16,20
19844,73,2757,12,13,25,60,53,113,3,7,10,123
21350,73,2757,13,20,33,345,444,789,5,50,55,844
22617,73,2757,2,1,3,2,1,3,0,0,0,3
22745,73,2757,17,15,32,380,360,740,2,6,8,748
22931,73,2757,17,9,26,137,100,237,1,2,3,240
23040,73,2757,9,6,15,41,42,83,5,4,9,92
23144,73,2757,29,30,59,604,668,1272,3,16,19,1291
23642,73,2757,6,7,13,17,20,37,1,0,1,38
24760,73,2757,20,23,43,254,266,520,11,17,28,548
24853,73,2757,16,15,31,112,66,178,3,4,7,185
25171,73,2757,14,15,29,109,98,207,2,13,15,222
25323,73,2757,14,12,26,106,46,152,0,2,2,154
25544,73,2757,26,30,56,139,150,289,1,8,9,298
25947,73,2757,17,17,34,105,89,194,7,8,15,209
26127,73,2757,18,21,39,83,91,174,14,23,37,211
26425,73,2757,8,7,15,18,18,36,1,5,6,42
26999,73,2757,6,4,10,20,19,39,3,4,7,46
28831,73,2757,8,12,20,309,350,659,4,10,14,673
30076,73,2757,21,21,42,110,121,231,2,2,4,235
30952,73,2757,15,27,42,55,71,126,2,3,5,131
31372,73,2757,10,13,23,81,70,151,3,13,16,167
31583,73,2757,31,36,67,154,132,286,15,35,50,336
32100,73,2757,2,2,4,0,0,0,3,4,7,7
32174,73,2757,18,17,35,101,91,192,16,13,29,221
32899,73,2757,8,11,19,21,16,37,3,23,26,63
34250,73,2757,14,14,28,36,34,70,23,15,38,108
34853,73,2757,15,19,34,382,359,741,10,18,28,769
36006,73,2757,1,2,3,3,3,6,1,1,2,8
36143,73,2757,33,31,64,389,288,677,40,67,107,784
36951,73,2757,28,30,58,296,271,567,7,9,16,583
37617,73,2757,18,20,38,187,116,303,6,11,17,320
38823,73,2757,21,23,44,64,70,134,3,3,6,140
38893,73,2757,7,5,12,29,13,42,6,4,10,52
38901,73,2757,21,21,42,213,164,377,3,9,12,389
38927,73,2757,21,22,43,155,135,290,1,5,6,296
39701,73,2757,27,31,58,349,380,729,8,30,38,767
39783,73,2757,15,18,33,252,225,477,23,38,61,538
40629,73,2757,24,28,52,155,141,296,2,15,17,313
40997,73,2757,12,13,25,144,184,328,6,46,52,380
44167,73,2757,39,48,87,303,335,638,9,18,27,665
44520,73,2757,5,5,10,23,22,45,1,2,3,48
44947,73,2757,11,8,19,223,233,456,1,3,4,460
44956,73,2757,13,26,39,51,53,104,2,32,34,138
45000,73,2757,9,16,25,94,85,179,0,16,16,195
45292,73,2757,6,3,9,11,4,15,0,0,0,15
45539,73,2757,17,12,29,244,211,455,5,6,11,466
45945,73,2757,14,16,30,417,404,821,1,11,12,833
46021,73,2757,14,14,28,320,253,573,7,22,29,602
46160,73,2757,16,12,28,116,32,148,0,7,7,155
46584,73,2757,10,9,19,83,65,148,4,11,15,163
46654,73,2757,16,16,32,302,262,564,38,44,82,646
46771,73,2757,31,34,65,151,140,291,12,25,37,328
48187,73,2757,3,6,9,0,0,0,5,9,14,14
48990,73,2757,10,7,17,44,34,78,5,7,12,90
49294,73,2757,12,9,21,305,297,602,4,3,7,609
49597,73,2757,5,4,9,15,10,25,1,1,2,27
50181,73,2757,6,11,17,33,33,66,4,12,16,82
50709,73,2757,16,18,34,250,106,356,5,15,20,376
50869,73,2757,18,17,35,49,52,101,1,2,3,104
50947,73,2757,28,32,60,1293,1232,2525,3,26,29,2554
51102,73,2757,2,0,2,11,0,11,0,0,0,11
51470,73,2757,12,10,22,98,43,141,0,2,2,143
51597,73,2757,22,35,57,92,74,166,5,28,33,199
51675,73,2757,3,5,8,38,35,73,2,8,10,83
51722,73,2757,16,18,34,69,40,109,3,12,15,124
52067,73,2757,21,19,40,344,321,665,4,12,16,681
52385,73,2757,28,34,62,437,268,705,3,27,30,735
52635,73,2757,13,15,28,104,67,171,16,34,50,221
53275,73,2757,8,9,17,35,36,71,13,46,59,130
53884,73,2757,12,13,25,114,88,202,0,3,3,205
55594,73,2757,11,15,26,32,34,66,5,19,24,90
57637,73,2757,9,10,19,75,76,151,8,6,14,165
58909,73,2757,19,19,38,98,103,201,0,2,2,203
59367,73,2757,15,10,25,54,32,86,11,17,28,114
60482,73,2757,6,9,15,14,17,31,5,7,12,43
60830,73,2757,1,0,1,2,0,2,0,0,0,2
61280,73,2757,5,4,9,10,7,17,0,1,1,18
62555,73,2757,0,1,1,0,0,0,0,1,1,1
62560,73,2757,21,24,45,117,114,231,3,25,28,259
63063,73,2757,13,12,25,177,149,326,6,5,11,337
63188,73,2757,19,17,36,144,126,270,8,10,18,288
63757,73,2757,3,5,8,1,1,2,2,6,8,10
66052,73,2757,8,7,15,16,8,24,7,17,24,48
66245,73,2757,25,28,53,141,113,254,15,38,53,307
66754,73,2757,19,20,39,213,228,441,2,6,8,449
66991,73,2757,33,38,71,228,219,447,3,20,23,470
67947,73,2757,1,0,1,1,0,1,0,0,0,1
68494,73,2757,19,22,41,154,129,283,14,50,64,347
68533,73,2757,22,27,49,111,92,203,7,18,25,228
68633,73,2757,7,8,15,132,99,231,6,17,23,254
69065,73,2757,1,0,1,1,0,1,0,0,0,1
70889,73,2757,15,13,28,79,78,157,0,0,0,157
71518,73,2757,14,13,27,47,40,87,0,2,2,89
71627,73,2757,26,33,59,205,190,395,6,27,33,428
71700,73,2757,29,32,61,405,466,871,29,39,68,939
71782,73,2757,20,22,42,379,168,547,12,44,56,603
72746,73,2757,16,16,32,83,81,164,10,5,15,179
73175,73,2757,11,7,18,93,88,181,1,1,2,183
73303,73,2757,7,9,16,53,42,95,1,4,5,100
74916,73,2757,19,19,38,215,205,420,7,7,14,434
75178,73,2757,2,2,4,4,4,8,0,1,1,9
75261,73,2757,30,31,61,334,279,613,10,49,59,672
75468,73,2757,11,14,25,225,250,475,7,25,32,507
76313,73,2757,32,34,66,196,223,419,3,13,16,435
77023,73,2757,12,11,23,113,108,221,6,4,10,231
77291,73,2757,6,0,6,8,0,8,0,0,0,8
78062,73,2757,10,14,24,377,378,755,5,5,10,765
78638,73,2757,20,18,38,386,366,752,6,11,17,769
78911,73,2757,11,12,23,65,62,127,2,3,5,132
78966,73,2757,2,3,5,0,0,0,3,6,9,9
79877,73,2757,29,28,57,205,159,364,27,11,38,402
80058,73,2757,25,22,47,84,57,141,6,6,12,153
80193,73,2757,24,20,44,716,709,1425,13,29,42,1467
82060,73,2757,14,10,24,73,41,114,34,54,88,202
82282,73,2757,6,5,11,17,20,37,1,0,1,38
84215,73,2757,14,16,30,293,244,537,2,7,9,546
84841,73,2757,19,14,33,92,64,156,32,24,56,212
85596,73,2757,19,19,38,257,245,502,5,16,21,523
85970,73,2757,32,34,66,416,467,883,2,17,19,902
86009,73,2757,14,20,34,43,50,93,5,19,24,117
86237,73,2757,6,7,13,35,34,69,0,1,1,70
86352,73,2757,8,9,17,16,20,36,13,10,23,59
86610,73,2757,19,22,41,179,150,329,58,90,148,477
86727,73,2757,9,10,19,517,458,975,1,3,4,979
88133,73,2757,14,12,26,156,131,287,6,7,13,300
88175,73,2757,13,13,26,121,79,200,2,10,12,212
89827,73,2757,15,15,30,134,86,220,14,12,26,246
10060,74,2758,8,8,16,1174,1159,2333,1,2,3,2336
10281,74,2758,13,17,30,495,448,943,9,16,25,968
10353,74,2758,2,0,2,9,0,9,0,0,0,9
10841,74,2758,17,21,38,81,89,170,16,15,31,201
11023,74,2758,11,12,23,86,84,170,9,7,16,186
11360,74,2758,19,17,36,178,171,349,19,37,56,405
11692,74,2758,13,16,29,180,185,365,7,4,11,376
13799,74,2758,17,18,35,292,323,615,7,23,30,645
13882,74,2758,14,15,29,47,52,99,8,6,14,113
14106,74,2758,3,2,5,11,1,12,0,1,1,13
14188,74,2758,10,14,24,110,128,238,4,16,20,258
15071,74,2758,8,9,17,83,64,147,3,13,16,163
15776,74,2758,12,17,29,171,160,331,4,13,17,348
16313,74,2758,29,26,55,163,136,299,6,18,24,323
16495,74,2758,22,25,47,274,287,561,4,16,20,581
16933,74,2758,27,30,57,310,308,618,4,8,12,630
17353,74,2758,14,15,29,138,80,218,9,22,31,249
18344,74,2758,18,21,39,121,105,226,4,5,9,235
18394,74,2758,18,25,43,300,162,462,2,10,12,474
18420,74,2758,10,14,24,14,27,41,12,12,24,65
19844,74,2758,18,22,40,92,81,173,3,14,17,190
21350,74,2758,16,17,33,335,428,763,21,77,98,861
22617,74,2758,4,3,7,6,4,10,0,0,0,10
22745,74,2758,12,15,27,386,374,760,2,16,18,778
22931,74,2758,16,11,27,168,140,308,0,2,2,310
23040,74,2758,7,10,17,47,46,93,0,4,4,97
23144,74,2758,30,27,57,329,311,640,8,11,19,659
23642,74,2758,15,15,30,140,138,278,8,13,21,299
24760,74,2758,30,35,65,277,291,568,10,19,29,597
24853,74,2758,22,22,44,107,77,184,4,13,17,201
25171,74,2758,14,13,27,71,36,107,8,24,32,139
25323,74,2758,18,21,39,288,119,407,0,9,9,416
25544,74,2758,45,46,91,238,246,484,6,15,21,505
25947,74,2758,15,16,31,99,88,187,8,12,20,207
26127,74,2758,22,22,44,103,89,192,6,23,29,221
26425,74,2758,7,6,13,10,9,19,1,2,3,22
26999,74,2758,16,13,29,88,79,167,14,45,59,226
28831,74,2758,10,12,22,422,483,905,4,9,13,918
30076,74,2758,19,23,42,160,191,351,1,2,3,354
30952,74,2758,23,22,45,124,138,262,6,11,17,279
31372,74,2758,8,9,17,81,73,154,2,6,8,162
31583,74,2758,38,41,79,398,385,783,9,16,25,808
32100,74,2758,4,7,11,0,0,0,9,14,23,23
32174,74,2758,19,17,36,71,62,133,6,11,17,150
32899,74,2758,3,8,11,0,0,0,3,19,22,22
34250,74,2758,18,16,34,50,46,96,10,11,21,117
34853,74,2758,25,22,47,275,241,516,8,14,22,538
36006,74,2758,5,4,9,32,30,62,4,0,4,66
36143,74,2758,26,26,52,459,390,849,34,73,107,956
36951,74,2758,22,21,43,136,128,264,3,6,9,273
37617,74,2758,31,31,62,310,183,493,7,13,20,513
38823,74,2758,17,18,35,97,97,194,7,3,10,204
38893,74,2758,3,4,7,0,0,0,8,10,18,18
38901,74,2758,31,33,64,407,332,739,4,7,11,750
38927,74,2758,19,18,37,193,169,362,0,4,4,366
39701,74,2758,23,21,44,176,183,359,3,17,20,379
39783,74,2758,14,16,30,115,128,243,16,22,38,281
40629,74,2758,30,31,61,153,140,293,7,16,23,316
40997,74,2758,17,22,39,72,127,199,7,43,50,249
44167,74,2758,70,72,142,746,782,1528,25,73,98,1626
44520,74,2758,9,9,18,131,126,257,3,8,11,268
44947,74,2758,6,7,13,173,183,356,0,0,0,356
44956,74,2758,17,28,45,65,81,146,1,36,37,183
45000,74,2758,9,10,19,82,71,153,0,6,6,159
45292,74,2758,4,1,5,7,2,9,0,0,0,9
45539,74,2758,13,10,23,289,238,527,3,7,10,537
45945,74,2758,11,8,19,191,172,363,3,6,9,372
46021,74,2758,12,13,25,423,382,805,10,27,37,842
46160,74,2758,15,16,31,79,80,159,0,5,5,164
46584,74,2758,22,28,50,115,87,202,7,34,41,243
46654,74,2758,18,15,33,248,228,476,54,86,140,616
46771,74,2758,24,30,54,90,85,175,5,28,33,208
48187,74,2758,7,9,16,0,0,0,12,23,35,35
48990,74,2758,9,11,20,49,49,98,8,17,25,123
49294,74,2758,9,8,17,237,308,545,0,6,6,551
49597,74,2758,7,6,13,16,14,30,0,1,1,31
50181,74,2758,9,9,18,23,21,44,4,6,10,54
50709,74,2758,14,23,37,265,150,415,3,39,42,457
50869,74,2758,17,19,36,177,156,333,0,10,10,343
50947,74,2758,21,26,47,778,775,1553,4,16,20,1573
51597,74,2758,31,42,73,207,207,414,2,36,38,452
51675,74,2758,4,6,10,72,61,133,0,21,21,154
51722,74,2758,15,14,29,109,85,194,2,2,4,198
52067,74,2758,25,25,50,236,176,412,11,8,19,431
52385,74,2758,14,15,29,132,102,234,0,8,8,242
52441,74,2758,2,2,4,5,3,8,0,0,0,8
52635,74,2758,12,13,25,33,33,66,4,8,12,78
53275,74,2758,9,19,28,36,19,55,11,39,50,105
53884,74,2758,7,7,14,26,23,49,2,3,5,54
55594,74,2758,20,17,37,101,82,183,7,13,20,203
57637,74,2758,13,14,27,136,132,268,4,9,13,281
58909,74,2758,12,16,28,111,115,226,0,7,7,233
59367,74,2758,19,9,28,77,48,125,4,8,12,137
60482,74,2758,17,19,36,107,92,199,6,15,21,220
60830,74,2758,12,12,24,40,39,79,3,8,11,90
61280,74,2758,9,5,14,24,16,40,0,0,0,40
62555,74,2758,13,18,31,29,33,62,11,37,48,110
62560,74,2758,27,27,54,273,259,532,10,32,42,574
63063,74,2758,18,16,34,174,143,317,12,6,18,335
63188,74,2758,17,17,34,348,283,631,8,15,23,654
63757,74,2758,9,8,17,16,12,28,5,10,15,43
66052,74,2758,23,38,61,141,118,259,17,79,96,355
66245,74,2758,29,28,57,143,123,266,9,14,23,289
66754,74,2758,21,21,42,302,324,626,6,7,13,639
66991,74,2758,29,32,61,180,199,379,5,24,29,408
67947,74,2758,27,28,55,104,106,210,3,11,14,224
68494,74,2758,12,16,28,136,121,257,7,17,24,281
68533,74,2758,20,21,41,90,81,171,3,20,23,194
68633,74,2758,11,11,22,63,50,113,12,16,28,141
70889,74,2758,24,20,44,169,167,336,0,0,0,336
71187,74,2758,2,0,2,2,0,2,0,0,0,2
71518,74,2758,20,20,40,122,122,244,4,19,23,267
71627,74,2758,43,42,85,255,238,493,6,28,34,527
71700,74,2758,20,22,42,436,520,956,18,26,44,1000
71782,74,2758,21,22,43,247,90,337,5,31,36,373
72746,74,2758,9,9,18,56,42,98,2,0,2,100
73175,74,2758,6,7,13,29,34,63,1,2,3,66
73303,74,2758,13,12,25,61,40,101,5,9,14,115
74916,74,2758,34,38,72,337,319,656,6,17,23,679
75178,74,2758,3,2,5,22,22,44,2,5,7,51
75261,74,2758,27,27,54,348,330,678,4,16,20,698
75468,74,2758,10,15,25,49,45,94,5,19,24,118
76313,74,2758,20,18,38,147,111,258,4,14,18,276
77023,74,2758,14,20,34,115,111,226,2,31,33,259
77291,74,2758,6,1,7,9,1,10,0,0,0,10
78062,74,2758,13,10,23,314,306,620,0,0,0,620
78638,74,2758,19,16,35,593,586,1179,2,38,40,1219
78911,74,2758,11,11,22,169,139,308,3,2,5,313
78966,74,2758,1,8,9,0,0,0,1,14,15,15
79877,74,2758,29,27,56,262,155,417,6,11,17,434
80058,74,2758,26,25,51,103,104,207,4,4,8,215
80193,74,2758,37,33,70,509,431,940,13,64,77,1017
82060,74,2758,15,16,31,165,157,322,17,22,39,361
82282,74,2758,6,10,16,67,74,141,0,9,9,150
84215,74,2758,16,17,33,303,282,585,12,6,18,603
84841,74,2758,26,28,54,154,151,305,21,31,52,357
85596,74,2758,23,25,48,485,475,960,11,21,32,992
85970,74,2758,34,34,68,421,487,908,9,23,32,940
86009,74,2758,9,11,20,32,35,67,2,15,17,84
86237,74,2758,5,5,10,31,25,56,2,1,3,59
86352,74,2758,15,21,36,46,48,94,8,30,38,132
86610,74,2758,23,25,48,188,198,386,12,42,54,440
86727,74,2758,9,9,18,278,264,542,0,0,0,542
88133,74,2758,14,13,27,246,211,457,3,5,8,465
88175,74,2758,14,17,31,269,114,383,1,10,11,394
89827,74,2758,8,11,19,59,42,101,1,16,17,118
10060,75,2759,10,10,20,899,881,1780,2,6,8,1788
10281,75,2759,6,9,15,385,342,727,3,18,21,748
10353,75,2759,2,0,2,6,0,6,0,0,0,6
10841,75,2759,18,21,39,61,63,124,15,24,39,163
11023,75,2759,12,9,21,210,199,409,7,13,20,429
11360,75,2759,14,13,27,127,122,249,16,38,54,303
11692,75,2759,14,12,26,122,141,263,8,4,12,275
13799,75,2759,15,13,28,89,111,200,3,6,9,209
13882,75,2759,7,10,17,18,24,42,3,7,10,52
14106,75,2759,7,6,13,14,3,17,1,5,6,23
14188,75,2759,14,15,29,97,107,204,4,14,18,222
15071,75,2759,7,5,12,513,541,1054,6,2,8,1062
15776,75,2759,14,14,28,130,96,226,6,10,16,242
16313,75,2759,32,28,60,203,163,366,7,27,34,400
16495,75,2759,11,6,17,38,26,64,0,0,0,64
17353,75,2759,13,15,28,239,170,409,4,15,19,428
18344,75,2759,20,21,41,168,139,307,7,9,16,323
18420,75,2759,6,7,13,1,2,3,8,7,15,18
19844,75,2759,21,17,38,64,44,108,8,1,9,117
21350,75,2759,11,13,24,207,289,496,5,29,34,530
22745,75,2759,18,17,35,379,354,733,7,3,10,743
22931,75,2759,14,9,23,201,152,353,1,0,1,354
23040,75,2759,11,10,21,119,130,249,2,2,4,253
23144,75,2759,23,19,42,221,206,427,8,6,14,441
23642,75,2759,12,13,25,105,116,221,2,14,16,237
24760,75,2759,24,23,47,445,445,890,7,25,32,922
24853,75,2759,18,23,41,117,83,200,1,11,12,212
25171,75,2759,1,0,1,0,0,0,2,0,2,2
25323,75,2759,16,16,32,287,100,387,2,2,4,391
25544,75,2759,40,46,86,274,295,569,2,26,28,597
25947,75,2759,12,13,25,81,73,154,9,20,29,183
26127,75,2759,22,20,42,71,64,135,8,26,34,169
26425,75,2759,9,8,17,25,24,49,1,6,7,56
26999,75,2759,7,6,13,148,145,293,5,18,23,316
28831,75,2759,13,16,29,307,335,642,5,12,17,659
30076,75,2759,20,20,40,91,85,176,3,11,14,190
30952,75,2759,20,22,42,250,203,453,4,2,6,459
31372,75,2759,7,10,17,60,56,116,5,6,11,127
31583,75,2759,33,35,68,259,270,529,4,11,15,544
32100,75,2759,7,5,12,6,5,11,10,5,15,26
32174,75,2759,17,16,33,75,56,131,6,16,22,153
32899,75,2759,4,7,11,2,1,3,4,17,21,24
34250,75,2759,20,15,35,47,36,83,11,8,19,102
34853,75,2759,36,38,74,361,400,761,11,22,33,794
36006,75,2759,6,4,10,53,56,109,2,0,2,111
36143,75,2759,25,26,51,335,230,565,38,105,143,708
36951,75,2759,18,21,39,58,51,109,2,10,12,121
37617,75,2759,26,24,50,298,195,493,7,6,13,506
38823,75,2759,16,14,30,85,83,168,1,1,2,170
38893,75,2759,6,4,10,13,10,23,2,9,11,34
38901,75,2759,25,20,45,494,375,869,3,3,6,875
38927,75,2759,25,23,48,140,131,271,5,11,16,287
39701,75,2759,16,19,35,62,82,144,4,21,25,169
39783,75,2759,16,15,31,113,118,231,8,27,35,266
40629,75,2759,22,20,42,99,88,187,6,9,15,202
40997,75,2759,19,22,41,73,96,169,6,43,49,218
44167,75,2759,55,51,106,493,493,986,10,14,24,1010
44520,75,2759,9,11,20,37,49,86,10,8,18,104
44947,75,2759,14,8,22,54,57,111,3,0,3,114
44956,75,2759,31,36,67,123,151,274,4,10,14,288
45000,75,2759,13,14,27,85,73,158,1,6,7,165
45292,75,2759,4,0,4,5,0,5,0,0,0,5
45539,75,2759,15,11,26,196,146,342,1,5,6,348
45945,75,2759,9,8,17,133,117,250,3,5,8,258
46021,75,2759,12,9,21,256,228,484,8,8,16,500
46160,75,2759,15,14,29,98,88,186,2,5,7,193
46584,75,2759,23,25,48,127,89,216,5,33,38,254
46654,75,2759,24,18,42,277,222,499,35,78,113,612
46771,75,2759,17,18,35,105,89,194,2,18,20,214
48187,75,2759,7,7,14,0,0,0,8,15,23,23
48990,75,2759,16,13,29,50,39,89,11,13,24,113
49294,75,2759,13,13,26,400,412,812,1,10,11,823
49597,75,2759,8,7,15,23,16,39,2,1,3,42
50181,75,2759,12,9,21,27,20,47,6,8,14,61
50709,75,2759,17,18,35,325,117,442,5,17,22,464
50869,75,2759,26,25,51,160,156,316,5,8,13,329
50947,75,2759,25,26,51,595,630,1225,6,14,20,1245
51597,75,2759,27,32,59,178,132,310,5,30,35,345
51675,75,2759,6,8,14,11,9,20,1,25,26,46
51722,75,2759,12,10,22,43,36,79,1,0,1,80
52067,75,2759,24,23,47,233,197,430,8,17,25,455
52385,75,2759,18,22,40,125,111,236,3,21,24,260
52635,75,2759,10,11,21,26,21,47,4,6,10,57
53275,75,2759,7,12,19,14,5,19,5,38,43,62
53884,75,2759,10,15,25,39,33,72,0,3,3,75
55594,75,2759,19,18,37,151,140,291,6,20,26,317
57637,75,2759,15,14,29,90,75,165,6,11,17,182
58909,75,2759,14,15,29,165,144,309,5,20,25,334
59367,75,2759,16,8,24,96,70,166,4,10,14,180
60482,75,2759,17,16,33,70,61,131,6,11,17,148
60830,75,2759,10,8,18,42,56,98,6,5,11,109
61280,75,2759,5,2,7,18,10,28,0,0,0,28
62555,75,2759,10,14,24,16,11,27,13,29,42,69
62560,75,2759,22,32,54,176,190,366,7,28,35,401
63063,75,2759,29,29,58,374,324,698,5,11,16,714
63188,75,2759,26,29,55,404,383,787,11,11,22,809
63757,75,2759,7,5,12,15,12,27,2,9,11,38
66052,75,2759,40,47,87,127,101,228,21,105,126,354
66245,75,2759,27,28,55,145,134,279,9,25,34,313
66404,75,2759,18,16,34,36,30,66,0,2,2,68
66754,75,2759,12,9,21,67,67,134,4,7,11,145
66991,75,2759,35,36,71,267,274,541,22,28,50,591
67947,75,2759,18,15,33,80,104,184,0,4,4,188
68494,75,2759,9,10,19,19,14,33,5,20,25,58
68533,75,2759,23,24,47,168,146,314,4,12,16,330
68633,75,2759,7,5,12,14,8,22,12,14,26,48
70889,75,2759,15,13,28,121,126,247,1,0,1,248
71518,75,2759,11,10,21,74,67,141,4,10,14,155
71627,75,2759,35,37,72,337,347,684,8,29,37,721
71700,75,2759,20,19,39,374,427,801,18,41,59,860
71782,75,2759,19,19,38,250,121,371,6,22,28,399
73175,75,2759,8,5,13,34,33,67,1,1,2,69
73303,75,2759,14,9,23,27,18,45,9,7,16,61
74916,75,2759,27,24,51,226,227,453,9,9,18,471
75178,75,2759,7,4,11,28,19,47,8,3,11,58
75261,75,2759,48,44,92,360,339,699,16,31,47,746
75468,75,2759,11,10,21,58,47,105,5,15,20,125
76313,75,2759,24,23,47,143,109,252,4,19,23,275
77023,75,2759,12,11,23,50,54,104,4,6,10,114
78062,75,2759,14,11,25,262,272,534,4,1,5,539
78638,75,2759,25,25,50,488,496,984,20,34,54,1038
78911,75,2759,10,10,20,89,82,171,1,3,4,175
78966,75,2759,1,11,12,0,0,0,1,15,16,16
79877,75,2759,35,34,69,146,113,259,8,15,23,282
80058,75,2759,33,28,61,93,87,180,5,3,8,188
80193,75,2759,1,1,2,3,1,4,0,0,0,4
82060,75,2759,11,10,21,102,84,186,11,16,27,213
82282,75,2759,9,6,15,41,45,86,2,5,7,93
84215,75,2759,18,17,35,315,293,608,4,6,10,618
84841,75,2759,26,22,48,129,106,235,16,29,45,280
85596,75,2759,20,21,41,389,389,778,10,29,39,817
85970,75,2759,27,31,58,368,447,815,4,22,26,841
86009,75,2759,14,16,30,65,66,131,6,14,20,151
86237,75,2759,5,8,13,14,11,25,0,5,5,30
86352,75,2759,17,20,37,60,51,111,11,22,33,144
86610,75,2759,21,21,42,148,164,312,9,28,37,349
86727,75,2759,17,14,31,222,217,439,7,4,11,450
88133,75,2759,15,19,34,120,111,231,4,12,16,247
88175,75,2759,10,8,18,111,54,165,5,3,8,173
89827,75,2759,8,9,17,48,34,82,4,8,12,94
10060,76,2760,12,8,20,1287,1256,2543,1,0,1,2544
10281,76,2760,11,13,24,462,407,869,4,20,24,893
10353,76,2760,2,0,2,3,0,3,0,0,0,3
10841,76,2760,20,20,40,74,63,137,12,25,37,174
11023,76,2760,12,13,25,176,195,371,3,7,10,381
11360,76,2760,11,17,28,91,79,170,7,26,33,203
11692,76,2760,12,11,23,241,235,476,11,7,18,494
13799,76,2760,17,15,32,179,200,379,5,19,24,403
13882,76,2760,8,6,14,58,55,113,0,3,3,116
14106,76,2760,7,7,14,34,21,55,3,10,13,68
14188,76,2760,14,15,29,127,120,247,3,10,13,260
15071,76,2760,5,6,11,227,224,451,8,7,15,466
15776,76,2760,9,16,25,71,50,121,3,15,18,139
16313,76,2760,32,30,62,189,174,363,7,13,20,383
16495,76,2760,18,15,33,120,113,233,7,7,14,247
16933,76,2760,1,0,1,4,0,4,0,0,0,4
17353,76,2760,10,11,21,184,141,325,2,11,13,338
18344,76,2760,18,18,36,151,131,282,2,1,3,285
18420,76,2760,8,8,16,13,13,26,6,5,11,37
19844,76,2760,21,21,42,69,72,141,4,7,11,152
21350,76,2760,15,17,32,344,435,779,13,61,74,853
22617,76,2760,3,0,3,5,0,5,0,0,0,5
22745,76,2760,11,13,24,254,247,501,2,4,6,507
22931,76,2760,22,14,36,215,168,383,3,3,6,389
23040,76,2760,10,11,21,101,103,204,0,2,2,206
23144,76,2760,33,33,66,283,246,529,7,20,27,556
23642,76,2760,12,11,23,100,111,211,3,10,13,224
24760,76,2760,20,23,43,330,328,658,7,13,20,678
24853,76,2760,22,24,46,84,57,141,1,13,14,155
25323,76,2760,12,15,27,267,86,353,2,13,15,368
25494,76,2760,9,7,16,21,20,41,5,5,10,51
25544,76,2760,49,59,108,244,274,518,6,19,25,543
25947,76,2760,15,11,26,100,90,190,8,12,20,210
26127,76,2760,9,9,18,53,33,86,3,6,9,95
26425,76,2760,7,7,14,56,60,116,0,1,1,117
26999,76,2760,6,9,15,133,109,242,13,32,45,287
28831,76,2760,8,9,17,224,264,488,4,9,13,501
30076,76,2760,22,21,43,102,97,199,1,3,4,203
30952,76,2760,23,22,45,224,148,372,2,3,5,377
31372,76,2760,9,9,18,40,40,80,6,8,14,94
31583,76,2760,31,32,63,354,327,681,8,18,26,707
32174,76,2760,17,23,40,138,127,265,7,24,31,296
32899,76,2760,7,8,15,12,9,21,0,14,14,35
34250,76,2760,11,15,26,37,38,75,4,18,22,97
34853,76,2760,5,5,10,36,34,70,1,0,1,71
36006,76,2760,5,5,10,52,45,97,3,0,3,100
36143,76,2760,24,24,48,429,292,721,38,94,132,853
36951,76,2760,20,16,36,78,70,148,7,2,9,157
37617,76,2760,24,26,50,341,200,541,3,15,18,559
38823,76,2760,14,19,33,75,79,154,2,12,14,168
38893,76,2760,3,5,8,0,0,0,4,9,13,13
38901,76,2760,26,25,51,496,407,903,2,2,4,907
38927,76,2760,17,19,36,134,140,274,1,10,11,285
39701,76,2760,23,26,49,134,140,274,0,12,12,286
39783,76,2760,23,23,46,137,139,276,14,37,51,327
40629,76,2760,28,25,53,158,144,302,1,14,15,317
40997,76,2760,26,27,53,105,135,240,5,49,54,294
44167,76,2760,58,65,123,471,458,929,6,38,44,973
44520,76,2760,11,15,26,63,79,142,4,12,16,158
44947,76,2760,17,19,36,201,195,396,0,4,4,400
44956,76,2760,17,20,37,88,120,208,1,2,3,211
45000,76,2760,5,6,11,72,66,138,6,6,12,150
45539,76,2760,16,9,25,193,155,348,10,4,14,362
45945,76,2760,15,12,27,187,157,344,6,14,20,364
46021,76,2760,14,15,29,238,179,417,3,5,8,425
46160,76,2760,15,16,31,82,82,164,0,1,1,165
46584,76,2760,28,27,55,162,129,291,10,34,44,335
46654,76,2760,15,16,31,202,171,373,41,80,121,494
46771,76,2760,28,29,57,116,99,215,10,25,35,250
48187,76,2760,7,15,22,0,0,0,9,24,33,33
48990,76,2760,11,9,20,43,39,82,9,13,22,104
49294,76,2760,8,7,15,342,378,720,7,10,17,737
49597,76,2760,9,9,18,58,48,106,1,4,5,111
50181,76,2760,8,9,17,17,13,30,1,7,8,38
50709,76,2760,13,16,29,283,155,438,9,29,38,476
50869,76,2760,22,22,44,170,147,317,6,2,8,325
50947,76,2760,29,37,66,651,726,1377,5,25,30,1407
51597,76,2760,35,41,76,230,185,415,11,32,43,458
51675,76,2760,5,6,11,39,42,81,0,16,16,97
51722,76,2760,11,7,18,35,19,54,0,2,2,56
52067,76,2760,27,27,54,457,426,883,8,7,15,898
52385,76,2760,19,20,39,223,178,401,1,4,5,406
52635,76,2760,5,8,13,17,12,29,3,8,11,40
53275,76,2760,10,14,24,16,12,28,12,21,33,61
53884,76,2760,16,17,33,76,72,148,0,6,6,154
55594,76,2760,15,22,37,149,123,272,15,37,52,324
57637,76,2760,19,18,37,91,102,193,10,19,29,222
58909,76,2760,10,12,22,100,114,214,3,12,15,229
59367,76,2760,11,14,25,75,69,144,5,8,13,157
60482,76,2760,25,23,48,70,50,120,3,15,18,138
60830,76,2760,11,11,22,77,75,152,6,1,7,159
61280,76,2760,6,1,7,8,1,9,0,0,0,9
62555,76,2760,13,12,25,24,12,36,3,12,15,51
62560,76,2760,20,24,44,158,151,309,8,18,26,335
63063,76,2760,31,32,63,320,283,603,11,15,26,629
63188,76,2760,34,50,84,508,449,957,16,20,36,993
63757,76,2760,10,6,16,17,8,25,2,9,11,36
66052,76,2760,34,41,75,156,123,279,25,79,104,383
66245,76,2760,23,29,52,123,116,239,9,33,42,281
66404,76,2760,26,29,55,123,100,223,2,6,8,231
66754,76,2760,9,9,18,55,56,111,1,3,4,115
66991,76,2760,28,32,60,197,202,399,7,22,29,428
67947,76,2760,37,45,82,172,181,353,7,31,38,391
68494,76,2760,3,1,4,3,0,3,1,2,3,6
68533,76,2760,32,31,63,167,153,320,8,20,28,348
68633,76,2760,8,9,17,52,42,94,14,17,31,125
70889,76,2760,12,12,24,141,136,277,2,5,7,284
71518,76,2760,8,12,20,57,53,110,8,23,31,141
71627,76,2760,29,37,66,339,362,701,10,26,36,737
71700,76,2760,27,30,57,374,442,816,17,23,40,856
71782,76,2760,16,22,38,227,101,328,12,35,47,375
73175,76,2760,9,5,14,39,50,89,1,2,3,92
73303,76,2760,8,8,16,26,30,56,3,3,6,62
74916,76,2760,23,19,42,66,59,125,8,18,26,151
75178,76,2760,5,3,8,7,6,13,3,3,6,19
75261,76,2760,17,23,40,47,43,90,6,40,46,136
75468,76,2760,11,12,23,45,52,97,2,26,28,125
76313,76,2760,21,22,43,130,118,248,4,13,17,265
77023,76,2760,11,14,25,52,45,97,2,15,17,114
77291,76,2760,4,1,5,6,2,8,0,0,0,8
78062,76,2760,12,11,23,279,290,569,3,1,4,573
78638,76,2760,18,22,40,478,493,971,6,11,17,988
78911,76,2760,14,11,25,111,118,229,4,5,9,238
78966,76,2760,3,4,7,0,0,0,3,5,8,8
79877,76,2760,27,29,56,84,64,148,5,16,21,169
80058,76,2760,36,33,69,180,159,339,9,14,23,362
80193,76,2760,31,32,63,537,555,1092,18,86,104,1196
82060,76,2760,12,16,28,147,137,284,22,23,45,329
82282,76,2760,8,6,14,34,26,60,1,4,5,65
84215,76,2760,2,2,4,9,10,19,0,0,0,19
84841,76,2760,20,19,39,217,227,444,21,24,45,489
85596,76,2760,21,21,42,358,402,760,11,27,38,798
85970,76,2760,27,27,54,427,538,965,9,11,20,985
86009,76,2760,15,13,28,75,67,142,2,17,19,161
86237,76,2760,4,6,10,8,14,22,1,1,2,24
86352,76,2760,17,22,39,53,53,106,9,34,43,149
86610,76,2760,18,20,38,180,179,359,11,43,54,413
86727,76,2760,8,9,17,308,284,592,0,4,4,596
88133,76,2760,15,18,33,163,140,303,6,10,16,319
89827,76,2760,9,8,17,68,39,107,1,6,7,114
10060,77,2761,14,11,25,1243,1212,2455,0,6,6,2461
10281,77,2761,12,14,26,460,387,847,5,15,20,867
10353,77,2761,1,0,1,1,0,1,0,0,0,1
10841,77,2761,15,18,33,67,70,137,12,25,37,174
11023,77,2761,13,13,26,230,219,449,10,26,36,485
11692,77,2761,15,11,26,232,240,472,16,10,26,498
13799,77,2761,12,14,26,272,285,557,7,26,33,590
13882,77,2761,14,16,30,60,55,115,1,8,9,124
14106,77,2761,6,6,12,19,9,28,0,6,6,34
14188,77,2761,12,15,27,115,112,227,0,17,17,244
15071,77,2761,8,7,15,264,258,522,10,5,15,537
15776,77,2761,15,15,30,109,84,193,5,17,22,215
16313,77,2761,38,33,71,207,161,368,6,17,23,391
16495,77,2761,22,27,49,175,167,342,1,28,29,371
16933,77,2761,20,22,42,104,93,197,3,19,22,219
17353,77,2761,18,18,36,169,126,295,1,11,12,307
18344,77,2761,17,20,37,111,103,214,1,6,7,221
18420,77,2761,7,16,23,7,3,10,10,29,39,49
19844,77,2761,21,23,44,70,51,121,8,7,15,136
21350,77,2761,11,13,24,262,311,573,8,28,36,609
22617,77,2761,3,0,3,3,0,3,0,0,0,3
22745,77,2761,16,14,30,355,341,696,4,11,15,711
22931,77,2761,21,9,30,101,43,144,0,4,4,148
23040,77,2761,11,12,23,149,153,302,2,4,6,308
23144,77,2761,31,38,69,279,304,583,5,17,22,605
23642,77,2761,14,13,27,127,127,254,5,7,12,266
24760,77,2761,25,27,52,144,139,283,3,16,19,302
24853,77,2761,19,18,37,133,93,226,4,7,11,237
25323,77,2761,15,16,31,290,108,398,2,6,8,406
25544,77,2761,36,42,78,169,195,364,7,18,25,389
25947,77,2761,15,14,29,104,57,161,5,14,19,180
26425,77,2761,7,7,14,51,60,111,1,2,3,114
26999,77,2761,5,5,10,118,107,225,1,10,11,236
28831,77,2761,6,12,18,139,158,297,1,11,12,309
30076,77,2761,20,25,45,95,114,209,1,4,5,214
30952,77,2761,16,19,35,148,112,260,3,3,6,266
31372,77,2761,6,8,14,71,67,138,1,6,7,145
31583,77,2761,27,35,62,305,297,602,8,19,27,629
32100,77,2761,6,4,10,3,0,3,8,7,15,18
32174,77,2761,17,16,33,91,71,162,10,10,20,182
32899,77,2761,6,7,13,15,18,33,2,12,14,47
34250,77,2761,12,15,27,42,44,86,9,15,24,110
34853,77,2761,28,25,53,195,183,378,8,23,31,409
36006,77,2761,7,7,14,68,56,124,3,2,5,129
36143,77,2761,31,25,56,410,251,661,16,21,37,698
36951,77,2761,18,18,36,72,66,138,1,7,8,146
37617,77,2761,16,14,30,305,195,500,7,9,16,516
38823,77,2761,16,18,34,82,101,183,3,4,7,190
38893,77,2761,6,9,15,18,17,35,6,19,25,60
38901,77,2761,31,31,62,487,401,888,2,5,7,895
38927,77,2761,25,24,49,298,284,582,3,2,5,587
39701,77,2761,22,22,44,195,216,411,3,21,24,435
39783,77,2761,19,18,37,112,140,252,9,21,30,282
40629,77,2761,34,35,69,220,199,419,7,9,16,435
40997,77,2761,20,21,41,181,90,271,11,37,48,319
44167,77,2761,59,58,117,592,564,1156,15,41,56,1212
44520,77,2761,8,8,16,20,27,47,7,12,19,66
44947,77,2761,12,14,26,426,409,835,2,4,6,841
44956,77,2761,17,17,34,97,110,207,3,7,10,217
45000,77,2761,14,16,30,106,97,203,7,11,18,221
45539,77,2761,13,11,24,232,203,435,9,7,16,451
45945,77,2761,17,15,32,277,261,538,5,9,14,552
46021,77,2761,16,15,31,248,193,441,4,9,13,454
46160,77,2761,15,16,31,112,85,197,4,5,9,206
46584,77,2761,28,27,55,179,131,310,7,33,40,350
46654,77,2761,15,11,26,185,154,339,36,81,117,456
46771,77,2761,24,27,51,96,65,161,4,18,22,183
48187,77,2761,5,10,15,0,0,0,7,18,25,25
48990,77,2761,6,8,14,55,55,110,2,8,10,120
49294,77,2761,11,10,21,489,472,961,4,11,15,976
49597,77,2761,8,10,18,32,25,57,0,7,7,64
50181,77,2761,8,6,14,11,10,21,5,5,10,31
50709,77,2761,18,20,38,272,143,415,7,14,21,436
50869,77,2761,21,20,41,158,121,279,3,6,9,288
50947,77,2761,27,31,58,840,883,1723,2,15,17,1740
51597,77,2761,42,42,84,182,158,340,5,29,34,374
51675,77,2761,3,6,9,32,27,59,1,26,27,86
51722,77,2761,16,12,28,53,36,89,5,6,11,100
52067,77,2761,31,31,62,379,282,661,4,6,10,671
52385,77,2761,19,22,41,227,174,401,3,14,17,418
52635,77,2761,7,5,12,20,16,36,0,6,6,42
53275,77,2761,15,14,29,90,90,180,10,18,28,208
53884,77,2761,13,15,28,82,69,151,0,2,2,153
55594,77,2761,20,20,40,90,71,161,6,21,27,188
57637,77,2761,12,17,29,102,110,212,4,6,10,222
58909,77,2761,13,14,27,116,131,247,3,21,24,271
59367,77,2761,12,12,24,57,46,103,6,7,13,116
60482,77,2761,16,18,34,94,71,165,7,13,20,185
60830,77,2761,12,12,24,63,88,151,2,2,4,155
61280,77,2761,3,1,4,4,1,5,0,0,0,5
62555,77,2761,18,16,34,36,23,59,2,15,17,76
62560,77,2761,26,30,56,248,226,474,9,15,24,498
63063,77,2761,22,23,45,338,292,630,2,6,8,638
63188,77,2761,23,32,55,158,164,322,15,20,35,357
63757,77,2761,7,6,13,45,40,85,1,8,9,94
66052,77,2761,28,34,62,117,96,213,11,62,73,286
66245,77,2761,31,32,63,167,140,307,7,17,24,331
66404,77,2761,24,26,50,130,63,193,4,7,11,204
66754,77,2761,13,14,27,131,123,254,4,8,12,266
66991,77,2761,28,30,58,187,210,397,7,17,24,421
67947,77,2761,32,30,62,157,205,362,3,16,19,381
68533,77,2761,21,23,44,170,155,325,5,15,20,345
68633,77,2761,11,10,21,70,48,118,11,15,26,144
69065,77,2761,17,18,35,188,180,368,3,10,13,381
70889,77,2761,8,6,14,46,42,88,1,8,9,97
71518,77,2761,15,17,32,65,56,121,1,10,11,132
71627,77,2761,45,49,94,282,287,569,6,32,38,607
71700,77,2761,29,31,60,539,603,1142,22,40,62,1204
71782,77,2761,21,21,42,351,140,491,12,15,27,518
73175,77,2761,10,8,18,87,89,176,0,4,4,180
73303,77,2761,13,15,28,55,46,101,3,6,9,110
74916,77,2761,18,19,37,64,67,131,13,20,33,164
75178,77,2761,7,4,11,11,9,20,5,1,6,26
75261,77,2761,31,33,64,297,275,572,14,22,36,608
75468,77,2761,11,12,23,58,52,110,8,19,27,137
76313,77,2761,17,15,32,116,60,176,2,2,4,180
77023,77,2761,11,13,24,157,168,325,4,16,20,345
78062,77,2761,10,11,21,292,311,603,2,3,5,608
78638,77,2761,22,19,41,530,547,1077,1,6,7,1084
78911,77,2761,16,16,32,172,179,351,3,12,15,366
78966,77,2761,2,7,9,0,0,0,2,8,10,10
79877,77,2761,39,39,78,212,168,380,10,20,30,410
80058,77,2761,35,36,71,149,132,281,5,7,12,293
80193,77,2761,31,27,58,524,495,1019,13,134,147,1166
82060,77,2761,21,20,41,173,144,317,20,17,37,354
82282,77,2761,9,11,20,36,41,77,0,5,5,82
84841,77,2761,25,27,52,283,286,569,11,31,42,611
85596,77,2761,21,19,40,364,347,711,9,18,27,738
85970,77,2761,29,28,57,394,439,833,5,21,26,859
86009,77,2761,15,13,28,50,52,102,2,12,14,116
86237,77,2761,5,7,12,22,20,42,1,9,10,52
86352,77,2761,19,17,36,51,43,94,15,9,24,118
86610,77,2761,18,19,37,191,198,389,6,38,44,433
86727,77,2761,11,10,21,275,256,531,2,1,3,534
88133,77,2761,11,13,24,92,70,162,4,6,10,172
88175,77,2761,6,0,6,96,0,96,0,0,0,96
89827,77,2761,7,8,15,29,21,50,0,1,1,51
10060,78,2762,8,8,16,1121,1086,2207,3,2,5,2212
10281,78,2762,11,14,25,470,408,878,2,15,17,895
10841,78,2762,14,15,29,80,70,150,3,13,16,166
11023,78,2762,19,27,46,181,172,353,12,27,39,392
11692,78,2762,12,22,34,175,178,353,14,27,41,394
13799,78,2762,15,15,30,133,141,274,5,10,15,289
13882,78,2762,20,21,41,97,97,194,3,4,7,201
14106,78,2762,11,10,21,14,11,25,4,3,7,32
14188,78,2762,10,13,23,75,78,153,3,25,28,181
15071,78,2762,9,7,16,517,463,980,3,1,4,984
15776,78,2762,16,20,36,123,106,229,11,22,33,262
16313,78,2762,27,27,54,184,153,337,2,12,14,351
16495,78,2762,22,28,50,209,211,420,5,10,15,435
16933,78,2762,20,22,42,137,111,248,2,12,14,262
17353,78,2762,12,18,30,106,77,183,2,15,17,200
18344,78,2762,17,15,32,83,66,149,4,5,9,158
18420,78,2762,8,13,21,7,7,14,9,14,23,37
19844,78,2762,24,26,50,67,41,108,5,17,22,130
21350,78,2762,20,24,44,327,391,718,7,53,60,778
22617,78,2762,1,1,2,1,1,2,0,0,0,2
22745,78,2762,13,13,26,583,533,1116,2,3,5,1121
22931,78,2762,17,14,31,179,166,345,0,0,0,345
23040,78,2762,8,10,18,70,82,152,2,10,12,164
23144,78,2762,23,26,49,190,171,361,2,6,8,369
23642,78,2762,9,7,16,159,184,343,8,4,12,355
24760,78,2762,20,28,48,354,379,733,4,27,31,764
24853,78,2762,19,19,38,102,73,175,2,10,12,187
25323,78,2762,16,13,29,442,128,570,5,7,12,582
25544,78,2762,61,97,158,235,280,515,3,20,23,538
25947,78,2762,16,16,32,94,73,167,5,20,25,192
26425,78,2762,7,5,12,46,50,96,0,1,1,97
26999,78,2762,7,5,12,144,120,264,9,20,29,293
28831,78,2762,10,11,21,196,229,425,4,11,15,440
30076,78,2762,20,17,37,74,76,150,2,3,5,155
30952,78,2762,13,10,23,125,89,214,0,1,1,215
31372,78,2762,14,14,28,79,78,157,3,16,19,176
31583,78,2762,35,40,75,391,352,743,4,17,21,764
32100,78,2762,3,2,5,0,0,0,4,4,8,8
32174,78,2762,15,16,31,75,63,138,6,12,18,156
32899,78,2762,5,8,13,8,6,14,2,12,14,28
34250,78,2762,18,15,33,64,60,124,13,10,23,147
34853,78,2762,31,38,69,309,338,647,9,36,45,692
36006,78,2762,7,6,13,52,46,98,5,0,5,103
36143,78,2762,27,23,50,369,266,635,30,56,86,721
36951,78,2762,26,23,49,123,97,220,2,4,6,226
37617,78,2762,18,18,36,347,239,586,7,25,32,618
38823,78,2762,24,23,47,236,258,494,4,4,8,502
38893,78,2762,5,8,13,66,60,126,3,8,11,137
38901,78,2762,25,24,49,389,305,694,2,4,6,700
38927,78,2762,23,22,45,261,284,545,2,3,5,550
39701,78,2762,18,18,36,270,288,558,2,12,14,572
39783,78,2762,16,18,34,126,156,282,17,32,49,331
40629,78,2762,37,38,75,138,123,261,10,20,30,291
40997,78,2762,27,36,63,183,102,285,10,49,59,344
44167,78,2762,50,48,98,352,355,707,11,26,37,744
44520,78,2762,7,11,18,74,89,163,10,23,33,196
44947,78,2762,13,12,25,520,503,1023,1,7,8,1031
44956,78,2762,22,22,44,121,143,264,1,1,2,266
45000,78,2762,10,12,22,91,87,178,1,5,6,184
45539,78,2762,11,7,18,138,96,234,5,9,14,248
45945,78,2762,14,15,29,350,342,692,5,26,31,723
46021,78,2762,13,13,26,214,170,384,3,12,15,399
46160,78,2762,13,16,29,112,105,217,4,12,16,233
46584,78,2762,26,27,53,125,108,233,7,41,48,281
46654,78,2762,18,20,38,219,189,408,30,80,110,518
46771,78,2762,23,24,47,103,79,182,3,12,15,197
48187,78,2762,4,3,7,0,0,0,5,4,9,9
48990,78,2762,9,9,18,45,46,91,6,8,14,105
49294,78,2762,6,9,15,271,324,595,4,13,17,612
49597,78,2762,6,5,11,9,2,11,0,3,3,14
50181,78,2762,7,7,14,19,13,32,1,5,6,38
50709,78,2762,22,27,49,385,233,618,4,26,30,648
50869,78,2762,22,22,44,174,109,283,3,10,13,296
50947,78,2762,32,37,69,667,709,1376,0,8,8,1384
51597,78,2762,31,37,68,189,186,375,3,17,20,395
51675,78,2762,5,7,12,27,26,53,1,24,25,78
51722,78,2762,16,14,30,61,42,103,6,9,15,118
52067,78,2762,30,31,61,264,193,457,8,11,19,476
52385,78,2762,18,23,41,185,142,327,1,17,18,345
52441,78,2762,9,2,11,9,2,11,0,0,0,11
52635,78,2762,10,12,22,70,38,108,10,31,41,149
53275,78,2762,12,15,27,37,30,67,5,25,30,97
53884,78,2762,9,10,19,28,26,54,1,5,6,60
55594,78,2762,21,22,43,153,145,298,8,20,28,326
57637,78,2762,21,22,43,108,99,207,7,15,22,229
58909,78,2762,19,19,38,165,151,316,4,27,31,347
59367,78,2762,9,8,17,51,37,88,5,5,10,98
60482,78,2762,19,22,41,142,128,270,15,23,38,308
60830,78,2762,2,3,5,2,3,5,0,1,1,6
61280,78,2762,1,1,2,1,1,2,0,0,0,2
62555,78,2762,10,17,27,29,23,52,3,30,33,85
62560,78,2762,22,22,44,133,132,265,8,15,23,288
63063,78,2762,24,26,50,248,213,461,7,12,19,480
63188,78,2762,17,17,34,110,102,212,5,13,18,230
63757,78,2762,10,10,20,26,21,47,2,8,10,57
66052,78,2762,29,35,64,157,114,271,14,96,110,381
66245,78,2762,28,33,61,191,186,377,16,37,53,430
66404,78,2762,15,17,32,65,47,112,1,1,2,114
66754,78,2762,11,11,22,222,223,445,0,7,7,452
66991,78,2762,30,32,62,264,282,546,8,21,29,575
67947,78,2762,36,39,75,154,196,350,5,28,33,383
68494,78,2762,32,36,68,343,313,656,18,56,74,730
68533,78,2762,25,23,48,122,97,219,4,12,16,235
68633,78,2762,10,11,21,70,45,115,14,12,26,141
69065,78,2762,26,26,52,320,277,597,5,14,19,616
70889,78,2762,19,17,36,148,141,289,0,0,0,289
71518,78,2762,10,9,19,42,34,76,0,11,11,87
71627,78,2762,35,37,72,239,244,483,10,36,46,529
71700,78,2762,30,30,60,298,321,619,8,34,42,661
71782,78,2762,21,29,50,298,228,526,6,53,59,585
73175,78,2762,3,4,7,21,36,57,0,1,1,58
73303,78,2762,10,8,18,46,42,88,3,3,6,94
74916,78,2762,10,11,21,32,40,72,6,12,18,90
75178,78,2762,8,6,14,36,30,66,11,2,13,79
75261,78,2762,25,24,49,103,92,195,7,40,47,242
75468,78,2762,7,9,16,17,15,32,4,12,16,48
76313,78,2762,20,21,41,146,118,264,2,16,18,282
77023,78,2762,12,14,26,66,84,150,2,6,8,158
78062,78,2762,11,7,18,234,252,486,3,0,3,489
78638,78,2762,27,30,57,583,632,1215,4,18,22,1237
78911,78,2762,14,17,31,126,147,273,2,6,8,281
78966,78,2762,1,6,7,0,0,0,1,13,14,14
79877,78,2762,28,29,57,128,104,232,12,18,30,262
80058,78,2762,31,29,60,127,96,223,5,9,14,237
80193,78,2762,19,25,44,378,433,811,14,80,94,905
82060,78,2762,16,18,34,118,101,219,9,15,24,243
82282,78,2762,4,4,8,20,18,38,0,7,7,45
84215,78,2762,2,0,2,2,0,2,0,0,0,2
84841,78,2762,24,21,45,154,145,299,15,23,38,337
85596,78,2762,20,19,39,424,436,860,8,25,33,893
85970,78,2762,34,33,67,434,496,930,3,18,21,951
86009,78,2762,16,17,33,84,90,174,10,35,45,219
86237,78,2762,2,5,7,9,15,24,0,7,7,31
86352,78,2762,17,24,41,42,43,85,5,18,23,108
86610,78,2762,23,22,45,167,151,318,9,35,44,362
86727,78,2762,11,10,21,196,184,380,1,0,1,381
88133,78,2762,12,11,23,76,81,157,5,3,8,165
88175,78,2762,19,21,40,250,149,399,4,21,25,424
89827,78,2762,10,9,19,44,25,69,4,3,7,76
10060,79,2763,8,8,16,1165,1132,2297,2,1,3,2300
10281,79,2763,9,11,20,590,485,1075,2,8,10,1085
10841,79,2763,19,20,39,113,110,223,20,16,36,259
11023,79,2763,13,18,31,191,201,392,6,15,21,413
11692,79,2763,14,15,29,233,240,473,23,14,37,510
13799,79,2763,15,15,30,187,190,377,9,16,25,402
13882,79,2763,10,14,24,23,30,53,6,6,12,65
14106,79,2763,7,6,13,12,5,17,3,5,8,25
14188,79,2763,10,9,19,52,42,94,5,9,14,108
15071,79,2763,9,8,17,238,250,488,16,27,43,531
15776,79,2763,15,17,32,83,66,149,8,19,27,176
16313,79,2763,31,31,62,203,183,386,9,15,24,410
16495,79,2763,20,20,40,268,277,545,6,11,17,562
16933,79,2763,24,26,50,111,98,209,13,19,32,241
17353,79,2763,12,15,27,163,93,256,4,11,15,271
18344,79,2763,12,19,31,127,109,236,2,16,18,254
18420,79,2763,12,12,24,21,26,47,11,17,28,75
19844,79,2763,13,12,25,69,44,113,2,12,14,127
21350,79,2763,13,14,27,297,362,659,12,57,69,728
22617,79,2763,1,1,2,1,1,2,0,0,0,2
22745,79,2763,13,13,26,576,524,1100,6,6,12,1112
22931,79,2763,22,13,35,142,92,234,3,3,6,240
23040,79,2763,10,11,21,107,114,221,0,5,5,226
23144,79,2763,31,35,66,307,298,605,9,19,28,633
23642,79,2763,8,9,17,91,106,197,1,3,4,201
24760,79,2763,31,36,67,255,262,517,7,30,37,554
24853,79,2763,20,20,40,98,73,171,4,18,22,193
25323,79,2763,13,18,31,297,138,435,1,12,13,448
25544,79,2763,48,54,102,195,208,403,3,13,16,419
25947,79,2763,14,15,29,70,53,123,3,20,23,146
26425,79,2763,9,7,16,35,38,73,1,3,4,77
26999,79,2763,7,5,12,190,172,362,3,13,16,378
28831,79,2763,12,15,27,231,265,496,1,16,17,513
30076,79,2763,22,26,48,117,136,253,3,6,9,262
30952,79,2763,20,23,43,198,168,366,2,6,8,374
31372,79,2763,9,12,21,75,68,143,1,8,9,152
31583,79,2763,33,35,68,351,345,696,3,8,11,707
32100,79,2763,5,7,12,0,0,0,8,10,18,18
32174,79,2763,13,15,28,62,45,107,8,8,16,123
32899,79,2763,9,7,16,11,5,16,2,13,15,31
34250,79,2763,16,17,33,62,56,118,7,16,23,141
34853,79,2763,27,32,59,299,317,616,14,28,42,658
36006,79,2763,5,5,10,41,41,82,1,0,1,83
36143,79,2763,18,18,36,279,160,439,38,85,123,562
36951,79,2763,30,32,62,167,147,314,11,19,30,344
37617,79,2763,23,24,47,300,207,507,14,30,44,551
38823,79,2763,17,16,33,147,150,297,3,8,11,308
38893,79,2763,14,14,28,103,88,191,3,5,8,199
38901,79,2763,29,33,62,395,325,720,2,13,15,735
38927,79,2763,19,19,38,156,142,298,0,4,4,302
39701,79,2763,27,28,55,278,290,568,9,31,40,608
39783,79,2763,14,15,29,141,154,295,8,25,33,328
40629,79,2763,30,28,58,85,74,159,10,20,30,189
40997,79,2763,22,20,42,151,91,242,6,19,25,267
41393,79,2763,10,11,21,18,16,34,1,3,4,38
44167,79,2763,49,50,99,327,303,630,9,29,38,668
44520,79,2763,10,11,21,28,29,57,4,7,11,68
44947,79,2763,10,8,18,338,329,667,2,5,7,674
44956,79,2763,7,8,15,16,12,28,0,2,2,30
45000,79,2763,10,13,23,110,118,228,2,5,7,235
45539,79,2763,12,10,22,135,109,244,4,5,9,253
45945,79,2763,10,16,26,275,256,531,11,19,30,561
46021,79,2763,18,14,32,336,233,569,11,11,22,591
46160,79,2763,12,11,23,75,53,128,2,12,14,142
46584,79,2763,33,32,65,177,133,310,13,49,62,372
46654,79,2763,23,24,47,271,211,482,29,92,121,603
46771,79,2763,29,27,56,137,101,238,8,25,33,271
48187,79,2763,5,8,13,0,0,0,9,36,45,45
48990,79,2763,7,10,17,46,37,83,6,12,18,101
49294,79,2763,9,10,19,568,550,1118,3,2,5,1123
49597,79,2763,5,4,9,6,5,11,1,1,2,13
50181,79,2763,9,7,16,12,8,20,7,7,14,34
50709,79,2763,18,20,38,346,235,581,4,23,27,608
50869,79,2763,17,20,37,146,87,233,1,4,5,238
50947,79,2763,29,32,61,463,483,946,3,25,28,974
51597,79,2763,50,62,112,242,223,465,10,49,59,524
51675,79,2763,5,6,11,13,9,22,2,30,32,54
51722,79,2763,16,13,29,76,52,128,6,2,8,136
52067,79,2763,42,43,85,193,139,332,3,5,8,340
52385,79,2763,13,15,28,113,79,192,0,12,12,204
52441,79,2763,0,1,1,0,2,2,0,0,0,2
52635,79,2763,12,8,20,26,15,41,17,15,32,73
53275,79,2763,6,12,18,13,17,30,2,35,37,67
53884,79,2763,14,14,28,49,46,95,1,9,10,105
55594,79,2763,20,26,46,81,79,160,5,23,28,188
57637,79,2763,25,26,51,146,159,305,9,8,17,322
58909,79,2763,20,21,41,106,115,221,5,11,16,237
59367,79,2763,10,10,20,68,53,121,7,10,17,138
60482,79,2763,12,18,30,59,51,110,9,18,27,137
61280,79,2763,1,0,1,2,0,2,0,0,0,2
62555,79,2763,15,22,37,31,30,61,6,31,37,98
62560,79,2763,21,25,46,201,176,377,1,22,23,400
63063,79,2763,29,27,56,207,172,379,4,4,8,387
63188,79,2763,18,20,38,228,210,438,8,11,19,457
63757,79,2763,7,8,15,12,14,26,3,10,13,39
66052,79,2763,32,41,73,183,139,322,18,89,107,429
66245,79,2763,25,32,57,194,157,351,6,39,45,396
66404,79,2763,24,26,50,135,98,233,1,5,6,239
66754,79,2763,13,15,28,217,204,421,2,16,18,439
66991,79,2763,31,34,65,132,126,258,0,5,5,263
67947,79,2763,35,42,77,168,225,393,8,33,41,434
68494,79,2763,30,39,69,451,463,914,20,58,78,992
68533,79,2763,24,23,47,117,93,210,4,18,22,232
68633,79,2763,8,10,18,31,28,59,9,4,13,72
69065,79,2763,26,25,51,413,348,761,3,9,12,773
70889,79,2763,14,13,27,86,74,160,3,3,6,166
71518,79,2763,15,12,27,63,48,111,4,5,9,120
71627,79,2763,32,33,65,228,224,452,18,48,66,518
71700,79,2763,26,27,53,390,426,816,9,15,24,840
71782,79,2763,16,17,33,148,82,230,11,13,24,254
73175,79,2763,7,8,15,23,22,45,1,2,3,48
73303,79,2763,11,11,22,39,45,84,2,0,2,86
74916,79,2763,32,20,52,107,75,182,1,3,4,186
75178,79,2763,4,2,6,10,5,15,2,0,2,17
75261,79,2763,17,17,34,59,56,115,8,24,32,147
75468,79,2763,7,8,15,21,29,50,4,16,20,70
76313,79,2763,23,21,44,120,71,191,2,14,16,207
77023,79,2763,11,16,27,90,96,186,4,22,26,212
78062,79,2763,7,7,14,173,188,361,1,0,1,362
78638,79,2763,24,29,53,448,506,954,3,20,23,977
78911,79,2763,13,14,27,111,114,225,2,14,16,241
78966,79,2763,2,4,6,0,0,0,3,6,9,9
79877,79,2763,29,32,61,162,114,276,8,13,21,297
80058,79,2763,45,46,91,247,203,450,6,2,8,458
80193,79,2763,30,24,54,508,442,950,12,102,114,1064
82060,79,2763,14,16,30,141,134,275,10,14,24,299
82282,79,2763,8,7,15,54,49,103,0,1,1,104
84215,79,2763,14,16,30,413,382,795,3,4,7,802
84841,79,2763,24,26,50,219,198,417,22,31,53,470
85596,79,2763,26,26,52,598,628,1226,16,32,48,1274
85970,79,2763,26,29,55,472,552,1024,7,13,20,1044
86009,79,2763,12,14,26,73,61,134,4,13,17,151
86237,79,2763,4,6,10,40,51,91,2,9,11,102
86352,79,2763,18,19,37,40,29,69,5,7,12,81
86610,79,2763,29,30,59,274,246,520,8,37,45,565
86727,79,2763,8,7,15,334,321,655,2,0,2,657
88133,79,2763,12,10,22,82,75,157,2,1,3,160
88175,79,2763,16,19,35,286,152,438,4,10,14,452
89827,79,2763,7,8,15,34,18,52,2,6,8,60
10060,80,2764,10,10,20,975,959,1934,1,2,3,1937
10281,80,2764,8,9,17,356,276,632,3,14,17,649
10841,80,2764,16,18,34,118,113,231,17,18,35,266
11023,80,2764,8,9,17,222,251,473,4,7,11,484
11692,80,2764,15,17,32,254,277,531,15,23,38,569
13799,80,2764,22,21,43,236,251,487,4,4,8,495
13882,80,2764,11,12,23,29,34,63,2,2,4,67
14106,80,2764,9,8,17,29,10,39,3,3,6,45
14188,80,2764,8,11,19,73,71,144,3,12,15,159
15071,80,2764,8,9,17,414,422,836,1,3,4,840
15776,80,2764,20,23,43,131,97,228,15,22,37,265
16313,80,2764,34,36,70,266,225,491,3,14,17,508
16495,80,2764,20,21,41,215,202,417,4,17,21,438
16933,80,2764,20,23,43,106,87,193,3,6,9,202
17353,80,2764,13,15,28,132,80,212,2,7,9,221
18344,80,2764,18,19,37,170,136,306,4,3,7,313
18420,80,2764,8,9,17,1,1,2,10,11,21,23
19844,80,2764,20,14,34,64,43,107,4,1,5,112
21350,80,2764,18,24,42,524,591,1115,6,63,69,1184
22617,80,2764,1,1,2,2,2,4,0,0,0,4
22745,80,2764,16,12,28,705,633,1338,10,2,12,1350
22931,80,2764,18,13,31,146,140,286,3,2,5,291
23040,80,2764,14,14,28,178,182,360,2,2,4,364
23144,80,2764,32,33,65,202,202,404,4,7,11,415
23642,80,2764,12,12,24,109,109,218,2,4,6,224
24760,80,2764,20,23,43,146,139,285,1,4,5,290
24853,80,2764,17,16,33,107,74,181,0,12,12,193
25323,80,2764,17,22,39,496,146,642,2,13,15,657
25544,80,2764,50,60,110,198,201,399,6,8,14,413
25947,80,2764,22,19,41,94,73,167,6,11,17,184
26425,80,2764,6,3,9,15,13,28,0,0,0,28
26999,80,2764,8,6,14,133,118,251,10,30,40,291
28831,80,2764,9,12,21,290,338,628,1,7,8,636
30076,80,2764,20,20,40,76,88,164,2,3,5,169
30952,80,2764,21,22,43,152,107,259,2,1,3,262
31372,80,2764,13,16,29,115,120,235,4,13,17,252
31583,80,2764,42,46,88,461,434,895,6,15,21,916
32100,80,2764,3,7,10,3,4,7,2,7,9,16
32174,80,2764,16,17,33,116,102,218,10,10,20,238
32899,80,2764,7,10,17,13,8,21,1,19,20,41
34250,80,2764,19,18,37,67,65,132,13,14,27,159
34853,80,2764,31,36,67,368,403,771,14,26,40,811
36006,80,2764,5,5,10,49,49,98,1,0,1,99
36143,80,2764,27,27,54,311,201,512,34,92,126,638
36951,80,2764,24,25,49,130,132,262,8,6,14,276
37617,80,2764,19,21,40,231,153,384,4,19,23,407
38823,80,2764,27,31,58,225,231,456,8,19,27,483
38893,80,2764,13,18,31,109,102,211,6,8,14,225
38901,80,2764,34,40,74,481,365,846,7,6,13,859
38927,80,2764,4,3,7,14,6,20,0,3,3,23
39701,80,2764,25,31,56,195,183,378,4,15,19,397
39783,80,2764,13,14,27,97,100,197,14,26,40,237
40629,80,2764,27,36,63,145,123,268,9,32,41,309
40997,80,2764,23,25,48,124,111,235,10,31,41,276
41393,80,2764,10,6,16,28,21,49,4,0,4,53
44167,80,2764,24,12,36,62,19,81,1,3,4,85
44520,80,2764,13,12,25,41,47,88,7,7,14,102
44947,80,2764,14,11,25,363,363,726,2,3,5,731
44956,80,2764,11,10,21,23,31,54,3,2,5,59
45000,80,2764,9,12,21,140,146,286,3,11,14,300
45539,80,2764,13,14,27,127,121,248,3,4,7,255
45945,80,2764,13,14,27,379,344,723,4,7,11,734
46021,80,2764,12,12,24,182,138,320,2,8,10,330
46160,80,2764,14,14,28,98,55,153,4,7,11,164
46584,80,2764,33,33,66,169,132,301,12,45,57,358
46654,80,2764,19,19,38,292,218,510,43,106,149,659
46771,80,2764,26,32,58,127,98,225,7,32,39,264
48187,80,2764,2,4,6,0,0,0,4,12,16,16
48990,80,2764,10,8,18,40,35,75,10,8,18,93
49294,80,2764,10,9,19,353,363,716,1,17,18,734
49597,80,2764,3,1,4,3,3,6,1,0,1,7
50181,80,2764,10,8,18,14,10,24,3,4,7,31
50709,80,2764,15,20,35,299,209,508,1,18,19,527
50869,80,2764,20,18,38,192,92,284,2,3,5,289
50947,80,2764,36,45,81,640,667,1307,6,29,35,1342
51597,80,2764,28,35,63,137,130,267,3,11,14,281
51675,80,2764,4,4,8,24,17,41,2,19,21,62
51722,80,2764,6,5,11,25,11,36,0,1,1,37
52067,80,2764,18,17,35,193,141,334,1,4,5,339
52385,80,2764,20,24,44,211,160,371,3,22,25,396
52635,80,2764,16,15,31,48,35,83,13,10,23,106
53275,80,2764,9,15,24,27,18,45,3,19,22,67
53884,80,2764,13,11,24,48,40,88,0,4,4,92
57637,80,2764,10,10,20,49,51,100,2,4,6,106
58909,80,2764,15,15,30,88,104,192,6,7,13,205
59367,80,2764,12,12,24,80,60,140,10,17,27,167
60482,80,2764,17,21,38,113,97,210,8,21,29,239
61280,80,2764,1,0,1,1,0,1,0,0,0,1
62555,80,2764,15,34,49,41,34,75,9,64,73,148
62560,80,2764,22,20,42,194,160,354,9,29,38,392
63063,80,2764,27,29,56,275,244,519,7,17,24,543
63188,80,2764,26,23,49,224,198,422,6,10,16,438
63757,80,2764,8,7,15,37,38,75,1,3,4,79
66052,80,2764,38,41,79,168,146,314,32,117,149,463
66245,80,2764,41,50,91,269,208,477,12,49,61,538
66404,80,2764,18,19,37,87,52,139,0,2,2,141
66754,80,2764,13,19,32,236,213,449,2,17,19,468
66991,80,2764,9,8,17,23,23,46,0,0,0,46
67947,80,2764,46,51,97,197,196,393,21,60,81,474
68494,80,2764,25,28,53,369,346,715,20,55,75,790
68533,80,2764,22,24,46,122,94,216,3,17,20,236
68633,80,2764,6,8,14,68,68,136,11,12,23,159
69065,80,2764,19,18,37,503,421,924,0,6,6,930
70889,80,2764,12,10,22,126,109,235,0,0,0,235
71518,80,2764,15,17,32,54,43,97,3,19,22,119
71627,80,2764,29,32,61,218,199,417,4,24,28,445
71700,80,2764,31,35,66,398,481,879,9,28,37,916
73175,80,2764,6,5,11,19,13,32,2,5,7,39
73303,80,2764,13,14,27,50,51,101,2,9,11,112
74916,80,2764,8,3,11,10,2,12,1,1,2,14
75178,80,2764,6,5,11,17,20,37,2,6,8,45
75261,80,2764,12,16,28,22,15,37,4,24,28,65
75468,80,2764,9,14,23,41,41,82,0,14,14,96
76313,80,2764,20,17,37,120,88,208,0,9,9,217
77023,80,2764,9,9,18,70,75,145,3,14,17,162
78062,80,2764,12,14,26,298,315,613,1,5,6,619
78638,80,2764,20,22,42,522,581,1103,7,26,33,1136
78911,80,2764,9,10,19,136,117,253,1,4,5,258
78966,80,2764,1,4,5,0,0,0,1,6,7,7
79877,80,2764,29,21,50,146,117,263,12,11,23,286
80058,80,2764,44,40,84,225,215,440,9,5,14,454
80193,80,2764,30,27,57,531,572,1103,16,65,81,1184
82060,80,2764,15,14,29,93,78,171,16,17,33,204
82282,80,2764,6,4,10,37,36,73,1,2,3,76
84215,80,2764,16,15,31,343,309,652,3,3,6,658
84841,80,2764,21,21,42,194,200,394,9,23,32,426
85596,80,2764,26,26,52,417,426,843,7,15,22,865
85970,80,2764,32,31,63,381,428,809,4,5,9,818
86009,80,2764,13,13,26,86,79,165,4,12,16,181
86237,80,2764,6,8,14,20,25,45,0,6,6,51
86352,80,2764,17,21,38,58,57,115,11,24,35,150
86610,80,2764,18,22,40,166,147,313,9,20,29,342
86727,80,2764,7,6,13,177,172,349,0,0,0,349
88133,80,2764,10,12,22,165,148,313,4,4,8,321
88175,80,2764,18,19,37,323,120,443,0,9,9,452
89827,80,2764,8,9,17,103,69,172,1,7,8,180
10060,81,2765,11,13,24,757,717,1474,7,13,20,1494
10281,81,2765,11,10,21,322,278,600,2,3,5,605
10841,81,2765,15,16,31,84,86,170,7,15,22,192
11023,81,2765,8,11,19,166,185,351,3,11,14,365
11692,81,2765,9,8,17,131,126,257,15,3,18,275
13799,81,2765,16,21,37,224,239,463,4,20,24,487
13882,81,2765,10,14,24,42,50,92,5,6,11,103
14106,81,2765,15,12,27,81,22,103,4,6,10,113
14188,81,2765,11,13,24,97,105,202,1,15,16,218
15071,81,2765,8,7,15,254,244,498,7,9,16,514
15776,81,2765,13,16,29,208,160,368,4,11,15,383
16313,81,2765,39,37,76,203,160,363,12,29,41,404
16495,81,2765,26,24,50,374,303,677,14,26,40,717
16933,81,2765,19,28,47,182,159,341,9,16,25,366
17353,81,2765,10,13,23,173,111,284,1,11,12,296
18344,81,2765,18,17,35,118,100,218,5,6,11,229
18420,81,2765,11,12,23,16,18,34,12,19,31,65
19844,81,2765,18,15,33,76,64,140,5,13,18,158
21350,81,2765,17,16,33,266,286,552,6,38,44,596
22745,81,2765,11,10,21,539,501,1040,1,6,7,1047
22931,81,2765,23,15,38,211,174,385,9,9,18,403
23040,81,2765,11,13,24,174,161,335,0,5,5,340
23144,81,2765,31,31,62,205,183,388,4,14,18,406
23642,81,2765,9,8,17,86,114,200,4,16,20,220
24760,81,2765,16,20,36,96,91,187,2,11,13,200
24853,81,2765,15,15,30,77,37,114,2,7,9,123
25323,81,2765,14,16,30,347,126,473,2,12,14,487
25544,81,2765,43,53,96,218,225,443,3,10,13,456
25947,81,2765,14,14,28,74,62,136,5,7,12,148
26127,81,2765,10,9,19,67,55,122,3,7,10,132
26425,81,2765,6,8,14,17,15,32,1,10,11,43
26999,81,2765,4,5,9,93,71,164,4,21,25,189
28831,81,2765,12,15,27,188,247,435,6,11,17,452
30076,81,2765,11,13,24,44,42,86,0,3,3,89
30952,81,2765,17,18,35,180,114,294,2,1,3,297
31372,81,2765,9,14,23,60,69,129,3,5,8,137
31583,81,2765,29,31,60,229,224,453,4,5,9,462
32100,81,2765,3,4,7,2,2,4,2,5,7,11
32174,81,2765,12,14,26,38,31,69,5,9,14,83
32899,81,2765,5,8,13,4,5,9,3,13,16,25
34250,81,2765,18,17,35,39,47,86,9,13,22,108
34853,81,2765,31,38,69,308,330,638,15,21,36,674
36006,81,2765,7,5,12,47,45,92,2,0,2,94
36143,81,2765,9,9,18,31,28,59,4,12,16,75
36951,81,2765,23,25,48,109,108,217,3,6,9,226
37617,81,2765,21,17,38,242,126,368,4,9,13,381
38823,81,2765,17,20,37,101,94,195,3,6,9,204
38893,81,2765,11,16,27,70,74,144,10,14,24,168
38901,81,2765,22,21,43,305,241,546,3,2,5,551
38927,81,2765,4,3,7,8,1,9,0,2,2,11
39701,81,2765,30,33,63,266,277,543,8,43,51,594
39783,81,2765,14,16,30,159,141,300,19,35,54,354
40629,81,2765,23,25,48,188,173,361,3,16,19,380
40997,81,2765,18,19,37,108,138,246,5,36,41,287
41393,81,2765,10,9,19,56,51,107,3,10,13,120
44167,81,2765,6,1,7,7,0,7,1,1,2,9
44520,81,2765,7,7,14,11,12,23,5,5,10,33
44947,81,2765,12,13,25,460,446,906,3,13,16,922
44956,81,2765,9,10,19,15,15,30,2,4,6,36
45000,81,2765,8,10,18,93,93,186,2,9,11,197
45539,81,2765,14,11,25,197,157,354,3,2,5,359
45945,81,2765,12,13,25,439,411,850,0,2,2,852
46021,81,2765,11,12,23,82,67,149,3,5,8,157
46160,81,2765,11,9,20,75,57,132,2,6,8,140
46584,81,2765,21,23,44,120,103,223,6,34,40,263
46654,81,2765,18,17,35,167,113,280,27,39,66,346
46771,81,2765,29,36,65,145,103,248,9,19,28,276
48187,81,2765,4,8,12,0,0,0,8,15,23,23
48990,81,2765,6,9,15,25,27,52,11,8,19,71
49294,81,2765,8,10,18,380,406,786,6,11,17,803
49597,81,2765,4,5,9,15,11,26,2,8,10,36
50181,81,2765,8,10,18,8,6,14,2,12,14,28
50709,81,2765,15,14,29,190,135,325,4,7,11,336
50869,81,2765,24,21,45,170,142,312,5,9,14,326
50947,81,2765,18,22,40,373,377,750,1,11,12,762
51597,81,2765,20,18,38,111,111,222,2,9,11,233
51675,81,2765,6,5,11,27,18,45,7,26,33,78
51722,81,2765,11,12,23,43,40,83,5,17,22,105
52067,81,2765,23,19,42,227,196,423,7,7,14,437
52385,81,2765,22,27,49,321,264,585,3,21,24,609
52635,81,2765,9,7,16,31,21,52,9,21,30,82
53275,81,2765,10,10,20,12,5,17,5,21,26,43
53884,81,2765,10,10,20,91,75,166,5,9,14,180
57637,81,2765,13,13,26,46,49,95,4,5,9,104
58909,81,2765,12,11,23,82,84,166,5,16,21,187
59367,81,2765,12,15,27,68,54,122,8,18,26,148
60482,81,2765,17,16,33,42,32,74,6,5,11,85
62555,81,2765,13,21,34,60,60,120,6,43,49,169
62560,81,2765,13,15,28,155,149,304,7,35,42,346
63063,81,2765,22,23,45,276,227,503,5,9,14,517
63188,81,2765,25,28,53,289,260,549,9,18,27,576
63757,81,2765,8,13,21,59,52,111,3,14,17,128
66052,81,2765,33,40,73,259,191,450,34,123,157,607
66245,81,2765,27,28,55,165,158,323,11,29,40,363
66404,81,2765,30,30,60,146,70,216,7,16,23,239
66754,81,2765,14,13,27,162,148,310,6,26,32,342
66991,81,2765,5,5,10,8,8,16,0,0,0,16
67947,81,2765,30,35,65,134,153,287,4,21,25,312
68494,81,2765,33,40,73,294,296,590,24,52,76,666
68533,81,2765,22,21,43,127,97,224,5,17,22,246
68633,81,2765,6,7,13,22,17,39,4,33,37,76
69065,81,2765,25,27,52,495,418,913,5,6,11,924
70889,81,2765,15,13,28,63,55,118,1,1,2,120
71187,81,2765,2,0,2,2,0,2,0,0,0,2
71518,81,2765,14,12,26,42,31,73,5,7,12,85
71627,81,2765,21,22,43,163,151,314,6,16,22,336
71700,81,2765,29,28,57,386,473,859,22,25,47,906
72746,81,2765,0,1,1,0,0,0,0,2,2,2
73175,81,2765,9,8,17,67,72,139,0,3,3,142
73303,81,2765,10,11,21,58,65,123,2,0,2,125
74916,81,2765,2,0,2,4,0,4,0,0,0,4
75178,81,2765,10,8,18,29,31,60,11,6,17,77
75261,81,2765,9,13,22,12,15,27,4,22,26,53
75468,81,2765,11,12,23,35,31,66,5,16,21,87
76313,81,2765,22,20,42,127,103,230,4,5,9,239
77023,81,2765,24,36,60,137,138,275,12,67,79,354
78062,81,2765,10,11,21,334,335,669,0,0,0,669
78911,81,2765,14,13,27,187,193,380,12,20,32,412
78966,81,2765,13,23,36,71,67,138,4,10,14,152
79877,81,2765,18,20,38,65,61,126,13,10,23,149
80058,81,2765,44,44,88,198,179,377,8,11,19,396
80193,81,2765,26,25,51,362,358,720,5,65,70,790
82060,81,2765,20,21,41,189,162,351,18,21,39,390
82282,81,2765,5,4,9,65,72,137,0,5,5,142
84215,81,2765,14,16,30,287,245,532,1,7,8,540
84841,81,2765,23,22,45,203,198,401,25,32,57,458
85596,81,2765,23,23,46,315,339,654,5,13,18,672
85970,81,2765,28,28,56,331,458,789,6,18,24,813
86009,81,2765,15,16,31,90,97,187,4,14,18,205
86237,81,2765,4,6,10,13,16,29,0,4,4,33
86352,81,2765,17,20,37,50,52,102,7,21,28,130
86610,81,2765,27,30,57,233,218,451,20,54,74,525
86727,81,2765,7,6,13,364,361,725,0,0,0,725
88133,81,2765,11,13,24,252,201,453,3,11,14,467
88175,81,2765,16,17,33,166,112,278,0,4,4,282
89827,81,2765,8,8,16,37,26,63,0,2,2,65
10060,82,2766,13,11,24,412,378,790,2,3,5,795
10281,82,2766,9,8,17,302,221,523,4,9,13,536
10841,82,2766,15,14,29,66,58,124,8,14,22,146
11023,82,2766,8,8,16,447,385,832,3,13,16,848
11692,82,2766,4,4,8,29,29,58,0,1,1,59
13799,82,2766,15,17,32,306,356,662,19,28,47,709
13882,82,2766,10,14,24,102,102,204,1,9,10,214
14106,82,2766,10,7,17,52,16,68,3,2,5,73
14188,82,2766,12,12,24,135,135,270,4,4,8,278
15071,82,2766,7,10,17,163,162,325,13,9,22,347
15776,82,2766,9,13,22,157,125,282,6,29,35,317
16313,82,2766,23,23,46,174,144,318,2,12,14,332
16495,82,2766,28,30,58,534,477,1011,4,22,26,1037
16933,82,2766,25,30,55,207,193,400,9,9,18,418
17353,82,2766,12,11,23,163,120,283,1,20,21,304
18344,82,2766,10,7,17,60,47,107,3,0,3,110
18420,82,2766,13,14,27,26,27,53,25,21,46,99
19844,82,2766,14,10,24,87,69,156,3,3,6,162
21350,82,2766,11,18,29,289,334,623,4,20,24,647
22745,82,2766,11,12,23,619,575,1194,4,1,5,1199
22931,82,2766,9,6,15,49,32,81,3,2,5,86
23040,82,2766,15,16,31,99,98,197,3,4,7,204
23144,82,2766,20,23,43,175,141,316,2,5,7,323
23642,82,2766,8,9,17,44,52,96,2,6,8,104
24760,82,2766,16,20,36,44,51,95,5,8,13,108
24853,82,2766,13,10,23,97,53,150,1,12,13,163
25323,82,2766,13,10,23,72,53,125,5,8,13,138
25544,82,2766,16,17,33,72,74,146,3,2,5,151
25947,82,2766,18,14,32,95,81,176,3,5,8,184
26127,82,2766,10,9,19,38,34,72,8,15,23,95
26999,82,2766,2,3,5,53,46,99,2,8,10,109
28831,82,2766,9,11,20,219,240,459,4,5,9,468
30076,82,2766,12,14,26,130,126,256,0,4,4,260
30952,82,2766,17,16,33,75,51,126,1,2,3,129
31372,82,2766,6,6,12,34,39,73,1,3,4,77
31583,82,2766,18,15,33,125,108,233,3,1,4,237
32174,82,2766,12,10,22,65,51,116,9,10,19,135
32899,82,2766,10,9,19,28,27,55,4,10,14,69
34250,82,2766,13,15,28,59,52,111,9,10,19,130
34853,82,2766,20,20,40,187,194,381,9,18,27,408
36006,82,2766,4,2,6,55,54,109,1,0,1,110
36951,82,2766,30,36,66,260,237,497,6,15,21,518
37617,82,2766,19,17,36,492,308,800,1,4,5,805
38823,82,2766,17,17,34,77,75,152,3,5,8,160
38893,82,2766,4,3,7,9,7,16,4,3,7,23
38901,82,2766,16,16,32,130,97,227,2,2,4,231
39701,82,2766,26,30,56,296,353,649,13,66,79,728
39783,82,2766,15,15,30,151,173,324,23,26,49,373
40629,82,2766,15,14,29,236,229,465,4,18,22,487
40997,82,2766,14,17,31,42,59,101,12,29,41,142
41393,82,2766,13,9,22,69,61,130,7,8,15,145
44167,82,2766,5,1,6,11,1,12,0,0,0,12
44520,82,2766,5,3,8,24,19,43,1,4,5,48
44947,82,2766,8,7,15,237,242,479,0,1,1,480
44956,82,2766,6,8,14,8,14,22,1,6,7,29
45000,82,2766,9,10,19,55,52,107,2,7,9,116
45539,82,2766,10,10,20,370,306,676,1,0,1,677
45945,82,2766,14,15,29,447,417,864,6,11,17,881
46021,82,2766,10,12,22,250,188,438,12,10,22,460
46160,82,2766,8,8,16,19,16,35,1,1,2,37
46584,82,2766,20,18,38,74,62,136,6,14,20,156
46654,82,2766,20,20,40,343,304,647,32,38,70,717
46771,82,2766,26,32,58,150,119,269,7,17,24,293
48187,82,2766,19,13,32,107,55,162,7,8,15,177
48990,82,2766,10,10,20,24,24,48,16,27,43,91
49294,82,2766,5,9,14,229,272,501,0,6,6,507
49597,82,2766,9,10,19,27,29,56,10,10,20,76
50181,82,2766,7,6,13,29,18,47,6,3,9,56
50709,82,2766,16,17,33,169,132,301,4,8,12,313
50869,82,2766,16,19,35,85,54,139,5,11,16,155
50947,82,2766,20,24,44,304,309,613,8,20,28,641
51597,82,2766,19,22,41,70,73,143,0,8,8,151
51675,82,2766,3,3,6,17,19,36,2,2,4,40
51722,82,2766,10,13,23,68,59,127,2,8,10,137
52067,82,2766,16,14,30,127,97,224,9,6,15,239
52385,82,2766,24,28,52,317,222,539,1,21,22,561
52635,82,2766,11,13,24,41,32,73,10,21,31,104
53275,82,2766,8,13,21,17,16,33,5,20,25,58
53884,82,2766,7,6,13,46,33,79,0,0,0,79
57637,82,2766,13,12,25,81,85,166,8,10,18,184
58909,82,2766,17,14,31,92,81,173,6,4,10,183
59367,82,2766,10,10,20,69,45,114,5,15,20,134
60482,82,2766,19,17,36,224,184,408,3,28,31,439
62555,82,2766,17,21,38,83,78,161,9,55,64,225
62560,82,2766,20,20,40,113,108,221,11,35,46,267
63063,82,2766,17,17,34,196,158,354,1,9,10,364
63188,82,2766,33,27,60,230,172,402,15,6,21,423
63757,82,2766,6,7,13,13,13,26,2,8,10,36
66052,82,2766,32,42,74,118,103,221,29,99,128,349
66245,82,2766,23,28,51,170,134,304,12,27,39,343
66404,82,2766,25,24,49,384,115,499,2,5,7,506
66754,82,2766,8,12,20,76,87,163,0,15,15,178
67947,82,2766,38,40,78,408,319,727,17,18,35,762
68494,82,2766,29,31,60,305,261,566,32,59,91,657
68533,82,2766,20,20,40,148,128,276,2,8,10,286
68633,82,2766,10,8,18,34,22,56,12,26,38,94
69065,82,2766,1,2,3,4,3,7,0,1,1,8
70889,82,2766,9,10,19,92,88,180,0,3,3,183
71518,82,2766,6,6,12,11,9,20,1,2,3,23
71627,82,2766,16,18,34,82,75,157,4,11,15,172
71700,82,2766,15,13,28,236,301,537,27,20,47,584
72746,82,2766,2,1,3,2,1,3,0,0,0,3
73175,82,2766,11,9,20,135,132,267,2,11,13,280
73303,82,2766,14,14,28,80,73,153,5,0,5,158
74916,82,2766,3,0,3,6,0,6,0,0,0,6
75178,82,2766,8,7,15,33,25,58,8,11,19,77
75261,82,2766,13,13,26,49,54,103,6,14,20,123
75468,82,2766,10,11,21,47,62,109,4,18,22,131
76313,82,2766,28,26,54,257,251,508,1,12,13,521
77023,82,2766,21,24,45,111,106,217,18,55,73,290
78062,82,2766,11,13,24,426,428,854,5,11,16,870
78911,82,2766,10,13,23,227,241,468,4,10,14,482
78966,82,2766,16,18,34,147,94,241,0,2,2,243
79877,82,2766,16,13,29,69,47,116,15,13,28,144
80058,82,2766,28,25,53,97,84,181,6,17,23,204
80193,82,2766,22,22,44,647,727,1374,5,22,27,1401
82060,82,2766,14,13,27,75,60,135,14,26,40,175
82282,82,2766,2,1,3,19,15,34,0,0,0,34
84215,82,2766,13,15,28,361,302,663,1,4,5,668
84625,82,2766,1,0,1,1,0,1,0,0,0,1
84841,82,2766,21,23,44,97,97,194,18,35,53,247
85596,82,2766,20,21,41,261,294,555,4,17,21,576
85970,82,2766,22,22,44,292,346,638,1,17,18,656
86009,82,2766,19,16,35,98,97,195,12,22,34,229
86237,82,2766,7,9,16,36,32,68,1,6,7,75
86352,82,2766,14,14,28,42,39,81,8,6,14,95
86610,82,2766,20,19,39,127,111,238,21,30,51,289
86727,82,2766,7,7,14,603,499,1102,0,4,4,1106
88133,82,2766,9,7,16,108,96,204,9,4,13,217
88175,82,2766,11,11,22,53,44,97,0,2,2,99
89827,82,2766,6,6,12,26,15,41,0,2,2,43
10060,83,2767,10,11,21,1270,1218,2488,4,6,10,2498
10281,83,2767,4,0,4,5,0,5,0,0,0,5
10841,83,2767,28,27,55,132,137,269,13,31,44,313
11023,83,2767,9,13,22,221,261,482,6,13,19,501
11692,83,2767,15,19,34,208,225,433,7,20,27,460
13799,83,2767,19,20,39,211,255,466,7,7,14,480
13882,83,2767,11,14,25,67,73,140,2,5,7,147
14106,83,2767,6,8,14,115,12,127,5,12,17,144
14188,83,2767,15,19,34,90,96,186,4,26,30,216
15071,83,2767,6,7,13,197,180,377,0,1,1,378
15776,83,2767,15,16,31,122,100,222,3,13,16,238
16313,83,2767,32,29,61,217,168,385,6,18,24,409
16495,83,2767,17,19,36,105,92,197,5,17,22,219
16933,83,2767,20,20,40,95,95,190,2,8,10,200
17353,83,2767,9,12,21,200,137,337,2,8,10,347
18344,83,2767,20,20,40,131,115,246,5,7,12,258
18420,83,2767,6,5,11,2,3,5,13,6,19,24
19066,83,2767,28,30,58,154,154,308,1,14,15,323
19844,83,2767,24,22,46,146,122,268,6,5,11,279
21350,83,2767,28,29,57,442,509,951,9,24,33,984
22745,83,2767,10,10,20,505,446,951,3,4,7,958
22931,83,2767,2,0,2,14,0,14,0,0,0,14
23040,83,2767,15,16,31,120,106,226,2,4,6,232
23144,83,2767,32,35,67,294,300,594,6,7,13,607
23642,83,2767,11,12,23,85,100,185,5,5,10,195
24760,83,2767,24,25,49,74,81,155,5,14,19,174
24853,83,2767,20,21,41,86,59,145,3,6,9,154
25323,83,2767,16,17,33,189,126,315,1,4,5,320
25544,83,2767,43,60,103,248,253,501,2,22,24,525
25947,83,2767,24,21,45,90,71,161,7,14,21,182
26127,83,2767,6,7,13,105,106,211,15,5,20,231
26999,83,2767,6,3,9,76,58,134,4,19,23,157
28831,83,2767,11,11,22,130,156,286,5,4,9,295
30076,83,2767,25,24,49,150,146,296,2,1,3,299
30952,83,2767,17,16,33,149,123,272,6,4,10,282
31372,83,2767,8,12,20,56,61,117,0,3,3,120
31583,83,2767,38,41,79,271,269,540,6,18,24,564
32100,83,2767,4,0,4,4,0,4,0,0,0,4
32174,83,2767,27,24,51,135,127,262,18,7,25,287
32899,83,2767,9,8,17,29,22,51,4,16,20,71
34250,83,2767,27,26,53,75,72,147,16,34,50,197
34853,83,2767,24,25,49,246,260,506,15,25,40,546
36006,83,2767,3,3,6,21,20,41,0,0,0,41
36951,83,2767,39,37,76,163,142,305,2,4,6,311
37617,83,2767,23,25,48,290,172,462,3,16,19,481
38823,83,2767,18,21,39,136,134,270,3,9,12,282
38893,83,2767,18,23,41,125,106,231,13,18,31,262
38901,83,2767,27,26,53,295,229,524,1,1,2,526
38927,83,2767,4,2,6,14,9,23,0,1,1,24
39701,83,2767,15,18,33,105,106,211,5,24,29,240
39783,83,2767,20,24,44,197,216,413,8,16,24,437
40629,83,2767,18,18,36,150,147,297,2,9,11,308
40997,83,2767,15,17,32,265,130,395,6,15,21,416
41393,83,2767,14,11,25,35,27,62,10,6,16,78
44520,83,2767,7,7,14,12,12,24,5,6,11,35
44947,83,2767,12,13,25,342,337,679,2,3,5,684
44956,83,2767,13,16,29,33,37,70,1,7,8,78
45000,83,2767,7,12,19,59,64,123,1,10,11,134
45539,83,2767,9,8,17,126,97,223,7,1,8,231
45945,83,2767,12,8,20,141,128,269,8,5,13,282
46021,83,2767,9,7,16,263,211,474,7,7,14,488
46160,83,2767,20,18,38,125,104,229,2,16,18,247
46584,83,2767,27,36,63,168,152,320,10,53,63,383
46654,83,2767,27,23,50,311,282,593,30,67,97,690
46771,83,2767,21,23,44,93,63,156,7,14,21,177
48187,83,2767,32,28,60,285,194,479,13,33,46,525
48990,83,2767,6,5,11,27,26,53,3,2,5,58
49294,83,2767,12,11,23,307,332,639,2,6,8,647
49597,83,2767,6,8,14,15,12,27,0,1,1,28
50181,83,2767,8,7,15,15,18,33,4,6,10,43
50709,83,2767,16,18,34,261,174,435,4,11,15,450
50869,83,2767,14,14,28,145,98,243,3,8,11,254
50947,83,2767,31,37,68,509,503,1012,5,25,30,1042
51597,83,2767,26,30,56,92,100,192,4,21,25,217
51675,83,2767,3,4,7,23,19,42,3,19,22,64
51722,83,2767,17,16,33,84,63,147,0,8,8,155
52067,83,2767,24,20,44,222,179,401,4,15,19,420
52385,83,2767,22,25,47,203,176,379,0,9,9,388
52635,83,2767,8,7,15,21,17,38,4,1,5,43
53275,83,2767,15,20,35,22,18,40,4,34,38,78
53884,83,2767,12,9,21,32,23,55,2,4,6,61
55594,83,2767,17,15,32,66,62,128,8,18,26,154
57637,83,2767,7,8,15,12,13,25,2,2,4,29
58909,83,2767,12,13,25,93,103,196,6,10,16,212
59367,83,2767,14,14,28,77,69,146,3,9,12,158
60482,83,2767,14,19,33,87,64,151,1,6,7,158
62555,83,2767,16,28,44,22,33,55,5,25,30,85
62560,83,2767,23,22,45,143,128,271,4,22,26,297
63063,83,2767,22,20,42,233,178,411,7,5,12,423
63188,83,2767,31,29,60,288,295,583,10,10,20,603
63757,83,2767,7,11,18,24,30,54,4,11,15,69
66052,83,2767,42,53,95,194,200,394,26,104,130,524
66245,83,2767,28,29,57,237,127,364,6,29,35,399
66404,83,2767,19,24,43,166,67,233,2,11,13,246
66754,83,2767,18,19,37,171,163,334,2,11,13,347
66991,83,2767,6,5,11,10,10,20,0,0,0,20
67947,83,2767,56,64,120,307,369,676,12,29,41,717
68494,83,2767,25,29,54,437,361,798,19,22,41,839
68533,83,2767,28,33,61,152,129,281,8,27,35,316
68633,83,2767,8,10,18,47,40,87,23,22,45,132
69065,83,2767,21,19,40,467,404,871,0,6,6,877
70889,83,2767,18,17,35,151,141,292,0,1,1,293
71518,83,2767,17,17,34,63,59,122,2,7,9,131
71627,83,2767,27,34,61,146,141,287,6,22,28,315
71700,83,2767,7,3,10,16,8,24,0,0,0,24
72746,83,2767,9,14,23,62,69,131,1,2,3,134
73175,83,2767,9,8,17,67,39,106,2,3,5,111
73303,83,2767,11,10,21,32,27,59,0,8,8,67
74916,83,2767,7,2,9,12,4,16,0,0,0,16
75178,83,2767,3,2,5,12,12,24,5,1,6,30
75261,83,2767,7,8,15,14,13,27,3,26,29,56
75468,83,2767,11,13,24,80,76,156,2,9,11,167
76313,83,2767,18,18,36,296,224,520,6,21,27,547
77023,83,2767,15,19,34,94,94,188,6,20,26,214
78062,83,2767,9,8,17,333,331,664,0,1,1,665
78911,83,2767,14,15,29,126,125,251,1,10,11,262
78966,83,2767,31,35,66,200,202,402,2,5,7,409
79877,83,2767,6,0,6,8,0,8,0,0,0,8
80058,83,2767,40,40,80,258,236,494,15,27,42,536
80193,83,2767,23,22,45,453,503,956,11,45,56,1012
82060,83,2767,16,17,33,174,146,320,9,8,17,337
82282,83,2767,2,0,2,3,0,3,0,0,0,3
84215,83,2767,16,18,34,383,299,682,6,4,10,692
84841,83,2767,24,26,50,225,220,445,22,35,57,502
85596,83,2767,24,27,51,419,451,870,11,22,33,903
85970,83,2767,37,38,75,430,483,913,5,14,19,932
86009,83,2767,14,16,30,80,72,152,6,16,22,174
86237,83,2767,7,7,14,62,67,129,2,3,5,134
86352,83,2767,14,16,30,34,26,60,3,10,13,73
86610,83,2767,17,17,34,199,197,396,9,29,38,434
86727,83,2767,7,8,15,253,193,446,0,2,2,448
88133,83,2767,16,15,31,82,84,166,6,7,13,179
88175,83,2767,19,20,39,220,165,385,3,4,7,392
89827,83,2767,12,11,23,56,38,94,1,7,8,102
10060,84,2768,8,8,16,1052,1002,2054,5,15,20,2074
10281,84,2768,11,19,30,385,372,757,4,19,23,780
10841,84,2768,19,20,39,127,104,231,23,35,58,289
11023,84,2768,11,11,22,96,88,184,6,24,30,214
11692,84,2768,14,11,25,212,263,475,11,5,16,491
13799,84,2768,20,24,44,184,257,441,4,9,13,454
13882,84,2768,22,21,43,100,124,224,2,1,3,227
14106,84,2768,13,12,25,178,42,220,4,11,15,235
14188,84,2768,10,15,25,51,40,91,3,17,20,111
15071,84,2768,6,9,15,146,156,302,7,1,8,310
15776,84,2768,16,18,34,126,111,237,4,14,18,255
16313,84,2768,30,34,64,200,149,349,18,21,39,388
16495,84,2768,12,16,28,175,154,329,11,29,40,369
17353,84,2768,15,14,29,224,167,391,4,23,27,418
18344,84,2768,13,16,29,225,183,408,5,12,17,425
18420,84,2768,10,8,18,1,0,1,19,18,37,38
19066,84,2768,21,21,42,128,113,241,4,22,26,267
19844,84,2768,16,14,30,52,42,94,4,3,7,101
21350,84,2768,21,23,44,294,290,584,9,44,53,637
22745,84,2768,16,19,35,418,383,801,7,8,15,816
22931,84,2768,2,0,2,7,0,7,0,0,0,7
23040,84,2768,13,13,26,140,135,275,2,1,3,278
23144,84,2768,60,70,130,271,295,566,3,8,11,577
23642,84,2768,13,11,24,108,116,224,6,8,14,238
24760,84,2768,16,14,30,37,39,76,4,7,11,87
24853,84,2768,17,15,32,56,34,90,3,7,10,100
25323,84,2768,11,10,21,80,28,108,0,0,0,108
25544,84,2768,47,50,97,385,424,809,10,38,48,857
25947,84,2768,19,17,36,72,46,118,5,24,29,147
26127,84,2768,10,10,20,109,103,212,26,17,43,255
26999,84,2768,3,3,6,95,78,173,10,34,44,217
28831,84,2768,10,12,22,230,258,488,3,17,20,508
30076,84,2768,30,36,66,120,129,249,0,7,7,256
30952,84,2768,18,17,35,122,110,232,5,1,6,238
31372,84,2768,12,18,30,82,89,171,6,18,24,195
31583,84,2768,35,35,70,254,252,506,11,20,31,537
32100,84,2768,18,16,34,109,108,217,4,11,15,232
32174,84,2768,17,23,40,93,85,178,11,29,40,218
32899,84,2768,8,9,17,40,46,86,5,15,20,106
34250,84,2768,22,26,48,63,68,131,11,9,20,151
34853,84,2768,18,17,35,109,104,213,4,13,17,230
36006,84,2768,5,4,9,20,17,37,0,0,0,37
36951,84,2768,34,37,71,187,174,361,5,12,17,378
37617,84,2768,16,19,35,284,141,425,0,17,17,442
38823,84,2768,15,17,32,71,68,139,6,9,15,154
38893,84,2768,10,13,23,53,37,90,3,6,9,99
38901,84,2768,21,24,45,221,176,397,2,7,9,406
38927,84,2768,3,2,5,8,3,11,0,1,1,12
39701,84,2768,28,29,57,146,148,294,5,43,48,342
39783,84,2768,13,15,28,99,96,195,15,32,47,242
40629,84,2768,28,26,54,194,174,368,11,15,26,394
40997,84,2768,23,34,57,176,146,322,14,48,62,384
41393,84,2768,13,12,25,39,38,77,8,29,37,114
44520,84,2768,5,7,12,14,13,27,4,13,17,44
44947,84,2768,15,16,31,310,300,610,2,8,10,620
44956,84,2768,18,19,37,40,37,77,3,23,26,103
45000,84,2768,11,11,22,73,77,150,3,8,11,161
45539,84,2768,10,8,18,162,105,267,0,5,5,272
45945,84,2768,17,15,32,331,300,631,8,6,14,645
46021,84,2768,8,9,17,309,241,550,3,9,12,562
46160,84,2768,16,17,33,85,59,144,2,13,15,159
46584,84,2768,24,25,49,106,70,176,13,55,68,244
46654,84,2768,18,19,37,221,195,416,28,79,107,523
46771,84,2768,31,34,65,166,136,302,10,29,39,341
48187,84,2768,28,27,55,278,143,421,12,37,49,470
48990,84,2768,8,7,15,50,44,94,6,10,16,110
49294,84,2768,3,5,8,325,349,674,0,5,5,679
49597,84,2768,6,4,10,10,5,15,2,1,3,18
50181,84,2768,12,20,32,42,41,83,3,12,15,98
50709,84,2768,17,15,32,274,184,458,3,10,13,471
50869,84,2768,20,20,40,165,121,286,2,3,5,291
50947,84,2768,15,18,33,574,581,1155,2,20,22,1177
51597,84,2768,21,26,47,64,49,113,8,17,25,138
51675,84,2768,6,7,13,27,25,52,4,32,36,88
51722,84,2768,11,13,24,55,48,103,1,6,7,110
52067,84,2768,24,25,49,156,113,269,8,9,17,286
52385,84,2768,12,13,25,109,85,194,1,7,8,202
52635,84,2768,13,13,26,32,17,49,16,22,38,87
53275,84,2768,9,16,25,22,17,39,5,36,41,80
53884,84,2768,16,12,28,84,72,156,2,10,12,168
55594,84,2768,19,22,41,99,85,184,16,49,65,249
58909,84,2768,15,15,30,96,85,181,3,11,14,195
59367,84,2768,12,11,23,53,50,103,9,9,18,121
60482,84,2768,15,17,32,103,94,197,13,17,30,227
62555,84,2768,11,17,28,16,18,34,2,38,40,74
62560,84,2768,21,26,47,126,112,238,8,42,50,288
63063,84,2768,20,19,39,371,266,637,5,6,11,648
63188,84,2768,19,17,36,245,191,436,9,35,44,480
63757,84,2768,4,4,8,8,9,17,0,3,3,20
66052,84,2768,33,47,80,198,179,377,23,117,140,517
66245,84,2768,17,19,36,74,57,131,1,9,10,141
66404,84,2768,17,16,33,158,88,246,6,4,10,256
66754,84,2768,17,21,38,166,158,324,6,20,26,350
66991,84,2768,1,1,2,1,1,2,0,0,0,2
67947,84,2768,30,37,67,149,150,299,6,22,28,327
68494,84,2768,21,23,44,161,187,348,10,32,42,390
68533,84,2768,33,31,64,184,146,330,8,13,21,351
68633,84,2768,5,7,12,58,57,115,20,17,37,152
69065,84,2768,21,22,43,592,474,1066,3,16,19,1085
70889,84,2768,16,13,29,96,83,179,2,5,7,186
71518,84,2768,10,12,22,72,70,142,2,15,17,159
71627,84,2768,29,36,65,302,265,567,12,30,42,609
72746,84,2768,6,10,16,31,40,71,3,3,6,77
73175,84,2768,11,11,22,62,62,124,3,6,9,133
73303,84,2768,14,15,29,101,85,186,7,4,11,197
74916,84,2768,3,1,4,4,1,5,0,0,0,5
75178,84,2768,6,3,9,18,12,30,8,5,13,43
75261,84,2768,7,9,16,13,12,25,4,19,23,48
75468,84,2768,9,10,19,34,33,67,2,4,6,73
76313,84,2768,16,16,32,128,106,234,6,13,19,253
77023,84,2768,12,21,33,47,52,99,2,40,42,141
78911,84,2768,12,14,26,225,273,498,5,21,26,524
78966,84,2768,27,26,53,314,192,506,2,5,7,513
79877,84,2768,3,0,3,7,0,7,0,0,0,7
80058,84,2768,32,32,64,399,323,722,4,7,11,733
80193,84,2768,31,24,55,635,621,1256,16,80,96,1352
82060,84,2768,13,17,30,108,83,191,21,33,54,245
84215,84,2768,15,13,28,233,196,429,1,3,4,433
84841,84,2768,21,26,47,133,106,239,11,53,64,303
85596,84,2768,18,21,39,303,342,645,6,15,21,666
85970,84,2768,26,27,53,239,263,502,2,23,25,527
86009,84,2768,13,13,26,48,46,94,15,20,35,129
86237,84,2768,3,4,7,4,6,10,0,0,0,10
86352,84,2768,22,28,50,94,110,204,4,14,18,222
86610,84,2768,20,13,33,54,38,92,4,10,14,106
86727,84,2768,11,11,22,224,179,403,1,1,2,405
88133,84,2768,11,8,19,68,52,120,4,5,9,129
88175,84,2768,16,20,36,90,65,155,2,9,11,166
89827,84,2768,5,7,12,60,32,92,3,9,12,104
10060,85,2769,12,11,23,905,862,1767,4,6,10,1777
10281,85,2769,4,5,9,498,412,910,1,2,3,913
10841,85,2769,28,47,75,138,126,264,24,54,78,342
11023,85,2769,13,18,31,198,219,417,11,28,39,456
11692,85,2769,15,19,34,259,315,574,8,8,16,590
13799,85,2769,11,13,24,49,56,105,4,18,22,127
13882,85,2769,16,16,32,61,79,140,2,3,5,145
14188,85,2769,8,13,21,54,52,106,5,17,22,128
15071,85,2769,10,10,20,183,186,369,7,18,25,394
15548,85,2769,1,3,4,40,36,76,2,2,4,80
15776,85,2769,18,23,41,131,107,238,4,17,21,259
16313,85,2769,4,4,8,13,11,24,0,0,0,24
16495,85,2769,15,14,29,158,128,286,4,9,13,299
17353,85,2769,13,14,27,183,138,321,5,8,13,334
18344,85,2769,18,20,38,123,104,227,0,4,4,231
18420,85,2769,8,6,14,4,5,9,10,4,14,23
19066,85,2769,24,29,53,164,164,328,14,31,45,373
19844,85,2769,5,0,5,9,0,9,0,0,0,9
21350,85,2769,10,13,23,100,103,203,1,3,4,207
22745,85,2769,15,19,34,579,502,1081,2,11,13,1094
23040,85,2769,10,11,21,95,83,178,0,2,2,180
23144,85,2769,44,51,95,302,314,616,8,6,14,630
23642,85,2769,8,8,16,78,88,166,2,7,9,175
24760,85,2769,13,14,27,35,34,69,10,24,34,103
24853,85,2769,22,21,43,149,104,253,2,2,4,257
25323,85,2769,1,0,1,1,0,1,0,0,0,1
25544,85,2769,19,23,42,102,101,203,7,9,16,219
25947,85,2769,20,20,40,86,66,152,6,16,22,174
26127,85,2769,14,10,24,66,80,146,42,37,79,225
26999,85,2769,1,1,2,19,25,44,0,4,4,48
28831,85,2769,13,17,30,285,328,613,4,15,19,632
30076,85,2769,18,18,36,82,84,166,2,1,3,169
30952,85,2769,27,27,54,221,169,390,6,3,9,399
31372,85,2769,8,11,19,134,145,279,2,4,6,285
31583,85,2769,34,37,71,444,411,855,7,14,21,876
32100,85,2769,14,16,30,270,272,542,11,28,39,581
32174,85,2769,23,21,44,106,91,197,16,17,33,230
32899,85,2769,9,11,20,27,22,49,4,13,17,66
34250,85,2769,18,21,39,59,59,118,12,12,24,142
34853,85,2769,1,0,1,1,0,1,0,0,0,1
36006,85,2769,6,5,11,32,30,62,2,0,2,64
36951,85,2769,24,28,52,166,158,324,4,19,23,347
37617,85,2769,36,37,73,367,249,616,7,14,21,637
38823,85,2769,14,17,31,116,128,244,3,8,11,255
38893,85,2769,11,12,23,50,43,93,2,6,8,101
38901,85,2769,27,27,54,360,294,654,2,4,6,660
38927,85,2769,3,1,4,8,0,8,0,1,1,9
39701,85,2769,27,27,54,133,140,273,7,40,47,320
39783,85,2769,21,22,43,148,153,301,15,33,48,349
40629,85,2769,28,25,53,218,184,402,4,15,19,421
40997,85,2769,1,5,6,10,14,24,0,9,9,33
41393,85,2769,12,7,19,39,27,66,4,1,5,71
44167,85,2769,2,0,2,2,0,2,0,0,0,2
44520,85,2769,7,6,13,8,6,14,3,2,5,19
44947,85,2769,14,13,27,602,586,1188,1,6,7,1195
44956,85,2769,12,18,30,41,47,88,1,11,12,100
45000,85,2769,10,10,20,152,150,302,1,6,7,309
45539,85,2769,18,15,33,95,65,160,3,6,9,169
45945,85,2769,16,19,35,209,183,392,6,36,42,434
46021,85,2769,19,15,34,264,236,500,12,23,35,535
46160,85,2769,15,20,35,68,78,146,2,9,11,157
46584,85,2769,36,39,75,194,174,368,11,52,63,431
46654,85,2769,16,18,34,203,187,390,33,84,117,507
46771,85,2769,23,31,54,108,89,197,15,49,64,261
48187,85,2769,34,28,62,301,197,498,3,23,26,524
48990,85,2769,6,4,10,11,5,16,0,0,0,16
49294,85,2769,7,7,14,312,369,681,2,6,8,689
49597,85,2769,4,3,7,10,7,17,1,1,2,19
50181,85,2769,12,11,23,25,22,47,3,3,6,53
50709,85,2769,17,18,35,320,227,547,4,15,19,566
50869,85,2769,18,19,37,207,151,358,4,10,14,372
50947,85,2769,16,19,35,375,415,790,4,15,19,809
51597,85,2769,40,49,89,129,118,247,4,33,37,284
51675,85,2769,4,5,9,11,15,26,1,31,32,58
51722,85,2769,19,14,33,69,58,127,2,1,3,130
52067,85,2769,28,21,49,201,155,356,3,5,8,364
52385,85,2769,22,25,47,136,112,248,0,9,9,257
52635,85,2769,15,11,26,32,29,61,6,8,14,75
53275,85,2769,11,20,31,22,18,40,10,43,53,93
53884,85,2769,14,16,30,72,57,129,2,12,14,143
55594,85,2769,23,23,46,108,101,209,20,26,46,255
57637,85,2769,2,3,5,4,3,7,0,3,3,10
58909,85,2769,14,16,30,89,96,185,7,7,14,199
59367,85,2769,12,15,27,52,48,100,9,19,28,128
60482,85,2769,18,20,38,108,101,209,9,18,27,236
61280,85,2769,2,0,2,2,0,2,0,0,0,2
62555,85,2769,16,24,40,36,40,76,12,35,47,123
62560,85,2769,17,19,36,150,129,279,6,18,24,303
63063,85,2769,25,22,47,418,317,735,5,7,12,747
63188,85,2769,21,22,43,139,130,269,2,3,5,274
66052,85,2769,45,54,99,214,204,418,35,123,158,576
66404,85,2769,25,23,48,130,92,222,4,5,9,231
66754,85,2769,12,14,26,214,234,448,4,17,21,469
66991,85,2769,4,3,7,6,5,11,0,0,0,11
67947,85,2769,52,51,103,277,308,585,20,21,41,626
68494,85,2769,6,0,6,7,0,7,0,0,0,7
68533,85,2769,30,36,66,134,105,239,7,21,28,267
68633,85,2769,3,5,8,31,26,57,10,8,18,75
69065,85,2769,13,16,29,427,389,816,0,6,6,822
70889,85,2769,16,15,31,86,85,171,1,7,8,179
71518,85,2769,11,11,22,106,103,209,7,22,29,238
71627,85,2769,30,34,64,249,234,483,7,19,26,509
72746,85,2769,22,23,45,103,120,223,2,1,3,226
73175,85,2769,10,9,19,24,27,51,3,13,16,67
73303,85,2769,13,15,28,88,88,176,3,3,6,182
74916,85,2769,13,6,19,23,6,29,1,0,1,30
75178,85,2769,4,6,10,6,3,9,7,9,16,25
75261,85,2769,8,15,23,2,2,4,12,41,53,57
75468,85,2769,10,10,20,43,45,88,5,9,14,102
76313,85,2769,17,18,35,197,160,357,3,18,21,378
77023,85,2769,13,16,29,139,122,261,3,26,29,290
78911,85,2769,13,13,26,119,106,225,2,19,21,246
78966,85,2769,13,18,31,438,53,491,1,7,8,499
79877,85,2769,3,0,3,8,0,8,0,0,0,8
80058,85,2769,47,50,97,512,462,974,5,14,19,993
80193,85,2769,40,41,81,513,491,1004,19,83,102,1106
82060,85,2769,12,9,21,137,102,239,11,10,21,260
82282,85,2769,3,2,5,6,4,10,0,0,0,10
84215,85,2769,17,19,36,278,226,504,2,10,12,516
84841,85,2769,24,23,47,148,153,301,29,37,66,367
85596,85,2769,21,25,46,396,430,826,12,16,28,854
85970,85,2769,30,33,63,277,332,609,1,12,13,622
86009,85,2769,10,11,21,61,57,118,6,15,21,139
86237,85,2769,8,9,17,37,32,69,0,5,5,74
86352,85,2769,19,26,45,36,45,81,6,20,26,107
86610,85,2769,6,2,8,6,1,7,1,1,2,9
86727,85,2769,11,11,22,202,178,380,4,1,5,385
88133,85,2769,13,13,26,169,133,302,4,7,11,313
88175,85,2769,15,17,32,181,152,333,4,13,17,350
89827,85,2769,15,14,29,104,68,172,9,13,22,194
10060,86,2770,13,12,25,984,935,1919,2,3,5,1924
10841,86,2770,20,16,36,90,81,171,18,31,49,220
11023,86,2770,14,14,28,239,273,512,6,16,22,534
11692,86,2770,12,14,26,204,233,437,13,9,22,459
13799,86,2770,5,3,8,10,0,10,0,4,4,14
13882,86,2770,17,19,36,78,88,166,1,5,6,172
14188,86,2770,18,19,37,96,84,180,7,23,30,210
15071,86,2770,8,9,17,170,181,351,8,7,15,366
15776,86,2770,23,30,53,132,125,257,8,27,35,292
16313,86,2770,11,3,14,16,5,21,0,0,0,21
16495,86,2770,17,19,36,212,184,396,8,17,25,421
17353,86,2770,12,12,24,242,164,406,5,17,22,428
18344,86,2770,16,20,36,184,150,334,4,14,18,352
18420,86,2770,7,13,20,5,6,11,9,12,21,32
19066,86,2770,37,40,77,347,300,647,7,27,34,681
19844,86,2770,6,0,6,9,0,9,0,0,0,9
22745,86,2770,16,16,32,522,476,998,5,9,14,1012
23040,86,2770,11,11,22,132,138,270,1,5,6,276
23144,86,2770,31,36,67,421,378,799,6,11,17,816
23642,86,2770,11,11,22,58,67,125,5,9,14,139
24760,86,2770,19,20,39,70,66,136,8,25,33,169
24853,86,2770,19,21,40,110,72,182,2,15,17,199
25323,86,2770,7,2,9,41,1,42,0,1,1,43
25947,86,2770,19,17,36,82,79,161,5,17,22,183
26127,86,2770,8,6,14,53,53,106,23,21,44,150
28831,86,2770,14,15,29,299,346,645,3,10,13,658
30076,86,2770,21,24,45,99,110,209,1,5,6,215
30952,86,2770,24,20,44,245,164,409,5,2,7,416
31372,86,2770,10,13,23,99,110,209,2,9,11,220
31583,86,2770,29,27,56,262,249,511,9,14,23,534
32100,86,2770,23,26,49,258,273,531,14,45,59,590
32174,86,2770,21,24,45,154,147,301,7,14,21,322
32899,86,2770,8,7,15,19,13,32,1,8,9,41
34250,86,2770,22,24,46,83,78,161,7,14,21,182
34853,86,2770,1,0,1,3,0,3,0,0,0,3
36006,86,2770,3,3,6,62,55,117,1,1,2,119
36951,86,2770,27,34,61,195,193,388,10,27,37,425
37617,86,2770,18,19,37,399,170,569,2,21,23,592
38823,86,2770,14,16,30,90,93,183,4,16,20,203
38893,86,2770,18,20,38,155,121,276,4,14,18,294
38901,86,2770,26,24,50,389,294,683,6,3,9,692
38927,86,2770,2,1,3,2,1,3,0,0,0,3
39701,86,2770,21,19,40,123,107,230,15,43,58,288
39783,86,2770,23,23,46,197,208,405,9,25,34,439
40629,86,2770,38,33,71,288,242,530,8,13,21,551
41393,86,2770,11,11,22,51,30,81,4,7,11,92
44520,86,2770,22,19,41,118,127,245,5,10,15,260
44947,86,2770,12,11,23,420,423,843,3,5,8,851
44956,86,2770,23,22,45,95,105,200,5,11,16,216
45000,86,2770,2,1,3,4,1,5,0,0,0,5
45539,86,2770,15,20,35,102,88,190,6,23,29,219
45945,86,2770,15,13,28,133,126,259,10,4,14,273
46021,86,2770,13,13,26,260,240,500,13,24,37,537
46160,86,2770,15,17,32,88,49,137,1,10,11,148
46584,86,2770,24,30,54,123,97,220,9,47,56,276
46654,86,2770,21,23,44,254,227,481,37,87,124,605
46771,86,2770,29,23,52,108,76,184,8,11,19,203
48187,86,2770,38,37,75,451,257,708,13,38,51,759
48990,86,2770,2,0,2,0,0,0,2,0,2,2
49294,86,2770,7,6,13,330,377,707,4,8,12,719
49597,86,2770,8,6,14,38,25,63,0,0,0,63
50181,86,2770,7,5,12,17,13,30,2,3,5,35
50709,86,2770,16,19,35,277,174,451,0,19,19,470
50869,86,2770,26,26,52,257,173,430,8,7,15,445
50947,86,2770,22,26,48,468,488,956,4,21,25,981
51597,86,2770,26,29,55,94,88,182,3,21,24,206
51675,86,2770,4,6,10,18,9,27,3,26,29,56
51722,86,2770,17,16,33,51,43,94,3,3,6,100
52067,86,2770,23,21,44,293,217,510,8,10,18,528
52385,86,2770,28,28,56,225,169,394,6,15,21,415
52635,86,2770,8,6,14,12,10,22,5,2,7,29
53275,86,2770,16,15,31,33,14,47,12,35,47,94
53884,86,2770,17,14,31,91,66,157,1,5,6,163
55594,86,2770,18,17,35,120,97,217,26,22,48,265
57637,86,2770,9,9,18,47,41,88,2,0,2,90
58909,86,2770,16,16,32,134,126,260,2,13,15,275
59367,86,2770,9,15,24,54,49,103,5,8,13,116
60482,86,2770,26,31,57,121,134,255,5,31,36,291
62555,86,2770,18,22,40,46,34,80,9,27,36,116
62560,86,2770,23,27,50,245,248,493,13,39,52,545
63063,86,2770,23,23,46,378,305,683,8,5,13,696
63188,86,2770,25,29,54,234,198,432,7,17,24,456
66052,86,2770,44,60,104,232,209,441,45,151,196,637
66404,86,2770,22,23,45,159,92,251,1,4,5,256
66754,86,2770,13,15,28,168,155,323,2,19,21,344
66991,86,2770,2,0,2,2,0,2,0,0,0,2
67947,86,2770,36,38,74,281,245,526,5,11,16,542
68494,86,2770,9,2,11,12,1,13,0,1,1,14
68533,86,2770,35,35,70,184,158,342,5,10,15,357
68633,86,2770,7,8,15,46,36,82,20,9,29,111
69065,86,2770,14,16,30,412,367,779,2,5,7,786
70889,86,2770,15,14,29,123,101,224,1,2,3,227
71518,86,2770,16,14,30,109,93,202,8,22,30,232
71627,86,2770,29,33,62,216,191,407,8,41,49,456
72746,86,2770,20,23,43,67,74,141,0,1,1,142
73175,86,2770,8,9,17,40,45,85,1,4,5,90
73303,86,2770,14,14,28,49,48,97,2,2,4,101
74916,86,2770,1,0,1,2,0,2,0,0,0,2
75178,86,2770,6,5,11,19,11,30,5,2,7,37
75261,86,2770,7,14,21,0,1,1,8,35,43,44
75468,86,2770,11,11,22,70,57,127,2,8,10,137
76313,86,2770,13,10,23,250,197,447,3,9,12,459
77023,86,2770,11,14,25,122,118,240,5,19,24,264
78062,86,2770,6,5,11,14,9,23,0,0,0,23
78911,86,2770,12,12,24,111,104,215,2,4,6,221
78966,86,2770,25,30,55,732,151,883,0,3,3,886
79877,86,2770,5,0,5,9,0,9,0,0,0,9
80058,86,2770,47,53,100,509,427,936,3,10,13,949
80193,86,2770,41,35,76,378,338,716,23,108,131,847
82060,86,2770,13,14,27,121,102,223,14,18,32,255
82282,86,2770,6,7,13,66,76,142,1,5,6,148
84215,86,2770,10,6,16,98,73,171,0,0,0,171
84841,86,2770,28,25,53,132,131,263,26,31,57,320
85596,86,2770,21,23,44,407,432,839,4,16,20,859
85970,86,2770,42,45,87,542,645,1187,8,23,31,1218
86009,86,2770,12,12,24,67,68,135,6,21,27,162
86237,86,2770,8,8,16,23,30,53,1,4,5,58
86352,86,2770,24,23,47,64,51,115,13,49,62,177
86610,86,2770,3,0,3,3,0,3,0,0,0,3
86727,86,2770,11,11,22,251,216,467,3,4,7,474
88133,86,2770,16,18,34,129,125,254,4,11,15,269
88175,86,2770,18,17,35,197,132,329,4,6,10,339
89827,86,2770,9,11,20,72,53,125,1,10,11,136
10060,87,2771,12,12,24,812,766,1578,5,5,10,1588
10841,87,2771,19,18,37,91,85,176,25,33,58,234
11023,87,2771,14,18,32,150,175,325,4,17,21,346
11692,87,2771,11,12,23,125,130,255,6,9,15,270
13799,87,2771,21,20,41,145,147,292,8,19,27,319
13882,87,2771,17,18,35,57,54,111,2,7,9,120
14188,87,2771,11,15,26,69,52,121,9,22,31,152
15071,87,2771,6,6,12,239,210,449,16,5,21,470
15776,87,2771,22,23,45,125,89,214,10,18,28,242
16313,87,2771,4,0,4,4,0,4,0,0,0,4
16495,87,2771,16,23,39,164,139,303,11,34,45,348
17353,87,2771,9,8,17,115,81,196,4,6,10,206
18344,87,2771,26,21,47,206,190,396,11,11,22,418
18420,87,2771,5,5,10,5,5,10,3,8,11,21
19066,87,2771,27,25,52,205,191,396,4,39,43,439
19844,87,2771,5,0,5,12,0,12,0,0,0,12
22617,87,2771,1,0,1,2,0,2,0,0,0,2
22745,87,2771,16,16,32,330,299,629,1,4,5,634
23040,87,2771,14,10,24,80,75,155,2,7,9,164
23144,87,2771,37,35,72,350,345,695,10,22,32,727
23642,87,2771,13,15,28,105,124,229,4,9,13,242
24760,87,2771,2,2,4,15,17,32,0,0,0,32
24853,87,2771,21,21,42,109,80,189,12,22,34,223
25323,87,2771,21,23,44,148,101,249,2,6,8,257
25947,87,2771,22,22,44,88,72,160,9,20,29,189
26127,87,2771,12,9,21,43,46,89,13,15,28,117
28831,87,2771,13,15,28,251,285,536,2,11,13,549
30076,87,2771,19,24,43,108,129,237,1,2,3,240
30952,87,2771,19,20,39,85,92,177,0,7,7,184
31372,87,2771,10,16,26,69,67,136,6,16,22,158
31583,87,2771,28,32,60,176,164,340,5,13,18,358
32100,87,2771,17,17,34,153,184,337,15,22,37,374
32174,87,2771,17,16,33,84,71,155,6,8,14,169
32899,87,2771,7,9,16,34,27,61,2,14,16,77
34250,87,2771,21,23,44,64,72,136,7,24,31,167
34853,87,2771,1,0,1,2,0,2,0,0,0,2
36006,87,2771,5,5,10,18,19,37,3,2,5,42
36951,87,2771,30,26,56,306,291,597,5,4,9,606
37617,87,2771,19,15,34,440,196,636,6,29,35,671
38823,87,2771,17,20,37,130,130,260,4,9,13,273
38893,87,2771,20,24,44,158,145,303,10,19,29,332
38901,87,2771,39,41,80,590,473,1063,11,10,21,1084
38927,87,2771,1,1,2,2,1,3,0,0,0,3
39701,87,2771,25,21,46,126,114,240,10,40,50,290
39783,87,2771,21,21,42,246,178,424,8,20,28,452
40629,87,2771,19,23,42,162,136,298,2,15,17,315
41393,87,2771,15,10,25,35,25,60,6,3,9,69
44520,87,2771,16,21,37,65,74,139,8,26,34,173
44947,87,2771,12,11,23,277,266,543,2,5,7,550
44956,87,2771,18,23,41,94,106,200,7,33,40,240
45000,87,2771,4,4,8,18,23,41,0,0,0,41
45539,87,2771,13,12,25,137,110,247,3,7,10,257
45945,87,2771,12,14,26,117,101,218,5,19,24,242
46021,87,2771,14,12,26,65,52,117,0,3,3,120
46160,87,2771,21,19,40,111,102,213,4,10,14,227
46584,87,2771,29,29,58,156,126,282,11,64,75,357
46654,87,2771,21,21,42,250,214,464,31,92,123,587
46771,87,2771,24,26,50,90,86,176,5,21,26,202
48187,87,2771,31,29,60,387,223,610,6,24,30,640
49294,87,2771,9,9,18,368,380,748,0,5,5,753
49597,87,2771,2,3,5,2,1,3,0,2,2,5
50181,87,2771,13,12,25,35,25,60,2,3,5,65
50709,87,2771,19,17,36,173,140,313,5,18,23,336
50869,87,2771,26,26,52,398,229,627,1,6,7,634
50947,87,2771,26,27,53,538,560,1098,0,6,6,1104
51597,87,2771,20,27,47,77,67,144,4,18,22,166
51675,87,2771,4,5,9,9,10,19,2,17,19,38
51722,87,2771,12,13,25,101,89,190,2,7,9,199
52067,87,2771,20,20,40,164,125,289,3,7,10,299
52385,87,2771,22,26,48,282,208,490,1,13,14,504
52635,87,2771,5,5,10,6,6,12,1,7,8,20
53275,87,2771,13,16,29,29,19,48,10,30,40,88
53884,87,2771,9,10,19,49,40,89,0,4,4,93
55594,87,2771,29,27,56,261,216,477,38,46,84,561
57637,87,2771,14,16,30,91,90,181,4,8,12,193
58909,87,2771,10,11,21,107,113,220,1,6,7,227
59367,87,2771,11,9,20,56,32,88,7,8,15,103
60482,87,2771,25,24,49,148,143,291,7,24,31,322
62555,87,2771,13,21,34,32,23,55,6,36,42,97
62560,87,2771,22,25,47,151,126,277,5,11,16,293
63063,87,2771,25,23,48,220,181,401,3,8,11,412
63188,87,2771,27,29,56,352,313,665,5,11,16,681
66052,87,2771,58,66,124,295,267,562,32,90,122,684
66404,87,2771,13,13,26,134,41,175,1,0,1,176
66754,87,2771,12,14,26,185,192,377,3,12,15,392
66991,87,2771,2,0,2,2,0,2,0,0,0,2
67947,87,2771,52,55,107,363,343,706,9,43,52,758
68494,87,2771,27,37,64,579,629,1208,7,24,31,1239
68533,87,2771,48,46,94,264,215,479,10,12,22,501
68633,87,2771,6,6,12,40,28,68,12,7,19,87
69065,87,2771,18,17,35,338,301,639,1,5,6,645
70889,87,2771,17,15,32,121,99,220,4,7,11,231
71518,87,2771,12,11,23,63,65,128,1,13,14,142
71627,87,2771,31,34,65,265,226,491,7,26,33,524
71700,87,2771,2,0,2,3,0,3,0,0,0,3
72746,87,2771,14,14,28,58,51,109,2,4,6,115
73175,87,2771,8,14,22,32,45,77,0,7,7,84
73303,87,2771,13,14,27,126,125,251,4,8,12,263
74916,87,2771,4,1,5,8,2,10,0,0,0,10
75178,87,2771,6,4,10,14,8,22,6,4,10,32
75261,87,2771,18,16,34,62,49,111,6,22,28,139
75468,87,2771,9,9,18,23,21,44,2,5,7,51
76313,87,2771,12,14,26,230,187,417,0,20,20,437
77023,87,2771,14,16,30,141,145,286,9,18,27,313
78062,87,2771,17,19,36,368,410,778,3,9,12,790
78911,87,2771,8,4,12,49,43,92,0,0,0,92
78966,87,2771,28,34,62,1029,159,1188,2,13,15,1203
79877,87,2771,3,1,4,9,0,9,1,3,4,13
80058,87,2771,41,50,91,530,496,1026,3,10,13,1039
80193,87,2771,30,34,64,602,634,1236,18,94,112,1348
82060,87,2771,14,13,27,102,78,180,12,17,29,209
82282,87,2771,10,10,20,80,84,164,2,11,13,177
84215,87,2771,3,0,3,17,0,17,0,0,0,17
84841,87,2771,24,28,52,215,197,412,17,36,53,465
85596,87,2771,24,25,49,475,504,979,8,13,21,1000
85970,87,2771,35,35,70,429,505,934,6,11,17,951
86009,87,2771,9,13,22,29,36,65,1,4,5,70
86237,87,2771,6,8,14,54,51,105,2,5,7,112
86352,87,2771,15,24,39,60,49,109,10,23,33,142
86727,87,2771,10,10,20,207,193,400,1,1,2,402
88133,87,2771,14,16,30,187,176,363,5,10,15,378
88175,87,2771,23,24,47,160,143,303,6,10,16,319
89827,87,2771,12,14,26,104,70,174,10,15,25,199
10060,88,2772,12,12,24,740,697,1437,1,17,18,1455
10281,88,2772,4,2,6,29,28,57,0,0,0,57
10841,88,2772,13,14,27,61,61,122,13,17,30,152
11023,88,2772,8,8,16,165,182,347,4,7,11,358
11692,88,2772,12,11,23,227,236,463,4,8,12,475
13799,88,2772,23,26,49,218,223,441,8,24,32,473
13882,88,2772,17,21,38,104,110,214,1,4,5,219
14188,88,2772,10,14,24,69,61,130,2,18,20,150
15071,88,2772,7,7,14,234,228,462,12,5,17,479
15776,88,2772,21,22,43,91,74,165,8,17,25,190
16313,88,2772,1,0,1,1,0,1,0,0,0,1
16495,88,2772,17,19,36,139,122,261,4,13,17,278
17353,88,2772,10,10,20,97,81,178,5,21,26,204
18344,88,2772,20,20,40,244,210,454,7,7,14,468
18420,88,2772,6,2,8,2,2,4,7,1,8,12
19066,88,2772,22,24,46,158,165,323,4,30,34,357
19844,88,2772,4,0,4,8,0,8,0,0,0,8
22745,88,2772,15,16,31,755,679,1434,4,20,24,1458
23040,88,2772,1,0,1,1,0,1,0,0,0,1
23144,88,2772,38,44,82,375,383,758,10,16,26,784
23642,88,2772,14,18,32,75,79,154,3,16,19,173
24853,88,2772,19,19,38,84,73,157,1,7,8,165
25323,88,2772,27,28,55,210,154,364,9,26,35,399
25947,88,2772,18,12,30,86,87,173,7,12,19,192
26127,88,2772,14,12,26,68,49,117,23,12,35,152
28831,88,2772,16,17,33,357,401,758,4,18,22,780
30076,88,2772,27,28,55,113,114,227,2,5,7,234
30952,88,2772,10,10,20,45,52,97,3,17,20,117
31372,88,2772,7,11,18,80,92,172,5,14,19,191
31583,88,2772,22,24,46,210,198,408,6,20,26,434
32100,88,2772,23,23,46,139,162,301,15,15,30,331
32174,88,2772,20,25,45,154,131,285,11,12,23,308
34250,88,2772,19,22,41,88,83,171,10,11,21,192
34853,88,2772,2,2,4,10,5,15,0,0,0,15
36006,88,2772,6,5,11,48,42,90,2,0,2,92
36951,88,2772,26,27,53,157,161,318,3,5,8,326
37617,88,2772,17,14,31,346,132,478,5,33,38,516
38823,88,2772,24,25,49,140,158,298,5,17,22,320
38893,88,2772,19,24,43,132,119,251,10,16,26,277
38901,88,2772,36,34,70,505,451,956,5,10,15,971
38927,88,2772,1,1,2,2,1,3,0,0,0,3
39701,88,2772,27,30,57,213,221,434,10,30,40,474
39783,88,2772,24,23,47,244,180,424,7,21,28,452
40629,88,2772,18,20,38,160,144,304,3,13,16,320
41393,88,2772,14,18,32,43,39,82,10,14,24,106
44520,88,2772,6,6,12,9,7,16,3,3,6,22
44947,88,2772,12,9,21,337,335,672,5,2,7,679
44956,88,2772,18,22,40,71,99,170,0,5,5,175
45539,88,2772,9,8,17,85,69,154,8,2,10,164
45945,88,2772,15,10,25,261,246,507,10,12,22,529
46021,88,2772,12,12,24,237,204,441,4,3,7,448
46160,88,2772,12,18,30,67,68,135,2,18,20,155
46584,88,2772,26,26,52,156,143,299,13,33,46,345
46654,88,2772,21,23,44,236,193,429,28,84,112,541
46771,88,2772,24,25,49,149,123,272,4,19,23,295
48187,88,2772,19,13,32,198,120,318,12,19,31,349
48990,88,2772,2,1,3,3,1,4,0,0,0,4
49294,88,2772,10,11,21,249,265,514,0,9,9,523
49597,88,2772,6,6,12,16,12,28,0,0,0,28
50181,88,2772,15,17,32,33,28,61,4,15,19,80
50709,88,2772,18,18,36,379,288,667,7,33,40,707
50869,88,2772,26,26,52,227,151,378,3,16,19,397
50947,88,2772,29,31,60,508,567,1075,2,17,19,1094
51597,88,2772,38,65,103,111,135,246,3,30,33,279
51675,88,2772,5,6,11,76,72,148,1,20,21,169
51722,88,2772,15,13,28,80,72,152,6,4,10,162
52067,88,2772,30,31,61,345,322,667,18,14,32,699
52385,88,2772,20,22,42,190,140,330,1,10,11,341
52635,88,2772,3,4,7,5,3,8,0,5,5,13
53275,88,2772,13,18,31,32,30,62,12,42,54,116
53884,88,2772,10,13,23,64,63,127,1,4,5,132
55594,88,2772,19,25,44,146,116,262,33,34,67,329
57637,88,2772,16,20,36,154,144,298,7,20,27,325
58909,88,2772,12,16,28,90,89,179,3,8,11,190
59367,88,2772,11,10,21,60,32,92,10,13,23,115
60482,88,2772,26,26,52,193,165,358,16,14,30,388
62555,88,2772,13,23,36,22,16,38,7,45,52,90
62560,88,2772,24,23,47,224,185,409,5,13,18,427
63063,88,2772,22,23,45,357,241,598,4,10,14,612
63188,88,2772,26,29,55,293,236,529,2,10,12,541
66052,88,2772,55,57,112,277,240,517,46,123,169,686
66404,88,2772,20,21,41,83,37,120,2,3,5,125
66754,88,2772,18,22,40,193,189,382,4,27,31,413
66991,88,2772,3,0,3,4,0,4,0,0,0,4
67947,88,2772,44,49,93,362,336,698,10,63,73,771
68494,88,2772,36,43,79,697,732,1429,22,73,95,1524
68533,88,2772,28,35,63,150,113,263,3,20,23,286
68633,88,2772,9,9,18,86,62,148,8,12,20,168
69065,88,2772,19,18,37,409,336,745,3,9,12,757
70889,88,2772,17,16,33,160,153,313,0,3,3,316
71518,88,2772,14,14,28,76,71,147,0,5,5,152
71627,88,2772,30,34,64,199,173,372,4,28,32,404
72746,88,2772,12,12,24,60,56,116,5,2,7,123
73175,88,2772,8,6,14,15,26,41,3,1,4,45
73303,88,2772,16,15,31,377,314,691,7,12,19,710
74916,88,2772,6,0,6,8,0,8,0,0,0,8
75178,88,2772,5,0,5,2,0,2,6,0,6,8
75261,88,2772,29,31,60,356,357,713,12,40,52,765
75468,88,2772,11,15,26,48,40,88,2,15,17,105
76313,88,2772,15,15,30,242,202,444,3,19,22,466
77023,88,2772,15,22,37,137,122,259,13,60,73,332
78062,88,2772,8,9,17,310,326,636,2,2,4,640
78911,88,2772,3,0,3,8,0,8,0,0,0,8
78966,88,2772,22,21,43,1208,149,1357,1,2,3,1360
79877,88,2772,4,0,4,12,0,12,0,0,0,12
80058,88,2772,52,52,104,442,389,831,15,11,26,857
80193,88,2772,26,30,56,463,481,944,27,83,110,1054
82060,88,2772,15,15,30,79,71,150,7,16,23,173
82282,88,2772,13,10,23,60,67,127,6,8,14,141
84841,88,2772,21,24,45,168,135,303,22,48,70,373
85596,88,2772,30,31,61,390,396,786,8,29,37,823
85970,88,2772,34,35,69,498,575,1073,4,22,26,1099
86237,88,2772,5,8,13,12,12,24,2,8,10,34
86352,88,2772,29,38,67,71,102,173,15,38,53,226
86727,88,2772,10,9,19,181,172,353,0,2,2,355
88133,88,2772,18,21,39,170,158,328,9,14,23,351
88175,88,2772,16,19,35,145,119,264,5,19,24,288
89827,88,2772,9,9,18,97,55,152,4,10,14,166
10060,89,2773,13,11,24,516,464,980,4,19,23,1003
10281,89,2773,9,8,17,698,661,1359,4,10,14,1373
10841,89,2773,12,13,25,94,94,188,14,16,30,218
11023,89,2773,18,17,35,237,248,485,4,11,15,500
11692,89,2773,12,12,24,180,189,369,15,10,25,394
13799,89,2773,17,19,36,264,290,554,6,15,21,575
13882,89,2773,10,14,24,46,46,92,3,7,10,102
14188,89,2773,9,28,37,78,81,159,1,40,41,200
15071,89,2773,9,7,16,177,183,360,15,2,17,377
15776,89,2773,12,13,25,68,51,119,6,20,26,145
16495,89,2773,11,10,21,45,32,77,1,7,8,85
17353,89,2773,12,12,24,166,142,308,8,12,20,328
18344,89,2773,13,17,30,173,148,321,10,5,15,336
18420,89,2773,5,2,7,2,3,5,10,3,13,18
19066,89,2773,21,24,45,186,165,351,8,29,37,388
19844,89,2773,3,0,3,10,0,10,0,0,0,10
22745,89,2773,12,12,24,640,588,1228,3,5,8,1236
23040,89,2773,2,0,2,2,0,2,0,0,0,2
23144,89,2773,29,30,59,206,211,417,1,4,5,422
23642,89,2773,16,14,30,92,116,208,9,14,23,231
24853,89,2773,14,31,45,77,54,131,0,25,25,156
25323,89,2773,13,13,26,93,60,153,4,6,10,163
25544,89,2773,2,0,2,2,0,2,0,0,0,2
25947,89,2773,19,19,38,63,53,116,10,16,26,142
26127,89,2773,10,10,20,56,83,139,49,76,125,264
26425,89,2773,8,11,19,55,62,117,0,5,5,122
28831,89,2773,12,14,26,341,375,716,3,17,20,736
30076,89,2773,23,21,44,109,119,228,1,3,4,232
30952,89,2773,19,19,38,144,152,296,2,7,9,305
31372,89,2773,15,18,33,139,148,287,12,22,34,321
31583,89,2773,12,10,22,34,22,56,0,3,3,59
32100,89,2773,19,18,37,173,186,359,9,12,21,380
32174,89,2773,17,19,36,83,75,158,11,11,22,180
34250,89,2773,22,23,45,97,87,184,8,18,26,210
34853,89,2773,1,1,2,2,0,2,0,1,1,3
36006,89,2773,4,4,8,31,24,55,4,0,4,59
36951,89,2773,27,33,60,220,222,442,4,15,19,461
37617,89,2773,20,18,38,384,144,528,2,87,89,617
38823,89,2773,18,20,38,130,138,268,3,7,10,278
38893,89,2773,19,17,36,192,152,344,8,16,24,368
38901,89,2773,28,33,61,455,342,797,6,8,14,811
39701,89,2773,21,20,41,213,223,436,3,18,21,457
39783,89,2773,17,20,37,282,210,492,7,20,27,519
40629,89,2773,23,43,66,138,142,280,4,25,29,309
41393,89,2773,13,13,26,43,34,77,3,3,6,83
44520,89,2773,5,5,10,4,1,5,2,6,8,13
44947,89,2773,18,19,37,344,322,666,2,6,8,674
44956,89,2773,16,16,32,43,38,81,2,7,9,90
45539,89,2773,12,10,22,168,133,301,4,9,13,314
45945,89,2773,18,17,35,200,210,410,7,17,24,434
46021,89,2773,16,17,33,290,279,569,3,9,12,581
46160,89,2773,13,12,25,51,46,97,2,9,11,108
46584,89,2773,25,26,51,137,89,226,19,54,73,299
46654,89,2773,23,22,45,367,342,709,39,69,108,817
46771,89,2773,24,24,48,138,130,268,7,25,32,300
48187,89,2773,28,20,48,329,213,542,10,32,42,584
49294,89,2773,6,6,12,368,367,735,7,15,22,757
49597,89,2773,5,4,9,9,5,14,1,0,1,15
50181,89,2773,11,6,17,37,32,69,5,3,8,77
50709,89,2773,22,22,44,395,189,584,1,19,20,604
50869,89,2773,23,29,52,196,119,315,6,36,42,357
50947,89,2773,28,28,56,464,496,960,0,12,12,972
51597,89,2773,23,27,50,114,113,227,0,18,18,245
51675,89,2773,2,2,4,5,3,8,0,7,7,15
51722,89,2773,18,31,49,127,118,245,0,23,23,268
52067,89,2773,24,26,50,597,555,1152,6,8,14,1166
52385,89,2773,13,16,29,180,128,308,2,5,7,315
52635,89,2773,14,12,26,26,18,44,8,8,16,60
53275,89,2773,10,15,25,33,36,69,5,27,32,101
53884,89,2773,10,12,22,83,66,149,1,11,12,161
55594,89,2773,23,18,41,110,76,186,22,17,39,225
57637,89,2773,13,11,24,251,223,474,11,21,32,506
58909,89,2773,10,23,33,85,84,169,3,22,25,194
59367,89,2773,12,12,24,58,45,103,12,14,26,129
60482,89,2773,12,15,27,94,67,161,6,16,22,183
61280,89,2773,1,0,1,1,0,1,0,0,0,1
62555,89,2773,16,40,56,62,64,126,7,67,74,200
62560,89,2773,21,23,44,177,152,329,9,25,34,363
63063,89,2773,16,16,32,270,200,470,6,12,18,488
63188,89,2773,23,27,50,252,223,475,4,11,15,490
63757,89,2773,2,1,3,2,0,2,0,1,1,3
66052,89,2773,34,43,77,249,187,436,17,53,70,506
66245,89,2773,22,22,44,148,126,274,5,14,19,293
66404,89,2773,21,22,43,90,75,165,4,6,10,175
66754,89,2773,13,15,28,151,148,299,5,17,22,321
66991,89,2773,4,4,8,5,8,13,0,0,0,13
67947,89,2773,55,55,110,413,350,763,7,21,28,791
68494,89,2773,32,36,68,544,598,1142,16,33,49,1191
68533,89,2773,24,24,48,108,84,192,6,17,23,215
68633,89,2773,8,12,20,137,111,248,10,18,28,276
69065,89,2773,18,17,35,471,401,872,1,4,5,877
70889,89,2773,20,23,43,178,174,352,1,4,5,357
71518,89,2773,14,11,25,58,62,120,6,3,9,129
71627,89,2773,33,37,70,240,228,468,4,12,16,484
72746,89,2773,9,9,18,71,71,142,0,1,1,143
73175,89,2773,9,10,19,21,23,44,0,5,5,49
73303,89,2773,8,12,20,135,128,263,2,13,15,278
74916,89,2773,2,0,2,3,0,3,0,0,0,3
75178,89,2773,5,4,9,29,23,52,10,1,11,63
75261,89,2773,29,30,59,294,295,589,11,17,28,617
75468,89,2773,11,13,24,56,55,111,6,20,26,137
76313,89,2773,14,13,27,252,213,465,3,7,10,475
77023,89,2773,15,20,35,137,128,265,5,29,34,299
78062,89,2773,9,9,18,495,518,1013,0,0,0,1013
78911,89,2773,19,24,43,187,213,400,4,17,21,421
78966,89,2773,25,32,57,922,178,1100,1,14,15,1115
79877,89,2773,2,0,2,7,0,7,0,0,0,7
80058,89,2773,48,43,91,280,236,516,9,19,28,544
80193,89,2773,34,40,74,392,414,806,29,94,123,929
82060,89,2773,15,17,32,187,163,350,18,18,36,386
82282,89,2773,9,12,21,80,91,171,1,13,14,185
84841,89,2773,15,17,32,100,93,193,9,27,36,229
85596,89,2773,24,23,47,328,341,669,5,9,14,683
85970,89,2773,26,22,48,534,597,1131,5,12,17,1148
86237,89,2773,9,11,20,55,64,119,1,10,11,130
86352,89,2773,14,21,35,65,42,107,2,32,34,141
86727,89,2773,9,9,18,192,174,366,1,4,5,371
88133,89,2773,17,22,39,197,203,400,10,6,16,416
88175,89,2773,15,16,31,197,115,312,7,14,21,333
89827,89,2773,14,13,27,114,89,203,3,11,14,217
10060,90,2774,7,8,15,400,359,759,2,3,5,764
10281,90,2774,15,16,31,561,498,1059,5,8,13,1072
10841,90,2774,17,24,41,80,91,171,13,33,46,217
11023,90,2774,8,9,17,84,91,175,5,3,8,183
11692,90,2774,10,10,20,112,120,232,6,9,15,247
13799,90,2774,16,18,34,213,265,478,21,53,74,552
13882,90,2774,15,16,31,103,99,202,3,3,6,208
14188,90,2774,14,17,31,51,33,84,5,24,29,113
15071,90,2774,11,9,20,229,245,474,10,9,19,493
15776,90,2774,18,17,35,128,74,202,10,18,28,230
16495,90,2774,32,77,109,62,87,149,0,26,26,175
17353,90,2774,8,29,37,96,68,164,8,61,69,233
18344,90,2774,21,21,42,147,129,276,6,6,12,288
18420,90,2774,8,9,17,4,3,7,11,10,21,28
19066,90,2774,30,31,61,234,243,477,16,36,52,529
22745,90,2774,16,20,36,528,502,1030,6,10,16,1046
23040,90,2774,14,15,29,138,134,272,10,5,15,287
23144,90,2774,29,28,57,189,172,361,9,7,16,377
23642,90,2774,11,16,27,146,162,308,17,25,42,350
24853,90,2774,19,16,35,85,80,165,3,8,11,176
25323,90,2774,4,1,5,21,1,22,0,0,0,22
25494,90,2774,3,0,3,4,0,4,0,0,0,4
25544,90,2774,2,0,2,3,0,3,0,0,0,3
25947,90,2774,15,18,33,85,74,159,6,18,24,183
26127,90,2774,10,8,18,34,41,75,32,29,61,136
26425,90,2774,10,14,24,95,111,206,6,8,14,220
28831,90,2774,11,18,29,301,343,644,4,18,22,666
30076,90,2774,17,23,40,70,96,166,5,11,16,182
30952,90,2774,14,27,41,193,198,391,10,24,34,425
31372,90,2774,13,14,27,148,152,300,4,7,11,311
31583,90,2774,7,0,7,8,0,8,0,0,0,8
32100,90,2774,15,16,31,159,148,307,17,30,47,354
32174,90,2774,23,31,54,99,97,196,12,22,34,230
32899,90,2774,11,10,21,37,39,76,14,22,36,112
34250,90,2774,25,31,56,126,142,268,16,18,34,302
35227,90,2774,18,20,38,197,174,371,5,36,41,412
36006,90,2774,5,5,10,45,38,83,2,0,2,85
36951,90,2774,23,22,45,140,140,280,1,6,7,287
37617,90,2774,21,51,72,332,133,465,11,81,92,557
38823,90,2774,22,23,45,136,122,258,12,21,33,291
38893,90,2774,18,18,36,152,137,289,21,22,43,332
38901,90,2774,21,24,45,230,210,440,1,5,6,446
39701,90,2774,29,27,56,343,360,703,10,26,36,739
39783,90,2774,18,22,40,164,178,342,12,37,49,391
40629,90,2774,23,27,50,224,230,454,8,18,26,480
41393,90,2774,19,16,35,108,78,186,19,8,27,213
44520,90,2774,7,9,16,23,29,52,6,15,21,73
44947,90,2774,10,41,51,102,144,246,1,1,2,248
44956,90,2774,19,21,40,126,160,286,5,14,19,305
45539,90,2774,14,14,28,311,188,499,13,19,32,531
45945,90,2774,14,14,28,233,245,478,6,21,27,505
46021,90,2774,18,17,35,349,277,626,7,21,28,654
46160,90,2774,11,10,21,30,23,53,2,9,11,64
46584,90,2774,21,23,44,72,45,117,18,71,89,206
46654,90,2774,21,22,43,398,345,743,35,76,111,854
46771,90,2774,23,30,53,177,146,323,6,35,41,364
48187,90,2774,20,18,38,294,183,477,13,10,23,500
49294,90,2774,7,8,15,182,202,384,4,23,27,411
49597,90,2774,3,3,6,7,6,13,0,1,1,14
50181,90,2774,9,12,21,26,20,46,4,15,19,65
50709,90,2774,13,14,27,220,149,369,5,21,26,395
50869,90,2774,28,30,58,293,201,494,9,24,33,527
50947,90,2774,26,26,52,475,473,948,8,15,23,971
51597,90,2774,25,32,57,108,110,218,5,30,35,253
51675,90,2774,7,6,13,26,29,55,10,10,20,75
51722,90,2774,18,18,36,104,96,200,4,7,11,211
52067,90,2774,27,29,56,506,440,946,15,20,35,981
52385,90,2774,30,44,74,304,236,540,6,39,45,585
52635,90,2774,13,13,26,40,35,75,9,21,30,105
53275,90,2774,14,38,52,21,20,41,17,86,103,144
53884,90,2774,8,8,16,76,63,139,0,3,3,142
55594,90,2774,15,15,30,75,44,119,11,10,21,140
57637,90,2774,13,14,27,300,280,580,8,32,40,620
58909,90,2774,8,8,16,77,74,151,4,10,14,165
59367,90,2774,11,14,25,46,42,88,4,8,12,100
60482,90,2774,16,21,37,107,98,205,20,42,62,267
62555,90,2774,21,33,54,72,83,155,18,70,88,243
62560,90,2774,17,17,34,89,64,153,9,20,29,182
63063,90,2774,19,20,39,183,161,344,8,8,16,360
63188,90,2774,22,19,41,185,180,365,8,9,17,382
63757,90,2774,3,3,6,10,7,17,4,12,16,33
66052,90,2774,64,81,145,293,271,564,53,165,218,782
66245,90,2774,26,33,59,201,197,398,11,39,50,448
66404,90,2774,25,23,48,76,66,142,5,10,15,157
66754,90,2774,19,19,38,213,211,424,11,13,24,448
66991,90,2774,1,0,1,1,0,1,0,0,0,1
67947,90,2774,34,40,74,259,222,481,8,34,42,523
68494,90,2774,16,19,35,116,110,226,19,22,41,267
68533,90,2774,36,44,80,154,108,262,14,48,62,324
68633,90,2774,8,7,15,133,110,243,21,16,37,280
69065,90,2774,17,19,36,235,225,460,1,19,20,480
70889,90,2774,20,19,39,146,132,278,6,5,11,289
71518,90,2774,24,25,49,161,136,297,5,12,17,314
71627,90,2774,31,35,66,300,258,558,9,33,42,600
72746,90,2774,14,15,29,84,92,176,2,2,4,180
73175,90,2774,9,13,22,22,33,55,2,5,7,62
73303,90,2774,15,16,31,275,255,530,17,8,25,555
75178,90,2774,6,6,12,2,2,4,13,4,17,21
75261,90,2774,31,36,67,400,400,800,16,41,57,857
75468,90,2774,10,12,22,44,39,83,4,21,25,108
76313,90,2774,24,27,51,219,169,388,1,12,13,401
77023,90,2774,16,19,35,222,228,450,9,34,43,493
78062,90,2774,14,11,25,366,376,742,3,2,5,747
78911,90,2774,17,17,34,294,141,435,3,12,15,450
78966,90,2774,20,22,42,869,142,1011,2,12,14,1025
79877,90,2774,3,0,3,4,0,4,0,0,0,4
80058,90,2774,38,32,70,303,237,540,9,12,21,561
80193,90,2774,16,17,33,198,224,422,10,34,44,466
82060,90,2774,17,34,51,193,182,375,19,67,86,461
82282,90,2774,9,12,21,82,103,185,3,17,20,205
84841,90,2774,21,20,41,64,67,131,20,24,44,175
85596,90,2774,34,34,68,380,410,790,1,21,22,812
85970,90,2774,21,23,44,523,579,1102,3,14,17,1119
86237,90,2774,6,5,11,8,4,12,0,7,7,19
86352,90,2774,24,26,50,91,77,168,13,39,52,220
86727,90,2774,11,9,20,430,360,790,4,1,5,795
88133,90,2774,18,20,38,158,151,309,7,12,19,328
88175,90,2774,17,18,35,133,149,282,10,17,27,309
89827,90,2774,13,12,25,138,96,234,10,17,27,261
10281,91,2775,15,12,27,591,522,1113,8,12,20,1133
10841,91,2775,21,23,44,86,97,183,21,40,61,244
11692,91,2775,2,2,4,38,35,73,1,0,1,74
13799,91,2775,14,20,34,205,220,425,4,40,44,469
13882,91,2775,19,19,38,140,136,276,7,6,13,289
15071,91,2775,10,9,19,165,161,326,10,4,14,340
15776,91,2775,13,22,35,96,76,172,12,31,43,215
17353,91,2775,5,8,13,62,35,97,10,19,29,126
18344,91,2775,6,8,14,33,27,60,3,8,11,71
18420,91,2775,7,3,10,4,4,8,12,2,14,22
19066,91,2775,15,22,37,152,135,287,14,48,62,349
22745,91,2775,6,4,10,26,23,49,1,0,1,50
23040,91,2775,12,12,24,199,181,380,6,7,13,393
23144,91,2775,5,5,10,13,16,29,0,0,0,29
23642,91,2775,8,9,17,18,19,37,0,4,4,41
24853,91,2775,11,9,20,83,70,153,1,3,4,157
25323,91,2775,1,0,1,1,0,1,0,0,0,1
25947,91,2775,21,22,43,121,86,207,9,18,27,234
26127,91,2775,14,21,35,87,92,179,51,75,126,305
26425,91,2775,9,8,17,50,41,91,4,8,12,103
28831,91,2775,3,4,7,39,38,77,0,3,3,80
30076,91,2775,14,15,29,106,113,219,1,5,6,225
30952,91,2775,7,7,14,129,97,226,4,13,17,243
31372,91,2775,17,13,30,195,188,383,12,7,19,402
32100,91,2775,26,22,48,271,278,549,41,53,94,643
32174,91,2775,15,11,26,84,71,155,5,6,11,166
32899,91,2775,3,3,6,5,6,11,11,14,25,36
34250,91,2775,11,18,29,73,70,143,7,17,24,167
35227,91,2775,12,11,23,202,186,388,8,20,28,416
36006,91,2775,3,2,5,4,2,6,2,0,2,8
36951,91,2775,41,46,87,434,440,874,5,14,19,893
37617,91,2775,12,10,22,226,103,329,12,14,26,355
38823,91,2775,5,7,12,49,45,94,1,2,3,97
38893,91,2775,16,16,32,96,84,180,14,23,37,217
38901,91,2775,1,0,1,1,0,1,0,0,0,1
39701,91,2775,23,26,49,425,396,821,22,48,70,891
39783,91,2775,18,19,37,180,174,354,28,44,72,426
40629,91,2775,28,27,55,292,244,536,11,21,32,568
41393,91,2775,19,16,35,103,82,185,8,4,12,197
44520,91,2775,9,17,26,2,2,4,23,39,62,66
44956,91,2775,25,28,53,153,202,355,1,9,10,365
45539,91,2775,10,8,18,250,208,458,9,4,13,471
45945,91,2775,8,11,19,185,166,351,3,16,19,370
46021,91,2775,14,15,29,183,134,317,9,12,21,338
46160,91,2775,13,15,28,85,68,153,4,17,21,174
46584,91,2775,9,14,23,14,8,22,2,14,16,38
46654,91,2775,15,14,29,320,279,599,26,41,67,666
46771,91,2775,32,27,59,154,100,254,6,37,43,297
48187,91,2775,14,11,25,413,293,706,1,3,4,710
49294,91,2775,6,6,12,137,169,306,3,7,10,316
49597,91,2775,3,3,6,11,11,22,0,7,7,29
50181,91,2775,7,7,14,7,5,12,3,5,8,20
50709,91,2775,10,21,31,144,135,279,3,23,26,305
50869,91,2775,6,8,14,12,10,22,0,3,3,25
50947,91,2775,14,19,33,536,557,1093,2,13,15,1108
51597,91,2775,21,32,53,115,115,230,6,40,46,276
51675,91,2775,1,2,3,2,3,5,0,1,1,6
51722,91,2775,12,13,25,249,50,299,3,9,12,311
52067,91,2775,24,25,49,850,784,1634,9,7,16,1650
52385,91,2775,32,42,74,353,309,662,16,38,54,716
52635,91,2775,8,6,14,10,6,16,21,14,35,51
53275,91,2775,8,19,27,8,8,16,11,42,53,69
53884,91,2775,10,7,17,68,49,117,5,6,11,128
55594,91,2775,12,15,27,89,76,165,6,26,32,197
57637,91,2775,18,25,43,282,250,532,12,12,24,556
58909,91,2775,6,7,13,106,110,216,5,8,13,229
59367,91,2775,7,7,14,31,26,57,2,3,5,62
60482,91,2775,15,19,34,50,61,111,9,22,31,142
62555,91,2775,6,15,21,19,27,46,4,28,32,78
63063,91,2775,15,15,30,162,133,295,5,8,13,308
63188,91,2775,18,22,40,76,72,148,4,8,12,160
63757,91,2775,3,5,8,5,7,12,2,11,13,25
66052,91,2775,28,36,64,74,56,130,41,117,158,288
66245,91,2775,32,45,77,168,174,342,11,47,58,400
66404,91,2775,27,29,56,154,148,302,2,14,16,318
66754,91,2775,12,13,25,208,208,416,5,10,15,431
66991,91,2775,1,0,1,1,0,1,0,0,0,1
67947,91,2775,20,24,44,111,113,224,0,10,10,234
68494,91,2775,2,1,3,3,2,5,0,0,0,5
68533,91,2775,20,22,42,98,71,169,14,16,30,199
68633,91,2775,7,5,12,38,24,62,13,15,28,90
69065,91,2775,12,7,19,25,9,34,0,4,4,38
70889,91,2775,16,17,33,145,135,280,2,3,5,285
71518,91,2775,7,6,13,29,26,55,5,8,13,68
71627,91,2775,24,25,49,267,243,510,6,15,21,531
72746,91,2775,16,19,35,130,159,289,11,22,33,322
73175,91,2775,8,10,18,113,135,248,0,8,8,256
73303,91,2775,10,13,23,499,412,911,13,10,23,934
75261,91,2775,21,29,50,332,334,666,16,65,81,747
75468,91,2775,9,13,22,45,66,111,15,44,59,170
76313,91,2775,28,36,64,343,345,688,24,19,43,731
77023,91,2775,10,19,29,165,156,321,6,46,52,373
78062,91,2775,7,7,14,348,369,717,4,15,19,736
78911,91,2775,13,13,26,431,111,542,9,12,21,563
78966,91,2775,15,15,30,488,53,541,2,13,15,556
80058,91,2775,39,36,75,294,221,515,24,32,56,571
80193,91,2775,9,13,22,557,500,1057,4,20,24,1081
82060,91,2775,13,14,27,124,104,228,21,28,49,277
82282,91,2775,6,6,12,89,103,192,2,17,19,211
84625,91,2775,1,0,1,1,0,1,0,0,0,1
85596,91,2775,19,21,40,311,277,588,3,10,13,601
85970,91,2775,19,18,37,578,632,1210,8,7,15,1225
86237,91,2775,5,6,11,10,14,24,0,2,2,26
86352,91,2775,8,12,20,26,24,50,9,21,30,80
86727,91,2775,8,8,16,703,597,1300,1,3,4,1304
88133,91,2775,19,28,47,192,184,376,19,32,51,427
88175,91,2775,10,12,22,94,64,158,0,6,6,164
89827,91,2775,11,12,23,108,78,186,8,28,36,222
10281,92,2776,15,16,31,620,570,1190,8,10,18,1208
10841,92,2776,9,12,21,54,51,105,9,24,33,138
11692,92,2776,7,5,12,16,18,34,8,7,15,49
13799,92,2776,11,13,24,197,236,433,4,56,60,493
13882,92,2776,12,14,26,60,61,121,4,5,9,130
15071,92,2776,4,5,9,85,65,150,9,3,12,162
15776,92,2776,15,19,34,125,108,233,7,18,25,258
17353,92,2776,9,7,16,157,114,271,4,6,10,281
18344,92,2776,6,7,13,16,15,31,7,11,18,49
18420,92,2776,9,10,19,20,13,33,2,13,15,48
19066,92,2776,10,12,22,75,65,140,4,11,15,155
23040,92,2776,12,13,25,146,136,282,2,4,6,288
23642,92,2776,3,3,6,5,3,8,1,2,3,11
24853,92,2776,11,9,20,64,51,115,1,9,10,125
25323,92,2776,2,0,2,53,0,53,0,0,0,53
25544,92,2776,5,6,11,5,7,12,0,0,0,12
26127,92,2776,14,15,29,75,67,142,23,21,44,186
26425,92,2776,9,9,18,13,10,23,9,19,28,51
30076,92,2776,15,18,33,138,158,296,4,12,16,312
30952,92,2776,11,7,18,47,38,85,5,5,10,95
31372,92,2776,3,7,10,101,97,198,1,8,9,207
32100,92,2776,17,15,32,181,180,361,10,7,17,378
32174,92,2776,13,12,25,59,46,105,6,9,15,120
32899,92,2776,3,2,5,4,2,6,1,3,4,10
34250,92,2776,9,11,20,63,61,124,5,6,11,135
35227,92,2776,11,13,24,226,243,469,3,14,17,486
36006,92,2776,3,2,5,8,8,16,3,1,4,20
36951,92,2776,38,36,74,291,315,606,7,3,10,616
37617,92,2776,16,19,35,347,195,542,6,16,22,564
38823,92,2776,8,9,17,87,76,163,2,3,5,168
38893,92,2776,8,10,18,41,29,70,2,8,10,80
39701,92,2776,18,20,38,358,412,770,12,47,59,829
39783,92,2776,12,18,30,267,225,492,8,24,32,524
41393,92,2776,10,7,17,54,37,91,5,4,9,100
44520,92,2776,8,6,14,3,1,4,8,8,16,20
44956,92,2776,18,25,43,66,75,141,10,28,38,179
45539,92,2776,10,11,21,257,228,485,3,0,3,488
45945,92,2776,7,8,15,59,54,113,1,7,8,121
46021,92,2776,14,13,27,207,166,373,11,24,35,408
46160,92,2776,6,5,11,34,30,64,2,5,7,71
46584,92,2776,7,12,19,12,12,24,1,13,14,38
46654,92,2776,18,16,34,495,448,943,34,55,89,1032
46771,92,2776,22,27,49,150,128,278,21,34,55,333
48187,92,2776,14,10,24,126,72,198,5,4,9,207
49294,92,2776,6,7,13,172,179,351,2,6,8,359
49597,92,2776,1,1,2,0,0,0,3,2,5,5
50181,92,2776,4,5,9,14,13,27,0,4,4,31
50709,92,2776,10,11,21,103,96,199,4,7,11,210
50947,92,2776,14,19,33,614,611,1225,1,10,11,1236
51597,92,2776,17,19,36,56,53,109,3,19,22,131
51675,92,2776,3,4,7,3,3,6,2,5,7,13
51722,92,2776,12,12,24,67,57,124,1,4,5,129
52067,92,2776,23,22,45,772,595,1367,11,8,19,1386
52385,92,2776,17,26,43,104,88,192,6,33,39,231
52635,92,2776,12,8,20,67,43,110,22,6,28,138
53275,92,2776,7,8,15,5,5,10,9,14,23,33
53884,92,2776,7,9,16,34,33,67,1,1,2,69
57637,92,2776,15,20,35,274,232,506,1,3,4,510
59367,92,2776,6,5,11,34,24,58,4,9,13,71
60482,92,2776,3,0,3,4,0,4,0,0,0,4
62555,92,2776,8,13,21,22,27,49,3,19,22,71
63063,92,2776,14,16,30,105,87,192,3,8,11,203
63188,92,2776,18,19,37,145,105,250,3,8,11,261
63757,92,2776,4,6,10,17,23,40,6,13,19,59
66052,92,2776,26,31,57,60,55,115,22,69,91,206
66245,92,2776,16,17,33,111,104,215,14,16,30,245
66404,92,2776,13,12,25,96,55,151,1,1,2,153
66754,92,2776,12,12,24,249,245,494,0,8,8,502
66991,92,2776,2,2,4,3,4,7,0,0,0,7
68494,92,2776,4,4,8,1,0,1,4,4,8,9
68533,92,2776,12,16,28,78,55,133,9,11,20,153
68633,92,2776,8,10,18,73,61,134,10,14,24,158
69065,92,2776,7,4,11,39,33,72,0,0,0,72
70889,92,2776,14,12,26,94,93,187,3,2,5,192
71627,92,2776,18,19,37,135,99,234,4,8,12,246
71700,92,2776,1,0,1,1,0,1,0,0,0,1
72746,92,2776,10,11,21,48,50,98,3,1,4,102
73175,92,2776,9,10,19,145,160,305,4,6,10,315
73303,92,2776,10,11,21,428,384,812,3,6,9,821
75261,92,2776,18,19,37,298,309,607,20,56,76,683
75468,92,2776,9,11,20,38,44,82,5,14,19,101
76313,92,2776,10,11,21,90,71,161,3,13,16,177
77023,92,2776,11,19,30,45,53,98,10,53,63,161
78062,92,2776,7,7,14,238,260,498,7,10,17,515
78911,92,2776,13,15,28,70,75,145,3,4,7,152
80058,92,2776,25,26,51,205,170,375,3,3,6,381
80193,92,2776,25,30,55,827,779,1606,40,98,138,1744
82060,92,2776,11,10,21,103,87,190,8,15,23,213
82282,92,2776,2,4,6,19,21,40,2,2,4,44
84841,92,2776,12,15,27,40,37,77,14,22,36,113
85970,92,2776,15,14,29,598,657,1255,2,4,6,1261
86237,92,2776,7,9,16,30,36,66,0,1,1,67
86352,92,2776,7,7,14,21,25,46,6,13,19,65
86727,92,2776,10,10,20,616,548,1164,3,0,3,1167
88133,92,2776,15,18,33,118,101,219,12,14,26,245
88175,92,2776,7,8,15,33,26,59,0,5,5,64
89827,92,2776,10,10,20,155,111,266,12,19,31,297
10281,93,2777,13,15,28,688,649,1337,11,7,18,1355
10841,93,2777,13,10,23,48,51,99,7,14,21,120
11692,93,2777,9,10,19,116,114,230,24,14,38,268
13799,93,2777,13,49,62,245,264,509,5,75,80,589
13882,93,2777,13,16,29,110,107,217,2,15,17,234
15071,93,2777,3,5,8,110,88,198,10,6,16,214
15776,93,2777,16,20,36,72,59,131,3,17,20,151
17353,93,2777,8,7,15,114,75,189,5,10,15,204
18344,93,2777,4,4,8,16,15,31,1,1,2,33
18420,93,2777,4,4,8,0,1,1,5,4,9,10
19066,93,2777,15,25,40,130,121,251,4,29,33,284
23040,93,2777,9,9,18,91,95,186,3,1,4,190
23642,93,2777,5,4,9,9,9,18,0,5,5,23
24853,93,2777,10,11,21,49,26,75,5,9,14,89
25544,93,2777,0,2,2,0,3,3,0,0,0,3
26127,93,2777,11,12,23,58,49,107,29,21,50,157
26425,93,2777,9,10,19,53,19,72,1,15,16,88
29914,93,2777,0,1,1,0,1,1,0,0,0,1
30076,93,2777,17,15,32,99,108,207,3,3,6,213
30952,93,2777,8,12,20,8,6,14,9,28,37,51
31372,93,2777,4,8,12,137,134,271,1,6,7,278
32100,93,2777,26,33,59,508,490,998,13,35,48,1046
32174,93,2777,9,11,20,69,52,121,4,8,12,133
32899,93,2777,4,5,9,7,7,14,3,13,16,30
34250,93,2777,10,11,21,68,69,137,16,14,30,167
35227,93,2777,14,15,29,78,81,159,7,9,16,175
36006,93,2777,4,6,10,31,27,58,2,6,8,66
36951,93,2777,19,23,42,109,115,224,5,11,16,240
37617,93,2777,16,18,34,296,172,468,8,16,24,492
38823,93,2777,7,8,15,55,54,109,2,3,5,114
38893,93,2777,9,13,22,96,86,182,9,15,24,206
39701,93,2777,17,19,36,210,223,433,11,22,33,466
39783,93,2777,11,12,23,93,89,182,8,21,29,211
41393,93,2777,10,9,19,134,100,234,8,1,9,243
44520,93,2777,3,6,9,1,1,2,2,8,10,12
44956,93,2777,10,11,21,64,83,147,5,6,11,158
45539,93,2777,7,6,13,296,267,563,5,3,8,571
45945,93,2777,7,8,15,91,71,162,0,5,5,167
46021,93,2777,13,15,28,105,89,194,2,8,10,204
46160,93,2777,3,1,4,3,0,3,0,1,1,4
46584,93,2777,16,28,44,31,24,55,11,62,73,128
46654,93,2777,13,13,26,297,242,539,21,36,57,596
46771,93,2777,21,23,44,151,104,255,5,25,30,285
49294,93,2777,4,6,10,165,163,328,1,6,7,335
49597,93,2777,2,3,5,2,4,6,1,5,6,12
50181,93,2777,9,9,18,7,0,7,10,22,32,39
50709,93,2777,19,18,37,129,97,226,1,2,3,229
50947,93,2777,16,17,33,353,362,715,4,7,11,726
51597,93,2777,12,17,29,32,22,54,4,34,38,92
51675,93,2777,2,3,5,2,0,2,1,8,9,11
51722,93,2777,11,8,19,56,46,102,5,4,9,111
52067,93,2777,20,22,42,895,785,1680,12,7,19,1699
52385,93,2777,12,14,26,35,35,70,3,10,13,83
52635,93,2777,12,11,23,72,23,95,26,15,41,136
53275,93,2777,6,11,17,30,24,54,5,25,30,84
53884,93,2777,6,5,11,47,36,83,0,0,0,83
55594,93,2777,0,5,5,0,14,14,0,0,0,14
57637,93,2777,9,18,27,217,208,425,4,7,11,436
59367,93,2777,5,3,8,17,6,23,0,3,3,26
60482,93,2777,1,0,1,2,0,2,0,0,0,2
62555,93,2777,9,14,23,34,37,71,2,14,16,87
63063,93,2777,15,17,32,103,93,196,2,3,5,201
63188,93,2777,24,26,50,173,159,332,8,13,21,353
63757,93,2777,6,5,11,8,7,15,3,9,12,27
66052,93,2777,25,33,58,114,111,225,33,82,115,340
66245,93,2777,20,21,41,203,215,418,13,19,32,450
66404,93,2777,14,11,25,119,24,143,0,2,2,145
66754,93,2777,21,22,43,377,362,739,11,31,42,781
68633,93,2777,8,7,15,81,61,142,12,26,38,180
69065,93,2777,12,10,22,201,146,347,1,4,5,352
70889,93,2777,12,10,22,116,98,214,1,1,2,216
71518,93,2777,2,0,2,2,0,2,0,0,0,2
71627,93,2777,27,31,58,284,232,516,9,37,46,562
72746,93,2777,12,13,25,37,43,80,4,6,10,90
73175,93,2777,10,9,19,107,100,207,3,5,8,215
75261,93,2777,18,20,38,239,255,494,7,39,46,540
75468,93,2777,7,9,16,11,12,23,2,7,9,32
76313,93,2777,8,7,15,127,89,216,6,10,16,232
77023,93,2777,7,11,18,36,49,85,0,13,13,98
78062,93,2777,8,7,15,254,280,534,5,7,12,546
78911,93,2777,14,15,29,121,135,256,3,4,7,263
80058,93,2777,18,18,36,383,313,696,7,14,21,717
80193,93,2777,18,20,38,375,307,682,22,68,90,772
82060,93,2777,3,4,7,16,15,31,3,6,9,40
82282,93,2777,6,5,11,26,32,58,3,1,4,62
84841,93,2777,16,16,32,61,60,121,17,41,58,179
85970,93,2777,18,20,38,565,611,1176,5,20,25,1201
86237,93,2777,2,1,3,3,1,4,0,0,0,4
86352,93,2777,9,9,18,22,27,49,4,10,14,63
86727,93,2777,7,7,14,651,570,1221,0,1,1,1222
88133,93,2777,16,18,34,149,138,287,12,15,27,314
88175,93,2777,9,14,23,78,69,147,0,15,15,162
89827,93,2777,14,12,26,204,147,351,17,21,38,389
10281,94,2778,14,18,32,748,665,1413,8,19,27,1440
10841,94,2778,11,9,20,72,69,141,4,9,13,154
11692,94,2778,8,9,17,130,141,271,17,14,31,302
13799,94,2778,15,19,34,307,321,628,3,38,41,669
13882,94,2778,12,16,28,84,75,159,4,9,13,172
15071,94,2778,7,7,14,116,110,226,22,12,34,260
15776,94,2778,24,24,48,145,140,285,8,18,26,311
17353,94,2778,1,0,1,2,0,2,0,0,0,2
18420,94,2778,5,2,7,1,0,1,4,2,6,7
19066,94,2778,22,21,43,164,141,305,8,15,23,328
23040,94,2778,9,10,19,101,92,193,1,0,1,194
23642,94,2778,6,5,11,26,17,43,1,7,8,51
24853,94,2778,10,9,19,44,24,68,0,5,5,73
25544,94,2778,4,4,8,11,13,24,0,0,0,24
25947,94,2778,6,4,10,15,10,25,0,0,0,25
26127,94,2778,12,13,25,107,113,220,26,33,59,279
26425,94,2778,13,13,26,48,30,78,5,6,11,89
30076,94,2778,13,16,29,102,106,208,3,4,7,215
30952,94,2778,6,5,11,36,22,58,2,0,2,60
31372,94,2778,5,5,10,259,267,526,1,2,3,529
32100,94,2778,19,24,43,324,327,651,10,29,39,690
32174,94,2778,8,8,16,24,20,44,8,6,14,58
32899,94,2778,1,3,4,11,15,26,0,4,4,30
34250,94,2778,12,15,27,49,45,94,20,23,43,137
35227,94,2778,8,8,16,79,83,162,7,8,15,177
36006,94,2778,3,3,6,15,12,27,2,3,5,32
36951,94,2778,19,17,36,132,125,257,3,1,4,261
37617,94,2778,13,13,26,321,177,498,4,15,19,517
38823,94,2778,10,10,20,51,48,99,2,5,7,106
38893,94,2778,9,10,19,52,33,85,6,11,17,102
39701,94,2778,22,23,45,211,224,435,4,15,19,454
39783,94,2778,14,17,31,208,193,401,9,33,42,443
40629,94,2778,7,6,13,35,33,68,4,5,9,77
41393,94,2778,15,16,31,63,50,113,0,1,1,114
44520,94,2778,4,6,10,48,42,90,1,5,6,96
44956,94,2778,8,10,18,26,37,63,1,11,12,75
45539,94,2778,7,6,13,273,253,526,6,3,9,535
45945,94,2778,8,8,16,82,83,165,1,5,6,171
46160,94,2778,4,4,8,15,16,31,0,5,5,36
46584,94,2778,8,7,15,10,1,11,7,7,14,25
46654,94,2778,14,17,31,259,250,509,32,61,93,602
49294,94,2778,5,6,11,185,178,363,2,12,14,377
49597,94,2778,3,6,9,19,19,38,1,3,4,42
50181,94,2778,6,9,15,9,6,15,4,12,16,31
50709,94,2778,8,7,15,41,34,75,4,10,14,89
50947,94,2778,12,13,25,443,435,878,2,4,6,884
51597,94,2778,10,14,24,28,21,49,6,12,18,67
51675,94,2778,2,3,5,2,0,2,2,4,6,8
51722,94,2778,7,11,18,46,40,86,3,5,8,94
52067,94,2778,35,36,71,999,957,1956,4,7,11,1967
52385,94,2778,10,10,20,42,48,90,1,4,5,95
52635,94,2778,10,10,20,55,43,98,22,14,36,134
53275,94,2778,7,11,18,10,9,19,8,30,38,57
53884,94,2778,7,8,15,77,59,136,3,2,5,141
55594,94,2778,0,7,7,0,6,6,0,3,3,9
57637,94,2778,13,17,30,232,232,464,4,9,13,477
59367,94,2778,3,6,9,22,17,39,0,3,3,42
62555,94,2778,2,7,9,4,1,5,0,17,17,22
63063,94,2778,22,22,44,165,112,277,4,17,21,298
63188,94,2778,12,13,25,91,90,181,3,9,12,193
63757,94,2778,6,8,14,17,15,32,4,6,10,42
66052,94,2778,33,42,75,197,160,357,27,83,110,467
66245,94,2778,15,16,31,121,123,244,15,20,35,279
66404,94,2778,9,9,18,96,52,148,0,2,2,150
66754,94,2778,7,8,15,234,220,454,1,9,10,464
68494,94,2778,2,3,5,1,1,2,1,2,3,5
68633,94,2778,13,13,26,96,80,176,12,18,30,206
69065,94,2778,7,1,8,75,0,75,0,1,1,76
70889,94,2778,13,10,23,63,65,128,1,0,1,129
71518,94,2778,13,11,24,47,43,90,9,17,26,116
71627,94,2778,28,37,65,198,171,369,8,24,32,401
72746,94,2778,12,14,26,51,77,128,6,11,17,145
73175,94,2778,9,10,19,58,63,121,1,5,6,127
75261,94,2778,18,19,37,230,217,447,12,43,55,502
75468,94,2778,9,14,23,24,29,53,3,10,13,66
76313,94,2778,5,7,12,186,148,334,0,4,4,338
78062,94,2778,2,0,2,2,0,2,0,0,0,2
78911,94,2778,13,14,27,274,271,545,3,12,15,560
80058,94,2778,18,16,34,310,231,541,3,5,8,549
80193,94,2778,12,16,28,490,492,982,14,30,44,1026
82282,94,2778,4,5,9,12,18,30,3,4,7,37
83568,94,2778,9,13,22,90,59,149,11,8,19,168
84841,94,2778,26,17,43,188,149,337,33,59,92,429
85970,94,2778,19,19,38,394,455,849,2,28,30,879
86237,94,2778,4,2,6,3,4,7,2,0,2,9
86727,94,2778,9,6,15,471,407,878,1,0,1,879
88133,94,2778,15,18,33,98,84,182,12,17,29,211
88175,94,2778,22,22,44,84,64,148,0,3,3,151
89827,94,2778,12,16,28,106,66,172,12,38,50,222
10281,95,2779,9,10,19,557,483,1040,9,14,23,1063
10841,95,2779,18,16,34,60,52,112,2,12,14,126
11692,95,2779,9,7,16,105,89,194,9,3,12,206
13799,95,2779,15,13,28,376,396,772,5,32,37,809
13882,95,2779,17,25,42,134,147,281,4,18,22,303
15071,95,2779,5,3,8,136,147,283,13,5,18,301
15776,95,2779,17,16,33,73,56,129,7,12,19,148
18420,95,2779,9,2,11,7,4,11,5,0,5,16
19066,95,2779,16,20,36,134,129,263,10,23,33,296
23040,95,2779,11,9,20,105,117,222,4,5,9,231
23642,95,2779,7,5,12,101,109,210,13,12,25,235
24853,95,2779,3,4,7,14,9,23,1,7,8,31
25544,95,2779,7,4,11,13,6,19,2,1,3,22
25947,95,2779,13,11,24,64,33,97,6,5,11,108
26127,95,2779,7,8,15,28,31,59,40,38,78,137
26425,95,2779,10,7,17,52,33,85,2,4,6,91
30076,95,2779,14,17,31,66,61,127,6,12,18,145
30952,95,2779,1,0,1,1,0,1,0,0,0,1
31372,95,2779,12,12,24,319,327,646,2,12,14,660
32100,95,2779,17,22,39,278,263,541,7,26,33,574
32174,95,2779,11,11,22,39,24,63,12,14,26,89
32899,95,2779,4,5,9,7,8,15,4,7,11,26
34250,95,2779,15,15,30,41,38,79,34,52,86,165
35227,95,2779,3,0,3,3,0,3,0,0,0,3
36006,95,2779,5,3,8,7,6,13,4,1,5,18
36951,95,2779,17,15,32,131,117,248,5,6,11,259
37617,95,2779,16,15,31,265,199,464,2,7,9,473
38823,95,2779,7,9,16,67,62,129,3,2,5,134
38893,95,2779,8,7,15,28,28,56,3,5,8,64
39701,95,2779,22,28,50,237,254,491,6,6,12,503
39783,95,2779,17,17,34,165,158,323,5,14,19,342
40629,95,2779,15,11,26,86,68,154,6,6,12,166
41393,95,2779,15,11,26,66,41,107,9,7,16,123
44520,95,2779,5,4,9,1,0,1,4,5,9,10
44956,95,2779,13,18,31,50,76,126,1,15,16,142
45539,95,2779,12,7,19,297,255,552,11,4,15,567
45945,95,2779,9,8,17,105,117,222,3,9,12,234
46160,95,2779,15,15,30,56,42,98,3,23,26,124
46584,95,2779,8,4,12,13,1,14,1,8,9,23
46654,95,2779,15,13,28,332,309,641,38,35,73,714
49294,95,2779,6,5,11,341,359,700,1,3,4,704
49597,95,2779,4,6,10,26,25,51,3,7,10,61
50181,95,2779,15,10,25,20,9,29,11,14,25,54
50709,95,2779,6,5,11,36,29,65,0,8,8,73
50947,95,2779,14,18,32,758,725,1483,3,18,21,1504
51597,95,2779,16,13,29,51,47,98,7,12,19,117
51675,95,2779,5,6,11,6,2,8,4,15,19,27
51722,95,2779,14,11,25,56,45,101,12,14,26,127
52067,95,2779,20,20,40,740,700,1440,16,7,23,1463
52385,95,2779,16,20,36,182,147,329,2,8,10,339
52635,95,2779,10,10,20,46,35,81,10,12,22,103
53275,95,2779,9,11,20,14,13,27,18,33,51,78
53884,95,2779,6,3,9,10,10,20,2,1,3,23
55594,95,2779,0,4,4,0,3,3,0,1,1,4
57637,95,2779,15,14,29,240,229,469,5,3,8,477
59367,95,2779,10,12,22,22,22,44,4,17,21,65
62555,95,2779,3,3,6,3,1,4,0,4,4,8
63063,95,2779,21,20,41,203,178,381,5,25,30,411
63188,95,2779,14,14,28,127,85,212,0,4,4,216
63757,95,2779,3,9,12,5,10,15,0,13,13,28
66052,95,2779,47,52,99,191,155,346,32,64,96,442
66245,95,2779,21,19,40,162,159,321,20,23,43,364
66404,95,2779,13,12,25,78,48,126,1,6,7,133
66754,95,2779,16,15,31,366,355,721,3,16,19,740
68494,95,2779,19,23,42,583,450,1033,10,20,30,1063
69065,95,2779,1,0,1,1,0,1,0,0,0,1
70889,95,2779,11,10,21,123,104,227,0,0,0,227
71518,95,2779,11,10,21,42,40,82,2,13,15,97
71627,95,2779,18,18,36,96,68,164,5,20,25,189
72746,95,2779,11,10,21,46,60,106,2,2,4,110
73175,95,2779,8,8,16,31,31,62,2,15,17,79
75261,95,2779,27,31,58,168,164,332,8,50,58,390
75468,95,2779,6,8,14,29,17,46,2,6,8,54
76313,95,2779,9,10,19,83,62,145,0,5,5,150
78062,95,2779,2,0,2,2,0,2,0,0,0,2
78911,95,2779,19,22,41,259,262,521,7,18,25,546
80058,95,2779,18,16,34,311,241,552,7,1,8,560
80193,95,2779,7,10,17,460,447,907,15,52,67,974
82282,95,2779,7,4,11,33,36,69,5,8,13,82
83568,95,2779,9,0,9,13,0,13,1,0,1,14
84841,95,2779,20,23,43,201,190,391,13,32,45,436
85970,95,2779,25,24,49,471,530,1001,9,20,29,1030
86237,95,2779,5,4,9,21,21,42,0,0,0,42
86727,95,2779,6,5,11,377,330,707,1,0,1,708
88133,95,2779,14,13,27,119,96,215,14,15,29,244
88175,95,2779,10,9,19,54,54,108,1,2,3,111
89827,95,2779,13,12,25,158,100,258,20,20,40,298
10281,96,2780,10,10,20,565,538,1103,3,23,26,1129
10841,96,2780,12,10,22,41,36,77,4,12,16,93
11692,96,2780,10,9,19,110,118,228,12,7,19,247
13799,96,2780,13,14,27,181,185,366,5,32,37,403
13882,96,2780,15,13,28,114,107,221,2,11,13,234
15071,96,2780,6,7,13,165,159,324,8,11,19,343
15776,96,2780,11,20,31,59,35,94,3,21,24,118
17353,96,2780,1,0,1,6,0,6,0,0,0,6
18420,96,2780,0,2,2,0,1,1,0,1,1,2
19066,96,2780,19,22,41,139,149,288,5,26,31,319
23040,96,2780,11,11,22,125,120,245,0,4,4,249
23642,96,2780,3,3,6,14,16,30,1,5,6,36
24853,96,2780,3,2,5,7,3,10,0,0,0,10
25544,96,2780,2,2,4,8,4,12,0,0,0,12
25947,96,2780,18,21,39,60,35,95,5,17,22,117
26127,96,2780,14,9,23,47,36,83,39,22,61,144
26425,96,2780,4,10,14,10,13,23,1,10,11,34
30076,96,2780,17,15,32,95,91,186,3,1,4,190
31372,96,2780,9,10,19,333,352,685,2,6,8,693
32100,96,2780,16,17,33,431,410,841,2,14,16,857
32174,96,2780,13,17,30,31,28,59,8,16,24,83
32899,96,2780,1,2,3,0,0,0,1,2,3,3
34250,96,2780,11,14,25,31,32,63,26,33,59,122
36006,96,2780,2,3,5,6,4,10,6,4,10,20
36951,96,2780,16,16,32,143,123,266,0,4,4,270
37617,96,2780,11,11,22,140,72,212,2,12,14,226
38823,96,2780,9,10,19,79,67,146,4,1,5,151
38893,96,2780,6,5,11,26,26,52,4,7,11,63
39701,96,2780,22,21,43,267,293,560,4,19,23,583
39783,96,2780,28,22,50,179,163,342,15,51,66,408
40629,96,2780,10,13,23,61,55,116,1,7,8,124
41393,96,2780,10,9,19,48,34,82,6,4,10,92
44520,96,2780,3,3,6,1,0,1,2,4,6,7
44956,96,2780,9,9,18,31,40,71,1,13,14,85
45539,96,2780,6,7,13,177,147,324,6,1,7,331
45945,96,2780,9,10,19,71,65,136,3,6,9,145
46160,96,2780,12,15,27,47,37,84,2,7,9,93
46584,96,2780,6,5,11,5,2,7,2,5,7,14
46654,96,2780,13,11,24,284,271,555,27,38,65,620
49294,96,2780,3,4,7,245,237,482,0,7,7,489
49597,96,2780,6,8,14,36,40,76,0,3,3,79
50181,96,2780,15,9,24,28,16,44,9,5,14,58
50709,96,2780,8,11,19,47,38,85,6,6,12,97
50947,96,2780,12,15,27,460,465,925,1,15,16,941
51597,96,2780,12,14,26,40,38,78,3,10,13,91
51675,96,2780,2,3,5,9,6,15,0,6,6,21
51722,96,2780,15,15,30,60,45,105,3,12,15,120
52067,96,2780,31,27,58,325,303,628,10,12,22,650
52385,96,2780,12,11,23,149,123,272,7,10,17,289
52635,96,2780,9,10,19,22,15,37,7,14,21,58
53275,96,2780,4,9,13,30,8,38,10,18,28,66
53884,96,2780,5,5,10,35,24,59,2,2,4,63
55594,96,2780,0,8,8,0,9,9,0,2,2,11
57637,96,2780,17,19,36,211,195,406,4,12,16,422
59367,96,2780,6,10,16,19,18,37,4,25,29,66
62555,96,2780,4,8,12,10,11,21,2,12,14,35
63063,96,2780,14,20,34,178,157,335,3,19,22,357
63188,96,2780,11,11,22,74,62,136,5,7,12,148
63757,96,2780,5,8,13,4,2,6,1,10,11,17
66052,96,2780,29,36,65,155,129,284,32,77,109,393
66245,96,2780,17,24,41,149,139,288,16,24,40,328
66404,96,2780,18,18,36,200,99,299,1,3,4,303
66754,96,2780,9,10,19,235,261,496,1,4,5,501
68494,96,2780,17,21,38,524,387,911,11,18,29,940
69065,96,2780,2,0,2,100,0,100,0,0,0,100
70889,96,2780,8,7,15,36,29,65,1,5,6,71
71518,96,2780,6,5,11,49,50,99,1,6,7,106
71627,96,2780,23,30,53,133,131,264,9,29,38,302
72746,96,2780,11,13,24,55,77,132,8,12,20,152
73175,96,2780,7,6,13,17,13,30,3,4,7,37
73303,96,2780,2,0,2,1,0,1,1,0,1,2
75261,96,2780,29,37,66,395,361,756,10,112,122,878
75468,96,2780,6,10,16,18,22,40,4,8,12,52
76313,96,2780,9,9,18,109,94,203,2,10,12,215
78062,96,2780,1,0,1,1,0,1,0,0,0,1
78911,96,2780,11,12,23,70,79,149,4,9,13,162
80058,96,2780,10,9,19,72,58,130,4,2,6,136
80193,96,2780,10,18,28,391,397,788,30,64,94,882
82282,96,2780,4,5,9,5,11,16,1,3,4,20
83568,96,2780,7,7,14,120,24,144,2,7,9,153
84841,96,2780,18,17,35,118,104,222,14,33,47,269
85970,96,2780,22,21,43,389,429,818,3,13,16,834
86237,96,2780,5,4,9,9,6,15,0,1,1,16
86352,96,2780,2,1,3,2,1,3,0,0,0,3
86727,96,2780,8,6,14,545,485,1030,1,1,2,1032
88133,96,2780,14,11,25,54,47,101,10,8,18,119
88175,96,2780,10,11,21,60,53,113,0,6,6,119
89827,96,2780,9,11,20,65,45,110,9,23,32,142
10281,97,2781,9,15,24,766,625,1391,7,19,26,1417
10841,97,2781,12,9,21,45,21,66,5,8,13,79
11692,97,2781,9,8,17,103,92,195,4,3,7,202
13799,97,2781,21,43,64,309,359,668,7,32,39,707
13882,97,2781,12,12,24,149,157,306,1,0,1,307
15071,97,2781,2,5,7,78,88,166,8,5,13,179
15776,97,2781,16,18,34,103,94,197,7,19,26,223
18420,97,2781,6,4,10,13,11,24,1,2,3,27
19066,97,2781,27,33,60,150,139,289,11,40,51,340
23040,97,2781,9,8,17,113,96,209,2,3,5,214
23642,97,2781,3,4,7,24,28,52,0,0,0,52
24853,97,2781,5,4,9,9,6,15,0,4,4,19
25323,97,2781,2,2,4,2,3,5,0,0,0,5
25544,97,2781,4,3,7,11,10,21,0,0,0,21
25947,97,2781,18,16,34,53,33,86,5,12,17,103
26127,97,2781,9,6,15,12,11,23,20,21,41,64
26425,97,2781,7,8,15,44,41,85,1,8,9,94
28831,97,2781,2,2,4,9,7,16,1,6,7,23
30076,97,2781,10,17,27,229,202,431,2,6,8,439
31372,97,2781,7,7,14,288,292,580,1,5,6,586
32100,97,2781,14,16,30,268,243,511,2,14,16,527
32174,97,2781,10,11,21,58,41,99,7,12,19,118
32899,97,2781,1,3,4,0,0,0,1,4,5,5
34250,97,2781,7,15,22,50,46,96,10,37,47,143
35227,97,2781,2,0,2,2,0,2,0,0,0,2
36006,97,2781,2,3,5,15,14,29,0,1,1,30
36951,97,2781,14,16,30,167,140,307,7,5,12,319
37617,97,2781,11,11,22,132,39,171,0,2,2,173
38823,97,2781,6,5,11,57,44,101,7,9,16,117
38893,97,2781,5,9,14,55,36,91,2,15,17,108
39701,97,2781,14,15,29,395,393,788,1,15,16,804
39783,97,2781,14,19,33,104,124,228,6,28,34,262
40629,97,2781,9,7,16,41,42,83,2,1,3,86
41393,97,2781,11,10,21,55,34,89,6,3,9,98
44520,97,2781,1,0,1,1,0,1,0,0,0,1
44956,97,2781,12,15,27,53,86,139,4,8,12,151
45539,97,2781,6,6,12,281,260,541,2,5,7,548
45945,97,2781,11,13,24,117,117,234,1,9,10,244
46160,97,2781,12,10,22,26,14,40,1,9,10,50
46584,97,2781,6,13,19,10,4,14,4,20,24,38
46654,97,2781,9,6,15,381,353,734,32,30,62,796
49294,97,2781,3,4,7,239,218,457,0,1,1,458
49597,97,2781,5,5,10,31,36,67,7,9,16,83
50181,97,2781,11,6,17,11,5,16,5,6,11,27
50709,97,2781,11,11,22,89,72,161,0,9,9,170
50947,97,2781,18,22,40,516,521,1037,3,7,10,1047
51597,97,2781,11,15,26,53,40,93,1,19,20,113
51675,97,2781,5,5,10,7,8,15,2,10,12,27
51722,97,2781,13,11,24,53,43,96,1,3,4,100
52067,97,2781,23,24,47,224,202,426,13,6,19,445
52385,97,2781,13,11,24,300,256,556,3,9,12,568
52635,97,2781,7,10,17,19,14,33,6,9,15,48
53275,97,2781,11,10,21,29,16,45,11,24,35,80
53884,97,2781,5,4,9,28,18,46,0,1,1,47
55594,97,2781,16,18,34,60,47,107,12,29,41,148
57637,97,2781,11,12,23,149,151,300,3,12,15,315
59367,97,2781,4,11,15,21,30,51,0,3,3,54
60482,97,2781,1,1,2,2,0,2,0,1,1,3
62555,97,2781,21,17,38,45,6,51,1,21,22,73
63063,97,2781,21,22,43,380,297,677,16,37,53,730
63188,97,2781,20,21,41,115,95,210,7,5,12,222
63757,97,2781,7,10,17,17,15,32,0,21,21,53
66052,97,2781,27,32,59,123,96,219,38,62,100,319
66245,97,2781,14,17,31,150,143,293,15,22,37,330
66404,97,2781,16,14,30,80,59,139,1,7,8,147
66754,97,2781,8,8,16,206,200,406,3,14,17,423
68494,97,2781,14,28,42,347,293,640,18,40,58,698
69065,97,2781,5,1,6,40,0,40,0,1,1,41
70889,97,2781,13,11,24,63,62,125,1,9,10,135
71627,97,2781,24,24,48,129,85,214,3,18,21,235
72746,97,2781,12,16,28,123,136,259,16,27,43,302
73175,97,2781,6,5,11,16,20,36,2,2,4,40
73303,97,2781,10,9,19,349,323,672,5,4,9,681
75261,97,2781,26,29,55,306,293,599,18,42,60,659
75468,97,2781,8,6,14,9,7,16,3,9,12,28
76313,97,2781,11,12,23,126,107,233,0,3,3,236
78911,97,2781,15,15,30,157,143,300,6,6,12,312
80058,97,2781,9,10,19,192,143,335,3,2,5,340
80193,97,2781,19,17,36,578,584,1162,31,65,96,1258
82282,97,2781,4,5,9,27,32,59,1,5,6,65
83568,97,2781,11,12,23,155,22,177,5,15,20,197
84841,97,2781,18,21,39,192,188,380,17,33,50,430
85596,97,2781,14,15,29,192,198,390,0,4,4,394
85970,97,2781,21,21,42,522,590,1112,6,17,23,1135
86727,97,2781,8,7,15,605,551,1156,2,2,4,1160
88133,97,2781,11,12,23,65,81,146,3,10,13,159
88175,97,2781,4,6,10,42,39,81,1,4,5,86
89827,97,2781,13,7,20,104,64,168,14,12,26,194
10281,98,2782,9,8,17,355,292,647,4,5,9,656
10841,98,2782,10,8,18,22,19,41,2,6,8,49
11692,98,2782,8,6,14,57,63,120,5,1,6,126
13799,98,2782,11,12,23,163,173,336,5,27,32,368
13882,98,2782,18,24,42,148,153,301,5,11,16,317
15071,98,2782,3,5,8,35,30,65,14,10,24,89
15776,98,2782,24,26,50,162,141,303,4,18,22,325
18420,98,2782,5,3,8,11,17,28,4,2,6,34
19066,98,2782,18,22,40,81,84,165,3,15,18,183
23040,98,2782,7,7,14,96,92,188,2,4,6,194
23642,98,2782,7,6,13,84,99,183,2,2,4,187
24853,98,2782,4,9,13,19,13,32,0,8,8,40
25544,98,2782,3,3,6,9,6,15,0,0,0,15
25947,98,2782,9,5,14,17,13,30,3,7,10,40
26127,98,2782,12,7,19,27,33,60,28,24,52,112
26425,98,2782,15,13,28,39,31,70,3,13,16,86
28831,98,2782,2,4,6,16,18,34,0,3,3,37
30076,98,2782,13,17,30,67,69,136,0,2,2,138
31372,98,2782,4,6,10,196,189,385,5,6,11,396
32100,98,2782,16,17,33,415,381,796,8,13,21,817
32174,98,2782,10,7,17,180,128,308,7,6,13,321
32899,98,2782,3,2,5,12,15,27,1,0,1,28
34250,98,2782,9,10,19,47,44,91,9,26,35,126
35227,98,2782,6,23,29,21,27,48,3,56,59,107
36951,98,2782,32,35,67,236,228,464,3,9,12,476
37617,98,2782,14,13,27,196,88,284,0,9,9,293
38823,98,2782,4,3,7,32,22,54,1,0,1,55
38893,98,2782,13,14,27,177,159,336,2,14,16,352
38901,98,2782,1,0,1,1,0,1,0,0,0,1
39701,98,2782,10,15,25,258,257,515,0,24,24,539
39783,98,2782,19,20,39,169,149,318,10,22,32,350
40629,98,2782,15,12,27,93,79,172,7,12,19,191
41393,98,2782,19,16,35,112,112,224,6,6,12,236
44520,98,2782,2,3,5,1,0,1,1,4,5,6
44956,98,2782,6,9,15,16,24,40,1,10,11,51
45539,98,2782,6,5,11,135,121,256,3,5,8,264
45945,98,2782,11,11,22,85,54,139,10,20,30,169
46160,98,2782,9,13,22,21,24,45,1,14,15,60
46584,98,2782,8,13,21,19,11,30,5,24,29,59
46654,98,2782,9,11,20,303,281,584,21,32,53,637
49294,98,2782,7,6,13,117,119,236,2,3,5,241
49597,98,2782,5,5,10,12,11,23,1,6,7,30
50181,98,2782,9,9,18,14,11,25,5,9,14,39
50709,98,2782,10,5,15,67,43,110,5,3,8,118
50947,98,2782,10,16,26,257,275,532,1,314,315,847
51597,98,2782,16,23,39,61,58,119,2,7,9,128
51675,98,2782,1,3,4,18,18,36,0,5,5,41
51722,98,2782,14,13,27,77,69,146,9,5,14,160
52067,98,2782,19,19,38,141,134,275,6,5,11,286
52385,98,2782,19,21,40,269,205,474,7,18,25,499
52635,98,2782,7,11,18,24,16,40,8,9,17,57
53275,98,2782,1,1,2,106,11,117,4,0,4,121
53884,98,2782,4,3,7,19,15,34,0,1,1,35
55594,98,2782,4,9,13,8,9,17,4,11,15,32
57637,98,2782,8,10,18,134,117,251,4,15,19,270
59367,98,2782,7,7,14,26,22,48,2,9,11,59
62555,98,2782,8,9,17,27,28,55,1,12,13,68
63063,98,2782,13,8,21,136,114,250,6,8,14,264
63188,98,2782,17,15,32,80,52,132,6,14,20,152
63757,98,2782,7,2,9,13,3,16,0,27,27,43
66052,98,2782,28,33,61,162,140,302,35,96,131,433
66245,98,2782,21,16,37,129,122,251,18,21,39,290
66404,98,2782,15,8,23,43,23,66,0,6,6,72
66754,98,2782,10,10,20,286,286,572,4,8,12,584
68494,98,2782,15,19,34,131,98,229,5,32,37,266
69065,98,2782,4,3,7,54,14,68,0,1,1,69
70889,98,2782,10,9,19,92,82,174,1,2,3,177
71627,98,2782,27,29,56,166,135,301,5,16,21,322
72746,98,2782,10,12,22,95,93,188,4,6,10,198
73175,98,2782,7,7,14,24,27,51,6,3,9,60
73303,98,2782,10,10,20,270,217,487,0,1,1,488
75261,98,2782,30,34,64,353,335,688,13,41,54,742
75468,98,2782,7,8,15,27,23,50,6,10,16,66
76313,98,2782,27,29,56,246,268,514,7,9,16,530
78062,98,2782,2,4,6,7,10,17,0,0,0,17
78911,98,2782,13,12,25,78,81,159,5,4,9,168
80058,98,2782,20,17,37,310,247,557,1,5,6,563
80193,98,2782,12,20,32,472,538,1010,18,87,105,1115
82282,98,2782,4,3,7,15,18,33,1,1,2,35
83568,98,2782,20,23,43,206,44,250,15,24,39,289
84625,98,2782,1,0,1,1,0,1,0,0,0,1
84841,98,2782,17,18,35,122,109,231,13,21,34,265
85596,98,2782,25,23,48,244,245,489,4,10,14,503
85970,98,2782,23,23,46,550,615,1165,10,6,16,1181
86727,98,2782,6,6,12,273,265,538,0,1,1,539
88133,98,2782,6,8,14,56,50,106,2,3,5,111
88175,98,2782,11,13,24,105,90,195,4,32,36,231
89827,98,2782,9,7,16,119,74,193,14,19,33,226
10281,99,2783,17,16,33,832,785,1617,10,10,20,1637
10841,99,2783,12,11,23,45,40,85,2,7,9,94
11692,99,2783,6,5,11,100,108,208,5,5,10,218
13799,99,2783,13,15,28,514,516,1030,5,25,30,1060
13882,99,2783,27,28,55,245,250,495,3,5,8,503
15071,99,2783,8,11,19,102,120,222,8,14,22,244
15776,99,2783,24,25,49,104,96,200,9,19,28,228
18420,99,2783,6,4,10,15,12,27,0,2,2,29
19066,99,2783,17,20,37,106,116,222,7,23,30,252
23040,99,2783,14,15,29,113,114,227,2,7,9,236
23642,99,2783,3,3,6,74,84,158,1,7,8,166
24853,99,2783,7,6,13,128,15,143,0,3,3,146
25544,99,2783,1,1,2,1,1,2,0,0,0,2
25947,99,2783,15,15,30,42,44,86,2,11,13,99
26425,99,2783,7,8,15,102,29,131,1,5,6,137
28831,99,2783,4,5,9,67,81,148,1,5,6,154
30076,99,2783,13,19,32,104,100,204,0,4,4,208
31372,99,2783,5,9,14,190,191,381,3,5,8,389
32100,99,2783,19,16,35,227,215,442,7,3,10,452
32174,99,2783,11,7,18,39,26,65,5,5,10,75
32899,99,2783,2,3,5,4,5,9,2,6,8,17
34250,99,2783,7,9,16,52,45,97,5,21,26,123
35227,99,2783,10,10,20,64,63,127,6,5,11,138
36006,99,2783,3,3,6,29,26,55,3,2,5,60
36951,99,2783,21,22,43,198,174,372,6,7,13,385
37617,99,2783,15,18,33,393,255,648,8,22,30,678
38823,99,2783,7,9,16,62,59,121,1,6,7,128
38893,99,2783,14,14,28,85,84,169,6,15,21,190
39701,99,2783,15,20,35,327,335,662,2,20,22,684
39783,99,2783,19,18,37,198,208,406,15,29,44,450
40629,99,2783,7,8,15,31,19,50,4,5,9,59
41393,99,2783,17,16,33,59,46,105,4,6,10,115
44520,99,2783,4,3,7,3,0,3,4,5,9,12
44956,99,2783,6,10,16,13,15,28,0,12,12,40
45539,99,2783,8,8,16,534,495,1029,5,0,5,1034
45945,99,2783,9,12,21,59,55,114,5,13,18,132
46160,99,2783,11,10,21,37,27,64,2,5,7,71
46584,99,2783,8,15,23,13,3,16,5,31,36,52
46654,99,2783,13,12,25,253,225,478,21,45,66,544
49294,99,2783,3,2,5,137,144,281,1,1,2,283
49597,99,2783,5,5,10,26,48,74,0,7,7,81
50181,99,2783,8,6,14,13,5,18,5,5,10,28
50709,99,2783,13,10,23,68,41,109,5,9,14,123
50947,99,2783,10,9,19,328,311,639,1,2,3,642
51597,99,2783,11,16,27,42,34,76,3,12,15,91
51675,99,2783,4,2,6,5,5,10,0,1,1,11
51722,99,2783,11,12,23,75,67,142,0,2,2,144
52067,99,2783,21,19,40,288,280,568,6,3,9,577
52385,99,2783,11,18,29,79,74,153,2,18,20,173
52635,99,2783,8,7,15,27,15,42,14,13,27,69
53275,99,2783,3,3,6,58,19,77,0,3,3,80
53884,99,2783,5,5,10,48,31,79,1,2,3,82
55594,99,2783,10,10,20,21,22,43,6,6,12,55
57637,99,2783,8,9,17,146,126,272,3,3,6,278
58909,99,2783,4,4,8,49,37,86,0,0,0,86
59367,99,2783,6,5,11,12,8,20,3,3,6,26
62555,99,2783,10,20,30,32,25,57,2,26,28,85
63063,99,2783,10,10,20,17,13,30,4,17,21,51
63188,99,2783,14,16,30,140,98,238,4,5,9,247
63757,99,2783,4,9,13,9,5,14,2,36,38,52
66052,99,2783,29,39,68,178,162,340,18,55,73,413
66404,99,2783,22,12,34,72,24,96,0,3,3,99
66754,99,2783,6,8,14,251,249,500,3,6,9,509
68494,99,2783,17,24,41,336,237,573,17,29,46,619
69065,99,2783,9,6,15,188,85,273,0,4,4,277
70889,99,2783,6,6,12,40,36,76,0,0,0,76
71627,99,2783,19,21,40,166,143,309,3,20,23,332
72746,99,2783,11,11,22,70,71,141,6,8,14,155
73175,99,2783,14,14,28,53,116,169,10,15,25,194
73303,99,2783,7,10,17,425,358,783,1,4,5,788
75178,99,2783,3,0,3,4,0,4,0,0,0,4
75261,99,2783,23,24,47,244,257,501,22,33,55,556
75468,99,2783,11,14,25,47,42,89,1,16,17,106
76313,99,2783,7,8,15,103,79,182,3,5,8,190
78062,99,2783,1,0,1,1,0,1,0,0,0,1
78911,99,2783,12,13,25,70,69,139,7,23,30,169
80193,99,2783,10,19,29,634,638,1272,16,82,98,1370
82282,99,2783,3,3,6,17,24,41,0,4,4,45
83568,99,2783,14,17,31,85,28,113,14,30,44,157
84625,99,2783,1,0,1,1,0,1,0,0,0,1
84841,99,2783,20,19,39,185,139,324,14,39,53,377
85596,99,2783,20,20,40,414,413,827,2,14,16,843
85970,99,2783,28,26,54,544,557,1101,7,20,27,1128
86352,99,2783,4,4,8,3,2,5,2,8,10,15
86727,99,2783,7,7,14,795,686,1481,3,0,3,1484
88133,99,2783,10,10,20,62,67,129,4,4,8,137
88175,99,2783,7,7,14,30,25,55,0,5,5,60
89827,99,2783,10,8,18,161,86,247,13,37,50,297
10281,100,2784,8,11,19,710,692,1402,2,11,13,1415
10841,100,2784,8,10,18,16,14,30,5,15,20,50
11692,100,2784,7,9,16,130,143,273,4,4,8,281
13799,100,2784,16,18,34,569,625,1194,7,17,24,1218
13882,100,2784,24,29,53,170,171,341,4,16,20,361
15071,100,2784,7,5,12,63,81,144,10,6,16,160
15776,100,2784,21,27,48,117,115,232,8,24,32,264
18420,100,2784,7,4,11,6,4,10,2,4,6,16
19066,100,2784,16,23,39,99,98,197,6,32,38,235
23040,100,2784,12,10,22,155,146,301,1,8,9,310
23642,100,2784,6,4,10,44,51,95,2,15,17,112
24853,100,2784,6,2,8,35,16,51,0,2,2,53
25947,100,2784,17,16,33,64,42,106,6,20,26,132
26127,100,2784,0,2,2,0,1,1,0,1,1,2
26425,100,2784,5,11,16,104,106,210,1,13,14,224
28831,100,2784,7,12,19,34,33,67,1,12,13,80
30076,100,2784,9,15,24,21,16,37,2,11,13,50
31372,100,2784,6,6,12,184,180,364,2,2,4,368
32100,100,2784,19,18,37,298,266,564,1,4,5,569
32174,100,2784,11,16,27,84,51,135,3,12,15,150
32899,100,2784,3,3,6,3,3,6,1,4,5,11
34250,100,2784,7,6,13,26,17,43,9,14,23,66
35227,100,2784,4,7,11,11,7,18,5,4,9,27
36006,100,2784,3,4,7,29,29,58,1,0,1,59
36951,100,2784,26,26,52,192,185,377,0,1,1,378
37617,100,2784,16,20,36,258,154,412,4,15,19,431
38823,100,2784,10,9,19,52,56,108,2,2,4,112
38893,100,2784,13,12,25,129,121,250,13,8,21,271
39701,100,2784,16,20,36,343,335,678,4,19,23,701
39783,100,2784,18,18,36,222,224,446,11,14,25,471
40629,100,2784,10,7,17,65,43,108,4,4,8,116
41393,100,2784,20,16,36,63,45,108,6,10,16,124
44520,100,2784,2,0,2,1,0,1,1,0,1,2
44956,100,2784,11,13,24,32,39,71,4,11,15,86
45539,100,2784,11,11,22,591,552,1143,5,7,12,1155
45945,100,2784,4,3,7,40,37,77,1,4,5,82
46160,100,2784,14,11,25,26,19,45,4,6,10,55
46584,100,2784,5,8,13,7,0,7,1,12,13,20
46654,100,2784,13,14,27,145,125,270,46,38,84,354
49294,100,2784,4,5,9,146,158,304,0,4,4,308
49597,100,2784,4,3,7,11,11,22,1,0,1,23
50181,100,2784,9,7,16,5,1,6,9,11,20,26
50709,100,2784,10,12,22,163,109,272,3,11,14,286
50869,100,2784,9,11,20,46,37,83,10,13,23,106
51597,100,2784,14,22,36,43,38,81,1,13,14,95
51675,100,2784,3,2,5,6,3,9,1,2,3,12
51722,100,2784,12,13,25,78,70,148,1,5,6,154
52067,100,2784,14,14,28,365,333,698,2,1,3,701
52385,100,2784,18,25,43,164,105,269,9,39,48,317
52635,100,2784,8,8,16,25,21,46,13,12,25,71
53275,100,2784,1,0,1,22,0,22,0,0,0,22
53884,100,2784,6,7,13,57,48,105,2,13,15,120
55594,100,2784,5,9,14,15,14,29,4,9,13,42
57637,100,2784,6,7,13,83,103,186,2,9,11,197
58909,100,2784,9,8,17,76,74,150,0,0,0,150
59367,100,2784,5,5,10,19,16,35,0,8,8,43
62555,100,2784,9,11,20,21,23,44,3,11,14,58
63063,100,2784,5,5,10,16,11,27,1,2,3,30
63188,100,2784,22,17,39,114,102,216,10,14,24,240
63757,100,2784,3,8,11,6,6,12,0,30,30,42
66052,100,2784,34,42,76,184,153,337,28,70,98,435
66404,100,2784,39,37,76,112,105,217,4,8,12,229
66754,100,2784,7,4,11,151,144,295,1,7,8,303
68494,100,2784,18,21,39,581,360,941,19,26,45,986
68533,100,2784,22,24,46,124,81,205,6,22,28,233
69065,100,2784,5,5,10,10,5,15,0,0,0,15
70889,100,2784,9,7,16,72,66,138,4,1,5,143
71627,100,2784,24,24,48,148,120,268,2,6,8,276
72746,100,2784,15,20,35,70,69,139,5,8,13,152
73175,100,2784,7,5,12,8,9,17,3,2,5,22
73303,100,2784,6,7,13,215,199,414,0,1,1,415
75261,100,2784,25,25,50,266,257,523,11,25,36,559
75468,100,2784,5,7,12,13,13,26,4,6,10,36
76313,100,2784,12,10,22,137,150,287,2,2,4,291
78911,100,2784,10,7,17,24,19,43,4,7,11,54
80193,100,2784,9,18,27,814,821,1635,40,85,125,1760
82282,100,2784,2,2,4,24,26,50,1,3,4,54
83568,100,2784,17,19,36,90,23,113,6,24,30,143
84841,100,2784,22,25,47,239,221,460,19,46,65,525
85596,100,2784,24,25,49,408,433,841,0,8,8,849
85970,100,2784,20,28,48,268,308,576,3,11,14,590
86352,100,2784,4,4,8,7,6,13,1,2,3,16
86727,100,2784,8,8,16,948,766,1714,2,0,2,1716
88133,100,2784,10,7,17,85,83,168,2,1,3,171
88175,100,2784,6,10,16,31,28,59,1,13,14,73
89827,100,2784,10,14,24,96,59,155,14,17,31,186
10281,101,2785,9,8,17,484,492,976,3,5,8,984
10841,101,2785,11,30,41,47,40,87,6,35,41,128
11692,101,2785,9,8,17,98,100,198,5,2,7,205
13799,101,2785,27,51,78,436,501,937,4,29,33,970
15071,101,2785,6,12,18,84,78,162,14,22,36,198
15776,101,2785,24,29,53,192,202,394,5,14,19,413
17353,101,2785,2,2,4,32,17,49,0,1,1,50
18420,101,2785,6,0,6,6,0,6,0,0,0,6
19066,101,2785,9,11,20,37,23,60,6,19,25,85
23040,101,2785,10,10,20,76,90,166,1,0,1,167
23642,101,2785,4,5,9,36,30,66,0,17,17,83
24853,101,2785,5,8,13,16,12,28,1,14,15,43
25544,101,2785,1,1,2,0,0,0,1,1,2,2
25947,101,2785,9,9,18,67,55,122,1,2,3,125
26425,101,2785,9,12,21,22,31,53,5,19,24,77
28831,101,2785,3,7,10,13,11,24,0,3,3,27
30076,101,2785,35,44,79,184,201,385,2,1,3,388
31372,101,2785,6,7,13,204,212,416,1,2,3,419
32100,101,2785,19,18,37,138,123,261,9,16,25,286
32174,101,2785,13,15,28,83,60,143,6,10,16,159
32899,101,2785,2,4,6,4,7,11,3,8,11,22
34250,101,2785,5,12,17,33,28,61,5,31,36,97
35227,101,2785,1,0,1,1,0,1,0,0,0,1
36006,101,2785,1,1,2,12,11,23,0,0,0,23
36951,101,2785,26,27,53,228,230,458,4,5,9,467
37617,101,2785,18,17,35,315,155,470,10,9,19,489
38823,101,2785,5,5,10,48,34,82,2,2,4,86
38893,101,2785,15,14,29,112,115,227,9,10,19,246
39701,101,2785,17,17,34,160,168,328,1,8,9,337
39783,101,2785,13,13,26,210,201,411,7,8,15,426
40629,101,2785,8,8,16,24,19,43,4,6,10,53
41393,101,2785,15,14,29,59,42,101,5,7,12,113
44520,101,2785,4,2,6,7,8,15,1,1,2,17
44956,101,2785,5,8,13,17,14,31,2,9,11,42
45539,101,2785,9,8,17,426,379,805,12,13,25,830
45945,101,2785,11,10,21,99,84,183,6,13,19,202
46021,101,2785,10,12,22,73,50,123,6,14,20,143
46160,101,2785,8,7,15,22,14,36,2,2,4,40
46584,101,2785,6,9,15,17,12,29,5,13,18,47
46654,101,2785,12,8,20,115,98,213,34,32,66,279
48187,101,2785,9,8,17,154,115,269,3,8,11,280
49294,101,2785,7,9,16,127,122,249,2,11,13,262
49597,101,2785,2,2,4,2,2,4,2,7,9,13
50181,101,2785,7,5,12,18,12,30,5,4,9,39
50709,101,2785,13,10,23,93,85,178,0,1,1,179
50869,101,2785,7,10,17,69,56,125,4,6,10,135
51597,101,2785,24,32,56,98,94,192,2,16,18,210
51675,101,2785,2,2,4,17,11,28,0,2,2,30
51722,101,2785,10,11,21,57,53,110,4,7,11,121
52067,101,2785,19,18,37,413,393,806,12,6,18,824
52385,101,2785,13,13,26,66,33,99,0,6,6,105
52635,101,2785,8,7,15,33,25,58,4,4,8,66
53275,101,2785,1,0,1,3,0,3,0,0,0,3
53884,101,2785,5,4,9,42,35,77,2,3,5,82
55594,101,2785,4,3,7,1,1,2,5,2,7,9
57637,101,2785,8,11,19,81,91,172,2,1,3,175
58909,101,2785,6,6,12,46,40,86,0,2,2,88
59367,101,2785,7,14,21,33,27,60,6,17,23,83
62555,101,2785,11,16,27,72,77,149,10,29,39,188
63188,101,2785,16,18,34,104,82,186,3,8,11,197
63757,101,2785,5,7,12,4,2,6,2,12,14,20
66052,101,2785,33,42,75,182,154,336,33,71,104,440
66404,101,2785,17,16,33,108,99,207,1,1,2,209
66754,101,2785,9,8,17,137,136,273,1,7,8,281
68494,101,2785,12,22,34,258,208,466,23,25,48,514
68533,101,2785,20,24,44,84,74,158,8,22,30,188
70889,101,2785,9,8,17,51,39,90,1,0,1,91
71627,101,2785,21,22,43,200,168,368,4,9,13,381
72746,101,2785,12,17,29,56,66,122,1,5,6,128
73175,101,2785,8,7,15,13,16,29,2,2,4,33
73303,101,2785,10,11,21,513,457,970,2,9,11,981
75261,101,2785,27,27,54,344,341,685,5,28,33,718
75468,101,2785,6,9,15,15,34,49,0,11,11,60
76313,101,2785,11,10,21,137,147,284,2,5,7,291
78062,101,2785,1,0,1,1,0,1,0,0,0,1
78911,101,2785,8,8,16,62,44,106,10,16,26,132
80193,101,2785,10,13,23,583,570,1153,16,31,47,1200
82282,101,2785,4,4,8,23,25,48,2,4,6,54
83568,101,2785,10,11,21,69,13,82,2,16,18,100
84841,101,2785,26,26,52,166,149,315,21,47,68,383
85596,101,2785,20,17,37,246,239,485,1,9,10,495
85970,101,2785,17,18,35,469,502,971,6,6,12,983
86727,101,2785,6,6,12,596,545,1141,1,2,3,1144
88133,101,2785,6,4,10,27,23,50,2,2,4,54
88175,101,2785,8,10,18,75,63,138,0,4,4,142
89827,101,2785,10,8,18,99,48,147,12,12,24,171
10281,102,2786,9,13,22,637,630,1267,9,13,22,1289
10841,102,2786,11,12,23,29,25,54,4,13,17,71
11692,102,2786,9,10,19,76,72,148,0,5,5,153
13799,102,2786,20,22,42,581,610,1191,16,79,95,1286
15071,102,2786,5,2,7,62,66,128,10,1,11,139
15776,102,2786,15,23,38,143,158,301,2,13,15,316
17353,102,2786,5,4,9,26,16,42,0,0,0,42
18344,102,2786,4,3,7,12,7,19,1,1,2,21
19066,102,2786,20,22,42,262,238,500,9,48,57,557
23040,102,2786,10,11,21,75,114,189,1,2,3,192
23642,102,2786,5,8,13,56,63,119,1,12,13,132
24853,102,2786,17,20,37,95,75,170,0,15,15,185
25544,102,2786,47,184,231,103,275,378,1,1,2,380
25947,102,2786,10,11,21,64,102,166,6,8,14,180
26425,102,2786,4,3,7,8,3,11,1,1,2,13
28831,102,2786,6,8,14,9,13,22,2,21,23,45
30076,102,2786,17,20,37,135,137,272,2,8,10,282
31372,102,2786,8,10,18,181,179,360,3,9,12,372
32100,102,2786,14,16,30,162,134,296,7,7,14,310
32174,102,2786,16,19,35,79,66,145,7,23,30,175
32899,102,2786,0,1,1,0,0,0,0,1,1,1
34250,102,2786,9,8,17,36,28,64,6,9,15,79
36006,102,2786,2,1,3,2,2,4,1,1,2,6
36951,102,2786,26,29,55,210,189,399,5,7,12,411
37617,102,2786,19,19,38,390,263,653,7,25,32,685
38823,102,2786,8,7,15,76,56,132,2,2,4,136
38893,102,2786,13,12,25,26,32,58,4,4,8,66
39701,102,2786,18,22,40,374,395,769,1,3,4,773
39783,102,2786,16,17,33,310,309,619,11,33,44,663
40629,102,2786,9,10,19,49,48,97,0,5,5,102
41393,102,2786,18,17,35,79,56,135,8,6,14,149
44520,102,2786,3,3,6,2,0,2,5,3,8,10
44956,102,2786,4,5,9,7,7,14,0,2,2,16
45539,102,2786,9,8,17,359,313,672,21,41,62,734
45945,102,2786,8,10,18,93,87,180,1,4,5,185
46021,102,2786,10,15,25,167,125,292,15,23,38,330
46160,102,2786,5,6,11,38,32,70,0,1,1,71
46584,102,2786,10,17,27,37,27,64,3,34,37,101
46654,102,2786,14,10,24,167,129,296,34,14,48,344
46771,102,2786,13,15,28,42,39,81,5,17,22,103
48187,102,2786,5,3,8,52,34,86,0,0,0,86
49294,102,2786,8,7,15,163,161,324,1,1,2,326
49597,102,2786,10,10,20,47,51,98,3,0,3,101
50181,102,2786,10,6,16,24,19,43,8,2,10,53
50709,102,2786,7,13,20,123,109,232,2,15,17,249
50869,102,2786,11,11,22,49,47,96,8,8,16,112
51597,102,2786,15,14,29,50,44,94,3,1,4,98
51675,102,2786,4,4,8,4,4,8,3,4,7,15
51722,102,2786,12,11,23,58,52,110,0,2,2,112
52067,102,2786,18,18,36,878,849,1727,2,6,8,1735
52385,102,2786,17,22,39,141,94,235,1,7,8,243
52635,102,2786,7,19,26,24,14,38,11,20,31,69
53275,102,2786,2,2,4,46,9,55,0,0,0,55
53884,102,2786,4,5,9,10,10,20,0,0,0,20
55594,102,2786,8,10,18,24,28,52,6,17,23,75
57637,102,2786,13,18,31,57,66,123,5,17,22,145
58909,102,2786,4,6,10,25,26,51,0,3,3,54
59367,102,2786,4,6,10,14,14,28,1,11,12,40
62555,102,2786,10,20,30,16,10,26,7,36,43,69
63188,102,2786,14,29,43,76,59,135,3,26,29,164
63757,102,2786,2,1,3,4,3,7,1,1,2,9
66052,102,2786,33,42,75,220,192,412,22,66,88,500
66404,102,2786,18,19,37,132,133,265,1,0,1,266
66754,102,2786,9,11,20,242,211,453,3,13,16,469
68533,102,2786,19,19,38,87,76,163,6,8,14,177
68633,102,2786,1,6,7,0,0,0,1,8,9,9
70889,102,2786,10,8,18,66,60,126,0,0,0,126
71627,102,2786,16,18,34,183,156,339,3,12,15,354
72746,102,2786,11,12,23,66,80,146,2,5,7,153
73175,102,2786,9,8,17,63,71,134,2,2,4,138
73303,102,2786,10,10,20,320,274,594,6,1,7,601
75261,102,2786,20,22,42,224,235,459,4,23,27,486
75468,102,2786,5,7,12,6,5,11,7,8,15,26
76313,102,2786,18,23,41,196,165,361,5,10,15,376
78911,102,2786,8,9,17,36,30,66,0,6,6,72
80193,102,2786,10,7,17,596,567,1163,15,22,37,1200
82282,102,2786,3,4,7,20,23,43,0,1,1,44
83568,102,2786,7,17,24,79,19,98,4,19,23,121
85596,102,2786,23,23,46,472,480,952,2,4,6,958
85970,102,2786,20,20,40,340,354,694,0,8,8,702
86727,102,2786,6,7,13,871,790,1661,2,3,5,1666
88133,102,2786,12,8,20,38,34,72,7,8,15,87
88175,102,2786,9,10,19,46,40,86,1,7,8,94
89827,102,2786,6,6,12,34,16,50,11,14,25,75
10281,103,2787,8,6,14,391,437,828,8,13,21,849
10841,103,2787,21,17,38,98,73,171,2,6,8,179
11692,103,2787,6,8,14,20,15,35,2,6,8,43
13799,103,2787,19,22,41,451,476,927,8,39,47,974
15071,103,2787,7,11,18,56,65,121,7,24,31,152
15776,103,2787,19,18,37,137,121,258,4,17,21,279
17353,103,2787,7,11,18,170,99,269,3,15,18,287
18344,103,2787,5,7,12,61,45,106,9,10,19,125
23040,103,2787,9,10,19,171,171,342,0,4,4,346
23642,103,2787,6,6,12,80,85,165,3,2,5,170
24853,103,2787,10,9,19,53,47,100,1,4,5,105
25544,103,2787,20,19,39,108,89,197,1,8,9,206
25947,103,2787,10,14,24,89,65,154,1,7,8,162
26425,103,2787,7,6,13,21,14,35,6,3,9,44
28831,103,2787,1,2,3,10,10,20,0,1,1,21
30076,103,2787,18,19,37,193,192,385,1,2,3,388
31372,103,2787,9,9,18,438,423,861,2,4,6,867
32100,103,2787,13,13,26,168,154,322,4,8,12,334
32174,103,2787,11,8,19,24,24,48,6,14,20,68
32899,103,2787,1,3,4,10,12,22,0,1,1,23
34250,103,2787,7,6,13,16,11,27,13,16,29,56
35227,103,2787,7,14,21,121,146,267,4,30,34,301
36006,103,2787,2,2,4,11,9,20,2,0,2,22
36951,103,2787,33,34,67,222,222,444,3,5,8,452
37617,103,2787,20,22,42,322,182,504,3,19,22,526
38823,103,2787,7,7,14,70,62,132,3,2,5,137
38893,103,2787,12,13,25,70,71,141,4,6,10,151
39783,103,2787,14,14,28,396,353,749,9,13,22,771
40629,103,2787,12,14,26,223,221,444,1,4,5,449
41393,103,2787,18,23,41,80,70,150,12,11,23,173
44520,103,2787,2,1,3,1,0,1,1,1,2,3
44956,103,2787,6,13,19,25,37,62,1,13,14,76
45539,103,2787,6,7,13,109,107,216,8,4,12,228
45945,103,2787,7,13,20,95,84,179,0,21,21,200
46021,103,2787,16,14,30,82,54,136,8,12,20,156
46160,103,2787,9,13,22,28,34,62,1,7,8,70
46584,103,2787,9,7,16,42,27,69,4,9,13,82
46654,103,2787,14,14,28,291,250,541,36,44,80,621
46771,103,2787,27,30,57,132,102,234,11,27,38,272
48187,103,2787,14,12,26,492,381,873,11,14,25,898
49294,103,2787,6,6,12,80,75,155,0,0,0,155
49597,103,2787,5,6,11,34,43,77,1,9,10,87
50181,103,2787,8,7,15,9,5,14,5,8,13,27
50709,103,2787,12,15,27,124,94,218,0,6,6,224
50869,103,2787,13,39,52,105,90,195,6,30,36,231
51597,103,2787,6,6,12,31,17,48,0,3,3,51
51675,103,2787,3,4,7,13,19,32,0,3,3,35
51722,103,2787,13,13,26,49,40,89,3,14,17,106
52067,103,2787,21,24,45,1510,1459,2969,14,9,23,2992
52385,103,2787,18,19,37,103,84,187,2,18,20,207
52635,103,2787,6,3,9,10,4,14,9,5,14,28
53275,103,2787,1,3,4,50,9,59,0,0,0,59
53884,103,2787,7,7,14,21,19,40,2,5,7,47
55594,103,2787,6,7,13,13,13,26,4,15,19,45
57637,103,2787,12,12,24,80,74,154,11,21,32,186
58909,103,2787,6,7,13,30,33,63,0,0,0,63
59367,103,2787,8,10,18,24,29,53,6,12,18,71
62555,103,2787,6,44,50,11,13,24,2,66,68,92
63188,103,2787,13,9,22,28,24,52,6,1,7,59
63757,103,2787,1,1,2,1,0,1,0,1,1,2
66052,103,2787,29,40,69,178,140,318,19,64,83,401
66404,103,2787,20,21,41,135,154,289,3,5,8,297
66754,103,2787,14,15,29,110,109,219,1,13,14,233
68494,103,2787,12,14,26,543,359,902,7,14,21,923
68533,103,2787,9,13,22,35,38,73,3,11,14,87
68633,103,2787,4,3,7,29,26,55,0,1,1,56
70889,103,2787,8,7,15,43,37,80,0,3,3,83
71627,103,2787,20,21,41,177,139,316,3,11,14,330
72746,103,2787,17,18,35,62,75,137,12,16,28,165
73175,103,2787,6,5,11,100,114,214,1,1,2,216
73303,103,2787,8,9,17,223,170,393,1,6,7,400
75261,103,2787,18,20,38,282,272,554,10,39,49,603
76313,103,2787,13,13,26,134,123,257,2,14,16,273
78911,103,2787,7,7,14,29,27,56,0,6,6,62
80193,103,2787,29,28,57,279,267,546,24,42,66,612
82282,103,2787,5,4,9,18,25,43,4,2,6,49
83568,103,2787,10,10,20,98,15,113,1,11,12,125
85596,103,2787,26,28,54,382,401,783,2,8,10,793
85970,103,2787,21,21,42,582,641,1223,2,9,11,1234
86727,103,2787,6,7,13,767,672,1439,2,1,3,1442
88133,103,2787,8,8,16,56,58,114,6,11,17,131
88175,103,2787,9,12,21,32,26,58,2,8,10,68
89827,103,2787,10,11,21,89,56,145,8,8,16,161
10281,104,2788,7,10,17,162,173,335,7,15,22,357
10841,104,2788,6,3,9,8,6,14,5,1,6,20
11692,104,2788,5,5,10,7,6,13,5,3,8,21
13799,104,2788,16,19,35,536,548,1084,10,46,56,1140
15071,104,2788,4,5,9,49,46,95,15,9,24,119
15776,104,2788,15,16,31,109,103,212,5,12,17,229
17353,104,2788,12,10,22,264,176,440,8,9,17,457
18344,104,2788,5,7,12,43,35,78,3,21,24,102
23040,104,2788,12,13,25,99,117,216,3,7,10,226
23642,104,2788,7,4,11,38,28,66,2,1,3,69
24760,104,2788,8,13,21,59,63,122,12,21,33,155
24853,104,2788,32,22,54,84,50,134,4,15,19,153
25544,104,2788,25,33,58,177,172,349,2,15,17,366
25947,104,2788,11,14,25,77,65,142,9,11,20,162
26425,104,2788,6,7,13,37,31,68,0,2,2,70
28831,104,2788,4,6,10,19,18,37,0,3,3,40
30076,104,2788,17,18,35,120,133,253,2,3,5,258
31372,104,2788,5,8,13,446,469,915,6,4,10,925
32100,104,2788,18,24,42,469,433,902,7,17,24,926
32174,104,2788,13,9,22,68,53,121,10,5,15,136
32899,104,2788,3,3,6,10,11,21,4,5,9,30
34250,104,2788,10,12,22,47,46,93,7,9,16,109
35227,104,2788,19,21,40,465,555,1020,10,15,25,1045
36006,104,2788,5,5,10,34,36,70,2,1,3,73
36951,104,2788,34,37,71,292,296,588,4,9,13,601
37617,104,2788,16,18,34,297,179,476,3,6,9,485
38823,104,2788,12,12,24,93,83,176,2,6,8,184
38893,104,2788,10,10,20,93,72,165,3,15,18,183
39783,104,2788,17,19,36,408,383,791,8,17,25,816
40629,104,2788,16,14,30,365,391,756,7,5,12,768
41393,104,2788,13,14,27,81,73,154,8,16,24,178
44520,104,2788,4,1,5,7,7,14,2,0,2,16
44956,104,2788,5,5,10,11,13,24,0,1,1,25
45539,104,2788,4,2,6,20,21,41,6,9,15,56
45945,104,2788,10,10,20,103,87,190,2,3,5,195
46021,104,2788,11,15,26,147,117,264,11,36,47,311
46160,104,2788,7,8,15,20,19,39,0,2,2,41
46584,104,2788,8,8,16,45,36,81,5,10,15,96
46654,104,2788,13,14,27,269,246,515,20,33,53,568
46771,104,2788,24,26,50,246,207,453,22,35,57,510
48187,104,2788,12,9,21,370,303,673,6,5,11,684
49294,104,2788,6,5,11,250,259,509,0,3,3,512
49597,104,2788,6,7,13,38,52,90,2,3,5,95
50181,104,2788,3,4,7,2,0,2,2,5,7,9
50709,104,2788,14,17,31,152,116,268,0,21,21,289
50869,104,2788,10,57,67,87,74,161,1,73,74,235
51597,104,2788,6,15,21,11,7,18,2,15,17,35
51675,104,2788,3,3,6,5,1,6,2,5,7,13
51722,104,2788,8,9,17,35,29,64,1,2,3,67
52067,104,2788,20,21,41,1220,1132,2352,10,8,18,2370
52385,104,2788,11,13,24,159,98,257,4,21,25,282
52635,104,2788,7,5,12,25,18,43,7,1,8,51
53275,104,2788,5,4,9,26,29,55,2,6,8,63
53884,104,2788,5,5,10,40,28,68,0,2,2,70
55594,104,2788,7,7,14,34,20,54,3,3,6,60
57637,104,2788,14,15,29,103,93,196,12,12,24,220
58909,104,2788,7,8,15,54,50,104,0,3,3,107
59367,104,2788,6,5,11,23,11,34,5,17,22,56
62555,104,2788,14,30,44,52,56,108,4,87,91,199
63188,104,2788,10,12,22,68,61,129,1,4,5,134
63757,104,2788,2,0,2,1,0,1,1,0,1,2
66052,104,2788,23,27,50,68,54,122,8,59,67,189
66404,104,2788,21,21,42,132,119,251,3,7,10,261
66754,104,2788,16,17,33,253,219,472,16,31,47,519
66991,104,2788,1,0,1,1,0,1,0,0,0,1
68494,104,2788,11,16,27,771,483,1254,4,27,31,1285
68533,104,2788,21,23,44,148,88,236,8,29,37,273
68633,104,2788,4,5,9,44,40,84,1,5,6,90
70889,104,2788,12,10,22,78,62,140,0,2,2,142
71627,104,2788,23,26,49,156,136,292,2,12,14,306
72746,104,2788,9,11,20,39,49,88,3,5,8,96
73175,104,2788,6,9,15,129,137,266,0,6,6,272
73303,104,2788,9,8,17,153,130,283,2,2,4,287
75261,104,2788,25,26,51,277,264,541,11,47,58,599
76313,104,2788,22,25,47,128,176,304,1,5,6,310
78911,104,2788,7,9,16,41,39,80,5,10,15,95
80193,104,2788,14,14,28,357,296,653,20,52,72,725
82282,104,2788,6,7,13,37,61,98,1,2,3,101
83568,104,2788,9,11,20,83,47,130,6,12,18,148
84841,104,2788,6,10,16,36,33,69,4,7,11,80
85596,104,2788,21,21,42,375,391,766,1,7,8,774
85970,104,2788,21,23,44,287,319,606,2,19,21,627
86727,104,2788,6,7,13,643,584,1227,5,5,10,1237
88133,104,2788,11,6,17,88,72,160,7,2,9,169
88175,104,2788,10,16,26,71,64,135,2,16,18,153
89827,104,2788,7,8,15,71,39,110,3,16,19,129
10281,105,2789,9,12,21,494,601,1095,8,21,29,1124
10841,105,2789,15,18,33,131,122,253,16,23,39,292
11692,105,2789,6,13,19,70,82,152,3,11,14,166
13799,105,2789,14,19,33,295,317,612,16,51,67,679
15071,105,2789,8,8,16,66,64,130,15,10,25,155
15776,105,2789,9,10,19,32,30,62,6,10,16,78
17353,105,2789,17,15,32,181,111,292,13,20,33,325
18344,105,2789,10,10,20,40,37,77,3,2,5,82
23040,105,2789,12,13,25,105,115,220,0,4,4,224
23144,105,2789,6,0,6,6,0,6,0,0,0,6
23642,105,2789,12,16,28,99,112,211,12,24,36,247
24853,105,2789,14,15,29,58,48,106,3,19,22,128
25544,105,2789,46,60,106,320,308,628,9,57,66,694
25947,105,2789,8,8,16,68,51,119,4,4,8,127
26127,105,2789,0,1,1,0,0,0,0,1,1,1
26425,105,2789,11,11,22,74,70,144,1,7,8,152
28831,105,2789,13,15,28,95,117,212,10,32,42,254
29914,105,2789,10,9,19,32,28,60,1,6,7,67
30076,105,2789,21,22,43,161,153,314,1,1,2,316
31372,105,2789,16,16,32,66,69,135,14,22,36,171
32100,105,2789,15,15,30,163,163,326,4,8,12,338
32174,105,2789,6,4,10,5,2,7,3,4,7,14
32899,105,2789,6,9,15,44,51,95,4,27,31,126
34250,105,2789,6,11,17,9,8,17,10,18,28,45
35227,105,2789,25,36,61,522,527,1049,27,111,138,1187
36006,105,2789,5,5,10,25,17,42,3,2,5,47
36951,105,2789,28,35,63,208,245,453,5,15,20,473
37617,105,2789,13,17,30,399,261,660,6,16,22,682
38823,105,2789,22,25,47,152,142,294,13,24,37,331
38893,105,2789,20,19,39,129,92,221,2,11,13,234
39701,105,2789,13,15,28,147,151,298,8,16,24,322
39783,105,2789,20,24,44,297,236,533,14,27,41,574
40629,105,2789,27,30,57,376,360,736,8,22,30,766
40997,105,2789,2,4,6,9,6,15,1,9,10,25
41393,105,2789,16,18,34,84,84,168,14,35,49,217
44520,105,2789,5,6,11,19,13,32,6,14,20,52
44956,105,2789,15,24,39,83,103,186,4,24,28,214
45539,105,2789,5,5,10,63,51,114,4,17,21,135
45945,105,2789,20,22,42,102,46,148,15,28,43,191
46021,105,2789,18,17,35,299,257,556,9,15,24,580
46160,105,2789,10,10,20,35,31,66,4,3,7,73
46584,105,2789,4,3,7,8,8,16,0,0,0,16
46654,105,2789,14,17,31,257,224,481,22,68,90,571
46771,105,2789,16,24,40,189,179,368,15,30,45,413
48187,105,2789,26,24,50,149,61,210,6,28,34,244
49294,105,2789,10,10,20,222,230,452,1,11,12,464
49597,105,2789,9,11,20,40,47,87,5,10,15,102
50181,105,2789,15,13,28,21,13,34,6,13,19,53
50709,105,2789,16,22,38,304,141,445,6,30,36,481
50869,105,2789,14,16,30,45,42,87,2,2,4,91
51597,105,2789,11,19,30,30,25,55,10,37,47,102
51675,105,2789,4,3,7,18,24,42,2,4,6,48
51722,105,2789,17,16,33,117,94,211,2,10,12,223
52067,105,2789,27,29,56,424,394,818,28,43,71,889
52385,105,2789,11,13,24,77,68,145,1,14,15,160
52635,105,2789,6,6,12,32,26,58,11,14,25,83
53275,105,2789,13,17,30,46,34,80,12,36,48,128
53884,105,2789,4,4,8,28,28,56,1,2,3,59
55594,105,2789,10,10,20,47,42,89,6,16,22,111
57637,105,2789,8,7,15,37,31,68,1,5,6,74
58909,105,2789,7,7,14,59,49,108,2,1,3,111
60482,105,2789,6,9,15,33,22,55,2,9,11,66
60830,105,2789,2,3,5,6,3,9,0,1,1,10
62555,105,2789,16,28,44,49,64,113,7,35,42,155
63188,105,2789,21,21,42,114,98,212,7,4,11,223
63757,105,2789,9,10,19,19,19,38,3,16,19,57
66052,105,2789,35,42,77,211,183,394,19,81,100,494
66404,105,2789,25,27,52,218,218,436,12,16,28,464
66754,105,2789,9,13,22,77,80,157,3,14,17,174
68494,105,2789,15,21,36,604,409,1013,34,57,91,1104
68533,105,2789,20,24,44,93,82,175,6,24,30,205
68633,105,2789,8,9,17,50,44,94,12,12,24,118
70889,105,2789,11,7,18,29,19,48,0,0,0,48
71627,105,2789,27,25,52,114,97,211,10,15,25,236
72746,105,2789,13,16,29,128,83,211,1,6,7,218
73175,105,2789,6,10,16,92,87,179,0,6,6,185
73303,105,2789,11,13,24,295,253,548,9,8,17,565
75178,105,2789,4,3,7,5,3,8,1,4,5,13
75261,105,2789,28,31,59,310,310,620,16,48,64,684
76313,105,2789,6,7,13,16,22,38,0,2,2,40
78911,105,2789,21,21,42,156,197,353,8,19,27,380
78966,105,2789,10,8,18,43,27,70,1,7,8,78
80193,105,2789,26,26,52,644,589,1233,39,124,163,1396
82282,105,2789,8,9,17,84,89,173,0,2,2,175
83568,105,2789,14,16,30,188,150,338,8,12,20,358
84841,105,2789,14,14,28,115,118,233,17,30,47,280
85596,105,2789,28,29,57,289,279,568,3,8,11,579
85970,105,2789,9,8,17,126,141,267,3,4,7,274
86009,105,2789,12,12,24,156,137,293,7,29,36,329
86352,105,2789,15,16,31,84,77,161,10,28,38,199
86727,105,2789,11,14,25,680,665,1345,1,0,1,1346
88133,105,2789,19,22,41,209,195,404,18,29,47,451
88175,105,2789,15,15,30,81,65,146,5,5,10,156
89827,105,2789,5,7,12,67,30,97,1,4,5,102
10281,106,2790,14,19,33,308,313,621,1,23,24,645
10841,106,2790,12,12,24,102,95,197,8,14,22,219
11360,106,2790,4,3,7,13,14,27,0,2,2,29
11692,106,2790,13,11,24,285,293,578,9,10,19,597
13799,106,2790,13,15,28,158,144,302,4,46,50,352
14106,106,2790,12,12,24,23,14,37,5,8,13,50
15071,106,2790,8,9,17,216,226,442,14,27,41,483
18344,106,2790,19,17,36,181,141,322,5,5,10,332
18420,106,2790,3,0,3,4,0,4,0,0,0,4
22931,106,2790,3,0,3,7,0,7,0,0,0,7
23144,106,2790,23,24,47,167,146,313,2,13,15,328
23642,106,2790,13,18,31,112,112,224,7,17,24,248
25544,106,2790,25,37,62,79,93,172,1,24,25,197
25947,106,2790,10,13,23,81,75,156,4,13,17,173
26425,106,2790,19,19,38,146,136,282,1,16,17,299
26999,106,2790,9,7,16,31,20,51,8,19,27,78
28831,106,2790,1,1,2,10,10,20,0,0,0,20
29914,106,2790,11,13,24,115,87,202,1,22,23,225
31372,106,2790,10,10,20,140,162,302,8,9,17,319
32899,106,2790,15,14,29,76,69,145,6,24,30,175
34250,106,2790,8,7,15,16,14,30,1,5,6,36
35227,106,2790,19,21,40,160,159,319,10,33,43,362
36006,106,2790,6,4,10,86,70,156,1,0,1,157
36951,106,2790,18,20,38,54,41,95,1,10,11,106
38823,106,2790,30,32,62,187,183,370,19,29,48,418
38893,106,2790,18,19,37,150,144,294,6,11,17,311
39701,106,2790,22,19,41,137,125,262,6,14,20,282
39783,106,2790,24,24,48,211,175,386,13,37,50,436
40629,106,2790,20,23,43,230,218,448,2,21,23,471
40997,106,2790,25,30,55,115,142,257,10,73,83,340
41393,106,2790,16,14,30,80,61,141,14,18,32,173
44520,106,2790,3,4,7,1,0,1,2,4,6,7
44956,106,2790,23,29,52,132,141,273,2,18,20,293
45539,106,2790,14,11,25,97,82,179,18,18,36,215
45945,106,2790,20,20,40,45,28,73,14,39,53,126
46021,106,2790,8,11,19,113,94,207,8,14,22,229
46584,106,2790,2,1,3,3,1,4,0,0,0,4
46654,106,2790,18,21,39,319,292,611,38,76,114,725
46771,106,2790,23,27,50,167,162,329,5,19,24,353
48187,106,2790,33,28,61,361,254,615,7,22,29,644
49294,106,2790,10,9,19,400,390,790,5,11,16,806
49597,106,2790,9,7,16,10,11,21,0,1,1,22
50181,106,2790,19,11,30,60,35,95,18,8,26,121
50709,106,2790,18,18,36,335,187,522,4,25,29,551
50869,106,2790,19,20,39,123,99,222,5,10,15,237
51597,106,2790,29,37,66,139,127,266,8,46,54,320
51675,106,2790,2,2,4,2,0,2,4,3,7,9
51722,106,2790,16,13,29,75,56,131,1,2,3,134
52067,106,2790,32,32,64,455,403,858,25,40,65,923
52385,106,2790,20,23,43,178,166,344,0,12,12,356
52635,106,2790,10,12,22,76,45,121,23,21,44,165
53275,106,2790,16,16,32,36,23,59,12,36,48,107
55594,106,2790,16,13,29,46,39,85,4,14,18,103
58909,106,2790,14,16,30,195,193,388,4,7,11,399
60830,106,2790,25,22,47,166,182,348,10,15,25,373
62555,106,2790,24,40,64,160,177,337,13,91,104,441
63188,106,2790,32,30,62,226,186,412,1,10,11,423
63757,106,2790,4,3,7,6,4,10,4,3,7,17
66052,106,2790,42,48,90,232,191,423,23,81,104,527
66404,106,2790,9,10,19,83,78,161,10,10,20,181
68494,106,2790,25,27,52,277,249,526,29,57,86,612
68633,106,2790,7,8,15,25,18,43,7,17,24,67
71627,106,2790,32,34,66,224,178,402,9,26,35,437
72746,106,2790,10,7,17,69,19,88,3,0,3,91
73175,106,2790,9,9,18,62,47,109,0,5,5,114
73303,106,2790,17,16,33,300,305,605,8,10,18,623
75178,106,2790,7,3,10,35,21,56,7,2,9,65
75261,106,2790,29,26,55,391,366,757,0,0,0,757
78911,106,2790,0,1,1,0,0,0,0,1,1,1
78966,106,2790,26,25,51,169,128,297,2,7,9,306
80193,106,2790,20,21,41,427,365,792,22,119,141,933
83568,106,2790,19,17,36,262,179,441,7,22,29,470
84841,106,2790,25,24,49,210,186,396,25,27,52,448
85596,106,2790,32,32,64,535,580,1115,5,18,23,1138
86009,106,2790,18,22,40,347,391,738,12,28,40,778
86352,106,2790,24,24,48,143,122,265,8,29,37,302
86727,106,2790,11,15,26,88,87,175,1,6,7,182
88133,106,2790,12,14,26,79,60,139,1,12,13,152
88175,106,2790,18,18,36,89,97,186,7,8,15,201
10281,107,2791,19,22,41,118,128,246,12,11,23,269
10841,107,2791,15,15,30,91,80,171,8,16,24,195
11692,107,2791,13,15,28,158,173,331,9,7,16,347
13799,107,2791,17,18,35,272,325,597,11,16,27,624
14106,107,2791,13,10,23,32,19,51,2,4,6,57
15071,107,2791,13,11,24,304,319,623,10,1,11,634
18344,107,2791,19,19,38,131,118,249,3,2,5,254
18420,107,2791,1,0,1,1,0,1,0,0,0,1
23144,107,2791,35,36,71,229,213,442,7,8,15,457
23642,107,2791,3,5,8,25,22,47,0,5,5,52
25544,107,2791,43,61,104,233,248,481,5,58,63,544
26425,107,2791,16,14,30,122,153,275,1,4,5,280
26999,107,2791,8,11,19,34,38,72,6,35,41,113
29914,107,2791,12,11,23,53,45,98,5,26,31,129
31372,107,2791,16,13,29,173,186,359,9,12,21,380
32899,107,2791,13,16,29,60,54,114,7,23,30,144
35227,107,2791,43,69,112,301,356,657,21,72,93,750
36006,107,2791,8,6,14,53,45,98,3,0,3,101
38823,107,2791,24,28,52,198,195,393,3,17,20,413
38893,107,2791,15,18,33,223,206,429,0,6,6,435
39701,107,2791,22,24,46,157,163,320,9,38,47,367
39783,107,2791,15,13,28,224,104,328,11,14,25,353
40629,107,2791,33,33,66,477,432,909,12,24,36,945
40997,107,2791,28,29,57,97,111,208,15,50,65,273
41393,107,2791,16,13,29,53,30,83,7,5,12,95
44520,107,2791,6,8,14,28,30,58,2,12,14,72
44956,107,2791,18,19,37,107,109,216,2,4,6,222
45539,107,2791,11,8,19,104,89,193,2,7,9,202
45945,107,2791,17,15,32,125,89,214,10,16,26,240
46654,107,2791,17,12,29,197,191,388,31,70,101,489
46771,107,2791,1,0,1,2,0,2,0,0,0,2
48187,107,2791,27,21,48,368,221,589,12,29,41,630
49294,107,2791,14,13,27,127,121,248,5,21,26,274
49597,107,2791,10,8,18,22,15,37,0,1,1,38
50181,107,2791,11,8,19,26,15,41,9,4,13,54
50709,107,2791,18,25,43,280,194,474,0,18,18,492
50869,107,2791,20,18,38,117,94,211,3,2,5,216
51597,107,2791,23,27,50,98,87,185,3,24,27,212
51675,107,2791,1,0,1,1,0,1,0,0,0,1
51722,107,2791,18,14,32,76,57,133,1,0,1,134
52067,107,2791,22,24,46,363,328,691,14,13,27,718
52385,107,2791,32,37,69,273,250,523,5,21,26,549
53275,107,2791,15,13,28,26,18,44,6,16,22,66
55594,107,2791,15,13,28,43,34,77,5,17,22,99
58909,107,2791,18,21,39,222,217,439,10,21,31,470
60830,107,2791,16,16,32,104,119,223,1,2,3,226
62555,107,2791,32,57,89,94,114,208,8,69,77,285
63188,107,2791,31,34,65,203,199,402,11,9,20,422
63757,107,2791,8,9,17,35,30,65,3,8,11,76
66052,107,2791,56,65,121,268,207,475,24,69,93,568
66404,107,2791,8,10,18,92,94,186,5,11,16,202
68494,107,2791,16,18,34,118,92,210,26,59,85,295
71627,107,2791,29,35,64,203,178,381,8,20,28,409
72746,107,2791,8,11,19,25,43,68,1,3,4,72
73175,107,2791,5,3,8,9,8,17,1,0,1,18
73303,107,2791,19,21,40,209,238,447,2,5,7,454
75178,107,2791,3,2,5,18,12,30,4,0,4,34
75261,107,2791,35,33,68,407,408,815,6,17,23,838
78966,107,2791,29,25,54,176,121,297,3,9,12,309
80193,107,2791,18,21,39,269,265,534,21,100,121,655
83568,107,2791,15,18,33,101,82,183,6,16,22,205
84841,107,2791,20,19,39,174,162,336,21,28,49,385
85596,107,2791,36,34,70,419,444,863,7,39,46,909
86009,107,2791,16,17,33,326,349,675,0,8,8,683
86352,107,2791,26,33,59,132,102,234,6,38,44,278
86727,107,2791,11,12,23,120,82,202,0,2,2,204
88175,107,2791,17,14,31,78,62,140,4,5,9,149
10281,108,2792,16,21,37,303,352,655,3,9,12,667
10841,108,2792,16,21,37,87,96,183,3,25,28,211
11692,108,2792,19,23,42,204,222,426,11,10,21,447
13799,108,2792,17,17,34,222,207,429,9,45,54,483
14106,108,2792,11,11,22,34,15,49,1,4,5,54
15071,108,2792,7,6,13,134,155,289,21,5,26,315
18344,108,2792,22,23,45,205,177,382,5,8,13,395
18420,108,2792,1,1,2,1,0,1,0,1,1,2
23144,108,2792,33,35,68,218,221,439,3,5,8,447
25544,108,2792,51,63,114,283,276,559,3,36,39,598
26425,108,2792,12,15,27,116,121,237,0,4,4,241
26999,108,2792,5,9,14,16,25,41,8,26,34,75
29914,108,2792,12,14,26,76,62,138,3,18,21,159
31372,108,2792,18,18,36,132,143,275,11,9,20,295
32899,108,2792,10,11,21,69,67,136,6,24,30,166
35227,108,2792,5,5,10,42,41,83,2,10,12,95
36006,108,2792,8,9,17,98,97,195,4,1,5,200
38823,108,2792,23,26,49,187,177,364,4,9,13,377
38893,108,2792,18,16,34,179,175,354,3,7,10,364
39701,108,2792,27,28,55,195,204,399,7,30,37,436
39783,108,2792,19,20,39,189,127,316,22,25,47,363
40629,108,2792,26,23,49,258,259,517,15,18,33,550
40997,108,2792,24,29,53,106,121,227,13,34,47,274
41393,108,2792,16,14,30,76,62,138,5,6,11,149
44520,108,2792,4,5,9,8,6,14,2,6,8,22
44956,108,2792,17,18,35,75,82,157,0,5,5,162
45539,108,2792,19,15,34,175,132,307,14,12,26,333
45945,108,2792,11,10,21,74,61,135,4,14,18,153
46654,108,2792,21,19,40,234,228,462,35,76,111,573
48187,108,2792,29,25,54,335,223,558,14,16,30,588
49294,108,2792,15,16,31,68,28,96,3,4,7,103
49597,108,2792,4,4,8,13,16,29,0,2,2,31
50181,108,2792,10,7,17,24,13,37,8,2,10,47
50709,108,2792,17,18,35,233,141,374,1,17,18,392
50869,108,2792,16,14,30,72,62,134,6,8,14,148
51597,108,2792,32,36,68,117,109,226,4,28,32,258
51722,108,2792,16,13,29,109,79,188,2,5,7,195
52385,108,2792,21,20,41,207,161,368,2,7,9,377
53275,108,2792,12,19,31,36,24,60,3,34,37,97
55594,108,2792,13,15,28,77,72,149,5,9,14,163
58909,108,2792,16,15,31,93,82,175,2,4,6,181
60830,108,2792,11,12,23,105,103,208,3,6,9,217
62555,108,2792,33,45,78,114,154,268,17,54,71,339
63188,108,2792,31,30,61,192,182,374,5,7,12,386
63757,108,2792,7,6,13,42,40,82,10,11,21,103
66052,108,2792,51,68,119,297,228,525,31,112,143,668
66404,108,2792,9,9,18,84,90,174,10,8,18,192
68494,108,2792,15,16,31,84,56,140,10,16,26,166
71627,108,2792,18,23,41,98,102,200,4,36,40,240
72746,108,2792,5,10,15,14,24,38,0,3,3,41
73175,108,2792,5,6,11,26,21,47,2,3,5,52
73303,108,2792,18,20,38,257,244,501,4,5,9,510
75178,108,2792,3,2,5,10,6,16,1,0,1,17
75261,108,2792,26,30,56,307,288,595,10,33,43,638
78966,108,2792,31,26,57,245,157,402,0,10,10,412
80193,108,2792,27,26,53,239,195,434,28,110,138,572
83568,108,2792,18,17,35,186,146,332,14,22,36,368
84841,108,2792,20,21,41,135,128,263,26,25,51,314
85596,108,2792,34,38,72,392,367,759,5,26,31,790
86009,108,2792,13,16,29,59,55,114,8,20,28,142
86352,108,2792,20,28,48,148,137,285,18,32,50,335
86727,108,2792,8,9,17,244,208,452,0,0,0,452
88175,108,2792,18,20,38,155,145,300,4,11,15,315
10281,109,2793,20,22,42,345,276,621,4,14,18,639
10841,109,2793,14,17,31,77,66,143,8,20,28,171
11692,109,2793,13,16,29,322,301,623,8,8,16,639
13799,109,2793,16,18,34,108,127,235,6,16,22,257
14106,109,2793,10,9,19,20,10,30,3,2,5,35
15071,109,2793,6,9,15,318,295,613,8,4,12,625
18344,109,2793,17,18,35,157,141,298,6,5,11,309
18420,109,2793,1,0,1,0,0,0,1,0,1,1
23144,109,2793,24,26,50,307,300,607,11,12,23,630
25544,109,2793,53,63,116,205,187,392,2,15,17,409
26425,109,2793,16,17,33,136,146,282,3,6,9,291
26999,109,2793,6,8,14,12,4,16,6,23,29,45
29914,109,2793,10,13,23,64,45,109,3,22,25,134
31372,109,2793,8,10,18,175,186,361,7,5,12,373
32899,109,2793,12,13,25,74,70,144,7,19,26,170
36006,109,2793,8,6,14,42,34,76,4,0,4,80
38823,109,2793,23,24,47,246,207,453,10,8,18,471
38893,109,2793,16,19,35,169,147,316,11,18,29,345
39701,109,2793,18,26,44,98,103,201,0,39,39,240
39783,109,2793,17,21,38,177,142,319,15,37,52,371
40629,109,2793,21,25,46,1084,1090,2174,7,23,30,2204
40997,109,2793,13,18,31,52,70,122,7,8,15,137
41393,109,2793,13,12,25,36,27,63,12,11,23,86
44520,109,2793,7,9,16,41,41,82,1,6,7,89
44956,109,2793,13,13,26,53,52,105,2,10,12,117
45539,109,2793,10,10,20,109,99,208,6,13,19,227
45945,109,2793,15,14,29,100,84,184,11,16,27,211
46654,109,2793,20,22,42,222,219,441,34,90,124,565
48187,109,2793,25,18,43,379,271,650,16,17,33,683
49294,109,2793,12,12,24,23,12,35,4,8,12,47
49597,109,2793,4,7,11,9,10,19,0,3,3,22
50181,109,2793,13,7,20,28,13,41,6,1,7,48
50709,109,2793,16,16,32,258,138,396,1,16,17,413
50869,109,2793,13,14,27,67,61,128,1,2,3,131
51597,109,2793,31,33,64,105,97,202,4,23,27,229
51722,109,2793,16,15,31,87,77,164,0,8,8,172
52385,109,2793,29,29,58,256,232,488,11,24,35,523
53275,109,2793,13,21,34,44,30,74,1,32,33,107
55594,109,2793,17,21,38,127,123,250,11,24,35,285
58909,109,2793,14,17,31,246,223,469,5,13,18,487
60830,109,2793,15,22,37,143,149,292,1,15,16,308
62555,109,2793,31,33,64,74,95,169,13,32,45,214
63188,109,2793,32,38,70,230,218,448,7,12,19,467
63757,109,2793,7,6,13,39,36,75,3,5,8,83
66052,109,2793,48,61,109,165,115,280,14,84,98,378
66404,109,2793,7,9,16,36,47,83,3,7,10,93
71627,109,2793,32,42,74,94,78,172,6,34,40,212
72746,109,2793,5,5,10,29,26,55,0,0,0,55
73175,109,2793,5,7,12,30,22,52,1,2,3,55
73303,109,2793,15,14,29,275,227,502,4,9,13,515
75178,109,2793,4,3,7,37,23,60,1,0,1,61
75261,109,2793,34,36,70,409,422,831,14,44,58,889
78966,109,2793,26,24,50,225,180,405,4,13,17,422
80193,109,2793,19,22,41,241,189,430,22,99,121,551
83568,109,2793,18,15,33,175,120,295,6,23,29,324
84841,109,2793,27,24,51,218,208,426,25,26,51,477
85596,109,2793,37,37,74,406,428,834,2,13,15,849
86009,109,2793,16,16,32,84,90,174,12,20,32,206
86352,109,2793,22,24,46,87,66,153,13,28,41,194
86727,109,2793,7,9,16,161,125,286,3,4,7,293
88175,109,2793,14,16,30,84,89,173,2,6,8,181
10281,110,2794,15,14,29,273,225,498,5,12,17,515
10841,110,2794,20,22,42,91,73,164,18,35,53,217
11692,110,2794,16,20,36,354,330,684,6,17,23,707
13799,110,2794,21,24,45,128,139,267,11,80,91,358
14106,110,2794,11,12,23,25,14,39,4,7,11,50
15071,110,2794,13,15,28,257,236,493,22,33,55,548
18344,110,2794,18,19,37,177,158,335,9,13,22,357
23144,110,2794,23,24,47,400,386,786,2,20,22,808
25544,110,2794,46,55,101,264,256,520,6,38,44,564
26425,110,2794,15,16,31,179,210,389,2,7,9,398
26999,110,2794,7,4,11,7,2,9,4,10,14,23
29914,110,2794,15,19,34,89,62,151,4,22,26,177
31372,110,2794,6,7,13,168,187,355,4,2,6,361
32899,110,2794,13,15,28,103,100,203,16,34,50,253
36006,110,2794,8,4,12,72,58,130,4,0,4,134
38823,110,2794,25,25,50,217,207,424,9,15,24,448
38893,110,2794,15,12,27,153,131,284,4,9,13,297
39701,110,2794,25,29,54,120,110,230,4,46,50,280
39783,110,2794,22,22,44,151,143,294,20,27,47,341
40629,110,2794,19,18,37,813,785,1598,1,13,14,1612
41393,110,2794,12,12,24,59,48,107,6,11,17,124
44520,110,2794,5,5,10,1,0,1,11,13,24,25
44956,110,2794,16,17,33,82,77,159,0,2,2,161
45539,110,2794,10,9,19,104,83,187,9,14,23,210
45945,110,2794,7,10,17,88,77,165,2,6,8,173
46654,110,2794,14,13,27,156,140,296,30,77,107,403
48187,110,2794,22,18,40,389,249,638,11,21,32,670
49294,110,2794,9,8,17,47,33,80,1,5,6,86
49597,110,2794,6,6,12,9,6,15,0,3,3,18
50181,110,2794,10,9,19,16,11,27,7,4,11,38
50709,110,2794,17,18,35,280,189,469,4,18,22,491
50869,110,2794,16,19,35,76,60,136,0,8,8,144
51597,110,2794,28,38,66,119,125,244,3,24,27,271
51722,110,2794,19,18,37,81,70,151,1,5,6,157
52385,110,2794,23,21,44,180,136,316,1,10,11,327
53275,110,2794,8,14,22,49,37,86,4,32,36,122
55594,110,2794,18,18,36,97,92,189,13,20,33,222
58909,110,2794,14,17,31,194,174,368,4,8,12,380
60830,110,2794,12,14,26,101,97,198,1,1,2,200
62555,110,2794,20,31,51,87,112,199,11,42,53,252
63188,110,2794,30,32,62,141,129,270,3,8,11,281
63757,110,2794,11,14,25,60,50,110,2,12,14,124
66052,110,2794,50,73,123,241,214,455,21,107,128,583
66404,110,2794,7,9,16,26,29,55,2,4,6,61
71627,110,2794,29,32,61,257,157,414,13,23,36,450
72746,110,2794,3,5,8,5,5,10,0,3,3,13
73175,110,2794,5,4,9,16,11,27,0,1,1,28
73303,110,2794,15,15,30,332,289,621,8,5,13,634
75178,110,2794,2,0,2,2,0,2,1,0,1,3
75261,110,2794,27,28,55,329,354,683,8,38,46,729
78966,110,2794,26,24,50,207,131,338,1,1,2,340
80193,110,2794,17,16,33,75,39,114,17,67,84,198
83568,110,2794,15,13,28,123,126,249,12,12,24,273
84841,110,2794,20,21,41,192,157,349,21,21,42,391
85596,110,2794,25,26,51,616,644,1260,0,18,18,1278
86009,110,2794,20,20,40,180,171,351,10,23,33,384
86352,110,2794,21,29,50,82,84,166,10,36,46,212
86727,110,2794,12,14,26,210,165,375,0,2,2,377
88175,110,2794,14,14,28,152,63,215,4,8,12,227
10281,111,2795,19,20,39,183,168,351,5,13,18,369
10841,111,2795,10,11,21,83,69,152,9,11,20,172
11692,111,2795,16,19,35,317,295,612,2,9,11,623
13799,111,2795,19,18,37,138,145,283,9,21,30,313
14106,111,2795,14,10,24,35,24,59,2,1,3,62
15071,111,2795,6,6,12,153,143,296,21,8,29,325
18344,111,2795,13,17,30,128,115,243,4,14,18,261
23144,111,2795,19,22,41,210,216,426,0,6,6,432
25544,111,2795,63,72,135,405,394,799,6,29,35,834
26425,111,2795,11,11,22,107,116,223,1,0,1,224
26999,111,2795,5,7,12,4,7,11,4,3,7,18
29914,111,2795,15,17,32,50,44,94,4,13,17,111
31372,111,2795,8,8,16,174,197,371,4,3,7,378
32899,111,2795,11,14,25,88,89,177,3,19,22,199
36006,111,2795,8,8,16,21,20,41,4,2,6,47
38823,111,2795,22,29,51,157,151,308,3,6,9,317
38893,111,2795,16,14,30,152,111,263,5,7,12,275
39701,111,2795,28,30,58,181,208,389,3,18,21,410
39783,111,2795,18,17,35,164,167,331,14,13,27,358
40629,111,2795,30,26,56,734,674,1408,9,23,32,1440
41393,111,2795,16,18,34,60,48,108,3,5,8,116
44520,111,2795,4,5,9,20,19,39,3,3,6,45
44956,111,2795,12,13,25,109,115,224,1,5,6,230
45539,111,2795,12,14,26,98,74,172,6,17,23,195
45945,111,2795,8,11,19,52,43,95,4,11,15,110
46654,111,2795,15,15,30,181,171,352,40,68,108,460
48187,111,2795,17,17,34,453,294,747,4,19,23,770
49294,111,2795,12,12,24,41,33,74,1,6,7,81
49597,111,2795,6,6,12,16,18,34,2,3,5,39
50181,111,2795,9,6,15,33,18,51,8,3,11,62
50709,111,2795,16,18,34,304,197,501,3,16,19,520
50869,111,2795,23,25,48,149,153,302,4,5,9,311
51597,111,2795,33,34,67,199,169,368,5,26,31,399
51722,111,2795,22,20,42,109,98,207,1,3,4,211
52385,111,2795,19,24,43,114,71,185,9,29,38,223
53275,111,2795,3,16,19,0,0,0,3,36,39,39
55594,111,2795,22,25,47,104,105,209,9,10,19,228
58909,111,2795,12,12,24,207,182,389,3,8,11,400
60830,111,2795,18,17,35,87,101,188,3,2,5,193
62555,111,2795,18,24,42,102,112,214,15,36,51,265
63188,111,2795,24,25,49,130,123,253,4,12,16,269
63757,111,2795,9,10,19,32,30,62,3,14,17,79
66052,111,2795,38,49,87,188,156,344,28,80,108,452
66404,111,2795,5,9,14,31,29,60,1,5,6,66
71627,111,2795,25,26,51,151,115,266,7,40,47,313
72746,111,2795,6,6,12,21,16,37,2,6,8,45
73175,111,2795,6,5,11,16,6,22,0,2,2,24
73303,111,2795,12,14,26,506,448,954,7,13,20,974
75178,111,2795,4,2,6,4,2,6,1,1,2,8
75261,111,2795,23,25,48,316,331,647,10,40,50,697
78966,111,2795,23,20,43,195,110,305,2,7,9,314
80193,111,2795,19,20,39,84,66,150,16,87,103,253
83568,111,2795,12,12,24,101,84,185,15,31,46,231
84841,111,2795,24,23,47,175,164,339,20,27,47,386
85596,111,2795,31,34,65,769,738,1507,4,23,27,1534
86009,111,2795,17,19,36,127,135,262,7,13,20,282
86352,111,2795,21,25,46,93,91,184,14,47,61,245
86727,111,2795,6,6,12,166,136,302,0,0,0,302
88175,111,2795,15,15,30,127,81,208,3,7,10,218
10281,112,2796,15,18,33,154,130,284,6,16,22,306
10841,112,2796,15,16,31,93,66,159,10,22,32,191
11692,112,2796,14,16,30,362,289,651,9,3,12,663
13799,112,2796,12,9,21,44,28,72,0,0,0,72
14106,112,2796,13,13,26,40,32,72,9,4,13,85
15071,112,2796,7,6,13,186,206,392,26,14,40,432
18344,112,2796,21,17,38,163,143,306,5,6,11,317
23144,112,2796,31,30,61,394,363,757,3,19,22,779
25544,112,2796,53,63,116,231,245,476,6,36,42,518
26425,112,2796,11,13,24,81,93,174,0,4,4,178
26999,112,2796,3,7,10,2,3,5,5,30,35,40
29914,112,2796,15,11,26,82,61,143,8,10,18,161
31372,112,2796,9,8,17,113,126,239,1,8,9,248
32899,112,2796,9,9,18,61,55,116,2,10,12,128
36006,112,2796,10,8,18,33,34,67,8,1,9,76
38823,112,2796,21,22,43,153,146,299,4,9,13,312
38893,112,2796,17,19,36,142,132,274,4,14,18,292
39701,112,2796,22,25,47,193,219,412,4,11,15,427
39783,112,2796,15,16,31,128,120,248,16,16,32,280
40629,112,2796,19,16,35,589,567,1156,3,12,15,1171
41393,112,2796,11,8,19,31,19,50,2,1,3,53
44520,112,2796,4,4,8,27,24,51,3,2,5,56
44956,112,2796,14,17,31,63,67,130,0,5,5,135
45539,112,2796,14,16,30,82,48,130,9,8,17,147
45945,112,2796,11,13,24,240,220,460,6,9,15,475
46654,112,2796,15,14,29,113,93,206,25,78,103,309
48187,112,2796,28,21,49,426,204,630,17,16,33,663
49294,112,2796,8,7,15,30,22,52,0,1,1,53
49597,112,2796,8,8,16,40,53,93,1,1,2,95
50181,112,2796,11,10,21,39,28,67,6,3,9,76
50709,112,2796,16,17,33,243,194,437,3,12,15,452
50869,112,2796,12,14,26,92,92,184,3,3,6,190
51597,112,2796,22,27,49,122,110,232,0,18,18,250
51722,112,2796,20,21,41,116,88,204,0,4,4,208
52385,112,2796,21,22,43,206,149,355,5,19,24,379
53275,112,2796,2,11,13,0,0,0,2,19,21,21
55594,112,2796,20,20,40,132,116,248,3,5,8,256
58909,112,2796,15,19,34,229,219,448,3,13,16,464
60830,112,2796,17,18,35,99,110,209,4,3,7,216
62555,112,2796,19,24,43,133,143,276,12,23,35,311
63188,112,2796,26,26,52,122,128,250,3,3,6,256
63757,112,2796,11,12,23,59,55,114,4,20,24,138
66052,112,2796,29,39,68,145,123,268,15,76,91,359
66404,112,2796,7,8,15,22,19,41,3,6,9,50
71627,112,2796,25,29,54,127,100,227,10,37,47,274
72746,112,2796,6,7,13,18,22,40,1,5,6,46
73175,112,2796,2,2,4,7,8,15,0,0,0,15
73303,112,2796,15,16,31,444,411,855,7,9,16,871
75261,112,2796,23,26,49,260,255,515,6,23,29,544
78966,112,2796,28,26,54,181,127,308,3,1,4,312
80193,112,2796,16,16,32,52,35,87,17,61,78,165
83568,112,2796,22,20,42,155,130,285,21,20,41,326
84841,112,2796,16,19,35,169,161,330,16,30,46,376
85596,112,2796,38,36,74,749,715,1464,3,11,14,1478
86009,112,2796,17,17,34,57,46,103,4,23,27,130
86352,112,2796,24,24,48,85,95,180,15,28,43,223
86727,112,2796,10,10,20,273,247,520,4,1,5,525
88175,112,2796,11,13,24,103,41,144,6,10,16,160
10281,113,2797,15,17,32,133,119,252,3,26,29,281
10841,113,2797,18,21,39,116,111,227,5,16,21,248
11692,113,2797,12,17,29,293,277,570,10,13,23,593
13799,113,2797,12,9,21,42,32,74,0,1,1,75
14106,113,2797,10,8,18,32,19,51,0,2,2,53
15071,113,2797,6,6,12,158,173,331,19,13,32,363
18344,113,2797,27,29,56,244,231,475,22,36,58,533
23144,113,2797,29,29,58,266,243,509,6,7,13,522
25544,113,2797,75,95,170,382,364,746,6,36,42,788
26425,113,2797,9,10,19,59,77,136,1,10,11,147
26999,113,2797,6,5,11,14,7,21,9,20,29,50
29914,113,2797,13,14,27,96,87,183,6,40,46,229
31372,113,2797,13,15,28,104,109,213,6,18,24,237
32899,113,2797,15,17,32,98,96,194,6,15,21,215
36006,113,2797,9,7,16,36,35,71,2,1,3,74
38823,113,2797,30,30,60,174,192,366,10,9,19,385
38893,113,2797,20,19,39,180,155,335,0,8,8,343
39701,113,2797,25,28,53,203,212,415,4,19,23,438
39783,113,2797,19,18,37,150,155,305,11,7,18,323
40629,113,2797,25,20,45,1628,1551,3179,5,21,26,3205
41393,113,2797,9,14,23,37,24,61,10,19,29,90
44520,113,2797,8,9,17,19,18,37,2,4,6,43
44956,113,2797,14,19,33,51,69,120,1,21,22,142
45539,113,2797,18,16,34,91,65,156,6,16,22,178
45945,113,2797,14,10,24,216,203,419,7,14,21,440
46654,113,2797,15,14,29,214,183,397,35,93,128,525
48187,113,2797,14,11,25,284,184,468,19,21,40,508
49294,113,2797,9,6,15,143,146,289,2,5,7,296
49597,113,2797,10,10,20,39,38,77,3,4,7,84
50181,113,2797,9,9,18,30,19,49,7,9,16,65
50709,113,2797,17,17,34,350,254,604,0,2,2,606
50869,113,2797,22,21,43,137,120,257,2,8,10,267
51597,113,2797,30,33,63,133,115,248,8,28,36,284
51722,113,2797,23,19,42,79,53,132,0,4,4,136
52385,113,2797,18,18,36,118,97,215,6,12,18,233
53275,113,2797,4,7,11,0,0,0,6,15,21,21
55594,113,2797,22,31,53,126,129,255,10,58,68,323
58909,113,2797,14,15,29,140,141,281,3,8,11,292
60830,113,2797,11,12,23,88,105,193,8,11,19,212
62555,113,2797,16,25,41,88,101,189,10,35,45,234
63188,113,2797,20,27,47,116,127,243,2,9,11,254
63757,113,2797,8,9,17,23,25,48,1,7,8,56
66052,113,2797,23,22,45,71,60,131,9,13,22,153
66404,113,2797,13,15,28,98,110,208,7,9,16,224
71627,113,2797,32,36,68,208,153,361,17,65,82,443
72746,113,2797,7,6,13,13,16,29,2,0,2,31
73175,113,2797,7,6,13,23,15,38,1,1,2,40
73303,113,2797,16,18,34,341,327,668,6,9,15,683
75178,113,2797,3,3,6,17,16,33,2,2,4,37
75261,113,2797,22,27,49,309,312,621,15,70,85,706
78966,113,2797,22,22,44,179,121,300,1,5,6,306
80193,113,2797,18,16,34,68,42,110,8,28,36,146
82282,113,2797,6,12,18,35,40,75,3,15,18,93
83568,113,2797,18,22,40,188,151,339,11,21,32,371
84841,113,2797,25,20,45,113,102,215,25,57,82,297
85596,113,2797,31,34,65,729,718,1447,8,25,33,1480
86009,113,2797,19,19,38,85,79,164,8,23,31,195
86352,113,2797,21,23,44,66,65,131,16,32,48,179
86727,113,2797,12,10,22,294,214,508,4,0,4,512
88175,113,2797,15,17,32,138,97,235,2,3,5,240
10281,114,2798,3,4,7,16,15,31,0,1,1,32
10841,114,2798,16,18,34,88,60,148,11,17,28,176
11692,114,2798,9,9,18,56,62,118,9,6,15,133
13799,114,2798,9,8,17,26,29,55,0,0,0,55
14106,114,2798,16,16,32,60,44,104,9,12,21,125
15071,114,2798,7,7,14,135,131,266,5,7,12,278
18344,114,2798,9,13,22,54,45,99,3,7,10,109
23144,114,2798,21,22,43,180,157,337,5,10,15,352
25544,114,2798,8,7,15,17,7,24,0,0,0,24
26425,114,2798,12,14,26,58,66,124,3,12,15,139
26999,114,2798,2,1,3,1,0,1,1,1,2,3
29914,114,2798,8,8,16,62,37,99,6,9,15,114
31372,114,2798,8,11,19,218,216,434,8,10,18,452
32899,114,2798,10,13,23,72,68,140,4,16,20,160
36006,114,2798,6,6,12,62,59,121,6,5,11,132
38823,114,2798,12,10,22,36,50,86,7,6,13,99
38893,114,2798,17,18,35,119,114,233,4,7,11,244
39701,114,2798,25,27,52,201,221,422,12,25,37,459
39783,114,2798,19,17,36,254,225,479,11,18,29,508
40629,114,2798,17,17,34,1252,1272,2524,3,4,7,2531
41393,114,2798,16,15,31,89,57,146,11,18,29,175
44520,114,2798,8,8,16,55,56,111,2,14,16,127
44956,114,2798,16,16,32,74,84,158,2,13,15,173
45539,114,2798,8,4,12,16,14,30,6,1,7,37
45945,114,2798,8,9,17,332,322,654,0,5,5,659
46654,114,2798,14,16,30,230,177,407,41,92,133,540
48187,114,2798,14,8,22,289,203,492,13,20,33,525
49294,114,2798,7,8,15,96,100,196,1,8,9,205
49597,114,2798,5,7,12,15,15,30,0,4,4,34
50181,114,2798,9,10,19,52,31,83,4,6,10,93
50709,114,2798,12,19,31,248,140,388,3,24,27,415
50869,114,2798,18,21,39,228,211,439,5,7,12,451
51597,114,2798,13,13,26,72,50,122,1,3,4,126
51722,114,2798,14,13,27,66,58,124,1,4,5,129
52385,114,2798,16,18,34,113,86,199,4,10,14,213
53275,114,2798,3,3,6,0,0,0,3,12,15,15
55594,114,2798,13,15,28,59,59,118,6,14,20,138
58909,114,2798,16,17,33,102,111,213,3,1,4,217
60830,114,2798,11,14,25,71,96,167,6,11,17,184
62555,114,2798,17,30,47,114,119,233,7,55,62,295
63188,114,2798,8,9,17,32,35,67,0,1,1,68
63757,114,2798,5,5,10,10,10,20,1,4,5,25
66052,114,2798,10,17,27,56,40,96,1,17,18,114
66404,114,2798,15,17,32,72,74,146,0,6,6,152
71627,114,2798,14,18,32,69,61,130,4,23,27,157
72746,114,2798,4,6,10,8,8,16,0,2,2,18
73175,114,2798,6,4,10,29,15,44,2,2,4,48
73303,114,2798,13,13,26,539,466,1005,4,4,8,1013
75178,114,2798,4,2,6,5,3,8,2,1,3,11
75261,114,2798,19,22,41,202,192,394,16,48,64,458
78966,114,2798,14,19,33,124,60,184,0,13,13,197
80193,114,2798,17,20,37,275,251,526,13,48,61,587
82282,114,2798,6,7,13,39,36,75,3,6,9,84
83568,114,2798,18,18,36,116,78,194,6,9,15,209
84841,114,2798,14,11,25,48,38,86,22,47,69,155
85596,114,2798,20,21,41,675,590,1265,5,11,16,1281
86009,114,2798,12,14,26,225,272,497,8,17,25,522
86352,114,2798,16,19,35,82,66,148,2,9,11,159
86727,114,2798,10,10,20,199,89,288,2,0,2,290
88175,114,2798,9,7,16,51,26,77,2,1,3,80
98326,114,2798,1,0,1,4,0,4,0,0,0,4
10281,115,2799,18,18,36,77,64,141,9,12,21,162
10841,115,2799,19,18,37,70,65,135,12,18,30,165
13799,115,2799,5,2,7,9,10,19,0,0,0,19
14106,115,2799,10,10,20,30,22,52,1,1,2,54
15071,115,2799,7,10,17,179,166,345,14,12,26,371
18344,115,2799,17,17,34,101,84,185,11,13,24,209
23144,115,2799,28,28,56,346,317,663,4,10,14,677
25544,115,2799,48,55,103,293,266,559,8,42,50,609
26425,115,2799,13,14,27,86,65,151,0,20,20,171
29914,115,2799,11,12,23,91,82,173,4,14,18,191
31372,115,2799,7,8,15,92,74,166,5,11,16,182
32899,115,2799,14,16,30,86,76,162,6,15,21,183
36006,115,2799,5,5,10,19,10,29,1,1,2,31
38823,115,2799,22,26,48,165,167,332,9,10,19,351
38893,115,2799,19,20,39,223,192,415,1,7,8,423
39701,115,2799,32,33,65,245,267,512,20,59,79,591
39783,115,2799,21,24,45,258,240,498,11,20,31,529
40629,115,2799,21,24,45,767,755,1522,5,33,38,1560
41393,115,2799,11,11,22,21,17,38,8,10,18,56
44520,115,2799,2,2,4,3,2,5,0,0,0,5
44956,115,2799,21,20,41,131,161,292,0,0,0,292
45539,115,2799,18,18,36,99,85,184,10,27,37,221
45945,115,2799,12,14,26,104,76,180,6,14,20,200
46654,115,2799,14,16,30,196,156,352,23,68,91,443
48187,115,2799,33,20,53,355,192,547,17,26,43,590
49294,115,2799,15,17,32,143,127,270,1,7,8,278
49597,115,2799,7,8,15,32,31,63,2,1,3,66
50181,115,2799,15,12,27,31,19,50,11,11,22,72
50709,115,2799,17,22,39,363,254,617,7,31,38,655
50869,115,2799,25,24,49,163,143,306,4,14,18,324
51597,115,2799,35,38,73,119,97,216,4,20,24,240
51722,115,2799,25,22,47,81,66,147,2,6,8,155
52385,115,2799,19,19,38,126,94,220,6,18,24,244
53275,115,2799,7,9,16,0,0,0,9,15,24,24
55594,115,2799,24,34,58,145,125,270,5,24,29,299
58909,115,2799,16,17,33,159,171,330,7,12,19,349
60830,115,2799,17,19,36,113,166,279,0,2,2,281
62555,115,2799,22,29,51,91,102,193,14,58,72,265
63188,115,2799,26,26,52,234,232,466,7,6,13,479
63757,115,2799,8,8,16,64,14,78,5,14,19,97
66052,115,2799,37,45,82,123,114,237,19,54,73,310
66404,115,2799,36,39,75,136,147,283,7,23,30,313
71627,115,2799,21,30,51,108,97,205,4,37,41,246
72746,115,2799,6,5,11,10,10,20,3,2,5,25
73175,115,2799,3,3,6,13,7,20,0,0,0,20
73303,115,2799,16,16,32,244,211,455,7,4,11,466
75178,115,2799,1,0,1,0,0,0,1,0,1,1
75261,115,2799,25,27,52,319,311,630,13,31,44,674
78966,115,2799,25,25,50,186,110,296,1,6,7,303
80193,115,2799,21,25,46,122,104,226,18,85,103,329
82282,115,2799,15,21,36,78,75,153,11,33,44,197
83568,115,2799,21,13,34,193,119,312,12,22,34,346
84841,115,2799,18,17,35,157,135,292,20,18,38,330
85596,115,2799,28,28,56,773,728,1501,4,10,14,1515
86009,115,2799,22,24,46,168,148,316,9,35,44,360
86352,115,2799,21,24,45,76,85,161,8,20,28,189
86727,115,2799,11,13,24,184,133,317,2,2,4,321
88175,115,2799,9,8,17,35,28,63,0,0,0,63
90844,115,2799,12,13,25,51,60,111,0,5,5,116
91064,115,2799,37,81,118,222,257,479,7,10,17,496
92070,115,2799,28,40,68,142,194,336,0,9,9,345
92220,115,2799,8,9,17,31,29,60,0,7,7,67
92699,115,2799,14,0,14,72,0,72,0,0,0,72
93418,115,2799,12,16,28,114,107,221,5,20,25,246
95135,115,2799,7,5,12,23,31,54,10,12,22,76
95798,115,2799,12,12,24,140,125,265,1,5,6,271
96492,115,2799,15,26,41,78,86,164,0,12,12,176
96510,115,2799,9,13,22,88,90,178,4,14,18,196
97933,115,2799,21,21,42,398,283,681,5,15,20,701
98326,115,2799,26,30,56,182,137,319,5,23,28,347
98436,115,2799,13,17,30,102,85,187,1,7,8,195
98453,115,2799,14,12,26,66,59,125,7,16,23,148
98639,115,2799,17,18,35,82,73,155,1,2,3,158
99749,115,2799,7,9,16,59,50,109,3,10,13,122
99856,115,2799,9,9,18,33,25,58,0,0,0,58
10281,116,2800,14,16,30,140,143,283,5,10,15,298
10841,116,2800,11,11,22,44,37,81,2,10,12,93
14106,116,2800,12,10,22,24,11,35,3,6,9,44
15071,116,2800,6,7,13,118,118,236,17,11,28,264
18344,116,2800,23,23,46,200,153,353,6,9,15,368
18420,116,2800,1,1,2,1,1,2,0,0,0,2
23144,116,2800,36,39,75,360,321,681,9,18,27,708
25544,116,2800,18,29,47,68,104,172,0,15,15,187
26425,116,2800,9,9,18,78,74,152,0,3,3,155
29914,116,2800,9,11,20,75,69,144,5,6,11,155
31372,116,2800,13,13,26,88,91,179,3,12,15,194
32899,116,2800,10,11,21,76,80,156,4,16,20,176
36006,116,2800,4,3,7,38,35,73,2,1,3,76
38823,116,2800,23,21,44,180,178,358,7,7,14,372
38893,116,2800,25,27,52,312,253,565,7,19,26,591
39701,116,2800,21,21,42,117,117,234,2,14,16,250
39783,116,2800,19,17,36,116,92,208,18,14,32,240
40629,116,2800,17,20,37,961,1038,1999,5,19,24,2023
41393,116,2800,11,14,25,39,30,69,4,3,7,76
44956,116,2800,14,13,27,79,74,153,0,0,0,153
45539,116,2800,9,10,19,85,70,155,2,15,17,172
45945,116,2800,15,12,27,43,22,65,7,5,12,77
46654,116,2800,19,16,35,228,195,423,42,86,128,551
48187,116,2800,24,15,39,239,131,370,11,6,17,387
49294,116,2800,6,8,14,188,196,384,1,3,4,388
49597,116,2800,4,4,8,16,16,32,1,1,2,34
50181,116,2800,12,12,24,52,32,84,4,9,13,97
50709,116,2800,16,17,33,216,152,368,1,14,15,383
50869,116,2800,13,17,30,82,81,163,4,8,12,175
51597,116,2800,25,31,56,108,107,215,2,15,17,232
51722,116,2800,14,15,29,60,49,109,1,3,4,113
52385,116,2800,27,32,59,185,148,333,4,9,13,346
53275,116,2800,0,7,7,0,0,0,0,11,11,11
55594,116,2800,21,20,41,149,137,286,7,15,22,308
58909,116,2800,15,17,32,159,144,303,6,9,15,318
60830,116,2800,19,18,37,99,121,220,2,1,3,223
62555,116,2800,28,34,62,98,104,202,11,58,69,271
63188,116,2800,27,30,57,144,146,290,0,3,3,293
63757,116,2800,8,8,16,33,31,64,5,8,13,77
66052,116,2800,47,62,109,224,201,425,27,106,133,558
66404,116,2800,30,32,62,187,165,352,3,5,8,360
66991,116,2800,1,0,1,1,0,1,0,0,0,1
71627,116,2800,18,26,44,117,91,208,4,36,40,248
72746,116,2800,6,6,12,33,42,75,0,0,0,75
73175,116,2800,7,5,12,14,12,26,3,0,3,29
73303,116,2800,20,22,42,208,205,413,7,8,15,428
75178,116,2800,3,3,6,20,15,35,0,0,0,35
75261,116,2800,21,28,49,287,284,571,6,32,38,609
78966,116,2800,28,28,56,215,143,358,1,12,13,371
80193,116,2800,24,25,49,132,117,249,16,126,142,391
82282,116,2800,13,14,27,90,92,182,5,17,22,204
83568,116,2800,19,16,35,151,116,267,12,20,32,299
84841,116,2800,22,18,40,183,132,315,13,23,36,351
85596,116,2800,28,30,58,615,587,1202,5,16,21,1223
86009,116,2800,12,14,26,45,43,88,3,7,10,98
86352,116,2800,22,21,43,76,80,156,14,21,35,191
86727,116,2800,11,10,21,191,145,336,1,1,2,338
90844,116,2800,22,22,44,80,85,165,3,8,11,176
91064,116,2800,21,27,48,235,215,450,2,19,21,471
92070,116,2800,19,22,41,169,214,383,2,10,12,395
92220,116,2800,27,36,63,162,164,326,5,28,33,359
92699,116,2800,15,15,30,114,87,201,3,11,14,215
93418,116,2800,11,13,24,139,127,266,11,35,46,312
95135,116,2800,8,11,19,22,23,45,14,24,38,83
95798,116,2800,11,13,24,207,200,407,1,2,3,410
96124,116,2800,36,40,76,266,384,650,15,24,39,689
96492,116,2800,27,29,56,136,124,260,4,22,26,286
96510,116,2800,10,12,22,127,126,253,4,12,16,269
97933,116,2800,20,20,40,152,144,296,9,60,69,365
98326,116,2800,18,20,38,235,181,416,6,20,26,442
98436,116,2800,15,15,30,105,77,182,1,3,4,186
98453,116,2800,12,16,28,48,41,89,7,19,26,115
98639,116,2800,9,14,23,83,59,142,3,10,13,155
99695,116,2800,2,0,2,2,0,2,1,0,1,3
99749,116,2800,6,6,12,15,18,33,2,1,3,36
99856,116,2800,10,8,18,37,29,66,0,0,0,66
10281,117,2801,10,15,25,80,72,152,7,16,23,175
10841,117,2801,14,16,30,48,44,92,2,5,7,99
14106,117,2801,15,18,33,26,14,40,6,16,22,62
15071,117,2801,7,8,15,88,79,167,17,9,26,193
18344,117,2801,18,19,37,202,133,335,1,7,8,343
23144,117,2801,32,31,63,177,171,348,3,6,9,357
26425,117,2801,17,19,36,147,168,315,1,4,5,320
29914,117,2801,7,7,14,62,57,119,0,11,11,130
31372,117,2801,14,12,26,84,78,162,3,8,11,173
32899,117,2801,11,11,22,56,55,111,3,12,15,126
36006,117,2801,2,2,4,40,35,75,0,0,0,75
38823,117,2801,17,14,31,135,118,253,4,11,15,268
38893,117,2801,27,28,55,320,278,598,10,20,30,628
39701,117,2801,21,21,42,252,252,504,8,27,35,539
39783,117,2801,25,28,53,222,188,410,9,24,33,443
40629,117,2801,18,15,33,1286,1334,2620,1,6,7,2627
41393,117,2801,15,14,29,83,64,147,5,7,12,159
44956,117,2801,18,18,36,93,109,202,1,8,9,211
45539,117,2801,13,11,24,64,47,111,4,3,7,118
45945,117,2801,12,9,21,30,17,47,9,9,18,65
46654,117,2801,13,14,27,184,171,355,30,59,89,444
48187,117,2801,39,36,75,425,303,728,16,31,47,775
49294,117,2801,11,11,22,233,248,481,3,6,9,490
49597,117,2801,5,4,9,14,15,29,0,0,0,29
50181,117,2801,12,8,20,36,24,60,3,1,4,64
50869,117,2801,13,17,30,73,62,135,3,10,13,148
50947,117,2801,0,1,1,0,1,1,0,0,0,1
51597,117,2801,24,23,47,113,102,215,1,15,16,231
51722,117,2801,15,16,31,59,43,102,0,5,5,107
52385,117,2801,18,16,34,153,125,278,0,7,7,285
53275,117,2801,2,3,5,0,0,0,2,7,9,9
55594,117,2801,26,20,46,146,121,267,6,6,12,279
58909,117,2801,16,15,31,93,118,211,6,1,7,218
60830,117,2801,14,16,30,97,166,263,1,4,5,268
62555,117,2801,29,39,68,237,231,468,18,77,95,563
63188,117,2801,29,29,58,129,123,252,1,2,3,255
63757,117,2801,13,13,26,47,44,91,2,6,8,99
66052,117,2801,53,72,125,175,162,337,23,108,131,468
66404,117,2801,34,36,70,214,175,389,4,15,19,408
71627,117,2801,18,24,42,95,75,170,4,13,17,187
72746,117,2801,10,11,21,40,45,85,3,6,9,94
73175,117,2801,6,3,9,6,6,12,1,2,3,15
73303,117,2801,17,18,35,240,233,473,2,5,7,480
75178,117,2801,2,3,5,4,2,6,1,3,4,10
75261,117,2801,17,21,38,240,242,482,8,21,29,511
78966,117,2801,25,20,45,245,194,439,0,6,6,445
80193,117,2801,23,20,43,106,101,207,21,94,115,322
82282,117,2801,8,11,19,26,35,61,3,4,7,68
83568,117,2801,20,17,37,132,91,223,10,20,30,253
84841,117,2801,29,28,57,264,214,478,20,23,43,521
85596,117,2801,35,35,70,546,519,1065,7,21,28,1093
86009,117,2801,15,17,32,66,52,118,3,16,19,137
86352,117,2801,27,33,60,162,150,312,17,26,43,355
86727,117,2801,6,8,14,176,140,316,0,0,0,316
90844,117,2801,21,28,49,135,127,262,3,9,12,274
91064,117,2801,20,21,41,165,128,293,6,8,14,307
92070,117,2801,16,18,34,168,187,355,1,4,5,360
92220,117,2801,20,19,39,137,116,253,8,25,33,286
92699,117,2801,15,13,28,80,52,132,3,14,17,149
93418,117,2801,10,12,22,137,131,268,6,45,51,319
95135,117,2801,8,15,23,38,25,63,13,45,58,121
95798,117,2801,12,10,22,359,229,588,2,4,6,594
96124,117,2801,35,39,74,268,317,585,6,31,37,622
96492,117,2801,21,24,45,107,112,219,3,32,35,254
96510,117,2801,7,11,18,78,72,150,5,20,25,175
97933,117,2801,19,17,36,138,90,228,6,7,13,241
98326,117,2801,17,17,34,204,159,363,10,22,32,395
98436,117,2801,11,11,22,82,58,140,2,5,7,147
98453,117,2801,15,28,43,159,132,291,6,41,47,338
98639,117,2801,14,14,28,160,98,258,1,2,3,261
99695,117,2801,16,10,26,87,70,157,9,6,15,172
99749,117,2801,5,3,8,7,11,18,2,0,2,20
99856,117,2801,9,10,19,53,54,107,9,26,35,142
10281,118,2802,16,14,30,134,110,244,5,9,14,258
10841,118,2802,21,25,46,120,106,226,15,20,35,261
11360,118,2802,1,1,2,10,17,27,0,0,0,27
14106,118,2802,11,13,24,35,28,63,3,17,20,83
15071,118,2802,12,12,24,216,200,416,16,18,34,450
18344,118,2802,17,22,39,190,181,371,4,17,21,392
23144,118,2802,24,25,49,243,220,463,5,6,11,474
25544,118,2802,6,6,12,18,7,25,0,0,0,25
26425,118,2802,17,17,34,158,189,347,3,10,13,360
29914,118,2802,11,13,24,60,48,108,6,17,23,131
31372,118,2802,11,10,21,111,105,216,6,17,23,239
32899,118,2802,10,13,23,88,77,165,7,18,25,190
36006,118,2802,4,4,8,31,31,62,0,0,0,62
38823,118,2802,31,26,57,173,165,338,11,11,22,360
38893,118,2802,22,20,42,304,250,554,3,13,16,570
39701,118,2802,23,22,45,297,243,540,9,15,24,564
39783,118,2802,28,26,54,202,146,348,5,28,33,381
40629,118,2802,39,62,101,726,727,1453,6,40,46,1499
41393,118,2802,16,13,29,68,46,114,9,7,16,130
44520,118,2802,0,1,1,0,2,2,0,0,0,2
44956,118,2802,17,19,36,121,146,267,0,2,2,269
45539,118,2802,14,12,26,91,55,146,4,4,8,154
45945,118,2802,11,11,22,46,36,82,6,11,17,99
46654,118,2802,24,25,49,255,210,465,33,66,99,564
48187,118,2802,31,22,53,311,195,506,16,37,53,559
49294,118,2802,8,9,17,120,145,265,0,3,3,268
49597,118,2802,13,16,29,67,62,129,16,7,23,152
50181,118,2802,10,9,19,22,20,42,3,4,7,49
50869,118,2802,16,17,33,83,78,161,1,8,9,170
51597,118,2802,19,25,44,103,110,213,0,18,18,231
51722,118,2802,19,18,37,86,61,147,1,8,9,156
52385,118,2802,20,20,40,210,167,377,3,6,9,386
53275,118,2802,3,4,7,0,0,0,4,8,12,12
55594,118,2802,25,23,48,159,137,296,1,10,11,307
58909,118,2802,18,18,36,188,178,366,7,1,8,374
60830,118,2802,15,19,34,123,163,286,2,10,12,298
62555,118,2802,26,37,63,148,143,291,12,65,77,368
63188,118,2802,25,26,51,172,152,324,3,8,11,335
63757,118,2802,12,11,23,35,29,64,4,10,14,78
66052,118,2802,47,59,106,136,118,254,36,105,141,395
66404,118,2802,26,26,52,178,165,343,5,2,7,350
71627,118,2802,24,24,48,126,91,217,4,37,41,258
72746,118,2802,5,7,12,10,11,21,0,3,3,24
73175,118,2802,3,2,5,10,6,16,0,0,0,16
73303,118,2802,14,15,29,446,394,840,2,2,4,844
75178,118,2802,1,0,1,1,0,1,0,0,0,1
75261,118,2802,8,18,26,104,102,206,1,19,20,226
78966,118,2802,22,19,41,207,133,340,1,3,4,344
80193,118,2802,14,20,34,149,123,272,19,88,107,379
82282,118,2802,6,5,11,24,14,38,1,4,5,43
83568,118,2802,17,18,35,130,107,237,14,21,35,272
84841,118,2802,26,28,54,250,170,420,15,19,34,454
85596,118,2802,30,32,62,697,608,1305,2,12,14,1319
86009,118,2802,13,15,28,73,60,133,5,29,34,167
86352,118,2802,18,20,38,124,118,242,15,15,30,272
86727,118,2802,7,7,14,180,133,313,0,3,3,316
90844,118,2802,20,26,46,116,128,244,3,7,10,254
91064,118,2802,14,17,31,112,98,210,3,10,13,223
92070,118,2802,13,14,27,128,143,271,3,4,7,278
92220,118,2802,16,18,34,142,104,246,2,15,17,263
92699,118,2802,20,15,35,96,72,168,7,3,10,178
93418,118,2802,10,9,19,95,95,190,14,21,35,225
95135,118,2802,7,6,13,21,17,38,22,17,39,77
95798,118,2802,13,12,25,220,163,383,1,4,5,388
96124,118,2802,33,33,66,326,364,690,15,21,36,726
96492,118,2802,13,20,33,57,64,121,11,27,38,159
96510,118,2802,12,12,24,84,81,165,5,12,17,182
97655,118,2802,0,1,1,0,4,4,0,0,0,4
97933,118,2802,24,25,49,341,235,576,23,27,50,626
98326,118,2802,18,18,36,190,117,307,2,20,22,329
98436,118,2802,15,13,28,62,68,130,2,7,9,139
98453,118,2802,17,24,41,139,143,282,2,33,35,317
98639,118,2802,11,12,23,127,85,212,2,6,8,220
99695,118,2802,15,10,25,84,85,169,3,12,15,184
99749,118,2802,4,6,10,22,16,38,4,2,6,44
99856,118,2802,15,15,30,63,45,108,19,45,64,172
10281,119,2803,16,12,28,131,126,257,4,6,10,267
10841,119,2803,13,23,36,56,66,122,9,17,26,148
14106,119,2803,14,10,24,36,24,60,2,5,7,67
15071,119,2803,10,11,21,90,76,166,25,17,42,208
18344,119,2803,15,15,30,69,55,124,6,5,11,135
23144,119,2803,22,25,47,333,309,642,8,6,14,656
25544,119,2803,43,52,95,270,261,531,1,10,11,542
26425,119,2803,10,10,20,86,96,182,2,13,15,197
29914,119,2803,6,8,14,38,31,69,4,27,31,100
31372,119,2803,8,8,16,40,36,76,1,2,3,79
32899,119,2803,15,16,31,89,69,158,11,18,29,187
36006,119,2803,2,3,5,9,7,16,1,0,1,17
38823,119,2803,11,11,22,121,114,235,3,5,8,243
38893,119,2803,16,16,32,107,91,198,5,4,9,207
39701,119,2803,23,22,45,241,222,463,10,14,24,487
39783,119,2803,32,29,61,197,177,374,31,32,63,437
40629,119,2803,23,22,45,302,280,582,0,0,0,582
41393,119,2803,14,11,25,37,23,60,4,4,8,68
44520,119,2803,4,3,7,6,7,13,1,1,2,15
44956,119,2803,18,18,36,74,64,138,0,1,1,139
45539,119,2803,12,10,22,201,168,369,0,0,0,369
45945,119,2803,15,19,34,214,208,422,10,15,25,447
46654,119,2803,17,20,37,239,200,439,27,74,101,540
48187,119,2803,25,16,41,288,190,478,19,34,53,531
49294,119,2803,9,6,15,140,129,269,2,0,2,271
49597,119,2803,6,4,10,20,11,31,0,2,2,33
50181,119,2803,9,8,17,18,13,31,4,2,6,37
50869,119,2803,10,12,22,44,43,87,3,6,9,96
51597,119,2803,16,16,32,46,35,81,1,14,15,96
51722,119,2803,14,15,29,70,47,117,0,1,1,118
52385,119,2803,25,31,56,326,298,624,2,22,24,648
53275,119,2803,3,10,13,0,0,0,6,29,35,35
55594,119,2803,29,24,53,101,79,180,3,5,8,188
58909,119,2803,15,15,30,81,97,178,3,4,7,185
60830,119,2803,19,22,41,102,143,245,1,5,6,251
62555,119,2803,46,59,105,131,130,261,11,39,50,311
63188,119,2803,22,18,40,143,123,266,7,0,7,273
63757,119,2803,6,6,12,22,16,38,1,3,4,42
66052,119,2803,33,41,74,82,73,155,9,56,65,220
66404,119,2803,22,19,41,158,127,285,0,7,7,292
71627,119,2803,25,28,53,140,126,266,12,66,78,344
72746,119,2803,9,9,18,29,36,65,1,8,9,74
73175,119,2803,7,6,13,61,41,102,1,1,2,104
73303,119,2803,18,19,37,326,299,625,6,12,18,643
75178,119,2803,6,6,12,28,21,49,4,0,4,53
78966,119,2803,18,19,37,170,88,258,0,9,9,267
80193,119,2803,16,17,33,175,132,307,14,44,58,365
82282,119,2803,10,10,20,60,60,120,0,4,4,124
83568,119,2803,16,13,29,108,76,184,22,17,39,223
84841,119,2803,21,20,41,79,76,155,9,14,23,178
85596,119,2803,22,22,44,744,614,1358,3,14,17,1375
86009,119,2803,18,17,35,59,58,117,14,21,35,152
86352,119,2803,23,28,51,78,75,153,10,27,37,190
86727,119,2803,6,6,12,700,629,1329,0,1,1,1330
90844,119,2803,10,13,23,33,33,66,1,2,3,69
91064,119,2803,25,25,50,147,123,270,8,15,23,293
92070,119,2803,16,17,33,237,247,484,1,2,3,487
92220,119,2803,19,18,37,216,190,406,9,11,20,426
92699,119,2803,14,15,29,48,13,61,8,22,30,91
93418,119,2803,8,9,17,47,43,90,9,32,41,131
95135,119,2803,13,9,22,20,0,20,22,23,45,65
95798,119,2803,11,10,21,110,92,202,2,2,4,206
96124,119,2803,29,29,58,147,171,318,6,12,18,336
96492,119,2803,16,27,43,74,63,137,6,25,31,168
96510,119,2803,6,7,13,47,45,92,5,6,11,103
97933,119,2803,14,13,27,93,60,153,14,6,20,173
98326,119,2803,10,9,19,62,46,108,3,7,10,118
98436,119,2803,13,9,22,94,83,177,7,4,11,188
98453,119,2803,11,15,26,89,61,150,7,11,18,168
98639,119,2803,12,10,22,104,88,192,7,9,16,208
99695,119,2803,14,11,25,55,46,101,1,8,9,110
99749,119,2803,11,12,23,49,46,95,9,10,19,114
99856,119,2803,20,17,37,64,78,142,24,34,58,200
10281,120,2804,19,14,33,69,69,138,6,12,18,156
10841,120,2804,14,19,33,79,61,140,3,9,12,152
13882,120,2804,10,12,22,50,50,100,1,10,11,111
14106,120,2804,10,13,23,18,12,30,6,8,14,44
15071,120,2804,10,11,21,106,118,224,21,19,40,264
18344,120,2804,19,20,39,139,124,263,4,1,5,268
23144,120,2804,23,27,50,162,181,343,4,13,17,360
25544,120,2804,46,61,107,325,332,657,4,18,22,679
26425,120,2804,10,8,18,74,71,145,0,4,4,149
29914,120,2804,9,10,19,55,39,94,0,11,11,105
31372,120,2804,6,6,12,146,153,299,3,3,6,305
32899,120,2804,9,9,18,58,55,113,3,10,13,126
36006,120,2804,3,3,6,25,24,49,0,0,0,49
38823,120,2804,22,26,48,157,159,316,8,6,14,330
38893,120,2804,27,25,52,283,231,514,2,6,8,522
39701,120,2804,26,23,49,314,177,491,3,24,27,518
39783,120,2804,43,33,76,301,210,511,5,12,17,528
40629,120,2804,15,16,31,556,534,1090,1,7,8,1098
41393,120,2804,11,10,21,51,41,92,4,4,8,100
44520,120,2804,7,7,14,21,24,45,6,6,12,57
44956,120,2804,12,12,24,77,85,162,1,0,1,163
45539,120,2804,10,8,18,92,74,166,8,3,11,177
45945,120,2804,26,27,53,127,107,234,10,11,21,255
46654,120,2804,18,19,37,218,201,419,26,76,102,521
48187,120,2804,25,18,43,175,89,264,20,27,47,311
49294,120,2804,8,8,16,56,47,103,1,2,3,106
49597,120,2804,6,6,12,24,20,44,3,2,5,49
50181,120,2804,13,12,25,37,24,61,8,5,13,74
50869,120,2804,21,14,35,79,71,150,6,9,15,165
51597,120,2804,36,40,76,166,151,317,3,31,34,351
51722,120,2804,11,12,23,47,42,89,3,4,7,96
52385,120,2804,13,16,29,102,65,167,3,10,13,180
53275,120,2804,3,5,8,0,0,0,5,11,16,16
55594,120,2804,14,14,28,102,88,190,3,13,16,206
58909,120,2804,12,14,26,114,100,214,4,2,6,220
60830,120,2804,11,11,22,72,77,149,2,3,5,154
62555,120,2804,21,35,56,94,113,207,18,52,70,277
63188,120,2804,20,23,43,107,107,214,2,5,7,221
63757,120,2804,9,10,19,42,35,77,2,5,7,84
66052,120,2804,47,61,108,217,199,416,11,69,80,496
66404,120,2804,37,35,72,230,210,440,2,1,3,443
71518,120,2804,7,7,14,38,42,80,5,5,10,90
71627,120,2804,27,32,59,111,96,207,5,32,37,244
72746,120,2804,10,11,21,26,21,47,0,0,0,47
73175,120,2804,4,2,6,11,4,15,0,0,0,15
73303,120,2804,23,20,43,99,117,216,6,2,8,224
75178,120,2804,3,2,5,3,2,5,3,0,3,8
78966,120,2804,21,18,39,178,99,277,1,1,2,279
80193,120,2804,13,13,26,49,33,82,9,34,43,125
82282,120,2804,6,7,13,59,54,113,0,5,5,118
83568,120,2804,24,23,47,199,148,347,6,21,27,374
84841,120,2804,21,22,43,223,207,430,24,12,36,466
85596,120,2804,31,32,63,768,640,1408,3,15,18,1426
86009,120,2804,15,16,31,113,106,219,4,19,23,242
86352,120,2804,19,22,41,72,72,144,7,20,27,171
86727,120,2804,12,10,22,234,181,415,1,0,1,416
90844,120,2804,14,15,29,80,75,155,0,5,5,160
91064,120,2804,16,16,32,101,90,191,3,10,13,204
92070,120,2804,19,20,39,168,178,346,1,4,5,351
92220,120,2804,37,37,74,201,188,389,6,23,29,418
92699,120,2804,22,21,43,163,108,271,8,4,12,283
93418,120,2804,7,10,17,124,120,244,9,33,42,286
95014,120,2804,3,3,6,22,21,43,3,7,10,53
95135,120,2804,4,6,10,7,6,13,6,12,18,31
95798,120,2804,11,14,25,117,126,243,2,6,8,251
96124,120,2804,2,2,4,4,7,11,0,0,0,11
96492,120,2804,20,18,38,75,68,143,4,9,13,156
96510,120,2804,11,12,23,87,80,167,2,6,8,175
97933,120,2804,14,12,26,130,91,221,3,4,7,228
98326,120,2804,22,22,44,135,108,243,2,10,12,255
98436,120,2804,13,11,24,86,70,156,3,6,9,165
98453,120,2804,18,19,37,157,154,311,7,16,23,334
98639,120,2804,11,11,22,143,56,199,3,6,9,208
99367,120,2804,6,6,12,17,16,33,1,7,8,41
99695,120,2804,13,10,23,94,82,176,7,11,18,194
99749,120,2804,3,3,6,3,3,6,1,3,4,10
99856,120,2804,21,24,45,101,104,205,23,46,69,274
10281,121,2805,16,20,36,180,162,342,4,13,17,359
10841,121,2805,14,16,30,104,56,160,6,14,20,180
13882,121,2805,15,12,27,75,79,154,8,3,11,165
14106,121,2805,5,6,11,13,8,21,2,5,7,28
15071,121,2805,7,8,15,133,148,281,18,10,28,309
18344,121,2805,21,20,41,175,152,327,4,2,6,333
23144,121,2805,29,30,59,244,254,498,1,7,8,506
25544,121,2805,49,60,109,337,318,655,1,22,23,678
26127,121,2805,6,7,13,17,21,38,4,14,18,56
26425,121,2805,6,7,13,88,104,192,1,5,6,198
29914,121,2805,8,12,20,62,68,130,0,16,16,146
31372,121,2805,10,9,19,152,145,297,0,4,4,301
32100,121,2805,7,11,18,54,52,106,2,8,10,116
32899,121,2805,10,9,19,81,75,156,6,5,11,167
36006,121,2805,3,3,6,43,38,81,0,0,0,81
38823,121,2805,17,24,41,142,151,293,5,5,10,303
38893,121,2805,24,21,45,184,149,333,2,5,7,340
39701,121,2805,24,25,49,222,187,409,5,21,26,435
39783,121,2805,41,26,67,335,279,614,9,14,23,637
41393,121,2805,10,9,19,63,36,99,3,8,11,110
44520,121,2805,7,8,15,27,31,58,2,6,8,66
44956,121,2805,22,23,45,84,105,189,1,4,5,194
45539,121,2805,10,11,21,132,101,233,4,5,9,242
45945,121,2805,13,12,25,144,129,273,5,13,18,291
46654,121,2805,21,17,38,341,311,652,23,88,111,763
46771,121,2805,17,23,40,73,62,135,2,31,33,168
48187,121,2805,26,18,44,270,176,446,9,20,29,475
49294,121,2805,8,9,17,38,16,54,0,4,4,58
49597,121,2805,8,7,15,36,31,67,0,0,0,67
50181,121,2805,11,15,26,42,32,74,5,15,20,94
50869,121,2805,13,12,25,104,111,215,3,8,11,226
51597,121,2805,38,37,75,171,137,308,5,17,22,330
51722,121,2805,23,24,47,157,112,269,0,5,5,274
52385,121,2805,11,13,24,96,74,170,1,8,9,179
53275,121,2805,3,4,7,0,0,0,5,8,13,13
55594,121,2805,16,15,31,98,82,180,5,9,14,194
57637,121,2805,5,4,9,12,13,25,3,2,5,30
58909,121,2805,16,20,36,130,139,269,6,11,17,286
60830,121,2805,10,8,18,94,105,199,7,2,9,208
62555,121,2805,19,37,56,105,115,220,14,42,56,276
63063,121,2805,4,6,10,2,2,4,5,6,11,15
63188,121,2805,34,34,68,265,250,515,4,7,11,526
63757,121,2805,6,8,14,17,17,34,1,6,7,41
66052,121,2805,36,50,86,166,152,318,11,68,79,397
66245,121,2805,6,8,14,24,23,47,2,8,10,57
66404,121,2805,24,23,47,133,124,257,0,1,1,258
69065,121,2805,6,6,12,26,12,38,0,5,5,43
71518,121,2805,14,11,25,73,66,139,10,9,19,158
71627,121,2805,20,24,44,111,83,194,1,13,14,208
72746,121,2805,7,7,14,9,9,18,2,1,3,21
73175,121,2805,4,4,8,8,7,15,1,2,3,18
73303,121,2805,18,20,38,138,151,289,1,6,7,296
75178,121,2805,1,0,1,0,0,0,1,0,1,1
76313,121,2805,5,4,9,15,18,33,2,2,4,37
78966,121,2805,18,18,36,141,69,210,0,4,4,214
80058,121,2805,3,0,3,3,0,3,0,0,0,3
82282,121,2805,9,7,16,115,128,243,3,9,12,255
83568,121,2805,22,22,44,251,215,466,5,19,24,490
84841,121,2805,29,28,57,250,223,473,10,7,17,490
85596,121,2805,27,38,65,592,546,1138,3,11,14,1152
86009,121,2805,16,17,33,133,128,261,2,16,18,279
86352,121,2805,22,22,44,139,127,266,16,37,53,319
86727,121,2805,8,10,18,165,131,296,0,4,4,300
90844,121,2805,18,22,40,91,92,183,5,12,17,200
91064,121,2805,15,18,33,71,59,130,2,9,11,141
92070,121,2805,21,22,43,232,263,495,0,8,8,503
92220,121,2805,19,19,38,112,82,194,4,15,19,213
92699,121,2805,13,12,25,160,105,265,2,1,3,268
93418,121,2805,10,11,21,99,94,193,4,37,41,234
94904,121,2805,1,1,2,0,0,0,1,1,2,2
95014,121,2805,6,15,21,43,43,86,4,34,38,124
95135,121,2805,7,5,12,26,29,55,8,9,17,72
95798,121,2805,12,11,23,143,138,281,1,2,3,284
96492,121,2805,27,26,53,127,132,259,8,17,25,284
96510,121,2805,14,17,31,146,140,286,7,7,14,300
97933,121,2805,20,20,40,153,142,295,7,9,16,311
98326,121,2805,20,22,42,208,168,376,8,21,29,405
98436,121,2805,10,9,19,83,65,148,0,2,2,150
98453,121,2805,20,18,38,105,96,201,6,13,19,220
98639,121,2805,10,13,23,173,70,243,6,9,15,258
99695,121,2805,14,14,28,91,66,157,10,21,31,188
99749,121,2805,2,2,4,3,2,5,1,1,2,7
99856,121,2805,29,28,57,129,119,248,18,27,45,293
10281,122,2806,14,15,29,86,71,157,6,8,14,171
10841,122,2806,14,14,28,92,79,171,2,9,11,182
13882,122,2806,16,16,32,132,115,247,4,2,6,253
14106,122,2806,16,14,30,60,45,105,6,9,15,120
15071,122,2806,8,8,16,109,111,220,25,16,41,261
18344,122,2806,15,17,32,197,161,358,5,8,13,371
23144,122,2806,27,27,54,284,272,556,2,9,11,567
24760,122,2806,10,15,25,116,112,228,11,20,31,259
25544,122,2806,43,64,107,497,465,962,1,26,27,989
25947,122,2806,5,4,9,9,8,17,1,2,3,20
26127,122,2806,20,18,38,163,137,300,32,30,62,362
26425,122,2806,15,15,30,136,126,262,4,7,11,273
29914,122,2806,10,13,23,68,63,131,2,14,16,147
31372,122,2806,7,7,14,91,89,180,1,4,5,185
32100,122,2806,17,17,34,246,256,502,6,7,13,515
32899,122,2806,10,12,22,81,67,148,8,11,19,167
36006,122,2806,6,6,12,32,34,66,3,0,3,69
37617,122,2806,4,4,8,35,29,64,0,0,0,64
38823,122,2806,19,20,39,141,128,269,2,4,6,275
38893,122,2806,19,19,38,167,142,309,8,7,15,324
39701,122,2806,24,26,50,230,208,438,13,30,43,481
39783,122,2806,31,20,51,277,243,520,19,13,32,552
41393,122,2806,17,17,34,93,65,158,3,10,13,171
44520,122,2806,5,7,12,15,13,28,4,7,11,39
44956,122,2806,21,26,47,118,154,272,2,11,13,285
45539,122,2806,10,10,20,277,239,516,9,3,12,528
45945,122,2806,17,18,35,115,98,213,5,9,14,227
46021,122,2806,8,7,15,47,33,80,5,7,12,92
46654,122,2806,18,20,38,794,687,1481,18,68,86,1567
46771,122,2806,38,59,97,349,346,695,25,71,96,791
48187,122,2806,75,19,94,530,330,860,16,22,38,898
49294,122,2806,9,11,20,140,155,295,2,8,10,305
49597,122,2806,9,9,18,14,17,31,3,2,5,36
50181,122,2806,20,18,38,41,33,74,19,19,38,112
50869,122,2806,16,14,30,113,100,213,9,6,15,228
51597,122,2806,20,21,41,116,100,216,1,13,14,230
51722,122,2806,16,17,33,89,92,181,3,7,10,191
52385,122,2806,17,17,34,131,108,239,0,7,7,246
53275,122,2806,3,5,8,0,0,0,7,15,22,22
53884,122,2806,2,3,5,44,28,72,0,2,2,74
55594,122,2806,10,7,17,50,47,97,7,5,12,109
57637,122,2806,9,12,21,38,41,79,9,17,26,105
58909,122,2806,17,17,34,127,120,247,5,6,11,258
59367,122,2806,2,4,6,7,8,15,0,1,1,16
60830,122,2806,6,5,11,28,31,59,1,1,2,61
62555,122,2806,17,26,43,108,93,201,16,53,69,270
63063,122,2806,23,25,48,185,170,355,14,32,46,401
63188,122,2806,23,22,45,240,221,461,9,10,19,480
63757,122,2806,1,1,2,1,1,2,1,1,2,4
66052,122,2806,60,71,131,191,190,381,17,67,84,465
66245,122,2806,11,10,21,223,212,435,9,8,17,452
66404,122,2806,22,25,47,139,142,281,4,7,11,292
68633,122,2806,1,2,3,5,0,5,0,3,3,8
69065,122,2806,7,6,13,16,9,25,1,4,5,30
71518,122,2806,6,7,13,78,82,160,3,3,6,166
71627,122,2806,28,30,58,164,133,297,5,49,54,351
72746,122,2806,16,18,34,37,27,64,5,7,12,76
73175,122,2806,5,5,10,65,64,129,1,2,3,132
73303,122,2806,19,19,38,296,271,567,3,1,4,571
75178,122,2806,3,2,5,10,9,19,1,1,2,21
76313,122,2806,18,14,32,118,106,224,2,6,8,232
78911,122,2806,8,2,10,36,1,37,4,9,13,50
78966,122,2806,24,24,48,198,116,314,3,11,14,328
80058,122,2806,36,40,76,350,230,580,12,35,47,627
82282,122,2806,11,12,23,103,123,226,5,12,17,243
83568,122,2806,17,15,32,291,234,525,13,24,37,562
84841,122,2806,21,19,40,165,130,295,24,34,58,353
85596,122,2806,31,34,65,1092,910,2002,2,22,24,2026
85970,122,2806,21,23,44,111,111,222,8,23,31,253
86009,122,2806,12,11,23,85,81,166,4,25,29,195
86352,122,2806,11,18,29,25,32,57,7,24,31,88
86727,122,2806,5,5,10,424,384,808,2,1,3,811
90844,122,2806,13,13,26,71,68,139,5,5,10,149
91064,122,2806,17,21,38,74,61,135,8,22,30,165
91423,122,2806,22,22,44,217,267,484,4,1,5,489
92070,122,2806,25,25,50,363,372,735,3,5,8,743
92220,122,2806,19,25,44,214,180,394,9,23,32,426
92699,122,2806,21,20,41,111,98,209,16,20,36,245
93418,122,2806,10,14,24,97,88,185,13,45,58,243
94904,122,2806,14,16,30,158,103,261,7,12,19,280
95014,122,2806,8,12,20,147,127,274,6,16,22,296
95135,122,2806,9,6,15,7,0,7,14,14,28,35
95798,122,2806,17,19,36,125,114,239,7,5,12,251
96492,122,2806,16,14,30,124,131,255,11,33,44,299
96510,122,2806,9,9,18,75,60,135,3,4,7,142
97933,122,2806,14,13,27,80,57,137,6,15,21,158
98326,122,2806,9,12,21,63,51,114,3,16,19,133
98436,122,2806,15,16,31,125,114,239,2,3,5,244
98453,122,2806,14,14,28,130,96,226,6,12,18,244
98639,122,2806,13,12,25,113,66,179,5,13,18,197
99695,122,2806,16,15,31,93,75,168,6,9,15,183
99749,122,2806,6,7,13,5,2,7,8,20,28,35
99856,122,2806,15,14,29,97,100,197,5,19,24,221
10281,123,2807,15,15,30,343,308,651,0,5,5,656
10841,123,2807,21,27,48,27,28,55,1,1,2,57
13882,123,2807,22,26,48,228,234,462,5,6,11,473
14106,123,2807,5,3,8,10,3,13,2,8,10,23
15071,123,2807,7,5,12,103,96,199,10,3,13,212
18344,123,2807,7,7,14,6,4,10,2,5,7,17
23144,123,2807,13,11,24,64,48,112,1,2,3,115
24760,123,2807,15,18,33,255,284,539,21,25,46,585
25544,123,2807,43,56,99,278,255,533,4,14,18,551
25947,123,2807,13,14,27,131,74,205,7,9,16,221
26425,123,2807,15,16,31,51,52,103,2,9,11,114
29914,123,2807,13,9,22,50,21,71,9,19,28,99
31372,123,2807,9,8,17,302,335,637,4,9,13,650
32100,123,2807,22,19,41,363,347,710,10,9,19,729
32899,123,2807,4,1,5,7,6,13,2,0,2,15
36006,123,2807,3,3,6,7,7,14,0,0,0,14
37617,123,2807,6,4,10,18,12,30,1,0,1,31
38823,123,2807,9,10,19,83,85,168,2,2,4,172
38893,123,2807,23,23,46,152,112,264,0,3,3,267
39701,123,2807,22,22,44,584,268,852,6,17,23,875
39783,123,2807,39,27,66,631,581,1212,17,16,33,1245
41393,123,2807,19,16,35,133,113,246,2,8,10,256
44520,123,2807,2,2,4,1,0,1,1,8,9,10
44956,123,2807,7,9,16,19,20,39,0,5,5,44
45539,123,2807,12,8,20,440,393,833,0,4,4,837
45945,123,2807,11,10,21,319,290,609,8,2,10,619
46021,123,2807,8,10,18,215,175,390,8,12,20,410
46654,123,2807,22,26,48,659,567,1226,40,92,132,1358
46771,123,2807,29,35,64,452,396,848,12,33,45,893
48187,123,2807,32,16,48,430,289,719,9,15,24,743
49294,123,2807,13,10,23,154,161,315,1,2,3,318
49597,123,2807,13,13,26,42,43,85,1,1,2,87
50181,123,2807,13,11,24,29,14,43,8,5,13,56
50869,123,2807,21,19,40,119,78,197,5,6,11,208
51597,123,2807,34,30,64,157,129,286,2,19,21,307
51722,123,2807,23,22,45,165,122,287,6,12,18,305
52385,123,2807,24,32,56,215,200,415,4,17,21,436
53275,123,2807,3,6,9,5,5,10,4,14,18,28
53884,123,2807,4,3,7,6,4,10,0,1,1,11
55594,123,2807,13,10,23,66,55,121,6,2,8,129
57637,123,2807,6,5,11,12,8,20,0,2,2,22
58909,123,2807,16,17,33,128,110,238,3,3,6,244
59367,123,2807,8,10,18,32,31,63,0,3,3,66
62555,123,2807,13,24,37,58,85,143,18,29,47,190
63063,123,2807,22,22,44,219,199,418,5,13,18,436
63188,123,2807,22,25,47,134,126,260,2,6,8,268
66245,123,2807,15,17,32,263,234,497,12,12,24,521
66404,123,2807,13,12,25,112,100,212,2,1,3,215
68633,123,2807,3,5,8,12,9,21,1,3,4,25
69065,123,2807,5,8,13,12,8,20,1,7,8,28
71518,123,2807,6,6,12,27,18,45,0,1,1,46
71627,123,2807,29,30,59,148,122,270,3,26,29,299
72746,123,2807,7,9,16,21,19,40,3,5,8,48
73175,123,2807,4,4,8,80,72,152,1,0,1,153
73303,123,2807,13,13,26,193,166,359,2,4,6,365
75178,123,2807,2,1,3,21,8,29,0,0,0,29
76313,123,2807,27,28,55,138,148,286,8,2,10,296
78911,123,2807,14,5,19,59,12,71,4,1,5,76
78966,123,2807,20,19,39,202,126,328,3,2,5,333
80058,123,2807,39,46,85,570,439,1009,10,25,35,1044
82282,123,2807,4,2,6,26,25,51,1,1,2,53
83568,123,2807,21,23,44,161,131,292,16,21,37,329
84841,123,2807,21,18,39,147,116,263,11,15,26,289
85596,123,2807,33,33,66,974,712,1686,2,22,24,1710
85970,123,2807,12,12,24,21,15,36,1,3,4,40
86009,123,2807,12,14,26,841,848,1689,10,33,43,1732
86352,123,2807,7,12,19,39,59,98,3,16,19,117
86727,123,2807,6,7,13,897,788,1685,0,0,0,1685
90844,123,2807,7,7,14,28,31,59,0,0,0,59
91064,123,2807,20,24,44,63,53,116,14,36,50,166
91423,123,2807,18,16,34,293,320,613,5,4,9,622
92070,123,2807,12,12,24,130,139,269,2,6,8,277
92220,123,2807,23,18,41,154,128,282,11,17,28,310
92699,123,2807,19,17,36,51,35,86,6,22,28,114
93418,123,2807,9,9,18,11,19,30,10,23,33,63
94904,123,2807,18,22,40,81,63,144,4,11,15,159
95014,123,2807,11,12,23,103,75,178,1,12,13,191
95798,123,2807,13,12,25,186,162,348,2,3,5,353
96492,123,2807,10,16,26,132,116,248,2,26,28,276
96510,123,2807,5,3,8,13,11,24,0,0,0,24
97933,123,2807,9,10,19,20,19,39,7,2,9,48
98326,123,2807,9,8,17,33,23,56,2,3,5,61
98436,123,2807,4,4,8,6,5,11,0,0,0,11
98453,123,2807,14,15,29,113,125,238,9,14,23,261
98639,123,2807,9,11,20,10,7,17,7,26,33,50
99695,123,2807,22,18,40,137,115,252,5,4,9,261
99749,123,2807,7,7,14,21,16,37,8,6,14,51
99856,123,2807,13,9,22,50,50,100,13,13,26,126
10281,124,2808,12,14,26,213,191,404,3,8,11,415
10841,124,2808,7,10,17,96,78,174,0,2,2,176
11692,124,2808,1,0,1,1,0,1,0,0,0,1
13882,124,2808,14,20,34,86,87,173,0,5,5,178
14106,124,2808,12,14,26,35,32,67,7,3,10,77
15071,124,2808,7,6,13,116,122,238,36,28,64,302
15776,124,2808,16,16,32,57,54,111,0,0,0,111
17353,124,2808,7,5,12,26,19,45,3,2,5,50
18344,124,2808,1,1,2,2,1,3,0,0,0,3
23040,124,2808,6,6,12,15,16,31,0,0,0,31
23144,124,2808,9,12,21,54,50,104,6,8,14,118
23642,124,2808,5,5,10,0,0,0,6,6,12,12
24760,124,2808,15,14,29,193,214,407,13,15,28,435
25544,124,2808,29,33,62,274,246,520,14,26,40,560
25947,124,2808,11,10,21,66,41,107,3,2,5,112
26425,124,2808,10,13,23,150,144,294,6,18,24,318
29914,124,2808,7,6,13,37,32,69,0,3,3,72
30076,124,2808,14,16,30,119,134,253,1,2,3,256
31372,124,2808,8,9,17,274,300,574,12,20,32,606
32100,124,2808,15,15,30,205,199,404,6,10,16,420
32899,124,2808,3,2,5,13,12,25,2,0,2,27
36006,124,2808,5,4,9,16,15,31,0,0,0,31
38823,124,2808,12,15,27,209,153,362,10,20,30,392
38893,124,2808,10,10,20,52,53,105,3,2,5,110
39701,124,2808,16,16,32,241,155,396,13,25,38,434
39783,124,2808,27,17,44,445,420,865,22,16,38,903
41393,124,2808,15,17,32,57,46,103,5,7,12,115
44520,124,2808,1,1,2,0,0,0,2,2,4,4
44956,124,2808,7,6,13,32,15,47,0,0,0,47
45539,124,2808,16,10,26,499,445,944,5,2,7,951
45945,124,2808,12,13,25,303,303,606,5,7,12,618
46021,124,2808,6,5,11,39,34,73,16,12,28,101
46160,124,2808,3,3,6,20,13,33,1,0,1,34
46654,124,2808,14,16,30,361,319,680,39,44,83,763
46771,124,2808,22,20,42,293,238,531,3,15,18,549
48187,124,2808,12,9,21,482,318,800,5,6,11,811
49294,124,2808,6,5,11,158,159,317,0,0,0,317
49597,124,2808,12,14,26,34,26,60,18,15,33,93
50181,124,2808,17,16,33,33,31,64,8,10,18,82
50709,124,2808,7,12,19,53,44,97,5,18,23,120
50869,124,2808,13,11,24,48,31,79,2,6,8,87
50947,124,2808,12,12,24,51,67,118,0,0,0,118
51597,124,2808,17,20,37,173,132,305,4,18,22,327
51722,124,2808,10,11,21,33,31,64,0,1,1,65
52067,124,2808,3,2,5,0,0,0,6,5,11,11
52385,124,2808,26,32,58,262,227,489,3,15,18,507
53275,124,2808,4,4,8,13,16,29,3,0,3,32
53884,124,2808,6,6,12,49,42,91,1,5,6,97
55594,124,2808,6,9,15,58,50,108,2,8,10,118
57637,124,2808,10,8,18,34,37,71,12,11,23,94
58909,124,2808,12,10,22,91,76,167,1,1,2,169
59367,124,2808,8,9,17,23,23,46,2,6,8,54
62555,124,2808,16,25,41,134,172,306,31,61,92,398
63063,124,2808,19,17,36,267,216,483,11,14,25,508
63188,124,2808,4,8,12,23,21,44,2,14,16,60
66245,124,2808,16,21,37,332,299,631,13,26,39,670
66404,124,2808,14,15,29,267,226,493,0,4,4,497
66754,124,2808,4,10,14,0,0,0,11,31,42,42
68494,124,2808,12,14,26,76,69,145,9,17,26,171
68633,124,2808,4,6,10,40,20,60,3,10,13,73
69065,124,2808,1,3,4,6,2,8,0,2,2,10
71518,124,2808,5,4,9,47,24,71,2,1,3,74
71627,124,2808,22,21,43,251,222,473,0,13,13,486
72746,124,2808,9,9,18,44,28,72,16,6,22,94
73175,124,2808,8,7,15,235,236,471,6,2,8,479
73303,124,2808,20,17,37,368,307,675,2,2,4,679
75178,124,2808,3,2,5,4,2,6,4,4,8,14
76313,124,2808,13,9,22,56,42,98,2,2,4,102
78911,124,2808,6,7,13,95,73,168,1,4,5,173
78966,124,2808,19,17,36,199,103,302,2,3,5,307
80058,124,2808,16,17,33,242,188,430,3,12,15,445
82282,124,2808,9,8,17,99,86,185,14,12,26,211
83568,124,2808,15,14,29,428,316,744,12,11,23,767
84841,124,2808,19,16,35,151,131,282,21,37,58,340
85596,124,2808,22,22,44,1493,1195,2688,1,8,9,2697
85970,124,2808,20,20,40,161,136,297,8,30,38,335
86009,124,2808,8,11,19,1219,1439,2658,16,44,60,2718
86352,124,2808,7,21,28,40,46,86,4,21,25,111
86727,124,2808,11,11,22,356,308,664,0,3,3,667
88133,124,2808,21,29,50,182,177,359,18,41,59,418
88175,124,2808,7,8,15,31,36,67,1,6,7,74
89827,124,2808,6,4,10,11,9,20,1,2,3,23
90289,124,2808,7,6,13,0,0,0,16,6,22,22
90844,124,2808,8,9,17,29,27,56,1,5,6,62
91064,124,2808,10,14,24,57,29,86,10,27,37,123
91423,124,2808,14,11,25,172,192,364,7,3,10,374
92070,124,2808,11,14,25,63,65,128,2,10,12,140
92220,124,2808,17,19,36,230,174,404,14,26,40,444
92699,124,2808,14,15,29,198,222,420,20,56,76,496
93418,124,2808,1,2,3,4,7,11,1,1,2,13
94904,124,2808,13,14,27,73,56,129,2,3,5,134
95014,124,2808,7,25,32,83,42,125,0,42,42,167
95798,124,2808,13,14,27,286,272,558,2,2,4,562
96492,124,2808,8,9,17,75,69,144,4,23,27,171
96510,124,2808,3,2,5,37,36,73,2,10,12,85
97933,124,2808,8,6,14,9,3,12,3,4,7,19
98326,124,2808,10,9,19,72,63,135,0,2,2,137
98436,124,2808,9,8,17,44,51,95,2,0,2,97
98453,124,2808,9,9,18,89,86,175,5,12,17,192
98639,124,2808,8,8,16,24,12,36,12,26,38,74
99367,124,2808,2,2,4,21,23,44,0,0,0,44
99695,124,2808,12,10,22,90,75,165,3,1,4,169
99749,124,2808,7,7,14,34,26,60,16,26,42,102
99856,124,2808,12,9,21,79,69,148,14,18,32,180
99893,124,2808,7,7,14,25,21,46,0,0,0,46
10281,125,2809,16,21,37,284,227,511,2,14,16,527
10841,125,2809,9,8,17,146,112,258,14,4,18,276
11692,125,2809,2,1,3,6,1,7,0,0,0,7
13882,125,2809,13,15,28,75,79,154,0,5,5,159
14106,125,2809,12,9,21,33,25,58,6,5,11,69
15071,125,2809,10,10,20,86,87,173,44,38,82,255
15776,125,2809,11,11,22,54,32,86,16,21,37,123
16933,125,2809,5,5,10,28,17,45,0,4,4,49
17353,125,2809,9,8,17,24,14,38,3,4,7,45
18344,125,2809,3,3,6,22,21,43,0,0,0,43
23040,125,2809,7,5,12,8,6,14,3,3,6,20
23144,125,2809,10,14,24,54,42,96,2,12,14,110
23642,125,2809,6,6,12,0,0,0,8,8,16,16
24760,125,2809,13,14,27,222,236,458,6,15,21,479
25544,125,2809,30,37,67,184,172,356,6,21,27,383
25947,125,2809,21,27,48,162,127,289,5,20,25,314
26127,125,2809,1,0,1,1,0,1,0,0,0,1
26425,125,2809,14,14,28,180,182,362,8,12,20,382
29914,125,2809,15,15,30,63,55,118,2,15,17,135
30076,125,2809,22,25,47,111,106,217,1,6,7,224
31372,125,2809,10,10,20,152,161,313,8,12,20,333
32100,125,2809,18,18,36,189,196,385,23,16,39,424
32899,125,2809,11,12,23,91,88,179,4,12,16,195
36006,125,2809,4,2,6,18,16,34,4,0,4,38
38823,125,2809,16,16,32,166,156,322,10,4,14,336
38893,125,2809,11,12,23,64,56,120,2,4,6,126
39701,125,2809,21,20,41,247,204,451,12,16,28,479
39783,125,2809,25,22,47,427,411,838,19,19,38,876
41393,125,2809,18,16,34,82,57,139,2,8,10,149
44956,125,2809,12,12,24,55,67,122,2,2,4,126
45539,125,2809,8,7,15,271,220,491,3,1,4,495
46021,125,2809,11,11,22,132,116,248,5,4,9,257
46160,125,2809,11,11,22,36,37,73,3,3,6,79
46654,125,2809,15,14,29,572,531,1103,42,82,124,1227
46771,125,2809,28,27,55,209,179,388,16,30,46,434
48187,125,2809,21,17,38,546,379,925,13,20,33,958
49294,125,2809,9,10,19,127,144,271,1,0,1,272
50181,125,2809,8,15,23,11,8,19,1,17,18,37
50709,125,2809,6,8,14,17,15,32,1,5,6,38
50869,125,2809,18,19,37,129,128,257,2,6,8,265
50947,125,2809,11,13,24,42,43,85,0,0,0,85
51597,125,2809,15,19,34,123,101,224,6,26,32,256
51722,125,2809,14,14,28,60,48,108,1,7,8,116
52067,125,2809,3,4,7,0,0,0,16,9,25,25
52385,125,2809,20,20,40,273,212,485,3,9,12,497
53884,125,2809,11,9,20,42,41,83,2,7,9,92
55594,125,2809,11,10,21,38,29,67,16,11,27,94
57637,125,2809,15,17,32,66,65,131,4,12,16,147
58909,125,2809,12,15,27,104,84,188,6,5,11,199
59367,125,2809,11,13,24,76,55,131,1,12,13,144
62555,125,2809,9,14,23,59,66,125,1,18,19,144
63063,125,2809,29,35,64,420,368,788,14,56,70,858
63188,125,2809,15,15,30,150,133,283,0,6,6,289
66245,125,2809,14,15,29,150,127,277,5,19,24,301
66404,125,2809,20,17,37,294,309,603,6,2,8,611
66754,125,2809,7,12,19,0,0,0,14,28,42,42
68494,125,2809,10,14,24,10,10,20,14,38,52,72
68633,125,2809,4,5,9,6,3,9,5,11,16,25
69065,125,2809,9,11,20,58,52,110,5,6,11,121
71518,125,2809,12,12,24,87,81,168,2,1,3,171
71627,125,2809,26,30,56,131,114,245,5,11,16,261
72746,125,2809,6,8,14,20,36,56,6,2,8,64
73175,125,2809,8,8,16,117,102,219,8,8,16,235
73303,125,2809,16,19,35,346,340,686,16,16,32,718
75178,125,2809,3,1,4,10,12,22,6,0,6,28
76313,125,2809,27,32,59,130,134,264,9,8,17,281
78911,125,2809,16,8,24,40,31,71,6,14,20,91
78966,125,2809,12,11,23,94,32,126,1,1,2,128
80058,125,2809,31,30,61,523,333,856,11,33,44,900
82282,125,2809,10,13,23,180,170,350,14,32,46,396
83568,125,2809,13,12,25,326,258,584,18,29,47,631
84841,125,2809,19,17,36,163,140,303,14,25,39,342
85596,125,2809,22,24,46,928,800,1728,3,15,18,1746
85970,125,2809,24,23,47,505,516,1021,28,28,56,1077
86009,125,2809,15,16,31,1002,1134,2136,16,64,80,2216
86352,125,2809,3,5,8,24,52,76,2,7,9,85
86727,125,2809,10,11,21,266,221,487,0,1,1,488
88133,125,2809,11,18,29,135,132,267,15,32,47,314
88175,125,2809,7,10,17,30,36,66,5,8,13,79
89827,125,2809,8,12,20,38,33,71,6,8,14,85
90289,125,2809,6,2,8,0,0,0,14,3,17,17
90844,125,2809,11,9,20,41,33,74,0,0,0,74
91064,125,2809,11,16,27,80,86,166,16,26,42,208
91423,125,2809,15,13,28,338,390,728,7,8,15,743
92070,125,2809,3,3,6,12,13,25,1,0,1,26
92220,125,2809,17,17,34,158,137,295,20,28,48,343
92699,125,2809,21,23,44,128,98,226,40,58,98,324
93418,125,2809,8,8,16,50,44,94,10,32,42,136
94904,125,2809,17,19,36,308,290,598,5,6,11,609
95014,125,2809,9,20,29,56,34,90,7,45,52,142
95798,125,2809,10,11,21,77,63,140,2,3,5,145
96492,125,2809,13,13,26,66,58,124,8,24,32,156
96510,125,2809,8,10,18,79,75,154,6,30,36,190
97933,125,2809,12,8,20,868,964,1832,7,6,13,1845
98326,125,2809,13,19,32,113,84,197,1,18,19,216
98436,125,2809,10,9,19,114,104,218,4,2,6,224
98453,125,2809,11,12,23,268,256,524,8,20,28,552
98639,125,2809,8,9,17,37,31,68,6,16,22,90
99367,125,2809,2,1,3,3,1,4,0,0,0,4
99695,125,2809,13,10,23,74,66,140,6,8,14,154
99749,125,2809,11,9,20,84,60,144,16,36,52,196
99856,125,2809,14,16,30,80,92,172,30,42,72,244
99893,125,2809,9,9,18,146,141,287,0,0,0,287
10841,126,2810,11,12,23,218,204,422,10,6,16,438
11692,126,2810,6,6,12,25,25,50,0,0,0,50
13882,126,2810,8,8,16,14,18,32,3,0,3,35
14106,126,2810,10,7,17,11,7,18,4,3,7,25
15071,126,2810,6,8,14,203,189,392,26,34,60,452
15776,126,2810,18,20,38,94,73,167,11,22,33,200
16933,126,2810,13,16,29,67,64,131,14,18,32,163
17353,126,2810,8,10,18,27,16,43,2,24,26,69
18344,126,2810,4,7,11,7,9,16,0,10,10,26
23040,126,2810,9,7,16,19,13,32,2,1,3,35
23144,126,2810,26,30,56,214,206,420,12,18,30,450
23642,126,2810,5,2,7,0,0,0,8,2,10,10
24760,126,2810,14,17,31,270,295,565,3,12,15,580
25544,126,2810,49,60,109,310,290,600,5,26,31,631
25947,126,2810,8,5,13,15,13,28,2,1,3,31
26127,126,2810,6,4,10,3,2,5,3,2,5,10
26425,126,2810,17,15,32,424,440,864,10,18,28,892
29914,126,2810,12,13,25,84,82,166,4,7,11,177
30076,126,2810,24,25,49,91,80,171,1,4,5,176
31372,126,2810,8,7,15,168,171,339,2,2,4,343
32100,126,2810,20,19,39,216,209,425,13,2,15,440
32899,126,2810,13,15,28,66,52,118,14,34,48,166
36006,126,2810,3,3,6,24,19,43,0,0,0,43
38823,126,2810,23,29,52,234,204,438,14,20,34,472
39701,126,2810,18,19,37,192,163,355,3,10,13,368
39783,126,2810,35,23,58,372,326,698,12,9,21,719
41393,126,2810,12,13,25,108,62,170,2,12,14,184
44956,126,2810,15,16,31,63,78,141,0,3,3,144
45539,126,2810,12,12,24,126,94,220,6,12,18,238
46021,126,2810,20,18,38,210,197,407,20,24,44,451
46160,126,2810,14,16,30,81,65,146,3,6,9,155
46654,126,2810,15,14,29,596,535,1131,37,66,103,1234
46771,126,2810,27,28,55,226,200,426,6,25,31,457
48187,126,2810,24,18,42,425,244,669,8,14,22,691
49294,126,2810,20,22,42,148,165,313,3,9,12,325
50181,126,2810,12,10,22,55,32,87,2,5,7,94
50709,126,2810,7,8,15,24,22,46,1,7,8,54
50869,126,2810,20,22,42,157,134,291,2,12,14,305
50947,126,2810,17,17,34,88,77,165,0,0,0,165
51597,126,2810,42,52,94,322,275,597,6,70,76,673
51722,126,2810,19,16,35,127,113,240,2,2,4,244
52067,126,2810,1,5,6,0,0,0,11,21,32,32
52385,126,2810,15,16,31,122,107,229,2,7,9,238
53884,126,2810,10,10,20,111,97,208,2,2,4,212
55594,126,2810,15,12,27,107,85,192,15,9,24,216
57637,126,2810,11,13,24,64,68,132,3,13,16,148
58909,126,2810,17,18,35,174,146,320,2,9,11,331
59367,126,2810,13,13,26,161,123,284,10,34,44,328
62555,126,2810,23,40,63,131,150,281,5,41,46,327
63063,126,2810,36,40,76,326,317,643,24,48,72,715
63188,126,2810,17,18,35,138,140,278,2,0,2,280
66245,126,2810,10,12,22,42,31,73,1,6,7,80
66404,126,2810,25,24,49,186,170,356,2,6,8,364
66754,126,2810,8,7,15,151,103,254,7,10,17,271
68494,126,2810,14,12,26,39,59,98,17,8,25,123
68633,126,2810,11,9,20,75,74,149,15,24,39,188
69065,126,2810,8,9,17,80,47,127,2,3,5,132
71518,126,2810,13,14,27,88,82,170,2,7,9,179
71627,126,2810,32,46,78,243,218,461,16,63,79,540
72746,126,2810,3,3,6,32,28,60,2,2,4,64
73175,126,2810,2,2,4,60,46,106,0,2,2,108
73303,126,2810,22,23,45,404,414,818,14,22,36,854
75178,126,2810,2,0,2,2,0,2,2,0,2,4
76313,126,2810,17,17,34,181,127,308,1,8,9,317
78911,126,2810,14,15,29,88,79,167,5,13,18,185
80058,126,2810,45,48,93,420,330,750,3,12,15,765
82282,126,2810,8,9,17,90,82,172,0,0,0,172
83568,126,2810,26,25,51,340,310,650,30,50,80,730
84841,126,2810,28,28,56,239,229,468,36,27,63,531
85596,126,2810,31,34,65,1245,1074,2319,5,14,19,2338
85970,126,2810,26,27,53,360,325,685,6,12,18,703
86009,126,2810,12,19,31,671,848,1519,8,52,60,1579
86727,126,2810,8,7,15,57,58,115,1,0,1,116
88133,126,2810,10,12,22,98,99,197,16,14,30,227
88175,126,2810,11,15,26,44,54,98,3,11,14,112
89827,126,2810,12,16,28,59,55,114,8,9,17,131
90289,126,2810,3,5,8,0,0,0,5,23,28,28
90844,126,2810,7,7,14,21,20,41,3,2,5,46
91064,126,2810,20,20,40,135,122,257,16,22,38,295
91423,126,2810,22,23,45,332,409,741,14,1,15,756
92220,126,2810,11,14,25,120,98,218,8,54,62,280
92699,126,2810,21,21,42,226,166,392,4,32,36,428
93418,126,2810,8,10,18,174,158,332,20,82,102,434
94904,126,2810,12,15,27,389,360,749,5,5,10,759
95014,126,2810,6,5,11,20,22,42,11,14,25,67
95135,126,2810,6,8,14,6,6,12,4,14,18,30
96492,126,2810,15,11,26,104,98,202,8,6,14,216
96510,126,2810,8,9,17,126,134,260,0,14,14,274
97933,126,2810,19,24,43,175,138,313,14,30,44,357
98326,126,2810,23,25,48,241,202,443,2,21,23,466
98436,126,2810,11,10,21,81,80,161,4,4,8,169
98453,126,2810,16,16,32,403,354,757,6,19,25,782
98639,126,2810,9,14,23,36,26,62,16,50,66,128
99367,126,2810,1,1,2,3,1,4,0,0,0,4
99695,126,2810,12,9,21,138,120,258,3,5,8,266
99749,126,2810,5,3,8,52,20,72,20,12,32,104
99856,126,2810,19,20,39,155,166,321,14,58,72,393
99893,126,2810,8,9,17,178,196,374,0,0,0,374
10841,127,2811,15,11,26,154,124,278,24,28,52,330
11692,127,2811,8,6,14,38,45,83,0,0,0,83
13882,127,2811,13,13,26,41,42,83,1,3,4,87
14106,127,2811,6,6,12,14,4,18,0,4,4,22
15071,127,2811,6,5,11,97,109,206,40,26,66,272
15776,127,2811,16,16,32,83,57,140,13,29,42,182
16933,127,2811,13,11,24,211,188,399,8,6,14,413
17353,127,2811,8,7,15,21,16,37,6,19,25,62
23040,127,2811,8,9,17,22,15,37,4,4,8,45
23144,127,2811,25,25,50,174,176,350,12,20,32,382
23642,127,2811,5,7,12,0,0,0,6,10,16,16
24760,127,2811,20,24,44,249,272,521,3,13,16,537
25544,127,2811,37,51,88,341,277,618,1,30,31,649
26425,127,2811,15,15,30,224,224,448,2,10,12,460
29914,127,2811,13,12,25,93,86,179,7,8,15,194
30076,127,2811,19,18,37,106,96,202,3,7,10,212
31372,127,2811,8,7,15,142,121,263,4,4,8,271
32100,127,2811,26,21,47,334,315,649,14,10,24,673
32899,127,2811,10,10,20,31,26,57,4,32,36,93
35227,127,2811,16,10,26,59,52,111,0,0,0,111
36006,127,2811,5,3,8,90,81,171,12,2,14,185
38823,127,2811,18,20,38,266,218,484,18,24,42,526
39701,127,2811,23,20,43,187,165,352,6,26,32,384
39783,127,2811,36,26,62,302,266,568,8,10,18,586
41393,127,2811,11,10,21,57,52,109,9,7,16,125
44956,127,2811,24,26,50,157,168,325,1,5,6,331
45539,127,2811,15,11,26,179,145,324,5,5,10,334
46021,127,2811,12,12,24,288,223,511,2,24,26,537
46160,127,2811,18,19,37,62,66,128,9,15,24,152
46654,127,2811,13,14,27,352,332,684,26,52,78,762
46771,127,2811,25,26,51,202,159,361,7,26,33,394
48187,127,2811,20,16,36,270,172,442,14,20,34,476
49294,127,2811,8,9,17,172,143,315,1,6,7,322
50181,127,2811,13,9,22,48,32,80,3,1,4,84
50709,127,2811,10,9,19,22,14,36,3,14,17,53
50869,127,2811,22,24,46,209,200,409,12,18,30,439
50947,127,2811,21,20,41,108,92,200,0,0,0,200
51597,127,2811,33,32,65,252,228,480,10,44,54,534
51722,127,2811,22,19,41,100,76,176,4,2,6,182
52067,127,2811,5,6,11,0,0,0,10,16,26,26
52385,127,2811,11,10,21,85,67,152,1,7,8,160
53884,127,2811,10,8,18,70,51,121,0,6,6,127
55594,127,2811,14,19,33,128,118,246,7,23,30,276
57637,127,2811,16,15,31,96,85,181,4,15,19,200
58909,127,2811,15,15,30,163,168,331,10,6,16,347
59367,127,2811,12,9,21,136,95,231,12,40,52,283
62555,127,2811,46,45,91,259,298,557,22,45,67,624
63063,127,2811,31,28,59,316,250,566,36,34,70,636
63188,127,2811,25,24,49,279,276,555,2,8,10,565
66245,127,2811,14,10,24,82,52,134,0,0,0,134
66404,127,2811,35,35,70,428,394,822,8,16,24,846
66754,127,2811,5,6,11,139,101,240,5,9,14,254
68494,127,2811,20,18,38,63,64,127,12,7,19,146
68633,127,2811,5,6,11,44,46,90,11,23,34,124
69065,127,2811,14,12,26,247,202,449,2,3,5,454
71518,127,2811,18,20,38,160,142,302,4,7,11,313
71627,127,2811,20,20,40,137,99,236,3,6,9,245
72746,127,2811,9,7,16,22,22,44,8,2,10,54
73175,127,2811,12,7,19,84,68,152,8,0,8,160
73303,127,2811,20,19,39,446,412,858,14,8,22,880
75178,127,2811,3,2,5,12,10,22,6,0,6,28
76313,127,2811,15,14,29,190,175,365,2,3,5,370
78911,127,2811,18,18,36,153,83,236,0,12,12,248
78966,127,2811,34,29,63,494,375,869,10,38,48,917
80058,127,2811,44,42,86,496,300,796,4,22,26,822
82282,127,2811,15,20,35,260,237,497,18,30,48,545
83568,127,2811,20,14,34,401,327,728,28,38,66,794
84841,127,2811,26,24,50,284,246,530,23,27,50,580
85596,127,2811,28,31,59,1274,1073,2347,3,31,34,2381
85970,127,2811,27,25,52,370,331,701,8,10,18,719
86009,127,2811,15,12,27,450,538,988,8,46,54,1042
86352,127,2811,0,1,1,0,5,5,0,0,0,5
88133,127,2811,10,12,22,145,132,277,13,5,18,295
88175,127,2811,12,11,23,26,29,55,8,7,15,70
89827,127,2811,18,17,35,50,52,102,12,12,24,126
90289,127,2811,4,9,13,0,0,0,5,31,36,36
90844,127,2811,6,6,12,36,34,70,1,1,2,72
91064,127,2811,19,15,34,146,103,249,28,32,60,309
91423,127,2811,20,18,38,324,402,726,5,5,10,736
92220,127,2811,17,18,35,221,186,407,18,64,82,489
92699,127,2811,31,25,56,284,198,482,24,42,66,548
93418,127,2811,7,8,15,94,77,171,26,86,112,283
94904,127,2811,13,12,25,289,277,566,4,5,9,575
95014,127,2811,7,7,14,51,44,95,6,9,15,110
95135,127,2811,10,5,15,9,7,16,15,4,19,35
96492,127,2811,14,12,26,82,58,140,4,20,24,164
96510,127,2811,9,9,18,81,70,151,10,12,22,173
97933,127,2811,21,19,40,141,102,243,14,13,27,270
98326,127,2811,23,23,46,251,183,434,5,20,25,459
98436,127,2811,18,17,35,146,128,274,4,4,8,282
98453,127,2811,19,18,37,556,455,1011,5,14,19,1030
98639,127,2811,15,16,31,212,146,358,34,48,82,440
99367,127,2811,13,12,25,47,49,96,21,23,44,140
99695,127,2811,14,12,26,160,131,291,4,7,11,302
99749,127,2811,7,7,14,42,40,82,6,14,20,102
99856,127,2811,19,14,33,265,288,553,24,32,56,609
99893,127,2811,9,8,17,249,262,511,0,0,0,511
10841,128,2812,18,16,34,76,74,150,18,18,36,186
11692,128,2812,11,10,21,179,216,395,0,0,0,395
13882,128,2812,8,11,19,26,35,61,0,2,2,63
14106,128,2812,7,7,14,29,20,49,2,2,4,53
15071,128,2812,8,7,15,201,182,383,42,22,64,447
15776,128,2812,14,16,30,77,60,137,9,13,22,159
16933,128,2812,11,13,24,64,45,109,18,22,40,149
17353,128,2812,5,7,12,14,10,24,7,14,21,45
23040,128,2812,9,9,18,27,20,47,2,5,7,54
23144,128,2812,23,24,47,230,228,458,8,8,16,474
23642,128,2812,6,10,16,0,0,0,12,24,36,36
24760,128,2812,14,18,32,220,263,483,6,13,19,502
25544,128,2812,48,56,104,282,249,531,2,30,32,563
26425,128,2812,11,14,25,172,186,358,6,12,18,376
29914,128,2812,13,11,24,89,57,146,6,8,14,160
30076,128,2812,27,29,56,150,169,319,3,9,12,331
31372,128,2812,11,10,21,139,126,265,2,4,6,271
32100,128,2812,22,18,40,379,355,734,24,31,55,789
32899,128,2812,11,11,22,59,48,107,2,30,32,139
35227,128,2812,21,14,35,53,89,142,0,0,0,142
36006,128,2812,6,5,11,42,36,78,8,0,8,86
38823,128,2812,19,26,45,263,258,521,6,18,24,545
39701,128,2812,21,24,45,168,132,300,10,22,32,332
39783,128,2812,93,34,127,246,161,407,17,9,26,433
41393,128,2812,8,8,16,29,34,63,4,8,12,75
44956,128,2812,21,26,47,149,163,312,0,6,6,318
45539,128,2812,7,7,14,70,61,131,2,3,5,136
46021,128,2812,15,15,30,243,184,427,4,18,22,449
46160,128,2812,16,17,33,99,91,190,2,7,9,199
46654,128,2812,17,19,36,470,452,922,28,67,95,1017
46771,128,2812,34,32,66,249,187,436,13,29,42,478
48187,128,2812,18,14,32,263,154,417,9,14,23,440
49294,128,2812,7,7,14,42,41,83,1,4,5,88
50181,128,2812,17,12,29,71,42,113,7,10,17,130
50709,128,2812,7,13,20,23,21,44,1,11,12,56
50869,128,2812,18,20,38,171,158,329,8,14,22,351
50947,128,2812,18,19,37,170,160,330,0,0,0,330
51597,128,2812,31,35,66,385,360,745,10,82,92,837
51722,128,2812,14,13,27,143,116,259,2,3,5,264
52067,128,2812,2,4,6,0,0,0,11,11,22,22
52385,128,2812,7,10,17,164,133,297,2,6,8,305
53275,128,2812,2,6,8,0,0,0,2,14,16,16
53884,128,2812,10,12,22,98,102,200,2,8,10,210
55594,128,2812,13,12,25,95,86,181,5,21,26,207
57637,128,2812,14,14,28,60,54,114,5,9,14,128
58909,128,2812,12,14,26,135,129,264,5,8,13,277
59367,128,2812,11,10,21,157,105,262,8,18,26,288
62555,128,2812,34,46,80,213,241,454,16,60,76,530
63063,128,2812,29,28,57,254,208,462,32,50,82,544
63188,128,2812,18,19,37,245,230,475,2,12,14,489
66245,128,2812,18,18,36,164,140,304,6,11,17,321
66404,128,2812,30,33,63,280,246,526,6,24,30,556
66754,128,2812,5,4,9,156,112,268,3,4,7,275
68494,128,2812,21,21,42,88,82,170,11,18,29,199
68633,128,2812,8,9,17,49,43,92,11,21,32,124
69065,128,2812,14,12,26,255,226,481,4,9,13,494
71518,128,2812,16,16,32,101,87,188,4,7,11,199
71627,128,2812,30,27,57,159,130,289,5,25,30,319
72746,128,2812,10,10,20,46,54,100,10,8,18,118
73175,128,2812,7,5,12,36,12,48,4,4,8,56
73303,128,2812,33,30,63,464,472,936,14,26,40,976
75178,128,2812,3,1,4,2,0,2,4,2,6,8
76313,128,2812,14,11,25,217,113,330,1,5,6,336
77023,128,2812,13,17,30,175,103,278,5,9,14,292
78911,128,2812,15,16,31,73,80,153,1,18,19,172
78966,128,2812,16,12,28,172,123,295,4,8,12,307
80058,128,2812,34,37,71,464,317,781,6,14,20,801
82282,128,2812,11,13,24,200,198,398,4,24,28,426
83568,128,2812,22,19,41,270,201,471,20,52,72,543
84841,128,2812,8,7,15,28,24,52,1,0,1,53
85596,128,2812,29,30,59,1251,1118,2369,2,13,15,2384
85970,128,2812,21,21,42,335,329,664,8,14,22,686
86009,128,2812,13,12,25,640,782,1422,2,42,44,1466
88133,128,2812,12,12,24,182,160,342,24,11,35,377
88175,128,2812,12,14,26,49,41,90,2,7,9,99
89827,128,2812,10,10,20,36,35,71,4,13,17,88
90289,128,2812,1,7,8,0,0,0,4,20,24,24
90844,128,2812,5,8,13,23,24,47,0,3,3,50
91064,128,2812,19,18,37,146,138,284,20,28,48,332
91423,128,2812,15,15,30,250,308,558,2,2,4,562
92220,128,2812,22,23,45,378,341,719,26,94,120,839
92699,128,2812,19,21,40,310,248,558,14,12,26,584
93418,128,2812,6,8,14,99,101,200,30,56,86,286
94904,128,2812,16,20,36,349,347,696,3,10,13,709
95014,128,2812,5,5,10,64,57,121,9,14,23,144
95135,128,2812,10,10,20,17,16,33,11,8,19,52
96492,128,2812,12,14,26,110,100,210,2,14,16,226
96510,128,2812,8,9,17,105,102,207,4,6,10,217
97933,128,2812,16,15,31,90,74,164,12,18,30,194
98326,128,2812,19,19,38,165,142,307,3,25,28,335
98436,128,2812,11,9,20,62,46,108,2,6,8,116
98453,128,2812,13,12,25,275,223,498,8,16,24,522
98639,128,2812,9,12,21,76,84,160,10,28,38,198
99367,128,2812,14,12,26,46,34,80,26,25,51,131
99695,128,2812,13,13,26,55,53,108,10,5,15,123
99749,128,2812,9,8,17,30,18,48,10,14,24,72
99856,128,2812,15,15,30,275,312,587,14,24,38,625
99893,128,2812,17,15,32,131,131,262,0,0,0,262
10841,129,2813,9,8,17,82,80,162,10,12,22,184
11692,129,2813,9,9,18,234,172,406,0,0,0,406
13882,129,2813,10,10,20,104,97,201,1,3,4,205
14106,129,2813,10,10,20,24,21,45,2,2,4,49
15071,129,2813,6,6,12,152,120,272,32,24,56,328
15776,129,2813,8,11,19,47,35,82,3,9,12,94
16933,129,2813,9,14,23,73,76,149,4,12,16,165
17353,129,2813,10,13,23,53,41,94,10,32,42,136
23040,129,2813,6,8,14,41,36,77,1,7,8,85
23144,129,2813,28,31,59,182,173,355,6,6,12,367
23642,129,2813,1,4,5,0,0,0,1,5,6,6
24760,129,2813,23,27,50,255,288,543,3,14,17,560
25544,129,2813,41,52,93,329,237,566,0,25,25,591
26425,129,2813,14,13,27,290,232,522,2,12,14,536
29914,129,2813,14,18,32,143,121,264,5,24,29,293
30076,129,2813,27,33,60,118,134,252,3,11,14,266
31372,129,2813,7,8,15,134,125,259,4,6,10,269
32100,129,2813,19,22,41,442,432,874,16,18,34,908
32899,129,2813,11,10,21,47,38,85,2,22,24,109
35227,129,2813,22,13,35,69,56,125,0,0,0,125
36006,129,2813,8,9,17,132,102,234,0,2,2,236
38823,129,2813,27,30,57,318,312,630,14,16,30,660
39701,129,2813,16,19,35,110,106,216,3,14,17,233
39783,129,2813,37,21,58,200,179,379,9,8,17,396
41393,129,2813,8,5,13,45,35,80,5,0,5,85
44956,129,2813,21,26,47,78,83,161,1,13,14,175
45539,129,2813,12,9,21,69,57,126,4,2,6,132
46021,129,2813,14,16,30,232,156,388,4,28,32,420
46160,129,2813,17,20,37,78,76,154,0,6,6,160
46654,129,2813,18,16,34,408,380,788,22,49,71,859
46771,129,2813,24,24,48,278,228,506,12,22,34,540
48187,129,2813,19,20,39,303,193,496,7,22,29,525
49294,129,2813,10,9,19,103,109,212,2,5,7,219
50181,129,2813,19,14,33,49,22,71,14,12,26,97
50709,129,2813,11,21,32,55,41,96,0,24,24,120
50869,129,2813,18,15,33,109,90,199,8,14,22,221
50947,129,2813,17,17,34,128,110,238,0,0,0,238
51597,129,2813,52,50,102,524,408,932,12,54,66,998
51722,129,2813,8,7,15,36,32,68,3,2,5,73
52067,129,2813,13,13,26,555,512,1067,6,14,20,1087
52385,129,2813,10,13,23,140,98,238,1,5,6,244
53275,129,2813,1,4,5,0,0,0,4,12,16,16
53884,129,2813,12,12,24,101,63,164,2,6,8,172
55594,129,2813,18,20,38,113,90,203,12,44,56,259
57637,129,2813,9,12,21,47,61,108,4,10,14,122
58909,129,2813,13,14,27,112,102,214,4,4,8,222
59367,129,2813,10,11,21,144,89,233,10,22,32,265
62555,129,2813,42,55,97,183,198,381,23,64,87,468
63063,129,2813,27,29,56,514,402,916,28,72,100,1016
63188,129,2813,22,24,46,228,239,467,2,6,8,475
66245,129,2813,19,21,40,154,185,339,5,12,17,356
66404,129,2813,35,35,70,328,328,656,6,10,16,672
66754,129,2813,5,6,11,141,100,241,2,6,8,249
68494,129,2813,20,22,42,162,120,282,19,18,37,319
68633,129,2813,4,3,7,30,35,65,16,14,30,95
69065,129,2813,7,11,18,61,50,111,0,2,2,113
71518,129,2813,20,21,41,113,96,209,5,14,19,228
71627,129,2813,17,22,39,89,83,172,3,16,19,191
72746,129,2813,4,7,11,20,20,40,4,18,22,62
73175,129,2813,4,5,9,42,32,74,0,2,2,76
73303,129,2813,21,20,41,316,312,628,4,10,14,642
75178,129,2813,1,0,1,4,0,4,0,0,0,4
76313,129,2813,20,21,41,130,115,245,3,4,7,252
77023,129,2813,13,17,30,175,178,353,3,19,22,375
78911,129,2813,15,10,25,135,55,190,1,5,6,196
78966,129,2813,25,22,47,377,307,684,8,4,12,696
80058,129,2813,45,51,96,355,264,619,3,39,42,661
80193,129,2813,0,1,1,0,0,0,0,1,1,1
82282,129,2813,8,9,17,158,113,271,6,16,22,293
83568,129,2813,22,21,43,389,295,684,12,16,28,712
85596,129,2813,25,27,52,892,786,1678,3,7,10,1688
85970,129,2813,26,26,52,364,327,691,6,20,26,717
86009,129,2813,13,15,28,696,645,1341,26,58,84,1425
88133,129,2813,10,9,19,93,83,176,7,3,10,186
88175,129,2813,10,11,21,62,56,118,7,13,20,138
89827,129,2813,11,9,20,22,19,41,7,6,13,54
90289,129,2813,2,5,7,0,0,0,3,17,20,20
90844,129,2813,14,13,27,64,51,115,3,5,8,123
91064,129,2813,14,19,33,136,133,269,16,32,48,317
91423,129,2813,17,18,35,204,247,451,0,4,4,455
92220,129,2813,26,28,54,276,247,523,4,48,52,575
92699,129,2813,20,17,37,250,202,452,18,34,52,504
93418,129,2813,4,6,10,120,127,247,18,76,94,341
94904,129,2813,14,14,28,203,174,377,11,15,26,403
95014,129,2813,3,6,9,24,26,50,9,28,37,87
95135,129,2813,13,10,23,21,18,39,13,8,21,60
96492,129,2813,7,5,12,58,52,110,2,6,8,118
96510,129,2813,9,9,18,102,98,200,8,14,22,222
97933,129,2813,29,16,45,183,89,272,25,6,31,303
98326,129,2813,15,17,32,162,124,286,4,20,24,310
98436,129,2813,12,14,26,121,79,200,0,6,6,206
98453,129,2813,14,14,28,375,316,691,3,15,18,709
98639,129,2813,8,9,17,148,58,206,14,44,58,264
99367,129,2813,9,12,21,89,73,162,12,30,42,204
99695,129,2813,20,17,37,119,99,218,12,7,19,237
99749,129,2813,8,8,16,52,40,92,6,10,16,108
99856,129,2813,20,19,39,226,214,440,18,28,46,486
99893,129,2813,11,12,23,167,184,351,0,0,0,351
10841,130,2814,15,14,29,232,168,400,26,28,54,454
11692,130,2814,8,9,17,72,59,131,0,0,0,131
13882,130,2814,17,18,35,170,162,332,4,9,13,345
14106,130,2814,8,5,13,10,6,16,8,4,12,28
15071,130,2814,5,5,10,88,107,195,32,14,46,241
15776,130,2814,20,21,41,74,61,135,5,9,14,149
16933,130,2814,18,13,31,141,95,236,14,6,20,256
17353,130,2814,11,12,23,33,24,57,14,28,42,99
23040,130,2814,6,6,12,26,23,49,1,2,3,52
23144,130,2814,28,25,53,110,98,208,4,22,26,234
23642,130,2814,6,14,20,7,13,20,11,30,41,61
24760,130,2814,22,24,46,372,377,749,8,22,30,779
25544,130,2814,4,10,14,22,10,32,1,20,21,53
26425,130,2814,13,12,25,194,194,388,20,12,32,420
26999,130,2814,2,0,2,2,0,2,0,0,0,2
29914,130,2814,13,11,24,86,94,180,5,9,14,194
30076,130,2814,26,24,50,106,110,216,2,3,5,221
31372,130,2814,11,9,20,155,172,327,6,4,10,337
32100,130,2814,24,29,53,354,316,670,39,64,103,773
32899,130,2814,14,9,23,63,52,115,16,46,62,177
35227,130,2814,15,10,25,59,65,124,0,0,0,124
36006,130,2814,4,4,8,44,44,88,0,0,0,88
38823,130,2814,25,23,48,214,176,390,8,8,16,406
39701,130,2814,19,21,40,115,119,234,13,34,47,281
39783,130,2814,45,22,67,286,259,545,8,8,16,561
41393,130,2814,12,9,21,29,27,56,4,2,6,62
44956,130,2814,21,20,41,77,85,162,1,1,2,164
45539,130,2814,13,10,23,120,97,217,9,6,15,232
46021,130,2814,15,17,32,426,290,716,4,20,24,740
46160,130,2814,11,12,23,70,59,129,2,6,8,137
46654,130,2814,16,14,30,254,261,515,28,57,85,600
46771,130,2814,22,23,45,411,317,728,6,14,20,748
48187,130,2814,16,13,29,334,236,570,12,34,46,616
49294,130,2814,8,9,17,166,189,355,1,11,12,367
50181,130,2814,16,13,29,56,33,89,13,12,25,114
50709,130,2814,17,20,37,86,73,159,2,23,25,184
50869,130,2814,21,22,43,365,355,720,16,14,30,750
50947,130,2814,13,14,27,100,86,186,0,5,5,191
51597,130,2814,29,31,60,280,244,524,12,34,46,570
52067,130,2814,19,20,39,481,464,945,22,26,48,993
52385,130,2814,15,15,30,162,113,275,0,9,9,284
53275,130,2814,1,5,6,0,0,0,1,14,15,15
53884,130,2814,12,12,24,130,76,206,2,8,10,216
55594,130,2814,13,13,26,113,84,197,16,40,56,253
57637,130,2814,8,10,18,61,69,130,5,15,20,150
58909,130,2814,17,15,32,142,107,249,9,5,14,263
59367,130,2814,7,8,15,126,109,235,12,44,56,291
62555,130,2814,24,27,51,76,75,151,10,33,43,194
63063,130,2814,24,26,50,302,252,554,14,28,42,596
63188,130,2814,28,29,57,284,299,583,4,6,10,593
66245,130,2814,26,24,50,240,231,471,11,18,29,500
66404,130,2814,35,29,64,348,356,704,10,12,22,726
66754,130,2814,11,11,22,159,132,291,6,17,23,314
68494,130,2814,12,16,28,69,53,122,6,14,20,142
68633,130,2814,6,5,11,48,36,84,19,25,44,128
71518,130,2814,16,16,32,112,118,230,8,20,28,258
72746,130,2814,4,6,10,22,38,60,6,6,12,72
73175,130,2814,5,4,9,48,44,92,6,4,10,102
73303,130,2814,21,20,41,440,392,832,12,18,30,862
75178,130,2814,2,3,5,8,4,12,4,10,14,26
76313,130,2814,19,19,38,196,126,322,2,11,13,335
77023,130,2814,11,14,25,110,131,241,3,15,18,259
78911,130,2814,16,16,32,111,69,180,3,16,19,199
78966,130,2814,30,28,58,374,328,702,8,42,50,752
80058,130,2814,44,52,96,487,413,900,9,29,38,938
82282,130,2814,8,8,16,230,190,420,0,10,10,430
83568,130,2814,27,24,51,349,285,634,18,38,56,690
85596,130,2814,33,35,68,1451,1212,2663,10,45,55,2718
85970,130,2814,26,27,53,314,289,603,12,22,34,637
86009,130,2814,13,21,34,722,686,1408,8,48,56,1464
86352,130,2814,0,1,1,0,4,4,0,0,0,4
88133,130,2814,13,9,22,108,95,203,18,11,29,232
88175,130,2814,13,15,28,44,45,89,4,9,13,102
89827,130,2814,10,11,21,48,44,92,6,16,22,114
90289,130,2814,3,5,8,0,0,0,6,14,20,20
90844,130,2814,5,7,12,26,30,56,1,2,3,59
91064,130,2814,13,15,28,91,79,170,8,28,36,206
91423,130,2814,16,15,31,254,292,546,4,3,7,553
92220,130,2814,19,22,41,320,289,609,10,64,74,683
92699,130,2814,14,16,30,212,164,376,16,30,46,422
93418,130,2814,7,7,14,162,160,322,20,102,122,444
94904,130,2814,17,14,31,132,119,251,1,2,3,254
95014,130,2814,4,5,9,13,7,20,7,20,27,47
95135,130,2814,6,8,14,11,8,19,13,9,22,41
96492,130,2814,6,8,14,52,46,98,2,2,4,102
96510,130,2814,13,15,28,110,99,209,8,26,34,243
97933,130,2814,11,21,32,56,31,87,6,21,27,114
98326,130,2814,16,22,38,132,106,238,7,24,31,269
98436,130,2814,13,13,26,131,66,197,6,18,24,221
98453,130,2814,15,14,29,386,323,709,10,1,11,720
99367,130,2814,10,9,19,62,42,104,21,27,48,152
99695,130,2814,12,10,22,77,62,139,5,1,6,145
99749,130,2814,4,3,7,6,8,14,10,4,14,28
99856,130,2814,19,15,34,311,308,619,20,24,44,663
99893,130,2814,11,11,22,145,171,316,0,0,0,316
10841,131,2815,17,12,29,144,110,254,10,22,32,286
11692,131,2815,10,9,19,100,118,218,0,0,0,218
13882,131,2815,13,21,34,55,61,116,4,11,15,131
14106,131,2815,5,8,13,7,4,11,2,8,10,21
15071,131,2815,5,9,14,68,74,142,40,50,90,232
15776,131,2815,12,13,25,94,70,164,4,8,12,176
16933,131,2815,17,17,34,88,74,162,4,2,6,168
17353,131,2815,3,9,12,7,13,20,2,19,21,41
23040,131,2815,8,10,18,48,36,84,0,3,3,87
23144,131,2815,30,34,64,232,212,444,6,10,16,460
23642,131,2815,15,17,32,95,115,210,8,15,23,233
24760,131,2815,21,27,48,250,295,545,4,11,15,560
25544,131,2815,9,13,22,23,13,36,1,14,15,51
26127,131,2815,7,9,16,6,3,9,3,13,16,25
26425,131,2815,9,12,21,296,257,553,2,5,7,560
26999,131,2815,2,0,2,2,0,2,0,0,0,2
29914,131,2815,12,13,25,95,92,187,4,9,13,200
30076,131,2815,22,26,48,98,98,196,3,7,10,206
31372,131,2815,12,10,22,166,152,318,0,2,2,320
32100,131,2815,17,18,35,224,248,472,2,10,12,484
32899,131,2815,8,9,17,76,65,141,10,18,28,169
35227,131,2815,17,11,28,77,46,123,0,0,0,123
36006,131,2815,5,7,12,92,84,176,2,2,4,180
38823,131,2815,28,29,57,302,287,589,14,18,32,621
39783,131,2815,39,23,62,244,201,445,14,17,31,476
41393,131,2815,10,11,21,49,37,86,1,5,6,92
44956,131,2815,14,14,28,78,79,157,0,3,3,160
45539,131,2815,11,10,21,82,72,154,4,2,6,160
46021,131,2815,11,10,21,220,161,381,10,16,26,407
46160,131,2815,17,19,36,72,76,148,4,6,10,158
46654,131,2815,11,9,20,220,202,422,12,26,38,460
46771,131,2815,33,34,67,489,399,888,10,24,34,922
48187,131,2815,26,20,46,379,259,638,10,12,22,660
49294,131,2815,13,10,23,211,217,428,3,3,6,434
50181,131,2815,6,4,10,23,14,37,2,2,4,41
50709,131,2815,15,18,33,130,108,238,3,21,24,262
50869,131,2815,16,21,37,355,353,708,2,32,34,742
50947,131,2815,26,33,59,154,149,303,5,21,26,329
51597,131,2815,35,36,71,330,276,606,2,58,60,666
52067,131,2815,35,37,72,386,343,729,14,17,31,760
52385,131,2815,14,18,32,146,104,250,1,10,11,261
53275,131,2815,2,4,6,0,0,0,2,9,11,11
53884,131,2815,14,14,28,174,102,276,8,14,22,298
55594,131,2815,19,12,31,95,65,160,9,6,15,175
57637,131,2815,10,13,23,40,45,85,2,16,18,103
58909,131,2815,14,15,29,139,138,277,2,3,5,282
59367,131,2815,10,11,21,101,87,188,8,16,24,212
62555,131,2815,15,23,38,93,91,184,5,42,47,231
63063,131,2815,32,34,66,449,412,861,12,24,36,897
63188,131,2815,21,22,43,262,252,514,6,18,24,538
66245,131,2815,17,21,38,132,118,250,1,15,16,266
66404,131,2815,25,22,47,330,252,582,6,0,6,588
66754,131,2815,9,10,19,154,116,270,8,7,15,285
68494,131,2815,19,24,43,101,85,186,11,19,30,216
68633,131,2815,1,2,3,10,9,19,5,4,9,28
71518,131,2815,18,15,33,148,127,275,10,4,14,289
72746,131,2815,6,4,10,18,16,34,2,2,4,38
73175,131,2815,6,5,11,78,66,144,2,0,2,146
73303,131,2815,22,22,44,374,372,746,8,16,24,770
76313,131,2815,12,14,26,154,100,254,5,9,14,268
77023,131,2815,17,18,35,214,208,422,2,14,16,438
78911,131,2815,17,13,30,109,87,196,3,9,12,208
78966,131,2815,23,24,47,193,144,337,2,16,18,355
80058,131,2815,32,30,62,331,220,551,2,9,11,562
82282,131,2815,10,12,22,96,85,181,4,18,22,203
83568,131,2815,22,20,42,356,247,603,22,19,41,644
85596,131,2815,28,29,57,1580,1417,2997,4,30,34,3031
85970,131,2815,25,26,51,335,336,671,8,8,16,687
86009,131,2815,14,18,32,550,458,1008,26,38,64,1072
88133,131,2815,8,7,15,43,42,85,5,10,15,100
88175,131,2815,14,16,30,59,41,100,2,8,10,110
89827,131,2815,12,16,28,40,36,76,0,9,9,85
90289,131,2815,1,6,7,0,0,0,1,15,16,16
90844,131,2815,4,6,10,12,11,23,4,8,12,35
91064,131,2815,21,20,41,208,172,380,12,14,26,406
91423,131,2815,16,14,30,170,188,358,2,4,6,364
92220,131,2815,15,18,33,230,201,431,8,36,44,475
92699,131,2815,20,24,44,286,298,584,12,26,38,622
93418,131,2815,7,10,17,141,129,270,28,100,128,398
95014,131,2815,4,5,9,34,30,64,10,22,32,96
95135,131,2815,7,4,11,6,4,10,4,4,8,18
96492,131,2815,8,8,16,38,36,74,6,2,8,82
96510,131,2815,7,7,14,142,129,271,6,10,16,287
97933,131,2815,16,13,29,78,41,119,5,5,10,129
98326,131,2815,24,33,57,277,248,525,5,27,32,557
98436,131,2815,12,14,26,168,98,266,0,6,6,272
98453,131,2815,15,14,29,200,222,422,7,5,12,434
99367,131,2815,13,12,25,106,66,172,29,31,60,232
99695,131,2815,12,14,26,73,65,138,3,4,7,145
99749,131,2815,6,5,11,10,20,30,4,6,10,40
99856,131,2815,16,19,35,302,336,638,20,36,56,694
99893,131,2815,13,12,25,200,215,415,19,26,45,460
10841,132,2816,10,10,20,106,88,194,16,20,36,230
11692,132,2816,15,14,29,344,308,652,1,0,1,653
13882,132,2816,12,15,27,86,80,166,1,3,4,170
14106,132,2816,9,6,15,20,14,34,4,2,6,40
15071,132,2816,6,8,14,108,126,234,30,17,47,281
15776,132,2816,11,13,24,46,36,82,6,12,18,100
16933,132,2816,11,11,22,40,38,78,6,10,16,94
17353,132,2816,6,7,13,12,18,30,3,14,17,47
23040,132,2816,15,15,30,66,53,119,0,1,1,120
23144,132,2816,27,29,56,187,146,333,2,18,20,353
23642,132,2816,12,13,25,59,66,125,4,6,10,135
24760,132,2816,20,26,46,230,253,483,6,19,25,508
25544,132,2816,1,12,13,0,0,0,1,17,18,18
26127,132,2816,7,8,15,32,24,56,3,18,21,77
26425,132,2816,9,9,18,106,93,199,1,3,4,203
29914,132,2816,13,13,26,60,46,106,5,29,34,140
30076,132,2816,22,24,46,80,87,167,0,3,3,170
31372,132,2816,9,9,18,73,69,142,10,20,30,172
32100,132,2816,23,22,45,301,299,600,12,12,24,624
32899,132,2816,8,8,16,58,55,113,12,22,34,147
35227,132,2816,22,17,39,74,33,107,10,16,26,133
36006,132,2816,4,4,8,58,58,116,2,0,2,118
38823,132,2816,25,28,53,452,424,876,8,10,18,894
39783,132,2816,41,24,65,307,261,568,16,20,36,604
41393,132,2816,6,9,15,35,22,57,1,5,6,63
44956,132,2816,10,11,21,82,87,169,3,7,10,179
45539,132,2816,11,11,22,210,162,372,3,1,4,376
46021,132,2816,13,11,24,243,193,436,6,22,28,464
46160,132,2816,14,14,28,91,96,187,4,8,12,199
46654,132,2816,20,22,42,368,356,724,26,55,81,805
46771,132,2816,22,24,46,412,354,766,7,17,24,790
48187,132,2816,33,30,63,400,207,607,8,30,38,645
49294,132,2816,8,8,16,163,184,347,3,10,13,360
50709,132,2816,14,19,33,120,119,239,3,12,15,254
50869,132,2816,24,22,46,475,473,948,13,14,27,975
50947,132,2816,18,22,40,138,130,268,6,23,29,297
51597,132,2816,27,31,58,274,266,540,6,30,36,576
52067,132,2816,16,17,33,379,352,731,12,8,20,751
52385,132,2816,11,13,24,117,90,207,1,7,8,215
53275,132,2816,1,5,6,0,0,0,1,12,13,13
53884,132,2816,11,9,20,103,61,164,0,2,2,166
55594,132,2816,12,22,34,137,87,224,11,23,34,258
57637,132,2816,9,11,20,37,41,78,4,8,12,90
58909,132,2816,11,12,23,97,73,170,2,5,7,177
59367,132,2816,8,8,16,146,123,269,4,10,14,283
62555,132,2816,20,21,41,92,108,200,4,28,32,232
63063,132,2816,34,31,65,492,407,899,32,42,74,973
63188,132,2816,32,34,66,430,425,855,10,18,28,883
66245,132,2816,33,38,71,245,229,474,10,27,37,511
66404,132,2816,28,29,57,353,332,685,6,8,14,699
66754,132,2816,11,11,22,122,98,220,5,16,21,241
68494,132,2816,13,24,37,101,69,170,6,30,36,206
68633,132,2816,3,2,5,10,11,21,1,4,5,26
71518,132,2816,11,12,23,97,95,192,4,5,9,201
72746,132,2816,3,5,8,6,20,26,2,6,8,34
73175,132,2816,8,7,15,22,18,40,4,8,12,52
73303,132,2816,22,21,43,368,330,698,14,10,24,722
76313,132,2816,21,19,40,182,119,301,6,33,39,340
77023,132,2816,17,22,39,165,169,334,2,31,33,367
78911,132,2816,12,5,17,85,14,99,1,0,1,100
78966,132,2816,17,13,30,229,154,383,8,14,22,405
80058,132,2816,33,36,69,401,272,673,5,11,16,689
80193,132,2816,0,1,1,0,0,0,0,1,1,1
82282,132,2816,12,14,26,95,82,177,6,26,32,209
83568,132,2816,26,28,54,551,398,949,12,30,42,991
85596,132,2816,29,32,61,1274,1137,2411,12,22,34,2445
85970,132,2816,24,24,48,334,327,661,8,14,22,683
86009,132,2816,11,13,24,432,421,853,6,24,30,883
86352,132,2816,0,1,1,0,3,3,0,0,0,3
88133,132,2816,16,12,28,119,121,240,20,13,33,273
88175,132,2816,12,12,24,142,92,234,5,14,19,253
89827,132,2816,9,12,21,88,32,120,0,5,5,125
90289,132,2816,4,7,11,0,0,0,7,13,20,20
91064,132,2816,24,23,47,316,274,590,12,10,22,612
91423,132,2816,12,11,23,113,135,248,1,2,3,251
92220,132,2816,15,18,33,201,182,383,6,28,34,417
92699,132,2816,20,20,40,220,156,376,10,22,32,408
93418,132,2816,7,7,14,119,118,237,4,36,40,277
95014,132,2816,4,5,9,53,41,94,7,26,33,127
96492,132,2816,7,7,14,46,40,86,4,14,18,104
96510,132,2816,5,7,12,128,118,246,6,20,26,272
97933,132,2816,22,34,56,92,68,160,13,43,56,216
98326,132,2816,22,21,43,304,270,574,1,19,20,594
98436,132,2816,11,11,22,168,138,306,0,2,2,308
98453,132,2816,16,14,30,332,348,680,11,15,26,706
99367,132,2816,11,9,20,59,59,118,30,36,66,184
99695,132,2816,15,12,27,101,78,179,0,4,4,183
99749,132,2816,9,5,14,140,86,226,4,2,6,232
99856,132,2816,15,18,33,302,407,709,8,50,58,767
99893,132,2816,10,11,21,133,135,268,20,39,59,327
10841,133,2817,8,9,17,116,114,230,8,24,32,262
11692,133,2817,12,10,22,207,170,377,15,6,21,398
13882,133,2817,13,18,31,91,92,183,1,6,7,190
14106,133,2817,14,7,21,13,8,21,12,3,15,36
15071,133,2817,6,8,14,68,62,130,32,20,52,182
15776,133,2817,13,11,24,61,51,112,7,8,15,127
16933,133,2817,12,13,25,88,80,168,2,4,6,174
17353,133,2817,6,10,16,20,23,43,2,14,16,59
23040,133,2817,12,12,24,52,47,99,2,4,6,105
23144,133,2817,17,19,36,57,32,89,12,30,42,131
23642,133,2817,14,16,30,49,55,104,5,16,21,125
24760,133,2817,21,27,48,411,423,834,9,30,39,873
25544,133,2817,11,12,23,33,24,57,7,11,18,75
26127,133,2817,10,11,21,44,47,91,21,19,40,131
26425,133,2817,10,12,22,33,41,74,1,8,9,83
29914,133,2817,12,15,27,56,60,116,5,12,17,133
30076,133,2817,14,17,31,61,46,107,0,6,6,113
31372,133,2817,9,8,17,78,65,143,6,14,20,163
32100,133,2817,19,16,35,165,166,331,3,9,12,343
32899,133,2817,10,9,19,63,63,126,2,12,14,140
35227,133,2817,23,16,39,60,32,92,12,13,25,117
36006,133,2817,4,6,10,56,50,106,6,6,12,118
38823,133,2817,17,20,37,215,180,395,4,14,18,413
39783,133,2817,32,20,52,225,195,420,18,17,35,455
41393,133,2817,9,8,17,38,30,68,1,2,3,71
44956,133,2817,9,11,20,47,58,105,0,2,2,107
45539,133,2817,11,11,22,138,119,257,3,2,5,262
46021,133,2817,13,15,28,217,161,378,6,26,32,410
46160,133,2817,9,11,20,41,39,80,0,8,8,88
46654,133,2817,15,18,33,298,300,598,31,61,92,690
46771,133,2817,26,32,58,356,278,634,10,48,58,692
48187,133,2817,15,12,27,406,273,679,9,19,28,707
49294,133,2817,7,7,14,16,21,37,0,8,8,45
50709,133,2817,8,12,20,64,56,120,2,3,5,125
50869,133,2817,15,16,31,181,172,353,2,14,16,369
50947,133,2817,19,27,46,113,122,235,7,47,54,289
51597,133,2817,36,43,79,276,231,507,6,50,56,563
52067,133,2817,17,15,32,609,542,1151,5,8,13,1164
52385,133,2817,6,7,13,53,41,94,0,0,0,94
53275,133,2817,8,10,18,0,0,0,17,23,40,40
53884,133,2817,6,6,12,56,51,107,4,4,8,115
55594,133,2817,16,17,33,103,68,171,6,21,27,198
57637,133,2817,8,10,18,10,10,20,9,11,20,40
58909,133,2817,15,17,32,102,77,179,4,9,13,192
59367,133,2817,11,11,22,119,90,209,4,16,20,229
62555,133,2817,24,38,62,124,105,229,7,45,52,281
63063,133,2817,28,32,60,540,500,1040,22,34,56,1096
63188,133,2817,22,23,45,208,195,403,6,12,18,421
66245,133,2817,17,23,40,157,129,286,3,18,21,307
66404,133,2817,41,36,77,483,386,869,14,22,36,905
66754,133,2817,7,9,16,72,54,126,4,14,18,144
68494,133,2817,16,16,32,93,87,180,13,21,34,214
68633,133,2817,4,3,7,44,45,89,10,15,25,114
71518,133,2817,13,9,22,56,40,96,1,5,6,102
72746,133,2817,6,10,16,32,40,72,4,44,48,120
73175,133,2817,7,7,14,23,14,37,0,4,4,41
73303,133,2817,22,21,43,458,426,884,6,6,12,896
75178,133,2817,3,4,7,0,2,2,12,8,20,22
76313,133,2817,18,18,36,152,145,297,4,17,21,318
77023,133,2817,20,22,42,98,78,176,8,38,46,222
78911,133,2817,8,7,15,51,14,65,0,6,6,71
78966,133,2817,16,18,34,254,96,350,6,18,24,374
80058,133,2817,29,31,60,169,122,291,8,22,30,321
82282,133,2817,9,11,20,79,78,157,1,4,5,162
83568,133,2817,19,16,35,224,146,370,8,12,20,390
85596,133,2817,23,23,46,1377,1330,2707,6,20,26,2733
85970,133,2817,16,18,34,263,244,507,8,12,20,527
86009,133,2817,12,15,27,625,531,1156,8,46,54,1210
86352,133,2817,0,1,1,0,8,8,0,0,0,8
88133,133,2817,10,10,20,107,102,209,10,10,20,229
88175,133,2817,9,11,20,48,33,81,4,5,9,90
89827,133,2817,9,11,20,77,34,111,2,14,16,127
90289,133,2817,5,7,12,0,0,0,7,22,29,29
91064,133,2817,15,17,32,232,242,474,10,18,28,502
91423,133,2817,12,12,24,306,364,670,7,3,10,680
92220,133,2817,12,18,30,110,110,220,6,56,62,282
92699,133,2817,19,18,37,132,128,260,26,32,58,318
93418,133,2817,5,5,10,165,164,329,22,36,58,387
95014,133,2817,7,17,24,28,18,46,12,34,46,92
96492,133,2817,6,6,12,54,48,102,8,36,44,146
96510,133,2817,9,10,19,154,122,276,8,24,32,308
97933,133,2817,14,13,27,55,49,104,8,14,22,126
98326,133,2817,15,18,33,291,225,516,5,22,27,543
98436,133,2817,10,13,23,72,76,148,0,16,16,164
98453,133,2817,17,15,32,262,290,552,8,5,13,565
99367,133,2817,13,15,28,185,195,380,18,31,49,429
99695,133,2817,2,2,4,13,8,21,0,0,0,21
99749,133,2817,13,11,24,72,38,110,22,34,56,166
99856,133,2817,14,17,31,416,443,859,26,28,54,913
99893,133,2817,12,12,24,168,150,318,32,34,66,384
10841,134,2818,14,11,25,64,62,126,2,9,11,137
11692,134,2818,13,13,26,281,214,495,11,2,13,508
13882,134,2818,8,10,18,62,69,131,0,6,6,137
14106,134,2818,6,6,12,18,6,24,1,1,2,26
15071,134,2818,4,7,11,17,15,32,11,12,23,55
15776,134,2818,7,11,18,53,30,83,2,6,8,91
16933,134,2818,12,17,29,57,38,95,4,12,16,111
17353,134,2818,9,11,20,12,11,23,5,15,20,43
23040,134,2818,27,28,55,197,159,356,2,11,13,369
23144,134,2818,15,16,31,74,67,141,6,8,14,155
23642,134,2818,6,10,16,34,36,70,0,6,6,76
24760,134,2818,21,25,46,267,280,547,12,25,37,584
25544,134,2818,1,9,10,0,0,0,3,14,17,17
26127,134,2818,7,5,12,26,12,38,9,11,20,58
26425,134,2818,9,14,23,33,31,64,3,14,17,81
29914,134,2818,1,3,4,1,1,2,0,2,2,4
30076,134,2818,20,19,39,107,109,216,1,2,3,219
31372,134,2818,4,4,8,53,47,100,0,4,4,104
32100,134,2818,17,16,33,315,326,641,5,4,9,650
32899,134,2818,4,3,7,41,36,77,1,2,3,80
35227,134,2818,23,18,41,77,51,128,7,13,20,148
36006,134,2818,3,5,8,52,46,98,4,8,12,110
38823,134,2818,13,13,26,77,66,143,0,1,1,144
39783,134,2818,37,23,60,208,139,347,6,20,26,373
41393,134,2818,13,13,26,112,74,186,2,9,11,197
45539,134,2818,12,9,21,86,75,161,1,1,2,163
46021,134,2818,12,13,25,301,243,544,10,30,40,584
46160,134,2818,10,12,22,37,33,70,1,5,6,76
46654,134,2818,16,17,33,452,396,848,26,34,60,908
46771,134,2818,25,29,54,343,269,612,2,21,23,635
48187,134,2818,14,11,25,360,232,592,6,6,12,604
49294,134,2818,7,6,13,78,76,154,2,4,6,160
50709,134,2818,6,10,16,29,27,56,0,9,9,65
50869,134,2818,13,11,24,132,98,230,0,8,8,238
50947,134,2818,10,16,26,105,100,205,4,18,22,227
51597,134,2818,19,22,41,150,147,297,2,32,34,331
52067,134,2818,13,13,26,703,650,1353,14,8,22,1375
52385,134,2818,6,6,12,36,25,61,0,1,1,62
53275,134,2818,3,10,13,25,12,37,2,16,18,55
53884,134,2818,10,8,18,71,62,133,6,0,6,139
55594,134,2818,12,16,28,72,61,133,18,32,50,183
57637,134,2818,9,11,20,40,44,84,3,16,19,103
58909,134,2818,12,13,25,69,57,126,2,10,12,138
59367,134,2818,7,7,14,74,71,145,4,8,12,157
62555,134,2818,11,11,22,38,39,77,2,10,12,89
63063,134,2818,23,20,43,378,318,696,8,16,24,720
63188,134,2818,40,42,82,352,342,694,14,16,30,724
66245,134,2818,20,21,41,139,142,281,3,8,11,292
66404,134,2818,21,15,36,216,88,304,6,10,16,320
66754,134,2818,13,13,26,152,123,275,8,15,23,298
68494,134,2818,9,7,16,175,129,304,10,4,14,318
68633,134,2818,4,6,10,26,25,51,10,11,21,72
71518,134,2818,9,9,18,99,87,186,2,3,5,191
72746,134,2818,7,6,13,50,62,112,3,8,11,123
73175,134,2818,8,4,12,14,18,32,2,1,3,35
73303,134,2818,19,15,34,494,426,920,26,8,34,954
76313,134,2818,27,30,57,141,132,273,2,19,21,294
77023,134,2818,15,19,34,97,111,208,11,37,48,256
78911,134,2818,7,8,15,28,16,44,3,30,33,77
78966,134,2818,14,11,25,174,72,246,2,2,4,250
80058,134,2818,29,30,59,323,151,474,6,14,20,494
82282,134,2818,8,9,17,66,71,137,2,10,12,149
83568,134,2818,19,17,36,168,112,280,6,28,34,314
85596,134,2818,20,21,41,894,782,1676,4,18,22,1698
85970,134,2818,17,18,35,150,164,314,2,15,17,331
86009,134,2818,22,20,42,955,788,1743,16,57,73,1816
86352,134,2818,0,1,1,0,2,2,0,0,0,2
88133,134,2818,11,10,21,180,174,354,9,3,12,366
88175,134,2818,13,13,26,100,93,193,5,12,17,210
89827,134,2818,7,6,13,56,20,76,2,4,6,82
90289,134,2818,14,22,36,54,50,104,10,28,38,142
91064,134,2818,19,18,37,147,135,282,16,17,33,315
92220,134,2818,17,21,38,240,207,447,4,32,36,483
92699,134,2818,21,23,44,186,190,376,20,38,58,434
93418,134,2818,5,6,11,80,74,154,4,38,42,196
95014,134,2818,2,4,6,20,21,41,3,19,22,63
96492,134,2818,9,15,24,46,42,88,6,38,44,132
96510,134,2818,6,6,12,34,24,58,2,8,10,68
97933,134,2818,10,9,19,77,92,169,9,8,17,186
98326,134,2818,15,15,30,278,202,480,10,37,47,527
98436,134,2818,9,12,21,146,132,278,8,10,18,296
98453,134,2818,15,17,32,289,298,587,6,13,19,606
99367,134,2818,14,16,30,197,185,382,14,20,34,416
99695,134,2818,8,6,14,37,30,67,1,0,1,68
99749,134,2818,8,13,21,138,33,171,27,44,71,242
99856,134,2818,14,16,30,450,459,909,18,26,44,953
99893,134,2818,7,10,17,90,76,166,25,52,77,243
10841,135,2819,8,12,20,45,45,90,7,19,26,116
11360,135,2819,2,5,7,1,1,2,2,9,11,13
11692,135,2819,17,16,33,389,341,730,12,3,15,745
13882,135,2819,18,20,38,115,122,237,1,5,6,243
14106,135,2819,14,11,25,24,17,41,5,5,10,51
15071,135,2819,6,8,14,156,141,297,17,15,32,329
15776,135,2819,14,13,27,112,60,172,3,9,12,184
16933,135,2819,11,14,25,156,106,262,14,33,47,309
17353,135,2819,9,11,20,67,55,122,7,9,16,138
23040,135,2819,21,17,38,167,140,307,5,3,8,315
23144,135,2819,39,39,78,230,214,444,20,42,62,506
23642,135,2819,7,8,15,25,25,50,0,10,10,60
24760,135,2819,23,25,48,284,265,549,9,25,34,583
25544,135,2819,17,20,37,42,42,84,3,22,25,109
26127,135,2819,3,6,9,5,7,12,5,21,26,38
26425,135,2819,13,14,27,88,83,171,3,11,14,185
28831,135,2819,1,0,1,2,0,2,0,0,0,2
29914,135,2819,13,12,25,86,84,170,6,5,11,181
30076,135,2819,23,23,46,91,94,185,2,3,5,190
31372,135,2819,6,5,11,144,136,280,2,2,4,284
32100,135,2819,19,20,39,138,160,298,2,7,9,307
32899,135,2819,13,11,24,49,39,88,2,8,10,98
35227,135,2819,28,23,51,137,105,242,11,16,27,269
36006,135,2819,5,5,10,62,48,110,2,0,2,112
38823,135,2819,29,31,60,143,129,272,2,8,10,282
39783,135,2819,13,10,23,65,49,114,4,2,6,120
41393,135,2819,8,14,22,72,60,132,2,10,12,144
45539,135,2819,16,13,29,111,87,198,6,11,17,215
46021,135,2819,12,12,24,344,255,599,10,16,26,625
46160,135,2819,9,12,21,51,40,91,0,6,6,97
46654,135,2819,19,19,38,254,245,499,27,67,94,593
46771,135,2819,28,28,56,460,346,806,5,27,32,838
48187,135,2819,22,19,41,351,203,554,11,11,22,576
49294,135,2819,7,7,14,201,213,414,1,0,1,415
50709,135,2819,13,14,27,180,142,322,3,15,18,340
50869,135,2819,19,18,37,335,308,643,4,10,14,657
50947,135,2819,25,36,61,117,127,244,4,19,23,267
51597,135,2819,21,19,40,144,110,254,2,36,38,292
52067,135,2819,13,13,26,223,210,433,10,1,11,444
52385,135,2819,13,14,27,148,108,256,8,11,19,275
53275,135,2819,10,13,23,32,40,72,2,15,17,89
53884,135,2819,10,9,19,78,51,129,2,6,8,137
55594,135,2819,10,11,21,61,59,120,9,17,26,146
57637,135,2819,9,11,20,18,25,43,5,6,11,54
58909,135,2819,10,13,23,89,70,159,0,8,8,167
59367,135,2819,10,11,21,125,104,229,0,20,20,249
62555,135,2819,24,34,58,107,123,230,4,22,26,256
63063,135,2819,34,33,67,514,425,939,16,22,38,977
63188,135,2819,30,36,66,284,284,568,6,19,25,593
66245,135,2819,20,22,42,160,152,312,8,19,27,339
66404,135,2819,21,22,43,296,206,502,2,16,18,520
66754,135,2819,8,10,18,124,80,204,4,12,16,220
68494,135,2819,24,31,55,312,329,641,19,30,49,690
68633,135,2819,6,7,13,89,84,173,11,33,44,217
71518,135,2819,14,15,29,120,101,221,8,11,19,240
72746,135,2819,4,4,8,8,8,16,0,2,2,18
73175,135,2819,2,2,4,7,10,17,1,1,2,19
73303,135,2819,14,14,28,126,132,258,6,8,14,272
76313,135,2819,11,14,25,132,86,218,0,10,10,228
77023,135,2819,20,25,45,144,136,280,19,63,82,362
78911,135,2819,13,10,23,97,52,149,0,4,4,153
78966,135,2819,27,27,54,221,95,316,4,6,10,326
80058,135,2819,27,23,50,146,86,232,2,4,6,238
82282,135,2819,11,10,21,50,47,97,4,5,9,106
83568,135,2819,25,24,49,380,246,626,24,28,52,678
85596,135,2819,34,35,69,1309,1170,2479,8,55,63,2542
85970,135,2819,30,29,59,164,179,343,3,2,5,348
86009,135,2819,14,18,32,673,548,1221,8,22,30,1251
88133,135,2819,13,12,25,157,141,298,11,6,17,315
88175,135,2819,14,16,30,170,99,269,2,5,7,276
89827,135,2819,15,16,31,30,23,53,3,11,14,67
90289,135,2819,18,30,48,179,176,355,4,23,27,382
91064,135,2819,16,17,33,117,100,217,10,10,20,237
92220,135,2819,18,19,37,534,462,996,6,36,42,1038
92699,135,2819,17,15,32,180,147,327,0,2,2,329
93418,135,2819,6,9,15,308,284,592,26,74,100,692
95014,135,2819,3,4,7,32,38,70,9,21,30,100
96492,135,2819,11,12,23,116,128,244,0,8,8,252
96510,135,2819,10,9,19,91,79,170,6,22,28,198
97933,135,2819,12,12,24,70,46,116,6,4,10,126
98326,135,2819,23,25,48,390,313,703,8,82,90,793
98436,135,2819,9,8,17,100,91,191,2,0,2,193
98453,135,2819,21,19,40,730,416,1146,6,6,12,1158
99367,135,2819,17,18,35,123,107,230,18,23,41,271
99695,135,2819,22,22,44,134,109,243,3,5,8,251
99749,135,2819,9,8,17,36,20,56,6,9,15,71
99856,135,2819,15,14,29,393,468,861,18,36,54,915
99893,135,2819,15,16,31,171,186,357,21,62,83,440
10841,136,2820,18,20,38,112,110,222,8,22,30,252
11692,136,2820,15,17,32,587,593,1180,16,22,38,1218
13882,136,2820,14,14,28,71,71,142,1,3,4,146
14106,136,2820,4,6,10,6,6,12,2,3,5,17
15071,136,2820,9,9,18,191,238,429,29,19,48,477
15776,136,2820,13,17,30,141,96,237,0,12,12,249
16933,136,2820,8,7,15,0,0,0,8,10,18,18
17353,136,2820,10,11,21,126,113,239,8,24,32,271
23040,136,2820,17,18,35,297,229,526,3,4,7,533
23144,136,2820,28,35,63,285,241,526,10,28,38,564
24760,136,2820,24,28,52,296,325,621,3,9,12,633
26127,136,2820,8,6,14,14,13,27,10,10,20,47
26425,136,2820,10,10,20,89,75,164,1,5,6,170
28831,136,2820,11,12,23,663,632,1295,1,1,2,1297
29914,136,2820,7,7,14,36,30,66,2,9,11,77
30076,136,2820,21,25,46,74,81,155,0,6,6,161
31372,136,2820,8,8,16,154,130,284,4,14,18,302
32100,136,2820,18,19,37,202,195,397,4,4,8,405
32899,136,2820,11,9,20,22,23,45,2,9,11,56
35227,136,2820,28,20,48,126,97,223,6,11,17,240
36006,136,2820,5,5,10,42,35,77,4,1,5,82
38823,136,2820,19,21,40,104,100,204,0,0,0,204
41393,136,2820,9,5,14,19,5,24,0,5,5,29
45539,136,2820,15,11,26,97,74,171,4,2,6,177
46160,136,2820,17,20,37,82,83,165,2,8,10,175
46654,136,2820,17,16,33,417,417,834,25,54,79,913
46771,136,2820,25,28,53,354,269,623,4,26,30,653
48187,136,2820,19,17,36,339,209,548,8,12,20,568
49294,136,2820,9,7,16,199,217,416,3,1,4,420
50709,136,2820,19,21,40,284,241,525,3,15,18,543
50869,136,2820,19,23,42,334,300,634,6,15,21,655
50947,136,2820,31,37,68,333,330,663,7,27,34,697
51597,136,2820,31,30,61,245,198,443,8,43,51,494
52067,136,2820,21,20,41,294,250,544,8,8,16,560
52385,136,2820,17,19,36,132,94,226,3,9,12,238
53275,136,2820,16,15,31,69,75,144,2,8,10,154
53884,136,2820,12,11,23,50,42,92,3,4,7,99
55594,136,2820,13,13,26,82,68,150,22,36,58,208
57637,136,2820,5,7,12,12,13,25,1,2,3,28
58909,136,2820,12,15,27,251,210,461,3,6,9,470
59367,136,2820,10,11,21,148,125,273,0,16,16,289
62555,136,2820,19,23,42,90,112,202,3,22,25,227
63063,136,2820,32,34,66,380,341,721,11,39,50,771
63188,136,2820,43,44,87,247,242,489,0,2,2,491
66245,136,2820,25,25,50,155,146,301,8,17,25,326
66404,136,2820,32,28,60,162,118,280,5,3,8,288
66754,136,2820,7,8,15,133,106,239,3,8,11,250
68494,136,2820,34,40,74,177,164,341,24,33,57,398
68533,136,2820,29,30,59,146,121,267,10,15,25,292
68633,136,2820,6,6,12,35,37,72,17,22,39,111
71518,136,2820,19,23,42,143,146,289,17,27,44,333
72746,136,2820,4,6,10,13,22,35,1,3,4,39
73175,136,2820,3,2,5,9,11,20,0,0,0,20
73303,136,2820,18,22,40,358,310,668,10,28,38,706
75178,136,2820,1,0,1,0,0,0,2,0,2,2
76313,136,2820,14,16,30,136,53,189,3,5,8,197
77023,136,2820,22,24,46,230,248,478,11,49,60,538
78911,136,2820,10,6,16,45,8,53,0,1,1,54
78966,136,2820,4,5,9,23,10,33,0,2,2,35
82282,136,2820,8,10,18,74,59,133,2,2,4,137
83568,136,2820,32,27,59,300,195,495,6,7,13,508
85596,136,2820,26,26,52,459,393,852,2,19,21,873
85970,136,2820,31,33,64,255,256,511,3,13,16,527
86009,136,2820,19,20,39,258,203,461,2,19,21,482
86352,136,2820,0,1,1,0,9,9,0,0,0,9
86727,136,2820,9,9,18,22,24,46,1,0,1,47
88133,136,2820,12,13,25,94,90,184,6,9,15,199
88175,136,2820,17,21,38,155,105,260,4,9,13,273
89827,136,2820,7,5,12,14,13,27,1,1,2,29
90289,136,2820,16,28,44,56,59,115,9,18,27,142
91064,136,2820,21,21,42,97,81,178,10,11,21,199
91423,136,2820,13,12,25,147,90,237,3,4,7,244
92220,136,2820,18,18,36,336,294,630,6,72,78,708
92699,136,2820,16,13,29,43,39,82,5,5,10,92
93418,136,2820,10,12,22,96,95,191,15,71,86,277
95014,136,2820,5,8,13,61,61,122,11,17,28,150
95798,136,2820,0,1,1,0,0,0,0,1,1,1
96492,136,2820,10,16,26,138,135,273,4,22,26,299
96510,136,2820,8,9,17,46,42,88,1,10,11,99
98326,136,2820,21,22,43,355,311,666,8,62,70,736
98436,136,2820,11,9,20,132,108,240,2,2,4,244
98453,136,2820,22,17,39,631,519,1150,6,9,15,1165
99367,136,2820,17,16,33,181,181,362,21,28,49,411
99695,136,2820,20,17,37,248,238,486,5,3,8,494
99749,136,2820,7,9,16,25,10,35,5,8,13,48
99856,136,2820,21,21,42,469,552,1021,20,40,60,1081
99893,136,2820,16,14,30,264,234,498,17,44,61,559
10841,137,2821,11,12,23,76,64,140,8,7,15,155
11692,137,2821,17,17,34,548,491,1039,19,28,47,1086
13882,137,2821,11,12,23,43,39,82,1,3,4,86
14106,137,2821,12,14,26,33,23,56,6,6,12,68
15071,137,2821,7,4,11,71,72,143,19,3,22,165
15776,137,2821,12,18,30,63,34,97,3,12,15,112
16933,137,2821,0,2,2,0,0,0,0,3,3,3
17353,137,2821,6,9,15,113,106,219,6,19,25,244
23040,137,2821,13,11,24,319,225,544,0,3,3,547
23144,137,2821,31,30,61,191,152,343,8,14,22,365
24760,137,2821,18,25,43,300,311,611,7,13,20,631
26127,137,2821,5,7,12,7,4,11,5,10,15,26
26425,137,2821,10,10,20,91,80,171,1,2,3,174
28831,137,2821,16,15,31,717,690,1407,8,12,20,1427
30076,137,2821,13,18,31,74,84,158,0,7,7,165
31372,137,2821,10,11,21,138,112,250,2,6,8,258
32100,137,2821,20,22,42,321,344,665,4,17,21,686
32899,137,2821,8,6,14,29,28,57,4,12,16,73
35227,137,2821,27,32,59,124,75,199,8,39,47,246
36006,137,2821,3,3,6,30,28,58,1,0,1,59
38823,137,2821,16,17,33,83,86,169,3,2,5,174
41393,137,2821,9,12,21,29,17,46,3,6,9,55
45539,137,2821,17,15,32,100,79,179,6,9,15,194
46160,137,2821,11,14,25,96,85,181,0,6,6,187
46654,137,2821,17,13,30,318,245,563,20,45,65,628
46771,137,2821,26,26,52,283,198,481,5,22,27,508
48187,137,2821,28,20,48,344,215,559,5,8,13,572
49294,137,2821,10,8,18,209,231,440,6,5,11,451
50709,137,2821,14,14,28,190,187,377,1,7,8,385
50869,137,2821,20,22,42,204,206,410,5,10,15,425
50947,137,2821,25,25,50,308,376,684,7,18,25,709
51597,137,2821,42,46,88,177,151,328,6,34,40,368
52067,137,2821,15,15,30,165,137,302,14,7,21,323
52385,137,2821,16,17,33,134,107,241,2,10,12,253
53275,137,2821,11,13,24,70,109,179,2,9,11,190
53884,137,2821,9,8,17,60,24,84,0,2,2,86
55594,137,2821,14,17,31,63,56,119,16,27,43,162
57637,137,2821,9,10,19,38,40,78,3,8,11,89
58909,137,2821,17,18,35,139,122,261,3,10,13,274
59367,137,2821,9,9,18,184,150,334,2,16,18,352
63063,137,2821,25,22,47,290,246,536,11,17,28,564
63188,137,2821,25,30,55,191,192,383,1,10,11,394
66245,137,2821,25,26,51,215,214,429,8,10,18,447
66404,137,2821,37,35,72,169,148,317,6,3,9,326
66754,137,2821,7,7,14,123,89,212,10,13,23,235
68494,137,2821,37,37,74,265,272,537,10,41,51,588
68533,137,2821,41,45,86,170,132,302,12,31,43,345
68633,137,2821,8,12,20,41,41,82,5,16,21,103
71518,137,2821,26,23,49,129,92,221,18,15,33,254
72746,137,2821,6,6,12,17,20,37,2,0,2,39
73175,137,2821,4,4,8,9,8,17,0,1,1,18
73303,137,2821,18,21,39,375,341,716,17,10,27,743
76313,137,2821,15,18,33,131,65,196,5,23,28,224
77023,137,2821,17,19,36,162,177,339,7,25,32,371
78911,137,2821,9,7,16,61,22,83,1,18,19,102
78966,137,2821,11,9,20,75,25,100,0,1,1,101
82282,137,2821,8,11,19,191,201,392,0,5,5,397
83568,137,2821,24,16,40,180,116,296,5,12,17,313
85596,137,2821,29,33,62,507,497,1004,9,33,42,1046
85970,137,2821,24,23,47,228,216,444,6,6,12,456
86009,137,2821,18,21,39,187,163,350,8,26,34,384
86352,137,2821,0,1,1,0,4,4,0,0,0,4
86727,137,2821,7,8,15,40,37,77,0,4,4,81
88133,137,2821,14,12,26,323,275,598,12,5,17,615
88175,137,2821,11,14,25,89,83,172,2,9,11,183
89827,137,2821,13,14,27,33,23,56,3,5,8,64
90289,137,2821,16,22,38,160,159,319,3,18,21,340
91064,137,2821,13,14,27,65,54,119,6,4,10,129
91423,137,2821,8,9,17,63,95,158,2,2,4,162
92220,137,2821,14,13,27,125,112,237,3,33,36,273
92699,137,2821,18,15,33,74,68,142,9,21,30,172
93418,137,2821,7,6,13,60,65,125,4,11,15,140
95014,137,2821,5,5,10,53,43,96,1,10,11,107
96492,137,2821,11,20,31,101,135,236,18,61,79,315
96510,137,2821,9,9,18,50,50,100,2,6,8,108
98326,137,2821,22,24,46,359,361,720,9,61,70,790
98436,137,2821,13,13,26,147,127,274,2,10,12,286
98453,137,2821,22,22,44,580,298,878,6,10,16,894
99367,137,2821,18,18,36,206,190,396,20,22,42,438
99695,137,2821,17,18,35,248,226,474,2,8,10,484
99749,137,2821,5,10,15,20,21,41,4,7,11,52
99856,137,2821,11,10,21,443,484,927,9,29,38,965
99893,137,2821,8,7,15,116,117,233,0,0,0,233
10841,138,2822,18,19,37,110,103,213,8,22,30,243
11692,138,2822,1,1,2,0,1,1,1,0,1,2
13882,138,2822,15,20,35,172,179,351,1,8,9,360
14106,138,2822,11,9,20,46,25,71,5,4,9,80
15071,138,2822,6,6,12,89,83,172,16,24,40,212
15776,138,2822,9,8,17,132,69,201,1,3,4,205
16933,138,2822,12,14,26,70,70,140,3,2,5,145
17353,138,2822,11,11,22,126,133,259,5,24,29,288
23040,138,2822,15,16,31,273,165,438,3,9,12,450
23144,138,2822,34,31,65,276,266,542,17,31,48,590
24760,138,2822,19,24,43,222,256,478,6,20,26,504
26127,138,2822,5,9,14,18,15,33,4,15,19,52
26425,138,2822,9,15,24,53,54,107,0,6,6,113
28831,138,2822,18,22,40,858,824,1682,1,10,11,1693
30076,138,2822,18,22,40,61,62,123,0,5,5,128
31372,138,2822,10,8,18,147,108,255,4,12,16,271
32100,138,2822,18,16,34,217,231,448,3,7,10,458
32899,138,2822,8,8,16,40,29,69,3,12,15,84
35227,138,2822,24,22,46,201,157,358,8,11,19,377
36006,138,2822,4,3,7,26,28,54,2,0,2,56
38823,138,2822,24,25,49,135,113,248,3,4,7,255
41393,138,2822,4,3,7,6,4,10,0,6,6,16
45539,138,2822,18,17,35,217,178,395,11,18,29,424
46160,138,2822,17,17,34,151,137,288,4,8,12,300
46654,138,2822,13,17,30,391,384,775,26,65,91,866
46771,138,2822,18,17,35,361,267,628,6,17,23,651
48187,138,2822,38,25,63,334,206,540,5,22,27,567
49294,138,2822,5,5,10,164,177,341,5,3,8,349
50709,138,2822,27,28,55,346,310,656,3,15,18,674
50869,138,2822,26,28,54,173,178,351,8,12,20,371
50947,138,2822,28,28,56,577,566,1143,7,16,23,1166
51597,138,2822,37,44,81,287,269,556,2,31,33,589
52067,138,2822,19,20,39,313,273,586,18,12,30,616
52385,138,2822,18,23,41,140,126,266,1,13,14,280
53275,138,2822,11,18,29,73,78,151,1,13,14,165
53884,138,2822,14,14,28,100,69,169,0,4,4,173
55594,138,2822,15,16,31,96,70,166,21,16,37,203
57637,138,2822,7,12,19,213,164,377,2,19,21,398
58909,138,2822,15,17,32,130,117,247,3,3,6,253
59367,138,2822,14,13,27,205,195,400,3,10,13,413
63063,138,2822,37,36,73,361,284,645,13,26,39,684
63188,138,2822,30,29,59,181,182,363,0,3,3,366
66245,138,2822,27,35,62,213,216,429,8,29,37,466
66404,138,2822,38,35,73,216,196,412,7,4,11,423
66754,138,2822,8,10,18,167,119,286,5,9,14,300
68494,138,2822,28,25,53,285,248,533,12,59,71,604
68533,138,2822,40,39,79,122,94,216,11,19,30,246
68633,138,2822,4,5,9,29,32,61,15,14,29,90
71518,138,2822,19,16,35,161,141,302,14,6,20,322
72746,138,2822,2,3,5,9,11,20,1,0,1,21
73175,138,2822,2,2,4,6,6,12,0,0,0,12
73303,138,2822,15,18,33,349,319,668,9,12,21,689
75178,138,2822,1,0,1,0,0,0,1,0,1,1
76313,138,2822,15,19,34,130,46,176,3,21,24,200
77023,138,2822,16,13,29,348,277,625,7,14,21,646
78911,138,2822,10,9,19,137,13,150,0,5,5,155
78966,138,2822,19,17,36,134,56,190,1,6,7,197
82282,138,2822,11,14,25,53,78,131,3,12,15,146
83568,138,2822,31,26,57,235,247,482,7,9,16,498
85596,138,2822,27,26,53,367,324,691,6,19,25,716
85970,138,2822,39,38,77,223,228,451,9,8,17,468
86009,138,2822,15,16,31,194,204,398,6,25,31,429
86727,138,2822,8,8,16,28,27,55,1,1,2,57
88133,138,2822,4,3,7,5,8,13,2,0,2,15
89827,138,2822,8,8,16,37,26,63,1,2,3,66
90289,138,2822,25,41,66,125,119,244,4,21,25,269
91064,138,2822,16,15,31,107,75,182,10,33,43,225
91423,138,2822,13,17,30,207,256,463,3,12,15,478
92220,138,2822,21,29,50,140,131,271,0,0,0,271
92699,138,2822,19,17,36,95,76,171,5,11,16,187
93418,138,2822,8,9,17,95,98,193,6,21,27,220
95014,138,2822,1,1,2,2,1,3,0,0,0,3
96492,138,2822,8,10,18,27,29,56,2,4,6,62
96510,138,2822,6,10,16,43,48,91,0,6,6,97
98326,138,2822,21,22,43,135,117,252,3,22,25,277
98436,138,2822,15,15,30,101,94,195,1,1,2,197
98453,138,2822,22,18,40,616,401,1017,7,8,15,1032
99367,138,2822,14,11,25,290,281,571,17,12,29,600
99695,138,2822,14,16,30,147,140,287,6,18,24,311
99749,138,2822,7,9,16,20,19,39,6,12,18,57
99856,138,2822,16,14,30,52,40,92,15,9,24,116
99893,138,2822,8,9,17,165,164,329,0,0,0,329
10841,139,2823,12,12,24,63,68,131,3,5,8,139
13882,139,2823,9,12,21,90,89,179,1,5,6,185
14106,139,2823,2,3,5,6,6,12,0,0,0,12
15071,139,2823,4,6,10,23,15,38,18,9,27,65
15776,139,2823,8,14,22,89,53,142,1,13,14,156
16933,139,2823,16,22,38,95,86,181,6,15,21,202
17353,139,2823,9,10,19,68,72,140,4,11,15,155
23040,139,2823,15,15,30,171,144,315,3,5,8,323
23144,139,2823,28,25,53,144,130,274,12,13,25,299
24760,139,2823,14,19,33,158,174,332,12,15,27,359
25544,139,2823,6,4,10,11,5,16,0,2,2,18
26127,139,2823,8,10,18,86,90,176,8,28,36,212
26425,139,2823,15,16,31,97,90,187,4,8,12,199
28831,139,2823,32,36,68,485,478,963,17,23,40,1003
30076,139,2823,22,20,42,102,115,217,4,5,9,226
31372,139,2823,11,9,20,76,67,143,2,3,5,148
32899,139,2823,13,12,25,71,59,130,7,21,28,158
35227,139,2823,31,31,62,137,131,268,6,13,19,287
36006,139,2823,4,5,9,37,37,74,0,0,0,74
38823,139,2823,27,34,61,138,128,266,5,9,14,280
41393,139,2823,5,8,13,35,24,59,1,9,10,69
45539,139,2823,23,20,43,196,155,351,11,18,29,380
46160,139,2823,20,20,40,84,88,172,2,10,12,184
46654,139,2823,12,12,24,184,168,352,15,30,45,397
46771,139,2823,23,22,45,178,138,316,7,18,25,341
48187,139,2823,16,16,32,192,120,312,8,27,35,347
49294,139,2823,7,6,13,159,158,317,2,1,3,320
50181,139,2823,9,10,19,36,21,57,3,6,9,66
50709,139,2823,18,23,41,198,190,388,2,27,29,417
50869,139,2823,19,20,39,215,212,427,7,3,10,437
51597,139,2823,18,20,38,71,55,126,3,9,12,138
52067,139,2823,16,25,41,271,241,512,11,12,23,535
53275,139,2823,14,19,33,66,91,157,3,21,24,181
53884,139,2823,8,7,15,32,23,55,0,0,0,55
55594,139,2823,1,1,2,4,5,9,0,0,0,9
57637,139,2823,11,9,20,71,73,144,7,9,16,160
58909,139,2823,12,18,30,83,94,177,3,5,8,185
59367,139,2823,8,7,15,50,46,96,1,6,7,103
63063,139,2823,20,20,40,157,115,272,1,7,8,280
63188,139,2823,13,12,25,58,48,106,0,2,2,108
66245,139,2823,25,31,56,124,152,276,7,14,21,297
66404,139,2823,30,31,61,138,132,270,7,8,15,285
66754,139,2823,14,13,27,179,147,326,9,13,22,348
68494,139,2823,19,18,37,237,218,455,14,23,37,492
68533,139,2823,14,14,28,45,33,78,0,3,3,81
68633,139,2823,5,6,11,27,25,52,7,19,26,78
71518,139,2823,19,16,35,175,155,330,20,14,34,364
72746,139,2823,7,7,14,15,18,33,4,2,6,39
73175,139,2823,8,8,16,28,31,59,0,1,1,60
73303,139,2823,18,21,39,346,275,621,3,10,13,634
76313,139,2823,15,17,32,67,42,109,3,13,16,125
77023,139,2823,14,16,30,117,127,244,4,17,21,265
78911,139,2823,11,7,18,74,11,85,2,8,10,95
78966,139,2823,20,24,44,128,81,209,4,12,16,225
82282,139,2823,4,5,9,23,24,47,0,2,2,49
83568,139,2823,22,20,42,126,99,225,14,18,32,257
85596,139,2823,32,34,66,490,418,908,9,16,25,933
85970,139,2823,19,20,39,107,116,223,4,6,10,233
86009,139,2823,19,19,38,319,245,564,9,49,58,622
86727,139,2823,8,9,17,66,56,122,3,2,5,127
89827,139,2823,12,12,24,59,41,100,6,17,23,123
90289,139,2823,20,23,43,169,145,314,18,39,57,371
91064,139,2823,19,20,39,116,119,235,7,7,14,249
91423,139,2823,17,16,33,273,323,596,5,11,16,612
92220,139,2823,10,11,21,89,80,169,4,21,25,194
92699,139,2823,15,17,32,73,52,125,6,16,22,147
93418,139,2823,4,4,8,17,16,33,0,8,8,41
96492,139,2823,10,12,22,115,64,179,5,7,12,191
96510,139,2823,7,8,15,34,33,67,2,8,10,77
98326,139,2823,26,29,55,136,124,260,6,37,43,303
98436,139,2823,16,20,36,144,136,280,5,13,18,298
98453,139,2823,19,15,34,321,211,532,4,14,18,550
99367,139,2823,11,14,25,100,98,198,13,17,30,228
99695,139,2823,26,22,48,218,190,408,2,2,4,412
99749,139,2823,6,5,11,13,13,26,7,3,10,36
99856,139,2823,10,10,20,45,43,88,13,14,27,115
99893,139,2823,7,7,14,122,106,228,0,6,6,234
10841,140,2824,12,12,24,32,24,56,6,7,13,69
13882,140,2824,14,16,30,86,92,178,1,5,6,184
15071,140,2824,10,10,20,139,116,255,32,14,46,301
15776,140,2824,11,13,24,68,51,119,3,8,11,130
16933,140,2824,16,18,34,114,91,205,4,5,9,214
17353,140,2824,9,11,20,108,104,212,2,30,32,244
23040,140,2824,19,19,38,265,236,501,0,2,2,503
23144,140,2824,35,56,91,203,170,373,1,25,26,399
25544,140,2824,47,50,97,231,186,417,7,45,52,469
26127,140,2824,19,16,35,63,27,90,17,31,48,138
26425,140,2824,9,14,23,53,52,105,0,7,7,112
28831,140,2824,17,22,39,888,904,1792,6,7,13,1805
30076,140,2824,30,30,60,83,78,161,3,4,7,168
31372,140,2824,9,10,19,80,88,168,2,3,5,173
32899,140,2824,12,12,24,61,42,103,2,16,18,121
35227,140,2824,40,29,69,231,164,395,15,14,29,424
36006,140,2824,4,4,8,26,26,52,0,0,0,52
38823,140,2824,12,19,31,41,51,92,0,2,2,94
41393,140,2824,7,11,18,50,37,87,1,12,13,100
45539,140,2824,25,21,46,166,149,315,3,5,8,323
46160,140,2824,17,21,38,141,135,276,1,20,21,297
46654,140,2824,18,18,36,287,234,521,28,42,70,591
46771,140,2824,9,0,9,13,0,13,0,0,0,13
48187,140,2824,21,17,38,351,219,570,6,18,24,594
49294,140,2824,9,8,17,162,160,322,0,3,3,325
50181,140,2824,12,9,21,22,13,35,4,4,8,43
50709,140,2824,16,17,33,359,330,689,4,9,13,702
50869,140,2824,26,34,60,212,183,395,4,21,25,420
51597,140,2824,48,54,102,197,188,385,4,25,29,414
52067,140,2824,26,29,55,324,292,616,14,31,45,661
53275,140,2824,10,11,21,24,25,49,5,5,10,59
53884,140,2824,13,12,25,40,37,77,0,1,1,78
57637,140,2824,9,11,20,205,189,394,3,6,9,403
58909,140,2824,15,14,29,172,131,303,2,0,2,305
59367,140,2824,7,8,15,51,43,94,1,10,11,105
63063,140,2824,22,22,44,203,143,346,4,22,26,372
63188,140,2824,30,30,60,201,197,398,3,2,5,403
66245,140,2824,25,29,54,160,161,321,8,14,22,343
66404,140,2824,26,25,51,158,134,292,1,2,3,295
68494,140,2824,22,20,42,316,302,618,16,25,41,659
68533,140,2824,22,22,44,64,58,122,4,9,13,135
68633,140,2824,6,7,13,50,52,102,6,19,25,127
71518,140,2824,18,16,34,73,62,135,5,8,13,148
72746,140,2824,5,4,9,14,10,24,0,1,1,25
73175,140,2824,4,3,7,12,19,31,1,1,2,33
73303,140,2824,27,27,54,420,318,738,6,15,21,759
76313,140,2824,12,10,22,83,26,109,0,8,8,117
77023,140,2824,17,19,36,90,97,187,4,25,29,216
78911,140,2824,9,4,13,162,5,167,0,0,0,167
78966,140,2824,11,10,21,41,34,75,1,0,1,76
82282,140,2824,7,12,19,64,86,150,2,12,14,164
83568,140,2824,24,22,46,167,104,271,6,11,17,288
85596,140,2824,25,25,50,778,688,1466,4,15,19,1485
85970,140,2824,22,21,43,182,190,372,4,6,10,382
86009,140,2824,22,19,41,201,178,379,7,24,31,410
86727,140,2824,12,12,24,52,54,106,0,1,1,107
89827,140,2824,12,12,24,43,30,73,5,18,23,96
90289,140,2824,22,33,55,252,249,501,7,27,34,535
91064,140,2824,26,24,50,147,116,263,14,26,40,303
91423,140,2824,15,15,30,230,263,493,2,7,9,502
92220,140,2824,33,40,73,166,143,309,15,32,47,356
92699,140,2824,21,18,39,107,101,208,3,6,9,217
95014,140,2824,1,0,1,1,0,1,0,0,0,1
96492,140,2824,14,18,32,89,92,181,1,8,9,190
96510,140,2824,10,8,18,68,55,123,1,4,5,128
98326,140,2824,26,28,54,223,198,421,14,33,47,468
98436,140,2824,22,22,44,157,184,341,4,14,18,359
98453,140,2824,16,14,30,307,174,481,5,6,11,492
99367,140,2824,16,19,35,271,238,509,3,13,16,525
99695,140,2824,21,20,41,183,160,343,4,8,12,355
99749,140,2824,4,4,8,11,7,18,4,4,8,26
99856,140,2824,13,13,26,88,94,182,8,9,17,199
99893,140,2824,13,14,27,180,176,356,37,73,110,466
10841,141,2825,9,7,16,22,18,40,3,3,6,46
13882,141,2825,15,14,29,114,121,235,4,5,9,244
15071,141,2825,8,8,16,109,114,223,15,8,23,246
15776,141,2825,13,12,25,135,87,222,9,14,23,245
16933,141,2825,15,16,31,203,185,388,4,8,12,400
17353,141,2825,11,14,25,125,129,254,11,24,35,289
23040,141,2825,19,18,37,383,306,689,3,6,9,698
23144,141,2825,32,34,66,164,160,324,0,0,0,324
25544,141,2825,33,42,75,387,311,698,3,36,39,737
26127,141,2825,8,5,13,19,14,33,9,8,17,50
26425,141,2825,10,9,19,111,109,220,3,1,4,224
28831,141,2825,23,29,52,995,984,1979,3,15,18,1997
30076,141,2825,18,19,37,88,97,185,0,2,2,187
31372,141,2825,11,16,27,82,78,160,1,10,11,171
32899,141,2825,13,12,25,61,56,117,3,10,13,130
35227,141,2825,22,15,37,128,129,257,7,11,18,275
36006,141,2825,7,8,15,53,44,97,7,5,12,109
38823,141,2825,21,22,43,181,166,347,0,1,1,348
45539,141,2825,29,22,51,164,130,294,14,15,29,323
45945,141,2825,7,5,12,44,32,76,2,0,2,78
46160,141,2825,20,21,41,123,119,242,4,11,15,257
46654,141,2825,18,14,32,146,133,279,21,34,55,334
48187,141,2825,26,15,41,280,170,450,17,22,39,489
49294,141,2825,4,3,7,255,252,507,3,5,8,515
50181,141,2825,9,3,12,5,2,7,8,3,11,18
50709,141,2825,18,17,35,276,266,542,2,6,8,550
50869,141,2825,23,22,45,244,202,446,10,8,18,464
51597,141,2825,24,30,54,128,110,238,3,26,29,267
52067,141,2825,13,18,31,241,225,466,11,5,16,482
53275,141,2825,7,13,20,17,23,40,6,11,17,57
53884,141,2825,14,12,26,67,45,112,0,5,5,117
57637,141,2825,12,12,24,183,147,330,3,10,13,343
58909,141,2825,13,13,26,175,153,328,6,11,17,345
59367,141,2825,13,12,25,114,88,202,4,10,14,216
63063,141,2825,16,16,32,222,184,406,4,15,19,425
63188,141,2825,33,34,67,235,244,479,6,4,10,489
66245,141,2825,17,19,36,165,156,321,2,11,13,334
66404,141,2825,37,39,76,218,216,434,2,8,10,444
68494,141,2825,14,17,31,196,167,363,12,6,18,381
68533,141,2825,30,31,61,128,112,240,4,22,26,266
68633,141,2825,7,6,13,34,31,65,3,18,21,86
71518,141,2825,16,17,33,114,111,225,5,13,18,243
72746,141,2825,4,4,8,15,11,26,0,0,0,26
73175,141,2825,6,6,12,9,16,25,1,2,3,28
73303,141,2825,15,16,31,298,273,571,5,5,10,581
75178,141,2825,2,1,3,4,3,7,1,0,1,8
76313,141,2825,16,15,31,180,80,260,2,9,11,271
77023,141,2825,14,17,31,108,105,213,6,14,20,233
78911,141,2825,6,5,11,64,5,69,0,7,7,76
82282,141,2825,8,7,15,48,59,107,1,6,7,114
83568,141,2825,19,16,35,117,82,199,7,8,15,214
85596,141,2825,30,30,60,440,393,833,4,9,13,846
85970,141,2825,24,25,49,135,130,265,6,11,17,282
86009,141,2825,12,12,24,229,208,437,3,14,17,454
86727,141,2825,8,7,15,320,252,572,1,0,1,573
89827,141,2825,6,7,13,30,17,47,2,5,7,54
90289,141,2825,25,30,55,156,130,286,12,29,41,327
91064,141,2825,21,22,43,176,127,303,5,8,13,316
91423,141,2825,13,14,27,150,179,329,2,10,12,341
92220,141,2825,15,16,31,121,95,216,7,29,36,252
92699,141,2825,19,18,37,124,95,219,5,7,12,231
95014,141,2825,4,7,11,46,42,88,8,23,31,119
95798,141,2825,6,7,13,11,12,23,1,5,6,29
96492,141,2825,18,19,37,80,92,172,8,10,18,190
96510,141,2825,7,8,15,57,51,108,2,6,8,116
98326,141,2825,25,27,52,204,180,384,9,31,40,424
98436,141,2825,14,14,28,134,123,257,4,7,11,268
98453,141,2825,17,16,33,249,225,474,8,7,15,489
99367,141,2825,5,5,10,77,74,151,0,0,0,151
99695,141,2825,22,25,47,122,120,242,4,9,13,255
99749,141,2825,7,5,12,77,34,111,3,2,5,116
99856,141,2825,11,13,24,120,104,224,13,57,70,294
99893,141,2825,11,11,22,138,130,268,20,38,58,326
10841,142,2826,10,13,23,50,43,93,5,16,21,114
13882,142,2826,18,19,37,71,87,158,6,9,15,173
15071,142,2826,8,7,15,126,124,250,9,2,11,261
15776,142,2826,14,15,29,143,85,228,10,9,19,247
16933,142,2826,1,0,1,1,0,1,0,0,0,1
17353,142,2826,9,7,16,70,74,144,9,22,31,175
23040,142,2826,17,18,35,320,266,586,0,5,5,591
23144,142,2826,17,16,33,88,76,164,0,0,0,164
25544,142,2826,41,47,88,311,267,578,5,59,64,642
26127,142,2826,11,12,23,23,26,49,7,30,37,86
26425,142,2826,12,13,25,139,140,279,5,8,13,292
28831,142,2826,23,27,50,439,408,847,10,30,40,887
30076,142,2826,20,24,44,61,69,130,3,12,15,145
31372,142,2826,4,7,11,100,100,200,2,8,10,210
32899,142,2826,11,8,19,21,18,39,10,13,23,62
35227,142,2826,32,33,65,261,249,510,6,25,31,541
36006,142,2826,6,5,11,21,22,43,5,1,6,49
38823,142,2826,2,2,4,4,2,6,0,0,0,6
41393,142,2826,13,13,26,36,21,57,2,6,8,65
45539,142,2826,18,13,31,100,57,157,11,5,16,173
45945,142,2826,8,12,20,82,72,154,7,8,15,169
46160,142,2826,15,16,31,71,77,148,3,11,14,162
46654,142,2826,19,19,38,276,255,531,36,66,102,633
48187,142,2826,22,19,41,383,281,664,12,31,43,707
49294,142,2826,5,6,11,140,131,271,5,8,13,284
50181,142,2826,18,14,32,63,47,110,16,23,39,149
50709,142,2826,15,20,35,142,143,285,2,19,21,306
50869,142,2826,16,15,31,103,84,187,7,1,8,195
51597,142,2826,26,31,57,189,160,349,11,25,36,385
52067,142,2826,14,15,29,243,225,468,21,16,37,505
53275,142,2826,14,19,33,88,104,192,3,8,11,203
53884,142,2826,12,12,24,107,53,160,2,3,5,165
57637,142,2826,12,13,25,65,76,141,9,19,28,169
58909,142,2826,6,5,11,61,48,109,1,0,1,110
59367,142,2826,13,13,26,80,58,138,5,16,21,159
63063,142,2826,21,23,44,126,85,211,5,19,24,235
63188,142,2826,31,32,63,154,115,269,2,6,8,277
66245,142,2826,25,30,55,200,183,383,13,19,32,415
66404,142,2826,26,26,52,165,164,329,5,6,11,340
68533,142,2826,39,39,78,168,134,302,21,45,66,368
68633,142,2826,7,6,13,52,64,116,11,12,23,139
71518,142,2826,16,14,30,138,125,263,11,12,23,286
72746,142,2826,5,5,10,11,14,25,3,1,4,29
73175,142,2826,10,7,17,46,46,92,0,0,0,92
73303,142,2826,18,17,35,359,337,696,11,10,21,717
75178,142,2826,11,7,18,36,18,54,4,8,12,66
76313,142,2826,16,20,36,166,107,273,10,10,20,293
77023,142,2826,17,19,36,119,116,235,19,35,54,289
78911,142,2826,11,9,20,91,12,103,2,6,8,111
82282,142,2826,5,6,11,32,43,75,1,4,5,80
83568,142,2826,23,21,44,134,101,235,9,17,26,261
85596,142,2826,29,34,63,390,373,763,3,10,13,776
85970,142,2826,22,20,42,97,89,186,2,2,4,190
86009,142,2826,12,11,23,225,182,407,5,24,29,436
86727,142,2826,8,8,16,421,314,735,2,1,3,738
89827,142,2826,11,9,20,56,30,86,3,15,18,104
90289,142,2826,22,24,46,274,256,530,12,31,43,573
91064,142,2826,20,19,39,108,81,189,13,17,30,219
91423,142,2826,12,14,26,145,158,303,7,6,13,316
92220,142,2826,20,18,38,125,112,237,18,42,60,297
92699,142,2826,13,15,28,52,56,108,5,5,10,118
93418,142,2826,2,6,8,0,0,0,4,25,29,29
95014,142,2826,4,4,8,40,31,71,9,15,24,95
95798,142,2826,9,12,21,76,84,160,1,6,7,167
96492,142,2826,23,31,54,96,96,192,9,30,39,231
96510,142,2826,10,8,18,46,39,85,10,17,27,112
98326,142,2826,19,23,42,139,134,273,11,34,45,318
98436,142,2826,16,16,32,135,108,243,8,14,22,265
98453,142,2826,22,22,44,207,186,393,6,23,29,422
99367,142,2826,7,7,14,100,107,207,0,0,0,207
99695,142,2826,24,23,47,209,184,393,5,7,12,405
99749,142,2826,8,7,15,29,19,48,6,5,11,59
99856,142,2826,11,11,22,111,104,215,20,20,40,255
99893,142,2826,17,15,32,204,180,384,15,29,44,428
10841,143,2827,9,11,20,47,43,90,8,10,18,108
11360,143,2827,3,5,8,85,85,170,11,30,41,211
13882,143,2827,23,28,51,239,250,489,7,13,20,509
15071,143,2827,3,4,7,19,20,39,3,1,4,43
15776,143,2827,10,11,21,118,86,204,5,8,13,217
23144,143,2827,6,6,12,12,9,21,3,4,7,28
25544,143,2827,21,29,50,115,98,213,3,21,24,237
26127,143,2827,11,11,22,66,68,134,17,23,40,174
26425,143,2827,5,8,13,21,26,47,4,8,12,59
31372,143,2827,5,5,10,139,151,290,2,5,7,297
32899,143,2827,3,2,5,4,4,8,3,2,5,13
35227,143,2827,18,16,34,55,28,83,5,16,21,104
36006,143,2827,5,5,10,33,29,62,2,3,5,67
44520,143,2827,1,0,1,0,0,0,2,0,2,2
45539,143,2827,14,11,25,77,52,129,7,8,15,144
45945,143,2827,10,10,20,81,67,148,8,7,15,163
46160,143,2827,12,13,25,65,56,121,1,4,5,126
46654,143,2827,16,17,33,206,191,397,42,62,104,501
48187,143,2827,17,11,28,351,270,621,13,21,34,655
49294,143,2827,5,5,10,126,114,240,1,5,6,246
50181,143,2827,14,13,27,32,27,59,6,7,13,72
51597,143,2827,29,31,60,190,169,359,5,19,24,383
52067,143,2827,5,5,10,138,127,265,3,4,7,272
53275,143,2827,5,10,15,13,18,31,3,14,17,48
53884,143,2827,7,6,13,46,37,83,2,2,4,87
57637,143,2827,6,6,12,190,130,320,4,13,17,337
59367,143,2827,8,8,16,26,21,47,3,6,9,56
63063,143,2827,23,28,51,181,153,334,11,34,45,379
63188,143,2827,1,1,2,2,2,4,0,0,0,4
66052,143,2827,1,0,1,1,0,1,0,0,0,1
66245,143,2827,21,23,44,242,212,454,12,12,24,478
66404,143,2827,15,16,31,86,93,179,0,2,2,181
68533,143,2827,33,38,71,178,153,331,11,33,44,375
68633,143,2827,8,9,17,21,29,50,12,29,41,91
71518,143,2827,4,3,7,10,6,16,0,3,3,19
72746,143,2827,6,6,12,16,12,28,3,2,5,33
73175,143,2827,5,6,11,9,13,22,1,2,3,25
73303,143,2827,9,9,18,255,230,485,1,2,3,488
76313,143,2827,15,19,34,157,163,320,4,12,16,336
77023,143,2827,10,12,22,48,43,91,13,19,32,123
78911,143,2827,14,14,28,61,50,111,10,35,45,156
82282,143,2827,8,11,19,23,28,51,4,12,16,67
83568,143,2827,20,13,33,116,59,175,15,11,26,201
85596,143,2827,24,25,49,399,267,666,3,21,24,690
85970,143,2827,13,14,27,82,73,155,1,7,8,163
86009,143,2827,11,11,22,159,127,286,7,27,34,320
86727,143,2827,4,3,7,256,173,429,0,0,0,429
89827,143,2827,6,7,13,21,13,34,2,7,9,43
90289,143,2827,16,17,33,60,50,110,11,19,30,140
91064,143,2827,8,7,15,23,22,45,3,3,6,51
91423,143,2827,13,13,26,142,166,308,5,10,15,323
92220,143,2827,14,17,31,108,95,203,7,25,32,235
92699,143,2827,17,19,36,76,66,142,12,16,28,170
93418,143,2827,1,2,3,0,0,0,2,6,8,8
95014,143,2827,4,5,9,16,16,32,7,6,13,45
95798,143,2827,10,8,18,97,80,177,1,5,6,183
96492,143,2827,10,14,24,85,102,187,9,8,17,204
96510,143,2827,3,6,9,13,10,23,0,6,6,29
98326,143,2827,9,12,21,81,88,169,1,9,10,179
98436,143,2827,9,8,17,86,89,175,0,4,4,179
98453,143,2827,21,22,43,151,152,303,9,17,26,329
99367,143,2827,2,2,4,11,11,22,0,0,0,22
99695,143,2827,20,19,39,145,105,250,0,0,0,250
99749,143,2827,6,6,12,13,10,23,8,13,21,44
99856,143,2827,8,8,16,72,60,132,8,19,27,159
99893,143,2827,11,13,24,157,130,287,19,30,49,336
10841,144,2828,12,11,23,73,65,138,6,14,20,158
11360,144,2828,3,5,8,182,182,364,3,6,9,373
13882,144,2828,20,20,40,202,206,408,4,7,11,419
15776,144,2828,11,12,23,84,57,141,3,5,8,149
23144,144,2828,8,10,18,53,46,99,3,8,11,110
25544,144,2828,8,7,15,51,33,84,0,0,0,84
26127,144,2828,5,6,11,28,22,50,5,2,7,57
26425,144,2828,4,5,9,56,47,103,5,10,15,118
28831,144,2828,5,3,8,57,14,71,0,0,0,71
31372,144,2828,6,4,10,22,20,42,6,3,9,51
35227,144,2828,17,15,32,106,93,199,8,19,27,226
36006,144,2828,4,5,9,40,33,73,2,3,5,78
44520,144,2828,1,2,3,1,0,1,8,4,12,13
45539,144,2828,14,5,19,66,43,109,6,1,7,116
45945,144,2828,6,6,12,50,26,76,2,4,6,82
46160,144,2828,3,4,7,16,16,32,0,1,1,33
46654,144,2828,11,15,26,125,105,230,30,45,75,305
48187,144,2828,16,10,26,400,354,754,4,7,11,765
49294,144,2828,4,7,11,130,132,262,2,8,10,272
50181,144,2828,9,6,15,14,9,23,3,3,6,29
51597,144,2828,10,10,20,77,61,138,0,3,3,141
53275,144,2828,8,12,20,21,22,43,5,8,13,56
53884,144,2828,7,7,14,58,39,97,1,0,1,98
57637,144,2828,7,6,13,39,50,89,6,8,14,103
59367,144,2828,6,6,12,21,13,34,0,3,3,37
63063,144,2828,25,25,50,201,171,372,11,15,26,398
66245,144,2828,17,17,34,128,133,261,11,17,28,289
66404,144,2828,18,21,39,153,132,285,5,5,10,295
66754,144,2828,1,0,1,1,0,1,0,0,0,1
68533,144,2828,24,28,52,154,143,297,11,19,30,327
68633,144,2828,2,6,8,44,34,78,1,6,7,85
71518,144,2828,2,3,5,3,3,6,1,1,2,8
72746,144,2828,4,5,9,10,11,21,0,2,2,23
73175,144,2828,4,3,7,23,25,48,1,0,1,49
73303,144,2828,9,11,20,146,138,284,0,4,4,288
76313,144,2828,24,27,51,291,295,586,1,5,6,592
77023,144,2828,10,10,20,41,39,80,20,23,43,123
82282,144,2828,5,6,11,27,32,59,2,11,13,72
83568,144,2828,14,17,31,107,68,175,11,13,24,199
85596,144,2828,18,21,39,165,137,302,1,4,5,307
85970,144,2828,21,22,43,125,107,232,5,14,19,251
86009,144,2828,12,12,24,264,224,488,3,23,26,514
86727,144,2828,8,8,16,687,503,1190,0,2,2,1192
89827,144,2828,7,8,15,26,20,46,6,6,12,58
90289,144,2828,22,25,47,293,285,578,17,23,40,618
91423,144,2828,12,14,26,149,165,314,6,4,10,324
92070,144,2828,10,8,18,133,115,248,3,3,6,254
92220,144,2828,15,17,32,175,135,310,9,14,23,333
92699,144,2828,12,11,23,25,19,44,8,9,17,61
93418,144,2828,3,9,12,13,16,29,1,20,21,50
95014,144,2828,3,6,9,24,31,55,6,8,14,69
95798,144,2828,12,11,23,37,38,75,2,1,3,78
96492,144,2828,9,13,22,45,39,84,8,26,34,118
96510,144,2828,5,3,8,24,20,44,0,5,5,49
98326,144,2828,11,10,21,148,149,297,0,5,5,302
98436,144,2828,11,12,23,52,49,101,1,8,9,110
98453,144,2828,12,14,26,144,112,256,4,23,27,283
99367,144,2828,4,3,7,65,57,122,0,0,0,122
99695,144,2828,11,11,22,135,122,257,0,0,0,257
99856,144,2828,6,5,11,27,21,48,5,6,11,59
99893,144,2828,14,12,26,275,272,547,23,34,57,604
10841,145,2829,9,12,21,64,66,130,3,22,25,155
11360,145,2829,4,5,9,99,99,198,9,9,18,216
13882,145,2829,6,8,14,87,77,164,0,1,1,165
15776,145,2829,9,9,18,84,54,138,3,6,9,147
23144,145,2829,6,6,12,12,15,27,2,5,7,34
25544,145,2829,20,22,42,108,87,195,0,0,0,195
26127,145,2829,13,10,23,36,40,76,16,13,29,105
26425,145,2829,12,11,23,87,103,190,5,16,21,211
28831,145,2829,12,13,25,117,91,208,2,4,6,214
31372,145,2829,3,4,7,10,7,17,0,1,1,18
35227,145,2829,34,31,65,270,211,481,7,18,25,506
36006,145,2829,4,2,6,19,17,36,2,0,2,38
45539,145,2829,11,10,21,77,58,135,4,3,7,142
45945,145,2829,4,4,8,43,36,79,3,1,4,83
46654,145,2829,11,12,23,214,196,410,26,53,79,489
48187,145,2829,8,9,17,289,269,558,9,10,19,577
49294,145,2829,4,4,8,185,183,368,3,1,4,372
50181,145,2829,5,4,9,4,2,6,4,10,14,20
51597,145,2829,10,14,24,123,80,203,0,6,6,209
53884,145,2829,6,6,12,70,48,118,0,0,0,118
57637,145,2829,7,7,14,49,50,99,8,9,17,116
60830,145,2829,5,5,10,7,15,22,3,9,12,34
63063,145,2829,11,16,27,99,85,184,4,10,14,198
66245,145,2829,17,19,36,169,160,329,4,11,15,344
66404,145,2829,8,8,16,48,36,84,1,0,1,85
68533,145,2829,27,45,72,159,109,268,13,40,53,321
68633,145,2829,5,9,14,53,43,96,1,7,8,104
71518,145,2829,9,7,16,45,40,85,9,6,15,100
73175,145,2829,7,8,15,38,45,83,2,8,10,93
73303,145,2829,10,10,20,179,134,313,4,7,11,324
76313,145,2829,12,10,22,102,90,192,0,1,1,193
77023,145,2829,5,8,13,1,4,5,12,41,53,58
78911,145,2829,42,9,51,51,8,59,1,7,8,67
82282,145,2829,4,7,11,42,42,84,1,10,11,95
83568,145,2829,14,11,25,75,41,116,1,7,8,124
85970,145,2829,16,16,32,105,87,192,8,18,26,218
86009,145,2829,21,26,47,102,115,217,19,59,78,295
86727,145,2829,10,10,20,316,179,495,2,7,9,504
89827,145,2829,5,5,10,34,22,56,3,2,5,61
90289,145,2829,19,20,39,116,88,204,7,27,34,238
91423,145,2829,12,13,25,97,115,212,3,5,8,220
92070,145,2829,8,9,17,103,122,225,2,5,7,232
92220,145,2829,16,20,36,341,288,629,6,20,26,655
92699,145,2829,11,14,25,57,42,99,3,16,19,118
93418,145,2829,5,8,13,42,43,85,5,20,25,110
95014,145,2829,6,6,12,38,33,71,19,14,33,104
95798,145,2829,9,8,17,80,68,148,2,2,4,152
96492,145,2829,13,13,26,29,28,57,15,16,31,88
96510,145,2829,4,5,9,2,3,5,2,33,35,40
98326,145,2829,13,9,22,105,86,191,0,1,1,192
98436,145,2829,7,6,13,22,15,37,0,1,1,38
98453,145,2829,7,7,14,79,79,158,3,14,17,175
99367,145,2829,9,8,17,112,120,232,0,0,0,232
99695,145,2829,17,17,34,177,171,348,0,0,0,348
99856,145,2829,6,5,11,50,43,93,8,13,21,114
10841,146,2830,13,11,24,83,80,163,8,10,18,181
11360,146,2830,6,7,13,108,108,216,7,18,25,241
13882,146,2830,13,11,24,100,96,196,4,2,6,202
15776,146,2830,13,13,26,68,48,116,6,3,9,125
23144,146,2830,1,5,6,6,6,12,0,7,7,19
25544,146,2830,26,30,56,137,99,236,1,5,6,242
26127,146,2830,7,6,13,35,31,66,0,0,0,66
26425,146,2830,7,7,14,221,239,460,3,6,9,469
28831,146,2830,19,18,37,111,81,192,3,15,18,210
31372,146,2830,7,9,16,104,103,207,1,9,10,217
35227,146,2830,18,18,36,130,101,231,3,16,19,250
36006,146,2830,4,3,7,20,15,35,1,0,1,36
45539,146,2830,11,7,18,73,50,123,5,1,6,129
45945,146,2830,7,7,14,82,68,150,2,2,4,154
46654,146,2830,15,16,31,385,350,735,14,58,72,807
48187,146,2830,15,10,25,394,321,715,9,19,28,743
49294,146,2830,10,4,14,112,116,228,3,0,3,231
50181,146,2830,11,10,21,38,27,65,13,17,30,95
51597,146,2830,14,17,31,108,68,176,0,10,10,186
53884,146,2830,4,4,8,54,39,93,0,1,1,94
57637,146,2830,6,11,17,217,180,397,6,14,20,417
60830,146,2830,7,3,10,35,39,74,9,5,14,88
66245,146,2830,16,20,36,128,123,251,8,19,27,278
66404,146,2830,18,15,33,119,112,231,3,2,5,236
68533,146,2830,31,45,76,111,81,192,19,56,75,267
68633,146,2830,8,8,16,41,30,71,3,13,16,87
71518,146,2830,7,8,15,371,63,434,6,6,12,446
73175,146,2830,8,8,16,63,59,122,0,7,7,129
73303,146,2830,10,9,19,184,149,333,5,0,5,338
76313,146,2830,17,17,34,115,99,214,0,2,2,216
78911,146,2830,5,2,7,6,1,7,0,11,11,18
82282,146,2830,3,10,13,9,10,19,0,17,17,36
83568,146,2830,16,16,32,69,38,107,2,17,19,126
85970,146,2830,16,17,33,154,100,254,2,24,26,280
86009,146,2830,14,8,22,42,35,77,4,10,14,91
86727,146,2830,1,1,2,33,27,60,0,0,0,60
89827,146,2830,6,8,14,13,7,20,2,11,13,33
90289,146,2830,20,24,44,106,95,201,11,21,32,233
91423,146,2830,11,14,25,132,163,295,0,8,8,303
92070,146,2830,5,8,13,128,142,270,3,6,9,279
92220,146,2830,9,10,19,75,51,126,3,8,11,137
92699,146,2830,12,13,25,53,37,90,13,21,34,124
93418,146,2830,4,6,10,24,24,48,5,9,14,62
95014,146,2830,8,10,18,62,75,137,12,18,30,167
95798,146,2830,10,9,19,56,51,107,1,3,4,111
96492,146,2830,13,13,26,39,32,71,7,14,21,92
96510,146,2830,3,1,4,3,1,4,0,0,0,4
98326,146,2830,17,15,32,223,245,468,3,7,10,478
98436,146,2830,10,13,23,65,57,122,2,9,11,133
98453,146,2830,12,11,23,123,110,233,6,15,21,254
99695,146,2830,12,13,25,165,110,275,0,0,0,275
99856,146,2830,7,7,14,265,289,554,5,21,26,580
10841,147,2831,3,2,5,20,14,34,0,0,0,34
11360,147,2831,2,8,10,140,141,281,1,11,12,293
13882,147,2831,8,11,19,49,56,105,0,5,5,110
15776,147,2831,16,23,39,99,79,178,3,20,23,201
23144,147,2831,2,3,5,8,7,15,0,2,2,17
25544,147,2831,20,32,52,151,106,257,3,26,29,286
26127,147,2831,10,11,21,37,31,68,0,0,0,68
28831,147,2831,12,10,22,135,89,224,4,5,9,233
31372,147,2831,3,6,9,43,42,85,0,5,5,90
35227,147,2831,14,13,27,82,72,154,0,14,14,168
36006,147,2831,5,4,9,21,22,43,9,4,13,56
45539,147,2831,12,10,22,84,54,138,3,3,6,144
45945,147,2831,7,8,15,60,54,114,0,1,1,115
46160,147,2831,1,2,3,2,4,6,0,0,0,6
46654,147,2831,17,20,37,244,212,456,27,50,77,533
48187,147,2831,17,8,25,554,472,1026,12,14,26,1052
49294,147,2831,4,6,10,155,148,303,1,1,2,305
50181,147,2831,11,9,20,24,17,41,10,9,19,60
51597,147,2831,15,15,30,76,46,122,6,10,16,138
53884,147,2831,6,7,13,41,34,75,1,3,4,79
57637,147,2831,2,3,5,19,27,46,1,0,1,47
60830,147,2831,5,5,10,47,60,107,7,7,14,121
66404,147,2831,15,16,31,184,160,344,4,5,9,353
68533,147,2831,25,29,54,102,73,175,10,37,47,222
68633,147,2831,7,7,14,109,86,195,7,16,23,218
71518,147,2831,12,13,25,653,73,726,1,10,11,737
73175,147,2831,6,9,15,31,31,62,2,7,9,71
73303,147,2831,6,8,14,90,79,169,2,2,4,173
76313,147,2831,19,21,40,262,233,495,1,6,7,502
78911,147,2831,19,10,29,35,20,55,2,21,23,78
82282,147,2831,7,18,25,13,8,21,7,32,39,60
83568,147,2831,25,50,75,99,60,159,4,49,53,212
85970,147,2831,21,24,45,197,160,357,3,25,28,385
86009,147,2831,19,20,39,66,59,125,15,42,57,182
89827,147,2831,7,11,18,26,18,44,3,20,23,67
90289,147,2831,17,18,35,106,88,194,3,21,24,218
91423,147,2831,12,11,23,111,119,230,0,0,0,230
92070,147,2831,10,11,21,145,155,300,8,19,27,327
92220,147,2831,9,13,22,87,72,159,2,15,17,176
92699,147,2831,12,16,28,58,58,116,8,34,42,158
93418,147,2831,3,4,7,34,40,74,3,15,18,92
95014,147,2831,3,2,5,9,10,19,4,0,4,23
95798,147,2831,16,17,33,24,21,45,2,2,4,49
96492,147,2831,12,14,26,66,63,129,7,22,29,158
96510,147,2831,4,3,7,25,18,43,2,5,7,50
98326,147,2831,15,18,33,281,269,550,2,21,23,573
98453,147,2831,16,17,33,217,158,375,6,28,34,409
99695,147,2831,14,13,27,92,69,161,5,11,16,177
11360,148,2832,1,1,2,5,5,10,0,0,0,10
13882,148,2832,10,8,18,51,53,104,0,0,0,104
15776,148,2832,13,18,31,82,62,144,5,23,28,172
23144,148,2832,5,8,13,24,24,48,0,3,3,51
25544,148,2832,31,36,67,163,123,286,2,28,30,316
26127,148,2832,5,5,10,9,11,20,0,0,0,20
28831,148,2832,12,7,19,116,92,208,5,1,6,214
36006,148,2832,2,2,4,25,20,45,0,0,0,45
45539,148,2832,8,4,12,44,34,78,4,2,6,84
45945,148,2832,7,9,16,64,53,117,0,4,4,121
46160,148,2832,4,4,8,20,23,43,0,1,1,44
46654,148,2832,17,20,37,256,224,480,37,84,121,601
48187,148,2832,16,11,27,490,394,884,10,20,30,914
50181,148,2832,8,5,13,18,11,29,3,8,11,40
51597,148,2832,14,23,37,106,78,184,1,8,9,193
53884,148,2832,6,6,12,37,33,70,0,0,0,70
60830,148,2832,6,10,16,46,45,91,6,14,20,111
66404,148,2832,23,22,45,204,190,394,4,3,7,401
68533,148,2832,30,36,66,134,100,234,7,34,41,275
68633,148,2832,6,7,13,45,29,74,4,23,27,101
71518,148,2832,12,11,23,624,86,710,7,5,12,722
73175,148,2832,5,11,16,34,28,62,1,13,14,76
73303,148,2832,9,12,21,99,85,184,3,10,13,197
76313,148,2832,21,27,48,221,242,463,0,10,10,473
78911,148,2832,6,1,7,12,5,17,0,1,1,18
82282,148,2832,5,8,13,12,6,18,3,15,18,36
83568,148,2832,21,17,38,82,55,137,5,14,19,156
85970,148,2832,25,26,51,557,464,1021,6,21,27,1048
86009,148,2832,20,20,40,172,200,372,9,31,40,412
89827,148,2832,6,6,12,36,24,60,7,6,13,73
90289,148,2832,18,24,42,75,65,140,13,31,44,184
90844,148,2832,1,0,1,7,0,7,0,0,0,7
91423,148,2832,14,13,27,142,168,310,0,0,0,310
92070,148,2832,10,11,21,178,163,341,4,8,12,353
92220,148,2832,8,11,19,135,107,242,2,17,19,261
92699,148,2832,15,13,28,60,45,105,6,19,25,130
93418,148,2832,3,6,9,0,0,0,5,14,19,19
95798,148,2832,4,4,8,15,11,26,0,1,1,27
96492,148,2832,9,16,25,63,75,138,6,21,27,165
96510,148,2832,5,4,9,27,34,61,3,11,14,75
98326,148,2832,15,19,34,227,211,438,7,34,41,479
98453,148,2832,8,10,18,209,164,373,5,6,11,384
99695,148,2832,9,8,17,35,31,66,1,5,6,72
11360,149,2833,4,6,10,183,183,366,5,18,23,389
13882,149,2833,13,15,28,81,96,177,0,6,6,183
15776,149,2833,18,30,48,104,85,189,1,28,29,218
23144,149,2833,8,11,19,34,38,72,0,14,14,86
25544,149,2833,10,12,22,49,31,80,0,0,0,80
26127,149,2833,8,8,16,77,71,148,0,0,0,148
28831,149,2833,19,11,30,147,105,252,10,4,14,266
36006,149,2833,1,1,2,1,1,2,0,0,0,2
45539,149,2833,11,6,17,49,32,81,4,1,5,86
45945,149,2833,11,12,23,99,83,182,4,5,9,191
46160,149,2833,3,2,5,13,11,24,2,1,3,27
46654,149,2833,16,15,31,97,81,178,33,60,93,271
48187,149,2833,15,9,24,259,192,451,6,14,20,471
51597,149,2833,14,17,31,80,26,106,5,21,26,132
53884,149,2833,8,6,14,46,33,79,0,1,1,80
60830,149,2833,8,6,14,23,25,48,6,5,11,59
66404,149,2833,27,27,54,206,163,369,8,8,16,385
68533,149,2833,26,34,60,104,97,201,7,30,37,238
68633,149,2833,6,5,11,60,44,104,5,7,12,116
71518,149,2833,17,18,35,772,94,866,2,7,9,875
73175,149,2833,13,7,20,109,102,211,4,8,12,223
73303,149,2833,18,18,36,125,114,239,0,8,8,247
76313,149,2833,16,17,33,137,116,253,2,0,2,255
78911,149,2833,6,2,8,21,10,31,0,0,0,31
82282,149,2833,5,7,12,9,4,13,1,11,12,25
83568,149,2833,21,61,82,128,100,228,4,65,69,297
85970,149,2833,20,21,41,140,125,265,7,25,32,297
86009,149,2833,12,13,25,67,54,121,10,16,26,147
89827,149,2833,6,3,9,21,6,27,3,2,5,32
90289,149,2833,18,18,36,108,82,190,10,20,30,220
91423,149,2833,15,11,26,116,117,233,0,0,0,233
92070,149,2833,6,9,15,101,95,196,7,10,17,213
92220,149,2833,12,12,24,66,54,120,6,20,26,146
92699,149,2833,11,11,22,55,39,94,4,14,18,112
93418,149,2833,6,6,12,4,4,8,3,24,27,35
96492,149,2833,5,7,12,20,23,43,2,4,6,49
96510,149,2833,5,5,10,55,48,103,2,6,8,111
98326,149,2833,16,18,34,180,185,365,5,19,24,389
98453,149,2833,10,16,26,275,205,480,5,13,18,498
11360,150,2834,3,6,9,49,49,98,4,10,14,112
13882,150,2834,9,12,21,87,92,179,0,4,4,183
15776,150,2834,7,14,21,102,74,176,9,38,47,223
23144,150,2834,12,13,25,27,25,52,2,8,10,62
26127,150,2834,9,10,19,43,44,87,0,0,0,87
28831,150,2834,13,15,28,113,74,187,3,6,9,196
45539,150,2834,9,7,16,60,38,98,1,0,1,99
45945,150,2834,8,9,17,91,79,170,0,4,4,174
46654,150,2834,14,15,29,105,79,184,32,48,80,264
48187,150,2834,12,7,19,199,145,344,7,12,19,363
51597,150,2834,17,22,39,101,66,167,4,13,17,184
53884,150,2834,8,8,16,48,38,86,2,4,6,92
60830,150,2834,5,8,13,3,5,8,7,10,17,25
66404,150,2834,23,23,46,177,178,355,5,5,10,365
68533,150,2834,26,30,56,117,82,199,15,43,58,257
68633,150,2834,4,3,7,4,3,7,2,4,6,13
71518,150,2834,10,13,23,409,80,489,6,19,25,514
73175,150,2834,15,11,26,89,71,160,7,5,12,172
73303,150,2834,15,17,32,224,228,452,0,5,5,457
76313,150,2834,19,20,39,301,278,579,0,9,9,588
78911,150,2834,6,6,12,7,3,10,1,8,9,19
82282,150,2834,4,4,8,32,31,63,1,2,3,66
83568,150,2834,20,46,66,95,74,169,5,44,49,218
85970,150,2834,21,23,44,121,114,235,14,33,47,282
86009,150,2834,14,15,29,68,71,139,10,24,34,173
89827,150,2834,8,5,13,31,20,51,3,4,7,58
90289,150,2834,10,12,22,167,143,310,3,32,35,345
91423,150,2834,12,11,23,199,208,407,0,3,3,410
92070,150,2834,9,9,18,112,115,227,2,0,2,229
92220,150,2834,14,17,31,105,92,197,5,18,23,220
92699,150,2834,15,14,29,116,100,216,8,22,30,246
93418,150,2834,2,5,7,1,2,3,1,10,11,14
96510,150,2834,5,5,10,22,25,47,2,5,7,54
98326,150,2834,10,11,21,51,61,112,6,22,28,140
98453,150,2834,9,7,16,181,116,297,2,8,10,307
11360,151,2835,2,8,10,125,125,250,1,17,18,268
13882,151,2835,11,15,26,85,73,158,1,6,7,165
15776,151,2835,8,13,21,81,57,138,7,24,31,169
23144,151,2835,12,15,27,52,36,88,1,8,9,97
26127,151,2835,5,5,10,12,15,27,0,0,0,27
28831,151,2835,14,9,23,105,86,191,7,6,13,204
45539,151,2835,11,6,17,52,24,76,4,2,6,82
45945,151,2835,11,11,22,172,124,296,0,0,0,296
46160,151,2835,3,3,6,32,30,62,0,3,3,65
46654,151,2835,14,15,29,99,87,186,38,60,98,284
48187,151,2835,22,13,35,314,190,504,10,21,31,535
51597,151,2835,13,14,27,82,47,129,0,4,4,133
53884,151,2835,8,9,17,59,68,127,0,2,2,129
60830,151,2835,4,4,8,2,3,5,3,3,6,11
66404,151,2835,22,24,46,165,150,315,4,5,9,324
68533,151,2835,23,23,46,160,99,259,8,26,34,293
68633,151,2835,5,7,12,19,10,29,1,26,27,56
71518,151,2835,9,14,23,51,62,113,5,17,22,135
73175,151,2835,5,5,10,28,25,53,1,4,5,58
73303,151,2835,9,12,21,78,74,152,0,4,4,156
76313,151,2835,18,21,39,209,239,448,7,25,32,480
78911,151,2835,10,6,16,21,9,30,1,10,11,41
82282,151,2835,4,7,11,52,51,103,1,4,5,108
83568,151,2835,17,16,33,111,99,210,0,2,2,212
85970,151,2835,22,24,46,162,148,310,7,21,28,338
86009,151,2835,11,10,21,71,66,137,3,5,8,145
89827,151,2835,4,2,6,6,3,9,1,4,5,14
90289,151,2835,16,18,34,85,67,152,4,16,20,172
90844,151,2835,0,1,1,0,3,3,0,0,0,3
91423,151,2835,17,16,33,204,245,449,2,2,4,453
92070,151,2835,8,12,20,122,132,254,3,7,10,264
92220,151,2835,13,15,28,141,123,264,4,13,17,281
92699,151,2835,12,11,23,39,36,75,6,14,20,95
93418,151,2835,2,3,5,19,17,36,0,2,2,38
96510,151,2835,5,6,11,15,12,27,1,3,4,31
98326,151,2835,9,12,21,84,91,175,3,11,14,189
98453,151,2835,12,12,24,189,170,359,1,14,15,374
11360,152,2836,1,3,4,2,2,4,0,2,2,6
13882,152,2836,9,13,22,123,103,226,2,8,10,236
15776,152,2836,15,18,33,104,69,173,8,22,30,203
23144,152,2836,14,29,43,67,54,121,3,33,36,157
26127,152,2836,5,6,11,19,21,40,0,0,0,40
28831,152,2836,8,8,16,17,11,28,4,6,10,38
45539,152,2836,8,5,13,32,20,52,7,1,8,60
45945,152,2836,3,3,6,62,45,107,0,0,0,107
46160,152,2836,5,5,10,22,23,45,0,1,1,46
46654,152,2836,7,12,19,61,60,121,13,25,38,159
48187,152,2836,16,10,26,295,176,471,1,9,10,481
51597,152,2836,6,5,11,54,10,64,1,4,5,69
66404,152,2836,1,1,2,3,8,11,0,0,0,11
68533,152,2836,28,35,63,134,108,242,5,33,38,280
68633,152,2836,3,6,9,17,9,26,2,18,20,46
71518,152,2836,11,7,18,39,30,69,4,2,6,75
73303,152,2836,0,7,7,0,0,0,0,9,9,9
76313,152,2836,18,23,41,201,183,384,2,12,14,398
78911,152,2836,7,5,12,7,2,9,2,3,5,14
82282,152,2836,2,5,7,26,28,54,0,5,5,59
83568,152,2836,18,17,35,111,92,203,0,0,0,203
85970,152,2836,24,25,49,208,178,386,6,23,29,415
86009,152,2836,12,11,23,72,74,146,0,0,0,146
89827,152,2836,6,6,12,36,25,61,6,8,14,75
90289,152,2836,14,14,28,74,70,144,7,11,18,162
90844,152,2836,6,6,12,20,25,45,0,2,2,47
92070,152,2836,8,9,17,28,31,59,2,8,10,69
92220,152,2836,10,8,18,105,99,204,4,4,8,212
93418,152,2836,1,0,1,2,0,2,0,0,0,2
96510,152,2836,5,6,11,31,24,55,1,9,10,65
98326,152,2836,10,13,23,64,46,110,4,11,15,125
98453,152,2836,9,10,19,189,130,319,1,9,10,329
98639,152,2836,1,2,3,0,0,0,1,3,4,4
11360,153,2837,1,4,5,26,26,52,0,8,8,60
13882,153,2837,11,10,21,149,129,278,3,1,4,282
15776,153,2837,13,13,26,44,29,73,7,16,23,96
23144,153,2837,7,8,15,28,24,52,0,0,0,52
26127,153,2837,3,3,6,12,9,21,0,0,0,21
45539,153,2837,7,3,10,26,11,37,7,0,7,44
46160,153,2837,3,3,6,8,10,18,1,1,2,20
48187,153,2837,17,15,32,238,134,372,2,14,16,388
51597,153,2837,20,27,47,146,82,228,3,9,12,240
68533,153,2837,8,7,15,15,14,29,2,3,5,34
68633,153,2837,3,2,5,8,0,8,0,2,2,10
71518,153,2837,13,12,25,51,47,98,2,4,6,104
76313,153,2837,18,21,39,235,198,433,3,16,19,452
78911,153,2837,10,6,16,12,3,15,0,11,11,26
82282,153,2837,3,7,10,43,42,85,0,4,4,89
83568,153,2837,2,3,5,4,5,9,0,0,0,9
85970,153,2837,24,23,47,322,206,528,11,19,30,558
86009,153,2837,16,16,32,115,111,226,0,0,0,226
89827,153,2837,2,2,4,1,0,1,2,4,6,7
90289,153,2837,12,13,25,70,73,143,7,19,26,169
90844,153,2837,4,4,8,18,17,35,0,0,0,35
92070,153,2837,6,9,15,17,22,39,3,12,15,54
92220,153,2837,14,14,28,152,137,289,0,0,0,289
96510,153,2837,3,3,6,16,16,32,2,2,4,36
98453,153,2837,11,12,23,213,173,386,3,15,18,404
98639,153,2837,8,8,16,44,35,79,2,5,7,86
99893,153,2837,2,2,4,79,63,142,0,0,0,142
11360,154,2838,1,1,2,9,9,18,0,0,0,18
13882,154,2838,18,19,37,150,149,299,0,0,0,299
15776,154,2838,9,10,19,84,58,142,15,24,39,181
23144,154,2838,12,9,21,51,44,95,0,0,0,95
26127,154,2838,4,1,5,8,4,12,0,0,0,12
39783,154,2838,17,10,27,230,224,454,0,0,0,454
45539,154,2838,7,8,15,19,19,38,4,1,5,43
46160,154,2838,2,3,5,12,10,22,0,0,0,22
48187,154,2838,23,19,42,243,147,390,4,11,15,405
51597,154,2838,8,8,16,43,12,55,0,4,4,59
68633,154,2838,4,5,9,13,16,29,3,1,4,33
71518,154,2838,9,12,21,85,95,180,1,2,3,183
76313,154,2838,22,26,48,235,214,449,5,17,22,471
78911,154,2838,6,5,11,12,2,14,2,9,11,25
85970,154,2838,22,27,49,306,225,531,1,13,14,545
86009,154,2838,14,15,29,66,67,133,0,0,0,133
89827,154,2838,1,1,2,1,0,1,0,1,1,2
90289,154,2838,28,26,54,92,78,170,14,19,33,203
90844,154,2838,5,7,12,15,8,23,0,7,7,30
92070,154,2838,8,10,18,44,43,87,3,6,9,96
92220,154,2838,12,13,25,108,100,208,0,0,0,208
98453,154,2838,3,3,6,43,40,83,0,0,0,83
99893,154,2838,10,9,19,150,161,311,0,0,0,311
13882,155,2839,19,20,39,187,189,376,0,0,0,376
15776,155,2839,8,11,19,86,47,133,7,21,28,161
23144,155,2839,14,11,25,50,43,93,0,0,0,93
45539,155,2839,7,5,12,30,12,42,0,0,0,42
48187,155,2839,17,10,27,106,57,163,0,0,0,163
51597,155,2839,4,4,8,6,6,12,0,0,0,12
66245,155,2839,9,12,21,67,73,140,1,0,1,141
68633,155,2839,1,1,2,12,9,21,0,0,0,21
71518,155,2839,14,12,26,126,111,237,1,0,1,238
76313,155,2839,25,32,57,350,344,694,0,1,1,695
78911,155,2839,1,0,1,1,0,1,0,0,0,1
90844,155,2839,4,2,6,5,5,10,0,0,0,10
92070,155,2839,4,4,8,11,10,21,0,0,0,21
92220,155,2839,18,17,35,389,341,730,0,0,0,730
98453,155,2839,1,0,1,1,0,1,0,0,0,1
13882,156,2840,18,19,37,191,187,378,0,0,0,378
15776,156,2840,17,21,38,94,80,174,9,43,52,226
23144,156,2840,22,23,45,232,223,455,0,0,0,455
39783,156,2840,6,5,11,16,8,24,0,0,0,24
45539,156,2840,4,2,6,15,10,25,0,0,0,25
48187,156,2840,2,1,3,4,1,5,0,0,0,5
51597,156,2840,9,6,15,23,12,35,0,0,0,35
66245,156,2840,14,16,30,235,195,430,0,0,0,430
68633,156,2840,1,0,1,2,0,2,0,0,0,2
71518,156,2840,3,2,5,13,7,20,0,0,0,20
76313,156,2840,14,13,27,124,116,240,0,0,0,240
78911,156,2840,1,1,2,6,3,9,0,0,0,9
89827,156,2840,1,1,2,1,1,2,0,0,0,2
90844,156,2840,8,7,15,88,71,159,0,0,0,159
92070,156,2840,3,3,6,17,15,32,0,0,0,32
92220,156,2840,5,6,11,39,38,77,0,0,0,77
96510,156,2840,1,1,2,1,1,2,0,0,0,2
98453,156,2840,9,9,18,172,111,283,0,0,0,283
13882,157,2841,17,16,33,107,102,209,0,1,1,210
15776,157,2841,6,6,12,9,9,18,3,3,6,24
23144,157,2841,7,7,14,15,19,34,0,1,1,35
45539,157,2841,2,2,4,2,2,4,0,0,0,4
51597,157,2841,10,8,18,28,11,39,0,4,4,43
66245,157,2841,2,1,3,3,1,4,0,0,0,4
71518,157,2841,6,3,9,28,19,47,2,0,2,49
75178,157,2841,1,1,2,4,3,7,0,0,0,7
76313,157,2841,17,14,31,64,58,122,0,0,0,122
78911,157,2841,4,3,7,12,14,26,0,0,0,26
82282,157,2841,2,1,3,3,1,4,0,0,0,4
89827,157,2841,3,1,4,6,4,10,1,0,1,11
90844,157,2841,2,2,4,9,8,17,0,0,0,17
96510,157,2841,5,4,9,8,7,15,0,3,3,18
98453,157,2841,17,18,35,164,146,310,1,1,2,312
