egoid,study_week,year,iso_week,total_contacts_in_phone,study_peers_saved,external_contacts_saved,new_contacts_added,cumulative_contacts_observed
14106,37,2012,18,1,0,1,1,1
19066,37,2012,18,1,0,1,1,1
24760,37,2012,18,1,0,1,1,1
35227,37,2012,18,115,3,112,115,115
37617,37,2012,18,1,0,1,1,1
39122,37,2012,18,1,0,1,1,1
40997,37,2012,18,1,0,1,1,1
44956,37,2012,18,1,0,1,1,1
46021,37,2012,18,1,0,1,1,1
46771,37,2012,18,1,0,1,1,1
48187,37,2012,18,1,0,1,1,1
51102,37,2012,18,2,0,2,2,2
52615,37,2012,18,17,0,17,17,17
52635,37,2012,18,1,0,1,1,1
63063,37,2012,18,1,0,1,1,1
63188,37,2012,18,1,0,1,1,1
63757,37,2012,18,1,0,1,1,1
64772,37,2012,18,2,1,1,2,2
66754,37,2012,18,1,0,1,1,1
66991,37,2012,18,1,0,1,1,1
69065,37,2012,18,1,0,1,1,1
71187,37,2012,18,2,0,2,2,2
71518,37,2012,18,1,0,1,1,1
73303,37,2012,18,2,0,2,2,2
74916,37,2012,18,1,0,1,1,1
78062,37,2012,18,1,0,1,1,1
79877,37,2012,18,1,0,1,1,1
80058,37,2012,18,1,0,1,1,1
82282,37,2012,18,2,0,2,2,2
83184,37,2012,18,1,0,1,1,1
85596,37,2012,18,7,0,7,7,7
86009,37,2012,18,5,0,5,5,5
14106,38,2012,19,1,0,1,0,1
19066,38,2012,19,1,0,1,0,1
34853,38,2012,19,11,0,11,11,11
35227,38,2012,19,115,3,112,0,115
39122,38,2012,19,1,0,1,0,1
40997,38,2012,19,1,0,1,0,1
46021,38,2012,19,1,0,1,0,1
48187,38,2012,19,1,0,1,0,1
51102,38,2012,19,2,0,2,0,2
52615,38,2012,19,17,0,17,0,17
52635,38,2012,19,1,0,1,0,1
62555,38,2012,19,2,0,2,2,2
63063,38,2012,19,1,0,1,0,1
63188,38,2012,19,1,0,1,0,1
63757,38,2012,19,1,0,1,0,1
64772,38,2012,19,2,1,1,0,2
66754,38,2012,19,1,0,1,0,1
66991,38,2012,19,1,0,1,0,1
71187,38,2012,19,2,0,2,0,2
71518,38,2012,19,1,0,1,0,1
77291,38,2012,19,1,0,1,1,1
78062,38,2012,19,1,0,1,0,1
79877,38,2012,19,1,0,1,0,1
80058,38,2012,19,1,0,1,0,1
82282,38,2012,19,2,0,2,0,2
83184,38,2012,19,1,0,1,0,1
85596,38,2012,19,7,0,7,0,7
86009,38,2012,19,5,0,5,0,5
88133,38,2012,19,1,0,1,1,1
14106,39,2012,20,1,0,1,0,1
15548,39,2012,20,1,0,1,1,1
19066,39,2012,20,1,0,1,0,1
24760,39,2012,20,1,0,1,0,1
34853,39,2012,20,11,0,11,0,11
35227,39,2012,20,115,3,112,0,115
37617,39,2012,20,1,0,1,0,1
39122,39,2012,20,2,0,2,1,2
40997,39,2012,20,1,0,1,0,1
44956,39,2012,20,1,0,1,0,1
46771,39,2012,20,1,0,1,0,1
48187,39,2012,20,1,0,1,0,1
51102,39,2012,20,2,0,2,0,2
52441,39,2012,20,1,0,1,1,1
52635,39,2012,20,1,0,1,0,1
63063,39,2012,20,1,0,1,0,1
63757,39,2012,20,1,0,1,0,1
64772,39,2012,20,2,1,1,0,2
66991,39,2012,20,1,0,1,0,1
71187,39,2012,20,2,0,2,0,2
71518,39,2012,20,1,0,1,0,1
73303,39,2012,20,2,0,2,0,2
77291,39,2012,20,1,0,1,0,1
78062,39,2012,20,1,0,1,0,1
79877,39,2012,20,1,0,1,0,1
80058,39,2012,20,1,0,1,0,1
83184,39,2012,20,1,0,1,0,1
85596,39,2012,20,7,0,7,0,7
86009,39,2012,20,5,0,5,0,5
88133,39,2012,20,1,0,1,0,1
14106,40,2012,21,1,0,1,0,1
19066,40,2012,21,1,0,1,0,1
24760,40,2012,21,1,0,1,0,1
31372,40,2012,21,1,0,1,1,1
34853,40,2012,21,11,0,11,0,11
35227,40,2012,21,115,3,112,0,115
37617,40,2012,21,1,0,1,0,1
39122,40,2012,21,2,0,2,0,2
40997,40,2012,21,1,0,1,0,1
44956,40,2012,21,1,0,1,0,1
46771,40,2012,21,1,0,1,0,1
48187,40,2012,21,1,0,1,0,1
51102,40,2012,21,2,0,2,0,2
52441,40,2012,21,1,0,1,0,1
52615,40,2012,21,17,0,17,0,17
52635,40,2012,21,1,0,1,0,1
63188,40,2012,21,1,0,1,0,1
64772,40,2012,21,2,1,1,0,2
66754,40,2012,21,1,0,1,0,1
66991,40,2012,21,1,0,1,0,1
69065,40,2012,21,1,0,1,0,1
71187,40,2012,21,2,0,2,0,2
71518,40,2012,21,1,0,1,0,1
73303,40,2012,21,2,0,2,0,2
74916,40,2012,21,5,0,5,4,5
77291,40,2012,21,2,0,2,1,2
78062,40,2012,21,1,0,1,0,1
79877,40,2012,21,1,0,1,0,1
80058,40,2012,21,1,0,1,0,1
80193,40,2012,21,3,0,3,3,3
82282,40,2012,21,2,0,2,0,2
85596,40,2012,21,7,0,7,0,7
86009,40,2012,21,5,0,5,0,5
88133,40,2012,21,1,0,1,0,1
19066,41,2012,22,1,0,1,0,1
25544,41,2012,22,1,0,1,1,1
31372,41,2012,22,2,0,2,1,2
34853,41,2012,22,11,0,11,0,11
35227,41,2012,22,114,3,111,0,115
37617,41,2012,22,1,0,1,0,1
40997,41,2012,22,1,0,1,0,1
44956,41,2012,22,1,0,1,0,1
46021,41,2012,22,1,0,1,0,1
46771,41,2012,22,1,0,1,0,1
48187,41,2012,22,1,0,1,0,1
51102,41,2012,22,2,0,2,0,2
52635,41,2012,22,1,0,1,0,1
63188,41,2012,22,1,0,1,0,1
64772,41,2012,22,2,1,1,0,2
66754,41,2012,22,1,0,1,0,1
66991,41,2012,22,1,0,1,0,1
71187,41,2012,22,2,0,2,0,2
71518,41,2012,22,1,0,1,0,1
73303,41,2012,22,2,0,2,0,2
74916,41,2012,22,5,0,5,0,5
77291,41,2012,22,2,0,2,0,2
78062,41,2012,22,1,0,1,0,1
79877,41,2012,22,1,0,1,0,1
80058,41,2012,22,1,0,1,0,1
80193,41,2012,22,3,0,3,0,3
82282,41,2012,22,2,0,2,0,2
85596,41,2012,22,7,0,7,0,7
86009,41,2012,22,5,0,5,0,5
88133,41,2012,22,1,0,1,0,1
19066,42,2012,23,1,0,1,0,1
24760,42,2012,23,1,0,1,0,1
25544,42,2012,23,1,0,1,0,1
31372,42,2012,23,3,0,3,1,3
34853,42,2012,23,11,0,11,0,11
35227,42,2012,23,114,3,111,0,115
37617,42,2012,23,1,0,1,0,1
39122,42,2012,23,2,0,2,0,2
40997,42,2012,23,1,0,1,0,1
44956,42,2012,23,1,0,1,0,1
46771,42,2012,23,1,0,1,0,1
48187,42,2012,23,1,0,1,0,1
51102,42,2012,23,2,0,2,0,2
52615,42,2012,23,17,0,17,0,17
52635,42,2012,23,1,0,1,0,1
63188,42,2012,23,1,0,1,0,1
64772,42,2012,23,2,1,1,0,2
66754,42,2012,23,1,0,1,0,1
66991,42,2012,23,1,0,1,0,1
71187,42,2012,23,2,0,2,0,2
71518,42,2012,23,1,0,1,0,1
77291,42,2012,23,2,0,2,0,2
78062,42,2012,23,1,0,1,0,1
79877,42,2012,23,1,0,1,0,1
80058,42,2012,23,1,0,1,0,1
80193,42,2012,23,3,0,3,0,3
82282,42,2012,23,2,0,2,0,2
85596,42,2012,23,7,0,7,0,7
86009,42,2012,23,5,0,5,0,5
88133,42,2012,23,1,0,1,0,1
19066,43,2012,24,1,0,1,0,1
34853,43,2012,24,11,0,11,0,11
35227,43,2012,24,111,3,108,0,115
37617,43,2012,24,1,0,1,0,1
39122,43,2012,24,2,0,2,0,2
40629,43,2012,24,1,0,1,1,1
46771,43,2012,24,1,0,1,0,1
48187,43,2012,24,1,0,1,0,1
51102,43,2012,24,2,0,2,0,2
52441,43,2012,24,1,0,1,0,1
52635,43,2012,24,1,0,1,0,1
63188,43,2012,24,1,0,1,0,1
63757,43,2012,24,2,0,2,1,2
64772,43,2012,24,2,1,1,0,2
66754,43,2012,24,1,0,1,0,1
66991,43,2012,24,1,0,1,0,1
69065,43,2012,24,1,0,1,0,1
71187,43,2012,24,2,0,2,0,2
71518,43,2012,24,1,0,1,0,1
73303,43,2012,24,2,0,2,0,2
77291,43,2012,24,2,0,2,0,2
78062,43,2012,24,1,0,1,0,1
79877,43,2012,24,1,0,1,0,1
80193,43,2012,24,3,0,3,0,3
82282,43,2012,24,2,0,2,0,2
85596,43,2012,24,7,0,7,0,7
86009,43,2012,24,5,0,5,0,5
14106,44,2012,25,1,0,1,0,1
19066,44,2012,25,1,0,1,0,1
24760,44,2012,25,1,0,1,0,1
25544,44,2012,25,1,0,1,0,1
31372,44,2012,25,3,0,3,0,3
34853,44,2012,25,11,0,11,0,11
35227,44,2012,25,110,3,107,0,115
37617,44,2012,25,1,0,1,0,1
39122,44,2012,25,2,0,2,0,2
40629,44,2012,25,1,0,1,0,1
40997,44,2012,25,1,0,1,0,1
44956,44,2012,25,1,0,1,0,1
46021,44,2012,25,1,0,1,0,1
46771,44,2012,25,1,0,1,0,1
48187,44,2012,25,1,0,1,0,1
51102,44,2012,25,2,0,2,0,2
52441,44,2012,25,1,0,1,0,1
63757,44,2012,25,2,0,2,0,2
64772,44,2012,25,2,1,1,0,2
66754,44,2012,25,1,0,1,0,1
66991,44,2012,25,1,0,1,0,1
71187,44,2012,25,2,0,2,0,2
78062,44,2012,25,1,0,1,0,1
80058,44,2012,25,1,0,1,0,1
80193,44,2012,25,3,0,3,0,3
82282,44,2012,25,1,0,1,0,2
85596,44,2012,25,7,0,7,0,7
86009,44,2012,25,5,0,5,0,5
88133,44,2012,25,1,0,1,0,1
15548,45,2012,26,1,0,1,0,1
19066,45,2012,26,1,0,1,0,1
24760,45,2012,26,1,0,1,0,1
25544,45,2012,26,1,0,1,0,1
31372,45,2012,26,6,0,6,3,6
34853,45,2012,26,11,0,11,0,11
35227,45,2012,26,108,3,105,0,115
37617,45,2012,26,1,0,1,0,1
39122,45,2012,26,2,0,2,0,2
40997,45,2012,26,1,0,1,0,1
44956,45,2012,26,1,0,1,0,1
46771,45,2012,26,1,0,1,0,1
48187,45,2012,26,1,0,1,0,1
52441,45,2012,26,1,0,1,0,1
52615,45,2012,26,17,0,17,0,17
52635,45,2012,26,1,0,1,0,1
63757,45,2012,26,2,0,2,0,2
64772,45,2012,26,2,1,1,0,2
66754,45,2012,26,1,0,1,0,1
66991,45,2012,26,1,0,1,0,1
69065,45,2012,26,1,0,1,0,1
71187,45,2012,26,2,0,2,0,2
71518,45,2012,26,1,0,1,0,1
73303,45,2012,26,2,0,2,0,2
77291,45,2012,26,2,0,2,0,2
78062,45,2012,26,1,0,1,0,1
79877,45,2012,26,1,0,1,0,1
80193,45,2012,26,3,0,3,0,3
82282,45,2012,26,2,0,2,0,2
85596,45,2012,26,7,0,7,0,7
86009,45,2012,26,5,0,5,0,5
86352,45,2012,26,2,0,2,2,2
14106,46,2012,27,1,0,1,0,1
25544,46,2012,27,1,0,1,0,1
31372,46,2012,27,6,0,6,0,6
34853,46,2012,27,11,0,11,0,11
37617,46,2012,27,1,0,1,0,1
40629,46,2012,27,1,0,1,0,1
40997,46,2012,27,1,0,1,0,1
44956,46,2012,27,1,0,1,0,1
46771,46,2012,27,1,0,1,0,1
48187,46,2012,27,1,0,1,0,1
52441,46,2012,27,1,0,1,0,1
52615,46,2012,27,17,0,17,0,17
64772,46,2012,27,2,1,1,0,2
66754,46,2012,27,1,0,1,0,1
66991,46,2012,27,1,0,1,0,1
69065,46,2012,27,1,0,1,0,1
71187,46,2012,27,2,0,2,0,2
71518,46,2012,27,1,0,1,0,1
77291,46,2012,27,2,0,2,0,2
78062,46,2012,27,1,0,1,0,1
79877,46,2012,27,1,0,1,0,1
80058,46,2012,27,1,0,1,0,1
80193,46,2012,27,3,0,3,0,3
85596,46,2012,27,7,0,7,0,7
86009,46,2012,27,9,0,9,4,9
14106,47,2012,28,1,0,1,0,1
25544,47,2012,28,1,0,1,0,1
31372,47,2012,28,6,0,6,0,6
37617,47,2012,28,1,0,1,0,1
39122,47,2012,28,2,0,2,0,2
40997,47,2012,28,1,0,1,0,1
44956,47,2012,28,1,0,1,0,1
46771,47,2012,28,1,0,1,0,1
48187,47,2012,28,1,0,1,0,1
51102,47,2012,28,2,0,2,0,2
52441,47,2012,28,1,0,1,0,1
64772,47,2012,28,2,1,1,0,2
66754,47,2012,28,1,0,1,0,1
66991,47,2012,28,1,0,1,0,1
69065,47,2012,28,1,0,1,0,1
71187,47,2012,28,2,0,2,0,2
71518,47,2012,28,1,0,1,0,1
73303,47,2012,28,2,0,2,0,2
77291,47,2012,28,2,0,2,0,2
78062,47,2012,28,1,0,1,0,1
79877,47,2012,28,1,0,1,0,1
80193,47,2012,28,3,0,3,0,3
82282,47,2012,28,2,0,2,0,2
85596,47,2012,28,7,0,7,0,7
86009,47,2012,28,9,0,9,0,9
25544,48,2012,29,1,0,1,0,1
26425,48,2012,29,2,0,2,2,2
31372,48,2012,29,7,0,7,1,7
34853,48,2012,29,11,0,11,0,11
37617,48,2012,29,1,0,1,0,1
39122,48,2012,29,2,0,2,0,2
40629,48,2012,29,1,0,1,0,1
40997,48,2012,29,1,0,1,0,1
46771,48,2012,29,1,0,1,0,1
48187,48,2012,29,1,0,1,0,1
51102,48,2012,29,2,0,2,0,2
52441,48,2012,29,1,0,1,0,1
52635,48,2012,29,1,0,1,0,1
63188,48,2012,29,1,0,1,0,1
64772,48,2012,29,2,1,1,0,2
66754,48,2012,29,1,0,1,0,1
66991,48,2012,29,1,0,1,0,1
69065,48,2012,29,1,0,1,0,1
71187,48,2012,29,2,0,2,0,2
71518,48,2012,29,1,0,1,0,1
73303,48,2012,29,2,0,2,0,2
77291,48,2012,29,2,0,2,0,2
78062,48,2012,29,1,0,1,0,1
79877,48,2012,29,1,0,1,0,1
80058,48,2012,29,1,0,1,0,1
80193,48,2012,29,3,0,3,0,3
82282,48,2012,29,2,0,2,0,2
85596,48,2012,29,7,0,7,0,7
86009,48,2012,29,10,0,10,1,10
14106,49,2012,30,1,0,1,0,1
25544,49,2012,30,1,0,1,0,1
26425,49,2012,30,2,0,2,0,2
34853,49,2012,30,11,0,11,0,11
37617,49,2012,30,1,0,1,0,1
39122,49,2012,30,2,0,2,0,2
40997,49,2012,30,1,0,1,0,1
46771,49,2012,30,1,0,1,0,1
51102,49,2012,30,2,0,2,0,2
52441,49,2012,30,1,0,1,0,1
52615,49,2012,30,17,0,17,0,17
52635,49,2012,30,1,0,1,0,1
64772,49,2012,30,2,1,1,0,2
66754,49,2012,30,1,0,1,0,1
66991,49,2012,30,1,0,1,0,1
71187,49,2012,30,2,0,2,0,2
71518,49,2012,30,1,0,1,0,1
73303,49,2012,30,2,0,2,0,2
74916,49,2012,30,1,0,1,0,5
78062,49,2012,30,1,0,1,0,1
79877,49,2012,30,1,0,1,0,1
80058,49,2012,30,1,0,1,0,1
80193,49,2012,30,3,0,3,0,3
85596,49,2012,30,7,0,7,0,7
86009,49,2012,30,10,0,10,0,10
14106,50,2012,31,1,0,1,0,1
25544,50,2012,31,1,0,1,0,1
26425,50,2012,31,2,0,2,0,2
34853,50,2012,31,11,0,11,0,11
37617,50,2012,31,1,0,1,0,1
39122,50,2012,31,2,0,2,0,2
40629,50,2012,31,1,0,1,0,1
40997,50,2012,31,1,0,1,0,1
45000,50,2012,31,2,0,2,2,2
46021,50,2012,31,1,0,1,0,1
46771,50,2012,31,1,0,1,0,1
52441,50,2012,31,1,0,1,0,1
53884,50,2012,31,1,0,1,1,1
63188,50,2012,31,1,0,1,0,1
64772,50,2012,31,2,1,1,0,2
66754,50,2012,31,1,0,1,0,1
66991,50,2012,31,1,0,1,0,1
71187,50,2012,31,2,0,2,0,2
71518,50,2012,31,1,0,1,0,1
77291,50,2012,31,2,0,2,0,2
78062,50,2012,31,1,0,1,0,1
79877,50,2012,31,1,0,1,0,1
80058,50,2012,31,1,0,1,0,1
80193,50,2012,31,3,0,3,0,3
85596,50,2012,31,7,0,7,0,7
86009,50,2012,31,10,0,10,0,10
88133,50,2012,31,1,0,1,0,1
26425,51,2012,32,2,0,2,0,2
34853,51,2012,32,11,0,11,0,11
37617,51,2012,32,1,0,1,0,1
39122,51,2012,32,2,0,2,0,2
40997,51,2012,32,1,0,1,0,1
46771,51,2012,32,1,0,1,0,1
52441,51,2012,32,1,0,1,0,1
52615,51,2012,32,17,0,17,0,17
52635,51,2012,32,1,0,1,0,1
53884,51,2012,32,1,0,1,0,1
63188,51,2012,32,1,0,1,0,1
64772,51,2012,32,2,1,1,0,2
66754,51,2012,32,1,0,1,0,1
66991,51,2012,32,1,0,1,0,1
71187,51,2012,32,2,0,2,0,2
71518,51,2012,32,1,0,1,0,1
77291,51,2012,32,2,0,2,0,2
78062,51,2012,32,1,0,1,0,1
79877,51,2012,32,1,0,1,0,1
80193,51,2012,32,3,0,3,0,3
83184,51,2012,32,1,0,1,0,1
85596,51,2012,32,7,0,7,0,7
86009,51,2012,32,10,0,10,0,10
26425,52,2012,33,2,0,2,0,2
34853,52,2012,33,11,0,11,0,11
37617,52,2012,33,1,0,1,0,1
39122,52,2012,33,2,0,2,0,2
40629,52,2012,33,1,0,1,0,1
40997,52,2012,33,1,0,1,0,1
46771,52,2012,33,6,0,6,5,6
51102,52,2012,33,2,0,2,0,2
52441,52,2012,33,1,0,1,0,1
53884,52,2012,33,1,0,1,0,1
62555,52,2012,33,2,0,2,0,2
63188,52,2012,33,1,0,1,0,1
64772,52,2012,33,2,1,1,0,2
66991,52,2012,33,1,0,1,0,1
71187,52,2012,33,2,0,2,0,2
71518,52,2012,33,1,0,1,0,1
73303,52,2012,33,2,0,2,0,2
78062,52,2012,33,1,0,1,0,1
79877,52,2012,33,1,0,1,0,1
80193,52,2012,33,3,0,3,0,3
82282,52,2012,33,2,0,2,0,2
83184,52,2012,33,1,0,1,0,1
85596,52,2012,33,7,0,7,0,7
86009,52,2012,33,10,0,10,0,10
88133,52,2012,33,1,0,1,0,1
14106,53,2012,34,1,0,1,0,1
19066,53,2012,34,1,0,1,0,1
23642,53,2012,34,1,0,1,1,1
25544,53,2012,34,1,0,1,0,1
26425,53,2012,34,2,0,2,0,2
26999,53,2012,34,12,0,12,12,12
30952,53,2012,34,1,0,1,1,1
34853,53,2012,34,11,0,11,0,11
37617,53,2012,34,1,0,1,0,1
40997,53,2012,34,1,0,1,0,1
45000,53,2012,34,2,0,2,0,2
46771,53,2012,34,6,0,6,0,6
52441,53,2012,34,1,0,1,0,1
53884,53,2012,34,1,0,1,0,1
62555,53,2012,34,2,0,2,0,2
63757,53,2012,34,2,0,2,0,2
66754,53,2012,34,1,0,1,0,1
66991,53,2012,34,1,0,1,0,1
71187,53,2012,34,2,0,2,0,2
71518,53,2012,34,1,0,1,0,1
77291,53,2012,34,2,0,2,0,2
78062,53,2012,34,1,0,1,0,1
79877,53,2012,34,1,0,1,0,1
80193,53,2012,34,3,0,3,0,3
82282,53,2012,34,2,0,2,0,2
83184,53,2012,34,1,0,1,0,1
85596,53,2012,34,7,0,7,0,7
88133,53,2012,34,1,0,1,0,1
19066,54,2012,35,1,0,1,0,1
23642,54,2012,35,1,0,1,0,1
30952,54,2012,35,1,0,1,0,1
34853,54,2012,35,11,0,11,0,11
37617,54,2012,35,2,0,2,1,2
39122,54,2012,35,2,0,2,0,2
40997,54,2012,35,1,0,1,0,1
45000,54,2012,35,2,0,2,0,2
46771,54,2012,35,6,0,6,0,6
51102,54,2012,35,2,0,2,0,2
52441,54,2012,35,1,0,1,0,1
52635,54,2012,35,1,0,1,0,1
53884,54,2012,35,1,0,1,0,1
62555,54,2012,35,2,0,2,0,2
63188,54,2012,35,1,0,1,0,1
63757,54,2012,35,2,0,2,0,2
64772,54,2012,35,2,1,1,0,2
66754,54,2012,35,1,0,1,0,1
66991,54,2012,35,1,0,1,0,1
68533,54,2012,35,1,0,1,1,1
71518,54,2012,35,1,0,1,0,1
73175,54,2012,35,1,0,1,1,1
78062,54,2012,35,1,0,1,0,1
79877,54,2012,35,1,0,1,0,1
80193,54,2012,35,3,0,3,0,3
82282,54,2012,35,2,0,2,0,2
85596,54,2012,35,7,0,7,0,7
86009,54,2012,35,10,0,10,0,10
19066,55,2012,36,1,0,1,0,1
23642,55,2012,36,1,0,1,0,1
25544,55,2012,36,1,0,1,0,1
26999,55,2012,36,13,0,13,1,13
30952,55,2012,36,1,0,1,0,1
31372,55,2012,36,7,0,7,0,7
34853,55,2012,36,11,0,11,0,11
37617,55,2012,36,2,0,2,0,2
39122,55,2012,36,2,0,2,0,2
40997,55,2012,36,1,0,1,0,1
46021,55,2012,36,1,0,1,0,1
46771,55,2012,36,6,0,6,0,6
52441,55,2012,36,1,0,1,0,1
53884,55,2012,36,1,0,1,0,1
62555,55,2012,36,2,0,2,0,2
63188,55,2012,36,1,0,1,0,1
63757,55,2012,36,2,0,2,0,2
66754,55,2012,36,1,0,1,0,1
66991,55,2012,36,1,0,1,0,1
71187,55,2012,36,1,0,1,0,2
71518,55,2012,36,1,0,1,0,1
73303,55,2012,36,2,0,2,0,2
78062,55,2012,36,1,0,1,0,1
79877,55,2012,36,2,0,2,1,2
80193,55,2012,36,3,0,3,0,3
82282,55,2012,36,2,0,2,0,2
85596,55,2012,36,7,0,7,0,7
19066,56,2012,37,1,0,1,0,1
23642,56,2012,37,1,0,1,0,1
25544,56,2012,37,1,0,1,0,1
26999,56,2012,37,13,0,13,0,13
30952,56,2012,37,1,0,1,0,1
31372,56,2012,37,7,0,7,0,7
34853,56,2012,37,11,0,11,0,11
37617,56,2012,37,2,0,2,0,2
39122,56,2012,37,2,0,2,0,2
40629,56,2012,37,1,0,1,0,1
40997,56,2012,37,1,0,1,0,1
45000,56,2012,37,2,0,2,0,2
46771,56,2012,37,7,0,7,1,7
51102,56,2012,37,2,0,2,0,2
52441,56,2012,37,1,0,1,0,1
53884,56,2012,37,1,0,1,0,1
62555,56,2012,37,2,0,2,0,2
63188,56,2012,37,1,0,1,0,1
66754,56,2012,37,1,0,1,0,1
66991,56,2012,37,1,0,1,0,1
71187,56,2012,37,2,0,2,0,2
71518,56,2012,37,1,0,1,0,1
73175,56,2012,37,2,0,2,1,2
73303,56,2012,37,2,0,2,0,2
77291,56,2012,37,3,0,3,1,3
78062,56,2012,37,1,0,1,0,1
79877,56,2012,37,3,0,3,1,3
80193,56,2012,37,3,0,3,0,3
82282,56,2012,37,2,0,2,0,2
83184,56,2012,37,1,0,1,1,2
85596,56,2012,37,7,0,7,0,7
86009,56,2012,37,2,0,2,0,10
19066,57,2012,38,1,0,1,0,1
23642,57,2012,38,1,0,1,0,1
25544,57,2012,38,1,0,1,0,1
26999,57,2012,38,13,0,13,0,13
31372,57,2012,38,7,0,7,0,7
34853,57,2012,38,11,0,11,0,11
37617,57,2012,38,2,0,2,0,2
39122,57,2012,38,2,0,2,0,2
40997,57,2012,38,1,0,1,0,1
46771,57,2012,38,7,0,7,0,7
51102,57,2012,38,2,0,2,0,2
52441,57,2012,38,1,0,1,0,1
53884,57,2012,38,1,0,1,0,1
62555,57,2012,38,2,0,2,0,2
63188,57,2012,38,1,0,1,0,1
63757,57,2012,38,2,0,2,0,2
64772,57,2012,38,2,1,1,0,2
66754,57,2012,38,1,0,1,0,1
66991,57,2012,38,1,0,1,0,1
71187,57,2012,38,2,0,2,0,2
71518,57,2012,38,1,0,1,0,1
73175,57,2012,38,2,0,2,0,2
73303,57,2012,38,2,0,2,0,2
74916,57,2012,38,1,0,1,0,5
78062,57,2012,38,1,0,1,0,1
79877,57,2012,38,3,0,3,0,3
80193,57,2012,38,3,0,3,0,3
82282,57,2012,38,2,0,2,0,2
85596,57,2012,38,7,0,7,0,7
14106,58,2012,39,1,0,1,0,1
23642,58,2012,39,1,0,1,0,1
24760,58,2012,39,1,0,1,0,1
30952,58,2012,39,1,0,1,0,1
34853,58,2012,39,11,0,11,0,11
37617,58,2012,39,2,0,2,0,2
39122,58,2012,39,2,0,2,0,2
40997,58,2012,39,1,0,1,0,1
46771,58,2012,39,7,0,7,0,7
52441,58,2012,39,1,0,1,0,1
53884,58,2012,39,1,0,1,0,1
62555,58,2012,39,2,0,2,0,2
63188,58,2012,39,1,0,1,0,1
63757,58,2012,39,2,0,2,0,2
64772,58,2012,39,2,1,1,0,2
66754,58,2012,39,1,0,1,0,1
66991,58,2012,39,1,0,1,0,1
68533,58,2012,39,1,0,1,0,1
71187,58,2012,39,2,0,2,0,2
71518,58,2012,39,1,0,1,0,1
73175,58,2012,39,2,0,2,0,2
73303,58,2012,39,2,0,2,0,2
78062,58,2012,39,1,0,1,0,1
79877,58,2012,39,3,0,3,0,3
80058,58,2012,39,1,0,1,0,1
80193,58,2012,39,3,0,3,0,3
82282,58,2012,39,2,0,2,0,2
85596,58,2012,39,7,0,7,0,7
10060,59,2012,40,83,3,80,83,83
10281,59,2012,40,63,1,62,63,63
10353,59,2012,40,146,2,144,146,146
11360,59,2012,40,100,8,92,100,100
11692,59,2012,40,117,7,110,117,117
13799,59,2012,40,130,5,125,130,130
13882,59,2012,40,120,2,118,120,120
14106,59,2012,40,81,1,80,81,82
14188,59,2012,40,103,6,97,103,103
16313,59,2012,40,217,1,216,217,217
16495,59,2012,40,141,5,136,141,141
17353,59,2012,40,117,12,105,117,117
18344,59,2012,40,106,8,98,106,106
18394,59,2012,40,163,11,152,163,163
18420,59,2012,40,175,6,169,175,175
19844,59,2012,40,407,19,388,407,407
21350,59,2012,40,152,4,148,152,152
22745,59,2012,40,102,6,96,102,102
22931,59,2012,40,158,12,146,158,158
23040,59,2012,40,106,2,104,106,106
23642,59,2012,40,75,6,69,74,75
24760,59,2012,40,130,4,126,130,131
24853,59,2012,40,181,8,173,181,181
25171,59,2012,40,188,4,184,188,188
25544,59,2012,40,382,15,367,382,383
25947,59,2012,40,117,9,108,117,117
26425,59,2012,40,49,5,44,48,50
26999,59,2012,40,13,0,13,0,13
29914,59,2012,40,85,7,78,85,85
30076,59,2012,40,137,4,133,137,137
30952,59,2012,40,186,14,172,186,187
31372,59,2012,40,71,3,68,71,78
34853,59,2012,40,240,3,237,240,251
35227,59,2012,40,207,7,200,107,222
36006,59,2012,40,50,2,48,50,50
37617,59,2012,40,305,13,292,304,306
38823,59,2012,40,178,11,167,178,178
38901,59,2012,40,224,13,211,224,224
39783,59,2012,40,67,5,62,67,67
40629,59,2012,40,188,1,187,188,189
40997,59,2012,40,149,16,133,149,150
41393,59,2012,40,71,2,69,71,71
44167,59,2012,40,282,10,272,282,282
44520,59,2012,40,78,5,73,78,78
45292,59,2012,40,50,0,50,50,50
45945,59,2012,40,94,10,84,94,94
46160,59,2012,40,122,7,115,122,122
46584,59,2012,40,251,9,242,251,251
46771,59,2012,40,7,0,7,0,7
48990,59,2012,40,29,3,26,29,29
49597,59,2012,40,46,5,41,46,46
50947,59,2012,40,272,16,256,272,272
51102,59,2012,40,2,0,2,0,2
51470,59,2012,40,144,7,137,144,144
51597,59,2012,40,209,6,203,209,209
51722,59,2012,40,51,5,46,51,51
52067,59,2012,40,183,8,175,183,183
52441,59,2012,40,154,2,152,154,155
52635,59,2012,40,68,4,64,68,69
53884,59,2012,40,67,3,64,67,68
55464,59,2012,40,176,2,174,176,176
55594,59,2012,40,36,0,36,36,36
57637,59,2012,40,219,13,206,219,219
59367,59,2012,40,77,4,73,77,77
62555,59,2012,40,53,2,51,53,55
63757,59,2012,40,125,7,118,125,127
63817,59,2012,40,79,5,74,79,79
64772,59,2012,40,126,6,120,125,127
66052,59,2012,40,203,4,199,203,203
66404,59,2012,40,218,4,214,218,218
66754,59,2012,40,99,7,92,99,100
66991,59,2012,40,211,7,204,211,212
68494,59,2012,40,171,11,160,171,171
68633,59,2012,40,25,2,23,25,25
71187,59,2012,40,2,0,2,0,2
71518,59,2012,40,128,3,125,127,128
71782,59,2012,40,8,1,7,8,8
72746,59,2012,40,56,5,51,56,56
73303,59,2012,40,62,1,61,61,63
74916,59,2012,40,35,2,33,35,40
75178,59,2012,40,64,8,56,64,64
75261,59,2012,40,237,7,230,237,237
76313,59,2012,40,152,5,147,152,152
77824,59,2012,40,133,8,125,133,133
78062,59,2012,40,110,2,108,109,110
78638,59,2012,40,146,8,138,146,146
78966,59,2012,40,176,2,174,176,176
79877,59,2012,40,227,2,225,226,229
80058,59,2012,40,374,1,373,374,375
80193,59,2012,40,3,0,3,0,3
84215,59,2012,40,63,4,59,63,63
84472,59,2012,40,200,4,196,200,200
84841,59,2012,40,137,2,135,137,137
85596,59,2012,40,261,11,250,256,263
85970,59,2012,40,13,0,13,13,13
86009,59,2012,40,36,0,36,36,46
86352,59,2012,40,241,15,226,241,243
86610,59,2012,40,74,4,70,74,74
86727,59,2012,40,111,6,105,111,111
88133,59,2012,40,1,0,1,1,2
89827,59,2012,40,29,4,25,29,29
10060,60,2012,41,83,3,80,0,83
10281,60,2012,41,65,1,64,2,65
10353,60,2012,41,25,0,25,0,146
10841,60,2012,41,132,13,119,132,132
11360,60,2012,41,100,8,92,0,100
11692,60,2012,41,119,7,112,2,119
13799,60,2012,41,98,3,95,0,130
13882,60,2012,41,120,2,118,0,120
16313,60,2012,41,217,1,216,0,217
16495,60,2012,41,145,5,140,4,145
17353,60,2012,41,119,13,106,2,119
18344,60,2012,41,106,8,98,0,106
18394,60,2012,41,166,11,155,3,166
18420,60,2012,41,175,6,169,1,176
19844,60,2012,41,407,19,388,0,407
21350,60,2012,41,153,4,149,1,153
22745,60,2012,41,102,6,96,0,102
22931,60,2012,41,155,12,143,0,158
23040,60,2012,41,106,2,104,0,106
23642,60,2012,41,75,6,69,0,75
25544,60,2012,41,387,15,372,5,388
25947,60,2012,41,120,9,111,3,120
26425,60,2012,41,49,5,44,0,50
26999,60,2012,41,14,0,14,1,14
28831,60,2012,41,5,0,5,5,5
29914,60,2012,41,85,7,78,0,85
30076,60,2012,41,138,4,134,1,138
30952,60,2012,41,188,14,174,3,190
31372,60,2012,41,21,1,20,0,78
32174,60,2012,41,98,3,95,98,98
32899,60,2012,41,39,3,36,39,39
34853,60,2012,41,241,3,238,1,252
35227,60,2012,41,99,4,95,0,222
36006,60,2012,41,50,2,48,0,50
36143,60,2012,41,203,8,195,203,203
36951,60,2012,41,241,3,238,241,241
37617,60,2012,41,305,13,292,0,306
38901,60,2012,41,225,13,212,1,225
38927,60,2012,41,211,2,209,211,211
39701,60,2012,41,122,3,119,122,122
39783,60,2012,41,67,5,62,0,67
40629,60,2012,41,188,1,187,0,189
40997,60,2012,41,151,16,135,2,152
44167,60,2012,41,289,10,279,7,289
44520,60,2012,41,80,5,75,2,80
44947,60,2012,41,115,0,115,115,115
45000,60,2012,41,2,0,2,0,2
45292,60,2012,41,205,0,205,155,205
45945,60,2012,41,94,10,84,0,94
46160,60,2012,41,127,7,120,5,127
46584,60,2012,41,251,9,242,0,251
46654,60,2012,41,104,6,98,104,104
46771,60,2012,41,7,0,7,0,7
50947,60,2012,41,274,16,258,2,274
51470,60,2012,41,145,7,138,1,145
51597,60,2012,41,213,6,207,4,213
51722,60,2012,41,51,5,46,1,52
52067,60,2012,41,183,8,175,1,184
52441,60,2012,41,155,2,153,1,156
52635,60,2012,41,69,4,65,1,70
53275,60,2012,41,79,13,66,79,79
53884,60,2012,41,70,3,67,3,71
55594,60,2012,41,42,0,42,6,42
57637,60,2012,41,220,13,207,1,220
58909,60,2012,41,93,2,91,93,93
59367,60,2012,41,77,4,73,0,77
63757,60,2012,41,125,7,118,0,127
63817,60,2012,41,80,5,75,1,80
64772,60,2012,41,126,6,120,0,127
65102,60,2012,41,117,3,114,117,117
66052,60,2012,41,224,4,220,21,224
66404,60,2012,41,219,4,215,1,219
66991,60,2012,41,212,7,205,1,213
68494,60,2012,41,171,11,160,0,171
68533,60,2012,41,295,3,292,295,296
68633,60,2012,41,25,2,23,1,26
69065,60,2012,41,69,0,69,69,70
70889,60,2012,41,67,1,66,67,67
71187,60,2012,41,2,0,2,0,2
71518,60,2012,41,128,3,125,0,128
71700,60,2012,41,259,11,248,259,259
71782,60,2012,41,8,1,7,0,8
72746,60,2012,41,57,5,52,1,57
73175,60,2012,41,32,0,32,30,32
75178,60,2012,41,65,8,57,1,65
75261,60,2012,41,239,7,232,2,239
76313,60,2012,41,152,5,147,0,152
78062,60,2012,41,110,2,108,0,110
78638,60,2012,41,89,5,84,0,146
78966,60,2012,41,176,2,174,0,176
79877,60,2012,41,235,3,232,8,237
80058,60,2012,41,331,0,331,0,375
80193,60,2012,41,3,0,3,0,3
82060,60,2012,41,276,4,272,276,276
82282,60,2012,41,107,6,101,107,109
84215,60,2012,41,64,4,60,1,64
84472,60,2012,41,201,4,197,1,201
84841,60,2012,41,138,2,136,1,138
85596,60,2012,41,261,11,250,0,263
85970,60,2012,41,127,3,124,114,127
86352,60,2012,41,243,15,228,2,245
86610,60,2012,41,76,4,72,2,76
86727,60,2012,41,111,6,105,0,111
89827,60,2012,41,34,4,30,5,34
10060,61,2012,42,84,3,81,1,84
11023,61,2012,42,24,0,24,24,24
11360,61,2012,42,100,8,92,0,100
11692,61,2012,42,119,7,112,0,119
13799,61,2012,42,131,5,126,1,131
13882,61,2012,42,121,2,119,1,121
14188,61,2012,42,104,6,98,1,104
16313,61,2012,42,220,1,219,4,221
16495,61,2012,42,145,5,140,0,145
17353,61,2012,42,119,13,106,0,119
18344,61,2012,42,106,8,98,0,106
18394,61,2012,42,168,11,157,2,168
18420,61,2012,42,176,7,169,1,177
19844,61,2012,42,410,19,391,3,410
21350,61,2012,42,153,4,149,0,153
22745,61,2012,42,103,6,97,1,103
22931,61,2012,42,149,11,138,0,158
23040,61,2012,42,106,2,104,0,106
23642,61,2012,42,75,6,69,0,75
24760,61,2012,42,93,3,90,0,131
25947,61,2012,42,124,10,114,4,124
26999,61,2012,42,14,0,14,0,14
28831,61,2012,42,116,2,114,111,116
30076,61,2012,42,153,5,148,15,153
30952,61,2012,42,191,14,177,3,193
32174,61,2012,42,99,3,96,1,99
34853,61,2012,42,245,4,241,4,256
35227,61,2012,42,208,7,201,1,223
36006,61,2012,42,50,2,48,0,50
36951,61,2012,42,242,3,239,1,242
37617,61,2012,42,305,13,292,0,306
38823,61,2012,42,182,12,170,5,183
38893,61,2012,42,54,1,53,54,54
39701,61,2012,42,122,3,119,0,122
39783,61,2012,42,67,5,62,0,67
40997,61,2012,42,152,16,136,1,153
41393,61,2012,42,71,2,69,0,71
44520,61,2012,42,80,5,75,0,80
44947,61,2012,42,115,0,115,0,115
45292,61,2012,42,353,5,348,148,353
45945,61,2012,42,94,10,84,0,94
46021,61,2012,42,38,2,36,38,39
46160,61,2012,42,129,7,122,2,129
46584,61,2012,42,251,9,242,0,251
46654,61,2012,42,105,6,99,1,105
48990,61,2012,42,29,3,26,0,29
49597,61,2012,42,46,5,41,0,46
50869,61,2012,42,16,0,16,16,16
50947,61,2012,42,274,16,258,0,274
51102,61,2012,42,204,9,195,202,204
51470,61,2012,42,145,7,138,0,145
51597,61,2012,42,216,7,209,3,216
51675,61,2012,42,3,1,2,3,3
51722,61,2012,42,53,5,48,2,54
52067,61,2012,42,184,8,176,1,185
52441,61,2012,42,157,2,155,2,158
52635,61,2012,42,69,4,65,0,70
53275,61,2012,42,81,13,68,3,82
53884,61,2012,42,71,3,68,1,72
55594,61,2012,42,46,0,46,4,46
57637,61,2012,42,220,13,207,0,220
58909,61,2012,42,99,2,97,6,99
59367,61,2012,42,77,4,73,0,77
60482,61,2012,42,49,6,43,49,49
63188,61,2012,42,164,6,158,164,165
63757,61,2012,42,127,7,120,2,129
63817,61,2012,42,80,5,75,0,80
64772,61,2012,42,126,6,120,0,127
66052,61,2012,42,245,4,241,21,245
66404,61,2012,42,219,4,215,0,219
66754,61,2012,42,100,7,93,1,101
66991,61,2012,42,212,7,205,0,213
68494,61,2012,42,172,11,161,1,172
68533,61,2012,42,296,3,293,1,297
68633,61,2012,42,26,2,24,1,27
70889,61,2012,42,69,1,68,3,70
71187,61,2012,42,2,0,2,0,2
71518,61,2012,42,129,3,126,1,129
71700,61,2012,42,260,11,249,1,260
72746,61,2012,42,57,5,52,0,57
73175,61,2012,42,33,0,33,1,33
74916,61,2012,42,7,1,6,0,40
75178,61,2012,42,65,8,57,0,65
75261,61,2012,42,36,0,36,0,239
76313,61,2012,42,152,5,147,0,152
78062,61,2012,42,110,2,108,0,110
78638,61,2012,42,17,1,16,0,146
78911,61,2012,42,79,9,70,79,79
78966,61,2012,42,176,2,174,0,176
79877,61,2012,42,235,3,232,0,237
80058,61,2012,42,46,0,46,0,375
80193,61,2012,42,3,0,3,0,3
82060,61,2012,42,277,4,273,1,277
84215,61,2012,42,65,4,61,1,65
84472,61,2012,42,201,4,197,0,201
84841,61,2012,42,138,2,136,0,138
85596,61,2012,42,261,11,250,0,263
85970,61,2012,42,20,0,20,0,127
86009,61,2012,42,274,5,269,238,284
86352,61,2012,42,248,16,232,5,250
86727,61,2012,42,111,6,105,0,111
89827,61,2012,42,34,4,30,0,34
10060,62,2012,43,86,3,83,2,86
10353,62,2012,43,151,2,149,6,152
10841,62,2012,43,135,13,122,3,135
11023,62,2012,43,26,0,26,2,26
11360,62,2012,43,102,8,94,2,102
11692,62,2012,43,124,7,117,5,124
13799,62,2012,43,132,6,126,1,132
16313,62,2012,43,220,1,219,0,221
16495,62,2012,43,145,5,140,0,145
17353,62,2012,43,119,13,106,0,119
18344,62,2012,43,106,8,98,0,106
18394,62,2012,43,168,11,157,0,168
18420,62,2012,43,176,7,169,0,177
19844,62,2012,43,412,19,393,2,412
21350,62,2012,43,155,4,151,2,155
22745,62,2012,43,103,6,97,0,103
22931,62,2012,43,148,11,137,0,158
23040,62,2012,43,107,2,105,1,107
23642,62,2012,43,75,6,69,0,75
25947,62,2012,43,127,10,117,3,127
26127,62,2012,43,68,2,66,68,68
26425,62,2012,43,49,5,44,0,50
26999,62,2012,43,104,10,94,104,118
30076,62,2012,43,154,5,149,1,154
30952,62,2012,43,115,9,106,0,193
31372,62,2012,43,74,3,71,4,82
32174,62,2012,43,100,3,97,1,100
34853,62,2012,43,245,4,241,0,256
35227,62,2012,43,211,8,203,3,226
36006,62,2012,43,50,2,48,0,50
36143,62,2012,43,264,11,253,61,264
36951,62,2012,43,243,3,240,1,243
37617,62,2012,43,309,13,296,4,310
38823,62,2012,43,183,12,171,1,184
38901,62,2012,43,233,13,220,8,233
38927,62,2012,43,213,2,211,2,213
39701,62,2012,43,122,3,119,0,122
39783,62,2012,43,68,5,63,2,69
40997,62,2012,43,153,16,137,1,154
44520,62,2012,43,80,5,75,0,80
45292,62,2012,43,341,5,336,1,354
45539,62,2012,43,52,3,49,52,52
45945,62,2012,43,95,10,85,1,95
46160,62,2012,43,128,7,121,0,129
46584,62,2012,43,251,9,242,0,251
46654,62,2012,43,105,6,99,0,105
50181,62,2012,43,73,4,69,73,73
50869,62,2012,43,97,1,96,81,97
50947,62,2012,43,278,16,262,4,278
51102,62,2012,43,204,9,195,0,204
51470,62,2012,43,145,7,138,0,145
51597,62,2012,43,224,7,217,8,224
51722,62,2012,43,54,5,49,1,55
52067,62,2012,43,198,8,190,14,199
53275,62,2012,43,82,13,69,1,83
53884,62,2012,43,73,3,70,2,74
55594,62,2012,43,48,0,48,2,48
57637,62,2012,43,221,13,208,1,221
58909,62,2012,43,99,2,97,0,99
59367,62,2012,43,77,4,73,0,77
60482,62,2012,43,61,6,55,12,61
62555,62,2012,43,184,12,172,131,186
63063,62,2012,43,206,2,204,205,206
63188,62,2012,43,167,7,160,4,169
63757,62,2012,43,127,7,120,0,129
63817,62,2012,43,80,5,75,0,80
66052,62,2012,43,251,4,247,7,252
66404,62,2012,43,218,3,215,4,223
66754,62,2012,43,102,7,95,2,103
66991,62,2012,43,214,7,207,2,215
68494,62,2012,43,174,11,163,2,174
68533,62,2012,43,299,3,296,3,300
68633,62,2012,43,27,2,25,1,28
70889,62,2012,43,70,1,69,1,71
71187,62,2012,43,69,0,69,69,71
71518,62,2012,43,129,3,126,0,129
71627,62,2012,43,219,8,211,219,219
72746,62,2012,43,57,5,52,0,57
74916,62,2012,43,18,2,16,0,40
75178,62,2012,43,65,8,57,0,65
75261,62,2012,43,117,3,114,0,239
75468,62,2012,43,32,4,28,32,32
76313,62,2012,43,152,5,147,0,152
77824,62,2012,43,140,8,132,7,140
78062,62,2012,43,110,2,108,0,110
78638,62,2012,43,150,8,142,5,151
78911,62,2012,43,80,9,71,1,80
78966,62,2012,43,177,2,175,1,177
79877,62,2012,43,238,3,235,3,240
80058,62,2012,43,34,0,34,0,375
80193,62,2012,43,3,0,3,0,3
82060,62,2012,43,277,4,273,0,277
82282,62,2012,43,107,6,101,0,109
84215,62,2012,43,65,4,61,0,65
84472,62,2012,43,202,4,198,1,202
84841,62,2012,43,138,2,136,0,138
85596,62,2012,43,262,11,251,1,264
85970,62,2012,43,27,0,27,0,127
86610,62,2012,43,79,4,75,3,79
86727,62,2012,43,111,6,105,0,111
88175,62,2012,43,133,8,125,133,133
89827,62,2012,43,34,4,30,0,34
10060,63,2012,44,86,3,83,0,86
10281,63,2012,44,65,1,64,1,66
10353,63,2012,44,151,2,149,1,153
10841,63,2012,44,136,13,123,1,136
11023,63,2012,44,26,0,26,0,26
11360,63,2012,44,103,8,95,1,103
11692,63,2012,44,125,7,118,1,125
13799,63,2012,44,132,6,126,0,132
13882,63,2012,44,122,2,120,1,122
14188,63,2012,44,105,6,99,2,106
16313,63,2012,44,221,1,220,2,223
16495,63,2012,44,146,5,141,1,146
17353,63,2012,44,119,13,106,0,119
18344,63,2012,44,106,8,98,0,106
18394,63,2012,44,168,11,157,0,168
19844,63,2012,44,414,19,395,3,415
21350,63,2012,44,156,5,151,1,156
22617,63,2012,44,27,0,27,27,27
22745,63,2012,44,103,6,97,0,103
22931,63,2012,44,151,12,139,0,158
23144,63,2012,44,118,14,104,118,118
23642,63,2012,44,75,6,69,0,75
24543,63,2012,44,64,2,62,64,64
24853,63,2012,44,181,8,173,0,181
25171,63,2012,44,151,3,148,0,188
25947,63,2012,44,127,10,117,0,127
26127,63,2012,44,112,4,108,44,112
26425,63,2012,44,50,5,45,1,51
26999,63,2012,44,104,10,94,0,118
29914,63,2012,44,85,7,78,0,85
30076,63,2012,44,157,5,152,3,157
30952,63,2012,44,193,14,179,3,196
31372,63,2012,44,74,3,71,0,82
32174,63,2012,44,100,3,97,0,100
34853,63,2012,44,245,4,241,0,256
35227,63,2012,44,212,8,204,1,227
36006,63,2012,44,50,2,48,0,50
36143,63,2012,44,6,1,5,0,264
36951,63,2012,44,243,3,240,0,243
37617,63,2012,44,311,13,298,2,312
38823,63,2012,44,184,12,172,1,185
38893,63,2012,44,54,1,53,0,54
38901,63,2012,44,234,13,221,1,234
38927,63,2012,44,40,0,40,0,213
39701,63,2012,44,123,3,120,1,123
39783,63,2012,44,68,5,63,0,69
40629,63,2012,44,192,1,191,4,193
40997,63,2012,44,155,16,139,2,156
41393,63,2012,44,71,2,69,0,71
44520,63,2012,44,82,5,77,2,82
44947,63,2012,44,115,0,115,0,115
45000,63,2012,44,2,0,2,0,2
45292,63,2012,44,396,5,391,43,397
45539,63,2012,44,52,3,49,0,52
45945,63,2012,44,95,10,85,0,95
46160,63,2012,44,129,7,122,1,130
46584,63,2012,44,252,9,243,1,252
46654,63,2012,44,110,6,104,5,110
46771,63,2012,44,7,0,7,0,7
48990,63,2012,44,29,3,26,0,29
49597,63,2012,44,46,5,41,0,46
50181,63,2012,44,73,4,69,0,73
50869,63,2012,44,154,5,149,57,154
50947,63,2012,44,281,16,265,3,281
51470,63,2012,44,145,7,138,0,145
51597,63,2012,44,226,7,219,2,226
51722,63,2012,44,54,5,49,0,55
52067,63,2012,44,200,7,193,3,202
52385,63,2012,44,197,6,191,197,197
52635,63,2012,44,70,4,66,1,71
53275,63,2012,44,82,13,69,0,83
53884,63,2012,44,73,3,70,0,74
55594,63,2012,44,50,0,50,2,50
57637,63,2012,44,223,13,210,2,223
58909,63,2012,44,99,2,97,0,99
59367,63,2012,44,77,4,73,0,77
62555,63,2012,44,186,12,174,3,189
63063,63,2012,44,207,2,205,1,207
63188,63,2012,44,168,7,161,1,170
63757,63,2012,44,128,7,121,1,130
64772,63,2012,44,126,6,120,0,127
66052,63,2012,44,255,5,250,5,257
66404,63,2012,44,219,3,216,1,224
66754,63,2012,44,103,7,96,1,104
66991,63,2012,44,214,7,207,0,215
68494,63,2012,44,176,11,165,2,176
68533,63,2012,44,272,3,269,0,300
68633,63,2012,44,28,2,26,1,29
70889,63,2012,44,71,1,70,1,72
71187,63,2012,44,70,0,70,1,72
71518,63,2012,44,129,3,126,0,129
71627,63,2012,44,188,8,180,0,219
71700,63,2012,44,151,6,145,0,260
72746,63,2012,44,57,5,52,0,57
73175,63,2012,44,33,0,33,0,33
75178,63,2012,44,65,8,57,0,65
75261,63,2012,44,243,7,236,5,244
75468,63,2012,44,32,4,28,0,32
76313,63,2012,44,152,5,147,0,152
77824,63,2012,44,140,8,132,0,140
78062,63,2012,44,110,2,108,0,110
78638,63,2012,44,164,9,155,14,165
78966,63,2012,44,93,0,93,0,177
79877,63,2012,44,240,3,237,2,242
80058,63,2012,44,46,0,46,0,375
80193,63,2012,44,3,0,3,0,3
82060,63,2012,44,277,4,273,0,277
82282,63,2012,44,107,6,101,0,109
84215,63,2012,44,66,4,62,1,66
84472,63,2012,44,202,4,198,0,202
84625,63,2012,44,25,1,24,25,25
84841,63,2012,44,138,2,136,0,138
85596,63,2012,44,262,11,251,0,264
86352,63,2012,44,250,16,234,2,252
86727,63,2012,44,112,6,106,1,112
88175,63,2012,44,133,8,125,0,133
89827,63,2012,44,34,4,30,0,34
10060,64,2012,45,89,3,86,3,89
10281,64,2012,45,65,1,64,0,66
10353,64,2012,45,152,2,150,1,154
10841,64,2012,45,137,13,124,1,137
11360,64,2012,45,104,8,96,1,104
11692,64,2012,45,125,7,118,0,125
13799,64,2012,45,132,6,126,0,132
13882,64,2012,45,123,2,121,1,123
14188,64,2012,45,105,6,99,0,106
16313,64,2012,45,223,1,222,2,225
16495,64,2012,45,149,5,144,3,149
17353,64,2012,45,119,13,106,0,119
18344,64,2012,45,108,8,100,2,108
18394,64,2012,45,170,11,159,2,170
18420,64,2012,45,177,7,170,1,178
19844,64,2012,45,410,19,391,36,451
21350,64,2012,45,158,5,153,2,158
22617,64,2012,45,91,1,90,64,91
22745,64,2012,45,103,6,97,0,103
22931,64,2012,45,158,12,146,0,158
23040,64,2012,45,110,2,108,3,110
23144,64,2012,45,121,14,107,3,121
23642,64,2012,45,75,6,69,0,75
24760,64,2012,45,146,5,141,16,147
24853,64,2012,45,181,8,173,0,181
25544,64,2012,45,402,15,387,15,403
25947,64,2012,45,127,10,117,0,127
26127,64,2012,45,113,4,109,1,113
26425,64,2012,45,50,5,45,0,51
26999,64,2012,45,104,10,94,0,118
29914,64,2012,45,85,7,78,0,85
30076,64,2012,45,158,5,153,1,158
30952,64,2012,45,196,14,182,4,200
31372,64,2012,45,74,3,71,0,82
32174,64,2012,45,102,3,99,2,102
32899,64,2012,45,41,3,38,2,41
34853,64,2012,45,246,4,242,1,257
35227,64,2012,45,212,8,204,0,227
36006,64,2012,45,50,2,48,0,50
36143,64,2012,45,267,11,256,3,267
36951,64,2012,45,244,3,241,1,244
37617,64,2012,45,312,13,299,1,313
38823,64,2012,45,186,12,174,2,187
38893,64,2012,45,57,1,56,3,57
39701,64,2012,45,123,3,120,0,123
39783,64,2012,45,68,5,63,1,70
40997,64,2012,45,156,16,140,1,157
41393,64,2012,45,76,2,74,6,77
44167,64,2012,45,293,10,283,9,298
44520,64,2012,45,83,5,78,2,84
44947,64,2012,45,116,0,116,1,116
45292,64,2012,45,399,5,394,3,400
45539,64,2012,45,52,3,49,0,52
46160,64,2012,45,129,7,122,0,130
46584,64,2012,45,252,9,243,0,252
46654,64,2012,45,109,6,103,0,110
46771,64,2012,45,7,0,7,0,7
48990,64,2012,45,29,3,26,0,29
49597,64,2012,45,46,5,41,0,46
50181,64,2012,45,73,4,69,0,73
51102,64,2012,45,204,9,195,0,204
51470,64,2012,45,146,7,139,1,146
51597,64,2012,45,228,7,221,2,228
51675,64,2012,45,3,1,2,0,3
51722,64,2012,45,54,5,49,0,55
52067,64,2012,45,201,6,195,2,204
52385,64,2012,45,217,7,210,20,217
52635,64,2012,45,70,4,66,0,71
53275,64,2012,45,82,13,69,0,83
53884,64,2012,45,73,3,70,0,74
55594,64,2012,45,51,0,51,1,51
58909,64,2012,45,100,2,98,1,100
59367,64,2012,45,77,4,73,0,77
62555,64,2012,45,191,12,179,5,194
63757,64,2012,45,128,7,121,0,130
64772,64,2012,45,126,6,120,0,127
66052,64,2012,45,259,5,254,4,261
66404,64,2012,45,221,3,218,2,226
66991,64,2012,45,221,8,213,7,222
68494,64,2012,45,176,11,165,0,176
68533,64,2012,45,300,3,297,1,301
68633,64,2012,45,30,2,28,2,31
70889,64,2012,45,71,1,70,0,72
71187,64,2012,45,71,0,71,2,74
71518,64,2012,45,129,3,126,0,129
71627,64,2012,45,1,0,1,0,219
72746,64,2012,45,57,5,52,0,57
73175,64,2012,45,33,0,33,0,33
75178,64,2012,45,65,8,57,1,66
76313,64,2012,45,153,5,148,1,153
77824,64,2012,45,141,8,133,1,141
78062,64,2012,45,110,2,108,0,110
80058,64,2012,45,380,1,379,6,381
80193,64,2012,45,3,0,3,0,3
82060,64,2012,45,277,4,273,0,277
82282,64,2012,45,107,6,101,0,109
84215,64,2012,45,66,4,62,0,66
84472,64,2012,45,203,4,199,1,203
84625,64,2012,45,25,1,24,0,25
84841,64,2012,45,139,2,137,1,139
85596,64,2012,45,262,11,251,0,264
86352,64,2012,45,250,16,234,0,252
86727,64,2012,45,112,6,106,0,112
88133,64,2012,45,121,15,106,120,122
10060,65,2012,46,90,3,87,1,90
10281,65,2012,46,65,1,64,0,66
10353,65,2012,46,152,2,150,0,154
11360,65,2012,46,105,8,97,1,105
11692,65,2012,46,126,7,119,1,126
13799,65,2012,46,132,6,126,0,132
14188,65,2012,46,106,6,100,1,107
16313,65,2012,46,224,1,223,1,226
16495,65,2012,46,150,5,145,1,150
17353,65,2012,46,119,13,106,0,119
18344,65,2012,46,109,8,101,1,109
18394,65,2012,46,170,11,159,0,170
19844,65,2012,46,412,19,393,3,454
21350,65,2012,46,161,5,156,3,161
22617,65,2012,46,22,0,22,0,91
22745,65,2012,46,102,6,96,0,103
22931,65,2012,46,154,12,142,0,158
23040,65,2012,46,110,2,108,0,110
23144,65,2012,46,121,14,107,0,121
23642,65,2012,46,75,6,69,0,75
24543,65,2012,46,74,2,72,10,74
24760,65,2012,46,54,2,52,0,147
24853,65,2012,46,183,8,175,2,183
25947,65,2012,46,127,10,117,0,127
26425,65,2012,46,50,5,45,0,51
26999,65,2012,46,104,10,94,0,118
30076,65,2012,46,178,6,172,20,178
31372,65,2012,46,74,3,71,1,83
31583,65,2012,46,230,11,219,230,230
32174,65,2012,46,104,3,101,2,104
34853,65,2012,46,247,4,243,1,258
35227,65,2012,46,213,8,205,1,228
36006,65,2012,46,50,2,48,0,50
36143,65,2012,46,272,12,260,5,272
36951,65,2012,46,246,3,243,2,246
37617,65,2012,46,313,13,300,1,314
38823,65,2012,46,187,12,175,1,188
38901,65,2012,46,234,13,221,0,234
39701,65,2012,46,123,3,120,0,123
39783,65,2012,46,68,5,63,0,70
40629,65,2012,46,193,2,191,1,194
40997,65,2012,46,157,16,141,1,158
41393,65,2012,46,76,2,74,0,77
44520,65,2012,46,84,5,79,1,85
45539,65,2012,46,52,3,49,0,52
46021,65,2012,46,2,0,2,0,39
46160,65,2012,46,129,7,122,0,130
46584,65,2012,46,255,9,246,3,255
46654,65,2012,46,110,7,103,1,111
46771,65,2012,46,7,0,7,0,7
48187,65,2012,46,239,8,231,239,240
49294,65,2012,46,28,1,27,28,28
50181,65,2012,46,73,4,69,0,73
50709,65,2012,46,92,3,89,92,92
50947,65,2012,46,285,16,269,4,285
51102,65,2012,46,204,9,195,0,204
51470,65,2012,46,148,7,141,2,148
51597,65,2012,46,229,7,222,1,229
51675,65,2012,46,3,1,2,0,3
51722,65,2012,46,54,5,49,0,55
52067,65,2012,46,201,6,195,0,204
52385,65,2012,46,223,7,216,6,223
53275,65,2012,46,83,13,70,1,84
53884,65,2012,46,75,3,72,2,76
55594,65,2012,46,52,0,52,1,52
57637,65,2012,46,225,13,212,2,225
58909,65,2012,46,100,2,98,0,100
59367,65,2012,46,77,4,73,0,77
60482,65,2012,46,20,4,16,0,61
62555,65,2012,46,194,12,182,3,197
63063,65,2012,46,12,0,12,0,207
63188,65,2012,46,170,7,163,2,172
63757,65,2012,46,131,7,124,3,133
64772,65,2012,46,126,6,120,0,127
66052,65,2012,46,270,5,265,11,272
66404,65,2012,46,222,3,219,1,227
66754,65,2012,46,103,7,96,0,104
66991,65,2012,46,222,8,214,1,223
68494,65,2012,46,177,11,166,1,177
68533,65,2012,46,301,3,298,1,302
68633,65,2012,46,30,2,28,0,31
70889,65,2012,46,72,1,71,1,73
71187,65,2012,46,71,0,71,0,74
71518,65,2012,46,132,3,129,3,132
71627,65,2012,46,54,2,52,0,219
72746,65,2012,46,57,5,52,0,57
73175,65,2012,46,33,0,33,0,33
75178,65,2012,46,65,8,57,0,66
75468,65,2012,46,33,4,29,1,33
76313,65,2012,46,156,5,151,3,156
77291,65,2012,46,158,11,147,157,160
77824,65,2012,46,141,8,133,0,141
78062,65,2012,46,110,2,108,2,112
78638,65,2012,46,83,4,79,0,165
78911,65,2012,46,85,9,76,5,85
79877,65,2012,46,297,4,293,64,306
80058,65,2012,46,53,0,53,0,381
80193,65,2012,46,178,11,167,176,179
82060,65,2012,46,277,4,273,0,277
84215,65,2012,46,66,4,62,0,66
84472,65,2012,46,205,4,201,2,205
84625,65,2012,46,25,1,24,0,25
84841,65,2012,46,140,2,138,1,140
85596,65,2012,46,262,11,251,0,264
85970,65,2012,46,131,3,128,4,131
86237,65,2012,46,40,5,35,40,40
86352,65,2012,46,250,16,234,0,252
86727,65,2012,46,112,6,106,0,112
88175,65,2012,46,134,8,126,1,134
89827,65,2012,46,35,4,31,1,35
10060,66,2012,47,90,3,87,0,90
10281,66,2012,47,65,1,64,0,66
10353,66,2012,47,152,2,150,0,154
10841,66,2012,47,144,13,131,7,144
11023,66,2012,47,27,0,27,1,27
11360,66,2012,47,106,9,97,1,106
11692,66,2012,47,125,7,118,0,126
13799,66,2012,47,132,6,126,0,132
13882,66,2012,47,124,2,122,1,124
14106,66,2012,47,86,1,85,5,87
14188,66,2012,47,107,6,101,1,108
16313,66,2012,47,226,1,225,2,228
16495,66,2012,47,150,5,145,0,150
18344,66,2012,47,109,8,101,0,109
18394,66,2012,47,172,11,161,2,172
19844,66,2012,47,412,19,393,0,454
21350,66,2012,47,162,5,157,1,162
22745,66,2012,47,103,6,97,1,104
22931,66,2012,47,153,11,142,0,158
23040,66,2012,47,110,2,108,0,110
23144,66,2012,47,121,14,107,0,121
23642,66,2012,47,75,6,69,0,75
24543,66,2012,47,74,2,72,0,74
24853,66,2012,47,183,8,175,0,183
25171,66,2012,47,203,4,199,15,203
25947,66,2012,47,130,10,120,3,130
26127,66,2012,47,3,1,2,0,113
26425,66,2012,47,50,5,45,0,51
26999,66,2012,47,104,10,94,0,118
29914,66,2012,47,85,7,78,0,85
30076,66,2012,47,179,6,173,1,179
30952,66,2012,47,202,15,187,7,207
31372,66,2012,47,75,3,72,1,84
31583,66,2012,47,234,12,222,4,234
32174,66,2012,47,104,3,101,0,104
34853,66,2012,47,247,4,243,0,258
35227,66,2012,47,213,8,205,0,228
36006,66,2012,47,50,2,48,0,50
36951,66,2012,47,247,3,244,1,247
37617,66,2012,47,313,13,300,0,314
38823,66,2012,47,188,12,176,1,189
38893,66,2012,47,59,1,58,2,59
38901,66,2012,47,234,13,221,0,234
38927,66,2012,47,15,0,15,0,213
39701,66,2012,47,123,3,120,0,123
39783,66,2012,47,67,5,62,0,70
40629,66,2012,47,193,2,191,0,194
40997,66,2012,47,157,16,141,0,158
41393,66,2012,47,77,2,75,1,78
44520,66,2012,47,84,5,79,0,85
44947,66,2012,47,116,0,116,0,116
45292,66,2012,47,401,5,396,2,402
45539,66,2012,47,52,3,49,0,52
46160,66,2012,47,129,7,122,0,130
46654,66,2012,47,110,7,103,0,111
46771,66,2012,47,7,0,7,0,7
48187,66,2012,47,25,0,25,3,243
48990,66,2012,47,30,3,27,1,30
49597,66,2012,47,46,5,41,0,46
50181,66,2012,47,73,4,69,0,73
50709,66,2012,47,8,0,8,0,92
50947,66,2012,47,286,16,270,1,286
51102,66,2012,47,204,9,195,0,204
51470,66,2012,47,148,7,141,0,148
51597,66,2012,47,231,7,224,2,231
51722,66,2012,47,55,5,50,1,56
52067,66,2012,47,201,6,195,0,204
52385,66,2012,47,223,7,216,0,223
52635,66,2012,47,72,4,68,2,73
53275,66,2012,47,83,13,70,0,84
53884,66,2012,47,75,3,72,0,76
55594,66,2012,47,56,0,56,4,56
57637,66,2012,47,226,13,213,1,226
58909,66,2012,47,100,2,98,0,100
59367,66,2012,47,78,4,74,1,78
62555,66,2012,47,195,12,183,1,198
63188,66,2012,47,171,7,164,1,173
63757,66,2012,47,131,7,124,0,133
64772,66,2012,47,126,6,120,0,127
66052,66,2012,47,272,5,267,2,274
66404,66,2012,47,223,3,220,1,228
66754,66,2012,47,103,7,96,0,104
66991,66,2012,47,222,8,214,1,224
68494,66,2012,47,177,11,166,0,177
68533,66,2012,47,301,3,298,0,302
68633,66,2012,47,31,2,29,1,32
69065,66,2012,47,156,1,155,86,156
70889,66,2012,47,75,1,74,3,76
71187,66,2012,47,8,0,8,0,74
71518,66,2012,47,132,3,129,0,132
71627,66,2012,47,227,8,219,8,227
71700,66,2012,47,35,0,35,0,260
73303,66,2012,47,72,1,71,10,73
75178,66,2012,47,65,8,57,0,66
75468,66,2012,47,33,4,29,0,33
76313,66,2012,47,157,5,152,1,157
77291,66,2012,47,158,11,147,0,160
77824,66,2012,47,141,8,133,0,141
78966,66,2012,47,185,2,183,9,186
79877,66,2012,47,296,4,292,0,306
82060,66,2012,47,277,4,273,0,277
82282,66,2012,47,107,6,101,0,109
84215,66,2012,47,68,4,64,2,68
84472,66,2012,47,206,4,202,1,206
84625,66,2012,47,25,1,24,0,25
84841,66,2012,47,141,2,139,1,141
85596,66,2012,47,262,11,251,0,264
86237,66,2012,47,40,5,35,0,40
86352,66,2012,47,250,16,234,0,252
86727,66,2012,47,112,6,106,0,112
88175,66,2012,47,134,8,126,0,134
10060,67,2012,48,90,3,87,0,90
10281,67,2012,48,65,1,64,0,66
10353,67,2012,48,152,2,150,0,154
11023,67,2012,48,29,0,29,2,29
11360,67,2012,48,106,9,97,0,106
11692,67,2012,48,128,7,121,2,128
13799,67,2012,48,132,6,126,0,132
14106,67,2012,48,9,0,9,0,87
14188,67,2012,48,107,6,101,0,108
16313,67,2012,48,227,2,225,1,229
16495,67,2012,48,150,5,145,0,150
17353,67,2012,48,119,13,106,0,119
18344,67,2012,48,109,8,101,0,109
18394,67,2012,48,173,11,162,1,173
18420,67,2012,48,177,7,170,0,178
19844,67,2012,48,414,19,395,1,455
21350,67,2012,48,163,5,158,2,164
22617,67,2012,48,106,1,105,15,106
22745,67,2012,48,105,6,99,2,106
22931,67,2012,48,144,10,134,0,158
23040,67,2012,48,110,2,108,0,110
23144,67,2012,48,121,14,107,0,121
23642,67,2012,48,76,6,70,1,76
24543,67,2012,48,75,2,73,1,75
24760,67,2012,48,54,2,52,0,147
25171,67,2012,48,112,1,111,0,203
25947,67,2012,48,131,10,121,1,131
26127,67,2012,48,114,4,110,2,115
26425,67,2012,48,52,5,47,2,53
28831,67,2012,48,1,0,1,0,116
30076,67,2012,48,179,6,173,0,179
30952,67,2012,48,205,15,190,3,210
31583,67,2012,48,237,12,225,3,237
32174,67,2012,48,105,3,102,1,105
32899,67,2012,48,41,3,38,0,41
34853,67,2012,48,248,4,244,1,259
35227,67,2012,48,213,8,205,0,228
36006,67,2012,48,50,2,48,0,50
36143,67,2012,48,275,12,263,3,275
36951,67,2012,48,249,3,246,2,249
37617,67,2012,48,313,13,300,0,314
38823,67,2012,48,189,12,177,1,190
38893,67,2012,48,62,2,60,3,62
38901,67,2012,48,235,13,222,1,235
39701,67,2012,48,124,3,121,1,124
39783,67,2012,48,67,5,62,0,70
40629,67,2012,48,123,0,123,0,194
40997,67,2012,48,159,16,143,3,161
41393,67,2012,48,77,2,75,0,78
44167,67,2012,48,287,10,277,0,298
44520,67,2012,48,86,5,81,2,87
44947,67,2012,48,117,0,117,1,117
45000,67,2012,48,2,0,2,0,2
45292,67,2012,48,401,5,396,0,402
45539,67,2012,48,52,3,49,0,52
45945,67,2012,48,96,10,86,1,96
46160,67,2012,48,129,7,122,0,130
46584,67,2012,48,259,10,249,4,259
46654,67,2012,48,112,7,105,2,113
46771,67,2012,48,7,0,7,0,7
48187,67,2012,48,242,8,234,0,243
48990,67,2012,48,30,3,27,0,30
49294,67,2012,48,28,1,27,0,28
49597,67,2012,48,46,5,41,0,46
50181,67,2012,48,73,4,69,0,73
50869,67,2012,48,157,5,152,3,157
50947,67,2012,48,287,16,271,1,287
51102,67,2012,48,204,9,195,0,204
51470,67,2012,48,149,7,142,1,149
51597,67,2012,48,232,7,225,1,232
51675,67,2012,48,3,1,2,0,3
51722,67,2012,48,55,5,50,0,56
52067,67,2012,48,201,6,195,0,204
52635,67,2012,48,72,4,68,0,73
53275,67,2012,48,82,13,69,0,84
55594,67,2012,48,60,0,60,4,60
57637,67,2012,48,227,13,214,1,227
58909,67,2012,48,101,2,99,1,101
59367,67,2012,48,78,4,74,0,78
62555,67,2012,48,194,12,182,0,198
63063,67,2012,48,115,0,115,0,207
63188,67,2012,48,171,7,164,0,173
63757,67,2012,48,131,7,124,0,133
64772,67,2012,48,126,6,120,0,127
66052,67,2012,48,275,5,270,3,277
66404,67,2012,48,224,3,221,1,229
66754,67,2012,48,103,7,96,0,104
66991,67,2012,48,223,8,215,1,225
68533,67,2012,48,75,0,75,0,302
68633,67,2012,48,33,2,31,3,35
70889,67,2012,48,75,1,74,0,76
71187,67,2012,48,71,0,71,0,74
71518,67,2012,48,132,3,129,0,132
71627,67,2012,48,181,8,173,0,227
71700,67,2012,48,278,12,266,18,278
72746,67,2012,48,57,5,52,0,57
75178,67,2012,48,65,8,57,0,66
75468,67,2012,48,33,4,29,0,33
76313,67,2012,48,158,5,153,1,158
77291,67,2012,48,158,11,147,0,160
77824,67,2012,48,141,8,133,0,141
78062,67,2012,48,111,2,109,1,113
78638,67,2012,48,43,3,40,0,165
78911,67,2012,48,89,9,80,4,89
78966,67,2012,48,185,2,183,0,186
79877,67,2012,48,297,4,293,1,307
80193,67,2012,48,179,11,168,1,180
82060,67,2012,48,277,4,273,0,277
82282,67,2012,48,107,6,101,0,109
84215,67,2012,48,68,4,64,0,68
84472,67,2012,48,206,4,202,0,206
84625,67,2012,48,25,1,24,0,25
84841,67,2012,48,141,2,139,0,141
85596,67,2012,48,262,11,251,0,264
86237,67,2012,48,40,5,35,0,40
86352,67,2012,48,251,16,235,1,253
86610,67,2012,48,32,0,32,0,79
86727,67,2012,48,112,6,106,0,112
88175,67,2012,48,136,8,128,2,136
89827,67,2012,48,37,4,33,2,37
10060,68,2012,49,91,3,88,1,91
10281,68,2012,49,65,1,64,0,66
10353,68,2012,49,152,2,150,0,154
10841,68,2012,49,145,13,132,1,145
11360,68,2012,49,108,9,99,3,109
11692,68,2012,49,128,7,121,0,128
13799,68,2012,49,135,5,130,4,136
13882,68,2012,49,125,2,123,1,125
16313,68,2012,49,228,2,226,2,231
16495,68,2012,49,150,5,145,0,150
17353,68,2012,49,120,13,107,1,120
18344,68,2012,49,110,9,101,1,110
18394,68,2012,49,173,11,162,0,173
21350,68,2012,49,164,5,159,1,165
22745,68,2012,49,105,6,99,0,106
22931,68,2012,49,152,11,141,0,158
23040,68,2012,49,110,2,108,0,110
23144,68,2012,49,121,14,107,0,121
23642,68,2012,49,77,6,71,1,77
24853,68,2012,49,188,8,180,5,188
25171,68,2012,49,10,0,10,0,203
25494,68,2012,49,139,4,135,139,139
25947,68,2012,49,131,10,121,0,131
26425,68,2012,49,52,5,47,0,53
26999,68,2012,49,107,10,97,3,121
28831,68,2012,49,119,2,117,3,119
30076,68,2012,49,181,6,175,2,181
30952,68,2012,49,87,6,81,0,210
31372,68,2012,49,75,3,72,0,84
32174,68,2012,49,107,3,104,2,107
34853,68,2012,49,251,4,247,3,262
35227,68,2012,49,215,9,206,2,230
36006,68,2012,49,50,2,48,0,50
36143,68,2012,49,277,12,265,2,277
36951,68,2012,49,252,3,249,3,252
37617,68,2012,49,313,13,300,0,314
38823,68,2012,49,191,12,179,2,192
38893,68,2012,49,63,2,61,1,63
39701,68,2012,49,125,3,122,1,125
39783,68,2012,49,67,5,62,0,70
40629,68,2012,49,193,2,191,0,194
40997,68,2012,49,160,16,144,3,164
41393,68,2012,49,78,2,76,1,79
44167,68,2012,49,303,10,293,11,309
44520,68,2012,49,86,5,81,1,88
45292,68,2012,49,403,5,398,2,404
45539,68,2012,49,54,3,51,2,54
45945,68,2012,49,97,10,87,2,98
46160,68,2012,49,129,7,122,0,130
46584,68,2012,49,259,10,249,0,259
46654,68,2012,49,114,7,107,2,115
46771,68,2012,49,7,0,7,0,7
48990,68,2012,49,31,3,28,1,31
49294,68,2012,49,28,1,27,0,28
49597,68,2012,49,46,5,41,0,46
50181,68,2012,49,74,4,70,1,74
50947,68,2012,49,289,16,273,2,289
51470,68,2012,49,149,7,142,0,149
51597,68,2012,49,234,7,227,3,235
51722,68,2012,49,55,5,50,0,56
52385,68,2012,49,225,7,218,2,225
53275,68,2012,49,81,13,68,1,85
53884,68,2012,49,31,0,31,0,76
55594,68,2012,49,62,0,62,2,62
57637,68,2012,49,228,13,215,1,228
58909,68,2012,49,100,2,98,0,101
59367,68,2012,49,78,4,74,0,78
60482,68,2012,49,116,9,107,55,116
61280,68,2012,49,122,5,117,122,122
62555,68,2012,49,195,12,183,1,199
63063,68,2012,49,36,0,36,0,207
63188,68,2012,49,172,7,165,1,174
63757,68,2012,49,131,7,124,0,133
66052,68,2012,49,257,5,252,3,280
66404,68,2012,49,229,3,226,7,236
66754,68,2012,49,103,7,96,0,104
66991,68,2012,49,229,8,221,6,231
68494,68,2012,49,181,11,170,4,181
68533,68,2012,49,301,3,298,0,302
68633,68,2012,49,33,2,31,0,35
70889,68,2012,49,79,1,78,4,80
71187,68,2012,49,71,0,71,1,75
71518,68,2012,49,133,3,130,1,133
71627,68,2012,49,228,8,220,3,230
71700,68,2012,49,279,12,267,1,279
72746,68,2012,49,57,5,52,0,57
73175,68,2012,49,33,0,33,0,33
75178,68,2012,49,66,8,58,1,67
75468,68,2012,49,33,4,29,0,33
76313,68,2012,49,158,5,153,0,158
77291,68,2012,49,16,0,16,0,160
77824,68,2012,49,145,8,137,4,145
78062,68,2012,49,112,2,110,1,114
78638,68,2012,49,70,4,66,0,165
78911,68,2012,49,91,9,82,2,91
78966,68,2012,49,186,2,184,1,187
79877,68,2012,49,301,4,297,4,311
80193,68,2012,49,180,11,169,1,181
82060,68,2012,49,277,4,273,0,277
82282,68,2012,49,108,6,102,1,110
84215,68,2012,49,68,4,64,0,68
84472,68,2012,49,207,4,203,1,207
84625,68,2012,49,25,1,24,0,25
84841,68,2012,49,144,2,142,3,144
85596,68,2012,49,263,11,252,1,265
85970,68,2012,49,23,0,23,0,131
86237,68,2012,49,40,5,35,0,40
86352,68,2012,49,251,16,235,0,253
86727,68,2012,49,112,6,106,0,112
88175,68,2012,49,136,8,128,0,136
89827,68,2012,49,38,4,34,1,38
10060,69,2012,50,92,3,89,1,92
10281,69,2012,50,66,1,65,1,67
11023,69,2012,50,30,0,30,1,30
11360,69,2012,50,108,9,99,0,109
11692,69,2012,50,128,7,121,0,128
13799,69,2012,50,135,5,130,0,136
13882,69,2012,50,125,2,123,0,125
16313,69,2012,50,228,2,226,0,231
17353,69,2012,50,120,13,107,0,120
18344,69,2012,50,110,9,101,0,110
18394,69,2012,50,174,11,163,1,174
18420,69,2012,50,178,7,171,1,179
19844,69,2012,50,413,19,394,0,455
21350,69,2012,50,166,5,161,2,167
22745,69,2012,50,105,6,99,0,106
22931,69,2012,50,149,12,137,0,158
23040,69,2012,50,110,2,108,0,110
23144,69,2012,50,121,14,107,0,121
23642,69,2012,50,77,6,71,0,77
24543,69,2012,50,77,2,75,2,77
24853,69,2012,50,189,8,181,1,189
25494,69,2012,50,139,4,135,0,139
25947,69,2012,50,132,10,122,1,132
26127,69,2012,50,114,4,110,0,115
26425,69,2012,50,52,5,47,0,53
30076,69,2012,50,181,6,175,0,181
30952,69,2012,50,1,0,1,0,210
31372,69,2012,50,76,3,73,1,85
31583,69,2012,50,5,0,5,0,237
32174,69,2012,50,107,3,104,0,107
34250,69,2012,50,142,4,138,142,142
34853,69,2012,50,251,4,247,0,262
35227,69,2012,50,215,9,206,0,230
36143,69,2012,50,278,12,266,1,278
36951,69,2012,50,252,3,249,0,252
37617,69,2012,50,313,13,300,0,314
38823,69,2012,50,191,12,179,0,192
38901,69,2012,50,236,13,223,1,236
38927,69,2012,50,217,2,215,4,217
39701,69,2012,50,125,3,122,0,125
39783,69,2012,50,67,5,62,0,70
40629,69,2012,50,194,2,192,1,195
44520,69,2012,50,86,5,81,0,88
44947,69,2012,50,123,0,123,6,123
45000,69,2012,50,2,0,2,0,2
45945,69,2012,50,98,10,88,1,99
46160,69,2012,50,129,7,122,0,130
46584,69,2012,50,259,10,249,0,259
46654,69,2012,50,114,7,107,0,115
46771,69,2012,50,7,0,7,0,7
48187,69,2012,50,248,8,240,6,249
48990,69,2012,50,31,3,28,0,31
49294,69,2012,50,31,1,30,3,31
49597,69,2012,50,46,5,41,0,46
50181,69,2012,50,75,4,71,1,75
50709,69,2012,50,19,0,19,1,93
50869,69,2012,50,4,0,4,0,157
50947,69,2012,50,291,16,275,2,291
51470,69,2012,50,150,7,143,1,150
51597,69,2012,50,235,7,228,1,236
51722,69,2012,50,55,5,50,0,56
52067,69,2012,50,203,6,197,2,206
52385,69,2012,50,225,7,218,0,225
52635,69,2012,50,73,4,69,1,74
53884,69,2012,50,33,0,33,0,76
55594,69,2012,50,63,0,63,1,63
57637,69,2012,50,228,13,215,0,228
58909,69,2012,50,101,2,99,1,102
59367,69,2012,50,79,4,75,1,79
60482,69,2012,50,173,11,162,57,173
61280,69,2012,50,123,5,118,1,123
62555,69,2012,50,195,12,183,0,199
63188,69,2012,50,173,7,166,1,175
63757,69,2012,50,131,7,124,0,133
64772,69,2012,50,126,6,120,0,127
66052,69,2012,50,259,5,254,2,282
66404,69,2012,50,229,3,226,0,236
66754,69,2012,50,103,7,96,0,104
66991,69,2012,50,230,8,222,1,232
67947,69,2012,50,117,2,115,117,117
68494,69,2012,50,182,11,171,1,182
68633,69,2012,50,33,2,31,0,35
70889,69,2012,50,77,1,76,0,80
71187,69,2012,50,74,0,74,2,77
71518,69,2012,50,133,3,130,0,133
71627,69,2012,50,228,8,220,0,230
71700,69,2012,50,153,6,147,1,280
71782,69,2012,50,142,11,131,136,144
72746,69,2012,50,57,5,52,0,57
73303,69,2012,50,73,1,72,1,74
74916,69,2012,50,3,1,2,0,40
75178,69,2012,50,66,8,58,0,67
75468,69,2012,50,33,4,29,0,33
76313,69,2012,50,158,5,153,0,158
77291,69,2012,50,42,4,38,0,160
78062,69,2012,50,112,2,110,0,114
78638,69,2012,50,156,9,147,4,169
78911,69,2012,50,91,9,82,0,91
80058,69,2012,50,239,0,239,0,381
80193,69,2012,50,182,11,171,2,183
82060,69,2012,50,277,4,273,0,277
82282,69,2012,50,108,6,102,0,110
83568,69,2012,50,19,1,18,19,19
84215,69,2012,50,68,4,64,0,68
84472,69,2012,50,207,4,203,0,207
84625,69,2012,50,25,1,24,0,25
85596,69,2012,50,263,11,252,0,265
85970,69,2012,50,133,4,129,2,133
86237,69,2012,50,40,5,35,0,40
86727,69,2012,50,112,6,106,0,112
88175,69,2012,50,136,8,128,0,136
89827,69,2012,50,38,4,34,0,38
10060,70,2012,51,92,3,89,0,92
10281,70,2012,51,67,1,66,1,68
11023,70,2012,51,30,0,30,0,30
11360,70,2012,51,108,9,99,0,109
11692,70,2012,51,128,7,121,0,128
13799,70,2012,51,135,5,130,0,136
14188,70,2012,51,107,6,101,0,108
16313,70,2012,51,228,2,226,0,231
16495,70,2012,51,150,5,145,0,150
18344,70,2012,51,110,9,101,0,110
18394,70,2012,51,174,11,163,0,174
21350,70,2012,51,167,5,162,1,168
22745,70,2012,51,105,6,99,0,106
22931,70,2012,51,153,11,142,0,158
23040,70,2012,51,110,2,108,0,110
23144,70,2012,51,121,14,107,0,121
23642,70,2012,51,77,6,71,0,77
24543,70,2012,51,77,2,75,0,77
24760,70,2012,51,72,2,70,0,147
24853,70,2012,51,189,8,181,0,189
25171,70,2012,51,4,0,4,0,203
25544,70,2012,51,412,16,396,10,413
25947,70,2012,51,133,10,123,1,133
26127,70,2012,51,114,4,110,0,115
26425,70,2012,51,52,5,47,0,53
28831,70,2012,51,119,2,117,0,119
30076,70,2012,51,181,6,175,0,181
31372,70,2012,51,77,3,74,1,86
32174,70,2012,51,107,3,104,0,107
32899,70,2012,51,41,3,38,0,41
34853,70,2012,51,252,4,248,1,263
35227,70,2012,51,215,9,206,0,230
36006,70,2012,51,51,2,49,1,51
36951,70,2012,51,252,3,249,0,252
37617,70,2012,51,313,13,300,0,314
38823,70,2012,51,191,12,179,0,192
38901,70,2012,51,237,13,224,1,237
38927,70,2012,51,217,2,215,0,217
39701,70,2012,51,125,3,122,0,125
39783,70,2012,51,70,5,65,3,73
40997,70,2012,51,161,16,145,1,165
44167,70,2012,51,308,10,298,5,314
45945,70,2012,51,98,10,88,0,99
46021,70,2012,51,7,0,7,0,39
46584,70,2012,51,259,10,249,0,259
46654,70,2012,51,114,7,107,0,115
46771,70,2012,51,7,0,7,0,7
48187,70,2012,51,248,8,240,0,249
48990,70,2012,51,31,3,28,0,31
49294,70,2012,51,31,1,30,0,31
49597,70,2012,51,46,5,41,0,46
50181,70,2012,51,75,4,71,0,75
50709,70,2012,51,12,0,12,0,93
50869,70,2012,51,44,0,44,0,157
50947,70,2012,51,291,16,275,0,291
51470,70,2012,51,153,8,145,4,154
51597,70,2012,51,235,7,228,0,236
51675,70,2012,51,3,1,2,0,3
51722,70,2012,51,56,5,51,1,57
52067,70,2012,51,203,6,197,0,206
52385,70,2012,51,225,7,218,0,225
53275,70,2012,51,84,14,70,2,87
55594,70,2012,51,66,0,66,3,66
57637,70,2012,51,228,13,215,0,228
58909,70,2012,51,101,2,99,0,102
59367,70,2012,51,79,4,75,0,79
60482,70,2012,51,173,11,162,0,173
61280,70,2012,51,125,5,120,2,125
63063,70,2012,51,18,0,18,0,207
63757,70,2012,51,131,7,124,0,133
64772,70,2012,51,126,6,120,0,127
66404,70,2012,51,231,3,228,2,238
66754,70,2012,51,103,7,96,0,104
66991,70,2012,51,230,8,222,0,232
68494,70,2012,51,182,11,171,0,182
68633,70,2012,51,34,2,32,1,36
71187,70,2012,51,8,0,8,0,77
71518,70,2012,51,133,3,130,0,133
71782,70,2012,51,142,11,131,0,144
72746,70,2012,51,58,5,53,1,58
73175,70,2012,51,33,0,33,0,33
73303,70,2012,51,73,1,72,0,74
75178,70,2012,51,66,8,58,0,67
75261,70,2012,51,3,0,3,0,244
75468,70,2012,51,33,4,29,0,33
76313,70,2012,51,159,5,154,1,159
77824,70,2012,51,146,8,138,1,146
78062,70,2012,51,112,2,110,0,114
78638,70,2012,51,66,4,62,0,169
78966,70,2012,51,186,2,184,0,187
79877,70,2012,51,302,4,298,1,312
80058,70,2012,51,60,0,60,0,381
80193,70,2012,51,182,11,171,0,183
82060,70,2012,51,277,4,273,0,277
82282,70,2012,51,108,6,102,0,110
83568,70,2012,51,87,4,83,68,87
84215,70,2012,51,68,4,64,0,68
84472,70,2012,51,207,4,203,0,207
84625,70,2012,51,25,1,24,0,25
84841,70,2012,51,145,2,143,1,145
85596,70,2012,51,263,11,252,0,265
85970,70,2012,51,133,4,129,0,133
86237,70,2012,51,40,5,35,0,40
86352,70,2012,51,253,16,237,2,255
86727,70,2012,51,112,6,106,0,112
88175,70,2012,51,136,8,128,0,136
89827,70,2012,51,38,4,34,0,38
10060,71,2012,52,92,3,89,0,92
10281,71,2012,52,67,1,66,0,68
11360,71,2012,52,108,9,99,0,109
11692,71,2012,52,128,7,121,0,128
13799,71,2012,52,137,5,132,2,138
13882,71,2012,52,126,2,124,2,127
14188,71,2012,52,108,6,102,2,110
16313,71,2012,52,230,2,228,2,233
16495,71,2012,52,152,5,147,2,152
17353,71,2012,52,120,13,107,0,120
18344,71,2012,52,110,9,101,0,110
18394,71,2012,52,176,11,165,2,176
19844,71,2012,52,413,19,394,0,455
21350,71,2012,52,168,5,163,1,169
22745,71,2012,52,105,6,99,0,106
22931,71,2012,52,152,11,141,0,158
23040,71,2012,52,110,2,108,0,110
23144,71,2012,52,121,14,107,0,121
23642,71,2012,52,77,6,71,0,77
24543,71,2012,52,78,2,76,1,78
24853,71,2012,52,189,8,181,0,189
25171,71,2012,52,6,0,6,0,203
25544,71,2012,52,415,16,399,3,416
25947,71,2012,52,133,10,123,0,133
26127,71,2012,52,114,4,110,0,115
26425,71,2012,52,53,5,48,1,54
28831,71,2012,52,119,2,117,0,119
30076,71,2012,52,181,6,175,0,181
32174,71,2012,52,107,3,104,0,107
34853,71,2012,52,252,4,248,0,263
36006,71,2012,52,51,2,49,0,51
36951,71,2012,52,254,3,251,2,254
37617,71,2012,52,313,13,300,1,315
38823,71,2012,52,191,12,179,0,192
38901,71,2012,52,237,13,224,0,237
39701,71,2012,52,125,3,122,0,125
39783,71,2012,52,72,5,67,3,76
44947,71,2012,52,123,0,123,0,123
45000,71,2012,52,2,0,2,0,2
45539,71,2012,52,54,3,51,0,54
45945,71,2012,52,98,10,88,0,99
46654,71,2012,52,114,7,107,1,116
46771,71,2012,52,7,0,7,0,7
48990,71,2012,52,31,3,28,1,32
50181,71,2012,52,77,4,73,2,77
50709,71,2012,52,25,0,25,0,93
50869,71,2012,52,161,5,156,4,161
50947,71,2012,52,293,16,277,2,293
51470,71,2012,52,154,8,146,2,156
51597,71,2012,52,236,7,229,2,238
51722,71,2012,52,47,5,42,0,57
52067,71,2012,52,203,6,197,0,206
52385,71,2012,52,227,7,220,2,227
52635,71,2012,52,74,4,70,1,75
55594,71,2012,52,68,0,68,2,68
57637,71,2012,52,228,13,215,0,228
58909,71,2012,52,101,2,99,0,102
59367,71,2012,52,79,4,75,0,79
61280,71,2012,52,126,5,121,1,126
63757,71,2012,52,131,7,124,0,133
64772,71,2012,52,126,6,120,0,127
66245,71,2012,52,86,3,83,86,86
66404,71,2012,52,233,3,230,2,240
66754,71,2012,52,103,7,96,0,104
66991,71,2012,52,230,8,222,0,232
68494,71,2012,52,182,11,171,1,183
68633,71,2012,52,36,2,34,2,38
69065,71,2012,52,100,0,100,0,156
70889,71,2012,52,79,1,78,2,82
71187,71,2012,52,32,0,32,0,77
71518,71,2012,52,133,3,130,0,133
71782,71,2012,52,142,11,131,0,144
72746,71,2012,52,58,5,53,0,58
73175,71,2012,52,34,0,34,1,34
73303,71,2012,52,74,1,73,1,75
74916,71,2012,52,33,2,31,0,40
75468,71,2012,52,33,4,29,0,33
76313,71,2012,52,160,5,155,1,160
77824,71,2012,52,146,8,138,0,146
78062,71,2012,52,112,2,110,0,114
78966,71,2012,52,187,2,185,1,188
80058,71,2012,52,82,0,82,0,381
80193,71,2012,52,182,11,171,0,183
82060,71,2012,52,273,4,269,1,278
82282,71,2012,52,108,6,102,0,110
84215,71,2012,52,72,4,68,4,72
84472,71,2012,52,207,3,204,1,208
85596,71,2012,52,263,11,252,0,265
85970,71,2012,52,98,3,95,0,133
86352,71,2012,52,253,16,237,0,255
86610,71,2012,52,58,3,55,0,79
86727,71,2012,52,112,6,106,0,112
88175,71,2012,52,136,8,128,0,136
10060,72,2013,1,92,3,89,0,92
10281,72,2013,1,68,1,67,1,69
11360,72,2013,1,108,9,99,0,109
11692,72,2013,1,15,1,14,0,128
14188,72,2013,1,108,6,102,0,110
16313,72,2013,1,230,2,228,0,233
17353,72,2013,1,120,13,107,0,120
18344,72,2013,1,110,9,101,0,110
18394,72,2013,1,177,11,166,1,177
19844,72,2013,1,413,19,394,0,455
21350,72,2013,1,168,5,163,0,169
22745,72,2013,1,105,6,99,0,106
22931,72,2013,1,151,11,140,0,158
23144,72,2013,1,121,14,107,0,121
23642,72,2013,1,77,6,71,0,77
24543,72,2013,1,78,2,76,0,78
24853,72,2013,1,189,8,181,0,189
25171,72,2013,1,5,0,5,0,203
25544,72,2013,1,416,16,400,1,417
25947,72,2013,1,133,10,123,0,133
26127,72,2013,1,114,4,110,0,115
30076,72,2013,1,181,6,175,0,181
32174,72,2013,1,107,3,104,0,107
34250,72,2013,1,142,4,138,0,142
34853,72,2013,1,252,4,248,0,263
36006,72,2013,1,51,2,49,0,51
36951,72,2013,1,256,3,253,2,256
37617,72,2013,1,313,13,300,0,315
38823,72,2013,1,191,12,179,0,192
38901,72,2013,1,238,13,225,1,238
38927,72,2013,1,217,2,215,0,217
39701,72,2013,1,125,3,122,0,125
39783,72,2013,1,72,5,67,0,76
40629,72,2013,1,1,0,1,0,195
40997,72,2013,1,167,16,151,6,171
44947,72,2013,1,123,0,123,0,123
45000,72,2013,1,2,0,2,0,2
45539,72,2013,1,54,3,51,0,54
45945,72,2013,1,100,10,90,2,101
46160,72,2013,1,128,7,121,0,130
46771,72,2013,1,7,0,7,0,7
48990,72,2013,1,31,3,28,0,32
49294,72,2013,1,31,1,30,0,31
49597,72,2013,1,47,5,42,1,47
50181,72,2013,1,77,4,73,0,77
50709,72,2013,1,2,0,2,0,93
50869,72,2013,1,161,5,156,0,161
50947,72,2013,1,293,16,277,0,293
51470,72,2013,1,154,8,146,0,156
51597,72,2013,1,236,7,229,0,238
51675,72,2013,1,3,1,2,0,3
51722,72,2013,1,47,5,42,0,57
52067,72,2013,1,203,6,197,0,206
52385,72,2013,1,227,7,220,0,227
52635,72,2013,1,74,4,70,0,75
53884,72,2013,1,34,0,34,0,76
55594,72,2013,1,69,0,69,1,69
57637,72,2013,1,229,13,216,1,229
58909,72,2013,1,101,2,99,0,102
59367,72,2013,1,79,4,75,0,79
61280,72,2013,1,26,1,25,0,126
63063,72,2013,1,232,2,230,25,232
64772,72,2013,1,126,6,120,0,127
66245,72,2013,1,86,3,83,0,86
66754,72,2013,1,103,7,96,0,104
66991,72,2013,1,225,8,217,0,232
68533,72,2013,1,303,3,300,3,305
68633,72,2013,1,36,2,34,0,38
69065,72,2013,1,162,1,161,6,162
70889,72,2013,1,79,1,78,0,82
71187,72,2013,1,2,0,2,0,77
71518,72,2013,1,133,3,130,0,133
71627,72,2013,1,188,8,180,0,230
71700,72,2013,1,15,0,15,0,280
71782,72,2013,1,142,11,131,0,144
72746,72,2013,1,58,5,53,0,58
73175,72,2013,1,34,0,34,0,34
74916,72,2013,1,21,2,19,0,40
75468,72,2013,1,33,4,29,0,33
76313,72,2013,1,160,5,155,0,160
77824,72,2013,1,146,8,138,0,146
78062,72,2013,1,112,2,110,0,114
78638,72,2013,1,156,9,147,0,169
80193,72,2013,1,183,11,172,1,184
82060,72,2013,1,273,4,269,0,278
82282,72,2013,1,108,6,102,0,110
84215,72,2013,1,72,4,68,0,72
84472,72,2013,1,207,3,204,0,208
84841,72,2013,1,18,2,16,0,145
85596,72,2013,1,263,11,252,0,265
86237,72,2013,1,40,5,35,0,40
86352,72,2013,1,253,16,237,0,255
86727,72,2013,1,112,6,106,0,112
88175,72,2013,1,136,8,128,0,136
10060,73,2013,2,92,3,89,0,92
10281,73,2013,2,70,1,69,2,71
10353,73,2013,2,16,0,16,0,154
10841,73,2013,2,149,13,136,4,149
11360,73,2013,2,108,9,99,0,109
11692,73,2013,2,129,7,122,1,129
13799,73,2013,2,137,5,132,0,138
14188,73,2013,2,108,6,102,0,110
16313,73,2013,2,232,2,230,2,235
16495,73,2013,2,152,5,147,0,152
17353,73,2013,2,120,13,107,0,120
18344,73,2013,2,110,9,101,0,110
18394,73,2013,2,179,11,168,2,179
19844,73,2013,2,413,18,395,1,456
21350,73,2013,2,167,5,162,0,169
22617,73,2013,2,51,1,50,0,106
22745,73,2013,2,107,6,101,2,108
22931,73,2013,2,148,11,137,0,158
23040,73,2013,2,110,2,108,0,110
23144,73,2013,2,123,14,109,2,123
23642,73,2013,2,77,6,71,0,77
24853,73,2013,2,191,8,183,3,192
25171,73,2013,2,19,0,19,0,203
25544,73,2013,2,419,16,403,3,420
25947,73,2013,2,133,10,123,0,133
26127,73,2013,2,1,0,1,0,115
26425,73,2013,2,53,5,48,0,54
28831,73,2013,2,119,2,117,0,119
30076,73,2013,2,181,6,175,0,181
30952,73,2013,2,185,14,171,0,210
31372,73,2013,2,78,3,75,2,88
31583,73,2013,2,17,0,17,0,237
32174,73,2013,2,107,3,104,0,107
32899,73,2013,2,41,3,38,0,41
36006,73,2013,2,51,2,49,0,51
36951,73,2013,2,257,3,254,1,257
37617,73,2013,2,314,13,301,1,316
38823,73,2013,2,192,12,180,1,193
38901,73,2013,2,239,13,226,1,239
39701,73,2013,2,125,3,122,0,125
39783,73,2013,2,72,5,67,0,76
40629,73,2013,2,112,0,112,0,195
40997,73,2013,2,169,16,153,2,173
45000,73,2013,2,2,0,2,0,2
45539,73,2013,2,54,3,51,0,54
45945,73,2013,2,100,10,90,1,102
46021,73,2013,2,45,2,43,7,46
46160,73,2013,2,128,7,121,1,131
46584,73,2013,2,259,10,249,0,259
46654,73,2013,2,114,7,107,1,117
46771,73,2013,2,7,0,7,0,7
48990,73,2013,2,31,3,28,0,32
49294,73,2013,2,31,1,30,0,31
49597,73,2013,2,47,5,42,0,47
50181,73,2013,2,79,5,74,2,79
50869,73,2013,2,35,0,35,0,161
50947,73,2013,2,295,16,279,2,295
51470,73,2013,2,154,8,146,0,156
51597,73,2013,2,237,7,230,1,239
51722,73,2013,2,48,5,43,1,58
52067,73,2013,2,203,6,197,0,206
52385,73,2013,2,229,7,222,2,229
52635,73,2013,2,75,4,71,1,76
53884,73,2013,2,36,0,36,1,77
55594,73,2013,2,70,0,70,1,70
57637,73,2013,2,229,13,216,0,229
58909,73,2013,2,101,2,99,0,102
59367,73,2013,2,79,4,75,0,79
61280,73,2013,2,129,6,123,3,129
63063,73,2013,2,232,2,230,1,233
63188,73,2013,2,174,7,167,1,176
63757,73,2013,2,131,7,124,0,133
66052,73,2013,2,275,5,270,12,294
66754,73,2013,2,105,7,98,2,106
66991,73,2013,2,228,8,220,4,236
68533,73,2013,2,300,3,297,0,305
68633,73,2013,2,36,2,34,0,38
70889,73,2013,2,80,1,79,1,83
71518,73,2013,2,133,3,130,0,133
71627,73,2013,2,231,8,223,3,233
71700,73,2013,2,198,9,189,0,280
71782,73,2013,2,142,10,132,1,145
72746,73,2013,2,58,5,53,0,58
74916,73,2013,2,9,1,8,0,40
75261,73,2013,2,7,0,7,0,244
75468,73,2013,2,34,4,30,1,34
76313,73,2013,2,162,5,157,2,162
77824,73,2013,2,146,8,138,0,146
78062,73,2013,2,113,2,111,1,115
78638,73,2013,2,147,8,139,0,169
80193,73,2013,2,184,11,173,2,186
82060,73,2013,2,273,4,269,0,278
83568,73,2013,2,87,4,83,0,87
84215,73,2013,2,72,4,68,0,72
85596,73,2013,2,264,11,253,1,266
85970,73,2013,2,133,4,129,0,133
86009,73,2013,2,110,0,110,0,284
86237,73,2013,2,40,5,35,0,40
86610,73,2013,2,31,0,31,0,79
86727,73,2013,2,113,6,107,1,113
88133,73,2013,2,125,15,110,9,131
88175,73,2013,2,136,8,128,0,136
10060,74,2013,3,92,3,89,0,92
10281,74,2013,3,70,1,69,0,71
10841,74,2013,3,149,13,136,0,149
11023,74,2013,3,33,0,33,3,33
11360,74,2013,3,109,9,100,1,110
11692,74,2013,3,130,8,122,1,130
13799,74,2013,3,137,5,132,0,138
16313,74,2013,3,233,2,231,1,236
16495,74,2013,3,152,5,147,0,152
17353,74,2013,3,120,13,107,0,120
18344,74,2013,3,110,9,101,0,110
18394,74,2013,3,180,11,169,1,180
19844,74,2013,3,413,18,395,0,456
21350,74,2013,3,167,5,162,0,169
22617,74,2013,3,42,0,42,0,106
22745,74,2013,3,107,6,101,0,108
22931,74,2013,3,153,11,142,0,158
23040,74,2013,3,110,2,108,0,110
23144,74,2013,3,124,14,110,1,124
23642,74,2013,3,77,6,71,0,77
24853,74,2013,3,195,8,187,4,196
25544,74,2013,3,420,16,404,1,421
25947,74,2013,3,133,10,123,1,134
26127,74,2013,3,2,0,2,0,115
26425,74,2013,3,53,5,48,0,54
28831,74,2013,3,75,1,74,0,119
30076,74,2013,3,181,6,175,0,181
30952,74,2013,3,76,6,70,0,210
31372,74,2013,3,78,3,75,0,88
32174,74,2013,3,109,3,106,2,109
34250,74,2013,3,143,4,139,1,143
34853,74,2013,3,252,4,248,0,263
36006,74,2013,3,51,2,49,0,51
36951,74,2013,3,258,3,255,1,258
37617,74,2013,3,315,13,302,1,317
38823,74,2013,3,194,12,182,2,195
38901,74,2013,3,240,12,228,2,241
38927,74,2013,3,217,2,215,0,217
39701,74,2013,3,125,3,122,0,125
39783,74,2013,3,73,5,68,1,77
40629,74,2013,3,197,2,195,3,198
40997,74,2013,3,1,0,1,0,173
44167,74,2013,3,1,0,1,0,314
44520,74,2013,3,87,5,82,1,89
44947,74,2013,3,123,0,123,0,123
44956,74,2013,3,6,0,6,6,7
45539,74,2013,3,54,3,51,0,54
45945,74,2013,3,100,10,90,0,102
46021,74,2013,3,45,2,43,0,46
46584,74,2013,3,260,10,250,1,260
46654,74,2013,3,115,7,108,1,118
46771,74,2013,3,7,0,7,0,7
48990,74,2013,3,31,3,28,0,32
49294,74,2013,3,31,1,30,0,31
49597,74,2013,3,47,5,42,0,47
50181,74,2013,3,79,5,74,0,79
50869,74,2013,3,162,5,157,1,162
51597,74,2013,3,240,7,233,4,243
51675,74,2013,3,3,1,2,0,3
51722,74,2013,3,49,5,44,1,59
52067,74,2013,3,203,6,197,0,206
52441,74,2013,3,35,2,33,1,159
52635,74,2013,3,75,4,71,0,76
53275,74,2013,3,84,14,70,0,87
53884,74,2013,3,38,0,38,1,78
55594,74,2013,3,74,0,74,4,74
57637,74,2013,3,229,13,216,0,229
58909,74,2013,3,104,2,102,3,105
59367,74,2013,3,79,4,75,0,79
60482,74,2013,3,173,12,161,2,175
61280,74,2013,3,129,6,123,0,129
63188,74,2013,3,178,7,171,4,180
63757,74,2013,3,131,7,124,0,133
66052,74,2013,3,285,5,280,9,303
66245,74,2013,3,96,3,93,10,96
66754,74,2013,3,105,7,98,0,106
66991,74,2013,3,235,8,227,3,239
67947,74,2013,3,117,2,115,0,117
68633,74,2013,3,37,2,35,1,39
69065,74,2013,3,100,0,100,0,162
70889,74,2013,3,84,1,83,4,87
71518,74,2013,3,133,3,130,0,133
71627,74,2013,3,234,8,226,3,236
71782,74,2013,3,144,10,134,2,147
72746,74,2013,3,58,5,53,0,58
73175,74,2013,3,34,0,34,0,34
75178,74,2013,3,66,8,58,0,67
75468,74,2013,3,35,4,31,1,35
76313,74,2013,3,162,5,157,0,162
78062,74,2013,3,113,2,111,0,115
78638,74,2013,3,141,8,133,0,169
80058,74,2013,3,390,0,390,13,394
80193,74,2013,3,184,11,173,1,187
82060,74,2013,3,273,4,269,0,278
82282,74,2013,3,108,6,102,0,110
83568,74,2013,3,87,4,83,0,87
84215,74,2013,3,72,4,68,0,72
84841,74,2013,3,148,2,146,4,149
85596,74,2013,3,264,11,253,0,266
86009,74,2013,3,284,5,279,10,294
86237,74,2013,3,40,5,35,0,40
86352,74,2013,3,254,16,238,1,256
86727,74,2013,3,113,6,107,0,113
88175,74,2013,3,136,8,128,0,136
10060,75,2013,4,92,3,89,0,92
10281,75,2013,4,71,1,70,1,72
10353,75,2013,4,160,2,158,8,162
10841,75,2013,4,149,13,136,0,149
11023,75,2013,4,33,0,33,0,33
11360,75,2013,4,109,9,100,0,110
11692,75,2013,4,132,8,124,2,132
13799,75,2013,4,137,5,132,0,138
13882,75,2013,4,126,2,124,0,127
14188,75,2013,4,108,6,102,0,110
16313,75,2013,4,233,2,231,0,236
17353,75,2013,4,121,13,108,1,121
18344,75,2013,4,111,9,102,1,111
18420,75,2013,4,186,7,179,9,188
19844,75,2013,4,413,18,395,0,456
21350,75,2013,4,167,5,162,0,169
22745,75,2013,4,108,6,102,1,109
22931,75,2013,4,153,11,142,0,158
23040,75,2013,4,110,2,108,0,110
23144,75,2013,4,124,14,110,0,124
23642,75,2013,4,77,6,71,0,77
24760,75,2013,4,2,0,2,0,147
24853,75,2013,4,195,8,187,0,196
25171,75,2013,4,8,0,8,0,203
25544,75,2013,4,424,16,408,5,426
25947,75,2013,4,133,10,123,0,134
26425,75,2013,4,53,5,48,0,54
26999,75,2013,4,108,10,98,1,122
28831,75,2013,4,122,2,120,3,122
30076,75,2013,4,183,6,177,2,183
31372,75,2013,4,78,3,75,0,88
32174,75,2013,4,109,3,106,0,109
34250,75,2013,4,144,4,140,1,144
34853,75,2013,4,252,4,248,0,263
36006,75,2013,4,52,2,50,1,52
36951,75,2013,4,257,3,254,0,258
38823,75,2013,4,195,12,183,1,196
38901,75,2013,4,241,12,229,1,242
38927,75,2013,4,217,2,215,0,217
39701,75,2013,4,125,3,122,0,125
39783,75,2013,4,73,5,68,0,77
40629,75,2013,4,197,2,195,0,198
40997,75,2013,4,1,0,1,0,173
44520,75,2013,4,90,5,85,3,92
44956,75,2013,4,6,0,6,0,7
45000,75,2013,4,2,0,2,0,2
45945,75,2013,4,100,10,90,0,102
46160,75,2013,4,128,7,121,0,131
46584,75,2013,4,261,10,251,1,261
46771,75,2013,4,7,0,7,0,7
48990,75,2013,4,32,3,29,1,33
49294,75,2013,4,31,1,30,0,31
49597,75,2013,4,47,5,42,0,47
50181,75,2013,4,80,5,75,1,80
50869,75,2013,4,161,4,157,0,162
50947,75,2013,4,299,16,283,4,299
51597,75,2013,4,242,7,235,2,245
51675,75,2013,4,3,1,2,0,3
52067,75,2013,4,205,6,199,2,208
52385,75,2013,4,229,7,222,0,229
52635,75,2013,4,75,4,71,0,76
55594,75,2013,4,75,0,75,1,75
57637,75,2013,4,229,13,216,0,229
58909,75,2013,4,106,2,104,2,107
59367,75,2013,4,79,4,75,0,79
62555,75,2013,4,198,12,186,3,202
63063,75,2013,4,236,2,234,4,237
63188,75,2013,4,178,7,171,1,181
63757,75,2013,4,131,7,124,0,133
66052,75,2013,4,288,5,283,1,304
66754,75,2013,4,106,7,99,1,107
66991,75,2013,4,236,8,228,1,240
67947,75,2013,4,117,2,115,0,117
68533,75,2013,4,303,3,300,3,308
68633,75,2013,4,40,2,38,3,42
70889,75,2013,4,89,2,87,5,92
71518,75,2013,4,136,3,133,3,136
71782,75,2013,4,149,10,139,5,152
73175,75,2013,4,36,0,36,2,36
75178,75,2013,4,67,8,59,1,68
75261,75,2013,4,226,7,219,1,245
75468,75,2013,4,35,4,31,0,35
76313,75,2013,4,162,5,157,0,162
78062,75,2013,4,113,2,111,0,115
78638,75,2013,4,159,9,150,3,172
79877,75,2013,4,305,4,301,3,315
80058,75,2013,4,390,0,390,0,394
80193,75,2013,4,192,11,181,8,195
82060,75,2013,4,273,4,269,0,278
82282,75,2013,4,108,6,102,0,110
83568,75,2013,4,87,4,83,0,87
84215,75,2013,4,74,4,70,2,74
84841,75,2013,4,148,2,146,0,149
85596,75,2013,4,264,11,253,0,266
86009,75,2013,4,209,3,206,0,294
86237,75,2013,4,40,5,35,0,40
86352,75,2013,4,255,16,239,2,258
86727,75,2013,4,114,6,108,1,114
88133,75,2013,4,127,15,112,3,134
88175,75,2013,4,136,8,128,0,136
10060,76,2013,5,93,3,90,1,93
10281,76,2013,5,71,1,70,0,72
10841,76,2013,5,149,13,136,0,149
11023,76,2013,5,33,0,33,0,33
11360,76,2013,5,109,9,100,0,110
11692,76,2013,5,132,8,124,0,132
13799,76,2013,5,137,5,132,0,138
13882,76,2013,5,72,1,71,0,127
16313,76,2013,5,234,2,232,1,237
16495,76,2013,5,152,5,147,0,152
17353,76,2013,5,122,13,109,1,122
18344,76,2013,5,113,9,104,2,113
19844,76,2013,5,413,18,395,0,456
21350,76,2013,5,167,5,162,0,169
22617,76,2013,5,48,0,48,0,106
22931,76,2013,5,152,11,141,0,158
23040,76,2013,5,110,2,108,0,110
23144,76,2013,5,125,14,111,1,125
23642,76,2013,5,77,6,71,0,77
24853,76,2013,5,195,7,188,1,197
25947,76,2013,5,134,10,124,1,135
26127,76,2013,5,117,4,113,4,119
26425,76,2013,5,53,5,48,0,54
28831,76,2013,5,124,2,122,2,124
30076,76,2013,5,188,6,182,5,188
30952,76,2013,5,223,16,207,20,230
32174,76,2013,5,110,3,107,1,110
32899,76,2013,5,42,3,39,1,42
34250,76,2013,5,146,4,142,2,146
34853,76,2013,5,254,4,250,2,265
36006,76,2013,5,52,2,50,0,52
36951,76,2013,5,257,3,254,0,258
37617,76,2013,5,315,13,302,0,317
38901,76,2013,5,243,12,231,2,244
39783,76,2013,5,76,6,70,3,80
44167,76,2013,5,172,7,165,0,314
44520,76,2013,5,90,5,85,0,92
44956,76,2013,5,6,0,6,0,7
45539,76,2013,5,54,3,51,0,54
45945,76,2013,5,101,10,91,1,103
46584,76,2013,5,263,12,251,2,263
46654,76,2013,5,117,7,110,3,121
46771,76,2013,5,7,0,7,0,7
49597,76,2013,5,47,5,42,0,47
50181,76,2013,5,76,5,71,0,80
50869,76,2013,5,4,0,4,0,162
51597,76,2013,5,244,8,236,2,247
51675,76,2013,5,3,1,2,0,3
52067,76,2013,5,207,6,201,2,210
52385,76,2013,5,229,7,222,0,229
52635,76,2013,5,75,4,71,0,76
53275,76,2013,5,88,14,74,4,91
55594,76,2013,5,76,0,76,1,76
57637,76,2013,5,230,13,217,1,230
58909,76,2013,5,108,2,106,3,110
59367,76,2013,5,80,4,76,1,80
61280,76,2013,5,48,2,46,0,129
62555,76,2013,5,201,11,190,4,206
63063,76,2013,5,242,3,239,6,243
63188,76,2013,5,180,7,173,2,183
63757,76,2013,5,131,7,124,0,133
66052,76,2013,5,292,5,287,3,307
66404,76,2013,5,236,3,233,3,243
66991,76,2013,5,240,8,232,4,244
67947,76,2013,5,118,2,116,1,118
68494,76,2013,5,15,0,15,0,183
68533,76,2013,5,40,0,40,0,308
68633,76,2013,5,40,2,38,0,42
71518,76,2013,5,136,3,133,0,136
71627,76,2013,5,87,4,83,0,236
71782,76,2013,5,151,10,141,2,154
73175,76,2013,5,36,0,36,0,36
73303,76,2013,5,74,1,73,0,75
75178,76,2013,5,67,8,59,0,68
75468,76,2013,5,35,4,31,0,35
76313,76,2013,5,162,5,157,0,162
78062,76,2013,5,113,2,111,0,115
78638,76,2013,5,172,9,163,3,175
78911,76,2013,5,96,9,87,5,96
79877,76,2013,5,298,3,295,0,315
80058,76,2013,5,393,0,393,3,397
82060,76,2013,5,273,4,269,0,278
82282,76,2013,5,109,6,103,1,111
83568,76,2013,5,88,4,84,1,88
84215,76,2013,5,76,4,72,2,76
84841,76,2013,5,150,2,148,2,151
85596,76,2013,5,264,11,253,0,266
86009,76,2013,5,8,0,8,0,294
86237,76,2013,5,40,5,35,0,40
86352,76,2013,5,257,16,241,2,260
86610,76,2013,5,37,0,37,0,79
86727,76,2013,5,115,6,109,1,115
88133,76,2013,5,127,15,112,0,134
89827,76,2013,5,29,4,25,0,38
10060,77,2013,6,93,3,90,0,93
10281,77,2013,6,71,1,70,0,72
10353,77,2013,6,160,2,158,0,162
10841,77,2013,6,150,13,137,2,151
11692,77,2013,6,136,8,128,4,136
14188,77,2013,6,109,6,103,1,111
15071,77,2013,6,66,8,58,66,66
16313,77,2013,6,234,2,232,0,237
16495,77,2013,6,152,5,147,0,152
17353,77,2013,6,122,13,109,0,122
18344,77,2013,6,115,9,106,2,115
18420,77,2013,6,186,7,179,0,188
19844,77,2013,6,416,18,398,3,459
21350,77,2013,6,168,5,163,1,170
22745,77,2013,6,108,6,102,0,109
22931,77,2013,6,152,11,141,0,158
23040,77,2013,6,111,2,109,1,111
23144,77,2013,6,127,14,113,2,127
23642,77,2013,6,77,6,71,0,77
25947,77,2013,6,137,10,127,3,138
26425,77,2013,6,53,5,48,0,54
28831,77,2013,6,125,2,123,1,125
30076,77,2013,6,191,6,185,3,191
30952,77,2013,6,30,4,26,0,230
31583,77,2013,6,15,0,15,0,237
32174,77,2013,6,112,3,109,2,112
34250,77,2013,6,146,4,142,0,146
34853,77,2013,6,260,4,256,6,271
36006,77,2013,6,52,2,50,0,52
36951,77,2013,6,259,3,256,2,260
37617,77,2013,6,315,13,302,0,317
38823,77,2013,6,198,12,186,3,199
38901,77,2013,6,243,12,231,0,244
39701,77,2013,6,2,0,2,0,125
39783,77,2013,6,76,6,70,0,80
40629,77,2013,6,199,2,197,2,200
40997,77,2013,6,1,0,1,0,173
44167,77,2013,6,333,10,323,27,341
44520,77,2013,6,90,5,85,2,94
44947,77,2013,6,126,0,126,6,129
44956,77,2013,6,6,0,6,0,7
45000,77,2013,6,2,0,2,0,2
45539,77,2013,6,54,3,51,0,54
45945,77,2013,6,104,10,94,3,106
46021,77,2013,6,46,2,44,1,47
46160,77,2013,6,129,7,122,1,132
46584,77,2013,6,270,12,258,7,270
46654,77,2013,6,117,7,110,0,121
46771,77,2013,6,7,0,7,0,7
48990,77,2013,6,34,3,31,2,35
49294,77,2013,6,31,1,30,0,31
49597,77,2013,6,47,5,42,0,47
50181,77,2013,6,77,5,72,1,81
50709,77,2013,6,98,3,95,6,99
50947,77,2013,6,310,17,293,11,310
51597,77,2013,6,262,8,254,19,266
51675,77,2013,6,3,1,2,0,3
52067,77,2013,6,207,6,201,2,212
52385,77,2013,6,232,7,225,3,232
52635,77,2013,6,75,4,71,0,76
53275,77,2013,6,16,4,12,0,91
53884,77,2013,6,44,1,43,5,83
55594,77,2013,6,79,0,79,3,79
58909,77,2013,6,109,2,107,1,111
59367,77,2013,6,80,4,76,0,80
62555,77,2013,6,204,11,193,3,209
63063,77,2013,6,4,0,4,0,243
63757,77,2013,6,132,7,125,1,134
66052,77,2013,6,297,5,292,5,312
66991,77,2013,6,240,8,232,0,244
67947,77,2013,6,125,2,123,8,126
68633,77,2013,6,41,2,39,1,43
69065,77,2013,6,165,1,164,3,165
70889,77,2013,6,91,2,89,2,94
71518,77,2013,6,137,3,134,1,137
71627,77,2013,6,245,8,237,10,246
71700,77,2013,6,281,12,269,6,286
71782,77,2013,6,152,10,142,1,155
73175,77,2013,6,36,0,36,0,36
73303,77,2013,6,74,1,73,0,75
75178,77,2013,6,68,8,60,1,69
75261,77,2013,6,4,0,4,0,245
75468,77,2013,6,36,4,32,1,36
76313,77,2013,6,162,5,157,0,162
78062,77,2013,6,113,2,111,0,115
78638,77,2013,6,175,9,166,3,178
78911,77,2013,6,96,9,87,0,96
79877,77,2013,6,300,3,297,2,317
80058,77,2013,6,396,0,396,3,400
80193,77,2013,6,197,11,186,5,200
82060,77,2013,6,273,4,269,0,278
82282,77,2013,6,110,6,104,1,112
83568,77,2013,6,88,4,84,0,88
84841,77,2013,6,150,2,148,1,152
85596,77,2013,6,267,12,255,3,269
86009,77,2013,6,3,0,3,0,294
86237,77,2013,6,40,5,35,0,40
86610,77,2013,6,82,5,77,3,82
86727,77,2013,6,115,6,109,0,115
10060,78,2013,7,93,3,90,0,93
10281,78,2013,7,72,1,71,1,73
10841,78,2013,7,150,13,137,0,151
11023,78,2013,7,34,0,34,1,34
11692,78,2013,7,138,8,130,2,138
13882,78,2013,7,127,2,125,1,128
14106,78,2013,7,60,0,60,0,87
14188,78,2013,7,110,6,104,1,112
16313,78,2013,7,234,2,232,0,237
16495,78,2013,7,159,5,154,7,159
17353,78,2013,7,125,13,112,3,125
18344,78,2013,7,115,9,106,0,115
18420,78,2013,7,186,7,179,0,188
19844,78,2013,7,418,18,400,2,461
21350,78,2013,7,170,5,165,2,172
22617,78,2013,7,33,0,33,0,106
22745,78,2013,7,108,6,102,0,109
22931,78,2013,7,152,11,141,0,158
23040,78,2013,7,113,2,111,2,113
23144,78,2013,7,128,15,113,1,128
23642,78,2013,7,77,6,71,0,77
24760,78,2013,7,4,0,4,0,147
24853,78,2013,7,195,7,188,0,197
25544,78,2013,7,14,0,14,0,426
25947,78,2013,7,138,10,128,1,139
26425,78,2013,7,53,5,48,0,54
26999,78,2013,7,108,10,98,1,123
30076,78,2013,7,194,7,187,3,194
30952,78,2013,7,95,8,87,0,230
31372,78,2013,7,81,3,78,3,91
32174,78,2013,7,113,3,110,1,113
34250,78,2013,7,146,4,142,0,146
34853,78,2013,7,255,5,250,1,272
36006,78,2013,7,52,2,50,0,52
36951,78,2013,7,259,3,256,0,260
37617,78,2013,7,316,13,303,1,318
38823,78,2013,7,200,12,188,2,201
38927,78,2013,7,221,2,219,4,221
39701,78,2013,7,126,3,123,1,126
39783,78,2013,7,77,6,71,1,81
40629,78,2013,7,20,0,20,0,200
40997,78,2013,7,1,0,1,0,173
44520,78,2013,7,90,5,85,0,94
44947,78,2013,7,65,0,65,0,129
44956,78,2013,7,10,0,10,4,11
45539,78,2013,7,55,3,52,1,55
46021,78,2013,7,38,2,36,0,47
46584,78,2013,7,271,12,259,1,271
46771,78,2013,7,7,0,7,0,7
48990,78,2013,7,34,3,31,0,35
49294,78,2013,7,31,1,30,0,31
49597,78,2013,7,47,5,42,0,47
50181,78,2013,7,78,5,73,1,82
50869,78,2013,7,166,5,161,6,168
50947,78,2013,7,313,18,295,3,313
51597,78,2013,7,267,9,258,5,271
51675,78,2013,7,4,1,3,1,4
52067,78,2013,7,209,7,202,3,215
52385,78,2013,7,233,7,226,1,233
52635,78,2013,7,76,4,72,1,77
53884,78,2013,7,45,1,44,0,83
55594,78,2013,7,82,0,82,3,82
57637,78,2013,7,232,13,219,4,234
58909,78,2013,7,116,2,114,7,118
59367,78,2013,7,80,4,76,0,80
61280,78,2013,7,17,0,17,0,129
62555,78,2013,7,205,11,194,1,210
63063,78,2013,7,9,0,9,0,243
63757,78,2013,7,134,7,127,2,136
66052,78,2013,7,301,5,296,3,315
66404,78,2013,7,238,4,234,2,245
66754,78,2013,7,107,7,100,1,108
66991,78,2013,7,242,8,234,2,246
67947,78,2013,7,131,2,129,6,132
68494,78,2013,7,8,0,8,0,183
68533,78,2013,7,306,3,303,3,311
69065,78,2013,7,168,1,167,3,168
70889,78,2013,7,92,2,90,1,95
71518,78,2013,7,137,3,134,0,137
71627,78,2013,7,252,8,244,7,253
71782,78,2013,7,154,10,144,2,157
73175,78,2013,7,36,0,36,0,36
73303,78,2013,7,74,1,73,0,75
75178,78,2013,7,68,8,60,0,69
75261,78,2013,7,4,0,4,0,245
75468,78,2013,7,36,4,32,0,36
76313,78,2013,7,162,5,157,0,162
78062,78,2013,7,113,2,111,0,115
78638,78,2013,7,10,1,9,0,178
78911,78,2013,7,98,9,89,2,98
80058,78,2013,7,398,1,397,2,402
80193,78,2013,7,196,11,185,0,200
82060,78,2013,7,273,4,269,0,278
82282,78,2013,7,111,6,105,1,113
83568,78,2013,7,89,4,85,1,89
84841,78,2013,7,151,2,149,1,153
85596,78,2013,7,267,12,255,0,269
85970,78,2013,7,4,0,4,0,133
86610,78,2013,7,63,3,60,0,82
88133,78,2013,7,127,15,112,1,135
88175,78,2013,7,137,9,128,1,137
89827,78,2013,7,44,4,40,6,44
10060,79,2013,8,93,3,90,0,93
10281,79,2013,8,73,1,72,2,75
10841,79,2013,8,151,13,138,1,152
11023,79,2013,8,34,0,34,0,34
11692,79,2013,8,139,8,131,1,139
14188,79,2013,8,110,6,104,0,112
15071,79,2013,8,67,8,59,1,67
16313,79,2013,8,231,2,229,0,237
16495,79,2013,8,159,5,154,0,159
17353,79,2013,8,126,13,113,1,126
18344,79,2013,8,116,9,107,1,116
19844,79,2013,8,418,18,400,0,461
21350,79,2013,8,171,5,166,1,173
22745,79,2013,8,108,6,102,0,109
22931,79,2013,8,143,11,132,0,158
23040,79,2013,8,113,2,111,0,113
23144,79,2013,8,132,15,117,4,132
23642,79,2013,8,78,6,72,1,78
24853,79,2013,8,195,7,188,0,197
25544,79,2013,8,63,3,60,0,426
25947,79,2013,8,139,10,129,1,140
26425,79,2013,8,53,5,48,0,54
26999,79,2013,8,75,7,68,0,123
30076,79,2013,8,197,7,190,3,197
30952,79,2013,8,3,1,2,0,230
31372,79,2013,8,85,4,81,4,95
31583,79,2013,8,259,12,247,23,260
32174,79,2013,8,113,3,110,0,113
32899,79,2013,8,41,3,38,0,42
36006,79,2013,8,52,2,50,0,52
36951,79,2013,8,261,3,258,2,262
37617,79,2013,8,316,13,303,0,318
38823,79,2013,8,201,12,189,1,202
38901,79,2013,8,250,12,238,7,251
39783,79,2013,8,77,6,71,0,81
40629,79,2013,8,199,2,197,0,200
40997,79,2013,8,1,0,1,0,173
44167,79,2013,8,339,10,329,6,347
44520,79,2013,8,91,5,86,1,95
45000,79,2013,8,2,0,2,0,2
45539,79,2013,8,55,3,52,0,55
45945,79,2013,8,107,10,97,3,109
46160,79,2013,8,1,0,1,0,132
46584,79,2013,8,274,12,262,3,274
46654,79,2013,8,120,7,113,4,125
46771,79,2013,8,7,0,7,0,7
48990,79,2013,8,34,3,31,0,35
49294,79,2013,8,31,1,30,0,31
49597,79,2013,8,47,5,42,0,47
50181,79,2013,8,79,5,74,1,83
50709,79,2013,8,13,0,13,0,99
50947,79,2013,8,319,18,301,6,319
51597,79,2013,8,271,9,262,4,275
51675,79,2013,8,4,1,3,0,4
52067,79,2013,8,212,7,205,3,218
52385,79,2013,8,234,7,227,1,234
52635,79,2013,8,76,4,72,0,77
53275,79,2013,8,9,1,8,0,91
55594,79,2013,8,83,0,83,1,83
57637,79,2013,8,234,13,221,2,236
58909,79,2013,8,116,2,114,0,118
59367,79,2013,8,80,4,76,0,80
62555,79,2013,8,205,11,194,0,210
66052,79,2013,8,297,5,292,6,321
66404,79,2013,8,238,4,234,0,245
66754,79,2013,8,107,7,100,0,108
66991,79,2013,8,244,9,235,2,248
68633,79,2013,8,43,2,41,2,45
69065,79,2013,8,168,1,167,0,168
70889,79,2013,8,96,2,94,4,99
71518,79,2013,8,138,3,135,1,138
71627,79,2013,8,251,8,243,0,253
71782,79,2013,8,156,10,146,2,159
73175,79,2013,8,36,0,36,0,36
74916,79,2013,8,5,1,4,0,40
75178,79,2013,8,68,8,60,0,69
75468,79,2013,8,37,4,33,1,37
76313,79,2013,8,163,5,158,1,163
78062,79,2013,8,113,2,111,0,115
78638,79,2013,8,6,1,5,0,178
78911,79,2013,8,99,9,90,1,99
80058,79,2013,8,399,1,398,1,403
80193,79,2013,8,197,11,186,1,201
82282,79,2013,8,112,6,106,1,114
83568,79,2013,8,89,4,85,0,89
84215,79,2013,8,76,4,72,0,76
84841,79,2013,8,153,3,150,2,155
85596,79,2013,8,270,12,258,3,272
85970,79,2013,8,136,4,132,3,136
86009,79,2013,8,286,5,281,2,296
86237,79,2013,8,40,5,35,0,40
86727,79,2013,8,116,6,110,1,116
88133,79,2013,8,128,15,113,1,136
89827,79,2013,8,45,4,41,1,45
10060,80,2013,9,93,3,90,0,93
10281,80,2013,9,74,1,73,1,76
11692,80,2013,9,139,8,131,0,139
13799,80,2013,9,136,5,131,2,140
13882,80,2013,9,127,2,125,0,128
14188,80,2013,9,110,6,104,0,112
15071,80,2013,9,67,8,59,0,67
16313,80,2013,9,235,2,233,1,238
16495,80,2013,9,163,6,157,4,163
17353,80,2013,9,131,13,118,5,131
18344,80,2013,9,118,9,109,2,118
18420,80,2013,9,190,7,183,4,192
19844,80,2013,9,420,18,402,2,463
21350,80,2013,9,172,5,167,1,174
22617,80,2013,9,64,1,63,0,106
22745,80,2013,9,108,6,102,0,109
22931,80,2013,9,153,11,142,0,158
23040,80,2013,9,113,2,111,0,113
23144,80,2013,9,134,16,118,2,134
23642,80,2013,9,79,6,73,2,80
24760,80,2013,9,54,2,52,0,147
24853,80,2013,9,195,7,188,0,197
25947,80,2013,9,140,10,130,1,141
26425,80,2013,9,53,5,48,0,54
28831,80,2013,9,129,2,127,4,129
30952,80,2013,9,118,9,109,0,230
31372,80,2013,9,85,4,81,0,95
31583,80,2013,9,140,9,131,0,260
32174,80,2013,9,114,3,111,1,114
32899,80,2013,9,42,3,39,1,43
34853,80,2013,9,256,5,251,1,273
36006,80,2013,9,52,2,50,0,52
36951,80,2013,9,262,3,259,1,263
37617,80,2013,9,317,13,304,1,319
38823,80,2013,9,203,12,191,2,204
38927,80,2013,9,222,2,220,1,222
39701,80,2013,9,129,3,126,3,129
39783,80,2013,9,78,6,72,1,82
40997,80,2013,9,1,0,1,0,173
41393,80,2013,9,81,2,79,3,82
44167,80,2013,9,344,10,334,5,352
44520,80,2013,9,91,5,86,0,95
45000,80,2013,9,2,0,2,0,2
45539,80,2013,9,55,3,52,0,55
45945,80,2013,9,110,9,101,4,113
46021,80,2013,9,47,2,45,1,48
46160,80,2013,9,130,7,123,1,133
46584,80,2013,9,277,12,265,3,277
46654,80,2013,9,121,7,114,1,126
46771,80,2013,9,7,0,7,0,7
48990,80,2013,9,34,3,31,0,35
49294,80,2013,9,31,1,30,0,31
50181,80,2013,9,79,5,74,0,83
50869,80,2013,9,169,6,163,3,171
50947,80,2013,9,322,18,304,3,322
51102,80,2013,9,3,0,3,0,204
51597,80,2013,9,275,9,266,4,279
51675,80,2013,9,4,1,3,0,4
52067,80,2013,9,215,8,207,3,221
52385,80,2013,9,234,7,227,1,235
52635,80,2013,9,77,4,73,1,78
53275,80,2013,9,11,1,10,0,91
53884,80,2013,9,49,1,48,4,87
57637,80,2013,9,235,14,221,1,237
58909,80,2013,9,118,2,116,2,120
59367,80,2013,9,80,4,76,0,80
60482,80,2013,9,181,12,169,11,186
62555,80,2013,9,226,11,215,21,231
63757,80,2013,9,134,7,127,0,136
66052,80,2013,9,299,5,294,2,323
66754,80,2013,9,109,7,102,2,110
66991,80,2013,9,245,9,236,2,250
67947,80,2013,9,140,2,138,9,141
68494,80,2013,9,8,0,8,0,183
68633,80,2013,9,44,3,41,1,46
70889,80,2013,9,96,2,94,0,99
71518,80,2013,9,139,3,136,1,139
71627,80,2013,9,256,8,248,5,258
71700,80,2013,9,282,12,270,1,287
73175,80,2013,9,37,0,37,1,37
73303,80,2013,9,75,1,74,1,76
75178,80,2013,9,68,8,60,0,69
75468,80,2013,9,37,4,33,0,37
76313,80,2013,9,163,5,158,0,163
78062,80,2013,9,115,2,113,2,117
78638,80,2013,9,176,9,167,1,179
78911,80,2013,9,101,9,92,2,101
79877,80,2013,9,306,3,303,13,330
80058,80,2013,9,402,1,401,3,406
80193,80,2013,9,197,10,187,1,202
82060,80,2013,9,273,4,269,0,278
82282,80,2013,9,112,6,106,0,114
84215,80,2013,9,77,4,73,1,77
85596,80,2013,9,274,12,262,4,276
86237,80,2013,9,40,5,35,0,40
86727,80,2013,9,117,6,111,1,117
88133,80,2013,9,128,15,113,0,136
10060,81,2013,10,93,3,90,0,93
10281,81,2013,10,74,1,73,0,76
10841,81,2013,10,152,13,139,1,153
11023,81,2013,10,34,0,34,0,34
11692,81,2013,10,141,8,133,2,141
13799,81,2013,10,137,5,132,1,141
13882,81,2013,10,127,2,125,0,128
14188,81,2013,10,111,6,105,1,113
15071,81,2013,10,67,8,59,0,67
16313,81,2013,10,236,2,234,1,239
16495,81,2013,10,164,6,158,1,164
17353,81,2013,10,131,13,118,0,131
18344,81,2013,10,119,9,110,1,119
18420,81,2013,10,190,7,183,0,192
19844,81,2013,10,420,17,403,1,464
21350,81,2013,10,173,5,168,1,175
22745,81,2013,10,108,6,102,0,109
22931,81,2013,10,153,11,142,0,158
23040,81,2013,10,113,2,111,0,113
23144,81,2013,10,136,15,121,3,137
23642,81,2013,10,82,6,76,3,83
24760,81,2013,10,54,2,52,0,147
24853,81,2013,10,195,7,188,0,197
25544,81,2013,10,153,5,148,2,428
25947,81,2013,10,142,10,132,2,143
26425,81,2013,10,53,5,48,0,54
30076,81,2013,10,199,6,193,3,200
30952,81,2013,10,2,0,2,0,230
31372,81,2013,10,86,4,82,1,96
31583,81,2013,10,226,11,215,0,260
32174,81,2013,10,115,3,112,1,115
34853,81,2013,10,256,5,251,0,273
36006,81,2013,10,52,2,50,0,52
36951,81,2013,10,262,3,259,0,263
37617,81,2013,10,318,13,305,1,320
38823,81,2013,10,205,12,193,2,206
38901,81,2013,10,250,12,238,0,251
38927,81,2013,10,222,2,220,0,222
39783,81,2013,10,78,6,72,0,82
40629,81,2013,10,199,2,197,0,200
40997,81,2013,10,1,0,1,0,173
41393,81,2013,10,81,2,79,0,82
44520,81,2013,10,90,5,85,0,95
44947,81,2013,10,128,0,128,2,131
45000,81,2013,10,2,0,2,0,2
45539,81,2013,10,56,3,53,1,56
46584,81,2013,10,279,12,267,2,279
46654,81,2013,10,122,7,115,1,127
46771,81,2013,10,7,0,7,0,7
48990,81,2013,10,34,3,31,0,35
49294,81,2013,10,31,1,30,0,31
49597,81,2013,10,47,5,42,0,47
50181,81,2013,10,80,5,75,1,84
50709,81,2013,10,8,0,8,0,99
50947,81,2013,10,326,18,308,4,326
51597,81,2013,10,275,9,266,0,279
51675,81,2013,10,4,1,3,0,4
52067,81,2013,10,217,8,209,2,223
52385,81,2013,10,235,7,228,1,236
52635,81,2013,10,77,4,73,0,78
57637,81,2013,10,235,14,221,0,237
58909,81,2013,10,118,2,116,0,120
59367,81,2013,10,80,4,76,0,80
60482,81,2013,10,13,3,10,0,186
62555,81,2013,10,227,12,215,0,231
63757,81,2013,10,134,7,127,0,136
66052,81,2013,10,303,5,298,5,328
66404,81,2013,10,239,3,236,3,248
66754,81,2013,10,110,7,103,1,111
66991,81,2013,10,247,9,238,2,252
67947,81,2013,10,141,2,139,4,145
68494,81,2013,10,186,11,175,9,192
68533,81,2013,10,142,2,140,0,311
68633,81,2013,10,44,3,41,0,46
70889,81,2013,10,97,2,95,1,100
71518,81,2013,10,139,3,136,0,139
71700,81,2013,10,285,12,273,3,290
73175,81,2013,10,37,0,37,0,37
75178,81,2013,10,69,8,61,1,70
75261,81,2013,10,8,0,8,0,245
75468,81,2013,10,38,4,34,1,38
76313,81,2013,10,163,5,158,0,163
78062,81,2013,10,115,2,113,0,117
78911,81,2013,10,101,9,92,0,101
79877,81,2013,10,306,3,303,2,332
80058,81,2013,10,403,1,402,1,407
80193,81,2013,10,198,10,188,1,203
82060,81,2013,10,274,4,270,1,279
82282,81,2013,10,112,6,106,0,114
84841,81,2013,10,158,3,155,5,160
85596,81,2013,10,277,12,265,3,279
86009,81,2013,10,262,5,257,0,296
86237,81,2013,10,40,5,35,0,40
86610,81,2013,10,63,3,60,0,82
86727,81,2013,10,117,6,111,0,117
10060,82,2013,11,94,3,91,1,94
10841,82,2013,11,152,13,139,0,153
13799,82,2013,11,137,5,132,0,141
13882,82,2013,11,127,2,125,0,128
16313,82,2013,11,236,2,234,0,239
16495,82,2013,11,170,6,164,6,170
17353,82,2013,11,131,13,118,0,131
18344,82,2013,11,120,9,111,1,120
18420,82,2013,11,2,0,2,0,192
19844,82,2013,11,425,17,408,5,469
21350,82,2013,11,173,5,168,0,175
22745,82,2013,11,108,6,102,0,109
22931,82,2013,11,153,11,142,1,159
23040,82,2013,11,113,2,111,0,113
23144,82,2013,11,136,15,121,0,137
23642,82,2013,11,82,6,76,0,83
24760,82,2013,11,2,0,2,0,147
24853,82,2013,11,195,7,188,0,197
25947,82,2013,11,143,10,133,1,144
26127,82,2013,11,96,4,92,5,124
28831,82,2013,11,131,2,129,2,131
30076,82,2013,11,204,7,197,5,205
30952,82,2013,11,95,8,87,0,230
31372,82,2013,11,86,4,82,0,96
31583,82,2013,11,184,11,173,0,260
32174,82,2013,11,115,3,112,0,115
34853,82,2013,11,256,5,251,0,273
36006,82,2013,11,52,2,50,0,52
36951,82,2013,11,269,3,266,7,270
37617,82,2013,11,320,13,307,3,323
38823,82,2013,11,206,12,194,1,207
38901,82,2013,11,251,11,240,2,253
38927,82,2013,11,222,2,220,0,222
39783,82,2013,11,80,6,74,2,84
40997,82,2013,11,1,0,1,0,173
41393,82,2013,11,81,2,79,0,82
44520,82,2013,11,90,5,85,0,95
44947,82,2013,11,129,1,128,1,132
45539,82,2013,11,56,3,53,0,56
45945,82,2013,11,28,0,28,0,113
46584,82,2013,11,281,12,269,2,281
46654,82,2013,11,122,7,115,0,127
46771,82,2013,11,7,0,7,0,7
48990,82,2013,11,34,3,31,0,35
49294,82,2013,11,31,1,30,0,31
50181,82,2013,11,80,5,75,0,84
50869,82,2013,11,169,6,163,0,171
50947,82,2013,11,327,18,309,1,327
51597,82,2013,11,275,9,266,0,279
51675,82,2013,11,4,1,3,0,4
52067,82,2013,11,218,8,210,1,224
52385,82,2013,11,235,7,228,0,236
52635,82,2013,11,77,4,73,0,78
53275,82,2013,11,76,10,66,7,98
53884,82,2013,11,50,1,49,0,87
57637,82,2013,11,235,14,221,0,237
58909,82,2013,11,118,2,116,0,120
59367,82,2013,11,80,4,76,0,80
60482,82,2013,11,58,6,52,0,186
62555,82,2013,11,231,12,219,5,236
63063,82,2013,11,256,3,253,18,261
63757,82,2013,11,139,7,132,5,141
66052,82,2013,11,315,5,310,9,337
66245,82,2013,11,109,3,106,13,109
66404,82,2013,11,243,3,240,4,252
67947,82,2013,11,152,2,150,8,153
68633,82,2013,11,45,3,42,1,47
69065,82,2013,11,173,1,172,5,173
70889,82,2013,11,97,2,95,0,100
71518,82,2013,11,140,3,137,1,140
71627,82,2013,11,258,8,250,2,260
73175,82,2013,11,37,0,37,0,37
73303,82,2013,11,75,1,74,0,76
75261,82,2013,11,139,1,138,0,245
76313,82,2013,11,163,5,158,0,163
78062,82,2013,11,115,2,113,0,117
78911,82,2013,11,101,9,92,0,101
79877,82,2013,11,306,3,303,0,332
80058,82,2013,11,403,1,402,0,407
80193,82,2013,11,199,10,189,1,204
82060,82,2013,11,274,4,270,0,279
82282,82,2013,11,114,6,108,2,116
84215,82,2013,11,79,4,75,2,79
84625,82,2013,11,25,1,24,0,25
84841,82,2013,11,22,2,20,0,160
85596,82,2013,11,278,12,266,1,280
86009,82,2013,11,209,3,206,0,296
86237,82,2013,11,40,5,35,1,41
86727,82,2013,11,117,6,111,0,117
88175,82,2013,11,138,9,129,1,138
10060,83,2013,12,94,3,91,0,94
10841,83,2013,12,152,13,139,0,153
11023,83,2013,12,34,0,34,0,34
11692,83,2013,12,142,8,134,1,142
13799,83,2013,12,137,5,132,0,141
16313,83,2013,12,237,2,235,1,240
16495,83,2013,12,170,6,164,0,170
17353,83,2013,12,131,13,118,0,131
18344,83,2013,12,121,9,112,1,121
18420,83,2013,12,190,7,183,0,192
19844,83,2013,12,432,17,415,3,472
21350,83,2013,12,173,5,168,0,175
22745,83,2013,12,108,6,102,0,109
23040,83,2013,12,113,2,111,0,113
23144,83,2013,12,137,15,122,1,138
23642,83,2013,12,83,6,77,1,84
24853,83,2013,12,196,7,189,1,198
25544,83,2013,12,396,13,383,0,428
25947,83,2013,12,144,10,134,1,145
28831,83,2013,12,132,2,130,1,132
30076,83,2013,12,205,6,199,2,207
30952,83,2013,12,234,16,218,12,242
32174,83,2013,12,115,3,112,0,115
32899,83,2013,12,42,3,39,0,43
34853,83,2013,12,256,5,251,0,273
36006,83,2013,12,52,2,50,0,52
36951,83,2013,12,268,3,265,0,270
38823,83,2013,12,207,12,195,1,208
38893,83,2013,12,88,2,86,25,88
38901,83,2013,12,84,0,84,0,253
38927,83,2013,12,222,2,220,0,222
39701,83,2013,12,102,1,101,0,129
39783,83,2013,12,85,7,78,5,89
40629,83,2013,12,199,2,197,0,200
40997,83,2013,12,1,0,1,0,173
41393,83,2013,12,81,2,79,0,82
44520,83,2013,12,90,5,85,0,95
45539,83,2013,12,56,3,53,0,56
45945,83,2013,12,17,0,17,0,113
46160,83,2013,12,134,7,127,4,137
46584,83,2013,12,281,12,269,0,281
46654,83,2013,12,123,7,116,1,128
46771,83,2013,12,7,0,7,0,7
48990,83,2013,12,34,3,31,0,35
49597,83,2013,12,47,5,42,0,47
50181,83,2013,12,81,5,76,1,85
50709,83,2013,12,98,3,95,2,101
50869,83,2013,12,73,1,72,0,171
50947,83,2013,12,327,18,309,0,327
51597,83,2013,12,277,9,268,2,281
51675,83,2013,12,4,1,3,0,4
52067,83,2013,12,218,8,210,0,224
52385,83,2013,12,236,7,229,1,237
52635,83,2013,12,78,4,74,1,79
53275,83,2013,12,8,1,7,0,98
53884,83,2013,12,50,1,49,0,87
57637,83,2013,12,235,14,221,0,237
58909,83,2013,12,119,2,117,1,121
59367,83,2013,12,80,4,76,0,80
60482,83,2013,12,188,12,176,8,194
62555,83,2013,12,233,12,221,2,238
63063,83,2013,12,256,3,253,0,261
63757,83,2013,12,139,7,132,0,141
66052,83,2013,12,322,5,317,7,344
66245,83,2013,12,109,3,106,0,109
66404,83,2013,12,245,4,241,2,254
66754,83,2013,12,112,7,105,2,113
66991,83,2013,12,248,9,239,1,253
67947,83,2013,12,156,2,154,4,157
68533,83,2013,12,21,0,21,0,311
68633,83,2013,12,45,3,42,0,47
69065,83,2013,12,173,1,172,0,173
70889,83,2013,12,98,2,96,1,101
71627,83,2013,12,258,8,250,1,261
72746,83,2013,12,58,5,53,0,58
73175,83,2013,12,37,0,37,0,37
75178,83,2013,12,69,8,61,1,71
75468,83,2013,12,38,4,34,0,38
76313,83,2013,12,163,5,158,0,163
78062,83,2013,12,115,2,113,0,117
78911,83,2013,12,101,9,92,0,101
79877,83,2013,12,306,3,303,0,332
80058,83,2013,12,404,1,403,1,408
80193,83,2013,12,202,10,192,3,207
82060,83,2013,12,274,4,270,0,279
83568,83,2013,12,89,4,85,0,89
84215,83,2013,12,79,4,75,0,79
84625,83,2013,12,25,1,24,0,25
84841,83,2013,12,159,3,156,1,161
85596,83,2013,12,279,12,267,1,281
85970,83,2013,12,76,3,73,0,136
86237,83,2013,12,40,5,35,0,41
86610,83,2013,12,86,5,81,4,86
86727,83,2013,12,117,6,111,0,117
10060,84,2013,13,94,3,91,0,94
10281,84,2013,13,74,1,73,0,76
11023,84,2013,13,35,0,35,1,35
11692,84,2013,13,142,8,134,0,142
13882,84,2013,13,127,2,125,0,128
16313,84,2013,13,238,2,236,1,241
16495,84,2013,13,170,6,164,0,170
17353,84,2013,13,131,13,118,0,131
18344,84,2013,13,121,9,112,0,121
18420,84,2013,13,30,0,30,0,192
19066,84,2013,13,307,7,300,307,308
19844,84,2013,13,428,17,411,0,472
21350,84,2013,13,174,6,168,1,176
22745,84,2013,13,108,6,102,0,109
23040,84,2013,13,113,2,111,0,113
23144,84,2013,13,142,15,127,5,143
23642,84,2013,13,83,6,77,0,84
24853,84,2013,13,196,7,189,0,198
25544,84,2013,13,456,14,442,36,464
25947,84,2013,13,147,11,136,3,148
26127,84,2013,13,71,3,68,0,124
26999,84,2013,13,112,10,102,4,127
28831,84,2013,13,132,2,130,0,132
30076,84,2013,13,205,6,199,0,207
30952,84,2013,13,234,16,218,0,242
31372,84,2013,13,87,4,83,2,98
32174,84,2013,13,117,3,114,2,117
34250,84,2013,13,150,4,146,4,150
34853,84,2013,13,256,5,251,0,273
36006,84,2013,13,52,2,50,0,52
36951,84,2013,13,268,3,265,0,270
38823,84,2013,13,208,12,196,1,209
38901,84,2013,13,252,10,242,2,255
38927,84,2013,13,222,2,220,0,222
39701,84,2013,13,129,3,126,0,129
39783,84,2013,13,87,7,80,2,91
40997,84,2013,13,1,0,1,0,173
41393,84,2013,13,81,2,79,0,82
44520,84,2013,13,90,5,85,1,96
44947,84,2013,13,129,1,128,0,132
45539,84,2013,13,56,3,53,0,56
45945,84,2013,13,112,9,103,2,115
46021,84,2013,13,47,2,45,0,48
46160,84,2013,13,135,7,128,1,138
46584,84,2013,13,282,12,270,1,282
46654,84,2013,13,123,7,116,0,128
46771,84,2013,13,7,0,7,0,7
48990,84,2013,13,34,3,31,0,35
49294,84,2013,13,31,1,30,0,31
50181,84,2013,13,81,5,76,0,85
50869,84,2013,13,172,6,166,3,174
50947,84,2013,13,330,18,312,3,330
51597,84,2013,13,279,9,270,2,283
51675,84,2013,13,4,1,3,0,4
52067,84,2013,13,218,8,210,1,225
52385,84,2013,13,237,7,230,1,238
53275,84,2013,13,6,1,5,0,98
53884,84,2013,13,51,1,50,1,88
55594,84,2013,13,82,0,82,2,85
58909,84,2013,13,119,2,117,0,121
59367,84,2013,13,80,4,76,0,80
62555,84,2013,13,239,12,227,6,244
63063,84,2013,13,257,3,254,1,262
63188,84,2013,13,149,5,144,3,186
63757,84,2013,13,139,7,132,0,141
66052,84,2013,13,326,5,321,3,347
66245,84,2013,13,111,3,108,2,111
66404,84,2013,13,245,5,240,1,255
66754,84,2013,13,112,7,105,0,113
66991,84,2013,13,248,9,239,0,253
67947,84,2013,13,161,2,159,5,162
68494,84,2013,13,87,9,78,0,192
68633,84,2013,13,45,3,42,0,47
69065,84,2013,13,174,1,173,1,174
70889,84,2013,13,100,2,98,2,103
71518,84,2013,13,22,2,20,8,148
71627,84,2013,13,259,8,251,1,262
72746,84,2013,13,59,5,54,1,59
73175,84,2013,13,39,1,38,2,39
73303,84,2013,13,75,1,74,0,76
75178,84,2013,13,69,8,61,0,71
75261,84,2013,13,10,0,10,0,245
76313,84,2013,13,163,5,158,0,163
79877,84,2013,13,306,3,303,0,332
80058,84,2013,13,404,1,403,0,408
80193,84,2013,13,204,9,195,3,210
82060,84,2013,13,274,4,270,0,279
84841,84,2013,13,15,2,13,0,161
85596,84,2013,13,280,12,268,1,282
85970,84,2013,13,137,4,133,1,137
86237,84,2013,13,40,5,35,0,41
86610,84,2013,13,81,5,76,2,88
86727,84,2013,13,117,6,111,0,117
88133,84,2013,13,1,0,1,0,136
88175,84,2013,13,139,8,131,2,140
10060,85,2013,14,95,3,92,1,95
10281,85,2013,14,74,1,73,1,77
10841,85,2013,14,153,13,140,1,154
11023,85,2013,14,35,0,35,0,35
11692,85,2013,14,142,8,134,0,142
13799,85,2013,14,139,5,134,2,143
13882,85,2013,14,128,2,126,1,129
14188,85,2013,14,112,6,106,1,114
15071,85,2013,14,67,8,59,0,67
16495,85,2013,14,170,6,164,0,170
18344,85,2013,14,122,9,113,1,122
18420,85,2013,14,191,7,184,1,193
19066,85,2013,14,311,7,304,4,312
19844,85,2013,14,428,17,411,0,472
22745,85,2013,14,108,6,102,0,109
23040,85,2013,14,113,2,111,0,113
23144,85,2013,14,142,15,127,0,143
23642,85,2013,14,82,5,77,0,84
24853,85,2013,14,196,7,189,0,198
25947,85,2013,14,150,10,140,4,152
30076,85,2013,14,206,6,200,1,208
30952,85,2013,14,238,16,222,7,249
31372,85,2013,14,89,4,85,2,100
31583,85,2013,14,20,0,20,0,260
32100,85,2013,14,173,3,170,173,173
32174,85,2013,14,120,3,117,3,120
32899,85,2013,14,42,3,39,1,44
34250,85,2013,14,111,4,107,0,150
36006,85,2013,14,52,2,50,0,52
36951,85,2013,14,268,3,265,0,270
37617,85,2013,14,323,13,310,3,326
38823,85,2013,14,209,12,197,1,210
38901,85,2013,14,107,0,107,0,255
38927,85,2013,14,222,2,220,0,222
39701,85,2013,14,129,3,126,0,129
40629,85,2013,14,201,2,199,2,202
41393,85,2013,14,81,2,79,0,82
44167,85,2013,14,344,10,334,0,352
44520,85,2013,14,91,5,86,1,97
44947,85,2013,14,132,1,131,3,135
45539,85,2013,14,56,3,53,0,56
45945,85,2013,14,112,8,104,1,116
46584,85,2013,14,282,11,271,1,283
46654,85,2013,14,124,7,117,1,129
46771,85,2013,14,7,0,7,0,7
48990,85,2013,14,35,3,32,1,36
49294,85,2013,14,32,1,31,1,32
49597,85,2013,14,47,5,42,0,47
50181,85,2013,14,89,5,84,8,93
50869,85,2013,14,56,1,55,0,174
50947,85,2013,14,331,18,313,1,331
51597,85,2013,14,281,9,272,2,285
51675,85,2013,14,4,1,3,0,4
52385,85,2013,14,237,7,230,0,238
52635,85,2013,14,61,4,57,0,79
53884,85,2013,14,54,2,52,3,91
55594,85,2013,14,85,0,85,1,86
58909,85,2013,14,119,2,117,0,121
59367,85,2013,14,80,4,76,0,80
60482,85,2013,14,58,6,52,0,194
62560,85,2013,14,243,2,241,243,243
63063,85,2013,14,140,1,139,0,262
66052,85,2013,14,336,5,331,8,355
66404,85,2013,14,5,0,5,0,255
66754,85,2013,14,68,6,62,0,113
66991,85,2013,14,251,9,242,3,256
68533,85,2013,14,310,3,307,5,316
69065,85,2013,14,175,1,174,1,175
70889,85,2013,14,103,3,100,3,106
71518,85,2013,14,34,2,32,3,151
71627,85,2013,14,260,8,252,1,263
72746,85,2013,14,59,4,55,1,60
73175,85,2013,14,39,1,38,0,39
75178,85,2013,14,69,8,61,0,71
75468,85,2013,14,38,4,34,0,38
76313,85,2013,14,163,5,158,0,163
78911,85,2013,14,101,9,92,0,101
78966,85,2013,14,202,2,200,15,203
79877,85,2013,14,306,2,304,1,333
80058,85,2013,14,405,1,404,1,409
80193,85,2013,14,205,9,196,1,211
82060,85,2013,14,274,4,270,0,279
84215,85,2013,14,72,4,68,1,80
84841,85,2013,14,159,3,156,0,161
85596,85,2013,14,280,12,268,0,282
85970,85,2013,14,137,4,133,0,137
86009,85,2013,14,287,5,282,1,297
86237,85,2013,14,40,4,36,1,42
86727,85,2013,14,117,6,111,0,117
88175,85,2013,14,139,7,132,1,141
10060,86,2013,15,95,3,92,0,95
10841,86,2013,15,156,13,143,3,157
11023,86,2013,15,35,0,35,0,35
11692,86,2013,15,143,7,136,3,145
14188,86,2013,15,112,6,106,0,114
15071,86,2013,15,67,8,59,0,67
16495,86,2013,15,171,6,165,1,171
18344,86,2013,15,123,9,114,1,123
18420,86,2013,15,191,7,184,0,193
19066,86,2013,15,315,7,308,4,316
22617,86,2013,15,82,1,81,0,106
22745,86,2013,15,108,6,102,0,109
23040,86,2013,15,113,2,111,0,113
23144,86,2013,15,143,15,128,1,144
23642,86,2013,15,82,5,77,0,84
24853,86,2013,15,197,7,190,1,199
25947,86,2013,15,152,10,142,2,154
28831,86,2013,15,124,2,122,0,132
30076,86,2013,15,208,6,202,2,210
30952,86,2013,15,238,16,222,0,249
31372,86,2013,15,90,4,86,1,101
32100,86,2013,15,174,3,171,1,174
32174,86,2013,15,124,3,121,4,124
32899,86,2013,15,42,3,39,0,44
34250,86,2013,15,154,4,150,4,154
36006,86,2013,15,52,2,50,0,52
36951,86,2013,15,269,3,266,1,271
37617,86,2013,15,327,13,314,4,330
38823,86,2013,15,209,12,197,0,210
38927,86,2013,15,222,2,220,0,222
39701,86,2013,15,129,3,126,0,129
40629,86,2013,15,202,2,200,1,203
41393,86,2013,15,81,2,79,0,82
44520,86,2013,15,92,5,87,1,98
44947,86,2013,15,132,1,131,0,135
46160,86,2013,15,136,7,129,1,139
46584,86,2013,15,285,11,274,3,286
46654,86,2013,15,125,7,118,0,129
46771,86,2013,15,7,0,7,0,7
48990,86,2013,15,35,3,32,0,36
50181,86,2013,15,89,5,84,0,93
50709,86,2013,15,13,0,13,0,101
50869,86,2013,15,172,6,166,0,174
50947,86,2013,15,332,18,314,1,332
51597,86,2013,15,281,8,273,1,286
51675,86,2013,15,4,1,3,0,4
52385,86,2013,15,241,7,234,4,242
53884,86,2013,15,55,2,53,1,92
55594,86,2013,15,86,0,86,1,87
57637,86,2013,15,231,14,217,1,238
58909,86,2013,15,119,2,117,0,121
59367,86,2013,15,80,4,76,0,80
62555,86,2013,15,243,13,230,5,249
62560,86,2013,15,245,2,243,2,245
66052,86,2013,15,339,5,334,3,358
66404,86,2013,15,247,5,242,2,257
66754,86,2013,15,112,7,105,0,113
67947,86,2013,15,172,2,170,11,173
68533,86,2013,15,318,3,315,7,323
69065,86,2013,15,176,1,175,1,176
70889,86,2013,15,107,3,104,4,110
75178,86,2013,15,70,8,62,1,72
75261,86,2013,15,25,0,25,0,245
75468,86,2013,15,38,4,34,0,38
76313,86,2013,15,164,5,159,1,164
78911,86,2013,15,102,9,93,1,102
79877,86,2013,15,306,2,304,0,333
80058,86,2013,15,409,1,408,4,413
80193,86,2013,15,210,9,201,5,216
82060,86,2013,15,274,4,270,0,279
82282,86,2013,15,115,6,109,1,117
84215,86,2013,15,73,4,69,1,81
84841,86,2013,15,160,3,157,1,162
85596,86,2013,15,283,12,271,3,285
85970,86,2013,15,121,3,118,0,137
86237,86,2013,15,40,4,36,0,42
86727,86,2013,15,118,7,111,1,118
88133,86,2013,15,131,15,116,3,139
10060,87,2013,16,99,3,96,4,99
10841,87,2013,16,156,13,143,0,157
11023,87,2013,16,35,0,35,0,35
13799,87,2013,16,141,6,135,3,146
14188,87,2013,16,113,6,107,1,115
15071,87,2013,16,67,8,59,0,67
16495,87,2013,16,170,6,164,1,172
18344,87,2013,16,130,9,121,7,130
18420,87,2013,16,192,7,185,2,195
19066,87,2013,16,320,7,313,5,321
23040,87,2013,16,114,2,112,1,114
23144,87,2013,16,148,15,133,5,149
23642,87,2013,16,82,5,77,0,84
24853,87,2013,16,197,7,190,0,199
25323,87,2013,16,59,3,56,59,59
25947,87,2013,16,154,10,144,2,156
28831,87,2013,16,134,2,132,2,134
30076,87,2013,16,212,6,206,4,214
30952,87,2013,16,243,16,227,5,254
31372,87,2013,16,90,4,86,0,101
32174,87,2013,16,124,3,121,0,124
32899,87,2013,16,42,3,39,1,45
34250,87,2013,16,159,4,155,5,159
36006,87,2013,16,52,2,50,0,52
36951,87,2013,16,270,3,267,1,272
37617,87,2013,16,328,14,314,1,331
38823,87,2013,16,210,12,198,1,211
38893,87,2013,16,92,2,90,4,92
38901,87,2013,16,96,0,96,0,255
38927,87,2013,16,222,2,220,0,222
39701,87,2013,16,129,3,126,0,129
40629,87,2013,16,178,1,177,0,203
41393,87,2013,16,81,2,79,0,82
44520,87,2013,16,90,5,85,1,99
45539,87,2013,16,57,3,54,1,57
46160,87,2013,16,66,4,62,0,139
46584,87,2013,16,286,11,275,1,287
46654,87,2013,16,127,8,119,3,132
46771,87,2013,16,7,0,7,0,7
48187,87,2013,16,280,8,272,32,281
48990,87,2013,16,35,3,32,0,36
49294,87,2013,16,33,1,32,1,33
49597,87,2013,16,47,5,42,0,47
50181,87,2013,16,90,5,85,1,94
50709,87,2013,16,42,1,41,0,101
50947,87,2013,16,333,18,315,1,333
51597,87,2013,16,281,7,274,1,287
51675,87,2013,16,4,1,3,0,4
52385,87,2013,16,246,7,239,5,247
53884,87,2013,16,33,0,33,0,92
55594,87,2013,16,87,0,87,1,88
57637,87,2013,16,231,14,217,0,238
58909,87,2013,16,119,2,117,0,121
59367,87,2013,16,80,4,76,0,80
60482,87,2013,16,189,12,177,2,196
62555,87,2013,16,247,13,234,4,253
62560,87,2013,16,244,2,242,0,245
66052,87,2013,16,351,5,346,9,367
66404,87,2013,16,249,5,244,2,259
66754,87,2013,16,112,7,105,0,113
67947,87,2013,16,174,2,172,2,175
69065,87,2013,16,176,1,175,0,176
70889,87,2013,16,107,3,104,0,110
71518,87,2013,16,43,2,41,3,154
71627,87,2013,16,262,8,254,2,265
73175,87,2013,16,40,1,39,1,40
73303,87,2013,16,78,1,77,3,79
75178,87,2013,16,70,8,62,0,72
75261,87,2013,16,4,0,4,0,245
75468,87,2013,16,38,4,34,0,38
76313,87,2013,16,164,5,159,0,164
78062,87,2013,16,116,2,114,1,118
78966,87,2013,16,209,2,207,7,210
80058,87,2013,16,411,1,410,2,415
80193,87,2013,16,214,9,205,4,220
82060,87,2013,16,274,3,271,1,280
82282,87,2013,16,116,6,110,1,118
83568,87,2013,16,89,4,85,0,89
84841,87,2013,16,162,3,159,2,164
85596,87,2013,16,285,12,273,2,287
85970,87,2013,16,140,4,136,3,140
86237,87,2013,16,40,4,36,0,42
86610,87,2013,16,63,3,60,1,89
86727,87,2013,16,118,7,111,0,118
88133,87,2013,16,131,15,116,1,140
10060,88,2013,17,100,3,97,1,100
10841,88,2013,17,157,13,144,1,158
11023,88,2013,17,35,0,35,0,35
11692,88,2013,17,146,7,139,3,148
13799,88,2013,17,144,6,138,2,148
14188,88,2013,17,115,6,109,2,117
16495,88,2013,17,172,6,166,2,174
18344,88,2013,17,131,9,122,1,131
18420,88,2013,17,196,7,189,4,199
19066,88,2013,17,321,7,314,1,322
22745,88,2013,17,109,6,103,1,110
23144,88,2013,17,149,15,134,1,150
23642,88,2013,17,83,5,78,1,85
24853,88,2013,17,197,7,190,0,199
25323,88,2013,17,59,3,56,0,59
25494,88,2013,17,139,4,135,0,139
25947,88,2013,17,155,11,144,1,157
28831,88,2013,17,134,2,132,0,134
30076,88,2013,17,212,6,206,0,214
30952,88,2013,17,246,17,229,3,257
32174,88,2013,17,124,3,121,0,124
36006,88,2013,17,52,2,50,0,52
36951,88,2013,17,271,3,268,1,273
37617,88,2013,17,328,14,314,0,331
38823,88,2013,17,210,12,198,0,211
38901,88,2013,17,107,0,107,0,255
38927,88,2013,17,222,2,220,0,222
39701,88,2013,17,129,3,126,0,129
40629,88,2013,17,202,2,200,0,203
41393,88,2013,17,81,2,79,0,82
44520,88,2013,17,90,5,85,0,99
44947,88,2013,17,132,1,131,0,135
45539,88,2013,17,57,3,54,0,57
45945,88,2013,17,114,8,106,2,118
46021,88,2013,17,48,2,46,1,49
46584,88,2013,17,286,11,275,0,287
46654,88,2013,17,127,8,119,0,132
46771,88,2013,17,7,0,7,0,7
48187,88,2013,17,289,8,281,9,290
48990,88,2013,17,35,3,32,0,36
49294,88,2013,17,33,1,32,0,33
49597,88,2013,17,47,5,42,0,47
50181,88,2013,17,92,5,87,2,96
50709,88,2013,17,7,0,7,0,101
50869,88,2013,17,172,6,166,1,175
50947,88,2013,17,334,18,316,1,334
51597,88,2013,17,283,7,276,2,289
51675,88,2013,17,4,1,3,0,4
52385,88,2013,17,249,7,242,3,250
52635,88,2013,17,61,4,57,0,79
53275,88,2013,17,80,10,70,4,102
55594,88,2013,17,87,0,87,0,88
57637,88,2013,17,233,14,219,2,240
58909,88,2013,17,119,2,117,0,121
59367,88,2013,17,80,4,76,0,80
62555,88,2013,17,249,13,236,2,255
63188,88,2013,17,62,2,60,0,186
66052,88,2013,17,367,5,362,15,382
66404,88,2013,17,250,5,245,1,260
66754,88,2013,17,113,7,106,1,114
67947,88,2013,17,181,2,179,7,182
68494,88,2013,17,197,11,186,11,203
68533,88,2013,17,328,3,325,10,333
68633,88,2013,17,45,3,42,0,47
69065,88,2013,17,177,1,176,1,177
70889,88,2013,17,109,4,105,3,113
71518,88,2013,17,43,2,41,0,154
71627,88,2013,17,262,8,254,0,265
73303,88,2013,17,78,1,77,0,79
75178,88,2013,17,70,8,62,0,72
75261,88,2013,17,272,9,263,34,279
75468,88,2013,17,38,4,34,0,38
76313,88,2013,17,164,5,159,0,164
78062,88,2013,17,116,2,114,0,118
78966,88,2013,17,211,2,209,3,213
79877,88,2013,17,306,2,304,0,333
80058,88,2013,17,412,1,411,1,416
80193,88,2013,17,216,9,207,2,222
82060,88,2013,17,274,3,271,0,280
82282,88,2013,17,121,6,115,5,123
85596,88,2013,17,288,12,276,3,290
85970,88,2013,17,142,4,138,2,142
86237,88,2013,17,40,4,36,0,42
86727,88,2013,17,118,7,111,0,118
88133,88,2013,17,131,15,116,1,141
88175,88,2013,17,141,7,134,2,143
10060,89,2013,18,102,3,99,2,102
10281,89,2013,18,74,1,73,0,77
10841,89,2013,18,157,13,144,0,158
11023,89,2013,18,35,0,35,0,35
11692,89,2013,18,148,7,141,3,151
13799,89,2013,18,144,6,138,0,148
13882,89,2013,18,101,1,100,0,129
14188,89,2013,18,116,6,110,1,118
15071,89,2013,18,67,8,59,0,67
16495,89,2013,18,174,6,168,2,176
18344,89,2013,18,132,9,123,1,132
18420,89,2013,18,197,7,190,1,200
22745,89,2013,18,109,6,103,0,110
23144,89,2013,18,150,15,135,1,151
23642,89,2013,18,84,5,79,1,86
24853,89,2013,18,197,6,191,1,200
25323,89,2013,18,59,3,56,0,59
25947,89,2013,18,156,11,145,1,158
28831,89,2013,18,105,1,104,0,134
30076,89,2013,18,212,6,206,0,214
31372,89,2013,18,91,4,87,1,102
31583,89,2013,18,45,2,43,0,260
32100,89,2013,18,176,3,173,2,176
32174,89,2013,18,130,3,127,6,130
34853,89,2013,18,256,5,251,0,273
36951,89,2013,18,271,3,268,0,273
37617,89,2013,18,329,14,315,1,332
38823,89,2013,18,211,12,199,1,212
39701,89,2013,18,129,3,126,0,129
41393,89,2013,18,82,2,80,1,83
44520,89,2013,18,92,5,87,2,101
44947,89,2013,18,133,1,132,1,136
45539,89,2013,18,57,3,54,0,57
45945,89,2013,18,116,8,108,2,120
46021,89,2013,18,48,2,46,0,49
46160,89,2013,18,137,7,130,1,140
46584,89,2013,18,286,11,275,0,287
46654,89,2013,18,129,8,121,2,134
46771,89,2013,18,7,0,7,0,7
48187,89,2013,18,297,8,289,8,298
49294,89,2013,18,33,1,32,0,33
50181,89,2013,18,92,5,87,0,96
50869,89,2013,18,172,6,166,0,175
50947,89,2013,18,334,18,316,0,334
51597,89,2013,18,290,7,283,7,296
51675,89,2013,18,4,1,3,0,4
52385,89,2013,18,250,7,243,1,251
53275,89,2013,18,80,10,70,0,102
55594,89,2013,18,87,0,87,0,88
57637,89,2013,18,234,14,220,1,241
58909,89,2013,18,119,2,117,0,121
59367,89,2013,18,81,4,77,1,81
60482,89,2013,18,30,5,25,0,196
62555,89,2013,18,254,13,241,5,260
62560,89,2013,18,247,1,246,4,249
63188,89,2013,18,60,2,58,0,186
66052,89,2013,18,376,4,372,11,393
66404,89,2013,18,250,5,245,0,260
66754,89,2013,18,113,7,106,0,114
67947,89,2013,18,194,3,191,13,195
68494,89,2013,18,200,11,189,2,205
68533,89,2013,18,123,1,122,0,333
68633,89,2013,18,45,3,42,0,47
69065,89,2013,18,177,1,176,0,177
70889,89,2013,18,110,4,106,1,114
71518,89,2013,18,45,2,43,1,155
71627,89,2013,18,265,8,257,3,268
73175,89,2013,18,40,1,39,0,40
75178,89,2013,18,70,8,62,0,72
75261,89,2013,18,277,9,268,5,284
75468,89,2013,18,38,4,34,0,38
76313,89,2013,18,164,5,159,0,164
78062,89,2013,18,116,2,114,0,118
78911,89,2013,18,104,9,95,2,104
78966,89,2013,18,214,2,212,3,216
80058,89,2013,18,412,1,411,0,416
80193,89,2013,18,218,9,209,2,224
82060,89,2013,18,275,3,272,1,281
82282,89,2013,18,125,6,119,4,127
84841,89,2013,18,163,2,161,2,166
85596,89,2013,18,288,12,276,0,290
85970,89,2013,18,99,3,96,0,142
86237,89,2013,18,40,4,36,0,42
86727,89,2013,18,118,7,111,0,118
88133,89,2013,18,133,15,118,2,143
88175,89,2013,18,142,7,135,1,144
10060,90,2013,19,102,3,99,0,102
10281,90,2013,19,74,1,73,0,77
10841,90,2013,19,157,13,144,0,158
11023,90,2013,19,35,0,35,0,35
11692,90,2013,19,148,7,141,0,151
13799,90,2013,19,144,6,138,0,148
14188,90,2013,19,117,6,111,2,120
16495,90,2013,19,174,6,168,1,177
18344,90,2013,19,134,9,125,2,134
18420,90,2013,19,197,7,190,0,200
19066,90,2013,19,320,5,315,2,324
22745,90,2013,19,109,6,103,0,110
23040,90,2013,19,116,2,114,2,116
23144,90,2013,19,150,15,135,0,151
23642,90,2013,19,84,5,79,0,86
25494,90,2013,19,139,4,135,0,139
25947,90,2013,19,157,11,146,1,159
26425,90,2013,19,11,1,10,3,57
28831,90,2013,19,139,2,137,5,139
30076,90,2013,19,214,6,208,2,216
31372,90,2013,19,93,4,89,2,104
32100,90,2013,19,178,3,175,2,178
32174,90,2013,19,130,3,127,0,130
32899,90,2013,19,43,3,40,1,46
35227,90,2013,19,3,0,3,0,230
36951,90,2013,19,271,2,269,1,274
37617,90,2013,19,328,14,314,0,332
38823,90,2013,19,212,12,200,1,213
39701,90,2013,19,129,3,126,0,129
39783,90,2013,19,93,8,85,7,98
41393,90,2013,19,86,2,84,4,87
44520,90,2013,19,94,5,89,2,103
44956,90,2013,19,34,0,34,24,35
45945,90,2013,19,118,8,110,2,122
46021,90,2013,19,48,2,46,0,49
46584,90,2013,19,287,11,276,1,288
46771,90,2013,19,7,0,7,0,7
48187,90,2013,19,298,8,290,1,299
49294,90,2013,19,33,1,32,0,33
49597,90,2013,19,47,5,42,0,47
50181,90,2013,19,92,5,87,0,96
50709,90,2013,19,102,3,99,7,108
50947,90,2013,19,336,18,318,2,336
51597,90,2013,19,291,7,284,1,297
51675,90,2013,19,8,1,7,4,8
52385,90,2013,19,250,7,243,0,251
53275,90,2013,19,80,10,70,0,102
55594,90,2013,19,86,0,86,0,88
57637,90,2013,19,234,14,220,0,241
58909,90,2013,19,119,2,117,0,121
59367,90,2013,19,82,4,78,1,82
62555,90,2013,19,259,13,246,7,267
62560,90,2013,19,247,1,246,0,249
63063,90,2013,19,2,0,2,0,262
63757,90,2013,19,139,7,132,1,142
66052,90,2013,19,387,4,383,10,403
66245,90,2013,19,112,3,109,1,112
66404,90,2013,19,251,5,246,1,261
66754,90,2013,19,113,7,106,0,114
66991,90,2013,19,275,10,265,24,280
67947,90,2013,19,201,3,198,8,203
68533,90,2013,19,329,3,326,1,334
68633,90,2013,19,46,3,43,1,48
69065,90,2013,19,177,1,176,0,177
70889,90,2013,19,113,4,109,3,117
71518,90,2013,19,47,2,45,1,156
71627,90,2013,19,264,8,256,0,268
73175,90,2013,19,40,1,39,0,40
73303,90,2013,19,79,1,78,1,80
75178,90,2013,19,71,8,63,1,73
75261,90,2013,19,280,8,272,4,288
75468,90,2013,19,38,4,34,0,38
76313,90,2013,19,164,5,159,0,164
77291,90,2013,19,37,3,34,0,160
78062,90,2013,19,116,2,114,0,118
78911,90,2013,19,105,9,96,1,105
78966,90,2013,19,215,2,213,1,217
80058,90,2013,19,413,1,412,1,417
80193,90,2013,19,224,9,215,6,230
82060,90,2013,19,275,3,272,0,281
82282,90,2013,19,127,6,121,2,129
84841,90,2013,19,163,2,161,0,166
85596,90,2013,19,288,12,276,0,290
86237,90,2013,19,40,4,36,0,42
86352,90,2013,19,266,16,250,23,283
86727,90,2013,19,118,7,111,0,118
88133,90,2013,19,134,15,119,1,144
10060,91,2013,20,102,3,99,0,102
10281,91,2013,20,74,1,73,0,77
10841,91,2013,20,158,13,145,1,159
13799,91,2013,20,145,6,139,1,149
13882,91,2013,20,133,1,132,6,135
15071,91,2013,20,20,1,19,0,67
18344,91,2013,20,134,9,125,0,134
18420,91,2013,20,197,7,190,0,200
19066,91,2013,20,320,5,315,0,324
23040,91,2013,20,116,2,114,0,116
23642,91,2013,20,84,5,79,0,86
24853,91,2013,20,197,6,191,0,200
25323,91,2013,20,59,3,56,0,59
25947,91,2013,20,158,11,147,1,160
26425,91,2013,20,12,1,11,0,57
28831,91,2013,20,2,0,2,0,139
30076,91,2013,20,216,6,210,2,218
30952,91,2013,20,238,16,222,5,262
32100,91,2013,20,179,3,176,1,179
32174,91,2013,20,130,3,127,0,130
34250,91,2013,20,168,4,164,9,168
35227,91,2013,20,225,9,216,18,248
36006,91,2013,20,1,0,1,0,52
36951,91,2013,20,272,2,270,1,275
37617,91,2013,20,335,14,321,7,339
38823,91,2013,20,212,12,200,0,213
39701,91,2013,20,129,3,126,0,129
39783,91,2013,20,101,8,93,8,106
41393,91,2013,20,86,2,84,0,87
44956,91,2013,20,44,0,44,10,45
45539,91,2013,20,57,3,54,0,57
45945,91,2013,20,119,8,111,1,123
46021,91,2013,20,49,3,46,1,50
46160,91,2013,20,115,7,108,0,140
46584,91,2013,20,289,11,278,2,290
46771,91,2013,20,7,0,7,0,7
48187,91,2013,20,298,8,290,0,299
49294,91,2013,20,33,1,32,0,33
50181,91,2013,20,94,5,89,2,98
50709,91,2013,20,65,3,62,0,108
50947,91,2013,20,338,18,320,2,338
51597,91,2013,20,295,7,288,4,301
51675,91,2013,20,8,1,7,0,8
52385,91,2013,20,253,7,246,3,254
53884,91,2013,20,56,2,54,1,93
55594,91,2013,20,86,0,86,0,88
57637,91,2013,20,140,10,130,0,241
58909,91,2013,20,119,2,117,0,121
59367,91,2013,20,82,4,78,0,82
60482,91,2013,20,58,6,52,0,196
63188,91,2013,20,36,1,35,0,186
63757,91,2013,20,139,7,132,0,142
66052,91,2013,20,396,4,392,9,412
66245,91,2013,20,116,3,113,4,116
66404,91,2013,20,254,5,249,3,264
66754,91,2013,20,113,7,106,0,114
67947,91,2013,20,205,3,202,4,207
68533,91,2013,20,307,3,304,0,334
68633,91,2013,20,47,4,43,1,49
69065,91,2013,20,177,1,176,0,177
70889,91,2013,20,113,4,109,0,117
71518,91,2013,20,61,2,59,10,166
71627,91,2013,20,264,8,256,0,268
72746,91,2013,20,59,4,55,0,60
73175,91,2013,20,40,1,39,0,40
73303,91,2013,20,48,1,47,0,80
75261,91,2013,20,282,8,274,2,290
75468,91,2013,20,38,4,34,0,38
76313,91,2013,20,164,5,159,0,164
77023,91,2013,20,165,7,158,165,165
78062,91,2013,20,116,2,114,0,118
78911,91,2013,20,108,9,99,3,108
78966,91,2013,20,215,2,213,0,217
80058,91,2013,20,413,2,411,0,417
82060,91,2013,20,275,3,272,0,281
82282,91,2013,20,127,6,121,0,129
83568,91,2013,20,89,4,85,0,89
84625,91,2013,20,25,1,24,0,25
85596,91,2013,20,288,12,276,0,290
85970,91,2013,20,16,0,16,0,142
86727,91,2013,20,118,7,111,0,118
88175,91,2013,20,144,7,137,2,146
10281,92,2013,21,74,1,73,0,77
10841,92,2013,21,165,13,152,7,166
13799,92,2013,21,146,6,140,1,150
18344,92,2013,21,134,9,125,0,134
18420,92,2013,21,199,7,192,2,202
19066,92,2013,21,323,5,318,3,327
23040,92,2013,21,118,2,116,2,118
23642,92,2013,21,84,5,79,0,86
24853,92,2013,21,197,6,191,0,200
26425,92,2013,21,13,1,12,1,58
30076,92,2013,21,216,6,210,0,218
31372,92,2013,21,93,4,89,0,104
32174,92,2013,21,130,3,127,0,130
32899,92,2013,21,43,3,40,0,46
34250,92,2013,21,168,4,164,0,168
35227,92,2013,21,226,9,217,1,249
36951,92,2013,21,272,2,270,0,275
37617,92,2013,21,336,14,322,1,340
38823,92,2013,21,212,12,200,0,213
39701,92,2013,21,129,3,126,0,129
39783,92,2013,21,101,8,93,0,106
41393,92,2013,21,86,2,84,0,87
44956,92,2013,21,48,0,48,4,49
45539,92,2013,21,57,3,54,0,57
45945,92,2013,21,119,8,111,0,123
46021,92,2013,21,49,3,46,0,50
46584,92,2013,21,293,11,282,4,294
46771,92,2013,21,7,0,7,0,7
48187,92,2013,21,298,8,290,0,299
49294,92,2013,21,34,1,33,1,34
50181,92,2013,21,94,5,89,0,98
50947,92,2013,21,338,18,320,0,338
51597,92,2013,21,296,7,289,1,302
51675,92,2013,21,8,1,7,0,8
52385,92,2013,21,255,7,248,2,256
53884,92,2013,21,57,2,55,1,94
55594,92,2013,21,86,0,86,0,88
57637,92,2013,21,63,0,63,0,241
59367,92,2013,21,82,4,78,0,82
62555,92,2013,21,261,13,248,3,270
63757,92,2013,21,139,7,132,0,142
66052,92,2013,21,401,4,397,4,416
66245,92,2013,21,120,3,117,4,120
66404,92,2013,21,254,5,249,1,265
66754,92,2013,21,113,7,106,0,114
66991,92,2013,21,278,10,268,3,283
68633,92,2013,21,48,4,44,1,50
70889,92,2013,21,113,4,109,0,117
71518,92,2013,21,61,2,59,0,166
71627,92,2013,21,264,8,256,0,268
72746,92,2013,21,59,4,55,0,60
73175,92,2013,21,40,1,39,0,40
73303,92,2013,21,79,1,78,0,80
75261,92,2013,21,286,8,278,4,294
75468,92,2013,21,38,4,34,0,38
76313,92,2013,21,166,5,161,4,168
77023,92,2013,21,165,7,158,0,165
78911,92,2013,21,108,9,99,0,108
80058,92,2013,21,414,2,412,1,418
80193,92,2013,21,220,9,211,1,231
82060,92,2013,21,275,3,272,0,281
82282,92,2013,21,127,6,121,0,129
86237,92,2013,21,40,4,36,0,42
86727,92,2013,21,118,7,111,0,118
88133,92,2013,21,137,16,121,3,147
88175,92,2013,21,144,7,137,0,146
10281,93,2013,22,75,1,74,1,78
10841,93,2013,22,169,13,156,4,170
11692,93,2013,22,148,7,141,0,151
13799,93,2013,22,146,6,140,0,150
15071,93,2013,22,29,3,26,0,67
18344,93,2013,22,134,9,125,0,134
18420,93,2013,22,199,7,192,0,202
23040,93,2013,22,118,2,116,0,118
23642,93,2013,22,84,5,79,0,86
24853,93,2013,22,197,6,191,0,200
25544,93,2013,22,312,11,301,13,477
26425,93,2013,22,13,1,12,0,58
30076,93,2013,22,216,6,210,0,218
30952,93,2013,22,240,16,224,2,264
32100,93,2013,22,181,3,178,2,181
32174,93,2013,22,130,3,127,0,130
34250,93,2013,22,144,4,140,0,168
35227,93,2013,22,227,9,218,2,251
36951,93,2013,22,273,2,271,1,276
37617,93,2013,22,320,13,307,6,346
38823,93,2013,22,212,12,200,0,213
39701,93,2013,22,129,3,126,0,129
39783,93,2013,22,102,8,94,1,107
40629,93,2013,22,206,2,204,4,207
41393,93,2013,22,86,2,84,3,90
44956,93,2013,22,42,0,42,0,49
45539,93,2013,22,57,3,54,0,57
45945,93,2013,22,119,8,111,0,123
46021,93,2013,22,49,3,46,0,50
46160,93,2013,22,136,7,129,0,140
46584,93,2013,22,293,11,282,0,294
46654,93,2013,22,132,8,124,2,136
46771,93,2013,22,7,0,7,0,7
49294,93,2013,22,34,1,33,0,34
49597,93,2013,22,47,5,42,0,47
50181,93,2013,22,94,5,89,0,98
50947,93,2013,22,339,18,321,1,339
51597,93,2013,22,299,7,292,3,305
52385,93,2013,22,255,7,248,1,257
53884,93,2013,22,57,2,55,0,94
55594,93,2013,22,86,0,86,0,88
59367,93,2013,22,82,4,78,0,82
60482,93,2013,22,49,6,43,0,196
62555,93,2013,22,272,13,259,10,280
63757,93,2013,22,139,7,132,1,143
66052,93,2013,22,415,4,411,11,427
66245,93,2013,22,120,3,117,0,120
66404,93,2013,22,254,5,249,1,266
66754,93,2013,22,113,7,106,0,114
68633,93,2013,22,48,4,44,0,50
69065,93,2013,22,181,1,180,4,181
70889,93,2013,22,113,4,109,0,117
71627,93,2013,22,264,8,256,0,268
73175,93,2013,22,40,1,39,0,40
75261,93,2013,22,288,8,280,2,296
75468,93,2013,22,39,4,35,1,39
76313,93,2013,22,166,5,161,1,169
77023,93,2013,22,166,7,159,1,166
80058,93,2013,22,414,2,412,0,418
80193,93,2013,22,223,9,214,3,234
82060,93,2013,22,275,3,272,0,281
82282,93,2013,22,127,6,121,0,129
83568,93,2013,22,89,4,85,0,89
86237,93,2013,22,40,4,36,0,42
86727,93,2013,22,118,7,111,0,118
88175,93,2013,22,144,7,137,0,146
10281,94,2013,23,75,1,74,0,78
10841,94,2013,23,171,13,158,2,172
11692,94,2013,23,149,7,142,1,152
13799,94,2013,23,146,6,140,0,150
13882,94,2013,23,137,1,136,4,139
18420,94,2013,23,199,7,192,0,202
19066,94,2013,23,326,5,321,4,331
23040,94,2013,23,118,2,116,0,118
23642,94,2013,23,84,5,79,0,86
24853,94,2013,23,197,6,191,0,200
25544,94,2013,23,312,11,301,0,477
26425,94,2013,23,14,1,13,1,59
28831,94,2013,23,139,2,137,1,140
30076,94,2013,23,218,6,212,2,220
32100,94,2013,23,184,2,182,4,185
32174,94,2013,23,130,3,127,0,130
36006,94,2013,23,4,0,4,0,52
36951,94,2013,23,273,2,271,0,276
37617,94,2013,23,321,13,308,2,348
38823,94,2013,23,212,12,200,0,213
39701,94,2013,23,129,3,126,0,129
39783,94,2013,23,102,8,94,0,107
41393,94,2013,23,86,2,84,0,90
44956,94,2013,23,35,0,35,0,49
49294,94,2013,23,35,1,34,1,35
49597,94,2013,23,47,5,42,0,47
50181,94,2013,23,94,5,89,0,98
50709,94,2013,23,3,0,3,0,108
51597,94,2013,23,299,7,292,0,305
51675,94,2013,23,8,1,7,0,8
51722,94,2013,23,35,7,28,9,68
52385,94,2013,23,259,7,252,4,261
55594,94,2013,23,86,0,86,0,88
57637,94,2013,23,130,9,121,0,241
59367,94,2013,23,82,4,78,0,82
62555,94,2013,23,275,13,262,3,283
63063,94,2013,23,268,3,265,13,275
63188,94,2013,23,162,4,158,6,192
63757,94,2013,23,139,7,132,3,146
66052,94,2013,23,429,4,425,14,441
66245,94,2013,23,120,3,117,0,120
66754,94,2013,23,114,7,107,2,116
68633,94,2013,23,48,4,44,0,50
69065,94,2013,23,183,1,182,2,183
71518,94,2013,23,61,2,59,0,166
71627,94,2013,23,267,8,259,3,271
73175,94,2013,23,40,1,39,0,40
75468,94,2013,23,40,4,36,1,40
76313,94,2013,23,166,5,161,0,169
80058,94,2013,23,415,2,413,1,419
80193,94,2013,23,223,9,214,1,235
82282,94,2013,23,128,6,122,1,130
83568,94,2013,23,89,4,85,0,89
85970,94,2013,23,107,3,104,0,142
86237,94,2013,23,40,4,36,0,42
86727,94,2013,23,118,7,111,0,118
88175,94,2013,23,144,7,137,0,146
10281,95,2013,24,75,1,74,0,78
10841,95,2013,24,172,13,159,1,173
11692,95,2013,24,150,7,143,1,153
13799,95,2013,24,151,6,145,5,155
15071,95,2013,24,42,5,37,0,67
18420,95,2013,24,199,7,192,0,202
23040,95,2013,24,119,2,117,1,119
24853,95,2013,24,197,6,191,0,200
25544,95,2013,24,312,11,301,0,477
25947,95,2013,24,158,11,147,0,160
26425,95,2013,24,56,5,51,7,66
30076,95,2013,24,233,6,227,15,235
32174,95,2013,24,130,3,127,0,130
32899,95,2013,24,43,3,40,0,46
35227,95,2013,24,7,0,7,0,251
36951,95,2013,24,275,2,273,2,278
37617,95,2013,24,322,13,309,1,349
38823,95,2013,24,212,12,200,0,213
39701,95,2013,24,129,3,126,0,129
39783,95,2013,24,101,7,94,0,107
40629,95,2013,24,13,0,13,0,207
41393,95,2013,24,87,2,85,2,92
44956,95,2013,24,48,0,48,0,49
45539,95,2013,24,57,3,54,0,57
45945,95,2013,24,119,8,111,0,123
49294,95,2013,24,35,1,34,0,35
50181,95,2013,24,94,5,89,0,98
50947,95,2013,24,339,18,321,0,339
51597,95,2013,24,300,7,293,1,306
51675,95,2013,24,8,1,7,0,8
52385,95,2013,24,260,7,253,1,262
53275,95,2013,24,82,11,71,2,104
55594,95,2013,24,86,0,86,0,88
57637,95,2013,24,138,9,129,0,241
59367,95,2013,24,82,4,78,0,82
62555,95,2013,24,278,13,265,3,286
63188,95,2013,24,243,6,237,58,250
63757,95,2013,24,139,7,132,0,146
66052,95,2013,24,441,4,437,15,456
66245,95,2013,24,121,3,118,1,121
66404,95,2013,24,171,2,169,0,266
66754,95,2013,24,114,7,107,0,116
68494,95,2013,24,211,10,201,12,217
68633,95,2013,24,50,4,46,2,52
69065,95,2013,24,183,1,182,0,183
70889,95,2013,24,112,4,108,0,117
71518,95,2013,24,62,2,60,0,166
71627,95,2013,24,269,8,261,3,274
75261,95,2013,24,294,8,286,6,302
75468,95,2013,24,41,4,37,1,41
76313,95,2013,24,166,5,161,0,169
78911,95,2013,24,113,9,104,5,113
80193,95,2013,24,223,9,214,0,235
82282,95,2013,24,128,6,122,0,130
83568,95,2013,24,90,4,86,1,90
84841,95,2013,24,163,2,161,0,166
85970,95,2013,24,143,4,139,1,143
86727,95,2013,24,118,7,111,0,118
88175,95,2013,24,144,7,137,0,146
10281,96,2013,25,75,1,74,0,78
10841,96,2013,25,173,13,160,3,176
11692,96,2013,25,151,7,144,1,154
13799,96,2013,25,151,6,145,0,155
13882,96,2013,25,138,1,137,1,140
15071,96,2013,25,22,1,21,0,67
18420,96,2013,25,200,7,193,1,203
19066,96,2013,25,329,5,324,3,334
23040,96,2013,25,119,2,117,0,119
23642,96,2013,25,85,5,80,1,87
25544,96,2013,25,312,11,301,0,477
25947,96,2013,25,159,11,148,1,161
26425,96,2013,25,56,5,51,0,66
28831,96,2013,25,2,0,2,0,140
30076,96,2013,25,237,6,231,4,239
32100,96,2013,25,187,2,185,3,188
32174,96,2013,25,130,3,127,0,130
34250,96,2013,25,124,4,120,0,168
36006,96,2013,25,14,0,14,0,52
36951,96,2013,25,275,2,273,0,278
38823,96,2013,25,212,12,200,0,213
39701,96,2013,25,130,3,127,1,130
40629,96,2013,25,163,1,162,0,207
41393,96,2013,25,87,2,85,0,92
44956,96,2013,25,50,0,50,2,51
45539,96,2013,25,57,3,54,0,57
45945,96,2013,25,120,8,112,1,124
46160,96,2013,25,140,8,132,3,143
46584,96,2013,25,300,11,289,7,301
46654,96,2013,25,132,8,124,2,138
49294,96,2013,25,35,1,34,0,35
49597,96,2013,25,47,5,42,0,47
50181,96,2013,25,98,5,93,1,99
50947,96,2013,25,339,18,321,1,340
51597,96,2013,25,301,7,294,2,308
51675,96,2013,25,8,1,7,0,8
52385,96,2013,25,260,7,253,0,262
57637,96,2013,25,137,9,128,0,241
59367,96,2013,25,84,4,80,2,84
62555,96,2013,25,280,13,267,2,288
63188,96,2013,25,19,0,19,0,250
63757,96,2013,25,141,7,134,2,148
66052,96,2013,25,446,4,442,5,461
66245,96,2013,25,122,3,119,1,122
66404,96,2013,25,258,5,253,4,270
66754,96,2013,25,115,7,108,1,117
68494,96,2013,25,214,10,204,3,220
68633,96,2013,25,50,4,46,0,52
70889,96,2013,25,112,4,108,0,117
71518,96,2013,25,62,2,60,0,166
71627,96,2013,25,270,8,262,1,275
72746,96,2013,25,61,4,57,2,62
73175,96,2013,25,40,1,39,0,40
75261,96,2013,25,295,8,287,2,304
75468,96,2013,25,41,4,37,0,41
76313,96,2013,25,166,5,161,0,169
78911,96,2013,25,115,9,106,2,115
80058,96,2013,25,416,2,414,1,420
80193,96,2013,25,223,9,214,0,235
82282,96,2013,25,128,6,122,0,130
83568,96,2013,25,119,4,115,29,119
85970,96,2013,25,94,3,91,0,143
86237,96,2013,25,40,4,36,0,42
86727,96,2013,25,118,7,111,0,118
10281,97,2013,26,75,1,74,0,78
10841,97,2013,26,175,13,162,2,178
11692,97,2013,26,154,7,147,3,157
13799,97,2013,26,153,6,147,2,157
18420,97,2013,26,202,7,195,2,205
19066,97,2013,26,331,5,326,2,336
23040,97,2013,26,120,2,118,1,120
23642,97,2013,26,85,5,80,0,87
24853,97,2013,26,197,6,191,0,200
25323,97,2013,26,59,3,56,0,59
25544,97,2013,26,312,11,301,0,477
25947,97,2013,26,165,11,154,6,167
26425,97,2013,26,58,5,53,2,68
28831,97,2013,26,153,2,151,14,154
30076,97,2013,26,239,6,233,2,241
32174,97,2013,26,130,3,127,0,130
32899,97,2013,26,43,3,40,0,46
36006,97,2013,26,56,3,53,5,57
36951,97,2013,26,275,2,273,0,278
38823,97,2013,26,214,12,202,2,215
38893,97,2013,26,102,2,100,10,102
39701,97,2013,26,131,3,128,1,131
39783,97,2013,26,11,2,9,0,107
41393,97,2013,26,87,2,85,0,92
44520,97,2013,26,96,5,91,3,106
44956,97,2013,26,51,0,51,1,52
45539,97,2013,26,57,3,54,0,57
46160,97,2013,26,144,8,136,4,147
46654,97,2013,26,1,0,1,0,138
49294,97,2013,26,35,1,34,0,35
49597,97,2013,26,47,5,42,0,47
50181,97,2013,26,102,5,97,4,103
50709,97,2013,26,10,0,10,0,108
50947,97,2013,26,340,18,322,1,341
51597,97,2013,26,305,7,298,6,314
51675,97,2013,26,8,1,7,0,8
51722,97,2013,26,36,7,29,1,69
53275,97,2013,26,84,11,73,2,106
55594,97,2013,26,87,0,87,0,88
57637,97,2013,26,141,10,131,0,241
59367,97,2013,26,88,4,84,4,88
60482,97,2013,26,191,12,179,2,198
62555,97,2013,26,288,13,275,10,298
63757,97,2013,26,143,7,136,2,150
66052,97,2013,26,452,4,448,5,466
66245,97,2013,26,122,3,119,0,122
66404,97,2013,26,271,5,266,13,283
66754,97,2013,26,116,7,109,1,118
68494,97,2013,26,214,10,204,2,222
69065,97,2013,26,8,0,8,0,183
70889,97,2013,26,113,4,109,1,118
72746,97,2013,26,63,4,59,2,64
73175,97,2013,26,40,1,39,0,40
75261,97,2013,26,301,8,293,6,310
75468,97,2013,26,42,4,38,1,42
76313,97,2013,26,166,5,161,0,169
78911,97,2013,26,116,9,107,1,116
80058,97,2013,26,416,2,414,0,420
80193,97,2013,26,225,9,216,2,237
82282,97,2013,26,128,6,122,0,130
83568,97,2013,26,121,4,117,2,121
85596,97,2013,26,293,12,281,5,295
85970,97,2013,26,145,4,141,2,145
86727,97,2013,26,118,7,111,0,118
88175,97,2013,26,145,7,138,1,147
10281,98,2013,27,75,1,74,0,78
10841,98,2013,27,177,13,164,2,180
11692,98,2013,27,154,7,147,0,157
13799,98,2013,27,153,6,147,0,157
15071,98,2013,27,3,0,3,0,67
18420,98,2013,27,204,7,197,2,207
19066,98,2013,27,331,5,326,0,336
23040,98,2013,27,120,2,118,0,120
23642,98,2013,27,85,5,80,0,87
25544,98,2013,27,312,11,301,0,477
25947,98,2013,27,180,13,167,16,183
26425,98,2013,27,58,5,53,0,68
28831,98,2013,27,38,0,38,0,154
30076,98,2013,27,242,6,236,3,244
32174,98,2013,27,135,3,132,5,135
34250,98,2013,27,183,4,179,15,183
36006,98,2013,27,52,2,50,0,57
36951,98,2013,27,275,2,273,0,278
37617,98,2013,27,324,13,311,2,351
38823,98,2013,27,214,12,202,0,215
38893,98,2013,27,104,2,102,2,104
39701,98,2013,27,133,3,130,2,133
39783,98,2013,27,118,8,110,17,124
40629,98,2013,27,206,2,204,0,207
41393,98,2013,27,88,2,86,1,93
44956,98,2013,27,52,0,52,1,53
45539,98,2013,27,57,3,54,0,57
45945,98,2013,27,122,7,115,3,127
46160,98,2013,27,152,8,144,8,155
49294,98,2013,27,35,1,34,0,35
50181,98,2013,27,103,5,98,1,104
50947,98,2013,27,340,18,322,0,341
51597,98,2013,27,309,7,302,4,318
51675,98,2013,27,8,1,7,0,8
53275,98,2013,27,84,11,73,0,106
53884,98,2013,27,57,2,55,0,94
55594,98,2013,27,89,0,89,2,90
59367,98,2013,27,92,4,88,4,92
62555,98,2013,27,292,13,279,6,304
63188,98,2013,27,117,2,115,0,250
63757,98,2013,27,144,7,137,1,151
66052,98,2013,27,457,4,453,5,471
66245,98,2013,27,123,3,120,1,123
66404,98,2013,27,272,5,267,1,284
66754,98,2013,27,116,7,109,0,118
68494,98,2013,27,214,10,204,0,222
70889,98,2013,27,113,4,109,0,118
72746,98,2013,27,64,3,61,2,66
73175,98,2013,27,40,1,39,0,40
75261,98,2013,27,302,8,294,1,311
76313,98,2013,27,166,5,161,0,169
80058,98,2013,27,416,2,414,0,420
82282,98,2013,27,128,6,122,0,130
83568,98,2013,27,121,4,117,0,121
85596,98,2013,27,293,12,281,0,295
85970,98,2013,27,114,3,111,0,145
86727,98,2013,27,118,7,111,0,118
88175,98,2013,27,146,7,139,1,148
10281,99,2013,28,78,1,77,3,81
10841,99,2013,28,179,13,166,6,186
11692,99,2013,28,155,7,148,1,158
13799,99,2013,28,153,6,147,0,157
13882,99,2013,28,140,1,139,2,142
18420,99,2013,28,204,7,197,0,207
23040,99,2013,28,120,2,118,0,120
23642,99,2013,28,85,5,80,0,87
24853,99,2013,28,199,6,193,2,202
25544,99,2013,28,312,11,301,0,477
25947,99,2013,28,182,13,169,2,185
26425,99,2013,28,60,5,55,2,70
30076,99,2013,28,277,8,269,35,279
32174,99,2013,28,136,3,133,1,136
35227,99,2013,28,370,12,358,160,411
36006,99,2013,28,15,0,15,0,57
36951,99,2013,28,276,2,274,1,279
37617,99,2013,28,328,13,315,4,355
38823,99,2013,28,215,12,203,1,216
39701,99,2013,28,133,3,130,0,133
39783,99,2013,28,120,8,112,2,126
40629,99,2013,28,206,2,204,0,207
41393,99,2013,28,88,2,86,0,93
44520,99,2013,28,97,5,92,1,107
44956,99,2013,28,51,0,51,0,53
45539,99,2013,28,57,3,54,0,57
45945,99,2013,28,122,7,115,0,127
46160,99,2013,28,93,3,90,0,155
46584,99,2013,28,300,11,289,0,301
46771,99,2013,28,7,0,7,0,7
49294,99,2013,28,35,1,34,0,35
50181,99,2013,28,103,5,98,0,104
50709,99,2013,28,60,3,57,0,108
50947,99,2013,28,340,18,322,0,341
51597,99,2013,28,309,7,302,0,318
51675,99,2013,28,8,1,7,0,8
52385,99,2013,28,260,7,253,0,262
55594,99,2013,28,89,0,89,0,90
59367,99,2013,28,90,4,86,0,92
62555,99,2013,28,292,13,279,5,309
63188,99,2013,28,64,2,62,0,250
63757,99,2013,28,148,7,141,1,152
66052,99,2013,28,463,4,459,7,478
66245,99,2013,28,124,3,121,1,124
66404,99,2013,28,275,5,270,3,287
66754,99,2013,28,116,7,109,0,118
68494,99,2013,28,214,10,204,0,222
70889,99,2013,28,113,4,109,0,118
72746,99,2013,28,65,3,62,1,67
73175,99,2013,28,40,1,39,0,40
73303,99,2013,28,81,2,79,2,82
75261,99,2013,28,302,8,294,0,311
75468,99,2013,28,43,4,39,1,43
76313,99,2013,28,166,5,161,0,169
78911,99,2013,28,118,9,109,2,118
80193,99,2013,28,212,9,203,0,237
82282,99,2013,28,128,6,122,0,130
83568,99,2013,28,124,4,120,3,124
85596,99,2013,28,295,12,283,2,297
86727,99,2013,28,118,7,111,0,118
88133,99,2013,28,138,16,122,3,150
88175,99,2013,28,146,7,139,0,148
10281,100,2013,29,78,1,77,0,81
10841,100,2013,29,180,13,167,2,188
11692,100,2013,29,155,7,148,0,158
13799,100,2013,29,154,6,148,1,158
15071,100,2013,29,34,3,31,0,67
18420,100,2013,29,205,7,198,1,208
19066,100,2013,29,331,5,326,0,336
23040,100,2013,29,120,2,118,0,120
25544,100,2013,29,312,11,301,0,477
25947,100,2013,29,184,13,171,2,187
26425,100,2013,29,64,5,59,4,74
28831,100,2013,29,154,2,152,2,156
30076,100,2013,29,278,8,270,1,280
32100,100,2013,29,1,0,1,0,188
32174,100,2013,29,136,3,133,0,136
35227,100,2013,29,3,0,3,0,411
36006,100,2013,29,2,0,2,0,57
36951,100,2013,29,276,2,274,0,279
38823,100,2013,29,215,12,203,0,216
38893,100,2013,29,108,2,106,4,108
39701,100,2013,29,133,3,130,0,133
39783,100,2013,29,122,8,114,2,128
40629,100,2013,29,206,2,204,0,207
41393,100,2013,29,89,2,87,1,94
44956,100,2013,29,41,0,41,0,53
45539,100,2013,29,57,3,54,0,57
45945,100,2013,29,122,7,115,0,127
46584,100,2013,29,300,11,289,0,301
46654,100,2013,29,132,8,124,0,138
49294,100,2013,29,35,1,34,0,35
50181,100,2013,29,103,5,98,0,104
50709,100,2013,29,9,0,9,0,108
50869,100,2013,29,172,6,166,2,177
51597,100,2013,29,309,7,302,0,318
51675,100,2013,29,8,1,7,0,8
51722,100,2013,29,37,7,30,0,69
52385,100,2013,29,261,7,254,1,263
53884,100,2013,29,57,2,55,0,94
55594,100,2013,29,90,0,90,1,91
57637,100,2013,29,134,9,125,0,241
58909,100,2013,29,130,2,128,11,132
59367,100,2013,29,91,4,87,1,93
62555,100,2013,29,294,13,281,2,311
63188,100,2013,29,86,2,84,0,250
63757,100,2013,29,146,7,139,1,153
66052,100,2013,29,469,4,465,7,485
66404,100,2013,29,265,5,260,0,287
66754,100,2013,29,116,7,109,0,118
68494,100,2013,29,214,10,204,0,222
68533,100,2013,29,24,0,24,0,334
70889,100,2013,29,114,4,110,1,119
73303,100,2013,29,1,0,1,0,82
75261,100,2013,29,302,8,294,0,311
75468,100,2013,29,43,4,39,0,43
76313,100,2013,29,166,5,161,0,169
78911,100,2013,29,118,9,109,0,118
82282,100,2013,29,128,6,122,0,130
83568,100,2013,29,124,4,120,0,124
85596,100,2013,29,296,12,284,1,298
86352,100,2013,29,1,0,1,0,283
86727,100,2013,29,118,7,111,0,118
10281,101,2013,30,78,1,77,0,81
10841,101,2013,30,180,13,167,0,188
11692,101,2013,30,155,7,148,0,158
13799,101,2013,30,154,6,148,0,158
15071,101,2013,30,3,0,3,0,67
18420,101,2013,30,206,7,199,1,209
19066,101,2013,30,331,5,326,0,336
23040,101,2013,30,120,2,118,0,120
23642,101,2013,30,86,5,81,1,88
25544,101,2013,30,312,11,301,0,477
25947,101,2013,30,184,13,171,1,188
30076,101,2013,30,278,8,270,0,280
32174,101,2013,30,137,3,134,1,137
34250,101,2013,30,124,4,120,0,183
35227,101,2013,30,352,12,340,0,411
36006,101,2013,30,56,3,53,0,57
36951,101,2013,30,276,2,274,0,279
38823,101,2013,30,215,12,203,0,216
38893,101,2013,30,110,2,108,2,110
39701,101,2013,30,133,3,130,0,133
39783,101,2013,30,122,8,114,0,128
41393,101,2013,30,89,2,87,0,94
44520,101,2013,30,25,1,24,0,107
44956,101,2013,30,49,0,49,0,53
45539,101,2013,30,57,3,54,0,57
45945,101,2013,30,122,7,115,0,127
46160,101,2013,30,156,8,148,4,159
46584,101,2013,30,300,11,289,0,301
46654,101,2013,30,132,8,124,0,138
49294,101,2013,30,35,1,34,0,35
50181,101,2013,30,103,5,98,0,104
51597,101,2013,30,311,8,303,2,320
51675,101,2013,30,8,1,7,0,8
52385,101,2013,30,263,7,256,2,265
52635,101,2013,30,3,0,3,0,79
55594,101,2013,30,90,0,90,0,91
57637,101,2013,30,131,9,122,0,241
58909,101,2013,30,130,2,128,1,133
59367,101,2013,30,91,4,87,0,93
62555,101,2013,30,298,13,285,4,315
63188,101,2013,30,46,2,44,0,250
63757,101,2013,30,146,7,139,0,153
66052,101,2013,30,479,4,475,10,495
66245,101,2013,30,124,3,121,0,124
66404,101,2013,30,282,5,277,7,294
66754,101,2013,30,116,7,109,0,118
70889,101,2013,30,114,4,110,0,119
73175,101,2013,30,40,1,39,0,40
73303,101,2013,30,81,2,79,0,82
75261,101,2013,30,303,8,295,1,312
75468,101,2013,30,43,4,39,0,43
76313,101,2013,30,167,5,162,1,170
78911,101,2013,30,118,9,109,0,118
80193,101,2013,30,71,7,64,0,237
82282,101,2013,30,128,6,122,0,130
83568,101,2013,30,124,4,120,0,124
85596,101,2013,30,297,12,285,1,299
85970,101,2013,30,75,3,72,0,145
86727,101,2013,30,118,7,111,0,118
88133,101,2013,30,138,16,122,0,150
88175,101,2013,30,146,7,139,1,149
10281,102,2013,31,79,1,78,1,82
10841,102,2013,31,182,13,169,2,190
11692,102,2013,31,159,8,151,5,163
13799,102,2013,31,154,6,148,0,158
15071,102,2013,31,1,0,1,0,67
19066,102,2013,31,332,5,327,1,337
23642,102,2013,31,86,5,81,0,88
24853,102,2013,31,201,6,195,2,204
25947,102,2013,31,184,13,171,0,188
26425,102,2013,31,67,5,62,3,77
28831,102,2013,31,155,2,153,1,157
30076,102,2013,31,279,8,271,1,281
32174,102,2013,31,138,3,135,1,138
32899,102,2013,31,42,3,39,0,46
34250,102,2013,31,185,4,181,2,185
36006,102,2013,31,56,3,53,0,57
36951,102,2013,31,279,2,277,3,282
38823,102,2013,31,215,12,203,0,216
39701,102,2013,31,133,3,130,0,133
39783,102,2013,31,18,3,15,0,128
40629,102,2013,31,206,2,204,0,207
41393,102,2013,31,89,2,87,0,94
44520,102,2013,31,97,5,92,0,107
44956,102,2013,31,52,0,52,1,54
45539,102,2013,31,57,3,54,0,57
45945,102,2013,31,122,7,115,0,127
46021,102,2013,31,50,3,47,1,51
49294,102,2013,31,36,1,35,1,36
50181,102,2013,31,104,5,99,1,105
51597,102,2013,31,312,8,304,1,321
51675,102,2013,31,8,1,7,0,8
52385,102,2013,31,263,7,256,0,265
53275,102,2013,31,86,11,75,2,108
53884,102,2013,31,57,2,55,0,94
55594,102,2013,31,90,0,90,0,91
57637,102,2013,31,141,10,131,0,241
58909,102,2013,31,131,2,129,1,134
59367,102,2013,31,91,4,87,0,93
62555,102,2013,31,301,13,288,3,318
63757,102,2013,31,147,7,140,1,154
66052,102,2013,31,496,4,492,17,512
66404,102,2013,31,283,5,278,1,295
66754,102,2013,31,116,7,109,0,118
68533,102,2013,31,338,3,335,9,343
70889,102,2013,31,114,4,110,0,119
73175,102,2013,31,40,1,39,0,40
73303,102,2013,31,81,2,79,0,82
75261,102,2013,31,305,8,297,2,314
75468,102,2013,31,43,4,39,0,43
76313,102,2013,31,166,5,161,0,170
78911,102,2013,31,120,9,111,2,120
80193,102,2013,31,227,9,218,1,238
82282,102,2013,31,128,6,122,0,130
83568,102,2013,31,124,4,120,0,124
85596,102,2013,31,300,12,288,3,302
85970,102,2013,31,146,4,142,1,146
86727,102,2013,31,118,7,111,0,118
88175,102,2013,31,147,7,140,1,150
10281,103,2013,32,1,1,0,0,82
10841,103,2013,32,189,13,176,13,203
11692,103,2013,32,159,8,151,0,163
13799,103,2013,32,155,6,149,1,159
15071,103,2013,32,19,1,18,0,67
18344,103,2013,32,134,9,125,0,134
23040,103,2013,32,120,2,118,0,120
23642,103,2013,32,89,5,84,3,91
24853,103,2013,32,205,6,199,4,208
25544,103,2013,32,393,11,382,46,523
25947,103,2013,32,184,13,171,0,188
26425,103,2013,32,67,5,62,0,77
28831,103,2013,32,155,2,153,0,157
30076,103,2013,32,280,8,272,1,282
31372,103,2013,32,95,4,91,9,113
32174,103,2013,32,138,3,135,0,138
34250,103,2013,32,144,4,140,0,185
35227,103,2013,32,8,0,8,0,411
36006,103,2013,32,3,0,3,0,57
36951,103,2013,32,281,2,279,2,284
38823,103,2013,32,215,12,203,0,216
39783,103,2013,32,122,8,114,0,128
40629,103,2013,32,1,0,1,0,207
41393,103,2013,32,90,2,88,1,95
44520,103,2013,32,97,5,92,0,107
44956,103,2013,32,36,0,36,0,54
45945,103,2013,32,122,7,115,0,127
46021,103,2013,32,50,3,47,0,51
46160,103,2013,32,160,8,152,4,163
46584,103,2013,32,301,11,290,1,302
46654,103,2013,32,1,0,1,0,138
46771,103,2013,32,7,0,7,0,7
49294,103,2013,32,37,1,36,1,37
50181,103,2013,32,105,5,100,1,106
50709,103,2013,32,12,0,12,0,108
51597,103,2013,32,312,8,304,0,321
51675,103,2013,32,8,1,7,0,8
52385,103,2013,32,263,7,256,0,265
52635,103,2013,32,47,4,43,0,79
53275,103,2013,32,86,11,75,0,108
57637,103,2013,32,141,10,131,0,241
58909,103,2013,32,131,2,129,2,136
59367,103,2013,32,91,4,87,0,93
63188,103,2013,32,70,2,68,0,250
63757,103,2013,32,147,7,140,0,154
66052,103,2013,32,503,4,499,7,519
66404,103,2013,32,284,5,279,1,296
66754,103,2013,32,116,7,109,0,118
68633,103,2013,32,50,4,46,0,52
70889,103,2013,32,114,4,110,0,119
71627,103,2013,32,143,6,137,0,275
72746,103,2013,32,65,5,60,0,67
73175,103,2013,32,40,1,39,0,40
73303,103,2013,32,82,2,80,1,83
78911,103,2013,32,120,9,111,0,120
80193,103,2013,32,79,7,72,0,238
82282,103,2013,32,128,6,122,0,130
83568,103,2013,32,125,4,121,1,125
85596,103,2013,32,301,12,289,2,304
85970,103,2013,32,94,3,91,0,146
86727,103,2013,32,119,7,112,1,119
88175,103,2013,32,148,7,141,1,151
10841,104,2013,33,189,13,176,0,203
11692,104,2013,33,161,8,153,2,165
15071,104,2013,33,2,0,2,0,67
18344,104,2013,33,134,9,125,0,134
23040,104,2013,33,120,2,118,0,120
23642,104,2013,33,89,5,84,0,91
24853,104,2013,33,205,6,199,0,208
25544,104,2013,33,394,11,383,0,523
25947,104,2013,33,184,13,171,0,188
28831,104,2013,33,155,2,153,0,157
30076,104,2013,33,281,8,273,1,283
30952,104,2013,33,147,12,135,0,264
31372,104,2013,33,61,3,58,0,113
32174,104,2013,33,138,3,135,0,138
32899,104,2013,33,42,3,39,0,46
34250,104,2013,33,185,4,181,0,185
35227,104,2013,33,8,0,8,0,411
36006,104,2013,33,56,3,53,0,57
38823,104,2013,33,215,12,203,0,216
38893,104,2013,33,116,2,114,7,117
39783,104,2013,33,122,8,114,0,128
40629,104,2013,33,177,1,176,0,207
41393,104,2013,33,90,2,88,1,96
44520,104,2013,33,97,5,92,0,107
44956,104,2013,33,52,0,52,0,54
46021,104,2013,33,50,3,47,0,51
46584,104,2013,33,301,11,290,0,302
46654,104,2013,33,60,4,56,0,138
46771,104,2013,33,7,0,7,0,7
48187,104,2013,33,297,8,289,5,304
49294,104,2013,33,37,1,36,0,37
50181,104,2013,33,105,5,100,0,106
50709,104,2013,33,14,0,14,0,108
50869,104,2013,33,178,7,171,7,184
51597,104,2013,33,312,9,303,1,322
51675,104,2013,33,8,1,7,0,8
51722,104,2013,33,38,7,31,0,69
52385,104,2013,33,263,7,256,0,265
55594,104,2013,33,90,0,90,0,91
58909,104,2013,33,132,2,130,1,137
59367,104,2013,33,91,4,87,0,93
62555,104,2013,33,302,13,289,3,321
63757,104,2013,33,147,7,140,0,154
66052,104,2013,33,506,4,502,3,522
66245,104,2013,33,124,3,121,0,124
66404,104,2013,33,285,5,280,1,297
68494,104,2013,33,120,10,110,0,222
68633,104,2013,33,50,4,46,0,52
70889,104,2013,33,114,4,110,0,119
71627,104,2013,33,43,2,41,0,275
73175,104,2013,33,40,1,39,0,40
73303,104,2013,33,82,2,80,0,83
75261,104,2013,33,294,7,287,4,318
76313,104,2013,33,166,5,161,1,171
78911,104,2013,33,120,9,111,0,120
80193,104,2013,33,89,8,81,0,238
82282,104,2013,33,128,6,122,0,130
83568,104,2013,33,125,4,121,0,125
85596,104,2013,33,301,12,289,1,305
86727,104,2013,33,119,7,112,0,119
88175,104,2013,33,148,7,141,0,151
10281,105,2013,34,1,1,0,0,82
10841,105,2013,34,190,13,177,1,204
11692,105,2013,34,162,8,154,1,166
13799,105,2013,34,158,6,152,3,162
18344,105,2013,34,134,9,125,0,134
23040,105,2013,34,121,2,119,1,121
23642,105,2013,34,89,5,84,0,91
24853,105,2013,34,208,6,202,3,211
25544,105,2013,34,400,11,389,5,528
25947,105,2013,34,184,13,171,0,188
26425,105,2013,34,67,5,62,0,77
28831,105,2013,34,155,2,153,1,158
30076,105,2013,34,283,8,275,2,285
30952,105,2013,34,178,13,165,0,264
31372,105,2013,34,97,4,93,2,115
32174,105,2013,34,138,3,135,0,138
35227,105,2013,34,119,2,117,0,411
36006,105,2013,34,3,0,3,0,57
36951,105,2013,34,282,2,280,1,285
38823,105,2013,34,215,12,203,0,216
38893,105,2013,34,116,2,114,0,117
39783,105,2013,34,46,4,42,1,129
40629,105,2013,34,122,0,122,0,207
41393,105,2013,34,91,2,89,1,97
44520,105,2013,34,97,5,92,0,107
44956,105,2013,34,46,0,46,0,54
45945,105,2013,34,122,7,115,0,127
46021,105,2013,34,1,0,1,0,51
46160,105,2013,34,16,0,16,0,163
46584,105,2013,34,301,11,290,0,302
46654,105,2013,34,133,7,126,2,140
46771,105,2013,34,7,0,7,0,7
48187,105,2013,34,298,8,290,1,305
49294,105,2013,34,37,1,36,0,37
49597,105,2013,34,1,0,1,0,47
50181,105,2013,34,106,5,101,1,107
51597,105,2013,34,313,9,304,1,323
51675,105,2013,34,8,1,7,0,8
52385,105,2013,34,266,7,259,3,268
53275,105,2013,34,86,11,75,0,108
55594,105,2013,34,90,0,90,0,91
58909,105,2013,34,132,2,130,0,137
63188,105,2013,34,19,0,19,0,250
63757,105,2013,34,147,7,140,0,154
66052,105,2013,34,512,4,508,10,532
66404,105,2013,34,52,2,50,3,300
66754,105,2013,34,116,7,109,0,118
68494,105,2013,34,216,10,206,2,224
68633,105,2013,34,50,4,46,1,53
70889,105,2013,34,114,4,110,0,119
73175,105,2013,34,40,1,39,0,40
73303,105,2013,34,9,1,8,0,83
75261,105,2013,34,294,7,287,0,318
76313,105,2013,34,166,5,161,0,171
78911,105,2013,34,120,9,111,0,120
82282,105,2013,34,129,6,123,1,131
83568,105,2013,34,125,4,121,0,125
85596,105,2013,34,302,12,290,1,306
85970,105,2013,34,147,4,143,1,147
86727,105,2013,34,119,7,112,0,119
88133,105,2013,34,138,16,122,0,150
88175,105,2013,34,150,7,143,2,153
10841,106,2013,35,192,13,179,10,214
13799,106,2013,35,159,6,153,1,163
15071,106,2013,35,70,8,62,4,71
18420,106,2013,35,209,7,202,3,212
23642,106,2013,35,90,5,85,1,92
25544,106,2013,35,402,10,392,2,530
25947,106,2013,35,185,13,172,1,189
26425,106,2013,35,65,5,60,4,81
30952,106,2013,35,190,14,176,0,264
32899,106,2013,35,41,3,38,1,47
35227,106,2013,35,12,0,12,0,411
36006,106,2013,35,58,3,55,3,60
36951,106,2013,35,282,2,280,0,285
38823,106,2013,35,217,12,205,3,219
38893,106,2013,35,118,2,116,2,119
40629,106,2013,35,214,2,212,8,215
40997,106,2013,35,184,15,169,20,193
41393,106,2013,35,93,2,91,2,99
46771,106,2013,35,7,0,7,0,7
49294,106,2013,35,40,1,39,3,40
50181,106,2013,35,110,5,105,8,115
51597,106,2013,35,315,9,306,2,325
51675,106,2013,35,8,1,7,0,8
51722,106,2013,35,37,7,30,1,70
55594,106,2013,35,91,0,91,1,92
63188,106,2013,35,277,7,270,35,285
63757,106,2013,35,148,7,141,1,155
66052,106,2013,35,548,4,544,36,568
66245,106,2013,35,126,3,123,2,126
68633,106,2013,35,50,4,46,0,53
71627,106,2013,35,50,2,48,0,275
73303,106,2013,35,83,2,81,1,84
78911,106,2013,35,120,9,111,0,120
78966,106,2013,35,226,3,223,11,228
84841,106,2013,35,187,2,185,24,190
85596,106,2013,35,112,11,101,4,310
88133,106,2013,35,141,16,125,3,153
10281,107,2013,36,74,1,73,0,82
10841,107,2013,36,192,13,179,0,214
13799,107,2013,36,159,6,153,0,163
15071,107,2013,36,70,8,62,0,71
18420,107,2013,36,209,7,202,0,212
23642,107,2013,36,91,5,86,1,93
25544,107,2013,36,411,12,399,14,544
25947,107,2013,36,184,13,171,0,189
26425,107,2013,36,67,6,61,2,83
30952,107,2013,36,231,16,215,1,265
31372,107,2013,36,97,4,93,1,116
32100,107,2013,36,190,2,188,5,193
32899,107,2013,36,41,3,38,0,47
35227,107,2013,36,86,0,86,0,411
36006,107,2013,36,58,3,55,0,60
38823,107,2013,36,219,12,207,2,221
38893,107,2013,36,118,2,116,0,119
39783,107,2013,36,121,8,113,0,129
40629,107,2013,36,215,2,213,1,216
40997,107,2013,36,186,15,171,2,195
41393,107,2013,36,94,2,92,1,100
46654,107,2013,36,136,7,129,4,144
48187,107,2013,36,310,8,302,6,311
49294,107,2013,36,40,1,39,0,40
49597,107,2013,36,51,5,46,4,51
50181,107,2013,36,110,5,105,0,115
50709,107,2013,36,111,2,109,16,124
50869,107,2013,36,197,7,190,23,207
51597,107,2013,36,317,9,308,2,327
51675,107,2013,36,8,1,7,0,8
51722,107,2013,36,38,7,31,0,70
53275,107,2013,36,86,11,75,0,108
55594,107,2013,36,91,0,91,0,92
58909,107,2013,36,134,2,132,2,139
62555,107,2013,36,154,4,150,18,339
63188,107,2013,36,280,8,272,5,290
63757,107,2013,36,148,7,141,0,155
66052,107,2013,36,549,4,545,1,569
66245,107,2013,36,126,3,123,0,126
68494,107,2013,36,219,10,209,3,227
68633,107,2013,36,50,4,46,0,53
71627,107,2013,36,82,3,79,1,276
73175,107,2013,36,40,1,39,0,40
73303,107,2013,36,84,2,82,1,85
75178,107,2013,36,68,8,60,1,74
80193,107,2013,36,133,9,124,0,238
83568,107,2013,36,133,4,129,8,133
84841,107,2013,36,188,2,186,1,191
85596,107,2013,36,112,11,101,0,310
86352,107,2013,36,297,15,282,33,316
88175,107,2013,36,163,6,157,16,169
10281,108,2013,37,77,1,76,3,85
10841,108,2013,37,201,13,188,9,223
11692,108,2013,37,168,8,160,7,173
13799,108,2013,37,160,6,154,1,164
14106,108,2013,37,120,1,119,36,123
15071,108,2013,37,71,8,63,1,72
25544,108,2013,37,417,12,405,4,548
26425,108,2013,37,71,5,66,5,88
29914,108,2013,37,99,7,92,17,102
31372,108,2013,37,99,4,95,2,118
32899,108,2013,37,43,3,40,2,49
36006,108,2013,37,60,4,56,2,62
38823,108,2013,37,223,12,211,4,225
39783,108,2013,37,123,7,116,2,131
40629,108,2013,37,218,2,216,3,219
40997,108,2013,37,190,15,175,6,201
41393,108,2013,37,94,2,92,0,100
45945,108,2013,37,129,7,122,6,133
46021,108,2013,37,50,3,47,0,51
46654,108,2013,37,136,7,129,0,144
48187,108,2013,37,312,8,304,2,313
49597,108,2013,37,54,5,49,3,54
50181,108,2013,37,110,5,105,0,115
50709,108,2013,37,111,2,109,1,125
50869,108,2013,37,199,7,192,2,209
51597,108,2013,37,317,9,308,0,327
51722,108,2013,37,38,7,31,0,70
52385,108,2013,37,226,8,218,12,280
53275,108,2013,37,86,11,75,0,108
55594,108,2013,37,92,0,92,1,93
58909,108,2013,37,136,2,134,2,141
60830,108,2013,37,149,3,146,149,149
62555,108,2013,37,181,4,177,23,362
63188,108,2013,37,287,8,279,7,297
66052,108,2013,37,561,5,556,13,582
66245,108,2013,37,127,3,124,1,127
68633,108,2013,37,50,4,46,0,53
72746,108,2013,37,72,5,67,7,74
73175,108,2013,37,40,1,39,0,40
73303,108,2013,37,85,2,83,1,86
75178,108,2013,37,69,8,61,1,75
78911,108,2013,37,120,9,111,0,120
78966,108,2013,37,230,5,225,4,232
80193,108,2013,37,220,9,211,0,238
83568,108,2013,37,133,4,129,0,133
85596,108,2013,37,121,11,110,8,318
86352,108,2013,37,298,15,283,1,317
88175,108,2013,37,166,5,161,4,173
10281,109,2013,38,84,1,83,7,92
10841,109,2013,38,202,12,190,2,225
11692,109,2013,38,169,8,161,1,174
13799,109,2013,38,163,6,157,3,167
14106,109,2013,38,120,1,119,0,123
15071,109,2013,38,71,8,63,0,72
18344,109,2013,38,123,9,114,7,141
25544,109,2013,38,420,13,407,2,550
26425,109,2013,38,71,5,66,1,89
26999,109,2013,38,128,10,118,17,144
29914,109,2013,38,100,7,93,1,103
31372,109,2013,38,101,4,97,2,120
32899,109,2013,38,43,3,40,0,49
35227,109,2013,38,218,9,209,2,413
36006,109,2013,38,60,4,56,0,62
38823,109,2013,38,227,12,215,4,229
38893,109,2013,38,135,2,133,17,136
39783,109,2013,38,123,7,116,0,131
40629,109,2013,38,219,2,217,1,220
41393,109,2013,38,95,2,93,2,102
44520,109,2013,38,98,5,93,6,113
45945,109,2013,38,133,7,126,4,137
46021,109,2013,38,48,2,46,0,51
46654,109,2013,38,136,7,129,0,144
48187,109,2013,38,316,8,308,4,317
50181,109,2013,38,110,5,105,0,115
50709,109,2013,38,111,2,109,0,125
50869,109,2013,38,205,7,198,6,215
51597,109,2013,38,317,9,308,0,327
51722,109,2013,38,40,8,32,2,72
52385,109,2013,38,234,8,226,6,286
55594,109,2013,38,94,0,94,2,95
58909,109,2013,38,137,2,135,1,142
62555,109,2013,38,192,4,188,19,381
63188,109,2013,38,289,8,281,3,300
66052,109,2013,38,570,5,565,9,591
66245,109,2013,38,128,3,125,1,128
71627,109,2013,38,132,5,127,0,276
72746,109,2013,38,72,5,67,0,74
73175,109,2013,38,40,1,39,0,40
73303,109,2013,38,85,2,83,0,86
75178,109,2013,38,70,8,62,1,76
78966,109,2013,38,235,5,230,5,237
80193,109,2013,38,69,7,62,0,238
83568,109,2013,38,135,4,131,2,135
85596,109,2013,38,124,11,113,3,321
86009,109,2013,38,297,5,292,23,320
86352,109,2013,38,299,15,284,1,318
88175,109,2013,38,166,5,161,0,173
10281,110,2013,39,87,1,86,3,95
10841,110,2013,39,208,13,195,5,230
11692,110,2013,39,170,8,162,2,176
13799,110,2013,39,166,6,160,3,170
14106,110,2013,39,124,1,123,4,127
15071,110,2013,39,72,8,64,2,74
18344,110,2013,39,124,9,115,1,142
25544,110,2013,39,424,13,411,5,555
26999,110,2013,39,128,10,118,0,144
29914,110,2013,39,101,7,94,2,105
31372,110,2013,39,101,4,97,0,120
32100,110,2013,39,190,2,188,0,193
32899,110,2013,39,43,3,40,0,49
36006,110,2013,39,62,4,58,2,64
38893,110,2013,39,140,2,138,5,141
39783,110,2013,39,123,7,116,0,131
40629,110,2013,39,219,2,217,0,220
41393,110,2013,39,96,2,94,1,103
45539,110,2013,39,70,3,67,13,70
45945,110,2013,39,133,7,126,0,137
46021,110,2013,39,50,3,47,0,51
46654,110,2013,39,137,7,130,1,145
46771,110,2013,39,7,0,7,0,7
48187,110,2013,39,320,8,312,4,321
49597,110,2013,39,54,5,49,0,54
50181,110,2013,39,113,5,108,3,118
50709,110,2013,39,112,2,110,1,126
50869,110,2013,39,213,7,206,9,224
51597,110,2013,39,322,9,313,5,332
52385,110,2013,39,237,8,229,3,289
55594,110,2013,39,96,0,96,2,97
60830,110,2013,39,154,3,151,6,155
62555,110,2013,39,180,3,177,5,386
63188,110,2013,39,294,8,286,5,305
63757,110,2013,39,153,7,146,5,160
66052,110,2013,39,577,5,572,7,598
66245,110,2013,39,128,3,125,0,128
68633,110,2013,39,50,4,46,0,53
71627,110,2013,39,110,4,106,0,276
72746,110,2013,39,72,5,67,0,74
73175,110,2013,39,40,1,39,1,41
75178,110,2013,39,70,8,62,0,76
78966,110,2013,39,235,5,230,0,237
80193,110,2013,39,249,9,240,22,260
84841,110,2013,39,198,2,196,11,202
85596,110,2013,39,315,13,302,2,323
86009,110,2013,39,299,5,294,3,323
86352,110,2013,39,300,15,285,1,319
86727,110,2013,39,57,5,52,3,122
88175,110,2013,39,168,5,163,2,175
10281,111,2013,40,87,1,86,0,95
10841,111,2013,40,208,13,195,0,230
11692,111,2013,40,170,8,162,0,176
13799,111,2013,40,166,6,160,0,170
15071,111,2013,40,72,8,64,0,74
25544,111,2013,40,425,13,412,1,556
26999,111,2013,40,128,10,118,0,144
29914,111,2013,40,101,7,94,0,105
31372,111,2013,40,101,4,97,0,120
32899,111,2013,40,44,3,41,1,50
36006,111,2013,40,62,4,58,0,64
38823,111,2013,40,230,12,218,3,232
38893,111,2013,40,140,2,138,0,141
39783,111,2013,40,123,7,116,0,131
40629,111,2013,40,219,2,217,0,220
41393,111,2013,40,96,2,94,0,103
45539,111,2013,40,70,3,67,0,70
45945,111,2013,40,133,7,126,0,137
46021,111,2013,40,22,1,21,0,51
46654,111,2013,40,137,7,130,0,145
46771,111,2013,40,7,0,7,0,7
48187,111,2013,40,321,8,313,1,322
49597,111,2013,40,56,5,51,2,56
50181,111,2013,40,113,5,108,0,118
50869,111,2013,40,214,7,207,1,225
51597,111,2013,40,322,9,313,0,332
51722,111,2013,40,45,8,37,4,76
52385,111,2013,40,243,8,235,6,295
55594,111,2013,40,98,0,98,2,99
60830,111,2013,40,154,3,151,0,155
62555,111,2013,40,197,5,192,0,386
63188,111,2013,40,295,8,287,1,306
63757,111,2013,40,155,7,148,2,162
66052,111,2013,40,580,5,575,3,601
66245,111,2013,40,128,3,125,0,128
68633,111,2013,40,50,4,46,0,53
71627,111,2013,40,68,3,65,0,276
72746,111,2013,40,72,5,67,0,74
73175,111,2013,40,40,1,39,0,41
73303,111,2013,40,88,2,86,3,89
75178,111,2013,40,70,8,62,0,76
78966,111,2013,40,236,5,231,1,238
80193,111,2013,40,5,2,3,0,260
83568,111,2013,40,8,2,6,0,135
84841,111,2013,40,199,3,196,1,203
85596,111,2013,40,315,13,302,0,323
86009,111,2013,40,299,5,294,0,323
86352,111,2013,40,301,15,286,1,320
86727,111,2013,40,57,5,52,0,122
88175,111,2013,40,168,5,163,0,175
10281,112,2013,41,88,1,87,2,97
10841,112,2013,41,209,13,196,2,232
11692,112,2013,41,171,8,163,1,177
13799,112,2013,41,167,6,161,1,171
15071,112,2013,41,72,8,64,0,74
25544,112,2013,41,431,13,418,4,560
26425,112,2013,41,75,5,70,4,93
26999,112,2013,41,130,10,120,8,152
29914,112,2013,41,101,7,94,0,105
31372,112,2013,41,101,4,97,0,120
32899,112,2013,41,44,3,41,0,50
36006,112,2013,41,62,4,58,0,64
38823,112,2013,41,234,12,222,4,236
38893,112,2013,41,144,2,142,4,145
39783,112,2013,41,123,7,116,0,131
40629,112,2013,41,222,2,220,3,223
41393,112,2013,41,96,2,94,0,103
45539,112,2013,41,70,3,67,0,70
45945,112,2013,41,133,7,126,0,137
49597,112,2013,41,56,5,51,0,56
50181,112,2013,41,119,6,113,5,123
50709,112,2013,41,114,2,112,2,128
50869,112,2013,41,216,7,209,2,227
51597,112,2013,41,326,9,317,4,336
51722,112,2013,41,47,8,39,2,78
52385,112,2013,41,243,8,235,0,295
55594,112,2013,41,103,0,103,5,104
58909,112,2013,41,143,2,141,6,148
62555,112,2013,41,201,5,196,4,390
63188,112,2013,41,300,8,292,5,311
63757,112,2013,41,157,7,150,2,164
66245,112,2013,41,128,3,125,0,128
71627,112,2013,41,72,3,69,0,276
72746,112,2013,41,73,5,68,2,76
73175,112,2013,41,40,1,39,0,41
73303,112,2013,41,88,2,86,0,89
75178,112,2013,41,70,8,62,0,76
80193,112,2013,41,24,3,21,0,260
83568,112,2013,41,7,2,5,0,135
84841,112,2013,41,199,3,196,0,203
85596,112,2013,41,319,14,305,4,327
88175,112,2013,41,168,5,163,0,175
10281,113,2013,42,87,1,86,0,97
10841,113,2013,42,209,13,196,0,232
11692,113,2013,42,171,8,163,0,177
13799,113,2013,42,167,6,161,0,171
25544,113,2013,42,433,13,420,2,562
26425,113,2013,42,75,5,70,0,93
29914,113,2013,42,101,7,94,0,105
31372,113,2013,42,101,4,97,0,120
32899,113,2013,42,44,3,41,0,50
36006,113,2013,42,62,4,58,0,64
38823,113,2013,42,234,12,222,0,236
40629,113,2013,42,222,2,220,0,223
41393,113,2013,42,96,2,94,0,103
44520,113,2013,42,98,6,92,4,117
45539,113,2013,42,70,3,67,0,70
45945,113,2013,42,133,7,126,0,137
46654,113,2013,42,138,7,131,1,146
48187,113,2013,42,323,8,315,2,324
49597,113,2013,42,57,5,52,1,57
50869,113,2013,42,217,7,210,1,228
51597,113,2013,42,327,9,318,1,337
52385,113,2013,42,243,8,235,0,295
55594,113,2013,42,105,0,105,2,106
57637,113,2013,42,137,9,128,1,242
58909,113,2013,42,143,2,141,0,148
63188,113,2013,42,302,8,294,2,313
63757,113,2013,42,157,7,150,0,164
66052,113,2013,42,73,0,73,0,601
66245,113,2013,42,128,3,125,0,128
71627,113,2013,42,87,3,84,0,276
72746,113,2013,42,73,5,68,0,76
73175,113,2013,42,40,1,39,0,41
73303,113,2013,42,88,2,86,0,89
75178,113,2013,42,70,8,62,0,76
83568,113,2013,42,144,4,140,9,144
85596,113,2013,42,320,14,306,1,328
86352,113,2013,42,303,15,288,2,322
86727,113,2013,42,57,5,52,0,122
88175,113,2013,42,168,5,163,0,175
10841,114,2013,43,209,13,196,0,232
11692,114,2013,43,173,8,165,2,179
13799,114,2013,43,167,6,161,0,171
15071,114,2013,43,72,8,64,0,74
18344,114,2013,43,128,9,119,5,147
26425,114,2013,43,46,4,42,0,93
26999,114,2013,43,131,10,121,1,153
31372,114,2013,43,101,4,97,0,120
32899,114,2013,43,47,3,44,3,53
36006,114,2013,43,62,4,58,0,64
38823,114,2013,43,235,12,223,1,237
41393,114,2013,43,97,2,95,1,104
44520,114,2013,43,100,6,94,2,119
45539,114,2013,43,70,3,67,0,70
45945,114,2013,43,134,7,127,1,138
46654,114,2013,43,139,7,132,1,147
48187,114,2013,43,323,8,315,0,324
49294,114,2013,43,39,1,38,0,40
50181,114,2013,43,121,6,115,2,125
50709,114,2013,43,115,2,113,1,129
50869,114,2013,43,221,7,214,4,232
51597,114,2013,43,328,9,319,1,338
51722,114,2013,43,50,8,42,2,80
52385,114,2013,43,245,8,237,2,297
55594,114,2013,43,106,0,106,1,107
58909,114,2013,43,143,2,141,0,148
60830,114,2013,43,156,3,153,2,157
63757,114,2013,43,157,7,150,0,164
66052,114,2013,43,67,0,67,0,601
66245,114,2013,43,129,3,126,1,129
71627,114,2013,43,64,2,62,0,276
72746,114,2013,43,74,5,69,1,77
73175,114,2013,43,40,1,39,0,41
75178,114,2013,43,70,8,62,0,76
78966,114,2013,43,236,5,231,0,238
80193,114,2013,43,220,9,211,0,260
82282,114,2013,43,117,6,111,1,132
83568,114,2013,43,147,4,143,3,147
84841,114,2013,43,204,3,201,5,208
85596,114,2013,43,321,14,307,1,329
86009,114,2013,43,301,5,296,3,326
86727,114,2013,43,59,5,54,2,124
88175,114,2013,43,168,5,163,0,175
10281,115,2013,44,98,2,96,11,108
10841,115,2013,44,213,13,200,6,238
13799,115,2013,44,167,6,161,0,171
14106,115,2013,44,132,1,131,8,135
15071,115,2013,44,72,8,64,0,74
18344,115,2013,44,128,9,119,0,147
25544,115,2013,44,440,13,427,8,570
26425,115,2013,44,76,5,71,1,94
29914,115,2013,44,101,7,94,0,105
31372,115,2013,44,102,4,98,1,121
32899,115,2013,44,47,3,44,0,53
36006,115,2013,44,62,4,58,0,64
38823,115,2013,44,235,12,223,0,237
39783,115,2013,44,124,7,117,1,132
40629,115,2013,44,225,2,223,3,226
41393,115,2013,44,98,2,96,2,106
45539,115,2013,44,71,3,68,1,71
45945,115,2013,44,134,7,127,0,138
49294,115,2013,44,39,1,38,0,40
50181,115,2013,44,121,6,115,0,125
50709,115,2013,44,115,2,113,0,129
50869,115,2013,44,226,7,219,5,237
51597,115,2013,44,331,9,322,3,341
52385,115,2013,44,247,8,239,2,299
55594,115,2013,44,107,0,107,1,108
58909,115,2013,44,143,2,141,0,148
60830,115,2013,44,157,3,154,1,158
63188,115,2013,44,305,8,297,4,317
63757,115,2013,44,158,7,151,2,166
66052,115,2013,44,89,0,89,0,601
66245,115,2013,44,130,3,127,1,130
66991,115,2013,44,332,12,320,57,340
71627,115,2013,44,91,3,88,0,276
72746,115,2013,44,74,5,69,0,77
73175,115,2013,44,40,1,39,0,41
73303,115,2013,44,72,0,72,3,92
75178,115,2013,44,70,8,62,0,76
78966,115,2013,44,237,5,232,1,239
80193,115,2013,44,24,3,21,0,260
82282,115,2013,44,120,6,114,3,135
83568,115,2013,44,152,4,148,5,152
85596,115,2013,44,321,14,307,0,329
86009,115,2013,44,302,5,297,0,326
86727,115,2013,44,62,5,57,3,127
10281,116,2013,45,98,1,97,1,109
10841,116,2013,45,215,13,202,3,241
14106,116,2013,45,134,1,133,2,137
18344,116,2013,45,129,9,120,1,148
18420,116,2013,45,210,7,203,1,213
26425,116,2013,45,78,5,73,2,96
29914,116,2013,45,101,7,94,0,105
31372,116,2013,45,102,4,98,0,121
32899,116,2013,45,47,3,44,0,53
36006,116,2013,45,62,4,58,0,64
38893,116,2013,45,156,2,154,12,157
39783,116,2013,45,125,7,118,1,133
40629,116,2013,45,226,2,224,1,227
41393,116,2013,45,99,2,97,1,107
45539,116,2013,45,70,2,68,0,71
46654,116,2013,45,140,7,133,1,148
49294,116,2013,45,39,1,38,0,40
50181,116,2013,45,123,6,117,2,127
50709,116,2013,45,115,2,113,0,129
50869,116,2013,45,226,7,219,0,237
51597,116,2013,45,332,9,323,1,342
51722,116,2013,45,52,8,44,2,82
52385,116,2013,45,248,8,240,1,300
55594,116,2013,45,110,0,110,3,111
57637,116,2013,45,141,10,131,0,242
58909,116,2013,45,147,3,144,4,152
63188,116,2013,45,308,8,300,3,320
63757,116,2013,45,161,7,154,3,169
66052,116,2013,45,96,0,96,0,601
66245,116,2013,45,130,3,127,0,130
68633,116,2013,45,50,4,46,0,53
71627,116,2013,45,107,4,103,0,276
72746,116,2013,45,74,5,69,0,77
73175,116,2013,45,40,1,39,0,41
73303,116,2013,45,92,2,90,1,93
75178,116,2013,45,70,8,62,0,76
78966,116,2013,45,238,5,233,1,240
80193,116,2013,45,220,9,211,0,260
82282,116,2013,45,137,6,131,4,139
83568,116,2013,45,153,4,149,1,153
84841,116,2013,45,196,2,194,2,210
85596,116,2013,45,322,14,308,1,330
86009,116,2013,45,304,5,299,2,328
86727,116,2013,45,62,5,57,0,127
10281,117,2013,46,98,1,97,0,109
10841,117,2013,46,215,13,202,0,241
14106,117,2013,46,136,1,135,2,139
18344,117,2013,46,129,9,120,0,148
25544,117,2013,46,446,13,433,4,574
26425,117,2013,46,78,5,73,0,96
29914,117,2013,46,101,7,94,0,105
31372,117,2013,46,102,4,98,0,121
32899,117,2013,46,47,3,44,0,53
36006,117,2013,46,62,4,58,0,64
38893,117,2013,46,160,2,158,4,161
39783,117,2013,46,125,7,118,0,133
40629,117,2013,46,226,2,224,0,227
41393,117,2013,46,99,2,97,0,107
45539,117,2013,46,70,2,68,0,71
46021,117,2013,46,50,3,47,0,51
46654,117,2013,46,141,7,134,1,149
49294,117,2013,46,39,1,38,0,40
50181,117,2013,46,123,6,117,0,127
50869,117,2013,46,226,7,219,0,237
51597,117,2013,46,333,9,324,1,343
51722,117,2013,46,52,8,44,0,82
52385,117,2013,46,253,8,245,3,303
55594,117,2013,46,112,0,112,2,113
58909,117,2013,46,147,3,144,0,152
60830,117,2013,46,157,3,154,1,159
63188,117,2013,46,311,8,303,2,322
63757,117,2013,46,161,7,154,0,169
66052,117,2013,46,276,4,272,0,601
66245,117,2013,46,130,3,127,0,130
66404,117,2013,46,311,5,306,26,326
71627,117,2013,46,85,3,82,0,276
72746,117,2013,46,74,5,69,0,77
73175,117,2013,46,40,1,39,0,41
73303,117,2013,46,92,2,90,0,93
75178,117,2013,46,70,8,62,0,76
75261,117,2013,46,308,7,301,14,332
78966,117,2013,46,238,5,233,0,240
82282,117,2013,46,137,6,131,0,139
83568,117,2013,46,153,4,149,0,153
84841,117,2013,46,196,2,194,0,210
85596,117,2013,46,322,14,308,0,330
86009,117,2013,46,304,5,299,0,328
86727,117,2013,46,62,5,57,0,127
10281,118,2013,47,99,2,97,0,109
14106,118,2013,47,137,1,136,1,140
15071,118,2013,47,72,8,64,0,74
18344,118,2013,47,132,9,123,3,151
23144,118,2013,47,178,16,162,28,179
25544,118,2013,47,447,13,434,1,575
26425,118,2013,47,80,5,75,2,98
29914,118,2013,47,101,7,94,0,105
36006,118,2013,47,62,4,58,0,64
38823,118,2013,47,240,12,228,5,242
38893,118,2013,47,163,2,161,3,164
39701,118,2013,47,138,3,135,5,138
39783,118,2013,47,125,7,118,1,134
40629,118,2013,47,227,2,225,1,228
41393,118,2013,47,99,2,97,0,107
45539,118,2013,47,70,2,68,0,71
45945,118,2013,47,136,7,129,2,140
46021,118,2013,47,6,0,6,0,51
46654,118,2013,47,141,7,134,0,149
48187,118,2013,47,331,8,323,9,333
49294,118,2013,47,39,1,38,0,40
49597,118,2013,47,57,5,52,0,57
50181,118,2013,47,124,6,118,1,128
50869,118,2013,47,227,7,220,1,238
51597,118,2013,47,354,9,345,21,364
51722,118,2013,47,57,8,49,3,85
52385,118,2013,47,254,8,246,1,304
55594,118,2013,47,112,0,112,0,113
58909,118,2013,47,150,3,147,3,155
60830,118,2013,47,157,3,154,0,159
63188,118,2013,47,313,8,305,2,324
63757,118,2013,47,162,7,155,1,170
66052,118,2013,47,90,0,90,0,601
66245,118,2013,47,131,3,128,1,131
66404,118,2013,47,312,5,307,1,327
71627,118,2013,47,105,4,101,0,276
72746,118,2013,47,75,5,70,1,78
73175,118,2013,47,40,1,39,0,41
73303,118,2013,47,93,2,91,1,94
75178,118,2013,47,70,8,62,0,76
78911,118,2013,47,120,9,111,0,120
80193,118,2013,47,220,9,211,0,260
82282,118,2013,47,137,6,131,0,139
83568,118,2013,47,154,4,150,1,154
84841,118,2013,47,198,2,196,2,212
85596,118,2013,47,323,14,309,1,331
86009,118,2013,47,305,5,300,1,329
86352,118,2013,47,313,15,298,9,331
86727,118,2013,47,62,5,57,0,127
10281,119,2013,48,99,2,97,0,109
14106,119,2013,48,138,1,137,1,141
18344,119,2013,48,132,9,123,1,152
23144,119,2013,48,178,16,162,0,179
25544,119,2013,48,448,12,436,1,576
26425,119,2013,48,80,5,75,0,98
29914,119,2013,48,101,7,94,0,105
32899,119,2013,48,48,4,44,1,54
36006,119,2013,48,62,4,58,0,64
38823,119,2013,48,240,12,228,0,242
38893,119,2013,48,163,2,161,0,164
39701,119,2013,48,138,3,135,0,138
39783,119,2013,48,125,7,118,0,134
41393,119,2013,48,99,2,97,0,107
44520,119,2013,48,86,6,80,2,121
45539,119,2013,48,70,2,68,0,71
45945,119,2013,48,136,7,129,0,140
46654,119,2013,48,142,7,135,1,150
48187,119,2013,48,332,8,324,1,334
49294,119,2013,48,39,1,38,0,40
49597,119,2013,48,59,5,54,2,59
50181,119,2013,48,125,6,119,1,129
50869,119,2013,48,227,7,220,0,238
51597,119,2013,48,354,9,345,0,364
52385,119,2013,48,254,8,246,0,304
55594,119,2013,48,112,0,112,0,113
58909,119,2013,48,151,3,148,1,156
60830,119,2013,48,157,3,154,0,159
63188,119,2013,48,314,8,306,1,325
63757,119,2013,48,162,7,155,0,170
66052,119,2013,48,126,0,126,0,601
66245,119,2013,48,131,3,128,0,131
66404,119,2013,48,312,5,307,0,327
71627,119,2013,48,100,4,96,0,276
72746,119,2013,48,75,5,70,0,78
73175,119,2013,48,40,1,39,0,41
73303,119,2013,48,93,2,91,0,94
75178,119,2013,48,71,8,63,1,77
80193,119,2013,48,264,9,255,15,275
82282,119,2013,48,137,6,131,0,139
83568,119,2013,48,155,4,151,1,155
85596,119,2013,48,323,14,309,0,331
86352,119,2013,48,313,15,298,0,331
86727,119,2013,48,62,5,57,0,127
10281,120,2013,49,98,1,97,0,109
10841,120,2013,49,217,13,204,2,243
13882,120,2013,49,143,1,142,3,145
14106,120,2013,49,139,1,138,1,142
15071,120,2013,49,73,8,65,1,75
18344,120,2013,49,132,9,123,0,152
23144,120,2013,49,178,16,162,0,179
25544,120,2013,49,449,12,437,2,578
26425,120,2013,49,80,5,75,0,98
29914,120,2013,49,101,7,94,0,105
31372,120,2013,49,105,4,101,3,124
32899,120,2013,49,48,4,44,0,54
36006,120,2013,49,62,4,58,0,64
38893,120,2013,49,164,2,162,1,165
39701,120,2013,49,138,3,135,0,138
39783,120,2013,49,126,7,119,1,135
41393,120,2013,49,99,2,97,0,107
44520,120,2013,49,86,6,80,0,121
45539,120,2013,49,70,2,68,0,71
45945,120,2013,49,137,7,130,1,141
46654,120,2013,49,143,7,136,1,151
46771,120,2013,49,7,0,7,0,7
48187,120,2013,49,333,8,325,1,335
49294,120,2013,49,39,1,38,0,40
49597,120,2013,49,59,5,54,0,59
50181,120,2013,49,125,6,119,0,129
50869,120,2013,49,227,7,220,0,238
51597,120,2013,49,354,9,345,0,364
51722,120,2013,49,60,9,51,3,88
52385,120,2013,49,254,8,246,0,304
55594,120,2013,49,112,0,112,1,114
58909,120,2013,49,149,3,146,0,156
60830,120,2013,49,159,3,156,2,161
62555,120,2013,49,119,4,115,2,392
63188,120,2013,49,318,8,310,4,329
63757,120,2013,49,162,7,155,0,170
66052,120,2013,49,153,2,151,0,601
66245,120,2013,49,131,3,128,0,131
66404,120,2013,49,70,1,69,1,328
71627,120,2013,49,91,3,88,0,276
72746,120,2013,49,76,5,71,1,79
73175,120,2013,49,40,1,39,0,41
73303,120,2013,49,95,2,93,2,96
75178,120,2013,49,72,8,64,1,78
78966,120,2013,49,241,6,235,3,243
82282,120,2013,49,137,6,131,0,139
83568,120,2013,49,156,4,152,1,156
84841,120,2013,49,199,2,197,1,213
85596,120,2013,49,325,14,311,2,333
86009,120,2013,49,305,5,300,0,329
86352,120,2013,49,318,15,303,5,336
86727,120,2013,49,62,5,57,0,127
10281,121,2013,50,99,1,98,1,110
10841,121,2013,50,218,13,205,2,245
14106,121,2013,50,143,1,142,4,146
15071,121,2013,50,74,8,66,1,76
18344,121,2013,50,133,9,124,1,153
23144,121,2013,50,182,16,166,4,183
25544,121,2013,50,452,12,440,2,580
26425,121,2013,50,81,5,76,2,100
31372,121,2013,50,105,4,101,0,124
32899,121,2013,50,48,4,44,0,54
36006,121,2013,50,62,4,58,0,64
38893,121,2013,50,165,2,163,1,166
39701,121,2013,50,139,3,136,1,139
39783,121,2013,50,129,7,122,3,138
40629,121,2013,50,228,2,226,2,230
41393,121,2013,50,99,2,97,0,107
44520,121,2013,50,87,6,81,1,122
45539,121,2013,50,70,2,68,0,71
45945,121,2013,50,138,7,131,1,142
46654,121,2013,50,144,7,137,1,152
48187,121,2013,50,334,8,326,1,336
49597,121,2013,50,59,5,54,0,59
50181,121,2013,50,125,6,119,0,129
50869,121,2013,50,228,7,221,1,239
51597,121,2013,50,354,9,345,0,364
51722,121,2013,50,61,9,52,1,89
52385,121,2013,50,256,8,248,2,306
55594,121,2013,50,112,0,112,0,114
58909,121,2013,50,151,3,148,2,158
60830,121,2013,50,161,3,158,2,163
63188,121,2013,50,321,8,313,3,332
63757,121,2013,50,163,7,156,1,171
66052,121,2013,50,137,1,136,0,601
66245,121,2013,50,132,3,129,1,132
66404,121,2013,50,317,5,312,4,332
69065,121,2013,50,10,0,10,0,183
71518,121,2013,50,87,2,85,12,178
71627,121,2013,50,91,3,88,0,276
72746,121,2013,50,74,4,70,0,79
73175,121,2013,50,40,1,39,0,41
78966,121,2013,50,241,6,235,0,243
83568,121,2013,50,158,4,154,2,158
85596,121,2013,50,325,14,311,0,333
86009,121,2013,50,307,5,302,2,331
86352,121,2013,50,323,15,308,5,341
86727,121,2013,50,62,5,57,0,127
10281,122,2013,51,100,1,99,1,111
10841,122,2013,51,218,13,205,0,245
13882,122,2013,51,143,1,142,1,146
14106,122,2013,51,143,1,142,0,146
23144,122,2013,51,182,16,166,0,183
25544,122,2013,51,453,12,441,0,580
29914,122,2013,51,101,7,94,0,105
30952,122,2013,51,117,10,107,0,265
31372,122,2013,51,105,4,101,1,125
36006,122,2013,51,62,4,58,0,64
38893,122,2013,51,165,2,163,0,166
39701,122,2013,51,142,3,139,3,142
39783,122,2013,51,130,7,123,1,139
41393,122,2013,51,99,2,97,0,107
44520,122,2013,51,87,6,81,1,123
45539,122,2013,51,70,2,68,0,71
45945,122,2013,51,139,7,132,1,143
46021,122,2013,51,50,3,47,0,51
46654,122,2013,51,145,7,138,1,153
46771,122,2013,51,7,0,7,0,7
48187,122,2013,51,334,8,326,0,336
49597,122,2013,51,59,5,54,0,59
50181,122,2013,51,127,6,121,2,131
50869,122,2013,51,228,7,221,0,239
51597,122,2013,51,356,9,347,2,366
51722,122,2013,51,62,9,53,1,90
55594,122,2013,51,112,0,112,0,114
58909,122,2013,51,151,3,148,0,158
60830,122,2013,51,161,3,158,0,163
63188,122,2013,51,323,8,315,3,335
63757,122,2013,51,163,7,156,0,171
66052,122,2013,51,150,2,148,0,601
66245,122,2013,51,134,3,131,2,134
66404,122,2013,51,317,5,312,0,332
71518,122,2013,51,87,2,85,0,178
71627,122,2013,51,87,3,84,0,276
72746,122,2013,51,76,4,72,2,81
73175,122,2013,51,40,1,39,0,41
73303,122,2013,51,95,2,93,0,96
75178,122,2013,51,72,8,64,0,78
76313,122,2013,51,150,5,145,1,172
78966,122,2013,51,242,6,236,1,244
82282,122,2013,51,140,6,134,3,142
83568,122,2013,51,159,4,155,1,159
84841,122,2013,51,201,2,199,2,215
85596,122,2013,51,325,14,311,0,333
86009,122,2013,51,307,5,302,0,331
86727,122,2013,51,62,5,57,0,127
10281,123,2013,52,99,1,98,2,113
10841,123,2013,52,219,13,206,1,246
14106,123,2013,52,144,1,143,2,148
15071,123,2013,52,75,8,67,1,77
18344,123,2013,52,135,9,126,2,155
23144,123,2013,52,183,16,167,2,185
24760,123,2013,52,196,6,190,51,198
25544,123,2013,52,457,13,444,5,585
25947,123,2013,52,186,13,173,2,191
26425,123,2013,52,84,5,79,3,103
29914,123,2013,52,101,7,94,0,105
31372,123,2013,52,105,4,101,0,125
32899,123,2013,52,48,4,44,0,54
36006,123,2013,52,62,4,58,0,64
38823,123,2013,52,244,13,231,4,246
38893,123,2013,52,165,2,163,1,167
39701,123,2013,52,144,3,141,2,144
41393,123,2013,52,99,2,97,0,107
44520,123,2013,52,87,6,81,0,123
45539,123,2013,52,70,2,68,0,71
45945,123,2013,52,139,7,132,0,143
46021,123,2013,52,51,3,48,1,52
46654,123,2013,52,146,7,139,1,154
46771,123,2013,52,7,0,7,0,7
49294,123,2013,52,39,1,38,0,40
49597,123,2013,52,61,5,56,2,61
50181,123,2013,52,128,6,122,1,132
50869,123,2013,52,233,9,224,5,244
51597,123,2013,52,357,9,348,1,367
51722,123,2013,52,64,9,55,2,92
52385,123,2013,52,256,8,248,0,306
53884,123,2013,52,80,4,76,23,117
55594,123,2013,52,112,0,112,0,114
58909,123,2013,52,152,3,149,1,159
59367,123,2013,52,117,6,111,26,119
62555,123,2013,52,119,4,115,0,392
63063,123,2013,52,275,3,272,7,282
63188,123,2013,52,321,8,313,0,335
66052,123,2013,52,139,2,137,0,601
66245,123,2013,52,136,3,133,2,136
66404,123,2013,52,320,5,315,3,335
71518,123,2013,52,87,2,85,0,178
71627,123,2013,52,110,4,106,0,276
72746,123,2013,52,76,4,72,0,81
73175,123,2013,52,40,1,39,0,41
75178,123,2013,52,72,8,64,0,78
78911,123,2013,52,120,9,111,0,120
78966,123,2013,52,241,6,235,0,244
80058,123,2013,52,418,2,416,4,424
83568,123,2013,52,160,4,156,1,160
84841,123,2013,52,201,2,199,0,215
85596,123,2013,52,328,14,314,6,339
86352,123,2013,52,325,15,310,2,343
86727,123,2013,52,65,5,60,1,128
10281,124,2014,1,99,1,98,0,113
10841,124,2014,1,219,13,206,0,246
14106,124,2014,1,144,1,143,0,148
15071,124,2014,1,75,8,67,0,77
18344,124,2014,1,135,9,126,0,155
23144,124,2014,1,183,16,167,0,185
24760,124,2014,1,196,6,190,1,199
25544,124,2014,1,457,13,444,1,586
25947,124,2014,1,187,13,174,1,192
26425,124,2014,1,84,5,79,0,103
29914,124,2014,1,101,7,94,0,105
31372,124,2014,1,105,4,101,0,125
32100,124,2014,1,192,2,190,3,196
36006,124,2014,1,62,4,58,0,64
38823,124,2014,1,245,13,232,1,247
38893,124,2014,1,165,2,163,0,167
39701,124,2014,1,145,3,142,1,145
39783,124,2014,1,130,7,123,0,139
41393,124,2014,1,99,2,97,0,107
44520,124,2014,1,87,6,81,0,123
45539,124,2014,1,70,2,68,0,71
45945,124,2014,1,140,7,133,1,144
46654,124,2014,1,145,7,138,0,154
46771,124,2014,1,7,0,7,0,7
48187,124,2014,1,335,8,327,1,337
49294,124,2014,1,39,1,38,0,40
49597,124,2014,1,61,5,56,0,61
50181,124,2014,1,128,6,122,0,132
50869,124,2014,1,233,9,224,0,244
51597,124,2014,1,359,9,350,2,369
51722,124,2014,1,64,9,55,0,92
52385,124,2014,1,258,8,250,1,307
53275,124,2014,1,56,7,49,19,127
53884,124,2014,1,82,4,78,2,119
55594,124,2014,1,114,0,114,2,116
58909,124,2014,1,152,3,149,0,159
59367,124,2014,1,117,6,111,0,119
63063,124,2014,1,275,3,272,0,282
63188,124,2014,1,321,8,313,0,335
66052,124,2014,1,146,2,144,0,601
66245,124,2014,1,137,3,134,1,137
66404,124,2014,1,111,3,108,0,335
68633,124,2014,1,51,4,47,2,55
69065,124,2014,1,13,0,13,0,183
71518,124,2014,1,88,2,86,1,179
71627,124,2014,1,109,4,105,0,276
72746,124,2014,1,76,4,72,0,81
73175,124,2014,1,40,1,39,0,41
73303,124,2014,1,97,2,95,2,98
78966,124,2014,1,241,6,235,0,244
83568,124,2014,1,160,4,156,0,160
84841,124,2014,1,201,2,199,0,215
85596,124,2014,1,330,14,316,2,341
86352,124,2014,1,325,15,310,0,343
86727,124,2014,1,65,5,60,0,128
10281,125,2014,2,99,1,98,0,113
10841,125,2014,2,219,13,206,0,246
14106,125,2014,2,145,1,144,1,149
15071,125,2014,2,75,8,67,0,77
18344,125,2014,2,135,9,126,0,155
23144,125,2014,2,183,16,167,0,185
24760,125,2014,2,200,6,194,4,203
25544,125,2014,2,457,13,444,1,587
25947,125,2014,2,187,13,174,0,192
26425,125,2014,2,84,5,79,0,103
29914,125,2014,2,101,7,94,0,105
31372,125,2014,2,105,4,101,0,125
36006,125,2014,2,62,4,58,0,64
38823,125,2014,2,245,13,232,0,247
38893,125,2014,2,165,2,163,0,167
39701,125,2014,2,145,3,142,0,145
39783,125,2014,2,130,7,123,0,139
41393,125,2014,2,99,2,97,0,107
45539,125,2014,2,70,2,68,0,71
45945,125,2014,2,141,7,134,1,145
46021,125,2014,2,5,0,5,0,52
46654,125,2014,2,145,7,138,1,155
46771,125,2014,2,7,0,7,0,7
48187,125,2014,2,336,8,328,1,338
49294,125,2014,2,39,1,38,0,40
50181,125,2014,2,130,6,124,2,134
50869,125,2014,2,233,9,224,0,244
51597,125,2014,2,359,9,350,1,370
51722,125,2014,2,64,9,55,0,92
52385,125,2014,2,258,8,250,0,307
53884,125,2014,2,82,4,78,0,119
55594,125,2014,2,114,0,114,0,116
57637,125,2014,2,133,9,124,0,242
58909,125,2014,2,152,3,149,0,159
59367,125,2014,2,118,6,112,1,120
63063,125,2014,2,277,3,274,2,284
63188,125,2014,2,321,8,313,0,335
66052,125,2014,2,147,2,145,0,601
66245,125,2014,2,137,3,134,0,137
66404,125,2014,2,320,5,315,0,335
69065,125,2014,2,98,0,98,0,183
71518,125,2014,2,88,2,86,0,179
71627,125,2014,2,101,4,97,0,276
72746,125,2014,2,29,1,28,0,81
73175,125,2014,2,40,1,39,0,41
73303,125,2014,2,98,2,96,1,99
78966,125,2014,2,241,6,235,0,244
82282,125,2014,2,141,6,135,1,143
83568,125,2014,2,160,4,156,0,160
84841,125,2014,2,201,2,199,0,215
85596,125,2014,2,330,14,316,0,341
86009,125,2014,2,316,5,311,9,340
86352,125,2014,2,325,15,310,0,343
86727,125,2014,2,65,5,60,0,128
10841,126,2014,3,219,13,206,0,246
14106,126,2014,3,146,1,145,1,150
15071,126,2014,3,75,8,67,0,77
18344,126,2014,3,135,9,126,0,155
23144,126,2014,3,183,16,167,0,185
24760,126,2014,3,200,6,194,1,204
25544,126,2014,3,458,13,445,1,588
25947,126,2014,3,190,13,177,3,195
26425,126,2014,3,85,5,80,1,104
29914,126,2014,3,103,7,96,2,107
31372,126,2014,3,105,4,101,0,125
32899,126,2014,3,48,4,44,0,54
36006,126,2014,3,62,4,58,0,64
38823,126,2014,3,245,13,232,0,247
39701,126,2014,3,146,3,143,1,146
39783,126,2014,3,130,7,123,0,139
41393,126,2014,3,99,2,97,0,107
45539,126,2014,3,70,2,68,0,71
45945,126,2014,3,142,7,135,1,146
46021,126,2014,3,4,0,4,0,52
46654,126,2014,3,145,7,138,0,155
46771,126,2014,3,7,0,7,0,7
48187,126,2014,3,336,8,328,0,338
49294,126,2014,3,42,1,41,3,43
50181,126,2014,3,130,6,124,0,134
50869,126,2014,3,233,9,224,0,244
51597,126,2014,3,360,9,351,1,371
51722,126,2014,3,65,9,56,1,93
52385,126,2014,3,260,8,252,2,309
55594,126,2014,3,114,0,114,0,116
58909,126,2014,3,153,3,150,1,160
59367,126,2014,3,119,6,113,1,121
63063,126,2014,3,294,3,291,17,301
63188,126,2014,3,323,9,314,2,337
66245,126,2014,3,138,4,134,2,139
68633,126,2014,3,52,4,48,1,56
71518,126,2014,3,90,2,88,2,181
71627,126,2014,3,114,5,109,0,276
73175,126,2014,3,40,1,39,0,41
73303,126,2014,3,98,2,96,0,99
78911,126,2014,3,120,9,111,0,120
78966,126,2014,3,241,5,236,1,245
80058,126,2014,3,439,4,435,24,448
82282,126,2014,3,141,6,135,0,143
83568,126,2014,3,163,4,159,3,163
84841,126,2014,3,201,2,199,0,215
85596,126,2014,3,331,14,317,1,342
85970,126,2014,3,151,5,146,5,152
86009,126,2014,3,317,5,312,1,341
86727,126,2014,3,68,5,63,3,131
10841,127,2014,4,219,13,206,0,246
14106,127,2014,4,147,1,146,1,151
23144,127,2014,4,184,16,168,1,186
24760,127,2014,4,202,6,196,2,206
25544,127,2014,4,458,13,445,4,592
26425,127,2014,4,88,5,83,2,106
29914,127,2014,4,104,7,97,1,108
32100,127,2014,4,193,2,191,0,196
36006,127,2014,4,62,4,58,0,64
39701,127,2014,4,146,3,143,0,146
41393,127,2014,4,100,2,98,1,108
45945,127,2014,4,137,7,130,0,146
46654,127,2014,4,145,7,138,0,155
48187,127,2014,4,337,8,329,1,339
49294,127,2014,4,45,1,44,2,45
50181,127,2014,4,130,6,124,0,134
51597,127,2014,4,363,9,354,3,374
51722,127,2014,4,67,9,58,2,95
52385,127,2014,4,260,8,252,0,309
55594,127,2014,4,114,0,114,1,117
58909,127,2014,4,153,3,150,0,160
63063,127,2014,4,301,3,298,7,308
63188,127,2014,4,328,9,319,6,343
66404,127,2014,4,323,5,318,3,338
68633,127,2014,4,57,5,52,5,61
71518,127,2014,4,91,2,89,1,182
71627,127,2014,4,95,3,92,0,276
73175,127,2014,4,40,1,39,0,41
73303,127,2014,4,99,2,97,1,100
78911,127,2014,4,120,9,111,0,120
80058,127,2014,4,440,4,436,1,449
83568,127,2014,4,166,4,162,3,166
84841,127,2014,4,204,2,202,3,218
85596,127,2014,4,331,14,317,0,342
85970,127,2014,4,151,5,146,0,152
86009,127,2014,4,317,5,312,0,341
14106,128,2014,5,148,1,147,1,152
23144,128,2014,5,184,16,168,0,186
24760,128,2014,5,202,6,196,0,206
25544,128,2014,5,459,13,446,1,593
26425,128,2014,5,91,5,86,3,109
29914,128,2014,5,105,7,98,1,109
32100,128,2014,5,193,2,191,1,197
36006,128,2014,5,63,4,59,1,65
38823,128,2014,5,249,13,236,4,251
39701,128,2014,5,146,3,143,0,146
39783,128,2014,5,131,7,124,1,140
41393,128,2014,5,100,2,98,0,108
45945,128,2014,5,137,7,130,0,146
46654,128,2014,5,145,7,138,0,155
48187,128,2014,5,337,8,329,0,339
49294,128,2014,5,45,1,44,0,45
50181,128,2014,5,130,6,124,0,134
51597,128,2014,5,363,9,354,0,374
51722,128,2014,5,67,9,58,0,95
52385,128,2014,5,260,8,252,0,309
55594,128,2014,5,114,0,114,0,117
58909,128,2014,5,153,3,150,0,160
59367,128,2014,5,119,6,113,1,122
63063,128,2014,5,305,3,302,4,312
63188,128,2014,5,328,9,319,0,343
66404,128,2014,5,324,5,319,1,339
68633,128,2014,5,58,5,53,1,62
69065,128,2014,5,58,0,58,0,183
71518,128,2014,5,92,2,90,0,182
72746,128,2014,5,77,4,73,1,82
73175,128,2014,5,40,1,39,0,41
73303,128,2014,5,100,2,98,1,101
76313,128,2014,5,154,4,150,7,179
78911,128,2014,5,120,9,111,0,120
83568,128,2014,5,168,4,164,2,168
84841,128,2014,5,205,2,203,1,219
85596,128,2014,5,331,14,317,0,342
85970,128,2014,5,151,5,146,0,152
86009,128,2014,5,317,5,312,0,341
10841,129,2014,6,220,13,207,2,248
14106,129,2014,6,151,1,150,3,155
23144,129,2014,6,185,16,169,1,187
24760,129,2014,6,202,6,196,0,206
25544,129,2014,6,466,14,452,7,600
26425,129,2014,6,93,5,88,2,111
29914,129,2014,6,106,7,99,1,110
31372,129,2014,6,105,4,101,0,125
32100,129,2014,6,193,2,191,0,197
32899,129,2014,6,49,4,45,1,55
36006,129,2014,6,63,4,59,0,65
39701,129,2014,6,146,3,143,0,146
41393,129,2014,6,100,2,98,0,108
45539,129,2014,6,71,2,69,1,72
46021,129,2014,6,67,5,62,16,68
46654,129,2014,6,145,7,138,0,155
46771,129,2014,6,243,6,237,243,250
50869,129,2014,6,237,9,228,4,248
51597,129,2014,6,369,9,360,6,380
52385,129,2014,6,260,8,252,0,309
55594,129,2014,6,114,0,114,0,117
58909,129,2014,6,153,3,150,0,160
63063,129,2014,6,307,3,304,2,314
63188,129,2014,6,330,9,321,2,345
66245,129,2014,6,148,4,144,10,149
66404,129,2014,6,331,5,326,8,347
68633,129,2014,6,63,5,58,5,67
69065,129,2014,6,56,0,56,0,183
71518,129,2014,6,101,2,99,8,190
71627,129,2014,6,181,5,176,0,276
73303,129,2014,6,102,2,100,2,103
75178,129,2014,6,73,8,65,1,79
76313,129,2014,6,154,4,150,0,179
78911,129,2014,6,120,9,111,0,120
78966,129,2014,6,242,5,237,1,246
80058,129,2014,6,454,4,450,14,463
80193,129,2014,6,224,9,215,0,275
82282,129,2014,6,144,6,138,4,147
83568,129,2014,6,170,4,166,2,170
85596,129,2014,6,331,14,317,0,342
85970,129,2014,6,152,5,147,1,153
86009,129,2014,6,318,5,313,1,342
10841,130,2014,7,220,13,207,0,248
15071,130,2014,7,79,8,71,4,81
23144,130,2014,7,185,16,169,0,187
24760,130,2014,7,205,6,199,3,209
26425,130,2014,7,95,5,90,2,113
31372,130,2014,7,106,4,102,2,127
32100,130,2014,7,193,2,191,0,197
32899,130,2014,7,50,4,46,0,55
36006,130,2014,7,63,4,59,0,65
38823,130,2014,7,255,14,241,6,257
39701,130,2014,7,146,3,143,0,146
41393,130,2014,7,100,2,98,0,108
45539,130,2014,7,71,2,69,0,72
46021,130,2014,7,67,5,62,0,68
46654,130,2014,7,145,7,138,0,155
46771,130,2014,7,244,6,238,1,251
48187,130,2014,7,337,8,329,0,339
49294,130,2014,7,47,1,46,2,47
50869,130,2014,7,237,9,228,1,249
51597,130,2014,7,370,9,361,1,381
52385,130,2014,7,260,8,252,0,309
55594,130,2014,7,116,0,116,2,119
58909,130,2014,7,155,3,152,2,162
59367,130,2014,7,121,6,115,2,124
63063,130,2014,7,308,3,305,1,315
66245,130,2014,7,149,4,145,1,150
66404,130,2014,7,331,5,326,0,347
68633,130,2014,7,64,5,59,1,68
71518,130,2014,7,103,2,101,2,192
73175,130,2014,7,43,1,42,3,44
73303,130,2014,7,104,2,102,2,105
75178,130,2014,7,73,8,65,0,79
76313,130,2014,7,154,4,150,0,179
78911,130,2014,7,120,9,111,0,120
80058,130,2014,7,458,4,454,4,467
82282,130,2014,7,144,6,138,0,147
83568,130,2014,7,170,4,166,0,170
85596,130,2014,7,332,14,318,1,343
85970,130,2014,7,152,5,147,0,153
86009,130,2014,7,317,5,312,2,344
14106,131,2014,8,153,1,152,2,157
23144,131,2014,8,189,18,171,4,191
24760,131,2014,8,207,6,201,2,211
26425,131,2014,8,97,5,92,2,115
29914,131,2014,8,108,7,101,2,112
31372,131,2014,8,106,4,102,0,127
32899,131,2014,8,50,4,46,0,55
36006,131,2014,8,63,4,59,1,66
38823,131,2014,8,256,14,242,1,258
39783,131,2014,8,134,8,126,3,143
41393,131,2014,8,101,2,99,1,109
46021,131,2014,8,67,5,62,0,68
46654,131,2014,8,146,7,139,1,156
46771,131,2014,8,257,6,251,13,264
48187,131,2014,8,337,8,329,0,339
49294,131,2014,8,47,1,46,0,47
50181,131,2014,8,130,6,124,0,134
50869,131,2014,8,224,9,215,1,250
51597,131,2014,8,371,9,362,1,382
52385,131,2014,8,262,9,253,2,311
55594,131,2014,8,119,0,119,3,122
58909,131,2014,8,155,3,152,0,162
59367,131,2014,8,121,6,115,0,124
63063,131,2014,8,312,3,309,4,319
63188,131,2014,8,334,9,325,4,349
66245,131,2014,8,150,4,146,1,151
66404,131,2014,8,333,5,328,2,349
71518,131,2014,8,103,2,101,0,192
73303,131,2014,8,104,2,102,0,105
75178,131,2014,8,73,8,65,0,79
76313,131,2014,8,154,4,150,0,179
78911,131,2014,8,122,9,113,2,122
78966,131,2014,8,244,5,239,2,248
80058,131,2014,8,458,4,454,0,467
82282,131,2014,8,144,6,138,0,147
83568,131,2014,8,174,4,170,4,174
85596,131,2014,8,333,15,318,1,344
85970,131,2014,8,153,5,148,1,154
86009,131,2014,8,318,5,313,2,346
14106,132,2014,9,153,1,152,0,157
23144,132,2014,9,189,18,171,0,191
24760,132,2014,9,207,6,201,0,211
29914,132,2014,9,108,7,101,0,112
31372,132,2014,9,106,4,102,0,127
32100,132,2014,9,197,2,195,4,201
32899,132,2014,9,50,4,46,0,55
36006,132,2014,9,63,4,59,0,66
38823,132,2014,9,256,14,242,0,258
39783,132,2014,9,134,8,126,0,143
41393,132,2014,9,101,2,99,0,109
45539,132,2014,9,74,2,72,3,75
46021,132,2014,9,67,5,62,1,69
46654,132,2014,9,146,7,139,0,156
46771,132,2014,9,257,6,251,0,264
48187,132,2014,9,338,8,330,1,340
49294,132,2014,9,49,1,48,2,49
50869,132,2014,9,240,9,231,2,252
51597,132,2014,9,372,9,363,1,383
52385,132,2014,9,262,9,253,0,311
53884,132,2014,9,90,4,86,9,128
55594,132,2014,9,120,0,120,1,123
59367,132,2014,9,121,6,115,0,124
63063,132,2014,9,315,3,312,4,323
63188,132,2014,9,339,9,330,5,354
66245,132,2014,9,150,4,146,0,151
66404,132,2014,9,334,5,329,1,350
71518,132,2014,9,103,2,101,0,192
73303,132,2014,9,104,2,102,0,105
75178,132,2014,9,73,8,65,0,79
76313,132,2014,9,154,4,150,0,179
78911,132,2014,9,122,9,113,0,122
78966,132,2014,9,245,5,240,1,249
80058,132,2014,9,460,4,456,2,469
82282,132,2014,9,144,6,138,0,147
83568,132,2014,9,174,4,170,0,174
85596,132,2014,9,335,15,320,2,346
85970,132,2014,9,154,5,149,1,155
86009,132,2014,9,319,5,314,0,346
10841,133,2014,10,221,13,208,1,249
14106,133,2014,10,153,1,152,0,157
23144,133,2014,10,192,18,174,3,194
24760,133,2014,10,209,6,203,2,213
29914,133,2014,10,108,7,101,0,112
32100,133,2014,10,196,2,194,0,201
36006,133,2014,10,63,4,59,0,66
46021,133,2014,10,67,5,62,0,69
46771,133,2014,10,257,6,251,0,264
48187,133,2014,10,339,8,331,1,341
50869,133,2014,10,242,9,233,2,254
51597,133,2014,10,374,9,365,2,385
52385,133,2014,10,262,9,253,0,311
53884,133,2014,10,90,4,86,0,128
55594,133,2014,10,121,0,121,1,124
59367,133,2014,10,121,6,115,0,124
63063,133,2014,10,315,3,312,0,323
63188,133,2014,10,344,9,335,5,359
66245,133,2014,10,151,4,147,1,152
71518,133,2014,10,109,2,107,5,197
73175,133,2014,10,44,1,43,1,45
73303,133,2014,10,104,2,102,0,105
75178,133,2014,10,73,8,65,0,79
76313,133,2014,10,154,4,150,0,179
78911,133,2014,10,122,9,113,0,122
78966,133,2014,10,245,5,240,0,249
83568,133,2014,10,175,5,170,1,175
85596,133,2014,10,335,15,320,0,346
85970,133,2014,10,159,5,154,5,160
86009,133,2014,10,318,5,313,0,346
23144,134,2014,11,192,18,174,0,194
24760,134,2014,11,209,6,203,0,213
29914,134,2014,11,108,7,101,0,112
32100,134,2014,11,197,2,195,1,202
32899,134,2014,11,50,4,46,0,55
36006,134,2014,11,63,4,59,0,66
38823,134,2014,11,261,14,247,5,263
41393,134,2014,11,101,2,99,0,109
45539,134,2014,11,75,2,73,1,76
46021,134,2014,11,67,5,62,1,70
46654,134,2014,11,146,7,139,1,157
48187,134,2014,11,339,8,331,0,341
51597,134,2014,11,380,9,371,6,391
55594,134,2014,11,121,0,121,0,124
59367,134,2014,11,121,6,115,0,124
63063,134,2014,11,315,3,312,1,324
63188,134,2014,11,346,9,337,2,361
66404,134,2014,11,337,5,332,3,353
71518,134,2014,11,110,2,108,1,198
72746,134,2014,11,80,4,76,3,85
73303,134,2014,11,107,2,105,3,108
75178,134,2014,11,74,8,66,1,80
76313,134,2014,11,154,4,150,0,179
78911,134,2014,11,122,9,113,0,122
78966,134,2014,11,245,5,240,0,249
80058,134,2014,11,15,0,15,0,469
83568,134,2014,11,175,5,170,0,175
85596,134,2014,11,335,15,320,0,346
86009,134,2014,11,318,5,313,0,346
11360,135,2014,12,29,4,25,4,114
23144,135,2014,12,194,18,176,2,196
24760,135,2014,12,209,6,203,0,213
31372,135,2014,12,106,4,102,0,127
32100,135,2014,12,197,2,195,0,202
36006,135,2014,12,63,4,59,0,66
39783,135,2014,12,137,8,129,3,146
41393,135,2014,12,101,2,99,0,109
45539,135,2014,12,77,2,75,2,78
46021,135,2014,12,67,5,62,0,70
46771,135,2014,12,259,6,253,2,266
48187,135,2014,12,340,8,332,1,342
51597,135,2014,12,381,9,372,1,392
52385,135,2014,12,263,9,254,1,312
53884,135,2014,12,90,4,86,0,128
55594,135,2014,12,122,0,122,1,125
59367,135,2014,12,121,6,115,0,124
63063,135,2014,12,316,3,313,1,325
63188,135,2014,12,350,9,341,4,365
66245,135,2014,12,154,4,150,3,155
71518,135,2014,12,110,2,108,0,198
71627,135,2014,12,332,8,324,62,338
73303,135,2014,12,109,2,107,2,110
75178,135,2014,12,74,8,66,0,80
76313,135,2014,12,154,4,150,0,179
78966,135,2014,12,245,5,240,0,249
80058,135,2014,12,464,4,460,4,473
83568,135,2014,12,178,5,173,3,178
85596,135,2014,12,335,15,320,0,346
86009,135,2014,12,319,5,314,1,347
23144,136,2014,13,194,18,176,0,196
24760,136,2014,13,211,6,205,2,215
31372,136,2014,13,110,4,106,4,131
32100,136,2014,13,197,2,195,0,202
36006,136,2014,13,63,4,59,0,66
41393,136,2014,13,101,2,99,0,109
45539,136,2014,13,78,2,76,1,79
46021,136,2014,13,67,5,62,0,70
46654,136,2014,13,148,7,141,3,160
46771,136,2014,13,263,6,257,4,270
48187,136,2014,13,341,8,333,1,343
49294,136,2014,13,49,1,48,0,49
50869,136,2014,13,244,9,235,2,256
51597,136,2014,13,382,9,373,1,393
52385,136,2014,13,263,9,254,0,312
53884,136,2014,13,90,4,86,0,128
55594,136,2014,13,122,0,122,0,125
59367,136,2014,13,121,6,115,0,124
62555,136,2014,13,119,4,115,2,394
63063,136,2014,13,317,3,314,1,326
63188,136,2014,13,357,9,348,7,372
66245,136,2014,13,154,4,150,0,155
66404,136,2014,13,338,5,333,1,354
71518,136,2014,13,110,2,108,0,198
73303,136,2014,13,109,2,107,0,110
75178,136,2014,13,74,8,66,0,80
76313,136,2014,13,154,4,150,0,179
78911,136,2014,13,122,9,113,0,122
80058,136,2014,13,464,4,460,0,473
83568,136,2014,13,183,5,178,5,183
85596,136,2014,13,336,15,321,1,347
86009,136,2014,13,320,5,315,1,348
14106,137,2014,14,155,0,155,3,160
23144,137,2014,14,200,19,181,5,201
24760,137,2014,14,212,6,206,1,216
31372,137,2014,14,110,4,106,0,131
32100,137,2014,14,197,2,195,0,202
41393,137,2014,14,101,2,99,0,109
45539,137,2014,14,80,2,78,2,81
46654,137,2014,14,148,7,141,0,160
46771,137,2014,14,266,6,260,3,273
48187,137,2014,14,343,8,335,2,345
49294,137,2014,14,49,1,48,0,49
52385,137,2014,14,264,9,255,1,313
55594,137,2014,14,124,0,124,2,127
59367,137,2014,14,121,6,115,0,124
66245,137,2014,14,156,4,152,2,157
71518,137,2014,14,116,2,114,6,204
73303,137,2014,14,111,2,109,2,112
75178,137,2014,14,74,8,66,0,80
76313,137,2014,14,154,4,150,0,179
78911,137,2014,14,122,9,113,0,122
14106,138,2014,15,155,0,155,0,160
23144,138,2014,15,206,19,187,6,207
24760,138,2014,15,215,6,209,4,220
31372,138,2014,15,111,4,107,1,132
32100,138,2014,15,198,2,196,1,203
41393,138,2014,15,102,2,100,1,110
45539,138,2014,15,85,2,83,5,86
46654,138,2014,15,148,7,141,1,161
46771,138,2014,15,266,6,260,0,273
48187,138,2014,15,345,8,337,2,347
52385,138,2014,15,268,9,259,3,316
55594,138,2014,15,125,0,125,1,128
59367,138,2014,15,121,6,115,0,124
66245,138,2014,15,159,4,155,3,160
71518,138,2014,15,127,2,125,9,213
76313,138,2014,15,156,4,152,2,181
78911,138,2014,15,123,9,114,1,123
14106,139,2014,16,156,0,156,1,161
24760,139,2014,16,215,6,209,0,220
45539,139,2014,16,87,2,85,2,88
46654,139,2014,16,149,7,142,1,162
46771,139,2014,16,266,6,260,0,273
48187,139,2014,16,345,8,337,0,347
49294,139,2014,16,49,1,48,0,49
55594,139,2014,16,125,0,125,0,128
66245,139,2014,16,162,4,158,3,163
71518,139,2014,16,127,2,125,0,213
76313,139,2014,16,157,4,153,1,182
78911,139,2014,16,123,9,114,0,123
24760,140,2014,17,215,6,209,0,220
41393,140,2014,17,102,2,100,0,110
45539,140,2014,17,88,2,86,1,89
46654,140,2014,17,149,7,142,0,162
48187,140,2014,17,345,8,337,0,347
49294,140,2014,17,49,1,48,0,49
66245,140,2014,17,162,4,158,1,164
71518,140,2014,17,129,2,127,2,215
76313,140,2014,17,157,4,153,0,182
78911,140,2014,17,123,9,114,0,123
45539,141,2014,18,91,2,89,3,92
48187,141,2014,18,347,8,339,2,349
49294,141,2014,18,49,1,48,0,49
66245,141,2014,18,163,4,159,1,165
71518,141,2014,18,131,2,129,3,218
76313,141,2014,18,157,4,153,0,182
78911,141,2014,18,123,9,114,0,123
41393,142,2014,19,102,2,100,0,110
45539,142,2014,19,91,2,89,0,92
48187,142,2014,19,348,8,340,1,350
49294,142,2014,19,49,1,48,0,49
66245,142,2014,19,167,4,163,4,169
71518,142,2014,19,133,2,131,2,220
76313,142,2014,19,157,4,153,0,182
78911,142,2014,19,123,9,114,0,123
41393,143,2014,20,102,2,100,0,110
45539,143,2014,20,92,2,90,1,93
48187,143,2014,20,348,8,340,0,350
66245,143,2014,20,166,4,162,0,169
76313,143,2014,20,157,4,153,0,182
78911,143,2014,20,126,9,117,3,126
11360,144,2014,21,30,4,26,1,115
45539,144,2014,21,84,2,82,0,93
48187,144,2014,21,349,8,341,1,351
49294,144,2014,21,49,1,48,0,49
66245,144,2014,21,166,4,162,0,169
71518,144,2014,21,133,2,131,0,220
76313,144,2014,21,158,4,154,1,183
78911,144,2014,21,128,9,119,2,128
11360,145,2014,22,30,4,26,0,115
45539,145,2014,22,85,2,83,1,94
48187,145,2014,22,349,8,341,0,351
49294,145,2014,22,49,1,48,0,49
66245,145,2014,22,166,4,162,0,169
71518,145,2014,22,134,2,132,1,221
76313,145,2014,22,158,4,154,0,183
78911,145,2014,22,128,9,119,0,128
11360,146,2014,23,30,4,26,0,115
45539,146,2014,23,85,2,83,0,94
48187,146,2014,23,349,8,341,0,351
49294,146,2014,23,49,1,48,0,49
60830,146,2014,23,161,3,158,0,163
66245,146,2014,23,166,4,162,0,169
71518,146,2014,23,136,2,134,2,223
76313,146,2014,23,158,4,154,0,183
11360,147,2014,24,30,4,26,0,115
45539,147,2014,24,84,2,82,0,94
48187,147,2014,24,351,8,343,2,353
49294,147,2014,24,49,1,48,0,49
60830,147,2014,24,161,3,158,0,163
71518,147,2014,24,138,2,136,2,225
76313,147,2014,24,158,4,154,0,183
78911,147,2014,24,136,10,126,8,136
45539,148,2014,25,84,2,82,1,95
48187,148,2014,25,353,8,345,2,355
71518,148,2014,25,146,2,144,8,233
76313,148,2014,25,158,4,154,0,183
78911,148,2014,25,136,10,126,2,138
11360,149,2014,26,30,4,26,0,115
45539,149,2014,26,84,2,82,0,95
48187,149,2014,26,353,8,345,1,356
71518,149,2014,26,147,2,145,1,234
76313,149,2014,26,158,4,154,0,183
78911,149,2014,26,136,10,126,0,138
11360,150,2014,27,30,4,26,0,115
45539,150,2014,27,84,2,82,0,95
48187,150,2014,27,355,8,347,1,357
60830,150,2014,27,163,3,160,2,165
76313,150,2014,27,158,4,154,0,183
78911,150,2014,27,136,10,126,0,138
11360,151,2014,28,30,4,26,0,115
45539,151,2014,28,84,2,82,0,95
48187,151,2014,28,355,8,347,1,358
60830,151,2014,28,163,3,160,0,165
71518,151,2014,28,148,2,146,1,235
76313,151,2014,28,160,4,156,2,185
78911,151,2014,28,137,10,127,1,139
11360,152,2014,29,30,4,26,0,115
45539,152,2014,29,85,2,83,1,96
48187,152,2014,29,356,8,348,1,359
60830,152,2014,29,163,3,160,0,165
71518,152,2014,29,149,2,147,1,236
76313,152,2014,29,161,4,157,1,186
78911,152,2014,29,139,10,129,2,141
11360,153,2014,30,30,4,26,0,115
48187,153,2014,30,356,8,348,0,359
60830,153,2014,30,163,3,160,0,165
71518,153,2014,30,149,2,147,0,236
76313,153,2014,30,161,4,157,0,186
78911,153,2014,30,139,10,129,0,141
48187,154,2014,31,362,8,354,6,365
71518,154,2014,31,149,2,147,0,236
76313,154,2014,31,161,4,157,0,186
78911,154,2014,31,139,10,129,0,141
45539,155,2014,32,85,2,83,0,96
48187,155,2014,32,362,8,354,0,365
66245,155,2014,32,172,4,168,7,176
71518,155,2014,32,149,2,147,1,237
76313,155,2014,32,161,4,157,0,186
45539,156,2014,33,85,2,83,0,96
48187,156,2014,33,363,8,355,1,366
66245,156,2014,33,172,4,168,0,176
71518,156,2014,33,150,2,148,1,238
76313,156,2014,33,162,4,158,1,187
78911,156,2014,33,139,10,129,0,141
11360,157,2014,34,30,4,26,0,115
45539,157,2014,34,85,2,83,0,96
48187,157,2014,34,366,8,358,3,369
60830,157,2014,34,164,3,161,2,167
66245,157,2014,34,167,4,163,0,176
71518,157,2014,34,153,2,151,3,241
76313,157,2014,34,162,4,158,0,187
78911,157,2014,34,139,10,129,0,141
11360,158,2014,35,30,4,26,0,115
45539,158,2014,35,86,2,84,1,97
48187,158,2014,35,367,8,359,1,370
60830,158,2014,35,165,3,162,1,168
71518,158,2014,35,153,2,151,0,241
76313,158,2014,35,164,4,160,2,189
78911,158,2014,35,140,10,130,1,142
11360,159,2014,36,30,4,26,0,115
45539,159,2014,36,88,2,86,2,99
48187,159,2014,36,368,8,360,2,372
66245,159,2014,36,176,4,172,5,181
66991,159,2014,36,333,12,321,1,341
71518,159,2014,36,155,2,153,2,243
76313,159,2014,36,168,4,164,4,193
78911,159,2014,36,141,10,131,1,143
45539,160,2014,37,89,2,87,1,100
48187,160,2014,37,370,8,362,2,374
66245,160,2014,37,178,4,174,2,183
71518,160,2014,37,158,2,156,3,246
76313,160,2014,37,169,4,165,1,194
78911,160,2014,37,141,10,131,0,143
48187,161,2014,38,371,8,363,1,375
66245,161,2014,38,183,4,179,5,188
45539,162,2014,39,90,2,88,1,101
48187,162,2014,39,372,8,364,1,376
66245,162,2014,39,186,4,182,3,191
71518,162,2014,39,158,2,156,0,246
76313,162,2014,39,169,4,165,0,194
78911,162,2014,39,141,10,131,0,143
45539,163,2014,40,93,2,91,3,104
48187,163,2014,40,372,8,364,0,376
66245,163,2014,40,186,4,182,0,191
71518,163,2014,40,158,2,156,0,246
76313,163,2014,40,169,4,165,0,194
78911,163,2014,40,142,10,132,1,144
45539,164,2014,41,95,2,93,2,106
48187,164,2014,41,373,8,365,1,377
71518,164,2014,41,158,2,156,0,246
76313,164,2014,41,169,4,165,0,194
45539,165,2014,42,96,2,94,1,107
48187,165,2014,42,373,8,365,1,378
66245,165,2014,42,191,4,187,5,196
71518,165,2014,42,160,2,158,2,248
76313,165,2014,42,170,4,166,1,195
48187,166,2014,43,373,8,365,0,378
76313,166,2014,43,173,4,169,3,198
45539,167,2014,44,97,2,95,1,108
48187,167,2014,44,373,8,365,0,378
66245,167,2014,44,190,4,186,0,196
71518,167,2014,44,161,2,159,1,249
76313,167,2014,44,173,4,169,0,198
45539,168,2014,45,97,2,95,0,108
48187,168,2014,45,373,8,365,0,378
66245,168,2014,45,191,4,187,1,197
71518,168,2014,45,162,2,160,1,250
76313,168,2014,45,174,4,170,1,199
45539,169,2014,46,103,2,101,6,114
48187,169,2014,46,374,8,366,1,379
66245,169,2014,46,192,4,188,3,200
71518,169,2014,46,164,2,162,2,252
76313,169,2014,46,178,4,174,4,203
45539,170,2014,47,103,2,101,0,114
48187,170,2014,47,375,8,367,0,379
66245,170,2014,47,193,4,189,2,202
71518,170,2014,47,164,2,162,0,252
76313,170,2014,47,178,4,174,0,203
48187,171,2014,48,339,8,331,0,379
66245,171,2014,48,194,4,190,0,202
45539,172,2014,49,105,2,103,2,116
48187,172,2014,49,376,8,368,3,382
66245,172,2014,49,194,4,190,1,203
71518,172,2014,49,165,2,163,1,253
76313,172,2014,49,179,4,175,1,204
45539,173,2014,50,105,2,103,0,116
48187,173,2014,50,525,8,517,149,531
66245,173,2014,50,195,4,191,0,203
71518,173,2014,50,165,2,163,0,253
76313,173,2014,50,179,4,175,0,204
45539,174,2014,51,105,2,103,0,116
48187,174,2014,51,526,8,518,1,532
66245,174,2014,51,197,4,193,2,205
76313,174,2014,51,179,4,175,0,204
48187,175,2014,52,527,8,519,1,533
66245,175,2014,52,196,4,192,0,205
76313,175,2014,52,179,4,175,0,204
48187,176,2015,1,528,8,520,1,534
66245,176,2015,1,197,4,193,1,206
48187,177,2015,2,317,2,315,0,534
76313,177,2015,2,180,4,176,1,205
45539,178,2015,3,105,2,103,0,116
48187,178,2015,3,529,9,520,1,535
66245,178,2015,3,198,4,194,1,207
76313,178,2015,3,180,4,176,0,205
45539,179,2015,4,105,2,103,0,116
48187,179,2015,4,529,9,520,0,535
66245,179,2015,4,199,5,194,1,208
71518,179,2015,4,172,2,170,5,258
76313,179,2015,4,181,4,177,1,206
45539,180,2015,5,106,3,103,0,116
48187,180,2015,5,529,9,520,0,535
66245,180,2015,5,200,5,195,0,208
76313,180,2015,5,186,4,182,5,211
45539,181,2015,6,106,3,103,0,116
48187,181,2015,6,530,9,521,1,536
66245,181,2015,6,199,5,194,0,208
71518,181,2015,6,173,2,171,0,258
76313,181,2015,6,186,4,182,0,211
45539,182,2015,7,106,3,103,0,116
48187,182,2015,7,531,9,522,1,537
66245,182,2015,7,199,5,194,0,208
45539,183,2015,8,107,3,104,1,117
48187,183,2015,8,532,9,523,1,538
66245,183,2015,8,199,5,194,0,208
71518,183,2015,8,173,2,171,0,258
48187,184,2015,9,533,9,524,1,539
66245,184,2015,9,6,1,5,0,208
45539,185,2015,10,108,3,105,1,118
48187,185,2015,10,536,9,527,3,542
71518,185,2015,10,173,2,171,0,258
45539,186,2015,11,108,3,105,0,118
48187,186,2015,11,523,9,514,0,542
48187,187,2015,12,523,9,514,0,542
48187,188,2015,13,523,9,514,0,542
48187,189,2015,14,523,9,514,0,542
66245,189,2015,14,17,2,15,0,208
71518,189,2015,14,175,2,173,2,260
48187,190,2015,15,523,9,514,0,542
66245,190,2015,15,57,2,55,0,208
71518,190,2015,15,176,2,174,1,261
