egoid,study_week,year,iso_week,radius_of_gyration_km,mobility_entropy,normalized_entropy,time_on_campus_pct,distinct_locations_count,max_distance_from_campus_km,total_location_records
10060,7,2011,40,0.0,0.0,0.0,100.0,1,0.73,49
10060,8,2011,41,72.0705,1.5581,0.5194,74.4,8,166.94,1914
10060,9,2011,42,67.4701,2.4155,0.8604,20.42,7,166.94,2243
10060,10,2011,43,2.0211,1.9573,0.6972,77.3,7,16.64,2220
10060,11,2011,44,0.2496,1.8389,0.655,100.0,7,0.76,2517
10060,12,2011,45,0.0042,0.0,0.0,100.0,1,0.56,2231
10060,13,2011,46,0.2095,1.4988,0.5339,100.0,7,0.77,1996
10060,14,2011,47,81.188,1.4343,0.5549,38.37,6,166.92,2408
10060,15,2011,48,0.3508,2.7126,0.8166,72.61,10,0.98,2198
10060,16,2011,49,0.264,2.4212,0.8071,96.52,8,0.9,1783
10060,17,2011,50,62.7021,2.2494,0.7498,83.05,8,166.91,2348
10060,18,2011,51,0.0391,0.0158,0.0158,0.0,2,166.91,2061
10060,19,2011,52,47.6543,2.3769,0.7498,0.0,9,166.93,1596
10060,20,2012,1,1.9485,1.5495,0.5165,0.0,8,167.12,2152
10060,21,2012,2,1.6089,0.3599,0.1282,0.0,7,166.98,1919
10060,22,2012,3,63.9529,1.094,0.4711,82.27,5,166.94,2499
10060,23,2012,4,0.2021,0.7981,0.399,100.0,4,0.78,2414
10060,24,2012,5,0.1793,1.0595,0.4563,100.0,5,0.88,2076
10060,25,2012,6,0.1856,1.9318,0.832,100.0,5,0.58,983
10060,26,2012,7,0.1253,0.3727,0.2351,100.0,3,0.74,2019
10060,27,2012,8,0.398,1.3675,0.4558,100.0,8,0.74,2247
10060,28,2012,9,0.3059,1.2811,0.5518,83.81,5,0.98,2081
10060,29,2012,10,72.0252,1.1687,0.5844,75.58,4,166.95,2650
10060,30,2012,11,920.675,3.5718,0.779,0.53,24,1918.48,2466
10060,31,2012,12,1.1494,1.481,0.5729,92.99,6,4.42,1498
10060,32,2012,13,0.1623,0.967,0.4165,100.0,5,0.75,1657
10060,33,2012,14,79.8507,1.5775,0.5619,65.02,7,166.98,1738
10060,34,2012,15,53.0089,2.1262,0.7574,88.71,7,166.98,1657
10060,35,2012,16,0.1903,1.0612,0.6695,100.0,3,0.74,1980
10060,36,2012,17,0.1734,1.042,0.521,100.0,4,0.74,2204
10060,37,2012,18,0.1452,0.9315,0.3318,100.0,7,0.74,761
10060,38,2012,19,80.9277,3.276,0.7712,56.79,19,175.63,81
10060,39,2012,20,16.8137,3.5682,0.7684,0.0,25,166.98,124
10060,40,2012,21,30.5839,3.4377,0.7709,0.0,22,172.78,147
10060,41,2012,22,43.4536,2.659,0.7417,0.0,12,166.98,75
10060,42,2012,23,18.3464,3.0919,0.7154,0.0,20,170.18,104
10060,43,2012,24,11.3203,3.7892,0.8627,0.0,21,167.03,82
10060,44,2012,25,7.0417,1.9642,0.5479,0.0,12,167.03,104
10060,45,2012,26,33.0661,3.524,0.779,0.0,23,168.03,139
10060,46,2012,27,459.2911,4.8564,0.8605,0.0,50,1491.08,156
10060,47,2012,28,551.8514,4.5409,0.7966,0.0,52,1492.3,110
10060,48,2012,29,16.4393,3.261,0.7112,0.0,24,167.46,91
10060,49,2012,30,34.9988,3.741,0.7959,0.0,26,170.14,122
10060,50,2012,31,24.1983,3.3166,0.7437,0.0,22,181.07,113
10060,51,2012,32,14.7906,3.5305,0.8467,0.0,18,167.15,63
10060,52,2012,33,64.835,3.4105,0.7344,14.15,25,169.77,106
10060,53,2012,34,53.1686,4.523,0.8619,52.33,38,120.8,86
10060,54,2012,35,0.5684,2.7075,0.7552,87.72,12,1.65,57
10060,55,2012,36,0.6814,2.805,0.8108,84.0,11,1.72,75
10060,56,2012,37,0.8185,2.9839,0.8625,80.77,11,1.72,52
10060,57,2012,38,1.7585,3.3103,0.8276,69.35,16,6.38,62
10060,58,2012,39,0.9495,2.727,0.6672,80.9,17,5.8,89
10060,59,2012,40,0.5433,2.6626,0.6385,93.57,18,1.69,280
10060,60,2012,41,115.8582,3.0534,0.5818,86.72,38,489.86,241
10060,61,2012,42,288.6744,3.2992,0.7019,68.97,26,666.56,145
10060,62,2012,43,1.0419,2.4667,0.5453,90.31,23,6.52,351
10060,63,2012,44,0.4231,2.1575,0.583,94.53,13,1.68,274
10060,64,2012,45,39.0288,3.3642,0.6024,73.86,48,119.17,264
10060,65,2012,46,26.4457,3.6115,0.6932,75.23,37,118.14,222
10060,66,2012,47,71.6251,3.6782,0.6202,18.03,61,167.01,294
10060,67,2012,48,0.6144,2.7141,0.7129,85.71,14,1.69,168
10060,68,2012,49,0.6537,2.917,0.6995,91.96,18,3.51,199
10060,69,2012,50,81.7257,3.1867,0.6317,52.31,33,167.01,260
10060,70,2012,51,4.6939,2.0549,0.4543,0.0,23,169.87,290
10060,71,2012,52,843.3932,4.2022,0.7524,0.0,48,1592.97,255
10060,72,2013,1,854.8578,4.0387,0.6658,0.0,67,1592.97,388
10060,73,2013,2,24.3394,2.7318,0.5567,1.73,30,168.87,347
10060,74,2013,3,0.3735,1.5848,0.4999,92.78,9,1.64,194
10060,75,2013,4,0.9631,2.5087,0.5906,85.43,19,7.18,199
10060,76,2013,5,0.9741,2.5475,0.6369,86.96,16,5.95,207
10060,77,2013,6,0.4575,2.2166,0.5822,89.73,14,2.74,185
10060,78,2013,7,0.4034,2.345,0.6778,91.72,11,1.43,169
10060,79,2013,8,0.8628,2.452,0.684,87.1,12,5.94,124
10060,80,2013,9,0.8224,2.5401,0.6672,82.59,14,7.23,224
10060,81,2013,10,57.3159,4.5189,0.7211,55.71,77,167.08,280
10060,82,2013,11,21.4862,1.9289,0.4822,1.6,16,169.8,313
10060,83,2013,12,0.4882,2.6688,0.701,84.65,14,2.82,254
10060,84,2013,13,83.3877,3.6258,0.6564,47.27,46,174.83,330
10060,85,2013,14,74.9103,3.8773,0.75,41.49,36,167.4,188
10060,86,2013,15,1.504,2.7478,0.6162,58.33,22,8.66,264
10060,87,2013,16,0.4371,3.544,0.773,79.85,24,1.33,263
10060,88,2013,17,0.464,2.3612,0.6202,77.78,14,1.34,297
10060,89,2013,18,0.4775,2.7563,0.6891,80.68,16,1.66,264
10060,90,2013,19,80.8627,3.5614,0.6786,48.76,38,175.24,242
10060,91,2013,20,10.569,2.8847,0.7212,0.0,16,172.05,120
10060,92,2013,21,3.1494,1.8113,0.9056,0.0,4,172.1,8
10281,7,2011,40,0.2513,1.1528,0.2882,99.5,16,1.59,2204
10281,8,2011,41,740.8521,2.9573,0.545,68.84,43,2984.36,2981
10281,9,2011,42,759.6375,3.3029,0.5569,21.8,61,1601.98,2785
10281,10,2011,43,1.024,3.5577,0.5694,84.28,76,6.04,2468
10281,11,2011,44,0.1941,1.6507,0.3193,99.46,36,0.95,2972
10281,12,2011,45,0.2932,1.9795,0.3671,97.87,42,1.5,2998
10281,13,2011,46,0.2993,2.2942,0.4588,97.56,32,1.48,2988
10281,14,2011,47,0.2955,1.5451,0.3181,99.52,29,4.97,3315
10281,15,2011,48,0.1835,1.5218,0.3238,100.0,26,0.77,2230
10281,16,2011,49,0.1853,1.6275,0.365,100.0,22,0.76,2568
10281,17,2011,50,758.286,3.0692,0.5692,62.9,42,1599.61,2469
10281,18,2011,51,4.4867,1.7967,0.3253,0.0,46,1603.91,2598
10281,19,2011,52,38.9461,3.1315,0.5638,0.0,47,1602.46,2412
10281,20,2012,1,3.5704,2.0378,0.4153,0.0,30,1602.78,2615
10281,21,2012,2,20.9492,2.3447,0.4501,0.0,37,1606.67,1588
10281,22,2012,3,417.3734,1.8426,0.3833,88.7,28,1596.78,3054
10281,23,2012,4,0.2327,1.1647,0.4149,99.78,7,1.47,2279
10281,24,2012,5,0.5827,1.2282,0.3697,98.75,10,5.06,2406
10281,25,2012,6,0.183,1.0237,0.3412,99.87,8,0.98,3138
10281,26,2012,7,0.14,0.712,0.3066,100.0,5,0.74,2557
10281,27,2012,8,0.2109,1.1475,0.4439,100.0,6,0.74,2478
10281,28,2012,9,0.1829,1.1687,0.5033,100.0,5,0.74,2686
10281,29,2012,10,791.9902,2.3138,0.4983,53.94,25,1606.64,2312
10281,30,2012,11,392.4785,3.7587,0.6562,5.84,53,1606.73,3150
10281,31,2012,12,0.1991,1.0361,0.3269,99.82,9,1.63,2265
10281,32,2012,13,0.9441,1.805,0.4741,95.45,14,6.16,2328
10281,33,2012,14,0.241,1.1196,0.3732,99.28,8,2.71,2214
10281,34,2012,15,0.1428,0.6525,0.281,100.0,5,0.75,2123
10281,35,2012,16,0.4849,1.7862,0.437,94.73,17,4.51,2791
10281,36,2012,17,0.1902,0.9388,0.2714,100.0,11,0.91,3044
10281,37,2012,18,0.4243,1.8752,0.409,97.21,24,3.72,1111
10281,38,2012,19,712.5447,3.044,0.6144,62.61,31,1602.07,238
10281,39,2012,20,4.9897,3.8685,0.7483,0.0,36,1606.72,189
10281,40,2012,21,208.1066,4.6711,0.7756,0.0,65,1606.72,251
10281,41,2012,22,5.9932,3.8814,0.7293,0.0,40,1606.72,338
10281,42,2012,23,5.6157,3.8495,0.693,0.0,47,1606.76,389
10281,43,2012,24,35.4977,4.1706,0.7214,0.0,55,1603.99,265
10281,44,2012,25,4.7884,3.7802,0.6883,0.0,45,1606.78,221
10281,45,2012,26,28.6837,4.5244,0.7757,0.0,57,1610.09,355
10281,46,2012,27,1924.559,4.578,0.7782,0.0,59,10673.62,265
10281,47,2012,28,22.6012,3.8826,0.7992,0.0,29,1602.23,97
10281,59,2012,40,11.2179,3.3703,0.6938,90.79,29,67.7,152
10281,60,2012,41,249.2028,4.8368,0.7741,68.73,76,1508.56,323
10281,61,2012,42,612.8164,4.2901,0.7355,15.71,57,1602.15,210
10281,62,2012,43,0.262,2.5559,0.6017,98.99,19,0.95,198
10281,63,2012,44,0.4463,2.8917,0.6227,98.93,25,1.81,280
10281,64,2012,45,0.3622,2.6063,0.5261,95.5,31,1.71,378
10281,65,2012,46,0.259,2.0936,0.4566,99.23,24,0.95,260
10281,66,2012,47,155.699,4.4267,0.6871,18.8,87,397.08,585
10281,67,2012,48,87.1158,3.7227,0.6137,88.98,67,378.73,708
10281,68,2012,49,0.3304,3.0567,0.6008,99.55,34,1.69,446
10281,69,2012,50,662.1746,3.2637,0.5783,76.07,50,1895.3,631
10281,70,2012,51,8.8527,3.6686,0.629,0.0,57,1602.7,383
10281,71,2012,52,25.3143,3.7669,0.682,0.0,46,1615.29,376
10281,72,2013,1,47.879,3.5611,0.6247,0.0,52,1835.66,413
10281,73,2013,2,418.4342,5.3417,0.855,2.27,76,1857.4,352
10281,74,2013,3,2.0991,1.3459,0.4052,92.79,10,14.1,222
10281,75,2013,4,0.3241,2.4197,0.5277,100.0,24,0.74,601
10281,76,2013,5,3.6085,2.9788,0.5762,96.28,36,80.36,511
10281,77,2013,6,0.2833,2.3835,0.5959,99.69,16,1.34,319
10281,78,2013,7,0.2503,2.2549,0.4918,100.0,24,0.8,435
10281,79,2013,8,0.3224,2.8405,0.5681,98.88,32,1.82,623
10281,80,2013,9,0.7698,3.0357,0.5872,93.41,36,7.81,577
10281,81,2013,10,567.316,3.2957,0.6478,83.43,34,1597.08,350
10281,82,2013,11,5.6658,1.3605,0.6803,0.0,4,1597.08,19
10281,83,2013,12,0.0015,0.0,0.0,100.0,1,0.35,12
10281,84,2013,13,0.0332,0.9183,0.9183,100.0,2,0.46,9
10281,85,2013,14,0.5175,2.654,0.6971,80.49,14,1.59,41
10281,89,2013,18,0.3621,2.5643,0.5226,98.5,30,5.1,532
10281,90,2013,19,716.1072,2.6502,0.5254,69.19,33,1598.71,555
10281,91,2013,20,739.8326,4.0321,0.6578,1.04,70,1598.17,482
10281,92,2013,21,20.5845,2.6148,0.523,0.0,32,1601.04,226
10281,93,2013,22,8.7849,2.2474,0.4455,0.0,33,1599.05,452
10281,94,2013,23,5.9167,1.9009,0.4093,0.0,25,1601.87,474
10281,95,2013,24,5.6407,3.0823,0.5549,0.0,47,1603.17,478
10281,96,2013,25,0.775,0.6634,0.2363,0.0,7,1599.02,251
10281,97,2013,26,4.4991,1.4994,0.3596,0.0,18,1601.74,295
10281,98,2013,27,23.9208,3.0431,0.5541,0.0,45,1599.97,354
10281,99,2013,28,7.6603,2.4235,0.4652,0.0,37,1597.96,386
10281,100,2013,29,24.6057,1.5594,0.3244,0.0,28,1599.1,428
10281,107,2013,36,65.952,4.5653,0.7474,75.29,69,217.92,344
10281,108,2013,37,2.0181,3.162,0.6509,85.65,29,13.45,209
10281,109,2013,38,1.1999,3.806,0.6815,77.67,48,5.01,215
10281,110,2013,39,0.3853,3.4231,0.6477,95.42,39,1.54,306
10281,111,2013,40,0.6558,3.6499,0.6726,90.14,43,4.08,284
10281,112,2013,41,1.0395,3.9648,0.773,65.73,35,4.95,143
10281,113,2013,42,0.5016,3.2517,0.7403,84.35,21,1.28,115
10281,114,2013,43,3017.3872,3.8579,0.8307,5.77,25,5815.54,52
10281,115,2013,44,0.6833,3.7951,0.6626,90.48,53,4.56,441
10281,116,2013,45,0.6913,2.5252,0.6824,64.71,13,1.58,102
10281,117,2013,46,0.8868,3.6206,0.6758,86.44,41,4.55,376
10281,118,2013,47,0.6339,2.6954,0.5441,95.7,31,5.66,186
10281,119,2013,48,209.7007,4.79,0.7308,35.15,94,469.34,293
10281,120,2013,49,0.7124,2.8707,0.5909,94.22,29,5.62,173
10281,121,2013,50,0.3914,2.9614,0.6641,93.06,22,1.53,144
10281,122,2013,51,1.2787,2.9137,0.6441,89.08,23,7.67,119
10281,123,2013,52,46.5669,4.0462,0.7206,0.0,49,1599.31,274
10281,124,2014,1,45.1207,4.7054,0.8176,0.0,54,1602.73,214
10281,125,2014,2,3.4825,2.4078,0.5185,0.0,25,1602.65,126
10353,7,2011,40,0.4909,0.968,0.3227,97.95,8,5.92,1900
10353,8,2011,41,0.2388,1.1513,0.3466,99.03,10,1.5,2773
10353,9,2011,42,0.1872,0.9401,0.3349,100.0,7,0.87,2787
10353,10,2011,43,0.3238,1.8617,0.5873,100.0,9,0.68,2616
10353,11,2011,44,0.2249,1.6651,0.4813,100.0,11,0.79,2065
10353,12,2011,45,0.2732,2.2993,0.6414,100.0,12,0.72,2223
10353,13,2011,46,0.2297,1.5447,0.465,100.0,10,0.63,2652
10353,14,2011,47,366.637,3.052,0.566,23.04,42,864.68,2622
10353,15,2011,48,8.2073,2.6233,0.5036,98.22,37,321.9,3083
10353,16,2011,49,0.3077,2.2778,0.4441,98.58,35,1.43,2246
10353,17,2011,50,323.4601,2.7517,0.5071,77.36,43,858.73,2822
10353,18,2011,51,3.544,2.1944,0.4389,0.0,32,863.0,2860
10353,19,2011,52,1.5002,2.4492,0.5042,0.0,29,841.07,2535
10353,20,2012,1,15.3972,1.8789,0.3868,0.0,29,950.98,2004
10353,21,2012,2,31.0408,3.4163,0.6608,13.58,36,141.49,1267
10353,22,2012,3,0.3281,2.3363,0.4632,99.14,33,1.21,2549
10353,23,2012,4,104.7545,2.9929,0.5276,77.16,51,283.51,3131
10353,24,2012,5,0.6378,2.3481,0.4507,96.83,37,5.44,2650
10353,25,2012,6,0.3329,2.4977,0.4951,99.03,33,1.11,1956
10353,26,2012,7,0.3363,2.2697,0.4499,100.0,33,0.96,2077
10353,27,2012,8,1.5593,2.8447,0.5592,92.46,34,8.19,1844
10353,28,2012,9,0.728,3.3956,0.6338,96.86,41,5.12,2195
10353,29,2012,10,326.885,2.8861,0.5286,77.41,44,946.89,2687
10353,30,2012,11,146.7354,3.3984,0.5664,0.0,64,856.79,2370
10353,31,2012,12,1.3753,0.9317,0.3319,99.68,7,24.21,2807
10353,32,2012,13,6.0528,1.905,0.6786,80.43,7,45.28,1814
10353,33,2012,14,4.1439,3.0146,0.8146,83.32,13,13.51,1751
10353,34,2012,15,123.1945,2.2394,0.7465,45.93,8,386.09,675
10353,35,2012,16,1.0491,3.0585,0.7077,97.01,20,6.63,1671
10353,36,2012,17,31.4861,3.1678,0.7003,91.44,23,136.06,2535
10353,37,2012,18,0.6232,2.6649,0.4911,98.52,43,9.49,810
10353,38,2012,19,274.921,4.4006,0.7065,76.02,75,843.67,342
10353,39,2012,20,1.4368,2.5451,0.6104,0.0,18,839.55,144
10353,40,2012,21,46.1082,2.8406,0.5374,0.0,39,856.43,326
10353,41,2012,22,1.8109,2.9501,0.5752,0.0,35,841.46,301
10353,42,2012,23,3.9296,3.485,0.5876,0.0,61,853.04,404
10353,43,2012,24,0.2053,0.618,0.3899,0.0,3,838.26,34
10353,45,2012,26,0.4878,1.5466,0.7733,0.0,4,838.26,13
10353,46,2012,27,51.6773,3.0724,0.7517,0.0,17,1018.74,48
10353,47,2012,28,9.2658,2.191,0.7804,0.0,7,855.91,27
10353,48,2012,29,6.4904,2.209,0.6969,0.0,9,855.04,28
10353,49,2012,30,10.0329,2.7086,0.783,0.0,11,856.07,32
10353,50,2012,31,12.9735,3.2308,0.9339,0.0,11,863.44,31
10353,51,2012,32,9.7386,2.5984,0.7511,0.0,11,856.06,44
10353,52,2012,33,10.1742,2.4482,0.643,0.0,14,856.03,53
10353,53,2012,34,261.2564,2.9129,0.8769,72.41,10,838.22,29
10353,54,2012,35,0.7944,2.9242,0.9225,86.36,9,2.45,22
10353,55,2012,36,0.7662,2.6433,0.8339,90.24,9,2.24,41
10353,56,2012,37,0.253,1.4838,0.7419,100.0,4,0.71,14
10353,57,2012,38,0.3068,2.2004,0.8512,100.0,6,0.73,28
10353,58,2012,39,0.5374,2.2446,0.7482,92.86,8,1.49,28
10353,59,2012,40,0.3325,2.4733,0.881,100.0,7,0.72,25
10353,60,2012,41,0.1531,1.8608,0.9304,100.0,4,0.74,21
10353,61,2012,42,1.0479,1.4115,0.546,90.0,6,5.05,30
10353,62,2012,43,1.8541,2.452,0.8734,90.91,7,6.04,33
10353,63,2012,44,0.2764,2.4092,0.8582,87.1,7,1.05,31
10353,64,2012,45,0.7335,2.9978,0.7874,69.05,14,2.89,42
10353,65,2012,46,0.2896,2.7071,0.7825,93.88,11,0.9,49
10353,66,2012,47,397.7799,3.2037,0.8415,55.17,14,857.96,29
10353,67,2012,48,0.0004,0.0,0.0,100.0,1,0.74,29
10353,68,2012,49,0.1423,1.5166,0.9569,100.0,3,0.74,25
10353,70,2012,51,2.2747,1.585,1.0,0.0,3,839.66,3
10353,71,2012,52,0.6693,0.9183,0.9183,0.0,2,838.2,3
10353,73,2013,2,0.5386,1.2988,0.8194,0.0,3,2.88,8
10353,74,2013,3,0.1525,0.9183,0.9183,100.0,2,0.73,3
10353,75,2013,4,0.1325,0.7496,0.7496,100.0,2,0.73,14
10353,76,2013,5,0.1608,1.0,1.0,100.0,2,0.73,4
10353,77,2013,6,0.1584,0.994,0.994,100.0,2,0.73,11
10841,7,2011,40,0.0,0.0,0.0,100.0,1,0.46,2
10841,8,2011,41,1.7853,3.4499,0.7256,79.48,27,5.01,1082
10841,9,2011,42,0.3189,2.1757,0.6863,100.0,9,0.54,1605
10841,10,2011,43,0.2582,1.6881,0.5082,98.37,10,2.61,1779
10841,11,2011,44,0.4094,2.1102,0.5703,93.97,13,1.27,2207
10841,12,2011,45,0.2458,2.516,0.7018,100.0,12,0.72,2051
10841,13,2011,46,0.1617,0.861,0.4305,100.0,4,0.73,1489
10841,14,2011,47,1.0263,2.9153,0.6991,92.23,18,4.46,2226
10841,15,2011,48,0.3011,3.0311,0.8762,100.0,11,0.63,2103
10841,16,2011,49,0.1162,1.0361,0.6537,100.0,3,0.49,440
10841,17,2011,50,951.973,2.4342,0.6393,82.18,14,2904.68,3104
10841,18,2011,51,8.643,2.4928,0.7864,0.0,9,2896.53,912
10841,19,2011,52,7.6562,2.5301,0.6476,0.0,15,2921.42,1334
10841,20,2012,1,5.3255,2.1098,0.506,0.0,18,2906.02,2543
10841,21,2012,2,259.7497,2.0973,0.4853,0.0,20,2908.39,1908
10841,22,2012,3,20.513,2.2013,0.5182,94.48,19,141.38,1940
10841,23,2012,4,0.2726,3.0717,0.7679,98.51,16,0.89,1279
10841,24,2012,5,0.3499,2.0356,0.6422,98.15,9,0.9,1137
10841,25,2012,6,0.2509,1.7036,0.5374,100.0,9,0.63,358
10841,39,2012,20,0.3096,2.1285,0.7582,100.0,7,0.73,34
10841,43,2012,24,502.6165,6.572,0.9344,0.0,131,3106.62,199
10841,45,2012,26,1.7857,3.3626,0.7241,85.26,25,5.71,156
10841,46,2012,27,0.3251,2.5663,0.6154,100.0,18,0.74,141
10841,47,2012,28,11.8618,4.0168,0.7449,79.29,42,49.72,198
10841,48,2012,29,0.5691,3.0733,0.6794,93.89,23,3.31,131
10841,49,2012,30,0.3996,2.8885,0.7393,97.18,15,2.43,71
10841,50,2012,31,1.0241,2.9572,0.7991,80.19,13,3.21,106
10841,51,2012,32,2.6418,3.599,0.9212,55.77,15,8.79,52
10841,52,2012,33,1.8755,1.9291,0.6871,72.55,7,4.95,51
10841,53,2012,34,0.8599,3.3909,0.7604,97.09,22,5.07,103
10841,54,2012,35,0.3213,2.8316,0.6447,99.19,21,0.88,123
10841,55,2012,36,0.3215,2.5469,0.6519,100.0,15,0.75,106
10841,56,2012,37,0.3133,2.605,0.6842,100.0,14,0.85,99
10841,57,2012,38,0.317,2.2113,0.6976,100.0,9,0.55,29
10841,58,2012,39,0.3072,2.2359,0.963,100.0,5,0.5,7
10841,59,2012,40,0.2868,2.1743,0.7745,100.0,7,0.53,35
10841,60,2012,41,0.3265,2.5269,0.7304,100.0,11,0.54,49
10841,61,2012,42,0.1562,1.5058,0.6485,100.0,5,0.44,40
10841,62,2012,43,539.5272,4.0927,0.7916,98.91,36,8947.02,274
10841,63,2012,44,0.337,3.3448,0.6885,96.82,29,1.03,220
10841,64,2012,45,0.3267,3.5285,0.7598,100.0,25,1.01,166
10841,65,2012,46,618.1654,4.1882,0.8621,16.0,29,1396.54,100
10841,66,2012,47,0.5734,2.4273,0.7657,97.44,9,3.58,39
10841,67,2012,48,0.3323,1.9183,0.9591,100.0,4,0.47,6
10841,68,2012,49,0.2808,1.371,0.865,100.0,3,0.75,5
10841,69,2012,50,0.3103,2.3219,0.8982,100.0,6,0.45,10
10841,70,2012,51,0.0,0.0,0.0,0.0,1,2894.84,2
10841,71,2012,52,0.2287,1.2389,0.7817,0.0,3,2895.17,13
10841,72,2013,1,18.9414,2.4672,0.7783,0.0,9,2934.18,41
10841,73,2013,2,543.9353,2.8705,0.6884,2.13,18,2429.65,141
10841,74,2013,3,0.2691,3.0133,0.7226,100.0,18,0.74,167
10841,75,2013,4,623.3739,3.0275,0.6789,98.05,22,8947.02,205
10841,76,2013,5,0.307,3.0521,0.7062,100.0,20,0.74,172
10841,77,2013,6,0.2363,1.9717,0.5699,100.0,11,0.61,159
10841,78,2013,7,0.2816,3.1668,0.7455,100.0,19,0.61,152
10841,79,2013,8,28.6358,2.5538,0.6707,99.09,14,301.4,110
10841,80,2013,9,0.2745,2.4264,0.7304,100.0,10,0.49,59
10841,81,2013,10,0.3033,3.0699,0.7858,100.0,15,0.61,172
10841,82,2013,11,0.154,1.253,0.3953,100.0,9,0.47,94
10841,83,2013,12,0.3232,3.019,0.7727,100.0,15,1.2,156
10841,98,2013,27,0.4032,1.2533,0.7907,0.0,3,321.01,34
10841,99,2013,28,4.7397,1.8677,0.8044,0.0,5,321.01,105
10841,100,2013,29,5.231,2.0652,0.6515,0.0,9,321.96,141
10841,101,2013,30,4.5994,2.1911,0.5361,0.0,17,323.94,188
10841,102,2013,31,5.7807,1.5212,0.4799,0.0,9,321.01,195
10841,103,2013,32,477.448,2.588,0.647,0.0,16,2895.36,238
10841,104,2013,33,0.9682,1.5527,0.6007,0.0,6,2898.98,188
10841,105,2013,34,1219.6925,0.7755,0.7755,22.86,2,2894.83,35
10841,106,2013,35,0.7915,4.3368,0.7808,77.32,47,3.14,313
10841,107,2013,36,0.5467,4.4898,0.7697,86.0,57,1.55,493
10841,108,2013,37,0.6937,4.5142,0.822,80.96,45,1.79,394
10841,109,2013,38,1.8426,4.3957,0.8101,70.29,43,5.18,138
10841,110,2013,39,0.6837,5.0801,0.8787,75.52,55,1.77,286
10841,111,2013,40,0.4834,3.791,0.7726,93.64,30,1.27,173
10841,112,2013,41,0.8826,4.6304,0.7871,72.79,59,3.02,283
10841,113,2013,42,0.5321,3.0884,0.727,90.41,19,1.27,73
10841,114,2013,43,1.0162,4.4435,0.7523,84.71,60,6.04,399
10841,115,2013,44,99.9073,5.6247,0.8643,48.33,91,215.92,240
10841,116,2013,45,0.3675,3.5695,0.8403,96.49,19,1.1,57
10841,117,2013,46,0.1923,1.2933,0.6466,100.0,4,0.45,56
10841,119,2013,48,0.613,3.3015,0.7772,95.35,19,4.01,86
10841,120,2013,49,0.5117,3.6649,0.8627,88.89,19,1.27,63
10841,121,2013,50,0.4443,3.5636,0.7581,94.74,26,1.51,114
10841,122,2013,51,1229.2339,4.6836,0.8432,62.3,47,2934.19,122
10841,123,2013,52,4.8797,4.4644,0.7441,0.0,64,2902.91,171
10841,124,2014,1,6.5027,1.9591,0.4698,0.0,18,2904.72,79
10841,125,2014,2,273.6954,4.1275,0.7607,0.9,43,2906.66,111
10841,126,2014,3,0.6041,3.8163,0.7565,86.58,33,1.7,149
10841,127,2014,4,0.3253,2.4423,0.8141,93.1,8,0.87,29
10841,128,2014,5,0.281,3.0699,0.7103,98.97,20,1.28,97
10841,129,2014,6,0.5116,3.8534,0.7932,92.86,29,1.68,140
10841,130,2014,7,0.3466,2.9347,0.8834,100.0,10,0.91,34
10841,133,2014,10,783.0341,3.4584,0.7273,89.68,27,2894.83,126
10841,136,2014,13,0.9452,5.0835,0.8161,78.79,75,3.82,231
10841,137,2014,14,0.5458,3.5114,0.6691,96.05,38,4.6,380
10841,138,2014,15,0.9272,4.3069,0.7384,95.12,57,4.63,533
10841,139,2014,16,0.29,3.6342,0.7085,100.0,35,0.75,487
10841,140,2014,17,0.3214,3.2639,0.5698,99.31,53,1.74,1589
10841,141,2014,18,0.2835,3.4413,0.7084,99.79,29,1.04,481
10841,142,2014,19,14.8518,3.2152,0.5889,97.26,44,116.54,656
10841,143,2014,20,0.2962,3.3076,0.6303,98.61,38,1.22,575
10841,144,2014,21,241.8066,3.966,0.5957,0.0,101,1263.08,632
10841,145,2014,22,4.1703,3.173,0.4977,0.0,83,1262.41,703
10841,146,2014,23,4.6106,3.0727,0.5065,0.0,67,1262.41,606
10841,147,2014,24,3.4243,1.6446,0.3744,0.0,21,1261.8,280
10841,160,2014,37,0.0,0.0,0.0,100.0,1,0.43,1
10841,174,2014,51,0.0026,0.0,0.0,100.0,1,0.43,2
10841,180,2015,5,0.0,0.0,0.0,100.0,1,0.43,1
10841,184,2015,9,0.0,0.0,0.0,100.0,1,0.43,1
10841,192,2015,17,0.0008,0.0,0.0,100.0,1,0.46,3
11023,8,2011,41,395.893,1.6252,0.5789,86.77,7,2891.5,786
11023,9,2011,42,1410.9176,2.7334,0.7387,23.91,13,2900.11,1761
11023,10,2011,43,1.4979,1.5958,0.6873,86.4,5,4.58,1867
11023,11,2011,44,0.4739,1.9603,0.6184,99.4,9,4.47,1669
11023,12,2011,45,0.169,0.7662,0.3831,100.0,4,0.59,1649
11023,13,2011,46,0.287,1.558,0.5193,100.0,8,0.67,1880
11023,14,2011,47,76.6492,2.259,0.6301,31.66,12,172.71,2296
11023,15,2011,48,0.5013,1.4581,0.486,99.33,8,5.72,1927
11023,16,2011,49,0.1826,1.1996,0.3611,100.0,10,0.76,2040
11023,17,2011,50,0.0671,0.4676,0.295,100.0,3,0.45,167
11023,19,2011,52,1362.9288,2.5736,0.7439,0.0,11,2893.35,1789
11023,20,2012,1,0.0472,0.6347,0.3173,0.0,4,2892.32,1057
11023,21,2012,2,0.2467,1.1388,0.5694,0.0,4,2892.58,430
11023,22,2012,3,0.1599,1.7232,0.5187,100.0,10,0.74,470
11023,23,2012,4,0.2439,1.92,0.7428,100.0,6,0.41,117
11023,24,2012,5,0.0211,1.0339,0.6523,100.0,3,0.26,601
11023,25,2012,6,0.2303,1.3886,0.5372,100.0,6,0.73,921
11023,26,2012,7,0.2337,1.3735,0.5313,100.0,6,0.62,1078
11023,27,2012,8,0.1787,1.3234,0.4175,100.0,9,0.73,1929
11023,28,2012,9,0.2115,1.9812,0.7664,100.0,6,0.57,1131
11023,29,2012,10,1261.9734,2.5696,0.5946,68.94,20,2891.79,1581
11023,30,2012,11,826.6061,2.4902,0.7496,5.6,10,2892.28,1356
11023,31,2012,12,0.2942,2.4016,0.723,100.0,10,0.74,1214
11023,32,2012,13,0.9249,2.5531,0.6246,95.2,17,4.33,2124
11023,33,2012,14,0.1905,2.0202,0.5459,100.0,13,0.75,1959
11023,34,2012,15,1.7872,1.978,0.5517,82.21,12,4.42,1518
11023,35,2012,16,0.4041,2.5438,0.8025,91.78,9,1.52,1789
11023,36,2012,17,1.5153,1.64,0.4575,85.66,12,4.71,1994
11023,37,2012,18,0.1989,1.6448,0.5483,100.0,8,0.63,927
11023,38,2012,19,1109.5524,5.1013,0.8906,41.94,53,2901.49,93
11023,39,2012,20,9.6515,3.9381,0.8589,0.0,24,2907.05,38
11023,40,2012,21,3.8891,1.7585,0.5083,0.0,11,2891.94,45
11023,41,2012,22,6.3521,3.5017,0.8102,0.0,20,2892.89,43
11023,42,2012,23,8.4247,3.3359,0.8539,0.0,15,2891.92,29
11023,43,2012,24,777.6826,4.3618,0.9513,0.0,24,2965.01,31
11023,45,2012,26,11.6493,3.1769,0.8344,0.0,14,2899.37,28
11023,46,2012,27,5.8997,3.0297,0.7957,0.0,14,2891.84,28
11023,47,2012,28,4.2739,2.671,0.8426,0.0,9,2892.05,20
11023,48,2012,29,9.9478,4.8938,0.8964,0.0,44,2907.03,81
11023,49,2012,30,33.86,5.4492,0.9225,0.0,60,2929.6,97
11023,50,2012,31,8.1912,4.0552,0.7971,0.0,34,2905.59,83
11023,51,2012,32,0.3978,0.9183,0.9183,0.0,2,2891.76,3
11023,53,2012,34,0.3822,2.4165,0.8608,93.75,7,0.95,32
11023,54,2012,35,0.3319,2.5369,0.7637,100.0,10,0.75,94
11023,55,2012,36,0.4125,2.7633,0.7468,99.06,13,1.4,106
11023,56,2012,37,0.0,0.0,0.0,100.0,1,0.26,1
11023,57,2012,38,0.3602,2.5555,0.6712,97.27,14,1.16,110
11023,58,2012,39,0.4238,2.5247,0.76,96.0,10,1.68,50
11023,59,2012,40,0.0018,0.0,0.0,100.0,1,0.54,5
11023,60,2012,41,0.4971,2.9102,0.8118,100.0,12,1.0,46
11023,62,2012,43,2.7136,3.1182,0.7629,92.39,17,14.11,197
11023,63,2012,44,0.3057,2.9953,0.7183,100.0,18,0.72,249
11023,64,2012,45,0.3567,2.2623,0.681,100.0,10,0.75,108
11023,65,2012,46,0.2987,2.177,0.5443,100.0,16,0.79,245
11023,66,2012,47,0.212,0.7219,0.7219,100.0,2,0.32,10
11023,67,2012,48,0.2921,2.3036,0.6659,100.0,11,0.71,143
11023,68,2012,49,0.0022,0.0,0.0,100.0,1,0.27,6
11023,69,2012,50,0.3372,2.3071,0.6669,100.0,11,0.75,141
11023,73,2013,2,0.1923,0.7219,0.7219,100.0,2,0.72,5
11023,74,2013,3,35.6686,3.3742,0.7682,89.94,21,160.88,169
11023,75,2013,4,4.7816,2.2136,0.5122,99.64,20,80.36,281
11023,76,2013,5,0.2888,2.3377,0.6317,100.0,13,0.74,114
11023,77,2013,6,0.7539,2.5358,0.733,98.04,11,5.01,102
11023,78,2013,7,0.3141,2.6681,0.8417,100.0,9,0.74,126
11023,79,2013,8,0.3189,2.1556,0.6489,100.0,10,0.83,182
11023,80,2013,9,0.3264,2.6784,0.8063,100.0,10,0.74,110
11023,81,2013,10,0.3165,2.6137,0.7868,100.0,10,0.74,194
11023,82,2013,11,9.0941,0.9183,0.9183,66.67,2,19.06,3
11023,83,2013,12,6.5855,2.6154,0.756,85.28,11,19.08,163
11023,84,2013,13,5.511,2.4224,0.6546,99.53,13,80.39,211
11023,85,2013,14,0.8884,2.3884,0.6904,85.86,11,4.97,99
11023,86,2013,15,0.2617,1.8017,0.5208,100.0,11,0.72,270
11023,87,2013,16,0.3571,2.4448,0.6112,96.99,16,1.33,266
11023,88,2013,17,0.2872,2.6273,0.6428,99.7,17,1.34,332
11023,89,2013,18,0.5244,2.6634,0.743,98.57,12,4.2,140
11023,90,2013,19,0.2492,2.1836,0.7778,100.0,7,0.74,175
11360,8,2011,41,445.4521,3.6187,0.8239,84.52,21,2093.18,1305
11360,9,2011,42,781.7995,2.3335,0.5159,0.0,23,2108.16,1973
11360,10,2011,43,1.1632,2.9412,0.7528,84.82,15,5.75,2056
11360,11,2011,44,0.2901,2.4929,0.7206,100.0,11,0.66,1526
11360,12,2011,45,0.3016,2.8159,0.5582,96.12,33,1.5,2450
11360,13,2011,46,0.212,1.8829,0.4819,99.96,15,1.22,2341
11360,14,2011,47,1.1925,3.4472,0.773,93.19,22,5.55,2292
11360,15,2011,48,0.3108,3.2096,0.7697,100.0,18,0.74,2179
11360,16,2011,49,0.581,3.5179,0.7484,88.33,26,1.74,1799
11360,17,2011,50,698.5565,2.9457,0.7207,83.79,17,2098.11,2067
11360,18,2011,51,3.4854,0.469,0.469,0.0,2,2109.07,740
11360,19,2011,52,0.0067,0.0,0.0,0.0,1,2270.91,95
11360,20,2012,1,10.3862,2.965,0.6555,0.0,23,2108.2,1294
11360,21,2012,2,317.4567,3.0616,0.6513,0.0,26,2110.94,1030
11360,22,2012,3,29.3496,1.9216,0.5785,64.42,10,141.54,2091
11360,23,2012,4,0.2982,1.8424,0.7128,100.0,6,0.74,1949
11360,24,2012,5,0.5038,2.3407,0.6529,88.19,12,2.85,2091
11360,25,2012,6,1.1956,2.6178,0.67,89.71,15,4.18,1681
11360,26,2012,7,0.6394,2.733,0.7623,97.65,12,4.18,2039
11360,27,2012,8,0.2707,2.536,0.7331,100.0,11,0.74,2220
11360,28,2012,9,0.2647,1.5807,0.6115,98.78,6,1.47,1555
11360,29,2012,10,888.647,2.434,0.867,76.58,7,2099.73,1691
11360,30,2012,11,523.9838,2.3486,0.7409,6.69,9,2108.05,1136
11360,31,2012,12,1.4773,1.8243,0.6498,91.53,7,6.42,1959
11360,32,2012,13,0.262,1.3039,0.8227,100.0,3,0.75,1601
11360,33,2012,14,0.2392,1.4752,0.9307,100.0,3,0.75,1895
11360,34,2012,15,0.3173,1.3624,0.5868,96.97,5,1.12,1717
11360,35,2012,16,0.2631,1.2818,0.6409,100.0,4,0.73,1273
11360,36,2012,17,0.4874,1.8984,0.8176,100.0,5,0.74,2078
11360,37,2012,18,0.5844,0.8857,0.3155,98.78,7,5.26,737
11360,38,2012,19,752.4758,3.9235,0.792,67.26,31,2099.08,113
11360,39,2012,20,5.7498,3.7566,0.8424,0.0,22,2103.99,88
11360,40,2012,21,1011.5687,3.3931,0.917,0.0,13,2098.0,23
11360,45,2012,26,1690.8313,2.9312,0.9247,0.0,9,2437.96,13
11360,46,2012,27,7.5505,2.6958,0.8504,0.0,9,2108.18,23
11360,47,2012,28,6.9498,2.9565,0.6218,0.0,27,2108.19,185
11360,48,2012,29,44.0239,3.7896,0.7449,0.0,34,2109.44,129
11360,49,2012,30,17.5598,3.4341,0.6695,0.0,35,2109.42,165
11360,50,2012,31,5.2113,3.2044,0.6596,0.0,29,2108.22,249
11360,51,2012,32,5.1771,3.4298,0.7213,0.0,27,2109.32,144
11360,52,2012,33,4.6874,3.0363,0.6712,0.0,23,2109.36,108
11360,53,2012,34,35.9003,2.6578,0.6803,78.48,15,141.85,79
11360,54,2012,35,0.4563,2.2012,0.6944,98.91,9,2.25,92
11360,55,2012,36,0.802,2.1746,0.5877,87.69,13,3.36,65
11360,56,2012,37,0.437,2.3886,0.7535,89.74,9,1.49,39
11360,57,2012,38,0.9623,2.1126,0.7525,94.59,7,5.16,37
11360,58,2012,39,1.9586,2.6967,0.7795,71.01,11,9.03,69
11360,59,2012,40,24.3093,2.3343,0.516,92.34,23,115.99,235
11360,60,2012,41,575.816,2.8077,0.6207,89.06,23,2108.66,256
11360,61,2012,42,1031.7974,4.2986,0.7086,49.53,67,2100.4,426
11360,62,2012,43,1.0408,2.5667,0.6741,96.12,14,5.18,258
11360,63,2012,44,0.1913,2.0756,0.6248,100.0,10,1.0,366
11360,64,2012,45,0.2925,2.0782,0.5319,96.46,15,1.51,395
11360,65,2012,46,0.2076,1.7283,0.4996,99.63,11,1.48,271
11360,66,2012,47,0.1691,1.6508,0.711,100.0,5,0.74,285
11360,67,2012,48,0.6704,2.4026,0.6493,94.91,13,3.23,275
11360,68,2012,49,0.4837,1.9396,0.4745,97.62,17,5.96,420
11360,69,2012,50,793.8563,4.0112,0.6847,67.45,58,2108.91,255
11360,70,2012,51,4.2886,2.9235,0.5958,0.0,30,2108.63,274
11360,71,2012,52,514.5773,4.9562,0.817,0.0,67,2943.52,146
11360,72,2013,1,509.4061,5.333,0.7959,0.0,104,2920.57,436
11360,73,2013,2,3.9178,3.5974,0.7261,0.0,31,2104.54,197
11360,74,2013,3,588.627,2.8411,0.5585,81.73,34,2099.3,312
11360,75,2013,4,0.2381,2.3209,0.6709,99.72,11,1.49,362
11360,76,2013,5,0.2214,1.7907,0.5969,100.0,8,0.81,179
11360,118,2013,47,0.0,0.0,0.0,100.0,1,0.41,4
11360,135,2014,12,0.0634,1.5,0.9464,100.0,3,0.5,4
11360,143,2014,20,5.0802,3.1085,0.9357,0.0,10,2100.89,16
11360,144,2014,21,8.53,5.5237,0.9012,0.0,70,2111.21,142
11360,145,2014,22,8.7174,4.5034,0.9178,0.0,30,2110.92,48
11360,146,2014,23,0.0,0.0,0.0,0.0,1,2093.67,11
11360,147,2014,24,9.0389,3.0918,0.8355,0.0,13,2110.92,39
11360,148,2014,25,9.3797,3.4988,0.8236,0.0,19,2110.93,77
11360,149,2014,26,9.239,3.368,0.9395,0.0,12,2110.92,21
11360,150,2014,27,9.6999,3.1307,0.9424,0.0,10,2110.9,17
11360,151,2014,28,90.7741,4.1283,0.889,0.0,25,2110.92,81
11360,152,2014,29,59.8665,3.3889,0.8674,0.0,15,2110.92,35
11360,153,2014,30,10.31,3.5194,0.9244,0.0,14,2110.93,49
11360,155,2014,32,9.5378,2.2359,0.963,0.0,5,2110.91,7
11360,156,2014,33,0.5796,1.0,1.0,0.0,2,2094.01,2
11360,157,2014,34,8.6296,3.7201,0.9101,0.0,17,2110.89,75
11360,158,2014,35,11.0441,4.17,0.8498,0.0,30,2113.19,161
11360,159,2014,36,8.795,3.8493,0.9062,0.0,19,2110.96,49
11360,160,2014,37,3.3538,1.585,1.0,0.0,3,2098.08,3
11692,7,2011,40,0.4048,1.2625,0.3232,92.82,15,2.78,1965
11692,8,2011,41,387.6824,3.4619,0.5935,59.56,57,1038.77,2794
11692,9,2011,42,423.9993,3.326,0.6092,21.41,44,1043.54,2153
11692,10,2011,43,0.7201,2.0518,0.6177,46.99,10,1.66,2705
11692,11,2011,44,11.8971,2.6892,0.6331,58.63,19,33.72,2079
11692,12,2011,45,0.2209,1.6587,0.6417,96.93,6,1.5,3028
11692,13,2011,46,0.2993,1.8193,0.6064,97.5,8,1.48,1561
11692,21,2012,2,130.9518,2.5881,0.7791,0.0,10,983.58,78
11692,37,2012,18,0.2136,2.6282,0.7912,100.0,10,0.74,47
11692,38,2012,19,352.728,3.8718,0.7227,79.03,41,1041.55,267
11692,39,2012,20,5.8552,2.3419,0.5043,0.0,25,1042.79,234
11692,40,2012,21,5.7786,2.1568,0.499,0.0,20,1042.51,270
11692,41,2012,22,9.5143,2.4509,0.4995,0.0,30,1042.77,249
11692,42,2012,23,5.3442,2.3102,0.5345,0.0,20,1041.59,192
11692,43,2012,24,3.3921,1.7904,0.4583,0.0,15,1042.03,234
11692,44,2012,25,3.5224,1.9501,0.544,0.0,12,1041.54,181
11692,45,2012,26,3.5281,2.6947,0.6235,0.0,20,1042.76,210
11692,46,2012,27,3.924,2.0876,0.6034,0.0,11,1041.54,168
11692,47,2012,28,4.4445,2.3705,0.5043,0.0,26,1043.77,253
11692,48,2012,29,5.1512,2.5524,0.5254,0.0,29,1041.98,149
11692,49,2012,30,3.71,2.2108,0.4958,0.0,22,1041.98,219
11692,50,2012,31,3.5349,2.0892,0.4499,0.0,25,1044.33,467
11692,51,2012,32,5.4141,2.2051,0.4451,0.0,31,1043.53,363
11692,52,2012,33,319.7868,2.6832,0.519,2.49,36,1042.55,241
11692,53,2012,34,751.3375,3.6069,0.6924,82.21,37,10721.05,416
11692,54,2012,35,0.7634,3.6211,0.7309,83.39,31,5.05,277
11692,55,2012,36,0.753,3.5198,0.6757,96.41,37,9.45,390
11692,56,2012,37,6.1489,3.7226,0.7829,85.42,27,80.68,343
11692,57,2012,38,0.7957,3.8622,0.7724,74.75,32,3.14,202
11692,58,2012,39,1.2737,4.1001,0.7653,88.85,41,6.63,305
11692,59,2012,40,40.4245,4.5872,0.7196,64.73,83,117.09,431
11692,60,2012,41,1430.7319,5.8581,0.8424,35.74,124,2910.35,305
11692,61,2012,42,320.7449,5.9451,0.8052,0.0,167,2965.02,476
11692,62,2012,43,525.4638,3.8539,0.7102,53.99,43,8744.54,276
11692,63,2012,44,1.1157,3.8383,0.7677,72.22,32,5.74,216
11692,64,2012,45,0.9392,4.262,0.7186,78.52,61,5.18,461
11692,65,2012,46,202.5542,4.8206,0.7716,63.34,76,1254.42,491
11692,66,2012,47,1025.0879,5.1544,0.792,13.76,91,2932.76,298
11692,67,2012,48,18.0693,4.6145,0.7431,60.4,74,123.61,500
11692,68,2012,49,2.2488,4.46,0.768,72.95,56,18.73,366
11692,69,2012,50,1377.825,4.9596,0.7738,26.54,85,2898.13,373
11692,70,2012,51,1977.6491,5.8555,0.8027,0.0,157,2900.82,556
11692,71,2012,52,1549.9177,6.2782,0.8628,0.0,155,2935.21,422
11692,72,2013,1,12.4109,3.3113,0.8697,0.0,14,1857.4,32
11692,73,2013,2,8.136,5.5966,0.7945,0.0,132,1858.11,471
11692,74,2013,3,13.2511,4.1226,0.7038,41.52,58,108.87,554
11692,75,2013,4,1.1326,3.789,0.694,55.16,44,5.03,426
11692,76,2013,5,0.8508,3.2861,0.6356,47.45,36,4.38,510
11692,77,2013,6,1.1687,4.1329,0.7323,49.33,50,5.07,525
11692,78,2013,7,465.9653,4.8427,0.7556,30.81,85,1040.61,409
11692,79,2013,8,401.2607,4.7226,0.7813,40.74,66,1048.19,378
11692,80,2013,9,1.2148,3.6984,0.721,59.18,35,6.37,490
11692,81,2013,10,54.1045,4.5001,0.7618,47.4,60,141.06,365
11692,82,2013,11,0.2245,0.8113,0.8113,0.0,2,2899.68,4
11692,83,2013,12,11.3946,3.9958,0.7319,50.54,44,140.87,459
11692,84,2013,13,43.6884,4.5502,0.7424,42.25,70,118.46,426
11692,85,2013,14,19.1133,5.0002,0.8365,37.62,63,117.11,319
11692,86,2013,15,1.4531,3.9794,0.7289,32.79,44,6.84,494
11692,87,2013,16,1.4603,3.8025,0.809,55.77,26,6.36,312
11692,88,2013,17,1.2374,3.6535,0.6912,73.82,39,6.81,466
11692,89,2013,18,1.1062,3.561,0.6604,71.94,42,6.76,506
11692,90,2013,19,335.5309,4.5779,0.689,52.05,100,1039.82,561
11692,91,2013,20,5.8028,4.1916,0.7318,0.0,53,1069.5,254
11692,93,2013,22,886.109,5.3676,0.8353,0.0,86,2897.29,346
11692,94,2013,23,21.0186,5.1381,0.7562,0.0,111,2911.78,557
11692,95,2013,24,28.5486,5.6717,0.7746,0.0,160,2900.9,711
11692,96,2013,25,11.9221,4.6156,0.7201,0.0,85,2897.51,468
11692,97,2013,26,19.1308,5.5862,0.741,0.0,186,2908.74,903
11692,98,2013,27,20.9804,5.291,0.7634,0.0,122,2911.47,614
11692,99,2013,28,38.7068,5.3166,0.7479,0.0,138,2932.96,657
11692,100,2013,29,12.1415,4.7483,0.7131,0.0,101,2893.2,621
11692,101,2013,30,11.7613,4.6312,0.7134,0.0,90,2893.83,642
11692,102,2013,31,13.8292,4.6285,0.6812,0.0,111,2910.73,613
11692,103,2013,32,95.2704,4.6926,0.711,0.0,97,2908.72,656
11692,104,2013,33,398.3964,5.3175,0.7904,0.0,106,2902.33,452
11692,105,2013,34,623.9831,4.5696,0.682,2.04,104,2897.97,587
11692,108,2013,37,0.9011,3.3714,0.694,38.89,29,4.55,234
11692,109,2013,38,1.0739,3.7531,0.696,53.67,42,6.81,218
11692,110,2013,39,0.9879,4.4479,0.7694,48.29,55,5.2,234
11692,111,2013,40,0.7832,3.448,0.7098,48.54,29,2.73,171
11692,112,2013,41,0.7328,3.2566,0.7013,36.71,25,2.9,158
11692,113,2013,42,60.8611,4.1719,0.7063,34.67,60,529.64,300
11692,114,2013,43,3.087,3.2603,0.7544,0.0,20,1043.46,85
11692,138,2014,15,0.0,0.0,0.0,0.0,1,1.66,2
13116,7,2011,40,0.3199,2.8082,0.8118,100.0,11,0.76,1635
13116,8,2011,41,55.135,3.2937,0.7899,69.01,18,135.57,2104
13116,9,2011,42,56.9543,2.1195,0.7065,5.81,8,136.22,2288
13116,10,2011,43,0.1164,0.9777,0.4888,24.0,4,0.91,2167
13116,11,2011,44,0.0658,0.5734,0.5734,86.41,2,0.91,1516
13116,12,2011,45,0.0019,0.0,0.0,100.0,1,0.74,361
13116,13,2011,46,0.0004,0.0,0.0,100.0,1,0.74,834
13116,15,2011,48,0.0,0.0,0.0,100.0,1,0.74,1520
13116,16,2011,49,0.0009,0.0,0.0,100.0,1,0.74,1414
13116,17,2011,50,0.088,1.4643,0.9239,100.0,3,0.73,1075
13116,18,2011,51,0.7878,0.0305,0.0305,0.0,2,1547.2,639
13116,19,2011,52,22.1648,2.3071,0.5905,0.0,15,151.18,264
13116,20,2012,1,0.0698,0.971,0.971,0.0,2,153.64,115
13116,22,2012,3,0.0,0.0,0.0,100.0,1,0.23,1
13116,33,2012,14,0.0,0.0,0.0,100.0,1,0.49,2
13799,7,2011,40,0.7169,2.379,0.56,97.55,19,5.16,1512
13799,8,2011,41,132.5143,1.9495,0.477,83.21,17,666.11,2614
13799,9,2011,42,348.433,3.5816,0.6346,33.17,50,825.36,2068
13799,10,2011,43,0.4524,1.7998,0.3633,96.51,31,3.09,2664
13799,11,2011,44,240.7307,2.9148,0.6201,74.38,26,678.88,2764
13799,12,2011,45,0.2941,1.8812,0.5935,99.23,9,3.16,2075
13799,13,2011,46,0.2222,1.9474,0.8387,100.0,5,0.77,2449
13799,14,2011,47,358.2946,3.5568,0.7114,32.66,32,769.31,2186
13799,15,2011,48,0.2896,1.5841,0.6128,99.95,6,1.52,2146
13799,16,2011,49,0.2146,1.9704,0.6568,100.0,8,0.77,2552
13799,17,2011,50,351.8964,2.4921,0.5867,48.97,19,757.39,1015
13799,18,2011,51,54.5467,2.664,0.5429,0.0,30,818.23,2027
13799,19,2011,52,10.6861,0.8775,0.1771,0.0,31,789.39,1378
13799,20,2012,1,61.6425,1.9322,0.4471,0.0,20,818.22,1928
13799,21,2012,2,56.7484,0.6157,0.1717,0.0,12,752.93,2106
13799,22,2012,3,297.8548,2.3745,0.559,76.07,19,842.06,1759
13799,23,2012,4,302.5124,2.3117,0.6682,84.46,11,840.76,1930
13799,24,2012,5,0.5333,1.8437,0.4842,95.4,14,1.94,1044
13799,25,2012,6,0.9059,2.1251,0.5743,96.54,13,4.34,2512
13799,26,2012,7,0.2725,1.8645,0.5882,100.0,9,0.78,1334
13799,27,2012,8,0.4399,2.563,0.6146,98.54,18,4.13,2128
13799,28,2012,9,0.2512,2.2808,0.7603,100.0,8,0.73,2191
13799,29,2012,10,499.856,2.7392,0.6569,80.28,18,1569.18,1405
13799,30,2012,11,704.647,2.0661,0.4704,64.11,21,1569.18,1627
13799,31,2012,12,0.1362,1.0649,0.3206,100.0,10,0.74,2101
13799,32,2012,13,0.1332,0.5386,0.2693,100.0,4,0.71,1713
13799,33,2012,14,333.541,2.8587,0.6082,25.22,26,761.77,1586
13799,34,2012,15,278.3033,1.87,0.4485,82.33,18,765.11,2456
13799,35,2012,16,0.2059,1.4557,0.4852,100.0,8,0.79,2422
13799,36,2012,17,0.2531,1.706,0.5136,100.0,10,0.74,2714
13799,37,2012,18,0.2336,1.6113,0.5083,100.0,9,0.74,1909
13799,38,2012,19,185.5285,4.169,0.7548,60.48,46,633.99,124
13799,39,2012,20,19.7538,5.0749,0.8199,0.0,73,782.71,201
13799,40,2012,21,105.9391,5.2909,0.9634,0.0,45,823.64,64
13799,41,2012,22,2.3036,4.4185,0.9005,0.0,30,827.62,64
13799,42,2012,23,2.3763,3.7785,0.9244,0.0,17,827.72,39
13799,43,2012,24,1.5089,3.0062,0.9484,0.0,9,826.2,15
13799,44,2012,25,1.5427,2.9808,0.8315,0.0,12,826.88,22
13799,45,2012,26,27.4465,1.585,1.0,0.0,3,822.15,3
13799,46,2012,27,66.9117,4.0174,0.9146,0.0,21,855.9,46
13799,47,2012,28,3.3272,4.2113,0.9588,0.0,21,828.51,29
13799,48,2012,29,29.0795,4.3059,0.7796,0.0,46,828.47,129
13799,49,2012,30,18.2713,4.1649,0.7826,0.0,40,765.08,147
13799,50,2012,31,113.3254,5.1051,0.8329,0.0,70,1017.06,221
13799,51,2012,32,11.8463,4.1682,0.7682,0.0,43,772.62,114
13799,52,2012,33,185.0267,4.668,0.8895,0.0,38,757.39,85
13799,53,2012,34,1.3757,4.108,0.8372,88.66,30,5.48,97
13799,54,2012,35,0.6024,3.1965,0.782,94.44,17,2.99,72
13799,55,2012,36,0.8504,4.2338,0.8904,75.93,27,2.98,54
13799,56,2012,37,5.2222,4.5691,0.8528,80.0,41,53.21,125
13799,57,2012,38,0.6136,3.6734,0.8237,86.36,22,2.81,66
13799,58,2012,39,0.2022,2.2343,0.8643,100.0,6,0.73,25
13799,59,2012,40,1.2487,4.5042,0.7864,84.05,53,5.15,232
13799,60,2012,41,305.1115,3.8617,0.8935,79.63,20,765.09,54
13799,61,2012,42,372.2346,5.3988,0.8091,40.45,102,771.26,403
13799,62,2012,43,0.5101,3.9345,0.7251,95.36,43,2.96,323
13799,63,2012,44,0.4271,4.0395,0.7157,96.34,50,2.96,410
13799,64,2012,45,7.1182,3.9101,0.6358,90.04,71,62.3,532
13799,65,2012,46,0.8252,4.7249,0.7633,85.78,73,4.68,464
13799,66,2012,47,474.738,5.5232,0.8466,23.15,92,1038.18,216
13799,67,2012,48,0.6742,2.8269,0.6779,82.35,18,2.99,187
13799,68,2012,49,0.436,2.7616,0.6904,98.73,16,1.69,157
13799,69,2012,50,302.7716,5.5305,0.8478,42.64,92,757.16,197
13799,70,2012,51,10.9787,5.1841,0.7442,0.0,125,772.0,648
13799,71,2012,52,62.11,4.827,0.7531,0.0,85,822.73,312
13799,72,2013,1,94.9392,4.6536,0.7361,0.0,80,822.73,340
13799,73,2013,2,971.8506,5.809,0.8196,0.81,136,1838.93,492
13799,74,2013,3,34.4795,3.4092,0.6701,95.13,34,301.4,226
13799,75,2013,4,369.9609,5.6219,0.8306,47.99,109,842.13,273
13799,76,2013,5,0.9544,4.6403,0.7734,90.36,64,5.07,332
13799,77,2013,6,0.2549,2.2188,0.6189,100.0,12,0.74,98
13799,78,2013,7,74.6395,2.7813,0.804,31.43,11,170.21,35
13799,80,2013,9,0.3249,1.0583,0.5291,100.0,4,0.79,19
13799,81,2013,10,377.8747,1.761,0.7584,62.16,5,780.5,37
13799,82,2013,11,129.3469,3.7599,0.7454,0.0,33,771.22,153
13799,83,2013,12,0.7047,2.8596,0.7728,84.62,13,3.65,52
13799,84,2013,13,303.6919,5.1901,0.8556,20.43,67,771.37,186
13799,85,2013,14,16.7362,2.2266,0.6703,70.91,10,125.11,55
13799,87,2013,16,30.5738,3.3793,0.7955,26.05,19,63.31,119
13799,88,2013,17,1.3232,3.7437,0.6899,40.28,43,8.69,288
13799,89,2013,18,0.7649,3.2595,0.678,46.1,28,3.82,269
13799,90,2013,19,270.0701,4.7961,0.7523,34.44,83,814.72,302
13799,91,2013,20,89.4012,4.0535,0.7339,0.0,46,1043.95,149
13799,92,2013,21,10.8185,5.8916,0.8129,0.0,152,772.37,481
13799,93,2013,22,13.9303,5.6358,0.8118,0.0,123,788.21,372
13799,94,2013,23,39.5507,5.0724,0.7794,0.0,91,776.8,302
13799,95,2013,24,12.8313,5.3606,0.761,0.0,132,779.32,509
13799,96,2013,25,15.5421,3.0325,0.5522,0.0,45,768.05,234
13799,97,2013,26,35.2155,6.0775,0.828,0.0,162,787.78,475
13799,98,2013,27,23.3094,5.959,0.8472,0.0,131,773.11,335
13799,99,2013,28,65.4754,4.8299,0.8354,0.0,55,980.52,116
13799,100,2013,29,18.5233,5.1227,0.8303,0.0,72,839.22,296
13799,101,2013,30,14.0457,5.6493,0.866,0.0,92,778.72,275
13799,102,2013,31,64.5578,4.6697,0.7569,0.0,72,767.2,230
13799,103,2013,32,15.933,4.9291,0.8345,0.0,60,771.85,196
13799,104,2013,33,52.5603,5.2403,0.8337,0.0,78,818.29,237
13799,105,2013,34,339.6158,3.9191,0.7769,0.0,33,756.07,154
13799,106,2013,35,0.8974,3.8703,0.7607,50.45,34,3.65,220
13799,107,2013,36,0.7219,3.1424,0.6126,81.85,35,5.36,248
13799,108,2013,37,60.7754,4.5433,0.7895,23.57,54,123.95,297
13799,109,2013,38,0.8521,1.7342,0.4336,87.37,16,5.7,95
13799,110,2013,39,44.3398,4.7998,0.7306,37.85,95,117.24,391
13799,111,2013,40,1.8085,3.8,0.6919,42.71,45,5.82,192
13799,112,2013,41,1.9911,3.1362,0.6672,53.33,26,13.69,180
13799,113,2013,42,90.9952,4.5459,0.7975,48.04,52,377.49,179
13799,114,2013,43,330.0848,4.4471,0.685,0.52,90,765.03,381
13799,115,2013,44,1.6043,2.8004,0.6716,14.74,18,4.68,95
13882,7,2011,40,0.1998,1.8839,0.5671,100.0,10,0.76,706
13882,8,2011,41,186.1783,1.3998,0.3905,93.81,12,1613.33,582
13882,9,2011,42,55.7773,1.7021,0.3817,94.37,22,296.43,1438
13882,10,2011,43,0.2153,1.2059,0.363,99.89,10,0.91,909
13882,11,2011,44,51.1488,3.1307,0.7827,71.93,16,186.73,976
13882,12,2011,45,4.9069,2.1601,0.6503,96.74,10,27.48,859
13882,13,2011,46,0.0761,0.9829,0.4915,100.0,4,0.64,700
13882,14,2011,47,66.6718,1.737,0.672,76.65,6,159.16,1927
13882,15,2011,48,0.3127,2.1426,0.7632,100.0,7,0.74,979
13882,16,2011,49,61.2958,2.952,0.7753,88.94,14,315.37,1121
13882,17,2011,50,1144.1002,2.7888,0.6823,75.51,17,2985.84,1331
13882,18,2011,51,54.4328,2.8074,0.7186,0.0,15,2990.5,1666
13882,19,2011,52,1.6598,2.139,0.5475,0.0,15,2990.48,1822
13882,20,2012,1,1.4041,1.9193,0.6837,0.0,7,2988.55,1923
13882,21,2012,2,1.9112,1.182,0.3729,0.0,9,2989.77,1743
13882,22,2012,3,584.1631,2.5893,0.6209,86.59,18,3104.5,1626
13882,23,2012,4,0.3202,2.5874,0.7789,99.94,10,0.98,1718
13882,24,2012,5,0.8099,2.4096,0.6721,73.44,12,2.94,1589
13882,25,2012,6,0.4712,1.248,0.5375,97.77,5,0.98,1528
13882,26,2012,7,0.0682,0.2129,0.2129,100.0,2,0.74,1866
13882,27,2012,8,0.3554,1.6152,0.8076,100.0,4,0.74,1597
13882,28,2012,9,0.356,1.1078,0.4771,99.82,5,1.56,571
13882,29,2012,10,0.0997,0.0706,0.0445,100.0,3,0.73,1177
13882,30,2012,11,548.5224,2.7609,0.5945,53.11,25,1194.38,1783
13882,31,2012,12,5.599,0.7469,0.3734,94.74,4,24.84,989
13882,32,2012,13,0.4416,1.2534,0.6267,99.51,4,1.0,617
13882,33,2012,14,0.8305,1.944,0.648,81.82,8,2.84,1408
13882,34,2012,15,0.5984,1.7968,0.7738,91.09,5,1.23,1695
13882,35,2012,16,0.2446,1.4818,0.9349,100.0,3,0.74,639
13882,36,2012,17,0.0,0.0,0.0,100.0,1,0.74,292
13882,37,2012,18,0.2857,1.9622,0.699,100.0,7,0.74,48
13882,38,2012,19,1479.3424,3.3237,0.7567,59.31,21,3105.22,145
13882,39,2012,20,3.4824,2.2709,0.757,0.0,8,2995.67,82
13882,40,2012,21,25.211,3.0576,0.6584,0.0,25,2992.2,179
13882,41,2012,22,12.7717,2.4003,0.7572,0.0,9,2997.04,71
13882,42,2012,23,14.338,2.6352,0.6745,0.0,15,2997.04,156
13882,43,2012,24,3.4305,2.8748,0.7187,0.0,16,3009.78,123
13882,44,2012,25,2.667,3.6496,0.7592,0.0,28,2991.46,221
13882,45,2012,26,6.6686,3.4116,0.7894,0.0,20,2994.16,133
13882,46,2012,27,40.1392,4.1645,0.7773,0.0,41,2995.59,190
13882,47,2012,28,2.6291,3.4679,0.7895,0.0,21,2990.48,144
13882,48,2012,29,4.3738,4.1205,0.8482,0.0,29,2997.69,123
13882,49,2012,30,2.9165,3.4966,0.7126,0.0,30,2991.42,199
13882,50,2012,31,306.5159,4.6161,0.8561,0.0,42,3039.54,192
13882,51,2012,32,39.6346,3.9644,0.8646,0.0,24,3070.65,137
13882,52,2012,33,1196.8281,4.4301,0.7698,6.91,54,3025.73,275
13882,53,2012,34,0.2068,1.4538,0.5624,100.0,6,0.85,50
13882,54,2012,35,7.8893,2.8992,0.6501,93.18,22,104.97,176
13882,56,2012,37,427.2751,2.3111,0.668,92.21,11,1593.29,77
13882,57,2012,38,0.374,2.8039,0.686,90.28,17,1.39,144
13882,58,2012,39,814.0496,3.1783,0.6844,90.74,25,7325.56,162
13882,59,2012,40,0.3112,2.0818,0.5468,98.61,14,1.03,72
13882,60,2012,41,0.3762,2.2891,0.763,97.67,8,1.03,86
13882,61,2012,42,0.3357,2.52,0.6619,93.97,14,1.03,199
13882,62,2012,43,0.1542,1.1065,0.6981,100.0,3,0.74,58
13882,63,2012,44,0.6278,2.8304,0.7245,84.13,15,2.61,126
13882,64,2012,45,0.3547,2.305,0.8211,100.0,7,0.75,16
13882,65,2012,46,0.1916,1.3909,0.6954,96.0,4,1.12,25
13882,66,2012,47,0.2366,2.2352,0.6461,100.0,11,0.75,76
13882,67,2012,48,0.4212,2.1576,0.7192,100.0,8,0.74,46
13882,68,2012,49,0.142,1.4729,0.9293,100.0,3,0.71,25
13882,69,2012,50,1.2837,1.9878,0.7081,93.44,7,5.8,61
13882,70,2012,51,1.3123,1.8676,0.9338,0.0,4,2990.18,11
13882,71,2012,52,0.9266,1.6096,0.8048,0.0,4,2992.62,41
13882,72,2013,1,2.403,1.9855,0.7681,0.0,6,2989.61,94
13882,73,2013,2,2.4055,2.1218,0.7558,0.0,7,2988.53,35
13882,74,2013,3,1.8791,2.2994,0.7254,88.68,9,6.66,53
13882,75,2013,4,0.0779,1.3356,0.8427,100.0,3,0.73,32
13882,76,2013,5,0.6472,2.2809,0.7603,85.11,8,1.34,47
13882,77,2013,6,0.0942,1.6152,0.8076,100.0,4,0.73,31
13882,78,2013,7,0.0689,0.9957,0.9957,100.0,2,0.73,13
13882,79,2013,8,0.4202,1.9948,0.7717,93.75,6,1.33,80
13882,80,2013,9,0.1806,2.1952,0.782,100.0,7,0.74,40
13882,81,2013,10,0.3551,2.4792,0.7167,96.15,11,1.34,130
13882,82,2013,11,853.9972,3.7131,0.8741,25.0,19,1825.33,80
13882,83,2013,12,0.0624,0.896,0.896,100.0,2,0.74,16
13882,84,2013,13,0.3547,2.2156,0.618,91.67,12,1.32,72
13882,85,2013,14,0.6774,2.117,0.819,81.82,6,1.37,33
13882,86,2013,15,0.0016,0.0,0.0,100.0,1,0.57,3
13882,88,2013,17,0.195,1.0,1.0,100.0,2,0.62,8
13882,89,2013,18,0.3395,1.5726,0.9922,72.73,3,1.34,11
13882,90,2013,19,0.0027,0.0,0.0,100.0,1,0.63,3
13882,91,2013,20,0.5254,1.8332,0.9166,100.0,4,0.88,32
13882,92,2013,21,1.2943,1.9342,0.833,96.88,5,6.89,32
13882,93,2013,22,51.494,2.0433,0.88,86.21,5,168.83,29
13882,94,2013,23,9.8534,2.9473,0.7368,43.97,16,60.75,116
13882,95,2013,24,1.1172,2.6739,0.7023,18.64,14,2.94,118
13882,96,2013,25,1.0922,2.4693,0.779,29.49,9,1.83,78
13882,98,2013,27,0.9934,2.1348,0.8259,20.93,6,1.82,129
13882,99,2013,28,982.6265,3.5354,0.8478,30.23,18,2987.29,86
13882,100,2013,29,216.6567,2.7806,0.9269,0.0,8,3104.59,16
13882,120,2013,49,0.5697,0.7642,0.7642,0.0,2,2987.29,9
13882,121,2013,50,0.3021,0.9763,0.616,0.0,3,2987.29,36
13882,122,2013,51,0.5782,0.7476,0.3738,0.0,4,2989.78,39
13882,123,2013,52,0.0,0.0,0.0,0.0,1,2987.3,3
13882,124,2014,1,7.4357,1.4047,0.7023,0.0,4,2987.3,18
13882,125,2014,2,38.0378,2.0787,0.6558,0.0,9,2997.79,58
13882,126,2014,3,56.5797,2.1552,0.9282,24.14,5,144.93,29
13882,136,2014,13,0.4116,3.1875,0.6375,87.44,32,1.35,215
13882,137,2014,14,0.9152,3.9024,0.695,80.62,49,4.98,258
13882,138,2014,15,0.5668,3.5378,0.6405,86.57,46,3.33,268
13882,139,2014,16,0.7309,3.7722,0.7188,78.05,38,4.31,164
13882,140,2014,17,0.7977,3.6124,0.6987,78.98,36,3.86,157
13882,141,2014,18,0.7861,4.3676,0.81,80.57,42,4.9,175
13882,142,2014,19,1118.0537,4.2513,0.7697,74.19,46,3104.28,124
13882,143,2014,20,334.0487,5.3173,0.9002,0.0,60,3102.66,95
13882,144,2014,21,478.3407,5.6206,0.9052,0.0,74,2991.61,113
13882,145,2014,22,81.9073,3.984,0.7213,0.0,46,1379.17,156
13882,146,2014,23,2.1513,3.0038,0.6317,0.0,27,920.01,145
13882,147,2014,24,35.8003,3.9429,0.6884,0.0,53,1003.33,183
13882,148,2014,25,51.2693,3.7727,0.6719,0.0,49,918.55,198
13882,149,2014,26,283.8723,5.4521,0.8224,0.0,99,1382.81,171
13882,150,2014,27,86.7563,4.6817,0.8525,0.0,45,1067.88,127
13882,151,2014,28,20.5,3.1465,0.6351,0.0,31,1044.98,165
13882,152,2014,29,0.8769,3.8871,0.6853,0.0,51,920.66,179
13882,153,2014,30,39.9663,3.5013,0.6579,0.0,40,921.19,158
13882,154,2014,31,178.3944,4.7872,0.8104,0.0,60,922.82,128
13882,155,2014,32,6.3032,4.3418,0.7381,19.8,59,83.8,197
13882,156,2014,33,2.5459,4.7594,0.8125,15.0,58,9.93,160
13882,157,2014,34,9.8739,4.7035,0.8099,13.74,56,112.48,131
13882,158,2014,35,213.6503,4.9654,0.8307,44.75,63,2880.94,181
13882,159,2014,36,5.0556,5.4057,0.882,30.34,70,20.88,145
13882,160,2014,37,0.6971,3.3249,0.9611,57.14,11,1.5,14
13896,7,2011,40,0.1738,1.1922,0.4612,100.0,6,0.76,1381
13896,8,2011,41,495.8793,2.6553,0.8851,81.6,8,1576.93,1435
13896,9,2011,42,659.3193,2.676,0.8056,27.55,10,1582.43,1129
13896,10,2011,43,0.4453,1.2809,0.6405,32.34,4,0.91,940
13896,11,2011,44,0.4294,2.1879,0.9423,73.78,5,0.91,904
13896,12,2011,45,0.2319,1.5395,0.7698,100.0,4,0.77,1249
13896,13,2011,46,0.1988,1.5554,0.9814,100.0,3,0.77,1717
13896,14,2011,47,2.2708,1.6818,0.7243,84.22,5,6.79,1477
13896,15,2011,48,0.2052,0.9535,0.9535,100.0,2,0.77,1137
13896,16,2011,49,0.1934,1.6992,0.8496,100.0,4,0.76,1063
13896,17,2011,50,0.0008,0.0,0.0,100.0,1,0.73,1033
13896,18,2011,51,20.9308,1.8307,0.9153,0.0,4,1393.08,839
13896,19,2011,52,7.2151,1.0023,0.6324,0.0,3,1406.47,681
13896,20,2012,1,188.1949,1.7338,0.8669,0.0,4,1541.77,307
13896,21,2012,2,40.7204,1.4162,0.7081,0.0,4,120.3,790
13896,22,2012,3,11.9724,1.286,0.643,34.42,4,36.78,1232
13896,23,2012,4,0.1549,0.8447,0.8447,100.0,2,0.74,628
13896,24,2012,5,0.1733,0.9442,0.9442,100.0,2,0.74,572
13896,25,2012,6,0.7699,1.0709,0.6756,87.9,3,2.98,835
13896,26,2012,7,0.384,1.2012,0.7579,95.7,3,1.11,488
13896,27,2012,8,0.0004,0.0,0.0,100.0,1,0.74,328
13896,28,2012,9,0.1307,0.6786,0.6786,100.0,2,0.74,474
13896,29,2012,10,0.0013,0.0,0.0,100.0,1,0.74,232
13896,31,2012,12,0.0023,0.0,0.0,100.0,1,0.73,512
13896,34,2012,15,0.1796,0.9436,0.9436,100.0,2,0.73,144
13896,35,2012,16,0.0087,0.0,0.0,100.0,1,0.73,377
13896,37,2012,18,0.0005,0.0,0.0,100.0,1,0.74,527
13896,39,2012,20,9.3793,3.2087,0.895,0.0,12,1412.11,20
13896,42,2012,23,0.0,0.0,0.0,0.0,1,1390.88,5
13896,43,2012,24,0.0142,0.9183,0.9183,0.0,2,1390.9,3
13896,45,2012,26,0.0,0.0,0.0,0.0,1,892.61,2
13896,46,2012,27,0.3568,0.9183,0.9183,0.0,2,892.63,3
13896,47,2012,28,0.421,0.9183,0.9183,0.0,2,892.49,3
13896,52,2012,33,0.0,0.0,0.0,100.0,1,0.75,1
13896,53,2012,34,0.0,0.0,0.0,100.0,1,0.75,3
14106,7,2011,40,0.2506,2.6454,0.7647,100.0,11,0.77,862
14106,8,2011,41,60.7343,3.374,0.6526,73.23,36,151.04,3100
14106,9,2011,42,70.2932,3.1164,0.7624,30.56,17,156.01,3148
14106,10,2011,43,0.5977,1.5523,0.4673,98.41,10,4.49,2079
14106,11,2011,44,0.2356,1.9431,0.5849,100.0,10,0.59,3291
14106,12,2011,45,0.2526,2.9711,0.7804,100.0,14,0.77,2976
14106,13,2011,46,22.7128,3.2826,0.8402,96.09,15,117.65,3124
14106,14,2011,47,65.8232,3.1665,0.7101,23.03,22,152.71,2775
14106,15,2011,48,2.2089,2.8873,0.7803,94.41,13,9.39,3272
14106,16,2011,49,0.1804,1.6333,0.7034,100.0,5,0.59,2385
14106,17,2011,50,127.5585,2.5174,0.5421,70.47,25,595.04,2635
14106,18,2011,51,1.8286,2.8637,0.6626,0.0,20,152.79,1628
14106,19,2011,52,2.1611,2.5369,0.5776,0.0,21,155.66,2767
14106,20,2012,1,17.3852,2.5233,0.6308,0.0,16,154.53,2517
14106,21,2012,2,33.7859,1.6484,0.4765,2.94,11,151.18,1904
14106,22,2012,3,0.2929,1.2481,0.7874,100.0,3,0.88,2093
14106,23,2012,4,0.0266,1.0148,0.6402,100.0,3,0.28,1756
14106,24,2012,5,0.03,0.9597,0.4798,100.0,4,0.25,1778
14106,25,2012,6,0.6133,1.2701,0.4914,91.07,6,2.11,1378
14106,26,2012,7,0.2393,1.7086,0.7359,100.0,5,0.55,1478
14106,27,2012,8,1.1062,2.716,0.6284,97.17,20,6.36,1486
14106,28,2012,9,0.2703,2.076,0.8941,100.0,5,0.6,1585
14106,29,2012,10,71.3348,2.4773,0.8258,62.76,8,150.88,2438
14106,30,2012,11,30.8644,2.9227,0.688,0.0,19,152.46,2579
14106,31,2012,12,0.8825,1.3593,0.6796,93.41,4,3.38,1078
14106,32,2012,13,0.0713,0.3917,0.1958,100.0,4,0.61,1212
14106,33,2012,14,64.0328,1.9829,0.4514,73.47,21,150.68,2273
14106,34,2012,15,39.7818,1.0281,0.3662,88.95,7,150.68,2861
14106,35,2012,16,0.1137,1.4578,0.7289,100.0,4,0.45,931
14106,36,2012,17,0.1967,1.5373,0.6621,100.0,5,0.54,1473
14106,37,2012,18,0.1377,1.44,0.3278,99.91,21,1.11,1120
14106,38,2012,19,71.7517,2.8551,0.5763,58.06,31,154.85,217
14106,39,2012,20,462.3511,4.3015,0.6747,0.36,83,843.17,274
14106,40,2012,21,445.3771,3.5274,0.7504,0.0,26,843.68,139
14106,42,2012,23,0.0,0.0,0.0,100.0,1,0.25,2
14106,43,2012,24,10.4723,4.3686,0.7556,0.0,55,171.5,195
14106,44,2012,25,9.9982,3.9957,0.9097,0.0,21,170.47,44
14106,45,2012,26,10.9796,3.2137,0.8034,0.0,16,171.51,48
14106,46,2012,27,9.9521,3.8285,0.835,0.0,24,170.95,66
14106,47,2012,28,9.8349,2.8383,0.6112,0.0,25,171.43,162
14106,48,2012,29,6.7994,2.8148,0.675,0.0,18,170.47,48
14106,49,2012,30,14.9213,3.94,0.788,0.0,32,171.44,93
14106,50,2012,31,9.2367,3.4639,0.7768,0.0,22,173.11,117
14106,51,2012,32,10.9449,2.2083,0.4816,0.0,24,158.62,123
14106,52,2012,33,2.9111,2.4464,0.9464,0.0,6,156.01,10
14106,53,2012,34,0.3602,2.2896,0.7223,97.4,9,1.17,77
14106,54,2012,35,0.2421,2.4724,0.6896,98.92,12,1.01,185
14106,55,2012,36,0.3237,1.2495,0.5381,95.24,5,1.18,21
14106,56,2012,37,0.4351,3.0877,0.7554,96.97,17,1.72,132
14106,57,2012,38,0.3277,2.5342,0.5863,98.51,20,1.72,201
14106,58,2012,39,1.256,3.3324,0.6791,89.82,30,5.0,285
14106,59,2012,40,0.4026,2.6349,0.7121,100.0,13,1.06,156
14106,60,2012,41,0.5375,1.2419,0.7836,100.0,3,1.06,15
14106,62,2012,43,48.7688,2.7774,0.9258,46.15,8,117.77,13
14106,63,2012,44,0.285,1.6267,0.7006,100.0,5,0.75,14
14106,64,2012,45,0.3366,1.5613,0.9851,100.0,3,0.46,8
14106,65,2012,46,57.6534,1.8424,0.9212,57.14,4,116.51,7
14106,66,2012,47,71.0463,1.8554,0.9277,66.67,4,150.66,12
14106,67,2012,48,0.2233,2.4183,0.9355,100.0,6,0.41,12
14106,68,2012,49,39.6758,1.4591,0.9206,66.67,3,84.15,6
14106,69,2012,50,75.5931,1.4056,0.8869,50.0,3,150.67,8
14106,70,2012,51,161.8667,3.1219,0.9849,0.0,9,273.47,10
14106,71,2012,52,0.0,0.0,0.0,0.0,1,150.39,3
14106,72,2013,1,0.002,0.0,0.0,0.0,1,1855.3,3
14106,74,2013,3,0.2625,2.1972,0.9463,100.0,5,0.44,9
14106,75,2013,4,0.2049,2.1013,0.8129,100.0,6,0.41,25
14106,76,2013,5,0.2033,0.971,0.971,100.0,2,0.33,5
14106,77,2013,6,0.126,1.2988,0.8194,100.0,3,0.33,8
14106,78,2013,7,1.8152,2.2905,0.8159,80.95,7,4.99,21
14106,79,2013,8,0.1419,1.4591,0.9206,100.0,3,0.32,12
14106,81,2013,10,0.6121,2.5726,0.8575,68.18,8,1.6,22
14106,82,2013,11,2.368,1.371,0.865,60.0,3,4.97,5
14106,83,2013,12,0.1896,1.5,0.9464,100.0,3,0.32,8
14106,84,2013,13,74.6277,0.9852,0.9852,42.86,2,150.67,7
14106,85,2013,14,0.5382,0.8113,0.8113,75.0,2,1.12,4
14106,108,2013,37,0.7768,3.3365,0.6558,83.73,34,3.92,209
14106,109,2013,38,0.0,0.0,0.0,100.0,1,0.15,52
14106,110,2013,39,0.0,0.0,0.0,100.0,1,0.15,34
14106,111,2013,40,0.6079,1.5342,0.5935,78.26,6,1.32,23
14106,112,2013,41,0.0,0.0,0.0,100.0,1,0.15,38
14106,115,2013,44,0.8528,3.4175,0.6775,86.54,33,3.78,156
14106,116,2013,45,29.4769,2.761,0.6191,70.37,22,112.14,108
14106,117,2013,46,27.6862,2.5474,0.58,81.0,21,117.42,100
14106,118,2013,47,1.2686,3.7282,0.7211,73.96,36,6.23,96
14106,119,2013,48,70.5951,4.6781,0.7986,26.32,58,153.44,171
14106,120,2013,49,0.7512,1.5355,0.4283,95.33,12,3.84,107
14106,121,2013,50,0.2815,1.964,0.5912,98.7,10,1.12,77
14106,122,2013,51,70.6624,5.0226,0.8403,35.16,63,152.57,128
14106,123,2013,52,7.4084,5.5164,0.8397,0.0,95,157.32,193
14106,124,2014,1,3.2518,4.0596,0.7528,0.0,42,155.14,127
14106,125,2014,2,34.3454,4.0435,0.7762,4.82,37,151.65,83
14106,126,2014,3,0.1335,1.0528,0.5264,100.0,4,0.53,36
14106,127,2014,4,0.0789,1.2554,0.5407,100.0,5,0.39,25
14106,128,2014,5,1.8125,3.199,0.6519,74.04,30,5.83,104
14106,129,2014,6,0.2621,2.6089,0.6256,100.0,18,0.92,83
14106,130,2014,7,0.2173,2.1219,0.9139,100.0,5,0.54,10
14106,131,2014,8,0.1425,1.25,0.3943,100.0,9,0.64,53
14106,132,2014,9,1.5577,2.8404,0.6369,79.41,22,7.3,102
14106,133,2014,10,1.2183,1.8979,0.5713,93.33,10,7.3,60
14106,136,2014,13,1.2709,4.0553,0.8965,71.79,23,3.81,39
14106,137,2014,14,1.0584,4.9641,0.9206,47.67,42,3.83,86
14106,138,2014,15,1.3466,5.2732,0.8789,72.56,64,4.92,164
14106,139,2014,16,1.0142,4.476,0.9214,85.48,29,7.3,62
14188,7,2011,40,0.2931,2.2925,0.5868,99.05,15,1.81,845
14188,8,2011,41,21.6995,3.7623,0.7826,78.65,28,217.18,1911
14188,9,2011,42,17.1278,2.5974,0.7508,66.08,11,116.65,1129
14188,10,2011,43,0.2049,2.5973,0.5742,100.0,23,0.76,2165
14188,11,2011,44,0.352,3.2114,0.7311,97.78,21,2.04,1620
14188,12,2011,45,0.3261,3.2485,0.6832,99.55,27,1.06,2243
14188,13,2011,46,0.2493,2.5629,0.5126,100.0,32,0.77,2304
14188,14,2011,47,543.4512,3.5808,0.7228,52.91,31,1235.23,2064
14188,15,2011,48,1.8048,3.2406,0.7164,93.38,23,14.44,2265
14188,16,2011,49,61.1481,3.6297,0.7472,89.39,29,225.01,867
14188,17,2011,50,0.9755,3.4234,0.7047,91.63,29,8.03,1744
14188,18,2011,51,2.7993,2.7052,0.6487,52.82,18,14.5,1204
14188,19,2011,52,25.6302,2.6375,0.5486,3.22,28,261.69,1056
14188,20,2012,1,3.595,2.5953,0.5737,30.03,23,14.5,1019
14188,21,2012,2,2.0547,2.5239,0.5308,25.2,27,6.63,1718
14188,22,2012,3,1.0168,3.0281,0.569,96.15,40,13.57,1612
14188,23,2012,4,1.4342,2.5176,0.5421,89.23,25,5.44,789
14188,24,2012,5,0.6881,3.4326,0.6407,93.53,41,4.41,1993
14188,25,2012,6,0.9444,2.8195,0.5263,94.52,41,7.49,2429
14188,26,2012,7,0.675,1.2279,0.5288,79.45,5,2.05,696
14188,27,2012,8,0.849,2.5012,0.5695,96.31,21,5.43,2438
14188,28,2012,9,0.3701,2.6291,0.6189,98.45,19,3.79,1617
14188,29,2012,10,1.0729,2.7943,0.6578,88.31,19,4.99,1924
14188,30,2012,11,16.2312,2.9307,0.6033,89.45,29,116.86,1593
14188,31,2012,12,1.6931,2.4907,0.5763,47.08,20,6.33,1659
14188,32,2012,13,1.3459,3.1764,0.7022,30.96,23,2.71,801
14188,33,2012,14,1.4677,3.7487,0.7798,34.13,28,3.76,1966
14188,34,2012,15,1.0174,1.812,0.4897,20.78,13,5.21,616
14188,35,2012,16,1.066,2.751,0.5924,32.9,25,4.21,2222
14188,36,2012,17,1.252,3.6584,0.7317,40.65,32,4.76,2283
14188,37,2012,18,25.5435,4.1442,0.6653,46.96,75,118.18,543
14188,38,2012,19,2.6886,4.5366,0.808,17.53,49,14.6,154
14188,39,2012,20,2.5433,3.878,0.7238,15.88,41,14.64,170
14188,40,2012,21,123.9128,4.116,0.7901,13.57,37,519.25,140
14188,41,2012,22,17.4413,3.2244,0.8061,0.0,16,601.36,35
14188,42,2012,23,216.6575,3.9757,0.8561,0.0,25,541.9,53
14188,43,2012,24,2.4133,4.5021,0.8579,9.18,38,5.32,98
14188,44,2012,25,43.5427,4.9571,0.8499,26.79,57,117.73,168
14188,45,2012,26,23.903,4.7824,0.839,29.87,52,263.8,154
14188,46,2012,27,3.1091,4.2275,0.7744,33.33,44,12.47,162
14188,47,2012,28,31.1253,5.1768,0.8534,24.76,67,116.84,210
14188,48,2012,29,181.4343,4.4242,0.8625,14.49,35,438.05,69
14188,49,2012,30,239.6846,5.3122,0.8696,30.14,69,653.69,146
14188,50,2012,31,80.3287,5.2909,0.8548,36.76,73,302.07,185
14188,51,2012,32,35.9985,4.128,0.8048,22.14,35,102.72,131
14188,52,2012,33,3.1951,4.6029,0.8974,15.84,35,7.76,101
14188,53,2012,34,2.2826,4.3186,0.7733,81.42,48,14.44,183
14188,54,2012,35,1.9795,4.7546,0.8341,68.21,52,14.48,195
14188,55,2012,36,0.5547,3.4342,0.7819,93.41,21,3.19,91
14188,56,2012,37,1.3835,3.9597,0.7783,92.11,34,6.58,152
14188,57,2012,38,0.5345,3.1578,0.7306,95.7,20,3.64,93
14188,58,2012,39,2.0496,3.6097,0.8657,88.68,18,7.96,53
14188,59,2012,40,0.9676,2.8937,0.7234,91.25,16,3.57,80
14188,60,2012,41,2.5827,4.0471,0.861,70.97,26,14.53,93
14188,61,2012,42,0.4888,2.508,0.547,85.27,24,2.15,129
14188,62,2012,43,0.3296,3.34,0.801,98.48,18,0.97,66
14188,63,2012,44,0.5859,2.8569,0.6725,96.47,19,4.53,85
14188,64,2012,45,0.7488,3.7418,0.7961,97.6,26,5.42,125
14188,65,2012,46,1.5107,3.5537,0.7653,88.43,25,4.92,121
14188,66,2012,47,1.8511,4.2655,0.7722,68.67,46,5.26,166
14188,67,2012,48,1.5925,3.7879,0.7385,94.25,35,12.31,226
14188,68,2012,49,0.9925,3.2701,0.8837,89.47,13,4.55,38
14188,69,2012,50,1.5913,3.5193,0.7578,49.23,25,5.58,130
14188,70,2012,51,0.7211,2.1545,0.6797,12.16,9,2.04,74
14188,71,2012,52,2.9672,2.6564,0.4991,0.72,40,28.18,277
14188,72,2013,1,2.2005,3.2528,0.6448,12.08,33,5.96,207
14188,73,2013,2,1.2078,2.4484,0.5149,9.03,27,4.57,288
14188,74,2013,3,116.9792,4.6054,0.8119,64.58,51,385.32,144
14188,75,2013,4,0.9661,3.1803,0.6481,94.44,30,6.51,198
14188,76,2013,5,2.5322,3.9401,0.7953,59.17,31,6.82,120
14188,77,2013,6,2.0293,3.4911,0.7342,82.26,27,9.57,124
14188,78,2013,7,1.7482,3.7628,0.7278,86.11,36,6.25,108
14188,79,2013,8,0.3566,2.4178,0.5692,96.55,19,2.05,145
14188,80,2013,9,1.5927,3.7556,0.6496,87.41,55,6.55,294
14188,81,2013,10,75.4115,3.9812,0.6495,70.98,70,230.5,255
14188,82,2013,11,0.9264,2.5816,0.6316,92.65,17,6.55,68
14188,83,2013,12,0.2637,2.9844,0.7157,100.0,18,0.74,85
14188,84,2013,13,1.9549,3.8097,0.7158,49.25,40,7.88,199
14188,85,2013,14,1.2121,3.483,0.6171,75.16,50,7.88,306
14188,86,2013,15,0.424,2.8643,0.5896,98.08,29,1.11,365
14188,87,2013,16,0.7175,3.8113,0.7114,92.13,41,4.27,267
14188,88,2013,17,0.4085,3.2573,0.6705,99.27,29,2.14,273
14188,89,2013,18,0.3579,3.4032,0.6533,97.82,37,1.66,321
14188,90,2013,19,1.0277,2.1387,0.5035,90.83,19,4.94,109
14962,8,2011,41,1230.3884,2.9126,0.6126,70.17,27,2937.89,1683
14962,9,2011,42,1382.601,2.1042,0.4869,0.44,20,6884.22,1574
14962,10,2011,43,0.4409,2.7398,0.792,88.7,11,1.37,1327
14962,11,2011,44,0.2204,1.5959,0.5035,100.0,9,0.78,1829
14962,12,2011,45,0.2557,1.581,0.4153,99.54,14,2.22,2404
14962,13,2011,46,0.1853,1.6931,0.6031,100.0,7,0.57,2774
14962,14,2011,47,1428.0254,3.2325,0.761,31.52,19,3104.56,2687
14962,15,2011,48,2.0221,2.0944,0.5501,92.28,14,27.7,2098
14962,16,2011,49,0.2919,2.108,0.665,100.0,9,0.73,2406
14962,17,2011,50,1440.7937,2.69,0.7065,40.09,14,2939.17,2544
14962,18,2011,51,13.7442,2.4062,0.632,0.0,14,2939.17,2936
14962,19,2011,52,4.5711,1.7371,0.5229,0.0,10,2906.67,2859
14962,20,2012,1,14.9294,3.1583,0.7082,0.0,22,2939.17,1911
14962,21,2012,2,1493.8235,3.1419,0.7153,0.0,21,2936.65,1457
14962,22,2012,3,2.1008,2.5509,0.7679,98.91,10,19.92,1647
14962,23,2012,4,55.5778,2.5663,0.6154,75.59,18,152.87,2347
14962,24,2012,5,0.668,2.8125,0.813,74.8,11,1.47,2468
14962,25,2012,6,1.3299,1.8067,0.5439,81.87,10,5.11,2681
14962,26,2012,7,0.1801,2.5914,0.6806,100.0,14,0.75,2816
14962,27,2012,8,39.1674,2.2078,0.5295,78.0,18,113.24,1950
14962,28,2012,9,0.144,1.2468,0.3478,98.86,12,1.56,2708
14962,29,2012,10,1163.0332,2.623,0.6714,64.84,15,2568.07,2170
14962,30,2012,11,1177.7577,2.6022,0.6021,22.16,20,2933.99,2383
14962,31,2012,12,0.2153,2.2506,0.71,100.0,9,0.76,2200
14962,32,2012,13,0.108,2.1251,0.8221,100.0,6,0.51,1842
14962,33,2012,14,0.2035,1.0376,0.4014,100.0,6,0.55,599
14962,34,2012,15,0.0,0.0,0.0,100.0,1,0.51,2
15071,7,2011,40,0.2035,1.9093,0.5748,100.0,10,0.62,1511
15071,8,2011,41,86.939,3.2639,0.6363,75.33,35,209.24,2282
15071,9,2011,42,101.7798,3.8572,0.6557,16.85,59,211.87,2682
15071,10,2011,43,0.2122,2.0377,0.5684,100.0,12,0.63,2514
15071,11,2011,44,1.0587,2.4569,0.5892,97.62,18,8.38,2567
15071,12,2011,45,0.1809,2.4495,0.7727,100.0,9,0.65,1511
15071,13,2011,46,0.1885,2.3052,0.59,100.0,15,0.72,2256
15071,14,2011,47,90.2921,3.6935,0.726,25.17,34,203.38,2634
15071,15,2011,48,89.731,3.488,0.6646,54.52,38,215.93,2546
15071,16,2011,49,0.463,2.2792,0.5466,99.25,18,5.53,2140
15071,17,2011,50,97.8267,3.0334,0.5739,48.38,39,210.29,2197
15071,18,2011,51,13.5659,2.0476,0.4527,0.0,23,199.8,1933
15071,19,2011,52,14.8962,2.0527,0.4923,0.0,18,246.59,1639
15071,20,2012,1,8.2057,1.6649,0.6441,0.0,6,208.64,288
15071,21,2012,2,1.325,1.4797,0.7398,0.0,4,200.73,538
15071,22,2012,3,0.1233,0.9183,0.9183,100.0,2,0.27,9
15071,23,2012,4,0.1653,1.5,0.9464,100.0,3,0.74,4
15071,24,2012,5,104.1583,2.4194,0.9359,55.56,6,216.92,9
15071,25,2012,6,0.2861,2.5221,0.9757,100.0,6,0.74,12
15071,26,2012,7,0.2057,2.0,1.0,100.0,4,0.74,4
15071,28,2012,9,0.248,1.5,0.9464,100.0,3,0.74,4
15071,29,2012,10,0.0,0.0,0.0,100.0,1,0.41,1
15071,30,2012,11,1.2391,1.4056,0.8869,0.0,3,199.65,8
15071,31,2012,12,0.246,1.5,0.9464,100.0,3,0.74,4
15071,32,2012,13,0.2045,1.9502,0.9751,100.0,4,0.75,7
15071,33,2012,14,0.0,0.0,0.0,100.0,1,0.75,1
15071,34,2012,15,0.0,0.0,0.0,100.0,1,0.51,1
15071,36,2012,17,0.154,0.65,0.65,100.0,2,0.74,6
15071,37,2012,18,0.2165,1.7171,0.8585,100.0,4,0.74,24
15071,38,2012,19,378.194,3.9469,0.7067,29.57,48,2882.32,230
15071,39,2012,20,57.9017,3.0338,0.6454,0.0,26,791.08,180
15071,40,2012,21,290.5664,4.3357,0.7226,0.0,64,868.35,212
15071,41,2012,22,248.4523,3.4345,0.5791,0.0,61,1392.36,284
15071,42,2012,23,75.9723,3.77,0.7292,0.0,36,1088.66,321
15071,43,2012,24,24.5477,4.3317,0.7493,0.0,55,219.47,252
15071,44,2012,25,18.9754,3.8573,0.7647,0.0,33,235.46,146
15071,45,2012,26,16.9862,4.1798,0.8216,0.0,34,217.77,129
15071,46,2012,27,15.1287,3.5561,0.7479,0.0,27,229.01,158
15071,47,2012,28,19.198,3.6058,0.7864,0.0,24,217.91,152
15071,48,2012,29,0.0,0.0,0.0,100.0,1,0.4,2
15071,49,2012,30,23.3595,4.2528,0.7744,0.0,45,217.92,130
15071,50,2012,31,12.1235,4.1004,0.7193,0.0,52,237.78,243
15071,51,2012,32,23.7499,3.8598,0.7204,0.0,41,217.09,198
15071,52,2012,33,76.5371,4.0586,0.7267,0.0,48,217.06,144
15071,53,2012,34,0.3984,2.2905,0.7226,47.5,9,1.17,40
15071,54,2012,35,0.2761,2.4106,0.6331,100.0,14,0.75,109
15071,55,2012,36,0.8007,2.8217,0.6643,94.26,19,5.15,122
15071,57,2012,38,0.3162,1.2522,0.446,92.65,7,1.56,68
15071,58,2012,39,1.8538,2.9693,0.8938,92.16,10,8.24,51
15071,59,2012,40,0.148,0.8113,0.8113,100.0,2,0.72,24
15071,60,2012,41,0.3635,3.5768,0.8276,96.97,20,1.08,99
15071,75,2013,4,0.5327,3.8359,0.7672,61.35,32,2.74,207
15071,76,2013,5,0.1957,1.4583,0.7291,100.0,4,0.73,35
15071,77,2013,6,103.0793,3.171,0.7337,52.14,20,208.0,117
15071,78,2013,7,53.7049,3.4481,0.7336,74.11,26,208.0,112
15071,79,2013,8,0.2524,2.1169,0.7541,100.0,7,0.74,62
15071,80,2013,9,0.4251,2.8169,0.8143,74.36,11,1.25,78
15071,81,2013,10,68.6313,3.5841,0.7045,72.87,34,200.98,258
15071,82,2013,11,5.101,2.7236,0.7597,0.0,12,200.92,43
15071,83,2013,12,0.317,3.0403,0.7291,88.18,18,1.55,110
15071,85,2013,14,0.2085,1.4435,0.6217,97.06,5,1.14,68
15071,86,2013,15,74.8909,2.5524,0.712,73.81,12,207.95,84
15071,87,2013,16,11.8976,2.7356,0.656,71.95,18,74.35,164
15071,88,2013,17,0.4298,2.8494,0.6833,66.52,18,1.68,224
15071,89,2013,18,98.7901,3.9133,0.7304,40.96,41,211.94,188
15071,90,2013,19,0.0041,0.0,0.0,100.0,1,0.68,12
15071,91,2013,20,3.4525,2.8032,0.8843,72.0,9,8.15,25
15071,93,2013,22,5.274,2.2516,0.9697,0.0,5,199.63,6
15071,94,2013,23,0.0048,0.0,0.0,0.0,1,174.38,2
15071,95,2013,24,0.6161,0.8113,0.8113,0.0,2,174.38,4
15071,104,2013,33,104.5129,1.0,1.0,0.0,2,199.66,6
15071,106,2013,35,1.7851,5.459,0.8635,64.61,80,8.38,178
15071,107,2013,36,1.6742,4.1766,0.765,82.07,44,8.8,145
15071,108,2013,37,101.4261,5.3661,0.8785,47.02,69,207.94,151
15071,109,2013,38,80.057,5.1004,0.9399,56.06,43,207.93,66
15071,110,2013,39,3.7725,5.3551,0.9221,44.21,56,8.55,95
15071,111,2013,40,84.9741,6.3168,0.9571,22.63,97,207.64,137
15071,112,2013,41,107.1505,4.9558,0.846,18.35,58,211.39,109
15071,113,2013,42,87.4179,4.8022,0.8694,50.53,46,207.82,95
15071,114,2013,43,89.3056,5.6423,0.8875,7.59,82,208.18,158
15071,115,2013,44,0.494,4.3138,0.8552,89.39,33,1.93,66
15071,116,2013,45,0.3434,3.7345,0.9809,88.24,14,0.92,17
15071,118,2013,47,0.2659,1.8332,0.7092,85.0,6,0.92,20
15071,119,2013,48,46.5777,5.4832,0.8183,3.08,104,208.93,292
15071,120,2013,49,53.1527,4.3164,0.7955,65.29,43,200.83,121
15071,121,2013,50,0.3969,2.3338,0.5973,77.78,15,1.17,81
15071,122,2013,51,4.1739,2.72,0.8581,0.0,9,200.68,21
15071,123,2013,52,9.7111,3.6312,0.7819,0.0,25,209.64,72
15071,124,2014,1,11.0272,3.8337,0.7667,0.0,32,210.29,104
15071,125,2014,2,116.4287,3.6016,0.8076,0.0,22,209.64,63
15071,126,2014,3,0.1883,0.5436,0.5436,100.0,2,0.41,24
15071,127,2014,4,0.1521,1.3623,0.4101,98.46,10,1.06,65
15071,128,2014,5,0.3132,2.9329,0.8829,100.0,10,0.7,30
15071,129,2014,6,0.4211,3.2149,0.8037,92.98,16,1.55,57
15071,130,2014,7,90.6161,4.3402,0.8155,18.6,40,207.94,86
15071,131,2014,8,0.314,1.8768,0.726,66.67,6,1.07,27
15071,132,2014,9,0.0285,0.971,0.971,100.0,2,0.43,5
15071,133,2014,10,0.1877,1.6855,0.8427,100.0,4,0.46,10
15071,136,2014,13,0.4395,3.4556,0.645,83.33,41,1.31,330
15071,137,2014,14,88.5869,4.7076,0.7655,64.04,71,207.98,342
15071,138,2014,15,37.0147,4.0431,0.7128,74.57,51,207.98,291
15071,141,2014,18,76.8333,4.3846,0.7809,5.38,49,211.18,130
15071,142,2014,19,53.613,3.8116,0.6479,66.14,59,207.98,319
15071,143,2014,20,77.2211,3.928,0.8261,28.81,27,200.12,59
15071,162,2014,39,0.0,0.0,0.0,0.0,1,181.44,1
15071,166,2014,43,0.0,0.0,0.0,0.0,1,103.33,1
15548,8,2011,41,0.0,0.0,0.0,100.0,1,0.61,91
15548,10,2011,43,0.0078,0.0,0.0,100.0,1,0.62,375
15548,16,2011,49,0.0032,0.0,0.0,100.0,1,0.62,295
15548,24,2012,5,0.0,0.0,0.0,100.0,1,0.61,10
15548,27,2012,8,0.1242,0.822,0.354,100.0,5,0.74,1149
15548,34,2012,15,0.0144,0.0106,0.0106,100.0,2,0.73,1087
15548,35,2012,16,0.0056,0.0,0.0,100.0,1,0.65,431
15548,36,2012,17,0.0,0.0,0.0,100.0,1,0.74,1202
15548,37,2012,18,0.0397,0.2523,0.2523,100.0,2,0.74,308
15548,38,2012,19,0.0819,0.9183,0.9183,100.0,2,0.73,3
15548,39,2012,20,0.3611,1.371,0.865,0.0,3,6954.72,5
15548,45,2012,26,0.0,0.0,0.0,0.0,1,6954.72,1
15548,55,2012,36,0.0,0.0,0.0,100.0,1,0.63,1
15548,57,2012,38,0.0,0.0,0.0,100.0,1,0.7,1
15548,59,2012,40,0.0007,0.0,0.0,100.0,1,0.56,3
15548,63,2012,44,0.0792,0.8113,0.8113,100.0,2,0.73,4
15548,85,2013,14,0.0676,1.0613,0.6696,100.0,3,0.64,8
15723,7,2011,40,3.1446,3.8104,0.6176,93.1,72,145.43,2204
15723,8,2011,41,0.6168,3.4929,0.545,93.33,85,3.86,3283
15723,9,2011,42,1.2274,3.6936,0.5826,86.83,81,6.04,1860
15723,10,2011,43,206.3642,4.2477,0.5623,77.7,188,1637.84,2978
15723,11,2011,44,46.0437,3.9854,0.5355,76.62,174,152.89,3058
15723,12,2011,45,177.6261,3.9688,0.5559,79.81,141,3099.67,3150
15723,13,2011,46,0.6993,2.7478,0.4797,98.43,53,5.57,3248
15723,14,2011,47,28.9928,3.8384,0.6181,59.2,74,125.02,2882
15723,15,2011,48,305.4877,4.066,0.732,59.78,47,2780.39,2874
15723,16,2011,49,127.4006,3.8794,0.6773,85.13,53,1254.62,1695
15723,17,2011,50,1.8538,3.2551,0.5488,82.21,61,6.11,3249
15723,18,2011,51,25.7517,2.275,0.4401,6.38,36,68.01,2961
15723,19,2011,52,28.7347,3.2647,0.6653,12.64,30,55.69,2231
15723,20,2012,1,867.5505,3.3192,0.6044,0.28,45,3228.27,3163
15723,21,2012,2,1594.2324,4.2534,0.7576,14.69,49,3220.25,2451
15723,22,2012,3,0.4615,3.1501,0.6553,99.97,28,0.98,3009
15723,23,2012,4,0.4103,2.8309,0.5889,100.0,28,1.02,2368
15723,24,2012,5,11.5398,3.2307,0.6112,92.82,39,54.57,2981
15723,25,2012,6,0.6533,3.2461,0.6435,98.06,33,5.44,2995
15723,26,2012,7,191.4938,3.5853,0.6607,12.76,43,1028.79,3096
15723,27,2012,8,0.8766,3.5423,0.7085,96.39,32,4.55,2712
15723,28,2012,9,0.7806,3.68,0.6782,91.36,43,4.34,2235
15723,29,2012,10,53.8991,3.3885,0.6606,82.2,35,2555.37,2579
15723,30,2012,11,16.2132,3.2229,0.5413,8.1,62,67.79,2358
15723,31,2012,12,64.0145,3.9512,0.6101,73.17,89,152.97,2766
15723,32,2012,13,0.5973,2.9092,0.5627,98.28,36,4.71,2967
15723,33,2012,14,0.4176,2.8425,0.62,99.93,24,1.0,1470
15723,34,2012,15,0.2807,1.3912,0.5382,100.0,6,0.89,213
15723,35,2012,16,0.0021,0.0,0.0,100.0,1,0.4,704
15723,36,2012,17,0.0,0.0,0.0,100.0,1,0.41,16
15723,38,2012,19,9.4486,0.4426,0.1396,95.41,9,54.43,305
15723,39,2012,20,0.0043,0.7219,0.7219,100.0,2,0.38,5
15723,41,2012,22,0.1064,0.9544,0.9544,100.0,2,0.73,16
15723,42,2012,23,0.0784,0.5917,0.5917,100.0,2,0.73,7
15723,44,2012,25,0.1122,0.9183,0.9183,100.0,2,0.71,3
15723,45,2012,26,1.0321,1.1451,0.5726,0.0,4,812.39,13
15723,47,2012,28,0.0,0.0,0.0,100.0,1,0.58,2
15723,48,2012,29,0.1285,0.971,0.971,100.0,2,0.74,5
15723,49,2012,30,0.0,0.0,0.0,100.0,1,0.74,2
15723,50,2012,31,0.1284,0.971,0.971,100.0,2,0.72,5
15723,53,2012,34,0.9571,2.4716,0.7145,0.0,11,54.47,125
15723,54,2012,35,1.0939,3.2813,0.8867,0.0,13,54.47,88
15723,55,2012,36,0.3642,0.7053,0.445,0.0,3,54.08,46
15723,56,2012,37,0.1996,1.1094,0.7,0.0,3,54.09,51
15723,58,2012,39,0.0188,0.6194,0.6194,0.0,2,54.06,13
15723,59,2012,40,0.2427,0.9976,0.6294,0.0,3,54.47,46
15723,60,2012,41,0.0605,1.0104,0.6375,0.0,3,54.08,63
15723,61,2012,42,19.2317,0.847,0.5344,0.0,3,198.79,59
16313,7,2011,40,1.8333,2.0625,0.5753,90.02,12,5.76,1303
16313,8,2011,41,219.3192,3.1375,0.7524,52.41,18,471.13,2494
16313,9,2011,42,166.0179,3.0244,0.6164,15.03,30,473.96,2209
16313,10,2011,43,1.8001,1.4912,0.4489,79.91,10,4.49,1867
16313,11,2011,44,0.4688,2.4626,0.5371,94.14,24,5.59,2526
16313,12,2011,45,25.1072,1.9734,0.4062,88.01,29,116.86,2644
16313,13,2011,46,0.7412,0.6727,0.2025,97.22,10,4.5,2558
16313,14,2011,47,161.2846,2.8889,0.6801,12.48,19,468.25,2204
16313,15,2011,48,0.162,0.9988,0.3329,99.81,8,1.68,2059
16313,16,2011,49,0.3488,2.5015,0.5999,98.84,18,1.19,1987
16313,17,2011,50,230.529,3.4668,0.6872,53.4,33,472.89,2502
16313,18,2011,51,5.7751,2.8501,0.6489,0.0,21,470.72,1948
16313,19,2011,52,3.1602,2.5151,0.5485,0.0,24,472.9,2486
16313,20,2012,1,4.4531,2.7329,0.6222,0.0,21,473.35,2632
16313,21,2012,2,193.4278,3.1024,0.587,4.31,39,469.65,2135
16313,22,2012,3,1.1057,2.82,0.5543,86.45,34,9.33,2650
16313,23,2012,4,1.4396,3.0911,0.7038,93.29,21,6.74,2013
16313,24,2012,5,0.6192,2.5247,0.6055,90.65,18,2.25,2653
16313,25,2012,6,199.0123,2.7719,0.728,75.54,14,463.89,2310
16313,26,2012,7,0.7271,2.2745,0.5974,95.01,14,4.06,1042
16313,27,2012,8,1.1902,2.7359,0.684,94.59,16,5.14,1349
16313,28,2012,9,0.5038,2.4085,0.5483,96.45,21,2.91,1805
16313,29,2012,10,218.7835,2.7654,0.5096,66.95,43,519.62,1976
16313,30,2012,11,669.871,2.851,0.7127,0.0,16,1777.54,1277
16313,31,2012,12,0.2551,2.78,0.8368,100.0,10,0.74,1447
16313,32,2012,13,0.2969,2.647,0.7384,100.0,12,0.75,1986
16313,33,2012,14,228.1912,3.2217,0.7335,59.36,21,474.87,1981
16313,34,2012,15,176.534,3.3824,0.6963,55.34,29,474.87,2042
16313,35,2012,16,0.6433,2.8734,0.7184,98.18,16,4.29,2528
16313,36,2012,17,1.851,2.2996,0.6415,76.6,12,4.46,1641
16313,37,2012,18,9.4788,3.2203,0.6384,86.97,33,37.52,1842
16313,38,2012,19,125.2155,4.5307,0.8069,75.95,49,467.57,158
16313,39,2012,20,107.594,4.7901,0.7534,0.0,82,476.64,214
16313,40,2012,21,1.1963,2.7888,0.8395,15.38,10,4.43,39
16313,41,2012,22,1.6445,3.4009,0.7743,7.53,21,5.27,93
16313,42,2012,23,59.632,5.1548,0.8154,10.74,80,133.26,298
16313,43,2012,24,1.3138,3.9983,0.7859,19.4,34,7.18,232
16313,44,2012,25,1.3965,4.02,0.7717,11.98,37,6.71,242
16313,45,2012,26,189.2882,5.0027,0.7891,11.31,81,472.36,336
16313,46,2012,27,85.1037,4.1335,0.697,0.85,61,475.53,234
16313,47,2012,28,10.542,4.4882,0.763,10.38,59,49.55,289
16313,48,2012,29,1.3035,4.3843,0.7729,11.4,51,5.19,351
16313,49,2012,30,211.3906,5.0656,0.7728,5.85,94,473.85,376
16313,50,2012,31,18.2992,4.2132,0.6684,0.0,79,474.27,347
16313,51,2012,32,34.7277,4.6046,0.7439,0.0,73,473.07,259
16313,52,2012,33,2.7842,4.4165,0.7748,42.46,52,13.6,179
16313,53,2012,34,2.5419,3.7578,0.6883,81.48,44,15.85,189
16313,54,2012,35,1145.2014,3.1936,0.6794,90.32,26,12602.01,124
16313,55,2012,36,0.837,2.8835,0.5998,89.22,28,6.79,167
16313,56,2012,37,1.6073,2.5114,0.5811,81.25,20,8.58,128
16313,57,2012,38,0.5639,2.1993,0.6135,87.8,12,1.72,123
16313,58,2012,39,1.6628,2.9262,0.6562,73.08,22,5.92,182
16313,59,2012,40,59.204,4.5386,0.8001,56.44,51,160.13,264
16313,60,2012,41,297.6529,5.4811,0.7592,53.25,149,794.48,415
16313,61,2012,42,310.1196,6.3321,0.8416,12.9,184,843.88,434
16313,62,2012,43,1.5568,3.6222,0.7535,70.46,28,6.16,281
16313,63,2012,44,1.0335,3.5784,0.7157,75.24,32,5.19,311
16313,64,2012,45,1.4934,3.4319,0.7139,78.11,28,7.77,338
16313,65,2012,46,0.85,3.9586,0.705,86.63,49,5.41,344
16313,66,2012,47,153.4005,4.3907,0.6887,8.14,83,475.49,344
16313,67,2012,48,1.0762,3.5347,0.6837,68.1,36,5.12,326
16313,68,2012,49,1.6603,3.6606,0.7257,72.76,33,7.43,323
16313,69,2012,50,200.3411,4.8257,0.738,42.98,93,473.82,356
16313,70,2012,51,4.6617,4.4138,0.7064,0.0,76,475.47,554
16313,71,2012,52,3.5869,3.3646,0.5768,0.0,57,471.28,414
16313,72,2013,1,14.2587,3.1042,0.5794,0.0,41,469.67,700
16313,73,2013,2,87.2197,4.146,0.634,1.54,93,473.81,455
16313,74,2013,3,1.0871,4.0058,0.6782,80.0,60,5.8,340
16313,75,2013,4,1.7225,4.1998,0.6974,74.28,65,7.57,381
16313,76,2013,5,0.9905,2.3213,0.5465,81.29,19,6.51,342
16313,77,2013,6,0.9489,3.0862,0.6066,77.78,34,6.62,369
16313,78,2013,7,220.1164,5.1952,0.7872,39.83,97,476.75,354
16313,79,2013,8,0.958,3.4895,0.7339,72.96,27,6.52,196
16313,80,2013,9,1.8235,3.4785,0.7089,73.67,30,10.31,281
16313,81,2013,10,205.5638,4.4304,0.7357,51.93,65,470.76,362
16313,82,2013,11,24.4471,3.0219,0.5641,0.0,41,473.06,256
16313,83,2013,12,1.2423,3.294,0.7499,69.81,21,5.88,212
16313,84,2013,13,1.1393,3.3219,0.6986,70.15,27,5.16,201
16313,85,2013,14,0.8741,2.3311,0.8303,77.05,7,1.5,61
16313,86,2013,15,0.2579,0.65,0.65,83.33,2,1.12,6
16495,7,2011,40,0.3681,2.4738,0.5042,99.52,30,1.66,2096
16495,8,2011,41,667.4507,3.6018,0.6026,74.49,63,1634.79,3116
16495,9,2011,42,574.0845,2.938,0.4717,13.45,75,1577.23,3161
16495,10,2011,43,0.5876,2.4405,0.5077,98.51,28,4.48,3217
16495,11,2011,44,0.5836,2.5177,0.5082,86.17,31,4.59,2893
16495,12,2011,45,31.2838,3.3208,0.5418,86.83,70,122.61,3213
16495,13,2011,46,0.3152,3.0377,0.5788,100.0,38,0.74,3111
16495,14,2011,47,42.3156,3.2429,0.556,77.47,57,122.97,3258
16495,15,2011,48,0.7932,2.8781,0.5567,96.0,36,4.54,2953
16495,16,2011,49,0.8104,2.5675,0.5232,94.21,30,5.26,2434
16495,17,2011,50,575.6931,2.6717,0.5827,80.38,24,1572.88,2967
16495,18,2011,51,342.3336,2.3197,0.4775,0.0,29,2823.77,3010
16495,19,2011,52,458.7126,2.3767,0.4892,0.0,29,2868.18,2899
16495,20,2012,1,144.3489,1.9958,0.386,0.0,36,1594.26,2182
16495,21,2012,2,303.9013,2.6135,0.4911,1.53,40,1574.92,2098
16495,22,2012,3,0.2961,1.8512,0.3938,99.97,26,0.98,3178
16495,23,2012,4,0.3312,2.4161,0.5026,99.74,28,1.54,3083
16495,24,2012,5,0.8372,3.0281,0.5482,95.13,46,4.44,3163
16495,25,2012,6,0.5774,2.7544,0.5613,98.78,30,4.6,3347
16495,26,2012,7,0.8231,1.9957,0.4618,96.85,20,4.43,2571
16495,27,2012,8,24.8957,3.4681,0.6761,92.59,35,117.67,2700
16495,28,2012,9,0.5618,1.8276,0.4678,95.25,15,2.96,3135
16495,29,2012,10,681.7386,2.8366,0.6187,69.98,24,1573.54,2945
16495,30,2012,11,735.993,3.4182,0.7361,27.05,25,1572.77,1305
16495,31,2012,12,0.6147,1.9911,0.5096,95.14,15,5.12,2652
16495,32,2012,13,0.752,1.505,0.4198,96.97,12,4.46,2479
16495,33,2012,14,37.6481,2.6769,0.6419,77.9,18,118.26,2267
16495,34,2012,15,0.118,1.675,0.648,100.0,6,0.73,1586
16495,35,2012,16,0.5384,2.643,0.6115,86.2,20,2.2,2732
16495,36,2012,17,0.4366,3.5028,0.707,97.83,31,2.19,2438
16495,37,2012,18,1.8218,2.2759,0.4144,95.14,45,14.6,925
16495,38,2012,19,233.6412,4.5184,0.7232,69.4,76,1572.77,281
16495,39,2012,20,8.7959,4.8399,0.7923,0.0,69,1575.1,177
16495,40,2012,21,6.5639,3.6261,0.6642,0.0,44,1588.32,233
16495,41,2012,22,9.384,3.7737,0.7191,0.0,38,1573.33,161
16495,42,2012,23,6.9722,3.9991,0.7797,0.0,35,1573.33,123
16495,43,2012,24,8.4046,4.824,0.801,0.0,65,1580.82,233
16495,44,2012,25,4.684,4.309,0.7991,0.0,42,1577.03,196
16495,45,2012,26,73.5981,4.7038,0.7754,0.0,67,1606.6,320
16495,46,2012,27,5.0286,4.8016,0.8064,0.0,62,1576.45,251
16495,47,2012,28,3.1266,3.671,0.7905,0.0,25,1572.74,109
16495,48,2012,29,68.0521,5.378,0.8264,0.0,91,1754.52,258
16495,49,2012,30,250.0642,5.792,0.8508,0.0,112,1576.37,357
16495,50,2012,31,228.6175,5.0741,0.8307,0.0,69,1610.02,217
16495,51,2012,32,6.0794,5.3015,0.8592,0.0,72,1579.22,212
16495,52,2012,33,501.6852,6.2872,0.9254,0.86,111,1573.34,232
16495,53,2012,34,49.181,4.7811,0.7749,70.57,72,123.04,299
16495,54,2012,35,1.7268,4.273,0.6995,79.08,69,6.56,325
16495,55,2012,36,0.815,3.9343,0.7344,84.62,41,3.36,156
16495,56,2012,37,0.6768,3.5875,0.7385,93.83,29,3.14,162
16495,57,2012,38,0.3148,2.7403,0.6572,100.0,18,0.8,82
16495,58,2012,39,0.44,3.5138,0.7093,98.52,31,1.16,135
16495,59,2012,40,0.5479,3.4692,0.6564,95.14,39,3.75,247
16495,60,2012,41,0.7263,4.3245,0.7624,83.46,51,2.56,272
16495,61,2012,42,55.1678,6.4189,0.8366,35.33,204,123.35,433
16495,62,2012,43,0.4112,3.4671,0.656,99.04,39,3.34,313
16495,63,2012,44,0.4382,3.6709,0.7636,97.28,28,1.69,147
16495,64,2012,45,0.8536,4.7211,0.7652,80.0,72,3.28,290
16495,65,2012,46,1.0814,3.9651,0.7794,84.62,34,4.68,182
16495,66,2012,47,751.7262,5.8368,0.7905,32.25,167,1572.78,493
16495,67,2012,48,1.209,3.8085,0.6976,83.61,44,9.61,299
16495,68,2012,49,0.8107,3.8359,0.7257,73.16,39,1.69,272
16495,69,2012,50,210.858,5.4824,0.8915,26.62,71,841.4,154
16495,70,2012,51,179.7931,5.3029,0.7505,0.0,134,1575.83,382
16495,71,2012,52,163.0274,5.815,0.8575,0.0,110,1590.88,252
16495,72,2013,1,9.7073,3.4085,0.709,0.0,28,1573.4,165
16495,73,2013,2,577.9041,6.0976,0.8359,0.0,157,1574.12,376
16495,74,2013,3,30.1352,4.068,0.6683,43.04,68,120.72,309
16495,75,2013,4,1.7716,0.8631,0.8631,0.0,2,3.0,7
16495,76,2013,5,34.7394,4.6551,0.7189,60.04,89,126.17,448
16495,77,2013,6,63.9695,6.4619,0.8446,31.19,201,151.29,513
16495,78,2013,7,1.1493,4.7842,0.7705,70.69,74,7.17,481
16495,79,2013,8,1.2028,4.2556,0.7296,54.68,57,4.46,278
16495,80,2013,9,1.0235,3.9554,0.7841,58.85,33,3.26,243
16495,81,2013,10,194.731,4.7809,0.7364,44.89,90,1695.78,323
16495,82,2013,11,1600.8231,5.4351,0.7704,0.0,133,7369.26,377
16495,83,2013,12,1.3871,3.85,0.7447,45.97,36,4.86,372
16495,84,2013,13,61.2616,6.5658,0.8459,14.29,217,155.65,623
16495,85,2013,14,44.8188,4.5407,0.7927,13.19,53,127.25,182
16495,86,2013,15,51.0711,4.7013,0.7548,20.16,75,125.96,367
16495,87,2013,16,1.2325,3.5559,0.732,47.28,29,4.61,239
16495,88,2013,17,61.3185,5.443,0.8364,28.0,91,152.71,225
16495,89,2013,18,2.3781,3.8614,0.7794,35.88,31,9.07,131
16495,90,2013,19,2319.1005,3.5847,0.7818,38.82,24,8947.09,152
17041,10,2011,43,0.5144,2.1602,0.4775,95.28,23,3.69,1590
17041,11,2011,44,114.8923,2.2982,0.5882,96.74,15,743.59,1502
17041,12,2011,45,0.3866,2.4617,0.5067,92.85,29,4.59,3103
17041,13,2011,46,0.1636,1.0749,0.2487,100.0,20,0.76,3361
17041,14,2011,47,1.0647,3.0235,0.6162,91.92,30,5.55,3070
17041,15,2011,48,0.3213,1.8335,0.6112,97.63,8,1.45,3002
17041,16,2011,49,0.6425,2.309,0.5257,97.63,21,4.47,1729
17041,17,2011,50,2952.7105,3.2154,0.7108,43.52,23,11830.49,2052
17041,18,2011,51,3.9307,2.1604,0.5181,0.0,18,1609.68,840
17041,19,2011,52,1.6264,2.0,0.8614,0.0,5,1609.68,8
17041,20,2012,1,0.9554,1.0,1.0,0.0,2,1609.46,2
17041,21,2012,2,0.4502,0.9183,0.9183,0.0,2,1609.46,3
17041,22,2012,3,165.4491,2.0295,0.5074,59.33,16,1564.46,2471
17041,23,2012,4,0.2437,2.0398,0.5099,99.88,16,2.85,3200
17041,24,2012,5,0.154,2.4627,0.6303,100.0,15,0.78,3221
17041,25,2012,6,0.5919,2.9689,0.6759,86.23,21,2.86,2708
17041,26,2012,7,0.174,1.7014,0.606,100.0,7,0.63,2472
17041,27,2012,8,0.7165,2.558,0.6718,99.24,14,9.12,3307
17041,28,2012,9,0.5437,1.4221,0.474,95.2,8,2.96,3143
17041,29,2012,10,0.2386,1.2415,0.6207,100.0,4,0.76,2343
17041,30,2012,11,0.0,0.0,0.0,100.0,1,0.73,55
17041,31,2012,12,30.1187,2.1062,0.5265,62.99,16,205.56,2599
17041,32,2012,13,333.4628,0.3169,0.2,95.24,3,2902.47,1575
17041,33,2012,14,185.4526,1.9214,0.7433,40.05,6,2897.65,3069
17041,34,2012,15,0.218,0.1723,0.1723,97.43,2,1.52,2335
17041,35,2012,16,0.9063,1.3716,0.6858,82.89,4,2.83,2449
17041,36,2012,17,0.2205,0.7229,0.7229,100.0,2,0.74,2105
17041,37,2012,18,0.0,0.0,0.0,100.0,1,0.74,2
17041,46,2012,27,0.0,0.0,0.0,0.0,1,1609.53,301
17041,47,2012,28,1037.2603,1.5741,0.6779,0.0,5,1609.53,1924
17041,48,2012,29,2.57,0.6679,0.2877,0.0,5,857.8,608
17353,7,2011,40,0.4984,2.4061,0.6955,93.12,11,1.76,1686
17353,8,2011,41,18.1688,1.2227,0.473,94.65,6,89.41,2747
17353,9,2011,42,391.2541,2.3906,0.6668,65.4,12,851.16,2026
17353,10,2011,43,0.0052,0.0048,0.0048,100.0,2,0.74,2699
17353,11,2011,44,0.106,0.7942,0.3421,100.0,5,0.54,1842
17353,12,2011,45,368.7308,1.9881,0.5222,51.65,14,842.7,3237
17353,13,2011,46,23.7355,1.5985,0.5328,99.22,8,275.19,3075
17353,14,2011,47,393.8301,1.8983,0.4859,60.67,15,835.21,2108
17353,15,2011,48,51.258,1.6089,0.6929,81.33,5,131.23,2153
17353,16,2011,49,0.3426,1.3434,0.5786,100.0,5,0.74,882
17353,17,2011,50,324.912,1.4491,0.5162,77.61,7,835.18,2318
17353,18,2011,51,66.4435,1.4576,0.4598,0.0,9,1012.6,2161
17353,19,2011,52,616.2219,3.1068,0.7314,0.0,19,1541.8,1909
17353,20,2012,1,8.5576,1.1926,0.7524,0.0,3,835.36,2040
17353,21,2012,2,340.1968,2.675,0.4961,0.0,42,845.3,1627
17353,22,2012,3,26.4087,0.947,0.4079,98.09,5,193.68,2151
17353,23,2012,4,0.1271,0.5301,0.3345,100.0,3,0.74,2916
17353,24,2012,5,0.7385,1.3571,0.6785,88.42,4,2.94,2866
17353,25,2012,6,0.4427,0.7708,0.3854,96.26,4,2.94,2782
17353,26,2012,7,0.2369,0.7856,0.4957,100.0,3,0.74,2121
17353,27,2012,8,7.8104,1.7357,0.5017,89.77,11,30.94,2980
17353,28,2012,9,0.174,0.9539,0.318,99.64,8,1.99,2246
17353,29,2012,10,372.8413,2.3858,0.7182,72.14,10,856.35,1978
17353,30,2012,11,397.342,1.3918,0.8781,34.61,3,834.89,1618
17353,31,2012,12,0.1814,0.8087,0.5103,100.0,3,0.74,2144
17353,32,2012,13,0.159,0.8443,0.4222,100.0,4,0.75,2290
17353,33,2012,14,62.0689,1.5521,0.5529,69.03,7,141.72,2241
17353,34,2012,15,42.4457,0.8532,0.4266,89.97,4,141.72,2362
17353,35,2012,16,0.2241,0.6576,0.2544,98.43,6,1.12,3048
17353,36,2012,17,0.2349,1.8351,0.5789,100.0,9,0.74,2774
17353,37,2012,18,0.4314,2.806,0.7182,86.25,15,1.58,160
17353,38,2012,19,297.4991,5.1458,0.7545,46.88,113,852.96,256
17353,39,2012,20,78.4664,5.3653,0.8306,0.0,88,1137.72,182
17353,40,2012,21,7.3937,3.0889,0.5844,0.0,39,856.22,198
17353,41,2012,22,78.4979,4.1575,0.7224,0.0,54,845.62,153
17353,42,2012,23,6.499,3.0636,0.5546,0.0,46,848.08,214
17353,43,2012,24,447.4979,3.6195,0.7057,0.0,35,856.53,130
17353,44,2012,25,6.8245,3.4483,0.8118,0.0,19,70.33,121
17353,45,2012,26,4.3913,1.6007,0.5702,0.0,7,70.34,78
17353,46,2012,27,7.132,2.5867,0.6794,0.0,14,70.47,153
17353,47,2012,28,4.4384,2.782,0.8042,0.0,11,70.48,70
17353,48,2012,29,23.118,3.2169,0.7715,0.0,18,79.3,128
17353,49,2012,30,3.657,2.6406,0.7949,0.0,10,70.48,96
17353,50,2012,31,10.1662,2.8452,0.8565,0.0,10,70.46,51
17353,51,2012,32,18.8071,4.8284,0.8645,0.0,48,866.7,101
17353,52,2012,33,1.0767,4.2406,0.8918,84.06,27,5.07,69
17353,53,2012,34,0.4281,3.384,0.7287,95.87,25,1.26,121
17353,54,2012,35,0.6917,3.8232,0.7454,82.64,35,5.12,144
17353,55,2012,36,0.9185,3.9562,0.7713,88.79,35,5.15,107
17353,56,2012,37,0.402,3.3797,0.719,95.5,26,1.16,111
17353,57,2012,38,0.7993,3.4272,0.7291,94.69,26,5.16,113
17353,58,2012,39,0.4101,2.6753,0.7462,93.18,12,1.03,44
17353,59,2012,40,47.7969,4.5515,0.7984,75.0,52,117.36,208
17353,60,2012,41,246.2366,5.274,0.7938,78.72,100,842.39,343
17353,61,2012,42,263.4946,3.1957,0.5455,3.41,58,857.22,264
17353,62,2012,43,506.0451,6.6694,0.9012,23.15,169,1217.33,324
17353,63,2012,44,107.4401,5.398,0.8255,79.87,93,453.95,298
17353,64,2012,45,0.6278,4.1316,0.7321,90.11,50,6.61,283
17353,65,2012,46,0.5183,4.3852,0.7895,91.77,47,1.67,231
17353,66,2012,47,367.5614,4.4371,0.7945,26.97,48,844.91,152
17353,67,2012,48,1.1216,3.8118,0.7212,98.91,39,12.32,276
17353,68,2012,49,1.484,4.6209,0.7888,85.56,58,8.29,270
17353,69,2012,50,114.5101,4.4913,0.7958,88.63,50,541.41,211
17353,70,2012,51,103.327,5.3455,0.8099,0.0,97,857.1,226
17353,71,2012,52,10.9584,4.2353,0.717,0.0,60,860.2,209
17353,72,2013,1,753.6862,4.9166,0.8022,0.0,70,1857.21,256
17353,73,2013,2,671.1345,5.587,0.8192,1.45,113,1834.38,345
17353,74,2013,3,0.6856,2.3423,0.5109,92.61,24,5.05,230
17353,75,2013,4,0.2785,3.0947,0.637,100.0,29,0.74,195
17353,76,2013,5,0.9161,3.4069,0.7087,97.12,28,5.47,243
17353,77,2013,6,560.8572,4.7496,0.7698,71.26,72,8947.02,261
17353,78,2013,7,38.7782,3.4171,0.6465,80.27,39,116.84,294
17353,79,2013,8,0.2592,1.641,0.5177,98.54,9,1.62,205
17353,80,2013,9,0.2839,2.0613,0.7343,98.01,7,1.49,201
17353,81,2013,10,303.6483,2.6736,0.5623,80.31,27,842.13,259
17353,82,2013,11,104.6667,4.4235,0.6644,0.0,101,844.17,349
17353,83,2013,12,0.5085,1.5947,0.461,88.03,11,3.04,142
17353,84,2013,13,398.7761,2.7708,0.6779,64.8,17,836.86,179
17353,85,2013,14,275.895,3.9674,0.8543,79.14,25,853.94,139
17353,86,2013,15,0.3218,2.0563,0.5557,80.89,13,1.26,225
17353,87,2013,16,0.748,2.9905,0.704,87.15,19,5.74,179
17353,88,2013,17,0.7961,1.7441,0.4865,94.27,12,5.86,192
17353,89,2013,18,1.2771,3.4848,0.7329,86.96,27,8.16,253
17353,90,2013,19,1.2877,2.3084,0.5647,76.39,17,5.85,233
17353,91,2013,20,33.0266,2.1047,0.5387,72.55,15,409.25,153
17353,92,2013,21,69.6389,2.4759,0.5046,0.0,30,843.69,183
17353,93,2013,22,572.0873,2.9,0.6411,0.0,23,2934.22,207
17353,100,2013,29,0.0,0.0,0.0,0.0,1,12066.5,5
17353,101,2013,30,10371.2536,2.4903,0.7856,0.0,9,12066.5,35
17353,102,2013,31,8.0887,2.1281,0.9165,0.0,5,855.67,7
17353,103,2013,32,1.9094,2.8387,0.6463,0.0,21,842.62,207
17353,104,2013,33,4.3213,2.7966,0.7801,0.0,12,835.38,79
17353,105,2013,34,387.1106,4.4279,0.832,42.78,40,856.52,194
17353,106,2013,35,0.2413,0.5436,0.5436,100.0,2,0.53,8
17353,137,2014,14,2.4832,3.6192,0.7612,91.74,27,14.54,121
17353,138,2014,15,0.8327,4.0572,0.7265,90.36,48,4.92,332
17353,139,2014,16,200.2987,4.7881,0.795,71.84,65,527.98,206
17353,140,2014,17,198.104,5.2522,0.8569,69.63,70,629.27,214
17353,141,2014,18,1.1939,3.3037,0.6801,95.65,29,14.51,253
17353,142,2014,19,336.2282,5.3348,0.8158,52.81,93,843.71,231
17353,143,2014,20,7.5921,3.0913,0.8354,0.0,13,837.56,37
18344,109,2013,38,0.154,1.8927,0.6309,100.0,8,0.58,70
18344,110,2013,39,0.6702,3.4915,0.7428,79.74,26,4.59,153
18344,111,2013,40,0.3579,3.3329,0.7588,94.57,21,1.12,92
18344,114,2013,43,47.204,4.1139,0.7182,2.68,53,183.04,261
18344,115,2013,44,62.3265,2.3936,0.5856,74.74,17,167.58,194
18344,116,2013,45,0.2087,2.1821,0.6087,98.0,12,1.28,50
18344,117,2013,46,0.2494,2.4392,0.7695,98.77,9,1.28,81
18344,118,2013,47,0.305,2.9253,0.7905,98.28,13,0.92,58
18344,119,2013,48,78.7026,3.6293,0.7471,35.21,29,167.59,71
18344,120,2013,49,0.2395,2.4423,0.6106,100.0,16,0.75,114
18344,121,2013,50,0.2265,3.3044,0.8458,100.0,15,0.74,51
18344,123,2013,52,1.7003,1.8295,0.9147,0.0,4,166.97,15
18344,124,2014,1,9.9726,1.8854,0.4952,0.0,14,169.66,87
18344,125,2014,2,11.0128,2.5518,0.6896,0.0,13,169.49,42
18344,126,2014,3,0.0,0.0,0.0,0.0,1,166.93,6
18394,7,2011,40,1.0751,1.9562,0.5655,94.5,11,4.87,1000
18394,8,2011,41,207.5297,2.5829,0.7205,71.74,12,494.17,2095
18394,9,2011,42,254.7895,3.4239,0.7922,26.17,20,765.35,2446
18394,10,2011,43,0.1842,1.7674,0.8837,100.0,4,0.53,1274
18394,11,2011,44,0.0,0.0,0.0,100.0,1,0.38,2
18394,12,2011,45,0.0063,0.0,0.0,100.0,1,0.51,2
18394,13,2011,46,0.0,0.0,0.0,100.0,1,0.58,1
18394,14,2011,47,0.0,0.0,0.0,0.0,1,475.34,1
18394,15,2011,48,0.0,0.0,0.0,100.0,1,0.55,2
18394,16,2011,49,0.0,0.0,0.0,100.0,1,0.4,1
18394,17,2011,50,0.0,0.0,0.0,0.0,1,492.69,1
18394,18,2011,51,0.0,0.0,0.0,0.0,1,492.7,2
18394,28,2012,9,0.178,1.5567,0.9821,100.0,3,0.29,7
18394,29,2012,10,241.3698,1.9219,0.961,60.0,4,493.42,5
18394,30,2012,11,2.6962,0.971,0.971,0.0,2,492.7,5
18394,31,2012,12,0.0471,1.0,1.0,100.0,2,0.58,2
18394,39,2012,20,4.2941,1.9566,0.589,0.0,10,505.66,67
18394,40,2012,21,5.8557,2.2315,0.7438,0.0,8,507.41,35
18394,41,2012,22,98.9073,4.2356,0.8014,0.0,39,689.38,132
18394,42,2012,23,18.0639,3.773,0.6911,0.0,44,572.9,131
18394,43,2012,24,4.5094,3.5707,0.6804,0.0,38,505.63,131
18394,44,2012,25,460.1767,4.5905,0.7771,0.0,60,1168.12,190
18394,45,2012,26,512.3037,4.3875,0.7285,0.0,65,1168.12,223
18394,46,2012,27,2.5711,1.8751,0.6679,0.0,7,496.7,21
18394,47,2012,28,349.6603,5.6106,0.8463,0.0,99,834.14,243
18394,48,2012,29,5.1219,3.8609,0.7115,0.0,43,508.04,191
18394,49,2012,30,4.6043,4.316,0.811,0.0,40,500.62,136
18394,50,2012,31,4.5808,4.0502,0.7333,0.0,46,506.09,269
18394,51,2012,32,4.4594,3.0866,0.7402,0.0,18,499.6,56
18394,52,2012,33,245.9891,4.4794,0.8417,31.86,40,496.35,113
18394,53,2012,34,0.9017,3.7269,0.7595,93.43,30,5.43,198
18394,54,2012,35,0.4177,2.4336,0.6577,97.75,13,1.69,178
18394,55,2012,36,0.6953,2.9492,0.7373,87.79,16,3.36,172
18394,56,2012,37,0.4532,2.9303,0.75,94.57,15,1.57,129
18394,57,2012,38,0.7493,2.8299,0.7075,87.12,16,5.16,163
18394,58,2012,39,0.5719,2.4031,0.6151,96.04,15,5.0,202
18394,59,2012,40,0.6321,2.7393,0.6848,96.26,16,5.94,187
18394,60,2012,41,47.867,3.7594,0.782,82.52,28,451.81,309
18394,61,2012,42,225.6929,3.417,0.6662,30.27,35,495.7,185
18394,62,2012,43,246.674,3.7196,0.6898,57.85,42,546.65,344
18394,63,2012,44,0.4998,2.955,0.6728,91.54,21,1.68,402
18394,64,2012,45,0.7192,2.4681,0.5919,88.93,18,6.42,307
18394,65,2012,46,0.6414,2.6327,0.6441,89.33,17,5.91,328
18394,66,2012,47,237.2049,3.1905,0.7382,50.0,20,493.43,106
18394,67,2012,48,0.8216,2.9115,0.635,89.45,24,5.12,379
18394,68,2012,49,0.508,2.7445,0.7025,95.16,15,4.45,310
18394,69,2012,50,183.95,3.649,0.7858,78.02,25,493.39,232
18394,70,2012,51,1.7517,1.9243,0.6071,0.0,9,495.85,37
18394,71,2012,52,248.3439,4.47,0.8786,0.0,34,832.68,97
18394,72,2013,1,712.8541,4.132,0.7248,0.0,52,1855.6,323
18394,73,2013,2,810.929,4.1363,0.6795,0.0,68,1855.89,394
18394,74,2013,3,6.817,2.8937,0.5688,87.78,34,127.89,360
18394,75,2013,4,0.4581,1.961,0.8445,90.0,5,1.78,10
18420,7,2011,40,492.4197,1.3534,0.4511,20.75,8,1117.55,588
18420,8,2011,41,1222.9231,3.3669,0.6734,72.78,32,3106.12,2083
18420,9,2011,42,1354.4672,3.5172,0.6914,20.45,34,3106.13,3008
18420,10,2011,43,0.3338,3.0145,0.8146,100.0,13,0.79,2282
18420,11,2011,44,0.3628,2.8243,0.7229,95.95,15,4.5,2791
18420,12,2011,45,0.366,1.6682,0.6453,99.82,6,6.11,2206
18420,13,2011,46,0.0776,1.3701,0.685,100.0,4,0.79,2516
18420,14,2011,47,1540.5668,2.7095,0.7322,38.16,13,3106.81,2204
18420,15,2011,48,31.3252,0.8965,0.4482,93.27,4,127.61,327
18420,16,2011,49,0.0,0.0,0.0,100.0,1,0.24,2
18420,17,2011,50,0.0698,0.6136,0.6136,100.0,2,0.44,33
18420,22,2012,3,0.5461,1.571,0.7855,90.0,4,1.45,10
18420,23,2012,4,0.0,0.0,0.0,100.0,1,0.43,9
18420,24,2012,5,0.0,0.0,0.0,100.0,1,0.46,1
18420,25,2012,6,0.2709,1.0066,0.6351,98.84,3,1.18,86
18420,26,2012,7,0.0,0.0,0.0,100.0,1,0.74,13
18420,27,2012,8,0.3165,1.247,0.6235,100.0,4,0.86,79
18420,28,2012,9,0.0023,0.0,0.0,100.0,1,0.44,39
18420,29,2012,10,1310.1169,2.161,0.836,50.0,6,3086.74,10
18420,30,2012,11,942.1986,2.4194,0.9359,11.11,6,3106.13,9
18420,31,2012,12,0.2664,1.585,1.0,100.0,3,0.74,3
18420,32,2012,13,0.0514,0.9864,0.6224,100.0,3,0.46,9
18420,33,2012,14,0.0027,0.0,0.0,100.0,1,0.43,19
18420,34,2012,15,0.1699,1.0433,0.6582,100.0,3,0.44,49
18420,35,2012,16,0.2843,1.9167,0.9584,100.0,4,0.73,56
18420,36,2012,17,0.1479,0.9219,0.5817,100.0,3,0.43,80
18420,37,2012,18,0.2446,1.4466,0.7233,100.0,4,0.61,9
18420,38,2012,19,69.4712,1.4355,0.9057,44.44,3,139.82,9
18420,53,2012,34,0.1675,1.9254,0.8292,100.0,5,0.72,17
18420,54,2012,35,0.2867,1.7527,0.8764,100.0,4,0.72,9
18420,55,2012,36,0.1647,2.182,0.9397,100.0,5,0.71,14
18420,56,2012,37,0.197,1.7296,0.8648,100.0,4,0.71,12
18420,57,2012,38,0.1601,1.8879,0.944,100.0,4,0.7,12
18420,58,2012,39,0.2313,1.9056,0.9528,100.0,4,0.53,8
18420,59,2012,40,0.2709,2.2835,0.8134,100.0,7,0.72,28
18420,60,2012,41,0.854,1.9363,0.9681,37.5,4,1.96,16
18420,61,2012,42,0.0074,0.0,0.0,100.0,1,0.39,7
18420,62,2012,43,0.3233,3.4536,0.8449,100.0,17,0.74,63
18420,63,2012,44,0.0706,1.4299,0.715,100.0,4,0.45,14
18420,64,2012,45,0.2743,2.0149,0.8678,100.0,5,0.74,27
18420,65,2012,46,0.0608,0.8113,0.8113,100.0,2,0.41,4
18420,66,2012,47,1542.7588,3.6573,0.9361,36.36,15,3106.41,33
18420,67,2012,48,0.3447,3.3202,0.7962,98.51,18,1.03,67
18420,68,2012,49,0.2262,2.214,0.8565,100.0,6,0.74,23
18420,69,2012,50,11.6361,2.7516,0.9172,50.0,8,33.92,12
18420,73,2013,2,21.6922,2.3219,1.0,0.0,5,141.06,5
18420,74,2013,3,0.122,2.419,0.9358,100.0,6,0.73,17
18420,75,2013,4,0.371,1.9852,0.855,100.0,5,0.82,14
18420,76,2013,5,0.2953,2.1056,0.9068,100.0,5,0.73,15
18420,77,2013,6,0.5196,2.1244,0.9149,95.24,5,1.0,21
18420,78,2013,7,0.3596,1.6266,0.7005,100.0,5,0.79,16
18420,79,2013,8,0.1353,1.6738,0.7209,100.0,5,0.73,16
18420,80,2013,9,0.6123,2.0986,0.8118,88.89,6,1.72,18
18420,81,2013,10,932.7177,3.6682,0.917,90.0,16,3104.58,30
18420,82,2013,11,1480.5737,2.5493,0.9081,53.33,7,3104.58,15
18420,83,2013,12,0.1856,1.4488,0.9141,100.0,3,0.74,7
18420,84,2013,13,0.0714,1.9878,0.8561,100.0,5,0.43,13
18420,85,2013,14,0.6654,2.9115,0.6982,90.27,18,2.92,113
18420,86,2013,15,1.595,3.202,0.6243,87.83,35,10.84,304
18420,87,2013,16,0.2876,3.3699,0.657,97.89,35,1.2,331
18420,88,2013,17,0.9977,3.013,0.5874,95.5,35,5.25,289
18420,89,2013,18,0.1422,1.8399,0.4412,100.0,18,0.61,236
18420,90,2013,19,0.1582,1.9975,0.4994,99.62,16,1.16,265
18420,91,2013,20,0.2967,2.4475,0.5762,94.25,19,1.27,174
18420,92,2013,21,0.7856,3.7078,0.6876,38.18,42,3.75,275
18420,93,2013,22,0.8068,3.1827,0.6309,29.39,33,4.15,228
18420,94,2013,23,7.4616,2.0706,0.4516,12.5,24,26.82,216
18420,95,2013,24,0.5153,1.5491,0.4887,21.95,9,1.79,82
18420,96,2013,25,0.6083,2.5782,0.5422,32.5,27,1.95,200
18420,97,2013,26,5.4282,3.6387,0.6884,18.13,39,67.9,193
18420,98,2013,27,0.4589,1.8823,0.4944,18.67,14,1.58,225
18420,99,2013,28,0.4833,1.7926,0.4386,19.81,17,1.78,313
18420,100,2013,29,0.7151,2.7195,0.5489,19.31,31,4.07,259
18420,101,2013,30,35.2005,3.6939,0.6068,24.1,68,141.03,307
18420,106,2013,35,0.0421,0.9007,0.4503,100.0,4,0.53,191
18420,107,2013,36,0.0449,0.8099,0.8099,100.0,2,0.51,297
18420,108,2013,37,0.0836,0.5981,0.2314,100.0,6,0.48,140
18420,115,2013,44,0.0354,0.7593,0.7593,100.0,2,0.5,41
18420,116,2013,45,0.0468,0.9968,0.9968,100.0,2,0.5,15
18420,117,2013,46,0.0446,0.8631,0.8631,100.0,2,0.5,14
18707,14,2011,47,37.3886,2.6041,0.5256,11.89,31,121.91,1472
18707,15,2011,48,0.553,0.9389,0.3632,79.89,6,1.68,2039
18707,16,2011,49,1.4426,1.4174,0.3543,92.94,16,6.27,2096
18707,17,2011,50,53.8654,1.4963,0.4325,49.64,11,110.37,2480
18707,18,2011,51,3.7515,2.7386,0.7401,0.0,13,121.9,2676
18707,19,2011,52,8.8008,1.1633,0.45,0.0,6,135.09,1422
19066,8,2011,41,622.2076,2.7156,0.6951,70.69,15,1587.74,1310
19066,9,2011,42,747.0078,3.4461,0.6666,24.33,36,1590.28,1870
19066,10,2011,43,0.5663,2.2686,0.6328,37.69,12,2.91,1897
19066,11,2011,44,16.5777,2.9865,0.7844,57.39,14,42.19,1997
19066,12,2011,45,2.9716,0.9797,0.2832,99.3,11,42.19,1869
19066,13,2011,46,0.3022,1.3434,0.5786,100.0,5,0.74,1718
19066,14,2011,47,797.5791,3.4718,0.5609,50.79,73,1687.97,2077
19066,15,2011,48,0.3049,2.1905,0.6332,99.83,11,1.65,1790
19066,16,2011,49,0.639,3.0242,0.5722,94.77,39,3.18,2583
19066,17,2011,50,602.0836,3.7963,0.5373,70.56,134,1587.17,2364
19066,18,2011,51,288.683,3.9001,0.5697,0.0,115,1688.4,2125
19066,19,2011,52,47.4635,4.4251,0.6172,0.0,144,1790.33,2465
19066,20,2012,1,9.8611,4.1976,0.6178,0.0,111,1595.64,2633
19066,21,2012,2,196.1231,2.4492,0.392,0.0,76,1685.99,2147
19066,22,2012,3,130.0169,3.9431,0.5572,65.7,135,858.28,2242
19066,23,2012,4,101.3902,1.9983,0.5249,86.72,14,330.17,1912
19066,24,2012,5,0.3808,3.0059,0.5248,99.0,53,3.44,2687
19066,25,2012,6,0.5191,1.9377,0.3989,95.95,29,4.18,2444
19066,26,2012,7,170.7379,2.9526,0.4407,69.55,104,545.01,2266
19066,27,2012,8,32.1811,2.58,0.4155,93.34,74,307.57,2327
19066,28,2012,9,0.5423,2.6354,0.5607,94.56,26,1.65,1471
19066,29,2012,10,630.6188,3.4844,0.5381,75.9,89,1694.42,1896
19066,30,2012,11,700.9634,4.2395,0.5842,20.14,153,1690.1,2244
19066,31,2012,12,0.3948,2.5552,0.4381,98.21,57,3.78,2405
19066,32,2012,13,0.4304,3.4483,0.611,97.33,50,1.51,1982
19066,33,2012,14,1.3316,3.3292,0.5396,95.09,72,11.49,2321
19066,34,2012,15,0.4623,3.0914,0.5172,96.47,63,4.24,2690
19066,35,2012,16,0.3384,2.9493,0.5542,99.86,40,1.68,2149
19066,36,2012,17,0.3103,2.4593,0.4757,99.56,36,1.68,2060
19066,37,2012,18,0.5498,2.5439,0.5135,97.82,31,7.34,964
19066,38,2012,19,732.5058,5.5967,0.7806,44.22,144,1609.16,441
19066,39,2012,20,69.9635,4.7533,0.6858,0.0,122,2918.54,610
19066,40,2012,21,244.3156,4.1638,0.5884,0.0,135,2918.53,1676
19066,41,2012,22,485.3332,4.6733,0.63,0.0,171,1595.47,1584
19066,42,2012,23,4.8777,2.4111,0.3782,0.0,83,392.04,2143
19066,43,2012,24,5.702,3.3462,0.5712,0.0,58,406.24,640
19066,44,2012,25,4.575,2.7367,0.6442,0.0,19,400.3,160
19066,45,2012,26,4.2434,3.0111,0.6484,0.0,25,399.64,225
19066,46,2012,27,6.1991,4.12,0.8986,0.0,24,403.53,76
19066,53,2012,34,3.6793,3.1108,0.7323,87.14,19,30.46,70
19066,54,2012,35,0.4046,3.6094,0.7872,98.79,24,1.17,165
19066,55,2012,36,0.0908,1.0,1.0,100.0,2,0.71,12
19066,56,2012,37,0.096,0.8813,0.8813,100.0,2,0.71,10
19066,57,2012,38,0.3767,2.9695,0.8584,97.92,11,1.03,96
19066,58,2012,39,0.3607,2.7126,0.6386,97.39,19,1.06,115
19066,59,2012,40,0.2041,2.0499,0.793,100.0,6,0.76,36
19066,83,2013,12,0.7265,2.9625,0.6461,88.67,24,3.05,150
19066,84,2013,13,272.0237,4.3937,0.7867,76.21,48,843.59,206
19066,85,2013,14,178.1584,5.8841,0.8627,29.39,113,834.54,245
19066,86,2013,15,3.7287,5.3741,0.7583,48.99,136,46.72,1286
19066,87,2013,16,1.2186,5.1529,0.7555,52.42,113,5.22,1238
19066,88,2013,17,0.9085,4.8529,0.7891,53.59,71,5.08,599
19066,89,2013,18,1.9203,5.3756,0.7824,39.1,117,8.51,670
19066,90,2013,19,1.6116,4.562,0.7821,72.29,57,5.29,314
19066,91,2013,20,20.9764,6.241,0.9662,9.76,88,67.86,123
19066,92,2013,21,1.9131,4.0026,0.7332,6.9,44,5.59,203
19066,93,2013,22,0.0034,0.0,0.0,0.0,1,1.5,4
19066,94,2013,23,0.7203,3.3009,0.6488,46.07,34,1.88,382
19066,95,2013,24,1.8038,4.5555,0.7146,49.4,83,7.14,579
19066,96,2013,25,13.5734,4.2942,0.7428,59.69,55,287.82,449
19066,97,2013,26,752.3079,7.2622,0.8485,12.89,377,1605.61,1117
19066,98,2013,27,29.6377,7.1536,0.7914,0.0,526,1687.9,1612
19066,99,2013,28,746.748,5.9538,0.8351,31.45,140,1581.25,620
19066,100,2013,29,0.9008,4.1886,0.7313,61.87,53,2.95,619
19066,101,2013,30,718.2019,5.6009,0.7891,9.2,137,2045.19,522
19066,102,2013,31,108.076,5.4111,0.704,0.0,206,2051.98,1125
19066,103,2013,32,700.1051,5.4936,0.8617,0.0,83,2763.84,291
19844,7,2011,40,0.3116,2.492,0.5435,99.16,24,2.73,2258
19844,8,2011,41,290.4629,3.0536,0.5235,81.08,57,821.54,3224
19844,9,2011,42,348.8935,2.6875,0.505,22.77,40,784.22,2969
19844,10,2011,43,0.5985,2.6178,0.5569,98.38,26,5.61,2899
19844,11,2011,44,0.4965,2.5798,0.6073,96.38,19,2.87,2985
19844,12,2011,45,0.3285,2.834,0.6355,98.24,22,2.14,2959
19844,13,2011,46,0.3218,2.6793,0.577,96.43,25,3.87,3192
19844,14,2011,47,352.0206,4.3487,0.7557,32.99,54,783.47,3095
19844,15,2011,48,0.6249,3.3086,0.6559,92.55,33,5.09,3126
19844,16,2011,49,0.4354,2.7005,0.6357,97.92,19,2.98,3036
19844,17,2011,50,357.7208,3.5068,0.6952,65.24,33,783.43,3098
19844,18,2011,51,8.607,2.8503,0.7486,0.0,14,783.47,2326
19844,19,2011,52,0.6114,1.4355,0.9057,0.0,3,783.46,9
19844,20,2012,1,1.69,0.9183,0.9183,0.0,2,783.45,3
19844,21,2012,2,0.5946,1.0,1.0,0.0,2,783.44,4
19844,22,2012,3,0.3256,0.8113,0.8113,100.0,2,0.73,4
19844,23,2012,4,0.1631,1.0,1.0,100.0,2,0.42,6
19844,24,2012,5,0.0013,0.0,0.0,100.0,1,0.42,2
19844,25,2012,6,0.0448,0.971,0.971,0.0,2,116.76,5
19844,26,2012,7,0.1264,0.5917,0.5917,100.0,2,0.53,7
19844,27,2012,8,99.4428,2.585,0.9208,50.0,7,199.29,12
19844,28,2012,9,0.1141,1.0,1.0,100.0,2,0.47,2
19844,29,2012,10,369.188,0.9183,0.9183,33.33,2,783.48,3
19844,30,2012,11,4.6284,0.8113,0.8113,0.0,2,783.46,4
19844,31,2012,12,0.0,0.0,0.0,100.0,1,0.73,1
19844,32,2012,13,0.0,0.0,0.0,100.0,1,0.75,1
19844,33,2012,14,57.5943,1.0,1.0,50.0,2,115.52,2
19844,34,2012,15,0.1737,0.9183,0.9183,100.0,2,0.73,3
19844,37,2012,18,0.3722,1.5831,0.4766,99.61,10,5.07,513
19844,38,2012,19,350.8722,3.0169,0.9517,72.22,9,783.48,18
19844,39,2012,20,353.4704,1.9502,0.9751,28.57,4,783.48,7
19844,40,2012,21,3.227,2.4955,0.8889,0.0,7,783.48,95
19844,41,2012,22,315.334,2.2026,0.6948,0.0,9,786.79,45
19844,42,2012,23,88.486,2.1795,0.5724,0.0,14,250.03,77
19844,43,2012,24,0.0,0.0,0.0,0.0,1,3.87,42
19844,44,2012,25,5.5696,1.7448,0.675,7.69,6,31.53,39
19844,45,2012,26,1.5198,2.463,0.777,0.0,9,8.2,131
19844,46,2012,27,7.6539,2.5306,0.7618,0.0,10,36.97,65
19844,47,2012,28,1.7122,3.2642,0.7986,22.34,17,6.47,94
19844,48,2012,29,1.6128,3.0025,0.7506,25.0,16,3.87,108
19844,49,2012,30,427.8688,4.5759,0.7915,3.76,55,1754.54,346
19844,50,2012,31,12.6696,2.3828,0.6888,0.0,11,783.51,169
19844,51,2012,32,1.9588,2.757,0.745,0.0,13,783.51,148
19844,52,2012,33,374.8636,3.4631,0.8864,24.66,15,783.69,73
19844,53,2012,34,640.522,3.2076,0.7422,95.05,20,6447.45,101
19844,54,2012,35,0.2927,2.1538,0.8332,100.0,6,0.72,80
19844,55,2012,36,1.9718,2.9183,0.7665,88.17,14,6.21,93
19844,56,2012,37,1.9636,2.7521,0.7228,92.63,14,9.53,95
19844,57,2012,38,0.3771,3.2327,0.8274,93.2,15,1.79,103
19844,58,2012,39,0.5004,2.5244,0.6461,96.13,15,2.3,155
19844,59,2012,40,0.2528,2.8154,0.7395,99.26,14,0.81,136
19844,60,2012,41,0.2559,3.1025,0.8384,100.0,13,0.74,158
19844,61,2012,42,70.3976,4.7125,0.8739,35.6,42,165.19,250
19844,62,2012,43,0.4566,2.6054,0.7531,97.74,11,4.56,177
19844,63,2012,44,8.7207,3.0704,0.7859,80.95,15,80.58,84
19844,64,2012,45,0.2637,2.4925,0.7863,99.09,9,1.52,110
19844,65,2012,46,2.231,3.695,0.8059,82.78,24,7.74,209
19844,66,2012,47,358.44,4.5553,0.856,36.15,40,783.49,130
19844,67,2012,48,2.0278,2.936,0.7515,91.01,15,8.5,189
19844,68,2012,49,1.0325,2.9414,0.7726,88.79,14,4.74,116
19844,69,2012,50,111.4826,4.1532,0.8233,50.0,33,477.59,142
19844,70,2012,51,1.4242,1.9667,0.592,0.0,10,783.49,153
19844,71,2012,52,1192.1687,3.0969,0.7577,0.0,17,14535.42,139
19844,72,2013,1,3.1822,2.645,0.7646,0.0,11,785.96,129
19844,73,2013,2,27.7821,2.5971,0.6114,0.0,19,783.49,171
19844,74,2013,3,1.1276,3.252,0.7093,88.53,24,5.14,218
19844,75,2013,4,0.4281,3.3645,0.7438,98.21,23,3.32,280
19844,76,2013,5,0.9864,2.9032,0.7258,89.61,16,8.68,154
19844,77,2013,6,1.0833,3.2131,0.7564,92.95,19,5.12,227
19844,78,2013,7,50.3867,4.6254,0.7709,69.88,64,120.61,425
19844,79,2013,8,0.5845,3.3263,0.7076,92.56,26,3.29,336
19844,80,2013,9,0.429,3.0971,0.7427,97.89,18,3.06,284
19844,81,2013,10,338.9604,3.9994,0.7282,67.81,45,844.96,320
19844,82,2013,11,184.0389,4.211,0.7668,4.1,45,845.04,268
19844,83,2013,12,0.7109,3.4598,0.6984,92.37,31,3.82,459
19844,84,2013,13,321.27,4.2094,0.8142,65.1,36,796.13,341
19844,85,2013,14,231.0888,0.8864,0.2955,89.3,8,783.48,215
19844,86,2013,15,0.0723,0.9799,0.9799,100.0,2,0.57,12
19844,87,2013,16,0.1177,1.5306,0.9657,100.0,3,0.65,14
19844,88,2013,17,0.0921,0.8454,0.8454,100.0,2,0.62,11
19844,89,2013,18,0.0987,1.0,1.0,100.0,2,0.61,4
19844,90,2013,19,0.0013,0.0,0.0,100.0,1,0.42,3
20905,7,2011,40,0.2079,2.5821,0.6782,100.0,14,0.76,1568
20905,8,2011,41,478.0605,2.0641,0.6512,82.1,9,1251.07,2252
20905,9,2011,42,595.9776,3.0236,0.7739,29.97,15,1254.57,2296
20905,10,2011,43,0.1932,1.5487,0.4886,92.21,9,0.91,2400
20905,11,2011,44,0.3703,2.8372,0.6804,96.26,18,1.76,1630
20905,12,2011,45,0.0835,0.6355,0.2264,100.0,7,0.77,2625
20905,13,2011,46,0.3391,2.217,0.5991,99.4,13,2.24,2336
20905,14,2011,47,19.2883,1.9829,0.3898,87.31,34,116.84,2261
20905,15,2011,48,0.1943,2.4104,0.5014,99.67,28,1.62,2428
20905,16,2011,49,18.4623,2.5999,0.4367,96.65,62,119.07,2951
20905,17,2011,50,316.4189,2.9246,0.602,88.69,29,1251.45,2510
20905,18,2011,51,2.8745,3.8032,0.595,0.0,84,1031.06,2506
20905,19,2011,52,24.5871,3.3171,0.8293,0.0,16,1030.02,286
20905,21,2012,2,57.1952,1.5627,0.673,17.35,5,141.22,415
20905,22,2012,3,0.893,1.8466,0.3976,93.74,25,3.54,2556
20905,23,2012,4,0.004,0.0,0.0,100.0,1,0.56,119
20905,24,2012,5,0.4364,2.2651,0.5949,99.58,14,7.83,1194
20905,25,2012,6,0.6897,2.5888,0.6626,85.08,15,4.33,2031
20905,26,2012,7,0.3241,2.5691,0.8105,100.0,9,0.73,826
20905,27,2012,8,0.2136,2.7538,0.7442,100.0,13,0.73,1904
20905,29,2012,10,0.0113,0.0283,0.0283,100.0,2,0.27,349
20905,30,2012,11,240.384,2.9874,0.7468,26.32,16,523.12,1611
20905,31,2012,12,22.9416,1.699,0.536,92.88,9,117.92,1700
20905,32,2012,13,0.2606,1.5801,0.6805,100.0,5,0.75,1022
20905,33,2012,14,0.0,0.0,0.0,100.0,1,0.75,2
20905,34,2012,15,0.0,0.0,0.0,100.0,1,0.74,4
20905,52,2012,33,0.0,0.0,0.0,0.0,1,4.91,2
20905,54,2012,35,0.0035,0.0,0.0,100.0,1,0.59,3
20905,55,2012,36,0.0989,0.971,0.971,100.0,2,0.6,5
20905,56,2012,37,0.006,0.0,0.0,100.0,1,0.57,6
20905,57,2012,38,0.004,0.0,0.0,100.0,1,0.56,7
21350,7,2011,40,0.1756,1.1474,0.362,100.0,9,0.47,1846
21350,8,2011,41,292.3182,2.6533,0.558,73.33,27,690.1,3067
21350,9,2011,42,307.3356,3.3293,0.6299,25.59,39,785.93,3118
21350,10,2011,43,2549.1563,2.3936,0.4468,88.4,41,11607.58,3232
21350,11,2011,44,284.4338,3.0297,0.5109,65.31,61,1028.63,2113
21350,12,2011,45,3663.2134,2.5722,0.4938,67.34,37,11607.58,2079
21350,13,2011,46,3621.888,2.7048,0.5232,83.21,36,11607.58,3199
21350,14,2011,47,301.3,4.4996,0.6526,23.73,119,702.75,2929
21350,15,2011,48,95.413,2.5567,0.5263,98.96,29,941.94,3182
21350,16,2011,49,35.8992,2.3372,0.4185,88.06,48,123.0,3090
21350,17,2011,50,337.8059,3.4332,0.5938,39.01,55,691.74,3048
21350,18,2011,51,194.8431,3.5076,0.5868,0.0,63,695.76,2837
21350,19,2011,52,139.4503,3.8106,0.6156,0.0,73,696.24,2863
21350,20,2012,1,4.5787,2.5518,0.4477,0.0,52,695.79,3007
21350,21,2012,2,130.8338,4.3429,0.6404,1.21,110,695.62,2552
21350,22,2012,3,0.2842,1.9496,0.459,98.09,19,1.13,3033
21350,23,2012,4,2.0016,1.7541,0.3878,96.45,23,13.56,3042
21350,24,2012,5,0.1969,1.211,0.2802,100.0,20,0.77,3236
21350,25,2012,6,0.5933,1.4748,0.3358,97.8,21,5.11,3269
21350,26,2012,7,62.9981,2.836,0.5025,72.53,50,149.76,3145
21350,27,2012,8,0.6347,1.9442,0.3606,97.22,42,5.43,3236
21350,28,2012,9,135.0236,3.3191,0.4954,66.8,104,843.99,3202
21350,29,2012,10,159.4193,3.9172,0.6413,65.77,69,692.89,3108
21350,30,2012,11,47.166,3.4886,0.647,0.0,42,700.76,3004
21350,31,2012,12,22.7123,1.5416,0.351,90.96,21,249.03,3143
21350,32,2012,13,0.1422,1.5313,0.5924,100.0,6,0.75,1020
21350,34,2012,15,1.3701,1.5462,0.4061,89.43,14,5.23,1031
21350,35,2012,16,37.794,2.283,0.3791,85.3,65,123.53,2870
21350,36,2012,17,325.582,3.7757,0.6958,42.56,43,688.98,2911
21350,37,2012,18,107.7449,1.4091,0.3808,89.38,13,389.43,923
21350,38,2012,19,235.1356,3.2177,0.6177,63.16,37,690.8,152
21350,39,2012,20,5.3381,3.0316,0.645,0.0,26,704.91,156
21350,40,2012,21,6.8514,3.423,0.6476,0.0,39,707.01,233
21350,41,2012,22,5.4417,3.4358,0.6753,0.0,34,695.8,208
21350,42,2012,23,7.0847,3.3515,0.683,0.0,30,695.82,252
21350,43,2012,24,5.6805,3.1277,0.6098,0.0,35,696.2,219
21350,44,2012,25,8.0428,3.4126,0.6601,0.0,36,695.87,195
21350,45,2012,26,1209.5948,4.8259,0.7748,0.0,75,2937.52,247
21350,46,2012,27,499.1759,3.5936,0.6582,0.0,44,2935.37,211
21350,47,2012,28,7.7848,3.6449,0.6896,0.0,39,695.88,199
21350,48,2012,29,1067.791,4.8156,0.8153,0.0,60,1548.49,202
21350,49,2012,30,770.9669,3.7672,0.6986,0.0,42,1546.56,227
21350,50,2012,31,280.0647,4.0064,0.7136,0.0,49,696.05,174
21350,51,2012,32,244.5364,4.3377,0.7898,0.0,45,695.84,150
21350,52,2012,33,320.9954,4.7201,0.8451,12.73,48,694.59,110
21350,53,2012,34,190.6094,5.375,0.7942,34.27,109,513.95,248
21350,54,2012,35,1.0344,2.4456,0.5659,80.9,20,5.43,199
21350,55,2012,36,0.5226,1.6209,0.5114,86.07,9,1.72,122
21350,56,2012,37,192.5193,5.6789,0.8296,40.91,115,514.21,286
21350,57,2012,38,0.4958,2.7407,0.6705,96.7,17,1.55,91
21350,58,2012,39,47.7504,4.4842,0.6706,72.85,103,122.53,372
21350,59,2012,40,257.2923,5.3405,0.7719,51.24,121,690.78,322
21350,60,2012,41,289.3095,6.944,0.8283,27.77,334,1097.78,875
21350,61,2012,42,136.979,6.8014,0.8104,0.0,336,693.0,929
21350,62,2012,43,47.2952,4.1046,0.6205,87.81,98,232.87,599
21350,63,2012,44,87.5908,5.6588,0.719,57.62,234,227.06,781
21350,64,2012,45,40.6019,4.0609,0.5954,78.5,113,123.0,535
21350,65,2012,46,24.4953,3.3234,0.5459,93.19,68,119.68,543
21350,66,2012,47,279.0486,5.7633,0.7862,17.05,161,719.35,569
21350,67,2012,48,14.1734,2.5154,0.5351,88.8,26,150.91,259
21350,68,2012,49,301.5703,4.6848,0.7545,43.92,74,692.9,255
21350,69,2012,50,5.9402,3.75,0.7146,0.0,38,695.1,298
21350,70,2012,51,208.9835,6.3154,0.8165,0.0,213,696.16,708
21350,71,2012,52,226.7346,4.7101,0.7942,0.0,61,694.51,323
21350,72,2013,1,4.2323,3.8004,0.688,0.0,46,695.08,468
21350,73,2013,2,5.8446,3.089,0.6022,0.0,35,695.99,344
21350,74,2013,3,282.2664,6.7082,0.8096,29.61,312,692.98,726
21350,75,2013,4,4.4923,2.8854,0.5625,82.79,35,41.41,401
21350,76,2013,5,193.178,3.4511,0.571,73.21,66,693.71,392
21350,77,2013,6,229.0449,3.818,0.6188,68.78,72,690.72,394
21350,78,2013,7,1.5962,2.9637,0.6552,89.28,23,13.11,373
21350,79,2013,8,0.9593,3.2826,0.6757,80.21,29,4.97,374
21350,80,2013,9,1.0816,2.5408,0.5405,84.86,26,4.99,416
21350,81,2013,10,717.1643,4.007,0.6413,61.41,76,1826.04,355
21350,82,2013,11,1185.9077,4.6134,0.8994,0.0,35,1826.04,86
21350,83,2013,12,44.334,4.4198,0.6543,63.62,108,121.06,448
21350,84,2013,13,331.9758,4.2791,0.7187,53.28,62,694.48,381
21350,85,2013,14,288.3257,5.2031,0.8328,20.26,76,690.82,153
22617,7,2011,40,0.2474,1.3063,0.3776,99.29,11,1.19,844
22617,8,2011,41,3.1827,2.1058,0.4535,68.75,25,8.0,3114
22617,9,2011,42,2.971,1.8037,0.4173,18.6,20,7.98,1806
22617,10,2011,43,0.5489,1.4146,0.3046,99.11,25,6.04,1692
22617,11,2011,44,0.2451,1.3417,0.3626,100.0,13,0.77,1732
22617,12,2011,45,0.0953,0.902,0.2846,100.0,9,0.64,2064
22617,13,2011,46,77.1969,2.3058,0.5641,99.69,17,2936.26,2892
22617,14,2011,47,2.4895,1.1799,0.3552,87.84,10,7.59,1258
22617,16,2011,49,0.3661,0.8047,0.2682,98.28,8,2.83,291
22617,17,2011,50,3.7164,1.22,0.7697,61.41,3,8.03,1231
22617,18,2011,51,0.8693,1.9081,0.954,0.0,4,8.43,2400
22617,19,2011,52,4.5832,1.93,0.581,0.0,10,25.41,2527
22617,20,2012,1,0.7082,1.0011,0.6316,0.0,3,7.55,2418
22617,21,2012,2,33.144,1.3047,0.5047,0.0,6,150.59,1438
22617,22,2012,3,0.5925,1.3088,0.4363,99.4,8,7.55,3002
22617,23,2012,4,0.1088,0.5099,0.1816,99.58,7,1.73,2362
22617,24,2012,5,0.5245,1.332,0.3082,97.77,20,9.79,2641
22617,25,2012,6,0.4723,1.1276,0.3759,99.07,8,5.11,2676
22617,26,2012,7,11.7271,1.8673,0.5046,88.33,13,43.86,2742
22617,27,2012,8,0.2659,1.7262,0.4665,97.73,13,1.21,2947
22617,28,2012,9,0.2979,2.1658,0.6832,100.0,9,0.93,1701
22617,29,2012,10,102.6051,2.1577,0.7192,76.13,8,613.25,2497
22617,30,2012,11,186.4122,1.7294,0.4673,69.56,13,527.23,496
22617,31,2012,12,0.2725,1.8507,0.6169,100.0,8,0.89,1600
22617,32,2012,13,0.5653,0.9529,0.3006,98.62,9,5.02,2609
22617,33,2012,14,3.7536,2.6299,0.6575,54.72,16,10.58,2648
22617,34,2012,15,3.0021,2.5083,0.5804,80.03,20,10.35,2714
22617,35,2012,16,0.0,0.0,0.0,100.0,1,0.34,256
22617,37,2012,18,111.2282,2.304,0.5424,97.2,19,1631.05,428
22617,38,2012,19,3.4741,2.3657,0.6214,60.61,14,11.27,165
22617,39,2012,20,10.7954,2.6294,0.4941,7.67,40,55.46,300
22617,40,2012,21,3.4231,2.6248,0.5298,20.21,31,10.5,292
22617,41,2012,22,8.3561,2.638,0.5681,22.78,25,82.66,259
22617,42,2012,23,3.1473,2.8978,0.5745,16.71,33,12.29,353
22617,43,2012,24,3.1883,2.5765,0.5201,23.65,31,10.38,334
22617,44,2012,25,1.1153,1.771,0.7627,0.0,5,8.65,10
22617,45,2012,26,160.7945,2.6328,0.5904,26.29,22,1394.4,251
22617,46,2012,27,59.6696,3.5079,0.8582,0.0,17,1728.69,52
22617,47,2012,28,361.4762,3.1518,0.5556,8.31,51,1541.7,301
22617,48,2012,29,3.3202,1.8167,0.5731,23.81,9,9.66,126
22617,49,2012,30,9.7367,2.3251,0.5007,31.13,25,160.88,379
22617,50,2012,31,3.9546,0.9457,0.9457,0.0,2,7.54,11
22617,51,2012,32,2.6313,0.9219,0.5817,10.0,3,7.55,10
22617,52,2012,33,0.3017,0.8113,0.8113,100.0,2,0.42,4
22617,55,2012,36,0.3274,1.1181,0.7054,100.0,3,0.72,22
22617,56,2012,37,0.2938,0.9183,0.9183,100.0,2,0.36,3
22617,57,2012,38,0.4082,1.4651,0.631,97.37,5,1.16,38
22617,58,2012,39,0.2644,0.7871,0.7871,100.0,2,0.39,17
22617,59,2012,40,0.0,0.0,0.0,100.0,1,0.33,12
22617,60,2012,41,0.0,0.0,0.0,100.0,1,0.38,3
22617,61,2012,42,3.4575,1.4885,0.7443,30.77,4,7.84,13
22617,62,2012,43,0.0023,0.0,0.0,100.0,1,0.39,3
22617,63,2012,44,0.3543,2.2062,0.9502,100.0,5,0.62,15
22617,64,2012,45,0.1707,1.5,0.9464,100.0,3,0.38,4
22617,65,2012,46,0.1663,0.4138,0.4138,100.0,2,0.37,12
22617,66,2012,47,2.9391,1.2207,0.6104,19.05,4,9.0,21
22617,67,2012,48,0.1539,0.3621,0.3621,100.0,2,0.36,29
22617,68,2012,49,0.1818,0.4855,0.4855,100.0,2,0.36,19
22617,69,2012,50,0.3761,2.1887,0.9426,100.0,5,0.74,12
22617,70,2012,51,5.5594,2.0133,0.8671,0.0,5,10.7,17
22617,72,2013,1,758.3999,1.3009,0.6504,0.0,4,1856.47,32
22617,73,2013,2,866.8202,1.8755,0.8077,0.0,5,1856.47,28
22617,74,2013,3,0.1499,0.469,0.469,100.0,2,0.35,30
22617,75,2013,4,0.1264,0.3228,0.3228,100.0,2,0.36,17
22617,76,2013,5,0.103,0.3228,0.3228,100.0,2,0.79,17
22617,77,2013,6,0.1582,0.6194,0.6194,100.0,2,0.79,13
22617,78,2013,7,0.2493,1.3844,0.8735,100.0,3,0.36,12
22617,79,2013,8,0.1889,0.65,0.65,100.0,2,0.36,12
22617,80,2013,9,0.2503,0.9544,0.9544,100.0,2,0.35,16
22617,81,2013,10,0.378,0.9464,0.5971,100.0,3,1.09,14
22617,82,2013,11,0.6414,1.0,1.0,100.0,2,1.08,6
22617,83,2013,12,0.0031,0.0,0.0,100.0,1,0.36,11
22617,84,2013,13,0.001,0.0,0.0,100.0,1,0.35,5
22617,86,2013,15,0.4996,0.971,0.971,40.0,2,1.11,5
22617,87,2013,16,0.3583,0.65,0.65,100.0,2,1.07,6
22617,88,2013,17,0.3619,0.8113,0.8113,100.0,2,0.97,4
22617,89,2013,18,0.3699,0.9183,0.9183,100.0,2,0.94,3
22617,90,2013,19,0.1222,1.0,1.0,100.0,2,0.36,4
22745,8,2011,41,39.0353,1.1446,0.493,7.79,5,113.37,231
22745,9,2011,42,0.0868,1.4333,0.7166,100.0,4,0.74,1742
22745,10,2011,43,0.7157,1.4452,0.5148,96.83,7,5.19,1576
22745,11,2011,44,0.6783,1.5736,0.5245,91.53,8,3.08,1641
22745,12,2011,45,0.0332,0.9759,0.6157,100.0,3,0.77,1649
22745,13,2011,46,0.1144,1.1083,0.5541,100.0,4,0.74,1782
22745,14,2011,47,0.2525,0.7661,0.383,100.0,4,0.7,1581
22745,15,2011,48,0.0337,0.7488,0.4725,100.0,3,0.7,1988
22745,16,2011,49,0.0096,0.5913,0.373,100.0,3,0.77,1693
22745,17,2011,50,1466.4894,3.2333,0.7148,54.27,23,2950.28,1957
22745,18,2011,51,371.637,2.6573,0.7681,0.0,11,3075.18,2295
22745,19,2011,52,415.9632,2.053,0.618,0.0,10,3092.96,1259
22745,20,2012,1,4.276,2.8545,0.7714,0.0,13,2952.13,2426
22745,21,2012,2,356.7487,2.8679,0.6751,0.0,19,2952.13,2309
22745,22,2012,3,11.1375,1.7891,0.6373,89.06,7,36.78,2248
22745,23,2012,4,0.1011,0.3981,0.2512,100.0,3,0.74,2380
22745,24,2012,5,0.5341,2.0291,0.8739,67.93,5,1.56,2367
22745,25,2012,6,0.5306,1.1397,0.4909,91.77,5,1.56,2018
22745,26,2012,7,0.6728,1.5317,0.5456,90.93,7,2.93,2270
22745,27,2012,8,0.3327,1.4277,0.5086,93.28,7,1.57,2589
22745,28,2012,9,0.1197,0.3735,0.2357,100.0,3,0.74,2510
22745,29,2012,10,2.8222,0.8833,0.3804,99.95,5,125.28,1975
22745,30,2012,11,252.5617,2.4132,0.7613,4.68,9,940.33,1880
22745,31,2012,12,0.1404,0.3629,0.3629,100.0,2,0.73,2529
22745,32,2012,13,0.1748,0.5626,0.5626,100.0,2,0.75,2328
22745,33,2012,14,22.8462,1.0223,0.2685,94.75,14,117.07,2493
22745,34,2012,15,0.3418,1.0372,0.3457,88.01,8,1.58,2077
22745,35,2012,16,0.4018,1.0678,0.6737,93.1,3,1.12,2318
22745,36,2012,17,0.2772,1.9172,0.8257,99.96,5,0.99,2370
22745,37,2012,18,0.5908,1.6397,0.7062,84.58,5,1.66,694
22745,38,2012,19,1186.3656,2.6409,0.6013,72.47,21,2947.67,178
22745,39,2012,20,2.437,3.7471,0.6823,0.0,45,2949.5,329
22745,40,2012,21,2.3457,2.97,0.6318,0.0,26,2952.13,268
22745,41,2012,22,35.4771,3.7951,0.6535,0.0,56,2997.04,382
22745,42,2012,23,2.9727,3.4138,0.671,0.0,34,2947.92,307
22745,43,2012,24,2036.4071,4.5319,0.7525,0.0,65,2948.18,321
22745,44,2012,25,23.2168,3.4435,0.9306,0.0,13,1562.59,29
22745,45,2012,26,577.3821,3.8973,0.6978,0.0,48,2947.88,297
22745,46,2012,27,3.2166,3.1856,0.6262,0.0,34,2953.97,232
22745,47,2012,28,2.5338,3.1306,0.702,0.0,22,2951.0,228
22745,48,2012,29,4.6268,4.2032,0.7373,0.0,52,2955.59,236
22745,49,2012,30,3.1576,3.4442,0.6828,0.0,33,2952.06,240
22745,50,2012,31,5.7841,3.986,0.7392,0.0,42,2953.46,246
22745,51,2012,32,3.3586,3.4644,0.7659,0.0,23,2950.59,123
22745,52,2012,33,1392.8495,4.0599,0.812,0.0,32,2948.41,113
22745,53,2012,34,0.3154,1.619,0.5397,96.71,8,1.16,152
22745,54,2012,35,0.8761,1.1471,0.3824,95.87,8,5.43,121
22745,55,2012,36,0.3611,2.2772,0.6352,97.32,12,1.72,112
22745,56,2012,37,0.4141,1.9452,0.6929,99.12,7,1.72,113
22745,57,2012,38,0.3419,1.9696,0.6213,94.5,9,1.16,109
22745,58,2012,39,1.1009,1.6207,0.627,95.77,6,5.27,142
22745,59,2012,40,0.259,1.84,0.6554,100.0,7,1.06,166
22745,60,2012,41,0.4734,2.4774,0.6194,97.33,16,2.29,262
22745,61,2012,42,0.4541,2.0977,0.5369,98.05,15,2.96,256
22745,62,2012,43,0.3873,2.0874,0.5823,96.38,12,1.68,221
22745,63,2012,44,0.3563,2.0646,0.5579,98.16,13,1.03,272
22745,64,2012,45,0.3461,2.1029,0.6079,97.38,11,1.51,229
22745,65,2012,46,0.4487,2.2991,0.6039,97.62,14,1.47,294
22745,66,2012,47,35.5852,2.7063,0.5195,81.15,37,117.38,260
22745,67,2012,48,17.0228,2.4229,0.5704,95.21,19,301.4,313
22745,68,2012,49,0.5083,2.543,0.6358,92.02,16,2.8,238
22745,69,2012,50,1422.0198,3.854,0.7398,56.74,37,2947.18,393
22745,70,2012,51,291.1193,4.2764,0.73,0.0,58,3075.08,313
22745,71,2012,52,438.4783,3.251,0.7187,0.0,23,3077.11,174
22745,72,2013,1,1190.2664,3.6791,0.6661,0.0,46,2956.27,433
22745,73,2013,2,683.2756,4.0183,0.7405,0.0,43,1835.67,331
22745,74,2013,3,0.3621,2.0258,0.7216,100.0,7,1.09,81
22745,75,2013,4,0.6752,1.8501,0.4355,91.16,19,3.53,249
22745,76,2013,5,0.1634,0.9103,0.4552,100.0,4,0.73,40
22745,77,2013,6,0.3046,1.8084,0.5044,98.58,12,1.06,281
22745,78,2013,7,0.2979,1.3867,0.4374,98.19,9,1.48,221
22745,79,2013,8,1.2953,2.4186,0.5423,92.75,22,10.7,276
22745,80,2013,9,0.9571,1.8353,0.4698,95.63,15,5.05,343
22745,81,2013,10,0.7661,2.4003,0.6304,86.57,14,3.58,216
22745,82,2013,11,0.4969,1.8294,0.4944,97.18,13,1.55,284
22745,83,2013,12,0.3748,1.8026,0.5686,93.88,9,1.59,147
22745,84,2013,13,0.7489,2.5311,0.706,90.78,12,3.74,206
22745,85,2013,14,0.673,3.3949,0.731,74.63,25,3.9,339
22745,86,2013,15,0.5715,1.9634,0.5157,82.13,14,1.25,347
22745,87,2013,16,0.7042,2.8126,0.7846,81.18,12,2.83,85
22745,88,2013,17,0.4697,1.9453,0.5856,85.37,10,1.68,246
22745,89,2013,18,0.5829,1.9943,0.5765,90.43,11,2.05,230
22745,90,2013,19,1318.95,3.2993,0.6485,62.16,34,2946.64,370
22745,91,2013,20,2.9124,2.4323,0.6785,0.0,12,2947.17,87
22745,98,2013,27,1.1252,0.7219,0.7219,0.0,2,2944.2,5
22745,100,2013,29,1.2341,0.8113,0.8113,0.0,2,2944.22,12
22745,103,2013,32,8.8062,2.589,0.6996,0.0,13,2947.49,57
22745,107,2013,36,0.0022,0.0,0.0,100.0,1,0.48,45
22931,7,2011,40,0.1409,0.8611,0.4306,100.0,4,0.73,1108
22931,8,2011,41,323.4074,2.8017,0.6111,72.07,24,783.26,2367
22931,9,2011,42,381.9077,2.3206,0.594,38.26,15,783.26,2742
22931,10,2011,43,0.2022,1.2733,0.3833,100.0,10,0.87,2924
22931,11,2011,44,0.1818,0.7819,0.4933,100.0,3,0.44,999
22931,12,2011,45,0.2408,1.4964,0.4504,100.0,10,0.74,2161
22931,13,2011,46,0.2509,1.6194,0.4049,100.0,16,0.88,2563
22931,14,2011,47,726.9881,3.1189,0.6356,50.49,30,1566.9,1822
22931,15,2011,48,0.1579,1.4598,0.4605,100.0,9,0.62,2494
22931,16,2011,49,0.2229,1.168,0.3893,100.0,8,0.81,1763
22931,17,2011,50,270.2295,1.8611,0.4888,77.75,14,783.26,2494
22931,18,2011,51,1.7143,2.39,0.492,0.0,29,784.46,2436
22931,19,2011,52,36.2219,1.9845,0.4387,0.0,23,791.91,2377
22931,20,2012,1,5.2112,1.5787,0.4563,0.0,11,783.28,1836
22931,21,2012,2,96.7397,1.3972,0.4206,0.0,10,783.27,1352
22931,22,2012,3,0.2099,2.0679,0.5588,98.78,13,1.16,2873
22931,23,2012,4,0.1899,1.9011,0.4993,100.0,14,0.74,2866
22931,24,2012,5,0.2433,2.0658,0.7359,100.0,7,0.67,2650
22931,25,2012,6,3.0977,2.1846,0.6576,82.72,10,8.17,1991
22931,26,2012,7,131.6959,2.5375,0.6665,74.05,14,300.16,2566
22931,27,2012,8,0.9867,2.4528,0.7384,88.93,10,4.38,1943
22931,28,2012,9,0.3414,2.3048,0.7683,99.79,8,4.38,2419
22931,29,2012,10,293.4092,2.8198,0.6323,78.04,22,783.26,3001
22931,30,2012,11,378.3487,2.6906,0.6887,48.42,15,783.32,2825
22931,31,2012,12,0.5772,1.4429,0.514,98.58,7,4.42,2329
22931,32,2012,13,0.1649,1.595,0.617,100.0,6,0.75,2193
22931,33,2012,14,1.2031,0.4972,0.1923,94.76,6,5.24,2098
22931,34,2012,15,0.2344,1.5438,0.5972,97.51,6,1.12,2413
22931,35,2012,16,0.2706,1.337,0.4457,96.52,8,1.12,2556
22931,36,2012,17,0.0874,0.7493,0.3227,100.0,5,0.74,2389
22931,37,2012,18,1.464,1.5355,0.4283,95.56,12,8.84,1871
22931,38,2012,19,349.7589,3.196,0.6005,51.83,40,782.92,164
22931,39,2012,20,1.8237,1.8109,0.5051,0.0,12,783.32,175
22931,40,2012,21,3.1189,2.4595,0.579,0.0,19,784.72,155
22931,41,2012,22,1.8203,2.2318,0.6225,0.0,12,783.31,150
22931,42,2012,23,267.5404,3.6341,0.6617,8.5,45,783.82,200
22931,43,2012,24,32.5634,3.2096,0.6073,69.71,39,115.24,175
22931,44,2012,25,2.2078,3.0247,0.6597,76.61,24,8.17,124
22931,45,2012,26,1.058,3.5345,0.7433,89.89,27,8.17,178
22931,46,2012,27,10.8203,3.6577,0.7529,72.07,29,43.87,111
22931,47,2012,28,141.8658,4.2793,0.7662,70.0,48,840.14,150
22931,48,2012,29,342.9689,4.8688,0.8311,41.54,58,789.07,195
22931,49,2012,30,1.8278,1.9879,0.4336,0.0,24,783.26,208
22931,50,2012,31,168.6664,3.9171,0.6349,0.0,72,783.5,356
22931,51,2012,32,1.6944,1.6904,0.4226,0.0,16,789.43,171
22931,52,2012,33,231.1873,2.4809,0.5161,72.65,28,783.42,117
22931,53,2012,34,0.4109,2.3888,0.521,99.29,24,1.17,283
22931,54,2012,35,0.3704,2.1706,0.5022,100.0,20,0.78,286
22931,55,2012,36,0.9418,3.2957,0.6193,93.45,40,5.15,229
22931,56,2012,37,76.0238,2.2541,0.4854,95.96,25,389.11,272
22931,57,2012,38,0.3101,2.8452,0.7113,100.0,16,0.73,109
22931,58,2012,39,0.3221,2.2941,0.5223,99.69,21,1.03,319
22931,59,2012,40,0.7176,2.724,0.5269,97.27,36,6.55,403
22931,60,2012,41,32.6796,3.0018,0.564,90.06,40,125.42,362
22931,61,2012,42,354.5053,3.9413,0.702,23.5,49,789.36,234
22931,62,2012,43,0.3206,1.9609,0.547,96.5,12,1.53,257
22931,63,2012,44,0.3166,1.6517,0.4338,96.22,14,1.68,291
22931,64,2012,45,17.3946,1.8193,0.4283,94.65,19,301.4,299
22931,65,2012,46,0.9134,2.0013,0.4631,94.52,20,5.21,292
22931,66,2012,47,1.6242,1.9223,0.4377,83.47,21,8.07,248
22931,67,2012,48,0.5052,1.7808,0.4558,95.31,15,5.79,277
22931,68,2012,49,0.6871,1.4099,0.3933,97.1,12,5.79,241
22931,69,2012,50,274.8895,3.2796,0.6162,73.67,40,783.38,281
22931,70,2012,51,2.5953,3.6689,0.6848,0.0,41,784.22,268
22931,71,2012,52,0.8155,1.0678,0.2978,0.0,12,783.41,163
22931,72,2013,1,6.2061,3.4738,0.6155,0.0,50,784.28,365
22931,73,2013,2,768.0805,3.8122,0.6403,2.58,62,1835.17,271
22931,74,2013,3,0.7864,1.8242,0.4033,90.72,23,5.06,345
22931,75,2013,4,0.3194,1.5743,0.4391,96.0,12,1.64,225
22931,76,2013,5,0.4715,1.5802,0.4757,89.24,10,1.58,223
22931,77,2013,6,244.6705,1.9511,0.5273,80.71,13,671.76,197
22931,78,2013,7,0.4726,2.0724,0.6238,96.64,10,4.42,149
22931,79,2013,8,42.3877,2.4345,0.6791,96.97,12,301.4,99
22931,80,2013,9,0.2929,1.3174,0.4391,97.64,8,1.6,127
22931,81,2013,10,318.0108,3.0106,0.6483,62.98,25,782.95,181
22931,82,2013,11,2.5892,3.012,0.6408,0.0,26,784.19,250
22931,83,2013,12,1.8275,0.9183,0.9183,0.0,2,783.01,3
22931,106,2013,35,0.1781,0.5436,0.5436,100.0,2,0.79,8
23040,7,2011,40,0.2251,1.1052,0.6973,100.0,3,0.71,1369
23040,8,2011,41,74.9328,2.4868,0.7189,70.34,11,179.8,1915
23040,9,2011,42,64.2688,3.0266,0.7003,14.13,20,165.26,1699
23040,10,2011,43,0.2632,1.5509,0.7755,100.0,4,0.87,2016
23040,11,2011,44,0.1438,0.8266,0.4133,100.0,4,0.7,1930
23040,12,2011,45,1.6408,1.8183,0.6477,90.8,7,5.74,1979
23040,13,2011,46,0.8582,2.0292,0.8739,68.97,5,3.08,2159
23040,14,2011,47,64.7978,3.2919,0.7617,14.76,20,244.9,2643
23040,15,2011,48,21.7017,2.2949,0.5503,69.09,18,141.3,1983
23040,16,2011,49,21.4508,1.5898,0.615,57.44,6,127.18,1788
23040,17,2011,50,0.9488,0.0795,0.0795,99.02,2,9.47,1122
23040,19,2011,52,0.0,0.0,0.0,0.0,1,163.33,95
23040,20,2012,1,1.3818,2.1029,0.701,0.0,8,163.33,1682
23040,21,2012,2,16.9828,2.467,0.6667,0.0,13,163.27,800
23040,22,2012,3,2.4498,1.067,0.4595,97.74,5,18.46,2034
23040,23,2012,4,0.3119,1.8506,0.9253,100.0,4,0.77,2460
23040,24,2012,5,0.2312,2.5599,0.7141,97.78,12,1.6,2023
23040,25,2012,6,71.5315,2.7287,0.7612,65.68,12,163.28,2421
23040,26,2012,7,24.8226,2.4225,0.6547,38.94,13,162.44,2311
23040,27,2012,8,0.2951,2.4196,0.7633,85.25,9,1.63,2570
23040,28,2012,9,0.1804,1.6229,0.6989,100.0,5,0.73,1627
23040,29,2012,10,70.9861,2.3458,0.9075,60.66,6,162.83,1942
23040,30,2012,11,44.207,1.978,0.7652,0.0,6,215.5,1018
23040,31,2012,12,0.112,0.2431,0.1534,100.0,3,0.73,431
23040,32,2012,13,0.1854,0.9157,0.4578,100.0,4,0.75,1144
23040,33,2012,14,40.5902,1.2325,0.6162,66.96,4,163.25,1244
23040,34,2012,15,0.1808,1.7793,0.8896,100.0,4,0.74,1123
23040,35,2012,16,0.2963,1.2221,0.4728,97.3,6,1.53,593
23040,36,2012,17,0.1566,0.6969,0.4397,100.0,3,0.74,932
23040,37,2012,18,0.2701,0.7995,0.2161,96.37,13,2.94,331
23040,38,2012,19,11.8514,1.8874,0.5265,85.0,12,75.3,80
23040,39,2012,20,527.4257,3.8862,0.7162,0.0,43,1108.96,147
23040,40,2012,21,454.5648,2.8813,0.691,0.0,18,1105.07,116
23040,41,2012,22,12.0102,3.2927,0.8648,0.0,14,217.97,53
23040,42,2012,23,19.3804,3.8386,0.7677,0.0,32,163.31,88
23040,43,2012,24,72.8727,4.7124,0.8393,2.48,49,164.96,121
23040,44,2012,25,13.3456,3.6683,0.7551,0.0,29,165.88,85
23040,45,2012,26,17.3511,4.2012,0.7949,0.0,39,163.26,95
23040,46,2012,27,13.7909,4.1335,0.7935,0.0,37,169.64,115
23040,47,2012,28,15.4796,3.6518,0.7371,0.0,31,163.5,91
23040,48,2012,29,17.1877,3.8283,0.7243,0.0,39,164.85,97
23040,49,2012,30,18.6781,4.1446,0.7638,0.0,43,163.51,124
23040,50,2012,31,12.369,3.4045,0.6872,0.0,31,163.53,120
23040,51,2012,32,16.9159,3.8665,0.8548,0.0,23,163.27,47
23040,52,2012,33,57.4307,4.5651,0.883,7.04,36,163.53,71
23040,53,2012,34,1.3817,3.172,0.7222,91.3,21,5.47,92
23040,54,2012,35,0.3415,3.0234,0.6684,95.89,23,1.57,146
23040,55,2012,36,0.5121,2.7668,0.6034,93.28,24,3.36,134
23040,56,2012,37,0.2997,2.4991,0.6248,100.0,16,0.71,128
23040,57,2012,38,0.238,2.6307,0.6577,100.0,16,0.73,87
23040,58,2012,39,78.1259,5.4602,0.8739,37.2,76,200.83,164
23040,59,2012,40,21.8912,3.5087,0.6639,89.52,39,141.31,229
23040,60,2012,41,43.5662,4.1737,0.8204,92.21,34,163.2,154
23040,61,2012,42,75.4194,4.8661,0.7994,24.51,68,169.98,257
23040,62,2012,43,1.956,4.4227,0.7919,87.18,48,8.09,195
23040,63,2012,44,0.3792,3.7501,0.7643,96.03,30,2.27,151
23040,64,2012,45,0.484,4.3062,0.7986,87.69,42,2.89,195
23040,65,2012,46,0.31,3.0045,0.7205,98.94,18,1.51,94
23040,66,2012,47,76.1861,5.996,0.8775,29.29,114,202.67,280
23040,67,2012,48,40.0399,4.8318,0.832,71.51,56,141.52,179
23040,68,2012,49,0.2005,2.084,0.4998,100.0,18,0.74,127
23040,69,2012,50,79.992,4.8159,0.8153,41.75,60,191.92,194
23040,70,2012,51,14.8024,5.8598,0.8544,0.0,116,182.65,270
23040,71,2012,52,29.4549,5.2966,0.853,0.0,74,212.18,220
23040,72,2013,1,20.0393,5.2655,0.8914,0.0,60,200.81,114
23040,73,2013,2,36.3728,6.0604,0.8805,1.87,118,166.25,267
23040,74,2013,3,0.4171,3.0301,0.6446,93.37,26,1.72,166
23040,75,2013,4,0.3834,3.493,0.6986,98.98,32,1.79,196
23040,76,2013,5,0.3672,3.4545,0.7746,98.31,22,1.58,118
23040,77,2013,6,74.7509,5.2717,0.866,59.19,68,163.72,223
23040,78,2013,7,0.4028,3.6555,0.7525,99.17,29,1.85,240
23040,79,2013,8,1.0071,4.1778,0.7652,92.67,44,5.03,232
23040,80,2013,9,0.3765,3.3494,0.6826,97.36,30,1.72,265
23040,81,2013,10,70.0873,4.6487,0.7936,70.96,58,169.48,334
23040,82,2013,11,31.2854,5.2681,0.7982,1.71,97,169.49,293
23040,83,2013,12,0.45,3.7308,0.7216,93.04,36,1.61,273
23040,84,2013,13,78.9785,5.5242,0.8115,51.04,112,177.91,335
23040,85,2013,14,64.7335,4.6616,0.7484,71.01,75,163.25,276
23040,86,2013,15,74.9858,5.506,0.8151,49.58,108,163.2,361
23040,87,2013,16,12.2233,3.9328,0.7607,92.23,36,170.06,193
23040,90,2013,19,56.0763,3.7576,0.7213,62.18,37,163.25,119
23040,91,2013,20,78.4253,3.4004,0.8501,25.49,16,163.26,51
23040,92,2013,21,23.1438,4.199,0.8001,0.0,38,169.35,130
23040,93,2013,22,0.0,0.0,0.0,0.0,1,163.27,26
23040,94,2013,23,23.5654,4.5458,0.7899,0.0,54,172.7,191
23040,95,2013,24,14.1202,3.7381,0.7545,0.0,31,163.51,130
23040,96,2013,25,12.8298,2.2029,0.5786,0.0,14,212.19,73
23040,97,2013,26,22.8815,3.9919,0.8304,0.0,28,163.3,97
23040,98,2013,27,13.3261,4.5068,0.7985,0.0,50,169.1,205
23040,99,2013,28,0.0,0.0,0.0,0.0,1,161.94,21
23040,100,2013,29,15.9456,2.9589,0.7573,0.0,15,163.51,69
23040,101,2013,30,24.5154,4.6292,0.8289,0.0,48,163.31,186
23040,102,2013,31,210.1363,0.7219,0.7219,0.0,2,627.86,5
23040,103,2013,32,149.7164,3.5153,0.8003,0.0,21,627.86,87
23040,104,2013,33,48.8229,4.2871,0.8499,0.0,33,163.3,87
23040,105,2013,34,31.2163,4.7057,0.7602,0.0,73,163.27,273
23040,138,2014,15,0.3852,2.7639,0.611,97.99,23,1.05,149
23040,142,2014,19,59.6249,3.2662,0.836,84.09,15,163.24,44
23040,143,2014,20,1.3212,2.0,1.0,0.0,4,162.84,4
23144,7,2011,40,0.7407,2.9349,0.7337,56.3,16,3.12,405
23144,8,2011,41,65.1176,3.0198,0.7931,62.4,14,143.91,875
23144,9,2011,42,70.4032,2.4298,0.7314,30.66,10,155.24,786
23144,10,2011,43,1.2198,2.4747,0.65,85.41,14,5.19,617
23144,11,2011,44,29.0635,2.2843,0.6372,96.18,12,211.32,576
23144,12,2011,45,57.1332,2.6312,0.7339,62.83,12,143.25,869
23144,13,2011,46,6.7433,2.5955,0.7014,71.56,13,82.93,443
23144,14,2011,47,54.4861,2.595,0.6223,6.73,18,144.96,995
23144,15,2011,48,1.2435,1.9216,0.5785,95.12,10,5.56,820
23144,16,2011,49,1.3629,2.451,0.8731,87.27,7,4.19,542
23144,17,2011,50,44.6595,2.4806,0.7467,62.53,10,143.31,822
23144,18,2011,51,0.4701,1.4077,0.6063,0.0,5,144.95,723
23144,19,2011,52,77.9391,2.5331,0.6075,0.0,18,245.73,767
23144,20,2012,1,5.9434,1.9522,0.4881,0.0,16,152.91,1211
23144,21,2012,2,2829.0372,2.2641,0.7142,0.0,9,12838.23,375
23144,22,2012,3,3191.1808,3.0621,0.8275,52.08,13,12528.43,985
23144,23,2012,4,92.3556,1.3908,0.402,88.73,11,301.08,914
23144,24,2012,5,10.577,2.8495,0.7949,85.01,12,29.71,834
23144,25,2012,6,18.8818,1.8543,0.5172,93.86,12,125.03,1238
23144,26,2012,7,317.8899,2.4072,0.6162,78.18,15,834.22,605
23144,27,2012,8,0.75,1.8951,0.4738,97.05,16,4.45,916
23144,28,2012,9,0.4221,2.2927,0.6627,100.0,11,0.89,1192
23144,29,2012,10,63.1589,3.0578,0.7827,59.82,15,143.29,1013
23144,30,2012,11,8.1461,1.6543,0.4615,0.0,12,145.0,1433
23144,31,2012,12,2.6038,2.4087,0.5893,88.89,17,24.21,963
23144,32,2012,13,65.783,2.633,0.6583,66.22,16,224.61,1258
23144,33,2012,14,67.2773,2.2493,0.7498,36.27,8,145.0,1125
23144,34,2012,15,86.3996,2.8767,0.7556,63.65,14,243.52,1271
23144,35,2012,16,106.4345,2.5106,0.5116,77.1,30,301.44,1192
23144,36,2012,17,0.2944,2.8831,0.6465,100.0,22,0.79,1301
23144,37,2012,18,71.4122,3.984,0.7592,44.49,38,153.89,254
23144,38,2012,19,67.758,4.2196,0.7683,56.39,45,145.73,133
23144,39,2012,20,35.3609,3.7552,0.6964,2.35,42,148.85,170
23144,40,2012,21,26.4209,3.3907,0.7395,1.32,24,144.97,151
23144,41,2012,22,4.5169,4.1472,0.7551,0.0,45,155.26,168
23144,42,2012,23,6.7218,3.6198,0.7451,0.0,29,161.53,167
23144,43,2012,24,3.0094,3.4759,0.7795,0.0,22,144.99,127
23144,44,2012,25,67.4774,4.2908,0.7642,0.0,49,347.27,156
23144,45,2012,26,2.3041,2.7856,0.7528,0.0,13,144.92,119
23144,46,2012,27,3.1257,3.1893,0.7648,0.0,18,149.81,112
23144,47,2012,28,3.5894,2.9794,0.8311,0.0,12,150.47,37
23144,48,2012,29,24.5643,3.009,0.685,0.0,21,167.08,73
23144,49,2012,30,98.1801,3.1319,0.7662,0.0,17,303.35,48
23144,50,2012,31,1330.4986,3.9813,0.8195,0.0,29,3104.42,73
23144,51,2012,32,181.9478,3.6978,0.9465,0.0,15,3105.22,22
23144,52,2012,33,667.8039,4.5537,0.8557,56.79,40,3104.47,81
23144,53,2012,34,0.6552,3.4215,0.7043,90.99,29,2.98,111
23144,54,2012,35,0.3301,3.4108,0.7256,100.0,26,0.79,97
23144,55,2012,36,1.7022,3.7691,0.8116,79.22,25,5.15,77
23144,56,2012,37,1.5909,3.7837,0.7789,85.53,29,5.39,76
23144,57,2012,38,1.733,4.0526,0.7901,83.33,35,8.08,144
23144,58,2012,39,0.6432,3.4644,0.7131,99.52,29,8.24,207
23144,59,2012,40,56.9926,4.4296,0.7662,74.89,55,144.99,235
23144,60,2012,41,41.9492,3.9277,0.754,81.98,37,145.0,172
23144,61,2012,42,46.0205,3.6004,0.7077,8.9,34,159.43,191
23144,62,2012,43,0.4793,2.5597,0.6723,93.33,14,1.44,105
23144,63,2012,44,25.813,3.3331,0.6306,82.02,39,116.98,317
23144,64,2012,45,17.5855,2.5906,0.5448,92.41,27,117.12,303
23144,65,2012,46,0.915,2.6891,0.6579,92.56,17,4.69,215
23144,66,2012,47,67.4772,4.9219,0.8513,29.52,55,144.99,210
23144,67,2012,48,0.8219,3.0222,0.7115,87.65,19,5.12,251
23144,68,2012,49,0.3689,2.4724,0.6328,98.55,15,1.48,207
23144,69,2012,50,70.6952,4.0996,0.7465,54.24,45,144.96,330
23144,70,2012,51,2.643,3.3418,0.6121,0.0,44,156.36,597
23144,71,2012,52,137.8921,4.047,0.6648,0.0,68,327.02,391
23144,72,2013,1,797.2538,5.2193,0.7667,0.0,112,1857.53,558
23144,73,2013,2,813.9728,4.425,0.6538,0.0,109,1857.4,450
23144,74,2013,3,532.1505,5.2654,0.7572,69.08,124,6792.04,663
23144,75,2013,4,0.3418,3.9964,0.7011,98.91,52,1.06,459
23144,76,2013,5,40.6386,4.8503,0.7435,77.48,92,131.01,484
23144,77,2013,6,34.0829,4.6509,0.7164,84.03,90,118.48,432
23144,78,2013,7,4.4106,4.2358,0.7142,93.58,61,42.12,483
23144,79,2013,8,40.327,4.8943,0.7335,74.01,102,113.52,504
23144,80,2013,9,0.6393,4.0402,0.6709,94.16,65,4.46,497
23144,81,2013,10,65.3098,4.8009,0.718,67.34,103,156.45,444
23144,82,2013,11,9.3866,3.3326,0.5474,0.0,68,156.38,384
23144,83,2013,12,0.7962,3.7065,0.6874,95.64,42,4.54,436
23144,84,2013,13,71.1579,4.5796,0.7054,43.72,90,155.31,446
23144,85,2013,14,62.5146,4.3192,0.7172,68.24,65,145.02,318
23144,86,2013,15,1.2262,3.3633,0.6237,96.75,42,21.57,431
23144,87,2013,16,32.0229,4.9246,0.7445,79.55,98,103.82,528
23144,88,2013,17,1.2293,4.3786,0.6926,86.21,80,8.16,493
23144,89,2013,18,0.7867,4.0913,0.7014,95.5,57,8.15,444
23144,90,2013,19,64.528,4.2608,0.6862,64.72,74,155.25,411
23144,91,2013,20,14.5204,2.9954,0.5181,0.0,55,158.59,252
23144,118,2013,47,1.4376,3.8713,0.7431,88.16,37,8.37,152
23144,119,2013,48,71.3138,3.8279,0.7242,44.81,39,146.58,183
23144,120,2013,49,1.6204,3.766,0.7342,68.63,35,5.65,153
23144,121,2013,50,1.353,3.4618,0.7281,56.79,27,7.5,162
23144,122,2013,51,66.4455,4.2495,0.7738,35.75,45,145.01,207
23144,123,2013,52,6.5627,3.6716,0.6322,0.0,56,168.46,400
23144,124,2014,1,1.3661,2.663,0.6515,0.0,17,145.02,129
23144,125,2014,2,12.4343,3.9877,0.7179,0.0,47,156.29,186
23144,126,2014,3,68.8355,3.9762,0.7422,40.53,41,145.85,190
23144,127,2014,4,7.3287,3.1324,0.7512,59.15,18,44.95,71
23144,128,2014,5,0.3177,1.6258,0.8129,91.67,4,1.08,12
23144,129,2014,6,8.8146,3.5102,0.7468,71.01,26,69.99,69
23144,130,2014,7,1.6463,3.8717,0.8559,58.65,23,5.67,104
23144,131,2014,8,12.9641,4.2718,0.8027,53.75,40,50.53,160
23144,132,2014,9,2.2661,3.3029,0.7921,54.32,18,8.28,81
23144,133,2014,10,67.5294,4.2821,0.7843,44.4,44,145.0,232
23144,134,2014,11,13.2798,3.8206,0.6917,0.0,46,195.08,245
23144,135,2014,12,0.4883,3.2826,0.7728,76.14,19,1.55,88
23144,136,2014,13,66.3507,5.5194,0.9036,47.15,69,153.04,123
23144,137,2014,14,0.8416,4.1206,0.8398,92.75,30,4.95,69
23144,138,2014,15,92.4183,5.8917,0.8757,52.24,106,244.39,201
23144,139,2014,16,0.2052,0.8631,0.8631,100.0,2,0.47,7
23144,143,2014,20,1.4092,1.0,1.0,0.0,2,139.6,2
23144,144,2014,21,0.0035,0.0,0.0,0.0,1,143.27,2
23144,147,2014,24,0.0,0.0,0.0,0.0,1,123.84,1
23144,148,2014,25,0.0,0.0,0.0,0.0,1,128.8,1
23144,150,2014,27,0.0,0.0,0.0,0.0,1,143.26,1
23144,151,2014,28,9.0211,0.8113,0.8113,0.0,2,143.26,4
23144,152,2014,29,0.0057,0.0,0.0,0.0,1,143.26,5
23144,153,2014,30,0.1482,1.0,1.0,0.0,2,141.47,2
23144,155,2014,32,0.0079,0.0,0.0,0.0,1,143.26,3
23144,156,2014,33,0.226,2.4056,0.9306,100.0,6,0.71,8
23144,157,2014,34,0.2492,1.2244,0.7725,100.0,3,0.74,9
23144,159,2014,36,0.0054,0.0,0.0,100.0,1,0.74,2
23144,160,2014,37,0.0,0.0,0.0,100.0,1,0.67,1
23144,161,2014,38,0.2912,0.9183,0.9183,100.0,2,0.72,3
23144,163,2014,40,0.0,0.0,0.0,100.0,1,0.48,1
23144,164,2014,41,0.3036,1.0,1.0,100.0,2,0.72,2
23144,165,2014,42,0.0,0.0,0.0,100.0,1,0.48,1
23144,166,2014,43,1.303,0.9183,0.9183,0.0,2,143.26,3
23144,167,2014,44,0.0009,0.0,0.0,100.0,1,0.48,2
23144,169,2014,46,0.0,0.0,0.0,100.0,1,0.75,1
23144,170,2014,47,0.0,0.0,0.0,100.0,1,0.48,1
23144,171,2014,48,0.0006,0.0,0.0,100.0,1,0.48,2
23144,172,2014,49,749.2627,1.9219,0.961,40.0,4,1546.4,5
23144,173,2014,50,0.0,0.0,0.0,100.0,1,0.48,1
23144,174,2014,51,0.0119,0.0,0.0,100.0,1,0.48,2
23642,7,2011,40,0.2127,1.0727,0.462,100.0,5,1.01,1243
23642,8,2011,41,258.5873,2.4124,0.5132,84.15,26,878.76,1886
23642,9,2011,42,329.8877,3.1569,0.5652,11.61,48,886.23,2369
23642,10,2011,43,0.2844,2.3193,0.6092,100.0,14,0.79,953
23642,11,2011,44,1.0859,2.7857,0.5734,92.82,29,4.59,2213
23642,12,2011,45,0.27,2.7891,0.6083,100.0,24,0.78,2255
23642,13,2011,46,141.5434,3.0839,0.6348,97.46,29,899.86,2166
23642,14,2011,47,256.0836,2.6222,0.5112,87.01,35,899.86,2587
23642,15,2011,48,0.2953,2.8225,0.5871,100.0,28,0.74,2312
23642,16,2011,49,0.3717,2.7416,0.7925,92.15,11,1.15,1210
23642,17,2011,50,434.4836,2.9691,0.8024,49.44,13,878.07,1871
23642,18,2011,51,3.5967,2.2261,0.742,0.0,8,884.22,1380
23642,19,2011,52,2.3808,1.1559,0.4978,0.0,5,876.72,905
23642,20,2012,1,5.338,1.871,0.4577,0.0,17,884.91,1781
23642,21,2012,2,1.6033,1.1575,0.3651,0.0,9,882.11,1960
23642,22,2012,3,383.9576,1.3781,0.3844,22.35,12,871.54,1575
23642,23,2012,4,0.3319,2.3099,0.8228,100.0,7,0.59,2269
23642,24,2012,5,0.3297,2.3937,0.6127,100.0,15,0.88,1665
23642,25,2012,6,0.347,2.5409,0.5982,93.82,19,1.25,1910
23642,26,2012,7,0.3077,2.6243,0.5975,100.0,21,0.73,2144
23642,27,2012,8,0.3495,3.0953,0.6084,99.91,34,1.12,2308
23642,28,2012,9,0.2188,2.1347,0.4939,97.79,20,0.89,2265
23642,29,2012,10,0.2695,3.0436,0.7446,100.0,17,0.61,1640
23642,30,2012,11,0.06,0.876,0.5527,100.0,3,0.39,63
23642,31,2012,12,0.1723,1.9818,0.4322,99.95,24,1.58,2197
23642,32,2012,13,0.2754,2.5922,0.7231,100.0,12,0.85,2192
23642,33,2012,14,0.3059,2.9739,0.6122,98.98,29,1.52,2147
23642,34,2012,15,0.2256,1.6579,0.4145,97.83,16,1.15,2307
23642,35,2012,16,0.2241,1.5848,0.4771,100.0,10,0.73,2360
23642,36,2012,17,0.4373,3.7568,0.7514,94.89,32,3.74,2487
23642,37,2012,18,0.5295,2.4102,0.519,71.56,25,4.38,844
23642,38,2012,19,0.5226,2.2725,0.7575,86.96,8,1.36,23
23642,40,2012,21,4.2755,2.4102,0.6967,0.0,11,885.43,84
23642,41,2012,22,5.0889,3.1508,0.7709,0.0,17,885.43,101
23642,42,2012,23,3.6081,2.9419,0.7197,0.0,17,878.21,110
23642,43,2012,24,6.4374,3.3724,0.7355,0.0,24,885.07,108
23642,44,2012,25,5.3367,2.5941,0.664,0.0,15,887.85,79
23642,45,2012,26,4.6949,2.9635,0.7107,0.0,18,882.44,91
23642,46,2012,27,174.6753,4.1661,0.7776,0.0,41,1362.65,145
23642,47,2012,28,346.2585,5.945,0.9836,0.0,66,850.13,76
23642,52,2012,33,350.8862,4.8128,0.9106,46.05,39,1046.25,76
23642,53,2012,34,1.9715,3.0668,0.6689,88.35,24,8.27,103
23642,54,2012,35,1.8684,3.2243,0.6707,89.09,28,9.48,110
23642,55,2012,36,0.3714,3.2497,0.7519,98.77,20,0.91,81
23642,56,2012,37,1.6794,2.9574,0.7393,95.24,16,9.53,63
23642,57,2012,38,0.3809,3.3185,0.8119,97.87,17,1.03,47
23642,58,2012,39,11.7453,3.0544,0.7473,95.45,17,56.44,66
23642,59,2012,40,1.8059,3.9655,0.767,86.51,36,7.92,126
23642,60,2012,41,169.2179,4.8402,0.7951,90.61,68,759.14,277
23642,61,2012,42,54.4921,3.5441,0.6531,0.0,43,885.49,283
23642,62,2012,43,1.3563,4.4369,0.8033,90.43,46,8.88,188
23642,63,2012,44,0.6572,3.1457,0.7162,88.65,21,2.72,141
23642,64,2012,45,2.0503,3.3295,0.7262,81.08,24,8.19,148
23642,65,2012,46,0.4888,2.6413,0.7138,92.19,13,1.71,128
23642,66,2012,47,2.3891,3.2109,0.731,67.02,21,10.08,94
23642,67,2012,48,0.8745,2.7126,0.6636,90.28,17,5.12,144
23642,68,2012,49,1.3017,3.3388,0.7381,81.2,23,5.22,133
23642,69,2012,50,338.2548,4.9373,0.7879,46.45,77,872.54,183
23642,70,2012,51,2.2919,1.6733,0.6473,0.0,6,876.97,46
23642,71,2012,52,6.9832,3.4335,0.8584,0.0,16,884.62,47
23642,72,2013,1,5.1898,2.7851,0.7526,0.0,13,882.68,135
23642,73,2013,2,7.7195,2.4897,0.6224,0.0,16,885.53,123
23642,74,2013,3,248.013,3.7964,0.7526,65.6,33,872.44,125
23642,75,2013,4,2.1323,3.0296,0.6794,84.0,22,9.74,125
23642,76,2013,5,1.7828,3.0268,0.7405,82.76,17,9.24,116
23642,77,2013,6,1.0273,3.1262,0.7359,87.8,19,5.02,123
23642,78,2013,7,1.1459,3.1968,0.7666,89.03,18,8.13,155
23642,79,2013,8,1.5375,3.0154,0.7538,94.49,16,10.54,127
23642,80,2013,9,1.4326,2.646,0.6346,89.71,18,10.54,175
23642,81,2013,10,319.5786,4.0044,0.717,58.62,48,872.19,203
23642,82,2013,11,4.7928,1.7606,0.5089,0.0,11,886.3,114
23642,83,2013,12,0.6861,2.7492,0.6472,87.97,19,4.4,158
23642,84,2013,13,2.5205,3.0807,0.7252,83.0,19,10.77,100
23642,85,2013,14,2.1495,3.9448,0.8392,69.0,26,9.72,100
23642,86,2013,15,0.5313,2.7249,0.7364,82.4,13,1.26,125
23642,87,2013,16,0.3782,2.6367,0.6749,95.77,15,1.33,142
23642,88,2013,17,1.6121,2.6121,0.6149,83.54,19,9.64,158
23642,89,2013,18,0.7657,2.4729,0.605,93.83,17,4.64,162
23642,90,2013,19,569.3169,4.7374,0.7297,70.93,90,9615.8,289
23642,91,2013,20,3.8043,1.8318,0.458,0.0,16,884.91,177
23642,92,2013,21,5.3734,2.9761,0.585,0.0,34,886.1,244
23642,93,2013,22,0.5183,1.2275,0.7744,0.0,3,872.31,150
23642,94,2013,23,5.83,3.299,0.7195,0.0,24,884.85,78
23642,95,2013,24,1.9953,0.7642,0.7642,0.0,2,1436.55,18
23642,96,2013,25,84.8013,1.8862,0.595,0.0,9,1436.55,173
23642,97,2013,26,4.6684,2.6202,0.4957,0.0,39,891.09,320
23642,98,2013,27,4.5666,3.0015,0.564,0.0,40,885.39,317
23642,99,2013,28,505.4487,3.9801,0.8279,0.0,28,882.71,110
23642,100,2013,29,1.2447,1.5491,0.5993,0.0,6,425.69,48
23642,101,2013,30,0.2284,1.2955,0.8173,0.0,3,421.91,30
23642,102,2013,31,24.8651,3.557,0.7863,0.0,23,425.06,67
23642,103,2013,32,374.3507,4.4925,0.6587,0.0,113,885.89,400
23642,104,2013,33,6.1184,2.8431,0.5979,0.0,27,887.49,195
23642,105,2013,34,378.7278,4.3495,0.659,1.82,97,886.46,384
23642,106,2013,35,0.3577,3.6178,0.7053,97.86,35,1.93,187
23642,107,2013,36,0.3251,3.7622,0.7912,97.26,27,1.74,73
24543,8,2011,41,247.9483,3.5953,0.6586,79.85,44,694.7,2194
24543,9,2011,42,158.8865,3.4253,0.598,0.0,53,693.88,2027
24543,10,2011,43,1.3359,2.5244,0.5049,94.58,32,5.75,2509
24543,11,2011,44,4.829,2.1774,0.4749,96.89,24,27.65,2317
24543,12,2011,45,0.1449,1.1083,0.3204,100.0,11,0.63,2341
24543,13,2011,46,0.201,2.5702,0.5405,100.0,27,0.77,2308
24543,14,2011,47,321.4559,3.5874,0.6263,30.97,53,693.79,2783
24543,15,2011,48,97.8526,2.2246,0.5237,96.31,19,675.57,2225
24543,16,2011,49,0.1307,1.1102,0.4295,100.0,6,0.52,1932
24543,17,2011,50,254.8009,1.9526,0.4881,71.42,16,682.33,2159
24543,18,2011,51,9.431,2.5676,0.5846,0.0,21,696.24,1968
24543,19,2011,52,8.6722,2.7801,0.8369,0.0,10,693.71,2144
24543,20,2012,1,9.4395,2.1709,0.5702,0.0,14,695.95,2084
24543,21,2012,2,63.1806,3.0199,0.5324,0.0,51,693.7,1791
24543,22,2012,3,9.9097,0.8357,0.2331,94.9,12,203.16,2156
24543,23,2012,4,0.1366,1.0416,0.371,100.0,7,0.68,1447
24543,25,2012,6,0.8501,0.6996,0.2332,92.27,8,3.19,2147
24543,26,2012,7,0.1491,1.0641,0.3076,100.0,11,0.73,1983
24543,27,2012,8,0.0997,0.3848,0.1657,100.0,5,0.73,1976
24543,28,2012,9,60.2549,0.7504,0.2259,99.49,10,843.99,2536
24543,29,2012,10,303.7718,1.9024,0.4997,71.64,14,691.97,2690
24543,30,2012,11,9.2212,2.6529,0.5713,0.0,25,692.81,1833
24543,31,2012,12,107.4013,0.8346,0.2973,95.37,7,692.78,2397
24543,32,2012,13,0.2783,1.3684,0.5294,99.73,6,4.46,2571
24543,33,2012,14,291.2314,2.0008,0.4555,76.01,21,692.8,1701
24543,34,2012,15,196.1801,1.3874,0.4177,87.87,10,696.26,1822
24543,35,2012,16,0.0323,0.0565,0.0243,100.0,5,0.39,2152
24543,36,2012,17,0.1406,0.9247,0.3294,100.0,7,0.58,1517
24543,37,2012,18,0.1677,0.4916,0.1751,98.15,7,1.23,1080
24543,38,2012,19,289.7691,4.2658,0.7412,38.46,54,693.73,117
24543,39,2012,20,13.6751,4.5961,0.7524,0.0,69,705.68,255
24543,40,2012,21,8.8118,4.1239,0.7466,0.0,46,697.14,194
24543,41,2012,22,11.6581,4.8816,0.7616,0.0,85,700.85,311
24543,42,2012,23,151.7845,5.3796,0.7948,0.0,109,771.73,323
24543,43,2012,24,3.7982,4.5473,0.8329,0.0,44,769.81,166
24543,44,2012,25,8.0867,5.0902,0.8617,0.0,60,789.54,149
24543,45,2012,26,5.1496,4.8014,0.8096,0.0,61,777.23,188
24543,46,2012,27,8.3902,5.5504,0.878,0.0,80,779.31,203
24543,47,2012,28,8.9478,5.0256,0.8119,0.0,73,780.89,189
24543,48,2012,29,7.2838,5.5071,0.8363,0.0,96,778.41,303
24543,49,2012,30,5.4464,4.607,0.733,0.0,78,781.08,334
24543,50,2012,31,324.169,5.5148,0.8495,0.0,90,781.08,316
24543,51,2012,32,7.8345,4.5259,0.7864,0.0,54,694.74,180
24543,52,2012,33,327.6394,5.7458,0.8808,8.61,92,841.16,244
24543,53,2012,34,0.3068,1.7404,0.3703,97.71,26,2.55,306
24543,54,2012,35,0.4554,1.6801,0.4029,94.65,18,2.63,187
24543,55,2012,36,1.0401,2.5269,0.5101,93.15,31,6.06,219
24543,56,2012,37,64.0366,2.3369,0.5604,86.89,18,190.33,122
24543,57,2012,38,0.3172,2.425,0.5709,97.35,19,1.16,151
24543,58,2012,39,0.2633,2.3755,0.5327,100.0,22,1.06,259
24543,59,2012,40,1.2217,2.8373,0.5967,93.6,27,5.43,203
24543,60,2012,41,47.7124,1.883,0.4946,99.25,14,552.53,133
24543,61,2012,42,213.0743,5.0267,0.7599,17.41,98,563.29,293
24543,62,2012,43,0.2168,2.3125,0.5265,100.0,21,0.74,162
24543,63,2012,44,1.201,2.9176,0.5482,94.84,40,9.1,310
24543,64,2012,45,0.1716,1.9494,0.5868,100.0,10,0.6,65
24543,65,2012,46,0.4459,3.2681,0.6798,96.09,28,1.71,179
24543,66,2012,47,295.4592,5.4384,0.8151,16.29,102,693.78,448
24543,67,2012,48,1.4089,2.8852,0.5625,95.63,35,10.08,252
24543,68,2012,49,0.2544,3.0585,0.6859,100.0,22,1.09,118
24543,69,2012,50,241.9979,3.4955,0.6442,80.45,43,910.41,312
24543,70,2012,51,9.2807,5.0326,0.7379,0.0,113,704.02,568
24543,71,2012,52,749.0785,4.7736,0.7509,0.0,82,1547.69,365
24543,72,2013,1,1.3148,2.0897,0.5224,0.0,16,1543.55,133
24760,7,2011,40,3.2911,2.7469,0.5197,99.78,39,120.42,1359
24760,8,2011,41,443.0122,4.2382,0.6704,13.61,80,910.46,904
24760,9,2011,42,410.4245,4.0359,0.5885,12.58,116,1856.42,1964
24760,10,2011,43,2.2169,3.2651,0.5463,95.69,63,16.64,2578
24760,11,2011,44,0.3703,2.8889,0.4997,99.48,55,2.46,3064
24760,12,2011,45,223.135,2.8294,0.4616,87.36,70,12107.36,2943
24760,13,2011,46,0.3751,2.6899,0.4816,95.65,48,1.48,2641
24760,14,2011,47,664.7596,3.8962,0.5348,32.01,156,1357.39,3065
24760,15,2011,48,74.7615,3.2426,0.5467,96.58,61,1312.0,2923
24760,16,2011,49,0.3394,2.9434,0.536,98.66,45,1.43,2167
24760,17,2011,50,544.4903,3.5686,0.5419,68.35,96,1350.59,2619
24760,18,2011,51,5.4416,2.1782,0.3408,0.0,84,1357.36,2601
24760,19,2011,52,124.8636,4.2695,0.5972,0.25,142,1837.98,2378
24760,20,2012,1,7.3436,2.7879,0.4629,0.0,65,1357.36,2697
24760,21,2012,2,263.116,1.5609,0.3151,0.0,31,1356.18,2037
24760,22,2012,3,5.6448,2.9724,0.5381,99.37,46,160.88,2526
24760,23,2012,4,27.216,2.4205,0.4489,96.75,42,1254.25,2124
24760,24,2012,5,0.4343,3.2894,0.5743,97.99,53,4.38,2539
24760,25,2012,6,922.548,3.488,0.5905,98.16,60,12107.56,2226
24760,26,2012,7,625.8378,2.8412,0.5173,95.53,45,12107.56,2619
24760,27,2012,8,24.8029,3.2908,0.5176,91.09,82,208.68,2346
24760,28,2012,9,0.4257,3.4389,0.5948,97.5,55,1.18,2283
24760,29,2012,10,0.4177,3.2052,0.5709,99.95,49,0.98,2146
24760,30,2012,11,0.666,1.7539,0.3124,98.82,49,9.09,2200
24760,31,2012,12,0.4703,2.8211,0.4949,98.29,52,5.45,2218
24760,32,2012,13,3.1459,2.8669,0.4677,97.29,70,160.88,2726
24760,33,2012,14,0.1659,1.1781,0.4558,100.0,6,0.65,82
24760,34,2012,15,38.8483,2.6085,0.8695,81.25,8,160.88,16
24760,35,2012,16,0.9696,3.4528,0.9631,93.75,12,3.93,16
24760,36,2012,17,0.3909,3.3232,0.9606,100.0,11,0.74,15
24760,37,2012,18,42.0071,3.0497,0.8816,77.78,11,160.88,27
24760,38,2012,19,662.0536,4.2936,0.9492,55.26,23,1350.77,38
24760,39,2012,20,7.3193,2.8307,0.765,0.0,13,1356.58,46
24760,40,2012,21,11.5131,2.8136,0.8133,0.0,11,1350.6,33
24760,41,2012,22,4.5072,1.9909,0.7702,0.0,6,1350.6,34
24760,42,2012,23,195.2408,2.7853,0.7527,0.0,13,1353.8,40
24760,43,2012,24,5.0258,3.0219,0.9097,0.0,10,1350.61,20
24760,44,2012,25,7.9452,3.2406,0.8511,0.0,14,1353.79,39
24760,45,2012,26,2.4878,2.789,0.8396,0.0,10,1351.75,29
24760,46,2012,27,171.6961,2.8026,0.8437,0.0,10,1703.45,44
24760,50,2012,31,0.5945,0.7219,0.7219,0.0,2,1350.67,5
24760,51,2012,32,0.6444,0.65,0.65,0.0,2,1350.66,6
24760,52,2012,33,653.156,3.2464,0.9384,0.0,11,1353.42,20
24760,53,2012,34,43.9032,1.1191,0.5596,90.91,4,153.38,22
24760,54,2012,35,2.0713,1.5024,0.5352,78.26,7,5.05,23
24760,55,2012,36,0.2503,1.3216,0.6608,100.0,4,0.71,17
24760,56,2012,37,1.2796,0.9321,0.4015,92.11,5,5.13,38
24760,57,2012,38,0.4616,2.7477,0.7664,92.86,12,1.18,42
24760,58,2012,39,20.881,1.8749,0.7253,68.18,6,73.21,22
24760,59,2012,40,44.5148,2.6167,0.7564,90.91,11,186.19,33
24760,60,2012,41,137.6781,2.4911,0.7201,81.63,11,912.22,49
24760,61,2012,42,403.3985,2.2523,0.8713,13.04,6,896.94,23
24760,62,2012,43,28.4761,1.8943,0.8158,70.59,5,82.87,17
24760,63,2012,44,0.4945,2.9938,0.8654,91.89,11,1.36,37
24760,64,2012,45,0.4246,2.5918,0.8639,83.33,8,1.79,18
24760,65,2012,46,0.4752,2.9923,0.9008,91.3,10,1.35,23
24760,66,2012,47,577.7232,1.9491,0.754,11.11,6,1350.02,18
24760,67,2012,48,0.4241,1.9491,0.754,94.44,6,1.03,18
24760,68,2012,49,0.5391,2.5493,0.9081,86.67,7,1.03,15
24760,69,2012,50,172.5049,2.2433,0.6753,89.19,10,1037.55,37
24760,70,2012,51,660.645,2.5226,0.8409,0.0,8,1353.14,18
24760,71,2012,52,11.6724,1.1568,0.7298,0.0,3,1350.04,10
24760,72,2013,1,0.3704,0.5033,0.5033,0.0,2,1351.2,9
24760,73,2013,2,381.5264,4.371,0.9193,0.0,27,1856.76,55
24760,74,2013,3,0.6303,1.4911,0.7456,81.82,4,1.49,11
24760,75,2013,4,0.4731,2.6106,0.9299,92.86,7,1.0,14
24760,76,2013,5,0.4786,1.574,0.787,82.35,4,1.0,17
24760,78,2013,7,1390.5242,3.8366,0.9592,20.59,16,2933.79,34
24760,79,2013,8,40.3986,2.8269,0.8918,72.73,9,141.48,22
24760,80,2013,9,0.0311,0.9911,0.9911,100.0,2,0.72,9
24760,81,2013,10,0.7073,1.6819,0.6506,91.3,6,1.85,23
24760,82,2013,11,0.004,0.0,0.0,100.0,1,0.66,3
24760,83,2013,12,0.2386,1.9502,0.9751,100.0,4,0.66,7
24760,84,2013,13,0.2927,2.5216,0.9755,71.43,6,1.24,7
24760,85,2013,14,0.3336,2.7534,0.9178,100.0,8,0.66,14
24760,86,2013,15,0.4447,1.9749,0.9875,100.0,4,0.66,9
24760,87,2013,16,0.0047,0.0,0.0,100.0,1,0.66,4
24760,123,2013,52,63.2292,5.1729,0.9031,0.0,53,1506.46,97
24760,124,2014,1,6.1925,4.4919,0.788,0.0,52,1359.35,145
24760,125,2014,2,6.2975,4.445,0.7876,0.0,50,1361.35,120
24760,126,2014,3,407.0899,4.9754,0.8231,67.98,66,2565.82,178
24760,127,2014,4,1.2339,4.6526,0.8574,85.34,43,7.3,116
24760,128,2014,5,1.8343,4.0608,0.7352,84.3,46,7.3,172
24760,129,2014,6,1.6423,4.716,0.8538,65.19,46,7.3,158
24760,130,2014,7,1.4634,5.4363,0.9203,73.53,60,7.3,102
24760,131,2014,8,42.6026,5.1539,0.8085,63.56,83,121.43,236
24760,132,2014,9,1.1519,4.6127,0.8092,87.08,52,7.3,178
24760,133,2014,10,499.1126,6.0843,0.8856,47.5,117,1355.79,240
24760,134,2014,11,491.1863,6.5404,0.9072,1.68,148,1386.24,238
24760,135,2014,12,1.5129,4.8767,0.8397,82.53,56,8.45,166
24760,136,2014,13,1.5834,4.9113,0.8457,76.12,56,18.69,201
24760,137,2014,14,1.2838,4.9152,0.93,82.43,39,7.05,74
24760,138,2014,15,39.3231,5.5764,0.8872,50.0,78,143.95,184
24760,139,2014,16,1.0851,4.4109,0.8129,74.34,43,5.77,113
24760,140,2014,17,0.3396,2.7669,0.8329,82.86,10,1.25,35
24853,8,2011,41,456.9263,3.2213,0.7224,58.84,22,1098.26,1120
24853,9,2011,42,510.1775,2.8078,0.7588,14.59,13,1098.25,1837
24853,10,2011,43,0.3046,1.0433,0.6582,100.0,3,0.63,98
24853,11,2011,44,0.3729,2.4932,0.8881,100.0,7,0.63,2020
24853,12,2011,45,0.3518,1.2237,0.4359,100.0,7,0.63,1532
24853,13,2011,46,0.3097,1.6202,0.4519,100.0,12,0.74,1963
24853,14,2011,47,52.8454,3.0109,0.8137,35.04,13,112.39,1638
24853,15,2011,48,9.3961,2.387,0.5724,81.21,18,112.25,1671
24853,16,2011,49,1.3198,1.6054,0.8027,91.48,4,4.47,1314
24853,17,2011,50,55.8572,2.3639,0.788,55.9,8,118.52,1297
24853,18,2011,51,4.9367,2.2722,0.7574,0.0,8,116.97,1167
24853,19,2011,52,8.8464,2.2458,0.8,0.0,7,121.6,913
24853,20,2012,1,5.4974,1.5831,0.5639,0.0,7,121.26,1857
24853,21,2012,2,6.8664,1.8997,0.8182,0.0,5,118.49,1337
24853,22,2012,3,28.9146,2.7227,0.7151,91.92,14,106.18,1373
24853,23,2012,4,0.5479,2.8388,0.7671,97.32,13,2.85,1605
24853,24,2012,5,1.217,2.0487,0.6463,93.39,9,8.26,1739
24853,25,2012,6,0.2497,0.7569,0.2928,99.87,6,0.98,1548
24853,26,2012,7,0.3569,1.9684,0.7011,98.16,7,1.3,1740
24853,27,2012,8,0.227,1.6259,0.5792,100.0,7,0.72,1918
24853,28,2012,9,0.6049,2.8772,0.9077,86.6,9,1.56,1604
24853,29,2012,10,30.5582,1.3062,0.4354,91.96,8,114.74,1169
24853,30,2012,11,3.8548,2.2796,0.812,0.0,7,115.32,776
24853,32,2012,13,0.1314,0.5255,0.5255,100.0,2,0.75,413
24853,33,2012,14,43.3004,1.79,0.7709,81.52,5,111.61,1104
24853,34,2012,15,49.2221,1.8825,0.6275,72.15,8,111.61,876
24853,35,2012,16,0.456,2.4488,0.6831,84.46,12,1.39,2690
24853,36,2012,17,0.2484,3.2245,0.8061,98.75,16,0.99,1924
24853,37,2012,18,0.5431,2.0468,0.5709,99.89,12,1.58,917
24853,38,2012,19,0.3349,2.3814,0.6436,98.65,13,1.25,74
24853,39,2012,20,4.9338,4.2654,0.8316,0.0,35,122.1,117
24853,40,2012,21,34.6998,3.683,0.8385,0.0,21,112.41,54
24853,41,2012,22,1.9595,2.4138,0.8598,0.0,7,118.44,14
24853,42,2012,23,142.356,5.0871,0.8881,0.0,53,542.2,114
24853,43,2012,24,0.0,0.0,0.0,0.0,1,542.2,4
24853,45,2012,26,0.0083,0.0,0.0,0.0,1,580.36,6
24853,47,2012,28,0.0,0.0,0.0,0.0,1,546.0,1
24853,50,2012,31,42.1023,4.0577,0.8044,45.87,33,116.46,109
24853,51,2012,32,1.5116,3.6236,0.8126,63.33,22,5.24,90
24853,52,2012,33,1.3429,3.6673,0.8485,88.33,20,4.46,60
24853,53,2012,34,0.5468,3.6454,0.7291,94.12,32,2.43,102
24853,55,2012,36,0.9271,4.4342,0.7983,78.69,47,3.36,122
24853,56,2012,37,0.4349,2.9676,0.7794,100.0,14,0.91,69
24853,57,2012,38,0.4593,3.39,0.7844,98.88,20,1.16,89
24853,58,2012,39,0.81,2.5951,0.6349,90.55,17,4.45,127
24853,59,2012,40,0.5105,2.6359,0.7619,98.85,11,1.06,87
24853,60,2012,41,21.1642,2.8595,0.751,92.52,14,111.92,107
24853,61,2012,42,53.7512,4.115,0.7631,43.88,42,117.75,196
24853,62,2012,43,0.6512,2.6545,0.7673,67.21,11,1.68,61
24853,63,2012,44,0.9948,2.9024,0.6832,86.17,19,5.92,188
24853,64,2012,45,0.6136,2.3873,0.627,87.02,14,1.7,208
24853,65,2012,46,0.5246,2.3568,0.619,91.74,14,2.9,230
24853,66,2012,47,54.9212,4.3172,0.773,38.38,48,114.43,271
24853,67,2012,48,0.6947,2.1327,0.5763,90.0,13,5.23,120
24853,68,2012,49,0.6749,2.8576,0.6727,87.13,19,2.79,202
24853,69,2012,50,50.1568,4.295,0.859,47.01,32,118.7,117
24853,70,2012,51,3.5568,3.8613,0.7358,0.0,38,118.34,336
24853,71,2012,52,221.7553,5.5343,0.8484,0.0,92,495.38,218
24853,72,2013,1,825.2435,4.8707,0.8387,0.0,56,1857.74,268
24853,73,2013,2,670.2081,5.7387,0.7612,0.0,186,1857.86,509
24853,74,2013,3,0.4894,1.8248,0.4793,97.34,14,2.91,263
24853,75,2013,4,0.8403,2.4566,0.5783,92.36,19,5.0,288
24853,76,2013,5,0.6344,2.046,0.5374,96.08,14,3.92,332
24853,77,2013,6,0.541,3.33,0.6855,94.72,29,2.33,303
24853,78,2013,7,1.3629,2.8099,0.5672,91.08,31,5.03,370
24853,79,2013,8,0.7082,2.9592,0.6031,91.91,30,3.94,408
24853,80,2013,9,0.5964,2.2663,0.5952,96.2,14,1.49,342
24853,81,2013,10,42.0626,3.1222,0.6902,74.22,23,115.55,225
24853,82,2013,11,2.553,3.9377,0.6751,0.0,57,118.53,468
24853,83,2013,12,0.6394,3.5931,0.7557,95.42,27,4.38,240
24853,84,2013,13,50.2432,3.7445,0.6635,59.36,50,115.95,251
24853,85,2013,14,25.5442,2.987,0.6432,82.97,25,131.49,182
24853,86,2013,15,0.5894,3.6829,0.6787,93.28,43,3.94,402
24853,87,2013,16,1.3276,4.293,0.7568,82.97,51,5.22,364
24853,88,2013,17,1.3349,2.6044,0.593,90.5,21,8.46,358
24853,89,2013,18,0.6225,2.0408,0.6803,95.83,8,3.74,72
24853,90,2013,19,41.5017,2.9746,0.6004,72.53,31,113.86,182
24853,91,2013,20,1.6536,3.1026,0.7064,0.0,21,116.48,217
24853,92,2013,21,8.5813,3.8105,0.749,0.0,34,122.53,255
24853,93,2013,22,4.2767,3.4016,0.6308,0.0,42,121.19,624
24853,94,2013,23,69.1569,4.1991,0.756,0.0,47,297.47,301
24853,95,2013,24,0.0,0.0,0.0,0.0,1,546.01,9
24853,98,2013,27,0.0,0.0,0.0,0.0,1,546.01,2
24853,99,2013,28,0.0,0.0,0.0,0.0,1,579.94,11
24853,102,2013,31,97.5772,4.3382,0.7203,52.34,65,1657.48,321
24853,103,2013,32,63.8576,4.4853,0.7246,18.62,73,151.6,419
24853,104,2013,33,1.358,2.9599,0.5562,68.4,40,7.07,867
24853,105,2013,34,1.4099,3.9108,0.7894,67.38,31,7.06,282
25171,7,2011,40,0.4075,3.3366,0.6614,93.42,33,1.66,1914
25171,8,2011,41,368.2745,3.3893,0.5548,72.07,69,910.46,2399
25171,9,2011,42,405.4938,2.3729,0.4626,29.5,35,864.03,2868
25171,10,2011,43,48.1047,2.8699,0.6036,94.67,27,1251.43,2028
25171,11,2011,44,117.5347,2.1071,0.4483,96.16,26,651.92,2499
25171,12,2011,45,0.2403,2.5455,0.5415,99.1,26,1.5,2781
25171,13,2011,46,39.279,3.6886,0.6605,81.02,48,1102.37,2756
25171,14,2011,47,318.4858,3.5053,0.5738,12.08,69,868.8,2641
25171,15,2011,48,12.3254,2.6974,0.6743,98.64,16,178.93,2351
25171,16,2011,49,0.8874,2.6479,0.5938,88.94,22,9.2,1998
25171,17,2011,50,389.7468,3.0637,0.5252,62.49,57,867.88,2410
25171,18,2011,51,10.1121,2.6223,0.5515,0.0,27,865.73,2410
25171,19,2011,52,368.5232,4.194,0.71,0.0,60,1763.29,2572
25171,20,2012,1,341.1572,3.8833,0.6197,0.0,77,1763.26,2544
25171,21,2012,2,91.1212,2.3685,0.4313,0.0,45,869.02,2245
25171,22,2012,3,12.8606,1.3881,0.3872,95.51,12,137.13,1803
25171,23,2012,4,0.5984,3.0289,0.6792,85.87,22,8.84,3036
25171,24,2012,5,0.4563,2.2174,0.6185,95.51,12,1.66,2850
25171,25,2012,6,1.2268,2.5111,0.6427,92.23,15,10.58,2214
25171,26,2012,7,0.2963,2.0452,0.6452,98.42,9,1.56,2599
25171,28,2012,9,0.4187,2.4331,0.6575,94.71,13,1.56,1001
25171,29,2012,10,67.4468,3.4091,0.717,51.21,27,208.68,2271
25171,30,2012,11,404.927,3.7342,0.6583,9.27,51,909.43,1705
25171,31,2012,12,0.6698,2.8155,0.7207,93.43,15,2.47,2739
25171,32,2012,13,0.66,2.3748,0.6237,91.22,14,5.02,2596
25171,33,2012,14,54.182,3.2245,0.7231,64.32,22,120.17,2127
25171,34,2012,15,46.8264,2.8643,0.6247,73.13,24,120.39,2296
25171,35,2012,16,0.2892,2.0964,0.6614,98.57,9,1.12,2521
25171,36,2012,17,0.4414,2.4719,0.7145,91.68,11,1.68,2403
25171,37,2012,18,0.4605,1.8807,0.4427,95.16,19,5.07,579
25171,38,2012,19,1.2673,2.8304,0.6549,70.33,20,4.99,209
25171,39,2012,20,279.3546,3.9889,0.7142,5.44,48,856.96,147
25171,40,2012,21,9.734,4.2378,0.7204,0.0,59,896.42,378
25171,41,2012,22,10.1007,4.0538,0.7518,0.0,42,900.59,197
25171,42,2012,23,4.5379,3.9931,0.7405,0.0,42,868.83,227
25171,43,2012,24,13.3976,4.6392,0.7448,0.0,75,900.53,312
25171,44,2012,25,4.4038,3.3846,0.7201,0.0,26,866.63,201
25171,45,2012,26,107.5646,4.1129,0.7364,0.0,48,1097.51,217
25171,46,2012,27,229.7936,4.8873,0.7947,0.0,71,1098.69,185
25171,47,2012,28,4.4165,3.5919,0.7554,0.0,27,866.42,99
25171,48,2012,29,0.2099,1.0,1.0,100.0,2,0.4,2
25171,49,2012,30,3.7873,2.1258,0.8224,0.0,6,865.76,12
25171,50,2012,31,2.5426,1.6267,0.7006,0.0,5,861.74,14
25171,51,2012,32,330.9252,1.0,1.0,0.0,2,856.06,8
25171,52,2012,33,57.6253,1.9056,0.9528,50.0,4,119.87,8
25171,53,2012,34,0.6398,1.7527,0.8764,88.89,4,1.78,18
25171,54,2012,35,0.2429,0.9183,0.9183,100.0,2,0.39,3
25171,55,2012,36,0.3014,2.2473,0.8694,100.0,6,0.65,34
25171,56,2012,37,81.5092,2.4956,0.889,64.29,7,180.19,14
25171,57,2012,38,0.2862,2.5567,0.9107,100.0,7,0.63,14
25171,73,2013,2,367.9087,2.6612,0.9479,15.38,7,910.86,13
25171,74,2013,3,0.1642,0.7425,0.7425,100.0,2,0.35,19
25171,75,2013,4,0.1998,0.9544,0.9544,100.0,2,0.34,8
25323,7,2011,40,0.1682,0.7648,0.3294,98.43,5,1.41,191
25323,8,2011,41,20.4371,2.3706,0.5685,78.75,18,140.97,1379
25323,9,2011,42,39.5532,2.2551,0.629,73.13,12,140.77,603
25323,10,2011,43,0.1112,0.9272,0.3993,100.0,5,0.57,1649
25323,11,2011,44,5.3922,1.3947,0.4649,85.95,8,41.38,1865
25323,12,2011,45,0.3867,1.9721,0.9861,100.0,4,0.59,1039
25323,13,2011,46,0.2605,1.7378,0.8689,100.0,4,0.52,1889
25323,14,2011,47,128.5148,1.5464,0.5155,66.3,8,389.35,905
25323,15,2011,48,0.0416,0.2735,0.1726,100.0,3,0.74,1270
25323,16,2011,49,0.0958,1.1817,0.7455,100.0,3,0.6,1470
25323,17,2011,50,1151.8214,2.1542,0.7181,47.53,8,2935.93,1115
25323,18,2011,51,0.9069,0.7647,0.4825,0.0,3,2934.22,753
25323,19,2011,52,1718.5971,1.8057,0.5696,0.0,9,2934.14,1305
25323,20,2012,1,0.286,0.6666,0.6666,0.0,2,2932.09,138
25323,21,2012,2,0.7568,1.1894,0.7504,0.0,3,2934.16,227
25323,22,2012,3,0.0444,0.7801,0.7801,100.0,2,0.58,372
25323,23,2012,4,0.0384,0.3284,0.1642,100.0,4,0.74,1931
25323,24,2012,5,0.0714,0.0977,0.0977,100.0,2,0.49,1981
25323,25,2012,6,0.7894,0.8021,0.5061,96.63,3,4.4,1690
25323,26,2012,7,0.0622,0.8574,0.5409,100.0,3,0.58,1391
25323,27,2012,8,0.2931,1.1233,0.7087,100.0,3,0.54,1708
25323,28,2012,9,0.1453,1.4661,0.733,100.0,4,0.53,2104
25323,29,2012,10,208.0391,1.8781,0.7265,81.79,6,656.51,1373
25323,30,2012,11,0.4004,1.068,0.534,0.0,4,656.49,1994
25323,31,2012,12,151.8392,2.2275,0.8617,68.48,6,655.17,2027
25323,32,2012,13,25.7521,0.8619,0.431,98.35,4,202.34,2178
25323,33,2012,14,0.0114,0.0079,0.0079,100.0,2,0.75,1522
25323,34,2012,15,0.1846,1.1048,0.5524,100.0,4,0.78,2139
25323,35,2012,16,0.0507,0.4554,0.4554,100.0,2,0.49,2193
25323,36,2012,17,0.2115,1.3256,0.8364,100.0,3,0.74,1363
25323,37,2012,18,0.0839,0.1342,0.0671,99.78,4,1.11,462
25323,38,2012,19,54.0083,3.8392,0.8609,54.39,22,127.01,57
25323,39,2012,20,59.1853,4.1939,0.8388,0.0,32,2936.53,105
25323,40,2012,21,4.7005,3.202,0.7409,0.0,20,2936.81,148
25323,41,2012,22,0.4804,1.6577,0.8289,0.0,4,2932.21,9
25323,42,2012,23,6.263,3.5833,0.7815,0.0,24,2937.78,73
25323,43,2012,24,6.8092,3.4649,0.777,0.0,22,2934.71,63
25323,44,2012,25,5.6573,3.6488,0.7674,0.0,27,2936.59,118
25323,45,2012,26,6.8568,4.2881,0.8501,0.0,33,2937.69,80
25323,46,2012,27,3.8101,3.4908,0.7614,0.0,24,2937.36,100
25323,47,2012,28,6.1071,3.3775,0.769,0.0,21,2934.72,98
25323,48,2012,29,6.2213,3.6922,0.7951,0.0,25,2936.07,86
25323,49,2012,30,7.417,3.9605,0.8239,0.0,28,2941.04,119
25323,50,2012,31,6.6111,3.4687,0.8166,0.0,19,2932.07,78
25323,51,2012,32,138.4813,3.8785,0.8974,0.0,20,2932.99,38
25323,55,2012,36,0.6046,2.9206,0.9213,58.0,9,1.49,50
25323,56,2012,37,0.339,3.2342,0.8278,95.16,15,1.18,62
25323,57,2012,38,0.1791,2.2114,0.8555,100.0,6,0.73,38
25323,58,2012,39,0.1324,1.0,1.0,100.0,2,0.73,2
25323,60,2012,41,0.3651,2.5495,0.8043,89.29,9,1.55,28
25323,61,2012,42,0.4044,3.0158,0.8412,86.67,12,1.36,45
25323,62,2012,43,0.1816,2.1494,0.9257,100.0,5,0.75,16
25323,63,2012,44,0.3974,3.0179,0.9085,93.33,10,1.19,30
25323,64,2012,45,0.1069,1.75,0.875,100.0,4,0.59,8
25323,65,2012,46,0.2059,1.8366,0.9183,100.0,4,0.59,9
25323,66,2012,47,1447.3814,3.603,0.8203,35.71,21,2935.29,70
25323,67,2012,48,22.575,3.0507,0.7627,87.34,16,141.38,79
25323,68,2012,49,9.607,3.1265,0.8449,98.55,13,80.69,69
25323,69,2012,50,1224.6753,3.5263,0.8159,70.83,20,2934.39,120
25323,70,2012,51,8.3368,2.6233,0.4999,0.0,38,2937.83,311
25323,71,2012,52,159.4003,3.2606,0.7208,0.0,23,2933.93,133
25323,72,2013,1,1.553,1.3355,0.3041,0.0,21,2937.66,348
25323,73,2013,2,3.7798,2.0043,0.5264,0.0,14,2935.74,91
25323,74,2013,3,12.4014,3.3129,0.8282,93.88,16,80.58,49
25323,75,2013,4,0.2982,2.3199,0.7319,96.15,9,1.78,52
25323,77,2013,6,47.7597,1.4183,0.7091,83.33,4,160.88,12
25323,78,2013,7,10.0934,2.92,0.7891,91.94,13,80.37,62
25323,79,2013,8,0.3649,2.3614,0.7108,98.18,10,2.41,55
25323,80,2013,9,0.066,1.8115,0.7802,100.0,5,0.72,32
25323,81,2013,10,496.992,3.9055,0.841,73.19,25,2144.6,138
25323,82,2013,11,549.3231,1.9107,0.6369,0.0,8,2146.38,60
25323,83,2013,12,0.2306,2.9682,0.858,100.0,11,0.74,66
25323,84,2013,13,0.6492,3.1357,0.7671,91.76,17,4.54,85
25323,86,2013,15,0.1124,1.4591,0.9206,100.0,3,0.79,6
25323,87,2013,16,0.3588,3.8175,0.8121,93.23,26,1.26,133
25323,88,2013,17,0.9627,4.2685,0.7383,76.15,55,4.55,327
25323,89,2013,18,0.3983,3.0893,0.6572,89.55,26,2.68,201
25323,90,2013,19,0.517,2.3312,0.8304,100.0,7,0.9,21
25323,91,2013,20,0.3447,0.8181,0.409,0.0,4,2931.35,21
25323,92,2013,21,0.3917,1.6235,0.6992,0.0,5,2932.11,25
25323,97,2013,26,0.0027,0.0,0.0,0.0,1,2931.36,12
25323,98,2013,27,0.0,0.0,0.0,0.0,1,2931.35,2
25323,99,2013,28,0.4566,1.6375,0.7052,0.0,5,2932.34,48
25323,106,2013,35,0.0,0.0,0.0,100.0,1,0.62,4
25494,7,2011,40,0.1598,0.2342,0.1009,99.32,5,1.76,1174
25494,8,2011,41,103.9681,2.4261,0.544,65.74,22,304.82,2204
25494,9,2011,42,97.731,2.3155,0.5665,29.52,17,304.2,2459
25494,10,2011,43,2.3325,2.3765,0.7922,70.07,8,5.19,1881
25494,11,2011,44,0.2554,1.3052,0.5049,100.0,6,0.56,2110
25494,12,2011,45,0.2371,0.5713,0.2857,100.0,4,0.64,2097
25494,13,2011,46,0.4277,2.6437,0.7958,98.17,10,2.42,1909
25494,14,2011,47,59.7641,2.5365,0.6205,27.42,17,134.83,2155
25494,15,2011,48,0.553,2.0786,0.6929,82.51,8,1.31,1647
25494,16,2011,49,0.2734,1.0353,0.3688,100.0,7,0.64,2003
25494,17,2011,50,55.4754,2.0623,0.6208,78.99,10,303.89,1609
25494,18,2011,51,2.3548,2.1467,0.5638,0.0,14,133.6,1603
25494,19,2011,52,83.1781,3.0047,0.8381,0.0,12,331.24,1886
25494,20,2012,1,1.2105,2.3357,0.7368,0.0,9,132.42,1650
25494,21,2012,2,44.2364,2.0104,0.8659,0.0,5,132.41,1365
25494,22,2012,3,0.5002,1.9884,0.8563,84.62,5,1.29,1573
25494,23,2012,4,0.9092,1.3472,0.85,75.59,3,2.03,1225
25494,24,2012,5,0.4105,1.0827,0.3857,97.14,7,2.03,1995
25494,25,2012,6,22.3518,1.2717,0.5477,92.23,5,84.46,1222
25494,26,2012,7,0.2696,1.4601,0.7301,100.0,4,0.54,1135
25494,27,2012,8,0.3073,1.1432,0.5716,100.0,4,0.61,1944
25494,28,2012,9,0.191,2.3817,0.9214,100.0,6,0.41,1167
25494,29,2012,10,457.1464,1.8981,0.5714,77.53,10,1259.55,899
25494,30,2012,11,251.1802,2.6059,0.7269,0.0,12,1278.63,1212
25494,31,2012,12,51.6795,1.9297,0.7465,77.16,6,132.38,1147
25494,32,2012,13,13.1833,0.2296,0.1148,96.93,4,132.38,1533
25494,33,2012,14,62.0654,1.8126,0.5056,55.55,12,133.36,1748
25494,34,2012,15,60.4854,2.1031,0.9057,47.29,5,132.37,998
25494,35,2012,16,0.6419,0.6153,0.3076,89.06,4,2.94,1243
25494,36,2012,17,0.1222,0.9207,0.4604,100.0,4,0.31,1137
25494,37,2012,18,0.2193,1.4915,0.4972,100.0,8,0.56,1675
25494,38,2012,19,2.107,2.8655,0.7335,79.49,15,6.16,1658
25494,39,2012,20,0.5507,1.4141,0.3391,91.92,18,6.35,1027
25494,40,2012,21,10.6721,3.9173,0.8149,0.0,28,137.58,88
25494,41,2012,22,7.0808,3.7379,0.741,0.0,33,142.16,127
25494,42,2012,23,324.6425,3.9376,0.8588,0.0,24,937.58,66
25494,43,2012,24,296.1014,2.8731,0.5436,0.0,39,937.58,202
25494,44,2012,25,4.3956,3.3929,0.6849,0.0,31,136.56,114
25494,45,2012,26,8.4576,3.1979,0.7528,0.0,19,153.52,79
25494,46,2012,27,8.6769,3.327,0.7461,0.0,22,162.59,68
25494,47,2012,28,9.0641,3.6046,0.7762,0.0,25,164.55,93
25494,48,2012,29,11.1123,3.3,0.7513,0.0,21,135.11,88
25494,49,2012,30,3.1798,2.6702,0.7013,0.0,14,149.08,71
25494,50,2012,31,5.6811,2.8925,0.7597,0.0,14,141.25,102
25494,51,2012,32,5.555,2.3002,0.6216,0.0,13,160.25,64
25494,52,2012,33,61.4567,3.4154,0.8539,58.33,16,133.36,36
25494,53,2012,34,1.207,2.4395,0.6593,88.41,13,5.43,69
25494,54,2012,35,0.3648,1.8543,0.6605,96.15,7,1.17,26
25494,65,2012,46,1.3907,2.3085,0.7695,88.89,8,4.69,27
25494,66,2012,47,0.4074,2.4823,0.8274,100.0,8,1.07,29
25494,67,2012,48,0.675,2.0736,0.6242,83.33,10,2.79,84
25494,68,2012,49,25.1105,1.577,0.6792,97.5,5,160.88,40
25494,69,2012,50,59.3359,2.3741,0.6077,70.47,15,134.56,149
25494,70,2012,51,3.0863,1.0,1.0,0.0,2,134.56,6
25494,72,2013,1,347.0234,4.4292,0.8858,0.0,32,1094.18,52
25494,76,2013,5,11.5848,1.7188,0.7403,97.87,5,80.38,47
25494,78,2013,7,87.1593,3.4677,0.9673,7.14,12,277.08,14
25494,87,2013,16,11.3562,1.1562,0.7295,97.14,3,67.82,35
25494,88,2013,17,0.4307,1.9682,0.8476,100.0,5,0.85,55
25494,90,2013,19,53.2732,2.1418,0.9224,26.32,5,132.4,38
25544,7,2011,40,0.0909,0.9449,0.9449,100.0,2,0.25,193
25544,8,2011,41,114.918,1.9923,0.6641,62.87,8,243.06,870
25544,9,2011,42,1199.9717,1.4296,0.3988,7.24,12,2900.25,2168
25544,10,2011,43,0.3974,0.754,0.2686,97.88,7,2.64,1936
25544,18,2011,51,3.8763,2.1529,0.7669,0.0,7,2900.56,770
25544,19,2011,52,1145.545,3.147,0.5152,0.0,69,2900.77,2970
25544,20,2012,1,1297.2178,2.8395,0.6115,0.0,25,2900.43,2295
25544,21,2012,2,5.1574,2.5877,0.4633,0.0,48,2901.57,2005
25544,22,2012,3,1101.6201,2.4131,0.6033,74.97,16,2892.85,1586
25544,23,2012,4,255.5904,1.4833,0.4288,87.65,11,840.79,1749
25544,24,2012,5,0.2904,2.4654,0.8218,100.0,8,0.64,1883
25544,25,2012,6,0.2321,2.0522,0.7939,100.0,6,0.6,1262
25544,26,2012,7,0.3013,1.602,0.5054,94.43,9,1.33,1724
25544,27,2012,8,0.1615,1.721,0.8605,100.0,4,0.46,1385
25544,28,2012,9,0.2794,2.128,0.7093,100.0,8,0.74,1634
25544,29,2012,10,964.2392,2.6667,0.7206,82.87,13,2893.35,2107
25544,30,2012,11,1134.0904,1.6488,0.4331,13.88,14,2900.97,2623
25544,31,2012,12,0.1925,1.3847,0.6923,100.0,4,0.31,697
25544,32,2012,13,0.2662,2.2485,0.65,100.0,11,0.61,1958
25544,33,2012,14,0.2029,2.6772,0.7468,100.0,12,0.75,2232
25544,34,2012,15,0.1976,1.8014,0.6969,100.0,6,0.61,2019
25544,35,2012,16,0.3656,1.3993,0.6996,95.11,4,0.9,2026
25544,36,2012,17,0.2914,2.6309,0.7339,85.97,12,0.99,2395
25544,37,2012,18,0.2144,1.0035,0.6331,100.0,3,0.74,759
25544,39,2012,20,0.0,0.0,0.0,100.0,1,0.3,1
25544,41,2012,22,6.8692,3.2771,0.6389,0.0,35,2906.79,236
25544,42,2012,23,4.6189,3.4312,0.6447,0.0,40,2902.06,292
25544,43,2012,24,5.3731,2.3846,0.7949,0.0,8,2902.06,30
25544,44,2012,25,9334.5717,2.6872,0.7262,0.0,13,12523.29,69
25544,45,2012,26,1827.1323,3.0777,0.6212,0.0,31,12523.29,196
25544,46,2012,27,17.7653,2.1322,0.5948,0.0,12,2900.47,123
25544,47,2012,28,4.8875,2.6573,0.6501,0.0,17,2900.38,107
25544,48,2012,29,5.6317,4.0202,0.7504,0.0,41,2902.8,141
25544,49,2012,30,5.3973,3.5268,0.7909,0.0,22,2902.06,97
25544,50,2012,31,2.9072,2.4669,0.6881,0.0,12,2899.49,64
25544,51,2012,32,3.2986,2.3677,0.7892,0.0,8,2900.2,23
25544,52,2012,33,0.6258,2.2399,0.6248,91.36,12,2.25,81
25544,53,2012,34,0.4573,1.5356,0.594,87.5,6,1.17,32
25544,54,2012,35,0.0,0.0,0.0,100.0,1,0.14,11
25544,55,2012,36,1.0995,2.4941,0.6957,81.25,12,3.37,48
25544,56,2012,37,0.0787,0.3238,0.2043,100.0,3,0.39,42
25544,57,2012,38,0.2696,2.3214,0.7738,100.0,8,0.73,32
25544,58,2012,39,0.3764,2.5806,0.8602,91.49,8,1.03,47
25544,59,2012,40,44.8904,3.605,0.8645,17.95,18,117.16,78
25544,60,2012,41,0.376,3.1748,0.7474,98.79,19,1.28,165
25544,61,2012,42,0.2278,1.5869,0.6834,100.0,5,0.39,56
25544,62,2012,43,0.205,1.4062,0.7031,100.0,4,0.39,26
25544,63,2012,44,43.9502,2.1851,0.8453,85.19,6,123.7,27
25544,64,2012,45,0.3043,1.7197,0.6653,100.0,6,1.01,62
25544,65,2012,46,0.2293,1.9313,0.9656,100.0,4,0.39,19
25544,66,2012,47,36.8551,2.4577,0.6144,8.22,16,138.74,146
25544,67,2012,48,0.4208,2.1169,0.8189,100.0,6,1.09,27
25544,68,2012,49,0.3286,2.7047,0.8142,100.0,10,1.12,101
25544,69,2012,50,994.4568,2.3899,0.9245,0.0,6,2899.31,15
25544,70,2012,51,5.4895,3.766,0.694,0.0,43,2900.38,345
25544,71,2012,52,1313.851,3.8043,0.7358,0.0,36,2901.57,220
25544,72,2013,1,1889.4956,3.8016,0.7603,0.0,32,2935.21,158
25544,73,2013,2,2202.313,3.4637,0.8154,0.0,19,2902.05,85
25544,74,2013,3,55.4882,2.2313,0.961,81.82,5,143.83,11
25544,75,2013,4,0.1978,1.8955,0.9477,100.0,4,0.44,10
25544,76,2013,5,0.2459,1.0,1.0,100.0,2,0.41,4
25544,77,2013,6,0.2947,2.7193,0.9686,100.0,7,0.73,13
25544,78,2013,7,0.1368,1.585,1.0,100.0,3,0.31,6
25544,79,2013,8,0.2515,0.9799,0.9799,100.0,2,0.48,12
25544,80,2013,9,0.1567,0.5033,0.5033,100.0,2,0.43,18
25544,81,2013,10,127.1614,2.8537,0.9002,80.77,9,323.5,26
25544,83,2013,12,0.4112,2.412,0.804,100.0,8,0.8,42
25544,84,2013,13,0.2444,2.9053,0.9165,100.0,9,0.45,23
25544,85,2013,14,0.7683,3.2893,0.9175,74.36,12,1.51,39
25544,90,2013,19,0.349,1.8049,0.9024,100.0,4,0.7,23
25544,92,2013,21,1.8858,1.9374,0.4959,0.0,15,2894.26,210
25544,93,2013,22,2.1821,2.2685,0.5806,0.0,15,2894.26,251
25544,94,2013,23,4.6131,3.7949,0.5921,0.0,85,2904.85,481
25544,95,2013,24,3.7837,3.3125,0.5811,0.0,52,2900.38,419
25544,96,2013,25,15.3769,3.4109,0.5823,0.0,58,2940.77,356
25544,97,2013,26,5.4366,3.1506,0.6965,0.0,23,2901.59,139
25544,98,2013,27,21.0348,2.7253,0.5403,0.0,33,2911.58,270
25544,99,2013,28,10.6614,5.2626,0.7633,0.0,119,2901.17,467
25544,100,2013,29,10.0825,4.68,0.817,0.0,53,2893.31,123
25544,101,2013,30,7.5961,2.6858,0.6441,0.0,18,2901.57,86
25544,102,2013,31,12.5433,4.6984,0.8459,0.0,47,2901.31,130
25544,103,2013,32,11.2245,4.0406,0.7021,0.0,54,2901.98,311
25544,104,2013,33,444.3554,5.2555,0.7928,0.0,99,2901.74,282
25544,105,2013,34,691.4397,4.2109,0.687,47.75,70,1390.72,289
25544,106,2013,35,0.691,3.5799,0.641,78.34,48,2.64,337
25544,107,2013,36,64.5909,4.4573,0.7322,71.71,68,216.29,251
25544,108,2013,37,35.0564,3.4453,0.6169,84.97,48,152.16,386
25544,109,2013,38,0.4828,3.3333,0.6307,92.0,39,1.41,350
25544,110,2013,39,0.4859,3.5685,0.6661,91.1,41,1.28,337
25544,111,2013,40,1.4521,3.6225,0.6038,81.93,64,8.24,332
25544,112,2013,41,65.5915,4.0329,0.7801,74.05,36,272.54,185
25544,113,2013,42,0.4353,2.2929,0.561,90.48,17,1.27,126
25544,115,2013,44,0.703,3.7822,0.7954,83.33,27,3.19,138
25544,116,2013,45,0.4771,2.8903,0.7226,90.28,16,1.28,72
25544,117,2013,46,0.5625,2.5829,0.698,89.06,13,1.1,128
25544,118,2013,47,0.4737,3.249,0.8122,90.48,16,1.51,63
25544,119,2013,48,1240.6969,5.5266,0.7719,8.31,143,2903.24,385
25544,120,2013,49,0.708,3.5058,0.6384,93.01,45,4.0,372
25544,121,2013,50,46.9698,2.7825,0.6069,93.13,24,718.38,233
25544,122,2013,51,1441.8067,5.2876,0.7566,34.47,127,2903.0,470
25544,123,2013,52,6.8665,4.2051,0.6078,0.0,121,2903.61,505
25544,124,2014,1,169.5401,4.8638,0.765,0.0,82,2899.88,249
25544,125,2014,2,1330.2814,4.8019,0.7309,0.0,95,2900.68,302
25544,126,2014,3,1200.8447,4.0541,0.7471,54.94,43,2900.1,162
25544,127,2014,4,1.1069,3.2246,0.563,88.79,53,6.47,330
25544,128,2014,5,0.4475,3.0125,0.5454,93.27,46,1.79,520
25544,129,2014,6,0.6678,2.9926,0.5933,95.87,33,5.09,218
25544,130,2014,7,0.0908,1.3213,0.6607,100.0,4,0.34,32
25544,131,2014,8,0.8927,0.65,0.65,0.0,2,223.13,6
25544,134,2014,11,0.0028,0.0,0.0,100.0,1,0.17,4
25544,135,2014,12,0.0042,0.0,0.0,100.0,1,0.17,16
25544,138,2014,15,0.2479,1.9219,0.961,100.0,4,0.62,5
25544,139,2014,16,1.0479,2.0546,0.8849,91.67,5,3.62,12
25544,140,2014,17,1.4155,3.6353,0.6742,86.49,42,6.58,222
25544,141,2014,18,0.8747,3.9082,0.689,87.55,51,4.98,257
25544,142,2014,19,140.1311,4.448,0.7119,79.58,76,513.41,284
25544,143,2014,20,155.9335,3.9455,0.7027,0.0,49,2900.96,205
25544,144,2014,21,12.8447,3.9551,0.8414,0.0,26,2957.6,76
25544,147,2014,24,5.7952,4.7122,0.7433,0.0,81,2903.68,373
25544,148,2014,25,6.2466,3.7866,0.6492,0.0,57,2901.29,333
25544,149,2014,26,5.5407,3.681,0.6426,0.0,53,2903.22,266
25947,7,2011,40,0.5457,3.4755,0.5597,94.74,74,5.16,2282
25947,8,2011,41,108.5645,4.5382,0.6183,63.75,162,945.43,3258
25947,9,2011,42,241.8655,4.9288,0.5864,51.62,339,666.63,2925
25947,10,2011,43,0.702,3.4935,0.5395,90.42,89,6.04,3036
25947,11,2011,44,24.0124,3.7434,0.5956,94.02,78,899.86,2809
25947,12,2011,45,25.2033,3.7073,0.6028,93.91,71,1251.24,3134
25947,13,2011,46,0.3337,3.4336,0.5701,96.1,65,0.93,2643
25947,14,2011,47,141.5722,3.509,0.4699,27.25,177,2936.26,3127
25947,15,2011,48,1.8682,3.7897,0.5913,90.85,85,67.53,3268
25947,16,2011,49,0.6879,3.8411,0.6129,90.35,77,5.52,3098
25947,17,2011,50,132.5664,3.5642,0.5029,64.29,136,286.17,3352
25947,18,2011,51,95.3279,2.5176,0.4108,0.0,70,2827.52,2613
25947,19,2011,52,32.5457,2.481,0.371,0.0,103,290.2,2750
25947,20,2012,1,1.783,1.879,0.3265,0.0,54,287.33,2311
25947,21,2012,2,51.4944,2.5213,0.3697,1.98,113,291.77,2220
25947,22,2012,3,79.7265,3.1536,0.5588,97.29,50,2930.7,2659
25947,23,2012,4,1.1168,3.0239,0.5099,91.7,61,8.53,1952
25947,24,2012,5,0.5598,3.2148,0.5667,88.38,51,2.85,1867
25947,25,2012,6,0.4563,2.8583,0.5064,96.77,50,4.4,2355
25947,26,2012,7,0.6066,3.511,0.613,94.8,53,5.15,2441
25947,27,2012,8,0.4015,1.9575,0.4215,93.46,25,2.24,3106
25947,28,2012,9,1.0549,2.0991,0.4415,90.49,27,10.57,2838
25947,29,2012,10,526.8348,3.3798,0.479,73.71,133,1574.17,3104
25947,30,2012,11,412.4285,5.4367,0.685,0.0,245,1986.22,1858
25947,31,2012,12,78.6939,3.0759,0.582,87.68,39,3538.85,2021
25947,32,2012,13,0.3958,2.5358,0.6081,91.83,18,1.58,2630
25947,33,2012,14,134.3762,3.5315,0.6081,53.89,56,285.34,2765
25947,34,2012,15,99.3765,3.3478,0.5144,61.46,91,285.27,2574
25947,35,2012,16,0.5754,2.2796,0.4646,92.23,30,5.23,2663
25947,36,2012,17,0.5515,2.3853,0.5016,92.04,27,4.33,2802
25947,37,2012,18,0.4614,2.4918,0.5509,94.29,23,2.94,2451
25947,38,2012,19,0.7767,1.832,0.3945,93.11,25,6.44,3208
25947,39,2012,20,0.5656,2.4,0.5047,88.83,27,6.4,2060
25947,40,2012,21,100.3049,3.319,0.5151,10.83,87,288.3,1939
25947,41,2012,22,3.1574,3.1368,0.6067,0.0,36,288.33,1066
25947,42,2012,23,2.8991,3.2531,0.6506,0.0,32,287.35,885
25947,43,2012,24,10.6274,3.051,0.5524,0.0,46,287.53,1324
25947,44,2012,25,34.7118,3.4064,0.5744,0.0,61,296.49,2084
25947,45,2012,26,8.6369,3.5283,0.5949,0.0,61,287.41,2162
25947,46,2012,27,3.2235,3.9488,0.6246,0.0,80,288.85,1943
25947,47,2012,28,19.6437,3.9118,0.6544,0.0,63,288.85,763
25947,51,2012,32,37.7551,2.3195,0.5937,0.0,15,285.39,193
25947,52,2012,33,193.8561,5.1571,0.7344,9.83,130,287.43,539
25947,53,2012,34,1.407,3.4067,0.6876,91.38,31,8.55,429
25947,54,2012,35,1.1793,3.3449,0.7394,84.47,23,5.43,206
25947,55,2012,36,0.5249,2.9889,0.6916,93.14,20,1.72,175
25947,56,2012,37,0.6186,2.838,0.6364,89.36,22,3.8,235
25947,57,2012,38,0.4512,2.9919,0.748,91.57,16,1.56,178
25947,58,2012,39,67.7871,3.6287,0.6865,52.06,39,151.64,315
25947,59,2012,40,57.2754,3.6803,0.6782,76.4,43,153.2,339
25947,60,2012,41,116.7039,3.746,0.6342,88.15,60,548.09,481
25947,61,2012,42,376.5634,5.964,0.8353,38.23,141,884.23,361
25947,62,2012,43,1.4676,3.2064,0.6822,91.96,26,13.12,460
25947,63,2012,44,1.1622,2.9167,0.5833,88.47,32,5.06,555
25947,64,2012,45,17.4665,2.7393,0.5048,92.08,43,130.05,530
25947,65,2012,46,0.5587,2.5428,0.5546,91.95,24,4.79,447
25947,66,2012,47,129.1862,4.6424,0.7224,28.94,86,287.51,311
25947,67,2012,48,0.5508,2.9659,0.6557,76.41,23,2.49,373
25947,68,2012,49,0.5614,2.8784,0.5925,88.33,29,2.98,377
25947,69,2012,50,99.9131,3.7906,0.6682,74.09,51,287.18,301
25947,70,2012,51,2.5804,4.1289,0.7354,0.0,49,287.74,467
25947,71,2012,52,2.3005,3.2418,0.6484,0.0,32,287.49,264
25947,72,2013,1,2.7353,3.7816,0.6771,0.0,48,287.53,516
25947,73,2013,2,65.7898,3.3716,0.5396,2.48,76,286.69,483
25947,74,2013,3,0.5434,2.5071,0.5273,94.77,27,2.94,574
25947,75,2013,4,0.7387,2.9407,0.5881,94.43,32,5.03,575
25947,76,2013,5,0.4675,2.4014,0.5653,95.7,19,1.58,395
25947,77,2013,6,0.5743,2.9126,0.6059,89.26,28,2.74,447
25947,78,2013,7,0.4573,3.0424,0.6263,94.93,29,1.86,454
25947,79,2013,8,0.7221,3.421,0.6782,86.85,33,3.65,426
25947,80,2013,9,0.6487,2.6132,0.5379,94.92,29,4.99,551
25947,81,2013,10,135.8062,4.4445,0.6953,64.8,84,676.22,429
25947,82,2013,11,540.5169,6.3238,0.8963,5.0,133,1597.08,260
25947,83,2013,12,0.4744,2.5274,0.5377,92.49,26,2.82,413
25947,84,2013,13,135.4198,3.1948,0.5888,60.0,43,287.96,375
25947,85,2013,14,112.3138,4.2534,0.7839,35.44,43,285.35,285
25947,86,2013,15,1.1292,3.4272,0.6918,36.56,31,5.21,424
25947,87,2013,16,10.9105,4.1336,0.7217,64.15,53,40.06,516
25947,88,2013,17,0.7355,2.7372,0.6051,91.49,23,1.68,470
25947,89,2013,18,57.1586,3.8153,0.6693,67.23,52,150.64,415
25947,90,2013,19,1.5926,3.7381,0.6889,92.66,43,10.17,395
25947,91,2013,20,1.8125,4.8515,0.7674,80.56,80,8.12,396
25947,92,2013,21,51.2793,3.7446,0.8278,68.42,23,141.4,57
25947,95,2013,24,56.498,3.6593,0.6517,3.91,49,288.39,256
25947,96,2013,25,3.2304,2.674,0.5689,86.55,26,40.26,357
25947,97,2013,26,1.2895,2.754,0.5859,79.91,26,8.41,433
25947,98,2013,27,98.4275,3.1962,0.6336,56.13,33,479.09,212
25947,99,2013,28,1.0302,3.0209,0.6353,79.83,27,4.15,357
25947,100,2013,29,0.7103,2.8994,0.6502,75.94,22,4.07,345
25947,101,2013,30,60.9715,3.5333,0.626,0.0,50,295.89,353
25947,102,2013,31,7.8405,3.2072,0.6304,0.0,34,287.13,298
25947,103,2013,32,4.6079,3.0332,0.5699,0.0,40,285.66,367
25947,104,2013,33,3.3321,3.3088,0.6959,0.0,27,288.59,224
25947,105,2013,34,69.6269,4.9361,0.8577,0.0,54,350.81,196
25947,106,2013,35,29.9484,2.9511,0.5753,0.0,35,287.22,371
25947,110,2013,39,0.0022,0.0,0.0,0.0,1,7678.79,9
25947,111,2013,40,28.3751,1.4591,0.9206,0.0,3,7520.09,6
25947,123,2013,52,2.1918,2.2344,0.526,0.0,19,287.76,290
25947,124,2014,1,1.7569,1.7289,0.423,0.0,17,287.76,215
25947,125,2014,2,64.3091,3.652,0.701,1.19,37,287.74,252
25947,126,2014,3,0.5413,2.5029,0.6406,88.44,15,2.23,225
26127,7,2011,40,0.3322,2.4453,0.5757,100.0,19,0.8,1359
26127,8,2011,41,425.0814,2.3458,0.5626,70.84,18,951.79,1423
26127,9,2011,42,254.3062,2.9256,0.5327,2.95,45,955.5,3052
26127,10,2011,43,0.2264,2.7877,0.6685,100.0,18,0.74,2449
26127,11,2011,44,0.1777,1.9225,0.5557,100.0,11,0.54,2241
26127,12,2011,45,0.1957,1.4484,0.4828,100.0,8,0.77,2322
26127,13,2011,46,0.1981,1.2548,0.4183,99.93,8,1.48,2675
26127,14,2011,47,452.0328,3.4011,0.5758,48.43,60,954.77,2608
26127,15,2011,48,175.6702,1.7467,0.4588,90.84,14,741.94,2783
26127,16,2011,49,0.315,2.2262,0.4631,97.56,28,1.73,2785
26127,17,2011,50,236.1798,3.4872,0.6088,80.57,53,911.18,2501
26127,18,2011,51,6.1023,2.7011,0.6608,0.0,17,953.67,362
26127,19,2011,52,3.4785,2.5468,0.519,0.0,30,954.78,2213
26127,20,2012,1,2.8745,2.4329,0.7324,0.0,10,953.24,747
26127,21,2012,2,232.0422,1.2364,0.3341,6.33,13,951.31,995
26127,22,2012,3,0.2529,2.4612,0.6464,99.96,14,1.53,2617
26127,23,2012,4,0.1152,1.7554,0.6253,100.0,7,0.82,2666
26127,24,2012,5,0.061,0.514,0.514,100.0,2,0.37,2345
26127,25,2012,6,0.1172,1.2031,0.3008,99.9,16,1.11,2097
26127,26,2012,7,0.263,1.5408,0.4164,100.0,13,0.78,2116
26127,27,2012,8,0.1591,1.2404,0.4135,100.0,8,0.57,1656
26127,28,2012,9,0.2624,1.9079,0.4883,100.0,15,0.77,2027
26127,29,2012,10,248.6773,1.7192,0.44,88.01,15,948.08,1409
26127,30,2012,11,325.8235,2.8722,0.7352,5.72,15,948.11,962
26127,31,2012,12,0.4281,2.0763,0.655,98.43,9,2.84,2359
26127,32,2012,13,362.1551,1.6994,0.5116,80.31,10,927.38,2057
26127,33,2012,14,77.7529,0.8297,0.2315,98.35,12,623.8,1700
26127,34,2012,15,0.2374,1.2747,0.4541,100.0,7,0.47,1604
26127,35,2012,16,0.0012,0.0,0.0,100.0,1,0.34,72
26127,36,2012,17,16.191,1.1265,0.3142,96.28,12,120.15,1911
26127,37,2012,18,0.1922,1.0999,0.2545,99.6,20,2.19,751
26127,38,2012,19,286.3661,1.7504,0.448,87.62,15,948.12,210
26127,39,2012,20,2.9893,3.1287,0.5731,0.0,44,958.71,294
26127,40,2012,21,1.4584,2.3171,0.5455,0.0,19,950.78,290
26127,41,2012,22,3.5482,1.7466,0.3559,0.0,30,952.96,225
26127,42,2012,23,0.4607,1.7355,0.5017,0.0,11,948.2,153
26127,43,2012,24,5.2812,2.9405,0.5881,0.0,32,961.3,243
26127,44,2012,25,0.5203,1.3761,0.6881,0.0,4,951.53,48
26127,45,2012,26,3.0807,2.1887,0.9426,0.0,5,954.58,12
26127,46,2012,27,1.4886,2.1248,0.9151,0.0,5,950.7,29
26127,47,2012,28,5.407,2.8278,0.9426,0.0,8,954.78,16
26127,48,2012,29,3.3199,2.6643,0.6998,0.0,14,951.62,49
26127,49,2012,30,2.4637,1.8064,0.6988,0.0,6,950.66,27
26127,50,2012,31,4.1651,2.439,0.8688,0.0,7,951.6,36
26127,51,2012,32,1.0629,2.3379,0.9044,0.0,6,950.45,25
26127,52,2012,33,389.1069,3.2659,0.911,14.29,12,952.63,28
26127,53,2012,34,0.465,3.4295,0.8778,97.44,15,1.6,39
26127,54,2012,35,0.4177,2.0421,0.6807,100.0,8,0.72,36
26127,55,2012,36,1.6555,3.1434,0.9087,88.89,11,5.88,27
26127,56,2012,37,0.922,2.7642,0.8321,92.59,10,4.28,27
26127,57,2012,38,0.3978,2.8585,0.9528,100.0,8,0.7,16
26127,58,2012,39,34.6135,1.7534,0.7552,78.57,5,85.24,14
26127,59,2012,40,0.311,1.6879,0.727,100.0,5,0.41,30
26127,60,2012,41,0.2732,1.8411,0.7929,100.0,5,0.43,30
26127,61,2012,42,25.2549,2.1163,0.9114,0.0,5,948.12,17
26127,62,2012,43,0.4054,2.0017,0.6672,100.0,8,0.76,35
26127,63,2012,44,0.3563,2.3213,0.8269,96.55,7,1.03,29
26127,64,2012,45,0.2873,1.8892,0.9446,100.0,4,0.38,15
26127,65,2012,46,0.0041,0.8905,0.8905,100.0,2,0.38,13
26127,66,2012,47,395.1681,3.0286,0.9554,23.53,9,954.77,17
26127,67,2012,48,1.6095,1.4466,0.7233,88.89,4,4.82,27
26127,68,2012,49,0.2847,1.5395,0.9713,100.0,3,0.38,11
26127,69,2012,50,168.2839,3.0069,0.9052,95.83,10,842.3,24
26127,70,2012,51,0.2872,2.3899,0.9245,0.0,6,948.11,15
26127,71,2012,52,3.4243,2.5917,0.8639,0.0,8,956.97,27
26127,72,2013,1,0.1448,2.0171,0.8687,0.0,5,948.11,23
26127,73,2013,2,1098.5599,2.6635,0.9488,0.0,7,2897.27,11
26127,74,2013,3,0.8822,1.614,0.807,83.33,4,2.3,12
26127,75,2013,4,0.3539,1.6894,0.8447,100.0,4,0.73,14
26127,76,2013,5,0.2525,0.9123,0.5756,100.0,3,0.81,23
26127,77,2013,6,0.0262,0.0,0.0,100.0,1,0.38,4
26127,81,2013,10,436.4613,4.8684,0.8814,25.77,46,954.77,97
26127,82,2013,11,379.7067,2.9125,0.8419,20.0,11,954.8,25
26127,83,2013,12,0.0116,0.9183,0.9183,100.0,2,0.42,6
26127,84,2013,13,2.8794,2.4212,0.7638,60.71,9,10.54,28
26127,85,2013,14,0.3308,0.2864,0.2864,95.0,2,1.63,20
26127,86,2013,15,10.8113,1.8955,0.9477,30.0,4,24.1,10
26127,87,2013,16,2.9115,1.7456,0.7518,63.64,5,6.19,22
26127,88,2013,17,2.989,1.4295,0.9019,46.67,3,5.68,15
26127,89,2013,18,0.042,1.0,1.0,0.0,2,950.69,2
26127,90,2013,19,410.5488,1.4926,0.9417,50.0,3,948.1,14
26127,91,2013,20,0.0002,0.0,0.0,0.0,1,948.11,2
26127,92,2013,21,0.0,0.0,0.0,0.0,1,947.46,2
26127,93,2013,22,0.0007,0.0,0.0,0.0,1,948.11,3
26127,94,2013,23,49.4633,1.8955,0.9477,0.0,4,1037.64,10
26127,96,2013,25,0.1902,0.8167,0.5153,0.0,3,948.1,12
26127,97,2013,26,0.0,0.0,0.0,0.0,1,947.57,4
26127,98,2013,27,0.3343,1.4056,0.8869,0.0,3,948.1,8
26127,100,2013,29,0.0026,0.7425,0.7425,0.0,2,8750.48,19
26127,101,2013,30,0.0021,0.0,0.0,0.0,1,8502.93,4
26127,102,2013,31,0.0004,0.0,0.0,0.0,1,8502.92,3
26127,103,2013,32,0.0009,0.0,0.0,0.0,1,8502.92,3
26127,104,2013,33,0.0029,0.0,0.0,0.0,1,8502.93,9
26127,105,2013,34,0.0039,0.0,0.0,0.0,1,8502.93,10
26127,106,2013,35,0.0069,0.4138,0.4138,0.0,2,8502.93,12
26127,107,2013,36,0.0035,0.0,0.0,0.0,1,8502.93,10
26127,108,2013,37,0.0026,0.0,0.0,0.0,1,8502.93,6
26127,109,2013,38,1.1903,1.5301,0.9654,0.0,3,8505.27,15
26127,110,2013,39,0.0014,0.0,0.0,0.0,1,8502.93,6
26127,111,2013,40,0.0122,0.8113,0.8113,0.0,2,8502.94,8
26127,113,2013,42,5.659,0.8113,0.8113,0.0,2,8513.16,12
26127,114,2013,43,4.3487,0.7852,0.4954,0.0,3,8513.04,24
26127,115,2013,44,0.0083,0.6747,0.4257,0.0,3,8502.94,30
26127,116,2013,45,0.0006,0.0,0.0,0.0,1,8502.93,4
26127,117,2013,46,0.0162,1.053,0.6644,0.0,3,8502.94,15
26127,118,2013,47,4.8384,0.65,0.65,0.0,2,8513.11,12
26127,119,2013,48,0.0027,0.0,0.0,0.0,1,8502.93,9
26127,120,2013,49,0.0064,0.3095,0.3095,0.0,2,8502.93,18
26127,121,2013,50,3541.0327,1.1887,0.75,0.0,3,8502.94,12
26127,122,2013,51,0.0197,0.0,0.0,0.0,1,947.72,30
26127,126,2014,3,2.3466,1.0613,0.6696,87.5,3,6.38,8
26127,132,2014,9,0.4865,3.6398,0.8568,95.0,19,1.11,40
26127,133,2014,10,371.7007,6.5451,0.967,21.54,109,959.87,130
26127,134,2014,11,193.7021,5.3792,0.8062,1.43,102,952.64,210
26127,135,2014,12,0.4103,3.1635,0.7909,92.31,16,1.35,39
26127,136,2014,13,0.2703,3.6144,0.8105,98.11,22,0.9,53
26127,137,2014,14,0.3946,2.875,0.831,91.18,11,0.9,34
26127,138,2014,15,0.4175,3.2944,0.806,88.64,17,1.18,44
26127,139,2014,16,1.04,3.9145,0.8328,92.86,26,5.11,56
26127,140,2014,17,371.311,7.0187,0.9634,16.26,156,953.33,203
26127,141,2014,18,192.5322,5.6916,0.9522,42.17,63,542.08,83
26127,142,2014,19,327.7336,6.1638,0.9642,15.13,84,954.82,119
26127,143,2014,20,5.8277,4.3659,0.8582,0.0,34,958.99,59
26127,144,2014,21,2.2538,3.0875,0.7553,0.0,17,951.13,34
26127,145,2014,22,3.9554,4.422,0.9522,0.0,25,958.58,35
26127,146,2014,23,7.4124,3.9977,0.978,0.0,17,963.94,19
26425,7,2011,40,0.7578,2.6183,0.826,94.75,9,5.66,1447
26425,8,2011,41,285.1983,2.1523,0.5653,51.02,14,835.58,2344
26425,9,2011,42,287.2083,1.5207,0.5883,15.82,6,796.55,2256
26425,10,2011,43,0.3565,2.2123,0.788,99.43,7,0.9,1587
26425,11,2011,44,0.3423,2.0616,0.6504,100.0,9,0.74,2096
26425,12,2011,45,440.5054,2.7382,0.74,65.22,13,1254.44,1524
26425,13,2011,46,0.4386,2.143,0.6451,88.99,10,1.55,636
26425,14,2011,47,370.4492,1.9386,0.6905,38.67,7,795.44,1492
26425,15,2011,48,29.9739,2.5008,0.6252,84.45,16,284.37,2083
26425,16,2011,49,0.6302,2.4976,0.5141,98.32,29,4.32,2023
26425,17,2011,50,300.023,2.4277,0.4077,74.93,62,826.56,1671
26425,18,2011,51,14.3118,1.8858,0.3377,0.0,48,829.76,1043
26425,19,2011,52,604.6393,3.7462,0.6423,0.0,57,1543.25,1786
26425,21,2012,2,0.0126,0.0,0.0,0.0,1,795.43,226
26425,22,2012,3,0.0,0.0,0.0,100.0,1,0.74,1085
26425,23,2012,4,0.2288,1.3535,0.854,100.0,3,0.74,1974
26425,24,2012,5,0.223,1.8041,0.902,100.0,4,0.74,2369
26425,25,2012,6,0.2425,1.4575,0.7287,100.0,4,0.74,2382
26425,26,2012,7,0.2587,1.8591,0.9296,100.0,4,0.74,2368
26425,27,2012,8,0.5179,0.6258,0.6258,84.35,2,1.12,2256
26425,28,2012,9,469.8292,1.9268,0.6863,71.15,7,1125.32,2028
26425,29,2012,10,552.2996,2.2127,0.856,60.28,6,1133.02,2004
26425,30,2012,11,0.2659,0.7233,0.7233,0.0,2,795.54,1420
26425,31,2012,12,226.9428,1.9052,0.8205,77.93,5,795.05,2370
26425,32,2012,13,788.7239,2.5518,0.909,58.5,7,1604.54,2848
26425,33,2012,14,803.1557,2.2275,0.6439,44.9,11,1604.6,2432
26425,34,2012,15,0.1622,0.7467,0.7467,100.0,2,0.75,1678
26425,35,2012,16,0.2089,1.0527,0.4534,100.0,5,0.74,2708
26425,36,2012,17,0.0989,0.083,0.0415,100.0,4,0.92,689
26425,37,2012,18,0.0422,1.1601,0.4996,100.0,5,0.74,1728
26425,38,2012,19,0.2409,1.5199,0.7599,100.0,4,0.74,625
26425,39,2012,20,18.9963,1.8195,0.7836,0.0,5,843.13,1616
26425,40,2012,21,3.171,2.5716,0.8572,0.0,8,799.55,1680
26425,41,2012,22,1.2431,0.4207,0.4207,0.0,2,799.85,621
26425,42,2012,23,0.409,0.531,0.335,0.0,3,796.51,460
26425,43,2012,24,2.6322,0.7907,0.4989,0.0,3,810.07,1881
26425,44,2012,25,0.0118,0.0,0.0,0.0,1,796.52,602
26425,45,2012,26,2.1301,1.296,0.5581,0.0,5,803.22,795
26425,46,2012,27,9.3745,1.9496,0.7542,0.0,6,800.22,751
26425,47,2012,28,13.5418,1.2828,0.8093,0.0,3,812.69,353
26425,48,2012,29,8.5148,2.5802,0.5786,0.0,22,813.52,1012
26425,49,2012,30,3.6247,2.9848,0.8628,0.0,11,796.59,55
26425,50,2012,31,9.2975,2.3735,0.5492,0.0,20,825.17,163
26425,51,2012,32,11.8495,3.9537,0.9307,0.0,19,827.23,40
26425,52,2012,33,257.4344,5.0885,0.9436,60.94,42,783.33,64
26425,53,2012,34,0.3683,2.6992,0.8515,97.06,9,1.01,34
26425,54,2012,35,0.3196,2.1133,0.9101,88.89,5,0.96,9
26425,56,2012,37,0.4186,3.4623,0.8862,100.0,15,0.73,42
26425,57,2012,38,2.0503,3.4985,0.8955,84.62,15,6.12,39
26425,58,2012,39,0.4676,2.8166,0.8142,90.57,11,1.52,53
26425,59,2012,40,0.5029,3.0734,0.8573,84.91,12,1.52,53
26425,60,2012,41,82.5898,3.4953,0.7271,78.63,28,398.16,131
26425,61,2012,42,25.7443,4.8746,0.8825,0.0,46,836.03,109
26425,62,2012,43,454.5827,5.2978,0.8765,40.0,66,1203.8,180
26425,63,2012,44,0.4361,2.6924,0.751,91.4,12,1.03,93
26425,64,2012,45,0.5684,2.6742,0.6845,88.67,15,1.7,150
26425,65,2012,46,0.5335,3.0176,0.6982,88.18,20,1.48,203
26425,66,2012,47,291.0444,5.7177,0.8663,9.05,97,835.99,199
26425,67,2012,48,63.3876,4.0986,0.7868,79.87,37,293.42,154
26425,68,2012,49,0.38,3.9573,0.8631,96.34,24,1.12,82
26425,69,2012,50,247.567,3.2977,0.7508,87.5,21,798.19,120
26425,70,2012,51,4.7096,3.7581,0.7269,0.0,36,805.6,133
26425,71,2012,52,32.0903,4.4493,0.8055,0.0,46,859.5,117
26425,72,2013,1,586.3968,4.1297,0.7658,0.0,42,1855.44,206
26425,73,2013,2,698.3428,4.2879,0.8003,0.0,41,1852.35,126
26425,74,2013,3,0.414,3.9166,0.8147,96.88,28,1.64,128
26425,75,2013,4,24.9007,4.3865,0.7941,62.44,46,55.18,221
26425,76,2013,5,0.3962,3.8815,0.8074,98.58,28,1.58,141
26425,77,2013,6,0.2925,3.2616,0.7979,100.0,17,0.87,117
26425,78,2013,7,0.3957,3.9454,0.7821,95.65,33,1.46,207
26425,79,2013,8,1858.4663,4.352,0.7879,92.8,46,16089.84,236
26425,80,2013,9,0.3455,3.567,0.7589,99.37,26,1.08,158
26425,81,2013,10,300.7666,3.7406,0.7958,81.88,26,829.38,138
26425,89,2013,18,0.1174,1.5959,0.798,100.0,4,0.65,60
26425,90,2013,19,170.5082,2.0925,0.5655,95.03,13,795.91,161
26425,91,2013,20,1.1861,1.2733,0.3681,0.0,11,796.23,166
26425,92,2013,21,0.9251,1.0213,0.3404,0.0,8,796.52,105
26425,93,2013,22,231.9875,2.6721,0.7018,6.67,14,804.98,75
26425,94,2013,23,0.212,1.0315,0.5158,100.0,4,0.73,43
26425,95,2013,24,0.3918,2.4524,0.6277,92.55,15,1.28,161
26425,96,2013,25,0.3155,2.2653,0.6819,100.0,10,0.72,112
26425,97,2013,26,0.2943,1.9214,0.536,95.15,12,1.3,227
26425,98,2013,27,0.3478,2.2083,0.5521,86.46,16,1.3,229
26425,99,2013,28,0.4081,2.3807,0.6434,95.07,13,1.3,142
26425,100,2013,29,0.345,2.1525,0.8327,100.0,6,0.7,61
26425,102,2013,31,0.0012,0.0,0.0,0.0,1,795.41,7
26425,103,2013,32,99.5316,0.971,0.971,0.0,2,952.35,5
26425,105,2013,34,0.0009,0.0,0.0,0.0,1,795.41,4
26425,106,2013,35,0.0,0.0,0.0,100.0,1,0.49,10
26425,107,2013,36,0.193,2.7343,0.7182,98.97,14,1.23,97
26425,108,2013,37,1.131,4.632,0.7483,85.38,73,14.41,520
26425,109,2013,38,1.1683,4.8438,0.8104,84.49,63,5.17,316
26425,110,2013,39,0.0,0.0,0.0,100.0,1,0.49,3
26425,112,2013,41,0.812,4.2665,0.7863,70.0,43,5.42,150
26425,113,2013,42,60.3115,4.4786,0.7307,87.25,70,276.54,400
26425,114,2013,43,244.5496,7.2231,0.9406,2.35,205,802.56,298
26425,115,2013,44,0.0,0.0,0.0,100.0,1,0.51,34
26425,116,2013,45,0.3844,4.1283,0.8333,98.59,31,1.11,71
26425,117,2013,46,0.4983,4.5259,0.8563,85.38,39,1.51,130
26425,118,2013,47,0.3592,4.0485,0.8026,98.0,33,1.26,100
26425,119,2013,48,1384.9145,8.1548,0.919,16.76,469,3116.44,865
26425,120,2013,49,37.3983,6.0801,0.8541,66.1,139,143.32,472
26425,121,2013,50,0.3261,3.0799,0.7386,95.0,18,1.31,100
26425,122,2013,51,334.7322,6.1061,0.9316,21.64,94,796.37,134
26425,123,2013,52,42.4344,3.061,0.7206,0.0,19,871.34,40
26425,124,2014,1,2.9118,2.311,0.5654,0.0,17,802.84,67
26425,125,2014,2,14.6783,1.5325,0.5929,0.0,6,802.9,29
26425,126,2014,3,0.2378,2.0775,0.8037,100.0,6,0.56,43
26425,127,2014,4,259.7787,5.4506,0.8698,49.7,77,842.23,167
26425,128,2014,5,0.1788,1.8755,0.5917,98.59,9,1.08,71
26425,129,2014,6,1.1861,4.7971,0.9279,64.18,36,4.27,67
26425,130,2014,7,0.4884,3.5225,0.802,96.63,21,1.41,89
26425,131,2014,8,0.2737,2.4726,0.7148,97.5,11,1.35,40
26425,132,2014,9,0.2551,2.2921,0.8165,100.0,7,0.5,19
26425,133,2014,10,301.4095,5.5816,0.8934,12.4,76,796.4,121
26425,134,2014,11,375.0576,4.8415,0.7352,38.0,96,823.73,250
26425,135,2014,12,101.8946,4.8966,0.8192,59.32,63,218.98,236
26425,136,2014,13,102.2876,5.0105,0.8553,53.8,58,218.97,171
26425,137,2014,14,0.0,0.0,0.0,100.0,1,0.49,1
26425,138,2014,15,0.3555,3.9327,0.8367,95.14,26,1.83,185
26425,139,2014,16,0.9089,3.5972,0.6512,91.73,46,4.76,399
26425,140,2014,17,0.2712,3.2333,0.7754,95.65,18,1.33,92
26425,141,2014,18,0.8982,4.4188,0.876,87.34,33,7.3,79
26425,142,2014,19,307.2877,5.2031,0.7587,64.13,116,836.75,315
26425,143,2014,20,3.3651,4.3111,0.7527,0.0,53,806.95,133
26425,144,2014,21,30.2537,4.9352,0.7973,0.0,73,878.1,186
26425,145,2014,22,323.4808,3.8814,0.5979,1.2,90,811.02,334
26425,146,2014,23,32.1308,4.8129,0.8115,42.25,61,72.17,258
26425,147,2014,24,0.5595,2.5736,0.9167,40.0,7,1.39,15
26425,155,2014,32,289.5837,1.0,1.0,0.0,2,660.62,2
26425,163,2014,40,0.0,0.0,0.0,100.0,1,0.66,1
26999,7,2011,40,0.7521,3.0492,0.5994,97.72,34,4.83,2195
26999,8,2011,41,418.7131,3.2942,0.56,84.26,59,1754.74,2547
26999,9,2011,42,848.8744,2.3471,0.454,34.9,36,1753.0,2719
26999,10,2011,43,0.7777,3.0207,0.55,92.23,45,5.61,3036
26999,11,2011,44,0.2807,2.7724,0.6649,99.28,18,0.91,692
26999,12,2011,45,0.3473,2.2359,0.963,100.0,5,0.74,7
26999,13,2011,46,0.3414,2.5996,0.926,100.0,7,0.74,15
26999,14,2011,47,32.0714,2.5216,0.9755,57.14,6,82.59,7
26999,15,2011,48,0.25,2.1972,0.9463,100.0,5,0.74,9
26999,16,2011,49,0.3484,2.2028,0.7847,100.0,7,0.73,16
26999,17,2011,50,73.2613,1.5,0.9464,50.0,3,146.62,4
26999,18,2011,51,8.7452,1.5,0.9464,0.0,3,12580.14,4
26999,21,2012,2,8474.2547,0.8113,0.8113,0.0,2,12568.62,4
26999,22,2012,3,68.2691,1.9056,0.9528,62.5,4,141.54,8
26999,53,2012,34,1.5247,2.9101,0.8118,84.44,12,5.43,45
26999,54,2012,35,0.317,2.8452,0.7937,100.0,12,0.75,38
26999,55,2012,36,0.2699,2.5478,0.6692,99.21,14,1.01,126
26999,56,2012,37,0.2255,2.38,0.6251,100.0,14,0.78,82
26999,57,2012,38,0.1969,1.9269,0.7454,100.0,6,0.73,26
26999,58,2012,39,0.1799,2.8218,0.7411,100.0,14,0.73,79
26999,59,2012,40,0.1807,2.1022,0.7488,100.0,7,0.76,18
26999,60,2012,41,746.2061,4.7687,0.8449,28.99,50,1546.73,138
26999,61,2012,42,764.1331,3.3,0.7513,33.6,21,1544.46,125
26999,62,2012,43,0.7303,2.9464,0.6513,94.55,23,4.47,202
26999,63,2012,44,0.2906,3.0607,0.6863,99.56,22,1.03,228
26999,64,2012,45,31.0379,3.5802,0.7447,90.81,28,118.44,185
26999,65,2012,46,0.1444,1.5592,0.6715,100.0,5,0.74,37
26999,66,2012,47,0.8899,2.6087,0.6852,97.01,14,6.65,167
26999,67,2012,48,0.1958,2.6176,0.788,100.0,10,0.74,84
26999,68,2012,49,7.2306,3.6315,0.7199,83.72,33,54.63,215
26999,69,2012,50,45.4659,2.064,0.7985,85.71,6,141.6,14
26999,74,2013,3,53.38,2.0855,0.8068,70.0,6,116.75,20
26999,75,2013,4,0.0034,0.5436,0.5436,100.0,2,0.39,16
26999,76,2013,5,0.1806,1.1568,0.7298,100.0,3,0.74,10
26999,77,2013,6,0.1639,0.9464,0.5971,100.0,3,0.39,14
26999,78,2013,7,0.0811,0.9464,0.5971,100.0,3,0.41,14
26999,79,2013,8,0.1078,0.9445,0.5959,100.0,3,0.73,18
26999,80,2013,9,0.344,0.8113,0.8113,100.0,2,0.75,16
26999,81,2013,10,0.0729,1.0892,0.5446,100.0,4,0.62,14
26999,82,2013,11,3.107,1.0,1.0,0.0,2,850.28,4
26999,83,2013,12,0.0333,0.3712,0.3712,100.0,2,0.44,14
26999,84,2013,13,0.086,1.7296,0.8648,100.0,4,0.6,12
26999,85,2013,14,0.0023,0.9183,0.9183,100.0,2,0.42,3
26999,108,2013,37,0.5976,2.2969,0.6639,47.52,11,2.03,141
26999,109,2013,38,1.8774,3.423,0.7567,51.74,23,12.22,172
26999,110,2013,39,0.8893,3.6511,0.8071,52.32,23,2.32,151
26999,111,2013,40,0.9835,4.2246,0.7785,55.98,43,5.0,393
26999,112,2013,41,1.0117,4.2099,0.8498,49.51,31,3.01,103
26999,113,2013,42,818.411,5.2997,0.859,38.12,72,3087.99,181
26999,114,2013,43,6.0137,2.9532,0.889,0.0,10,3099.53,24
26999,131,2014,8,0.0007,0.0,0.0,100.0,1,0.49,3
28831,7,2011,40,0.2996,2.0583,0.4686,99.92,21,1.01,2361
28831,8,2011,41,0.9154,2.4499,0.3909,95.73,77,20.57,3093
28831,9,2011,42,1.858,1.8131,0.3181,88.15,52,6.66,3190
28831,10,2011,43,0.2583,1.9185,0.3581,99.41,41,4.59,3236
28831,11,2011,44,0.2337,1.5616,0.3248,99.55,28,2.49,3306
28831,12,2011,45,0.2442,1.8601,0.372,99.77,32,0.97,3054
28831,13,2011,46,0.332,2.0661,0.4096,98.94,33,1.94,3028
28831,14,2011,47,77.0837,2.5907,0.459,63.99,50,2902.18,2499
28831,15,2011,48,0.2444,1.801,0.3788,99.96,27,1.08,2597
28831,16,2011,49,0.1975,1.2805,0.2724,99.95,26,1.1,1932
28831,17,2011,50,1.0756,1.8147,0.3597,95.58,33,6.13,1335
28831,18,2011,51,10.6128,2.5943,0.4551,0.0,52,1187.4,1206
28831,19,2011,52,4.0512,0.9667,0.2474,0.0,15,1117.55,1714
28831,20,2012,1,31.9251,3.4684,0.5946,0.0,57,1124.29,2702
28831,21,2012,2,6.6762,2.4997,0.7226,0.0,11,1122.44,2060
28831,22,2012,3,23.3557,2.1289,0.5592,78.55,14,141.79,1669
28831,23,2012,4,0.1517,0.7021,0.2501,99.96,7,0.98,2416
28831,24,2012,5,0.0605,1.462,0.9224,100.0,3,0.35,1410
28831,25,2012,6,0.4383,1.7134,0.5405,90.22,9,1.16,1022
28831,26,2012,7,0.2074,1.7481,0.6763,100.0,6,0.53,1604
28831,27,2012,8,5.3566,2.7151,0.7337,81.3,13,14.45,1813
28831,28,2012,9,0.5264,2.0469,0.7291,63.23,7,0.91,1308
28831,29,2012,10,478.7535,2.6455,0.5697,63.32,25,1119.19,2309
28831,30,2012,11,195.0912,1.1116,0.2531,0.0,21,1112.37,2500
28831,31,2012,12,5.2856,0.9864,0.2591,95.38,14,29.98,2812
28831,32,2012,13,0.3262,1.5932,0.4796,93.93,10,1.57,2848
28831,33,2012,14,0.2645,1.3904,0.4953,99.64,7,1.62,1678
28831,34,2012,15,0.7583,1.8468,0.4727,93.6,15,4.45,2437
28831,35,2012,16,0.3629,1.5068,0.4356,88.43,11,1.26,2584
28831,36,2012,17,0.1639,1.7521,0.5527,99.47,9,1.47,1877
28831,37,2012,18,0.4697,1.8813,0.5248,82.47,12,4.38,787
28831,38,2012,19,386.0349,2.4743,0.5147,72.2,28,1116.59,205
28831,39,2012,20,6.316,2.7803,0.542,0.0,35,1132.44,207
28831,40,2012,21,4.513,2.4284,0.5051,0.0,28,1118.59,283
28831,41,2012,22,20.8346,2.8107,0.5395,0.0,37,1179.31,271
28831,42,2012,23,5.909,3.3179,0.6115,0.0,43,1125.21,328
28831,43,2012,24,5.4849,3.2725,0.6432,0.0,34,1119.22,257
28831,44,2012,25,33.6472,3.6482,0.6282,0.0,56,1240.81,247
28831,45,2012,26,1248.1291,3.1455,0.6038,0.0,37,6628.82,253
28831,46,2012,27,794.3389,3.7366,0.6655,0.0,49,6628.82,221
28831,47,2012,28,547.279,4.2314,0.7286,0.0,56,6628.82,239
28831,48,2012,29,7.3226,2.878,0.6552,0.0,21,1157.28,172
28831,49,2012,30,19.2401,3.9934,0.7189,0.0,47,1169.36,208
28831,50,2012,31,19.1569,3.522,0.6012,0.0,58,1169.37,353
28831,59,2012,40,0.2893,1.7988,0.6959,100.0,6,0.68,16
28831,60,2012,41,0.2841,1.8464,0.9232,100.0,4,0.43,10
28831,61,2012,42,3.545,2.6551,0.885,52.63,8,7.66,19
28831,62,2012,43,0.478,2.7707,0.9236,72.0,8,1.07,25
28831,63,2012,44,0.2774,1.5219,0.9602,100.0,3,0.38,10
28831,64,2012,45,1.5663,2.5997,0.926,72.22,7,4.96,18
28831,65,2012,46,0.401,2.4692,0.8796,100.0,7,0.75,17
28831,66,2012,47,0.2477,1.5738,0.7869,100.0,4,0.41,19
28831,67,2012,48,31.4757,2.6947,0.8501,76.0,9,160.88,25
28831,68,2012,49,0.4015,1.419,0.6111,100.0,5,1.11,20
28831,69,2012,50,443.2063,2.8235,0.8907,48.0,9,1112.07,25
28831,70,2012,51,4.0762,1.9602,0.6184,0.0,9,1118.57,36
28831,71,2012,52,2.0701,1.5055,0.6484,0.0,5,1113.31,19
28831,72,2013,1,2.6576,1.4293,0.5091,0.0,7,1119.91,51
28831,73,2013,2,228.2645,2.5458,0.688,0.0,13,1118.9,42
28831,74,2013,3,0.2037,1.6611,0.8305,100.0,4,0.29,22
28831,75,2013,4,0.3562,2.3188,0.826,100.0,7,1.06,27
28831,76,2013,5,0.3489,1.7689,0.7618,100.0,5,0.76,18
28831,77,2013,6,496.824,3.1197,0.7985,56.1,15,1027.22,41
28831,78,2013,7,0.276,1.4591,0.9206,83.33,3,1.0,6
28831,79,2013,8,0.3282,2.3535,0.9105,69.23,6,1.0,13
28831,80,2013,9,0.1147,0.6053,0.3819,100.0,3,0.74,27
28831,81,2013,10,0.66,1.8424,0.9212,100.0,4,1.09,7
28831,82,2013,11,0.3553,1.1568,0.7298,100.0,3,0.8,10
28831,83,2013,12,0.2105,0.4855,0.4855,100.0,2,0.43,19
28831,84,2013,13,0.5298,2.773,0.9243,96.3,8,1.94,27
28831,85,2013,14,0.6045,3.1893,0.9219,92.0,11,1.51,25
28831,86,2013,15,0.7407,3.1485,0.827,79.8,14,1.26,99
28831,87,2013,16,0.7624,1.571,0.7855,80.0,4,1.09,10
28831,88,2013,17,0.7694,2.1817,0.844,67.74,6,1.08,31
28831,89,2013,18,0.5402,1.6957,0.7303,100.0,5,0.94,21
28831,90,2013,19,497.15,2.5169,0.8966,26.92,7,1111.79,26
28831,91,2013,20,90.4136,2.4116,0.9329,0.0,6,1113.26,13
28831,94,2013,23,0.0,0.0,0.0,0.0,1,5893.55,3
28831,97,2013,26,67.4208,1.1216,0.7077,0.0,3,1113.52,16
28831,98,2013,27,37.2399,1.755,0.585,0.0,8,1225.25,28
28831,99,2013,28,15.3173,1.9124,0.5757,0.0,10,1154.85,40
28831,100,2013,29,28.9476,1.1221,0.708,0.0,3,1140.96,18
28831,101,2013,30,93.6664,3.7323,0.8951,0.0,18,1307.22,40
28831,102,2013,31,19.5532,2.9014,0.8093,0.0,12,1128.99,36
28831,103,2013,32,28.0454,2.0539,0.6183,0.0,10,1168.68,42
28831,104,2013,33,31.9309,2.111,0.6659,0.0,9,1222.27,44
28831,105,2013,34,526.2801,2.2534,0.7109,48.57,9,1113.46,35
28831,106,2013,35,0.3015,2.5499,0.85,94.44,8,1.06,18
28831,138,2014,15,0.8406,2.5183,0.6161,11.28,17,3.1,133
28831,139,2014,16,0.9355,3.4348,0.5969,28.48,54,3.15,323
28831,140,2014,17,1.238,2.9047,0.5618,16.13,36,3.87,248
28831,141,2014,18,1.7563,3.1084,0.6335,26.11,30,7.49,226
28831,142,2014,19,541.1748,4.8411,0.7821,13.88,73,1113.41,209
28831,143,2014,20,35.2641,2.6887,0.5019,0.0,41,1116.35,190
28831,144,2014,21,2.231,1.8704,0.3708,0.0,33,1120.27,265
28831,145,2014,22,49.2698,3.9628,0.6018,0.0,96,1159.76,382
28831,146,2014,23,0.7681,3.9421,0.6758,0.0,57,1029.51,272
28831,147,2014,24,1.1409,3.0615,0.5226,0.0,58,1029.64,492
28831,148,2014,25,2.9732,3.4008,0.5856,0.0,56,1030.35,566
28831,149,2014,26,2.3805,3.3383,0.6191,0.0,42,1029.52,349
28831,150,2014,27,0.9698,2.9827,0.6594,0.0,23,1030.37,150
28831,151,2014,28,0.5632,2.3646,0.5227,0.0,23,1028.47,160
28831,152,2014,29,0.5866,2.4127,0.5133,0.0,26,1028.08,389
28831,153,2014,30,0.0062,0.0,0.0,0.0,1,1027.86,9
28831,154,2014,31,16.0495,1.5568,0.6022,0.0,6,1060.99,20
28831,155,2014,32,0.8681,1.1387,0.4904,0.0,5,1028.9,24
28831,156,2014,33,114.7543,2.1997,0.851,0.0,6,1346.85,13
28831,157,2014,34,0.0041,0.0,0.0,0.0,1,1112.06,2
29914,7,2011,40,0.2037,2.3187,0.6266,100.0,13,0.66,1621
29914,8,2011,41,79.1087,2.2378,0.5878,73.72,14,205.39,2336
29914,9,2011,42,72.0478,1.6466,0.5195,14.91,9,205.39,2086
29914,10,2011,43,0.4392,2.4763,0.6692,96.07,13,2.43,2165
29914,11,2011,44,0.2657,2.1414,0.5787,100.0,13,0.74,2329
29914,12,2011,45,0.1476,2.0901,0.6593,100.0,9,0.74,2542
29914,13,2011,46,1353.7913,2.4852,0.5573,98.73,22,12107.45,2843
29914,14,2011,47,84.072,2.0165,0.4747,32.81,19,178.51,2780
29914,15,2011,48,0.2128,2.1107,0.5704,100.0,13,0.71,2461
29914,16,2011,49,0.1981,2.2567,0.6295,100.0,12,0.73,2522
29914,17,2011,50,88.6855,3.0189,0.628,54.15,28,182.59,2689
29914,18,2011,51,135.7915,0.8651,0.2884,0.0,8,240.26,2737
29914,19,2011,52,145.2123,2.0174,0.6364,0.0,9,240.26,2351
29914,20,2012,1,1.9416,0.6266,0.2424,0.0,6,178.48,2536
29914,21,2012,2,5.6426,0.0618,0.022,0.0,7,178.48,2602
29914,22,2012,3,0.1715,1.309,0.4129,100.0,9,0.74,3251
29914,23,2012,4,0.3183,2.4826,0.7176,100.0,11,0.74,2599
29914,24,2012,5,0.0556,1.6672,0.5939,100.0,7,0.43,2706
29914,25,2012,6,35.8906,1.3726,0.3513,94.73,15,160.88,2431
29914,26,2012,7,0.199,1.0153,0.3928,100.0,6,0.71,1499
29914,27,2012,8,0.2255,2.4341,0.623,100.0,15,0.74,1943
29914,28,2012,9,0.2917,1.9138,0.5532,100.0,11,0.74,2642
29914,29,2012,10,68.2989,2.7343,0.7627,77.78,12,178.38,2687
29914,30,2012,11,1.2568,1.738,0.6191,0.0,7,178.52,1428
29914,31,2012,12,24.424,2.4284,0.5446,98.07,22,178.52,2747
29914,32,2012,13,0.1782,1.4455,0.4179,100.0,11,0.61,2738
29914,33,2012,14,3.1459,1.1896,0.3045,99.96,15,160.88,2613
29914,34,2012,15,0.229,1.3615,0.4538,100.0,8,0.73,2555
29914,35,2012,16,0.285,2.0025,0.5006,100.0,16,0.73,2063
29914,36,2012,17,45.2715,2.2994,0.532,81.72,20,135.53,2079
29914,37,2012,18,0.3719,1.4512,0.3125,99.48,25,5.25,1918
29914,38,2012,19,96.3247,4.3652,0.8318,12.62,38,182.63,103
29914,39,2012,20,2.4745,3.8103,0.6898,0.0,46,182.14,320
29914,40,2012,21,63.1295,4.2875,0.7146,0.0,64,339.86,339
29914,41,2012,22,2.6883,3.4814,0.6634,0.0,38,182.14,260
29914,42,2012,23,2.4969,2.6144,0.9313,0.0,7,178.51,18
29914,43,2012,24,10.0315,4.0836,0.8243,0.0,31,181.34,103
29914,44,2012,25,682.8537,4.4523,0.793,0.0,49,1785.92,208
29914,45,2012,26,1358.9977,2.9789,0.6265,0.0,27,8950.61,162
29914,46,2012,27,4.3949,3.8292,0.6623,0.0,55,189.16,456
29914,47,2012,28,47.2474,4.1633,0.7581,0.0,45,185.21,339
29914,48,2012,29,113.0925,4.5492,0.7766,0.0,58,339.84,247
29914,49,2012,30,75.743,4.505,0.8252,0.0,44,339.84,244
29914,53,2012,34,0.7284,2.1623,0.5679,90.32,14,3.37,93
29914,54,2012,35,0.4007,3.8572,0.7786,93.17,31,1.84,161
29914,56,2012,37,1.4237,3.7839,0.8253,68.33,24,4.68,60
29914,57,2012,38,0.2877,2.6992,0.6473,98.72,18,1.03,78
29914,58,2012,39,0.3432,3.0868,0.6922,93.01,22,1.53,143
29914,59,2012,40,0.3229,2.7087,0.783,57.78,11,0.89,45
29914,60,2012,41,0.2752,2.8649,0.7162,100.0,16,0.74,87
29914,61,2012,42,84.2166,3.6651,0.7994,52.0,24,181.85,75
29914,62,2012,43,0.3788,3.1771,0.6682,91.54,27,1.53,201
29914,63,2012,44,0.3255,3.7114,0.7022,94.08,39,1.51,355
29914,64,2012,45,0.0,0.0,0.0,100.0,1,0.73,6
29914,66,2012,47,84.9143,3.8606,0.7206,22.79,41,181.41,136
29914,108,2013,37,0.3512,3.9143,0.7631,95.99,35,1.65,299
29914,109,2013,38,0.303,2.4623,0.7412,95.24,10,1.28,42
29914,110,2013,39,0.4499,3.6609,0.7883,91.18,25,1.72,102
29914,111,2013,40,0.4076,3.7502,0.7887,94.64,27,2.49,168
29914,112,2013,41,0.4694,3.117,0.7475,80.49,18,1.28,82
29914,113,2013,42,36.9845,2.6236,0.565,87.42,25,178.86,151
29914,114,2013,43,58.2868,2.097,0.699,12.0,8,195.2,50
29914,115,2013,44,0.2979,2.8816,0.6285,91.47,24,1.28,129
29914,116,2013,45,0.374,2.0533,0.5133,94.29,16,1.39,105
29914,117,2013,46,0.1857,2.359,0.7442,100.0,9,0.57,37
29914,118,2013,47,0.2745,1.9555,0.7565,100.0,6,0.68,32
29914,119,2013,48,112.2578,2.9795,0.6783,65.62,21,240.77,96
29914,120,2013,49,0.3557,2.534,0.7994,100.0,9,0.78,32
29914,121,2013,50,0.0602,0.8113,0.8113,100.0,2,0.46,4
29914,122,2013,51,504.8191,5.5696,0.8478,34.83,95,1440.57,178
29914,123,2013,52,61.8225,4.3641,0.7901,0.0,46,1804.52,147
29914,124,2014,1,674.0108,4.9846,0.8702,0.0,53,1804.51,113
29914,125,2014,2,35.1664,2.2148,0.4471,0.56,31,181.25,180
29914,126,2014,3,0.1727,1.6476,0.5492,100.0,8,0.62,91
29914,127,2014,4,0.2393,2.2463,0.6266,95.08,12,1.16,61
29914,128,2014,5,0.2341,2.2819,0.528,99.21,20,1.25,126
29914,129,2014,6,0.1274,1.528,0.6581,100.0,5,0.54,43
29914,130,2014,7,0.7782,3.0709,0.6886,86.6,22,3.08,97
29914,131,2014,8,0.2227,2.5489,0.6888,100.0,13,0.81,100
29914,132,2014,9,0.3345,3.0364,0.6622,96.88,24,1.39,128
29914,133,2014,10,0.7183,2.448,0.5272,94.05,25,4.35,168
29914,134,2014,11,0.1339,1.7474,0.8737,100.0,4,0.49,19
29914,136,2014,13,0.2467,2.7811,0.5989,99.21,25,1.15,253
29914,137,2014,14,0.0234,0.2864,0.2864,100.0,2,0.49,20
30076,7,2011,40,0.331,2.8615,0.6515,97.81,21,1.59,1918
30076,8,2011,41,51.6808,2.368,0.6399,72.16,13,119.77,2396
30076,9,2011,42,44.1786,1.6789,0.6495,17.8,6,118.47,2669
30076,10,2011,43,0.189,0.9912,0.2984,100.0,10,0.74,2518
30076,11,2011,44,0.2141,1.9006,0.5494,100.0,11,0.54,2136
30076,12,2011,45,0.2559,2.212,0.7879,100.0,7,0.54,2577
30076,13,2011,46,0.9144,2.2416,0.5376,99.19,18,11.39,2334
30076,14,2011,47,51.5008,1.8213,0.4368,27.45,18,121.29,2506
30076,15,2011,48,0.3075,2.6611,0.4646,97.59,53,2.18,2700
30076,16,2011,49,0.3783,3.027,0.9112,100.0,10,0.64,1951
30076,17,2011,50,50.5221,2.5318,0.7987,75.52,9,119.41,2537
30076,18,2011,51,7.5769,1.5245,0.5082,0.0,8,119.41,2361
30076,19,2011,52,18.7975,2.2417,0.648,0.0,11,121.28,2699
30076,20,2012,1,5.0497,1.8382,0.6127,0.0,8,119.82,1988
30076,21,2012,2,93.3807,2.0989,0.4237,0.0,31,227.06,2560
30076,22,2012,3,0.5539,1.7483,0.4725,99.6,13,8.23,1764
30076,23,2012,4,0.2886,2.4618,0.7116,100.0,11,0.79,2776
30076,24,2012,5,0.3411,2.7576,0.7692,100.0,12,0.89,2217
30076,25,2012,6,0.2308,2.6165,0.7299,100.0,12,0.74,2450
30076,26,2012,7,0.2474,2.4583,0.7106,100.0,11,0.6,2789
30076,27,2012,8,0.3828,2.7976,0.8422,100.0,10,0.78,2851
30076,28,2012,9,0.2012,1.7329,0.5776,100.0,8,0.6,2519
30076,29,2012,10,51.7561,3.0326,0.8195,72.1,13,116.63,2581
30076,30,2012,11,19.1418,1.4038,0.3593,2.8,15,119.41,2610
30076,31,2012,12,0.2823,1.804,0.6013,100.0,8,0.78,927
30076,32,2012,13,0.1518,0.7447,0.3723,100.0,4,0.51,504
30076,33,2012,14,19.9342,1.4895,0.7448,96.92,4,115.53,1913
30076,34,2012,15,43.7545,2.6771,0.6302,78.64,19,115.53,1671
30076,35,2012,16,0.2512,2.4362,0.6584,100.0,13,0.78,1953
30076,36,2012,17,0.3356,1.5962,0.5035,85.3,9,1.58,1796
30076,37,2012,18,4.0703,1.7452,0.4716,98.19,13,79.91,831
30076,38,2012,19,47.6038,2.2399,0.5733,71.05,15,117.96,76
30076,39,2012,20,5.0634,2.5685,0.6284,0.0,17,140.12,138
30076,40,2012,21,52.7052,3.255,0.6346,0.0,35,297.35,142
30076,41,2012,22,4.6553,3.6383,0.6747,0.0,42,121.73,174
30076,42,2012,23,4.6623,3.0844,0.6286,0.0,30,137.41,155
30076,43,2012,24,4.0367,3.7401,0.6851,0.0,44,119.79,175
30076,44,2012,25,5.8456,4.1422,0.7165,0.0,55,134.25,182
30076,45,2012,26,535.0177,3.8888,0.7212,0.0,42,1413.09,184
30076,46,2012,27,438.8589,4.7728,0.8219,0.0,56,1416.15,126
30076,47,2012,28,33.8795,3.6099,0.6982,0.0,36,296.44,152
30076,48,2012,29,117.8225,2.7806,0.6331,0.0,21,395.06,80
30076,49,2012,30,42.6344,3.93,0.7115,0.0,46,181.59,173
30076,50,2012,31,17.5744,3.334,0.6553,0.0,34,121.9,163
30076,51,2012,32,2.8809,3.4026,0.7156,0.0,27,118.79,77
30076,52,2012,33,56.2509,2.4524,0.7736,43.75,9,116.45,48
30076,53,2012,34,1.0905,2.4929,0.6232,70.07,16,3.23,137
30076,54,2012,35,0.6591,2.5133,0.7265,77.38,11,1.59,84
30076,55,2012,36,0.8504,2.4587,0.6147,79.55,16,2.98,88
30076,56,2012,37,142.9787,3.4203,0.7365,62.11,25,387.17,95
30076,57,2012,38,1.8364,3.1146,0.7972,76.56,15,5.36,64
30076,58,2012,39,1.9227,2.8947,0.7603,85.59,14,8.07,111
30076,59,2012,40,57.6731,3.7357,0.7613,53.93,30,121.92,178
30076,60,2012,41,121.1079,4.1552,0.722,77.23,54,469.33,224
30076,61,2012,42,177.0693,3.5029,0.84,72.13,18,521.85,61
30076,62,2012,43,0.4517,2.9738,0.8952,96.67,10,1.03,90
30076,63,2012,44,0.5179,2.6622,0.6513,93.36,17,2.56,256
30076,64,2012,45,0.5431,2.4893,0.7494,96.97,10,1.52,99
30076,65,2012,46,0.5387,2.7114,0.7122,92.89,14,1.71,211
30076,66,2012,47,49.7333,4.7048,0.8102,8.19,56,301.4,232
30076,67,2012,48,0.5615,2.7503,0.704,87.8,15,1.69,164
30076,68,2012,49,0.9362,2.9366,0.6795,88.28,20,5.12,145
30076,69,2012,50,51.6166,3.4918,0.7616,64.6,24,116.45,161
30076,70,2012,51,4.5624,3.3912,0.6845,0.0,31,120.28,222
30076,71,2012,52,4.2347,3.2137,0.6837,0.0,26,125.5,134
30076,72,2013,1,4.8491,3.4703,0.7072,0.0,30,118.1,186
30076,73,2013,2,37.7823,3.7274,0.7455,11.17,32,160.88,188
30076,74,2013,3,1.0969,3.3752,0.6634,94.25,34,5.63,174
30076,75,2013,4,739.905,5.5976,0.8733,40.41,85,8945.82,193
30076,76,2013,5,1.8037,3.8007,0.7906,82.21,28,16.42,208
30076,77,2013,6,1.3987,3.6076,0.7033,98.34,35,16.42,301
30076,78,2013,7,0.5429,2.8366,0.7913,98.29,12,1.7,175
30076,79,2013,8,18.6284,3.3478,0.7507,90.04,22,301.4,261
30076,80,2013,9,0.0,0.0,0.0,100.0,1,0.43,6
30076,81,2013,10,499.4071,5.3223,0.7544,51.62,133,1318.06,339
30076,82,2013,11,267.4316,4.8762,0.7439,0.0,94,1143.53,314
30076,83,2013,12,46.1644,2.9397,0.5731,85.0,35,306.64,260
30076,84,2013,13,57.5946,4.2748,0.7428,49.51,54,120.79,307
30076,85,2013,14,28.6141,4.1917,0.8543,62.11,30,118.57,227
30076,86,2013,15,0.4684,4.0074,0.7636,94.09,38,2.35,254
30076,87,2013,16,0.5894,4.0977,0.7866,92.99,37,1.83,314
30076,88,2013,17,99.8167,4.0829,0.6884,67.67,61,245.26,399
30076,89,2013,18,5.002,2.8115,0.6305,92.4,22,65.44,342
30076,90,2013,19,1.91,2.7098,0.6169,94.15,21,16.77,376
30076,91,2013,20,2.4628,3.5575,0.7181,94.78,31,16.85,345
30076,92,2013,21,5.2564,4.3862,0.7396,0.0,61,119.91,281
30076,93,2013,22,25.6243,2.8356,0.4999,3.37,51,117.92,267
30076,94,2013,23,0.8501,2.4867,0.5963,86.67,18,5.07,270
30076,95,2013,24,20.2114,3.182,0.6364,66.67,32,72.26,273
30076,96,2013,25,6.1168,4.0725,0.7292,83.96,48,37.9,293
30076,97,2013,26,47.2185,3.9753,0.6845,60.14,56,119.85,286
30076,98,2013,27,117.0482,4.3682,0.7556,60.51,55,468.26,195
30076,99,2013,28,0.5535,4.2922,0.8121,93.33,39,2.75,330
30076,100,2013,29,1.4225,4.2673,0.8131,89.69,38,17.4,194
30076,101,2013,30,102.3541,4.7739,0.6787,0.0,131,327.76,666
30076,102,2013,31,7.7829,3.9283,0.6891,0.0,52,118.0,263
30076,103,2013,32,3.4843,3.5654,0.6531,0.0,44,118.01,201
30076,104,2013,33,56.0806,4.0876,0.6763,0.0,66,153.38,315
30076,105,2013,34,2.9897,2.6739,0.5133,0.0,37,118.71,187
30076,106,2013,35,1.104,0.8113,0.8113,0.0,2,117.93,4
30076,137,2014,14,37.8945,4.6797,0.8983,71.21,37,134.93,66
30076,138,2014,15,36.1239,5.2532,0.86,65.61,69,86.33,253
30076,139,2014,16,43.7832,4.8044,0.8273,74.21,56,119.52,159
30076,140,2014,17,68.3617,5.5729,0.8097,68.72,118,243.73,358
30076,141,2014,18,1.006,5.0376,0.7991,84.11,79,7.3,302
30076,142,2014,19,39.9358,5.4406,0.8511,69.1,84,119.57,233
30952,7,2011,40,20.4472,2.2288,0.4799,88.64,25,117.77,1682
30952,8,2011,41,62.6941,4.01,0.7069,78.28,51,169.85,2680
30952,9,2011,42,41.3835,2.6306,0.5472,89.64,28,159.01,3136
30952,10,2011,43,2597.8717,3.4537,0.6365,89.92,43,12107.34,2956
30952,11,2011,44,182.9397,3.7253,0.5944,66.04,77,420.7,3054
30952,12,2011,45,4.0023,3.3376,0.7484,99.94,22,160.88,1618
30952,13,2011,46,0.6226,1.3788,0.8699,85.71,3,1.63,7
30952,14,2011,47,115.5292,1.5219,0.9602,60.0,3,235.97,5
30952,15,2011,48,0.2221,1.4056,0.8869,100.0,3,0.36,8
30952,16,2011,49,0.3095,2.0404,0.8787,100.0,5,0.62,11
30952,17,2011,50,1460.3572,0.9183,0.9183,66.67,2,3082.7,6
30952,18,2011,51,174.3783,2.8402,0.9467,0.0,8,3069.16,15
30952,19,2011,52,32.396,0.9183,0.9183,0.0,2,3101.73,6
30952,20,2012,1,0.0159,0.0,0.0,0.0,1,3083.24,3
30952,21,2012,2,0.2624,0.7219,0.7219,0.0,2,3083.24,10
30952,22,2012,3,0.4857,1.6858,0.8429,90.91,4,1.73,11
30952,23,2012,4,8.362,2.9219,0.974,90.0,8,27.7,10
30952,24,2012,5,27.7931,1.4911,0.7456,81.82,4,71.88,11
30952,25,2012,6,104.2198,1.9056,0.9528,62.5,4,215.49,8
30952,26,2012,7,22.8903,1.325,0.836,91.67,3,82.64,12
30952,27,2012,8,381.2818,1.5219,0.9602,60.0,3,777.72,5
30952,28,2012,9,0.1649,1.75,0.875,100.0,4,0.34,8
30952,29,2012,10,178.0833,1.5,0.9464,75.0,3,411.33,4
30952,30,2012,11,46.7236,0.9183,0.9183,0.0,2,1180.19,3
30952,31,2012,12,0.4251,1.585,1.0,66.67,3,1.0,3
30952,32,2012,13,0.266,1.8892,0.9446,100.0,4,0.6,15
30952,33,2012,14,72.2878,2.1556,0.9284,0.0,5,236.55,8
30952,34,2012,15,28.7333,2.1133,0.9101,88.89,5,91.27,9
30952,35,2012,16,0.8084,2.6946,0.8982,90.48,8,2.2,21
30952,36,2012,17,0.2284,1.3347,0.8421,100.0,3,0.39,13
30952,37,2012,18,0.298,2.5219,0.9756,100.0,6,0.39,10
30952,38,2012,19,0.3254,1.961,0.8445,100.0,5,0.73,10
30952,39,2012,20,2.0212,2.1887,0.9426,83.33,5,5.13,12
30952,40,2012,21,0.0,0.0,0.0,0.0,1,103.47,2
30952,53,2012,34,0.4935,1.692,0.6545,88.57,6,1.47,35
30952,54,2012,35,0.7425,1.5372,0.5947,93.33,6,3.3,45
30952,55,2012,36,0.4212,2.5378,0.8459,100.0,8,0.75,29
30952,56,2012,37,0.332,2.0006,0.7126,100.0,7,0.59,38
30952,57,2012,38,0.3391,2.3646,0.7118,100.0,10,0.73,66
30952,58,2012,39,0.8223,2.716,0.8568,70.97,9,2.45,31
30952,59,2012,40,0.3351,2.669,0.842,100.0,9,0.76,27
30952,60,2012,41,0.4717,2.0491,0.7927,91.67,6,1.59,24
30952,61,2012,42,231.1701,1.8339,0.917,84.62,4,640.82,13
30952,62,2012,43,0.3762,2.6132,0.7289,100.0,12,0.75,55
30952,63,2012,44,0.343,3.0542,0.8022,100.0,14,0.75,63
30952,64,2012,45,48.4537,3.3515,0.8803,88.37,14,152.38,43
30952,65,2012,46,0.3032,2.8035,0.8844,100.0,9,0.75,39
30952,66,2012,47,42.3475,2.5079,0.7249,84.48,11,116.81,58
30952,67,2012,48,1534.0342,2.3061,0.7687,96.97,8,8947.02,33
30952,68,2012,49,0.3617,2.2207,0.791,100.0,7,0.75,37
30952,69,2012,50,3.0061,1.6738,0.7209,75.0,5,8.36,16
30952,72,2013,1,0.0,0.0,0.0,0.0,1,11361.17,11
30952,73,2013,2,0.0,0.0,0.0,0.0,1,11361.17,3
30952,74,2013,3,0.2283,0.9161,0.578,100.0,3,0.57,25
30952,75,2013,4,0.3559,2.4039,0.8013,100.0,8,0.73,41
30952,76,2013,5,0.3476,1.7256,0.6147,100.0,7,0.74,47
30952,77,2013,6,52.8831,2.7345,0.8626,93.33,9,212.59,30
30952,78,2013,7,0.338,3.169,0.916,100.0,11,0.78,28
30952,79,2013,8,0.3042,2.5311,0.7985,100.0,9,0.74,36
30952,80,2013,9,1.0764,1.5478,0.5159,94.74,8,5.79,38
30952,81,2013,10,454.3179,3.1773,0.8863,71.43,12,1259.63,35
30952,82,2013,11,0.3673,0.6292,0.6292,0.0,2,1143.7,19
30952,83,2013,12,0.2855,2.1115,0.8168,100.0,6,0.54,52
30952,84,2013,13,26.6771,2.7831,0.8045,72.97,11,117.68,37
30952,85,2013,14,0.5241,2.7701,0.7727,90.2,12,1.5,51
30952,86,2013,15,0.4895,2.4877,0.7191,83.93,11,1.26,56
30952,87,2013,16,2393.5329,2.4554,0.7746,96.15,9,12118.31,52
30952,88,2013,17,0.679,2.6788,0.7239,90.91,13,1.34,165
30952,89,2013,18,0.6733,2.1047,0.8142,90.48,6,1.35,21
30952,90,2013,19,790.4231,2.2782,0.8115,75.86,7,1855.13,29
30952,91,2013,20,887.4534,1.8248,0.7859,0.0,5,1918.19,19
30952,92,2013,21,120.5339,1.2871,0.812,0.0,3,296.34,14
30952,93,2013,22,0.0017,0.0,0.0,0.0,1,8.36,12
30952,94,2013,23,1268.1757,1.5613,0.9851,0.0,3,2970.86,8
30952,95,2013,24,0.0,0.0,0.0,0.0,1,11361.17,3
30952,96,2013,25,0.0,0.0,0.0,0.0,1,11361.17,2
30952,102,2013,31,0.0,0.0,0.0,0.0,1,11361.17,3
30952,104,2013,33,0.0006,0.0,0.0,0.0,1,6970.94,3
31372,7,2011,40,58.7993,1.8477,0.7148,71.18,6,158.14,406
31372,8,2011,41,27.3684,2.2575,0.6297,56.59,12,141.77,1085
31372,9,2011,42,797.4877,3.2955,0.7188,15.8,24,2035.55,1855
31372,10,2011,43,0.1228,0.7222,0.2407,100.0,8,0.76,1689
31372,11,2011,44,187.489,1.9064,0.5152,76.23,13,749.52,1670
31372,12,2011,45,2.5101,1.5461,0.4313,85.27,12,19.06,1867
31372,13,2011,46,60.6454,2.9326,0.5309,41.86,46,125.76,1063
31372,14,2011,47,75.5762,1.9734,0.4646,26.1,19,177.94,1341
31372,15,2011,48,0.8425,1.2215,0.4072,96.92,8,5.79,649
31372,16,2011,49,1.9486,1.2193,0.5251,76.02,5,5.1,492
31372,17,2011,50,1017.6048,1.9725,0.5502,49.2,12,2035.12,1504
31372,18,2011,51,2.4743,1.7768,0.5923,0.0,8,2035.06,1407
31372,19,2011,52,3.6453,2.8696,0.7537,0.0,14,2037.7,1494
31372,20,2012,1,4.8682,2.4809,0.6202,0.0,16,2043.34,1357
31372,21,2012,2,4.4042,2.1392,0.5967,0.0,12,2036.41,1381
31372,22,2012,3,1.5348,1.996,0.6297,85.72,9,5.44,1646
31372,23,2012,4,0.6366,1.3359,0.5754,99.36,5,4.43,1397
31372,24,2012,5,2.4083,2.1356,0.6737,74.48,9,5.06,1430
31372,25,2012,6,0.2467,0.9673,0.4166,100.0,5,0.74,1619
31372,26,2012,7,0.271,0.9411,0.3641,100.0,6,0.74,1788
31372,27,2012,8,0.3796,1.7412,0.6736,100.0,6,0.74,1975
31372,28,2012,9,1.0049,0.2051,0.2051,96.78,2,5.12,1835
31372,29,2012,10,12.028,0.8582,0.4291,98.92,4,116.5,1109
31372,30,2012,11,1.591,1.4229,0.4489,91.08,9,5.52,908
31372,31,2012,12,0.8649,0.5587,0.199,97.89,7,5.52,2039
31372,32,2012,13,0.0203,0.0,0.0,100.0,1,0.75,1166
31372,33,2012,14,1.0635,0.2973,0.1876,95.93,3,4.97,1524
31372,34,2012,15,2.9206,2.1124,0.6664,57.49,9,5.23,1988
31372,35,2012,16,0.1993,0.6302,0.3976,100.0,3,0.76,2155
31372,36,2012,17,0.0945,0.2451,0.1546,100.0,3,0.74,1616
31372,37,2012,18,0.2077,1.4635,0.6303,100.0,5,0.48,25
31372,38,2012,19,41.4032,1.9463,0.614,84.85,9,143.79,33
31372,39,2012,20,35.7819,1.5,0.9464,0.0,3,2029.74,4
31372,40,2012,21,22.2219,0.4022,0.4022,0.0,2,2029.74,25
31372,41,2012,22,79.6058,2.3459,0.9075,0.0,6,2035.09,13
31372,42,2012,23,1.6022,0.7345,0.4634,0.0,3,2034.62,14
31372,43,2012,24,22.0159,1.371,0.865,0.0,3,1974.11,5
31372,44,2012,25,63.353,1.03,0.515,0.0,4,2272.39,31
31372,45,2012,26,202.6054,3.4145,0.8536,0.0,16,2151.49,52
31372,46,2012,27,46.1781,1.5906,0.7953,0.0,4,2047.44,40
31372,47,2012,28,29.5236,1.4365,0.9064,0.0,3,2031.95,22
31372,48,2012,29,6.0951,1.804,0.7769,0.0,5,2045.59,33
31372,49,2012,30,88.63,2.3201,0.8975,0.0,6,2078.17,19
31372,51,2012,32,343.3834,3.252,0.8788,0.0,13,2145.96,34
31372,52,2012,33,36.2574,2.1471,0.9247,0.0,5,2033.92,22
31372,53,2012,34,0.1492,0.7642,0.7642,100.0,2,0.72,9
31372,55,2012,36,1.0785,1.4896,0.7448,66.67,4,5.15,36
31372,56,2012,37,38.2743,2.2282,0.7427,69.77,8,122.36,43
31372,57,2012,38,0.1689,1.3163,0.8305,100.0,3,0.7,29
31372,58,2012,39,1.0921,1.9088,0.7384,93.02,6,4.46,43
31372,59,2012,40,0.1483,1.2995,0.6498,100.0,4,0.72,86
31372,60,2012,41,0.1876,1.1753,0.7415,100.0,3,0.74,24
31372,61,2012,42,0.3547,1.1964,0.7549,95.83,3,1.52,24
31372,62,2012,43,0.3383,1.4112,0.5459,100.0,6,0.97,63
31372,63,2012,44,0.3583,1.0589,0.6681,66.67,3,0.95,45
31372,64,2012,45,0.3932,1.1964,0.7549,54.17,3,1.03,24
31372,65,2012,46,0.2441,0.7742,0.4885,89.47,3,0.95,38
31372,66,2012,47,78.3339,3.3436,0.8782,25.0,14,259.0,36
31372,67,2012,48,0.4599,1.8643,0.9322,62.0,4,1.03,50
31372,68,2012,49,0.2069,0.7108,0.3554,95.74,4,1.51,47
31372,69,2012,50,668.1069,3.0246,0.9105,57.14,10,2037.85,28
31372,70,2012,51,22.7822,1.5205,0.7603,0.0,4,2029.91,48
31372,71,2012,52,0.0142,0.7219,0.7219,0.0,2,1973.15,10
31372,72,2013,1,0.0023,0.0,0.0,0.0,1,2029.9,37
31372,73,2013,2,192.5758,1.1958,0.7545,0.0,3,2029.9,52
31372,74,2013,3,502.8638,2.0133,0.8671,0.0,5,1564.29,17
31372,75,2013,4,0.1548,0.5436,0.5436,100.0,2,0.73,16
31372,77,2013,6,0.5492,1.0,1.0,50.0,2,1.35,6
31372,78,2013,7,2.2225,2.3803,0.7934,82.67,8,8.11,75
31372,79,2013,8,0.2539,1.2637,0.6318,93.75,4,1.0,64
31372,80,2013,9,0.5488,1.9096,0.7387,56.9,6,1.6,58
31372,81,2013,10,1578.7286,3.0645,0.9225,0.0,10,3290.35,25
31372,82,2013,11,1668.5174,2.9763,0.8603,0.0,11,3293.86,41
31372,83,2013,12,0.0,0.0,0.0,100.0,1,0.74,5
31372,84,2013,13,1.2607,1.3802,0.4601,85.48,8,4.9,62
31372,86,2013,15,0.0743,0.1239,0.1239,100.0,2,0.58,59
31372,87,2013,16,0.6225,2.177,0.9376,78.57,5,1.26,28
31372,88,2013,17,0.0,0.0,0.0,100.0,1,0.62,5
31372,89,2013,18,2.1676,1.3329,0.6664,65.48,4,4.64,84
31372,90,2013,19,0.8479,0.4138,0.4138,91.67,2,3.76,60
31372,92,2013,21,450.7007,1.4092,0.8891,0.0,3,2026.97,83
31372,93,2013,22,0.0,0.0,0.0,0.0,1,2029.95,26
31372,94,2013,23,4.1544,1.4832,0.7416,0.0,4,2045.61,30
31372,95,2013,24,798.4946,3.7229,0.8614,9.09,20,2029.86,55
31372,96,2013,25,0.876,2.4283,0.731,36.7,10,1.34,109
31372,97,2013,26,0.8965,2.4462,0.8713,38.71,7,1.3,31
31372,98,2013,27,0.8939,1.3361,0.5169,0.0,6,2.22,41
31372,99,2013,28,0.4521,2.3879,0.796,8.33,8,1.34,24
31372,101,2013,30,105.6596,2.2794,0.8818,10.71,6,219.84,28
31372,102,2013,31,592.1303,3.7268,0.8485,26.76,21,1872.26,71
31372,103,2013,32,458.3453,2.1695,0.6844,0.0,9,1872.26,108
31372,104,2013,33,0.9276,1.6747,0.8373,0.0,4,1.27,81
31372,105,2013,34,0.0616,0.3054,0.3054,5.45,2,1.11,55
31372,107,2013,36,1.7292,4.6075,0.7899,72.58,57,5.7,124
31372,108,2013,37,1.4285,3.8028,0.7998,85.71,27,5.59,63
31372,109,2013,38,0.8524,3.0999,0.7584,75.0,17,5.61,52
31372,110,2013,39,0.5597,3.6714,0.8359,81.13,21,3.54,53
31372,111,2013,40,0.3088,2.0919,0.7452,93.75,7,1.52,16
31372,112,2013,41,0.4633,2.4635,0.8212,73.33,8,0.92,15
31372,113,2013,42,1.2673,1.6444,0.7082,90.48,5,4.71,21
31372,114,2013,43,37.8736,5.0143,0.8885,61.11,50,117.16,90
31372,115,2013,44,156.0023,5.7035,0.8899,49.69,85,380.38,159
31372,116,2013,45,0.5453,2.7516,0.9172,91.67,8,1.25,12
31372,117,2013,46,0.3464,2.897,0.8374,87.1,11,0.93,31
31372,118,2013,47,0.2719,2.9275,0.7911,97.73,13,0.92,44
31372,119,2013,48,47.3547,4.2479,1.0,5.26,19,223.61,19
31372,120,2013,49,17.9597,4.0535,0.8182,78.47,31,215.99,144
31372,121,2013,50,2.9953,5.2264,0.926,46.03,50,8.34,126
31372,122,2013,51,996.436,4.5946,0.8318,35.17,46,2044.39,145
31372,123,2013,52,61.0146,4.5667,0.7864,0.0,56,2036.45,195
31372,124,2014,1,63.605,4.6667,0.8109,0.0,54,2036.46,236
31372,125,2014,2,70.694,4.083,0.778,0.0,38,2045.58,125
31372,126,2014,3,45.6106,4.0379,0.7192,69.78,49,141.49,139
31372,127,2014,4,0.4938,2.4169,0.6742,94.12,12,3.38,51
31372,128,2014,5,0.5507,3.8729,0.9288,80.0,18,1.28,30
31372,129,2014,6,0.343,3.5057,0.8764,85.71,16,1.16,56
31372,130,2014,7,0.948,4.0436,0.8939,77.59,23,4.41,58
31372,131,2014,8,1.0102,3.0917,0.6743,91.21,24,4.58,91
31372,132,2014,9,0.3141,3.2859,0.7603,92.98,20,1.35,114
31372,133,2014,10,1070.5244,2.6164,0.7876,83.87,10,2899.49,31
31372,134,2014,11,848.634,4.0046,0.852,0.0,26,6958.12,51
31372,135,2014,12,608.3839,4.4488,0.854,75.0,37,2899.48,108
31372,136,2014,13,0.4303,3.3318,0.7365,83.01,23,3.38,153
31372,137,2014,14,0.3602,2.8447,0.696,88.51,17,1.31,87
31372,138,2014,15,0.6312,3.5567,0.7659,86.47,25,4.41,133
31372,139,2014,16,51.1054,4.7896,0.8142,62.99,59,121.01,127
31372,140,2014,17,0.4904,3.9984,0.8721,84.15,24,3.12,82
31372,141,2014,18,462.1641,5.6074,0.887,21.13,80,1038.27,194
31372,142,2014,19,1229.9276,5.1189,0.8597,0.0,62,2037.63,220
31372,143,2014,20,65.652,4.599,0.8068,0.0,52,2085.49,175
31372,145,2014,22,0.0026,0.0,0.0,0.0,1,3495.65,2
31372,148,2014,25,0.0,0.0,0.0,0.0,1,1871.93,1
31372,151,2014,28,0.0,0.0,0.0,0.0,1,1.76,1
31583,7,2011,40,1.154,1.9063,0.5151,53.93,13,4.61,1869
31583,8,2011,41,247.4503,2.7749,0.6655,54.51,18,620.36,2592
31583,9,2011,42,246.4322,3.452,0.7035,24.64,30,620.68,2528
31583,10,2011,43,0.2387,1.2022,0.3475,100.0,11,0.61,2217
31583,11,2011,44,0.0269,0.0068,0.0068,100.0,2,0.6,1811
31583,12,2011,45,0.1652,0.4885,0.4885,100.0,2,0.54,160
31583,13,2011,46,0.1684,0.5932,0.2966,100.0,4,0.74,1821
31583,14,2011,47,69.7599,3.1311,0.6829,29.78,24,151.69,2418
31583,15,2011,48,2.0325,1.7133,0.4952,94.9,11,9.39,2157
31583,16,2011,49,1.0662,1.6253,0.5789,97.96,7,8.22,1619
31583,17,2011,50,70.947,2.5145,0.7014,63.92,12,150.89,2195
31583,18,2011,51,240.9484,3.4685,0.6474,0.0,41,820.45,2546
31583,19,2011,52,272.23,3.468,0.6657,0.0,37,820.45,2343
31583,20,2012,1,16.4076,1.5987,0.5329,0.0,8,157.28,2293
31583,21,2012,2,0.4677,0.9859,0.3814,0.0,6,150.9,1403
31583,22,2012,3,32.7354,0.9681,0.3745,94.23,6,150.0,728
31583,23,2012,4,0.4438,2.1268,0.5932,97.48,12,2.29,2659
31583,24,2012,5,0.4885,1.6915,0.5092,78.88,10,1.16,1406
31583,25,2012,6,1.8227,2.0102,0.6341,83.91,9,5.32,1933
31583,26,2012,7,0.1789,1.2212,0.5259,100.0,5,0.79,2217
31583,27,2012,8,0.3396,1.2494,0.3611,99.76,11,5.14,2127
31583,28,2012,9,0.9895,1.3299,0.5145,92.32,6,5.14,2200
31583,29,2012,10,253.4368,1.704,0.5375,81.27,9,655.18,1991
31583,30,2012,11,45.2013,2.0003,0.5406,0.0,13,656.49,2383
31583,31,2012,12,128.1787,1.8003,0.6001,67.99,8,317.46,2393
31583,32,2012,13,12.6104,1.8957,0.7334,96.19,6,202.36,2046
31583,33,2012,14,1.3461,1.6175,0.4869,83.39,10,7.87,2276
31583,34,2012,15,0.7557,2.7692,0.7088,96.78,15,4.24,2017
31583,35,2012,16,0.6766,2.5802,0.6074,95.75,19,6.89,1765
31583,36,2012,17,73.5651,2.303,0.7265,82.78,9,198.02,2352
31583,37,2012,18,0.4268,2.15,0.4895,99.43,21,4.2,1577
31583,38,2012,19,442.2434,4.5804,0.7819,59.67,58,1015.21,243
31583,39,2012,20,78.6096,5.1429,0.8282,21.29,74,267.23,202
31583,40,2012,21,3.4029,4.2787,0.7244,0.0,60,155.07,266
31583,41,2012,22,361.1849,4.7018,0.7724,0.0,68,6122.55,295
31583,42,2012,23,2.809,3.9322,0.7937,0.0,31,155.56,116
31583,43,2012,24,3.2184,3.945,0.8495,0.0,25,152.9,83
31583,44,2012,25,70.6604,3.3285,0.8742,68.63,14,152.56,51
31583,45,2012,26,298.8845,5.0615,0.8126,0.0,75,939.1,235
31583,46,2012,27,373.8471,4.6818,0.7833,0.0,63,939.63,233
31583,47,2012,28,698.6832,4.9216,0.8057,0.0,69,1492.39,218
31583,48,2012,29,2.4527,3.6674,0.715,0.0,35,153.46,212
31583,49,2012,30,10.9386,4.8407,0.7513,0.0,87,154.37,380
31583,50,2012,31,376.623,4.5278,0.6941,0.0,92,951.43,363
31583,51,2012,32,338.8871,5.2424,0.7961,0.0,96,939.8,262
31583,52,2012,33,72.5241,4.6427,0.8912,52.53,37,153.29,99
31583,53,2012,34,0.8627,4.0525,0.7901,89.66,35,5.16,145
31583,54,2012,35,0.4319,4.0219,0.8366,96.62,28,1.26,148
31583,55,2012,36,1.032,4.2202,0.793,88.46,40,4.81,182
31583,56,2012,37,0.4339,3.9195,0.777,98.5,33,1.72,200
31583,57,2012,38,0.9997,4.3351,0.9223,74.07,26,3.87,54
31583,58,2012,39,0.4954,3.6564,0.8768,97.87,18,1.03,47
31583,65,2012,46,0.9271,3.8824,0.7696,94.23,33,6.31,156
31583,66,2012,47,1333.6976,5.6229,0.8341,22.25,107,3112.22,382
31583,67,2012,48,402.1684,3.7576,0.7386,85.31,34,3104.47,177
31583,68,2012,49,0.4205,2.6242,0.6893,97.14,14,2.38,70
31583,69,2012,50,58.5821,2.0495,0.7928,81.82,6,152.32,11
31583,70,2012,51,80.4047,2.7217,0.8193,0.0,10,184.53,25
31583,71,2012,52,272.5475,2.75,0.9796,0.0,7,819.48,8
31583,72,2013,1,941.429,3.0123,0.9068,0.0,10,1855.06,33
31583,73,2013,2,538.0337,1.0409,0.6567,0.0,3,1854.69,12
31583,74,2013,3,0.3772,2.1838,0.7779,100.0,7,0.81,19
31583,75,2013,4,0.0021,0.0,0.0,100.0,1,0.53,3
31583,76,2013,5,1.0468,2.1855,0.7785,95.65,7,4.46,23
31583,77,2013,6,0.627,1.8228,0.785,93.33,5,2.4,15
31583,78,2013,7,30.3233,2.8963,0.9654,92.86,8,117.45,14
31583,79,2013,8,1.9214,3.2728,0.9129,71.43,12,4.98,21
31583,80,2013,9,134.4078,2.7744,0.9248,55.56,8,270.59,18
31583,81,2013,10,163.2175,2.3502,0.8372,61.11,7,438.43,18
31583,82,2013,11,690.5412,1.9732,0.7633,0.0,6,2893.71,19
31583,83,2013,12,0.4594,2.288,0.8851,94.44,6,1.21,18
31583,84,2013,13,27.7278,1.9363,0.9681,63.64,4,57.9,11
31583,85,2013,14,131.941,2.1972,0.9463,77.78,5,317.43,9
31583,86,2013,15,0.4467,1.8811,0.8101,92.31,5,1.13,13
31583,87,2013,16,1489.8795,2.2359,0.963,28.57,5,3000.13,7
31583,88,2013,17,32.278,2.064,0.7985,92.86,6,125.07,14
31583,89,2013,18,1.8701,2.3527,0.9102,78.57,6,5.06,14
31583,90,2013,19,0.1638,0.9852,0.9852,100.0,2,0.61,7
32100,7,2011,40,0.3402,1.7817,0.562,94.49,9,1.74,1180
32100,8,2011,41,472.7292,2.9291,0.7166,48.47,17,12107.34,2389
32100,9,2011,42,316.8989,2.6524,0.6966,35.46,14,674.37,2073
32100,10,2011,43,0.2663,2.1169,0.6678,99.96,9,4.49,2277
32100,11,2011,44,0.1101,1.4617,0.4225,100.0,11,0.82,3051
32100,12,2011,45,0.1259,2.0497,0.6466,100.0,9,0.77,3037
32100,13,2011,46,0.1733,1.7495,0.6768,100.0,6,0.74,2278
32100,14,2011,47,286.8125,3.4143,0.6769,24.63,33,672.99,2107
32100,15,2011,48,9.3113,1.0832,0.3261,93.18,10,138.76,2536
32100,16,2011,49,0.1201,1.3112,0.379,100.0,11,0.77,3167
32100,17,2011,50,230.8687,2.113,0.5067,80.46,18,676.79,2548
32100,24,2012,5,0.0,0.0,0.0,0.0,1,1.56,1
32100,35,2012,16,0.0,0.0,0.0,100.0,1,0.73,1
32100,36,2012,17,0.0,0.0,0.0,100.0,1,0.47,1
32100,37,2012,18,0.0484,1.585,1.0,100.0,3,0.51,3
32100,38,2012,19,0.0826,0.6402,0.4039,100.0,3,0.73,17
32100,39,2012,20,0.0,0.0,0.0,0.0,1,664.27,2
32100,40,2012,21,0.2469,1.6688,0.6456,0.0,6,661.61,18
32100,41,2012,22,0.2363,1.3486,0.8509,0.0,3,661.16,11
32100,42,2012,23,228.6499,2.5581,0.807,0.0,9,661.26,17
32100,43,2012,24,2.7864,1.585,1.0,0.0,3,664.38,3
32100,44,2012,25,0.1314,1.4183,0.7091,0.0,4,661.45,12
32100,45,2012,26,0.2296,0.9403,0.9403,0.0,2,661.17,14
32100,46,2012,27,10.0083,1.9818,0.6606,0.0,8,664.28,40
32100,47,2012,28,0.0038,0.0,0.0,0.0,1,661.17,6
32100,53,2012,34,0.0005,0.0,0.0,100.0,1,0.44,2
32100,55,2012,36,0.5058,1.8424,0.9212,100.0,4,0.75,7
32100,56,2012,37,0.117,0.9183,0.9183,100.0,2,0.68,3
32100,57,2012,38,0.2345,1.3516,0.8528,100.0,3,0.73,9
32100,58,2012,39,0.1536,1.2516,0.7897,100.0,3,0.73,6
32100,59,2012,40,0.2228,0.9544,0.9544,100.0,2,0.68,8
32100,61,2012,42,49.8047,0.9183,0.9183,0.0,2,769.55,6
32100,65,2012,46,0.0002,0.0,0.0,100.0,1,0.74,4
32100,67,2012,48,0.154,0.9183,0.9183,100.0,2,0.74,9
32100,68,2012,49,0.2887,1.0,1.0,0.0,2,118.26,2
32100,69,2012,50,0.1567,0.9183,0.9183,100.0,2,0.76,3
32100,70,2012,51,0.0005,0.0,0.0,0.0,1,664.28,2
32100,71,2012,52,1.9834,1.5219,0.9602,0.0,3,665.04,5
32100,72,2013,1,0.0024,0.0,0.0,0.0,1,664.28,3
32100,75,2013,4,0.0,0.0,0.0,100.0,1,0.69,2
32100,76,2013,5,0.0,0.0,0.0,100.0,1,0.73,2
32100,78,2013,7,0.0,0.0,0.0,100.0,1,0.69,2
32100,80,2013,9,0.2424,1.5219,0.9602,100.0,3,0.72,5
32100,81,2013,10,658.9541,1.9056,0.9528,75.0,4,1521.85,8
32100,84,2013,13,0.3096,2.2551,0.5638,97.89,16,1.24,95
32100,85,2013,14,0.3253,3.0257,0.5998,93.09,33,1.52,275
32100,86,2013,15,0.3138,2.8044,0.6117,95.77,24,1.85,260
32100,88,2013,17,0.353,2.3473,0.7824,65.22,8,1.15,23
32100,89,2013,18,48.297,3.6679,0.7095,58.2,36,123.22,122
32100,90,2013,19,0.475,2.7369,0.5756,77.35,27,3.15,309
32100,91,2013,20,0.2343,2.1661,0.6042,94.06,12,1.31,101
32100,93,2013,22,9.9316,4.3049,0.7072,0.0,68,1262.88,269
32100,94,2013,23,11.1952,4.5105,0.7605,0.0,61,1260.7,214
32100,95,2013,24,0.0,0.0,0.0,0.0,1,1250.1,2
32100,96,2013,25,6.6473,1.6767,0.8384,0.0,4,1250.35,11
32100,97,2013,26,6.6485,1.0,1.0,0.0,2,1250.37,8
32100,98,2013,27,122.5145,1.2752,0.6376,0.0,4,1239.55,18
32100,99,2013,28,0.2461,1.0,1.0,0.0,2,663.27,2
32100,100,2013,29,0.0,0.0,0.0,0.0,1,663.76,4
32100,101,2013,30,7.4876,2.4116,0.9329,0.0,6,664.28,13
32100,103,2013,32,0.3929,1.5,0.9464,0.0,3,664.28,4
32100,104,2013,33,0.0067,0.9183,0.9183,0.0,2,664.28,3
32100,121,2013,50,0.0,0.0,0.0,0.0,1,139.08,1
32100,122,2013,51,1.4686,1.9501,0.975,0.0,4,664.42,13
32100,123,2013,52,16.2521,1.8366,0.9183,0.0,4,679.01,9
32100,124,2014,1,0.8054,0.7219,0.7219,0.0,2,1250.36,5
32100,125,2014,2,523.1889,4.05,0.9534,0.0,19,1250.36,35
32100,127,2014,4,0.1137,1.15,0.4096,100.0,7,0.7,58
32100,128,2014,5,42.7363,3.6573,0.6549,70.09,48,121.43,117
32100,129,2014,6,646.73,5.8561,0.8687,29.14,107,1259.54,175
32100,130,2014,7,569.2799,6.4876,0.9377,22.67,121,1257.2,172
32100,131,2014,8,483.8802,5.5969,0.8665,47.74,88,1038.16,155
32100,132,2014,9,0.2617,3.7329,0.8499,96.49,21,1.05,57
32100,133,2014,10,812.9521,4.5214,0.8053,29.03,49,1724.48,155
32100,134,2014,11,967.8237,6.6842,0.9596,1.68,125,1816.36,179
32100,135,2014,12,0.6809,4.3757,0.8917,90.54,30,2.98,74
32100,136,2014,13,123.8335,5.6697,0.9679,27.47,58,274.55,91
32100,137,2014,14,0.9401,4.3185,0.9082,81.48,27,4.43,54
32100,138,2014,15,0.8846,4.3546,0.8964,87.1,29,4.77,62
32100,139,2014,16,0.1747,3.027,0.9549,100.0,9,0.52,13
32100,140,2014,17,0.0014,0.0,0.0,100.0,1,0.46,7
32174,8,2011,41,17.2341,2.1034,0.6635,93.19,9,79.64,778
32174,9,2011,42,589.8459,3.7884,0.6583,35.75,54,1266.26,1488
32174,10,2011,43,9.1967,2.4298,0.4566,95.47,40,201.89,1456
32174,11,2011,44,18.0361,2.3125,0.4375,92.58,39,211.54,1510
32174,12,2011,45,1.3599,2.7252,0.5121,89.16,40,5.81,1328
32174,13,2011,46,0.2395,1.5994,0.4322,100.0,13,1.05,679
32174,14,2011,47,595.6778,3.47,0.5294,38.93,94,1228.24,1698
32174,15,2011,48,1.173,1.6272,0.3057,93.97,40,5.82,1558
32174,16,2011,49,1.1026,1.51,0.3212,95.01,26,5.68,1444
32174,17,2011,50,0.0539,0.9991,0.6303,100.0,3,0.25,75
32174,38,2012,19,438.1952,5.6789,0.8958,47.68,81,1210.4,151
32174,39,2012,20,8.0984,4.3394,0.821,0.0,39,1228.18,148
32174,40,2012,21,12.3729,4.8673,0.8309,0.0,58,1219.34,179
32174,41,2012,22,8.6678,4.9795,0.8363,0.0,62,1219.79,163
32174,42,2012,23,9.8199,4.5028,0.7654,0.0,59,1219.92,234
32174,43,2012,24,40.6355,4.816,0.8153,0.0,60,1267.98,199
32174,44,2012,25,17.5595,4.8926,0.8625,0.0,51,1260.66,150
32174,45,2012,26,7.6725,3.8631,0.7361,0.0,38,1216.45,170
32174,46,2012,27,202.8425,5.25,0.8509,0.0,72,1819.68,186
32174,47,2012,28,8.9155,4.3066,0.8148,0.0,39,1219.33,118
32174,48,2012,29,11.2732,4.9188,0.8905,0.0,46,1219.34,115
32174,49,2012,30,23.1403,4.1253,0.8407,0.0,30,1266.44,95
32174,50,2012,31,79.4426,5.1489,0.8518,0.0,66,1325.54,179
32174,51,2012,32,6.7727,3.1891,0.6785,0.0,26,1219.28,132
32174,52,2012,33,124.4014,4.4159,0.8609,55.42,35,486.68,83
32174,53,2012,34,1.7575,4.0159,0.7116,83.58,50,8.43,201
32174,54,2012,35,61.9134,4.632,0.7907,78.53,58,857.86,191
32174,55,2012,36,1.3896,4.2009,0.8064,75.89,37,7.61,141
32174,56,2012,37,1.2055,4.3836,0.8129,81.21,42,5.13,149
32174,57,2012,38,0.5226,2.6341,0.6918,95.59,14,3.33,68
32174,58,2012,39,3.0682,4.8394,0.8371,60.0,55,8.11,130
32174,59,2012,40,28.4891,5.1293,0.8313,53.09,72,116.69,194
32174,60,2012,41,2.1446,4.8295,0.799,68.03,66,7.87,269
32174,61,2012,42,1.4312,4.1047,0.7236,73.99,51,6.09,173
32174,62,2012,43,613.424,5.8663,0.8618,22.66,112,1215.38,278
32174,63,2012,44,2.005,5.5188,0.8289,71.61,101,6.66,310
32174,64,2012,45,1.9251,5.2483,0.8125,68.18,88,5.8,264
32174,65,2012,46,1.1903,4.5857,0.7896,87.37,56,5.85,198
32174,66,2012,47,507.4183,5.305,0.8277,14.18,85,1323.2,275
32174,67,2012,48,1.431,4.4116,0.7739,83.33,52,5.82,180
32174,68,2012,49,1.5126,4.2007,0.779,84.35,42,5.85,147
32174,69,2012,50,550.2815,5.0054,0.844,56.96,61,1211.96,158
32174,70,2012,51,133.5601,5.5394,0.832,0.0,101,1381.63,258
32174,71,2012,52,14.5503,4.687,0.8071,0.0,56,1270.29,158
32174,72,2013,1,95.0446,5.3804,0.856,0.0,78,1352.25,296
32174,73,2013,2,93.1782,5.0858,0.8326,0.0,69,1228.04,245
32174,74,2013,3,48.3498,4.5305,0.7579,78.28,63,250.29,198
32174,75,2013,4,0.9629,4.4532,0.8109,89.71,45,4.38,175
32174,76,2013,5,40.6757,5.1496,0.8615,62.84,63,131.59,183
32174,77,2013,6,34.8201,5.1775,0.8662,70.06,63,119.53,177
32174,78,2013,7,1.918,4.5083,0.7988,78.36,50,7.68,171
32174,79,2013,8,30.5741,4.9908,0.8556,73.56,57,113.28,174
32174,80,2013,9,1.627,4.5501,0.7835,72.95,56,5.66,207
32174,81,2013,10,590.5446,4.9236,0.8441,51.92,57,1219.3,156
32174,82,2013,11,167.509,5.4553,0.8076,0.0,108,1272.23,352
32174,83,2013,12,1.4211,3.9292,0.7487,89.53,38,6.13,172
32174,84,2013,13,2.279,4.707,0.8179,60.53,54,5.74,152
32174,85,2013,14,11.7371,3.7813,0.6969,79.41,43,135.48,136
32174,86,2013,15,1.4468,4.6958,0.8016,72.31,58,5.74,242
32174,87,2013,16,1.6745,4.6028,0.8036,79.39,53,5.78,165
32174,88,2013,17,1.5091,4.3708,0.7493,81.75,57,5.68,252
32174,89,2013,18,1.7641,4.6897,0.8149,76.6,54,5.69,188
32174,90,2013,19,464.4205,6.3428,0.8884,39.72,141,1355.93,282
32174,91,2013,20,5.8601,4.0962,0.7295,0.0,49,1219.27,218
32174,92,2013,21,6.8038,4.9934,0.8067,0.0,73,1219.77,260
32174,93,2013,22,146.8388,5.2368,0.8067,0.0,90,2672.28,291
32174,94,2013,23,7.0859,4.6986,0.7891,0.0,62,1215.55,191
32174,95,2013,24,9.7596,5.1131,0.7896,0.0,89,1242.46,278
32174,96,2013,25,74.8066,5.1985,0.7894,0.0,96,1288.48,320
32174,97,2013,26,312.5797,5.665,0.8455,0.0,104,1227.12,301
32174,98,2013,27,190.9346,5.6099,0.8151,0.0,118,1356.96,336
32174,99,2013,28,1.3892,4.1783,0.7163,0.0,57,1362.2,345
32174,100,2013,29,1.3746,4.0526,0.6889,0.0,59,1362.42,363
32174,101,2013,30,122.465,4.9128,0.8043,0.0,69,1361.03,312
32174,102,2013,31,159.0465,4.8423,0.7874,0.0,71,2811.83,242
32174,103,2013,32,5.476,4.5181,0.7475,0.0,66,1228.77,272
32174,104,2013,33,61.1403,4.624,0.7401,0.0,76,1271.73,380
32174,105,2013,34,350.3954,5.1911,0.8309,0.0,76,1540.67,195
32899,8,2011,41,0.1884,1.1041,0.552,98.14,4,1.56,859
32899,9,2011,42,2.0216,1.1625,0.3667,79.62,9,5.67,2606
32899,10,2011,43,0.1774,1.1308,0.3404,21.82,10,1.51,3061
32899,11,2011,44,1.3102,2.0123,0.6058,57.49,10,5.0,3204
32899,12,2011,45,0.1105,0.5002,0.3156,100.0,3,0.74,2213
32899,13,2011,46,0.283,2.0318,0.6773,99.48,8,2.87,1911
32899,14,2011,47,0.0182,0.0179,0.0113,100.0,3,0.76,1958
32899,15,2011,48,0.1484,0.6124,0.3062,100.0,4,0.77,1757
32899,16,2011,49,0.3604,1.1742,0.4543,84.49,6,0.96,1251
32899,17,2011,50,587.4595,1.3525,0.4508,74.69,8,1380.67,1944
32899,18,2011,51,1.2851,2.2195,0.8586,0.0,6,1381.59,1579
32899,19,2011,52,0.4723,0.5997,0.3784,0.0,3,1380.65,243
32899,20,2012,1,0.9179,0.1912,0.0956,0.0,4,1393.09,829
32899,21,2012,2,0.0075,0.0323,0.0323,0.0,2,1380.66,598
32899,22,2012,3,24.6502,1.6403,0.5843,95.64,7,244.7,1376
32899,23,2012,4,0.1777,0.7693,0.3847,100.0,4,0.74,2049
32899,24,2012,5,0.2711,1.6575,0.7138,97.11,5,0.97,1594
32899,25,2012,6,0.17,0.9108,0.3922,100.0,5,0.74,1491
32899,26,2012,7,0.1956,1.0625,0.5312,100.0,4,0.74,1832
32899,27,2012,8,0.226,1.1129,0.4305,100.0,6,0.74,1625
32899,28,2012,9,0.2828,1.9762,0.6587,95.81,8,0.98,1504
32899,29,2012,10,929.6698,0.9719,0.324,89.28,8,3104.48,2174
32899,30,2012,11,326.8315,1.3764,0.4144,1.13,10,3104.46,1680
32899,31,2012,12,0.1908,1.0596,0.4099,100.0,6,0.74,2166
32899,32,2012,13,0.2304,1.4617,0.5207,99.63,7,1.66,1348
32899,33,2012,14,0.1971,0.9102,0.3521,99.79,6,1.67,1896
32899,34,2012,15,0.1763,0.8707,0.4354,100.0,4,0.75,2161
32899,35,2012,16,6.5379,0.481,0.1517,94.72,9,37.85,2331
32899,36,2012,17,0.462,0.8351,0.2514,96.58,10,3.3,1814
32899,37,2012,18,0.4494,1.0554,0.2944,99.18,12,6.76,1100
32899,38,2012,19,542.5802,3.2829,0.669,58.73,30,1381.88,126
32899,39,2012,20,4.8036,3.008,0.696,0.0,20,1398.8,141
32899,41,2012,22,21.8162,3.0309,0.6611,0.0,24,1401.54,112
32899,42,2012,23,2.5331,2.0623,0.5573,0.0,13,1387.91,53
32899,43,2012,24,0.0156,0.0,0.0,0.0,1,1380.67,9
32899,44,2012,25,1.532,1.8602,0.6201,0.0,8,1387.15,47
32899,45,2012,26,1.061,0.523,0.33,0.0,3,1383.35,33
32899,46,2012,27,1.1826,2.0636,0.6212,0.0,10,1381.58,39
32899,47,2012,28,6.7811,3.2459,0.739,0.0,21,1383.09,53
32899,48,2012,29,0.5135,0.7496,0.7496,0.0,2,1380.66,14
32899,49,2012,30,0.8275,0.863,0.2722,0.0,9,1381.9,109
32899,50,2012,31,0.4699,0.654,0.4127,0.0,3,1381.9,33
32899,51,2012,32,2.2114,0.9874,0.382,0.0,6,1394.87,43
32899,52,2012,33,27.0057,2.1006,0.6324,72.5,10,124.6,40
32899,53,2012,34,0.9317,1.2555,0.3779,91.01,10,5.16,89
32899,54,2012,35,0.3432,1.8427,0.7936,100.0,5,0.75,40
32899,55,2012,36,0.6659,1.9312,0.6437,92.31,8,3.36,26
32899,56,2012,37,0.1628,1.0862,0.5431,100.0,4,0.73,46
32899,57,2012,38,0.4304,0.5436,0.5436,100.0,2,0.72,8
32899,58,2012,39,2.2732,1.962,0.759,57.07,6,5.06,785
32899,59,2012,40,0.0346,1.1116,0.5558,100.0,4,0.72,558
32899,60,2012,41,0.69,2.418,0.7628,100.0,9,1.0,60
32899,61,2012,42,0.3404,0.7474,0.7474,100.0,2,0.67,61
32899,62,2012,43,1.6097,1.1401,0.57,94.12,4,6.53,17
32899,63,2012,44,0.2013,2.0269,0.5477,100.0,13,0.75,284
32899,64,2012,45,0.2374,2.91,0.7864,100.0,13,0.74,228
32899,65,2012,46,0.1743,2.4714,0.8803,100.0,7,0.74,34
32899,66,2012,47,1.9453,1.371,0.865,80.0,3,5.28,5
32899,67,2012,48,0.3113,3.0882,0.8111,100.0,14,0.75,125
32899,69,2012,50,663.6671,3.1636,0.7909,36.67,16,1390.49,90
32899,70,2012,51,7.2116,1.2487,0.6243,0.0,4,1380.65,32
32899,71,2012,52,0.0038,0.0,0.0,0.0,1,1380.65,6
32899,73,2013,2,514.4879,3.3957,0.7406,9.42,24,1381.97,138
32899,74,2013,3,4.1905,2.4702,0.8234,90.2,8,14.1,51
32899,75,2013,4,0.0817,1.8289,0.7877,100.0,5,0.73,18
32899,76,2013,5,0.2241,2.4474,0.7367,100.0,10,0.74,190
32899,79,2013,8,0.2628,3.0064,0.6742,96.83,22,1.65,347
32899,80,2013,9,1.1431,3.1012,0.8145,99.64,14,18.56,274
32899,83,2013,12,0.2015,2.6911,0.7779,100.0,11,0.74,160
32899,85,2013,14,0.0006,0.534,0.534,100.0,2,0.49,74
32899,86,2013,15,0.0,0.0,0.0,100.0,1,0.49,10
32899,87,2013,16,0.3951,2.752,0.66,92.0,18,2.38,175
32899,90,2013,19,598.306,3.479,0.7801,65.74,22,1381.83,108
32899,91,2013,20,0.2179,0.2056,0.2056,0.0,2,1381.82,31
32899,92,2013,21,275.7111,3.7275,0.8487,0.0,21,1386.84,38
32899,95,2013,24,1.3522,2.7737,0.7496,0.0,13,1383.6,53
32899,96,2013,25,0.0,0.0,0.0,0.0,1,1381.17,5
32899,97,2013,26,0.0,0.0,0.0,0.0,1,1381.71,2
32899,102,2013,31,0.0357,1.5306,0.9657,0.0,3,1381.78,28
32899,104,2013,33,59.2966,2.4651,0.8781,0.0,7,1501.2,19
32899,105,2013,34,400.3531,2.3721,0.845,0.0,7,1358.54,17
32899,106,2013,35,11.0377,1.1887,0.75,91.67,3,40.22,12
32899,107,2013,36,0.2556,3.7467,0.8068,99.18,25,1.05,122
32899,108,2013,37,1.1544,4.1051,0.845,92.04,29,6.88,113
32899,109,2013,38,0.3033,3.4735,0.7908,98.11,21,1.25,106
32899,110,2013,39,0.4528,3.8389,0.7985,89.06,28,2.97,128
32899,111,2013,40,0.2963,3.4243,0.8378,98.55,17,0.88,69
32899,112,2013,41,1.52,4.7395,0.8581,45.22,46,8.37,157
32899,113,2013,42,0.4604,4.0798,0.7615,89.01,41,3.78,191
32899,114,2013,43,0.9238,3.4081,0.7642,82.46,22,4.42,57
32899,115,2013,44,0.317,3.1584,0.6982,99.11,23,1.5,112
32899,116,2013,45,0.4303,3.1032,0.7943,85.71,15,1.28,35
32899,117,2013,46,0.2055,2.3314,0.6739,100.0,11,0.62,51
32899,119,2013,48,0.3735,3.3591,0.8218,92.5,17,1.32,40
32899,120,2013,49,0.0559,1.961,0.8445,100.0,5,0.52,10
32899,121,2013,50,0.2586,2.9087,0.786,100.0,13,0.62,43
32899,122,2013,51,422.5279,4.308,0.9165,0.0,26,1384.31,46
32899,123,2013,52,62.4197,2.3661,0.7887,0.0,8,1385.2,22
32899,125,2014,2,629.1673,4.3581,0.8971,18.97,29,1381.55,58
32899,126,2014,3,0.24,2.301,0.5629,95.06,17,1.72,162
32899,127,2014,4,0.2933,2.5359,0.6491,97.52,15,1.38,121
32899,128,2014,5,0.5549,2.1192,0.6126,91.55,11,2.98,71
32899,129,2014,6,0.1535,1.4691,0.6327,100.0,5,0.59,51
32899,130,2014,7,0.8393,2.4721,0.6681,96.08,13,5.06,102
32899,131,2014,8,0.5296,2.9233,0.7308,92.12,16,1.79,165
32899,132,2014,9,0.1512,2.174,0.7744,100.0,7,0.54,78
32899,133,2014,10,227.4697,3.1808,0.9575,0.0,10,1382.59,13
32899,134,2014,11,590.2983,4.245,0.9031,14.89,26,1380.65,47
32899,136,2014,13,0.9904,2.7229,0.5864,90.7,25,4.78,172
32899,137,2014,14,0.8356,2.4928,0.5437,97.65,24,8.43,340
32899,138,2014,15,0.6422,2.8398,0.563,97.38,33,4.94,344
32899,139,2014,16,0.9793,3.398,0.5961,91.75,52,5.83,412
32899,140,2014,17,0.6889,3.1793,0.5974,91.14,40,7.3,350
32899,141,2014,18,1.0191,2.8175,0.5369,91.45,38,5.76,339
32899,142,2014,19,312.0044,4.129,0.6242,70.3,98,1568.29,367
32899,143,2014,20,1.0944,1.8155,0.5727,0.0,9,1381.51,48
33094,8,2011,41,68.2934,2.6483,0.6128,63.19,20,146.95,1945
33094,9,2011,42,2.3223,1.0918,0.4224,0.0,6,145.15,549
33094,15,2011,48,0.2039,1.956,0.8424,100.0,5,0.74,422
33094,16,2011,49,0.3102,2.4005,0.5107,100.0,26,0.73,2082
33094,17,2011,50,73.5522,1.8596,0.417,67.81,22,242.85,2681
33094,18,2011,51,3.4451,2.0948,0.5362,0.0,15,154.52,2142
33094,19,2011,52,4.2964,3.281,0.747,0.0,21,185.19,2101
33094,20,2012,1,10.8765,3.1156,0.6709,0.0,25,185.62,2573
33094,21,2012,2,4.1276,2.5825,0.588,0.0,21,152.64,2262
33094,22,2012,3,44.1476,2.2928,0.5732,88.32,16,145.85,2585
33094,23,2012,4,0.7424,1.3495,0.3544,97.03,14,5.44,2488
33094,24,2012,5,0.2983,1.1961,0.3232,100.0,13,0.81,2683
33094,25,2012,6,54.8875,2.498,0.578,80.34,20,154.47,2960
33094,26,2012,7,15.564,2.0582,0.5562,90.58,13,145.15,2526
33094,27,2012,8,1.3549,1.3839,0.2944,92.26,26,6.82,2145
33094,28,2012,9,0.5055,1.4545,0.4057,99.04,12,5.12,2617
33094,29,2012,10,65.5708,2.3713,0.4456,66.88,40,147.13,2781
33094,30,2012,11,6.6634,3.3127,0.584,0.0,51,151.19,2998
33094,31,2012,12,3.1499,1.9126,0.4022,90.59,27,54.11,2753
33094,32,2012,13,8.5654,2.2996,0.4096,83.63,49,88.76,2584
33094,33,2012,14,70.6337,2.8406,0.6573,49.32,20,154.51,2409
33094,34,2012,15,44.7205,1.8672,0.5046,85.87,13,149.07,2916
33094,35,2012,16,0.3264,1.237,0.3902,100.0,9,0.74,1796
33094,37,2012,18,1.818,1.2131,0.4044,89.76,8,8.09,293
33094,38,2012,19,66.7177,2.5853,0.679,61.27,14,145.4,315
33094,39,2012,20,24.7683,2.8604,0.7151,0.0,16,268.4,167
33094,40,2012,21,3.5067,2.639,0.5756,0.0,24,147.34,278
33094,41,2012,22,6.2628,3.2205,0.7222,0.0,22,166.11,206
33094,42,2012,23,160.8242,4.4246,0.8558,0.0,36,309.32,242
33094,43,2012,24,184.2815,4.0208,0.7607,0.0,39,320.35,270
33094,44,2012,25,2.6221,0.5665,0.5665,0.0,2,145.87,30
33094,46,2012,27,0.0865,0.9656,0.9656,0.0,2,138.92,23
33094,47,2012,28,0.0,0.0,0.0,0.0,1,138.8,12
33094,49,2012,30,0.0,0.0,0.0,0.0,1,138.8,4
33094,50,2012,31,0.0269,0.5436,0.5436,0.0,2,138.87,8
34250,7,2011,40,0.805,1.1794,0.4201,97.24,7,7.47,978
34250,8,2011,41,60.5963,2.1294,0.6155,77.41,11,149.6,1974
34250,9,2011,42,61.2725,1.8059,0.4622,22.33,15,147.61,1720
34250,10,2011,43,0.2518,2.242,0.5739,98.99,15,1.47,1788
34250,11,2011,44,0.1741,1.3559,0.6779,100.0,4,0.55,665
34250,12,2011,45,0.3989,2.0944,0.6981,87.45,8,1.23,2088
34250,13,2011,46,0.2532,2.359,0.6038,98.15,15,1.54,2057
34250,14,2011,47,67.0532,2.6899,0.6124,29.43,21,147.17,2154
34250,15,2011,48,0.1909,1.6599,0.4798,100.0,11,0.77,2111
34250,16,2011,49,0.2593,3.3405,0.9027,100.0,13,0.62,875
34250,17,2011,50,64.2311,2.2306,0.6715,71.9,10,147.13,2384
34250,18,2011,51,2.4161,1.6696,0.7191,0.0,5,147.61,2172
34250,19,2011,52,5.7623,1.8295,0.7078,0.0,6,147.5,1695
34250,21,2012,2,28.4537,0.9169,0.4585,3.9,4,147.15,975
34250,22,2012,3,0.1562,1.568,0.6753,100.0,5,0.74,541
34250,23,2012,4,0.2009,1.162,0.4139,100.0,7,0.74,2473
34250,24,2012,5,0.2651,1.9923,0.6641,98.0,8,1.2,2648
34250,25,2012,6,63.8089,2.5038,0.7899,59.66,9,147.1,1304
34250,26,2012,7,26.6211,2.5869,0.5986,91.59,20,116.87,2070
34250,30,2012,11,0.0152,0.0,0.0,0.0,1,147.14,7
34250,31,2012,12,0.0072,0.0,0.0,100.0,1,0.17,9
34250,37,2012,18,0.0,0.0,0.0,100.0,1,0.39,3
34250,38,2012,19,0.0,0.0,0.0,100.0,1,0.38,1
34250,39,2012,20,0.5731,0.3228,0.3228,0.0,2,146.91,17
34250,41,2012,22,2.5696,1.2516,0.7897,0.0,3,148.24,6
34250,46,2012,27,0.0,0.0,0.0,0.0,1,147.09,2
34250,47,2012,28,2.5472,1.5567,0.9821,0.0,3,149.43,7
34250,48,2012,29,0.0,0.0,0.0,0.0,1,146.29,2
34250,49,2012,30,8.8455,0.9183,0.9183,0.0,2,347.74,3
34250,50,2012,31,0.5481,1.5,0.9464,0.0,3,147.14,4
34250,52,2012,33,73.9012,2.25,0.969,50.0,5,151.34,8
34250,53,2012,34,0.2366,1.9183,0.9591,100.0,4,0.53,6
34250,54,2012,35,0.1365,0.9183,0.9183,100.0,2,0.41,6
34250,55,2012,36,0.1886,0.9183,0.9183,100.0,2,0.54,3
34250,56,2012,37,0.2783,2.3219,0.8982,100.0,6,0.54,10
34250,58,2012,39,58.4482,1.5,0.9464,50.0,3,116.6,4
34250,59,2012,40,0.2153,0.65,0.65,100.0,2,0.76,6
34250,60,2012,41,0.0813,0.9183,0.9183,100.0,2,0.38,3
34250,61,2012,42,73.5754,0.971,0.971,40.0,2,150.42,5
34250,62,2012,43,0.2815,1.4488,0.9141,100.0,3,0.75,7
34250,63,2012,44,0.1921,1.7527,0.8764,100.0,4,0.75,9
34250,64,2012,45,59.3901,1.5,0.9464,75.0,3,137.14,4
34250,67,2012,48,0.0923,1.5,0.9464,100.0,3,0.42,4
34250,68,2012,49,0.0,0.0,0.0,100.0,1,0.42,1
34250,70,2012,51,0.0043,0.0,0.0,0.0,1,146.98,3
34250,71,2012,52,0.6763,1.8424,0.9212,0.0,4,147.13,7
34250,72,2013,1,0.2425,0.7219,0.7219,0.0,2,146.93,5
34250,73,2013,2,71.4382,0.971,0.971,60.0,2,146.13,5
34250,75,2013,4,0.1458,1.0,1.0,100.0,2,0.44,4
34250,76,2013,5,0.4757,0.9183,0.9183,66.67,2,1.0,3
34250,77,2013,6,0.1869,1.5219,0.9602,100.0,3,0.73,5
34250,78,2013,7,0.2924,0.9183,0.9183,100.0,2,0.74,6
34250,79,2013,8,0.4345,1.5,0.9464,50.0,3,1.0,4
34250,80,2013,9,0.0,0.0,0.0,100.0,1,0.43,5
34250,81,2013,10,0.2512,1.5,0.9464,100.0,3,0.74,4
34250,82,2013,11,0.9221,1.0,1.0,0.0,2,148.32,2
34250,83,2013,12,0.0,0.0,0.0,100.0,1,0.44,3
34250,84,2013,13,0.1217,0.971,0.971,100.0,2,0.43,5
34250,85,2013,14,36.6311,2.2892,0.8856,73.33,6,146.57,15
34250,86,2013,15,0.4275,1.8366,0.9183,77.78,4,1.25,9
34250,87,2013,16,0.063,0.1872,0.1872,100.0,2,0.62,35
34250,88,2013,17,0.0039,0.0,0.0,100.0,1,0.23,3
34250,90,2013,19,69.0204,1.585,1.0,66.67,3,146.55,3
34250,91,2013,20,0.8006,0.9183,0.9183,0.0,2,148.23,3
34250,92,2013,21,0.004,0.0,0.0,0.0,1,146.58,6
34250,93,2013,22,0.8528,1.0,1.0,0.0,2,146.57,4
34250,94,2013,23,824.8901,0.9183,0.9183,0.0,2,1888.47,3
34250,95,2013,24,1.7841,2.067,0.8902,0.0,5,1919.56,14
34250,96,2013,25,2.1964,1.371,0.865,0.0,3,1918.7,5
34250,97,2013,26,0.2208,0.7219,0.7219,0.0,2,1918.77,5
34250,98,2013,27,97.4882,1.5219,0.9602,0.0,3,1918.73,5
34250,99,2013,28,4.1468,1.5613,0.9851,0.0,3,1922.9,8
34250,100,2013,29,1.5097,1.9502,0.9751,0.0,4,1918.64,7
34250,101,2013,30,3.228,2.3459,0.9075,0.0,6,1918.65,13
34250,102,2013,31,1.1296,0.971,0.971,0.0,2,1918.65,5
34250,103,2013,32,2.1855,1.0,1.0,0.0,2,150.31,2
34250,104,2013,33,91.9746,2.1972,0.9463,0.0,5,148.31,9
34250,105,2013,34,42.1704,1.8676,0.8043,9.09,5,148.27,11
34250,106,2013,35,0.3102,1.585,1.0,100.0,3,0.39,3
34853,7,2011,40,787.1955,3.2343,0.6077,95.82,40,12204.17,2155
34853,8,2011,41,50.936,3.7834,0.6306,71.86,64,131.68,2928
34853,9,2011,42,0.4666,2.4031,0.4579,94.9,38,4.77,2723
34853,10,2011,43,1.5131,3.5275,0.6823,82.25,36,11.11,2310
34853,11,2011,44,0.5534,3.624,0.7123,93.44,34,5.0,2883
34853,12,2011,45,30.0533,3.7927,0.7394,90.52,35,1589.19,2795
34853,13,2011,46,0.3369,3.4324,0.6995,97.67,30,1.61,2227
34853,14,2011,47,57.1415,3.1668,0.6392,25.89,31,131.66,2453
34853,15,2011,48,11.5515,2.5172,0.5824,98.58,20,106.43,2607
34853,16,2011,49,0.1576,1.5523,0.3973,100.0,15,0.74,2507
34853,17,2011,50,420.6525,2.8913,0.7401,58.21,15,866.21,2022
34853,18,2011,51,5.2325,1.3449,0.2896,0.0,25,883.66,2809
34853,19,2011,52,3.1083,1.3175,0.2659,0.0,31,876.09,2937
34853,20,2012,1,238.8002,3.3749,0.5737,0.0,59,1385.48,2504
34853,21,2012,2,583.6029,3.7563,0.7058,7.25,40,1362.97,1559
34853,22,2012,3,0.6974,3.5903,0.7,98.2,35,6.16,2383
34853,23,2012,4,0.253,2.7954,0.6097,99.96,24,0.98,2709
34853,24,2012,5,0.7856,2.8922,0.5594,97.8,36,5.44,2413
34853,25,2012,6,1.1057,2.9721,0.64,98.71,25,11.1,2721
34853,26,2012,7,0.2303,2.4309,0.7027,100.0,11,0.74,535
34853,27,2012,8,0.2599,2.3684,0.622,100.0,14,0.74,1153
34853,28,2012,9,1.9386,1.1747,0.3536,95.32,10,11.2,876
34853,29,2012,10,54.0934,3.6074,0.7426,72.61,29,125.21,1760
34853,30,2012,11,57.9998,3.126,0.6574,60.05,27,132.45,1467
34853,31,2012,12,703.9958,3.0381,0.6076,89.27,32,12107.56,2358
34853,32,2012,13,0.9336,3.4458,0.6718,92.26,35,8.22,2105
34853,33,2012,14,0.4166,2.3065,0.5031,97.83,24,4.09,2305
34853,34,2012,15,8.6696,2.272,0.4162,94.16,44,70.37,2655
34853,35,2012,16,1528.6369,2.6085,0.5369,96.51,29,12107.56,2407
34853,36,2012,17,3.4521,2.3484,0.4786,97.27,30,160.88,2420
34853,37,2012,18,1.2538,3.3999,0.6526,94.82,37,11.1,309
34853,38,2012,19,4.0103,3.7604,0.7066,69.9,40,11.15,196
34853,39,2012,20,4.3769,3.513,0.6474,12.98,43,11.19,339
34853,40,2012,21,56.5657,4.8627,0.7692,16.9,80,132.67,426
34853,41,2012,22,1154.5724,4.9019,0.7846,14.86,76,2900.26,323
34853,42,2012,23,9.2428,4.9888,0.7847,0.0,82,2921.25,398
34853,43,2012,24,15.4916,4.7035,0.7674,0.0,70,2937.92,334
34853,44,2012,25,5.8458,4.5166,0.771,0.0,58,2912.01,312
34853,45,2012,26,1370.0075,4.759,0.827,28.68,54,2903.44,265
34853,46,2012,27,138.3209,4.4014,0.8581,13.97,35,313.47,179
34853,47,2012,28,5.3533,4.1428,0.8143,33.6,34,11.14,125
34853,48,2012,29,4.9753,3.995,0.7043,21.41,51,11.2,313
34853,49,2012,30,8.8562,4.3362,0.7254,18.12,63,37.23,309
34853,50,2012,31,5.2059,4.2065,0.7492,14.2,49,11.15,324
34853,51,2012,32,4.864,3.734,0.697,16.44,41,11.12,219
34853,52,2012,33,5.1518,4.2395,0.8265,55.48,35,11.12,155
34853,53,2012,34,2.7406,4.0613,0.6963,76.54,57,11.12,341
34853,54,2012,35,1.7391,4.0389,0.8153,60.77,31,10.55,181
34853,55,2012,36,0.6539,3.0278,0.6604,87.77,24,3.54,278
34853,56,2012,37,38.3211,4.0189,0.7121,89.14,50,214.74,267
34853,57,2012,38,5.1257,3.2792,0.7587,59.76,20,21.22,82
34853,58,2012,39,3.8982,3.9221,0.6985,77.94,49,20.3,340
34853,59,2012,40,21.449,2.64,0.5616,86.04,26,115.62,308
34853,60,2012,41,2.169,2.9457,0.584,88.54,33,10.58,349
34853,61,2012,42,4.3715,2.7767,0.5716,21.62,29,19.0,458
34853,62,2012,43,1.3983,2.6975,0.5809,92.65,25,10.59,272
34853,63,2012,44,1.5836,2.376,0.5055,93.1,26,10.79,319
34853,64,2012,45,1.1417,2.4302,0.4905,92.95,31,10.79,369
34853,65,2012,46,1.8414,2.1758,0.5034,92.95,20,10.61,227
34853,66,2012,47,2.7553,2.4127,0.4967,83.95,29,10.62,324
34853,67,2012,48,0.5745,2.0905,0.4837,94.58,20,2.24,369
34853,68,2012,49,3.6918,3.2038,0.6738,62.42,27,10.6,306
34853,69,2012,50,375.3397,3.2699,0.6957,67.65,26,866.15,272
34853,70,2012,51,36.954,2.9007,0.5017,0.0,55,1099.86,393
34853,71,2012,52,2.1114,2.8486,0.6297,0.0,23,876.0,402
34853,72,2013,1,2.7584,2.5146,0.5559,0.0,23,870.15,489
34853,73,2013,2,73.2914,2.7341,0.6225,0.0,21,881.65,215
34853,74,2013,3,12.4152,3.192,0.6874,71.48,25,102.42,277
34853,75,2013,4,1.601,2.7472,0.5446,91.27,33,10.65,378
34853,76,2013,5,0.3641,2.0547,0.6185,96.15,10,1.58,52
34853,77,2013,6,0.2287,1.715,0.7386,100.0,5,0.73,77
34853,78,2013,7,0.7344,2.4268,0.6769,90.61,12,2.43,245
34853,79,2013,8,4.3889,2.932,0.7173,89.58,17,18.99,144
34853,80,2013,9,59.5065,2.806,0.8111,35.97,11,125.19,139
34853,81,2013,10,344.804,3.0661,0.7218,80.71,19,910.71,311
34853,82,2013,11,371.488,2.789,0.8396,16.76,10,910.48,185
34853,83,2013,12,0.8563,2.0507,0.5542,96.28,13,4.4,269
34853,84,2013,13,0.3112,2.462,0.6023,99.62,17,2.73,266
34853,89,2013,18,0.0056,0.0,0.0,100.0,1,0.88,42
34853,90,2013,19,0.5958,0.9427,0.9427,100.0,2,0.89,25
35227,7,2011,40,4.7511,3.1749,0.6294,96.95,33,215.27,2095
35227,8,2011,41,13.4542,4.1706,0.6473,81.53,87,116.72,2961
35227,9,2011,42,1.2762,2.3474,0.5344,85.53,21,5.65,871
35227,10,2011,43,0.2073,1.5219,0.9602,100.0,3,0.42,5
35227,11,2011,44,0.7813,2.4521,0.7736,88.06,9,2.49,787
35227,12,2011,45,45.9596,3.3419,0.5591,78.0,63,129.47,2764
35227,13,2011,46,267.4889,3.0654,0.4634,77.7,98,1537.78,2543
35227,14,2011,47,1089.5963,1.2958,0.6479,17.77,4,2823.75,349
35227,15,2011,48,18.1865,3.0253,0.5997,78.42,33,141.83,1738
35227,16,2011,49,0.7797,1.7239,0.4659,93.84,13,5.1,2190
35227,17,2011,50,1498.2936,2.9881,0.5577,41.71,41,3104.42,2321
35227,18,2011,51,6.1142,2.8366,0.4952,0.0,53,3005.16,2244
35227,19,2011,52,3.6177,1.4549,0.3425,0.0,19,3003.34,2302
35227,20,2012,1,0.9789,0.9241,0.2782,0.0,10,3004.0,2803
35227,21,2012,2,1112.4787,2.2439,0.4086,1.2,45,3104.59,2339
35227,22,2012,3,0.8172,1.9692,0.4818,92.51,17,5.07,2550
35227,23,2012,4,23.1094,2.5077,0.4566,88.94,45,84.19,2713
35227,24,2012,5,0.226,1.5086,0.3962,99.38,14,1.13,2566
35227,25,2012,6,0.8876,1.6634,0.4258,93.61,15,5.72,2425
35227,26,2012,7,21.4468,1.932,0.483,94.41,16,115.66,2556
35227,27,2012,8,42.0659,2.7218,0.5265,83.48,36,128.01,2107
35227,28,2012,9,0.6152,1.4175,0.5484,96.77,6,3.85,1518
35227,29,2012,10,1.5166,2.7457,0.7937,75.52,11,3.85,1295
35227,37,2012,18,0.3255,2.0146,0.7793,100.0,6,0.74,64
35227,38,2012,19,1.0736,2.282,0.5583,91.69,17,5.99,325
35227,39,2012,20,4.3926,2.7695,0.559,0.0,31,3003.63,342
35227,40,2012,21,12.1087,2.1368,0.4015,0.0,40,3003.61,343
35227,41,2012,22,32.8973,3.1897,0.5775,0.0,46,3105.27,351
35227,42,2012,23,216.8264,5.5116,0.7604,0.0,152,3105.01,405
35227,43,2012,24,1053.6368,2.4235,0.4363,0.0,47,2995.53,237
35227,44,2012,25,1.6745,3.0742,0.6395,37.66,28,9.28,316
35227,45,2012,26,42.4324,4.2643,0.7635,21.84,48,125.56,174
35227,46,2012,27,2.2454,2.5025,0.7533,21.15,10,7.34,52
35227,59,2012,40,1.4262,3.5532,0.8221,93.6,20,5.94,406
35227,60,2012,41,0.2254,2.3777,0.6873,100.0,11,0.74,153
35227,61,2012,42,0.6649,2.875,0.7187,96.79,16,3.54,436
35227,62,2012,43,0.5898,3.447,0.6894,97.87,32,5.06,375
35227,63,2012,44,0.3672,3.0123,0.6266,98.26,28,2.72,632
35227,64,2012,45,1027.6459,3.3926,0.7608,97.06,22,8947.02,374
35227,65,2012,46,923.0544,3.2305,0.6584,91.73,30,12601.99,568
35227,66,2012,47,1.4954,2.9947,0.6045,91.97,31,5.91,523
35227,67,2012,48,0.7385,3.0199,0.6587,95.51,24,5.72,512
35227,68,2012,49,0.2849,2.8763,0.6898,99.73,18,1.45,377
35227,69,2012,50,978.2346,2.4192,0.5919,85.25,17,3003.6,339
35227,70,2012,51,2.0346,2.7716,0.6929,0.0,16,3003.62,164
35227,71,2012,52,1.6349,2.2585,0.8737,0.0,6,2995.49,18
35227,72,2013,1,1.6525,2.9515,0.7752,0.0,14,2995.49,91
35227,73,2013,2,1.5197,1.8352,0.9176,0.0,4,2995.45,14
35227,90,2013,19,0.3016,3.3845,0.7382,99.51,24,1.08,204
35227,91,2013,20,1.3279,2.343,0.7053,91.3,10,4.69,46
35227,92,2013,21,20.7094,3.0995,0.896,0.0,11,3078.01,24
35227,93,2013,22,4.7692,2.492,0.8307,0.0,8,3004.29,22
35227,94,2013,23,0.1734,0.5033,0.5033,0.0,2,122.89,9
35227,95,2013,24,0.1913,0.8113,0.8113,0.0,2,122.89,4
35227,97,2013,26,0.554,1.5305,0.9656,0.0,3,122.91,9
35227,98,2013,27,0.7604,1.8388,0.7113,0.0,6,123.25,20
35227,99,2013,28,2.2363,1.7004,0.7323,0.0,5,123.25,13
35227,100,2013,29,1.1006,2.6683,0.8417,0.0,9,123.95,27
35227,101,2013,30,0.293,0.9142,0.4571,0.0,4,123.58,18
35227,103,2013,32,33.6787,2.1997,0.9474,0.0,5,3105.27,13
35227,104,2013,33,4.8767,2.0404,0.8787,0.0,5,3003.7,11
35227,105,2013,34,1233.313,4.6062,0.9582,11.48,28,3086.5,61
35227,106,2013,35,0.4412,3.4408,0.9298,100.0,13,0.8,28
35227,107,2013,36,58.5057,2.8226,0.8159,67.5,11,135.61,40
35227,108,2013,37,1.9006,2.379,0.8474,73.68,7,5.79,19
35227,111,2013,40,0.0022,0.0,0.0,0.0,1,1.4,2
35227,140,2014,17,0.0,0.0,0.0,100.0,1,0.14,1
35227,147,2014,24,0.0,0.0,0.0,0.0,1,1.66,1
35227,181,2015,6,0.693,1.0,1.0,50.0,2,1.69,2
35227,182,2015,7,0.8449,1.0,1.0,50.0,2,1.69,2
35227,183,2015,8,0.0,0.0,0.0,100.0,1,0.12,1
35227,185,2015,10,0.0,0.0,0.0,100.0,1,0.12,1
35227,186,2015,11,0.0001,0.0,0.0,0.0,1,1.66,2
35227,187,2015,12,0.7941,1.0,1.0,50.0,2,1.69,2
36006,7,2011,40,0.3403,2.3038,0.6659,100.0,11,0.76,1214
36006,8,2011,41,98.6459,2.6925,0.5542,66.57,29,226.42,1319
36006,9,2011,42,405.3954,2.1293,0.5754,25.49,13,2446.06,1016
36006,10,2011,43,0.3906,1.6373,0.4929,97.86,10,0.91,1263
36006,11,2011,44,0.2653,1.8399,0.4972,100.0,13,0.77,1567
36006,12,2011,45,0.2155,1.147,0.3316,100.0,11,0.77,1518
36006,13,2011,46,0.3518,2.5236,0.682,100.0,13,0.77,1596
36006,14,2011,47,103.1309,2.2204,0.4909,47.36,23,220.19,1193
36006,15,2011,48,0.2792,2.228,0.4859,100.0,24,0.81,1333
36006,16,2011,49,0.2212,1.8407,0.3916,100.0,26,0.77,1294
36006,17,2011,50,93.662,3.4148,0.5735,68.3,62,215.94,1268
36006,18,2011,51,8.2995,1.9771,0.3795,0.0,37,242.76,1086
36006,19,2011,52,19.6889,2.3568,0.4559,0.0,36,284.11,879
36006,20,2012,1,37.6831,3.3242,0.552,0.0,65,1240.54,976
36006,21,2012,2,56.4852,2.4309,0.4285,5.28,51,219.95,966
36006,22,2012,3,0.2452,2.0605,0.3955,95.12,37,1.16,1641
36006,23,2012,4,0.273,2.2117,0.4423,96.07,32,1.16,1246
36006,24,2012,5,0.2243,1.9656,0.5682,100.0,11,0.74,237
36006,25,2012,6,0.133,0.65,0.65,100.0,2,0.73,6
36006,26,2012,7,1.367,2.473,0.5394,68.57,24,3.29,1171
36006,27,2012,8,0.1657,1.1165,0.2677,97.98,18,0.9,1190
36006,28,2012,9,0.1054,0.6789,0.1894,100.0,12,0.74,535
36006,29,2012,10,91.4272,3.5983,0.5286,74.03,112,242.69,1848
36006,30,2012,11,60.9194,2.4347,0.383,0.45,82,393.19,1566
36006,31,2012,12,0.667,2.5868,0.4767,97.56,43,5.17,1642
36006,32,2012,13,0.2752,2.3148,0.438,99.73,39,1.14,1862
36006,33,2012,14,122.1415,3.8912,0.5784,64.63,106,383.78,1575
36006,34,2012,15,29.3105,2.9315,0.4637,94.57,80,212.37,1639
36006,35,2012,16,0.3403,2.9388,0.5641,98.91,37,1.68,1652
36006,36,2012,17,0.3197,2.9932,0.5331,99.17,49,1.58,1938
36006,37,2012,18,0.2048,1.9016,0.4147,98.21,24,1.68,448
36006,38,2012,19,131.4896,5.3235,0.7791,46.51,114,1030.56,344
36006,39,2012,20,25.7545,3.6834,0.6631,0.0,47,243.24,301
36006,40,2012,21,40.9786,4.3677,0.6889,0.0,81,332.11,328
36006,41,2012,22,45.4743,5.5848,0.7757,0.0,147,352.62,483
36006,42,2012,23,21.9397,4.8908,0.7361,0.0,100,243.0,389
36006,43,2012,24,25.3247,5.276,0.7562,0.0,126,243.15,421
36006,44,2012,25,1.7915,3.0051,0.5352,0.0,49,216.05,275
36006,45,2012,26,5.0618,3.3544,0.6144,0.0,44,216.24,294
36006,46,2012,27,72.8239,5.3861,0.7812,0.0,119,323.43,361
36006,47,2012,28,120.4833,4.2082,0.6756,0.0,75,498.42,354
36006,48,2012,29,80.8882,4.1049,0.6493,0.0,80,499.7,429
36006,49,2012,30,34.8169,3.3749,0.622,0.0,43,291.32,340
36006,50,2012,31,24.2038,5.5897,0.8469,0.0,97,226.06,523
36006,51,2012,32,22.3846,5.1542,0.8107,0.0,82,226.06,330
36006,52,2012,33,80.9044,5.5256,0.8512,10.33,90,216.08,329
36006,53,2012,34,0.3004,2.9422,0.6336,97.05,25,1.03,237
36006,54,2012,35,0.34,2.9513,0.6279,97.61,26,3.09,209
36006,55,2012,36,0.2715,3.1558,0.6714,99.52,26,1.35,208
36006,56,2012,37,71.5615,4.064,0.6545,73.21,74,213.82,265
36006,57,2012,38,0.2932,3.094,0.6369,99.28,29,1.03,138
36006,58,2012,39,0.1861,1.8326,0.5112,100.0,12,0.73,139
36006,59,2012,40,0.2467,2.3565,0.5013,99.59,26,1.03,245
36006,60,2012,41,104.601,5.5946,0.8005,51.25,127,224.96,521
36006,61,2012,42,100.287,5.4861,0.7776,7.71,133,244.04,454
36006,62,2012,43,0.2862,3.1745,0.6094,99.69,37,0.95,326
36006,63,2012,44,0.2375,2.7442,0.6067,100.0,23,0.75,234
36006,64,2012,45,0.2988,3.554,0.7108,100.0,32,0.75,265
36006,65,2012,46,0.5853,3.9344,0.7123,95.21,46,3.17,459
36006,66,2012,47,89.5519,4.8189,0.6712,19.06,145,218.69,745
36006,67,2012,48,0.2638,3.3474,0.689,99.75,29,1.03,393
36006,68,2012,49,0.5808,3.2767,0.6553,96.76,32,4.39,278
36006,69,2012,50,103.1564,4.6757,0.715,44.47,93,213.84,515
36006,70,2012,51,1.5819,2.9959,0.5364,0.0,48,215.97,616
36006,71,2012,52,2.9792,2.6003,0.4992,0.0,37,212.91,492
36006,72,2013,1,55.893,3.306,0.5105,0.0,89,323.43,707
36006,73,2013,2,47.9283,4.0866,0.5867,2.12,125,226.55,755
36006,74,2013,3,1.6018,3.9851,0.6667,75.11,63,5.05,462
36006,75,2013,4,18.7348,4.2738,0.7327,81.69,57,55.17,355
36006,76,2013,5,27.1503,3.8658,0.7169,98.91,42,301.4,366
36006,77,2013,6,97.734,5.1135,0.7305,53.09,128,213.77,631
36006,78,2013,7,0.4279,3.3347,0.645,94.83,36,3.11,271
36006,79,2013,8,615.9176,3.1186,0.6635,99.19,26,6850.41,246
36006,80,2013,9,0.3158,3.3646,0.6729,97.18,32,1.49,319
36006,81,2013,10,77.4931,4.1847,0.776,78.69,42,211.54,305
36006,82,2013,11,47.1917,2.7945,0.554,4.79,33,242.71,355
36006,83,2013,12,0.2483,2.9271,0.5753,100.0,34,0.8,430
36006,84,2013,13,44.006,3.5828,0.6779,89.64,39,211.47,222
36006,85,2013,14,71.2765,3.5371,0.6953,89.53,34,269.59,191
36006,86,2013,15,1.164,3.3167,0.632,94.94,38,6.84,435
36006,87,2013,16,0.2415,3.2963,0.6479,100.0,34,1.02,417
36006,88,2013,17,0.2581,3.0653,0.6521,100.0,26,0.77,244
36006,89,2013,18,0.2309,1.9136,0.8241,100.0,5,0.68,21
36006,90,2013,19,105.9794,2.4815,0.8839,48.0,7,213.26,25
36006,91,2013,20,104.7296,2.6473,0.8824,31.43,8,213.35,35
36006,92,2013,21,0.9274,1.967,0.7609,0.0,6,212.49,27
36006,93,2013,22,0.8811,2.1804,0.8435,0.0,6,213.32,22
36006,94,2013,23,0.9447,2.3129,0.8948,0.0,6,213.3,24
36006,95,2013,24,236.9432,2.0636,0.8887,0.0,5,656.57,17
36006,96,2013,25,456.2853,3.2388,0.9362,0.0,11,1103.35,33
36006,97,2013,26,0.4948,1.2587,0.7941,0.0,3,211.65,32
36006,98,2013,27,52.2111,2.6087,0.8696,0.0,8,330.64,28
36006,99,2013,28,8.5464,2.3304,0.8301,0.0,7,236.23,31
36006,100,2013,29,0.916,1.1488,0.7248,0.0,3,213.04,7
36006,101,2013,30,8.9528,1.9685,0.6562,0.0,8,255.06,74
36006,102,2013,31,0.5812,2.033,0.7242,0.0,7,212.17,40
36006,103,2013,32,22.4721,2.8164,0.8478,0.0,10,284.12,34
36006,104,2013,33,0.5919,1.7546,0.6788,0.0,6,212.44,30
36006,105,2013,34,13.3306,1.3033,0.5613,0.0,5,211.64,27
36006,106,2013,35,0.3813,3.8366,0.8368,87.39,24,1.29,111
36006,107,2013,36,0.4217,3.643,0.7845,87.98,25,1.3,183
36006,108,2013,37,0.3275,3.7402,0.7127,96.17,38,1.24,209
36006,109,2013,38,0.4667,3.8773,0.7755,77.84,32,1.31,167
36006,110,2013,39,2.0377,4.4294,0.7889,72.69,49,14.61,260
36006,111,2013,40,0.4855,4.0441,0.7651,80.72,39,1.29,223
36006,112,2013,41,104.0147,4.9188,0.8855,30.0,47,234.39,100
36006,113,2013,42,70.6146,4.3601,0.8086,76.3,42,213.57,211
36006,114,2013,43,197.5486,4.9851,0.7885,1.6,80,308.85,187
36006,115,2013,44,0.4894,3.9204,0.7417,86.59,39,2.35,276
36006,116,2013,45,2.1842,4.9516,0.8729,48.39,51,8.46,124
36006,117,2013,46,0.2917,3.5779,0.7222,96.91,31,1.28,162
36006,118,2013,47,0.3425,4.1893,0.8167,95.77,35,2.72,142
36006,119,2013,48,126.5684,6.2312,0.9379,28.26,100,383.23,138
36006,120,2013,49,0.374,3.9512,0.8133,92.24,29,1.51,116
36006,121,2013,50,0.3378,3.7771,0.8238,95.6,24,1.31,91
36006,122,2013,51,80.4919,4.2132,0.7672,58.51,45,211.31,94
36006,123,2013,52,25.8124,4.0693,0.6474,0.0,78,299.65,233
36006,124,2014,1,48.1,4.8912,0.7927,0.0,72,305.45,149
36006,125,2014,2,83.1119,5.4327,0.8988,1.72,66,276.36,116
36006,126,2014,3,0.2534,3.0227,0.7116,98.85,19,1.39,87
36006,127,2014,4,0.3213,3.5991,0.7265,94.24,31,1.54,139
36006,128,2014,5,73.0991,5.2869,0.8387,58.28,79,215.64,151
36006,129,2014,6,0.2609,3.3635,0.7542,98.94,22,1.55,94
36006,130,2014,7,15.6939,4.5863,0.8871,68.92,36,47.77,74
36006,131,2014,8,0.3233,3.8005,0.7191,91.76,39,1.26,170
36006,132,2014,9,0.3965,3.9593,0.7992,92.78,31,1.53,97
36006,133,2014,10,96.9293,5.9081,0.844,46.83,128,243.56,284
36006,134,2014,11,64.755,5.7508,0.8996,2.8,84,242.0,143
36006,135,2014,12,0.2994,3.9198,0.7912,95.1,31,1.35,143
36006,136,2014,13,0.3214,3.9933,0.7916,96.97,33,1.36,132
36006,137,2014,14,0.7027,3.7181,0.7819,92.48,27,7.3,133
36006,138,2014,15,0.294,4.4155,0.8753,98.08,33,1.36,104
36006,139,2014,16,75.3761,5.2225,0.8878,71.67,59,215.74,120
36006,140,2014,17,63.4304,4.7335,0.8115,80.0,57,215.74,170
36006,141,2014,18,105.9376,5.3061,0.8323,37.08,83,225.56,267
36006,142,2014,19,104.5211,5.5134,0.7827,60.61,132,300.58,396
36006,143,2014,20,10.5485,2.6865,0.5785,0.0,25,273.17,96
36006,148,2014,25,0.0,0.0,0.0,0.0,1,125.6,1
36006,149,2014,26,0.0,0.0,0.0,0.0,1,789.58,1
36006,150,2014,27,0.0,0.0,0.0,0.0,1,789.59,1
36006,157,2014,34,0.0,0.0,0.0,0.0,1,211.31,1
36006,158,2014,35,0.0,0.0,0.0,0.0,1,213.15,1
36006,187,2015,12,0.0122,1.0,1.0,100.0,2,0.53,2
36006,189,2015,14,0.0037,1.0,1.0,0.0,2,211.32,2
36006,191,2015,16,0.0,0.0,0.0,100.0,1,0.5,1
36143,7,2011,40,0.4465,1.9215,0.5784,99.23,10,4.27,646
36143,8,2011,41,42.7771,1.888,0.4444,77.11,19,118.66,2425
36143,9,2011,42,22.6607,1.9794,0.4074,81.03,29,119.9,2652
36143,10,2011,43,0.0325,0.1654,0.0827,100.0,4,0.46,2789
36143,11,2011,44,0.096,0.8123,0.3498,99.91,5,0.91,2196
36143,12,2011,45,0.4318,1.5679,0.357,98.5,21,5.21,2529
36143,13,2011,46,208.687,2.5975,0.5106,88.49,34,1204.88,2199
36143,14,2011,47,48.5543,1.7774,0.3438,0.0,36,1232.47,2328
36143,15,2011,48,19.303,1.3896,0.365,79.22,14,125.2,2291
36143,16,2011,49,0.3002,0.3288,0.1272,98.59,6,2.13,2474
36143,17,2011,50,444.3264,2.1144,0.4309,79.21,30,1223.49,2540
36143,18,2011,51,1.6781,1.2319,0.3014,0.0,17,1223.57,2642
36143,19,2011,52,103.01,3.3353,0.5406,0.0,72,1255.59,1769
36143,20,2012,1,11.6567,2.446,0.5758,0.0,19,1248.03,1965
36143,21,2012,2,8.4912,1.4953,0.3404,0.0,21,1233.69,1053
36143,22,2012,3,16.3729,1.8724,0.4408,96.78,19,125.31,2640
36143,23,2012,4,0.1305,1.513,0.4773,100.0,9,0.74,2239
36143,24,2012,5,4.9837,1.6939,0.3919,90.8,20,41.29,2207
36143,25,2012,6,0.135,1.4042,0.3688,100.0,14,0.74,2908
36143,26,2012,7,0.3742,2.403,0.5879,95.49,17,6.32,2284
36143,27,2012,8,0.2662,0.9626,0.3429,98.49,7,2.23,1916
36143,28,2012,9,0.2397,1.4664,0.5673,98.94,6,1.56,2081
36143,29,2012,10,0.8249,1.3658,0.3948,96.82,11,5.25,2610
36143,30,2012,11,53.741,1.7893,0.3722,80.42,28,277.0,2130
36143,31,2012,12,0.776,1.4426,0.4551,95.89,9,5.52,2777
36143,32,2012,13,1.2472,1.4217,0.4739,94.86,8,8.22,1908
36143,33,2012,14,0.4935,1.1471,0.3316,94.79,11,2.96,2746
36143,34,2012,15,0.3181,1.3754,0.4339,98.79,9,2.94,2572
36143,35,2012,16,0.2851,2.4628,0.7769,96.65,9,1.26,1702
36143,36,2012,17,0.4154,1.3493,0.522,78.74,6,1.58,1938
36143,37,2012,18,0.1174,0.4077,0.1452,100.0,7,0.74,487
36143,38,2012,19,251.3862,3.7719,0.6617,72.57,52,1227.07,226
36143,39,2012,20,4.6441,3.451,0.6783,0.0,34,1233.8,191
36143,40,2012,21,3.0892,3.1757,0.6296,0.0,33,1233.8,201
36143,41,2012,22,9.2446,4.0699,0.7072,0.0,54,1235.4,265
36143,42,2012,23,8.0351,3.6654,0.7205,0.0,34,1233.81,168
36143,43,2012,24,21.1708,5.6225,0.8972,0.0,77,1274.06,169
36143,44,2012,25,1.7509,4.2463,0.8278,0.0,35,1227.77,104
36143,45,2012,26,37.1632,4.8103,0.7723,0.0,75,1254.92,283
36143,46,2012,27,3.27,2.9344,0.6681,0.0,21,1233.8,127
36143,47,2012,28,10.6081,4.1529,0.8383,0.0,31,1223.68,102
36143,48,2012,29,10.4415,3.6481,0.7672,0.0,27,1233.8,138
36143,49,2012,30,25.7431,3.8991,0.8743,0.0,22,1233.79,70
36143,50,2012,31,6.0914,3.4437,0.7326,0.0,26,1233.89,146
36143,51,2012,32,13.4734,3.4056,0.8017,0.0,19,1223.77,76
36143,60,2012,41,0.2543,2.5552,0.8061,100.0,9,0.74,31
36143,61,2012,42,32.5255,1.9837,0.6612,84.21,8,90.65,19
36143,62,2012,43,0.1083,1.2957,0.8175,100.0,3,0.74,13
36143,63,2012,44,0.0486,1.6858,0.8429,100.0,4,0.43,11
36143,64,2012,45,0.0964,2.0741,0.8024,100.0,6,0.74,19
36143,65,2012,46,0.1787,2.2464,0.9675,100.0,5,0.74,10
36143,66,2012,47,1835.1948,2.5567,0.989,14.29,6,2917.13,14
36143,67,2012,48,0.163,2.1184,0.7546,100.0,7,0.74,58
36143,68,2012,49,0.2648,3.1398,0.8758,100.0,12,0.71,40
36143,69,2012,50,158.7629,2.2202,0.6418,91.53,11,1221.22,59
36143,70,2012,51,2.8103,1.983,0.7671,0.0,6,1223.48,36
36143,71,2012,52,3.6292,1.765,0.6828,0.0,6,1234.13,35
36143,72,2013,1,0.0,0.0,0.0,0.0,1,1220.94,7
36143,73,2013,2,299.7472,2.2925,0.9873,0.0,5,1220.96,12
36143,74,2013,3,0.0,0.0,0.0,100.0,1,0.39,1
36143,75,2013,4,0.1566,2.5282,0.9006,100.0,7,0.44,20
36143,76,2013,5,0.1142,1.6692,0.8346,100.0,4,0.73,13
36143,77,2013,6,0.1506,1.6855,0.8427,100.0,4,0.69,10
36143,78,2013,7,0.1873,2.3829,0.9218,100.0,6,0.74,16
36143,79,2013,8,0.3028,2.7345,0.9115,100.0,8,0.6,28
36143,80,2013,9,0.1367,2.2786,0.8116,100.0,7,0.51,27
36143,81,2013,10,0.2272,2.4817,0.9601,100.0,6,0.74,11
36951,7,2011,40,0.7694,1.1452,0.5726,52.96,4,2.06,793
36951,8,2011,41,363.2639,3.3237,0.7249,55.07,24,836.59,2101
36951,9,2011,42,349.3749,2.9577,0.597,24.07,31,848.4,1886
36951,10,2011,43,0.5671,2.3408,0.653,88.98,12,1.82,2150
36951,11,2011,44,0.1996,1.7726,0.7634,100.0,5,0.63,1724
36951,12,2011,45,0.2818,0.9763,0.9763,100.0,2,0.6,542
36951,13,2011,46,25.4689,2.4922,0.7204,70.91,11,115.88,825
36951,14,2011,47,395.7337,3.6571,0.8326,34.59,21,836.97,1301
36951,15,2011,48,0.1073,1.4776,0.7388,100.0,4,0.65,500
36951,16,2011,49,1.0664,1.3969,0.4656,97.33,8,6.27,1049
36951,17,2011,50,361.1809,2.5439,0.8025,75.0,9,837.42,520
36951,18,2011,51,3.8258,2.3701,0.6067,0.0,15,838.57,1489
36951,19,2011,52,6.4534,3.1359,0.8027,0.0,15,857.71,660
36951,20,2012,1,7.2344,2.6598,0.6378,0.0,18,897.3,2034
36951,21,2012,2,154.6341,3.0787,0.7123,0.0,20,887.69,1801
36951,22,2012,3,47.3913,1.6907,0.398,92.46,19,300.86,2043
36951,23,2012,4,0.1859,2.1857,0.7286,100.0,8,0.74,1589
36951,24,2012,5,0.1525,2.0009,0.5784,100.0,11,0.74,2334
36951,25,2012,6,0.9604,2.2732,0.5175,83.64,21,5.11,2305
36951,26,2012,7,0.923,2.3667,0.5917,82.94,16,5.71,2052
36951,27,2012,8,0.1212,2.0062,0.6329,100.0,9,0.74,2235
36951,28,2012,9,0.1046,1.6117,0.6941,100.0,5,0.66,430
36951,29,2012,10,280.7492,3.1768,0.6758,80.86,26,838.13,2032
36951,30,2012,11,239.4236,3.4866,0.6973,4.3,32,1065.96,2281
36951,31,2012,12,0.753,1.9229,0.6066,87.79,9,2.47,2023
36951,32,2012,13,0.5976,2.3782,0.6634,81.16,12,2.94,2192
36951,34,2012,15,0.2082,1.8349,0.6116,100.0,8,0.73,736
36951,35,2012,16,2926.8267,2.6742,0.5997,87.19,22,12107.56,2006
36951,36,2012,17,0.276,2.8957,0.7825,92.81,13,0.99,2113
36951,37,2012,18,0.1857,2.7045,0.7818,100.0,11,0.74,1883
36951,38,2012,19,131.2836,2.1332,0.4229,95.65,33,838.43,644
36951,39,2012,20,5.8647,4.4239,0.8492,0.0,37,849.4,100
36951,40,2012,21,14.3703,3.6144,0.6224,0.0,56,1033.26,283
36951,41,2012,22,7.6328,4.0934,0.7454,0.0,45,851.5,247
36951,42,2012,23,9.2074,4.0002,0.7568,0.0,39,849.8,162
36951,43,2012,24,6.7417,3.3624,0.6787,0.0,31,849.69,172
36951,44,2012,25,6.9916,4.7299,0.7666,0.0,72,852.34,224
36951,45,2012,26,91.6864,4.5173,0.8225,0.0,45,1037.18,158
36951,46,2012,27,5.399,3.571,0.7208,0.0,31,847.9,119
36951,47,2012,28,7.179,3.9083,0.7447,0.0,38,850.55,157
36951,48,2012,29,382.1072,3.8743,0.7553,0.0,35,847.45,147
36951,49,2012,30,464.7997,5.0257,0.8508,0.0,60,846.89,220
36951,50,2012,31,144.4943,5.4075,0.8371,0.0,88,1071.2,304
36951,51,2012,32,5.3411,3.939,0.8108,0.0,29,848.32,121
36951,52,2012,33,310.0496,5.337,0.9556,12.9,48,842.81,62
36951,53,2012,34,0.503,2.8875,0.6574,87.96,21,2.77,108
36951,54,2012,35,0.3905,2.7729,0.6528,90.91,19,1.78,77
36951,55,2012,36,0.2963,2.602,0.6834,100.0,14,0.86,54
36951,56,2012,37,66.5023,3.4605,0.7198,80.43,28,185.02,92
36951,57,2012,38,11.2656,2.6456,0.6949,81.13,14,82.87,53
36951,58,2012,39,0.7074,2.4394,0.5644,96.69,20,4.45,151
36951,59,2012,40,0.7268,3.1193,0.7481,82.89,18,2.94,76
36951,60,2012,41,0.4126,3.2442,0.6138,96.61,39,4.33,236
36951,61,2012,42,90.3118,4.2462,0.8091,62.39,38,446.63,117
36951,62,2012,43,0.2179,2.6325,0.7343,100.0,12,0.75,68
36951,63,2012,44,11.0881,3.4154,0.6606,91.39,36,160.88,209
36951,64,2012,45,27.3438,3.5246,0.6623,89.59,40,118.17,269
36951,65,2012,46,94.5888,4.6638,0.7716,66.54,66,379.02,266
36951,66,2012,47,391.0608,4.2566,0.6733,28.93,80,840.45,394
36951,67,2012,48,0.2729,3.1217,0.6565,100.0,27,0.9,197
36951,68,2012,49,0.2963,2.9105,0.6734,99.28,20,1.92,139
36951,69,2012,50,1260.6791,4.6986,0.7692,63.4,69,13252.05,235
36951,70,2012,51,14.439,4.158,0.6635,0.0,77,888.19,486
36951,71,2012,52,9.8012,2.9784,0.5717,0.0,37,888.66,338
36951,72,2013,1,8.8359,3.7097,0.6417,0.0,55,897.36,439
36951,73,2013,2,145.0727,4.9873,0.7208,0.0,121,1065.78,429
36951,74,2013,3,549.3268,4.2907,0.7024,78.83,69,8947.02,307
36951,75,2013,4,0.3301,3.0016,0.6386,96.67,26,1.8,180
36951,76,2013,5,9.8543,3.1562,0.6014,98.87,38,160.88,265
36951,77,2013,6,0.2901,2.7103,0.5991,98.88,23,1.54,179
36951,78,2013,7,1444.5198,3.9699,0.6931,83.96,53,8947.02,187
36951,79,2013,8,684.5366,4.6312,0.7748,64.75,63,8947.02,244
36951,80,2013,9,953.7288,3.2287,0.6198,88.12,37,8947.09,261
36951,81,2013,10,1169.3968,3.7469,0.6222,82.45,65,8947.09,302
36951,82,2013,11,245.8632,4.6249,0.7708,5.88,64,1040.27,187
36951,83,2013,12,603.2011,3.2068,0.6067,96.35,39,8947.09,219
36951,84,2013,13,404.3091,5.24,0.7669,40.1,114,1029.84,384
36951,85,2013,14,152.0879,3.7778,0.7006,78.16,42,833.06,174
36951,86,2013,15,0.2502,2.878,0.6362,99.13,23,1.09,231
36951,87,2013,16,7.9455,3.1121,0.5848,93.75,40,135.48,288
36951,88,2013,17,24.7883,3.3984,0.5962,84.0,52,120.53,325
36951,89,2013,18,0.218,1.9303,0.4723,98.58,17,1.82,212
36951,90,2013,19,311.6295,3.4222,0.6003,73.0,52,839.35,300
36951,91,2013,20,57.5413,3.4904,0.5958,0.0,58,1031.09,304
36951,92,2013,21,68.8516,3.4825,0.6024,0.0,55,1031.21,369
36951,93,2013,22,143.2116,5.3626,0.7971,0.0,106,1066.38,394
36951,94,2013,23,2.0917,2.9784,0.7623,0.0,15,1030.61,111
36951,95,2013,24,2.4452,3.9181,0.7134,0.0,45,1030.61,319
36951,96,2013,25,21.4284,3.4874,0.7179,0.0,29,1065.6,159
36951,97,2013,26,20.0253,3.8741,0.6764,0.0,53,1109.62,320
36951,98,2013,27,548.2906,4.2195,0.7439,0.0,51,10213.76,409
36951,99,2013,28,3.8861,2.5641,0.641,0.0,16,1031.38,177
36951,100,2013,29,136.8826,4.9222,0.7878,0.0,76,1337.67,369
36951,101,2013,30,2.3293,3.8178,0.6993,0.0,44,1030.42,360
36951,102,2013,31,2.3198,3.5259,0.6216,0.0,51,1034.27,358
36951,103,2013,32,72.33,4.1717,0.6618,0.0,79,1063.68,300
36951,104,2013,33,14.9948,2.9302,0.5668,0.0,36,903.93,230
36951,105,2013,34,202.86,3.816,0.6205,0.73,71,1035.81,411
36951,106,2013,35,479.8128,2.6982,0.5004,91.41,42,8668.48,326
36951,145,2014,22,0.0,0.0,0.0,0.0,1,833.06,1
36951,150,2014,27,34.0731,1.0,1.0,0.0,2,2932.47,2
36951,156,2014,33,0.0,0.0,0.0,0.0,1,1211.92,1
36951,157,2014,34,0.0,0.0,0.0,0.0,1,371.48,1
36951,158,2014,35,0.0,0.0,0.0,0.0,1,2.47,1
37617,7,2011,40,0.7666,1.9551,0.842,82.53,5,2.29,727
37617,8,2011,41,320.9642,1.8279,0.4679,82.58,15,923.39,2698
37617,9,2011,42,363.2899,2.5945,0.781,0.0,10,923.63,2160
37617,10,2011,43,0.1303,0.5573,0.5573,100.0,2,0.24,962
37617,11,2011,44,1.2877,1.5149,0.586,92.27,6,4.58,1086
37617,12,2011,45,0.1527,1.3726,0.6863,100.0,4,0.59,2160
37617,13,2011,46,0.126,1.967,0.9835,100.0,4,0.37,1521
37617,14,2011,47,72.2934,1.5741,0.9932,38.9,3,148.54,1059
37617,15,2011,48,0.3201,1.4997,0.9462,100.0,3,0.77,648
37617,16,2011,49,0.1497,1.278,0.639,100.0,4,0.35,1501
37617,17,2011,50,172.5402,0.4158,0.1609,94.23,6,910.37,1473
37617,18,2011,51,2.5788,1.5719,0.677,0.0,5,924.18,2503
37617,19,2011,52,6.1024,1.7553,0.5074,0.0,11,931.27,2731
37617,20,2012,1,131.3094,2.7823,0.7519,0.0,13,1136.71,2950
37617,21,2012,2,190.046,2.5978,0.5825,0.0,22,1136.71,1949
37617,22,2012,3,0.4553,1.2702,0.4234,99.39,8,6.82,1800
37617,23,2012,4,0.31,1.1479,0.5739,100.0,4,0.65,2072
37617,24,2012,5,1.7845,2.5779,0.8593,88.92,8,5.27,1318
37617,25,2012,6,0.1505,0.9946,0.3138,100.0,9,0.63,2601
37617,26,2012,7,0.6111,1.9109,0.7392,97.94,6,5.45,2622
37617,27,2012,8,0.2693,1.6783,0.8391,100.0,4,0.74,3373
37617,28,2012,9,0.3603,2.0096,0.8655,100.0,5,0.75,2083
37617,29,2012,10,354.3274,2.3351,0.6133,51.51,14,811.97,1619
37617,30,2012,11,197.9289,3.2642,0.6944,1.71,26,1137.7,2573
37617,31,2012,12,0.4893,1.2117,0.7645,100.0,3,0.63,354
37617,32,2012,13,0.9496,1.3846,0.6923,89.1,4,2.71,1706
37617,33,2012,14,0.2736,1.9809,0.9904,100.0,4,0.75,2247
37617,34,2012,15,0.4439,2.4726,0.8808,93.41,7,0.98,3063
37617,35,2012,16,0.2394,1.7278,0.7441,100.0,5,0.74,1921
37617,36,2012,17,0.5696,2.2507,0.8707,93.13,6,1.13,2068
37617,37,2012,18,0.3356,0.7137,0.4503,93.56,3,1.13,481
37617,38,2012,19,0.0,0.0,0.0,100.0,1,0.41,10
37617,39,2012,20,471.3914,3.4536,0.7263,0.0,27,1229.44,179
37617,40,2012,21,8.5768,3.7164,0.6458,0.0,54,919.32,364
37617,41,2012,22,1114.8784,3.2861,0.6633,0.0,31,12052.08,274
37617,42,2012,23,10.6011,3.5027,0.6627,0.0,39,926.76,346
37617,43,2012,24,10.3775,3.683,0.6787,0.0,43,929.9,267
37617,44,2012,25,9.4674,4.2288,0.7572,0.0,48,922.63,231
37617,45,2012,26,301.6915,3.9502,0.7583,0.0,37,921.03,203
37617,46,2012,27,303.7502,3.9631,0.7552,0.0,38,924.86,219
37617,47,2012,28,287.0111,4.3606,0.7726,0.0,50,928.66,177
37617,48,2012,29,36.4541,2.1456,0.4463,0.0,28,345.03,333
37617,49,2012,30,114.9314,4.9447,0.8854,0.0,48,919.23,115
37617,50,2012,31,4.487,2.288,0.4812,0.0,27,926.56,316
37617,51,2012,32,329.1756,2.8973,0.6319,5.34,24,926.12,131
37617,52,2012,33,20.4369,3.8958,0.7478,81.1,37,109.54,127
37617,53,2012,34,0.3309,2.8688,0.7019,94.12,17,1.47,102
37617,54,2012,35,0.6142,3.4941,0.7348,98.31,27,4.32,236
37617,55,2012,36,0.521,3.5964,0.713,95.51,33,2.48,178
37617,56,2012,37,0.4528,3.3066,0.65,98.41,34,3.0,189
37617,57,2012,38,0.6082,2.6351,0.7121,97.41,13,5.16,116
37617,58,2012,39,0.3818,3.4835,0.6791,99.29,35,1.23,282
37617,59,2012,40,2.2326,3.6384,0.6515,86.64,48,14.42,232
37617,60,2012,41,155.0659,4.3344,0.7641,70.66,51,492.33,167
37617,61,2012,42,401.8448,5.4765,0.7489,21.6,159,925.51,514
37617,62,2012,43,0.7821,3.3096,0.6219,97.07,40,5.46,273
37617,63,2012,44,0.4527,3.6393,0.7837,92.5,25,1.32,120
37617,64,2012,45,1.3908,4.0004,0.7372,95.73,43,8.19,328
37617,65,2012,46,0.5592,3.6664,0.7333,88.79,32,2.89,232
37617,66,2012,47,72.5718,4.4423,0.7154,54.36,74,149.69,344
37617,67,2012,48,0.3247,3.8707,0.7273,98.39,40,1.48,310
37617,68,2012,49,0.3802,3.1136,0.5812,97.01,41,2.19,335
37617,69,2012,50,407.7006,4.8502,0.7836,61.32,73,919.27,243
37617,70,2012,51,1.1395,2.7679,0.6302,0.0,21,919.42,314
37617,71,2012,52,5.2947,2.7377,0.5895,0.0,25,919.42,353
37617,72,2013,1,3.0011,3.5365,0.6403,0.0,46,930.66,428
37617,73,2013,2,564.6085,4.7792,0.7163,0.65,102,1257.78,459
37617,74,2013,3,0.7503,3.8294,0.7014,83.22,44,5.05,286
37617,75,2013,4,0.7396,3.8161,0.722,91.34,39,5.99,231
37617,76,2013,5,35.1752,3.3989,0.6927,98.62,30,301.4,217
37617,77,2013,6,1.1696,3.2317,0.6203,91.79,37,5.51,268
37617,78,2013,7,0.4082,3.5726,0.7432,98.11,28,3.03,265
37617,79,2013,8,934.3644,3.7132,0.7426,98.9,32,8945.82,272
37617,80,2013,9,0.2959,3.7023,0.7405,100.0,32,1.1,329
37617,81,2013,10,304.6589,4.1695,0.7212,77.33,55,919.31,322
37617,82,2013,11,292.4934,4.5584,0.6907,10.54,97,926.78,389
37617,83,2013,12,28.7175,2.8032,0.7008,95.41,16,301.4,109
37617,84,2013,13,35.0711,2.8342,0.6934,85.47,17,147.59,117
37617,85,2013,14,0.4794,2.3977,0.6137,96.05,15,3.37,152
37617,86,2013,15,0.2477,3.3738,0.7018,100.0,28,0.64,272
37617,87,2013,16,0.2889,3.2584,0.6853,100.0,27,0.65,255
37617,88,2013,17,20.5514,4.0392,0.8078,85.98,32,301.4,214
37617,89,2013,18,0.7132,3.7324,0.7534,93.55,31,3.96,186
37617,90,2013,19,0.7962,3.6951,0.6897,77.1,41,4.53,262
37617,91,2013,20,777.1791,5.0074,0.8064,6.25,74,1545.32,240
37617,92,2013,21,457.0144,5.1426,0.7383,2.8,125,1038.98,322
37617,93,2013,22,2.1403,3.489,0.711,0.0,30,1569.76,182
37617,94,2013,23,2.9651,4.1834,0.7304,0.0,53,1566.67,218
37617,95,2013,24,6.576,4.6349,0.7912,0.0,58,1592.97,202
37617,96,2013,25,3.3191,3.0028,0.7069,0.0,19,1568.99,87
37617,97,2013,26,0.0,0.0,0.0,0.0,1,1568.99,6
37617,98,2013,27,12.9253,5.0303,0.8027,0.0,77,1592.06,240
37617,99,2013,28,10.6797,2.8304,0.6549,0.0,20,1585.88,153
37617,100,2013,29,3.348,0.9183,0.9183,0.0,2,1566.38,3
37617,101,2013,30,0.0,0.0,0.0,0.0,1,1566.04,1
37617,102,2013,31,0.0,0.0,0.0,0.0,1,1567.43,1
37617,103,2013,32,0.0002,0.0,0.0,0.0,1,1566.41,4
37617,104,2013,33,0.0001,0.0,0.0,0.0,1,918.08,2
37617,107,2013,36,0.0011,0.0,0.0,0.0,1,12580.33,3
37617,108,2013,37,0.0232,0.9852,0.9852,0.0,2,12580.34,7
37617,109,2013,38,0.2724,0.5033,0.5033,0.0,2,12580.77,9
37617,110,2013,39,0.0068,0.0,0.0,0.0,1,12580.31,6
37617,115,2013,44,0.0002,0.0,0.0,0.0,1,12580.29,2
37617,121,2013,50,0.0026,0.0,0.0,0.0,1,12580.32,4
37617,122,2013,51,0.0011,0.0,0.0,0.0,1,12580.28,3
37617,135,2014,12,0.1922,0.7219,0.7219,100.0,2,0.33,5
38823,7,2011,40,0.3176,2.7499,0.585,97.47,26,1.22,1701
38823,8,2011,41,29.5978,2.7735,0.5177,99.04,41,1346.43,2077
38823,10,2011,43,0.3447,1.5488,0.7744,87.5,4,0.91,8
38823,11,2011,44,5.5521,2.7309,0.5956,92.61,24,30.01,1001
38823,12,2011,45,0.2093,1.5521,0.4672,100.0,10,0.61,725
38823,13,2011,46,0.2667,2.6494,0.4913,99.18,42,1.63,2684
38823,14,2011,47,127.4663,3.5261,0.6019,25.23,58,292.83,2584
38823,15,2011,48,0.6639,2.4645,0.4844,96.78,34,4.93,2514
38823,16,2011,49,0.7136,2.7046,0.6923,96.79,15,4.74,686
38823,17,2011,50,126.3788,3.3402,0.6461,69.88,36,292.44,2424
38823,18,2011,51,2.4725,2.2742,0.4548,0.0,32,301.75,2386
38823,19,2011,52,639.1955,4.4761,0.6723,0.0,101,2420.42,2088
38823,20,2012,1,93.5436,2.5597,0.5828,0.0,21,292.9,1729
38823,21,2012,2,0.7411,1.3616,0.4099,0.0,10,290.45,2115
38823,22,2012,3,101.7265,2.9567,0.6367,88.79,25,2530.63,2167
38823,23,2012,4,0.7055,3.1307,0.666,93.9,26,5.06,2360
38823,24,2012,5,0.3769,2.8405,0.6812,97.03,18,1.69,1078
38823,25,2012,6,0.3041,2.6699,0.6178,98.19,20,2.36,2046
38823,26,2012,7,0.3935,2.6211,0.5967,99.3,21,4.43,2428
38823,27,2012,8,0.7793,3.1267,0.6504,90.28,28,4.45,1574
38823,28,2012,9,0.385,2.581,0.6314,97.61,17,6.37,1215
38823,29,2012,10,110.7693,3.0918,0.6933,80.86,22,286.74,1891
38823,30,2012,11,91.2961,3.1995,0.5586,3.61,53,299.15,2546
38823,31,2012,12,0.5791,3.389,0.6778,95.43,32,3.26,2560
38823,32,2012,13,0.4556,2.0487,0.5381,98.96,14,4.46,1150
38823,33,2012,14,0.2314,2.6176,0.6404,100.0,17,0.76,768
38823,34,2012,15,0.74,2.5916,0.6101,95.37,19,4.45,1621
38823,35,2012,16,0.3744,2.9047,0.592,96.57,30,2.2,2970
38823,36,2012,17,0.7017,2.1547,0.47,99.23,24,8.24,2728
38823,37,2012,18,0.3691,1.8914,0.4024,99.33,26,5.29,1043
38823,38,2012,19,133.1614,4.4898,0.7664,56.98,58,290.57,265
38823,39,2012,20,26.7039,4.471,0.76,0.0,59,331.99,222
38823,40,2012,21,5.417,4.8252,0.7747,0.0,75,292.42,246
38823,41,2012,22,61.7748,3.9219,0.7141,0.0,45,289.85,172
38823,42,2012,23,5.5549,4.3878,0.7556,0.0,56,291.19,219
38823,43,2012,24,6.2354,3.1245,0.6815,0.0,24,293.97,96
38823,44,2012,25,6.553,3.5318,0.6942,0.0,34,290.43,137
38823,45,2012,26,7.4795,4.2126,0.7254,0.0,56,290.34,237
38823,46,2012,27,6.7989,4.3684,0.7281,0.0,64,299.02,230
38823,47,2012,28,6.8118,4.1649,0.7418,0.0,49,290.52,186
38823,48,2012,29,41.8248,3.7224,0.7257,0.0,35,606.95,171
38823,49,2012,30,66.9214,4.6699,0.7619,0.0,70,564.5,186
38823,50,2012,31,5.4662,3.1606,0.5825,0.0,43,293.58,199
38823,51,2012,32,5.1759,3.7835,0.7788,0.0,29,292.06,93
38823,52,2012,33,122.853,3.4058,0.7529,70.87,23,287.57,103
38823,53,2012,34,0.6901,3.1249,0.625,92.45,32,5.07,265
38823,54,2012,35,0.6935,3.0779,0.605,95.5,34,5.05,378
38823,55,2012,36,0.385,3.1888,0.7972,100.0,16,0.75,75
38823,57,2012,38,0.4387,3.0319,0.6903,92.9,21,1.56,155
38823,58,2012,39,0.4967,3.1946,0.7392,99.56,20,4.92,226
38823,59,2012,40,0.3654,2.419,0.7282,98.08,10,1.23,104
38823,60,2012,41,91.0014,3.5953,0.7561,77.88,27,286.76,113
38823,61,2012,42,113.6568,3.4321,0.8079,58.18,19,286.78,110
38823,62,2012,43,0.5635,2.9619,0.6743,96.9,21,4.92,355
38823,63,2012,44,0.769,3.4925,0.6704,89.36,37,4.92,329
38823,64,2012,45,0.7022,3.6274,0.7322,93.0,31,4.92,414
38823,65,2012,46,10.2341,3.4474,0.7096,97.03,29,123.51,437
38823,66,2012,47,140.1272,4.0912,0.8042,35.85,34,293.74,371
38823,67,2012,48,0.3856,2.942,0.6504,98.66,23,1.77,447
38823,68,2012,49,0.389,2.9703,0.7267,97.28,17,1.45,367
38823,69,2012,50,139.401,3.9819,0.7964,49.49,32,287.47,196
38823,70,2012,51,2.36,3.27,0.6957,0.0,26,292.34,349
38823,71,2012,52,1.1174,2.6677,0.6828,0.0,15,288.91,213
38823,72,2013,1,275.7609,3.5801,0.7447,0.0,28,1825.29,331
38823,73,2013,2,682.3567,4.6913,0.7707,3.22,68,1840.53,435
38823,74,2013,3,0.7836,3.0762,0.6047,90.37,34,4.93,405
38823,75,2013,4,0.3739,2.8269,0.6166,99.14,24,4.59,347
38823,76,2013,5,0.2852,2.522,0.6305,100.0,16,0.7,183
38823,77,2013,6,0.4233,3.3466,0.6961,93.8,28,1.58,371
38823,78,2013,7,1.2294,4.0668,0.8209,84.75,31,5.73,387
38823,79,2013,8,0.3926,2.5926,0.5999,99.46,20,4.46,372
38823,80,2013,9,1.0842,4.0117,0.7393,69.98,43,3.83,443
38823,81,2013,10,140.5329,3.9762,0.8271,45.75,28,287.48,247
38823,82,2013,11,99.8404,3.1888,0.6633,8.51,28,289.52,376
38823,83,2013,12,0.2836,3.1997,0.6289,100.0,34,0.73,633
38823,84,2013,13,219.7084,3.9516,0.7075,54.08,48,456.76,429
38823,85,2013,14,73.873,3.2469,0.6617,86.15,30,441.33,455
38823,86,2013,15,51.5949,3.574,0.6861,83.89,37,910.16,627
38823,87,2013,16,0.3401,3.3901,0.672,96.97,33,2.08,628
38823,88,2013,17,5.97,3.3697,0.6002,95.38,49,135.48,650
38823,89,2013,18,0.7225,3.1809,0.6421,96.79,31,4.97,467
38823,90,2013,19,38.8299,3.8052,0.715,94.59,40,287.45,481
38823,91,2013,20,10.2676,3.5361,0.7206,0.0,30,319.87,298
38823,92,2013,21,7.3548,2.8761,0.8658,0.0,10,289.82,160
38823,93,2013,22,6.4416,2.6824,0.8075,0.0,10,290.45,132
38823,94,2013,23,4.4997,2.7563,0.7689,0.0,12,290.49,134
38823,95,2013,24,3.3224,2.0388,0.7262,0.0,7,287.54,111
38823,96,2013,25,2.8953,2.0402,0.7267,0.0,7,287.92,142
38823,97,2013,26,4.0596,3.886,0.8714,0.0,22,292.45,159
38823,98,2013,27,3.0502,2.1886,0.6105,0.0,12,290.45,166
38823,99,2013,28,30.9705,3.0994,0.7933,0.0,15,324.72,198
38823,100,2013,29,2.9128,3.1724,0.8573,0.0,13,289.82,232
38823,101,2013,30,268.9535,4.1826,0.7807,0.0,41,635.08,252
38823,102,2013,31,22.298,3.3343,0.8336,0.0,16,305.79,211
38823,103,2013,32,34.9565,2.3254,0.6722,0.0,11,324.7,260
38823,104,2013,33,2.9484,2.2704,0.5445,0.0,18,288.6,203
38823,105,2013,34,127.8366,4.2634,0.7634,60.69,48,298.54,435
38823,106,2013,35,0.9036,3.0409,0.6325,88.55,28,3.91,166
38823,107,2013,36,1.3186,3.1425,0.5988,88.02,38,6.83,217
38823,108,2013,37,74.897,4.2984,0.7578,47.98,51,154.36,223
38823,109,2013,38,0.3241,2.295,0.765,97.87,8,1.31,47
38823,111,2013,40,0.1558,2.5242,0.7963,100.0,9,0.84,56
38823,112,2013,41,8.68,3.5881,0.6654,84.96,42,37.7,266
38823,113,2013,42,6.0299,2.422,0.5354,95.33,23,50.32,300
38823,114,2013,43,256.3518,4.4081,0.7433,0.0,61,886.52,171
38823,115,2013,44,107.6217,3.5275,0.7189,76.47,30,378.84,102
38823,116,2013,45,0.0022,0.0,0.0,100.0,1,0.46,12
38823,118,2013,47,0.8767,2.9804,0.7629,85.29,15,5.0,102
38823,119,2013,48,0.0,0.0,0.0,100.0,1,0.35,13
38823,123,2013,52,3.1466,2.3462,0.574,0.0,17,290.31,249
38823,124,2014,1,1091.8011,3.4126,0.6551,0.0,37,2898.11,168
38823,125,2014,2,118.7044,2.2976,0.4638,0.0,31,380.83,187
38823,126,2014,3,0.9005,1.7459,0.4718,92.25,13,5.29,129
38823,127,2014,4,0.0,0.0,0.0,100.0,1,0.46,5
38823,128,2014,5,0.9211,2.5841,0.6083,94.01,19,4.64,217
38823,130,2014,7,0.3175,2.7204,0.6194,97.22,21,1.38,324
38823,131,2014,8,0.7447,2.9818,0.6789,93.98,21,3.84,166
38823,132,2014,9,0.9675,3.4078,0.6361,84.89,41,3.79,331
38823,133,2014,10,119.624,3.9779,0.7286,55.93,44,265.49,270
38823,134,2014,11,0.0153,0.5436,0.5436,100.0,2,0.46,8
38823,136,2014,13,0.1854,1.6737,0.528,100.0,9,0.54,184
38823,137,2014,14,0.978,2.7634,0.5478,87.33,33,3.85,292
38823,138,2014,15,0.7555,3.2582,0.5899,92.35,46,4.56,405
38823,139,2014,16,0.4439,2.7234,0.7597,84.0,12,1.34,50
38823,140,2014,17,0.4096,3.0183,0.8157,96.97,13,1.14,33
38823,141,2014,18,0.5857,3.5446,0.6313,95.93,49,3.87,492
38823,142,2014,19,0.1436,2.4111,0.5782,100.0,18,0.75,133
38893,7,2011,40,0.1334,1.226,0.3313,100.0,13,0.58,1173
38893,8,2011,41,82.5908,2.5868,0.6794,60.23,14,185.36,2258
38893,9,2011,42,76.9808,1.7599,0.4756,20.65,13,189.55,2823
38893,10,2011,43,0.2564,1.2304,0.4383,99.73,7,1.51,2947
38893,11,2011,44,54.6294,2.0622,0.6505,60.31,9,116.68,2479
38893,12,2011,45,2.6419,1.607,0.5724,91.61,7,9.32,2826
38893,13,2011,46,0.1253,1.3098,0.4666,100.0,7,0.42,2648
38893,14,2011,47,90.8238,0.9694,0.9694,60.27,2,185.36,1422
38893,15,2011,48,0.268,1.8862,0.7297,100.0,6,0.6,1846
38893,16,2011,49,0.2639,2.59,0.6803,100.0,14,0.74,1603
38893,18,2011,51,3.6612,1.8055,0.7776,0.0,5,192.55,1709
38893,19,2011,52,46.5249,1.1038,0.4754,0.0,5,188.32,1445
38893,20,2012,1,4.8235,0.8627,0.5443,0.0,3,189.79,2037
38893,21,2012,2,1.8362,0.7512,0.7512,0.0,2,189.58,1148
38893,22,2012,3,48.2086,2.5327,0.6844,92.71,13,185.36,2632
38893,23,2012,4,0.1657,0.6174,0.3087,100.0,4,0.56,2162
38893,24,2012,5,0.1532,1.1295,0.3563,100.0,9,0.53,3031
38893,25,2012,6,0.1186,0.6527,0.2525,100.0,6,0.45,2083
38893,26,2012,7,0.0886,1.3007,0.5602,100.0,5,0.4,713
38893,27,2012,8,0.1222,0.838,0.3242,100.0,6,0.6,2188
38893,28,2012,9,0.2827,1.5282,0.5912,100.0,6,0.71,2489
38893,29,2012,10,78.9556,2.9839,0.8323,76.96,12,188.1,2504
38893,30,2012,11,13.5179,1.2626,0.6313,0.0,4,187.35,1846
38893,31,2012,12,57.6423,0.9542,0.411,75.68,5,134.42,1073
38893,32,2012,13,0.1637,0.6731,0.2899,100.0,5,0.73,2390
38893,33,2012,14,79.0958,2.7121,0.8556,53.51,9,189.8,2097
38893,34,2012,15,65.6613,1.4931,0.4316,74.28,11,187.68,2333
38893,35,2012,16,0.1643,1.2056,0.4295,100.0,7,0.38,2388
38893,36,2012,17,0.2152,1.7283,0.7443,100.0,5,0.92,1783
38893,37,2012,18,0.2002,1.6561,0.414,100.0,16,0.68,788
38893,38,2012,19,0.1752,0.65,0.65,100.0,2,0.68,24
38893,39,2012,20,7.635,2.0144,0.6064,0.0,10,188.73,47
38893,40,2012,21,1.5971,1.4604,0.3946,0.0,13,192.98,200
38893,41,2012,22,2.8948,1.7785,0.766,0.0,5,188.86,30
38893,42,2012,23,2.0369,0.8126,0.4063,0.0,4,188.73,181
38893,43,2012,24,5.6124,1.2641,0.3654,0.0,11,195.49,213
38893,44,2012,25,3.5507,1.995,0.4988,0.0,16,188.86,178
38893,45,2012,26,8.0583,1.9203,0.4801,0.0,16,188.86,215
38893,46,2012,27,7.4537,1.7313,0.5005,0.0,11,208.29,184
38893,47,2012,28,2.5103,1.5452,0.5151,0.0,8,195.36,113
38893,51,2012,32,2.9595,1.4137,0.3944,0.0,12,195.36,95
38893,52,2012,33,1.9574,0.9911,0.4956,0.0,4,187.57,40
38893,53,2012,34,0.4523,2.5815,0.5789,93.7,22,1.17,127
38893,55,2012,36,0.4559,2.4628,0.6655,91.3,13,1.18,46
38893,56,2012,37,0.391,2.9056,0.6423,96.21,23,1.57,132
38893,57,2012,38,0.3437,1.5458,0.5153,97.67,8,1.16,43
38893,59,2012,40,0.1422,0.4011,0.2531,100.0,3,0.63,47
38893,61,2012,42,393.5808,4.7002,0.7106,28.47,98,2932.54,411
38893,62,2012,43,0.3981,3.2165,0.7015,93.71,24,1.9,159
38893,63,2012,44,0.3909,3.4319,0.6325,97.71,43,1.51,393
38893,64,2012,45,0.4012,3.2104,0.6163,98.39,37,1.71,436
38893,65,2012,46,0.6624,2.9152,0.6131,95.15,27,6.43,165
38893,66,2012,47,88.1694,4.3221,0.7582,47.95,52,188.97,219
38893,67,2012,48,0.4067,2.8304,0.6095,95.55,25,1.45,247
38893,68,2012,49,0.38,3.1037,0.6861,97.31,23,1.8,260
38893,69,2012,50,0.4003,2.6985,0.6244,98.86,20,1.51,175
38893,72,2013,1,0.0345,1.0,1.0,0.0,2,1254.63,2
38893,73,2013,2,0.6737,0.3712,0.3712,0.0,2,187.91,14
38893,75,2013,4,0.002,0.0,0.0,100.0,1,0.35,3
38893,77,2013,6,0.0004,0.0,0.0,100.0,1,0.34,2
38893,79,2013,8,0.2587,1.0,1.0,0.0,2,1.2,2
38893,80,2013,9,0.2386,0.896,0.896,100.0,2,0.36,16
38893,81,2013,10,65.0953,1.9056,0.9528,25.0,4,151.01,8
38893,82,2013,11,0.0001,0.0,0.0,0.0,1,185.36,4
38893,83,2013,12,0.3307,1.1887,0.75,100.0,3,0.68,12
38893,84,2013,13,0.2105,1.9591,0.8438,100.0,5,0.45,12
38893,86,2013,15,0.5975,2.4565,0.601,73.21,17,1.25,112
38893,87,2013,16,0.4582,2.4525,0.6131,97.87,16,1.33,141
38893,88,2013,17,0.3563,0.8113,0.8113,100.0,2,0.97,4
38893,89,2013,18,0.66,1.8911,0.9455,77.78,4,1.34,9
38893,90,2013,19,0.5966,1.7925,0.8962,33.33,4,1.28,12
38893,91,2013,20,0.343,1.5734,0.7867,100.0,4,0.53,13
38893,93,2013,22,1.1797,0.8113,0.8113,0.0,2,187.37,4
38893,94,2013,23,37.7524,2.6635,0.9488,0.0,7,187.33,11
38893,95,2013,24,1233.8967,2.4692,0.8796,0.0,7,2900.2,17
38893,96,2013,25,7.2478,3.1464,0.9472,0.0,10,193.82,20
38893,97,2013,26,10.8877,3.7717,0.7846,0.0,28,204.84,67
38893,98,2013,27,14.6838,3.7753,0.7047,0.0,41,204.31,186
38893,99,2013,28,10.5775,3.8591,0.7789,0.0,31,191.23,114
38893,100,2013,29,16.1039,4.0373,0.7487,0.0,42,204.32,222
38893,101,2013,30,7.7132,2.038,0.5508,0.0,13,204.33,99
38893,102,2013,31,0.7243,0.5132,0.3238,0.0,3,187.98,23
38893,103,2013,32,3.2175,1.2845,0.5532,0.0,5,187.22,52
38893,104,2013,33,6.7092,2.4669,0.6035,0.0,17,202.52,69
38893,105,2013,34,22.9229,1.6664,0.4377,1.52,14,193.52,66
38893,106,2013,35,0.4229,1.7906,0.539,88.24,10,1.17,68
38893,107,2013,36,0.4867,3.0732,0.737,92.68,18,1.16,164
38893,108,2013,37,0.351,3.5426,0.8857,100.0,16,0.76,71
38893,109,2013,38,0.5013,3.7789,0.6662,91.19,51,1.75,352
38893,110,2013,39,1.1188,3.7284,0.6914,87.05,42,5.2,278
38893,111,2013,40,0.6196,3.8332,0.7974,75.8,28,1.27,157
38893,112,2013,41,0.0,0.0,0.0,100.0,1,0.35,41
38893,114,2013,43,76.501,3.6749,0.6328,69.76,56,302.23,248
38893,115,2013,44,0.3145,2.0996,0.7479,100.0,7,0.78,67
38893,116,2013,45,0.6886,2.5817,0.7463,87.1,11,1.85,31
38893,117,2013,46,0.8252,4.6211,0.7957,81.74,56,5.79,334
38893,118,2013,47,1.0674,4.1999,0.7604,81.94,46,5.72,299
38893,119,2013,48,84.7558,3.299,0.7195,67.83,24,185.36,115
38893,120,2013,49,1.8982,3.5011,0.7283,90.43,28,8.33,115
38893,121,2013,50,0.5872,4.1788,0.7609,62.06,45,1.31,311
38893,122,2013,51,3.7102,4.016,0.7448,75.36,42,17.59,138
38893,123,2013,52,25.5484,4.972,0.8452,0.0,59,191.07,108
38893,124,2014,1,8.9165,3.3452,0.6091,0.0,45,217.93,177
38893,125,2014,2,19.0145,5.3534,0.804,0.0,101,191.07,208
38893,126,2014,3,70.7542,4.0151,0.8265,0.0,29,186.42,77
38893,140,2014,17,0.4121,1.9056,0.9528,62.5,4,1.3,8
38901,7,2011,40,0.0,0.0,0.0,100.0,1,0.76,374
38901,8,2011,41,3.7569,2.8407,0.6117,66.45,25,8.0,2662
38901,9,2011,42,1174.8904,3.1507,0.6872,16.67,24,2427.93,2525
38901,10,2011,43,1.0377,2.2659,0.6821,96.18,10,5.19,2695
38901,11,2011,44,0.2656,1.6035,0.5712,100.0,7,0.71,2675
38901,12,2011,45,0.3126,1.6003,0.4325,99.46,13,0.92,2611
38901,13,2011,46,0.1389,1.9955,0.5108,100.0,15,0.74,2385
38901,14,2011,47,3.7333,2.0761,0.4979,32.13,18,8.23,2714
38901,15,2011,48,0.0592,1.5446,0.5975,100.0,6,0.74,2491
38901,16,2011,49,0.6828,1.8211,0.5745,97.9,9,4.06,1283
38901,17,2011,50,3.3345,1.9885,0.6273,78.29,9,10.59,2349
38901,18,2011,51,26.7874,1.7711,0.4428,2.04,16,116.97,2154
38901,19,2011,52,46.4068,2.1597,0.6501,0.0,10,143.47,2619
38901,20,2012,1,0.6509,1.9908,0.5993,0.0,10,7.5,2415
38901,21,2012,2,2.3478,1.6077,0.4647,6.44,11,7.5,2144
38901,22,2012,3,3.2431,2.3758,0.6627,78.65,12,7.45,2230
38901,23,2012,4,0.8804,1.8565,0.4876,95.96,14,5.84,1462
38901,24,2012,5,0.2003,1.688,0.5081,99.67,10,1.28,1506
38901,25,2012,6,0.3313,2.26,0.6533,100.0,11,0.74,1445
38901,26,2012,7,1.0647,2.5094,0.6139,95.06,17,5.45,2208
38901,27,2012,8,0.2176,2.3362,0.6136,100.0,14,0.74,2062
38901,28,2012,9,0.225,2.3806,0.5508,100.0,20,0.74,2067
38901,29,2012,10,2.4174,2.9919,0.6923,85.52,20,7.46,2320
38901,30,2012,11,2.8305,1.4353,0.4528,84.15,9,10.59,2334
38901,31,2012,12,1.0927,2.0992,0.5514,97.85,14,8.22,2423
38901,32,2012,13,0.1774,1.1101,0.3502,100.0,9,0.75,2131
38901,33,2012,14,5.7069,2.9215,0.6878,56.66,19,160.88,1802
38901,34,2012,15,0.1447,1.4759,0.4656,99.95,9,1.58,2052
38901,35,2012,16,0.6619,1.687,0.6009,92.69,7,2.83,2502
38901,36,2012,17,0.1937,2.2025,0.5952,100.0,13,0.74,2481
38901,37,2012,18,0.7191,1.8125,0.4194,98.95,20,7.09,2754
38901,38,2012,19,1.7421,2.5543,0.4398,93.03,56,11.27,1191
38901,39,2012,20,5.466,3.8948,0.779,0.0,32,14.26,141
38901,40,2012,21,7.4213,3.8177,0.7126,5.76,41,41.69,278
38901,41,2012,22,3.6469,3.5926,0.8313,0.0,20,12.37,82
38901,42,2012,23,25.9723,4.7402,0.8631,4.31,45,71.81,116
38901,43,2012,24,6.6096,5.011,0.786,2.12,83,37.85,236
38901,44,2012,25,13.1354,4.6392,0.7448,0.0,75,57.35,327
38901,45,2012,26,26.4309,4.0377,0.6953,2.78,56,91.68,252
38901,46,2012,27,30.0381,4.3535,0.8296,4.89,38,62.56,225
38901,47,2012,28,29.1931,4.4786,0.7895,5.07,51,214.26,217
38901,48,2012,29,134.3854,4.0244,0.7245,2.48,47,1351.16,202
38901,49,2012,30,608.0441,5.1527,0.788,3.57,93,1356.11,308
38901,50,2012,31,572.6735,4.3923,0.7241,1.17,67,1228.09,257
38901,51,2012,32,15.7502,4.0708,0.6735,3.9,66,66.01,333
38901,52,2012,33,3.7736,3.9977,0.8147,59.63,30,11.17,109
38901,53,2012,34,0.3387,2.5361,0.6661,96.08,14,1.6,102
38901,54,2012,35,0.4901,3.8637,0.8037,88.7,28,1.59,115
38901,55,2012,36,0.4565,3.2793,0.7062,87.07,25,1.72,116
38901,56,2012,37,86.0297,3.7582,0.8197,52.24,24,191.33,67
38901,57,2012,38,0.2626,1.3731,0.4332,97.06,9,1.16,102
38901,58,2012,39,0.3744,1.8462,0.5824,99.35,9,3.35,155
38901,59,2012,40,1.705,2.2778,0.6354,91.03,12,7.96,78
38901,60,2012,41,44.2434,3.8022,0.8188,78.41,25,167.14,88
38901,61,2012,42,3.7341,1.9056,0.9528,37.5,4,7.49,8
38901,62,2012,43,0.9685,2.3626,0.7112,94.25,10,7.87,87
38901,63,2012,44,0.9588,3.2084,0.895,78.38,12,3.02,37
38901,64,2012,45,0.5331,2.7001,0.8128,97.3,10,2.6,37
38901,65,2012,46,2.1055,3.4078,0.7338,89.82,25,7.83,167
38901,66,2012,47,3.7562,4.1413,0.7131,39.24,56,7.77,344
38901,67,2012,48,0.5171,3.2874,0.6409,94.19,35,2.79,327
38901,68,2012,49,0.0915,0.8278,0.3202,100.0,6,0.74,133
38901,69,2012,50,3.4576,3.7206,0.6627,66.87,49,12.47,329
38901,70,2012,51,3.5981,4.1433,0.7167,24.56,55,10.49,338
38901,71,2012,52,68.9922,4.9064,0.7739,0.0,81,158.87,281
38901,72,2013,1,657.5017,5.26,0.7564,1.0,124,1826.05,602
38901,73,2013,2,846.7149,6.1616,0.849,1.98,153,1856.51,404
38901,74,2013,3,1.339,3.2323,0.6524,82.02,31,7.79,267
38901,75,2013,4,1.8777,3.1649,0.645,85.52,30,7.71,290
38901,76,2013,5,1.2135,3.2402,0.6267,86.96,36,5.07,253
38901,77,2013,6,1.1977,2.7208,0.7146,96.2,14,13.33,158
38901,78,2013,7,273.2691,2.1493,0.9256,26.67,5,618.91,15
38901,79,2013,8,243.0993,2.7322,0.9107,55.17,8,618.08,29
38901,80,2013,9,0.2317,0.9641,0.9641,100.0,2,0.72,18
38901,81,2013,10,0.288,3.1151,0.8182,100.0,14,0.72,34
38901,82,2013,11,337.1653,2.4766,0.8822,32.14,7,810.42,28
38901,83,2013,12,0.2716,2.2529,0.8715,100.0,6,0.71,25
38901,84,2013,13,1104.1147,1.9791,0.705,72.41,7,2465.7,29
38901,85,2013,14,595.8955,3.1063,0.8979,70.97,11,2436.85,31
38901,86,2013,15,0.1252,0.8905,0.8905,100.0,2,0.57,13
38901,87,2013,16,0.4455,1.6851,0.8426,100.0,4,0.88,23
38901,88,2013,17,0.3545,2.3905,0.8515,100.0,7,0.98,21
38901,89,2013,18,0.3323,1.5628,0.7814,100.0,4,0.94,15
38901,90,2013,19,2.5496,1.7794,0.7664,47.62,5,5.28,21
38901,91,2013,20,0.0,0.0,0.0,0.0,1,8.23,4
38901,98,2013,27,2.7841,1.9219,0.961,0.0,4,8.21,5
38901,99,2013,28,0.0,0.0,0.0,0.0,1,8.2,5
38901,105,2013,34,0.0,0.0,0.0,100.0,1,0.52,3
38927,7,2011,40,0.2469,1.8824,0.5938,100.0,9,0.72,1766
38927,8,2011,41,66.1168,2.3778,0.5702,64.89,18,157.97,2535
38927,9,2011,42,63.2414,2.6964,0.6239,27.44,20,147.34,2872
38927,10,2011,43,1.5243,2.8969,0.6819,86.47,19,5.19,2447
38927,11,2011,44,0.3712,2.6253,0.6296,100.0,18,0.77,2851
38927,12,2011,45,0.4057,3.1721,0.734,96.01,20,1.72,2580
38927,13,2011,46,0.382,3.1486,0.7703,98.97,17,1.54,2133
38927,14,2011,47,14.9503,1.6127,0.5087,98.93,9,145.92,746
38927,15,2011,48,0.5602,2.1258,0.8224,91.67,6,1.72,12
38927,16,2011,49,0.1829,1.0,1.0,100.0,2,0.62,2
38927,17,2011,50,61.0935,2.0,1.0,75.0,4,141.04,4
38927,18,2011,51,3.9628,0.9183,0.9183,0.0,2,153.51,3
38927,19,2011,52,0.0,0.0,0.0,0.0,1,153.51,2
38927,20,2012,1,0.0171,0.0,0.0,0.0,1,145.47,8
38927,21,2012,2,0.0165,0.0,0.0,0.0,1,145.48,6
38927,22,2012,3,0.2948,1.7925,0.8962,100.0,4,0.46,6
38927,23,2012,4,0.3104,1.585,1.0,100.0,3,0.41,3
38927,24,2012,5,0.3013,2.0,1.0,100.0,4,0.74,4
38927,25,2012,6,0.3727,1.7925,0.8962,100.0,4,0.74,6
38927,26,2012,7,48.1071,2.75,0.9796,87.5,7,145.46,8
38927,27,2012,8,0.2739,2.585,1.0,100.0,6,0.55,6
38927,28,2012,9,40.6203,1.5,0.9464,75.0,3,93.66,4
38927,29,2012,10,0.2323,1.0,1.0,100.0,2,0.41,2
38927,30,2012,11,834.7512,1.7925,0.8962,66.67,4,1777.6,6
38927,31,2012,12,1257.4359,1.9056,0.9528,75.0,4,2893.74,8
38927,32,2012,13,0.2878,2.1556,0.9284,100.0,5,0.68,8
38927,33,2012,14,73.0133,1.0,1.0,50.0,2,146.32,2
38927,34,2012,15,0.0,0.0,0.0,100.0,1,0.39,4
38927,35,2012,16,0.0,0.0,0.0,100.0,1,0.39,2
38927,36,2012,17,0.0,0.0,0.0,100.0,1,0.39,6
38927,37,2012,18,0.0923,0.2975,0.2975,100.0,2,0.74,19
38927,38,2012,19,69.5056,2.5221,0.9757,33.33,6,146.37,12
38927,39,2012,20,5.1597,1.8703,0.8055,0.0,5,153.9,14
38927,40,2012,21,3.9033,1.3788,0.8699,0.0,3,155.97,7
38927,41,2012,22,3.3843,0.8113,0.8113,0.0,2,153.9,4
38927,42,2012,23,13.3216,2.1972,0.9463,0.0,5,168.81,9
38927,43,2012,24,3.1654,1.371,0.865,0.0,3,153.96,5
38927,44,2012,25,3.9054,1.0,1.0,0.0,2,153.9,2
38927,45,2012,26,4.4894,1.5452,0.7726,0.0,4,153.91,17
38927,46,2012,27,12.6138,1.5436,0.7718,0.0,4,147.41,16
38927,47,2012,28,8.8707,1.6267,0.7006,0.0,5,153.41,14
38927,48,2012,29,4.0956,2.2222,0.8597,0.0,6,154.08,11
38927,49,2012,30,0.7403,0.469,0.469,0.0,2,146.36,10
38927,50,2012,31,12.8494,2.8074,1.0,0.0,7,146.33,7
38927,51,2012,32,10.9458,1.2776,0.6388,0.0,4,146.27,11
38927,52,2012,33,0.133,0.65,0.65,100.0,2,0.72,6
38927,53,2012,34,0.0514,0.5917,0.5917,100.0,2,0.42,7
38927,54,2012,35,0.3608,0.5436,0.5436,100.0,2,0.72,8
38927,55,2012,36,0.0,0.0,0.0,100.0,1,0.4,4
38927,56,2012,37,0.0,0.0,0.0,100.0,1,0.39,13
38927,57,2012,38,0.1678,1.5216,0.7608,100.0,4,0.73,14
38927,58,2012,39,0.1455,0.9464,0.5971,100.0,3,0.73,14
38927,59,2012,40,0.2836,0.8167,0.5153,100.0,3,0.72,12
38927,60,2012,41,0.0837,0.9852,0.9852,100.0,2,0.39,14
38927,62,2012,43,0.6412,1.5567,0.9821,57.14,3,1.52,7
38927,63,2012,44,0.0651,1.4021,0.8846,100.0,3,0.38,17
38927,65,2012,46,72.4311,1.6645,0.8322,42.86,4,146.24,14
38927,66,2012,47,0.0,0.0,0.0,100.0,1,0.41,1
38927,68,2012,49,0.2499,1.0949,0.6908,100.0,3,0.71,14
38927,69,2012,50,72.514,4.7222,0.8501,52.0,47,147.93,200
38927,70,2012,51,7.6848,3.8629,0.7531,0.0,35,172.26,166
38927,71,2012,52,1.5345,2.5389,0.8463,0.0,8,146.2,32
38927,72,2013,1,1.6238,3.3493,0.6967,0.0,28,154.09,201
38927,73,2013,2,325.8907,3.8324,0.7597,0.0,33,2711.88,135
38927,74,2013,3,0.8931,3.6804,0.631,93.01,57,5.47,458
38927,75,2013,4,0.3591,2.7979,0.6274,99.34,22,1.0,151
38927,76,2013,5,0.2803,2.9276,0.8166,100.0,12,0.74,56
38927,77,2013,6,0.4194,3.1161,0.779,95.95,16,1.54,74
38927,78,2013,7,55.526,5.1461,0.8095,54.75,82,117.43,358
38927,79,2013,8,0.5246,3.7463,0.8282,95.38,23,1.65,65
38927,80,2013,9,0.1576,1.1559,0.4978,100.0,5,0.43,76
38927,81,2013,10,0.3656,1.4591,0.9206,0.0,3,146.23,6
38927,82,2013,11,67.0726,2.3508,0.7836,22.22,8,201.98,36
38927,83,2013,12,0.4393,3.569,0.7204,95.38,31,1.8,238
38927,84,2013,13,0.4355,2.967,0.8577,100.0,11,1.09,66
38927,85,2013,14,0.2907,2.3442,0.7057,100.0,10,0.63,136
38927,86,2013,15,0.3989,3.0479,0.6563,92.86,25,1.34,182
38927,87,2013,16,61.3472,2.3522,0.5275,68.64,22,146.35,169
38927,88,2013,17,0.7183,2.6269,0.5981,90.24,21,4.59,205
39122,7,2011,40,359.0872,2.9698,0.6565,61.01,23,776.7,1544
39122,8,2011,41,253.4379,3.3331,0.6607,72.12,33,780.92,1865
39122,9,2011,42,321.6031,3.2934,0.6108,16.12,42,899.92,2482
39122,10,2011,43,1.0503,2.5316,0.6841,91.37,13,4.59,1854
39122,11,2011,44,0.2429,2.0484,0.6828,96.77,8,0.9,1302
39122,12,2011,45,0.2392,2.1298,0.4849,93.37,21,0.9,2490
39122,13,2011,46,32.803,2.6778,0.5632,94.63,27,899.86,2254
39122,14,2011,47,365.4832,2.9112,0.4928,26.47,60,785.56,2267
39122,15,2011,48,0.5575,1.4371,0.4154,96.62,11,5.95,2161
39122,16,2011,49,0.2446,1.3084,0.4361,98.65,8,1.52,2218
39122,17,2011,50,255.9468,1.3184,0.2714,81.55,29,781.95,2471
39122,18,2011,51,2.5479,1.6955,0.4066,0.0,18,785.58,2164
39122,19,2011,52,1.3926,1.3173,0.3048,0.0,20,782.71,2170
39122,20,2012,1,333.3015,3.4394,0.5776,3.22,62,784.39,2268
39122,21,2012,2,401.569,5.2287,0.7772,0.94,106,1147.77,1708
39122,22,2012,3,0.7748,2.5968,0.6008,92.89,20,2.68,1771
39122,23,2012,4,0.2196,2.2827,0.5046,98.9,23,0.9,2172
39122,24,2012,5,0.3649,2.2868,0.5484,86.9,18,0.97,2466
39122,25,2012,6,45.037,2.7028,0.4814,75.1,49,215.53,2406
39122,26,2012,7,0.5385,3.491,0.7614,99.18,24,5.15,1955
39122,27,2012,8,0.2941,3.7475,0.7714,100.0,29,0.74,2314
39122,28,2012,9,1.1006,2.8816,0.5994,93.59,28,5.29,1950
39122,29,2012,10,311.9257,3.3492,0.6063,69.54,46,778.66,2196
39122,30,2012,11,229.5364,3.0291,0.5216,4.72,56,785.56,2820
39122,31,2012,12,0.5813,2.775,0.6223,95.78,22,4.42,2344
39122,32,2012,13,0.3026,1.4565,0.3429,97.86,19,3.24,2471
39122,33,2012,14,1.284,2.9577,0.6088,89.14,29,8.26,2550
39122,34,2012,15,0.2486,2.124,0.5,100.0,19,0.73,2442
39122,35,2012,16,0.4493,2.1812,0.4891,95.04,22,1.85,2563
39122,36,2012,17,0.6578,2.6116,0.6043,71.67,20,6.41,1673
39122,37,2012,18,0.7112,2.2136,0.5814,98.61,14,6.41,1803
39122,38,2012,19,307.0151,6.1018,0.8834,20.73,120,818.28,246
39122,39,2012,20,261.3012,5.6864,0.9101,33.61,76,761.83,122
39122,40,2012,21,4.7621,3.7164,0.7031,0.0,39,786.01,172
39122,41,2012,22,1.6272,3.4323,0.7302,0.0,26,777.35,123
39122,42,2012,23,1.4803,2.9393,0.7523,0.0,15,777.46,54
39122,43,2012,24,4.7369,3.3747,0.8256,0.0,17,785.89,36
39253,9,2011,42,462.715,0.3323,0.3323,0.0,2,1851.28,49
39253,10,2011,43,21.5877,2.006,0.4641,49.45,20,156.62,1808
39253,11,2011,44,0.5156,2.2572,0.4401,91.24,35,5.0,2227
39253,12,2011,45,0.6168,3.095,0.6307,90.58,30,2.88,2324
39253,13,2011,46,0.9547,1.4525,0.4373,97.17,10,5.57,2299
39253,14,2011,47,0.5138,1.4081,0.3805,93.82,13,5.81,2185
39253,15,2011,48,0.1761,1.1137,0.5569,100.0,4,0.77,443
39253,16,2011,49,0.3809,1.9,0.735,100.0,6,0.68,98
39253,17,2011,50,165.2603,3.0264,0.5949,87.84,34,910.24,1489
39253,20,2012,1,57.8897,3.6251,0.6526,0.0,47,1038.42,1712
39253,21,2012,2,0.1697,0.6098,0.6098,0.0,2,140.08,20
39253,22,2012,3,0.5323,2.3551,0.5281,61.37,22,1.76,1227
39253,25,2012,6,0.5828,1.3857,0.5361,85.98,6,1.71,428
39253,26,2012,7,0.2091,1.1375,0.3588,100.0,9,0.69,1227
39253,27,2012,8,0.0102,0.0,0.0,100.0,1,0.67,1127
39253,28,2012,9,0.1995,0.4247,0.2679,100.0,3,0.74,1404
39253,29,2012,10,0.0104,0.0,0.0,100.0,1,0.67,559
39253,31,2012,12,0.0062,0.0,0.0,100.0,1,0.68,554
39253,32,2012,13,0.0068,0.0,0.0,100.0,1,0.68,881
39701,7,2011,40,0.2803,1.6078,0.622,100.0,6,0.73,1499
39701,8,2011,41,35.8894,2.8074,0.6496,96.85,20,256.66,889
39701,9,2011,42,291.5535,1.5296,0.4825,28.26,9,650.29,1840
39701,10,2011,43,0.7458,2.0662,0.4704,98.07,21,5.19,1865
39701,11,2011,44,0.2599,1.8655,0.4664,100.0,16,0.99,1914
39701,12,2011,45,0.4126,1.5843,0.4769,88.48,10,1.5,1189
39701,13,2011,46,0.2367,1.8696,0.4192,100.0,22,0.74,2404
39701,14,2011,47,315.1308,2.9544,0.6146,36.24,28,647.39,2130
39701,15,2011,48,0.1947,2.1092,0.5273,100.0,16,0.71,2244
39701,16,2011,49,0.1918,1.9582,0.5143,100.0,14,0.64,2825
39701,17,2011,50,260.0622,2.1468,0.5639,75.57,14,651.21,2358
39701,18,2011,51,1.8154,1.4335,0.4522,0.0,9,652.9,1565
39701,19,2011,52,2.064,0.2175,0.1372,0.0,3,645.38,493
39701,20,2012,1,4.1268,0.7682,0.3308,0.0,5,647.73,1127
39701,21,2012,2,120.5932,2.3256,0.4739,0.0,30,649.3,900
39701,22,2012,3,4.6612,2.7358,0.6135,95.6,22,72.88,1545
39701,23,2012,4,0.3197,2.5374,0.6344,100.0,16,0.73,2938
39701,24,2012,5,0.2618,1.2935,0.4608,97.11,7,0.97,2665
39701,25,2012,6,0.2153,1.3287,0.4429,100.0,8,0.74,2626
39701,26,2012,7,0.2644,1.2476,0.4826,99.95,6,1.11,1820
39701,27,2012,8,0.1798,0.9688,0.3451,100.0,7,0.74,2518
39701,28,2012,9,1.8706,1.2281,0.4375,98.42,7,14.58,2348
39701,29,2012,10,144.9703,1.7817,0.5363,85.45,10,647.75,2028
39701,30,2012,11,172.6775,1.4654,0.4411,6.79,10,652.16,1148
39701,31,2012,12,0.3078,1.2746,0.3837,99.3,10,2.95,2287
39701,32,2012,13,0.2104,1.0275,0.3425,99.87,8,1.0,2353
39701,33,2012,14,264.4419,2.3439,0.5518,76.2,19,653.25,2059
39701,34,2012,15,225.0931,2.1305,0.5326,85.38,16,648.72,2004
39701,35,2012,16,0.2688,1.0026,0.3879,99.93,6,0.99,1426
39701,36,2012,17,0.4278,1.5748,0.4968,91.33,9,1.13,2377
39701,37,2012,18,10.264,0.7996,0.2848,97.85,7,71.05,1349
39701,38,2012,19,162.1915,1.3425,0.4475,87.7,8,651.06,1480
39701,39,2012,20,0.6096,1.8722,0.8063,0.0,5,646.19,1403
39701,40,2012,21,30.2712,1.1677,0.3257,0.0,12,788.22,1637
39701,41,2012,22,28.9912,0.9661,0.3441,0.0,7,779.98,1741
39701,42,2012,23,6.1666,1.2416,0.2827,0.0,21,650.97,1927
39701,43,2012,24,74.7083,2.4552,0.5287,0.0,25,750.97,1419
39701,44,2012,25,166.7784,2.0831,0.5208,0.0,16,1067.19,1594
39701,45,2012,26,226.8008,2.988,0.6434,0.0,25,1168.77,1228
39701,46,2012,27,456.5316,3.1113,0.6619,0.0,26,1089.56,2105
39701,47,2012,28,9.7346,1.2397,0.3256,0.0,14,1006.26,824
39701,48,2012,29,411.1878,1.8127,0.5719,0.0,9,1283.12,905
39701,49,2012,30,292.8335,1.1233,0.7088,0.0,3,1282.66,1840
39701,50,2012,31,374.6386,2.216,0.5421,0.0,17,1016.54,2396
39701,51,2012,32,34.2745,2.483,0.5653,0.0,21,651.19,1209
39701,52,2012,33,1252.0845,4.1524,0.7357,0.38,50,2565.08,1039
39701,53,2012,34,0.259,1.8402,0.7119,99.81,6,1.16,1033
39701,55,2012,36,0.5307,2.7443,0.7024,95.35,15,3.29,86
39701,59,2012,40,0.2505,1.6645,0.8322,100.0,4,0.35,7
39701,60,2012,41,65.0468,3.4594,0.68,88.94,34,310.17,199
39701,61,2012,42,144.5271,3.7415,0.6236,0.0,64,651.19,241
39701,62,2012,43,0.5029,3.0108,0.6405,98.39,26,6.43,311
39701,63,2012,44,0.2082,2.5126,0.5915,99.73,19,1.03,364
39701,64,2012,45,0.7336,2.6164,0.6054,97.38,20,5.09,267
39701,65,2012,46,0.8958,2.7321,0.604,92.24,23,4.68,245
39701,66,2012,47,173.5307,2.1452,0.6767,90.2,9,646.28,51
39701,67,2012,48,0.2696,2.5792,0.6602,99.26,15,0.95,135
39701,68,2012,49,1.1261,2.8827,0.6563,93.7,21,5.16,270
39701,69,2012,50,148.865,3.8983,0.6473,80.45,65,646.32,312
39701,70,2012,51,20.6893,2.3876,0.4655,0.0,35,875.39,236
39701,71,2012,52,2.7494,3.2906,0.6642,0.0,31,651.56,201
39701,72,2013,1,505.2813,5.3402,0.7987,0.0,103,1857.34,520
39701,73,2013,2,578.2306,5.9067,0.7927,0.0,175,1836.77,415
39701,74,2013,3,5.7525,3.0394,0.6719,95.0,23,64.98,200
39701,75,2013,4,0.4277,3.3891,0.7492,97.44,23,1.77,156
39701,76,2013,5,0.3567,2.8555,0.9008,100.0,9,0.79,42
39701,77,2013,6,0.3464,2.8617,0.7154,100.0,16,0.9,82
39701,78,2013,7,0.1876,0.9464,0.5971,100.0,3,0.41,14
39701,79,2013,8,0.2363,1.1995,0.7568,100.0,3,0.48,16
39701,80,2013,9,0.2296,2.0113,0.8662,100.0,5,0.43,25
39701,81,2013,10,241.9031,2.5027,0.8342,83.33,8,649.26,24
39701,82,2013,11,9.7599,0.9123,0.5756,0.0,3,651.13,23
39701,83,2013,12,0.2494,1.7166,0.6641,100.0,6,0.64,40
39701,84,2013,13,321.774,2.7238,0.9079,51.92,8,651.45,52
39701,85,2013,14,3.1153,3.6256,0.7542,86.11,28,28.96,180
39701,86,2013,15,2.7735,4.2499,0.7694,79.5,46,11.69,161
39701,87,2013,16,0.3503,3.0481,0.7175,94.86,19,1.31,175
39701,88,2013,17,122.1274,4.5515,0.7803,57.93,57,328.67,145
39701,89,2013,18,43.2031,3.5013,0.6882,79.27,34,117.67,164
39701,90,2013,19,315.6931,3.2333,0.6879,59.09,26,650.15,88
39701,91,2013,20,2.0301,2.2819,0.4747,0.0,28,650.91,254
39701,92,2013,21,50.2754,2.4929,0.5303,0.0,26,778.34,196
39701,93,2013,22,24.609,3.5299,0.6223,0.0,51,721.13,374
39701,94,2013,23,10.6258,2.3593,0.4962,0.0,27,652.55,195
39701,95,2013,24,11.3854,2.6876,0.4762,0.0,50,649.13,337
39701,96,2013,25,6.8458,2.9052,0.4879,0.0,62,658.85,357
39701,97,2013,26,173.9541,3.8653,0.8545,0.0,23,1398.82,111
39701,98,2013,27,2.1871,2.7026,0.6362,0.0,19,1341.35,197
39701,99,2013,28,1.0366,3.0619,0.7343,0.0,18,1331.04,164
39701,100,2013,29,483.9723,5.124,0.8176,0.0,77,1331.04,317
39701,101,2013,30,190.6372,4.3057,0.7669,0.0,49,650.65,211
39701,102,2013,31,2.9032,2.159,0.4209,0.0,35,652.03,315
39701,117,2013,46,0.3664,3.1575,0.7081,99.44,22,3.63,177
39701,118,2013,47,0.8666,3.6778,0.6361,91.82,55,4.56,379
39701,119,2013,48,321.7657,5.3482,0.8067,17.18,99,649.1,262
39783,8,2011,41,166.2936,2.8204,0.7408,74.32,14,395.02,1406
39783,9,2011,42,133.0945,3.7032,0.7547,10.03,30,399.4,2563
39783,10,2011,43,0.1282,1.7621,0.6817,96.37,6,0.91,1349
39783,11,2011,44,0.1655,1.7885,0.517,100.0,11,0.61,630
39783,12,2011,45,1.2097,3.4093,0.7253,96.47,26,11.39,2156
39783,13,2011,46,7.887,2.8792,0.6456,90.68,22,124.56,2082
39783,14,2011,47,193.5309,3.165,0.6584,27.33,28,397.84,1906
39783,15,2011,48,0.1697,2.0341,0.7869,100.0,6,0.46,1012
39783,16,2011,49,0.573,1.778,0.435,99.63,17,9.71,2407
39783,17,2011,50,0.1175,0.9976,0.4988,100.0,4,0.41,401
39783,18,2011,51,4.8133,1.9749,0.9875,0.0,4,397.2,9
39783,19,2011,52,1.634,1.0,1.0,0.0,2,398.16,4
39783,20,2012,1,6.8858,1.9183,0.9591,0.0,4,399.77,6
39783,21,2012,2,171.2806,1.9591,0.9796,25.0,4,397.13,12
39783,23,2012,4,0.28,1.5219,0.9602,100.0,3,0.39,5
39783,24,2012,5,0.1967,1.6577,0.8289,100.0,4,0.71,9
39783,25,2012,6,1.7733,2.2588,0.5526,93.0,17,9.73,1228
39783,26,2012,7,0.2508,1.4214,0.4484,99.84,9,1.11,1876
39783,27,2012,8,0.2885,1.678,0.4407,95.34,14,1.12,2188
39783,28,2012,9,0.1958,1.5109,0.4548,100.0,10,0.62,2131
39783,29,2012,10,292.1732,2.5988,0.5668,81.3,24,880.8,2503
39783,30,2012,11,511.8181,4.4932,0.7576,12.95,61,1353.25,2224
39783,31,2012,12,0.2332,1.0177,0.275,99.85,13,7.23,2001
39783,32,2012,13,0.1536,0.5633,0.2179,100.0,6,0.4,684
39783,33,2012,14,55.5793,2.3425,0.5856,2.03,16,395.87,837
39783,34,2012,15,56.1396,1.9154,0.5766,92.67,10,215.92,2361
39783,35,2012,16,1158.9522,2.9525,0.6951,99.08,19,12107.56,1622
39783,36,2012,17,0.2535,2.2781,0.6354,100.0,12,0.73,1067
39783,37,2012,18,1.4621,2.5452,0.5294,92.83,28,13.4,265
39783,38,2012,19,118.0794,2.9823,0.5725,84.13,37,395.88,252
39783,39,2012,20,369.4858,6.853,0.9008,0.0,195,1033.97,384
39783,40,2012,21,139.8981,3.7701,0.5998,0.0,78,901.47,476
39783,41,2012,22,3.3161,3.4365,0.6028,0.0,52,400.7,340
39783,42,2012,23,5.0662,4.4333,0.6748,0.0,95,399.61,518
39783,43,2012,24,3.3742,4.0778,0.7086,0.0,54,401.43,331
39783,44,2012,25,5.8127,4.8044,0.7383,0.0,91,402.75,479
39783,45,2012,26,2.1876,2.7057,0.5514,0.0,30,400.81,413
39783,46,2012,27,9.2271,4.9272,0.7466,0.0,97,439.94,401
39783,47,2012,28,2.8376,2.9408,0.5355,0.0,45,399.42,421
39783,48,2012,29,3.4157,3.908,0.6856,0.0,52,400.34,361
39783,49,2012,30,3.6511,3.7313,0.6835,0.0,44,398.61,314
39783,50,2012,31,999.2671,4.3213,0.6797,0.0,82,3008.9,498
39783,51,2012,32,11.1631,2.804,0.5772,0.0,29,2991.95,153
39783,52,2012,33,551.2563,3.6558,0.7778,81.65,26,2984.82,109
39783,53,2012,34,0.7883,4.0038,0.7523,96.99,40,5.43,332
39783,54,2012,35,1.2999,4.1694,0.7782,96.09,41,11.05,256
39783,55,2012,36,0.8357,3.824,0.7955,99.52,28,10.94,209
39783,56,2012,37,1.802,3.4733,0.7225,97.22,28,11.49,216
39783,57,2012,38,0.9005,3.5753,0.7699,98.69,25,10.08,153
39783,58,2012,39,23.0001,4.3119,0.7898,93.12,44,117.75,247
39783,59,2012,40,0.9352,4.235,0.7624,98.09,47,11.82,418
39783,60,2012,41,27.4878,4.4794,0.7127,87.02,78,118.73,516
39783,61,2012,42,49.8399,4.6233,0.7233,72.22,84,141.56,396
39783,62,2012,43,0.6796,4.2664,0.7559,97.3,50,5.17,445
39783,63,2012,44,0.3016,4.2195,0.8226,100.0,35,0.82,375
39783,64,2012,45,0.4535,4.0693,0.7367,98.68,46,4.04,456
39783,65,2012,46,0.3201,4.0407,0.77,100.0,38,1.08,368
39783,66,2012,47,189.9549,5.9314,0.7892,36.25,183,399.6,698
39783,67,2012,48,1.7732,4.3008,0.7786,94.43,46,11.0,431
39783,68,2012,49,1.3477,4.2971,0.7871,96.63,44,10.98,326
39783,69,2012,50,166.5292,5.1211,0.7908,69.96,89,398.26,446
39783,70,2012,51,5.3342,4.7913,0.6673,0.0,145,408.03,651
39783,71,2012,52,6.2416,4.8521,0.7675,0.0,80,399.59,514
39783,72,2013,1,4.0719,4.1912,0.6505,0.0,87,399.49,697
39783,73,2013,2,94.8844,4.8869,0.6865,4.46,139,400.32,673
39783,74,2013,3,0.7863,4.2684,0.7452,94.88,53,5.05,488
39783,75,2013,4,0.4162,4.3213,0.7618,99.0,51,2.36,399
39783,76,2013,5,1.005,4.4529,0.785,96.2,51,9.94,421
39783,77,2013,6,0.5665,4.5512,0.8149,99.18,48,6.02,367
39783,78,2013,7,1.0216,4.6499,0.7809,94.75,62,6.46,476
39783,79,2013,8,0.7203,4.5369,0.7812,97.86,56,6.32,468
39783,80,2013,9,0.988,4.3903,0.7594,97.93,55,10.31,434
39783,81,2013,10,20.1634,4.7819,0.7828,92.39,69,125.8,447
39783,82,2013,11,1.1424,3.9108,0.6734,92.4,56,8.61,421
39783,83,2013,12,0.6888,4.5387,0.7887,94.69,54,3.15,414
39783,84,2013,13,0.6947,3.5371,0.9053,93.18,15,1.74,44
39783,85,2013,14,0.5065,3.3631,0.9088,92.68,13,1.36,41
39783,86,2013,15,0.9304,3.2028,0.9641,43.75,10,1.83,16
39783,87,2013,16,0.5298,3.9025,0.9359,93.18,18,1.08,44
39783,88,2013,17,0.4835,3.8166,0.9337,98.04,17,1.33,51
39783,89,2013,18,0.5426,2.9649,0.9353,100.0,9,0.94,25
39783,90,2013,19,0.2871,3.852,0.9424,97.83,17,1.08,46
39783,91,2013,20,75.757,3.4109,0.8959,92.31,14,284.41,52
39783,92,2013,21,4.1265,2.8731,0.7546,0.0,14,396.7,60
39783,93,2013,22,438.7834,2.925,0.8805,0.0,10,919.11,29
39783,94,2013,23,196.3177,3.749,0.8991,43.1,18,398.12,58
39783,95,2013,24,0.3793,3.0451,0.8802,82.54,11,1.28,63
39783,96,2013,25,0.3647,3.5218,0.9014,100.0,15,0.85,58
39783,97,2013,26,0.4496,3.6717,0.8805,95.0,18,1.3,60
39783,98,2013,27,0.5974,3.2685,0.8585,95.65,14,1.12,69
39783,99,2013,28,0.5744,3.2597,0.8562,97.85,14,1.1,93
39783,100,2013,29,158.257,3.8032,0.88,64.52,20,395.84,62
39783,101,2013,30,5.2093,3.5658,0.7679,0.0,25,399.54,84
39783,102,2013,31,5.9166,4.148,0.9047,0.0,24,398.08,57
39783,103,2013,32,5.4899,3.9997,0.8969,0.0,22,399.5,65
39783,104,2013,33,3.6503,2.8806,0.8672,0.0,10,397.98,67
39783,105,2013,34,156.9003,4.2153,0.8768,15.31,28,398.1,98
39783,106,2013,35,0.4593,3.626,0.9065,90.91,16,1.89,44
39783,107,2013,36,0.4291,3.9635,0.8,93.33,31,1.26,165
39783,108,2013,37,1.034,2.8186,0.7403,93.94,14,6.79,99
39783,109,2013,38,0.5022,3.2397,0.9037,93.33,12,1.28,30
39783,110,2013,39,0.4265,3.7537,0.8418,90.11,22,1.27,91
39783,111,2013,40,0.4435,3.7194,0.7656,91.46,29,1.82,164
39783,112,2013,41,0.5758,3.5476,0.7737,87.68,24,1.92,138
39783,113,2013,42,0.0312,0.8113,0.8113,100.0,2,0.18,8
39783,114,2013,43,0.3793,2.7601,0.7978,86.89,11,1.37,61
39783,115,2013,44,0.4446,3.7087,0.8443,98.85,21,0.89,87
39783,116,2013,45,0.4231,2.2166,0.7896,65.0,7,1.28,40
39783,117,2013,46,0.0,0.0,0.0,0.0,1,1.05,31
39783,118,2013,47,0.0,0.0,0.0,0.0,1,1.05,15
39783,119,2013,48,182.3964,3.4673,0.7665,65.33,23,398.09,75
39783,120,2013,49,64.3353,3.5999,0.7337,95.21,30,397.53,334
39783,121,2013,50,0.4492,3.6532,0.7867,96.19,25,1.51,105
39783,122,2013,51,193.3529,3.9953,0.7507,52.8,40,398.23,161
39783,123,2013,52,5.1458,5.5695,0.8477,0.0,95,399.44,295
39783,124,2014,1,402.7454,3.2128,0.8223,0.0,15,1258.32,78
39783,125,2014,2,149.1936,4.2261,0.7888,3.16,41,398.23,158
39783,126,2014,3,0.3371,3.3147,0.7433,96.28,22,1.54,188
39783,127,2014,4,1.5947,2.8978,0.8723,73.68,10,4.09,19
39783,128,2014,5,0.4471,2.6927,0.7277,92.45,13,1.33,53
39783,129,2014,6,0.0,0.0,0.0,100.0,1,0.5,22
39783,130,2014,7,1.1285,2.519,0.6616,84.78,14,4.09,46
39783,131,2014,8,0.2028,2.0637,0.5577,100.0,13,0.57,87
39783,132,2014,9,0.4158,2.5021,0.8913,80.95,7,1.09,42
39783,134,2014,11,403.9933,5.9863,0.8953,4.98,103,1741.52,241
39783,135,2014,12,0.7433,3.7617,0.8204,66.18,24,1.65,68
39783,137,2014,14,0.0012,0.0,0.0,100.0,1,0.18,2
39783,138,2014,15,0.5197,0.971,0.971,100.0,2,0.72,5
39783,139,2014,16,182.78,1.585,1.0,66.67,3,387.96,6
39783,140,2014,17,0.0703,1.5219,0.9602,100.0,3,0.51,5
39783,142,2014,19,0.1678,2.0349,0.7872,100.0,6,0.46,13
39783,143,2014,20,0.0,0.0,0.0,100.0,1,0.37,1
39783,144,2014,21,5.3303,2.2359,0.963,0.0,5,396.96,7
39783,154,2014,31,0.0201,0.0,0.0,0.0,1,395.87,2
39783,155,2014,32,174.9579,5.547,0.7887,0.0,131,397.83,336
39783,156,2014,33,124.4374,4.0918,0.6172,0.0,99,628.51,463
39783,160,2014,37,1.6567,3.7464,0.7427,69.23,33,5.23,104
39783,161,2014,38,0.4722,3.1792,0.835,98.48,14,1.34,66
39783,162,2014,39,176.2195,4.0891,0.8506,73.77,28,1361.46,61
39783,163,2014,40,0.0372,0.971,0.971,100.0,2,0.33,5
39783,164,2014,41,0.4068,2.3917,0.563,96.69,19,1.82,151
39783,165,2014,42,238.4082,4.5776,0.7848,53.55,57,488.89,211
39783,166,2014,43,215.8979,4.1922,0.6244,64.29,105,489.79,476
39783,167,2014,44,0.347,2.2683,0.7156,95.56,9,1.75,45
39783,168,2014,45,0.2429,2.8464,0.7692,100.0,13,0.84,44
39783,170,2014,47,0.8804,2.9638,0.741,81.43,16,2.87,70
39783,171,2014,48,2.6168,3.9488,0.6862,76.38,54,12.8,271
39783,172,2014,49,0.6639,3.3949,0.7613,86.42,22,2.86,81
39783,173,2014,50,1.3956,2.6346,0.7931,79.17,10,4.07,24
39783,174,2014,51,82.2849,3.1169,0.5468,90.56,52,396.21,339
39783,175,2014,52,4.292,2.7069,0.6372,0.0,19,397.91,140
40557,7,2011,40,0.3863,2.2904,0.4397,99.07,37,4.27,2048
40557,8,2011,41,121.6925,2.7625,0.4736,80.22,57,1256.87,2290
40557,9,2011,42,64.1761,3.6111,0.5745,17.94,78,172.73,2090
40557,10,2011,43,1.172,3.5864,0.5581,86.44,86,5.19,3030
40557,11,2011,44,0.4762,2.844,0.5274,94.48,42,4.59,2772
40557,12,2011,45,0.1635,1.7633,0.3751,100.0,26,0.77,2879
40557,13,2011,46,0.2075,2.274,0.4217,98.2,42,1.54,2661
40557,14,2011,47,59.7999,3.9742,0.565,16.5,131,159.56,2472
40557,15,2011,48,0.1974,1.9306,0.3897,99.57,31,1.62,2795
40557,16,2011,49,0.9506,2.6436,0.5075,94.98,37,6.82,1216
40557,17,2011,50,65.564,3.0475,0.585,75.03,37,159.01,957
40557,18,2011,51,0.8297,2.1623,0.6821,0.0,9,159.01,178
40557,19,2011,52,10.6507,3.3294,0.5592,0.0,62,159.58,1833
40557,20,2012,1,0.9618,2.1736,0.5318,0.0,17,159.02,572
40557,21,2012,2,1.1061,2.3105,0.526,0.0,21,159.0,962
40557,22,2012,3,0.3762,1.8011,0.3708,98.14,29,2.85,1453
40557,23,2012,4,93.3958,1.4711,0.3765,99.6,15,2080.1,495
40557,24,2012,5,0.2022,1.8969,0.4036,100.0,26,0.88,1551
40557,25,2012,6,0.2515,2.0416,0.3919,98.66,37,1.61,1639
40557,26,2012,7,0.2666,2.0279,0.4093,96.68,31,1.17,663
40557,27,2012,8,0.5275,2.2768,0.4439,96.82,35,5.14,1477
40557,28,2012,9,317.0767,3.0172,0.5882,29.37,35,686.27,1355
40557,29,2012,10,118.5226,2.6393,0.7629,68.86,11,665.53,880
40557,30,2012,11,38.0517,2.2576,0.514,0.63,21,159.02,1590
40557,31,2012,12,1.1079,2.2985,0.6919,92.41,10,4.49,1067
40557,32,2012,13,0.1693,1.5184,0.5874,100.0,6,0.75,956
40557,33,2012,14,73.5432,2.0696,0.5773,66.46,12,164.63,1807
40557,34,2012,15,0.2902,2.211,0.737,98.37,8,1.68,1414
40557,35,2012,16,0.1986,1.86,0.7196,100.0,6,0.73,1073
40557,36,2012,17,0.2633,2.3179,0.5933,99.9,15,1.13,1996
40557,37,2012,18,1.139,1.9571,0.4693,93.73,18,6.16,1037
40557,38,2012,19,70.1717,3.2729,0.6488,68.69,33,159.04,214
40557,39,2012,20,0.6779,1.7713,0.8856,0.0,4,159.05,23
40629,7,2011,40,0.3701,2.3368,0.452,92.99,36,2.78,1626
40629,8,2011,41,1256.4554,3.4119,0.655,57.63,37,12107.34,1855
40629,9,2011,42,264.677,3.6535,0.6733,38.36,43,665.58,2380
40629,10,2011,43,0.4665,2.0234,0.6091,32.0,10,2.8,2331
40629,11,2011,44,0.9759,1.6847,0.487,64.8,11,5.59,2335
40629,12,2011,45,0.3873,1.3954,0.3665,93.91,14,2.92,1969
40629,13,2011,46,50.6149,1.981,0.507,74.84,15,141.54,1912
40629,14,2011,47,84.1064,3.6175,0.7302,20.9,31,206.05,2210
40629,15,2011,48,64.8734,1.0607,0.3346,78.57,9,164.25,2212
40629,16,2011,49,0.4576,2.3585,0.71,75.39,10,1.54,1361
40629,17,2011,50,84.2522,2.0836,0.5333,61.54,15,174.69,1430
40629,18,2011,51,25.9607,2.6125,0.7552,0.0,11,219.79,1113
40629,19,2011,52,8.4499,1.9378,0.6903,0.0,7,174.69,1003
40629,20,2012,1,6.0923,1.9271,0.4933,0.0,15,180.9,1916
40629,21,2012,2,5.1726,3.2165,0.7213,0.0,22,181.34,1735
40629,22,2012,3,50.8125,2.6961,0.6347,73.18,19,174.35,2073
40629,23,2012,4,1.2632,1.1208,0.3992,95.64,7,9.94,1949
40629,24,2012,5,0.8578,2.0177,0.7187,76.79,7,2.58,1973
40629,25,2012,6,0.234,1.1113,0.4786,95.95,5,0.98,1236
40629,26,2012,7,0.0,0.0,0.0,100.0,1,0.24,2
40629,28,2012,9,0.3517,1.0,1.0,100.0,2,0.75,4
40629,30,2012,11,0.0,0.0,0.0,0.0,1,998.23,2
40629,31,2012,12,0.0,0.0,0.0,100.0,1,0.73,5
40629,33,2012,14,0.0,0.0,0.0,0.0,1,176.63,1
40629,34,2012,15,0.0,0.0,0.0,0.0,1,39.19,2
40629,35,2012,16,0.0,0.0,0.0,100.0,1,0.73,1
40629,37,2012,18,0.0,0.0,0.0,100.0,1,0.74,6
40629,38,2012,19,0.3221,0.9219,0.5817,80.0,3,1.71,10
40629,39,2012,20,2.1573,2.3301,0.83,60.0,7,6.4,15
40629,40,2012,21,0.0,0.0,0.0,0.0,1,135.78,3
40629,41,2012,22,1.3883,2.1972,0.9463,0.0,5,174.57,9
40629,42,2012,23,2.1281,1.0,1.0,0.0,2,174.67,4
40629,43,2012,24,1.2622,1.75,0.875,0.0,4,176.3,8
40629,44,2012,25,2.0018,1.2516,0.7897,0.0,3,176.04,6
40629,45,2012,26,4.3408,1.5,0.9464,0.0,3,181.52,4
40629,46,2012,27,37.0897,2.7108,0.9036,0.0,8,219.8,18
40629,47,2012,28,3.7338,1.5,0.9464,0.0,3,173.99,4
40629,48,2012,29,2.1725,1.585,1.0,0.0,3,176.2,3
40629,49,2012,30,1.8398,2.1556,0.9284,0.0,5,173.98,8
40629,50,2012,31,22.9479,2.1133,0.9101,0.0,5,178.27,9
40629,52,2012,33,84.44,2.25,0.969,37.5,5,174.65,8
40629,53,2012,34,0.822,1.5613,0.9851,75.0,3,1.16,8
40629,54,2012,35,0.8473,1.761,0.8805,80.0,4,2.77,10
40629,55,2012,36,0.0,0.0,0.0,100.0,1,0.71,1
40629,56,2012,37,0.9943,1.5305,0.9656,77.78,3,3.02,9
40629,57,2012,38,0.2561,1.469,0.7345,100.0,4,0.73,20
40629,58,2012,39,0.1493,1.585,1.0,100.0,3,0.71,3
40629,59,2012,40,0.1274,0.65,0.65,100.0,2,0.72,6
40629,60,2012,41,0.5595,2.5495,0.9082,92.86,7,1.52,14
40629,61,2012,42,0.3544,0.65,0.65,100.0,2,0.74,6
40629,62,2012,43,0.4405,1.9502,0.9751,57.14,4,1.03,7
40629,63,2012,44,0.9413,1.8366,0.9183,77.78,4,2.72,9
40629,64,2012,45,0.2968,1.0,1.0,100.0,2,0.75,6
40629,65,2012,46,0.2429,1.4183,0.7091,100.0,4,0.75,12
40629,66,2012,47,86.6726,2.2359,0.963,57.14,5,176.09,7
40629,67,2012,48,0.3816,2.4183,0.9355,66.67,6,0.99,12
40629,68,2012,49,0.3238,2.2008,0.8514,79.17,6,1.45,24
40629,69,2012,50,44.9379,1.2917,0.6458,92.86,4,174.6,14
40629,70,2012,51,1.4496,2.1556,0.9284,0.0,5,176.09,8
40629,71,2012,52,10.7266,2.5778,0.9182,0.0,7,181.59,16
40629,72,2013,1,795.9015,3.2928,0.9518,0.0,11,1541.83,17
40629,73,2013,2,652.1126,2.5,0.9671,0.0,6,1856.79,8
40629,74,2013,3,40.0883,1.7383,0.7486,93.33,5,160.88,15
40629,75,2013,4,0.7266,2.0137,0.779,86.11,6,2.92,36
40629,76,2013,5,0.4038,2.1527,0.7668,91.3,7,1.0,23
40629,77,2013,6,0.0259,0.8113,0.8113,100.0,2,0.73,16
40629,78,2013,7,0.3235,2.1346,0.8258,95.83,6,1.0,24
40629,79,2013,8,47.8067,2.8282,0.9427,75.0,8,116.05,20
40629,80,2013,9,45.2755,2.5219,0.8983,91.3,7,160.88,23
40629,81,2013,10,228.9998,2.8245,0.8165,65.62,11,673.63,32
40629,82,2013,11,746.6316,3.5724,0.9654,16.67,13,2310.27,18
40629,83,2013,12,0.3695,2.8693,0.9052,92.86,9,1.56,28
40629,84,2013,13,63.7075,1.7593,0.7577,84.0,5,174.11,25
40629,85,2013,14,0.7409,2.0404,0.8787,72.73,5,1.56,11
40629,86,2013,15,0.2177,1.5,0.9464,100.0,3,0.7,8
40629,87,2013,16,0.6564,2.8037,0.9346,100.0,8,1.07,20
40629,88,2013,17,0.2338,2.0742,0.8933,100.0,5,0.69,14
40629,89,2013,18,12.3999,3.1908,0.9605,70.0,10,41.39,30
40629,90,2013,19,0.6929,1.6577,0.8289,100.0,4,0.89,9
40629,91,2013,20,0.446,2.1416,0.8285,76.92,6,1.28,13
40629,92,2013,21,2952.6892,1.5,0.9464,0.0,3,6525.33,4
40629,93,2013,22,0.0047,0.0,0.0,0.0,1,6236.03,2
40629,95,2013,24,2.5923,2.5033,0.9684,0.0,6,176.24,9
40629,96,2013,25,9.6898,3.1019,0.9338,0.0,10,178.65,17
40629,97,2013,26,3.1513,3.1556,0.9499,0.0,10,178.66,19
40629,98,2013,27,12.9197,2.1416,0.8285,0.0,6,205.78,13
40629,99,2013,28,4.3053,2.4591,0.9513,0.0,6,176.12,12
40629,100,2013,29,3.7604,3.1281,0.9416,0.0,10,178.67,14
40629,101,2013,30,2.3343,2.2516,0.9697,0.0,5,177.98,6
40629,102,2013,31,2.1969,2.4768,0.8823,0.0,7,176.05,19
40629,103,2013,32,3.2736,2.4653,0.8782,0.0,7,175.2,24
40629,104,2013,33,4.276,3.4702,0.9378,0.0,13,178.26,24
40629,105,2013,34,3.676,2.1281,0.9165,0.0,5,176.27,7
40629,106,2013,35,1.1738,3.2715,0.8374,59.15,15,3.15,71
40629,107,2013,36,56.8785,3.7976,0.7465,81.94,34,215.99,227
40629,108,2013,37,0.0,0.0,0.0,0.0,1,215.98,19
40629,109,2013,38,0.9052,2.6519,0.6243,86.5,19,4.63,163
40629,110,2013,39,0.5378,2.0844,0.6576,100.0,9,0.88,28
40629,111,2013,40,0.2904,2.8241,0.7417,98.48,14,0.99,66
40629,112,2013,41,368.2505,4.3619,0.7729,61.08,50,1038.12,167
40629,113,2013,42,62.9598,3.7755,0.8032,52.78,26,148.66,144
40629,114,2013,43,320.1357,4.0838,0.8495,15.12,28,833.0,86
40629,115,2013,44,0.6756,2.9248,0.6379,87.87,24,3.79,272
40629,116,2013,45,0.7285,2.737,0.6333,94.44,20,4.33,90
40629,117,2013,46,0.7261,2.9689,0.6658,88.28,22,4.55,145
40629,118,2013,47,11.2864,3.7925,0.6866,79.59,46,56.57,196
40629,120,2013,49,0.7984,2.6474,0.6349,80.0,18,2.91,100
40629,121,2013,50,0.4047,2.808,0.7833,93.1,12,1.12,58
40877,7,2011,40,0.0159,0.9175,0.9175,100.0,2,0.56,2060
40877,8,2011,41,0.0088,0.8689,0.8689,100.0,2,0.6,2826
40877,9,2011,42,0.0282,0.6185,0.6185,100.0,2,0.6,3134
40877,10,2011,43,0.0213,0.5681,0.5681,100.0,2,0.55,2860
40877,11,2011,44,0.0166,0.8094,0.8094,100.0,2,0.59,3360
40877,12,2011,45,0.0123,0.9936,0.9936,100.0,2,0.55,2371
40877,13,2011,46,0.0082,0.848,0.848,100.0,2,0.55,2134
40877,14,2011,47,0.0148,0.8478,0.8478,100.0,2,0.59,3312
40877,15,2011,48,0.004,0.4938,0.4938,100.0,2,0.56,889
40877,16,2011,49,0.0284,0.7512,0.7512,100.0,2,0.59,2301
40877,17,2011,50,0.0277,0.9999,0.9999,100.0,2,0.59,1865
40877,28,2012,9,0.0329,0.9994,0.9994,100.0,2,0.6,994
40877,29,2012,10,21.268,1.4815,0.638,85.49,5,61.3,2750
40877,33,2012,14,0.0215,0.8682,0.8682,0.0,2,163.77,556
40877,34,2012,15,69.3161,1.5479,0.9766,0.0,3,163.77,732
40877,45,2012,26,2.0729,1.4313,0.7156,0.0,4,1030.25,278
40997,8,2011,41,1.2264,3.6041,0.7027,84.07,35,5.65,1576
40997,9,2011,42,0.3938,3.1676,0.7919,96.69,16,1.76,1089
40997,10,2011,43,0.3451,3.7251,0.745,98.56,32,4.59,1182
40997,11,2011,44,0.2637,3.6804,0.8664,99.92,19,0.95,1181
40997,12,2011,45,1513.2628,3.9032,0.8513,94.53,24,12107.45,1701
40997,13,2011,46,0.353,3.8963,0.839,98.39,25,0.88,1433
40997,14,2011,47,30.7026,4.0225,0.8367,88.89,28,1210.57,1557
40997,15,2011,48,0.3115,3.4277,0.7804,97.07,21,1.15,1606
40997,16,2011,49,0.4026,3.6033,0.8482,98.98,19,1.65,1859
40997,17,2011,50,410.9446,4.1616,0.818,83.5,34,2102.6,1630
40997,18,2011,51,6.0793,3.1976,0.6339,0.0,33,2108.06,1198
40997,19,2011,52,8.3375,3.2688,0.68,0.0,28,2110.93,1243
40997,20,2012,1,5.0075,3.1285,0.6149,0.0,34,2108.73,953
40997,21,2012,2,6.4838,2.6341,0.5019,0.0,38,2110.99,1372
40997,22,2012,3,683.2656,4.1051,0.7713,79.17,40,2110.99,1877
40997,23,2012,4,0.316,3.2551,0.8138,100.0,16,0.74,1228
40997,24,2012,5,0.4858,3.8641,0.8127,93.32,27,2.85,1857
40997,25,2012,6,0.307,3.3828,0.8457,100.0,16,0.74,1858
40997,26,2012,7,0.2537,1.9713,0.6571,100.0,8,0.74,1834
40997,27,2012,8,0.1842,1.1952,0.5976,100.0,4,0.74,2035
40997,28,2012,9,0.2553,1.7225,0.6664,100.0,6,0.75,1998
40997,29,2012,10,0.2947,1.7299,0.5457,97.18,9,0.98,2198
40997,30,2012,11,17.665,1.8932,0.5281,90.04,12,116.81,1848
40997,31,2012,12,1.5508,1.5164,0.5866,93.34,6,8.22,1816
40997,32,2012,13,0.4595,1.8488,0.6163,97.16,8,2.47,2040
40997,33,2012,14,0.3362,2.6161,0.654,100.0,16,0.75,2208
40997,34,2012,15,0.3086,3.3689,0.7795,100.0,20,0.76,1871
40997,35,2012,16,0.5083,2.8923,0.7231,89.49,16,2.83,1637
40997,36,2012,17,0.3087,3.1362,0.8475,100.0,13,0.74,1749
40997,37,2012,18,1.9894,2.5463,0.5189,90.45,30,8.84,806
40997,38,2012,19,28.6589,3.6412,0.7421,92.39,30,402.64,197
40997,39,2012,20,6.054,3.6128,0.778,58.24,25,36.39,170
40997,40,2012,21,58.3213,4.0477,0.8611,40.51,26,141.31,79
40997,42,2012,23,252.1748,1.0,1.0,0.0,2,6994.11,6
40997,43,2012,24,1.0066,1.2896,0.8137,0.0,3,7662.97,17
40997,44,2012,25,1.2897,0.6194,0.6194,0.0,2,6575.04,13
40997,45,2012,26,755.7486,2.4108,0.6332,0.0,14,2107.76,69
40997,46,2012,27,1189.1807,4.5539,0.8616,0.0,39,12623.59,118
40997,47,2012,28,7.7179,3.4834,0.717,0.0,29,2112.56,182
40997,48,2012,29,285.1936,3.9529,0.7979,1.87,31,2111.81,107
40997,49,2012,30,757.3056,2.6059,0.5421,0.0,28,7270.3,145
40997,50,2012,31,5.5233,3.1856,0.6626,0.0,28,2107.78,162
40997,51,2012,32,20.9447,3.4361,0.859,0.0,16,2108.99,48
40997,52,2012,33,1001.7974,3.8849,0.7997,26.67,29,2578.21,120
40997,53,2012,34,1.3517,3.8278,0.7588,92.01,33,5.43,338
40997,54,2012,35,0.7983,3.3285,0.7,96.85,27,5.16,254
40997,55,2012,36,0.2651,2.9844,0.6795,100.0,21,0.75,259
40997,56,2012,37,0.2817,2.8879,0.6682,98.25,20,1.03,171
40997,57,2012,38,1.167,3.2554,0.6634,93.39,30,5.36,227
40997,58,2012,39,31.7079,3.3927,0.7306,82.13,25,85.96,207
40997,81,2013,10,0.9732,2.5774,0.6965,96.67,13,5.0,150
40997,82,2013,11,2.3149,2.9939,0.8654,75.86,11,6.46,29
40997,106,2013,35,0.5297,3.1365,0.6673,84.23,26,3.15,222
40997,107,2013,36,8.2637,3.5058,0.673,85.07,37,41.87,375
40997,108,2013,37,0.1409,1.7359,0.5018,98.8,11,0.88,83
40997,109,2013,38,0.2361,1.9096,0.6802,95.35,7,1.28,43
41393,7,2011,40,0.0726,0.2053,0.2053,100.0,2,0.75,528
41393,8,2011,41,124.5011,1.5359,0.4624,68.44,10,282.45,2082
41393,9,2011,42,91.3891,3.0942,0.7045,15.97,21,212.01,2116
41393,10,2011,43,0.1042,0.1933,0.0748,99.94,6,0.91,1588
41393,11,2011,44,0.4529,2.2979,0.5232,99.21,21,1.47,2016
41393,12,2011,45,0.3882,1.6639,0.4641,100.0,12,0.75,1842
41393,13,2011,46,0.408,1.4436,0.3609,100.0,16,0.75,1906
41393,14,2011,47,116.296,3.4325,0.6407,23.31,41,322.75,2321
41393,15,2011,48,0.8342,1.3074,0.4657,99.44,7,10.56,1253
41393,16,2011,49,0.1392,0.2887,0.0962,100.0,8,0.75,1597
41393,17,2011,50,0.475,1.1802,0.5901,100.0,4,0.75,1198
41393,18,2011,51,3.4445,2.0435,0.6151,0.0,10,212.05,1849
41393,19,2011,52,2.5469,1.3837,0.4929,0.0,7,208.73,462
41393,20,2012,1,4.3639,2.2586,0.4517,0.0,32,213.15,2059
41393,21,2012,2,121.8964,3.4613,0.6461,0.0,41,367.8,1402
41393,22,2012,3,29.4386,2.0803,0.4282,91.07,29,200.25,1858
41393,23,2012,4,118.7774,2.8908,0.6805,63.78,19,1074.94,1781
41393,24,2012,5,0.6677,2.0412,0.4994,93.48,17,4.56,2132
41393,25,2012,6,1546.0323,1.3177,0.3676,97.48,12,12107.56,1508
41393,26,2012,7,0.4375,1.8085,0.4337,100.0,18,0.75,1974
41393,27,2012,8,0.3665,0.6051,0.2017,97.54,8,2.24,2847
41393,28,2012,9,0.2916,0.8493,0.2123,99.96,16,0.83,2552
41393,29,2012,10,288.0776,1.995,0.3749,85.74,40,1078.44,2293
41393,30,2012,11,170.5625,3.1861,0.6431,22.97,31,1078.41,1863
41393,31,2012,12,3.5518,0.7406,0.223,99.52,10,160.88,2083
41393,32,2012,13,0.6862,0.8194,0.1764,94.38,25,5.02,1887
41393,33,2012,14,17.7379,0.9811,0.22,95.39,22,98.23,2322
41393,34,2012,15,0.4763,1.5847,0.4162,100.0,14,0.75,2200
41393,35,2012,16,0.4412,1.3019,0.3065,98.27,19,3.39,2544
41393,36,2012,17,0.1826,0.4657,0.2938,100.0,3,0.75,2829
41393,37,2012,18,103.6176,1.733,0.3732,39.24,25,285.41,1988
41393,38,2012,19,41.2527,0.5335,0.1215,95.56,21,219.55,969
41393,39,2012,20,27.8663,3.7971,0.7235,0.0,38,212.0,217
41393,40,2012,21,51.3772,4.1636,0.7269,0.0,53,327.8,215
41393,41,2012,22,4.0639,3.7198,0.7657,0.0,29,221.25,187
41393,42,2012,23,4.4635,4.4416,0.7615,0.0,57,215.42,242
41393,43,2012,24,5.0483,4.0475,0.7829,0.0,36,211.98,133
41393,44,2012,25,4.209,3.6051,0.721,0.0,32,211.99,141
41393,45,2012,26,5.0144,4.1852,0.7621,0.0,45,223.14,209
41393,46,2012,27,4.3797,3.4757,0.7581,0.0,24,211.99,94
41393,47,2012,28,151.9816,4.103,0.7936,0.0,36,837.0,121
41393,48,2012,29,5.8453,4.4171,0.8043,0.0,45,223.48,174
41393,49,2012,30,4.1941,3.9567,0.7714,0.0,35,212.51,196
41393,50,2012,31,4.2764,3.8501,0.7391,0.0,37,212.51,180
41393,51,2012,32,111.0762,4.5162,0.8486,0.0,40,664.68,105
41393,52,2012,33,4.8142,3.4745,0.9126,0.0,14,211.91,35
41393,53,2012,34,0.4208,2.1276,0.5446,97.75,15,2.19,89
41393,54,2012,35,0.5106,2.4801,0.7466,100.0,10,0.78,43
41393,55,2012,36,1.6385,3.3757,0.6635,88.97,34,5.59,145
41393,56,2012,37,2.0295,2.781,0.7515,91.89,13,9.53,37
41393,57,2012,38,1.0948,2.4924,0.5977,95.92,18,9.54,98
41393,58,2012,39,0.4534,2.0569,0.5402,98.91,14,1.68,92
41393,59,2012,40,0.6412,2.2856,0.6607,98.08,11,3.35,52
41393,60,2012,41,0.3986,1.8654,0.5203,100.0,12,0.74,61
41393,61,2012,42,90.7005,5.1132,0.7838,24.34,92,219.24,304
41393,62,2012,43,1.0215,2.051,0.5128,96.43,16,5.46,112
41393,63,2012,44,0.5638,2.6669,0.5674,94.78,26,2.53,115
41393,64,2012,45,1.5563,3.0478,0.6274,95.16,29,11.69,186
41393,65,2012,46,0.7062,2.3201,0.5129,94.37,23,4.62,142
41393,66,2012,47,117.2241,5.469,0.825,22.11,99,322.99,285
41393,67,2012,48,0.6914,1.541,0.3944,98.09,15,4.64,157
41393,68,2012,49,1.7118,2.0574,0.476,93.57,20,10.08,140
41393,79,2013,8,0.3155,1.9301,0.8313,100.0,5,0.74,15
41393,80,2013,9,0.4572,1.3762,0.3615,98.89,14,4.99,361
41393,81,2013,10,84.3337,2.8849,0.5317,65.66,43,208.03,265
41393,82,2013,11,127.0581,4.2889,0.707,2.99,67,2566.02,469
41393,83,2013,12,50.0218,3.4102,0.5773,79.94,60,948.72,359
41393,84,2013,13,38.4242,3.7474,0.5911,68.48,81,108.1,387
41393,85,2013,14,1.5891,1.7375,0.409,76.33,19,4.72,169
41393,86,2013,15,0.4482,1.6226,0.3307,93.37,30,1.43,377
41393,87,2013,16,0.2846,1.1438,0.3813,93.3,8,1.21,224
41393,88,2013,17,0.5177,2.3134,0.4922,94.92,26,3.66,256
41393,89,2013,18,0.1056,0.1793,0.1793,100.0,2,0.74,74
41393,90,2013,19,90.6388,4.726,0.6819,48.95,122,210.13,617
41393,91,2013,20,0.4122,1.5161,0.4229,0.0,12,201.26,168
41393,92,2013,21,6.2641,4.1698,0.6737,0.0,73,215.53,516
41393,93,2013,22,1.2635,1.5683,0.5586,0.0,7,216.4,114
41393,94,2013,23,3.7485,2.3049,0.6938,0.0,10,208.23,192
41393,95,2013,24,6.2426,2.5196,0.4734,0.0,40,225.64,339
41393,96,2013,25,3.7872,2.0142,0.6354,0.0,9,207.26,124
41393,97,2013,26,3.8991,2.9053,0.576,0.0,33,212.34,265
41393,98,2013,27,3.3666,2.2967,0.6032,0.0,14,208.33,118
41393,99,2013,28,4.4652,4.3468,0.742,0.0,58,210.91,354
41393,100,2013,29,94.6044,2.2004,0.6361,0.0,11,1283.97,137
41393,101,2013,30,1074.9063,4.8493,0.7347,0.0,97,2591.32,551
41393,102,2013,31,6.1804,3.5783,0.5942,0.0,65,216.74,333
41393,103,2013,32,2.6835,3.1834,0.5982,0.0,40,208.18,343
41393,104,2013,33,94.3989,4.7685,0.7209,0.71,98,211.41,422
41393,105,2013,34,1.1014,2.5328,0.4938,2.06,35,5.76,243
41393,106,2013,35,218.8163,1.0971,0.3171,1.69,11,2917.67,177
41393,107,2013,36,135.2813,3.3726,0.5833,2.23,55,284.24,314
41393,108,2013,37,0.6625,1.9054,0.4662,21.97,17,2.05,173
41393,109,2013,38,1.7453,1.6309,0.5145,8.77,9,3.65,114
41393,110,2013,39,16.0977,2.881,0.5277,10.42,44,302.14,355
41393,111,2013,40,0.9808,2.4537,0.516,17.76,27,4.5,304
41393,112,2013,41,1.0079,2.3813,0.5421,24.26,21,5.01,202
41393,113,2013,42,36.0897,2.5872,0.5273,13.85,30,246.08,361
41393,114,2013,43,38.537,3.4779,0.5357,1.29,90,108.2,620
41393,115,2013,44,0.3547,0.7442,0.3721,0.0,4,1.97,54
41393,116,2013,45,1.5119,2.8944,0.5689,13.51,34,4.93,185
41393,117,2013,46,0.8318,2.2137,0.4468,9.31,31,3.84,290
41393,118,2013,47,1.4122,3.3368,0.5672,25.18,59,8.63,274
41393,119,2013,48,87.7811,4.4907,0.697,1.48,87,202.47,338
41393,120,2013,49,0.9169,2.8747,0.5859,19.76,30,1.98,167
41393,121,2013,50,1.6096,3.3996,0.6928,4.65,30,5.62,86
41393,122,2013,51,88.1229,2.9558,0.6839,4.72,20,207.51,106
41393,123,2013,52,3.9597,3.7056,0.7884,0.0,26,208.5,150
41393,124,2014,1,67.8109,3.8228,0.7716,0.92,31,282.56,109
41393,125,2014,2,0.9563,1.4484,0.3914,22.14,13,7.79,262
41393,126,2014,3,1.9775,1.9881,0.4395,21.91,23,23.71,251
41393,127,2014,4,71.5234,3.6043,0.6077,25.54,61,215.61,513
41393,128,2014,5,1.0356,2.6161,0.5281,25.49,31,4.26,455
41393,129,2014,6,0.6759,1.401,0.442,22.8,9,3.8,193
41393,130,2014,7,1.9968,4.2362,0.7201,15.45,59,7.88,246
41393,131,2014,8,0.9936,1.2084,0.3812,1.65,9,3.83,121
41393,132,2014,9,0.8042,3.0712,0.6389,28.97,28,3.14,145
41393,133,2014,10,1.3993,2.1239,0.5436,14.68,15,4.98,109
41393,134,2014,11,159.9248,4.7812,0.7294,3.39,94,1222.75,295
41393,135,2014,12,100.5323,2.5744,0.5957,2.22,20,207.42,180
41393,136,2014,13,0.9683,2.7799,0.6234,18.1,22,3.02,105
41393,137,2014,14,1.5027,3.4165,0.642,11.05,40,5.33,181
41393,138,2014,15,1.5383,2.5247,0.6312,7.23,16,4.73,83
41393,139,2014,16,1.2361,2.0884,0.6037,6.67,11,4.73,60
41393,140,2014,17,1.2725,3.7082,0.7557,15.61,30,3.86,205
41393,142,2014,19,94.1693,4.2584,0.8114,6.98,38,209.19,86
41393,143,2014,20,0.6027,0.6194,0.6194,0.0,2,3.08,13
44167,7,2011,40,257.2646,3.9188,0.6634,55.45,60,575.3,1881
44167,8,2011,41,2248.0598,4.7081,0.7102,67.42,99,6957.29,2535
44167,9,2011,42,3532.9262,4.392,0.6084,42.84,149,6963.38,2696
44167,10,2011,43,532.1103,4.2217,0.6587,51.16,85,1169.44,2801
44167,11,2011,44,40.6404,4.1742,0.6722,77.24,74,1038.01,1762
44167,12,2011,45,404.8138,4.6869,0.7457,42.52,78,847.52,1444
44167,13,2011,46,97.7893,3.3854,0.5177,35.59,93,203.79,3074
44167,14,2011,47,85.251,4.4001,0.5613,54.03,229,279.57,3098
44167,15,2011,48,2.077,3.3474,0.5374,91.77,75,45.16,1907
44167,16,2011,49,0.8757,3.5947,0.5947,87.91,66,4.47,2441
44167,17,2011,50,24.5654,1.9113,0.3591,95.29,40,156.93,1508
44167,29,2012,10,78.3749,3.3601,0.6272,50.9,41,159.59,1672
44167,30,2012,11,407.1104,1.7378,0.3655,0.31,27,912.2,2576
44167,31,2012,12,19.6014,2.5917,0.59,92.38,21,131.19,2440
44167,32,2012,13,63.41,3.2958,0.7391,87.25,22,222.0,2283
44167,33,2012,14,0.2587,0.9939,0.9939,100.0,2,0.53,174
44167,34,2012,15,0.2554,1.1123,0.5562,98.97,4,1.0,194
44167,35,2012,16,0.9876,1.9183,0.9591,83.33,4,2.95,6
44167,36,2012,17,0.4895,1.571,0.9912,100.0,3,0.74,10
44167,37,2012,18,182.6563,2.6416,0.8805,66.67,8,388.02,18
44167,38,2012,19,71.5138,2.1163,0.9114,70.59,5,156.97,17
44167,39,2012,20,0.5141,1.3727,0.6864,0.0,4,157.29,19
44167,40,2012,21,17.7286,2.3598,0.9129,0.0,6,163.13,19
44167,41,2012,22,16.4258,2.6535,0.8845,0.0,8,156.96,13
44167,42,2012,23,656.571,2.75,0.9167,0.0,8,1323.64,16
44167,43,2012,24,409.8167,1.9212,0.8274,0.0,5,840.64,14
44167,44,2012,25,0.1441,0.684,0.684,0.0,2,1101.99,11
44167,45,2012,26,0.1419,1.0,1.0,100.0,2,0.74,2
44167,46,2012,27,107.8698,2.4138,0.9338,57.14,6,220.88,14
44167,47,2012,28,0.7088,1.7899,0.895,90.91,4,2.78,11
44167,48,2012,29,0.6232,1.7534,0.7552,92.86,5,2.77,14
44167,49,2012,30,1.0964,2.5869,0.9215,52.94,7,2.77,17
44167,50,2012,31,86.0132,2.7516,0.9172,66.67,8,198.78,12
44167,51,2012,32,77.2289,1.9219,0.961,60.0,4,157.07,5
44167,52,2012,33,0.085,0.8454,0.8454,100.0,2,0.72,11
44167,53,2012,34,416.2528,2.766,0.922,45.0,8,879.46,20
44167,54,2012,35,0.4433,0.9612,0.9612,100.0,2,0.77,13
44167,55,2012,36,1239.1077,2.5786,0.8595,52.94,8,2921.21,17
44167,56,2012,37,0.4347,1.4354,0.9056,72.73,3,1.03,11
44167,57,2012,38,172.9042,2.555,0.9101,31.25,7,385.4,16
44167,58,2012,39,1.5029,3.8471,0.9618,60.61,16,4.45,33
44167,59,2012,40,0.4645,2.6088,0.8696,100.0,8,0.89,23
44167,60,2012,41,50.7325,3.3321,0.9632,66.67,11,119.79,21
44167,61,2012,42,434.5432,2.0449,0.8807,40.91,5,934.33,22
44167,62,2012,43,38.3147,2.6612,0.9479,46.15,7,143.73,13
44167,63,2012,44,477.3747,3.5086,0.9482,67.86,13,1029.21,28
44167,64,2012,45,71.6776,3.5273,0.9028,62.16,15,203.28,37
44167,65,2012,46,39.1797,3.4062,0.9205,65.38,13,203.26,26
44167,66,2012,47,167.041,2.7719,0.924,64.71,8,438.54,17
44167,67,2012,48,96.9804,3.5869,0.9181,50.0,15,434.92,38
44167,68,2012,49,0.9449,4.1796,0.7751,77.98,42,3.35,218
44167,69,2012,50,32.2354,3.4123,0.8033,91.19,19,157.99,159
44167,70,2012,51,5.6583,2.7916,0.807,0.0,11,164.76,34
44167,71,2012,52,131.2418,3.126,0.941,0.0,10,314.28,30
44167,72,2013,1,727.7185,4.0107,0.8994,0.0,22,1857.39,70
44167,73,2013,2,160.5385,1.2785,0.3358,0.52,14,1858.25,579
44167,74,2013,3,1.0561,2.9696,0.78,77.14,14,5.23,70
44167,75,2013,4,0.4458,3.4246,0.8765,90.91,15,1.0,55
44167,76,2013,5,0.3987,1.7101,0.7365,100.0,5,0.81,31
44167,77,2013,6,0.6958,1.747,0.5511,89.61,9,2.74,77
44167,78,2013,7,121.3835,3.7685,0.9037,64.44,18,315.15,45
44167,79,2013,8,0.5534,2.2429,0.5487,96.23,17,3.65,159
44167,80,2013,9,1.3676,1.1106,0.7007,93.33,3,4.99,30
44167,85,2013,14,0.002,0.0,0.0,100.0,1,0.55,9
44520,7,2011,40,0.4703,1.7998,0.6411,93.68,7,1.46,1392
44520,8,2011,41,550.0136,2.1198,0.4905,83.81,20,1591.49,2539
44520,9,2011,42,450.1002,2.4335,0.5836,0.0,18,1596.01,1768
44520,10,2011,43,0.3786,2.7818,0.7517,98.4,13,2.91,2497
44520,11,2011,44,0.1842,1.0137,0.4366,100.0,5,0.77,2374
44520,12,2011,45,0.2132,1.2227,0.2667,99.06,24,2.22,2128
44520,13,2011,46,0.3669,1.4611,0.6292,100.0,5,0.58,2040
44520,14,2011,47,53.7189,2.3145,0.4717,66.88,30,121.46,1851
44520,15,2011,48,0.2422,2.0874,0.7436,100.0,7,0.59,1385
44520,16,2011,49,0.2189,1.5051,0.5361,100.0,7,0.46,778
44520,17,2011,50,758.8205,2.2956,0.4943,59.93,25,1584.78,1842
44520,18,2011,51,8.3034,2.4367,0.6585,0.0,13,1579.46,987
44520,19,2011,52,4.6802,2.1271,0.6149,0.0,11,1595.53,1534
44520,20,2012,1,7.532,2.2406,0.5735,0.0,15,1612.07,1499
44520,21,2012,2,434.7232,2.0493,0.4824,4.75,19,1594.0,1851
44520,22,2012,3,0.2077,1.2912,0.3602,99.79,12,5.05,1924
44520,23,2012,4,0.2257,2.1923,0.6916,100.0,9,0.78,1424
44520,24,2012,5,0.2141,2.1809,0.5728,100.0,14,0.74,2379
44520,25,2012,6,0.3101,2.6252,0.7323,98.42,12,1.11,1837
44520,26,2012,7,0.0464,0.0635,0.0401,100.0,3,0.74,305
44520,29,2012,10,0.0,0.0,0.0,100.0,1,0.24,1
44520,30,2012,11,662.2865,2.8074,1.0,0.0,7,1579.44,7
44520,31,2012,12,18.0243,1.7971,0.6401,96.15,7,93.52,26
44520,32,2012,13,0.3276,1.9219,0.961,100.0,4,0.63,5
44520,33,2012,14,45.1067,0.684,0.684,81.82,2,116.74,11
44520,34,2012,15,1.8836,1.3788,0.8699,85.71,3,5.29,7
44520,35,2012,16,0.2478,1.585,1.0,100.0,3,0.39,3
44520,36,2012,17,0.4306,2.5216,0.9755,100.0,6,0.74,7
44520,37,2012,18,0.2868,2.2914,0.8162,100.0,7,0.74,35
44520,38,2012,19,725.6885,2.6556,0.946,12.5,7,1579.44,16
44520,39,2012,20,643.5258,1.3516,0.8528,0.0,3,2934.02,9
44520,49,2012,30,0.0209,0.0,0.0,0.0,1,11566.09,3
44520,50,2012,31,675.87,1.8424,0.9212,0.0,4,2935.83,7
44520,51,2012,32,0.3452,1.9455,0.8379,0.0,5,1579.48,18
44520,52,2012,33,702.9646,2.375,0.7917,12.5,8,1579.48,16
44520,53,2012,34,0.6071,2.1607,0.8359,82.35,6,1.74,17
44520,54,2012,35,0.2707,2.7208,0.819,100.0,10,0.54,31
44520,55,2012,36,0.4633,1.8676,0.8043,90.91,5,1.17,11
44520,56,2012,37,258.2175,2.4154,0.9344,25.81,6,596.32,31
44520,57,2012,38,1.0726,1.9925,0.7097,93.55,7,4.34,31
44520,58,2012,39,123.7795,2.6032,0.9273,76.92,7,293.88,13
44520,59,2012,40,19.3724,2.7441,0.686,97.25,16,119.2,109
44520,60,2012,41,480.2609,3.9251,0.6645,78.33,60,1579.48,240
44520,61,2012,42,272.0399,5.6427,0.7745,1.18,156,1627.36,423
44520,62,2012,43,1.9674,3.2967,0.648,95.9,34,14.07,244
44520,63,2012,44,0.2889,2.9814,0.6686,100.0,22,0.99,153
44520,64,2012,45,17.0064,3.7566,0.7012,86.31,41,69.56,263
44520,65,2012,46,1.8001,3.4929,0.652,93.03,41,12.03,287
44520,66,2012,47,0.6397,2.2723,0.5173,97.35,21,5.16,189
44520,67,2012,48,1.11,2.7706,0.5763,95.52,28,6.65,223
44520,68,2012,49,2.4403,2.9475,0.6271,92.12,26,12.37,203
44520,69,2012,50,0.9531,2.6882,0.5478,90.31,30,4.46,196
44520,73,2013,2,11.17,3.6978,0.9465,0.0,15,141.44,22
44520,74,2013,3,48.782,3.351,0.5823,70.5,54,121.98,278
44520,75,2013,4,13.2935,3.4686,0.6392,63.67,43,31.91,311
44520,76,2013,5,0.3698,3.3189,0.6832,95.39,29,2.3,217
44520,77,2013,6,0.2511,3.2145,0.7011,99.4,24,1.54,166
44520,78,2013,7,826.8483,3.3367,0.6941,96.77,28,13002.91,248
44520,79,2013,8,0.8813,3.1967,0.6048,95.98,39,5.63,249
44520,80,2013,9,0.2774,2.7193,0.5598,99.58,29,1.59,238
44520,81,2013,10,361.7535,5.1878,0.7511,56.06,120,793.06,371
44520,82,2013,11,14.6723,5.0034,0.7827,0.0,84,782.19,219
44520,83,2013,12,1.2479,2.6072,0.6379,99.26,17,14.26,270
44520,84,2013,13,0.7439,2.4438,0.4845,96.31,33,8.0,271
44520,85,2013,14,0.267,2.9407,0.6501,99.18,23,1.51,244
44520,86,2013,15,0.3485,2.849,0.5751,96.56,31,1.83,320
44520,87,2013,16,31.3559,3.3321,0.6141,88.93,43,117.59,298
44520,88,2013,17,0.1386,1.2838,0.4966,100.0,6,0.56,44
44520,89,2013,18,0.3828,1.7798,0.5615,81.03,9,1.26,58
44520,90,2013,19,363.6762,3.514,0.8427,31.37,18,764.71,51
44520,91,2013,20,19.3748,3.155,0.8286,0.0,14,781.55,34
44520,92,2013,21,4.5969,2.0208,0.8703,0.0,5,781.55,23
44520,93,2013,22,4.307,2.1421,0.763,0.0,7,781.53,24
44520,94,2013,23,1206.8171,3.7744,0.8885,0.0,19,3099.56,45
44520,95,2013,24,0.0149,0.896,0.896,0.0,2,781.52,16
44520,96,2013,25,0.1679,1.054,0.665,0.0,3,781.52,20
44520,97,2013,26,8.4059,1.6175,0.5761,0.0,7,781.54,27
44520,98,2013,27,0.123,1.3727,0.6864,0.0,4,781.53,19
44520,99,2013,28,4.2317,2.0176,0.7187,0.0,7,782.16,28
44520,100,2013,29,2.4328,2.5051,0.8923,0.0,7,781.53,24
44520,101,2013,30,0.3244,2.185,0.941,0.0,5,781.5,35
44520,102,2013,31,0.3139,2.2024,0.9485,0.0,5,781.52,30
44520,103,2013,32,0.3871,1.9077,0.738,0.0,6,781.58,33
44520,104,2013,33,3.1399,2.6543,0.799,0.0,10,781.66,36
44520,105,2013,34,272.7691,3.3143,0.9245,5.71,12,781.76,35
44520,106,2013,35,0.0445,0.5436,0.5436,100.0,2,0.33,8
44520,108,2013,37,0.4396,2.7032,0.754,92.5,12,1.24,40
44520,109,2013,38,0.7002,2.9517,0.7379,66.67,16,1.77,69
44520,111,2013,40,0.7147,2.5801,0.7458,72.41,11,2.2,29
44520,113,2013,42,231.2926,4.2124,0.7716,57.35,44,781.53,136
44520,114,2013,43,214.08,5.2334,0.9181,3.85,52,792.71,78
44520,115,2013,44,0.6577,3.1548,0.7427,75.0,19,1.13,56
44520,119,2013,48,0.3059,1.5886,0.5659,96.97,7,1.08,33
44520,120,2013,49,3.4681,4.9357,0.8226,58.14,64,8.53,129
44520,121,2013,50,0.4047,3.5503,0.7743,94.05,24,1.56,84
44520,122,2013,51,222.5527,5.7823,0.8864,53.59,92,781.54,153
44520,123,2013,52,5.0964,4.1094,0.8743,0.0,26,782.07,51
44520,124,2014,1,6748.0754,4.6035,0.8484,0.0,43,12599.97,106
44520,143,2014,20,0.0018,0.0,0.0,0.0,1,11426.8,2
44520,144,2014,21,168.4748,4.1006,0.8724,0.0,26,781.58,44
44520,156,2014,33,0.0,0.0,0.0,0.0,1,781.5,1
44520,157,2014,34,0.0,0.0,0.0,0.0,1,781.5,1
44947,7,2011,40,0.9668,2.3311,0.6502,76.47,12,2.78,1704
44947,8,2011,41,146.5761,2.5528,0.6705,65.0,14,342.97,2554
44947,9,2011,42,123.3968,2.879,0.6555,12.35,21,1083.48,2582
44947,10,2011,43,0.6902,2.062,0.5045,82.91,17,5.19,2001
44947,11,2011,44,0.2694,1.5562,0.5187,99.89,8,0.91,1809
44947,12,2011,45,0.3081,2.4496,0.6833,100.0,12,0.88,2465
44947,13,2011,46,0.2696,2.0765,0.6251,95.52,10,0.9,2453
44947,14,2011,47,150.1082,3.1283,0.6257,28.26,32,348.69,2686
44947,15,2011,48,0.2707,1.9476,0.6492,78.23,8,0.9,2930
44947,16,2011,49,0.2717,2.0711,0.6534,100.0,9,0.73,2319
44947,17,2011,50,151.3288,2.1837,0.6312,48.05,11,339.97,1894
44947,18,2011,51,3.7812,3.4841,0.7932,0.0,21,348.4,2234
44947,19,2011,52,11.5904,2.2974,0.6209,0.0,13,344.47,2236
44947,20,2012,1,3.4831,1.9147,0.5764,0.0,10,342.95,2385
44947,21,2012,2,8.5792,2.5227,0.7594,0.0,10,348.12,1355
44947,22,2012,3,0.1461,1.7265,0.5755,100.0,8,0.74,1939
44947,23,2012,4,0.3424,2.0868,0.5481,99.59,14,0.92,1931
44947,24,2012,5,0.1737,1.119,0.3986,100.0,7,0.71,1195
44947,25,2012,6,0.5007,1.9551,0.5454,98.1,12,4.26,1785
44947,26,2012,7,0.2266,2.465,0.6309,100.0,15,0.74,2433
44947,27,2012,8,0.2452,2.0409,0.727,100.0,7,0.75,2445
44947,28,2012,9,0.3547,2.389,0.7192,100.0,10,0.74,2482
44947,29,2012,10,160.9868,3.1575,0.7894,53.67,16,339.97,2944
44947,30,2012,11,7.2902,2.197,0.6128,0.0,12,348.19,2680
44947,31,2012,12,0.2369,1.6693,0.5564,99.96,8,1.15,2479
44947,32,2012,13,0.2272,2.1835,0.7778,100.0,7,0.75,1605
44947,33,2012,14,162.8993,3.0908,0.7727,58.59,16,348.1,2335
44947,34,2012,15,116.985,1.4065,0.6057,84.39,5,339.97,2153
44947,35,2012,16,0.3046,1.5988,0.7994,100.0,4,0.73,2093
44947,36,2012,17,0.3587,1.7047,0.5378,99.34,9,3.02,2438
44947,37,2012,18,0.4598,2.5541,0.5646,98.57,23,1.68,560
44947,38,2012,19,156.4755,4.0051,0.7096,59.89,50,348.36,182
44947,39,2012,20,6.7096,3.8911,0.6793,0.0,53,348.36,233
44947,40,2012,21,11.1204,3.916,0.7217,0.0,43,348.1,286
44947,41,2012,22,10.7578,4.2111,0.7713,0.0,44,348.36,165
44947,42,2012,23,35.3725,4.5429,0.8009,0.0,51,348.1,229
44947,43,2012,24,10.0909,4.2444,0.7774,0.0,44,348.11,268
44947,44,2012,25,10.9628,3.9725,0.7192,0.0,46,350.67,260
44947,45,2012,26,10.5118,3.8224,0.7089,0.0,42,348.26,230
44947,46,2012,27,11.8529,4.1582,0.7528,0.0,46,353.38,240
44947,47,2012,28,7.5458,3.7018,0.7338,0.0,33,348.35,150
44947,48,2012,29,35.4527,2.3544,0.5447,0.0,20,349.55,209
44947,49,2012,30,11.437,3.9829,0.7131,0.0,48,348.1,310
44947,50,2012,31,9.5076,3.6305,0.6611,0.0,45,342.99,311
44947,51,2012,32,9.7642,3.9275,0.7786,0.0,33,349.44,115
44947,52,2012,33,162.0518,3.9407,0.8031,54.74,30,348.12,95
44947,53,2012,34,666.4091,2.4614,0.5236,95.11,26,9064.65,184
44947,54,2012,35,0.3672,2.2367,0.7456,92.31,8,1.59,26
44947,55,2012,36,0.4814,3.7,0.8561,98.28,20,1.49,58
44947,56,2012,37,0.3846,2.9611,0.7244,99.19,17,1.57,123
44947,57,2012,38,0.482,2.9764,0.6887,95.97,20,1.56,149
44947,58,2012,39,0.8691,2.9149,0.6862,90.72,19,3.63,97
44947,59,2012,40,0.2525,2.1952,0.7317,100.0,8,0.76,67
44947,60,2012,41,165.9766,4.2021,0.8128,49.07,36,348.45,108
44947,61,2012,42,170.8543,4.2588,0.8238,47.48,36,353.47,139
44947,62,2012,43,0.3779,3.18,0.7626,98.23,18,1.69,113
44947,63,2012,44,0.3441,2.8808,0.6059,96.83,27,1.71,284
44947,64,2012,45,0.407,2.9294,0.6094,99.46,28,1.03,184
44947,65,2012,46,0.3678,2.5839,0.6196,98.29,18,1.47,175
44947,66,2012,47,147.5251,3.7186,0.7372,67.08,33,340.48,161
44947,67,2012,48,451.5112,4.5034,0.7688,66.02,58,1045.0,206
44947,68,2012,49,0.1296,0.6877,0.245,99.14,7,1.48,116
44947,69,2012,50,128.4777,2.6228,0.5199,78.11,33,343.66,201
44947,70,2012,51,12.934,3.5457,0.7733,0.0,24,348.31,62
44947,71,2012,52,8.9067,3.4909,0.7046,0.0,31,345.63,134
44947,72,2013,1,9.8256,3.7374,0.6766,0.0,46,348.23,305
44947,73,2013,2,77.919,3.9958,0.6737,4.47,61,348.23,358
44947,74,2013,3,0.2935,2.3373,0.5605,98.73,18,0.95,157
44947,75,2013,4,0.0243,0.8113,0.8113,100.0,2,0.73,8
44947,77,2013,6,0.0,0.0,0.0,100.0,1,0.73,2
44947,78,2013,7,0.3598,2.2578,0.9724,100.0,5,0.73,13
44947,79,2013,8,0.3142,1.9056,0.9528,100.0,4,0.73,8
44947,80,2013,9,0.0288,0.8113,0.8113,100.0,2,0.72,4
44947,81,2013,10,0.0353,0.9183,0.9183,100.0,2,0.72,6
44947,82,2013,11,2.8474,1.3486,0.8509,0.0,3,339.97,11
44947,83,2013,12,0.0199,1.0,1.0,100.0,2,0.47,4
44947,84,2013,13,155.6303,2.4464,0.9464,70.0,6,339.98,10
44947,85,2013,14,0.6408,3.2814,0.7157,89.04,24,3.04,146
44947,86,2013,15,0.514,3.4089,0.6758,90.28,33,1.85,216
44947,88,2013,17,0.4667,3.3011,0.6436,88.92,35,1.68,352
44947,89,2013,18,0.5486,3.5304,0.7126,85.47,31,2.41,234
44947,90,2013,19,1.2197,2.8316,0.7652,91.04,13,5.13,67
44956,7,2011,40,2.7392,1.6386,0.7057,83.99,5,10.81,481
44956,8,2011,41,140.9081,3.5553,0.584,64.47,68,309.79,1714
44956,9,2011,42,1.5577,2.6797,0.6426,72.36,18,4.9,2203
44956,10,2011,43,60.8133,2.2792,0.7597,99.19,8,784.03,369
44956,11,2011,44,0.4195,2.1219,0.9139,100.0,5,0.76,10
44956,12,2011,45,111.1689,2.585,1.0,50.0,6,226.11,6
44956,13,2011,46,0.0,0.0,0.0,100.0,1,0.27,1
44956,14,2011,47,215.8217,1.5,0.9464,0.0,3,335.71,4
44956,17,2011,50,0.0,0.0,0.0,0.0,1,6.11,1
44956,18,2011,51,0.0166,0.0,0.0,0.0,1,335.71,4
44956,19,2011,52,0.0,0.0,0.0,0.0,1,335.7,3
44956,20,2012,1,0.0183,0.0,0.0,0.0,1,335.72,4
44956,21,2012,2,0.416,1.2244,0.7725,0.0,3,336.54,9
44956,22,2012,3,0.3589,1.371,0.865,100.0,3,0.71,5
44956,23,2012,4,0.0,0.0,0.0,100.0,1,0.24,1
44956,24,2012,5,0.0,0.0,0.0,100.0,1,0.78,1
44956,25,2012,6,0.3892,0.9183,0.9183,100.0,2,0.74,3
44956,26,2012,7,0.1217,0.9183,0.9183,100.0,2,0.6,3
44956,27,2012,8,0.0,0.0,0.0,100.0,1,0.62,1
44956,28,2012,9,0.0,0.0,0.0,100.0,1,0.48,1
44956,29,2012,10,0.0,0.0,0.0,100.0,1,0.61,2
44956,30,2012,11,1.5747,0.8113,0.8113,0.0,2,335.67,4
44956,31,2012,12,0.4074,1.5,0.9464,100.0,3,0.62,4
44956,32,2012,13,0.0,0.0,0.0,100.0,1,0.6,2
44956,33,2012,14,54.3873,2.0,1.0,75.0,4,125.38,4
44956,34,2012,15,0.0,0.0,0.0,100.0,1,0.63,1
44956,35,2012,16,140.5269,1.0,1.0,50.0,2,281.25,2
44956,36,2012,17,0.0,0.0,0.0,100.0,1,0.6,2
44956,37,2012,18,708.9732,3.0661,0.8863,21.43,11,1562.97,28
44956,38,2012,19,1.4482,2.262,0.8057,90.62,7,4.97,32
44956,39,2012,20,120.4873,2.6881,0.8092,81.25,10,336.46,32
44956,40,2012,21,660.5065,2.6962,0.8506,17.65,9,1341.65,17
44956,41,2012,22,127.3308,2.6226,0.8273,0.0,9,336.49,28
44956,42,2012,23,5.5755,1.9277,0.7457,0.0,6,336.42,23
44956,43,2012,24,1.6745,2.6416,0.8805,0.0,8,336.45,18
44956,44,2012,25,59.184,3.0458,0.8804,0.0,11,469.18,31
44956,45,2012,26,8.047,2.6855,0.8952,0.0,8,336.51,36
44956,46,2012,27,6.0703,2.7972,0.9324,0.0,8,336.5,26
44956,47,2012,28,9.0529,2.7539,0.8687,0.0,9,336.5,29
44956,48,2012,29,0.0,0.0,0.0,0.0,1,336.52,2
44956,49,2012,30,7.3008,3.1219,0.9849,0.0,9,335.65,10
44956,50,2012,31,4.2187,1.0,1.0,0.0,2,335.65,2
44956,51,2012,32,0.0187,0.9183,0.9183,0.0,2,335.68,3
44956,52,2012,33,3.3837,1.371,0.865,0.0,3,335.69,5
44956,54,2012,35,0.2439,2.4183,0.9355,100.0,6,0.75,12
44956,55,2012,36,0.3431,2.9023,0.8389,96.77,11,1.49,31
44956,56,2012,37,0.3394,3.1125,0.8997,100.0,11,0.78,31
44956,57,2012,38,0.3539,3.1814,0.9577,100.0,10,0.79,19
44956,58,2012,39,0.2383,2.8422,0.8966,100.0,9,0.7,33
44956,59,2012,40,0.4187,3.8073,0.913,100.0,18,0.89,53
44956,60,2012,41,109.2277,3.5724,0.9654,22.22,13,308.74,18
44956,61,2012,42,1.8886,3.1899,0.9603,73.33,10,4.45,15
44956,62,2012,43,443.2638,3.8307,0.9018,65.0,19,1047.07,40
44956,63,2012,44,0.2978,2.8365,0.8539,100.0,10,0.82,31
44956,64,2012,45,0.2992,2.7851,0.8051,100.0,11,0.75,52
44956,65,2012,46,180.9491,3.6711,0.9396,63.46,15,390.94,52
44956,66,2012,47,163.5327,3.016,0.8413,60.0,12,336.59,40
44956,67,2012,48,0.3513,2.7968,0.8085,100.0,11,0.81,62
44956,68,2012,49,0.3562,2.9721,0.8947,100.0,10,0.81,32
44956,69,2012,50,134.1746,2.6317,0.7607,80.0,11,336.6,65
44956,70,2012,51,3.5297,2.5577,0.9111,0.0,7,336.58,18
44956,71,2012,52,2.9436,2.4991,0.8902,0.0,7,337.36,43
44956,72,2013,1,4.392,3.1026,0.8655,0.0,12,337.97,34
44956,73,2013,2,20.0257,2.6949,0.8112,0.0,10,337.36,31
44956,74,2013,3,20.9158,2.8217,0.8902,98.28,9,160.88,58
44956,75,2013,4,0.4278,3.696,0.8701,98.91,19,1.0,92
44956,76,2013,5,0.4578,3.5097,0.9218,100.0,14,0.9,89
44956,77,2013,6,1.9735,3.2453,0.877,88.89,13,6.48,63
44956,78,2013,7,0.9669,4.0601,0.9394,93.75,20,4.42,64
44956,79,2013,8,0.4235,3.2535,0.9075,100.0,12,0.85,29
44956,80,2013,9,0.4349,3.2496,0.8318,100.0,15,0.91,49
44956,81,2013,10,89.71,2.6968,0.8989,91.3,8,318.67,23
44956,82,2013,11,9.7758,1.9056,0.8207,0.0,5,335.69,16
44956,83,2013,12,0.4062,3.4225,0.8989,100.0,14,0.75,44
44956,84,2013,13,2.3048,2.7971,0.7559,89.47,13,7.86,38
44956,85,2013,14,0.3822,3.2462,0.9055,89.8,12,1.15,49
44956,86,2013,15,0.2745,2.8554,0.9518,100.0,8,0.61,12
44956,87,2013,16,0.5605,3.5518,0.9091,97.78,15,1.08,45
44956,88,2013,17,0.7385,3.9701,0.9346,89.66,19,2.36,58
44956,89,2013,18,428.3868,3.9196,0.9589,72.73,17,1005.29,33
44956,90,2013,19,0.9074,3.1013,0.8381,91.67,13,5.1,36
44956,91,2013,20,98.4358,1.3779,0.6889,90.48,4,335.69,21
44956,92,2013,21,380.9974,3.8802,0.97,0.0,16,1160.95,21
44956,93,2013,22,4.028,2.9145,0.8774,0.0,10,1166.37,45
44956,94,2013,23,4.1181,2.7078,0.7827,0.0,11,1164.1,36
44956,95,2013,24,4.8119,2.3236,0.7745,0.0,8,1164.27,31
44956,96,2013,25,5.5888,2.065,0.6883,0.0,8,1164.8,29
44956,97,2013,26,211.7835,2.472,0.7441,0.0,10,1348.34,36
44956,98,2013,27,4.5451,2.1951,0.6925,0.0,9,1169.17,51
44956,99,2013,28,2.8275,2.0583,0.7332,0.0,7,1159.23,48
44956,100,2013,29,3.1084,2.4873,0.7847,0.0,9,1163.79,56
44956,101,2013,30,4.3722,1.8464,0.9232,0.0,4,335.69,10
44956,102,2013,31,0.9902,1.2516,0.7897,0.0,3,326.51,6
44956,103,2013,32,344.5258,3.1037,0.9343,0.0,10,1167.07,20
44956,104,2013,33,310.6908,3.1208,0.9394,0.0,10,1164.92,23
44956,105,2013,34,157.9778,2.0088,0.7771,33.33,6,338.96,21
44956,106,2013,35,1.9318,2.5033,0.9684,55.56,6,5.42,9
44956,133,2014,10,0.0,0.0,0.0,100.0,1,0.36,2
45000,7,2011,40,0.1063,1.2706,0.4915,100.0,6,0.77,1085
45000,8,2011,41,0.1954,1.936,0.5596,99.11,11,1.46,1570
45000,9,2011,42,0.0436,0.4505,0.1605,100.0,7,0.74,1820
45000,10,2011,43,1.2845,1.4444,0.4557,90.06,9,5.19,2174
45000,11,2011,44,1.5175,1.837,0.5795,85.38,9,5.59,1594
45000,12,2011,45,0.0641,0.7677,0.3306,99.78,5,0.95,1828
45000,13,2011,46,0.3389,2.092,0.5017,97.23,18,1.67,1734
45000,14,2011,47,0.5328,1.3821,0.2976,97.05,25,4.97,2134
45000,15,2011,48,0.6482,2.2854,0.5714,98.18,16,5.53,2148
45000,16,2011,49,0.2748,1.7347,0.5472,97.46,9,1.52,1931
45000,17,2011,50,360.7413,3.1487,0.5471,73.66,54,1034.16,2984
45000,18,2011,51,3.3174,2.4854,0.4927,0.0,33,940.3,2468
45000,19,2011,52,8.933,1.5689,0.4121,0.0,14,948.38,2734
45000,20,2012,1,2.6918,1.9737,0.4305,0.0,24,942.3,3251
45000,21,2012,2,231.4985,2.4085,0.4061,2.73,61,1033.93,3371
45000,22,2012,3,0.4389,1.7088,0.3954,96.35,20,4.47,3264
45000,23,2012,4,0.2817,1.3504,0.3903,98.62,11,1.77,1453
45000,24,2012,5,0.1665,2.3222,0.5569,99.1,18,1.3,2326
45000,25,2012,6,0.1829,1.5253,0.3529,100.0,20,0.73,2670
45000,26,2012,7,0.4597,1.6446,0.3871,96.22,19,2.94,2247
45000,27,2012,8,0.2958,1.8945,0.408,95.91,25,1.95,3081
45000,28,2012,9,0.1802,1.6809,0.4112,99.85,17,0.9,2002
45000,29,2012,10,451.1819,3.0296,0.5907,62.63,35,1021.94,2355
45000,30,2012,11,279.8353,4.2142,0.7225,6.14,57,1029.71,2702
45000,31,2012,12,31.3073,1.6855,0.3506,95.31,28,272.91,3004
45000,32,2012,13,0.4667,1.3808,0.3311,97.02,18,3.81,3388
45000,33,2012,14,26.9238,1.8031,0.3574,94.15,33,116.86,3163
45000,34,2012,15,0.1794,1.3464,0.3366,100.0,16,0.88,3322
45000,35,2012,16,0.1677,1.5886,0.3562,100.0,22,0.74,3125
45000,36,2012,17,0.5222,1.7111,0.3896,99.03,21,4.46,2169
45000,37,2012,18,0.3698,1.8476,0.3979,96.0,25,2.49,2348
45000,38,2012,19,1.1497,3.5246,0.6928,88.78,34,4.99,205
45000,39,2012,20,1.7934,3.1904,0.6502,0.0,30,942.62,121
45000,40,2012,21,2.0155,3.4187,0.7111,0.0,28,944.91,178
45000,41,2012,22,11.3094,3.9954,0.7507,0.0,40,950.47,166
45000,42,2012,23,5.1913,3.4724,0.7303,0.0,27,944.69,129
45000,43,2012,24,3.7375,2.6855,0.657,0.0,17,952.66,141
45000,44,2012,25,3.8306,3.5761,0.78,0.0,24,941.97,150
45000,45,2012,26,0.666,2.7405,0.7198,0.0,14,941.46,59
45000,46,2012,27,2.9614,4.1811,0.8289,0.0,33,940.46,93
45000,47,2012,28,2.9421,3.5221,0.7493,0.0,26,940.4,136
45000,48,2012,29,7.1224,3.8042,0.8297,0.0,24,940.33,98
45000,49,2012,30,2.7263,2.979,0.7625,0.0,15,940.33,132
45000,50,2012,31,15.9522,2.4116,0.9329,0.0,6,940.33,13
45000,51,2012,32,2.3693,1.8961,0.8166,0.0,5,940.33,33
45000,52,2012,33,316.6809,2.0131,0.867,0.0,5,941.02,15
45000,53,2012,34,0.1524,0.9852,0.9852,100.0,2,0.72,7
45000,55,2012,36,0.0864,1.4885,0.7443,100.0,4,0.71,13
45000,56,2012,37,0.2948,3.0082,0.9056,96.3,10,1.14,27
45000,57,2012,38,0.13,2.125,0.8221,100.0,6,0.7,16
45000,58,2012,39,0.1941,2.3375,0.9043,100.0,6,0.73,29
45000,59,2012,40,0.2652,2.4886,0.8864,100.0,7,0.76,18
45000,60,2012,41,0.2922,2.5417,0.8472,100.0,8,0.76,29
45000,61,2012,42,0.1468,0.6194,0.6194,100.0,2,0.74,13
45000,62,2012,43,0.0081,0.0,0.0,100.0,1,0.74,10
45000,63,2012,44,0.239,1.9669,0.7609,100.0,6,0.75,16
45000,64,2012,45,0.0001,0.0,0.0,100.0,1,0.74,6
45000,65,2012,46,0.3012,1.5452,0.7726,100.0,4,0.75,17
45000,66,2012,47,36.6197,0.5033,0.5033,88.89,2,116.81,18
45000,67,2012,48,0.2184,1.147,0.5735,100.0,4,0.75,29
45000,68,2012,49,0.3381,2.3535,0.8383,100.0,7,0.75,13
45000,69,2012,50,289.3199,3.0562,0.8525,84.21,12,951.38,38
45000,70,2012,51,4.1009,2.5567,0.8522,0.0,8,951.32,14
45000,71,2012,52,0.013,0.0,0.0,0.0,1,939.56,15
45000,72,2013,1,729.8808,2.8087,0.9362,0.0,8,1830.02,24
45000,73,2013,2,728.4813,3.4058,0.95,0.0,12,1835.07,19
45000,74,2013,3,0.2251,1.2407,0.7828,100.0,3,0.74,11
45000,75,2013,4,1.3951,0.9731,0.4866,81.48,4,3.53,27
45000,76,2013,5,0.4924,1.7899,0.895,100.0,4,0.79,11
45000,77,2013,6,0.3171,0.9406,0.5934,100.0,3,0.82,24
45000,78,2013,7,0.0018,0.0,0.0,100.0,1,0.73,12
45000,79,2013,8,0.436,2.9053,0.9684,94.74,8,0.94,19
45000,80,2013,9,0.2082,2.2685,0.808,100.0,7,0.74,19
45000,81,2013,10,0.2666,2.6765,0.8057,100.0,10,0.74,28
45000,82,2013,11,0.1669,1.3411,0.6705,100.0,4,0.72,22
45000,83,2013,12,0.2251,2.0464,0.8814,100.0,5,0.74,10
45000,84,2013,13,3.5209,2.171,0.935,60.0,5,6.2,10
45000,85,2013,14,0.0626,0.8743,0.4372,100.0,4,0.68,25
45000,86,2013,15,0.156,1.5488,0.7744,100.0,4,0.67,8
45000,87,2013,16,0.0211,0.0,0.0,100.0,1,0.68,6
45000,88,2013,17,0.0052,0.0,0.0,100.0,1,0.68,3
45000,89,2013,18,0.0283,0.8113,0.8113,100.0,2,0.67,4
45292,7,2011,40,0.5253,1.414,0.3714,88.53,14,2.89,2075
45292,8,2011,41,343.5559,3.362,0.7071,68.44,27,779.05,3112
45292,9,2011,42,360.4493,2.9785,0.5456,27.45,44,794.17,2962
45292,10,2011,43,1.1122,1.774,0.434,93.81,17,5.79,2764
45292,11,2011,44,0.2284,2.4127,0.6032,100.0,16,0.74,2919
45292,12,2011,45,0.3923,2.1888,0.5355,93.55,17,5.21,2637
45292,13,2011,46,0.2047,1.6551,0.5221,97.87,9,1.59,2958
45292,14,2011,47,334.7899,3.5361,0.7279,30.54,29,769.49,2410
45292,15,2011,48,0.8341,1.5987,0.5329,73.77,8,1.75,1079
45292,16,2011,49,488.5724,2.1443,0.4882,71.41,21,2423.82,3246
45292,17,2011,50,340.0869,2.1642,0.6515,62.33,10,768.84,3005
45292,18,2011,51,170.8867,2.5708,0.6165,0.0,18,776.69,2977
45292,19,2011,52,179.8676,1.6113,0.4028,0.0,16,780.13,3072
45292,20,2012,1,111.3656,3.3391,0.6873,0.0,29,822.3,3001
45292,21,2012,2,170.428,3.4509,0.7258,0.77,27,767.65,1942
45292,22,2012,3,0.2176,2.6369,0.6926,98.94,14,1.19,2272
45292,23,2012,4,0.1846,1.489,0.3722,100.0,16,0.76,2742
45292,24,2012,5,1.164,1.2692,0.3669,91.08,11,4.41,2254
45292,25,2012,6,0.2726,2.4541,0.7388,100.0,10,0.74,1885
45292,26,2012,7,0.303,3.7396,0.8803,99.69,19,2.86,2875
45292,27,2012,8,0.5196,2.1505,0.766,94.84,7,1.65,2793
45292,28,2012,9,0.319,2.0695,0.8913,100.0,5,0.75,1542
45292,29,2012,10,708.0649,2.6541,0.7672,71.22,11,1596.91,3113
45292,30,2012,11,703.4284,2.4147,0.5908,12.84,17,1596.91,2406
45292,31,2012,12,0.193,1.4792,0.6371,100.0,5,0.74,2644
45292,32,2012,13,0.7047,1.9844,0.7069,92.63,7,2.83,2944
45292,33,2012,14,153.1018,2.3573,0.7436,66.85,9,326.22,2793
45292,34,2012,15,144.7112,2.1829,0.7276,69.11,8,326.12,1599
45292,36,2012,17,0.0005,0.0,0.0,100.0,1,0.35,50
45292,37,2012,18,1.3231,3.1366,0.7522,88.73,18,5.36,213
45292,38,2012,19,0.8788,3.2076,0.821,70.5,15,2.37,139
45292,39,2012,20,1.1532,3.1625,0.6383,83.2,31,8.49,363
45292,40,2012,21,220.1491,2.6999,0.5264,7.86,35,780.88,369
45292,41,2012,22,7.0703,3.5984,0.6673,0.0,42,780.47,345
45292,42,2012,23,567.4187,3.8955,0.8193,0.0,27,1352.12,137
45292,43,2012,24,0.4288,2.4674,0.7784,0.0,9,1349.47,155
45292,44,2012,25,0.5584,2.6608,0.801,0.0,10,1350.28,62
45292,45,2012,26,1.3275,2.8081,0.6611,0.0,19,1354.55,203
45292,46,2012,27,7.3458,3.302,0.7518,0.0,21,1358.64,201
45292,47,2012,28,3.1672,2.7002,0.6911,0.0,15,1353.93,146
45292,48,2012,29,2.2279,1.6278,0.8139,0.0,4,1349.92,99
45292,49,2012,30,3.6931,1.8732,0.9366,0.0,4,1354.14,67
45292,50,2012,31,485.9365,3.5253,0.7689,0.0,24,1349.3,239
45292,51,2012,32,104.0138,2.9243,0.6378,0.0,24,776.86,244
45292,52,2012,33,327.4599,3.494,0.7053,17.88,31,779.09,274
45292,53,2012,34,0.7918,2.9633,0.6856,81.94,20,2.39,310
45292,54,2012,35,0.4977,2.1607,0.6027,80.0,12,1.51,245
45292,55,2012,36,3.289,3.0453,0.6642,96.91,24,41.66,162
45292,56,2012,37,0.2386,2.6561,0.7996,100.0,10,0.73,40
45292,57,2012,38,0.2243,1.9604,0.6983,100.0,7,0.73,34
45292,58,2012,39,0.6632,3.291,0.9513,77.14,11,1.63,35
45292,59,2012,40,0.1065,1.7193,0.8597,100.0,4,0.72,45
45292,60,2012,41,0.764,1.8027,0.6974,94.64,6,2.98,56
45292,61,2012,42,515.4671,3.8232,0.8573,6.25,22,1229.17,96
45292,62,2012,43,1.1877,1.4838,0.7419,92.86,4,4.46,56
45292,63,2012,44,0.7368,3.0393,0.8478,89.39,12,2.6,66
45292,64,2012,45,0.3683,3.3167,0.8292,90.24,16,1.16,82
45292,65,2012,46,0.1399,1.729,0.7446,100.0,5,0.74,33
45292,66,2012,47,318.398,4.3582,0.9272,28.38,26,769.66,74
45292,67,2012,48,0.3415,3.1614,0.8303,98.48,14,1.44,66
45292,68,2012,49,0.2996,2.2168,0.7896,100.0,7,0.7,27
45292,69,2012,50,311.1981,2.033,0.7242,63.41,7,771.2,41
45292,70,2012,51,4.6856,1.4139,0.707,0.0,4,775.47,31
45292,71,2012,52,141.8317,3.3265,0.9279,0.0,12,769.07,34
45292,72,2013,1,0.297,0.9183,0.9183,0.0,2,769.07,6
45292,73,2013,2,0.0035,0.0,0.0,0.0,1,768.62,4
45292,74,2013,3,0.1202,0.971,0.971,100.0,2,0.44,10
45292,75,2013,4,0.1055,0.8113,0.8113,100.0,2,0.44,4
45292,90,2013,19,0.0,0.0,0.0,0.0,1,10.26,3
45539,7,2011,40,0.0,0.0,0.0,100.0,1,0.76,2
45539,8,2011,41,0.0,0.0,0.0,0.0,1,62.24,1
45539,9,2011,42,66.2924,1.5,0.9464,50.0,3,160.88,4
45539,10,2011,43,0.2584,1.7682,0.684,100.0,6,0.63,683
45539,11,2011,44,0.3121,1.7206,0.5735,100.0,8,0.79,2049
45539,12,2011,45,0.3257,1.6672,0.526,100.0,9,0.79,1976
45539,13,2011,46,0.1688,1.8271,0.6508,100.0,7,0.74,2048
45539,14,2011,47,30.9638,2.85,0.6835,37.68,18,90.38,2033
45539,15,2011,48,0.2704,2.6271,0.8288,100.0,9,0.74,1702
45539,16,2011,49,0.0935,0.4406,0.1469,98.93,8,0.9,2242
45539,17,2011,50,23.3114,1.7632,0.7594,82.79,5,62.23,2255
45539,18,2011,51,5.6254,1.5176,0.4787,0.0,9,112.52,1782
45539,19,2011,52,25.9244,2.5073,0.7248,0.0,11,110.99,1968
45539,20,2012,1,0.7346,1.6556,0.6405,0.0,6,62.83,1634
45539,21,2012,2,15.8642,2.215,0.6668,0.0,10,63.21,2031
45539,22,2012,3,225.1545,1.2196,0.4718,74.22,6,834.88,1870
45539,23,2012,4,330.8736,2.2795,0.6589,80.3,11,839.69,1980
45539,24,2012,5,14.9326,1.0361,0.4008,88.6,6,62.23,2343
45539,25,2012,6,0.2543,2.8366,0.8539,100.0,10,0.75,2274
45539,26,2012,7,0.0891,0.3754,0.2369,100.0,3,0.74,1862
45539,27,2012,8,0.0002,0.0,0.0,100.0,1,0.74,1969
45539,28,2012,9,0.2905,1.6184,0.5765,99.04,7,2.23,1982
45539,29,2012,10,15.1163,1.4653,0.4884,92.91,8,61.83,1482
45539,30,2012,11,22.232,0.9165,0.5783,15.4,3,62.96,2059
45539,31,2012,12,0.5299,1.41,0.6073,98.95,5,6.6,1518
45539,32,2012,13,0.0644,0.3049,0.1923,100.0,3,0.75,1406
45539,33,2012,14,0.2322,1.5812,0.681,100.0,5,0.75,2208
45539,34,2012,15,0.1505,0.7821,0.3911,100.0,4,0.74,1890
45539,35,2012,16,0.1296,0.5244,0.2622,100.0,4,0.73,2574
45539,36,2012,17,0.514,1.6245,0.6284,99.89,6,0.99,1879
45539,38,2012,19,26.3472,1.9891,0.7695,24.49,6,62.81,49
45539,39,2012,20,9.2987,2.8452,0.638,0.0,22,121.68,120
45539,40,2012,21,36.714,3.3879,0.7125,0.0,27,107.74,108
45539,41,2012,22,8.5743,2.5024,0.6572,0.0,14,67.08,81
45539,42,2012,23,1.7712,1.8353,0.496,0.0,13,66.12,82
45539,43,2012,24,2.7822,1.7806,0.5147,0.0,11,67.04,93
45539,44,2012,25,1.6532,1.5188,0.541,0.0,7,67.09,66
45539,45,2012,26,2.2489,2.0218,0.6739,0.0,8,66.16,53
45539,46,2012,27,6.6953,2.614,0.6535,0.0,16,111.11,83
45539,47,2012,28,29.7406,2.6132,0.6046,0.0,20,109.58,110
45539,48,2012,29,117.6964,2.3978,0.5994,2.82,16,1039.57,71
45539,49,2012,30,0.8319,0.9556,0.6029,0.0,3,62.25,63
45539,50,2012,31,260.0238,1.7333,0.5468,0.0,9,754.89,82
45539,51,2012,32,196.4258,3.8321,0.7888,0.0,29,768.83,101
45539,52,2012,33,25.7,3.4075,0.7641,68.0,22,62.82,75
45539,53,2012,34,1000.827,3.1676,0.7596,59.26,18,9064.65,81
45539,54,2012,35,0.3012,2.9893,0.7851,100.0,14,0.75,47
45539,55,2012,36,0.295,3.2404,0.8511,100.0,14,0.75,54
45539,56,2012,37,0.2706,1.585,1.0,100.0,3,0.71,6
45539,57,2012,38,0.582,2.9682,0.6656,91.58,22,2.95,95
45539,58,2012,39,0.2095,2.7014,0.8522,100.0,9,0.7,26
45539,59,2012,40,1.1954,2.9629,0.8565,92.31,11,4.33,52
45539,60,2012,41,199.7035,2.8599,0.8267,77.61,11,970.81,67
45539,61,2012,42,28.272,3.1036,0.696,29.11,22,64.76,158
45539,62,2012,43,0.3827,3.372,0.7355,96.36,24,3.18,220
45539,63,2012,44,0.2565,2.9135,0.7873,100.0,13,0.73,118
45539,64,2012,45,0.2664,2.7833,0.607,100.0,24,0.75,434
45539,65,2012,46,0.8339,2.9056,0.5711,96.73,34,6.37,489
45539,66,2012,47,29.4139,2.8578,0.7144,65.36,16,62.16,179
45539,67,2012,48,14.7965,2.639,0.8325,92.16,9,63.15,51
45539,68,2012,49,7.8162,2.8532,0.7494,99.04,14,80.27,104
45539,69,2012,50,0.2426,2.5037,0.7537,100.0,10,0.76,37
45539,70,2012,51,6.4106,3.4986,0.7534,0.0,25,67.98,108
45539,71,2012,52,1.2601,1.9879,0.769,0.0,6,62.24,48
45539,72,2013,1,738.7348,5.0069,0.866,0.0,55,1859.06,274
45539,73,2013,2,777.8637,5.2277,0.8529,0.0,70,2432.48,217
45539,74,2013,3,6.7209,2.3744,0.5406,98.21,21,61.52,336
45539,75,2013,4,388.3513,4.5417,0.9004,25.0,33,842.67,88
45539,76,2013,5,12.8743,3.4252,0.7376,85.26,25,160.88,156
45539,77,2013,6,0.8111,2.8051,0.7013,95.29,16,5.07,170
45539,78,2013,7,64.2474,4.1944,0.7936,61.78,39,164.28,157
45539,79,2013,8,1.6285,2.9287,0.7496,97.0,15,16.08,100
45539,80,2013,9,14.0774,3.1867,0.7642,86.49,18,62.23,74
45539,81,2013,10,29.6286,3.6041,0.7967,62.7,23,64.76,126
45539,82,2013,11,17.3839,1.6129,0.5376,8.33,8,63.49,60
45539,83,2013,12,0.2998,3.3185,0.7958,97.83,18,1.56,92
45539,84,2013,13,28.6199,3.1377,0.7143,63.96,21,62.17,111
45539,85,2013,14,8.6718,1.9973,0.5571,32.65,12,62.17,98
45539,87,2013,16,25.4596,3.6956,0.806,70.52,24,62.1,173
45539,88,2013,17,0.4003,3.0485,0.7311,99.43,18,1.07,176
45539,89,2013,18,47.3534,2.8892,0.6387,86.32,23,509.68,117
45539,90,2013,19,23.4522,2.2725,0.6569,81.25,11,62.15,80
45539,91,2013,20,0.7652,1.1989,0.4271,0.0,7,62.54,69
45539,92,2013,21,2.8039,1.053,0.6644,0.0,3,63.54,15
45539,93,2013,22,3.0089,3.0089,0.6652,0.0,23,64.86,176
45539,94,2013,23,2.7735,2.7055,0.7311,0.0,13,62.8,108
45539,95,2013,24,3.0464,2.153,0.8329,0.0,6,62.09,97
45539,96,2013,25,3.7404,2.3334,0.6509,0.0,12,72.53,172
45539,97,2013,26,10.1679,3.1565,0.8079,0.0,15,104.39,191
45539,98,2013,27,322.704,4.2572,0.7505,0.0,51,766.1,206
45539,99,2013,28,11.7269,2.8203,0.7219,0.0,15,63.9,112
45539,100,2013,29,361.9119,4.8144,0.8184,0.0,59,855.97,221
45539,101,2013,30,58.1135,2.9321,0.7173,0.0,17,329.08,253
45539,102,2013,31,6.7882,2.4988,0.6563,0.0,14,84.64,209
45539,103,2013,32,3.1376,1.578,0.789,0.0,4,62.79,19
45539,104,2013,33,3.0666,2.0546,0.8849,0.0,5,62.09,12
45539,105,2013,34,0.2926,0.7219,0.7219,0.0,2,62.09,5
45539,110,2013,39,38.7986,4.894,0.9196,66.2,40,117.24,71
45539,111,2013,40,1.7838,4.7559,0.96,66.67,31,5.82,45
45539,112,2013,41,2.6033,4.7531,0.9267,55.38,35,6.97,65
45539,113,2013,42,138.1706,5.5379,0.9196,44.34,65,344.76,106
45539,114,2013,43,310.3954,5.0211,0.7509,1.75,103,838.8,229
45539,115,2013,44,1.1572,4.841,0.8921,73.0,43,4.93,100
45539,116,2013,45,349.8795,5.6467,0.9447,12.77,63,777.52,94
45539,117,2013,46,1.9949,4.5941,0.8692,60.76,39,5.89,79
45539,118,2013,47,28.3866,5.2253,0.9212,51.46,51,63.55,103
45539,119,2013,48,28.657,5.3397,0.8037,12.2,100,103.14,295
45539,120,2013,49,1.2436,3.7382,0.8649,90.91,20,5.65,55
45539,121,2013,50,1.5925,4.4689,0.8186,66.34,44,5.62,101
45539,122,2013,51,23.6165,3.938,0.7051,63.25,48,63.31,166
45539,123,2013,52,20.5727,3.4248,0.705,0.0,29,63.32,89
45539,124,2014,1,11.5072,3.1672,0.652,0.0,29,66.89,101
45539,125,2014,2,64.361,7.3802,0.9437,2.43,226,125.63,288
45539,126,2014,3,42.8769,5.108,0.8279,56.85,72,125.2,146
45539,128,2014,5,2.2629,3.66,0.8333,95.65,21,13.67,46
45539,129,2014,6,1.4582,4.0149,0.8352,87.67,28,5.47,73
45539,130,2014,7,1.0361,4.2099,0.8757,66.67,28,5.19,57
45539,131,2014,8,0.7178,4.2728,0.7975,86.55,41,3.46,171
45539,132,2014,9,0.4547,3.8308,0.9018,93.62,19,1.7,47
45539,133,2014,10,30.725,4.8744,0.8728,34.82,48,64.8,112
45539,134,2014,11,27.0667,4.4359,0.904,38.18,30,62.25,55
45539,135,2014,12,66.8892,4.9142,0.8539,69.37,54,215.85,111
45539,136,2014,13,0.298,4.0504,0.8722,96.25,25,1.18,80
45539,137,2014,14,2.2863,5.0856,0.9207,64.56,46,8.26,79
45539,138,2014,15,0.8817,4.6353,0.8898,92.16,37,7.3,102
45539,139,2014,16,27.7332,5.1518,0.9037,61.16,52,68.93,121
45539,140,2014,17,41.5484,4.8533,0.954,43.75,34,105.46,48
45539,141,2014,18,13.1017,5.2115,0.8935,58.91,57,38.07,129
45539,142,2014,19,29.0151,5.2938,0.8962,62.32,60,66.86,138
45539,143,2014,20,60.7278,5.6735,0.932,15.74,68,122.12,108
45539,144,2014,21,7.1701,3.9675,0.7865,0.0,33,68.95,180
45539,145,2014,22,3.1267,4.2558,0.8169,0.0,37,68.96,113
45539,146,2014,23,24.4485,5.1588,0.8598,0.0,64,68.99,141
45539,147,2014,24,29.7364,5.106,0.8754,8.8,57,68.91,125
45539,148,2014,25,29.8518,5.1614,0.9099,11.0,51,68.98,100
45539,149,2014,26,22.3126,4.6166,0.8022,0.0,54,69.0,187
45539,150,2014,27,32.0051,5.291,0.9111,7.83,56,66.74,115
45539,151,2014,28,33.047,3.94,0.811,0.0,29,66.74,96
45539,152,2014,29,60.664,4.6239,0.8193,0.0,50,140.84,125
45539,153,2014,30,21.5008,4.239,0.8403,1.16,33,68.97,86
45539,154,2014,31,52.8256,4.0883,0.9168,0.0,22,110.41,41
45539,155,2014,32,18.5929,4.6979,0.8952,0.0,38,66.74,66
45539,156,2014,33,21.9471,4.8821,0.8607,0.0,51,68.95,111
45539,157,2014,34,31.0631,4.8794,0.8885,32.98,45,66.64,94
45539,158,2014,35,0.7493,4.5753,0.8597,87.13,40,4.65,101
45539,159,2014,36,0.3556,4.3731,0.8746,91.82,32,1.38,110
45539,160,2014,37,61.8863,3.5338,0.9281,86.36,14,215.75,22
45539,161,2014,38,15.653,2.5216,0.9755,71.43,6,36.78,7
45539,162,2014,39,0.3399,3.8203,0.8445,92.0,23,1.57,75
45539,163,2014,40,0.44,4.4785,0.8803,97.14,34,2.8,105
45539,164,2014,41,0.7356,4.7544,0.8762,88.99,43,3.97,109
45539,165,2014,42,94.9403,4.5028,0.835,80.81,42,467.49,99
45539,166,2014,43,177.5889,4.1368,0.9738,29.17,19,467.69,24
45539,167,2014,44,3.2762,5.0415,0.9076,69.62,47,15.88,79
45539,168,2014,45,1.4729,4.7054,0.8903,85.44,39,5.52,103
45539,169,2014,46,0.6208,4.6064,0.8598,88.29,41,2.8,111
45539,170,2014,47,0.9848,4.5976,0.8826,86.46,37,4.95,96
45539,171,2014,48,280.689,5.4147,0.9594,42.03,50,836.25,69
45539,172,2014,49,0.5405,3.855,0.8107,96.59,27,3.79,88
45539,173,2014,50,1.0035,4.5203,0.8437,83.76,41,5.84,117
45539,174,2014,51,20.4761,4.2791,0.8343,78.48,35,66.6,79
45539,175,2014,52,30.3669,3.3927,0.9807,0.0,11,66.71,13
45539,176,2015,1,4.8987,2.585,1.0,0.0,6,66.62,6
45539,177,2015,2,0.0501,1.0,1.0,0.0,2,66.71,2
45539,178,2015,3,0.9223,4.0503,0.9083,84.21,22,3.53,38
45539,179,2015,4,308.3883,5.5242,0.943,57.32,58,842.1,82
45539,180,2015,5,0.4365,4.2928,0.851,95.37,33,2.8,108
45539,181,2015,6,0.9166,3.8388,0.8266,93.67,25,7.0,79
45539,182,2015,7,0.27,4.0525,0.8342,99.03,29,0.94,103
45539,183,2015,8,0.4488,3.6733,0.8987,93.62,17,2.96,47
45539,184,2015,9,0.1392,1.0,1.0,100.0,2,0.61,2
45539,185,2015,10,287.4515,4.4983,0.877,74.65,35,1097.85,71
45539,186,2015,11,486.3902,4.4151,0.976,36.67,23,1098.84,30
45539,187,2015,12,0.248,3.2798,0.8863,100.0,13,0.62,28
45945,7,2011,40,0.2027,2.1379,0.3916,99.78,44,1.59,2287
45945,8,2011,41,346.7795,2.7979,0.4193,86.85,102,1192.43,2973
45945,9,2011,42,463.3149,3.7027,0.5157,15.2,145,1194.38,2835
45945,10,2011,43,216.2157,2.671,0.4419,95.38,66,11607.58,2881
45945,11,2011,44,0.228,2.0014,0.3712,99.27,42,1.6,3151
45945,12,2011,45,0.382,2.2034,0.3811,98.56,55,5.0,2982
45945,13,2011,46,0.3317,2.7139,0.4738,95.76,53,1.55,2785
45945,14,2011,47,592.5538,4.0587,0.5718,42.26,137,1184.63,2475
45945,15,2011,48,0.2398,2.4823,0.4633,99.26,41,1.27,2285
45945,16,2011,49,0.2313,2.4891,0.4934,100.0,33,0.76,1509
45945,17,2011,50,463.7489,3.5567,0.533,76.76,102,2964.08,2401
45945,18,2011,51,3.2496,2.6256,0.4839,0.0,43,1182.97,2443
45945,19,2011,52,367.6829,4.8449,0.6175,0.0,230,1188.37,2530
45945,20,2012,1,6.6413,3.4436,0.6041,0.0,52,1184.57,2129
45945,21,2012,2,68.5424,2.8177,0.447,0.0,79,1177.71,1614
45945,22,2012,3,308.4813,3.0175,0.486,87.67,74,1176.19,2539
45945,23,2012,4,19.0372,2.7681,0.4417,94.99,77,216.67,2836
45945,24,2012,5,0.5673,2.5819,0.4729,98.27,44,6.6,2775
45945,25,2012,6,0.2539,2.564,0.4697,99.06,44,1.88,2349
45945,26,2012,7,0.5669,2.9523,0.5205,94.78,51,4.43,2242
45945,27,2012,8,0.8944,2.7064,0.563,97.64,28,9.12,1059
45945,28,2012,9,0.2331,3.091,0.5696,100.0,43,0.94,2437
45945,29,2012,10,419.1406,3.8447,0.6135,82.33,77,1201.36,2835
45945,30,2012,11,501.3934,4.0839,0.6022,19.82,110,1194.53,2498
45945,31,2012,12,0.4437,3.6169,0.5721,96.84,80,2.85,2723
45945,32,2012,13,2.9927,2.9219,0.5126,96.76,52,160.88,2967
45945,33,2012,14,312.3115,4.0563,0.6346,69.01,84,12107.56,2159
45945,34,2012,15,923.2034,3.6322,0.5455,79.46,101,12107.56,2614
45945,35,2012,16,0.2635,3.1374,0.5978,100.0,38,0.91,1517
45945,36,2012,17,0.2867,2.6439,0.4594,97.91,54,2.74,2869
45945,37,2012,18,1.1216,2.6026,0.4996,99.74,37,37.52,1162
45945,38,2012,19,545.5348,5.7904,0.7889,40.65,162,1224.84,460
45945,39,2012,20,3.4418,3.7913,0.7124,0.0,40,1187.38,600
45945,40,2012,21,61.8306,5.0567,0.6721,0.0,184,1270.65,964
45945,41,2012,22,11.3896,4.3292,0.7137,0.0,67,1176.35,542
45945,42,2012,23,1.5964,2.8965,0.5742,0.0,33,1176.37,451
45945,43,2012,24,3.1579,4.2535,0.7292,0.0,57,1184.09,424
45945,44,2012,25,3.4485,3.514,0.6966,0.0,33,1191.46,571
45945,45,2012,26,5.8472,3.7676,0.6675,0.0,50,1193.89,919
45945,46,2012,27,12.292,4.9,0.7729,0.0,81,1203.08,579
45945,47,2012,28,4.4373,3.7965,0.7663,0.0,31,1185.01,541
45945,48,2012,29,22.4682,3.8685,0.6497,0.0,62,1190.78,854
45945,49,2012,30,14.2857,4.3828,0.6973,0.0,78,1184.63,826
45945,50,2012,31,22.2558,4.4851,0.7055,0.0,82,1226.79,1156
45945,51,2012,32,8.3897,4.3171,0.7401,0.0,57,1190.78,656
45945,52,2012,33,421.6517,4.9353,0.735,3.65,105,1182.7,602
45945,53,2012,34,1.9937,2.7468,0.5161,93.94,40,37.47,363
45945,54,2012,35,0.2365,2.63,0.5531,99.66,27,1.44,292
45945,55,2012,36,0.2787,2.6873,0.5941,95.04,23,1.59,242
45945,56,2012,37,0.2756,3.3089,0.7125,99.01,25,1.56,203
45945,57,2012,38,17.3285,2.4223,0.7292,96.47,10,160.88,85
45945,58,2012,39,0.2275,2.3803,0.7509,98.94,9,1.52,94
45945,59,2012,40,0.2689,2.156,0.6014,92.31,12,1.76,104
45945,60,2012,41,0.1865,0.8953,0.8953,100.0,2,0.74,93
45945,61,2012,42,573.1069,4.5291,0.7907,22.37,53,1227.85,228
45945,62,2012,43,1.4004,3.1533,0.7071,91.58,22,11.68,190
45945,63,2012,44,0.3474,2.457,0.8752,100.0,7,0.75,89
45945,64,2012,45,0.0919,1.0409,0.6567,100.0,3,0.74,12
45945,66,2012,47,0.1654,1.7381,0.8691,100.0,4,0.74,13
45945,67,2012,48,5.1372,3.4635,0.6808,99.08,34,80.32,543
45945,68,2012,49,3.473,3.4519,0.6361,98.88,43,80.34,534
45945,69,2012,50,432.0748,4.2672,0.659,71.64,89,1227.88,684
45945,70,2012,51,684.7492,4.476,0.7578,0.0,60,1788.1,365
45945,71,2012,52,727.8069,4.4821,0.8115,0.0,46,1850.53,248
45945,72,2013,1,787.5139,5.0972,0.8063,0.0,80,1856.27,585
45945,73,2013,2,780.5221,5.8718,0.8609,0.0,113,1856.23,376
45945,74,2013,3,6.3861,3.8509,0.6057,89.42,82,50.04,1077
45945,75,2013,4,3.7268,3.6711,0.6685,95.4,45,80.26,500
45945,76,2013,5,1.8508,3.3456,0.6128,92.27,44,37.17,543
45945,77,2013,6,2.1159,3.526,0.642,90.55,45,37.17,476
45945,78,2013,7,41.9501,3.7227,0.7146,85.25,37,120.61,434
45945,79,2013,8,0.3242,3.2894,0.6579,97.12,32,2.65,521
45945,80,2013,9,1.0389,3.4907,0.6861,95.21,34,5.73,313
45945,81,2013,10,463.4789,3.6984,0.9466,36.36,15,1228.03,44
45945,82,2013,11,523.1233,2.1997,0.851,0.0,6,1192.46,38
45945,83,2013,12,0.1437,1.9574,0.5892,100.0,10,0.74,68
45945,84,2013,13,186.5047,4.0971,0.673,55.64,68,386.75,683
45945,85,2013,14,21.481,4.0691,0.6782,81.08,64,213.29,370
45945,86,2013,15,0.8437,3.4608,0.6986,89.64,31,4.39,222
45945,87,2013,16,0.4863,3.1541,0.7425,94.59,19,1.75,222
45945,88,2013,17,0.625,3.9278,0.6452,93.21,68,4.4,589
45945,89,2013,18,0.5206,4.0801,0.7267,99.2,49,4.41,624
45945,90,2013,19,323.7272,4.6635,0.751,85.34,74,1355.93,764
45945,91,2013,20,680.2594,5.3623,0.7805,0.0,117,1178.25,661
45945,92,2013,21,3.0451,3.3994,0.6739,0.0,33,808.3,334
45945,93,2013,22,354.5583,4.5363,0.7811,0.0,56,1610.12,392
45945,94,2013,23,34.7949,3.5482,0.6974,0.0,34,792.2,304
45945,95,2013,24,7.1378,3.7529,0.6684,0.0,49,802.37,491
45945,96,2013,25,822.2539,3.658,0.7132,0.0,35,1190.13,337
45945,97,2013,26,2.9167,2.9197,0.7143,0.0,17,798.93,315
45945,98,2013,27,700.8409,5.1049,0.8008,0.0,83,1343.3,426
45945,99,2013,28,377.1179,3.424,0.6272,0.0,44,910.37,331
45945,100,2013,29,6.2405,3.1756,0.6096,0.0,37,808.83,211
45945,101,2013,30,158.6369,4.7109,0.7912,0.0,62,847.27,335
45945,102,2013,31,95.0376,3.6785,0.7425,0.0,31,847.27,134
45945,103,2013,32,332.1075,4.7987,0.8028,0.0,63,1506.69,199
45945,104,2013,33,482.0203,3.2402,0.7927,0.0,17,1175.14,137
45945,105,2013,34,166.0588,4.2426,0.7242,63.31,58,390.94,417
45945,108,2013,37,0.292,3.0153,0.6145,95.5,30,2.79,311
45945,109,2013,38,0.393,3.3576,0.7422,92.46,23,2.93,199
45945,110,2013,39,0.579,3.1271,0.7235,93.55,20,4.63,155
45945,111,2013,40,0.3971,3.1966,0.7278,94.14,21,1.44,222
45945,112,2013,41,0.5422,3.6933,0.6988,88.46,39,3.26,260
45945,113,2013,42,21.5036,3.7321,0.6878,90.55,43,141.51,254
45945,114,2013,43,549.5769,3.9986,0.6916,15.53,55,1227.66,219
45945,115,2013,44,0.7053,3.243,0.682,91.57,27,4.56,249
45945,116,2013,45,0.2434,3.2223,0.7883,93.84,17,1.5,146
45945,117,2013,46,162.9749,4.7888,0.8442,55.56,51,387.85,108
45945,118,2013,47,0.8675,4.2069,0.7277,88.24,55,6.23,289
45945,119,2013,48,177.1922,4.7606,0.7876,29.79,66,416.34,282
45945,120,2013,49,0.2028,2.2354,0.8648,100.0,6,0.7,29
45945,121,2013,50,0.1721,2.1817,0.6882,100.0,9,0.71,69
45945,122,2013,51,358.5353,5.8882,0.8359,55.49,132,1227.21,328
45945,123,2013,52,11.9681,4.0293,0.6716,0.0,64,1196.16,260
45945,124,2014,1,32.2157,5.3359,0.7964,0.0,104,1196.17,368
45945,125,2014,2,3628.7098,3.3601,0.8825,0.0,14,7660.66,34
45945,126,2014,3,0.358,1.2988,0.8194,0.0,3,7661.12,16
45945,127,2014,4,191.0099,2.0188,0.781,0.0,6,7661.13,31
45945,128,2014,5,531.5206,2.5945,0.7237,0.0,12,7661.1,80
45945,138,2014,15,0.3521,0.9183,0.9183,0.0,2,7661.11,3
45945,141,2014,18,0.0022,1.0,1.0,0.0,2,1176.16,2
45945,142,2014,19,0.0074,0.0,0.0,0.0,1,1176.15,4
45945,145,2014,22,0.0,0.0,0.0,0.0,1,1174.15,1
45945,150,2014,27,0.0,0.0,0.0,0.0,1,856.58,1
45945,152,2014,29,0.0,0.0,0.0,0.0,1,1236.01,1
45945,155,2014,32,0.0,0.0,0.0,0.0,1,1282.58,1
45945,156,2014,33,0.0,0.0,0.0,0.0,1,1236.03,1
45945,160,2014,37,0.0,0.0,0.0,0.0,1,214.79,1
45945,164,2014,41,0.0,0.0,0.0,0.0,1,2.31,1
45945,174,2014,51,0.0,0.0,0.0,0.0,1,1195.35,1
45945,183,2015,8,0.0,0.0,0.0,0.0,1,2.31,1
46021,7,2011,40,1.519,2.6428,0.7142,99.24,13,16.73,921
46021,8,2011,41,414.2496,2.8523,0.6068,69.28,26,951.8,1696
46021,9,2011,42,399.8029,3.9412,0.6848,10.22,54,1032.4,1976
46021,10,2011,43,0.2647,1.5563,0.6021,46.09,6,0.91,1853
46021,11,2011,44,0.294,1.9187,0.6834,64.61,7,0.95,2009
46021,12,2011,45,0.1342,0.6397,0.3199,100.0,4,0.77,975
46021,13,2011,46,0.4054,2.7684,0.6921,99.75,16,0.97,406
46021,14,2011,47,900.1603,3.6981,0.6621,8.1,48,10909.24,864
46021,15,2011,48,158.5113,3.035,0.5703,89.04,40,632.32,1505
46021,16,2011,49,0.3042,2.2503,0.6505,100.0,11,0.73,836
46021,17,2011,50,132.8808,0.4029,0.1343,98.16,8,1005.11,707
46021,18,2011,51,33.964,3.0452,0.7046,0.0,20,1028.83,481
46021,19,2011,52,61.5215,3.5399,0.7445,0.0,27,1026.42,1687
46021,20,2012,1,26.9976,0.6688,0.2587,0.0,6,1026.41,411
46021,21,2012,2,49.7618,2.8759,0.5861,0.0,30,1026.55,1118
46021,22,2012,3,0.0949,0.6056,0.1751,100.0,11,0.73,731
46021,23,2012,4,0.1311,1.4061,0.3922,100.0,12,0.74,1447
46021,24,2012,5,0.2719,1.8489,0.5157,93.87,12,0.91,1272
46021,25,2012,6,0.2876,3.0442,0.7611,85.21,16,0.9,1136
46021,26,2012,7,0.3044,1.8271,0.5764,100.0,9,0.74,996
46021,28,2012,9,0.1998,1.129,0.5645,100.0,4,0.74,406
46021,29,2012,10,376.3168,2.783,0.6809,59.69,17,938.36,1166
46021,30,2012,11,78.1165,3.3034,0.6732,0.0,30,1032.8,1315
46021,31,2012,12,154.7702,2.6961,0.6596,82.86,17,582.91,1394
46021,32,2012,13,0.2944,1.9202,0.578,98.82,10,0.91,1435
46021,33,2012,14,31.0422,2.2966,0.4408,89.23,37,116.69,1355
46021,34,2012,15,0.2185,2.1602,0.6503,99.08,10,0.9,974
46021,35,2012,16,0.0,0.0,0.0,100.0,1,0.44,134
46021,37,2012,18,0.3948,2.2851,0.6374,64.56,12,1.37,649
46021,38,2012,19,0.9337,2.1336,0.5952,80.36,12,5.89,56
46021,39,2012,20,0.5737,2.526,0.7302,77.46,11,1.53,71
46021,40,2012,21,503.6969,1.8424,0.9212,42.86,4,1033.52,7
46021,41,2012,22,6.9412,1.4056,0.8869,0.0,3,1036.88,8
46021,86,2013,15,0.2096,2.8877,0.8055,100.0,12,0.57,68
46021,87,2013,16,0.5231,3.7482,0.8824,90.0,19,1.08,60
46021,88,2013,17,0.1843,2.9695,0.8283,100.0,12,0.62,84
46021,89,2013,18,0.4205,3.5282,0.8306,100.0,19,0.95,192
46021,90,2013,19,0.2881,3.4004,0.8501,100.0,16,0.7,114
46021,91,2013,20,0.7991,3.4944,0.7193,98.04,29,7.65,204
46021,92,2013,21,263.6463,4.5983,0.8278,3.98,47,1033.98,201
46021,93,2013,22,460.3288,4.3167,0.7369,0.0,58,1855.73,313
46021,101,2013,30,642.5423,1.7842,0.8921,0.0,4,1851.01,12
46021,102,2013,31,4.2059,2.877,0.7192,0.0,16,1036.76,234
46021,103,2013,32,200.6228,3.4084,0.7886,0.0,20,1030.55,90
46021,104,2013,33,66.6947,3.3657,0.8615,0.0,15,1030.58,57
46021,105,2013,34,4.3627,2.4248,0.8637,0.0,7,1032.44,17
46021,106,2013,35,78.2116,1.2516,0.7897,0.0,3,1022.25,12
46021,110,2013,39,0.0032,0.9183,0.9183,0.0,2,7678.79,3
46021,111,2013,40,143.4277,0.9852,0.9852,0.0,2,7520.09,7
46021,115,2013,44,0.0037,0.0,0.0,0.0,1,6576.16,7
46021,122,2013,51,0.8919,0.8113,0.8113,0.0,2,1024.05,4
46021,123,2013,52,63.1702,1.6879,0.727,0.0,5,1023.18,15
46021,124,2014,1,4.6587,1.7842,0.8921,0.0,4,1024.02,12
46021,125,2014,2,0.5114,0.5917,0.5917,0.0,2,1023.58,7
46021,126,2014,3,406.1347,1.8464,0.9232,50.0,4,1022.25,10
46021,127,2014,4,0.1369,2.0028,0.7134,100.0,7,0.46,64
46021,128,2014,5,0.0538,1.9056,0.9528,100.0,4,0.51,8
46021,129,2014,6,1.956,4.9659,0.9331,43.08,40,8.35,65
46021,130,2014,7,1.0308,3.7193,0.7737,66.12,28,7.3,121
46021,131,2014,8,0.2676,2.5612,0.6029,94.62,19,1.07,93
46021,132,2014,9,0.4653,4.7569,0.9201,86.3,36,1.78,73
46021,133,2014,10,423.9844,7.0467,0.9612,29.91,161,1031.31,234
46021,134,2014,11,353.3373,7.221,0.9492,6.37,195,1039.44,267
46021,135,2014,12,0.4094,4.7242,0.8938,97.44,39,2.2,117
46021,136,2014,13,0.1934,2.8454,0.9485,100.0,8,0.53,11
46021,145,2014,22,0.0,0.0,0.0,0.0,1,3.7,1
46021,147,2014,24,0.0,0.0,0.0,0.0,1,2.0,1
46021,153,2014,30,0.0,0.0,0.0,0.0,1,2.01,1
46021,156,2014,33,0.0,0.0,0.0,0.0,1,1025.57,1
46021,168,2014,45,0.0,0.0,0.0,100.0,1,0.4,1
46021,177,2015,2,0.0,0.0,0.0,0.0,1,1022.26,1
46021,180,2015,5,0.0,0.0,0.0,100.0,1,0.4,1
46160,7,2011,40,0.2912,1.2267,0.6134,100.0,4,0.73,633
46160,8,2011,41,1309.2103,2.2647,0.4711,66.85,28,2900.06,2142
46160,9,2011,42,1367.6571,2.2492,0.5204,30.73,20,2895.76,2216
46160,10,2011,43,497.5661,1.6052,0.464,99.82,11,11607.58,2173
46160,11,2011,44,2349.7543,2.0227,0.7205,95.72,7,11607.58,2362
46160,12,2011,45,0.2329,1.6412,0.5177,100.0,9,0.54,1760
46160,13,2011,46,20.0333,2.9968,0.7055,92.67,19,116.29,1870
46160,14,2011,47,51.0402,0.9559,0.6031,74.18,3,116.56,1704
46160,15,2011,48,0.262,2.5536,0.6124,99.08,18,0.85,1846
46160,16,2011,49,0.4099,2.1641,0.6037,98.87,12,0.95,1769
46160,17,2011,50,1398.2018,2.3122,0.6684,60.77,11,2899.76,2924
46160,18,2011,51,2.3043,2.2753,0.5824,0.0,15,2913.01,2798
46160,19,2011,52,3.2601,2.3631,0.6592,0.0,12,2900.97,3133
46160,20,2012,1,4.2363,2.1658,0.5689,0.0,14,2899.99,2894
46160,21,2012,2,456.638,2.5442,0.5624,0.0,23,2900.72,2757
46160,22,2012,3,1.9644,1.9395,0.4566,95.26,19,24.39,3102
46160,23,2012,4,0.248,2.1025,0.4787,100.0,21,0.74,3114
46160,24,2012,5,0.2003,1.3869,0.3643,100.0,14,0.65,3008
46160,25,2012,6,55.3827,1.8416,0.5544,86.63,10,215.53,2730
46160,26,2012,7,604.4924,2.5522,0.7378,36.64,11,1257.39,2148
46160,27,2012,8,0.1607,0.9076,0.4538,100.0,4,0.74,2872
46160,28,2012,9,0.1566,0.7626,0.4811,100.0,3,0.74,2819
46160,29,2012,10,41.8278,0.9026,0.1944,97.64,25,544.65,2665
46160,30,2012,11,0.0,0.0,0.0,100.0,1,0.25,453
46160,31,2012,12,0.1589,0.6239,0.3119,100.0,4,0.73,2648
46160,32,2012,13,19.5299,1.4484,0.4187,90.64,11,116.39,3013
46160,33,2012,14,0.1812,1.0113,0.5056,100.0,4,0.75,2658
46160,34,2012,15,0.0916,0.9179,0.3953,100.0,5,0.73,2689
46160,35,2012,16,0.116,1.0775,0.464,100.0,5,0.74,2773
46160,36,2012,17,0.2076,1.3363,0.6682,100.0,4,0.74,1575
46160,37,2012,18,0.2372,1.4093,0.4446,99.79,9,1.58,1930
46160,38,2012,19,957.9393,2.3494,0.5349,78.57,21,2900.38,112
46160,39,2012,20,3.4984,3.3724,0.7803,0.0,20,2901.88,112
46160,40,2012,21,1209.4675,2.6538,0.6042,0.0,21,5821.82,118
46160,41,2012,22,2.4146,1.5,0.9464,0.0,3,5821.82,4
46160,46,2012,27,0.0043,0.0,0.0,0.0,1,2888.86,6
46160,47,2012,28,1.5555,2.6315,0.5667,0.0,25,2892.87,223
46160,48,2012,29,4.1877,2.7937,0.5751,0.0,29,2924.16,250
46160,49,2012,30,6.1586,3.2196,0.6277,0.0,35,2924.16,335
46160,50,2012,31,4.704,2.8928,0.5436,0.0,40,2924.16,430
46160,51,2012,32,4.2777,2.8448,0.6822,0.0,18,2896.38,89
46160,52,2012,33,0.4093,2.6928,0.6339,94.29,19,1.48,105
46160,53,2012,34,5.5057,3.5624,0.6031,91.4,60,36.85,442
46160,54,2012,35,0.7033,3.4105,0.6704,85.2,34,2.77,277
46160,55,2012,36,0.4542,2.8973,0.5744,96.74,33,2.24,215
46160,56,2012,37,1.5099,3.0438,0.6729,83.8,23,7.27,142
46160,57,2012,38,1.0154,3.7826,0.825,84.95,24,6.78,93
46160,58,2012,39,0.6784,2.8816,0.5713,93.01,33,4.09,229
46160,59,2012,40,46.1397,4.0308,0.7004,75.16,54,117.35,310
46160,60,2012,41,100.3175,4.2412,0.7123,91.97,62,873.55,299
46160,61,2012,42,405.6861,4.9842,0.7818,28.79,83,881.1,455
46160,62,2012,43,537.1533,5.6314,0.797,32.43,134,1215.18,404
46160,63,2012,44,147.8334,5.1551,0.7376,73.51,127,481.5,536
46160,64,2012,45,0.6424,3.7078,0.657,90.49,50,4.01,284
46160,65,2012,46,0.6635,3.9758,0.6704,93.47,61,4.08,429
46160,66,2012,47,0.73,3.0019,0.5435,91.03,46,3.85,457
46160,67,2012,48,0.7675,4.1286,0.6934,89.66,62,7.32,464
46160,68,2012,49,1.5296,3.8251,0.6678,84.03,53,5.65,313
46160,69,2012,50,0.7814,3.2608,0.641,98.19,34,7.42,332
46160,98,2013,27,0.0,0.0,0.0,100.0,1,0.28,1
46160,99,2013,28,0.2368,2.6498,0.9439,100.0,7,0.55,19
46160,100,2013,29,0.0,0.0,0.0,100.0,1,0.55,2
46160,101,2013,30,1021.0251,2.2842,0.8836,0.0,6,2889.47,12
46160,102,2013,31,581.5747,2.7806,0.8772,0.0,9,2901.97,16
46160,103,2013,32,3.3809,2.6612,0.9479,0.0,7,2896.77,13
46160,104,2013,33,0.2487,2.1281,0.9165,0.0,5,2889.47,14
46160,105,2013,34,1370.3881,1.9183,0.9591,50.0,4,2888.84,6
46160,139,2014,16,0.5442,4.7034,0.7505,92.64,77,4.06,530
46160,140,2014,17,0.9269,4.8784,0.698,85.61,127,4.16,931
46160,141,2014,18,1.6699,4.8828,0.7033,83.07,123,10.77,933
46160,142,2014,19,1.0538,4.8554,0.708,85.96,116,7.53,869
46160,143,2014,20,1.411,5.3902,0.7507,78.54,145,7.53,769
46160,144,2014,21,1420.4837,6.4884,0.8829,32.91,163,2902.07,395
46160,147,2014,24,1.705,1.9948,0.7106,0.0,7,5818.23,19
46160,148,2014,25,3692.2325,4.7346,0.7407,0.0,84,5818.46,260
46160,149,2014,26,12.0601,5.495,0.7451,0.0,166,2903.07,409
46160,150,2014,27,0.2688,1.5651,0.6741,0.0,5,2890.05,109
46160,151,2014,28,11.1319,4.2336,0.6979,0.0,67,2924.16,340
46160,152,2014,29,10.3901,4.2766,0.6571,0.0,91,2918.02,439
46160,153,2014,30,9.1767,4.8838,0.8235,0.0,61,2911.6,201
46160,154,2014,31,15.7386,4.4511,0.6467,0.0,118,2910.37,468
46160,155,2014,32,1364.4927,5.2495,0.8028,15.36,93,2901.86,319
46160,157,2014,34,8.8872,4.3615,0.7989,59.22,44,25.11,206
46160,158,2014,35,0.983,4.3497,0.7457,82.37,57,4.91,397
46160,159,2014,36,1.0101,4.7673,0.8209,70.2,56,5.13,255
46160,162,2014,39,0.6497,4.1599,0.7666,90.73,43,2.14,259
46160,163,2014,40,0.9521,5.6836,0.7772,80.96,159,5.25,1040
46160,164,2014,41,0.8328,5.8219,0.8265,79.21,132,4.13,712
46160,165,2014,42,532.2757,6.2601,0.8205,47.81,198,1266.09,456
46160,166,2014,43,302.4426,5.2913,0.7674,31.67,119,918.57,341
46160,167,2014,44,1.2293,4.5253,0.6826,77.73,99,4.99,485
46160,168,2014,45,0.7942,4.4093,0.717,89.52,71,4.59,353
46160,169,2014,46,0.8005,4.5749,0.7119,88.91,86,4.37,433
46160,170,2014,47,0.678,3.7657,0.6084,91.89,73,4.38,419
46160,171,2014,48,102.6637,6.0459,0.7744,34.68,224,220.19,545
46160,172,2014,49,0.1772,1.893,0.631,100.0,8,0.73,67
46160,173,2014,50,0.4623,2.5921,0.648,94.44,16,1.71,72
46584,7,2011,40,0.245,0.795,0.3075,99.68,6,1.32,1252
46584,8,2011,41,0.0,0.0,0.0,100.0,1,0.46,527
46584,9,2011,42,132.7612,2.1628,0.7704,11.48,7,395.16,1089
46584,10,2011,43,0.2518,1.8592,0.8007,100.0,5,0.43,1407
46584,11,2011,44,0.2237,1.4918,0.5314,99.55,7,5.88,1792
46584,12,2011,45,0.1763,1.1533,0.3844,100.0,8,0.77,1356
46584,13,2011,46,0.1287,0.7277,0.3134,100.0,5,0.65,1428
46584,14,2011,47,192.6722,1.5433,0.7716,43.22,4,388.25,1062
46584,15,2011,48,19.2281,1.1106,0.4297,91.95,6,116.84,1540
46584,16,2011,49,0.1328,0.8566,0.3314,100.0,6,0.56,1357
46584,17,2011,50,164.9786,1.0877,0.4208,76.16,6,388.88,1229
46584,18,2011,51,1.0499,1.1567,0.3856,0.0,8,390.99,1130
46584,19,2011,52,0.5831,0.4797,0.3027,0.0,3,389.15,1390
46584,20,2012,1,6.9179,2.6396,0.8327,0.0,9,396.17,1273
46584,21,2012,2,223.7009,2.1352,0.7606,0.0,7,388.26,387
46584,22,2012,3,2.8961,2.2029,0.8522,88.5,6,9.2,1183
46584,23,2012,4,0.1694,0.6736,0.425,100.0,3,0.74,992
46584,24,2012,5,0.1154,0.6174,0.6174,100.0,2,0.41,1176
46584,25,2012,6,53.7335,1.294,0.647,65.54,4,116.51,1129
46584,26,2012,7,0.1747,0.6401,0.4039,100.0,3,0.73,1165
46584,27,2012,8,0.1333,0.3237,0.3237,100.0,2,0.74,491
46584,28,2012,9,0.211,1.0856,0.685,100.0,3,0.74,2270
46584,29,2012,10,0.0768,0.2952,0.1863,100.0,3,0.41,1678
46584,30,2012,11,177.672,3.1754,0.8581,27.01,13,393.64,1640
46584,31,2012,12,1.7401,2.7857,0.8053,84.02,11,4.83,2659
46584,32,2012,13,0.3641,2.2523,0.678,99.95,10,1.14,2132
46584,33,2012,14,47.6436,2.9931,0.6617,73.48,23,118.97,2481
46584,34,2012,15,33.6862,3.2225,0.8464,86.08,14,116.98,2852
46584,35,2012,16,0.3253,1.4897,0.4966,100.0,8,0.73,2019
46584,36,2012,17,0.1829,1.8645,0.7213,100.0,6,0.46,2368
46584,37,2012,18,0.3519,1.2836,0.358,100.0,12,0.57,1472
46584,38,2012,19,118.4259,4.3712,0.8007,75.63,44,391.61,119
46584,39,2012,20,212.9223,3.2634,0.8159,0.0,16,570.39,55
46584,40,2012,21,0.0,0.0,0.0,0.0,1,570.39,4
46584,41,2012,22,0.0,0.0,0.0,0.0,1,571.73,3
46584,44,2012,25,0.625,0.3095,0.3095,0.0,2,560.2,18
46584,48,2012,29,31.3468,2.4138,0.8598,0.0,7,560.21,14
46584,49,2012,30,0.8725,0.8113,0.8113,0.0,2,614.86,4
46584,50,2012,31,159.858,4.4932,0.8907,0.0,33,682.49,59
46584,52,2012,33,147.9484,5.0135,0.9421,46.48,40,389.14,71
46584,53,2012,34,0.9737,4.6253,0.8578,88.31,42,5.16,154
46584,54,2012,35,0.6954,4.2172,0.836,93.92,33,3.3,148
46584,55,2012,36,1.3473,4.1879,0.8621,90.43,29,9.89,94
46584,56,2012,37,0.3404,3.9821,0.893,100.0,22,0.77,48
46584,57,2012,38,0.3176,3.5681,0.8729,100.0,17,0.79,44
46584,58,2012,39,43.071,4.5972,0.8276,73.98,47,116.45,123
46584,59,2012,40,51.5108,5.0184,0.8057,78.57,75,175.82,280
46584,60,2012,41,135.2559,4.8945,0.7335,82.01,102,641.01,428
46584,61,2012,42,193.0485,4.3488,0.8778,42.53,31,640.82,87
46584,62,2012,43,0.6942,4.0109,0.7262,96.5,46,5.06,343
46584,63,2012,44,0.4,4.5458,0.7696,94.54,60,1.51,348
46584,64,2012,45,0.6681,4.2457,0.7485,92.36,51,3.87,288
46584,65,2012,46,1.5396,4.9506,0.8347,84.87,61,5.14,238
46584,66,2012,47,177.8796,4.9984,0.8155,26.87,70,412.55,201
46584,67,2012,48,1.0072,4.552,0.7838,90.43,56,5.76,282
46584,68,2012,49,0.6851,4.2106,0.8276,90.68,34,3.2,118
46584,69,2012,50,93.8685,4.3256,0.7876,76.38,45,388.6,127
46584,70,2012,51,3.2367,4.2166,0.6834,0.0,72,402.96,385
46584,71,2012,52,8.9292,3.0172,0.6766,0.0,22,391.73,120
46584,72,2013,1,183.8802,4.4888,0.8037,0.0,48,739.02,270
46584,73,2013,2,156.1628,5.0199,0.7695,7.82,92,397.55,307
46584,74,2013,3,1.9869,4.3265,0.7666,79.01,50,9.99,262
46584,75,2013,4,528.3454,3.9232,0.7423,99.6,39,8419.74,253
46584,76,2013,5,0.3923,4.1603,0.7715,94.85,42,1.58,194
46584,77,2013,6,0.5074,4.3471,0.7784,90.36,48,2.74,280
46584,78,2013,7,1.048,4.5658,0.7897,85.04,55,5.44,234
46584,79,2013,8,0.9442,4.1933,0.7549,88.94,47,4.78,217
46584,80,2013,9,0.8441,4.3154,0.8055,91.2,41,4.8,216
46584,81,2013,10,99.7643,5.3859,0.8124,59.03,99,410.49,349
46584,82,2013,11,157.7494,4.4507,0.7261,7.08,70,411.54,226
46584,83,2013,12,20.5182,4.7535,0.7704,84.47,72,116.98,264
46584,84,2013,13,4.6402,4.791,0.8144,79.02,59,24.55,205
46584,85,2013,14,1.0806,4.5407,0.8421,91.62,42,4.75,179
46584,86,2013,15,0.6889,4.0796,0.7666,94.19,40,4.0,241
46584,87,2013,16,0.3328,4.0124,0.8025,97.56,32,1.33,205
46584,88,2013,17,0.6577,4.0728,0.7878,95.93,36,4.71,221
46584,89,2013,18,1.0469,4.2784,0.7885,79.56,43,4.94,225
46584,90,2013,19,165.8304,5.1929,0.7999,21.91,90,391.34,324
46584,91,2013,20,101.016,3.465,0.6171,0.0,49,458.09,229
46584,92,2013,21,0.0,0.0,0.0,0.0,1,598.71,9
46584,93,2013,22,14.8217,3.2229,0.871,0.0,13,680.76,28
46584,102,2013,31,0.9593,0.65,0.65,0.0,2,388.66,6
46584,103,2013,32,4.7768,3.0665,0.5651,0.0,43,412.7,328
46584,104,2013,33,21.0848,2.9357,0.548,0.0,41,410.79,414
46584,105,2013,34,0.7792,1.9108,0.6028,0.0,9,391.34,191
46584,106,2013,35,0.5954,1.141,0.3599,0.0,9,389.3,273
46654,7,2011,40,0.2165,2.291,0.6191,100.0,13,0.8,154
46654,8,2011,41,263.7258,3.8127,0.6048,80.43,79,843.17,1640
46654,9,2011,42,404.1812,4.2204,0.6121,36.62,119,1023.5,1442
46654,10,2011,43,0.2002,2.2383,0.44,99.72,34,0.91,1419
46654,11,2011,44,0.1866,2.0275,0.4092,99.95,31,0.91,1915
46654,12,2011,45,0.4163,2.0466,0.3872,97.53,39,5.0,2068
46654,13,2011,46,0.1801,2.2645,0.4173,100.0,43,0.87,2128
46654,14,2011,47,391.1221,4.401,0.5913,32.04,174,864.28,2032
46654,15,2011,48,14.1615,2.1421,0.3815,93.73,49,116.71,2075
46654,16,2011,49,0.1598,1.53,0.3255,100.0,26,0.76,1459
46654,17,2011,50,341.3432,2.4185,0.4146,72.47,57,872.01,2303
46654,18,2011,51,3.7635,1.7759,0.318,0.0,48,870.47,2037
46654,19,2011,52,8.3855,2.4646,0.3845,0.0,85,875.26,1938
46654,20,2012,1,47.5892,2.9079,0.4416,0.0,96,854.59,1981
46654,21,2012,2,65.3016,2.6957,0.4066,0.0,99,862.54,1831
46654,22,2012,3,0.2909,2.1693,0.4671,96.41,25,1.63,2283
46654,23,2012,4,0.8726,2.1368,0.4865,95.94,21,5.44,1922
46654,24,2012,5,0.2486,2.4721,0.5928,99.8,18,1.62,2021
46654,25,2012,6,1.1569,3.3029,0.5638,92.51,58,5.44,2029
46654,26,2012,7,37.5208,3.0113,0.5283,96.26,52,762.21,2059
46654,27,2012,8,0.1987,2.0384,0.4041,100.0,33,0.76,1627
46654,28,2012,9,0.4291,2.7031,0.4982,99.28,43,5.43,2073
46654,29,2012,10,330.8901,3.9954,0.632,73.77,80,851.64,2059
46654,30,2012,11,145.8389,4.0495,0.5538,0.06,159,862.27,1762
46654,31,2012,12,0.7643,2.1188,0.4902,97.36,20,5.52,2081
46654,32,2012,13,20.2163,2.9335,0.5146,95.01,52,415.01,2106
46654,33,2012,14,1.0703,2.3129,0.4001,93.12,55,5.43,1511
46654,34,2012,15,0.5068,2.0605,0.3797,98.99,43,5.24,2086
46654,35,2012,16,0.9416,2.6691,0.4638,93.8,54,4.41,2017
46654,36,2012,17,0.1786,1.6135,0.3172,100.0,34,0.85,2076
46654,37,2012,18,0.4417,2.2036,0.4199,97.34,38,5.06,638
46654,38,2012,19,163.7721,6.8928,0.9357,24.73,165,553.93,279
46654,39,2012,20,2.3877,4.2233,0.8107,0.0,37,852.83,120
46654,40,2012,21,10.5053,5.0454,0.8125,0.0,74,856.92,203
46654,41,2012,22,10.6112,5.6033,0.8295,0.0,108,875.71,248
46654,42,2012,23,1875.8463,3.1316,0.683,0.0,24,11443.79,94
46654,43,2012,24,13.1154,5.1034,0.8193,0.0,75,854.38,175
46654,44,2012,25,5.6889,3.5251,0.7333,0.0,28,854.4,132
46654,45,2012,26,4.5752,5.9476,0.8876,0.0,104,846.0,259
46654,46,2012,27,13.0437,5.1229,0.7728,0.0,99,862.43,237
46654,47,2012,28,33.8167,5.8036,0.8463,0.0,116,1020.06,341
46654,48,2012,29,21.6936,6.0078,0.8668,0.0,122,1028.37,312
46654,49,2012,30,14.856,5.0677,0.6708,0.0,188,856.8,748
46654,50,2012,31,4.1317,1.9848,0.3433,0.0,55,854.73,932
46654,51,2012,32,7.5027,3.9019,0.6155,0.0,81,879.91,452
46654,52,2012,33,283.4197,5.3526,0.7301,1.71,161,845.44,410
46654,53,2012,34,0.9978,2.0924,0.6049,88.0,11,4.98,75
46654,54,2012,35,0.4359,2.0624,0.5962,90.91,11,1.59,77
46654,55,2012,36,0.7805,2.8887,0.7067,82.95,17,2.24,88
46654,56,2012,37,0.3962,2.1493,0.647,93.94,10,1.72,66
46654,57,2012,38,0.5942,2.1636,0.7707,91.8,7,2.6,61
46654,58,2012,39,0.605,2.7907,0.733,90.14,14,2.76,71
46654,59,2012,40,0.8307,3.2244,0.8061,76.56,16,3.75,128
46654,60,2012,41,147.9613,4.2987,0.7541,80.47,52,843.45,215
46654,61,2012,42,277.5825,5.7013,0.824,8.91,121,854.52,303
46654,62,2012,43,1.473,3.4802,0.696,81.38,32,5.15,247
46654,63,2012,44,2.1555,3.0886,0.6828,98.38,23,37.2,309
46654,64,2012,45,0.2087,2.4885,0.6725,100.0,13,0.74,168
46654,65,2012,46,4.7702,3.6566,0.6658,87.5,45,80.32,320
46654,66,2012,47,302.2228,4.4273,0.7298,11.66,67,874.69,283
46654,67,2012,48,0.2292,2.537,0.6207,100.0,17,0.74,240
46654,68,2012,49,0.4061,2.594,0.5906,98.74,21,4.2,239
46654,69,2012,50,376.5653,2.9456,0.6605,69.73,22,854.59,261
46654,70,2012,51,11.3376,3.0084,0.6072,0.0,31,860.18,277
46654,71,2012,52,11.4514,3.0967,0.6442,0.0,28,859.73,260
46654,72,2013,1,4.4637,1.8563,0.6612,0.0,7,844.46,255
46654,73,2013,2,79.8552,2.8828,0.6373,0.0,23,854.5,194
46654,74,2013,3,0.3933,2.0579,0.574,100.0,12,1.08,207
46654,75,2013,4,0.3463,1.3202,0.833,62.75,3,0.95,102
46654,76,2013,5,0.2895,2.7683,0.7722,92.0,12,0.95,200
46654,77,2013,6,0.8994,2.3416,0.5854,97.25,16,6.34,182
46654,78,2013,7,0.5534,2.4068,0.6504,98.69,13,5.05,153
46654,79,2013,8,0.2439,2.9888,0.6607,97.24,23,0.95,399
46654,80,2013,9,0.3416,2.9176,0.6543,99.19,22,3.41,370
46654,81,2013,10,267.6231,4.1113,0.7018,70.78,58,860.07,421
46654,82,2013,11,5.8847,1.6773,0.6489,0.0,6,843.38,105
46654,83,2013,12,141.3709,3.4157,0.7031,92.75,29,842.73,276
46654,84,2013,13,0.3266,2.7355,0.6329,98.83,20,2.38,342
46654,85,2013,14,0.2308,2.6643,0.72,100.0,13,0.64,100
46654,86,2013,15,0.6793,3.1424,0.6537,96.28,28,5.11,296
46654,87,2013,16,3.9724,3.5035,0.6676,87.84,38,67.82,296
46654,88,2013,17,4.3357,2.7048,0.5899,96.31,24,68.04,244
46654,89,2013,18,0.1937,0.9648,0.3732,95.18,6,1.08,83
46654,90,2013,19,1.7729,1.823,0.7851,53.85,5,2.89,13
46654,91,2013,20,0.1979,0.469,0.469,0.0,2,843.31,10
46654,92,2013,21,16.5068,1.668,0.7183,0.0,5,843.32,19
46654,93,2013,22,12.5249,2.9071,0.8403,0.0,11,866.29,41
46654,94,2013,23,48.58,3.2936,0.9187,0.0,12,843.36,36
46654,95,2013,24,37.6252,3.9536,0.9672,0.0,17,854.45,31
46654,96,2013,25,636.9368,3.8129,0.9532,0.0,16,1537.25,38
46654,97,2013,26,84.7558,3.3266,0.899,0.0,13,1019.07,32
46654,98,2013,27,10.4018,2.5756,0.9174,0.0,7,862.58,19
46654,99,2013,28,1125.3293,2.9652,0.8571,0.0,11,7801.87,38
46654,100,2013,29,1.9143,3.2914,0.9181,0.0,12,845.52,21
46654,101,2013,30,93.1215,2.7255,0.8205,0.0,10,1031.68,18
46654,102,2013,31,4.1002,1.5,0.9464,0.0,3,850.92,8
46654,103,2013,32,18.8983,2.4235,0.9376,0.0,6,856.47,24
46654,104,2013,33,7.8903,3.0937,0.976,0.0,9,858.55,26
46654,105,2013,34,3.4298,3.4251,0.9256,18.18,13,7.55,22
46654,107,2013,36,0.4834,2.8457,0.5858,89.33,29,4.33,225
46654,108,2013,37,0.3861,3.0592,0.6118,90.27,32,2.94,226
46654,109,2013,38,30.467,4.3282,0.7298,69.12,61,94.88,285
46654,110,2013,39,0.622,3.5438,0.638,86.83,47,4.45,334
46654,111,2013,40,0.9673,3.3593,0.6312,87.58,40,5.82,298
46654,112,2013,41,0.8665,3.6102,0.8096,77.53,22,4.59,89
46654,113,2013,42,0.9933,3.9062,0.739,77.69,39,4.46,251
46654,114,2013,43,251.4683,5.9768,0.8624,3.49,122,874.69,229
46654,115,2013,44,102.7642,4.2333,0.7664,70.59,46,273.53,187
46654,116,2013,45,0.9482,3.1355,0.6671,86.87,26,4.65,99
46654,117,2013,46,0.9512,2.6039,0.7037,86.36,13,3.67,66
46654,118,2013,47,54.4098,4.8451,0.752,54.55,87,118.22,176
46654,119,2013,48,341.0679,6.7816,0.8923,6.58,194,862.93,319
46654,120,2013,49,6.8831,2.9885,0.6518,90.43,24,35.24,94
46654,121,2013,50,0.3097,3.0771,0.6711,99.0,24,1.08,100
46654,122,2013,51,0.9428,2.9243,0.6297,94.12,25,4.63,119
46654,123,2013,52,8.376,7.2161,0.9305,0.0,216,854.37,350
46654,124,2014,1,8.4053,5.0482,0.8512,0.0,61,874.68,110
46654,125,2014,2,311.3255,7.6831,0.9481,4.13,275,859.44,363
46654,126,2014,3,0.9438,3.7874,0.6099,78.99,74,5.7,652
46654,127,2014,4,0.6515,3.6017,0.6382,85.36,50,5.69,526
46654,128,2014,5,1.1067,4.5605,0.6974,79.07,93,5.7,473
46654,129,2014,6,0.5626,3.9483,0.7322,90.27,42,4.46,226
46654,130,2014,7,0.9162,3.5834,0.6828,82.77,38,4.62,238
46654,131,2014,8,1.5821,4.904,0.6909,67.22,137,8.32,598
46654,132,2014,9,46.4384,4.8458,0.7541,55.05,86,117.83,198
46654,133,2014,10,383.3906,4.8709,0.8504,38.37,53,849.53,86
46654,134,2014,11,14.9278,5.8471,0.9477,0.0,72,875.79,109
46654,135,2014,12,0.3117,3.8802,0.97,100.0,16,0.82,21
46654,136,2014,13,0.8089,4.7095,0.8734,79.41,42,3.19,102
46654,137,2014,14,2.222,3.9972,0.8315,70.49,28,5.73,61
46654,138,2014,15,1.3411,4.7541,0.8657,89.38,45,4.58,113
46654,139,2014,16,433.3621,5.5374,0.8863,10.48,76,893.68,124
46654,140,2014,17,252.4817,4.9493,0.8188,60.2,66,893.76,196
46654,141,2014,18,0.4276,3.0865,0.79,65.15,15,1.33,66
46654,146,2014,23,0.0,0.0,0.0,0.0,1,842.73,1
46654,150,2014,27,0.0,0.0,0.0,0.0,1,842.06,1
46654,152,2014,29,8.1224,1.0,1.0,0.0,2,853.66,2
46654,177,2015,2,0.0,0.0,0.0,0.0,1,799.73,1
46654,179,2015,4,0.0,0.0,0.0,100.0,1,0.6,1
46771,9,2011,42,4.539,3.7221,0.6529,0.0,52,1037.13,525
46771,10,2011,43,0.3165,1.8058,0.7777,89.67,5,0.91,687
46771,11,2011,44,0.2256,1.919,0.6054,98.89,9,0.91,2166
46771,12,2011,45,0.222,1.903,0.6343,99.94,8,0.94,1798
46771,13,2011,46,0.4139,2.686,0.6875,91.32,15,3.08,1428
46771,14,2011,47,363.6176,3.1499,0.6701,14.97,26,856.59,2278
46771,15,2011,48,1.0821,2.0164,0.6361,58.7,9,3.35,1966
46771,16,2011,49,0.1615,0.8124,0.2894,100.0,7,0.73,1486
46771,17,2011,50,384.8318,2.0555,0.5399,70.96,14,851.79,1956
46771,18,2011,51,4.8884,2.9155,0.6992,0.0,18,856.38,2835
46771,19,2011,52,117.1046,2.7494,0.7037,0.0,15,1037.4,2040
46771,20,2012,1,130.3995,2.5874,0.633,0.0,17,1033.44,2255
46771,21,2012,2,344.3406,2.1539,0.5385,0.0,16,852.99,2307
46771,22,2012,3,0.3122,1.3968,0.4406,78.9,9,1.53,3061
46771,23,2012,4,0.2331,1.4006,0.4669,88.23,8,0.91,3049
46771,24,2012,5,0.1947,2.4479,0.6615,100.0,13,0.74,2351
46771,25,2012,6,1.3134,2.0903,0.6594,85.13,9,4.33,1943
46771,26,2012,7,0.2592,2.5374,0.7638,100.0,10,0.75,1788
46771,27,2012,8,1.3469,1.1831,0.5916,18.73,4,3.67,566
46771,28,2012,9,0.302,2.1869,0.779,94.98,7,0.92,1234
46771,29,2012,10,336.7002,3.0392,0.6719,74.79,23,855.2,2491
46771,30,2012,11,305.0155,2.9384,0.8197,0.0,12,856.97,1444
46771,31,2012,12,5.8014,2.5409,0.9051,85.84,7,16.56,1865
46771,32,2012,13,0.127,2.3266,0.649,100.0,12,0.75,2796
46771,33,2012,14,22.7054,1.4908,0.3394,92.39,21,117.13,2681
46771,34,2012,15,0.1302,0.7957,0.222,100.0,12,0.78,2000
46771,35,2012,16,0.2695,1.8978,0.4985,88.33,14,1.29,2734
46771,36,2012,17,0.2508,1.969,0.5172,92.71,14,0.9,2742
46771,37,2012,18,74.6696,1.6881,0.3346,95.56,33,1809.29,586
46771,38,2012,19,0.2898,2.6758,0.6,88.97,22,1.54,145
46771,39,2012,20,0.6254,3.3619,0.6786,71.34,31,2.79,157
46771,40,2012,21,169.2827,4.4435,0.6915,1.28,86,880.97,392
46771,41,2012,22,4.8852,3.9165,0.7263,0.0,42,867.03,305
46771,42,2012,23,1.9123,2.7893,0.6566,0.0,19,854.31,302
46771,43,2012,24,3.576,3.1515,0.6705,0.0,26,863.61,307
46771,44,2012,25,35.8229,4.0401,0.6637,0.0,68,1030.04,423
46771,45,2012,26,798.9143,4.0398,0.74,0.0,44,7272.59,213
46771,46,2012,27,71.863,4.8424,0.8198,0.0,60,1031.29,206
46771,47,2012,28,1.7381,3.1074,0.7075,0.0,21,881.77,213
46771,48,2012,29,7.2262,4.5698,0.8182,0.0,48,915.54,177
46771,49,2012,30,78.5465,4.9445,0.8514,0.0,56,1034.46,228
46771,50,2012,31,10.8479,4.0452,0.6794,0.0,62,1032.77,248
46771,51,2012,32,8.8159,4.3593,0.7764,0.0,49,1034.11,147
46771,52,2012,33,344.793,6.0651,0.9768,10.0,74,1030.97,100
46771,53,2012,34,1.0515,3.5337,0.6889,84.5,35,5.07,129
46771,54,2012,35,0.8413,4.27,0.8393,74.21,34,2.77,159
46771,55,2012,36,0.4846,4.1521,0.7912,86.03,38,1.59,136
46771,56,2012,37,0.2954,3.8702,0.8051,100.0,28,0.73,119
46771,57,2012,38,0.3374,3.4575,0.7753,93.68,22,1.13,95
46771,58,2012,39,2.5167,4.3565,0.7469,65.61,57,6.47,253
46771,59,2012,40,38.6045,5.008,0.7991,65.31,77,118.23,245
46771,60,2012,41,216.1372,4.6539,0.805,76.34,55,850.27,186
46771,61,2012,42,1.6448,2.4792,0.67,71.43,13,6.42,63
46771,62,2012,43,0.7449,2.4862,0.6719,92.47,13,3.52,93
46771,63,2012,44,0.4687,2.2485,0.5293,91.17,19,2.89,283
46771,64,2012,45,1.0223,3.0093,0.6748,90.2,22,6.44,255
46771,65,2012,46,0.427,2.6902,0.5868,94.71,24,2.89,170
46771,66,2012,47,0.6151,2.4195,0.5277,91.9,24,5.27,284
46771,67,2012,48,18.0408,2.6851,0.6021,84.15,22,117.36,246
46771,68,2012,49,0.337,3.1823,0.677,96.07,26,0.94,178
46771,69,2012,50,308.1606,4.3655,0.7391,66.84,60,854.63,190
46771,70,2012,51,3.2194,3.4423,0.6468,0.0,40,857.06,279
46771,71,2012,52,3.1447,3.4819,0.7323,0.0,27,860.73,123
46771,72,2013,1,971.6997,5.3879,0.8498,0.0,81,1857.41,299
46771,73,2013,2,452.5283,5.3964,0.8195,2.27,96,1857.4,264
46771,74,2013,3,0.3658,3.4966,0.6712,91.79,37,1.64,268
46771,75,2013,4,399.643,5.1121,0.7746,48.18,97,843.62,384
46771,76,2013,5,0.604,2.9425,0.5737,89.24,35,4.38,316
46771,77,2013,6,0.7269,3.779,0.7008,96.36,42,7.24,330
46771,78,2013,7,0.4787,3.6169,0.6843,87.4,39,2.98,365
46771,79,2013,8,1.7522,4.2217,0.7177,86.97,59,6.68,376
46771,80,2013,9,0.6733,3.5443,0.666,89.29,40,7.81,439
46771,81,2013,10,350.9718,4.3261,0.6715,67.87,87,855.78,470
46771,82,2013,11,197.323,4.9701,0.7287,0.72,113,859.37,553
46771,83,2013,12,0.3952,3.2751,0.7052,98.74,25,1.86,239
46771,84,2013,13,34.9434,4.3834,0.6914,83.17,81,128.64,398
46771,85,2013,14,206.1729,3.8904,0.6729,91.74,55,3933.69,363
46771,86,2013,15,2.2583,4.0325,0.7145,81.63,50,8.32,283
46771,87,2013,16,0.9506,4.5802,0.7922,77.08,55,5.25,384
46771,88,2013,17,0.4589,3.4182,0.7665,86.98,22,1.34,215
46771,89,2013,18,0.6083,4.0046,0.7209,89.0,47,4.21,482
46771,90,2013,19,0.7769,3.6217,0.6716,78.99,42,3.72,376
46771,91,2013,20,1.2135,2.7663,0.531,73.31,37,4.96,296
46771,92,2013,21,40.558,4.8044,0.7536,0.0,83,865.09,593
46771,93,2013,22,241.1371,3.888,0.6556,0.0,61,2919.63,494
46771,96,2013,25,0.0,0.0,0.0,0.0,1,12061.33,3
46771,99,2013,28,0.0,0.0,0.0,0.0,1,12064.07,13
46771,101,2013,30,0.0,0.0,0.0,0.0,1,12056.16,3
46771,102,2013,31,6.8749,2.8662,0.9042,0.0,9,1033.58,15
46771,103,2013,32,137.3089,5.9991,0.8115,0.0,168,1040.53,588
46771,104,2013,33,12.1238,4.4569,0.7401,0.0,65,861.61,591
46771,105,2013,34,30.7284,4.7972,0.7252,0.0,98,1036.22,628
46771,106,2013,35,120.0656,4.8221,0.7465,0.0,88,1047.76,480
46771,108,2013,37,0.0049,0.0,0.0,0.0,1,10656.02,9
46771,109,2013,38,0.0322,1.371,0.865,0.0,3,10650.6,5
46771,110,2013,39,0.0,0.0,0.0,0.0,1,11423.52,13
46771,111,2013,40,0.0233,0.0,0.0,0.0,1,11423.57,25
46771,120,2013,49,0.1076,0.8905,0.8905,0.0,2,10650.86,13
46771,122,2013,51,75.8829,4.7435,0.6955,0.0,113,1038.05,650
46771,123,2013,52,29.9959,4.2599,0.6664,0.0,84,1036.31,634
46771,124,2014,1,99.8893,2.9292,0.7323,0.0,16,1103.09,127
46771,125,2014,2,302.7124,4.1804,0.6691,3.69,76,857.16,406
46771,126,2014,3,0.7492,3.5022,0.6723,88.74,37,4.96,293
46771,129,2014,6,1.7883,3.1463,0.6775,86.25,25,8.35,80
46771,130,2014,7,0.9178,4.4458,0.8298,82.68,41,7.3,127
46771,131,2014,8,1.0657,4.4653,0.839,86.67,40,4.8,105
46771,132,2014,9,0.5379,4.0164,0.7497,78.16,41,1.33,206
46771,133,2014,10,60.9152,4.5299,0.8155,71.11,47,311.04,135
46771,134,2014,11,254.558,6.6343,0.9165,0.39,151,1037.39,258
46771,135,2014,12,1.1835,5.0843,0.8188,68.27,74,6.22,271
46771,136,2014,13,0.7961,4.9802,0.8466,72.31,59,4.82,195
46771,137,2014,14,0.6507,4.9186,0.9064,78.02,43,3.11,91
46771,138,2014,15,0.592,5.0527,0.8554,69.63,60,1.95,214
46771,139,2014,16,39.6224,5.5799,0.9166,64.58,68,120.89,144
46771,140,2014,17,0.3035,3.6219,0.9513,100.0,14,0.75,20
46771,141,2014,18,0.3034,3.1699,1.0,100.0,9,0.75,9
47230,7,2011,40,0.4621,2.3275,0.5582,87.65,18,1.66,1142
47230,8,2011,41,129.1517,3.4535,0.6088,43.91,51,266.83,1649
47230,9,2011,42,122.6345,2.2568,0.3999,27.51,50,930.71,2555
47230,10,2011,43,4536.2268,2.9124,0.5273,74.74,46,11607.58,2407
47230,11,2011,44,3043.5492,2.4985,0.5143,87.79,29,11607.58,2630
47230,12,2011,45,3937.0659,3.2311,0.5955,73.97,43,11607.58,2551
47230,13,2011,46,2646.5189,3.3843,0.6449,87.61,38,11607.58,2494
47230,14,2011,47,100.4197,2.1895,0.5917,4.36,13,373.01,1902
47230,15,2011,48,4.7583,2.0932,0.8098,95.52,6,23.04,1944
47230,16,2011,49,1.1628,0.8716,0.3105,95.32,7,6.81,2073
47230,17,2011,50,115.32,1.9096,0.6024,70.94,9,266.46,2405
47230,18,2011,51,61.2585,1.9193,0.5187,0.0,13,392.74,1977
47230,19,2011,52,104.4794,2.4988,0.6247,0.0,16,377.83,2822
47230,20,2012,1,0.3821,0.7242,0.3119,0.0,5,266.42,1496
47230,21,2012,2,60.727,1.197,0.346,0.06,11,276.25,1616
47230,22,2012,3,0.2141,0.9375,0.3125,99.52,8,0.91,2928
47230,23,2012,4,0.1607,0.4657,0.1659,99.29,7,0.91,2241
47230,24,2012,5,0.1861,0.8185,0.3525,100.0,5,0.41,1595
47230,25,2012,6,0.2833,0.987,0.4251,100.0,5,0.78,2390
47230,26,2012,7,0.1792,0.7923,0.229,100.0,11,0.63,2066
47230,27,2012,8,0.3092,1.495,0.4983,100.0,8,0.78,1706
47230,28,2012,9,0.88,1.1097,0.2568,95.74,20,7.58,2088
47230,29,2012,10,214.681,1.8714,0.4488,80.35,18,656.31,2397
47230,30,2012,11,0.7089,2.2492,0.8701,0.0,6,656.49,2250
47230,31,2012,12,90.3106,2.9976,0.8362,73.89,12,212.15,950
47230,32,2012,13,405.3558,2.9571,0.5354,61.21,46,856.87,2163
47230,33,2012,14,28.7147,2.5355,0.5394,81.31,26,141.51,1204
47230,34,2012,15,390.1124,3.0628,0.5484,48.68,48,804.96,1748
47230,35,2012,16,1455.8527,2.5638,0.5039,55.3,34,3097.55,1886
47230,36,2012,17,60.8294,2.5423,0.622,75.03,17,869.41,957
47230,37,2012,18,2.0692,1.9784,0.4744,73.58,18,4.46,1677
47230,38,2012,19,22.5046,2.0135,0.5288,98.56,14,207.87,1180
48187,8,2011,41,745.3138,3.2795,0.662,35.41,31,1543.32,1683
48187,9,2011,42,725.6785,2.6439,0.5337,26.11,31,1570.21,2700
48187,10,2011,43,76.9867,2.4154,0.5201,82.91,25,707.59,2416
48187,11,2011,44,0.5843,2.5662,0.5673,87.49,23,4.49,2134
48187,12,2011,45,0.2947,2.472,0.6895,100.0,12,0.77,2526
48187,13,2011,46,1.486,2.0792,0.58,94.85,12,8.37,2562
48187,14,2011,47,681.885,2.6458,0.5392,70.42,30,1538.8,2664
48187,15,2011,48,0.3171,1.637,0.4566,99.24,12,2.82,2632
48187,16,2011,49,0.2204,1.6176,0.4512,100.0,12,0.68,2736
48187,17,2011,50,762.1883,2.2887,0.5296,47.46,20,1542.12,2404
48187,18,2011,51,1084.0919,2.5461,0.7102,0.0,12,2934.47,2429
48187,19,2011,52,1004.5054,2.993,0.5419,0.0,46,2934.22,2719
48187,20,2012,1,1114.5028,4.0307,0.5944,0.0,110,1537.64,2259
48187,21,2012,2,651.3249,4.3205,0.6335,6.55,113,1635.04,2258
48187,22,2012,3,0.9105,2.1257,0.3766,95.17,50,5.44,1697
48187,23,2012,4,8.7972,2.8383,0.4646,83.07,69,32.04,2203
48187,24,2012,5,0.3576,2.9582,0.5916,97.71,32,2.85,2227
48187,25,2012,6,0.6866,2.238,0.5178,95.68,20,4.4,2687
48187,26,2012,7,0.547,2.5511,0.5365,90.14,27,4.43,2972
48187,27,2012,8,0.7952,2.7521,0.5207,85.43,39,7.58,2917
48187,28,2012,9,0.5149,2.4193,0.5033,92.99,28,2.91,2939
48187,29,2012,10,12.5536,2.2572,0.4861,94.99,25,268.14,2274
48187,30,2012,11,103.0609,2.7078,0.499,85.39,43,454.99,616
48187,31,2012,12,0.6895,2.6037,0.5607,87.54,25,4.42,2600
48187,32,2012,13,0.4803,2.559,0.503,91.32,34,2.84,2684
48187,33,2012,14,0.4987,2.2584,0.4368,96.4,36,4.97,3084
48187,34,2012,15,35.6401,2.7649,0.4761,83.93,56,120.27,2751
48187,35,2012,16,0.6019,2.7069,0.607,88.73,22,6.87,1659
48187,36,2012,17,0.8098,2.8154,0.5489,89.15,35,5.29,2259
48187,37,2012,18,0.6452,3.1,0.652,81.61,27,2.94,2517
48187,38,2012,19,712.1998,4.0722,0.7044,54.29,55,1557.65,315
48187,39,2012,20,2393.3835,5.1589,0.7431,0.0,123,6957.76,475
48187,40,2012,21,2534.5455,4.0232,0.6213,0.0,89,6974.18,805
48187,41,2012,22,506.2236,4.2419,0.7272,32.16,57,1569.66,597
48187,42,2012,23,2.4826,3.7284,0.6606,38.07,50,8.62,817
48187,43,2012,24,757.6036,4.6422,0.69,19.2,106,1550.41,870
48187,44,2012,25,1.8324,3.6256,0.6457,46.89,49,8.13,676
48187,45,2012,26,15.2977,3.9231,0.6755,33.18,56,54.4,663
48187,46,2012,27,708.1659,5.4751,0.7407,21.35,168,1576.05,768
48187,47,2012,28,60.5122,4.8701,0.7101,27.94,116,163.83,766
48187,48,2012,29,40.3158,4.3664,0.7054,36.14,73,190.84,664
48187,49,2012,30,1.3775,3.8836,0.7348,41.39,39,5.23,360
48187,65,2012,46,1.1,3.5687,0.7592,73.89,26,3.16,157
48187,66,2012,47,635.4281,4.2944,0.7054,13.48,68,1553.68,356
48187,67,2012,48,0.7263,3.6974,0.6733,84.41,45,5.13,449
48187,68,2012,49,1.5572,3.8684,0.7044,80.94,45,9.68,299
48187,69,2012,50,710.6734,4.7571,0.7788,42.75,69,1535.61,269
48187,70,2012,51,806.0519,5.1167,0.8811,0.0,56,2933.06,178
48187,71,2012,52,1.7743,1.9056,0.9528,0.0,4,2930.28,8
48187,86,2013,15,0.6604,2.9665,0.6558,85.0,23,3.67,120
48187,87,2013,16,0.39,3.3158,0.6073,93.9,44,1.83,902
48187,88,2013,17,0.3549,2.9835,0.608,96.8,30,2.9,874
48187,89,2013,18,0.7487,2.7778,0.5185,93.42,41,4.94,866
48187,90,2013,19,1163.1192,4.4069,0.7555,55.56,57,2915.03,198
48187,91,2013,20,2869.1972,4.6583,0.7526,0.0,73,7037.25,302
48187,92,2013,21,1126.9306,3.8005,0.8085,0.0,26,1523.82,80
48187,101,2013,30,579.0322,3.6519,0.8314,0.0,21,1540.3,105
48187,103,2013,32,874.1001,5.8117,0.8747,0.0,100,1566.92,234
48187,104,2013,33,1111.5458,5.7827,0.8742,0.0,98,2932.07,233
48187,105,2013,34,453.3286,4.9176,0.8506,0.0,55,1543.74,162
48187,107,2013,36,0.4554,3.3284,0.7,84.42,27,1.53,154
48187,108,2013,37,0.3345,3.4513,0.7104,92.83,29,1.55,237
48187,109,2013,38,0.7441,2.8494,0.5699,87.94,32,5.01,282
48187,110,2013,39,2.6491,3.9292,0.7931,82.19,31,8.81,146
48187,111,2013,40,754.9605,5.1148,0.798,55.59,85,1641.29,304
48187,112,2013,41,0.2709,2.2495,0.6275,90.62,12,1.11,64
48187,113,2013,42,0.4241,3.5597,0.7573,85.15,26,1.28,202
48187,114,2013,43,753.818,3.695,0.6897,36.25,41,1537.41,240
48187,116,2013,45,0.0,0.0,0.0,100.0,1,0.18,13
48187,117,2013,46,0.3735,2.7289,0.7167,86.11,14,1.34,108
48187,118,2013,47,0.2465,3.2796,0.6977,97.52,26,1.23,161
48187,119,2013,48,759.3235,5.5863,0.8787,35.43,82,1560.72,223
48187,120,2013,49,0.2164,1.8758,0.6253,100.0,8,0.63,49
48187,121,2013,50,0.3417,2.5231,0.6458,81.82,15,1.3,55
48187,122,2013,51,1103.8595,4.2511,0.7494,66.67,51,2732.33,183
48187,123,2013,52,12.9317,3.6749,0.8651,0.0,19,2938.37,39
48187,124,2014,1,13.8025,2.05,0.5718,0.0,12,1567.23,47
48187,125,2014,2,676.5746,2.5337,0.5601,4.21,23,1537.34,95
48187,126,2014,3,0.3272,2.2923,0.5067,98.78,23,1.34,164
48187,127,2014,4,0.321,2.7124,0.6781,95.83,16,1.23,96
48187,128,2014,5,0.2001,1.6909,0.509,100.0,10,0.45,66
48187,130,2014,7,0.4064,3.7013,0.9253,90.74,16,1.28,54
48187,135,2014,12,1.8478,4.6152,0.9406,66.67,30,4.64,51
48187,136,2014,13,0.3691,4.5986,0.9039,94.59,34,1.28,74
48187,137,2014,14,1.5286,4.3232,0.9092,72.55,27,6.51,51
48187,138,2014,15,0.353,4.653,0.8629,92.48,42,1.29,133
48187,139,2014,16,27.8197,5.1829,0.9183,53.75,50,82.02,80
48187,140,2014,17,0.5129,4.6501,0.8419,80.98,46,1.6,163
48187,141,2014,18,0.9836,4.8757,0.8433,77.52,55,3.42,129
48187,142,2014,19,550.8941,5.0446,0.8346,61.27,66,1528.23,142
48187,143,2014,20,68.9694,5.5372,0.9493,0.0,57,1635.13,90
48187,144,2014,21,929.1262,5.9889,0.9528,0.0,78,1540.16,106
48187,145,2014,22,15.9234,2.8638,0.8621,0.0,10,1556.64,18
48187,146,2014,23,3074.3644,5.8199,0.8879,0.0,94,6958.37,217
48187,147,2014,24,5.9001,5.7517,0.862,0.0,102,6963.73,271
48187,148,2014,25,6.5043,5.0709,0.8166,0.0,74,6969.65,291
48187,149,2014,26,4.0687,4.6224,0.7891,0.0,58,6966.06,324
48187,150,2014,27,13.2814,5.7721,0.8913,0.0,89,6969.64,222
48187,151,2014,28,5.9019,4.6326,0.7811,0.0,61,6969.99,296
48187,152,2014,29,2554.8087,6.313,0.8976,0.0,131,6969.99,340
48187,153,2014,30,7.4368,5.09,0.8421,0.0,66,6969.56,210
48187,154,2014,31,2.9427,5.1837,0.8966,0.0,55,6966.02,144
48187,155,2014,32,1564.0586,5.7911,0.9187,0.0,79,6957.98,137
48187,156,2014,33,135.4953,4.4864,0.832,0.0,42,1754.06,100
48187,157,2014,34,701.083,5.914,0.9023,5.58,94,1542.77,215
48187,158,2014,35,1.1249,5.7594,0.9218,59.59,76,4.89,146
48187,159,2014,36,0.7026,5.2411,0.891,61.38,59,1.99,145
48187,160,2014,37,0.6366,4.1467,0.9299,69.77,22,1.42,43
48187,161,2014,38,1.6118,3.0338,0.8198,23.81,13,6.95,21
48187,162,2014,39,634.112,5.6987,0.9648,43.33,60,1567.57,90
48187,163,2014,40,2.2066,5.6358,0.9134,75.82,72,24.25,182
48187,164,2014,41,1.4586,4.8873,0.9063,69.31,42,5.29,101
48187,165,2014,42,445.7194,5.3162,0.9075,62.59,58,2900.5,139
48187,166,2014,43,1278.4265,4.0747,0.9428,14.81,20,2898.75,27
48187,167,2014,44,508.2943,4.882,0.9596,40.43,34,1537.47,47
48187,168,2014,45,0.5716,5.1144,0.9016,78.23,51,1.89,147
48187,169,2014,46,0.607,5.5016,0.9204,70.12,63,1.75,164
48187,170,2014,47,0.9604,5.6533,0.9076,66.47,75,3.81,170
48187,171,2014,48,710.0005,5.4857,0.9287,46.79,60,1536.83,109
48187,172,2014,49,0.8492,5.5775,0.9228,66.67,66,4.34,150
48187,173,2014,50,0.6109,4.5492,0.8548,77.34,40,1.71,128
48187,174,2014,51,547.2256,4.3153,0.9293,65.0,25,1540.68,40
48187,175,2014,52,52.4717,3.4183,0.8749,0.0,15,1583.29,24
48187,176,2015,1,109.2806,4.2627,0.9863,0.0,20,1639.86,23
48187,177,2015,2,2.1415,1.6645,0.8322,0.0,4,1525.21,7
48187,178,2015,3,1.1529,4.8778,0.9229,66.67,39,5.29,78
48187,179,2015,4,1.0041,4.2335,0.8067,61.54,38,5.33,117
48187,180,2015,5,1.0564,5.233,0.8824,77.71,61,7.58,166
48187,181,2015,6,33.5272,5.4819,0.944,66.67,56,118.25,96
48187,182,2015,7,0.9925,5.0722,0.8814,79.56,54,5.43,137
48187,183,2015,8,470.8388,4.7405,0.9398,62.71,33,1567.78,59
48187,184,2015,9,0.64,3.2776,0.9867,63.64,10,1.63,11
48187,185,2015,10,360.6971,4.8751,0.984,33.33,31,910.42,39
48187,186,2015,11,323.6619,4.9069,0.9567,0.0,35,766.79,46
48187,187,2015,12,0.6404,5.2618,0.9021,77.16,57,1.87,162
48187,188,2015,13,0.929,4.963,0.8935,66.96,47,3.4,115
48187,189,2015,14,0.7589,4.814,0.8715,70.99,46,4.32,131
48187,190,2015,15,0.5818,4.9185,0.9064,80.91,43,1.88,110
48187,192,2015,17,0.3317,1.585,1.0,0.0,3,1.6,3
48429,7,2011,40,0.2499,1.6557,0.5223,99.92,9,1.48,1233
48429,8,2011,41,0.2934,2.0583,0.6493,99.02,9,0.95,1625
48429,9,2011,42,0.3103,1.7265,0.5197,97.37,10,1.66,2279
48429,10,2011,43,0.3255,2.1293,0.641,97.98,10,1.6,1884
48429,11,2011,44,0.5505,1.7255,0.4062,94.39,19,4.5,2281
48429,12,2011,45,21.2728,1.6852,0.3899,91.2,20,83.81,2274
48429,13,2011,46,0.7684,2.2909,0.5494,88.18,18,5.57,2360
48429,14,2011,47,87.1015,2.7984,0.6371,21.85,21,205.58,1817
48429,15,2011,48,30.8619,1.9404,0.4653,92.48,18,138.3,2007
48429,16,2011,49,0.6906,1.1394,0.2787,97.2,17,5.1,2217
48429,17,2011,50,855.6838,2.4051,0.455,77.6,39,2867.05,2201
48429,18,2011,51,16.7944,2.1659,0.4294,0.0,33,2867.67,1990
48429,19,2011,52,4.2037,0.9352,0.2338,0.0,16,2828.68,2235
48429,20,2012,1,0.5904,1.1184,0.3367,0.0,10,2826.36,2008
49294,8,2011,41,111.9736,2.1387,0.6182,0.0,11,664.82,458
49294,9,2011,42,282.5076,2.7331,0.4977,26.85,45,630.54,2782
49294,10,2011,43,1.6776,0.9957,0.2388,91.26,18,8.18,2494
49294,11,2011,44,1.6619,2.2291,0.6444,88.96,11,5.61,2554
49294,12,2011,45,401.5409,3.2728,0.4982,53.28,95,854.83,2808
49294,13,2011,46,0.4367,3.0629,0.8045,97.14,14,1.54,3285
49294,14,2011,47,286.3022,3.0166,0.6418,13.98,26,628.0,3219
49294,15,2011,48,1.3697,2.4097,0.6966,98.05,11,9.39,3184
49294,16,2011,49,0.279,2.2195,0.6681,99.97,10,1.1,3077
49294,17,2011,50,289.9979,2.2837,0.3527,65.36,89,627.98,2656
49294,18,2011,51,2.1913,1.4387,0.3888,0.0,13,628.44,2667
49294,19,2011,52,886.9913,2.2322,0.4868,0.0,24,1541.44,2598
49294,20,2012,1,0.015,0.0,0.0,0.0,1,627.97,3305
49294,21,2012,2,94.3652,1.6523,0.434,0.0,14,627.99,2445
49294,22,2012,3,3.8063,2.9279,0.7021,85.72,18,24.39,2843
49294,23,2012,4,0.2468,1.8696,0.5628,98.71,10,1.16,2332
49294,24,2012,5,1.0809,2.1725,0.5706,85.93,14,3.12,2594
49294,25,2012,6,293.0174,3.321,0.5128,63.7,89,628.36,2937
49294,26,2012,7,64.1933,3.188,0.7376,86.33,20,435.12,2422
49294,27,2012,8,0.2928,2.486,0.8287,97.14,8,1.15,1294
49294,28,2012,9,0.4696,2.9076,0.9173,69.73,9,1.15,1295
49294,29,2012,10,296.8871,2.6347,0.7616,63.58,11,628.06,2581
49294,30,2012,11,16.7865,0.1601,0.1601,0.0,2,627.97,1197
49294,31,2012,12,85.3666,2.4727,0.7148,87.65,11,478.92,2202
49294,32,2012,13,0.425,1.3649,0.5878,100.0,5,0.74,1512
49294,33,2012,14,190.0906,2.1473,0.599,10.28,12,628.46,642
49294,34,2012,15,234.5933,2.665,0.5976,56.38,22,629.42,2052
49294,35,2012,16,26.2375,2.1991,0.5776,64.91,14,141.27,2066
49294,36,2012,17,0.138,1.6258,0.6289,100.0,6,0.74,2816
49294,37,2012,18,0.4196,1.6526,0.5213,99.06,9,4.38,2235
49294,38,2012,19,291.3199,3.6576,0.6549,49.22,48,630.54,193
49294,39,2012,20,3.0657,3.8841,0.784,0.0,31,630.55,184
49294,40,2012,21,3.9465,3.3862,0.6407,0.0,39,630.61,149
49294,41,2012,22,1.5473,1.9289,0.4541,0.0,19,630.56,154
49294,42,2012,23,2.8682,3.8578,0.8207,0.0,26,630.56,183
49294,44,2012,25,82.2748,4.1896,0.9022,1.75,25,628.48,57
49294,45,2012,26,52.4598,5.1645,0.7898,0.0,93,826.85,342
49294,46,2012,27,681.8177,5.4168,0.9028,0.0,64,2864.4,138
49294,47,2012,28,28.715,2.9276,0.7319,0.0,16,2958.51,226
49294,48,2012,29,656.8574,6.7871,0.9214,0.0,165,3090.14,325
49294,49,2012,30,2.4624,3.418,0.6154,0.0,47,630.26,280
49294,50,2012,31,2.8874,3.7822,0.8611,0.0,21,630.31,84
49294,51,2012,32,1.2301,1.8783,0.4808,0.0,15,630.31,104
49294,65,2012,46,11.2554,3.9882,0.718,78.53,47,42.22,312
49294,66,2012,47,286.9797,4.1415,0.7782,62.42,40,630.52,149
49294,67,2012,48,0.5872,4.1861,0.7274,91.76,54,2.74,510
49294,68,2012,49,0.5432,3.2273,0.6344,93.29,34,2.37,298
49294,69,2012,50,271.2063,4.9569,0.7819,60.13,81,633.51,311
49294,70,2012,51,2.7956,3.4688,0.7002,0.0,31,630.52,112
49294,71,2012,52,3.1258,4.4699,0.8457,0.0,39,630.25,98
49294,72,2013,1,1053.7215,5.4235,0.788,0.0,118,1856.53,562
49294,73,2013,2,1725.8069,6.6598,0.8918,0.0,177,3101.97,431
49294,74,2013,3,191.3385,4.2191,0.6583,74.79,85,630.23,468
49294,75,2013,4,0.6834,3.7606,0.7019,87.18,41,2.74,312
49294,76,2013,5,0.6956,2.9635,0.6645,94.44,22,2.99,216
49294,77,2013,6,0.8984,3.9071,0.6888,85.35,51,5.01,505
49294,78,2013,7,0.7985,4.3222,0.7582,89.52,52,3.69,353
49294,79,2013,8,285.1922,5.3619,0.7819,57.09,116,630.52,522
49294,80,2013,9,96.9092,4.6174,0.7223,78.6,84,578.14,458
49294,81,2013,10,282.0792,4.2622,0.7632,58.53,48,630.31,217
49294,82,2013,11,204.5009,5.7369,0.8381,4.24,115,630.54,283
49294,83,2013,12,129.7858,5.3553,0.817,42.52,94,276.05,301
49294,84,2013,13,268.3569,4.5103,0.7197,70.65,77,629.13,552
49294,85,2013,14,200.0896,5.2564,0.8117,63.41,89,629.17,317
49294,86,2013,15,1.2772,4.0424,0.8085,74.84,32,3.93,155
49294,87,2013,16,0.8139,4.1895,0.7214,86.1,56,3.86,518
49294,88,2013,17,0.5344,3.0164,0.6579,99.26,24,1.34,271
49294,89,2013,18,34.8176,3.0291,0.6058,91.19,32,252.23,193
49294,90,2013,19,359.4763,5.0684,0.804,45.29,79,779.29,223
49294,91,2013,20,991.701,6.1394,0.8258,0.0,173,2892.68,457
49294,92,2013,21,1007.0356,5.8044,0.8448,0.0,117,2901.97,331
49294,93,2013,22,3.071,4.1482,0.6639,0.0,76,630.9,401
49294,94,2013,23,567.0781,7.29,0.8918,0.38,289,857.41,525
49294,95,2013,24,605.242,6.8946,0.8868,0.0,219,850.15,494
49294,96,2013,25,9.4235,4.8681,0.7462,0.0,92,630.64,368
49294,97,2013,26,3.0377,3.7461,0.6175,0.0,67,630.65,366
49294,98,2013,27,28.988,5.3331,0.782,0.0,113,630.66,398
49294,99,2013,28,2.1629,2.8952,0.5691,0.0,34,633.68,173
49294,100,2013,29,2.5495,4.0453,0.6906,0.0,58,630.86,239
49294,101,2013,30,32.4359,4.4089,0.6954,0.0,81,821.06,313
49294,102,2013,31,2.4485,2.8308,0.5284,0.0,41,630.71,244
49294,103,2013,32,252.4479,4.798,0.7828,0.0,70,882.8,199
49294,104,2013,33,144.7846,3.8628,0.6345,0.0,68,881.72,246
49294,105,2013,34,232.9266,5.2674,0.8565,40.49,71,627.96,247
49294,106,2013,35,53.6167,4.2985,0.7061,86.53,68,841.09,490
49294,107,2013,36,0.6865,3.8101,0.7159,75.2,40,4.43,367
49294,113,2013,42,183.1477,5.4468,0.9465,53.57,54,627.92,84
49294,114,2013,43,148.1429,5.0543,0.7693,1.62,95,629.73,247
49294,115,2013,44,0.7247,5.2824,0.8837,69.44,63,1.5,180
49294,116,2013,45,0.0026,0.0,0.0,100.0,1,0.22,8
49294,117,2013,46,0.0,0.0,0.0,100.0,1,0.22,5
49294,118,2013,47,0.7638,4.9667,0.8846,69.38,49,3.3,209
49294,119,2013,48,294.4607,5.1189,0.9216,30.59,47,629.63,85
49294,120,2013,49,0.4786,2.3397,0.7043,91.18,10,1.72,34
49294,122,2013,51,10.485,3.523,0.8807,0.0,16,627.96,27
49294,123,2013,52,818.7864,5.8503,0.8594,0.0,112,1038.91,299
49294,124,2014,1,3.2167,3.838,0.7118,0.0,42,628.62,213
49294,125,2014,2,16.4168,4.5788,0.8604,0.0,40,630.27,117
49294,126,2014,3,0.6297,3.6266,0.8391,75.76,20,1.28,66
49294,127,2014,4,0.3129,2.2239,0.5692,97.17,15,1.23,106
49294,128,2014,5,0.2441,0.258,0.258,95.65,2,1.23,23
49294,130,2014,7,1.0565,3.2591,0.8342,68.75,15,4.64,64
49294,131,2014,8,0.5522,2.805,0.6603,84.82,19,1.4,112
49294,132,2014,9,202.6763,3.7712,0.7476,59.57,33,627.91,94
49294,135,2014,12,482.8645,4.9147,0.8287,2.53,61,1259.37,158
49294,136,2014,13,0.7138,3.0934,0.8125,42.86,14,1.15,56
49294,137,2014,14,0.8874,2.3929,0.5982,49.25,16,4.78,134
49294,138,2014,15,0.8248,2.7571,0.919,43.48,8,1.64,23
49294,139,2014,16,307.5195,4.2198,0.81,22.31,37,629.93,130
49294,140,2014,17,237.8078,4.2565,0.775,50.0,45,627.92,164
49294,141,2014,18,0.0762,1.1475,0.4439,100.0,6,0.32,35
49294,142,2014,19,148.7059,2.905,0.763,74.63,14,627.91,67
49294,143,2014,20,58.8512,3.9984,0.9103,0.0,21,795.22,38
49294,144,2014,21,104.1109,5.0005,0.8772,0.0,52,879.09,85
49294,145,2014,22,94.358,5.039,0.9468,0.0,40,879.08,59
49294,146,2014,23,50.0885,4.252,0.9274,0.0,24,879.09,34
49597,7,2011,40,0.3783,1.4656,0.6312,84.42,5,1.74,1406
49597,8,2011,41,1166.8831,1.7521,0.584,73.38,8,3000.47,1694
49597,9,2011,42,1412.2226,1.4517,0.437,24.08,10,2984.12,1665
49597,10,2011,43,0.3414,2.0134,0.582,98.98,11,1.52,1669
49597,11,2011,44,0.2656,2.2228,0.6691,100.0,10,0.74,1931
49597,12,2011,45,0.0971,1.6853,0.5073,100.0,10,0.74,1732
49597,13,2011,46,0.4107,1.32,0.4702,99.42,7,4.77,1378
49597,14,2011,47,0.8981,0.8019,0.3102,83.31,6,4.5,1708
49597,15,2011,48,0.3283,1.8242,0.7057,100.0,6,0.67,926
49597,16,2011,49,0.5264,1.7968,0.5012,99.2,12,5.1,1622
49597,17,2011,50,1061.9839,2.3557,0.5763,74.92,17,2984.11,1543
49597,18,2011,51,3.9052,0.8814,0.2548,0.0,11,2995.47,1688
49597,19,2011,52,14.0103,1.0035,0.5017,0.0,4,2991.58,814
49597,21,2012,2,0.0,0.0,0.0,0.0,1,125.14,25
49597,22,2012,3,88.608,2.7567,0.5734,73.74,28,243.91,1870
49597,23,2012,4,43.3496,1.5674,0.4718,75.79,10,243.91,1524
49597,24,2012,5,191.4592,2.0232,0.4606,71.7,21,454.18,1689
49597,25,2012,6,102.2658,1.6071,0.6921,94.52,5,449.41,1368
49597,26,2012,7,0.5994,2.2531,0.7108,74.94,9,1.73,1185
49597,27,2012,8,0.2126,0.9842,0.621,100.0,3,0.74,651
49597,28,2012,9,0.1462,1.4141,0.609,96.58,5,0.91,1257
49597,29,2012,10,166.0476,2.5701,0.6945,57.51,13,1032.09,1384
49597,30,2012,11,20.1018,2.7598,0.5186,0.34,40,158.39,2070
49597,31,2012,12,0.8204,1.8397,0.5538,96.08,10,4.42,1836
49597,32,2012,13,0.321,1.0838,0.4668,100.0,5,0.75,972
49597,33,2012,14,0.0,0.0,0.0,100.0,1,0.75,21
49597,34,2012,15,0.7699,0.8685,0.3741,86.76,5,2.94,1616
49597,35,2012,16,0.3422,0.3495,0.3495,93.43,2,1.53,731
49597,36,2012,17,0.1336,0.935,0.4027,94.07,5,0.92,641
49597,37,2012,18,0.0173,1.0156,0.6407,100.0,3,0.74,1370
49597,38,2012,19,1088.8204,2.6373,0.4412,82.83,63,3104.41,431
49597,39,2012,20,8.4679,3.2932,0.7183,0.0,24,2997.48,96
49597,40,2012,21,4.3785,2.9511,0.5439,0.0,43,2995.53,253
49597,41,2012,22,5.9769,2.8494,0.547,0.0,37,3000.39,225
49597,42,2012,23,9.3588,4.2507,0.665,0.0,84,2997.78,349
49597,43,2012,24,11.481,3.4156,0.6831,0.0,32,2999.77,167
49597,44,2012,25,10.4408,3.3795,0.6019,0.0,49,3013.43,165
49597,45,2012,26,5.6325,3.8943,0.642,0.0,67,2997.82,224
49597,46,2012,27,7.5182,4.7057,0.7052,0.0,102,3000.42,288
49597,47,2012,28,8.3271,4.4313,0.7358,0.0,65,2996.61,222
49597,48,2012,29,9.2195,5.1923,0.785,0.0,98,2997.82,240
49597,49,2012,30,10.4611,4.099,0.7263,0.0,50,2995.49,225
49597,50,2012,31,4.7578,2.4999,0.625,0.0,16,3022.7,198
49597,51,2012,32,1.7258,2.8237,0.8162,0.0,11,2984.55,33
49597,52,2012,33,1416.0644,3.6445,0.8579,2.13,19,2989.51,47
49597,53,2012,34,0.496,0.9911,0.9911,100.0,2,0.72,9
49597,55,2012,36,6.9141,2.3175,0.7725,92.86,8,37.21,28
49597,56,2012,37,1.1387,2.4198,0.5599,88.24,20,5.13,102
49597,57,2012,38,0.408,1.7483,0.6763,92.31,6,2.42,26
49597,58,2012,39,1.8986,3.2637,0.8354,80.36,15,5.27,56
49597,59,2012,40,0.1492,1.5357,0.4439,99.29,11,0.81,141
49597,60,2012,41,351.34,2.8352,0.8944,14.29,9,1018.68,14
49597,61,2012,42,404.5318,5.7016,0.9019,11.33,80,1104.77,150
49597,62,2012,43,132.5847,3.0925,0.5851,76.27,39,482.41,177
49597,63,2012,44,0.5394,0.8371,0.2982,98.79,7,6.6,165
49597,64,2012,45,0.0856,0.8174,0.5157,100.0,3,0.74,104
49597,65,2012,46,0.0539,0.4306,0.4306,100.0,2,0.74,34
49597,66,2012,47,1154.0582,4.5636,0.8006,5.39,52,3000.35,167
49597,67,2012,48,28.3861,2.3659,0.469,92.09,33,125.77,278
49597,68,2012,49,0.5497,2.4468,0.6117,99.4,16,6.3,168
49597,69,2012,50,1378.5817,2.6434,0.5624,68.0,26,2999.99,175
49597,70,2012,51,9.1066,3.5407,0.6609,0.0,41,2996.24,287
49597,71,2012,52,3.5463,3.3438,0.8181,0.0,17,2984.93,54
49597,72,2013,1,15.4954,2.6823,0.6562,0.0,17,2994.19,197
49597,73,2013,2,2.899,2.7071,0.5197,0.0,37,2990.72,308
49597,74,2013,3,1103.0763,3.6801,0.7118,81.25,36,3000.13,272
49597,75,2013,4,78.1674,4.0786,0.6962,78.31,58,216.07,249
49597,76,2013,5,19.5323,3.4943,0.644,91.74,43,137.22,230
49597,77,2013,6,33.7378,4.7634,0.8316,72.59,53,117.6,135
49597,78,2013,7,1.3416,3.3825,0.7036,99.04,28,18.55,208
49597,79,2013,8,57.0396,3.1858,0.6211,90.09,35,832.46,212
49597,80,2013,9,0.2912,2.754,0.7233,98.21,14,0.85,56
49597,81,2013,10,1107.8032,3.8007,0.7534,76.87,33,3000.12,134
49597,82,2013,11,1326.8856,3.2157,0.6925,56.47,25,2984.44,85
49597,83,2013,12,0.3034,2.364,0.6051,98.67,15,2.09,150
49597,84,2013,13,0.1,1.0087,0.3902,100.0,6,0.74,76
49597,85,2013,14,0.3962,2.5676,0.5758,94.51,22,1.51,164
49597,86,2013,15,0.3317,1.273,0.4243,97.67,8,1.16,86
49597,87,2013,16,1.4077,2.1897,0.4341,86.34,33,5.06,344
49597,88,2013,17,0.2131,0.8031,0.5067,88.89,3,1.08,18
49597,89,2013,18,0.1973,1.0201,0.4394,96.43,5,1.08,28
49597,90,2013,19,1426.5064,2.9314,0.5811,56.46,33,3000.26,271
49597,91,2013,20,0.6927,1.5132,0.5854,0.0,6,2984.65,63
49597,92,2013,21,5.6529,2.5528,0.6899,0.0,13,2996.38,69
49597,93,2013,22,13.0056,2.6001,0.6655,0.0,15,2992.95,101
49597,94,2013,23,10.7891,4.2894,0.8174,0.0,38,2996.26,167
49597,95,2013,24,10.567,3.7858,0.7875,0.0,28,2996.41,115
49597,96,2013,25,100.0703,4.0924,0.7589,0.0,42,3005.29,173
49597,97,2013,26,160.9861,4.7777,0.8423,0.0,51,3088.32,110
49597,98,2013,27,68.0831,1.6172,0.8086,0.0,4,2984.53,11
49597,100,2013,29,0.4008,0.9183,0.9183,0.0,2,2984.52,3
49597,101,2013,30,0.0153,0.8113,0.8113,0.0,2,2984.11,4
49597,102,2013,31,0.295,0.65,0.65,0.0,2,2984.12,6
49597,103,2013,32,0.0045,0.0,0.0,0.0,1,2984.12,3
49597,104,2013,33,2.7654,1.8424,0.9212,0.0,4,2984.12,7
49597,105,2013,34,0.0146,1.0,1.0,0.0,2,2984.12,6
49597,106,2013,35,301.0074,1.2988,0.8194,87.5,3,910.58,8
49597,107,2013,36,0.1678,1.6122,0.5743,100.0,7,0.65,56
49597,108,2013,37,0.0768,1.082,0.541,100.0,4,0.65,31
49597,109,2013,38,0.1791,1.0986,0.4731,96.97,5,0.96,33
49597,110,2013,39,0.2692,2.8417,0.5683,95.39,32,1.28,217
49597,111,2013,40,0.2496,2.5067,0.5333,97.97,26,1.28,246
49597,112,2013,41,41.4837,3.6594,0.7319,72.22,32,117.65,72
49597,113,2013,42,0.3257,3.3827,0.6649,93.43,34,1.5,198
49597,118,2013,47,1.3798,4.4466,0.8975,76.27,31,5.79,59
49597,119,2013,48,0.5762,3.4545,0.7993,73.08,20,1.83,52
49597,120,2013,49,0.6578,1.0256,0.2965,95.89,11,4.94,146
49597,121,2013,50,0.3463,2.3501,0.5749,96.3,17,1.48,81
49597,122,2013,51,1164.4733,3.4037,0.6486,66.36,38,3000.54,107
49597,123,2013,52,11.7462,4.8194,0.8584,0.0,49,2995.58,123
49597,124,2014,1,5.8458,2.3661,0.66,0.0,12,2991.61,61
49597,125,2014,2,1554.9691,2.3522,0.91,0.0,6,3017.21,16
50181,8,2011,41,0.3779,2.0034,0.4429,94.85,23,2.62,1437
50181,9,2011,42,0.6063,1.1135,0.2462,97.34,23,5.14,2523
50181,10,2011,43,0.2727,1.827,0.4227,99.84,20,0.91,2568
50181,11,2011,44,1.4735,2.4336,0.4707,92.76,36,8.07,2583
50181,12,2011,45,0.2163,2.3133,0.7711,100.0,8,0.77,2281
50181,13,2011,46,0.3462,2.0352,0.4709,100.0,20,1.05,2869
50181,14,2011,47,1.9366,2.1863,0.4977,96.4,21,10.08,2584
50181,15,2011,48,0.7283,2.1836,0.5237,97.04,18,4.15,2465
50181,16,2011,49,1.7122,2.5203,0.53,95.45,27,8.07,2530
50181,17,2011,50,10.2238,2.0855,0.4066,84.93,35,79.84,2329
50181,18,2011,51,337.8563,2.3388,0.3959,0.0,60,843.29,2852
50181,19,2011,52,11.4402,1.5702,0.4539,0.0,11,843.41,2637
50181,20,2012,1,2.0906,1.0322,0.2642,0.0,15,846.9,2342
50181,21,2012,2,0.0008,0.0,0.0,0.0,1,843.12,629
50181,39,2012,20,0.3891,2.4899,0.5125,91.44,29,2.31,222
50181,40,2012,21,0.5971,3.0801,0.6633,82.02,25,4.85,317
50181,41,2012,22,0.6628,2.6752,0.5452,68.6,30,4.37,379
50181,42,2012,23,0.9095,2.8007,0.5505,71.22,34,5.04,417
50181,43,2012,24,1242.2377,2.7177,0.5716,76.15,27,8044.98,390
50181,44,2012,25,0.5677,2.6931,0.5209,73.89,36,4.2,452
50181,45,2012,26,1.0894,2.9977,0.5491,70.32,44,5.83,475
50181,46,2012,27,0.9374,3.2335,0.659,78.42,30,4.4,241
50181,47,2012,28,0.983,3.1433,0.6231,74.77,33,4.29,333
50181,48,2012,29,1.0736,3.0638,0.5973,77.39,35,6.17,261
50181,49,2012,30,1.2639,3.1385,0.6277,67.24,32,4.29,348
50181,50,2012,31,1.115,2.9641,0.569,73.27,37,8.11,318
50181,51,2012,32,1.3791,3.2728,0.6282,86.8,37,6.16,197
50181,52,2012,33,0.9499,2.962,0.6229,89.41,27,4.98,170
50181,53,2012,34,471.5621,3.3292,0.6256,95.54,40,8947.02,359
50181,54,2012,35,1758.6065,3.7321,0.6647,89.37,49,8947.02,348
50181,55,2012,36,0.5637,3.4577,0.6637,95.64,37,4.13,390
50181,56,2012,37,0.4925,3.8966,0.7725,99.51,33,1.72,203
50181,57,2012,38,0.5639,3.9619,0.7924,94.89,32,1.56,137
50181,58,2012,39,0.5622,3.0207,0.6156,97.4,30,4.24,384
50181,59,2012,40,0.4925,3.7032,0.7623,99.12,29,1.53,228
50181,60,2012,41,1.4002,3.5772,0.6514,93.54,45,8.26,325
50181,61,2012,42,0.538,3.2039,0.7083,98.94,23,1.55,282
50181,62,2012,43,522.7055,3.3896,0.6507,96.58,37,8947.02,292
50181,63,2012,44,798.674,4.0095,0.8093,98.39,31,8947.02,249
50181,64,2012,45,0.8701,3.7822,0.7316,97.15,36,5.09,281
50181,65,2012,46,0.5671,3.741,0.6852,97.5,44,3.91,320
50181,66,2012,47,0.6727,3.5647,0.6611,93.85,42,4.68,358
50181,67,2012,48,0.5207,3.9709,0.7805,99.15,34,2.37,351
50181,68,2012,49,1.7553,4.1532,0.7702,92.82,42,8.63,195
50181,69,2012,50,1.1774,3.2804,0.6824,93.8,28,5.11,242
50181,70,2012,51,373.3052,3.9093,0.6491,61.92,65,843.5,407
50181,71,2012,52,10.8347,2.5354,0.553,0.0,24,853.64,168
50181,72,2013,1,9.4588,2.637,0.5228,0.0,33,847.84,240
50181,73,2013,2,572.9544,4.5416,0.6672,0.0,112,11443.56,345
50181,74,2013,3,171.0427,3.9297,0.6131,81.27,85,719.31,395
50181,75,2013,4,919.8991,3.4748,0.6574,97.22,39,8947.02,468
50181,76,2013,5,0.3595,4.1825,0.809,100.0,36,0.74,413
50181,77,2013,6,0.4264,4.5763,0.8487,98.73,42,1.58,316
50181,78,2013,7,0.5431,3.9751,0.7238,97.25,45,1.43,291
50181,79,2013,8,45.5783,3.4631,0.7656,97.66,23,301.4,128
50181,80,2013,9,0.5374,3.6851,0.7305,94.41,33,1.6,179
50181,81,2013,10,38.4114,3.1479,0.7167,98.35,21,301.4,121
50181,82,2013,11,0.411,1.8581,0.5371,100.0,11,1.07,140
50181,83,2013,12,0.459,3.5462,0.6859,99.64,36,1.08,274
50181,84,2013,13,1103.1292,3.771,0.7352,96.06,35,8260.83,279
50181,85,2013,14,1058.6721,3.2383,0.6365,97.72,34,12118.31,263
50181,86,2013,15,1015.1148,3.6433,0.7161,94.78,34,8945.82,230
50181,87,2013,16,798.695,4.0499,0.6776,89.3,63,8945.82,374
50181,88,2013,17,0.4566,3.1985,0.6888,98.7,25,1.34,307
50181,89,2013,18,2079.3329,3.2728,0.6433,96.63,34,13758.36,267
50181,90,2013,19,0.4315,2.7753,0.5411,98.35,35,1.28,423
50181,91,2013,20,0.4671,3.2826,0.64,98.65,35,1.28,222
50181,92,2013,21,0.5193,2.5119,0.5119,97.12,30,4.04,278
50181,93,2013,22,0.591,2.6576,0.5224,95.51,34,4.94,312
50181,94,2013,23,0.8767,3.5322,0.6359,90.6,47,4.55,319
50181,95,2013,24,0.7427,3.0201,0.5797,88.7,37,4.55,345
50181,96,2013,25,0.6801,3.9301,0.7,90.52,49,4.56,422
50181,97,2013,26,0.7416,3.0706,0.5939,90.03,36,4.23,341
50181,98,2013,27,49.6605,4.9347,0.7477,56.65,97,118.48,436
50181,99,2013,28,4.2846,3.9383,0.7214,88.89,44,42.35,306
50181,100,2013,29,2409.3608,5.7201,0.8485,36.83,107,14984.75,353
50181,101,2013,30,160.3254,4.2788,0.7986,84.55,41,2901.48,330
50181,102,2013,31,0.5763,3.9326,0.734,91.03,41,4.09,312
50181,103,2013,32,1.278,4.1254,0.7136,86.11,55,5.36,396
50181,104,2013,33,16.5506,4.1179,0.7686,64.83,41,38.94,327
50181,105,2013,34,0.5752,3.8917,0.747,93.0,37,4.14,243
50181,106,2013,35,1.0646,4.5886,0.851,83.15,42,5.11,89
50181,107,2013,36,0.6124,4.3033,0.8086,80.42,40,1.29,143
50181,108,2013,37,0.5593,4.4722,0.8461,84.5,39,1.36,129
50181,109,2013,38,0.6465,3.9274,0.738,72.78,40,2.46,169
50181,110,2013,39,0.5895,4.5042,0.8109,83.98,47,1.52,206
50181,111,2013,40,0.6718,3.8483,0.7387,75.14,37,1.27,185
50181,112,2013,41,0.6269,3.8181,0.8441,76.79,23,1.27,56
50181,113,2013,42,0.7326,4.21,0.8143,78.66,36,4.59,164
50181,114,2013,43,0.7426,3.8314,0.7595,71.61,33,4.12,155
50181,115,2013,44,0.8143,4.7158,0.7951,70.18,61,4.02,228
50181,116,2013,45,0.8377,4.8307,0.8746,69.09,46,4.02,110
50181,117,2013,46,3.8082,4.5832,0.7892,75.46,56,28.23,163
50181,118,2013,47,0.7215,4.3823,0.7805,77.48,49,3.1,222
50181,119,2013,48,1.6473,3.9037,0.7067,65.6,46,10.07,218
50181,120,2013,49,0.7828,4.8846,0.9178,88.89,40,4.22,90
50181,121,2013,50,0.8257,4.5792,0.9078,56.52,33,3.36,69
50181,122,2013,51,304.3097,6.4568,0.954,43.67,109,843.25,158
50181,123,2013,52,5.8282,3.4964,0.5827,0.0,64,843.36,294
50181,124,2014,1,8.8127,3.0327,0.527,0.0,54,843.35,221
50181,125,2014,2,14.6961,2.4944,0.4863,0.0,35,843.47,194
50181,126,2014,3,195.5753,6.0724,0.9286,40.74,93,669.56,162
50181,127,2014,4,0.4389,2.2918,0.5496,96.91,18,1.39,97
50181,128,2014,5,0.6444,4.6,0.8968,83.1,35,1.75,71
50181,129,2014,6,0.6029,4.027,0.9657,65.38,18,1.38,26
50181,130,2014,7,1.2038,3.866,0.8945,77.78,20,3.84,27
50181,131,2014,8,0.6933,4.2179,0.9324,81.82,23,1.34,44
50181,132,2014,9,0.5898,2.5216,0.9755,71.43,6,1.15,7
50181,139,2014,16,0.2257,2.0404,0.8787,100.0,5,0.61,11
50181,146,2014,23,0.0009,0.0,0.0,100.0,1,0.52,2
50181,149,2014,26,0.0,0.0,0.0,100.0,1,0.09,1
50181,152,2014,29,0.0,0.0,0.0,100.0,1,0.43,1
50181,161,2014,38,0.0,0.0,0.0,0.0,1,1.78,1
50181,164,2014,41,0.0,0.0,0.0,100.0,1,0.65,1
50181,166,2014,43,0.0,0.0,0.0,0.0,1,3.46,1
50181,167,2014,44,0.8588,1.0,1.0,50.0,2,2.15,2
50181,169,2014,46,0.4444,1.0,1.0,100.0,2,0.51,2
50181,172,2014,49,0.0,0.0,0.0,100.0,1,0.82,1
50181,173,2014,50,0.0,0.0,0.0,100.0,1,0.27,1
50181,175,2014,52,0.0,0.0,0.0,0.0,1,8665.85,1
50181,176,2015,1,0.0,0.0,0.0,0.0,1,8662.03,1
50181,177,2015,2,0.0,0.0,0.0,0.0,1,8662.03,1
50181,179,2015,4,0.0,0.0,0.0,100.0,1,0.1,1
50181,180,2015,5,0.0,0.0,0.0,100.0,1,0.63,1
50181,181,2015,6,0.0,0.0,0.0,100.0,1,0.21,1
50181,182,2015,7,0.0,0.0,0.0,0.0,1,2.57,1
50181,183,2015,8,0.0,0.0,0.0,100.0,1,0.57,1
50181,184,2015,9,54.7137,1.585,1.0,66.67,3,116.14,3
50181,185,2015,10,0.0,0.0,0.0,100.0,1,0.52,1
50181,186,2015,11,2.8635,1.0,1.0,50.0,2,5.37,2
50181,187,2015,12,0.3382,1.0,1.0,100.0,2,0.52,2
50181,188,2015,13,0.4736,1.0,1.0,100.0,2,1.22,2
50181,191,2015,16,0.0,0.0,0.0,100.0,1,0.66,1
50709,7,2011,40,0.2199,0.9183,0.9183,100.0,2,0.76,3
50709,8,2011,41,0.0,0.0,0.0,0.0,1,160.88,1
50709,11,2011,44,0.0,0.0,0.0,100.0,1,0.56,2
50709,12,2011,45,0.0,0.0,0.0,100.0,1,0.31,1
50709,13,2011,46,0.0,0.0,0.0,100.0,1,0.31,1
50709,14,2011,47,4.6879,0.9183,0.9183,0.0,2,861.6,3
50709,16,2011,49,0.0,0.0,0.0,100.0,1,0.24,2
50709,17,2011,50,576.265,1.4488,0.9141,42.86,3,1164.98,7
50709,18,2011,51,353.8268,0.9183,0.9183,0.0,2,1544.37,3
50709,19,2011,52,0.0143,0.9183,0.9183,0.0,2,1099.34,3
50709,20,2012,1,0.0,0.0,0.0,0.0,1,1733.19,1
50709,21,2012,2,343.1685,1.7925,0.8962,0.0,4,909.04,6
50709,22,2012,3,2.7947,0.9852,0.9852,42.86,2,5.41,7
50709,23,2012,4,0.0041,0.0,0.0,100.0,1,0.29,5
50709,24,2012,5,0.0,0.0,0.0,100.0,1,0.31,1
50709,25,2012,6,0.0928,1.0,1.0,100.0,2,0.29,2
50709,26,2012,7,1.373,1.3385,0.6693,83.29,4,4.35,748
50709,27,2012,8,0.4428,2.0056,0.6327,100.0,9,0.74,1176
50709,28,2012,9,0.2312,1.414,0.547,100.0,6,0.75,1851
50709,29,2012,10,358.1725,1.9526,0.6955,88.97,7,1169.04,1695
50709,30,2012,11,161.0237,2.9001,0.7095,0.0,17,1169.3,1527
50709,31,2012,12,0.1869,0.68,0.429,97.71,3,1.58,2098
50709,32,2012,13,0.2221,1.7338,0.6176,100.0,7,0.76,1665
50709,33,2012,14,97.7327,2.3411,0.6767,72.5,11,220.23,1469
50709,34,2012,15,8.0864,0.9753,0.3773,99.86,6,217.87,1455
50709,35,2012,16,0.2452,0.9112,0.4556,100.0,4,0.73,1196
50709,36,2012,17,0.2357,0.9897,0.4948,100.0,4,0.74,1570
50709,37,2012,18,0.1468,0.5474,0.1825,99.5,8,1.68,606
50709,38,2012,19,391.153,4.3261,0.8503,29.03,34,876.7,93
50709,39,2012,20,3.201,3.0752,0.6045,0.0,34,881.95,208
50709,40,2012,21,69.9618,3.8798,0.7564,0.0,35,881.0,188
50709,41,2012,22,2.0936,1.1093,0.6999,0.0,3,859.17,34
50709,42,2012,23,59.3367,3.4568,0.727,0.0,27,882.81,131
50709,43,2012,24,63.1887,3.0549,0.7326,0.0,18,876.37,74
50709,44,2012,25,51.7603,3.6935,0.7858,0.0,26,881.25,128
50709,45,2012,26,65.1645,2.4279,0.7018,0.0,11,859.17,68
50709,46,2012,27,105.3858,3.8155,0.8024,0.0,27,1102.96,70
50709,47,2012,28,63.6224,2.815,0.7852,0.0,12,876.36,75
50709,48,2012,29,0.0,0.0,0.0,0.0,1,876.39,3
50709,50,2012,31,62.7646,2.2246,0.8606,0.0,6,886.48,16
50709,51,2012,32,10.4805,1.771,0.7627,0.0,5,857.04,10
50709,52,2012,33,378.234,0.971,0.971,0.0,2,857.04,5
50709,53,2012,34,0.5468,2.8386,0.8545,86.96,10,1.8,23
50709,54,2012,35,0.1867,1.6258,0.8129,100.0,4,0.72,36
50709,55,2012,36,0.3574,1.7736,0.7638,100.0,5,0.72,15
50709,56,2012,37,0.2628,2.1506,0.832,100.0,6,0.73,22
50709,57,2012,38,0.2257,1.9502,0.9751,100.0,4,0.73,7
50709,58,2012,39,0.146,0.9911,0.9911,100.0,2,0.7,9
50709,59,2012,40,0.1772,1.6894,0.8447,100.0,4,0.72,14
50709,60,2012,41,724.1439,0.9183,0.9183,66.67,2,1535.69,3
50709,61,2012,42,542.9806,1.371,0.865,0.0,3,1535.67,5
50709,62,2012,43,0.4566,1.4591,0.9206,100.0,3,0.74,6
50709,63,2012,44,2.0886,2.5216,0.8982,57.14,7,4.53,14
50709,64,2012,45,0.0,0.0,0.0,100.0,1,0.74,2
50709,65,2012,46,1.5718,1.3516,0.8528,88.89,3,4.7,9
50709,66,2012,47,423.3302,2.1972,0.9463,22.22,5,854.99,9
50709,67,2012,48,0.1981,1.585,1.0,100.0,3,0.42,6
50709,68,2012,49,0.2014,1.7219,0.861,100.0,4,0.74,10
50709,69,2012,50,403.6295,0.9183,0.9183,33.33,2,856.11,3
50709,72,2013,1,7.16,1.9183,0.9591,0.0,4,876.76,6
50709,73,2013,2,620.9418,2.1219,0.9139,0.0,5,1832.07,10
50709,74,2013,3,2.6129,2.1039,0.9061,69.23,5,6.1,13
50709,75,2013,4,0.1181,1.1488,0.7248,100.0,3,0.73,7
50709,76,2013,5,0.0,0.0,0.0,100.0,1,0.41,1
50709,77,2013,6,0.0837,0.9183,0.9183,100.0,2,0.73,3
50709,78,2013,7,63.8429,1.5567,0.9821,71.43,3,141.38,7
50709,79,2013,8,0.0,0.0,0.0,100.0,1,0.73,1
50709,80,2013,9,1.91,1.5613,0.9851,75.0,3,4.51,8
50709,81,2013,10,0.1845,1.9502,0.9751,100.0,4,0.72,7
50709,82,2013,11,0.0,0.0,0.0,0.0,1,66.78,1
50709,83,2013,12,0.2678,1.5,0.9464,100.0,3,0.74,4
50709,84,2013,13,1.9731,1.0,1.0,50.0,2,4.59,4
50709,85,2013,14,0.3182,1.1982,0.756,30.77,3,1.14,13
50709,86,2013,15,0.1927,0.971,0.971,100.0,2,0.58,5
50709,87,2013,16,0.1731,1.5,0.9464,100.0,3,0.63,4
50709,88,2013,17,0.0,0.0,0.0,100.0,1,0.62,3
50709,89,2013,18,0.9302,1.5613,0.9851,75.0,3,2.78,8
50709,90,2013,19,105.2458,1.9717,0.8492,72.73,5,236.28,11
50709,91,2013,20,3.4521,2.8065,0.9355,0.0,8,861.56,22
50709,92,2013,21,6.7982,0.9183,0.9183,0.0,2,857.01,3
50709,93,2013,22,0.0015,0.0,0.0,0.0,1,857.01,4
50709,94,2013,23,0.8995,0.9183,0.9183,0.0,2,858.12,3
50709,95,2013,24,31.3677,1.0,1.0,0.0,2,894.3,6
50709,96,2013,25,0.0,0.0,0.0,0.0,1,857.02,3
50709,97,2013,26,46.3366,0.6194,0.6194,0.0,2,861.52,13
50709,99,2013,28,65.0534,1.8424,0.9212,0.0,4,876.33,7
50709,101,2013,30,31.6784,1.3844,0.8735,0.0,3,894.28,12
50709,102,2013,31,371.3705,2.4464,0.9464,0.0,6,855.12,10
50709,103,2013,32,1.0357,0.7732,0.4879,0.0,3,857.06,13
50709,104,2013,33,261.1898,2.4464,0.9464,0.0,6,876.35,10
50709,105,2013,34,0.1334,0.8113,0.8113,100.0,2,0.69,4
50709,106,2013,35,0.098,1.4488,0.9141,100.0,3,0.5,7
50709,107,2013,36,48.3604,3.5893,0.8049,90.99,22,215.69,111
50709,108,2013,37,104.6641,1.7332,0.7465,25.0,5,212.94,20
50709,109,2013,38,1.5712,4.624,0.8236,64.23,49,5.29,123
50709,110,2013,39,1.7141,4.6424,0.9285,40.38,32,4.77,52
50709,111,2013,40,0.3895,3.8035,0.9509,91.67,16,1.28,24
50709,112,2013,41,0.0,0.0,0.0,100.0,1,0.09,4
50709,114,2013,43,297.2793,5.4098,0.8041,2.35,106,947.24,255
50709,115,2013,44,1.8215,4.7894,0.8773,61.73,44,8.57,81
50709,116,2013,45,0.1941,0.9142,0.4571,100.0,4,0.59,18
50709,117,2013,46,0.0,0.0,0.0,100.0,1,0.34,2
50709,136,2014,13,0.5253,2.8734,0.8015,82.93,12,1.67,41
50709,137,2014,14,0.6724,3.2386,0.5968,94.97,43,4.78,338
50709,138,2014,15,0.6859,3.8002,0.7141,92.04,40,4.89,339
50709,139,2014,16,93.3018,4.4913,0.7167,66.25,77,230.57,323
50709,142,2014,19,13.6577,3.3416,0.6085,88.51,45,107.87,261
50709,144,2014,21,4.6531,3.7547,0.781,0.0,28,879.82,67
50869,7,2011,40,0.2088,2.5416,0.6095,100.0,18,0.75,1204
50869,8,2011,41,306.8617,3.7829,0.6214,79.23,68,878.0,2629
50869,9,2011,42,535.6232,3.2003,0.6588,32.36,29,878.0,2760
50869,10,2011,43,0.1975,2.5365,0.7636,100.0,10,0.65,1040
50869,12,2011,45,0.0,0.0,0.0,0.0,1,837.28,1
50869,13,2011,46,0.0,0.0,0.0,100.0,1,0.53,2
50869,14,2011,47,77.8839,1.4591,0.9206,33.33,3,164.79,6
50869,15,2011,48,0.1087,1.6855,0.8427,100.0,4,0.56,10
50869,16,2011,49,0.1454,0.9183,0.9183,100.0,2,0.5,3
50869,17,2011,50,80.8315,2.3219,1.0,60.0,5,164.89,5
50869,18,2011,51,1.1127,1.5219,0.9602,0.0,3,167.3,5
50869,19,2011,52,798.145,2.2516,0.9697,0.0,5,1536.27,6
50869,20,2012,1,0.0,0.0,0.0,0.0,1,167.64,1
50869,22,2012,3,0.0,0.0,0.0,100.0,1,0.74,1
50869,23,2012,4,0.0,0.0,0.0,100.0,1,0.73,1
50869,25,2012,6,0.2756,1.0,1.0,100.0,2,0.74,2
50869,26,2012,7,0.145,0.8113,0.8113,100.0,2,0.74,4
50869,27,2012,8,0.0,0.0,0.0,100.0,1,0.74,2
50869,28,2012,9,0.1636,0.8113,0.8113,100.0,2,0.74,4
50869,29,2012,10,0.0,0.0,0.0,100.0,1,0.27,2
50869,30,2012,11,1.2957,1.4591,0.9206,0.0,3,167.44,6
50869,31,2012,12,0.0826,1.0,1.0,100.0,2,0.73,2
50869,32,2012,13,0.2031,1.0,1.0,100.0,2,0.75,2
50869,33,2012,14,0.0,0.0,0.0,0.0,1,166.41,1
50869,35,2012,16,0.274,1.0,1.0,100.0,2,0.73,4
50869,36,2012,17,0.0,0.0,0.0,100.0,1,0.73,1
50869,37,2012,18,0.6268,2.8483,0.7481,97.96,14,4.07,49
50869,38,2012,19,49.9326,3.8725,0.9474,89.47,17,165.92,38
50869,40,2012,21,6.5765,1.5567,0.9821,0.0,3,164.75,7
50869,41,2012,22,0.4895,1.7815,0.7672,0.0,5,165.76,20
50869,42,2012,23,2.9848,2.1556,0.9284,0.0,5,221.66,8
50869,43,2012,24,6.5627,2.4138,0.9338,0.0,6,219.78,14
50869,44,2012,25,1.5865,2.156,0.9285,0.0,5,220.27,14
50869,45,2012,26,8.7344,2.4817,0.9601,0.0,6,218.76,11
50869,46,2012,27,8.8196,2.68,0.8933,0.0,8,220.53,16
50869,47,2012,28,1.9198,1.5,0.9464,0.0,3,220.07,4
50869,48,2012,29,9.4329,2.8895,0.9116,0.0,9,219.4,17
50869,49,2012,30,55.8718,2.0458,0.8811,0.0,5,219.8,13
50869,50,2012,31,12.6777,1.2568,0.6284,0.0,4,165.46,20
50869,51,2012,32,20.7681,1.8943,0.7328,0.0,6,165.45,34
50869,52,2012,33,80.9574,1.361,0.8587,60.0,3,164.74,10
50869,53,2012,34,0.4001,1.4911,0.7456,90.91,4,0.96,11
50869,54,2012,35,0.1465,1.0958,0.6914,100.0,3,0.72,11
50869,55,2012,36,0.366,1.8424,0.9212,100.0,4,0.75,7
50869,56,2012,37,0.1385,1.0958,0.6914,100.0,3,0.71,11
50869,57,2012,38,0.3129,2.6924,0.8975,100.0,8,0.7,14
50869,58,2012,39,0.2061,1.9212,0.8274,100.0,5,0.7,16
50869,59,2012,40,0.1908,2.6456,0.9424,100.0,7,0.72,14
50869,60,2012,41,517.9205,1.875,0.8075,87.5,5,1565.84,16
50869,61,2012,42,0.1036,1.4591,0.9206,100.0,3,0.74,6
50869,62,2012,43,553.7285,1.9849,0.707,30.77,7,1199.46,26
50869,63,2012,44,0.0749,0.65,0.65,100.0,2,0.47,12
50869,64,2012,45,0.3041,2.6106,0.9299,100.0,7,0.76,14
50869,65,2012,46,0.3095,3.1164,0.9381,100.0,10,0.75,23
50869,66,2012,47,78.1492,0.9183,0.9183,66.67,2,165.49,3
50869,67,2012,48,0.1428,1.4807,0.9342,100.0,3,0.74,18
50869,68,2012,49,0.1678,1.8339,0.917,100.0,4,0.71,13
50869,69,2012,50,81.2293,3.4676,0.9108,56.41,14,165.52,39
50869,70,2012,51,0.8433,2.2811,0.8126,0.0,7,166.12,29
50869,71,2012,52,6.3034,2.009,0.7772,0.0,6,165.53,34
50869,72,2013,1,877.9106,2.6426,0.8809,0.0,8,1822.81,30
50869,73,2013,2,823.2603,1.8336,0.7093,0.0,6,1822.95,18
50869,74,2013,3,0.1565,1.9192,0.7425,100.0,6,0.74,20
50869,75,2013,4,0.2981,1.736,0.7477,100.0,5,0.73,17
50869,76,2013,5,0.0015,0.0,0.0,100.0,1,0.73,4
50869,77,2013,6,0.4438,1.9219,0.961,80.0,4,1.54,5
50869,78,2013,7,0.2607,1.2638,0.7974,100.0,3,0.74,14
50869,79,2013,8,0.4999,1.2516,0.7897,100.0,3,0.79,6
50869,80,2013,9,0.3258,1.1568,0.7298,90.0,3,1.02,10
50869,81,2013,10,73.6632,1.7899,0.895,72.73,4,164.76,11
50869,82,2013,11,6.299,1.7988,0.6959,0.0,6,165.57,16
50869,83,2013,12,0.1925,2.2125,0.8559,100.0,6,0.74,17
50869,84,2013,13,76.2594,1.875,0.8075,68.75,5,165.57,16
50869,85,2013,14,0.1643,1.4183,0.7091,100.0,4,0.64,12
50869,86,2013,15,0.5438,1.6577,0.8289,88.89,4,1.09,9
50869,87,2013,16,0.5493,0.5436,0.5436,100.0,2,1.02,8
50869,88,2013,17,0.0059,0.0,0.0,100.0,1,0.62,12
50869,89,2013,18,0.2106,1.0409,0.6567,100.0,3,0.62,12
50869,90,2013,19,71.9094,1.9852,0.855,71.43,5,165.55,14
50869,91,2013,20,0.4379,1.585,1.0,0.0,3,165.55,3
50869,100,2013,29,6.484,2.061,0.7973,0.0,6,167.59,20
50869,101,2013,30,3.3648,1.4628,0.7314,0.0,4,165.51,18
50869,102,2013,31,0.0013,0.0,0.0,0.0,1,165.5,5
50869,103,2013,32,0.3165,0.7219,0.7219,0.0,2,165.5,5
50869,104,2013,33,3.8588,1.477,0.5714,0.0,6,167.46,29
50869,105,2013,34,0.0,0.0,0.0,0.0,1,164.68,4
50869,107,2013,36,0.0,0.0,0.0,100.0,1,0.45,24
50869,108,2013,37,60.5435,5.618,0.9135,57.14,71,153.97,133
50869,109,2013,38,0.0,0.0,0.0,0.0,1,104.63,16
50869,110,2013,39,1.4927,5.177,0.8504,78.71,68,7.21,202
50869,111,2013,40,649.043,7.315,0.9561,14.95,201,1856.11,321
50869,112,2013,41,0.5719,4.7384,0.8732,79.58,43,1.5,142
50869,113,2013,42,82.8191,5.4567,0.8682,82.87,78,640.05,251
50869,114,2013,43,239.9135,7.628,0.9371,11.48,282,646.68,479
50869,115,2013,44,0.5373,4.9995,0.8499,91.81,59,5.41,232
50869,116,2013,45,0.5105,4.6171,0.8863,91.03,37,1.5,78
50869,117,2013,46,1.3439,4.2853,0.7758,88.19,46,8.37,144
50869,118,2013,47,0.4866,4.6291,0.8479,90.91,44,1.28,253
50869,119,2013,48,67.5558,5.5502,0.8266,15.58,105,185.18,231
50869,120,2013,49,0.4078,3.9799,0.764,95.71,37,1.51,140
50869,121,2013,50,0.642,4.5524,0.9025,87.5,33,3.61,80
50869,141,2014,18,65.8771,5.2407,0.9847,8.51,40,185.53,47
50869,142,2014,19,44.8873,4.9052,0.841,78.71,57,165.8,155
50869,153,2014,30,0.0,0.0,0.0,0.0,1,3085.04,1
50947,7,2011,40,0.4166,1.5029,0.4062,96.42,13,1.79,1369
50947,8,2011,41,272.8147,2.0972,0.6991,80.2,8,693.66,2237
50947,9,2011,42,328.2796,3.0403,0.7601,6.07,16,693.66,2225
50947,10,2011,43,0.3744,2.6443,0.7146,99.95,13,0.91,2215
50947,11,2011,44,0.3681,2.1241,0.7566,100.0,7,0.83,2280
50947,12,2011,45,1.7542,1.9873,0.6624,85.09,8,5.0,2348
50947,13,2011,46,0.572,3.2238,0.6099,95.39,39,5.0,2735
50947,14,2011,47,286.056,2.9185,0.7296,19.79,16,693.69,2117
50947,15,2011,48,74.9556,2.6499,0.6783,81.88,15,221.21,1893
50947,16,2011,49,6.6956,2.8145,0.6138,75.05,24,15.7,2457
50947,17,2011,50,256.5467,1.5791,0.4042,77.97,15,2146.61,2247
50947,18,2011,51,2.8156,0.7589,0.3268,0.0,5,693.71,2191
50947,19,2011,52,7.4126,1.4989,0.5339,0.0,7,693.68,2219
50947,20,2012,1,4.7374,2.077,0.4192,0.0,31,693.67,2272
50947,21,2012,2,381.8275,2.8796,0.7563,0.0,14,693.7,2220
50947,22,2012,3,0.2361,1.6707,0.4515,99.74,13,1.16,1891
50947,23,2012,4,103.8353,3.3151,0.795,70.58,18,246.34,2719
50947,24,2012,5,1.6338,2.8171,0.6892,99.69,17,28.85,2588
50947,25,2012,6,121.067,3.2383,0.7493,77.41,20,834.22,2182
50947,26,2012,7,119.1602,1.597,0.6878,0.0,5,300.84,339
50947,27,2012,8,2.3905,2.29,0.7633,69.44,8,13.76,1770
50947,28,2012,9,0.4576,2.1885,0.7796,89.67,7,1.49,1569
50947,29,2012,10,256.0245,2.2967,0.8181,83.56,7,692.96,2141
50947,30,2012,11,76.159,1.9417,0.6472,1.22,8,693.7,1803
50947,31,2012,12,0.7117,2.6788,0.7744,83.77,11,5.17,2533
50947,32,2012,13,7.9092,2.4086,0.9318,64.8,6,23.25,2054
50947,33,2012,14,0.6846,1.9938,0.8587,70.38,5,1.66,1668
50947,34,2012,15,0.5689,2.3239,0.6482,98.48,12,5.23,1838
50947,35,2012,16,0.2813,2.232,0.9613,100.0,5,0.73,1736
50947,36,2012,17,0.4742,2.6427,0.7372,91.26,12,1.53,1796
50947,37,2012,18,0.5618,1.6746,0.6478,83.93,6,1.53,871
50947,38,2012,19,310.6861,2.7471,0.6721,61.62,17,693.51,99
50947,39,2012,20,4.9615,2.8,0.6591,0.0,19,693.99,152
50947,40,2012,21,7.3947,3.0895,0.7558,0.0,17,693.99,106
50947,41,2012,22,5.1074,2.9646,0.6466,0.0,24,701.34,178
50947,42,2012,23,96.5367,2.0857,0.6279,2.0,10,692.95,100
50947,43,2012,24,3.9646,2.0609,0.687,0.0,8,693.73,102
50947,44,2012,25,6.2896,3.0019,0.7684,0.0,15,697.95,67
50947,45,2012,26,4.4213,2.521,0.7287,0.0,11,698.27,71
50947,46,2012,27,4.5077,2.994,0.7864,0.0,14,702.43,63
50947,47,2012,28,4.1453,3.2094,0.6911,0.0,25,698.55,222
50947,48,2012,29,5.8785,2.3846,0.6652,0.0,12,693.72,122
50947,49,2012,30,201.8439,3.3515,0.763,3.54,21,695.07,113
50947,50,2012,31,2.6274,0.6962,0.6962,81.25,2,6.38,32
50947,51,2012,32,0.0,0.0,0.0,100.0,1,0.44,23
50947,52,2012,33,0.2393,0.9042,0.5705,96.77,3,1.16,31
50947,53,2012,34,0.204,0.5788,0.5788,100.0,2,0.75,29
50947,54,2012,35,57.8516,2.2284,0.5156,80.0,20,191.4,235
50947,55,2012,36,0.3044,0.9666,0.4163,100.0,5,0.75,182
50947,56,2012,37,0.1386,1.7467,0.8733,100.0,4,0.73,194
50947,57,2012,38,0.297,1.761,0.6273,100.0,7,0.79,196
50947,58,2012,39,0.5209,1.7493,0.8747,83.05,4,1.52,236
50947,59,2012,40,32.8288,2.8398,0.6571,85.65,20,115.99,209
50947,60,2012,41,0.5092,2.2833,0.7611,97.93,8,1.68,145
50947,61,2012,42,0.8661,2.4314,0.8105,63.92,8,1.69,194
50947,62,2012,43,0.5342,2.3491,0.783,97.58,8,1.5,165
50947,63,2012,44,0.4389,2.7904,0.7142,93.89,15,1.51,180
50947,64,2012,45,0.3874,0.8377,0.3608,88.57,5,1.48,70
50947,65,2012,46,0.4016,1.7052,0.5379,88.72,9,1.48,328
50947,66,2012,47,285.3819,2.6594,0.6649,19.57,16,695.08,276
50947,67,2012,48,0.3674,2.0574,0.6858,90.45,8,1.48,220
50947,68,2012,49,0.6525,1.683,0.5066,86.94,10,3.85,245
50947,69,2012,50,319.4398,3.5613,0.7767,54.17,24,693.73,168
50947,70,2012,51,6.7524,2.6591,0.6806,0.0,15,694.76,114
50947,71,2012,52,6.4301,3.1716,0.7011,0.0,23,693.72,122
50947,72,2013,1,1064.7067,3.6348,0.7408,0.0,30,1803.4,377
50947,73,2013,2,990.7027,4.3082,0.7714,0.28,48,1856.05,359
50947,74,2013,3,1.3742,2.1853,0.6096,77.49,12,9.75,231
50947,75,2013,4,1.5859,2.9799,0.7015,89.46,19,8.32,351
50947,76,2013,5,1.0035,2.3635,0.7115,57.56,10,3.83,205
50947,77,2013,6,226.1878,2.5777,0.7451,59.13,11,693.46,208
50947,78,2013,7,5.3101,4.1836,0.8526,61.79,30,16.08,246
50947,79,2013,8,0.5005,2.4318,0.5832,90.44,18,3.79,387
50947,80,2013,9,0.4963,2.0036,0.6321,87.68,9,2.53,211
50947,81,2013,10,179.447,2.5134,0.6027,83.85,18,622.53,192
50947,82,2013,11,54.0174,3.0364,0.6809,0.51,22,693.73,196
50947,83,2013,12,1.0193,2.9037,0.81,76.73,12,3.82,202
50947,84,2013,13,309.9627,3.0149,0.6864,66.47,21,693.73,334
50947,85,2013,14,76.1384,3.5704,0.7596,64.78,26,373.61,301
50947,86,2013,15,0.7941,2.1131,0.6666,58.12,9,4.86,234
50947,87,2013,16,1.5261,2.4457,0.8152,51.82,8,3.72,137
50947,88,2013,17,0.4853,2.0541,0.648,78.46,9,1.68,246
50947,89,2013,18,0.5454,2.0094,0.7158,86.36,7,1.66,132
50947,90,2013,19,0.2711,2.8191,0.7216,100.0,15,0.56,255
50947,91,2013,20,4.5358,2.0304,0.5869,0.0,11,693.43,200
50947,92,2013,21,5.8886,2.6112,0.8237,0.0,9,693.48,91
50947,93,2013,22,5.6167,1.7157,0.7389,0.0,5,693.45,49
50947,94,2013,23,5.2272,1.4254,0.6139,0.0,5,693.47,75
50947,95,2013,24,5.7579,3.0445,0.7611,0.0,16,701.05,265
50947,96,2013,25,3.5364,3.0309,0.7135,0.0,19,702.84,340
50947,97,2013,26,2.7387,1.9316,0.688,0.0,7,695.19,309
50947,98,2013,27,4.1735,2.6618,0.5969,0.0,22,702.88,440
50947,99,2013,28,5.4995,2.8977,0.8376,0.0,11,694.19,264
50947,139,2014,16,0.2189,1.0,1.0,100.0,2,0.45,2
51102,8,2011,41,120.7212,2.8006,0.5552,16.42,33,2430.47,664
51102,9,2011,42,107.0141,3.7018,0.6664,29.35,47,266.51,2446
51102,10,2011,43,0.5075,3.1621,0.5662,91.8,48,4.59,1976
51102,11,2011,44,18.152,2.8301,0.5768,95.13,30,124.56,2116
51102,12,2011,45,0.3209,1.7814,0.4453,97.52,16,2.18,1976
51102,13,2011,46,0.5465,3.0871,0.5926,95.13,37,8.24,1993
51102,14,2011,47,50.1479,3.1168,0.5983,19.73,37,134.0,2382
51102,15,2011,48,26.6875,3.0047,0.6392,90.68,26,141.83,2061
51102,16,2011,49,0.2804,3.667,0.7801,99.75,26,2.22,1595
51102,17,2011,50,62.4055,3.1933,0.6643,54.64,28,141.83,2835
51102,18,2011,51,4.3734,1.9986,0.3962,0.0,33,134.79,2776
51102,19,2011,52,4.7397,2.4284,0.6378,0.0,14,158.7,2224
51102,20,2012,1,13.2252,2.6575,0.5723,0.0,25,143.17,2690
51102,21,2012,2,23.2061,2.7805,0.5784,2.01,28,141.25,2189
51102,22,2012,3,0.2194,1.9532,0.4999,98.82,15,1.46,2542
51102,23,2012,4,59.1679,3.3713,0.6521,62.69,36,137.22,2450
51102,24,2012,5,27.1047,2.7262,0.7367,74.77,13,82.87,2140
51102,25,2012,6,0.5455,1.1954,0.3598,95.09,10,4.4,1996
51102,26,2012,7,2.6365,2.9414,0.6502,67.38,23,6.65,1692
51102,27,2012,8,47.5258,3.7926,0.7807,76.85,29,128.76,2436
51102,28,2012,9,0.3591,3.3343,0.7591,99.83,21,1.39,2294
51102,29,2012,10,167.9087,3.7942,0.8638,66.31,21,1583.52,2556
51102,30,2012,11,26.0255,2.9588,0.6635,1.9,22,135.6,1894
51102,31,2012,12,166.9453,4.09,0.7793,60.24,38,1697.45,2329
51102,32,2012,13,0.3556,1.7491,0.6231,98.03,7,3.77,2482
51102,33,2012,14,62.3946,3.5034,0.7212,55.72,29,127.84,2886
51102,34,2012,15,40.1206,3.6892,0.8046,80.0,24,128.04,2215
51102,35,2012,16,1.0551,2.5333,0.7066,94.82,12,4.61,2276
51102,36,2012,17,0.7567,2.5729,0.7177,97.35,12,4.53,2266
51102,37,2012,18,0.2769,2.691,0.5949,99.63,23,1.11,804
51102,38,2012,19,434.6284,3.7718,0.7477,84.06,33,6953.34,276
51102,39,2012,20,13.8799,3.2791,0.6896,0.0,27,168.84,135
51102,40,2012,21,12.3378,3.8654,0.7039,0.0,45,139.02,217
51102,41,2012,22,15.6108,4.3784,0.7681,0.0,52,149.13,250
51102,42,2012,23,14.4087,3.1315,0.7246,0.0,20,149.13,138
51102,43,2012,24,10.3656,3.7033,0.7279,0.0,34,140.8,204
51102,44,2012,25,65.9028,4.0079,0.8429,0.0,27,243.22,113
51102,45,2012,26,9.9106,2.0437,0.728,0.0,7,139.03,34
51102,46,2012,27,0.1728,1.0,1.0,100.0,2,0.35,2
51102,47,2012,28,5.4879,3.4248,0.7571,0.0,23,138.99,79
51102,48,2012,29,20.2784,4.528,0.7666,0.0,60,169.16,169
51102,49,2012,30,465.4787,3.9412,0.8032,0.0,30,1250.64,107
51102,50,2012,31,26.6186,2.8436,0.822,0.0,11,138.62,29
51102,51,2012,32,77.5007,1.7527,0.8764,0.0,4,277.33,9
51102,52,2012,33,62.6728,3.6981,0.9245,23.33,16,128.04,30
51102,53,2012,34,0.2657,1.7729,0.7635,100.0,5,0.72,42
51102,54,2012,35,0.3822,2.6068,0.7847,93.1,10,1.59,29
51102,55,2012,36,0.3572,2.4677,0.879,100.0,7,0.75,34
51102,56,2012,37,0.2684,2.7534,0.9178,100.0,8,0.75,14
51102,57,2012,38,58.2824,2.6214,0.9337,50.0,7,117.18,18
51102,58,2012,39,0.0,0.0,0.0,100.0,1,0.34,5
51102,59,2012,40,43.8642,2.7025,0.8525,82.14,9,115.59,28
51102,61,2012,42,144.1349,2.6587,0.8862,80.95,8,412.15,21
51102,62,2012,43,0.1945,1.739,0.7489,100.0,5,0.74,35
51102,63,2012,44,0.4428,3.1456,0.8774,78.57,12,1.07,28
51102,64,2012,45,0.1739,1.7794,0.7664,100.0,5,0.74,21
51102,65,2012,46,1.7655,3.0885,0.6926,77.65,22,5.21,85
51102,66,2012,47,55.5893,2.6389,0.94,73.33,7,126.13,15
51102,67,2012,48,0.1739,0.9183,0.9183,100.0,2,0.74,9
51102,69,2012,50,0.1691,0.9183,0.9183,100.0,2,0.71,3
51470,8,2011,41,99.3088,4.1059,0.5875,57.47,127,222.72,2189
51470,9,2011,42,6.9008,1.5605,0.5202,0.0,8,206.87,54
51470,27,2012,8,0.0,0.0,0.0,100.0,1,0.28,1
51470,58,2012,39,0.2003,0.6127,0.3866,100.0,3,0.4,63
51470,59,2012,40,25.3875,0.3788,0.239,93.83,3,117.24,81
51470,60,2012,41,26.7097,1.7398,0.5799,90.28,8,116.74,72
51470,61,2012,42,87.5136,2.6889,0.8483,55.56,9,205.19,54
51470,62,2012,43,512.8858,3.4972,0.7531,51.92,25,1199.46,156
51470,63,2012,44,106.8576,2.081,0.46,80.95,23,479.5,336
51470,64,2012,45,1.2465,1.2399,0.3911,78.53,9,5.32,340
51470,65,2012,46,0.5219,1.579,0.4753,97.1,10,1.51,276
51470,66,2012,47,88.5063,3.6959,0.817,23.08,23,226.48,312
51470,67,2012,48,0.15,0.6106,0.263,100.0,5,0.81,259
51470,68,2012,49,0.5553,1.6111,0.485,98.43,10,1.69,255
51470,69,2012,50,83.5428,2.5649,0.6565,70.86,15,213.36,151
51470,70,2012,51,108.2465,3.6117,0.7435,0.0,29,669.14,194
51470,71,2012,52,177.5327,2.6264,0.7592,0.0,11,688.17,164
51470,72,2013,1,991.6193,4.6885,0.881,0.0,40,1856.53,285
51470,73,2013,2,897.3667,2.7337,0.718,0.0,14,1834.38,107
51552,7,2011,40,0.2099,0.9028,0.5696,100.0,3,0.73,185
51552,8,2011,41,568.2652,2.7528,0.7679,72.36,12,1637.03,1574
51552,9,2011,42,466.3227,0.4526,0.2855,8.91,3,1637.53,539
51552,10,2011,43,0.2577,1.656,0.552,80.75,8,0.91,1117
51552,11,2011,44,0.2959,1.621,0.5114,99.3,9,2.24,1289
51552,12,2011,45,0.2374,2.4819,0.7471,100.0,10,0.77,2294
51552,13,2011,46,0.2861,1.8318,0.5295,98.39,11,0.9,1494
51552,14,2011,47,814.014,2.9133,0.588,50.96,31,1643.96,1307
51552,15,2011,48,0.1124,1.3771,0.459,100.0,8,0.77,1954
51552,16,2011,49,0.0288,1.0523,0.4532,100.0,5,0.73,1519
51552,17,2011,50,809.3633,2.6441,0.7145,61.39,13,1736.88,1580
51552,18,2011,51,1.5636,1.2358,0.372,0.0,10,1645.67,1675
51552,19,2011,52,15.7183,2.1387,0.5232,0.0,17,1651.92,1513
51552,20,2012,1,1.5585,0.5769,0.2484,0.0,5,1638.86,1165
51552,21,2012,2,381.8704,1.2061,0.3364,4.9,12,1639.37,1611
51552,22,2012,3,149.1933,2.251,0.6279,98.04,12,1254.25,2091
51552,23,2012,4,0.1438,1.7219,0.574,100.0,8,0.74,1923
51552,24,2012,5,0.2955,1.8256,0.5277,99.95,11,0.97,2113
51552,25,2012,6,0.3735,2.0292,0.6401,100.0,9,0.74,1829
51552,26,2012,7,0.1322,1.7101,0.7365,100.0,5,0.74,946
51552,27,2012,8,0.2273,0.8147,0.4074,95.31,4,1.15,1599
51552,28,2012,9,0.2845,1.4405,0.9088,100.0,3,0.5,1723
51552,29,2012,10,774.4908,1.3963,0.6013,65.93,5,1637.47,1503
51552,30,2012,11,601.9227,2.2831,0.6873,0.0,10,1637.47,1916
51552,31,2012,12,1.6318,1.7824,0.7676,84.59,5,4.56,1168
51552,32,2012,13,0.1794,0.607,0.3829,100.0,3,0.5,2406
51552,33,2012,14,0.1827,1.5076,0.6493,100.0,5,0.5,2341
51552,34,2012,15,0.2011,2.1669,0.7718,100.0,7,0.5,608
51552,35,2012,16,0.283,1.1602,0.732,100.0,3,0.67,1072
51552,36,2012,17,0.2437,1.4528,0.6257,100.0,5,0.74,1374
51552,37,2012,18,0.347,2.8563,0.7719,100.0,13,0.74,48
51552,38,2012,19,42.542,2.8,0.6715,88.99,18,139.97,109
51552,39,2012,20,810.0399,2.7515,0.7436,0.0,13,1637.96,71
51552,40,2012,21,2.0958,2.3036,0.6934,0.0,10,1640.69,58
51552,41,2012,22,2.7212,0.8403,0.5301,0.0,3,1640.3,35
51552,42,2012,23,964.2658,2.0495,0.73,0.0,7,1641.82,30
51552,43,2012,24,867.2372,3.4993,0.7535,0.0,25,1641.8,98
51552,44,2012,25,22.8903,3.2214,0.7881,0.0,17,1696.46,127
51552,45,2012,26,1.6311,1.7087,0.6086,0.0,7,1701.94,63
51552,46,2012,27,8.5652,2.3744,0.6623,0.0,12,1657.84,82
51552,47,2012,28,512.8215,2.9569,0.7569,0.0,15,2410.18,56
51552,48,2012,29,11.0562,2.8403,0.7101,0.0,16,1658.15,104
51552,49,2012,30,1395.641,3.1301,0.6827,0.0,24,12543.18,121
51552,50,2012,31,10.1715,3.0483,0.8503,0.0,12,1670.8,49
51552,51,2012,32,2.9394,2.3896,0.7194,0.0,10,1642.06,45
51552,52,2012,33,823.5604,3.6767,0.8655,17.86,19,1643.64,56
51552,53,2012,34,0.4049,2.8826,0.7378,95.06,15,1.62,81
51552,54,2012,35,0.4578,2.8354,0.7257,98.67,15,2.51,75
51552,55,2012,36,0.3696,2.8697,0.7537,100.0,14,0.71,49
51552,56,2012,37,0.1664,2.7948,0.9316,100.0,8,0.55,19
51552,57,2012,38,0.3289,2.4138,0.8598,100.0,7,0.7,14
51552,58,2012,39,1.8613,3.4496,0.8121,91.53,19,8.24,59
51552,59,2012,40,0.3341,2.9262,0.7908,100.0,13,0.72,55
51597,7,2011,40,0.3439,1.8669,0.8041,100.0,5,0.81,329
51597,8,2011,41,169.1798,3.5346,0.7814,67.89,23,398.96,1255
51597,9,2011,42,1.0112,1.8443,0.657,0.0,7,398.54,1127
51597,11,2011,44,0.4206,1.8798,0.593,96.97,9,1.79,165
51597,12,2011,45,387.7994,2.8115,0.6618,54.48,19,842.9,736
51597,13,2011,46,0.3615,2.889,0.7395,100.0,15,0.75,689
51597,14,2011,47,169.3762,2.1965,0.5936,37.64,13,408.49,813
51597,15,2011,48,0.2823,2.2619,0.6809,98.01,10,0.98,906
51597,16,2011,49,0.3392,3.2227,0.7728,100.0,18,0.89,994
51597,17,2011,50,161.1748,3.528,0.6424,70.45,45,399.77,1577
51597,18,2011,51,4.1455,1.2786,0.3849,0.0,10,412.21,992
51597,19,2011,52,525.2136,3.1371,0.6116,0.0,35,1542.15,1647
51597,20,2012,1,2.8973,2.2789,0.6357,0.0,12,409.12,1825
51597,21,2012,2,7.9878,2.105,0.4379,0.0,28,409.12,1986
51597,22,2012,3,121.8118,2.2004,0.5277,89.37,18,398.26,1176
51597,23,2012,4,0.3022,2.7399,0.7196,99.84,14,0.98,619
51597,24,2012,5,0.2904,2.7815,0.667,100.0,18,0.68,995
51597,25,2012,6,0.3324,2.5444,0.6102,97.72,18,1.16,1795
51597,26,2012,7,1.4212,2.3508,0.5271,91.61,22,10.93,1454
51597,27,2012,8,0.2849,2.7511,0.5853,99.93,26,0.98,1416
51597,28,2012,9,0.2757,2.5815,0.6454,100.0,16,0.75,2069
51597,29,2012,10,193.3287,2.8827,0.6133,58.55,26,408.34,1771
51597,30,2012,11,72.0662,2.3503,0.5061,3.3,25,399.55,2362
51597,31,2012,12,0.2875,2.0506,0.4362,100.0,26,0.85,1796
51597,32,2012,13,1.0468,2.3563,0.5452,98.95,20,10.91,1910
51597,33,2012,14,197.7413,2.7153,0.7338,56.25,13,408.3,1449
51597,34,2012,15,159.0934,2.4166,0.6985,78.51,11,398.61,1950
51597,35,2012,16,1.1678,2.7256,0.6205,90.58,21,5.29,1040
51597,36,2012,17,0.3811,1.9393,0.6464,99.6,8,0.99,998
51597,37,2012,18,2.7296,2.0009,0.5407,88.65,13,36.48,643
51597,38,2012,19,1.7313,2.2008,0.6139,82.81,12,11.5,64
51597,39,2012,20,9.7132,2.9142,0.7875,78.85,13,64.91,52
51597,40,2012,21,92.463,3.5425,0.7151,2.34,31,401.55,128
51597,41,2012,22,6.4165,2.4117,0.6029,0.0,16,410.41,159
51597,42,2012,23,204.4537,3.7549,0.7652,0.0,30,1340.55,190
51597,43,2012,24,250.6653,6.2626,0.8823,0.0,137,1492.4,385
51597,44,2012,25,77.0861,3.4921,0.7951,0.0,21,698.93,76
51597,45,2012,26,187.1691,3.242,0.7501,0.0,20,1734.53,129
51597,46,2012,27,18.5697,2.9831,0.7298,0.0,17,404.83,130
51597,47,2012,28,3.3988,3.0755,0.7872,0.0,15,404.19,171
51597,48,2012,29,2.4428,2.6179,0.6545,0.0,16,408.41,154
51597,49,2012,30,6.9963,2.2261,0.6701,0.0,10,415.95,75
51597,50,2012,31,71.0841,3.0132,0.7713,0.0,15,408.38,71
51597,51,2012,32,3.6822,2.9449,0.7062,0.0,18,408.38,136
51597,52,2012,33,178.2019,3.3919,0.848,47.37,16,399.48,76
51597,53,2012,34,0.8834,4.0958,0.7805,88.15,38,10.97,211
51597,54,2012,35,2.043,4.0684,0.7869,89.35,36,9.85,216
51597,55,2012,36,0.4285,3.7598,0.7821,96.79,28,1.69,218
51597,56,2012,37,1.2358,3.7954,0.7813,91.87,29,9.85,209
51597,57,2012,38,0.4143,3.8991,0.8111,94.25,28,1.03,174
51597,58,2012,39,0.4309,3.4964,0.7438,93.12,26,1.72,189
51597,59,2012,40,106.3976,4.2128,0.7627,66.07,46,1556.94,280
51597,60,2012,41,20.2366,4.4517,0.7809,90.81,52,222.06,370
51597,61,2012,42,215.1748,4.5849,0.8043,25.19,52,1199.52,266
51597,62,2012,43,540.5416,4.5008,0.8401,41.72,41,1215.19,163
51597,63,2012,44,102.9478,2.9985,0.7675,64.97,15,466.34,157
51597,64,2012,45,1.1254,3.2594,0.8561,66.04,14,5.18,159
51597,65,2012,46,2.3019,2.9557,0.7763,84.15,14,9.81,164
51597,66,2012,47,192.3857,3.1312,0.7509,38.05,18,404.57,113
51597,67,2012,48,0.5222,2.9758,0.8958,79.52,10,1.48,166
51597,68,2012,49,2.0093,2.5226,0.7594,68.99,10,13.24,129
51597,69,2012,50,135.2095,2.5769,0.7449,84.44,11,398.41,90
51597,70,2012,51,3.3937,3.4516,0.7986,0.0,20,400.03,140
51597,71,2012,52,12.3075,2.6389,0.7131,0.0,13,412.27,106
51597,72,2013,1,846.8917,3.7055,0.8574,0.0,20,1856.53,161
51597,73,2013,2,783.9242,4.229,0.8245,0.0,35,1834.72,211
51597,74,2013,3,84.5912,4.3036,0.7665,80.16,49,398.29,368
51597,75,2013,4,7.5068,4.4444,0.7653,88.33,56,43.05,360
51597,76,2013,5,2.5334,4.2195,0.7729,94.15,44,31.63,342
51597,77,2013,6,1.2817,3.7646,0.7226,88.38,37,9.76,327
51597,78,2013,7,1.5308,3.7076,0.7171,91.67,36,10.19,444
51597,79,2013,8,67.4685,4.0427,0.7239,91.43,48,1325.18,385
51597,80,2013,9,0.4468,4.0424,0.7703,98.41,38,1.6,377
51597,81,2013,10,186.1998,4.0051,0.7873,62.4,34,410.45,242
51597,82,2013,11,23.239,2.8935,0.5437,0.33,40,399.84,301
51597,83,2013,12,101.3408,4.572,0.7564,78.52,66,273.43,554
51597,84,2013,13,445.1568,4.9641,0.7787,44.1,83,941.88,424
51597,85,2013,14,97.9766,4.6236,0.7962,78.93,56,453.65,337
51597,86,2013,15,1.4659,3.7336,0.6759,83.98,46,10.98,412
51597,87,2013,16,0.5587,4.3321,0.7716,93.69,49,4.31,412
51597,88,2013,17,0.4121,3.6491,0.7234,93.05,33,1.34,302
51597,89,2013,18,1.1121,3.5709,0.7277,98.39,30,13.12,249
51597,90,2013,19,204.8217,4.3889,0.7662,84.66,53,1820.63,313
51597,91,2013,20,14.709,4.1891,0.7501,84.49,48,116.92,374
51597,92,2013,21,129.5263,3.482,0.6304,11.39,46,423.03,316
51597,93,2013,22,5.514,4.3168,0.6997,0.0,72,400.9,386
51597,94,2013,23,4.5759,3.7722,0.6617,0.0,52,400.06,459
51597,95,2013,24,6.0967,3.8658,0.7421,0.0,37,400.08,310
51597,96,2013,25,6.2837,3.7947,0.713,0.0,40,399.95,454
51597,97,2013,26,6.4261,4.1885,0.7583,0.0,46,399.96,469
51597,98,2013,27,7.822,3.9274,0.7151,0.0,45,418.85,433
51597,99,2013,28,6.6238,4.2626,0.7808,0.0,44,400.01,455
51597,100,2013,29,9.2576,3.5484,0.7549,0.0,26,409.67,260
51597,101,2013,30,13.4875,4.2066,0.7752,0.0,43,408.93,264
51597,102,2013,31,42.6895,4.3282,0.7709,0.0,49,401.12,274
51597,103,2013,32,5.2501,3.234,0.6657,0.0,29,400.05,190
51597,104,2013,33,2.8756,2.8894,0.6077,0.0,27,404.59,234
51597,105,2013,34,198.7875,3.5766,0.8143,36.71,21,398.73,79
51597,106,2013,35,1.8175,4.4669,0.8575,87.88,37,10.4,66
51597,107,2013,36,46.7937,5.1409,0.8668,81.5,61,215.86,173
51597,108,2013,37,39.1554,5.3221,0.8571,79.1,74,153.34,201
51597,109,2013,38,1.3255,5.1318,0.876,76.02,58,8.35,196
51597,110,2013,39,1.943,5.2977,0.8733,76.3,67,8.38,211
51597,111,2013,40,628.9306,5.0729,0.8624,41.57,59,1395.83,166
51597,112,2013,41,0.5947,3.5095,0.8983,79.49,15,1.08,39
51597,113,2013,42,37.8412,4.8157,0.8368,86.56,54,305.86,186
51597,114,2013,43,301.5377,6.586,0.9199,4.07,143,1029.74,221
51597,115,2013,44,0.5846,4.3822,0.7765,88.5,50,2.57,226
51597,116,2013,45,224.2771,6.0147,0.9176,43.72,94,540.67,183
51597,117,2013,46,0.9747,4.2745,0.7979,85.99,41,5.34,157
51597,118,2013,47,0.9521,4.3568,0.8968,82.43,29,5.42,74
51597,119,2013,48,182.7979,4.9505,0.7853,27.85,79,404.68,219
51597,120,2013,49,0.7789,4.205,0.7341,90.11,53,5.4,273
51597,121,2013,50,0.4917,3.9132,0.7757,94.35,33,1.68,177
51597,122,2013,51,136.5235,4.6601,0.7603,76.95,70,398.78,295
51597,123,2013,52,314.9115,5.4861,0.835,0.0,95,1038.91,206
51597,124,2014,1,2.6374,3.6213,0.6556,0.0,46,399.71,138
51597,125,2014,2,65.2566,3.5292,0.6464,1.57,44,399.94,191
51597,126,2014,3,1.2683,4.412,0.7469,85.07,60,8.31,288
51597,127,2014,4,1.2674,4.5671,0.8268,82.58,46,7.3,264
51597,128,2014,5,1.1383,4.435,0.7743,82.98,53,5.43,282
51597,129,2014,6,0.9118,4.1634,0.7581,86.15,45,7.3,260
51597,130,2014,7,1.1276,3.7434,0.7186,88.94,37,7.3,199
51597,131,2014,8,0.9176,4.3995,0.751,85.99,58,7.3,307
51597,132,2014,9,1.4506,4.5963,0.8419,74.85,44,7.3,163
51597,133,2014,10,351.3662,5.1282,0.8547,56.81,64,838.82,213
51597,134,2014,11,372.1497,5.9966,0.8609,8.42,125,910.76,273
51597,135,2014,12,1.2777,4.5111,0.7993,84.35,50,10.97,230
51597,136,2014,13,0.9367,4.6209,0.8146,84.1,51,7.34,195
51597,137,2014,14,1.0876,4.7907,0.811,84.87,60,8.35,238
51597,138,2014,15,1.7902,5.3303,0.8611,78.53,73,8.5,191
51597,139,2014,16,161.8836,4.9636,0.8019,65.73,73,399.67,213
51597,140,2014,17,108.6538,5.1063,0.8479,77.36,65,399.12,212
51597,141,2014,18,0.3684,3.8585,0.7353,96.49,38,1.28,228
51597,142,2014,19,0.9061,3.8208,0.677,94.27,50,6.24,227
51597,143,2014,20,34.9563,4.2838,0.7895,87.65,43,220.55,162
51597,144,2014,21,13.9019,4.5823,0.8161,0.0,49,407.34,103
51597,145,2014,22,2.5783,4.1447,0.7898,0.0,38,402.41,122
51597,146,2014,23,2.4128,3.7463,0.7427,0.0,33,402.42,117
51597,147,2014,24,15.988,4.6112,0.8089,0.0,52,422.53,158
51597,148,2014,25,26.133,4.8364,0.7813,0.0,73,413.41,193
51597,149,2014,26,16.2363,5.0492,0.848,0.0,62,413.47,133
51597,150,2014,27,16.1146,4.9784,0.8329,0.0,63,413.56,154
51597,151,2014,28,17.4785,4.5279,0.8344,0.0,43,413.73,106
51597,152,2014,29,2.3983,3.3189,0.7239,0.0,24,403.93,141
51597,153,2014,30,25.1725,3.9348,0.6806,0.0,55,408.54,192
51597,154,2014,31,85.4484,4.0762,0.7825,0.0,37,406.6,133
51597,155,2014,32,16.5944,4.3437,0.7324,0.0,61,453.65,177
51597,156,2014,33,203.9406,5.9981,0.8933,16.07,105,658.35,168
51597,157,2014,34,93.7372,4.8351,0.8185,80.28,60,972.47,213
51597,158,2014,35,0.4448,4.5156,0.8322,96.03,43,1.72,151
51597,159,2014,36,1.1036,4.0654,0.7279,89.71,48,12.11,204
51597,160,2014,37,3.694,2.75,0.9796,87.5,7,11.22,8
51675,7,2011,40,0.3736,1.9514,0.6505,100.0,8,0.73,762
51675,8,2011,41,396.5975,2.5556,0.5261,68.78,29,883.37,2095
51675,9,2011,42,237.774,2.1785,0.5887,1.86,13,884.17,1828
51675,10,2011,43,0.2164,1.8365,0.7909,100.0,5,0.54,1938
51675,11,2011,44,0.3536,1.8348,0.6536,86.06,7,1.3,1578
51675,12,2011,45,0.2786,2.0733,0.6911,100.0,8,0.63,1845
51675,13,2011,46,0.2617,1.9886,0.8565,100.0,5,0.73,2066
51675,14,2011,47,0.1774,1.4311,0.5536,100.0,6,0.74,2036
51675,15,2011,48,0.2965,1.3951,0.6976,100.0,4,0.54,1649
51675,16,2011,49,0.3281,2.1318,0.6725,100.0,9,0.73,1271
51675,17,2011,50,309.7872,2.2962,0.6912,83.47,10,881.37,1228
51675,18,2011,51,6.4268,2.4026,0.5762,0.0,18,884.21,1244
51675,19,2011,52,3.3118,2.2883,0.7219,0.0,9,884.19,1887
51675,20,2012,1,7.0676,2.6399,0.7364,0.0,12,884.33,851
51675,21,2012,2,45.388,3.0483,0.6485,0.0,26,884.34,2163
51675,22,2012,3,1.2976,2.1313,0.7104,95.11,8,6.16,962
51675,23,2012,4,0.2479,1.6754,0.6481,100.0,6,0.64,1147
51675,24,2012,5,0.2645,2.6921,0.7509,100.0,12,0.74,1773
51675,25,2012,6,0.2111,2.3492,0.7831,100.0,8,0.53,1791
51675,26,2012,7,0.3033,1.8016,0.7759,100.0,5,0.53,1819
51675,27,2012,8,0.192,1.6208,0.627,100.0,6,0.74,1469
51675,28,2012,9,0.1309,1.4361,0.9061,100.0,3,0.53,280
51675,29,2012,10,200.0631,1.6072,0.5357,0.0,8,884.29,448
51675,30,2012,11,157.7594,2.5728,0.6432,2.32,16,884.29,1769
51675,31,2012,12,0.2726,1.4482,0.9137,100.0,3,0.73,731
51675,32,2012,13,5.6168,1.9592,0.5663,99.0,11,116.79,2211
51675,33,2012,14,0.345,0.9128,0.3251,100.0,7,1.03,1629
51675,34,2012,15,0.2746,2.5353,0.8451,100.0,8,0.73,1845
51675,35,2012,16,0.3971,2.4568,0.8189,100.0,8,1.03,844
51675,36,2012,17,0.4746,2.5494,0.9862,100.0,6,0.92,1863
51675,37,2012,18,0.3352,1.8767,0.4929,99.82,14,1.07,565
51675,38,2012,19,347.0025,4.9383,0.8992,8.97,45,884.09,78
51675,39,2012,20,2.6145,3.5514,0.7469,0.0,27,884.16,145
51675,40,2012,21,2.3617,2.8384,0.7265,0.0,15,884.16,108
51675,41,2012,22,400.0671,3.7086,0.8581,0.0,20,1381.79,76
51675,42,2012,23,482.7279,6.1158,0.9072,0.0,107,1765.13,188
51675,43,2012,24,2.3275,3.3661,0.7924,0.0,19,884.23,94
51675,44,2012,25,1.9893,2.7692,0.7483,0.0,13,884.11,88
51675,45,2012,26,12.1489,3.1517,0.6787,0.0,25,884.11,106
51675,46,2012,27,2.209,3.0398,0.7984,0.0,14,884.27,92
51675,48,2012,29,0.0034,0.0,0.0,100.0,1,0.23,2
51675,49,2012,30,1.5577,2.3699,0.7476,0.0,9,884.2,31
51675,50,2012,31,8.7221,2.7966,0.9322,0.0,8,884.41,21
51675,51,2012,32,1.9916,3.4551,0.8453,0.0,17,884.41,74
51675,52,2012,33,0.3032,1.4183,0.7091,100.0,4,0.72,12
51675,53,2012,34,70.4935,3.1755,0.7615,98.43,18,976.62,191
51675,54,2012,35,0.3175,3.1934,0.7658,98.85,18,1.59,87
51675,55,2012,36,0.3805,3.0068,0.7211,98.81,18,1.59,84
51675,56,2012,37,0.2293,1.9749,0.9875,100.0,4,0.71,9
51675,57,2012,38,0.3699,3.7228,0.9108,95.83,17,1.29,48
51675,58,2012,39,0.0151,1.0,1.0,100.0,2,0.49,4
51675,59,2012,40,0.0,0.0,0.0,100.0,1,0.48,3
51675,60,2012,41,311.8723,3.3652,0.7439,14.71,23,884.34,68
51675,61,2012,42,231.5166,4.4857,0.7448,3.17,65,884.34,284
51675,62,2012,43,0.244,1.7364,0.7478,100.0,5,0.75,21
51675,64,2012,45,0.4356,3.5338,0.7351,96.6,28,3.5,235
51675,65,2012,46,0.4881,3.3648,0.7785,97.95,20,3.5,146
51675,66,2012,47,1.3823,3.0477,0.881,76.67,11,3.49,30
51675,67,2012,48,0.4201,3.3033,0.7643,96.55,20,2.79,145
51675,68,2012,49,2.078,3.1931,0.8173,74.55,15,5.23,55
51675,69,2012,50,140.6456,3.4178,0.736,0.0,25,886.12,81
51675,70,2012,51,1.6782,2.9073,0.7268,0.0,16,884.17,74
51675,71,2012,52,3.7645,2.3222,0.7326,0.0,9,884.28,22
51675,72,2013,1,4.1848,3.7579,0.8427,0.0,22,886.2,66
51675,73,2013,2,47.0016,3.3125,0.87,64.52,14,141.34,31
51675,74,2013,3,0.345,2.9704,0.6873,98.15,20,1.72,162
51675,75,2013,4,0.4748,3.3981,0.6859,98.84,31,4.77,344
51675,76,2013,5,0.3822,3.1284,0.6823,98.21,24,3.24,279
51675,77,2013,6,0.271,3.2325,0.6588,99.71,30,0.95,339
51675,78,2013,7,0.2948,2.8244,0.616,100.0,24,1.06,362
51675,79,2013,8,0.6629,3.0688,0.6383,97.95,28,5.04,292
51675,80,2013,9,0.2902,2.9584,0.6371,100.0,25,0.79,258
51675,81,2013,10,262.2315,3.2663,0.642,84.47,34,886.22,264
51675,82,2013,11,52.3155,2.9536,0.5109,0.0,55,886.21,308
51675,83,2013,12,65.9983,3.4953,0.7055,96.02,31,665.1,201
51675,84,2013,13,0.949,3.2566,0.6349,95.25,35,7.78,295
51675,85,2013,14,0.4577,2.8222,0.5697,95.15,31,2.92,268
51675,86,2013,15,0.2904,2.9557,0.6084,95.96,29,1.16,322
51675,87,2013,16,0.2796,2.8486,0.5991,99.49,27,1.32,390
51675,88,2013,17,0.3071,2.8313,0.577,99.12,30,1.08,340
51675,89,2013,18,0.2785,2.7493,0.592,99.68,25,1.08,317
51675,90,2013,19,391.1949,3.2509,0.6445,41.61,33,884.29,161
51675,91,2013,20,3.5747,2.8867,0.5584,0.0,36,884.31,184
51675,92,2013,21,1.5305,2.7152,0.7132,0.0,14,884.34,202
51675,93,2013,22,2.5618,2.8669,0.753,0.0,14,886.14,74
51675,94,2013,23,2.0586,2.943,0.6809,0.0,20,884.38,163
51675,95,2013,24,19.0792,3.02,0.5437,0.0,47,884.38,306
51675,96,2013,25,2.0493,2.4604,0.5234,0.0,26,884.37,176
51675,97,2013,26,93.5598,3.6066,0.6646,0.0,43,1218.13,203
51675,98,2013,27,52.2863,3.5896,0.6745,0.0,40,1033.55,261
51675,99,2013,28,11.7039,3.1834,0.57,0.0,48,884.47,375
51675,100,2013,29,4.1561,3.8328,0.6172,0.0,74,884.45,333
51675,101,2013,30,27.8061,3.7791,0.6424,0.0,59,884.43,287
51675,102,2013,31,3.0121,3.0469,0.6094,0.0,32,884.47,198
51675,103,2013,32,120.27,3.2308,0.6113,0.0,39,884.5,299
51675,104,2013,33,3.1081,3.017,0.5981,0.0,33,884.5,280
51675,105,2013,34,3.1896,3.5354,0.6949,0.0,34,884.51,117
51675,106,2013,35,3.7926,2.4309,0.4862,0.0,32,884.42,212
51675,107,2013,36,0.9252,1.0253,0.3966,0.0,6,884.26,36
51722,7,2011,40,0.1618,1.9183,0.9591,100.0,4,0.54,6
51722,8,2011,41,385.7129,2.7219,0.9696,60.0,7,962.37,10
51722,9,2011,42,0.0,0.0,0.0,0.0,1,962.42,2
51722,10,2011,43,0.1836,1.4355,0.9057,100.0,3,0.55,9
51722,11,2011,44,0.2436,1.6645,0.8322,85.71,4,1.12,7
51722,12,2011,45,0.3514,2.5822,0.4702,91.83,45,5.0,2276
51722,13,2011,46,0.2193,2.5491,0.4669,95.77,44,1.05,2224
51722,14,2011,47,465.2492,3.1733,0.5269,23.85,65,968.32,2390
51722,15,2011,48,49.1257,3.2083,0.5842,85.21,45,947.27,1711
51722,16,2011,49,0.2281,2.6817,0.5928,96.83,23,0.96,821
51722,17,2011,50,503.5536,3.3723,0.5916,24.76,52,1015.32,1240
51722,18,2011,51,6.819,2.6467,0.5043,0.0,38,965.1,988
51722,19,2011,52,50.1215,2.8385,0.6365,0.0,22,967.98,773
51722,20,2012,1,472.0568,3.1528,0.5965,0.0,39,963.86,1237
51722,21,2012,2,351.4527,5.0714,0.6909,1.15,162,1138.11,3055
51722,22,2012,3,0.1032,1.0756,0.3585,100.0,8,0.74,540
51722,23,2012,4,11.3982,2.072,0.404,97.07,35,434.54,1467
51722,24,2012,5,0.4473,3.2745,0.6741,94.08,29,7.03,946
51722,25,2012,6,0.1482,0.891,0.297,96.71,8,0.9,243
51722,26,2012,7,0.2642,2.9591,0.8254,100.0,12,0.73,62
51722,28,2012,9,0.8602,1.4799,0.3788,83.4,15,3.18,741
51722,29,2012,10,0.2478,2.259,0.4806,100.0,26,0.73,1480
51722,30,2012,11,1348.1832,3.7905,0.6067,14.46,76,3103.77,1528
51722,31,2012,12,0.7841,3.2015,0.5976,91.75,41,4.42,2169
51722,32,2012,13,0.2582,3.0424,0.6472,95.33,26,0.9,750
51722,34,2012,15,0.2175,1.9386,0.75,100.0,6,0.74,869
51722,35,2012,16,0.2887,2.4526,0.7737,86.29,9,0.91,1802
51722,36,2012,17,0.2353,2.4752,0.7451,84.62,10,0.91,1541
51722,37,2012,18,0.2135,1.352,0.676,100.0,4,0.74,13
51722,38,2012,19,0.8428,2.1001,0.6625,95.24,9,5.26,63
51722,39,2012,20,13.0135,4.7516,0.8554,74.66,47,57.25,146
51722,40,2012,21,370.279,5.5553,0.8667,5.45,85,974.21,275
51722,41,2012,22,9.5756,4.8048,0.7787,0.0,72,970.41,252
51722,42,2012,23,59.7196,7.0171,0.9096,0.0,210,1020.21,389
51722,43,2012,24,10.8438,4.185,0.7206,0.0,56,1029.29,251
51722,44,2012,25,24.0914,5.3463,0.8195,0.0,92,1029.2,255
51722,45,2012,26,51.8582,5.4897,0.876,0.0,77,1017.26,151
51722,46,2012,27,24.6199,5.3471,0.8507,0.0,78,1030.24,203
51722,47,2012,28,20.4581,2.8419,0.6198,0.0,24,1023.06,126
51722,48,2012,29,511.3839,6.0724,0.8378,0.29,152,966.12,342
51722,49,2012,30,354.886,4.9888,0.7315,1.08,113,1027.43,370
51722,50,2012,31,33.6984,3.6944,0.704,0.0,38,1030.3,203
51722,51,2012,32,13.3155,4.0838,0.6619,0.0,72,982.67,458
51722,52,2012,33,286.507,4.972,0.8903,45.65,48,962.97,92
51722,53,2012,34,6.3682,3.4891,0.7513,79.69,25,43.75,192
51722,54,2012,35,0.5241,3.2845,0.8407,88.78,15,1.68,98
51722,55,2012,36,1.4411,3.7925,0.8272,72.0,24,5.41,125
51722,56,2012,37,0.535,3.2075,0.821,89.77,15,1.57,88
51722,57,2012,38,0.9576,3.3083,0.8468,75.44,15,3.76,114
51722,58,2012,39,0.7987,3.6954,0.8413,78.18,21,3.76,110
51722,59,2012,40,50.6151,4.3211,0.7345,70.62,59,117.76,354
51722,60,2012,41,143.1745,3.6526,0.6774,85.19,42,593.73,297
51722,61,2012,42,391.4418,5.1681,0.7779,45.68,100,881.1,440
51722,62,2012,43,506.7792,5.3733,0.86,33.73,76,1217.33,166
51722,63,2012,44,93.1908,3.8615,0.6564,83.23,59,481.5,471
51722,64,2012,45,0.7656,3.4065,0.6445,90.91,39,3.61,418
51722,65,2012,46,0.4427,2.7947,0.6466,93.93,20,1.48,247
51722,66,2012,47,481.7103,4.6442,0.7227,23.6,86,985.9,411
51722,67,2012,48,0.8223,3.2075,0.7193,82.61,22,9.12,230
51722,68,2012,49,0.4796,3.269,0.7227,92.02,23,2.56,213
51722,69,2012,50,481.1126,3.5557,0.7049,52.36,33,977.32,212
51722,70,2012,51,3.688,3.1873,0.6214,0.0,35,968.27,254
51722,71,2012,52,56.0199,4.2469,0.6797,0.0,76,969.68,326
51722,72,2013,1,654.9302,3.4727,0.6063,0.0,53,1852.37,465
51722,73,2013,2,862.1393,6.1826,0.9065,6.77,113,1851.74,251
51722,74,2013,3,0.6594,3.7921,0.6719,93.84,50,5.77,731
51722,75,2013,4,0.1869,2.1783,0.6557,100.0,10,0.73,55
51722,85,2013,14,0.0,0.0,0.0,100.0,1,0.58,8
51722,86,2013,15,0.3389,0.971,0.971,60.0,2,1.08,5
51722,87,2013,16,0.4345,2.3522,0.91,37.5,6,1.33,16
51722,88,2013,17,0.4934,1.5,0.9464,75.0,3,1.33,4
51722,89,2013,18,0.2912,0.9183,0.9183,100.0,2,0.61,3
51722,90,2013,19,0.0,0.0,0.0,100.0,1,0.56,2
51722,92,2013,21,0.3572,0.971,0.971,0.0,2,3066.7,5
51722,93,2013,22,2010.1077,1.8424,0.9212,0.0,4,3066.7,7
51722,94,2013,23,0.5072,1.7322,0.8661,0.0,4,962.98,17
51722,95,2013,24,0.7763,1.4488,0.9141,0.0,3,962.97,7
51722,96,2013,25,0.6036,1.8424,0.9212,0.0,4,962.95,7
51722,98,2013,27,0.3507,0.5917,0.5917,0.0,2,962.94,7
51722,99,2013,28,0.0,0.0,0.0,0.0,1,962.32,3
51722,100,2013,29,0.6137,1.1488,0.7248,0.0,3,962.95,7
51722,101,2013,30,0.4453,1.371,0.865,0.0,3,951.45,5
51722,103,2013,32,1.5682,1.5,0.9464,0.0,3,962.36,4
51722,104,2013,33,0.397,0.9219,0.5817,0.0,3,962.95,10
51722,106,2013,35,0.0,0.0,0.0,100.0,1,0.54,12
51722,107,2013,36,0.2629,2.6577,0.8859,94.44,8,0.88,18
51722,108,2013,37,40.5074,5.5258,0.8791,72.09,78,152.73,172
51722,109,2013,38,0.3674,4.1703,0.8771,96.3,27,1.12,54
51722,110,2013,39,0.0,0.0,0.0,100.0,1,0.55,3
51722,111,2013,40,646.9543,4.939,0.9791,12.82,33,1395.82,39
51722,112,2013,41,123.3854,6.1505,0.9571,17.6,86,276.72,125
51722,113,2013,42,1.0915,4.8901,0.9069,73.96,42,5.96,96
51722,114,2013,43,302.6523,6.9555,0.9547,1.92,156,1257.93,208
51722,115,2013,44,0.4573,4.5686,0.9311,95.45,30,0.92,66
51722,116,2013,45,0.9259,2.75,0.9796,87.5,7,2.7,8
51722,118,2013,47,0.0,0.0,0.0,100.0,1,0.25,2
51722,119,2013,48,361.4642,5.8424,0.8956,4.23,92,986.76,142
51722,120,2013,49,2.0282,5.1316,0.9047,69.79,51,9.47,96
51722,121,2013,50,0.4686,4.7309,0.9015,95.96,38,1.31,99
51722,122,2013,51,447.1395,5.5224,0.8922,24.62,73,966.13,130
51722,123,2013,52,60.1109,5.4878,0.9146,0.0,64,1033.1,104
51722,124,2014,1,304.6171,4.0384,0.7873,2.33,35,966.27,86
51722,125,2014,2,333.0587,7.1536,0.9819,1.6,156,1443.68,188
51722,126,2014,3,0.4209,3.7559,0.7731,90.62,29,1.39,96
51722,127,2014,4,33.6969,2.6938,0.7514,84.21,12,125.06,38
51722,128,2014,5,265.5474,4.992,0.9038,0.0,46,982.29,94
52067,7,2011,40,0.7797,2.0538,0.7316,74.75,7,2.78,1402
52067,8,2011,41,66.3186,2.2526,0.5051,67.58,22,211.57,1752
52067,9,2011,42,53.9767,2.1074,0.6648,23.3,9,211.37,2300
52067,10,2011,43,1.7951,1.8242,0.5491,78.3,10,6.45,2111
52067,11,2011,44,42.1186,2.1474,0.6464,86.13,10,124.56,2105
52067,12,2011,45,65.9172,2.4727,0.8808,58.73,7,141.83,1941
52067,13,2011,46,68.5977,2.3364,0.7788,35.91,8,141.83,2108
52067,14,2011,47,55.7097,2.1606,0.7202,19.39,8,141.83,1501
52067,15,2011,48,69.0495,2.1389,0.7619,61.06,7,141.83,1487
52067,16,2011,49,50.4393,1.8332,0.6111,85.13,8,141.83,1681
52067,17,2011,50,63.3671,2.778,0.654,45.93,19,141.83,2040
52067,18,2011,51,4.2089,1.1325,0.306,0.0,13,149.69,1752
52067,19,2011,52,2.2843,0.8742,0.3382,0.0,6,139.61,2006
52067,20,2012,1,7.5539,1.9463,0.526,0.0,13,127.73,1188
52067,21,2012,2,6.0732,1.0128,0.4362,0.0,5,126.05,1844
52067,22,2012,3,48.889,2.6927,0.8106,64.06,10,129.92,2062
52067,23,2012,4,0.7683,2.094,0.698,91.17,8,2.85,2220
52067,24,2012,5,0.5111,1.582,0.4413,95.39,12,5.06,2167
52067,25,2012,6,1.644,2.1531,0.6792,90.07,9,8.17,2195
52067,26,2012,7,59.1278,1.6269,0.7007,67.45,5,126.24,2387
52067,27,2012,8,16.848,1.8855,0.6285,87.21,8,126.24,2424
52067,28,2012,9,0.2189,1.4647,0.7324,100.0,4,0.73,2658
52067,29,2012,10,57.6805,2.464,0.8213,65.03,8,127.72,2405
52067,30,2012,11,5.5217,1.685,0.7257,0.0,5,135.38,2447
52067,31,2012,12,132.5798,2.0625,0.7979,46.77,6,267.99,1285
52067,32,2012,13,112.9602,1.8178,0.7032,76.42,6,266.42,1607
52067,33,2012,14,62.7509,2.0364,0.7254,49.67,7,126.07,1824
52067,34,2012,15,48.8784,1.9705,0.7623,64.12,6,126.07,2291
52067,35,2012,16,0.4459,1.8216,0.7845,91.94,5,1.53,1924
52067,36,2012,17,0.1468,1.4212,0.8967,100.0,3,0.39,1500
52067,37,2012,18,0.0529,1.169,0.5845,100.0,4,0.39,1765
52067,38,2012,19,57.1565,3.0612,0.6677,66.67,24,143.32,126
52067,39,2012,20,2.1506,1.4228,0.3969,0.0,12,130.84,96
52067,40,2012,21,4.9607,2.4015,0.5385,0.0,22,137.05,158
52067,41,2012,22,7.1529,2.9102,0.6734,0.0,20,130.08,173
52067,42,2012,23,3.9206,1.1628,0.3361,0.0,11,139.4,147
52067,43,2012,24,4.0393,2.2085,0.5521,0.0,16,134.81,118
52067,44,2012,25,1.4432,1.7454,0.4869,0.0,12,131.29,126
52067,45,2012,26,50.6996,2.4979,0.588,0.0,19,132.65,143
52067,46,2012,27,72.1906,2.2385,0.6471,0.0,11,271.37,71
52067,47,2012,28,30.9699,2.2111,0.5034,0.0,21,127.85,177
52067,48,2012,29,67.2612,2.5558,0.5913,0.0,20,136.63,157
52067,49,2012,30,10.0893,3.7243,0.6822,0.0,44,130.45,171
52067,50,2012,31,0.997,1.428,0.5524,0.0,6,126.03,99
52067,51,2012,32,3.3232,2.8633,0.6867,0.0,18,132.87,81
52067,52,2012,33,60.7888,4.4454,0.8244,38.53,42,139.1,109
52067,53,2012,34,0.8337,2.2396,0.6052,82.8,13,5.07,186
52067,54,2012,35,0.5859,2.7681,0.7085,87.97,15,1.65,158
52067,55,2012,36,0.9751,2.8222,0.6644,77.7,19,5.15,148
52067,56,2012,37,0.6368,2.178,0.6075,90.99,12,1.72,111
52067,57,2012,38,0.4401,2.1614,0.6248,91.14,11,1.7,158
52067,58,2012,39,0.7597,2.8714,0.6439,90.99,22,5.0,222
52067,59,2012,40,33.9222,3.3463,0.6693,74.53,32,127.86,212
52067,60,2012,41,0.455,2.7307,0.7172,91.35,14,1.55,104
52067,61,2012,42,828.702,4.0527,0.8105,27.27,32,6937.58,77
52067,62,2012,43,10.8934,3.2524,0.6341,88.35,35,57.31,455
52067,63,2012,44,0.4868,2.5063,0.59,93.77,19,2.72,305
52067,64,2012,45,0.9022,2.5924,0.5731,85.03,23,5.09,374
52067,65,2012,46,1.2116,2.7316,0.5682,90.32,28,7.83,465
52067,66,2012,47,59.7941,4.0877,0.6604,31.14,73,135.41,395
52067,67,2012,48,16.7464,3.1592,0.6263,81.85,33,128.45,584
52067,68,2012,49,0.8011,2.7173,0.5715,88.11,27,5.15,286
52067,69,2012,50,52.0578,3.3223,0.6331,78.57,38,137.22,350
52067,70,2012,51,50.079,4.5126,0.6654,0.0,110,244.39,397
52067,71,2012,52,5.5557,2.2551,0.4743,0.0,27,137.08,195
52067,72,2013,1,640.7839,5.3225,0.779,0.0,114,1856.53,457
52067,73,2013,2,838.1767,5.112,0.7388,1.77,121,1857.4,339
52067,74,2013,3,21.1998,2.4379,0.4968,89.43,30,135.08,454
52067,75,2013,4,22.362,2.9722,0.64,85.52,25,126.05,221
52067,76,2013,5,0.5586,2.2749,0.5823,95.04,15,2.74,403
52067,77,2013,6,0.7462,3.0022,0.5952,87.35,33,6.39,514
52067,78,2013,7,34.8925,3.1981,0.6583,83.24,29,126.06,519
52067,79,2013,8,11.9413,3.1233,0.6139,89.87,34,126.06,474
52067,80,2013,9,22.8795,2.8083,0.5475,82.66,35,125.99,467
52067,81,2013,10,95.63,3.4435,0.5956,74.05,55,605.78,420
52067,82,2013,11,281.7392,3.5826,0.6562,27.18,44,613.25,379
52067,83,2013,12,0.4669,2.3014,0.5325,96.65,20,1.75,538
52067,84,2013,13,60.8191,3.1626,0.6026,56.32,38,131.71,364
52067,85,2013,14,39.2516,4.6314,0.8433,62.91,45,125.97,275
52067,86,2013,15,0.718,3.2364,0.8284,82.44,15,1.83,205
52067,87,2013,16,0.6304,3.3049,0.6875,92.94,28,1.83,340
52067,88,2013,17,0.7013,2.796,0.6582,94.82,19,2.89,328
52067,89,2013,18,0.8556,2.2857,0.5481,95.05,18,4.94,404
52067,90,2013,19,46.0189,2.822,0.6328,82.19,22,126.0,365
52067,91,2013,20,6.1225,1.8494,0.3807,0.0,29,153.21,282
52067,92,2013,21,6.0925,1.8051,0.384,0.0,26,142.91,392
52067,93,2013,22,3.0055,2.3726,0.4935,0.0,28,138.37,366
52067,94,2013,23,1.4207,1.0547,0.285,0.0,13,135.09,332
52067,95,2013,24,22.2532,1.0971,0.246,1.65,22,136.33,364
52067,96,2013,25,5.5956,1.3071,0.3433,0.0,14,135.59,342
52067,97,2013,26,16.6899,3.5429,0.5288,0.0,104,142.96,475
52067,98,2013,27,59.3259,3.061,0.6592,0.0,25,127.51,281
52067,99,2013,28,46.3035,2.2024,0.4329,0.0,34,134.68,363
52067,100,2013,29,56.3044,3.5512,0.62,0.0,53,127.04,428
52067,101,2013,30,4.221,1.3466,0.2865,0.0,26,146.54,341
52067,102,2013,31,12.4196,1.7595,0.37,0.0,27,176.89,329
52067,103,2013,32,16.8574,1.6253,0.4063,0.0,16,194.51,274
52067,104,2013,33,31.3838,1.6499,0.333,0.0,31,138.3,315
52067,105,2013,34,41.4489,4.2439,0.803,40.88,39,128.52,340
52067,106,2013,35,0.9816,4.1167,0.7963,60.33,36,3.17,426
52067,107,2013,36,51.2241,3.2383,0.7623,58.65,19,215.68,266
52067,136,2014,13,0.8275,3.6619,0.6835,61.78,41,3.8,225
52067,138,2014,15,1.2896,3.0531,0.6052,85.71,33,8.79,140
52067,139,2014,16,55.8374,4.9412,0.7709,45.98,85,144.53,311
52067,140,2014,17,29.7423,4.2092,0.7806,64.26,42,126.14,235
52067,141,2014,18,1.529,4.2209,0.6585,60.22,85,6.65,362
52067,142,2014,19,61.8758,3.0571,0.7331,31.03,18,126.14,87
52067,143,2014,20,77.3767,4.3477,0.7302,2.96,62,127.45,270
52385,8,2011,41,0.8531,1.4868,0.938,0.0,3,147.5,442
52385,9,2011,42,59.0064,2.3406,0.3859,15.62,67,268.4,1664
52385,10,2011,43,0.3857,2.6177,0.5189,97.77,33,6.04,2195
52385,11,2011,44,16.4385,3.1033,0.5831,88.66,40,60.04,2310
52385,12,2011,45,0.209,2.792,0.5178,99.87,42,1.37,2249
52385,13,2011,46,0.2701,2.8409,0.5413,99.19,38,4.21,2218
52385,14,2011,47,57.7249,3.6416,0.5638,14.46,88,268.4,1515
52385,15,2011,48,0.329,2.3792,0.4307,99.38,46,2.97,1948
52385,16,2011,49,0.2903,2.838,0.5297,100.0,41,0.76,1392
52385,17,2011,50,69.7262,3.0189,0.5153,64.44,58,149.08,1769
52385,18,2011,51,1.5766,1.6795,0.3532,0.0,27,149.02,2134
52385,19,2011,52,38.0981,3.1798,0.5452,0.0,57,1035.65,1406
52385,20,2012,1,33.1792,3.1285,0.4935,0.0,81,833.17,2458
52385,21,2012,2,111.1397,2.6826,0.3884,0.0,120,1560.48,2298
52385,22,2012,3,0.3241,2.0317,0.3961,98.96,35,6.74,2121
52385,23,2012,4,0.2858,1.5379,0.4629,99.91,10,1.13,1099
52385,24,2012,5,0.2941,1.185,0.3305,99.22,12,1.56,2044
52385,25,2012,6,34.1082,1.9845,0.3839,84.27,36,119.61,2181
52385,26,2012,7,0.4314,1.2604,0.4201,97.43,8,2.86,1204
52385,27,2012,8,0.2641,1.0462,0.5231,99.85,4,1.12,649
52385,28,2012,9,0.3104,0.4662,0.2331,100.0,4,0.74,1212
52385,29,2012,10,50.0118,1.925,0.7447,96.08,6,654.3,1020
52385,30,2012,11,202.409,1.8072,0.4747,10.31,14,669.73,1367
52385,31,2012,12,3.8654,0.8005,0.2314,93.12,11,132.45,1264
52385,32,2012,13,0.2176,0.8316,0.4158,100.0,4,0.75,782
52385,33,2012,14,60.8964,1.92,0.6839,78.17,7,148.92,1278
52385,34,2012,15,50.7888,2.1545,0.6228,84.67,11,152.57,1207
52385,37,2012,18,0.0,0.0,0.0,100.0,1,0.29,2
52385,38,2012,19,208.2195,2.2753,0.7178,75.56,9,489.49,495
52385,39,2012,20,0.7895,1.3305,0.573,96.76,5,4.74,1850
52385,40,2012,21,392.6573,2.6156,0.6539,19.8,16,850.92,2101
52385,41,2012,22,50.8965,3.065,0.5799,0.17,39,159.42,1732
52385,42,2012,23,1.5645,1.3126,0.273,0.0,28,154.42,1878
52385,43,2012,24,50.0717,2.371,0.5486,0.0,20,251.08,1118
52385,44,2012,25,2.1197,2.247,0.4839,0.0,25,155.95,1355
52385,45,2012,26,1.3496,1.6134,0.3798,0.0,19,153.26,2034
52385,46,2012,27,5.0322,3.1859,0.67,0.0,27,166.22,1889
52385,47,2012,28,67.7179,3.0419,0.6821,0.0,22,149.1,1523
52385,48,2012,29,1.8083,1.5243,0.3282,0.0,25,159.07,1161
52385,49,2012,30,6.6909,2.1982,0.5774,0.0,14,154.48,2010
52385,50,2012,31,513.5224,3.3758,0.5715,0.0,60,1270.77,1932
52385,51,2012,32,519.7781,2.7496,0.6078,0.0,23,1253.92,656
52385,52,2012,33,68.4339,1.088,0.3876,29.99,7,146.81,737
52385,55,2012,36,0.5141,3.3205,0.8124,87.1,17,1.59,93
52385,56,2012,37,0.4969,3.7221,0.8228,96.45,23,2.42,141
52385,57,2012,38,2.6243,3.6058,0.7583,92.41,27,22.16,158
52385,58,2012,39,0.4326,3.3374,0.8165,97.39,17,2.25,115
52385,62,2012,43,0.0017,0.0,0.0,100.0,1,0.32,3
52385,63,2012,44,0.6083,2.7581,0.8701,100.0,9,1.0,51
52385,64,2012,45,71.053,3.7306,0.7273,62.32,35,160.88,345
52385,65,2012,46,1.0604,3.4289,0.7384,92.42,25,4.84,264
52385,66,2012,47,62.6364,4.3931,0.7784,19.57,50,159.64,276
52385,67,2012,48,0.8772,2.6082,0.7048,96.84,13,4.64,95
52385,68,2012,49,0.4602,3.6057,0.8343,96.23,20,1.57,106
52385,69,2012,50,64.9687,3.8765,0.8064,45.26,28,140.06,137
52385,70,2012,51,71.4316,3.8176,0.7706,0.0,31,150.51,208
52385,71,2012,52,2.6404,2.7356,0.7631,0.0,12,154.4,159
52385,72,2013,1,922.5864,3.2116,0.7702,0.0,18,1835.07,241
52385,73,2013,2,736.6709,3.4132,0.7262,0.0,26,1853.91,276
52385,74,2013,3,1.627,1.4888,0.5303,83.64,7,4.4,110
52385,75,2013,4,0.2198,1.2802,0.4267,100.0,8,0.81,171
52385,76,2013,5,0.3118,1.7413,0.6736,100.0,6,0.89,191
52385,77,2013,6,0.4058,1.8022,0.6419,97.77,7,2.33,179
52385,78,2013,7,1.0765,2.1753,0.6548,95.71,10,6.39,163
52385,79,2013,8,39.0061,2.9803,0.7291,87.02,17,116.77,131
52385,80,2013,9,0.488,2.0369,0.6132,96.11,10,1.6,180
52385,81,2013,10,55.6028,2.4582,0.6146,71.25,16,150.34,240
52385,82,2013,11,401.2488,2.2988,0.5513,0.0,18,841.53,230
52385,83,2013,12,35.7923,2.3588,0.7101,94.23,10,152.97,156
52385,84,2013,13,757.214,3.6527,0.7866,55.19,25,1791.29,212
52385,85,2013,14,596.9932,2.8,0.781,46.53,12,1769.11,101
52385,86,2013,15,0.2529,1.0139,0.3611,98.96,7,1.16,193
52385,87,2013,16,80.9979,3.1616,0.6896,80.65,24,313.85,217
52385,88,2013,17,261.4034,2.8241,0.643,68.0,21,675.35,150
52385,89,2013,18,0.2012,0.949,0.5987,100.0,3,0.62,128
52385,90,2013,19,0.5433,1.5065,0.7533,100.0,4,0.89,161
52385,91,2013,20,12.9363,3.0157,0.8412,0.75,12,150.58,134
52385,92,2013,21,104.2377,3.2745,0.7708,0.0,19,271.61,311
52385,93,2013,22,10.2609,2.1182,0.5724,0.0,13,278.92,302
52385,94,2013,23,13.6966,2.442,0.7059,0.0,11,293.56,326
52385,95,2013,24,83.9003,3.2179,0.6846,0.0,26,272.95,456
52385,96,2013,25,10.0085,1.8689,0.4672,0.0,16,282.38,459
52385,97,2013,26,2.6786,0.6881,0.2964,0.0,5,283.04,84
52385,98,2013,27,25.7213,2.0283,0.6761,0.0,8,288.89,72
52385,99,2013,28,5.4055,2.1418,0.524,0.0,17,288.89,243
52385,100,2013,29,102.2372,3.1152,0.8182,0.0,14,271.95,206
52385,101,2013,30,209.9348,1.3411,0.447,0.0,8,1076.92,162
52385,102,2013,31,538.3338,3.2196,0.7877,0.0,17,1093.45,168
52385,103,2013,32,98.4587,2.752,0.6478,0.0,19,303.25,196
52385,104,2013,33,3.5943,3.0281,0.7953,0.0,14,158.29,201
52385,105,2013,34,74.1116,1.9713,0.6219,44.54,9,160.42,238
52385,108,2013,37,1.2814,4.4123,0.7943,71.52,47,4.95,151
52385,109,2013,38,0.5677,3.9362,0.7737,83.46,34,2.11,127
52385,110,2013,39,44.0278,5.2223,0.8492,58.72,71,116.69,172
52385,111,2013,40,63.9582,5.2185,0.8698,60.93,64,148.0,151
52385,112,2013,41,68.5357,5.6992,0.933,28.35,69,149.25,127
52385,113,2013,42,121.318,7.13,0.9363,26.83,196,616.66,328
52385,114,2013,43,574.428,4.8092,0.8658,0.0,47,1223.0,94
52385,115,2013,44,53.767,3.158,0.8294,57.38,14,131.36,61
52385,116,2013,45,13.0063,4.1613,0.9199,84.09,23,56.91,44
52385,117,2013,46,0.8497,4.8372,0.8757,70.18,46,3.03,114
52385,118,2013,47,0.6986,4.3733,0.8395,69.86,37,2.19,146
52385,119,2013,48,65.3782,5.6727,0.8898,19.87,83,166.23,151
52385,120,2013,49,58.2176,5.3816,0.881,58.55,69,212.91,152
52385,121,2013,50,1.3002,4.0823,0.8403,71.0,29,8.34,100
52385,122,2013,51,61.6418,4.6329,0.8295,57.84,48,149.35,102
52385,123,2013,52,3.8555,3.4253,0.6733,0.0,34,159.08,96
52385,124,2014,1,7.0199,4.5272,0.7545,0.0,64,163.67,149
52385,125,2014,2,56.5806,4.0643,0.8129,1.82,32,165.54,55
52385,126,2014,3,31.4648,4.4945,0.8283,71.84,43,116.49,103
52385,127,2014,4,1.2753,4.4149,0.8039,78.47,45,4.95,144
52385,128,2014,5,0.7218,2.8535,0.6071,93.29,26,4.64,149
52385,129,2014,6,0.3656,2.5415,0.6868,92.31,13,1.18,65
52385,130,2014,7,1.3948,5.3483,0.9054,72.22,60,4.59,108
52385,131,2014,8,0.4044,3.8756,0.8062,95.21,28,1.33,146
52385,132,2014,9,1.33,4.8964,0.8815,71.43,47,5.91,105
52385,133,2014,10,225.4849,4.7173,0.8402,72.17,49,855.64,115
52385,134,2014,11,125.9938,4.9691,0.8313,0.0,63,855.38,114
52385,135,2014,12,11.5119,3.6245,0.7185,87.86,33,120.1,140
52385,136,2014,13,92.8117,5.2591,0.8392,52.54,77,196.26,177
52385,137,2014,14,1.8424,4.4697,0.8517,85.85,38,11.66,106
52385,138,2014,15,316.3228,5.522,0.9071,26.72,68,675.07,131
52385,139,2014,16,0.0621,0.9544,0.9544,100.0,2,0.62,8
52441,7,2011,40,1.8676,2.9005,0.5971,81.95,29,4.74,1662
52441,8,2011,41,68.0168,3.0234,0.5761,56.29,38,146.19,2775
52441,9,2011,42,55.8818,2.6359,0.48,18.26,45,169.75,2821
52441,10,2011,43,0.1991,2.7536,0.6884,99.68,16,0.91,2511
52441,11,2011,44,62.8906,3.7053,0.5949,77.45,75,228.14,2461
52441,12,2011,45,0.2948,3.0201,0.6155,99.96,30,0.97,2646
52441,13,2011,46,0.6106,3.0577,0.6505,97.4,26,3.48,2496
52441,14,2011,47,66.9562,2.2998,0.6648,61.08,11,143.22,1277
52441,16,2011,49,0.0,0.0,0.0,100.0,1,0.24,2
52441,17,2011,50,67.4037,3.2178,0.7216,61.58,22,143.11,1153
52441,18,2011,51,675.7589,3.0808,0.6006,0.0,35,1649.18,1736
52441,19,2011,52,322.892,3.1052,0.6773,0.0,24,1544.69,524
52441,20,2012,1,24.0015,1.6445,0.3635,0.0,23,1724.01,1642
52441,21,2012,2,0.721,0.9666,0.9666,0.0,2,132.68,28
52441,22,2012,3,0.5328,2.5942,0.5586,88.97,25,5.6,1559
52441,23,2012,4,64.4312,2.7431,0.5836,37.24,26,142.45,1023
52441,24,2012,5,0.5674,1.156,0.3124,94.31,13,4.41,2303
52441,25,2012,6,0.3361,1.5555,0.5541,98.04,7,1.11,1941
52441,26,2012,7,0.7077,1.8953,0.4978,91.11,14,2.93,1462
52441,27,2012,8,0.4182,2.7414,0.6147,92.44,22,1.49,1588
52441,28,2012,9,0.3746,1.4573,0.4387,96.74,10,2.96,2210
52441,29,2012,10,60.8389,1.7966,0.5193,75.41,11,143.01,2159
52441,30,2012,11,83.9969,3.0011,0.6243,1.3,28,297.79,1542
52441,31,2012,12,59.8773,2.0801,0.5089,81.67,17,203.62,1189
52441,32,2012,13,12.1873,1.0079,0.336,95.1,8,121.31,1469
52441,33,2012,14,69.9211,2.8323,0.7439,57.04,14,141.9,1257
52441,34,2012,15,64.1463,2.7967,0.5882,68.61,27,141.91,1599
52441,35,2012,16,0.5893,2.1028,0.5043,92.34,18,5.19,1606
52441,36,2012,17,0.0,0.0,0.0,100.0,1,0.73,24
52441,38,2012,19,56.1756,3.8137,0.8318,30.38,24,143.34,79
52441,39,2012,20,8.4398,3.8244,0.6848,0.0,48,146.36,171
52441,40,2012,21,7.527,2.7564,0.5674,0.0,29,176.58,173
52441,41,2012,22,5.4879,2.6784,0.6006,0.0,22,157.53,141
52441,42,2012,23,4.386,3.1735,0.6921,0.0,24,169.13,117
52441,43,2012,24,264.3292,4.2257,0.6827,0.0,73,831.64,224
52441,44,2012,25,44.5036,3.6239,0.7065,0.0,35,1654.71,147
52441,45,2012,26,19.0874,4.1536,0.7563,0.0,45,161.26,155
52441,46,2012,27,11.6166,3.4295,0.6922,0.0,31,144.46,231
52441,47,2012,28,458.6925,2.6848,0.7052,0.0,14,1120.03,36
52441,48,2012,29,180.5702,4.7147,0.8192,0.0,54,1329.11,211
52441,49,2012,30,357.7541,4.2153,0.6649,0.0,81,1136.41,396
52441,50,2012,31,1.5192,1.9614,0.53,0.0,13,144.8,159
52441,51,2012,32,1.9719,2.6545,0.6494,0.0,17,146.27,153
52441,52,2012,33,52.3124,2.8035,0.6487,7.43,20,144.38,148
52441,53,2012,34,0.5238,3.4383,0.6758,94.04,34,1.75,319
52441,54,2012,35,0.5595,3.7876,0.7445,91.39,34,2.77,244
52441,55,2012,36,1.1655,3.0955,0.7423,93.41,18,5.43,91
52441,56,2012,37,943.1059,3.7768,0.7697,96.63,30,8947.02,178
52441,57,2012,38,0.4255,3.5829,0.7535,92.47,27,1.56,186
52441,58,2012,39,519.1286,5.1751,0.8692,53.53,62,1210.0,170
52441,59,2012,40,42.8455,3.9715,0.6901,86.04,54,142.34,308
52441,60,2012,41,149.8154,3.0829,0.5408,82.89,52,590.7,298
52441,61,2012,42,210.4353,3.3728,0.6943,69.7,29,593.68,99
52441,62,2012,43,0.0005,0.0,0.0,100.0,1,0.73,6
52441,63,2012,44,0.0005,0.0,0.0,100.0,1,0.74,6
52441,64,2012,45,0.0003,0.0,0.0,100.0,1,0.74,3
52441,65,2012,46,0.0,0.0,0.0,100.0,1,0.74,1
52441,67,2012,48,0.0,0.0,0.0,100.0,1,0.74,2
52441,68,2012,49,0.0,0.0,0.0,100.0,1,0.71,3
52441,74,2013,3,0.0,0.0,0.0,100.0,1,0.74,2
52441,79,2013,8,0.1765,1.0,1.0,100.0,2,0.73,2
52441,81,2013,10,0.0,0.0,0.0,100.0,1,0.72,2
52441,86,2013,15,0.0,0.0,0.0,100.0,1,0.57,1
52615,7,2011,40,0.3339,2.5011,0.6119,100.0,17,0.76,2014
52615,8,2011,41,0.4516,2.4043,0.6154,95.95,15,3.4,3011
52615,9,2011,42,58.2132,3.0935,0.7918,46.34,15,116.86,1873
52615,10,2011,43,0.2131,1.443,0.4552,98.54,9,0.91,2803
52615,11,2011,44,0.2847,1.8493,0.5567,97.15,10,0.91,3015
52615,12,2011,45,0.6731,2.0464,0.6821,99.34,8,7.45,3162
52615,13,2011,46,0.326,2.3359,0.5979,99.86,15,4.59,2950
52615,14,2011,47,514.9973,3.0855,0.7399,52.84,18,1037.57,2591
52615,15,2011,48,0.2244,2.1559,0.6014,100.0,12,0.74,2540
52615,16,2011,49,0.4078,2.4657,0.7127,100.0,11,0.85,2323
52615,17,2011,50,1920.3252,1.7923,0.6384,97.42,7,11437.07,1510
52615,21,2012,2,0.0011,0.0,0.0,0.0,1,140.08,15
52615,22,2012,3,0.1865,0.9602,0.3201,100.0,8,0.74,1410
52615,23,2012,4,0.0098,0.0987,0.0987,100.0,2,0.34,861
52615,24,2012,5,0.1599,0.93,0.2688,99.44,11,2.9,2336
52615,25,2012,6,0.2499,1.8259,0.6504,100.0,7,0.74,2827
52615,26,2012,7,0.1635,1.0023,0.5012,100.0,4,0.74,2665
52615,27,2012,8,50.6161,1.8135,0.5242,72.56,11,116.57,2668
52615,28,2012,9,0.3195,0.7447,0.4699,100.0,3,0.74,2674
52615,29,2012,10,933.796,1.379,0.4151,87.62,10,2937.12,2705
52615,30,2012,11,270.3506,3.6547,0.7184,0.0,34,3109.88,2721
52615,31,2012,12,19.9848,1.6712,0.5571,94.28,8,143.58,2535
52615,32,2012,13,0.1401,0.6291,0.6291,100.0,2,0.75,2712
52615,33,2012,14,167.6932,2.9428,0.7532,86.05,15,484.99,1936
52615,34,2012,15,72.1898,2.0423,0.6808,97.72,8,485.0,1403
52615,35,2012,16,0.2989,1.2585,0.4869,100.0,6,0.74,1645
52615,36,2012,17,0.308,0.8162,0.4081,100.0,4,0.74,1444
52615,37,2012,18,0.5386,2.0813,0.5092,99.04,17,6.73,1151
52615,38,2012,19,2101.3141,2.4222,0.5515,75.57,21,11436.39,131
52615,39,2012,20,3.7747,2.8629,0.7519,0.0,14,11437.26,93
52615,41,2012,22,3.6011,2.2997,0.8192,0.0,7,11439.92,26
52615,42,2012,23,5.4999,1.9313,0.9656,0.0,4,11437.45,19
52615,43,2012,24,0.0107,0.0,0.0,0.0,1,6326.09,15
52615,45,2012,26,0.0048,0.0,0.0,0.0,1,6995.43,5
52615,46,2012,27,3.2182,2.2948,0.7239,0.0,9,11439.92,117
52615,49,2012,30,1.2766,1.583,0.7915,0.0,4,11438.97,25
52615,50,2012,31,0.4203,0.971,0.971,0.0,2,11436.8,5
52615,51,2012,32,0.3023,1.4488,0.9141,0.0,3,11436.8,7
52615,52,2012,33,2.4123,2.1175,0.912,0.0,5,11436.79,12
52615,53,2012,34,3039.8666,2.2256,0.861,0.0,6,11436.8,17
52615,54,2012,35,49.9399,4.0984,0.8525,40.0,28,141.3,65
52635,8,2011,41,669.8727,3.0475,0.5517,60.8,46,1402.09,1755
52635,9,2011,42,676.5693,3.2142,0.5084,29.52,80,1386.2,2849
52635,10,2011,43,0.9612,1.9251,0.4813,97.45,16,5.85,2860
52635,11,2011,44,0.1886,1.5578,0.4503,100.0,11,0.75,2154
52635,12,2011,45,403.9845,3.2118,0.5483,55.68,58,853.75,2586
52635,13,2011,46,83.1909,2.4424,0.4529,80.27,42,275.19,2554
52635,14,2011,47,674.6379,3.9705,0.6263,33.2,81,1389.46,2672
52635,15,2011,48,0.1738,1.3324,0.3852,99.61,11,0.92,2582
52635,16,2011,49,0.8443,2.2247,0.5843,97.81,14,5.62,2328
52635,17,2011,50,609.4958,4.2499,0.7286,23.12,57,1392.04,2396
52635,18,2011,51,12.5539,3.3765,0.6079,0.0,47,1392.86,2777
52635,19,2011,52,0.0,0.0,0.0,0.0,1,1360.74,17
52635,22,2012,3,0.1665,1.4296,0.451,100.0,9,0.69,1174
52635,23,2012,4,0.2155,2.5581,0.6395,100.0,16,0.74,2454
52635,24,2012,5,0.5204,2.1952,0.5264,96.47,18,2.24,3003
52635,25,2012,6,0.2425,1.8039,0.4617,99.22,15,1.48,2166
52635,26,2012,7,0.2217,2.4708,0.5816,98.66,19,0.89,2464
52635,27,2012,8,0.2231,3.2055,0.7086,100.0,23,0.75,2227
52635,28,2012,9,0.483,2.2491,0.5502,97.98,17,3.39,2025
52635,29,2012,10,542.144,2.3838,0.5612,77.55,19,1382.08,2000
52635,30,2012,11,483.0696,2.8099,0.5245,0.0,41,1401.34,2336
52635,31,2012,12,11.6248,2.8072,0.6868,96.56,17,114.46,1917
52635,32,2012,13,0.7155,2.9324,0.6676,75.65,21,2.22,2386
52635,33,2012,14,0.5779,2.1651,0.5687,98.37,14,4.97,1961
52635,34,2012,15,0.3927,1.8539,0.6604,97.64,7,1.12,423
52635,37,2012,18,0.2912,3.9288,0.881,99.28,22,1.17,139
52635,38,2012,19,607.3152,4.4725,0.8097,63.64,46,1382.44,297
52635,39,2012,20,4.1905,2.8459,0.6291,0.0,23,1387.62,216
52635,40,2012,21,167.2136,2.3976,0.5994,0.0,16,1384.49,135
52635,41,2012,22,12.5911,2.5628,0.5223,0.0,30,1466.73,205
52635,42,2012,23,8.2851,3.3263,0.6779,0.0,30,1397.63,117
52635,43,2012,24,13.237,2.639,0.5918,0.0,22,1390.66,124
52635,44,2012,25,8.882,3.0581,0.7076,0.0,20,1388.94,127
52635,45,2012,26,194.2147,2.3587,0.577,0.0,17,2965.27,137
52635,46,2012,27,5.874,2.0358,0.8768,0.0,5,1389.31,23
52635,47,2012,28,12.4068,2.3528,0.7843,0.0,8,1389.4,55
52635,48,2012,29,2245.7251,3.2088,0.7195,0.0,22,7034.04,170
52635,49,2012,30,99.3078,2.6496,0.7976,0.0,10,1389.29,105
52635,50,2012,31,1.4886,1.5069,0.5829,0.0,6,1387.64,128
52635,51,2012,32,24.0978,2.6923,0.7782,0.0,11,1389.03,48
52635,52,2012,33,588.7479,3.3227,0.7565,1.72,21,1382.71,58
52635,53,2012,34,0.4787,2.3043,0.7269,98.21,9,3.0,56
52635,54,2012,35,0.1215,2.3709,0.7903,100.0,8,0.72,58
52635,55,2012,36,0.1922,2.2878,0.885,100.0,6,0.72,13
52635,56,2012,37,0.5011,2.2359,0.963,57.14,5,1.57,7
52635,57,2012,38,0.1973,2.237,0.7968,100.0,7,0.71,43
52635,58,2012,39,0.8479,2.6106,0.8702,96.43,8,4.32,28
52635,59,2012,40,0.0471,0.7219,0.7219,0.0,2,117.36,10
52635,60,2012,41,0.7443,3.3059,0.7308,92.71,23,3.14,96
52635,61,2012,42,681.0193,3.5597,0.7665,26.12,25,1386.27,134
52635,63,2012,44,0.1563,2.1963,0.7823,100.0,7,0.74,88
52635,64,2012,45,0.2049,2.1798,0.7765,100.0,7,0.74,60
52635,65,2012,46,34.6809,3.0054,0.8122,68.52,13,78.37,54
52635,66,2012,47,672.5615,4.0913,0.8511,35.0,28,1384.86,160
52635,67,2012,48,1.9572,2.8582,0.7724,98.6,13,16.48,214
52635,68,2012,49,0.2636,2.1315,0.918,100.0,5,0.75,32
52635,69,2012,50,663.9353,3.6273,0.8134,24.03,22,1383.7,129
52635,70,2012,51,14.6339,3.9584,0.8421,0.0,26,1384.48,72
52635,71,2012,52,39.3835,3.2253,0.7735,0.0,18,1622.23,113
52635,72,2013,1,891.6131,3.9944,0.814,0.0,30,1856.53,196
52635,73,2013,2,899.2005,4.746,0.8859,0.0,41,3074.09,183
52635,74,2013,3,394.1877,2.1695,0.5863,71.79,13,1384.59,78
52635,75,2013,4,0.2147,2.9149,0.7287,100.0,16,0.73,116
52635,76,2013,5,0.2325,3.3319,0.799,98.95,18,0.92,95
52635,77,2013,6,0.2969,3.4167,0.8194,100.0,18,0.82,102
52635,78,2013,7,0.1666,2.4274,0.7658,100.0,9,0.73,70
52635,79,2013,8,663.483,3.6674,0.7474,31.13,30,1386.24,151
52635,80,2013,9,528.6207,4.162,0.7535,73.62,46,2912.69,254
52635,81,2013,10,614.0191,3.6924,0.7681,67.55,28,1384.71,188
52635,82,2013,11,605.1926,3.9421,0.8387,13.95,26,1384.59,86
52635,83,2013,12,0.2651,2.8904,0.7226,96.55,16,1.55,261
52635,84,2013,13,657.3263,2.2569,0.972,64.71,5,1382.09,17
52635,85,2013,14,415.3069,2.7948,0.8413,68.29,10,1379.84,41
52635,86,2013,15,0.0,0.0,0.0,100.0,1,0.57,3
52635,87,2013,16,0.0045,0.0,0.0,100.0,1,0.54,4
52635,88,2013,17,0.1358,0.5436,0.5436,100.0,2,0.62,8
52635,90,2013,19,667.502,1.5219,0.9602,40.0,3,1363.23,5
52635,91,2013,20,14.8021,0.8113,0.8113,0.0,2,1382.36,4
52635,92,2013,21,0.5885,1.5726,0.9922,0.0,3,1382.4,11
52635,93,2013,22,2.3932,1.4488,0.9141,0.0,3,1382.09,7
52635,94,2013,23,22.7315,2.1181,0.9122,0.0,5,1386.02,11
52635,95,2013,24,10.7682,3.0458,0.9609,0.0,9,1385.53,26
52635,96,2013,25,14.948,1.4488,0.9141,0.0,3,1382.25,7
52635,97,2013,26,0.6555,0.8113,0.8113,0.0,2,1374.72,4
52635,98,2013,27,1.1831,2.0464,0.8814,0.0,5,1382.26,10
52635,99,2013,28,1175.0731,2.067,0.8902,0.0,5,3103.39,14
52635,100,2013,29,1177.0201,1.0,1.0,0.0,2,3096.02,4
52635,101,2013,30,4.5744,0.9183,0.9183,0.0,2,1381.8,6
52635,102,2013,31,0.0,0.0,0.0,0.0,1,1365.61,1
52635,103,2013,32,0.0,0.0,0.0,0.0,1,1381.78,3
52635,104,2013,33,17.0622,1.5219,0.9602,0.0,3,1408.28,5
52635,105,2013,34,132.3434,1.3788,0.8699,0.0,3,1568.71,7
52635,107,2013,36,663.0696,2.4677,0.9546,0.0,6,1384.2,14
52923,8,2011,41,199.8272,2.0298,0.5196,61.83,15,484.77,427
52923,9,2011,42,182.6454,1.6465,0.3692,10.4,22,977.47,1924
52923,10,2011,43,0.5882,2.1658,0.4931,89.76,21,5.08,2372
52923,11,2011,44,0.2122,1.4279,0.4505,99.95,9,0.95,1823
52923,12,2011,45,301.657,2.4424,0.5561,74.9,21,842.26,2343
52923,13,2011,46,180.8246,2.8569,0.7504,80.34,14,760.17,2238
52923,14,2011,47,127.0007,2.3088,0.8224,50.28,7,261.95,1263
52923,15,2011,48,0.1982,1.0077,0.5038,99.29,4,1.08,1976
52923,16,2011,49,0.1637,1.4697,0.5686,100.0,6,0.76,1266
52923,17,2011,50,725.815,2.7862,0.7529,54.76,13,1636.46,1587
52923,18,2011,51,92.4133,2.6928,0.6732,0.0,16,1636.46,1738
52923,19,2011,52,6.4403,1.9354,0.4954,0.0,15,1594.99,2533
52923,20,2012,1,7.7699,2.2311,0.6029,0.0,13,1598.55,1591
52923,21,2012,2,558.4772,2.8767,0.6359,4.21,23,1594.99,1806
52923,22,2012,3,0.2907,1.7228,0.4525,99.57,14,1.16,2805
52923,23,2012,4,1.1257,2.5702,0.6946,77.85,13,3.19,2117
52923,24,2012,5,1.261,3.0198,0.7109,99.37,19,39.0,2212
52923,25,2012,6,485.5839,1.7711,0.4032,86.14,21,1595.0,2215
52923,26,2012,7,421.9485,2.3202,0.5462,86.86,19,1595.0,2146
52923,27,2012,8,0.1329,1.5133,0.5044,100.0,8,0.53,2104
52923,28,2012,9,0.0677,0.4614,0.2307,100.0,4,0.63,1856
52923,29,2012,10,0.3281,1.7536,0.4606,97.66,14,1.27,2909
52923,30,2012,11,176.9239,1.9219,0.4139,9.36,25,494.31,2084
52923,31,2012,12,4.8179,1.5171,0.4232,99.83,12,117.97,1198
52923,32,2012,13,0.1952,2.3184,0.6265,100.0,13,0.66,1581
52923,33,2012,14,2.3017,2.7114,0.7327,68.23,13,4.97,853
52923,34,2012,15,0.2863,1.5615,0.6041,100.0,6,0.74,402
52923,37,2012,18,0.7769,2.189,0.6328,84.06,11,2.85,69
52923,38,2012,19,466.9741,3.6402,0.7572,74.8,28,1805.3,127
52923,39,2012,20,120.0012,3.9725,0.7745,0.0,35,1602.56,128
52923,41,2012,22,24.1084,3.3032,0.7113,0.0,25,1691.53,125
52923,42,2012,23,10.266,3.4594,0.68,0.0,34,1592.18,159
52923,43,2012,24,660.1393,4.357,0.8564,6.8,34,1594.2,103
52923,44,2012,25,78.5836,2.2953,0.5875,94.64,15,835.46,112
52923,45,2012,26,0.4609,3.5625,0.777,92.95,24,1.02,156
52923,46,2012,27,15.7605,3.5091,0.7989,82.69,21,160.88,104
52923,47,2012,28,0.6709,3.7801,0.8746,90.74,20,4.51,108
52923,48,2012,29,0.5211,3.8602,0.8419,91.45,24,2.02,117
52923,49,2012,30,0.479,3.1173,0.8696,96.7,12,1.28,91
52923,50,2012,31,62.9937,3.9932,0.8398,28.57,27,138.96,84
53275,7,2011,40,0.0145,0.0606,0.0383,100.0,3,0.6,1508
53275,8,2011,41,0.148,1.3592,0.3005,99.75,23,0.95,2793
53275,9,2011,42,27.2125,1.7452,0.3973,92.65,21,117.26,2735
53275,10,2011,43,0.1485,1.031,0.2578,99.56,16,0.91,2961
53275,11,2011,44,0.0844,1.231,0.4103,99.97,8,0.91,2994
53275,12,2011,45,0.1438,1.4606,0.3947,100.0,13,0.74,2835
53275,13,2011,46,0.1414,0.7193,0.1841,100.0,15,0.74,3317
53275,14,2011,47,0.0916,1.1634,0.2739,100.0,19,0.74,3355
53275,15,2011,48,0.1616,1.8084,0.4337,96.86,18,0.9,2868
53275,16,2011,49,10.3185,2.492,0.5184,84.28,28,128.41,2799
53275,17,2011,50,952.7217,2.4257,0.5439,85.65,22,2934.18,2662
53275,18,2011,51,15.9471,1.0246,0.3084,0.0,10,2908.67,2760
53275,19,2011,52,52.4884,1.8338,0.6532,0.0,7,2908.45,1249
53275,20,2012,1,89.1779,1.9291,0.5807,0.0,10,2917.35,1052
53275,21,2012,2,491.9794,1.1174,0.2179,1.5,35,2919.36,2061
53275,22,2012,3,1.5099,1.9987,0.7732,89.17,6,4.53,1330
53275,23,2012,4,0.0137,0.0149,0.0149,100.0,2,0.74,734
53275,24,2012,5,0.026,0.7953,0.3425,100.0,5,0.74,2758
53275,25,2012,6,0.0144,0.164,0.164,100.0,2,0.39,1409
53275,26,2012,7,0.0737,0.7455,0.3727,100.0,4,0.74,2043
53275,27,2012,8,0.0354,1.119,0.5595,100.0,4,0.47,2366
53275,28,2012,9,0.0442,1.2479,0.624,100.0,4,0.74,1820
53275,29,2012,10,0.065,0.9844,0.424,99.63,5,1.27,1629
53275,30,2012,11,0.0153,0.5324,0.2662,100.0,4,0.73,1323
53275,31,2012,12,0.0761,0.463,0.2921,100.0,3,0.45,930
53275,32,2012,13,56.8407,2.083,0.8058,78.19,6,138.89,2632
53275,33,2012,14,0.0854,2.1016,0.7005,100.0,8,0.75,2532
53275,34,2012,15,0.2531,1.8148,0.5062,99.81,12,0.93,2600
53275,35,2012,16,0.2438,1.9316,0.5584,100.0,11,0.73,2909
53275,36,2012,17,0.2058,2.3925,0.9256,100.0,6,0.73,1488
53275,37,2012,18,0.2313,0.2069,0.0559,99.79,13,4.96,1433
53275,38,2012,19,381.4534,2.1955,0.508,89.02,20,2907.97,173
53275,39,2012,20,20.9459,2.6699,0.5902,0.0,23,2908.92,298
53275,40,2012,21,21.066,2.6422,0.5925,0.0,22,2911.61,372
53275,41,2012,22,19.02,2.8305,0.5826,0.0,29,2909.45,321
53275,42,2012,23,20.8453,3.3492,0.7749,0.0,20,2908.38,183
53275,43,2012,24,0.9861,2.4079,0.6717,0.0,12,2910.28,169
53275,44,2012,25,0.562,1.8611,0.5029,0.0,13,2908.95,116
53275,45,2012,26,12.8012,2.5004,0.5047,0.0,31,2909.96,245
53275,46,2012,27,5.5084,1.3762,0.3978,0.0,11,2908.34,155
53275,47,2012,28,0.6218,2.1018,0.568,0.0,13,2909.05,186
53275,48,2012,29,0.5379,1.5724,0.496,0.0,9,2909.04,148
53275,49,2012,30,38.1223,2.4495,0.5211,0.0,26,2908.39,179
53275,50,2012,31,37.3857,1.9297,0.4824,0.0,16,2915.37,231
53275,51,2012,32,0.6996,1.5412,0.4862,0.0,9,2908.7,95
53275,52,2012,33,1477.2604,3.4075,0.7249,33.94,26,2908.71,109
53275,53,2012,34,0.256,1.6637,0.6436,100.0,6,0.72,44
53275,54,2012,35,0.1866,2.1972,0.9463,100.0,5,0.52,9
53275,55,2012,36,0.1568,1.1589,0.7312,100.0,3,0.72,15
53275,56,2012,37,0.2821,3.2158,0.9296,84.21,11,1.03,19
53275,57,2012,38,0.2451,1.8011,0.7757,100.0,5,0.7,24
53275,58,2012,39,0.4137,3.3584,0.8596,83.33,15,1.03,48
53275,59,2012,40,0.3577,3.0486,0.7621,95.12,16,1.52,41
53275,60,2012,41,0.226,2.5023,0.579,94.38,20,1.28,89
53275,61,2012,42,0.1428,1.9215,0.5784,100.0,10,0.74,150
53275,62,2012,43,0.1874,2.304,0.576,100.0,16,0.76,159
53275,63,2012,44,0.1878,2.2927,0.5305,98.6,20,0.95,215
53275,64,2012,45,0.2778,2.6635,0.5888,96.57,23,1.03,233
53275,65,2012,46,3.8991,1.9535,0.5881,96.67,10,37.19,90
53275,66,2012,47,0.2023,2.1423,0.4558,100.0,26,1.09,285
53275,67,2012,48,0.1871,2.3332,0.5232,97.47,22,1.45,277
53275,68,2012,49,0.6498,2.6959,0.567,96.15,27,5.23,156
53275,69,2012,50,1070.3282,2.7108,0.9036,33.33,8,2935.84,18
53275,70,2012,51,0.4037,1.5466,0.7733,0.0,4,2908.68,13
53275,71,2012,52,0.3084,1.1568,0.7298,0.0,3,2907.97,10
53275,72,2013,1,88.1947,1.0141,0.6398,0.0,3,2907.97,16
53275,73,2013,2,0.285,0.8167,0.5153,0.0,3,2907.98,12
53275,74,2013,3,779.2867,2.441,0.9443,54.55,6,1563.19,22
53275,75,2013,4,0.1672,1.7004,0.7323,100.0,5,0.73,13
53275,76,2013,5,0.2285,2.6701,0.9511,100.0,7,0.73,23
53275,77,2013,6,0.1925,1.5724,0.7862,100.0,4,0.73,21
53275,78,2013,7,0.2331,1.8566,0.7996,100.0,5,0.74,15
53275,79,2013,8,0.3128,2.2608,0.8053,100.0,7,0.73,14
53275,80,2013,9,0.158,1.2807,0.808,100.0,3,0.72,12
53275,81,2013,10,0.0,0.0,0.0,100.0,1,0.4,7
53275,82,2013,11,0.2231,1.8852,0.7293,100.0,6,0.72,31
53275,83,2013,12,0.2387,2.6271,0.7908,100.0,10,0.74,31
53275,84,2013,13,0.1218,1.352,0.676,100.0,4,0.59,13
53275,85,2013,14,0.2969,1.6806,0.7238,100.0,5,0.82,18
53275,86,2013,15,0.2456,2.161,0.7698,90.0,7,1.1,20
53275,87,2013,16,0.6485,2.0321,0.6774,91.3,8,1.97,23
53275,88,2013,17,0.5455,2.4343,0.7679,95.65,9,2.9,23
53275,89,2013,18,1.2591,2.799,0.8426,77.78,10,4.47,27
53275,90,2013,19,1392.6903,3.2174,0.8975,52.94,12,2934.48,34
53275,91,2013,20,0.0636,0.569,0.359,0.0,3,2907.97,20
53275,92,2013,21,90.7919,2.121,0.9134,0.0,5,2908.67,14
53275,93,2013,22,88.9003,1.4566,0.919,0.0,3,2907.97,15
53275,94,2013,23,0.8193,1.7899,0.895,0.0,4,2909.86,11
53275,95,2013,24,0.0135,0.65,0.65,0.0,2,2907.97,6
53275,96,2013,25,0.5071,0.9183,0.9183,0.0,2,2908.67,12
53275,97,2013,26,0.3869,1.5059,0.6485,0.0,5,2907.97,13
53275,105,2013,34,0.0163,0.8113,0.8113,0.0,2,2907.97,4
53275,106,2013,35,0.2503,1.4056,0.8869,87.5,3,1.06,8
53275,107,2013,36,0.299,2.0458,0.8811,92.31,5,1.26,13
53275,108,2013,37,0.0,0.0,0.0,100.0,1,0.43,1
53275,109,2013,38,0.0356,0.8113,0.8113,100.0,2,0.49,8
53275,110,2013,39,0.4192,2.1281,0.9165,100.0,5,0.85,7
53275,111,2013,40,0.0,0.0,0.0,100.0,1,0.43,1
53275,124,2014,1,0.6409,1.7397,0.7493,0.0,5,2908.68,109
53275,138,2014,15,0.2871,3.2481,0.6756,95.26,28,1.36,211
53275,140,2014,17,0.2904,2.8955,0.8077,97.96,12,0.89,49
53275,142,2014,19,1251.1542,3.6902,0.7254,63.19,34,2934.22,144
53275,144,2014,21,0.5696,1.6454,0.5485,0.0,8,2909.26,67
53275,145,2014,22,0.5667,1.961,0.8445,0.0,5,2908.72,10
53275,154,2014,31,0.0024,0.0,0.0,0.0,1,10499.77,66
53275,155,2014,32,0.3184,1.0,1.0,0.0,2,10500.34,4
53275,156,2014,33,1.519,1.053,0.6644,0.0,3,10651.52,15
53275,157,2014,34,937.1685,3.5623,0.777,0.0,24,2934.27,86
53275,158,2014,35,21.752,3.5975,0.7014,81.68,35,141.14,202
53275,159,2014,36,0.2829,2.7798,0.6666,84.93,18,1.38,73
53275,160,2014,37,0.0197,1.3516,0.8528,100.0,3,0.43,9
53275,162,2014,39,0.5634,3.257,0.8143,85.25,16,1.73,61
53275,163,2014,40,0.5474,3.9177,0.8149,83.5,28,1.66,103
53275,164,2014,41,0.0,0.0,0.0,0.0,1,1.37,2
53275,165,2014,42,0.5404,3.128,0.9416,66.67,10,1.32,18
53275,166,2014,43,1283.1009,4.9859,0.8834,29.14,50,2575.42,151
53275,167,2014,44,0.6927,3.9864,0.7347,89.74,43,8.25,273
53275,168,2014,45,0.4756,2.7455,0.8265,80.77,10,1.26,26
53275,170,2014,47,0.5504,3.3844,0.8889,95.45,14,1.59,22
53275,171,2014,48,370.5397,3.8157,0.636,3.88,64,1256.54,206
53275,172,2014,49,32.0724,3.1842,0.796,71.88,16,109.46,32
53275,173,2014,50,0.48,2.6019,0.6505,82.56,16,1.58,86
53275,174,2014,51,1266.2186,4.0649,0.7318,55.52,47,2909.92,326
53275,175,2014,52,0.8598,2.7114,0.5768,0.0,26,2911.17,499
53275,177,2015,2,511.5346,2.7492,0.5404,0.0,34,2934.68,256
53275,178,2015,3,38.0532,2.8837,0.621,65.38,25,141.58,78
53275,179,2015,4,383.0046,4.9338,0.8882,57.89,47,841.46,95
53275,180,2015,5,0.4366,2.2638,0.8758,92.86,6,1.19,14
53275,181,2015,6,4.7345,1.9056,0.9528,0.0,4,21.85,8
53275,182,2015,7,0.3615,3.1745,0.7473,96.99,19,1.54,133
53275,183,2015,8,43.0646,2.9069,0.5426,73.27,41,115.48,217
53275,184,2015,9,339.038,4.1312,0.7023,67.7,59,1027.61,483
53275,185,2015,10,904.3703,3.4884,0.5955,76.33,58,3224.68,431
53275,186,2015,11,293.6369,2.8159,0.704,0.84,16,3241.9,119
53275,188,2015,13,0.285,3.0738,0.6619,91.94,25,1.53,124
53275,189,2015,14,1.8179,3.0862,0.7265,70.73,19,5.29,82
53275,190,2015,15,28.2674,3.4834,0.5972,86.74,57,117.44,513
53275,191,2015,16,0.7105,3.0306,0.7268,75.53,18,3.61,94
53275,192,2015,17,0.3992,3.9347,0.8019,93.42,30,1.85,152
53884,7,2011,40,0.2541,2.6299,0.5736,99.64,24,1.13,1688
53884,8,2011,41,218.8051,3.3347,0.6864,71.8,29,526.04,2330
53884,9,2011,42,243.097,2.5803,0.5115,23.43,33,1824.98,2258
53884,10,2011,43,0.3425,2.5914,0.59,98.76,21,2.6,2410
53884,11,2011,44,2.7196,1.5635,0.356,99.95,21,124.56,2111
53884,12,2011,45,0.3273,2.493,0.6548,100.0,14,0.59,1813
53884,13,2011,46,194.6138,2.1841,0.5054,98.0,20,1589.19,2102
53884,14,2011,47,237.4667,3.4982,0.567,29.04,72,541.61,2300
53884,15,2011,48,0.2283,2.5044,0.5462,99.91,24,0.98,2205
53884,16,2011,49,0.1707,2.1006,0.4782,100.0,21,0.73,1461
53884,17,2011,50,150.9631,2.8896,0.6302,86.79,24,524.64,2051
53884,18,2011,51,5.6927,2.1247,0.5581,0.0,14,550.96,2315
53884,19,2011,52,905.0263,1.7518,0.4734,0.0,13,11307.59,1761
53884,20,2012,1,3.601,0.6358,0.1627,0.0,15,538.98,2474
53884,21,2012,2,69.6965,1.0027,0.2507,0.0,16,538.34,2051
53884,22,2012,3,20.6485,2.3492,0.5873,90.47,16,71.93,2486
53884,23,2012,4,0.2449,1.749,0.5056,99.91,11,0.98,2175
53884,24,2012,5,0.3764,2.1471,0.5054,97.39,19,1.66,2526
53884,25,2012,6,137.5441,3.6207,0.6415,58.95,50,401.35,2563
53884,26,2012,7,0.2946,2.698,0.7291,99.96,13,1.68,2722
53884,27,2012,8,0.2652,2.4997,0.5605,99.25,22,1.48,2800
53884,28,2012,9,0.377,3.0131,0.7914,99.58,14,0.98,1677
53884,29,2012,10,231.1148,3.2173,0.7017,70.17,24,533.78,2062
53884,30,2012,11,72.6645,2.0229,0.5178,0.0,15,542.14,2396
53884,31,2012,12,0.4741,2.2915,0.6192,87.06,13,1.14,1700
53884,32,2012,13,0.2191,1.8847,0.5448,99.77,11,1.15,1763
53884,33,2012,14,258.1142,3.4545,0.6366,55.4,43,583.55,2056
53884,34,2012,15,177.863,2.6216,0.5969,84.3,21,526.03,2739
53884,35,2012,16,0.3296,2.3713,0.5801,96.68,17,1.68,2620
53884,36,2012,17,0.0944,1.1068,0.3943,100.0,7,0.54,3045
53884,37,2012,18,0.3155,2.334,0.5314,99.18,21,2.19,849
53884,38,2012,19,220.7944,4.3593,0.7238,67.21,65,721.39,244
53884,39,2012,20,11.2232,3.6864,0.6975,0.0,39,548.12,195
53884,40,2012,21,7.575,3.7287,0.6872,0.0,43,546.17,232
53884,41,2012,22,6.6469,3.3571,0.6226,0.0,42,546.92,239
53884,42,2012,23,17.6296,3.725,0.745,0.0,32,580.27,117
53884,43,2012,24,19.9622,3.4284,0.6684,0.0,35,589.35,181
53884,44,2012,25,6.1587,2.979,0.6071,0.0,30,540.89,209
53884,45,2012,26,10.3853,4.0624,0.7314,0.0,47,544.62,186
53884,46,2012,27,38.9372,3.1167,0.7337,0.0,19,605.7,145
53884,47,2012,28,5.0608,3.3031,0.6947,0.0,27,537.52,206
53884,48,2012,29,101.1999,3.1542,0.5456,0.0,55,879.85,280
53884,49,2012,30,131.6764,3.19,0.5954,0.0,41,879.9,148
53884,50,2012,31,3.8394,2.7054,0.5569,0.0,29,537.23,167
53884,51,2012,32,38.9349,2.919,0.6009,0.0,29,538.44,142
53884,52,2012,33,236.3353,4.799,0.864,20.34,47,528.46,118
53884,53,2012,34,0.4915,3.0771,0.5999,91.2,35,3.38,409
53884,54,2012,35,0.3291,2.6974,0.5883,98.27,24,1.59,173
53884,55,2012,36,0.336,3.2133,0.6919,98.51,25,1.18,134
53884,56,2012,37,32.4499,3.297,0.7014,91.39,26,184.0,151
53884,57,2012,38,0.2787,2.0178,0.6366,98.44,9,1.16,64
53884,58,2012,39,1.1825,2.1664,0.5854,93.9,13,5.27,82
53884,59,2012,40,0.3579,2.3689,0.5577,100.0,19,1.06,213
53884,60,2012,41,216.6054,3.9342,0.6936,70.99,51,545.38,293
53884,61,2012,42,211.0193,4.2352,0.7543,19.34,49,549.12,181
53884,62,2012,43,0.3625,3.0499,0.6414,98.91,27,2.71,183
53884,63,2012,44,0.2872,3.5622,0.7875,100.0,23,1.0,114
53884,64,2012,45,0.3527,3.0475,0.6647,98.01,24,2.19,151
53884,65,2012,46,0.2894,3.5913,0.8309,100.0,20,0.75,104
53884,66,2012,47,268.0608,2.2213,0.8593,91.67,6,969.83,12
53884,67,2012,48,0.2925,2.4819,0.7829,100.0,9,1.1,113
53884,68,2012,49,137.8992,3.2911,0.738,99.04,22,2439.43,312
53884,69,2012,50,5.411,2.5598,0.6552,99.54,15,80.27,219
53884,70,2012,51,3685.4712,4.0842,0.8496,0.0,28,6915.22,112
53884,71,2012,52,6.3732,2.1833,0.8446,0.0,6,6915.22,57
53884,72,2013,1,445.5078,3.031,0.67,0.0,23,2437.14,211
53884,73,2013,2,132.7752,3.7732,0.7298,1.48,36,550.02,203
53884,74,2013,3,2.9239,3.0247,0.6435,92.87,26,35.48,449
53884,75,2013,4,0.3225,3.3063,0.7783,100.0,19,1.07,220
53884,76,2013,5,0.576,3.5354,0.7354,92.98,28,2.51,342
53884,77,2013,6,0.5689,3.347,0.689,98.34,29,5.02,422
53884,78,2013,7,3.951,3.1571,0.664,99.03,27,80.27,413
53884,79,2013,8,0.3323,2.9734,0.7131,100.0,18,0.79,120
53884,80,2013,9,0.3429,3.3254,0.6845,97.3,29,1.6,519
53884,81,2013,10,0.342,3.4993,0.8097,100.0,20,1.08,225
53884,82,2013,11,77.144,2.5549,0.6904,2.2,13,536.33,91
53884,83,2013,12,0.3224,3.2401,0.81,100.0,16,1.08,248
53884,84,2013,13,183.2223,3.7414,0.7552,83.16,31,531.3,380
53884,85,2013,14,0.3031,3.1581,0.7434,98.48,19,1.32,132
53884,86,2013,15,3.6914,3.2191,0.6848,99.7,26,67.88,338
53884,87,2013,16,3.9328,3.0796,0.7534,99.33,17,67.84,297
53884,88,2013,17,0.1004,1.678,0.839,100.0,4,0.35,19
53884,89,2013,18,0.1589,1.8836,0.8112,100.0,5,0.36,36
53884,90,2013,19,0.1429,1.4183,0.7091,100.0,4,0.36,12
53884,91,2013,20,15.4823,1.9414,0.6471,0.0,8,548.31,57
53884,92,2013,21,7.8371,1.6241,0.5123,0.0,9,548.1,44
53884,93,2013,22,0.7532,1.2075,0.6038,0.0,4,526.07,12
53884,94,2013,23,11.2454,2.1735,0.6857,0.0,9,543.16,34
53884,95,2013,24,0.0023,0.0,0.0,0.0,1,524.51,8
53884,97,2013,26,13.5684,2.1626,0.9314,0.0,5,538.11,11
53884,98,2013,27,8.8151,1.8061,0.602,0.0,8,539.96,33
53884,99,2013,28,0.8987,0.8684,0.5479,0.0,3,526.09,16
53884,100,2013,29,10.5398,2.6052,0.8219,0.0,9,548.21,51
53884,101,2013,30,1.2636,1.5613,0.9851,0.0,3,526.12,16
53884,102,2013,31,7.8939,2.219,0.7904,0.0,7,534.08,27
53884,103,2013,32,172.5813,1.6698,0.7191,0.0,5,1012.65,28
53884,104,2013,33,0.1818,0.7219,0.7219,0.0,2,524.52,5
53884,105,2013,34,2.2222,0.7219,0.7219,0.0,2,524.85,5
53884,106,2013,35,1.8623,0.8113,0.8113,0.0,2,528.43,4
53884,122,2013,51,0.0018,0.0,0.0,0.0,1,524.16,3
53884,123,2013,52,262.8449,2.6766,0.7233,0.0,13,1951.33,188
53884,124,2014,1,791.9769,2.7608,0.7066,0.0,15,1859.6,78
53884,125,2014,2,255.3229,2.2259,0.742,13.33,8,526.79,60
53884,132,2014,9,0.3513,2.6233,0.6715,94.83,15,1.35,58
53884,133,2014,10,103.1209,5.1528,0.8759,57.66,59,524.13,111
53884,134,2014,11,171.1802,4.9097,0.8993,5.33,44,541.35,75
53884,135,2014,12,1.0138,3.7599,0.7821,86.23,28,7.3,138
53884,136,2014,13,0.2624,3.2139,0.8226,100.0,15,0.71,40
53884,142,2014,19,0.0,0.0,0.0,100.0,1,0.47,1
53884,148,2014,25,0.0,0.0,0.0,0.0,1,524.18,1
55464,7,2011,40,0.4067,1.9963,0.5771,94.26,11,2.78,1429
55464,8,2011,41,161.7058,2.5513,0.6242,47.18,17,338.0,2380
55464,9,2011,42,148.0798,2.7133,0.5427,22.76,32,336.03,2588
55464,10,2011,43,0.3393,1.64,0.3933,93.93,18,1.74,2107
55464,11,2011,44,0.1978,2.3808,0.7167,100.0,10,0.74,1728
55464,12,2011,45,0.1904,2.3902,0.7195,100.0,10,0.74,2058
55464,13,2011,46,0.2335,2.0654,0.6218,100.0,10,0.74,1824
55464,14,2011,47,152.2123,1.8408,0.4015,18.64,24,335.95,2092
55464,15,2011,48,0.2125,0.6444,0.2295,97.19,7,1.45,1671
55464,16,2011,49,0.1513,0.687,0.687,100.0,2,0.74,1261
55464,17,2011,50,119.0193,1.7247,0.453,65.5,14,336.01,1968
55464,18,2011,51,1.643,1.8736,0.6674,0.0,7,336.58,1932
55464,19,2011,52,206.9125,3.0101,0.602,0.0,32,1321.72,2176
55464,20,2012,1,2.0184,2.5127,0.6147,0.0,17,338.87,1898
55464,21,2012,2,16.6486,1.785,0.3427,0.0,37,345.75,1882
55464,22,2012,3,122.0289,2.7641,0.6507,79.74,19,334.36,1624
55464,23,2012,4,0.1764,2.4705,0.7141,100.0,11,0.84,2426
55464,24,2012,5,0.8513,1.1288,0.3263,96.64,11,5.44,1873
55464,25,2012,6,0.1631,1.7422,0.674,100.0,6,0.78,1664
55464,26,2012,7,0.6669,1.5968,0.4315,80.25,13,4.92,2334
55464,27,2012,8,0.8151,1.8825,0.4606,95.84,17,7.95,2694
55464,28,2012,9,0.8983,2.5684,0.6046,90.17,19,7.95,2188
55464,29,2012,10,27.1312,1.5491,0.4887,91.38,9,141.12,1079
55464,30,2012,11,41.7264,1.9072,0.5009,62.61,14,139.98,773
55464,31,2012,12,0.3261,1.7554,0.5284,97.79,10,4.33,1989
55464,32,2012,13,0.308,1.2574,0.4191,99.88,8,8.15,2591
55464,33,2012,14,166.3753,3.8077,0.7686,59.37,31,391.98,1900
55464,34,2012,15,113.5089,1.8171,0.5253,82.29,11,334.74,2264
55464,35,2012,16,0.333,1.6246,0.5415,99.17,8,3.47,2279
55464,36,2012,17,0.3526,2.1967,0.577,96.89,14,2.63,2446
55464,37,2012,18,1.2323,2.7207,0.6101,92.39,22,5.26,1971
55464,38,2012,19,42.2107,1.8728,0.4333,97.67,20,335.51,1200
55464,39,2012,20,156.1337,5.1341,0.8032,20.8,84,337.72,274
55464,40,2012,21,1326.8654,3.9666,0.7614,0.0,37,6199.94,264
55464,41,2012,22,748.5534,4.4382,0.8129,0.0,44,6199.94,193
55464,42,2012,23,1202.2579,3.5989,0.7264,0.0,31,6199.94,248
55464,43,2012,24,2019.7407,3.3047,0.778,0.0,19,6199.98,183
55464,44,2012,25,1524.8711,3.8357,0.7817,0.0,30,6199.98,211
55464,45,2012,26,786.5676,3.979,0.7821,0.0,34,6199.98,171
55464,46,2012,27,18.8414,3.6672,0.7474,0.0,30,393.51,204
55464,47,2012,28,431.4515,4.4749,0.8197,0.0,44,6199.98,190
55464,48,2012,29,62.4528,4.3961,0.7789,0.0,50,393.77,249
55464,49,2012,30,61.6644,3.8388,0.7119,0.0,42,336.55,229
55464,50,2012,31,87.18,3.4064,0.6358,0.0,41,336.5,234
55464,51,2012,32,47.4505,2.6254,0.6896,0.0,14,380.92,97
55464,52,2012,33,157.2335,4.0996,0.8828,47.89,25,404.33,71
55464,53,2012,34,0.6597,3.6491,0.7512,89.42,29,3.64,189
55464,54,2012,35,12.1523,3.7934,0.7657,82.18,31,160.88,174
55464,55,2012,36,0.5758,2.8841,0.6789,83.55,19,2.35,152
55464,56,2012,37,160.2995,4.0235,0.7612,49.59,39,406.43,123
55464,57,2012,38,88.7284,3.3042,0.6296,82.91,38,345.9,158
55464,58,2012,39,0.2687,1.875,0.8075,100.0,5,0.7,16
55464,59,2012,40,0.1889,2.0822,0.7417,100.0,7,0.72,28
55594,7,2011,40,0.2477,2.0054,0.4267,100.0,26,0.76,1682
55594,8,2011,41,351.3198,2.7452,0.4999,61.26,45,842.41,2127
55594,9,2011,42,17.2468,1.1592,0.4129,0.0,7,819.12,1731
55594,10,2011,43,0.0,0.0,0.0,100.0,1,0.42,46
55594,11,2011,44,0.2217,1.2411,0.5345,100.0,5,0.62,655
55594,12,2011,45,0.4204,1.2381,0.3727,92.98,10,1.76,1865
55594,13,2011,46,0.8891,0.9622,0.3207,95.65,8,4.59,2045
55594,14,2011,47,386.0055,2.9406,0.7527,35.68,15,816.95,1802
55594,15,2011,48,132.951,2.1229,0.7562,78.16,7,733.76,1584
55594,16,2011,49,0.1927,1.251,0.6255,100.0,4,0.74,1521
55594,17,2011,50,366.926,2.4807,0.5484,66.92,23,787.23,1998
55594,18,2011,51,11.2043,2.1063,0.5875,0.0,12,844.21,2081
55594,19,2011,52,10.5687,1.5683,0.6067,0.0,6,819.13,2078
55594,20,2012,1,8.4429,2.2067,0.5648,0.0,15,818.97,1290
55594,21,2012,2,241.8199,3.0711,0.6534,5.24,26,808.3,1680
55594,22,2012,3,0.197,1.1355,0.4045,100.0,7,0.74,1304
55594,23,2012,4,0.1852,1.4205,0.6118,100.0,5,0.74,1112
55594,24,2012,5,0.2444,1.8542,0.7986,99.68,5,2.85,1247
55594,25,2012,6,0.3814,1.9974,0.8603,89.81,5,1.52,1364
55594,26,2012,7,12.1086,1.4503,0.6246,87.58,5,42.55,1457
55594,27,2012,8,0.1899,0.9925,0.9925,100.0,2,0.74,1900
55594,28,2012,9,0.202,1.1401,0.441,99.91,6,2.96,2124
55594,29,2012,10,313.7456,1.9857,0.6264,76.74,9,818.51,1935
55594,30,2012,11,18.0723,2.3966,0.6477,0.0,13,841.36,1097
55594,31,2012,12,180.0767,1.4794,0.5723,94.41,6,783.6,1628
55594,32,2012,13,1.2296,2.2502,0.6504,80.64,11,5.02,2082
55594,33,2012,14,70.261,2.2679,0.6556,57.47,11,154.22,1949
55594,34,2012,15,49.5759,1.8621,0.5032,88.25,13,154.22,2161
55594,35,2012,16,0.1966,1.2595,0.3792,99.65,10,1.53,1982
55594,36,2012,17,0.5148,1.4987,0.4728,98.78,9,4.49,2129
55594,37,2012,18,1.8223,2.3193,0.6704,80.71,11,8.09,1954
55594,38,2012,19,20.7656,1.6512,0.404,94.25,17,125.96,852
55594,48,2012,29,1.7833,1.6152,0.4506,0.0,12,789.1,460
55594,49,2012,30,5.4668,1.3079,0.3435,0.0,14,818.5,1389
55594,50,2012,31,1.3328,1.7363,0.5019,0.0,11,787.28,1455
55594,51,2012,32,259.8049,2.5406,0.5697,0.0,22,1254.46,979
55594,52,2012,33,279.7115,1.972,0.6221,14.62,9,787.05,896
55594,53,2012,34,1.0245,1.8725,0.5223,93.31,12,5.43,1989
55594,54,2012,35,1.0164,1.2758,0.3841,92.63,10,5.43,1085
55594,57,2012,38,0.9886,2.7838,0.7523,83.5,13,5.05,103
55594,58,2012,39,0.9546,3.256,0.6636,80.92,30,3.44,173
55594,59,2012,40,0.187,2.0935,0.6604,100.0,9,0.72,139
55594,60,2012,41,0.3789,3.3481,0.7402,99.61,23,1.28,257
55594,61,2012,42,336.1515,5.1034,0.7861,21.8,90,835.86,445
55594,62,2012,43,0.6424,3.0681,0.5982,95.0,35,6.33,360
55594,63,2012,44,0.3476,2.7924,0.5636,97.45,31,1.68,431
55594,64,2012,45,1.1741,2.6606,0.5477,96.18,29,7.38,340
55594,65,2012,46,0.7263,2.6889,0.579,96.24,25,4.69,372
55594,66,2012,47,1184.5988,4.2099,0.7218,35.32,57,6461.01,402
55594,67,2012,48,2.1564,2.5495,0.5636,99.44,23,40.15,354
55594,68,2012,49,0.6066,2.2737,0.582,93.83,15,4.61,227
55594,69,2012,50,370.8998,3.2556,0.7412,60.31,21,819.29,131
55594,70,2012,51,1.993,2.5019,0.5388,0.0,25,789.94,297
55594,71,2012,52,0.8013,1.3424,0.4782,0.0,7,788.35,293
55594,72,2013,1,9.2316,2.9173,0.675,0.0,20,813.31,338
55594,73,2013,2,421.025,3.8936,0.6565,3.54,61,785.36,536
55594,74,2013,3,0.8512,2.3447,0.4826,93.51,29,5.26,524
55594,75,2013,4,0.6919,2.5541,0.5815,92.33,21,5.05,391
55594,76,2013,5,0.3983,1.9602,0.4796,98.67,17,4.44,377
55594,77,2013,6,0.4001,2.3884,0.5081,94.76,26,2.51,420
55594,78,2013,7,1.0159,2.6338,0.6094,97.93,20,9.27,483
55594,79,2013,8,0.437,2.5765,0.6441,100.0,16,1.08,214
55594,83,2013,12,1.5583,2.2033,0.5954,84.72,13,6.09,72
55594,84,2013,13,100.7494,4.3967,0.7676,35.06,53,254.57,231
55594,85,2013,14,57.9278,3.2706,0.6145,18.5,40,207.65,200
55594,86,2013,15,0.4259,3.2459,0.6615,88.97,30,1.36,272
55594,87,2013,16,4.5963,4.1765,0.7071,54.57,60,54.2,416
55594,88,2013,17,0.9209,3.9607,0.6882,35.05,54,5.19,465
55594,89,2013,18,0.8823,2.7387,0.6141,62.54,22,3.66,299
55594,90,2013,19,281.5152,3.8058,0.742,45.88,35,753.88,279
55594,91,2013,20,726.8134,4.7896,0.7473,0.0,85,805.88,461
55594,92,2013,21,157.3373,3.0085,0.7521,0.0,16,1048.19,47
55594,97,2013,26,128.5598,3.3328,0.709,0.0,26,1048.18,123
55594,98,2013,27,4.1666,1.8366,0.4701,0.0,15,808.02,283
55594,99,2013,28,2.4535,2.0359,0.4109,0.0,31,790.71,309
55594,100,2013,29,1.934,1.5465,0.447,0.0,11,788.45,175
55594,101,2013,30,17.281,1.7923,0.4019,0.0,22,858.23,310
55594,102,2013,31,109.3458,1.8316,0.381,0.0,28,1575.54,324
55594,103,2013,32,1.3542,1.8141,0.3815,0.0,27,788.35,316
55594,104,2013,33,21.5784,2.0193,0.3969,0.0,34,847.24,394
55594,105,2013,34,290.3086,2.2141,0.4558,12.14,29,788.43,387
55594,106,2013,35,1.0215,2.5307,0.444,84.57,52,5.94,661
55594,107,2013,36,0.4782,1.8588,0.4054,88.19,24,3.95,271
55594,108,2013,37,0.5785,2.35,0.5532,89.44,19,4.94,284
55594,109,2013,38,1.0396,4.2695,0.7038,47.93,67,5.93,651
55594,110,2013,39,1.0136,4.127,0.6931,33.39,62,4.86,608
55594,111,2013,40,1.3106,4.153,0.6822,22.21,68,7.73,725
55594,112,2013,41,1.073,4.0263,0.7098,39.21,51,5.01,380
55594,113,2013,42,0.7283,3.7286,0.675,55.09,46,4.25,599
55594,114,2013,43,339.0835,5.4727,0.7676,3.25,140,788.16,492
55594,115,2013,44,1.1101,2.976,0.5419,8.19,45,7.74,635
55594,116,2013,45,0.9911,4.3461,0.7217,30.04,65,4.93,516
55594,117,2013,46,0.5555,3.5266,0.6046,63.55,57,3.82,631
55594,118,2013,47,1.5143,4.0199,0.6751,17.31,62,7.73,832
55594,119,2013,48,386.9232,4.8524,0.7227,12.59,105,787.76,675
55594,120,2013,49,30.9578,3.6445,0.6097,9.05,63,214.9,729
55594,121,2013,50,1.7587,3.4981,0.6487,20.56,42,8.33,603
55594,122,2013,51,342.2037,4.1843,0.6478,52.92,88,785.61,703
55594,123,2013,52,0.2678,0.5018,0.1673,0.0,8,785.61,268
55594,124,2014,1,0.5724,1.0044,0.2571,0.0,15,785.71,437
55594,125,2014,2,69.9546,1.3029,0.2583,0.0,33,788.3,384
55594,126,2014,3,22.85,3.5604,0.6158,63.47,55,508.28,605
55594,127,2014,4,1.2204,4.1444,0.6762,56.48,70,4.94,772
55594,128,2014,5,1.0423,4.1532,0.6799,57.45,69,5.71,785
55594,129,2014,6,1.3408,4.6951,0.774,63.83,67,5.75,481
55594,130,2014,7,0.7816,3.727,0.6956,58.68,41,5.04,380
55594,131,2014,8,55.329,4.4514,0.7041,53.92,80,125.58,651
55594,132,2014,9,1.1173,3.5647,0.6491,82.36,45,5.68,516
55594,133,2014,10,229.0162,4.04,0.6178,76.81,93,788.65,703
55594,134,2014,11,16.6427,4.4325,0.7161,0.0,73,852.57,640
55594,135,2014,12,66.305,4.1162,0.6265,78.07,95,540.12,725
55594,136,2014,13,1.1342,4.0689,0.7173,46.53,51,5.92,662
55594,137,2014,14,32.7414,4.168,0.6973,52.34,63,117.16,449
55594,138,2014,15,0.7066,3.9356,0.6511,81.96,66,4.71,693
55594,139,2014,16,0.9452,1.6286,0.7014,2.7,5,3.81,37
57637,7,2011,40,0.6903,2.8772,0.69,72.71,18,2.8,1711
57637,8,2011,41,1066.5477,2.8576,0.6079,77.01,26,2891.14,2562
57637,9,2011,42,1325.3979,3.2335,0.6255,27.6,36,2899.91,2366
57637,10,2011,43,0.8299,1.6384,0.373,92.16,21,8.38,2820
57637,11,2011,44,0.3171,2.2048,0.502,89.84,21,1.35,2745
57637,12,2011,45,0.3889,2.1887,0.6589,88.73,10,1.35,2636
57637,13,2011,46,0.2974,2.3273,0.6492,97.04,12,0.9,1923
57637,14,2011,47,770.7465,2.7377,0.6139,43.97,22,1591.84,2481
57637,15,2011,48,0.2866,1.7811,0.5619,97.11,9,0.89,2631
57637,16,2011,49,0.3497,1.9456,0.5258,92.67,13,1.8,1774
57637,17,2011,50,25.6774,1.9502,0.544,93.97,12,138.78,1709
57637,18,2011,51,4.0358,2.2029,0.5283,0.0,18,2898.72,1686
57637,19,2011,52,10.8851,2.6525,0.5054,0.0,38,2923.98,2157
57637,20,2012,1,5.1041,1.9797,0.4377,0.0,23,2901.15,2127
57637,21,2012,2,1.8021,1.337,0.3865,0.0,11,2890.74,1535
57637,22,2012,3,0.2783,1.6077,0.6219,87.87,6,1.15,2110
57637,23,2012,4,0.2888,2.5467,0.6689,100.0,14,0.79,1716
57637,24,2012,5,0.2518,1.6634,0.5007,97.34,10,0.89,1767
57637,25,2012,6,0.4355,2.0566,0.5558,95.87,13,3.12,2711
57637,26,2012,7,0.424,2.2882,0.5598,86.58,17,1.73,2072
57637,27,2012,8,0.4577,2.8407,0.6117,76.25,25,1.29,1301
57637,28,2012,9,0.2146,2.4427,0.6814,100.0,12,0.74,2629
57637,29,2012,10,0.3475,2.9626,0.8264,80.99,12,0.89,2104
57637,31,2012,12,1.0057,1.6219,0.5777,95.38,7,4.46,1863
57637,32,2012,13,0.362,2.2308,0.6448,99.77,11,4.05,1773
57637,33,2012,14,0.246,1.9316,0.6439,99.12,8,0.9,1928
57637,34,2012,15,0.2896,2.6166,0.6697,100.0,15,0.78,1794
57637,35,2012,16,0.3543,2.7607,0.662,100.0,18,0.74,2425
57637,36,2012,17,0.2653,1.8599,0.5376,92.47,11,0.89,929
57637,37,2012,18,0.3533,2.5741,0.586,83.09,21,1.53,609
57637,38,2012,19,0.5768,2.7428,0.671,81.54,17,2.82,130
57637,39,2012,20,0.3053,1.5294,0.7647,68.97,4,0.89,29
57637,40,2012,21,323.1856,3.8701,0.7089,1.27,44,2901.47,158
57637,41,2012,22,3.9188,3.8738,0.7382,0.0,38,2897.34,124
57637,42,2012,23,5.8693,3.9702,0.6965,0.0,52,2900.8,302
57637,43,2012,24,6.1036,4.327,0.779,0.0,47,2902.4,178
57637,44,2012,25,5.5936,2.4628,0.6304,0.0,15,2897.65,88
57637,45,2012,26,4.7391,4.2122,0.7763,0.0,43,2901.21,247
57637,46,2012,27,18.0844,3.9649,0.745,0.0,40,2929.12,226
57637,47,2012,28,4.8664,4.079,0.8158,0.0,32,2896.53,101
57637,48,2012,29,148.0946,4.7789,0.8511,0.0,49,2944.58,157
57637,49,2012,30,54.5732,4.4806,0.9131,0.0,30,2896.36,84
57637,50,2012,31,8.5446,3.7026,0.7622,0.0,29,2925.48,121
57637,51,2012,32,3.1085,2.4284,0.5529,0.0,21,2896.38,122
57637,52,2012,33,1433.588,3.3641,0.841,36.21,16,2896.03,58
57637,53,2012,34,0.6806,3.5067,0.6893,83.42,34,3.05,193
57637,54,2012,35,0.3876,3.2182,0.7576,90.99,19,1.77,111
57637,55,2012,36,0.887,3.7921,0.7806,78.26,29,4.32,92
57637,56,2012,37,0.346,3.1803,0.7359,89.38,20,1.75,113
57637,57,2012,38,0.5141,2.7684,0.6405,93.0,20,2.95,100
57637,58,2012,39,1.619,3.2365,0.7489,92.24,20,8.24,116
57637,59,2012,40,0.3022,3.4631,0.7283,96.17,27,0.9,183
57637,60,2012,41,0.2803,3.8779,0.7287,98.92,40,1.25,278
57637,61,2012,42,90.0545,6.2417,0.8535,40.0,159,336.5,375
57637,62,2012,43,0.3081,3.331,0.7087,90.32,26,0.91,217
57637,63,2012,44,0.4034,3.8746,0.7821,79.25,31,1.51,212
57637,64,2012,45,0.2529,2.6874,0.6575,92.19,17,0.9,128
57637,65,2012,46,0.3954,4.0899,0.8508,83.12,28,1.47,154
57637,66,2012,47,5.6695,2.9249,0.6466,88.83,23,81.7,206
57637,67,2012,48,0.5073,3.82,0.7509,86.53,34,2.94,349
57637,68,2012,49,0.2813,3.3923,0.7849,96.58,20,1.03,146
57637,69,2012,50,1033.7143,3.8917,0.7783,65.79,32,2899.77,266
57637,70,2012,51,2.5109,2.5445,0.5238,0.0,29,2897.65,203
57637,71,2012,52,3.8969,3.6569,0.6659,0.0,45,2898.87,205
57637,72,2013,1,4.5754,2.9583,0.5722,0.0,36,2901.05,224
57637,73,2013,2,2.1368,1.8446,0.4513,0.0,17,2901.5,150
57637,74,2013,3,723.3304,4.2542,0.7577,75.0,49,2899.76,284
57637,75,2013,4,22.3665,3.6027,0.8079,60.76,22,54.54,288
57637,76,2013,5,1.0678,3.7118,0.7424,86.27,32,5.07,255
57637,77,2013,6,0.3037,3.6483,0.7957,88.89,24,0.96,198
57637,78,2013,7,0.2765,3.1944,0.7062,88.85,23,0.94,278
57637,79,2013,8,0.2439,3.0895,0.683,97.0,23,0.91,200
57637,80,2013,9,0.3215,3.3778,0.6884,86.99,30,1.6,269
57637,81,2013,10,571.9092,4.3648,0.7995,63.93,44,2899.69,219
57637,82,2013,11,494.9113,3.5668,0.599,0.0,62,2901.15,312
57637,83,2013,12,0.2984,2.87,0.8006,90.48,12,0.92,84
57637,86,2013,15,0.285,2.7733,0.7284,83.33,14,1.18,126
57637,87,2013,16,0.7213,3.1925,0.6506,86.86,30,5.24,175
57637,88,2013,17,3.2349,4.5162,0.7646,63.62,60,68.04,503
57637,89,2013,18,0.3524,3.6826,0.7505,84.36,30,1.66,211
57637,90,2013,19,97.6816,5.5646,0.7875,42.31,134,214.46,442
57637,91,2013,20,2.6417,1.768,0.6298,0.0,7,209.51,34
57637,92,2013,21,0.535,1.0623,0.5311,0.0,4,203.86,28
57637,93,2013,22,4.0199,1.4056,0.8869,0.0,3,210.05,8
57637,94,2013,23,3.8305,2.5502,0.6698,0.0,14,210.05,53
57637,95,2013,24,2.7387,1.2868,0.6434,0.0,4,210.07,30
57637,96,2013,25,4.4533,2.5541,0.7689,0.0,10,209.51,30
57637,97,2013,26,2.44,1.3501,0.5815,0.0,5,209.43,32
57637,98,2013,27,0.1642,0.65,0.65,0.0,2,203.86,18
57637,99,2013,28,3.9061,1.2192,0.7693,0.0,3,209.51,20
57637,100,2013,29,0.85,1.7544,0.6249,0.0,7,203.91,31
57637,101,2013,30,290.9054,1.4443,0.5587,0.0,6,2565.42,70
57637,102,2013,31,1.7174,1.4933,0.4978,0.0,8,203.89,86
57637,103,2013,32,0.3945,1.2988,0.8194,0.0,3,2889.62,8
57637,104,2013,33,114.8582,2.1133,0.9101,0.0,5,2938.11,9
57637,121,2013,50,0.5735,1.771,0.7627,0.0,5,2900.35,10
57637,122,2013,51,27.7791,2.678,0.8448,0.0,9,2924.47,21
57637,123,2013,52,760.5067,2.8226,0.9409,0.0,8,2889.0,15
57637,124,2014,1,657.4366,1.3514,0.4814,0.0,7,2889.65,43
57637,125,2014,2,1296.5574,3.682,0.8519,0.0,20,2900.08,56
57637,126,2014,3,0.002,0.0,0.0,100.0,1,0.47,2
57637,139,2014,16,0.0,0.0,0.0,0.0,1,0.92,1
57637,141,2014,18,0.0938,1.0,1.0,100.0,2,0.61,2
57637,147,2014,24,10.5401,1.0,1.0,0.0,2,2901.75,2
57637,153,2014,30,0.0,0.0,0.0,0.0,1,2888.92,1
57637,162,2014,39,0.0,0.0,0.0,0.0,1,1.41,1
57637,173,2014,50,0.5681,1.0,1.0,50.0,2,1.41,2
57637,180,2015,5,0.0,0.0,0.0,0.0,1,5.26,1
57637,182,2015,7,0.0,0.0,0.0,0.0,1,1.41,1
57637,183,2015,8,0.0,0.0,0.0,100.0,1,0.22,1
57896,8,2011,41,105.0122,2.9666,0.7114,82.99,18,1537.34,1029
57896,9,2011,42,395.9015,2.1903,0.8473,57.14,6,1536.58,672
57896,10,2011,43,271.7691,1.6779,0.395,99.86,19,12580.51,2146
57896,11,2011,44,0.2352,1.1732,0.2631,100.0,22,0.74,1850
57896,12,2011,45,1.3162,2.0557,0.5399,90.58,14,11.3,2027
57896,13,2011,46,0.2608,1.6067,0.8034,100.0,4,0.54,783
57896,14,2011,47,4.668,2.1961,0.732,57.69,8,11.3,1697
57896,15,2011,48,41.3522,2.8943,0.6313,75.02,24,117.35,2062
57896,16,2011,49,0.9619,0.9165,0.2891,97.14,9,5.95,1818
57896,17,2011,50,4.7873,1.999,0.6306,76.01,9,11.3,2097
57896,18,2011,51,5.3613,2.0858,0.5215,0.0,16,11.87,2241
57896,19,2011,52,13.2465,2.9258,0.6561,0.0,22,21.3,2202
57896,20,2012,1,4.3527,2.9881,0.7166,0.0,18,14.07,2007
57896,21,2012,2,15.3902,2.4304,0.5828,3.18,18,116.79,2010
57896,22,2012,3,4.0171,1.8245,0.5089,78.68,12,11.68,2223
57896,23,2012,4,0.1929,0.6795,0.3397,100.0,4,0.53,1242
57896,24,2012,5,0.763,1.7819,0.4561,96.04,15,6.61,1515
57896,25,2012,6,0.3446,2.164,0.4927,97.16,21,2.25,1337
57896,26,2012,7,3.7012,1.2683,0.4907,76.99,6,13.76,1443
57896,27,2012,8,1.1947,0.7234,0.2798,99.03,6,14.31,1852
57896,28,2012,9,1.4231,1.0671,0.3366,93.35,9,5.68,1715
57896,29,2012,10,1.0972,1.1745,0.5873,88.18,4,2.94,1836
57896,30,2012,11,4.4673,0.951,0.4096,0.0,5,21.96,1860
57896,31,2012,12,1.4903,0.6693,0.3347,97.17,4,8.93,1839
57896,32,2012,13,0.4821,0.7848,0.338,95.95,5,2.83,2198
57896,33,2012,14,4.5888,1.6856,0.6521,51.7,6,9.21,2300
57896,34,2012,15,3.2962,2.1173,0.7542,77.35,7,9.21,1819
57896,35,2012,16,0.2407,1.5118,0.7559,100.0,4,0.74,2564
57896,36,2012,17,0.3759,1.3169,0.4691,97.14,7,2.74,2378
57896,37,2012,18,0.2609,1.4333,0.3998,99.44,12,3.78,720
57896,38,2012,19,3.8735,2.868,0.6752,72.95,19,15.87,122
57896,39,2012,20,7.7739,3.6213,0.6804,0.0,40,24.54,194
57896,40,2012,21,4.6111,3.1251,0.5658,2.74,46,28.66,292
57896,41,2012,22,1072.888,4.3056,0.726,0.0,61,2903.07,188
57896,42,2012,23,47.4805,2.9689,0.9366,0.0,9,3001.64,13
57896,43,2012,24,746.4121,5.1352,0.8323,0.56,72,2899.76,179
57896,44,2012,25,4.4995,3.0895,0.5694,0.85,43,18.65,236
57896,45,2012,26,26.2767,3.7476,0.7042,5.33,40,202.64,169
57896,46,2012,27,11.4082,3.3522,0.8804,0.0,14,21.61,70
57896,47,2012,28,5.3167,2.5183,0.6614,0.0,14,14.04,87
57896,52,2012,33,0.0057,0.0,0.0,100.0,1,0.5,4
57896,53,2012,34,0.3272,2.4413,0.8138,95.38,8,1.03,65
57896,54,2012,35,20.3241,3.195,0.7392,96.4,20,140.81,139
57896,55,2012,36,0.4339,1.8449,0.9225,100.0,4,0.8,46
58168,8,2011,41,452.1877,1.0607,0.6692,0.0,3,893.34,214
58168,10,2011,43,0.0076,0.0,0.0,100.0,1,0.15,1190
58168,11,2011,44,0.0021,0.0,0.0,100.0,1,0.15,46
58168,13,2011,46,0.005,0.0,0.0,100.0,1,0.15,1375
58168,14,2011,47,0.0022,0.0,0.0,100.0,1,0.15,1028
58909,7,2011,40,0.0388,0.5993,0.5993,100.0,2,0.17,960
58909,8,2011,41,352.9096,1.6131,0.4129,74.92,15,886.68,2564
58909,9,2011,42,416.2405,2.9625,0.5776,15.77,35,896.63,2372
58909,10,2011,43,0.1943,1.4176,0.4472,100.0,9,0.68,2709
58909,11,2011,44,0.2231,1.4151,0.283,97.83,32,1.68,2485
58909,12,2011,45,355.5855,3.2337,0.6527,74.03,31,887.37,2692
58909,13,2011,46,44.8651,2.0466,0.4818,73.4,19,458.7,2105
58909,14,2011,47,313.0214,1.0028,0.271,13.94,13,890.51,1923
58909,15,2011,48,15.9661,1.9609,0.3958,96.12,31,82.59,2245
58909,16,2011,49,0.1131,1.0618,0.4108,100.0,6,0.43,1506
58909,17,2011,50,345.2671,2.6337,0.5221,69.93,33,887.07,1603
58909,18,2011,51,0.0114,0.0,0.0,0.0,1,886.65,1090
58909,19,2011,52,20.4449,1.1727,0.239,0.0,30,887.24,2204
58909,20,2012,1,5.6052,1.0754,0.2825,0.0,14,908.95,2088
58909,21,2012,2,312.9507,2.0144,0.4029,6.21,32,916.49,2238
58909,22,2012,3,0.9828,2.0848,0.5336,74.54,15,5.07,1732
58909,23,2012,4,154.469,2.1597,0.5179,91.03,18,838.77,2262
58909,24,2012,5,0.1217,1.5253,0.3904,100.0,15,0.74,2615
58909,25,2012,6,0.4021,2.5626,0.5589,95.05,24,3.53,2886
58909,26,2012,7,0.2429,2.0337,0.4277,100.0,27,0.89,2914
58909,27,2012,8,0.1585,0.9655,0.3046,100.0,9,0.73,2390
58909,28,2012,9,0.0676,0.6451,0.407,100.0,3,0.28,341
58909,29,2012,10,220.8552,1.116,0.4317,93.21,6,878.04,766
58909,30,2012,11,15.7097,1.6951,0.3697,0.0,24,890.81,2274
58909,31,2012,12,0.1729,1.5205,0.5416,100.0,7,0.74,1861
58909,32,2012,13,0.696,0.9724,0.2927,93.48,10,2.86,1243
58909,33,2012,14,0.2069,2.0194,0.5837,100.0,11,0.76,2313
58909,34,2012,15,2.438,1.2153,0.339,93.62,12,10.02,2710
58909,35,2012,16,0.2177,1.6116,0.4659,100.0,11,0.67,2127
58909,36,2012,17,0.2514,2.0212,0.4468,99.5,23,1.53,2410
58909,37,2012,18,0.1015,1.6713,0.439,100.0,14,0.63,1179
58909,38,2012,19,0.3767,2.2596,0.4866,94.54,25,2.08,238
58909,39,2012,20,6.3626,4.4386,0.7577,47.13,58,34.85,244
58909,40,2012,21,253.4156,3.2531,0.5679,0.0,53,892.27,464
58909,41,2012,22,8.7687,2.3972,0.51,0.0,26,907.83,337
58909,42,2012,23,21.0185,3.6096,0.6737,0.0,41,897.56,345
58909,43,2012,24,15.0333,3.7006,0.8071,0.0,24,896.12,234
58909,44,2012,25,17.6658,3.6804,0.7234,0.0,34,896.12,264
58909,45,2012,26,7.9074,3.289,0.7375,0.0,22,895.79,178
58909,46,2012,27,15.6244,3.1875,0.6781,0.0,26,917.47,174
58909,47,2012,28,16.0765,3.8584,0.7026,0.0,45,895.77,212
58909,48,2012,29,23.0431,3.319,0.6699,0.0,31,890.04,180
58909,49,2012,30,10.7942,2.8502,0.7702,0.0,13,896.75,59
58909,50,2012,31,7.7389,3.328,0.7357,0.0,23,895.75,141
58909,51,2012,32,10.7606,3.2334,0.7148,0.0,23,896.64,150
58909,52,2012,33,359.7809,5.3692,0.8915,32.67,65,887.32,150
58909,53,2012,34,11.4741,3.3299,0.6786,93.37,30,160.88,196
58909,54,2012,35,0.4557,3.8272,0.7347,95.22,37,4.43,230
58909,55,2012,36,0.2703,3.3637,0.7543,99.22,22,1.18,128
58909,56,2012,37,0.2304,3.1726,0.7114,100.0,22,0.75,95
58909,57,2012,38,0.7129,2.7033,0.5509,95.89,30,4.46,219
58909,58,2012,39,0.1904,2.3737,0.5692,99.36,18,1.31,157
58909,59,2012,40,0.294,2.8047,0.62,96.93,23,1.52,163
58909,60,2012,41,120.6164,4.5874,0.7562,84.23,67,698.55,260
58909,61,2012,42,179.9606,2.7181,0.4745,1.09,53,892.11,460
58909,62,2012,43,0.3133,3.1459,0.6544,97.18,28,1.51,213
58909,63,2012,44,0.2307,3.0175,0.6498,100.0,25,0.75,274
58909,64,2012,45,1.2513,3.3557,0.6223,93.35,42,9.12,391
58909,65,2012,46,93.7596,3.8578,0.6945,71.8,47,216.66,344
58909,66,2012,47,387.0898,3.26,0.5837,19.72,48,887.36,431
58909,67,2012,48,1.0578,3.2264,0.6148,94.33,38,5.42,441
58909,68,2012,49,0.2644,2.9392,0.641,98.25,24,1.51,343
58909,69,2012,50,441.1743,3.6562,0.6446,45.95,51,887.79,457
58909,70,2012,51,14.4711,3.8605,0.5727,0.0,107,907.88,667
58909,71,2012,52,507.6609,4.9666,0.713,0.0,125,1534.36,456
58909,72,2013,1,94.075,5.0343,0.7169,0.0,130,1835.66,704
58909,73,2013,2,639.6391,4.1516,0.6645,2.81,76,1857.58,463
58909,74,2013,3,0.3454,2.9209,0.5896,95.61,31,1.49,387
58909,75,2013,4,131.0585,4.1345,0.7218,68.98,53,329.83,332
58909,76,2013,5,0.2385,2.7135,0.5773,100.0,26,0.73,341
58909,77,2013,6,0.3156,3.6371,0.6881,99.71,39,1.85,344
58909,78,2013,7,0.7233,3.132,0.6012,96.99,37,4.43,366
58909,79,2013,8,9.5452,2.8915,0.6152,96.47,26,160.88,283
58909,80,2013,9,910.0221,2.6254,0.6075,98.95,20,8947.09,287
58909,81,2013,10,331.1668,3.8444,0.6883,79.35,48,910.48,310
58909,82,2013,11,150.43,4.2003,0.647,1.92,90,1015.34,521
58909,83,2013,12,0.3367,3.2152,0.6924,99.29,25,1.76,280
58909,84,2013,13,0.2794,2.4134,0.5788,99.07,18,1.58,214
58909,85,2013,14,0.7952,3.8659,0.6572,91.53,59,4.59,378
58909,86,2013,15,17.7828,3.6289,0.6463,92.04,49,301.4,377
58909,87,2013,16,0.3354,2.9875,0.5975,94.04,32,1.82,369
58909,88,2013,17,0.2507,3.0728,0.5944,99.52,36,1.28,416
58909,89,2013,18,0.2551,3.1116,0.67,98.43,25,1.07,318
58909,90,2013,19,293.0743,3.4866,0.5811,78.68,64,889.48,455
58909,91,2013,20,75.8558,2.5188,0.4535,0.0,47,891.81,563
58909,100,2013,29,66.5126,3.4708,0.632,0.0,45,897.1,339
58909,101,2013,30,7.3234,2.4791,0.5407,0.0,24,897.24,442
58909,102,2013,31,66.6116,3.6942,0.586,0.0,79,1241.77,692
58909,103,2013,32,221.5921,4.7911,0.7243,0.0,98,1243.14,553
58909,104,2013,33,22.8683,3.1741,0.5541,0.0,53,891.65,482
58909,105,2013,34,271.3998,3.6892,0.5642,2.7,93,913.4,518
58909,106,2013,35,0.0034,0.0,0.0,100.0,1,0.12,2
58909,107,2013,36,413.5572,4.8521,0.8181,40.14,61,888.16,142
58909,108,2013,37,0.4574,4.0142,0.835,93.02,28,1.24,86
58909,109,2013,38,0.1368,1.5055,0.6484,100.0,5,0.55,19
58909,111,2013,40,0.1432,1.1488,0.7248,100.0,3,0.48,7
58909,112,2013,41,0.2165,1.8022,0.6419,100.0,7,0.87,33
58909,113,2013,42,0.0,0.0,0.0,100.0,1,0.12,12
58909,114,2013,43,0.0036,0.0,0.0,0.0,1,1102.06,16
58909,115,2013,44,0.0,0.0,0.0,0.0,1,1102.06,10
58909,116,2013,45,195.4051,4.7708,0.8329,68.29,53,1102.06,123
58909,117,2013,46,0.3523,2.8911,0.6806,90.41,19,1.1,73
58909,118,2013,47,0.0,0.0,0.0,100.0,1,0.12,59
58909,119,2013,48,406.6642,4.502,0.8246,26.17,44,886.99,107
58909,120,2013,49,0.2553,0.6988,0.3494,96.15,4,1.27,26
58909,121,2013,50,0.0,0.0,0.0,100.0,1,0.11,6
58909,122,2013,51,326.2291,3.3713,0.6743,80.14,32,886.82,146
58909,123,2013,52,10.0066,3.3413,0.6683,0.0,32,890.93,152
58909,124,2014,1,91.6686,4.6998,0.837,0.0,49,996.57,158
58909,125,2014,2,29.449,3.6063,0.7584,0.0,27,891.75,91
58909,126,2014,3,0.607,2.4606,0.6151,94.9,16,4.63,98
58909,127,2014,4,0.99,1.979,0.6243,94.12,9,5.03,51
58909,128,2014,5,0.361,2.846,0.67,96.75,19,1.78,123
58909,129,2014,6,0.1934,1.6093,0.6226,100.0,6,0.66,50
58909,130,2014,7,0.6249,2.6008,0.7829,75.41,10,1.41,61
58909,131,2014,8,0.544,3.7702,0.8223,89.36,24,3.15,94
58909,132,2014,9,0.6279,1.2988,0.8194,62.5,3,1.1,8
58909,133,2014,10,0.0,0.0,0.0,100.0,1,0.11,1
58909,139,2014,16,413.7122,4.3841,0.7335,63.81,63,887.29,315
58909,140,2014,17,271.4725,3.3979,0.58,82.56,58,886.6,344
58909,141,2014,18,0.5327,3.0759,0.5904,94.01,37,4.73,334
58909,142,2014,19,0.9409,3.5914,0.6212,88.06,55,4.54,268
58909,179,2015,4,0.0,0.0,0.0,100.0,1,0.11,1
58909,180,2015,5,0.0079,1.0,1.0,100.0,2,0.13,2
58909,183,2015,8,0.0,0.0,0.0,100.0,1,0.12,1
59367,7,2011,40,0.3132,1.9936,0.7712,94.66,6,1.48,1029
59367,8,2011,41,83.9133,1.9844,0.5974,72.35,10,193.83,2145
59367,9,2011,42,44.6762,2.6988,0.8124,0.0,10,286.49,2042
59367,10,2011,43,1.1594,1.6005,0.6191,98.08,6,10.62,2290
59367,11,2011,44,0.1843,2.1075,0.7507,94.94,7,0.91,1619
59367,12,2011,45,0.2951,1.4558,0.9185,100.0,3,0.77,1429
59367,13,2011,46,0.2465,1.6579,0.714,100.0,5,0.77,2344
59367,14,2011,47,93.7904,2.2221,0.8596,44.97,6,189.71,2326
59367,15,2011,48,68.7641,2.0088,0.6696,74.72,8,187.6,2358
59367,16,2011,49,2.2505,1.296,0.648,82.72,4,5.52,2020
59367,17,2011,50,84.7256,2.1869,0.4835,66.43,23,191.18,2562
59367,18,2011,51,3.5941,1.6772,0.4678,0.0,12,201.35,2189
59367,19,2011,52,114.7169,1.9918,0.4689,0.0,19,193.7,2041
59367,20,2012,1,1.039,0.8537,0.4268,0.0,4,190.05,188
59367,21,2012,2,36.5979,2.1711,0.4799,3.58,23,206.81,1986
59367,22,2012,3,0.2554,1.7417,0.8708,100.0,4,0.74,2254
59367,23,2012,4,0.3013,1.768,0.5893,96.43,8,2.85,2576
59367,24,2012,5,0.2309,1.4929,0.7465,100.0,4,0.74,1777
59367,25,2012,6,0.2711,1.84,0.92,100.0,4,0.74,2500
59367,26,2012,7,0.2692,2.0736,0.8931,100.0,5,0.74,2461
59367,27,2012,8,0.2327,1.125,0.5625,100.0,4,0.74,2223
59367,28,2012,9,0.3005,1.955,0.6517,91.26,8,1.56,2449
59367,29,2012,10,0.2297,1.388,0.694,100.0,4,0.73,1136
59367,30,2012,11,73.2966,2.0665,0.4705,15.79,21,206.52,2444
59367,31,2012,12,0.4881,1.7491,0.623,99.04,7,4.83,2699
59367,32,2012,13,0.2976,1.5793,0.4982,99.92,9,3.26,2533
59367,33,2012,14,87.4783,1.7721,0.6312,65.76,7,191.13,2734
59367,34,2012,15,57.3742,2.1421,0.5626,83.14,14,191.13,2616
59367,35,2012,16,0.2684,1.6288,0.5802,98.75,7,1.15,2793
59367,36,2012,17,0.2868,1.2955,0.5579,100.0,5,0.74,1585
59367,37,2012,18,13.5282,1.931,0.4158,97.33,25,116.89,936
59367,38,2012,19,72.3427,2.9529,0.6528,77.78,23,215.62,153
59367,39,2012,20,53.71,4.0508,0.742,3.85,44,206.59,208
59367,40,2012,21,183.221,3.7642,0.6205,0.0,67,854.91,456
59367,41,2012,22,3.9095,3.8751,0.7098,0.0,44,864.72,374
59367,42,2012,23,5.7243,3.3223,0.6771,0.0,30,859.66,306
59367,43,2012,24,1.4573,3.3088,0.6959,0.0,27,853.46,373
59367,44,2012,25,2.7515,3.4107,0.6821,0.0,32,857.51,316
59367,45,2012,26,7.4452,4.1967,0.6995,0.0,64,865.02,349
59367,46,2012,27,4.0749,3.4727,0.677,0.0,35,869.83,286
59367,47,2012,28,4.682,3.5496,0.6426,0.0,46,861.87,360
59367,48,2012,29,167.9007,4.5551,0.7383,0.0,72,859.75,296
59367,49,2012,30,4.7606,3.6108,0.6501,0.0,47,206.64,428
59367,50,2012,31,3.3617,3.3438,0.6468,0.0,36,204.43,372
59367,51,2012,32,12.0502,3.3734,0.7457,0.0,23,206.22,122
59367,52,2012,33,102.0374,4.9538,0.9187,23.23,42,283.59,99
59367,53,2012,34,1.2718,2.288,0.6183,93.78,13,8.16,241
59367,54,2012,35,0.282,1.9315,0.7472,98.78,6,0.96,164
59367,55,2012,36,0.4086,2.3647,0.6836,95.31,11,1.59,256
59367,56,2012,37,0.8521,2.7162,0.7134,95.76,14,5.39,236
59367,57,2012,38,0.2901,2.2043,0.7348,99.41,8,1.16,170
59367,58,2012,39,0.6827,2.2968,0.6407,97.11,12,5.27,242
59367,59,2012,40,58.4608,3.7161,0.6848,72.55,43,152.57,306
59367,60,2012,41,32.904,3.1681,0.5994,90.93,39,187.27,452
59367,61,2012,42,84.3057,4.7558,0.7635,22.98,75,215.42,470
59367,62,2012,43,0.3134,1.9086,0.7383,98.75,6,1.5,401
59367,63,2012,44,0.7534,2.3595,0.6039,95.19,15,5.18,478
59367,64,2012,45,1.1623,1.8768,0.4592,94.95,17,9.12,396
59367,65,2012,46,0.2717,1.6727,0.4835,98.2,11,2.89,334
59367,66,2012,47,87.7217,3.4474,0.6277,28.74,45,200.54,421
59367,67,2012,48,0.3408,1.948,0.5631,97.79,11,2.79,407
59367,68,2012,49,0.6817,2.2836,0.5587,97.83,17,5.15,414
59367,69,2012,50,89.2021,3.7365,0.6929,75.4,42,315.14,443
59367,70,2012,51,2.5826,2.7638,0.6506,0.0,19,206.74,393
59367,71,2012,52,43.8883,3.3153,0.6517,0.0,34,206.74,243
59367,72,2013,1,181.6493,4.1494,0.7244,0.0,53,535.0,439
59367,73,2013,2,33.6497,3.2742,0.6111,3.12,41,206.76,417
59367,74,2013,3,0.4927,1.7328,0.4551,94.29,14,2.94,333
59367,75,2013,4,0.8102,1.9618,0.48,92.8,17,5.03,389
59367,76,2013,5,0.4881,1.7709,0.5903,97.74,8,3.92,265
59367,77,2013,6,0.5028,2.2968,0.5879,91.12,15,2.74,338
59367,78,2013,7,0.5851,2.6235,0.607,89.24,20,3.95,316
59367,79,2013,8,0.4646,2.2467,0.6071,95.97,13,2.76,273
59367,80,2013,9,0.6221,2.0222,0.5641,95.34,12,4.5,365
59367,81,2013,10,91.243,3.1276,0.7013,54.31,22,190.04,197
59367,82,2013,11,27.1556,3.862,0.7209,1.99,41,207.3,351
59367,83,2013,12,0.6198,2.3958,0.5746,96.09,18,5.06,307
59367,84,2013,13,81.9276,3.0064,0.596,67.67,33,193.54,331
59367,85,2013,14,64.9462,4.3212,0.7618,72.09,51,206.75,344
59367,86,2013,15,16.5624,2.7092,0.6168,87.37,21,117.12,285
59367,87,2013,16,0.3795,2.5696,0.6049,95.98,19,3.99,423
59367,88,2013,17,0.6215,3.6695,0.7154,92.06,35,4.06,340
59367,89,2013,18,25.1722,3.067,0.5192,90.23,60,117.67,440
59367,90,2013,19,67.5688,2.8589,0.553,79.2,36,190.87,500
59367,91,2013,20,3.7929,3.4315,0.6112,0.0,49,204.77,434
59367,92,2013,21,30.5664,3.6554,0.651,0.0,49,283.48,467
59367,93,2013,22,3.0768,3.7358,0.7068,0.0,39,200.51,471
59367,94,2013,23,6.1765,3.7362,0.8149,0.0,24,206.17,336
59367,95,2013,24,101.736,4.2798,0.7188,0.0,62,493.96,291
59367,96,2013,25,4.2274,2.9865,0.5574,0.0,41,827.8,363
59367,97,2013,26,9.9386,3.0915,0.545,0.0,51,841.37,404
59367,98,2013,27,88.3115,3.6968,0.6338,0.0,57,929.06,541
59367,99,2013,28,5.8572,3.7449,0.6152,0.0,68,839.58,599
59367,100,2013,29,46.2579,3.6943,0.6513,0.0,51,925.72,321
59367,101,2013,30,11.5444,3.2829,0.5788,0.0,51,861.7,484
59367,102,2013,31,6.3274,3.4254,0.6201,0.0,46,840.92,449
59367,103,2013,32,195.7226,4.5411,0.6945,0.0,93,827.8,432
59367,104,2013,33,75.2853,3.745,0.629,0.0,62,204.76,318
59367,122,2013,51,105.4358,5.0223,0.9042,0.0,47,190.06,82
59367,123,2013,52,80.3453,3.2857,0.5379,0.0,69,191.16,701
59367,124,2014,1,4.5982,2.0386,0.4507,0.0,23,206.99,505
59367,125,2014,2,31.6647,3.8891,0.6697,0.0,56,283.3,651
59367,126,2014,3,76.361,3.166,0.6172,70.56,35,190.17,377
59367,128,2014,5,0.5226,2.9659,0.6982,97.86,19,3.29,140
59367,129,2014,6,0.3102,2.1968,0.8498,100.0,6,0.61,15
59367,130,2014,7,1.4111,4.443,0.8348,81.19,40,5.06,101
59367,131,2014,8,0.3628,3.3576,0.7323,96.64,24,1.15,149
59367,132,2014,9,0.807,4.8048,0.9091,94.12,39,4.64,102
59367,133,2014,10,65.8493,5.1228,0.9173,76.92,48,188.78,104
59367,135,2014,12,0.4095,4.6392,0.8717,95.0,40,1.74,120
59367,136,2014,13,0.3074,4.272,0.8794,100.0,29,0.78,108
59367,137,2014,14,1.484,4.5852,0.909,84.42,33,5.47,77
59367,138,2014,15,0.2982,4.4553,0.8618,97.86,36,0.91,140
59367,139,2014,16,0.3187,2.585,1.0,100.0,6,0.6,6
59367,141,2014,18,0.0,0.0,0.0,100.0,1,0.17,1
59367,142,2014,19,0.0,0.0,0.0,100.0,1,0.53,1
59367,144,2014,21,0.0,0.0,0.0,0.0,1,188.46,1
59367,145,2014,22,0.0,0.0,0.0,0.0,1,188.46,1
59367,150,2014,27,0.0,0.0,0.0,0.0,1,188.45,1
59367,154,2014,31,0.0,0.0,0.0,0.0,1,188.45,1
59367,156,2014,33,0.0,0.0,0.0,0.0,1,202.54,1
59367,172,2014,49,0.0,0.0,0.0,100.0,1,0.37,1
59367,175,2014,52,0.0,0.0,0.0,0.0,1,188.46,1
59367,183,2015,8,0.0,0.0,0.0,0.0,1,92.12,1
59367,188,2015,13,0.0,0.0,0.0,100.0,1,0.66,1
59367,191,2015,16,0.0,0.0,0.0,100.0,1,0.66,1
60482,7,2011,40,0.4139,0.9834,0.9834,42.42,2,1.0,165
60482,8,2011,41,0.6742,2.5765,0.6767,78.02,14,1.72,1970
60482,9,2011,42,0.4967,2.4789,0.6197,89.0,16,1.72,1255
60482,10,2011,43,0.9023,2.3751,0.6238,73.54,14,2.92,1353
60482,11,2011,44,0.2369,1.6759,0.5045,99.91,10,0.91,1172
60482,12,2011,45,0.2319,1.3555,0.5244,100.0,6,0.74,1651
60482,13,2011,46,38.8661,0.8689,0.2896,83.06,8,115.98,1712
60482,14,2011,47,0.1246,0.5422,0.5422,100.0,2,0.74,1494
60482,15,2011,48,0.1778,0.3678,0.2321,95.93,3,1.52,1425
60482,16,2011,49,0.2216,0.7218,0.4554,100.0,3,0.74,1429
60482,17,2011,50,32.0315,1.3312,0.5733,89.05,5,141.53,1005
60482,18,2011,51,0.0,0.0,0.0,0.0,1,10650.37,104
60482,21,2012,2,13.1558,2.0103,0.7161,0.0,7,143.08,282
60482,22,2012,3,15.6607,1.2706,0.4235,91.21,8,116.48,1730
60482,23,2012,4,0.6338,1.8447,0.6571,74.55,7,2.94,1839
60482,24,2012,5,0.2615,0.8612,0.3332,94.41,6,1.56,1897
60482,25,2012,6,0.2313,0.8187,0.3526,96.16,5,1.63,2161
60482,26,2012,7,1.5978,0.6734,0.29,92.12,5,6.05,2019
60482,27,2012,8,0.3741,1.4368,0.4325,94.83,10,4.45,2069
60482,28,2012,9,0.2816,1.5647,0.5574,99.59,7,0.98,975
60482,29,2012,10,1470.5909,1.2511,0.7893,66.67,3,3104.94,63
60482,30,2012,11,1215.8295,1.7752,0.6867,12.5,6,3104.95,32
60482,31,2012,12,2.1332,2.1867,0.9418,81.82,5,5.13,11
60482,32,2012,13,22.6387,2.0568,0.7957,70.73,6,56.41,41
60482,33,2012,14,0.0,0.0,0.0,100.0,1,0.75,5
60482,34,2012,15,0.2969,1.9928,0.7709,94.12,6,1.58,17
60482,35,2012,16,0.0081,0.0,0.0,100.0,1,0.73,10
60482,36,2012,17,0.4294,0.9183,0.9183,33.33,2,1.58,3
60482,37,2012,18,0.4288,0.9183,0.9183,66.67,2,1.58,9
60482,38,2012,19,998.3933,0.5665,0.5665,86.67,2,2930.86,15
60482,39,2012,20,0.0,0.0,0.0,0.0,1,2889.87,2
60482,52,2012,33,48.934,1.6482,0.8241,33.33,4,139.87,21
60482,54,2012,35,0.3047,2.6062,0.9284,100.0,7,0.72,15
60482,55,2012,36,0.6171,2.585,0.9208,75.0,7,1.18,12
60482,57,2012,38,0.2285,1.7925,0.8962,100.0,4,0.7,12
60482,58,2012,39,0.4823,1.771,0.7627,100.0,5,1.06,20
60482,59,2012,40,0.413,2.3554,0.9112,100.0,6,0.76,12
60482,60,2012,41,374.76,1.922,0.961,84.62,4,1038.09,13
60482,61,2012,42,258.9817,1.7947,0.773,6.25,5,1069.54,16
60482,62,2012,43,0.2949,1.9501,0.975,100.0,4,0.73,13
60482,63,2012,44,0.339,2.3565,0.9116,100.0,6,0.75,22
60482,65,2012,46,0.2318,1.7178,0.6645,100.0,6,0.75,24
60482,66,2012,47,0.1387,0.9544,0.9544,100.0,2,0.74,8
60482,67,2012,48,0.2959,0.9968,0.9968,100.0,2,0.75,15
60482,68,2012,49,0.5888,2.2817,0.8127,95.65,7,2.19,23
60482,69,2012,50,0.0914,0.5033,0.5033,100.0,2,0.76,18
60482,73,2013,2,0.0003,0.0,0.0,0.0,1,139.89,2
60482,74,2013,3,0.1436,1.6258,0.8129,100.0,4,0.74,12
60482,75,2013,4,1.6415,1.2366,0.6183,86.67,4,4.4,15
60482,76,2013,5,0.2689,1.592,0.796,100.0,4,0.73,34
60482,77,2013,6,0.1958,1.1488,0.7248,100.0,3,0.73,7
60482,78,2013,7,0.2655,2.5104,0.7557,100.0,10,0.73,43
60482,79,2013,8,0.2442,1.0958,0.6914,100.0,3,0.73,11
60482,80,2013,9,0.7665,2.4427,0.8142,88.37,8,2.74,43
60482,81,2013,10,715.2122,3.2984,0.8663,68.0,14,1850.48,50
60482,82,2013,11,0.0079,0.0,0.0,0.0,1,1850.49,23
60482,83,2013,12,28.9632,1.009,0.5045,95.56,4,140.7,45
60482,84,2013,13,100.3091,3.292,0.8896,60.0,13,216.75,35
60482,85,2013,14,0.326,2.79,0.7328,100.0,14,0.79,51
60482,86,2013,15,0.0778,0.8113,0.8113,100.0,2,0.58,16
60482,87,2013,16,0.1682,1.5332,0.7666,100.0,4,0.68,20
60482,88,2013,17,0.1338,0.8905,0.8905,100.0,2,0.62,13
60482,89,2013,18,0.2897,2.1085,0.9081,100.0,5,0.61,16
60482,90,2013,19,26.6733,2.5654,0.9138,69.23,7,99.99,13
60482,91,2013,20,48.2178,3.4375,0.8798,0.0,15,140.83,37
60482,92,2013,21,0.0048,0.0,0.0,0.0,1,10650.3,3
60482,93,2013,22,0.0782,0.8113,0.8113,0.0,2,10650.36,4
60482,105,2013,34,66.5736,3.128,0.9416,11.11,10,151.59,18
60830,7,2011,40,43.4171,2.0116,0.3685,97.58,44,854.71,1159
60830,8,2011,41,126.0427,3.415,0.484,85.69,133,568.83,2529
60830,9,2011,42,93.6377,2.4034,0.3976,92.82,66,568.83,1045
60830,10,2011,43,0.3604,3.1465,0.5285,97.33,62,6.04,3264
60830,11,2011,44,0.2879,2.4077,0.4266,98.1,50,1.6,3161
60830,12,2011,45,0.3909,1.5208,0.411,97.62,13,2.6,2730
60830,13,2011,46,0.6676,1.0949,0.3454,94.49,9,2.7,2869
60830,14,2011,47,1.2873,1.9439,0.6132,81.66,9,5.55,3244
60830,15,2011,48,0.2021,0.6313,0.2719,99.67,5,0.98,3341
60830,16,2011,49,0.6801,0.538,0.1916,93.01,7,2.69,2733
60830,17,2011,50,23.9282,0.8185,0.1622,94.88,33,139.9,2771
60830,21,2012,2,864.6506,3.9632,0.6423,8.33,72,2951.29,2208
60830,22,2012,3,0.231,0.9414,0.3642,99.64,6,1.13,3045
60830,23,2012,4,0.3462,2.2375,0.9636,100.0,5,0.74,1318
60830,24,2012,5,0.4166,1.9203,0.6401,97.83,8,2.71,2675
60830,25,2012,6,0.3477,1.8454,0.4613,99.59,16,1.52,2699
60830,26,2012,7,0.1736,0.6147,0.3878,100.0,3,0.73,1769
60830,27,2012,8,0.3196,1.2262,0.6131,81.32,4,0.98,2585
60830,28,2012,9,0.3908,2.635,0.6588,99.23,16,1.47,2742
60830,29,2012,10,70.8631,2.6957,0.4314,94.06,76,467.52,2594
60830,30,2012,11,178.6797,1.5293,0.3381,13.83,23,539.63,3102
60830,31,2012,12,0.2205,0.6653,0.2099,100.0,9,0.89,3082
60830,32,2012,13,0.3525,1.6845,0.6517,100.0,6,0.74,2532
60830,33,2012,14,1.1847,1.819,0.7037,97.92,6,7.87,3030
60830,34,2012,15,0.0536,1.2172,0.768,100.0,3,0.46,2251
60830,35,2012,16,0.3738,1.781,0.5619,85.38,9,0.9,3289
60830,36,2012,17,0.1343,1.3588,0.5852,100.0,5,0.61,2870
60830,37,2012,18,0.1721,1.1212,0.4829,100.0,5,0.65,2132
60830,38,2012,19,411.0401,1.7368,0.6187,87.66,7,2935.38,2302
60830,52,2012,33,561.9365,1.8536,0.9268,0.0,4,1051.28,141
60830,53,2012,34,0.1634,1.0468,0.5234,100.0,4,0.59,2004
60830,54,2012,35,0.2102,1.7583,0.6802,100.0,6,0.64,2290
60830,55,2012,36,0.23,1.5959,0.6873,100.0,5,0.46,1771
60830,56,2012,37,0.2751,1.053,0.4073,100.0,6,0.48,2291
60830,57,2012,38,0.226,1.454,0.6262,100.0,5,0.6,2021
60830,58,2012,39,0.1777,2.1005,0.6626,100.0,9,0.59,2187
60830,59,2012,40,0.1499,0.4646,0.2323,100.0,4,0.51,2327
60830,60,2012,41,16.7942,1.6384,0.5461,98.31,8,141.49,2487
60830,61,2012,42,331.1972,2.1715,0.5868,81.56,13,910.06,1893
60830,62,2012,43,0.2965,2.05,0.7302,100.0,7,0.6,1863
60830,63,2012,44,0.198,1.2262,0.4743,100.0,6,0.62,2403
60830,64,2012,45,0.1625,1.681,0.5603,100.0,8,0.46,2625
60830,65,2012,46,0.2484,1.24,0.4417,100.0,7,0.68,1742
60830,66,2012,47,1.445,1.7258,0.5444,91.6,9,5.28,2239
60830,67,2012,48,1.7198,1.2516,0.6258,88.97,4,5.23,2702
60830,68,2012,49,0.1583,0.606,0.606,100.0,2,0.75,3240
60830,69,2012,50,0.1002,1.3607,0.6804,100.0,4,0.76,1656
60830,74,2013,3,0.1483,0.9412,0.9412,100.0,2,0.44,2102
60830,75,2013,4,0.2038,1.2337,0.7784,100.0,3,0.74,3258
60830,76,2013,5,0.1628,0.9536,0.6016,100.0,3,0.74,2764
60830,77,2013,6,194.5945,1.6222,0.4689,81.95,11,672.4,2549
60830,78,2013,7,0.3017,0.904,0.5704,100.0,3,0.54,802
60830,107,2013,36,0.6818,2.6217,0.6066,81.88,20,3.26,149
60830,108,2013,37,0.2181,2.0941,0.55,100.0,14,0.76,90
60830,110,2013,39,0.2478,1.9308,0.6436,98.57,8,1.26,70
60830,111,2013,40,0.7318,2.2927,0.4937,94.27,25,5.23,279
60830,112,2013,41,0.1632,1.0613,0.6696,100.0,3,0.74,8
60830,114,2013,43,1600.537,4.7418,0.7185,32.1,97,3220.27,433
60830,115,2013,44,0.6112,3.0288,0.6173,88.57,30,2.4,245
60830,116,2013,45,0.2947,2.3634,0.8419,100.0,7,0.89,32
60830,117,2013,46,31.5923,2.3078,0.4616,95.01,32,601.41,361
60830,118,2013,47,0.3638,2.3367,0.5096,95.41,24,1.73,283
60830,119,2013,48,0.8957,2.1803,0.5133,85.49,19,3.59,193
60830,120,2013,49,0.6592,3.1101,0.6165,87.98,33,4.16,391
60830,121,2013,50,0.5348,1.5382,0.4291,94.05,12,4.05,168
60830,122,2013,51,0.2388,1.946,0.5625,100.0,11,0.77,96
60830,127,2014,4,0.0,0.0,0.0,0.0,1,5898.58,3
60830,128,2014,5,0.0146,0.0,0.0,0.0,1,5898.6,14
60830,145,2014,22,41.5367,2.2744,0.8799,0.0,6,141.24,16
60830,146,2014,23,4.4081,4.375,0.7212,36.04,67,63.87,369
60830,147,2014,24,0.5467,2.3608,0.4911,33.33,28,1.73,210
60830,148,2014,25,0.4413,2.1968,0.8498,40.0,6,1.48,15
60830,150,2014,27,0.0087,0.3999,0.3999,100.0,2,0.43,63
60830,151,2014,28,4008.9085,4.358,0.8566,13.54,34,10609.43,96
60830,152,2014,29,991.7168,1.1332,0.715,0.0,3,12301.76,86
60830,153,2014,30,0.0,0.0,0.0,0.0,1,12301.76,8
60830,156,2014,33,0.0,0.0,0.0,0.0,1,10609.61,1
60830,157,2014,34,878.7576,3.203,0.6663,66.67,28,10609.61,150
60830,158,2014,35,0.6806,2.8793,0.8032,81.25,12,1.58,48
60830,161,2014,38,0.7239,2.3478,0.8363,86.21,7,1.59,29
60830,168,2014,45,0.3341,2.4616,0.7766,96.67,9,0.9,30
60830,169,2014,46,0.833,2.5395,0.5695,96.04,22,4.63,101
60830,170,2014,47,2.7385,3.5408,0.7723,47.06,24,6.87,51
60830,171,2014,48,1.9152,3.3483,0.7402,76.79,23,6.26,56
60830,172,2014,49,0.3498,2.8802,0.6557,100.0,21,1.17,89
60830,173,2014,50,0.4513,2.4057,0.6318,93.75,14,2.39,48
60830,174,2014,51,630.3811,2.6022,0.9269,0.0,7,1826.31,16
60830,175,2014,52,0.0085,0.0,0.0,0.0,1,3581.67,26
60830,176,2015,1,0.376,1.0914,0.5457,0.0,4,3581.67,94
60830,177,2015,2,1577.755,3.4704,0.7219,19.79,28,3581.66,96
60830,178,2015,3,2.2339,1.3093,0.8261,63.64,3,5.17,22
60830,179,2015,4,1.6629,3.9993,0.7016,80.36,52,6.3,168
60830,180,2015,5,36.7362,4.6828,0.8527,52.5,45,113.79,80
60830,182,2015,7,1.7047,2.8695,0.6755,77.33,19,6.16,75
60830,183,2015,8,0.588,3.6814,0.7742,93.57,27,1.54,140
60830,184,2015,9,0.2528,1.3671,0.4116,100.0,10,0.82,49
60830,185,2015,10,0.3927,1.9236,0.6852,93.1,7,1.05,29
60830,186,2015,11,508.0218,5.8084,0.8381,38.74,122,1352.54,222
60830,187,2015,12,0.4016,2.9638,0.5982,96.44,31,1.32,309
60830,188,2015,13,62.4548,4.7673,0.8898,41.86,41,131.45,86
60830,189,2015,14,1.8492,3.9982,0.728,83.55,45,13.89,152
60830,190,2015,15,1.3132,4.174,0.6983,85.09,63,5.19,275
60830,191,2015,16,1.5815,2.2407,0.5482,84.34,17,5.55,83
60830,192,2015,17,0.2382,2.6635,0.9488,100.0,7,0.46,11
61280,8,2011,41,1.6514,2.1148,0.5554,89.56,14,5.89,1034
61280,9,2011,42,0.1483,0.7722,0.4872,100.0,3,0.74,1425
61280,10,2011,43,1.2751,1.4338,0.4316,18.63,10,8.06,2812
61280,11,2011,44,0.1649,1.3902,0.5987,61.81,5,0.91,3166
61280,12,2011,45,0.1326,0.1563,0.0986,100.0,3,0.77,2912
61280,13,2011,46,0.9131,1.1483,0.3828,96.22,8,5.57,3094
61280,14,2011,47,0.1639,0.579,0.2895,99.94,4,1.05,3147
61280,15,2011,48,0.7643,1.192,0.3051,95.43,15,5.04,3152
61280,16,2011,49,0.1771,0.7891,0.2811,100.0,7,0.76,2936
61280,17,2011,50,535.5534,2.4758,0.54,49.7,24,1069.84,2499
61280,18,2011,51,1.2176,1.9658,0.5032,0.0,15,1069.82,2938
61280,19,2011,52,101.9334,2.3419,0.4149,0.0,50,1078.39,2950
61280,20,2012,1,3.9743,1.444,0.3341,0.0,20,1069.64,2733
61280,21,2012,2,224.9891,1.6411,0.4435,3.05,13,1069.65,2593
61280,22,2012,3,0.1729,0.8672,0.3355,100.0,6,0.74,2770
61280,23,2012,4,0.4932,1.0815,0.3126,96.96,11,3.91,2865
61280,24,2012,5,0.2485,1.115,0.3717,98.63,8,1.56,2912
61280,25,2012,6,32.7836,1.3525,0.3381,88.79,16,116.82,2676
61280,26,2012,7,0.1933,0.8228,0.2743,99.77,8,1.61,2647
61280,27,2012,8,43.1652,2.3984,0.4841,75.65,31,117.05,2550
61280,28,2012,9,0.2679,1.1356,0.3785,97.23,8,0.98,2707
61280,29,2012,10,903.6176,2.3255,0.4787,81.96,29,2950.32,2710
61280,30,2012,11,579.2373,3.3685,0.5938,1.43,51,3034.1,2233
61280,31,2012,12,0.3569,0.9481,0.2562,98.51,13,3.78,2819
61280,32,2012,13,0.4467,1.1605,0.3354,97.1,11,2.83,2754
61280,33,2012,14,1.4753,1.4528,0.3212,93.56,23,12.07,2376
61280,34,2012,15,15.4085,1.7509,0.5271,92.74,10,81.03,1846
61280,35,2012,16,0.2837,1.022,0.3954,99.37,6,0.99,1119
61280,36,2012,17,0.005,0.0,0.0,100.0,1,0.74,8
61280,37,2012,18,0.0973,0.3228,0.3228,100.0,2,0.74,17
61280,38,2012,19,374.2887,0.9464,0.5971,85.71,3,1068.9,14
61280,39,2012,20,13.1179,2.5907,0.6804,0.0,14,1069.77,30
61280,40,2012,21,3.5357,1.9219,0.961,0.0,4,1069.77,5
61280,41,2012,22,1811.3261,2.9511,0.931,0.0,9,2933.63,21
61280,42,2012,23,4.3072,2.2448,0.7996,0.0,7,2921.75,78
61280,43,2012,24,4.0498,2.9608,0.8913,0.0,10,2922.01,58
61280,44,2012,25,0.3733,1.6402,0.8201,0.0,4,2921.75,15
61280,45,2012,26,2.5608,1.3545,0.6773,0.0,4,2921.77,49
61280,46,2012,27,3.7368,2.1418,0.9224,0.0,5,2923.5,19
61280,47,2012,28,4.7083,2.1181,0.9122,0.0,5,2921.66,11
61280,48,2012,29,3.2891,2.6313,0.9373,0.0,7,2921.72,17
61280,49,2012,30,2.3007,1.2752,0.6376,0.0,4,2921.73,18
61280,50,2012,31,995.3294,2.0165,0.6361,0.0,9,2921.73,30
61280,51,2012,32,0.8449,0.469,0.469,0.0,2,1068.88,20
61280,52,2012,33,516.7498,2.6386,0.8795,0.0,8,1068.88,21
61280,53,2012,34,0.1364,0.5665,0.5665,100.0,2,0.75,15
61280,54,2012,35,0.0517,0.1511,0.1511,100.0,2,0.72,46
61280,55,2012,36,0.5699,0.8113,0.8113,100.0,2,0.72,16
61280,56,2012,37,23.4634,0.5661,0.283,93.33,4,113.3,45
61280,57,2012,38,0.5763,0.8366,0.8366,100.0,2,0.72,15
61280,58,2012,39,0.1663,0.999,0.4995,100.0,4,0.73,26
61280,59,2012,40,0.0,0.0,0.0,100.0,1,0.72,22
61280,60,2012,41,498.4367,2.0781,0.6927,65.12,8,1068.95,43
61280,61,2012,42,217.999,1.6712,0.5953,4.35,7,1069.77,46
61280,62,2012,43,0.1075,0.4395,0.4395,100.0,2,0.74,22
61280,63,2012,44,0.0009,0.0,0.0,100.0,1,0.74,21
61280,64,2012,45,0.0003,0.0,0.0,100.0,1,0.74,23
61280,65,2012,46,0.0011,0.0,0.0,100.0,1,0.74,47
61280,66,2012,47,77.5554,2.4362,0.8121,53.85,8,159.01,39
61280,67,2012,48,59.7829,1.4393,0.6199,82.35,5,157.43,17
61280,68,2012,49,3152.2516,1.4822,0.6383,94.29,5,13002.93,35
61280,69,2012,50,341.7179,1.3985,0.6992,88.46,4,1068.91,26
61280,70,2012,51,0.561,0.9439,0.3651,0.0,6,1069.57,68
61280,71,2012,52,32.1778,1.4591,0.9206,0.0,3,1068.94,6
61280,72,2013,1,0.6914,1.2244,0.7725,0.0,3,1068.94,9
61280,73,2013,2,0.0286,0.9183,0.9183,0.0,2,1068.95,3
61280,74,2013,3,490.274,0.8813,0.8813,70.0,2,1068.91,10
61280,75,2013,4,0.0015,0.0,0.0,100.0,1,0.73,7
61280,76,2013,5,0.0004,0.0,0.0,100.0,1,0.73,4
61280,77,2013,6,0.0012,0.0,0.0,100.0,1,0.73,2
61280,78,2013,7,0.0024,0.0,0.0,100.0,1,0.73,3
61280,80,2013,9,0.0,0.0,0.0,100.0,1,0.72,10
61280,84,2013,13,0.0,0.0,0.0,100.0,1,0.59,1
61280,85,2013,14,0.0,0.0,0.0,100.0,1,0.57,2
61280,90,2013,19,0.0,0.0,0.0,100.0,1,0.68,2
62555,7,2011,40,0.5897,2.1605,0.4919,95.0,21,4.63,2220
62555,8,2011,41,960.0983,2.8963,0.5846,78.32,31,2941.83,3159
62555,9,2011,42,342.7769,3.4751,0.6096,0.0,52,2942.95,2509
62555,10,2011,43,0.2337,3.0757,0.6398,99.72,28,1.51,3233
62555,11,2011,44,0.3278,2.1273,0.4474,95.5,27,1.45,3066
62555,12,2011,45,0.1683,1.3513,0.3378,100.0,16,0.71,2687
62555,13,2011,46,1.7797,2.5511,0.5494,91.73,25,8.08,2987
62555,14,2011,47,349.2788,2.4937,0.4902,24.33,34,781.1,2816
62555,15,2011,48,0.2539,2.1089,0.6348,100.0,10,0.74,2554
62555,16,2011,49,0.2646,2.7766,0.6793,100.0,17,0.77,2395
62555,17,2011,50,468.9031,2.7182,0.5299,70.43,35,1256.85,2320
62555,18,2011,51,863.6759,3.1492,0.6962,0.0,23,1825.79,1413
62555,19,2011,52,92.9868,4.2377,0.7716,0.0,45,1825.75,1752
62555,20,2012,1,418.9349,4.6089,0.7711,0.0,63,1030.68,2715
62555,21,2012,2,160.5529,3.6316,0.7476,0.0,29,1257.4,2066
62555,22,2012,3,13.5493,1.9318,0.4332,97.44,22,115.43,2228
62555,23,2012,4,0.2793,2.3981,0.7565,100.0,9,0.74,2266
62555,24,2012,5,1096.1344,2.2251,0.5563,99.17,16,12107.42,1815
62555,25,2012,6,0.2107,2.6071,0.5846,100.0,22,0.74,1663
62555,26,2012,7,3.7966,2.1468,0.4967,99.94,20,160.88,1798
62555,27,2012,8,0.2397,1.8762,0.507,100.0,13,0.74,1219
62555,28,2012,9,0.1916,1.7738,0.5127,100.0,11,0.73,2504
62555,29,2012,10,558.0137,2.6629,0.5427,80.25,30,1755.71,2567
62555,30,2012,11,592.5636,2.0959,0.5505,5.46,14,1755.95,1814
62555,31,2012,12,0.2624,2.0509,0.5018,99.91,17,3.79,2117
62555,32,2012,13,0.3425,2.4212,0.5923,94.71,17,1.57,1757
62555,33,2012,14,0.2272,1.7568,0.4065,99.43,20,1.6,2444
62555,34,2012,15,7.4274,2.4293,0.5298,93.32,24,55.4,2096
62555,35,2012,16,6.2528,2.5752,0.63,98.69,17,54.74,1295
62555,36,2012,17,1.2471,2.599,0.5597,94.94,25,6.41,1363
62555,37,2012,18,1.0678,3.2308,0.6957,81.4,25,5.26,258
62555,38,2012,19,1156.0663,5.2271,0.8779,29.58,62,2935.38,142
62555,44,2012,25,8.1802,3.5524,0.9093,0.0,15,2941.24,41
62555,45,2012,26,4.7022,1.2516,0.7897,0.0,3,2941.24,6
62555,52,2012,33,510.7104,2.1281,0.9165,0.0,5,1851.2,7
62555,53,2012,34,27.2832,2.4885,0.5666,90.58,21,141.27,223
62555,54,2012,35,6.5859,2.7022,0.648,93.53,18,54.36,201
62555,55,2012,36,0.6171,2.7586,0.7974,87.23,11,1.77,47
62555,56,2012,37,0.4383,1.9934,0.7101,97.76,7,1.57,134
62555,57,2012,38,0.4067,2.929,0.7915,97.3,13,1.16,74
62555,58,2012,39,0.3288,1.8598,0.6199,97.56,8,1.06,82
62555,59,2012,40,0.756,2.4606,0.6864,94.94,12,4.5,79
62555,60,2012,41,1.3431,2.3303,0.8301,90.48,7,4.5,21
62555,61,2012,42,0.4708,2.0404,0.8787,90.91,5,0.99,11
62555,62,2012,43,0.541,2.6613,0.7693,92.22,11,1.5,90
62555,63,2012,44,0.4936,2.4519,0.6839,95.69,12,2.27,209
62555,64,2012,45,0.5039,2.8056,0.7582,88.61,13,1.52,158
62555,65,2012,46,7.8062,2.5992,0.6653,85.59,15,27.57,111
62555,66,2012,47,344.1243,4.8338,0.8361,14.66,55,824.15,116
62555,67,2012,48,0.6165,2.6251,0.7094,93.52,13,3.23,108
62555,68,2012,49,0.3913,2.063,0.621,97.96,10,1.12,147
62555,69,2012,50,50.685,3.8192,0.7277,72.47,38,145.17,178
62555,74,2013,3,0.578,2.707,0.6929,87.5,15,1.72,112
62555,75,2013,4,11.1788,3.57,0.7206,69.43,31,54.54,157
62555,76,2013,5,0.4594,2.6626,0.6161,96.15,20,1.0,156
62555,77,2013,6,8.7583,2.8654,0.663,92.02,20,45.54,238
62555,78,2013,7,52.0837,4.1795,0.7105,78.67,59,170.96,211
62555,79,2013,8,0.61,2.6313,0.734,92.17,12,2.36,166
62555,80,2013,9,1.547,2.9921,0.6293,80.0,27,6.52,240
62555,81,2013,10,468.281,4.3636,0.8092,37.5,42,1041.67,152
62555,82,2013,11,38.8257,4.4681,0.7958,0.0,49,1042.44,214
62555,83,2013,12,49.1825,2.5703,0.5764,94.8,22,481.99,250
62555,84,2013,13,59.5985,4.0084,0.7139,67.62,49,156.55,244
62555,85,2013,14,39.4939,4.5036,0.83,70.0,43,118.79,150
62555,86,2013,15,1.2733,2.7987,0.6997,87.21,16,5.21,172
62555,87,2013,16,0.4895,2.3238,0.6995,97.87,10,1.1,141
62555,88,2013,17,21.4286,2.5502,0.5197,90.31,30,117.71,320
62555,89,2013,18,0.5395,2.1998,0.5945,92.42,13,1.66,264
62555,90,2013,19,283.8576,3.8192,0.6414,72.99,62,1056.38,348
62555,91,2013,20,730.8396,2.9344,0.6908,0.0,19,1749.48,78
62555,92,2013,21,135.9071,4.5961,0.7291,0.0,79,1762.09,418
62555,93,2013,22,126.9231,5.3154,0.7885,0.0,107,1758.27,391
62555,94,2013,23,12.3052,2.8657,0.6426,0.0,22,1758.34,296
62555,95,2013,24,5.1841,2.6917,0.5796,0.0,25,1757.52,288
62555,96,2013,25,8.5979,2.8552,0.5365,0.0,40,1755.68,304
62555,97,2013,26,14.7468,3.6714,0.7343,0.0,32,1757.05,211
62555,98,2013,27,336.1788,4.5363,0.8079,0.0,49,1750.64,268
62555,99,2013,28,7.0866,2.9978,0.6109,0.0,30,1758.35,283
62555,100,2013,29,14.1874,3.6027,0.6916,0.0,37,1758.39,226
62555,101,2013,30,745.0845,4.7581,0.7259,0.26,94,1756.9,389
62555,102,2013,31,466.34,4.6776,0.8091,0.0,55,1661.75,203
62555,103,2013,32,9.6897,1.4488,0.9141,0.0,3,2005.42,7
62555,104,2013,33,451.0903,4.4322,0.7702,0.0,54,2341.26,210
62555,105,2013,34,306.7531,3.7394,0.7548,0.0,31,780.18,117
62555,107,2013,36,0.889,4.22,0.7403,93.21,52,5.57,221
62555,108,2013,37,1.0258,3.1517,0.6303,89.53,32,6.88,172
62555,109,2013,38,1.2481,3.9284,0.7034,84.68,48,5.57,222
62555,110,2013,39,0.3393,3.02,0.6772,97.41,22,1.11,116
62555,111,2013,40,66.7704,1.8268,0.6089,73.53,8,163.28,34
62555,112,2013,41,1.63,2.7205,0.6404,79.31,19,4.98,58
62555,113,2013,42,0.5647,0.9183,0.9183,66.67,2,1.1,3
62555,114,2013,43,144.5107,0.971,0.971,0.0,2,1249.11,5
62555,118,2013,47,0.0999,0.8113,0.8113,100.0,2,0.35,4
62555,119,2013,48,0.0,0.0,0.0,0.0,1,535.99,2
62555,120,2013,49,0.0019,0.0,0.0,100.0,1,0.14,4
62555,122,2013,51,0.0,0.0,0.0,0.0,1,2565.85,3
62555,123,2013,52,151.4652,2.1972,0.9463,0.0,5,3088.64,9
62555,124,2014,1,83.1455,2.9842,0.9414,0.0,9,2941.25,17
62555,125,2014,2,5.3485,1.9183,0.9591,0.0,4,2941.24,6
62555,126,2014,3,0.0,0.0,0.0,0.0,1,1.24,3
62555,134,2014,11,140.3122,3.027,0.9549,0.0,9,2985.06,13
62555,135,2014,12,0.0013,0.0,0.0,100.0,1,0.14,4
62555,136,2014,13,57.2277,1.5219,0.9602,40.0,3,116.7,10
62555,138,2014,15,343.8379,2.0,1.0,25.0,4,841.34,4
62555,139,2014,16,0.0,0.0,0.0,0.0,1,841.32,1
62555,150,2014,27,0.0,0.0,0.0,0.0,1,12596.55,1
62555,151,2014,28,0.0047,0.0,0.0,0.0,1,12596.54,2
62555,152,2014,29,0.0012,0.0,0.0,0.0,1,12596.54,2
62555,154,2014,31,0.0,0.0,0.0,0.0,1,12596.53,1
62555,158,2014,35,63.773,0.9183,0.9183,0.0,2,141.43,3
62555,165,2014,42,0.0305,1.0,1.0,0.0,2,116.78,2
62555,166,2014,43,159.5601,1.9219,0.961,0.0,4,2563.99,5
62555,167,2014,44,0.0,0.0,0.0,100.0,1,0.14,1
62555,169,2014,46,0.0,0.0,0.0,100.0,1,0.39,1
62555,171,2014,48,810.0071,2.0,1.0,0.0,4,1950.49,4
62555,172,2014,49,0.0,0.0,0.0,0.0,1,1038.27,1
62555,173,2014,50,0.0,0.0,0.0,100.0,1,0.15,1
62560,7,2011,40,1.024,2.275,0.5687,86.5,16,5.83,1030
62560,8,2011,41,0.3912,2.4057,0.5769,97.83,18,2.61,2532
62560,9,2011,42,1.5836,3.7454,0.7038,79.92,40,8.27,2540
62560,10,2011,43,0.7143,3.2038,0.6595,94.77,29,3.23,2621
62560,11,2011,44,33.767,2.8824,0.7052,89.25,17,201.58,2232
62560,12,2011,45,106.0603,3.4117,0.7542,86.28,23,323.54,2317
62560,13,2011,46,0.6986,2.0855,0.491,96.52,19,6.09,2470
62560,14,2011,47,1357.8122,3.2063,0.719,23.85,22,3092.65,2675
62560,15,2011,48,18.0264,2.3808,0.5952,92.67,16,140.13,2087
62560,16,2011,49,0.2887,2.2846,0.6604,100.0,11,0.9,2586
62560,17,2011,50,1289.9082,3.2501,0.656,67.63,31,2934.98,2354
62560,18,2011,51,4.5112,1.3527,0.3462,0.0,15,2934.14,1821
62560,19,2011,52,10.4312,2.0081,0.6694,0.0,8,2446.29,1084
62560,20,2012,1,19.3115,2.555,0.6251,0.0,17,2938.1,2226
62560,27,2012,8,1.4935,1.9861,0.6266,93.91,9,5.73,1199
62560,28,2012,9,0.3975,2.1245,0.5741,100.0,13,0.86,1994
62560,29,2012,10,245.911,3.48,0.7092,78.55,30,670.88,2191
62560,30,2012,11,33.0952,2.4514,0.6625,0.0,13,656.15,1805
62560,31,2012,12,124.6348,3.2394,0.7264,66.57,22,323.58,2324
62560,32,2012,13,46.3962,3.5448,0.7731,73.11,24,117.99,1949
62560,33,2012,14,0.1449,1.8042,0.698,100.0,6,0.68,977
62560,34,2012,15,0.2714,1.7809,0.5148,99.09,11,1.28,2412
62560,35,2012,16,0.246,1.8893,0.4962,99.89,14,1.31,1886
62560,36,2012,17,67.9447,2.9682,0.5936,80.83,32,208.14,2295
62560,37,2012,18,0.5459,2.3333,0.4625,95.42,33,4.2,546
62560,38,2012,19,476.7877,4.1816,0.7528,51.78,47,1014.37,197
62560,39,2012,20,511.4329,3.9827,0.9067,33.33,21,1028.29,45
62560,40,2012,21,387.2071,2.9125,0.6439,0.0,23,1333.5,167
62560,41,2012,22,5.7461,3.2622,0.694,0.0,26,1356.36,171
62560,42,2012,23,5.6942,3.8114,0.7431,0.0,35,1333.68,145
62560,44,2012,25,230.0199,2.4827,0.6521,3.08,14,1333.42,65
62560,45,2012,26,3.8818,3.5428,0.6703,0.0,39,1336.64,131
62560,46,2012,27,11.2458,4.4372,0.6609,0.0,105,1387.99,379
62560,47,2012,28,6.5835,4.4653,0.7724,0.0,55,1361.96,164
62560,48,2012,29,1673.1671,4.5189,0.8007,0.0,50,2934.55,161
62560,49,2012,30,17.2165,4.4916,0.8559,0.0,38,2934.25,92
62560,50,2012,31,12.3475,3.8595,0.7651,0.0,33,2926.61,107
62560,51,2012,32,28.7458,3.2932,0.6711,0.0,30,3016.93,167
62560,52,2012,33,1457.2542,5.1436,0.8283,21.23,74,3018.34,212
62560,53,2012,34,2.1573,3.5193,0.8012,76.27,21,8.05,59
62560,54,2012,35,1.2302,2.465,0.742,72.73,10,4.81,33
62560,55,2012,36,0.2201,1.1661,0.7357,100.0,3,0.75,17
62560,56,2012,37,0.7215,3.486,0.7937,96.43,21,4.43,56
62560,57,2012,38,1.1977,4.8091,0.8565,72.53,49,4.67,182
62560,58,2012,39,1.5781,4.4698,0.858,66.36,37,5.0,110
62560,59,2012,40,55.855,3.9352,0.8474,30.16,25,120.5,63
62560,60,2012,41,1.2812,4.0497,0.8517,83.91,27,5.14,87
62560,61,2012,42,268.121,5.2453,0.8529,1.63,71,1034.53,123
62560,62,2012,43,0.9958,3.8668,0.7368,84.04,38,4.69,188
62560,63,2012,44,1.0585,4.0238,0.7462,84.18,42,5.14,196
62560,64,2012,45,66.0952,3.3365,0.694,71.93,28,323.89,171
62560,65,2012,46,0.4611,3.9988,0.8072,92.57,31,1.79,148
62560,66,2012,47,761.1027,3.5073,0.6784,0.72,36,2935.85,139
62560,67,2012,48,0.3224,3.2557,0.7101,96.55,24,1.45,203
62560,68,2012,49,0.3278,2.2463,0.6762,93.13,10,1.51,131
62560,69,2012,50,639.7266,3.8856,0.8475,60.68,24,1333.75,117
62560,70,2012,51,1582.4878,4.9006,0.8872,0.0,46,2919.5,97
62560,71,2012,52,11.1575,2.4273,0.5938,0.0,17,2472.55,94
62560,72,2013,1,741.3671,3.8999,0.6384,0.0,69,2934.82,363
62560,73,2013,2,730.2698,4.1843,0.6974,0.0,64,1856.51,251
62560,74,2013,3,0.3702,3.0378,0.8474,100.0,12,0.81,46
62560,75,2013,4,0.1649,2.0399,0.7891,97.44,6,0.99,39
62560,76,2013,5,0.4111,3.2472,0.7393,97.84,21,1.25,139
62560,77,2013,6,0.4459,3.9522,0.7768,97.27,34,1.5,256
62560,78,2013,7,0.3827,3.5308,0.7918,99.52,22,1.0,207
62560,79,2013,8,0.4097,3.2147,0.7438,98.55,20,1.48,138
62560,80,2013,9,0.7334,3.5904,0.7247,95.33,31,5.05,257
62560,81,2013,10,99.6979,4.2908,0.8118,79.43,39,357.01,141
62560,82,2013,11,132.2785,5.0232,0.8341,0.0,65,657.5,250
62560,83,2013,12,3.8712,3.2958,0.6784,96.0,29,40.25,250
62560,84,2013,13,59.9894,4.7235,0.7787,77.0,67,184.99,300
62560,85,2013,14,68.0485,3.8834,0.7347,86.86,39,324.69,236
62560,86,2013,15,1.1244,4.7154,0.7643,77.55,72,5.24,441
62560,87,2013,16,1515.5769,4.6506,0.8008,43.35,56,3000.11,233
62560,88,2013,17,135.5967,4.8089,0.8356,40.0,54,283.5,155
62560,89,2013,18,1.0958,4.1813,0.7266,76.74,54,5.23,344
62560,90,2013,19,1.0709,3.285,0.7366,75.63,22,4.82,197
63063,7,2011,40,13.9672,3.3134,0.5522,76.24,64,39.76,2033
63063,8,2011,41,10.2048,3.5666,0.6657,73.76,41,28.9,3079
63063,9,2011,42,10.1083,3.3752,0.622,15.18,43,160.88,3287
63063,10,2011,43,112.6462,3.7391,0.5628,75.19,100,284.14,3035
63063,11,2011,44,0.2987,2.3052,0.4653,98.69,31,1.64,2750
63063,12,2011,45,0.4024,2.3573,0.4758,99.29,31,4.35,3249
63063,13,2011,46,2.7193,2.605,0.4964,96.26,38,25.84,2778
63063,14,2011,47,10.7221,2.6133,0.5137,27.71,34,30.38,3273
63063,15,2011,48,125.8848,3.0855,0.6171,68.26,32,282.87,2832
63063,16,2011,49,2.5888,1.6032,0.4008,86.42,16,10.95,2313
63063,17,2011,50,12.3129,2.7272,0.4857,44.41,49,160.88,2968
63063,18,2011,51,1.1462,1.932,0.4399,0.0,21,24.47,2862
63063,19,2011,52,7.096,3.4844,0.5786,0.0,65,82.49,3099
63063,20,2012,1,254.9862,3.2254,0.5605,0.0,54,2878.63,2334
63063,21,2012,2,201.9587,2.9816,0.5112,0.0,57,2878.63,2259
63063,22,2012,3,245.8554,2.8869,0.5016,82.67,54,2878.63,2695
63063,23,2012,4,3.0178,2.3095,0.4032,97.8,53,149.54,2549
63063,24,2012,5,1.8192,2.0125,0.3732,98.73,42,26.88,3146
63063,25,2012,6,3.4938,2.274,0.397,95.98,53,23.89,2937
63063,26,2012,7,2.8398,2.1979,0.3837,96.72,53,21.2,3015
63063,27,2012,8,0.4325,2.4426,0.4559,96.09,41,2.42,2938
63063,28,2012,9,0.5003,3.0576,0.5568,96.63,45,3.29,2639
63063,29,2012,10,9.4452,3.1264,0.5271,78.46,61,29.45,2632
63063,30,2012,11,62.9086,2.8899,0.4359,0.35,99,119.77,2570
63063,31,2012,12,6.794,2.0675,0.3702,88.1,48,37.26,2815
63063,32,2012,13,4.0109,2.015,0.3737,97.12,42,27.54,3090
63063,33,2012,14,11.7119,2.9726,0.5478,53.3,43,29.56,2966
63063,34,2012,15,12.9744,2.3898,0.487,69.18,30,37.26,2391
63063,35,2012,16,1.9967,2.3575,0.4853,97.96,29,27.53,2886
63063,36,2012,17,0.4681,2.4693,0.6041,97.25,17,4.56,2839
63063,37,2012,18,0.4479,1.9602,0.4275,94.11,24,1.66,1087
63063,38,2012,19,11.5086,2.4012,0.5308,56.15,23,24.13,390
63063,39,2012,20,3.5041,2.6515,0.5576,0.0,27,37.26,401
63063,40,2012,21,2.518,3.1132,0.679,0.0,24,30.32,150
63063,41,2012,22,8.4916,1.6519,0.639,15.09,6,24.06,53
63063,42,2012,23,49.755,4.5814,0.7526,1.29,68,160.67,233
63063,43,2012,24,5.2469,3.9902,0.6259,0.0,83,37.38,476
63063,44,2012,25,4.4951,2.6795,0.4678,0.0,53,37.5,478
63063,45,2012,26,2.8584,3.726,0.6308,0.0,60,35.34,499
63063,46,2012,27,37.3224,3.5423,0.586,0.0,66,130.51,453
63063,47,2012,28,34.6203,3.7541,0.6722,0.0,48,129.45,370
63063,48,2012,29,3.6403,3.6556,0.6511,0.0,49,29.7,393
63063,49,2012,30,9.4381,3.7,0.6862,0.0,42,154.85,404
63063,50,2012,31,5.0494,3.4209,0.5944,0.0,54,36.46,489
63063,51,2012,32,1.9569,2.5697,0.529,0.0,29,34.26,427
63063,52,2012,33,1.906,3.1028,0.6099,0.0,34,29.03,232
63063,53,2012,34,0.8663,3.7126,0.7238,86.24,35,5.71,218
63063,54,2012,35,0.5415,3.2553,0.6634,97.41,30,5.43,309
63063,55,2012,36,0.4194,3.0057,0.6125,96.55,30,1.21,232
63063,56,2012,37,0.5704,2.7922,0.6696,83.33,18,1.72,78
63063,57,2012,38,0.2106,2.0101,0.6341,100.0,9,0.83,56
63063,58,2012,39,0.3015,2.161,0.7698,100.0,7,0.67,20
63063,59,2012,40,0.0049,0.0,0.0,100.0,1,0.45,24
63063,60,2012,41,9.8247,0.7642,0.7642,77.78,2,24.06,18
63063,61,2012,42,12.1398,1.9212,0.8274,0.0,5,34.26,14
63063,62,2012,43,136.5542,1.6821,0.7244,62.16,5,281.9,37
63063,63,2012,44,0.162,0.7662,0.3831,100.0,4,0.76,51
63063,64,2012,45,0.3396,1.3093,0.8261,100.0,3,0.67,11
63063,65,2012,46,0.0534,1.2389,0.7817,100.0,3,0.46,13
63063,66,2012,47,12.6378,1.3835,0.6917,24.0,4,24.08,25
63063,67,2012,48,0.817,1.6913,0.7284,88.46,5,2.55,26
63063,68,2012,49,0.0015,0.2975,0.2975,100.0,2,0.46,19
63063,69,2012,50,11.0052,0.9024,0.9024,31.82,2,24.08,22
63063,70,2012,51,430.4768,2.5998,0.7826,0.0,10,1544.33,44
63063,71,2012,52,638.1445,2.3622,0.7111,0.0,10,1544.33,27
63063,72,2013,1,6.6506,2.7865,0.8388,0.0,10,37.25,43
63063,73,2013,2,1.357,1.8854,0.6285,0.0,8,24.08,28
63063,74,2013,3,0.2902,0.9133,0.5762,100.0,3,0.46,19
63063,75,2013,4,0.5859,1.3377,0.4765,87.18,7,2.26,39
63063,76,2013,5,0.6226,1.4028,0.5427,81.58,6,1.86,38
63063,77,2013,6,0.0013,0.0,0.0,100.0,1,0.47,16
63063,78,2013,7,0.4239,1.4409,0.6206,93.75,5,1.58,32
63063,79,2013,8,0.2697,1.9745,0.7638,100.0,6,0.53,23
63063,80,2013,9,0.1445,1.5577,0.6709,100.0,5,0.79,18
63063,81,2013,10,10.9255,1.7947,0.7729,60.0,5,24.09,35
63063,82,2013,11,2.4215,0.7732,0.4879,0.0,3,29.49,13
63063,83,2013,12,0.0017,0.0,0.0,100.0,1,0.47,33
63063,84,2013,13,11.6155,1.8059,0.7778,59.38,5,24.08,32
63063,85,2013,14,7.2604,1.5805,0.563,89.47,7,24.08,57
63063,86,2013,15,0.0031,0.0,0.0,100.0,1,0.47,28
63063,87,2013,16,1.2015,1.8742,0.9371,86.96,4,3.99,23
63063,88,2013,17,0.182,1.3516,0.8528,100.0,3,0.53,36
63063,89,2013,18,1.7115,1.454,0.6262,93.33,5,6.86,30
63063,90,2013,19,52.0925,2.5,0.9671,62.5,6,120.25,16
63063,91,2013,20,2.4732,2.209,0.6969,0.0,9,28.05,28
63063,92,2013,21,1.4174,1.4342,0.4781,0.0,8,28.34,34
63063,93,2013,22,0.7391,0.806,0.403,0.0,4,26.71,28
63063,94,2013,23,3.422,3.1353,0.7671,0.0,17,28.11,58
63063,95,2013,24,9.0868,4.2318,0.8186,0.0,36,37.69,91
63063,96,2013,25,3.4732,3.2236,0.7459,0.0,20,33.38,52
63063,97,2013,26,5.2432,2.8841,0.629,0.0,24,35.27,63
63063,98,2013,27,89.7237,2.6873,0.809,0.0,10,193.12,42
63063,99,2013,28,9.1069,3.6679,0.8635,0.0,19,29.5,59
63063,100,2013,29,410.8502,4.2316,0.9112,0.0,25,2935.36,51
63063,121,2013,50,1401.7922,1.585,1.0,0.0,3,2935.19,3
63063,122,2013,51,0.3891,0.9219,0.5817,0.0,3,24.08,10
63063,123,2013,52,3.4744,2.8434,0.5637,0.0,33,28.69,195
63063,124,2014,1,9.9877,5.3113,0.796,0.0,102,35.37,198
63063,125,2014,2,9.8682,6.2384,0.8665,10.1,147,32.0,287
63063,126,2014,3,100.8351,8.5164,0.9591,7.44,471,283.47,672
63063,127,2014,4,2.5843,4.9177,0.7557,22.45,91,23.76,245
63063,128,2014,5,8.8768,5.5688,0.8277,24.5,106,37.67,249
63063,129,2014,6,0.8305,4.525,0.8192,46.92,46,3.8,130
63063,130,2014,7,1.3956,3.4913,0.7115,30.33,30,4.99,122
63063,131,2014,8,6.7798,4.0135,0.7648,40.58,38,24.07,138
63063,132,2014,9,6.3156,5.8495,0.8561,21.27,114,29.1,268
63063,133,2014,10,50.0377,5.7383,0.8398,29.67,114,123.88,246
63063,134,2014,11,54.9772,5.1508,0.8685,0.75,61,120.24,133
63063,135,2014,12,2.9339,5.0746,0.8626,45.03,59,23.48,151
63063,136,2014,13,0.5232,3.4488,0.8622,50.0,16,1.71,28
63063,142,2014,19,0.4387,1.0,1.0,50.0,2,1.34,2
63063,145,2014,22,0.0,0.0,0.0,0.0,1,24.06,1
63063,146,2014,23,0.0058,1.0,1.0,0.0,2,24.07,2
63063,148,2014,25,0.0107,0.0,0.0,0.0,1,24.08,2
63063,151,2014,28,0.0,0.0,0.0,0.0,1,34.42,1
63063,152,2014,29,76.7677,1.0,1.0,0.0,2,129.91,2
63063,153,2014,30,0.0,0.0,0.0,0.0,1,24.05,1
63063,154,2014,31,0.3898,1.0,1.0,0.0,2,24.07,2
63063,155,2014,32,0.0,0.0,0.0,0.0,1,24.05,1
63188,7,2011,40,0.2798,1.3632,0.4104,100.0,10,0.65,1425
63188,8,2011,41,0.3177,2.2588,0.5933,95.17,14,1.25,2694
63188,9,2011,42,0.2399,1.2967,0.3904,99.61,10,0.91,2285
63188,10,2011,43,0.4787,1.2679,0.634,84.35,4,1.28,2256
63188,11,2011,44,0.2065,1.7854,0.4689,100.0,14,0.56,2473
63188,12,2011,45,0.2295,1.8121,0.5716,100.0,9,0.77,2543
63188,13,2011,46,0.2191,2.0036,0.6031,97.94,10,1.48,2529
63188,14,2011,47,2.6555,1.3687,0.5895,99.94,5,110.38,1725
63188,15,2011,48,0.2008,1.8746,0.4798,99.82,15,4.1,2278
63188,16,2011,49,0.3477,2.1465,0.5494,99.41,15,4.17,1528
63188,17,2011,50,1152.5984,2.0969,0.4852,77.52,20,2947.87,2095
63188,18,2011,51,125.2377,1.6272,0.4704,0.0,11,2947.9,2024
63188,19,2011,52,167.1739,2.5665,0.518,0.0,31,2947.93,2253
63188,20,2012,1,77.9124,1.5929,0.531,0.0,8,3099.36,2210
63188,21,2012,2,475.343,2.5904,0.6337,0.0,17,2991.93,1687
63188,22,2012,3,1.4785,2.3828,0.6647,94.4,12,6.07,1930
63188,23,2012,4,0.0473,0.133,0.0839,100.0,3,0.37,1890
63188,24,2012,5,0.3963,2.2771,0.6855,86.82,10,1.46,2444
63188,25,2012,6,0.1129,1.2037,0.4012,100.0,8,0.37,2360
63188,26,2012,7,0.2184,1.8041,0.6014,100.0,8,0.56,2166
63188,27,2012,8,0.2936,2.2216,0.7008,100.0,9,0.72,2618
63188,28,2012,9,0.2577,1.2828,0.4569,100.0,7,0.6,2428
63188,29,2012,10,0.277,2.4886,0.5758,100.0,20,0.7,2057
63188,30,2012,11,36.0966,1.2285,0.332,87.07,13,117.38,1671
63188,31,2012,12,0.3256,2.4567,0.6453,100.0,14,0.76,2186
63188,32,2012,13,0.6417,2.3607,0.5902,88.65,16,1.66,1929
63188,33,2012,14,0.3085,2.646,0.6346,99.64,18,0.92,1663
63188,34,2012,15,0.4394,1.9253,0.5796,87.82,10,1.34,2380
63188,35,2012,16,0.518,2.9906,0.6706,95.95,22,1.56,2000
63188,36,2012,17,0.2749,2.446,0.7071,100.0,11,0.78,2006
63188,37,2012,18,0.4295,2.7769,0.6794,82.48,17,1.53,314
63188,38,2012,19,968.3411,2.7924,0.6173,48.17,23,2947.87,191
63188,39,2012,20,1.4667,1.9127,0.6813,0.0,7,2947.87,73
63188,40,2012,21,541.0681,2.4598,0.6461,0.0,14,2947.97,57
63188,41,2012,22,0.4568,1.3921,0.8783,0.0,3,2947.97,9
63188,42,2012,23,0.8288,1.8408,0.7928,0.0,5,2947.97,53
63188,43,2012,24,0.8881,1.871,0.9355,0.0,4,2947.89,38
63188,44,2012,25,10.9925,2.6683,0.8417,0.0,9,2948.06,27
63188,45,2012,26,5.6821,1.4183,0.7091,0.0,4,2947.87,12
63188,46,2012,27,0.0052,0.0,0.0,0.0,1,2947.87,16
63188,47,2012,28,9.3175,2.5545,0.6903,0.0,13,2948.0,59
63188,48,2012,29,8.0458,2.2423,0.7987,0.0,7,2972.37,41
63188,49,2012,30,0.1513,1.4295,0.9019,0.0,3,2948.0,15
63188,50,2012,31,9.6591,1.5998,0.5333,0.0,8,2971.37,57
63188,51,2012,32,18.4457,2.3991,0.6301,0.0,14,2992.46,75
63188,52,2012,33,978.7481,2.4194,0.9359,0.0,6,2436.89,9
63188,53,2012,34,129.7945,3.31,0.7536,64.13,21,1252.51,92
63188,54,2012,35,0.3322,1.9228,0.6409,100.0,8,0.72,89
63188,55,2012,36,0.5721,1.975,0.5337,84.52,13,1.18,168
63188,56,2012,37,4.3337,2.9481,0.7213,97.73,17,30.1,88
63188,57,2012,38,6.9865,2.8364,0.6361,93.13,22,80.32,131
63188,58,2012,39,0.4045,2.3852,0.6265,100.0,14,1.06,132
63188,59,2012,40,0.0,0.0,0.0,100.0,1,0.35,35
63188,61,2012,42,0.5631,2.6989,0.6052,77.37,22,1.54,190
63188,62,2012,43,0.3478,3.5847,0.7719,99.31,25,0.9,144
63188,63,2012,44,0.2763,2.0595,0.5565,100.0,13,0.75,133
63188,64,2012,45,0.2383,1.0982,0.5491,100.0,4,0.46,37
63188,65,2012,46,0.3217,2.9158,0.6992,100.0,18,0.75,374
63188,66,2012,47,0.3209,2.6592,0.6506,99.58,17,1.69,238
63188,67,2012,48,6.7667,3.2242,0.7341,99.29,21,80.58,140
63188,68,2012,49,0.3419,2.6131,0.6151,100.0,19,0.75,254
63188,69,2012,50,960.9687,3.4363,0.7597,85.61,23,2947.85,139
63188,70,2012,51,777.1402,3.0179,0.9085,0.0,10,3008.75,30
63188,71,2012,52,735.8716,2.8276,0.7427,0.0,14,3008.75,46
63188,73,2013,2,1125.958,2.4927,0.5868,0.0,19,10593.72,141
63188,74,2013,3,1.4974,2.4874,0.5755,91.59,20,5.44,226
63188,75,2013,4,0.3352,3.1126,0.6343,98.99,30,1.36,397
63188,76,2013,5,0.2946,3.1382,0.7037,100.0,22,0.79,235
63188,77,2013,6,0.2451,2.5654,0.9138,100.0,7,0.42,13
63188,79,2013,8,0.0702,1.2516,0.7897,100.0,3,0.35,12
63188,81,2013,10,0.0016,0.0,0.0,100.0,1,0.35,4
63188,82,2013,11,53.8316,3.8459,0.9409,17.95,17,116.56,39
63188,83,2013,12,0.9375,1.9056,0.9528,50.0,4,2.39,8
63188,84,2013,13,0.2788,1.2192,0.5251,98.18,5,1.58,55
63188,85,2013,14,0.0285,0.9911,0.9911,100.0,2,0.22,9
63188,86,2013,15,0.5218,1.9103,0.739,82.61,6,1.25,23
63188,87,2013,16,0.6304,1.8879,0.8131,65.38,5,1.09,26
63188,88,2013,17,0.2864,1.9987,0.8608,100.0,5,1.01,17
63188,89,2013,18,0.3944,2.8032,0.8843,100.0,9,0.92,25
63188,90,2013,19,1130.1767,2.766,0.922,0.0,8,2947.9,20
63188,91,2013,20,229.3674,1.761,0.8805,0.0,4,2947.87,10
63188,92,2013,21,0.2057,1.5,0.9464,0.0,3,2946.27,8
63188,93,2013,22,1134.4702,2.6683,0.8894,0.0,8,2947.9,30
63188,94,2013,23,4.6331,3.1391,0.8483,0.0,13,125.81,53
63188,95,2013,24,3.3894,2.034,0.7245,0.0,7,125.26,45
63188,96,2013,25,3.1381,1.8263,0.7065,0.0,6,126.58,36
63188,97,2013,26,3.0115,2.4643,0.8778,0.0,7,125.31,35
63188,98,2013,27,4.4262,3.2086,0.9659,0.0,10,125.79,44
63188,99,2013,28,4.8372,3.2865,0.8881,0.0,13,125.4,86
63188,100,2013,29,28.2188,3.6365,0.9091,4.94,16,125.3,81
63188,101,2013,30,46.5433,3.2034,0.8009,18.46,16,123.58,65
63188,102,2013,31,0.4468,2.625,0.935,100.0,7,0.82,16
63188,103,2013,32,0.4268,2.4591,0.7758,96.55,9,1.12,29
63188,104,2013,33,0.4268,2.7042,0.7543,95.0,12,1.27,40
63188,105,2013,34,32.8746,3.7347,0.9337,54.55,16,72.03,44
63188,106,2013,35,1.4496,4.8577,0.8795,85.83,46,4.9,127
63188,107,2013,36,17.8235,4.9111,0.8747,66.92,49,42.48,130
63188,108,2013,37,46.3822,5.178,0.8079,75.9,85,121.06,278
63188,109,2013,38,2.0548,4.9474,0.8309,83.65,62,7.18,208
63188,110,2013,39,2.3132,4.4682,0.8454,70.4,39,5.3,125
63188,111,2013,40,0.9325,4.5716,0.8142,91.18,49,5.85,170
63188,112,2013,41,0.5174,4.7005,0.8893,87.1,39,1.28,124
63188,113,2013,42,1.023,4.4543,0.8209,86.53,43,5.27,193
63188,114,2013,43,72.7096,3.6034,0.9009,70.97,16,245.84,31
63188,115,2013,44,0.3469,3.5872,0.7384,97.44,29,1.13,117
63188,116,2013,45,0.4757,4.5042,0.8353,91.97,42,1.5,137
63188,117,2013,46,0.5735,4.501,0.8923,96.55,33,4.55,116
63188,118,2013,47,0.4327,2.6947,0.8501,92.0,9,0.92,25
63188,119,2013,48,0.4653,4.1229,0.8878,91.04,25,1.27,67
63188,120,2013,49,0.4805,4.9011,0.8776,93.16,48,1.31,234
63188,121,2013,50,0.4036,4.4499,0.8982,96.72,31,1.75,122
63188,122,2013,51,1109.378,5.1517,0.9128,56.14,50,2934.83,114
63188,123,2013,52,89.2534,5.032,0.8962,0.0,49,2947.92,105
63188,124,2014,1,23.7711,4.0914,0.7109,0.0,54,2947.93,142
63188,125,2014,2,874.8819,4.9226,0.83,0.0,61,3109.13,120
63188,126,2014,3,33.3182,4.6953,0.8822,89.17,40,143.96,120
63188,127,2014,4,0.3856,4.4119,0.8672,96.64,34,1.41,119
63188,128,2014,5,0.5723,4.9332,0.8741,85.51,50,1.73,138
63188,129,2014,6,0.625,4.9345,0.9039,82.18,44,1.94,101
63188,130,2014,7,0.337,2.914,0.9713,100.0,8,0.75,11
63188,131,2014,8,904.178,5.9958,0.9213,41.07,91,1864.22,168
63188,132,2014,9,0.9016,4.4618,0.7989,91.02,48,6.91,167
63188,133,2014,10,0.8802,4.7556,0.8659,87.88,45,5.03,165
63188,134,2014,11,46.0275,5.7742,0.9329,62.6,73,123.57,123
63188,135,2014,12,0.7624,5.0158,0.8799,87.82,52,2.89,156
63188,136,2014,13,0.908,5.0934,0.8771,75.48,56,3.8,208
63188,137,2014,14,0.9249,5.5283,0.877,77.97,79,4.6,227
63188,138,2014,15,0.9792,5.0115,0.8592,84.29,57,4.91,210
63188,139,2014,16,1492.0869,1.771,0.7627,0.0,5,2836.94,10
63188,140,2014,17,168.7065,5.2166,0.8796,81.59,61,910.83,201
63188,141,2014,18,0.8,5.0695,0.8548,81.48,61,4.59,189
63188,142,2014,19,0.6593,3.5766,0.9665,94.74,13,2.75,19
63757,7,2011,40,0.3713,1.572,0.6081,96.56,6,1.38,2003
63757,8,2011,41,97.1311,2.8886,0.7067,71.69,17,295.35,2995
63757,9,2011,42,62.9669,1.9041,0.4153,0.0,24,485.87,2100
63757,10,2011,43,0.3234,1.5072,0.5831,100.0,6,0.66,3027
63757,11,2011,44,0.4753,1.3782,0.4348,94.62,9,1.73,3326
63757,12,2011,45,0.2261,0.7193,0.3098,100.0,5,0.58,3341
63757,13,2011,46,391.4606,2.8539,0.4959,76.31,54,1579.87,2651
63757,14,2011,47,118.7245,1.3198,0.4164,94.23,9,663.2,2634
63757,15,2011,48,0.4728,1.3472,0.5212,94.8,6,1.74,2518
63757,16,2011,49,0.4654,1.668,0.5262,94.96,9,1.74,2085
63757,17,2011,50,1328.2097,3.1259,0.6574,74.24,27,3071.64,2799
63757,18,2011,51,7.1778,0.8433,0.2811,0.0,8,3070.17,3093
63757,19,2011,52,15.6257,1.2064,0.2951,0.0,17,3069.66,3213
63757,20,2012,1,32.5132,1.3762,0.344,0.0,16,3070.2,2829
63757,21,2012,2,1270.7193,2.2129,0.598,0.0,13,3069.49,2308
63757,22,2012,3,323.4028,3.1566,0.7723,72.44,17,838.86,2765
63757,23,2012,4,246.7403,2.9741,0.7435,90.34,16,839.69,1729
63757,24,2012,5,0.3202,2.7678,0.8731,100.0,9,0.62,2092
63757,25,2012,6,0.2698,2.4617,0.9523,100.0,6,0.43,1240
63757,26,2012,7,0.1786,0.9954,0.6281,99.91,3,1.11,2308
63757,27,2012,8,0.1771,1.0354,0.5177,100.0,4,0.73,3070
63757,28,2012,9,0.4688,2.118,0.5908,97.11,12,2.52,2943
63757,29,2012,10,4.0538,2.1191,0.7064,94.81,8,28.24,2966
63757,30,2012,11,288.956,1.8601,0.8011,50.58,5,594.26,599
63757,31,2012,12,1.0444,1.9865,0.7076,92.61,7,3.78,2624
63757,32,2012,13,0.1813,1.7349,0.618,100.0,7,0.75,2578
63757,33,2012,14,2.0514,2.5159,0.7018,82.45,12,8.17,3008
63757,34,2012,15,3.1705,2.4166,0.6186,88.84,15,13.44,2079
63757,35,2012,16,2.5446,2.9187,0.7297,90.17,16,11.5,2523
63757,36,2012,17,0.6009,2.6375,0.7624,80.86,11,2.19,1902
63757,37,2012,18,6.4284,1.6122,0.3866,97.11,18,124.56,762
63757,38,2012,19,1.1434,2.1274,0.5445,91.55,15,7.55,142
63757,39,2012,20,26.1433,2.8602,0.7729,67.48,13,88.84,123
63757,40,2012,21,1473.1244,4.6325,0.9184,19.12,33,3070.12,68
63757,41,2012,22,0.6659,2.6259,0.6424,0.0,17,3070.77,132
63757,42,2012,23,0.7413,1.8312,0.6523,0.0,7,3071.32,107
63757,43,2012,24,7.9995,2.5758,0.6593,0.0,15,3071.31,105
63757,44,2012,25,0.7539,2.0779,0.6255,0.0,10,3071.32,220
63757,45,2012,26,14.0794,2.5595,0.6399,0.0,16,3071.3,118
63757,46,2012,27,38.5788,2.585,1.0,0.0,6,2992.42,6
63757,53,2012,34,0.1246,0.5917,0.5917,100.0,2,0.72,14
63757,54,2012,35,1.4523,1.3636,0.4857,93.22,7,5.43,59
63757,55,2012,36,0.3168,1.554,0.5535,95.74,7,1.18,94
63757,56,2012,37,0.3606,1.5361,0.5472,95.24,7,1.1,42
63757,57,2012,38,0.7724,2.0287,0.5659,91.67,12,4.46,132
63757,58,2012,39,1.1555,2.0212,0.5843,95.62,11,8.24,160
63757,59,2012,40,0.7095,2.2561,0.5775,97.94,15,5.14,243
63757,60,2012,41,2.3637,2.978,0.6678,83.59,22,8.3,256
63757,61,2012,42,139.5847,4.5802,0.7224,35.43,81,302.37,302
63757,62,2012,43,0.4364,2.2969,0.6639,97.95,11,1.49,195
63757,63,2012,44,0.158,1.4341,0.5548,100.0,6,0.75,185
63757,64,2012,45,1.2694,4.2458,0.7188,94.52,60,8.52,365
63757,65,2012,46,0.3749,3.6981,0.6949,98.66,40,3.18,372
63757,66,2012,47,163.661,5.141,0.7843,36.92,94,360.11,325
63757,67,2012,48,1.4608,4.302,0.7703,93.8,48,8.49,355
63757,68,2012,49,23.1116,4.3736,0.7375,90.37,61,117.59,301
63757,69,2012,50,1140.7239,4.8551,0.7616,69.27,83,2934.45,358
63757,70,2012,51,21.2916,3.1835,0.567,0.0,49,3070.73,571
63757,71,2012,52,605.2226,3.8526,0.6695,0.0,54,3070.35,311
63757,72,2013,1,102.5128,3.6053,0.8487,0.0,19,360.14,50
63757,73,2013,2,1062.9687,2.4611,0.5236,5.77,26,8945.15,208
63757,74,2013,3,1.3006,3.6023,0.6203,93.78,56,8.5,418
63757,75,2013,4,22.0151,4.516,0.7709,84.13,58,89.21,315
63757,76,2013,5,0.822,3.8509,0.7338,98.0,38,8.28,300
63757,77,2013,6,0.2905,3.5926,0.7252,100.0,31,0.79,292
63757,78,2013,7,20.5739,4.0158,0.6946,93.04,55,301.4,431
63757,79,2013,8,0.2572,3.3055,0.8461,100.0,15,0.47,46
63757,80,2013,9,1.607,3.6984,0.721,92.68,35,8.5,205
63757,81,2013,10,53.4728,3.9487,0.742,90.76,40,278.5,238
63757,82,2013,11,35.3909,2.5153,0.8384,28.05,8,89.19,82
63757,83,2013,12,1.0347,4.0157,0.7356,97.34,44,8.5,263
63757,84,2013,13,0.3606,3.2763,0.697,99.3,26,2.38,143
63757,90,2013,19,0.3158,2.9245,0.7311,99.4,16,0.9,166
63757,91,2013,20,19.1842,2.9898,0.6807,76.47,21,87.88,68
63757,92,2013,21,1566.9593,3.3993,0.8152,0.0,18,3070.2,99
63757,93,2013,22,88.9749,4.202,0.7524,0.0,48,3070.93,192
63757,94,2013,23,1.2827,3.1694,0.7006,0.0,23,3071.76,230
63757,95,2013,24,450.0126,3.6774,0.6584,0.0,48,3071.5,392
63757,96,2013,25,5.6059,3.2842,0.8406,58.62,15,27.8,58
63757,97,2013,26,0.9979,3.2344,0.7054,85.12,24,8.28,215
63757,98,2013,27,0.5295,3.9239,0.7713,81.75,34,1.7,263
63757,99,2013,28,0.6821,3.8314,0.8058,58.0,27,1.4,150
63757,111,2013,40,0.7368,3.8043,0.8661,75.86,21,1.72,58
63757,112,2013,41,181.5989,4.948,0.8377,8.21,60,669.93,195
63757,113,2013,42,256.7842,8.1823,0.9339,21.43,434,669.93,672
63757,114,2013,43,0.1137,0.65,0.65,100.0,2,0.28,6
63757,115,2013,44,104.6915,5.2951,0.8893,39.72,62,216.41,141
63757,116,2013,45,0.2951,0.7345,0.4634,100.0,3,0.89,14
63757,117,2013,46,0.0,0.0,0.0,100.0,1,0.18,12
63757,118,2013,47,0.0952,0.5436,0.5436,100.0,2,0.18,16
63757,119,2013,48,148.9131,5.2302,0.8533,31.49,70,361.18,181
63757,120,2013,49,0.3462,3.7069,0.8195,97.1,23,1.15,138
63757,121,2013,50,0.0715,0.2864,0.2864,100.0,2,0.2,20
63757,122,2013,51,0.2266,3.0497,0.8507,100.0,12,0.54,34
63817,7,2011,40,0.2444,1.5841,0.4768,100.0,10,0.76,957
63817,8,2011,41,96.1893,1.791,0.565,49.33,9,195.52,1561
63817,9,2011,42,33.0385,1.5897,0.5663,3.02,7,199.35,1488
63817,10,2011,43,0.4746,0.9419,0.5943,80.82,3,1.4,1872
63817,11,2011,44,0.1989,0.6665,0.3333,100.0,4,0.74,1982
63817,12,2011,45,0.16,1.0219,0.4401,100.0,5,0.74,1654
63817,13,2011,46,0.3607,1.3718,0.5307,100.0,6,0.77,1889
63817,14,2011,47,95.2311,1.4828,0.5282,42.88,7,199.12,1474
63817,15,2011,48,0.2929,1.5691,0.6758,100.0,5,0.77,2208
63817,16,2011,49,0.0982,0.2221,0.2221,100.0,2,0.73,813
63817,17,2011,50,0.0006,0.0,0.0,100.0,1,0.73,1002
63817,18,2011,51,0.2297,0.5349,0.5349,0.0,2,1709.87,41
63817,19,2011,52,0.465,1.2044,0.7599,0.0,3,192.79,397
63817,20,2012,1,5.4713,2.3776,0.6632,0.0,12,232.33,730
63817,21,2012,2,4.4317,1.8803,0.6698,0.0,7,200.61,1118
63817,22,2012,3,0.4649,1.4498,0.5609,96.12,6,2.79,953
63817,23,2012,4,0.5711,0.5001,0.2501,94.11,4,2.94,1087
63817,24,2012,5,0.1672,1.0485,0.3735,100.0,7,0.74,2451
63817,25,2012,6,0.1656,0.9356,0.4678,100.0,4,0.74,576
63817,26,2012,7,0.1583,0.8208,0.5178,100.0,3,0.74,858
63817,27,2012,8,0.5417,1.3871,0.4941,95.33,7,2.94,2804
63817,28,2012,9,0.0006,0.0,0.0,100.0,1,0.74,402
63817,29,2012,10,700.6911,2.2705,0.8783,49.8,6,1740.34,255
63817,30,2012,11,3.1113,1.4761,0.7381,0.0,4,1745.03,979
63817,31,2012,12,0.0,0.0,0.0,100.0,1,0.73,151
63817,32,2012,13,0.1009,0.4049,0.2555,100.0,3,0.75,1424
63817,33,2012,14,124.7738,2.4448,0.6607,62.7,13,290.03,2421
63817,34,2012,15,65.2039,1.2649,0.3528,85.94,12,285.82,2304
63817,35,2012,16,0.1849,1.4007,0.4989,100.0,7,0.76,2566
63817,36,2012,17,0.3923,1.0741,0.4626,97.75,5,2.94,2355
63817,37,2012,18,0.2045,0.6068,0.2023,99.14,8,2.48,814
63817,38,2012,19,96.7912,3.298,0.6936,47.1,27,232.34,138
63817,39,2012,20,44.6182,3.8981,0.7098,0.0,45,232.37,220
63817,40,2012,21,9.8127,4.4713,0.7844,0.0,52,220.17,298
63817,41,2012,22,11.063,4.328,0.8189,0.0,39,219.48,234
63817,42,2012,23,11.1752,4.1363,0.7576,0.0,44,219.4,218
63817,43,2012,24,11.7923,4.1097,0.8295,0.0,31,219.48,156
63817,44,2012,25,10.8,4.0006,0.7328,0.0,44,220.05,254
63817,45,2012,26,387.4033,5.124,0.7994,0.0,85,1178.4,274
63817,46,2012,27,346.2986,3.8218,0.7282,0.0,38,1178.4,140
63817,47,2012,28,10.9315,3.9506,0.7423,0.0,40,219.51,202
63817,48,2012,29,10.8412,3.9824,0.7764,0.0,35,219.48,237
63817,49,2012,30,85.8122,4.2296,0.7795,0.0,43,219.48,200
63817,50,2012,31,11.5712,4.3474,0.8169,0.0,40,219.48,192
63817,51,2012,32,4.7983,3.7022,0.7404,0.0,32,212.51,175
63817,52,2012,33,82.5546,3.7838,0.8253,19.28,24,204.46,83
63817,53,2012,34,1.5174,1.6331,0.4721,79.71,11,4.98,69
63817,54,2012,35,0.2479,0.8217,0.3179,100.0,6,0.77,67
63817,55,2012,36,0.5833,1.5831,0.5639,90.32,7,3.36,62
63817,56,2012,37,0.2972,1.4553,0.563,96.55,6,1.57,58
63817,57,2012,38,0.6458,1.8575,0.5591,85.33,10,2.58,75
63817,58,2012,39,1.1364,1.9268,0.58,83.33,10,8.24,66
63817,59,2012,40,0.9065,2.0043,0.6034,94.52,10,4.5,73
63817,60,2012,41,86.9565,2.9973,0.6935,65.07,20,196.49,146
63817,61,2012,42,51.8926,3.7459,0.622,4.85,65,281.51,412
63817,62,2012,43,0.6166,2.4354,0.6793,93.55,12,2.6,93
64772,7,2011,40,0.249,2.6806,0.6558,95.36,17,1.28,2306
64772,8,2011,41,315.2748,2.0421,0.4397,77.8,25,828.93,3280
64772,9,2011,42,299.3645,2.7107,0.5472,13.44,31,826.4,3184
64772,10,2011,43,0.3196,2.373,0.5805,98.79,17,2.8,2894
64772,11,2011,44,1.2116,2.5395,0.7341,81.79,11,3.57,2680
64772,12,2011,45,0.2269,2.5237,0.682,100.0,13,0.77,2404
64772,13,2011,46,0.2183,2.1533,0.7178,100.0,8,0.79,1392
64772,14,2011,47,300.421,2.8827,0.5534,12.38,37,835.05,2577
64772,15,2011,48,0.2335,2.3072,0.7691,100.0,8,0.74,2250
64772,16,2011,49,0.1944,2.4006,0.6305,98.81,14,1.26,2865
64772,17,2011,50,377.7178,2.3252,0.6107,65.48,14,818.89,2761
64772,18,2011,51,3.2666,2.3085,0.4752,0.0,29,825.93,2665
64772,19,2011,52,4.78,2.2747,0.4898,0.0,25,834.37,2830
64772,20,2012,1,1.7032,2.3996,0.6142,0.0,15,823.88,3338
64772,21,2012,2,327.4456,2.6423,0.5496,2.31,28,879.09,2642
64772,22,2012,3,0.1275,2.1566,0.5828,100.0,13,0.74,2619
64772,23,2012,4,0.1767,2.2497,0.7097,100.0,9,0.74,2285
64772,24,2012,5,0.9823,2.2298,0.622,60.04,12,3.42,1897
64772,25,2012,6,0.1468,2.1631,0.6253,100.0,11,0.74,2141
64772,26,2012,7,0.5159,2.2958,0.5876,95.98,15,2.5,2288
64772,27,2012,8,53.145,2.2742,0.5262,91.46,20,201.8,2634
64772,28,2012,9,11.6578,2.7102,0.5911,95.41,24,117.75,2680
64772,29,2012,10,1063.2234,2.8395,0.5845,70.34,29,2862.96,2289
64772,30,2012,11,335.2599,2.6965,0.6239,0.0,20,2804.57,1486
64772,31,2012,12,232.1082,2.7892,0.7537,63.24,13,485.52,1624
64772,32,2012,13,1.0396,2.0677,0.7999,96.68,6,5.2,2141
64772,33,2012,14,387.767,2.8946,0.7603,62.41,14,827.51,2216
64772,34,2012,15,247.4521,2.7944,0.6986,75.81,16,827.51,2604
64772,35,2012,16,0.1868,2.2941,0.5308,99.48,20,1.53,2498
64772,36,2012,17,0.3905,2.803,0.7362,90.86,14,2.19,2396
64772,37,2012,18,0.256,2.011,0.5028,99.37,16,1.58,476
64772,38,2012,19,405.1992,4.2053,0.7414,36.54,51,828.27,312
64772,39,2012,20,4.6795,4.3689,0.7557,0.0,55,828.63,331
64772,40,2012,21,11.0877,2.9739,0.5551,0.0,41,880.25,448
64772,41,2012,22,3.6184,3.0692,0.6033,0.0,34,830.18,351
64772,42,2012,23,4.0536,3.6434,0.6559,0.0,47,831.78,361
64772,43,2012,24,4.8331,4.1386,0.7065,0.0,58,835.25,342
64772,44,2012,25,9.1341,3.8182,0.6604,0.0,55,831.66,379
64772,45,2012,26,17.9133,3.883,0.6335,0.0,70,883.79,414
64772,46,2012,27,28.8844,4.5475,0.8017,0.0,51,889.88,190
64772,47,2012,28,14.1443,4.4505,0.7504,0.0,61,880.22,277
64772,48,2012,29,455.8339,4.416,0.7571,0.0,57,1367.14,243
64772,49,2012,30,308.9389,4.2558,0.7328,0.0,56,1365.87,256
64772,50,2012,31,392.3189,2.1999,0.6622,0.0,10,827.53,68
64772,51,2012,32,193.1882,1.9149,0.5341,0.0,12,831.75,46
64772,52,2012,33,240.4041,3.3017,0.8451,0.0,15,828.29,43
64772,53,2012,34,0.24,1.4591,0.9206,100.0,3,0.75,12
64772,54,2012,35,0.3603,2.2721,0.7168,91.76,9,1.59,85
64772,55,2012,36,0.3973,1.6117,0.6941,83.33,5,1.59,24
64772,56,2012,37,0.3902,2.0226,0.7824,85.71,6,1.57,42
64772,57,2012,38,0.2135,1.6686,0.6455,100.0,6,0.73,90
64772,58,2012,39,0.1984,1.6459,0.6367,100.0,6,0.73,133
64772,59,2012,40,0.303,1.8189,0.6063,96.3,8,1.52,243
64772,60,2012,41,0.3124,2.2837,0.6601,95.15,11,1.55,330
64772,61,2012,42,0.5736,1.3058,0.8239,0.0,3,827.85,27
64772,62,2012,43,0.2327,1.2806,0.808,100.0,3,0.75,45
64772,63,2012,44,0.9236,2.0167,0.6722,93.14,8,3.51,102
64772,64,2012,45,0.2182,1.3074,0.5058,99.59,6,1.48,243
64772,65,2012,46,0.2197,1.1691,0.5035,100.0,5,0.75,332
64772,66,2012,47,229.0488,1.2876,0.4587,7.61,7,827.88,92
64772,67,2012,48,0.2153,1.0714,0.676,100.0,3,0.74,83
64772,68,2012,49,0.2043,1.5076,0.7538,100.0,4,0.74,47
64772,69,2012,50,215.9356,2.5654,0.8551,89.71,8,827.94,68
64772,70,2012,51,0.6098,1.1845,0.5923,0.0,4,827.93,104
64772,71,2012,52,4.0413,1.8751,0.8076,0.0,5,827.91,17
64772,72,2013,1,359.7873,0.8659,0.5463,0.0,3,1353.59,11
65102,7,2011,40,0.4161,2.4108,0.6332,88.19,14,1.29,1575
65102,8,2011,41,63.4224,2.9045,0.6255,66.5,25,139.13,2609
65102,9,2011,42,64.8606,3.2001,0.7286,34.16,21,138.84,2793
65102,10,2011,43,0.3589,2.8606,0.7152,99.05,16,1.6,2727
65102,11,2011,44,65.3615,2.8834,0.5455,73.27,39,216.15,2649
65102,12,2011,45,402.8376,4.0904,0.6843,43.57,63,855.73,2853
65102,13,2011,46,31.5511,2.5303,0.5957,87.26,19,121.15,2167
65102,14,2011,47,61.9545,3.036,0.7428,32.64,17,139.12,2209
65102,15,2011,48,0.4001,3.0609,0.8039,94.98,14,0.98,2369
65102,16,2011,49,0.3835,2.5233,0.8411,100.0,8,0.88,2624
65102,17,2011,50,47.0855,2.414,0.5496,83.83,21,168.67,1831
65102,18,2011,51,13.9563,3.1068,0.6395,0.0,29,159.57,1703
65102,19,2011,52,774.3168,2.8037,0.5268,0.0,40,1566.41,1041
65102,20,2012,1,32.3469,2.3343,0.7027,0.0,10,175.73,1749
65102,21,2012,2,35.2691,1.6675,0.7182,0.0,5,139.13,2248
65102,22,2012,3,50.6137,2.2347,0.7449,62.77,8,139.13,2106
65102,23,2012,4,0.2504,1.7552,0.7559,100.0,5,0.74,1585
65102,24,2012,5,292.8553,2.3873,0.7531,55.47,9,619.96,2140
65102,25,2012,6,14.3075,3.2938,0.8234,96.01,16,129.24,1881
65102,26,2012,7,0.3735,2.2085,0.7362,99.94,8,0.97,1805
65102,27,2012,8,0.4562,2.7095,0.9032,88.34,8,1.49,1741
65102,28,2012,9,0.4015,2.4085,0.8028,100.0,8,0.74,2284
65102,29,2012,10,59.1983,2.8996,0.8729,49.43,10,139.04,1580
65102,30,2012,11,4.6944,1.7867,0.6912,0.0,6,139.04,1352
65102,31,2012,12,1.4421,2.0174,0.7186,79.63,7,3.43,1355
65102,32,2012,13,0.3114,2.0116,0.7782,100.0,6,0.75,1733
65102,33,2012,14,58.411,2.9516,0.8532,73.6,11,137.82,1750
65102,34,2012,15,58.0972,2.1546,0.7675,76.78,7,139.13,1964
65102,35,2012,16,0.1813,1.4967,0.7483,100.0,4,0.73,1722
65102,36,2012,17,52.6563,2.7163,0.8569,68.92,9,139.12,1152
65102,37,2012,18,16.3985,2.1572,0.5666,78.03,14,39.94,942
65102,38,2012,19,69.6849,3.1183,0.6893,77.24,23,181.01,145
65102,39,2012,20,50.6796,3.4118,0.7441,80.73,24,199.32,109
65102,40,2012,21,1994.8247,3.7064,0.8888,0.0,18,6572.03,42
65102,41,2012,22,3656.7599,2.7798,0.8769,0.0,9,7662.39,28
65102,42,2012,23,20.0156,3.9037,0.8514,0.0,24,139.13,86
65102,43,2012,24,18.8361,3.8487,0.8188,0.0,26,139.14,80
65102,44,2012,25,20.9299,2.808,0.702,0.0,16,139.14,73
65102,45,2012,26,16.7611,1.93,0.965,0.0,4,139.15,41
65102,46,2012,27,14.7431,1.6751,0.8376,0.0,4,138.53,20
65102,47,2012,28,17.1619,1.9083,0.6361,0.0,8,138.63,53
65102,48,2012,29,20.2521,3.7995,0.8791,0.0,20,141.43,68
65102,49,2012,30,18.1281,3.2026,0.8655,0.0,13,137.8,79
65102,50,2012,31,45.7958,3.1293,0.7823,0.0,16,141.37,50
65102,51,2012,32,27.2763,3.9346,0.9436,0.0,18,137.79,51
65102,52,2012,33,59.9882,2.4829,0.8844,27.27,7,145.99,22
65102,53,2012,34,0.3722,1.6829,0.6511,100.0,6,0.79,31
65102,54,2012,35,0.0,0.0,0.0,0.0,1,1275.26,3
65102,55,2012,36,1.035,2.845,0.7688,96.25,13,6.78,80
65102,56,2012,37,219.7883,2.6671,0.744,82.22,12,622.9,45
65102,57,2012,38,0.4484,2.7188,0.9063,82.61,8,1.03,23
65102,58,2012,39,70.2832,3.0402,0.8216,33.9,13,139.26,59
65102,59,2012,40,0.0,0.0,0.0,0.0,1,31.55,2
65102,60,2012,41,65.0436,2.144,0.7147,63.04,8,137.8,46
65102,61,2012,42,0.9125,1.0,1.0,0.0,2,139.1,32
65526,7,2011,40,0.2972,2.3221,0.6275,96.35,13,0.88,1399
65526,8,2011,41,310.7848,3.3329,0.6933,75.3,28,832.38,1769
65526,9,2011,42,383.4562,3.4535,0.6907,30.78,32,835.65,1829
65526,10,2011,43,0.1541,2.5222,0.7291,99.88,11,0.9,1700
65526,11,2011,44,0.335,2.6883,0.6881,95.95,15,1.71,1357
65526,12,2011,45,0.2562,1.5961,0.6174,97.44,6,3.22,1016
65526,13,2011,46,0.2831,2.4117,0.6173,100.0,15,0.74,1226
65526,14,2011,47,1.0734,1.3901,0.4385,97.05,9,6.15,373
65526,16,2011,49,0.1248,1.0,1.0,100.0,2,0.25,2
65526,17,2011,50,411.8076,2.9414,0.5994,56.28,30,841.87,931
65526,18,2011,51,0.3792,1.8451,0.7138,0.0,6,833.39,992
65526,19,2011,52,4.7091,0.9072,0.351,0.0,6,833.38,1801
65526,20,2012,1,2.6644,0.7085,0.2524,0.0,7,838.19,2335
65526,21,2012,2,271.7986,1.6009,0.3917,0.0,17,834.23,1251
65526,22,2012,3,99.9561,3.2306,0.6584,62.43,30,243.83,1706
65526,23,2012,4,44.5476,2.1895,0.5357,84.76,17,243.0,1234
65526,24,2012,5,3.7695,1.7827,0.4818,99.95,13,160.88,1820
65526,25,2012,6,0.2088,2.3658,0.6056,100.0,15,0.65,1776
65526,26,2012,7,0.283,1.9218,0.5555,98.14,11,1.68,1453
65526,27,2012,8,0.6973,2.9014,0.7841,85.87,13,1.69,899
65526,28,2012,9,0.2186,1.8071,0.5701,100.0,9,0.62,977
65526,29,2012,10,350.8783,3.479,0.6958,73.52,32,833.24,2111
65526,30,2012,11,223.412,1.4501,0.4192,4.99,11,842.15,2004
65526,31,2012,12,0.3875,2.2023,0.6366,82.44,11,0.9,655
65526,32,2012,13,0.4074,2.4612,0.63,95.93,15,2.47,1845
65526,33,2012,14,0.2219,2.0866,0.5639,98.71,13,1.21,1944
65526,34,2012,15,0.107,1.5156,0.7578,100.0,4,0.49,270
65526,35,2012,16,0.6243,3.1641,0.8099,89.03,15,1.8,1094
65526,36,2012,17,15.4653,2.0899,0.5489,89.75,14,70.47,673
65526,37,2012,18,0.5062,2.2106,0.5408,99.58,17,7.87,480
65526,38,2012,19,308.6661,5.0023,0.8819,45.45,51,834.81,110
65526,39,2012,20,2.643,2.6064,0.625,0.0,18,835.6,128
65526,40,2012,21,1.1964,2.6349,0.712,0.0,13,833.57,93
65526,41,2012,22,5.5992,3.4255,0.6914,0.0,31,839.5,136
65526,42,2012,23,14.7584,3.3331,0.6607,0.0,33,838.11,189
65526,43,2012,24,13.6141,2.9296,0.7499,0.0,15,833.87,48
65526,44,2012,25,1.2953,2.6543,0.7404,0.0,12,833.56,82
65526,45,2012,26,1.1592,2.4972,0.6392,0.0,15,835.55,137
65526,46,2012,27,2.2181,3.9889,0.8389,0.0,27,836.57,139
65526,47,2012,28,2.4181,2.7448,0.8263,0.0,10,835.56,36
65526,48,2012,29,2.4964,3.1081,0.777,0.0,16,835.58,79
65526,49,2012,30,2.4747,3.5559,0.8371,0.0,19,835.58,101
65526,50,2012,31,88.2251,4.3003,0.7473,0.0,54,843.11,255
65526,51,2012,32,35.9622,1.371,0.865,0.0,3,337.49,5
65526,53,2012,34,0.4888,3.7266,0.9117,92.31,17,1.17,39
65526,54,2012,35,0.5511,3.7603,0.8432,88.04,22,1.64,92
65526,55,2012,36,0.833,4.0631,0.8055,78.15,33,2.62,119
65526,56,2012,37,0.5636,2.9526,0.7755,98.65,14,2.61,74
65591,7,2011,40,25.3707,3.2532,0.6394,97.32,34,1117.55,1940
65591,8,2011,41,393.2552,3.8091,0.6559,69.3,56,1235.64,2775
65591,9,2011,42,493.0149,3.6146,0.6747,16.31,41,1257.61,2593
65591,10,2011,43,34.9833,3.4237,0.5796,89.68,60,153.68,2742
65591,11,2011,44,1006.3776,3.1103,0.6541,96.84,27,12107.34,3162
65591,12,2011,45,1138.9266,2.7391,0.5827,96.04,26,12107.45,3360
65591,13,2011,46,302.0664,2.9889,0.5655,95.76,39,12107.45,3211
65591,14,2011,47,396.6979,4.4905,0.6609,38.44,111,856.62,2989
65591,15,2011,48,68.9042,3.5345,0.6363,92.85,47,856.62,2740
65591,16,2011,49,1332.1051,2.5553,0.573,98.1,22,12107.56,3264
65591,17,2011,50,186.9515,3.3425,0.6812,86.66,30,1014.21,2384
65591,18,2011,51,4.6266,0.1161,0.1161,0.0,2,10601.57,192
65591,24,2012,5,0.2126,0.9966,0.3855,100.0,6,0.74,770
65591,25,2012,6,0.3513,2.815,0.7394,100.0,14,0.71,1562
65591,26,2012,7,0.3836,2.5803,0.6973,100.0,13,0.74,859
65591,27,2012,8,0.3455,3.3563,0.8049,97.93,18,1.52,2367
65591,28,2012,9,3.6448,2.9598,0.6297,99.85,26,160.88,1959
65591,29,2012,10,558.1089,3.1109,0.6699,69.54,25,1257.63,1911
65591,30,2012,11,424.5739,2.404,0.6496,13.2,13,1252.21,879
65591,31,2012,12,0.3739,2.9452,0.7363,100.0,16,0.73,1675
65591,32,2012,13,0.4761,2.39,0.6277,88.65,14,1.97,1992
65591,33,2012,14,275.1632,3.4049,0.7083,82.11,28,826.94,3058
65591,34,2012,15,134.9504,3.4157,0.7105,57.46,28,284.13,2151
65591,35,2012,16,1.3106,3.2531,0.7295,97.47,22,10.6,2646
65591,36,2012,17,13.8289,3.1967,0.7067,97.86,23,129.14,2892
65591,37,2012,18,0.3358,3.0887,0.7407,99.93,18,1.11,2995
65591,38,2012,19,0.2797,2.3544,0.6362,100.0,13,0.68,1985
66052,7,2011,40,0.1399,1.9682,0.8476,100.0,5,0.54,754
66052,8,2011,41,108.2167,2.8356,0.5403,70.34,38,283.4,2188
66052,9,2011,42,754.998,3.8159,0.6165,16.82,73,6067.54,2432
66052,10,2011,43,0.8871,2.3145,0.5269,95.42,21,4.47,2315
66052,11,2011,44,0.2403,1.8692,0.3888,99.87,28,0.91,2356
66052,12,2011,45,0.2013,2.4863,0.4973,100.0,32,0.77,2340
66052,13,2011,46,0.2429,2.2948,0.5073,98.87,23,1.67,2476
66052,14,2011,47,94.4598,3.7756,0.676,28.83,48,198.31,2078
66052,15,2011,48,38.9162,2.578,0.6445,74.95,16,117.03,2220
66052,16,2011,49,0.4773,2.2499,0.5909,99.22,14,5.52,1402
66052,17,2011,50,67.1269,2.8006,0.5653,76.66,31,174.34,1808
66052,21,2012,2,0.7581,1.9871,0.8558,0.0,5,141.15,49
66052,22,2012,3,19.825,2.2751,0.6148,68.99,13,141.15,2048
66052,23,2012,4,0.4564,2.0233,0.8714,86.25,5,1.53,2400
66052,24,2012,5,129.1446,2.6252,0.5653,57.62,25,385.93,2737
66052,25,2012,6,0.9304,2.3135,0.5548,81.23,18,8.17,2302
66052,26,2012,7,8.3033,2.7939,0.5588,87.34,32,48.19,1974
66052,27,2012,8,0.6832,2.2096,0.4596,91.84,28,3.43,2304
66052,28,2012,9,15.9703,2.8876,0.563,84.71,35,52.8,2335
66052,29,2012,10,307.9943,3.1804,0.5898,63.94,42,2437.66,1847
66052,30,2012,11,1062.3598,2.516,0.4003,4.12,78,2443.76,2400
66052,31,2012,12,14.8817,2.9641,0.5608,88.87,39,111.8,1528
66052,32,2012,13,49.7326,3.5215,0.6011,77.87,58,148.24,2399
66052,33,2012,14,458.2839,3.3577,0.5732,48.24,58,924.01,2299
66052,34,2012,15,51.346,2.4654,0.4602,86.97,41,913.67,1927
66052,35,2012,16,0.779,2.0993,0.4093,94.0,35,5.23,2382
66052,36,2012,17,0.2796,2.5169,0.5644,98.03,22,1.72,2337
66052,37,2012,18,101.5199,3.3238,0.5273,78.15,79,284.11,627
66052,38,2012,19,33.5224,4.0562,0.7048,70.95,54,125.47,296
66052,52,2012,33,28.1488,4.1702,0.834,37.58,32,125.96,149
66052,53,2012,34,0.8841,3.3269,0.6094,92.72,44,5.16,316
66052,54,2012,35,0.93,3.2267,0.6453,96.22,32,5.43,238
66052,55,2012,36,1.0316,3.8067,0.7254,94.44,38,5.41,198
66052,56,2012,37,17.646,3.6156,0.7521,82.11,28,52.52,190
66052,57,2012,38,439.9474,4.1563,0.7758,65.41,41,1038.96,159
66052,58,2012,39,0.9285,3.1634,0.658,94.83,28,5.27,232
66052,59,2012,40,0.5082,3.2018,0.6463,96.91,31,3.86,291
66052,60,2012,41,149.2554,3.8531,0.6827,91.72,50,1029.86,326
66052,61,2012,42,201.08,5.5085,0.7808,3.37,133,1032.64,504
66052,62,2012,43,0.6679,3.6136,0.6619,96.57,44,4.48,379
66052,63,2012,44,0.574,3.8571,0.7404,95.66,37,3.87,369
66052,64,2012,45,0.2977,3.6343,0.7407,99.74,30,0.95,380
66052,65,2012,46,0.8203,3.5314,0.629,94.61,49,5.22,464
66052,66,2012,47,239.2807,4.6504,0.6819,25.11,113,552.79,458
66052,67,2012,48,17.3533,3.4039,0.6031,92.54,50,118.36,362
66052,68,2012,49,0.7433,3.443,0.6385,97.59,42,5.23,374
66052,69,2012,50,167.556,4.0645,0.6853,68.87,61,1552.59,318
66052,73,2013,2,4.919,1.5876,0.7938,0.0,4,13724.21,123
66052,74,2013,3,13.9143,3.1238,0.5722,89.07,44,54.46,375
66052,75,2013,4,11.3936,3.1635,0.583,90.69,43,54.35,376
66052,76,2013,5,0.8454,3.2538,0.5858,94.84,47,5.06,368
66052,77,2013,6,0.346,3.1341,0.6016,97.01,37,1.58,402
66052,78,2013,7,0.9714,3.499,0.6232,92.72,49,5.73,453
66052,79,2013,8,72.1623,4.5101,0.7286,61.17,73,157.75,376
66052,80,2013,9,0.6826,2.9624,0.5775,96.12,35,5.05,361
66052,81,2013,10,289.9606,5.1663,0.7695,50.13,105,1040.99,377
66052,82,2013,11,155.1924,5.4636,0.7686,0.0,138,1095.11,464
66052,83,2013,12,350.9626,4.3086,0.6777,74.57,82,1040.72,346
66052,84,2013,13,272.9539,4.9248,0.7262,37.77,110,1038.93,458
66052,85,2013,14,21.9135,3.2748,0.5773,91.27,51,117.95,252
66052,86,2013,15,345.6652,4.7903,0.7454,71.74,86,1038.31,460
66052,87,2013,16,131.1743,4.5137,0.7316,60.58,72,283.72,378
66052,88,2013,17,0.9659,3.5625,0.6007,91.79,61,5.24,475
66052,89,2013,18,0.8049,3.585,0.6259,93.46,53,5.18,428
66052,90,2013,19,421.8971,4.851,0.7384,55.63,95,2424.76,471
66052,91,2013,20,26.9025,4.1461,0.6403,0.0,89,1034.27,444
66052,92,2013,21,106.7442,4.8153,0.6924,0.0,124,1032.72,523
66052,93,2013,22,38.9393,4.5547,0.7164,0.0,82,1061.68,520
66052,94,2013,23,22.6085,4.771,0.7279,0.0,94,1069.17,384
66052,95,2013,24,43.7819,4.3705,0.6801,0.0,86,1070.76,529
66052,96,2013,25,5.6044,3.6861,0.6405,0.0,54,1069.79,445
66052,97,2013,26,83.0071,4.6921,0.6893,0.0,112,1855.53,493
66052,98,2013,27,36.6756,4.5962,0.7029,0.0,93,1068.26,423
66052,99,2013,28,14.8003,3.4389,0.6191,0.0,47,1061.85,238
66052,100,2013,29,28.3802,5.0853,0.7514,0.0,109,1200.44,461
66052,101,2013,30,10.1216,3.6314,0.6099,0.0,62,1062.06,338
66052,102,2013,31,10.6243,4.0362,0.708,0.0,52,1080.22,363
66052,103,2013,32,1528.0186,4.4053,0.7163,0.0,71,9086.66,348
66052,104,2013,33,489.0882,4.6903,0.753,0.0,75,1029.98,412
66052,105,2013,34,38.6605,3.656,0.6268,64.53,57,264.13,327
66052,106,2013,35,472.5521,3.5487,0.5915,91.83,64,10197.28,465
66052,107,2013,36,0.937,3.7285,0.6449,91.77,55,5.95,413
66052,108,2013,37,361.6262,5.3931,0.7953,48.09,110,2021.62,497
66052,109,2013,38,376.6643,3.2556,0.6117,90.81,40,7248.13,370
66052,110,2013,39,0.3852,3.8558,0.7021,95.19,45,3.39,395
66052,111,2013,40,494.1414,4.4883,0.7453,70.5,65,1257.78,339
66052,112,2013,41,0.471,3.7465,0.8401,85.33,22,1.28,184
66052,113,2013,42,3862.8124,4.616,0.9151,67.39,33,13724.21,92
66052,114,2013,43,5237.8354,2.2366,0.9633,0.0,5,13724.21,25
66052,115,2013,44,466.4251,4.6987,0.8659,58.02,43,1039.09,162
66052,116,2013,45,0.6032,3.9881,0.8588,77.7,25,2.99,148
66052,117,2013,46,249.9988,3.0625,0.7656,68.29,16,707.52,82
66052,118,2013,47,293.3679,3.1544,0.7565,62.07,18,1031.43,87
66052,119,2013,48,335.0212,3.2597,0.8562,62.3,14,914.9,61
66052,120,2013,49,330.4128,2.7427,0.7204,67.44,14,1031.37,86
66052,121,2013,50,0.366,2.3663,0.7465,91.89,9,1.31,74
66052,122,2013,51,42.5934,3.4199,0.8754,52.58,15,140.04,97
66052,123,2013,52,216.162,1.3347,0.8421,0.0,3,13724.21,13
66052,124,2014,1,2163.1759,1.5,0.9464,0.0,3,13253.33,12
66052,125,2014,2,1603.7843,0.7496,0.7496,0.0,2,13724.21,14
66052,143,2014,20,2.0238,1.8113,0.9056,0.0,4,1051.36,8
66245,7,2011,40,0.2595,1.481,0.6378,99.84,5,0.96,628
66245,8,2011,41,268.932,3.137,0.6393,87.93,30,1061.49,2087
66245,9,2011,42,64.9151,1.8959,0.5288,0.0,12,1028.14,2174
66245,10,2011,43,0.1788,1.6007,0.8004,100.0,4,0.67,1912
66245,11,2011,44,0.248,2.6684,0.7713,100.0,11,0.77,2215
66245,12,2011,45,0.2459,2.2929,0.8168,71.23,7,0.91,2381
66245,13,2011,46,0.1843,1.2343,0.4114,100.0,8,0.74,2199
66245,14,2011,47,2.7255,2.3784,0.5599,79.33,19,10.38,1771
66245,15,2011,48,0.1616,1.2988,0.4626,100.0,7,0.77,2039
66245,16,2011,49,0.3812,2.2461,0.8001,100.0,7,0.68,1998
66245,17,2011,50,334.1251,1.4951,0.3927,80.12,14,1014.18,1715
66245,18,2011,51,1.257,1.5712,0.6078,0.0,6,1009.3,1623
66245,19,2011,52,1.1452,2.0758,0.894,0.0,5,1009.28,2174
66245,20,2012,1,1.6901,2.3862,0.7183,0.0,10,1023.52,1814
66245,21,2012,2,212.5777,1.6153,0.5096,0.0,9,1029.58,1677
66245,22,2012,3,1.9487,2.2376,0.6047,81.38,13,6.12,2019
66245,23,2012,4,0.2819,2.5818,0.6977,100.0,13,0.74,2036
66245,24,2012,5,0.1883,1.0833,0.3859,99.95,7,1.03,1860
66245,25,2012,6,0.1448,1.1075,0.3692,100.0,8,0.73,1770
66245,26,2012,7,0.1743,1.2563,0.486,100.0,6,0.73,1945
66245,27,2012,8,0.2177,1.6813,0.486,100.0,11,0.74,1958
66245,28,2012,9,0.6227,0.8734,0.2911,97.28,8,4.6,1951
66245,29,2012,10,289.0183,2.5289,0.6642,77.54,14,880.58,2137
66245,30,2012,11,496.3469,3.8747,0.7554,10.21,35,1352.29,1939
66245,31,2012,12,1.9018,1.1848,0.5924,86.21,4,5.52,1972
66245,32,2012,13,0.3212,0.8556,0.3685,98.43,5,2.83,1462
66245,33,2012,14,0.5032,1.9144,0.6039,87.76,9,3.56,1764
66245,34,2012,15,0.2491,1.5151,0.7576,100.0,4,0.74,2018
66245,35,2012,16,0.2367,1.5081,0.754,100.0,4,0.74,1850
66245,36,2012,17,0.2645,1.8303,0.7081,100.0,6,0.74,1334
66245,37,2012,18,0.2616,2.2932,0.7644,99.95,8,1.66,1885
66245,38,2012,19,141.4223,1.3037,0.2522,92.83,36,1008.22,502
66245,39,2012,20,1.9676,3.3066,0.7651,0.0,20,1010.18,132
66245,40,2012,21,8.0818,4.7811,0.7968,0.0,64,1010.59,173
66245,41,2012,22,6.9642,3.9359,0.6974,0.0,50,1026.36,170
66245,42,2012,23,6.9708,3.9215,0.7099,0.0,46,1030.45,133
66245,43,2012,24,2.8592,2.9717,0.6399,0.0,25,1009.3,158
66245,44,2012,25,5.2761,3.7972,0.7236,0.0,38,1027.21,160
66245,45,2012,26,14.2223,3.7804,0.7103,0.0,40,1039.4,137
66245,46,2012,27,402.1788,4.7215,0.8366,47.45,50,1015.42,137
66245,47,2012,28,37.9904,4.5933,0.7841,68.9,58,118.35,164
66245,48,2012,29,1.377,4.8202,0.8376,75.17,54,5.62,145
66245,49,2012,30,49.2743,5.8233,0.8522,58.13,114,144.93,320
66245,50,2012,31,334.011,4.965,0.8214,0.0,66,1601.0,259
66245,51,2012,32,5.4752,3.0442,0.664,0.0,24,1027.7,121
66245,52,2012,33,339.5694,3.3517,0.82,1.64,17,1014.24,61
66245,53,2012,34,1.2967,3.489,0.7182,85.96,29,5.47,114
66245,54,2012,35,1.0159,2.4729,0.7444,84.44,10,5.93,90
66245,55,2012,36,0.8167,2.6921,0.6586,84.72,17,3.78,72
66245,56,2012,37,0.4407,2.5897,0.7486,93.65,11,1.57,63
66245,57,2012,38,0.3874,2.312,0.7707,94.94,8,1.56,79
66245,58,2012,39,0.4003,1.9531,0.588,94.59,10,2.76,111
66245,59,2012,40,0.7185,2.1207,0.5916,97.52,12,5.15,121
66245,60,2012,41,462.7006,3.4699,0.7382,63.97,26,1029.7,136
66245,61,2012,42,465.8853,4.5682,0.827,21.97,46,1034.82,132
66245,62,2012,43,0.6858,3.3899,0.7129,97.42,27,5.06,155
66245,63,2012,44,0.5539,3.4967,0.6527,97.18,41,4.15,177
66245,64,2012,45,1.1478,3.7688,0.729,90.96,36,5.18,166
66245,65,2012,46,0.3122,3.2534,0.6921,100.0,26,0.75,154
66245,66,2012,47,29.4064,4.1395,0.7066,73.11,58,116.91,212
66245,67,2012,48,1.2742,3.5122,0.6904,91.57,34,5.76,178
66245,68,2012,49,0.2946,3.0517,0.7629,100.0,16,0.75,99
66245,69,2012,50,0.0109,0.0,0.0,100.0,1,0.46,4
66245,70,2012,51,1.8939,1.6577,0.8289,0.0,4,1009.16,9
66245,71,2012,52,1.6161,2.4074,0.8025,0.0,8,1009.15,33
66245,72,2013,1,0.629,1.4969,0.6447,0.0,5,1008.7,24
66245,73,2013,2,198.4711,2.38,0.8478,0.0,7,1253.73,23
66245,74,2013,3,0.1583,1.6645,0.8322,100.0,4,0.74,7
66245,77,2013,6,0.1218,0.9852,0.9852,100.0,2,0.73,14
66245,78,2013,7,0.0993,0.7219,0.7219,100.0,2,0.73,5
66245,79,2013,8,0.099,0.7219,0.7219,100.0,2,0.73,10
66245,80,2013,9,0.3507,1.3516,0.8528,100.0,3,0.72,9
66245,81,2013,10,49.4032,1.2871,0.812,85.71,3,141.06,14
66245,82,2013,11,450.6948,1.5154,0.5862,0.0,6,1009.23,27
66245,83,2013,12,0.2756,2.2698,0.8085,100.0,7,0.74,24
66245,84,2013,13,28.8452,2.5161,0.8387,84.62,8,135.48,26
66245,89,2013,18,0.3279,2.4871,0.7846,100.0,9,0.69,67
66245,90,2013,19,0.8498,3.6269,0.646,84.06,49,7.34,320
66245,91,2013,20,2.2995,3.7475,0.6785,60.42,46,7.82,240
66245,92,2013,21,378.5583,6.9999,0.8502,3.07,301,1046.61,553
66245,93,2013,22,2.008,3.0718,0.5897,0.0,37,1010.31,274
66245,94,2013,23,258.0644,4.2275,0.6897,0.0,70,1361.43,357
66245,95,2013,24,7.7901,3.9741,0.6441,0.0,72,1030.94,358
66245,96,2013,25,6.2825,3.6337,0.6177,0.0,59,1028.96,239
66245,97,2013,26,1.0194,2.1122,0.4548,0.0,25,1010.97,232
66245,98,2013,27,574.6281,4.3742,0.7067,0.0,73,1851.38,324
66245,99,2013,28,2913.4389,1.7759,0.8879,0.0,4,8751.1,13
66245,101,2013,30,46.2877,0.1914,0.1914,0.0,2,8748.48,34
66245,102,2013,31,0.0066,0.0,0.0,0.0,1,8505.87,6
66245,104,2013,33,264.2854,0.7219,0.7219,0.0,2,9118.83,45
66245,105,2013,34,1.1856,0.172,0.172,0.0,2,8513.27,39
66245,106,2013,35,2.4457,0.8076,0.4038,0.0,4,8513.13,92
66245,107,2013,36,0.0095,0.0932,0.0932,0.0,2,8505.89,84
66245,108,2013,37,0.0056,0.0,0.0,0.0,1,8505.87,37
66245,109,2013,38,0.002,0.0,0.0,0.0,1,7421.65,77
66245,110,2013,39,175.8633,0.6683,0.3342,0.0,4,8505.89,90
66245,111,2013,40,0.0036,0.0,0.0,0.0,1,8505.87,28
66245,112,2013,41,0.0156,0.1292,0.1292,0.0,2,8505.88,56
66245,113,2013,42,35.3664,0.7565,0.4773,0.0,3,8505.88,67
66245,114,2013,43,0.0093,0.1044,0.1044,0.0,2,8505.89,73
66245,115,2013,44,0.2953,1.1621,0.7332,0.0,3,8505.88,63
66245,116,2013,45,0.0126,0.0,0.0,0.0,1,8505.88,31
66245,117,2013,46,1.3203,0.3281,0.207,0.0,3,8513.13,61
66245,118,2013,47,1.3788,0.2193,0.2193,0.0,2,8513.28,57
66245,119,2013,48,3603.6437,3.0171,0.7722,0.0,15,12565.49,83
66245,120,2013,49,948.9376,2.5859,0.7784,0.0,10,10649.98,80
66245,121,2013,50,3280.2654,2.1201,0.5568,0.0,14,10649.98,119
66245,122,2013,51,0.5297,1.2376,0.3577,0.0,11,1009.32,198
66245,123,2013,52,2.6408,2.2415,0.4568,0.0,30,1009.19,252
66245,124,2014,1,0.7436,1.7015,0.3664,0.0,25,1011.62,226
66245,125,2014,2,448.3672,5.1942,0.8021,10.47,89,1009.32,296
66245,126,2014,3,1.0692,3.21,0.6479,68.63,31,5.7,271
66245,129,2014,6,0.5613,3.5548,0.7395,94.78,28,3.29,115
66245,130,2014,7,1.2191,4.5011,0.8458,88.55,40,5.67,131
66245,131,2014,8,9.2042,4.6738,0.8048,79.14,56,42.13,163
66245,132,2014,9,0.7276,4.0097,0.7697,88.83,37,3.8,197
66245,133,2014,10,638.5636,4.9964,0.8899,59.09,49,2898.6,88
66245,134,2014,11,57.4216,3.9202,0.8245,67.19,27,141.07,64
66245,135,2014,12,1.4455,4.6365,0.8493,89.0,44,10.35,200
66245,136,2014,13,0.8354,4.3379,0.7946,84.02,44,4.78,194
66245,137,2014,14,0.635,4.5022,0.8105,89.54,47,3.17,153
66245,138,2014,15,1.0055,4.5911,0.7871,88.33,57,5.77,257
66245,139,2014,16,0.5642,4.5571,0.8451,82.63,42,4.28,167
66245,140,2014,17,0.4613,5.1967,0.8798,95.93,60,1.35,246
66245,141,2014,18,0.5123,5.4277,0.898,88.94,66,1.69,199
66245,142,2014,19,666.8367,5.8275,0.8912,61.8,93,1568.04,233
66245,143,2014,20,766.1151,3.8728,0.738,0.0,38,1566.61,133
66245,144,2014,21,14.9519,5.3143,0.8641,0.0,71,1061.22,148
66245,145,2014,22,10.7602,4.9024,0.7733,0.0,81,1032.75,205
66245,146,2014,23,18.4394,3.9589,0.6459,0.0,70,1062.59,270
66245,147,2014,24,782.6828,4.9877,0.9724,0.0,35,1851.98,44
66245,155,2014,32,1495.9792,4.229,0.9349,0.0,23,6311.79,35
66245,156,2014,33,14.685,5.1322,0.8165,0.0,78,1052.29,213
66245,157,2014,34,284.3185,5.6643,0.8419,0.8,106,1033.12,250
66245,158,2014,35,1.9868,4.4732,0.7703,26.81,56,12.23,138
66245,159,2014,36,1.3787,5.3856,0.8594,51.63,77,5.02,215
66245,160,2014,37,9.7513,4.6335,0.8962,54.43,36,45.66,79
66245,161,2014,38,1.0538,2.2798,0.8121,20.0,7,2.09,15
66245,162,2014,39,0.9347,5.0609,0.8794,68.93,54,2.09,177
66245,163,2014,40,5.6991,4.8429,0.8538,66.85,51,24.25,178
66245,164,2014,41,1.1815,4.7211,0.8932,56.41,39,4.41,117
66245,165,2014,42,300.405,5.4889,0.8986,59.01,69,1033.13,161
66245,166,2014,43,8.98,3.8842,0.971,0.0,16,1051.69,20
66245,167,2014,44,1.1792,5.1792,0.8768,67.11,60,4.73,152
66245,168,2014,45,1.0486,5.2425,0.9068,66.46,55,3.83,161
66245,169,2014,46,1.2055,5.6371,0.8995,55.44,77,5.21,193
66245,170,2014,47,0.9261,5.0029,0.8577,73.39,57,1.79,218
66245,171,2014,48,2.9391,4.3245,0.7829,53.6,46,15.56,125
66245,172,2014,49,1.2849,5.2471,0.8847,65.7,61,4.65,172
66245,173,2014,50,1.1803,5.2665,0.8481,70.25,74,5.38,242
66245,174,2014,51,365.715,5.1069,0.8681,62.5,59,1540.73,152
66245,175,2014,52,1.3912,3.4464,0.9614,0.0,12,1542.12,20
66245,176,2015,1,551.8665,2.1281,0.9165,0.0,5,1539.65,7
66245,177,2015,2,0.5252,1.361,0.8587,0.0,3,1009.36,10
66245,178,2015,3,1.1017,4.4924,0.9247,76.47,29,3.71,51
66245,179,2015,4,0.98,5.3119,0.8887,65.54,63,1.72,177
66245,180,2015,5,1.01,4.8645,0.817,75.0,62,3.79,180
66245,181,2015,6,1.0059,5.3297,0.8818,72.08,66,2.91,154
66245,182,2015,7,0.9093,4.6506,0.8327,75.58,48,2.93,172
66245,183,2015,8,0.9859,3.8761,0.7899,60.0,30,3.04,80
66245,184,2015,9,1.1329,1.6137,0.695,34.62,5,1.77,26
66245,185,2015,10,0.0256,0.4395,0.4395,0.0,2,1.67,11
66245,186,2015,11,0.0,0.0,0.0,0.0,1,1850.95,3
66245,187,2015,12,58.9357,1.5466,0.7733,15.38,4,140.86,13
66245,188,2015,13,0.803,1.1981,0.7559,35.71,3,1.6,14
66245,189,2015,14,2.1567,1.9895,0.8568,20.0,5,4.92,35
66245,190,2015,15,2.346,1.2467,0.7866,14.29,3,4.77,21
66404,7,2011,40,0.5255,1.8333,0.4954,97.58,13,3.16,1362
66404,8,2011,41,146.9141,3.2237,0.7731,64.99,18,402.94,2471
66404,9,2011,42,171.02,2.9375,0.7715,18.39,14,426.72,1599
66404,10,2011,43,0.632,1.9665,0.5684,95.7,11,1.59,2141
66404,11,2011,44,0.559,2.8147,0.7204,82.47,15,1.55,2498
66404,12,2011,45,0.6956,2.3826,0.5513,89.13,20,2.22,2475
66404,13,2011,46,0.4772,3.0536,0.8252,90.59,13,1.48,2190
66404,14,2011,47,188.1312,3.2865,0.7077,30.18,25,404.09,2336
66404,15,2011,48,0.6377,2.2578,0.6101,95.96,13,2.01,2178
66404,16,2011,49,0.4921,2.912,0.728,99.92,16,0.96,1287
66404,17,2011,50,0.3065,1.3328,0.4204,100.0,9,0.75,1072
66404,18,2011,51,10.0735,1.472,0.736,0.0,4,426.56,1766
66404,19,2011,52,72.0164,3.3992,0.7071,0.0,28,428.2,2266
66404,20,2012,1,3.7028,1.6242,0.5785,0.0,7,409.22,2111
66404,21,2012,2,49.8983,2.2921,0.69,0.0,10,411.14,2273
66404,22,2012,3,1.2662,2.7311,0.7381,74.86,13,6.37,1778
66404,23,2012,4,1.3508,1.6408,0.5845,93.11,7,5.06,2570
66404,24,2012,5,35.9541,3.3495,0.7885,70.97,19,215.98,2435
66404,25,2012,6,23.866,2.7919,0.6356,61.1,21,115.58,2437
66404,26,2012,7,0.2919,1.2566,0.4476,99.75,7,2.67,2396
66404,27,2012,8,75.966,1.9101,0.5162,96.89,13,781.23,1512
66404,28,2012,9,440.3005,3.3891,0.5007,75.38,109,11552.24,2234
66404,29,2012,10,250.825,3.1204,0.6638,92.16,26,1266.61,1670
66404,30,2012,11,40.0404,1.863,0.4012,0.0,25,1180.2,1446
66404,31,2012,12,1.4404,1.2075,0.6038,0.0,4,4.42,12
66404,32,2012,13,23.4449,1.5336,0.5933,35.63,6,153.11,87
66404,33,2012,14,81.7551,1.8067,0.9033,0.0,4,404.69,72
66404,34,2012,15,47.8271,2.2404,0.5884,0.0,14,195.34,42
66404,36,2012,17,0.0,0.0,0.0,0.0,1,172.93,2
66404,38,2012,19,12.7958,1.585,1.0,0.0,3,231.66,3
66404,39,2012,20,3.2112,1.8424,0.9212,0.0,4,488.54,7
66404,40,2012,21,1.0945,1.8554,0.9277,0.0,4,481.59,12
66404,43,2012,24,5.0856,1.0,1.0,0.0,2,488.21,2
66404,45,2012,26,4.8686,4.629,0.9735,0.0,27,489.34,35
66404,46,2012,27,0.0,0.0,0.0,0.0,1,421.6,3
66404,61,2012,42,167.0979,3.4566,0.9642,26.67,12,379.3,15
66404,62,2012,43,2.087,3.027,0.9549,38.46,9,5.25,13
66404,64,2012,45,149.8357,4.9112,0.8457,42.72,56,369.19,103
66404,65,2012,46,41.1625,4.8805,0.9675,0.0,33,202.54,45
66404,66,2012,47,7.9716,3.5037,0.9202,0.0,14,209.63,20
66404,69,2012,50,124.2671,1.0,1.0,0.0,2,251.71,2
66404,76,2013,5,0.2525,0.978,0.6171,100.0,3,0.75,17
66404,79,2013,8,1.6197,1.5804,0.9972,67.57,3,3.01,111
66404,80,2013,9,182.0154,2.1682,0.7723,77.98,7,492.0,109
66404,81,2013,10,533.4521,4.5654,0.8413,14.48,43,1278.79,221
66404,82,2013,11,236.1057,2.1227,0.5575,0.0,14,1278.79,247
66404,83,2013,12,0.46,1.5031,0.6474,100.0,5,0.8,157
66404,84,2013,13,174.2905,3.1404,0.7393,22.53,19,404.57,253
66404,85,2013,14,110.3137,2.5976,0.6229,53.48,18,305.97,230
66404,86,2013,15,99.0463,2.5807,0.6452,61.85,16,286.58,401
66404,87,2013,16,0.1709,1.0806,0.5403,100.0,4,0.63,194
66404,88,2013,17,111.8313,2.471,0.8237,60.59,8,243.59,269
66404,89,2013,18,0.001,0.0,0.0,100.0,1,0.34,55
66404,90,2013,19,1.4514,2.4527,0.7738,76.0,9,8.05,250
66404,91,2013,20,8.9146,0.7628,0.2951,88.6,6,38.45,114
66404,92,2013,21,142.5104,3.4692,0.6938,0.0,32,700.23,300
66404,93,2013,22,283.553,4.0044,0.7524,0.0,40,826.94,341
66404,94,2013,23,0.0003,0.0,0.0,100.0,1,0.73,36
66404,95,2013,24,13.1253,1.8403,0.554,81.62,10,72.26,185
66404,96,2013,25,0.3777,1.1033,0.6961,96.35,3,1.28,137
66404,97,2013,26,1.3121,1.8365,0.5528,88.76,10,8.4,258
66404,98,2013,27,139.5635,2.9876,0.7469,54.76,16,475.66,126
66404,99,2013,28,0.7441,2.6735,0.8048,86.52,10,2.65,89
66404,100,2013,29,0.4318,2.2991,0.6921,72.12,10,1.33,165
66404,101,2013,30,159.6489,3.1752,0.7615,19.02,18,427.61,389
66404,102,2013,31,3.6332,2.7156,0.6789,0.0,16,404.23,512
66404,103,2013,32,189.6764,3.5268,0.7909,0.0,22,406.63,208
66404,104,2013,33,322.2059,4.286,0.7634,0.0,49,876.4,400
66404,105,2013,34,64.4894,2.7995,0.7565,0.0,13,406.32,163
66404,117,2013,46,154.8408,4.539,0.8472,57.81,41,370.06,128
66404,118,2013,47,25.0813,3.8859,0.8172,55.29,27,123.37,85
66404,119,2013,48,181.6709,4.0991,0.8126,30.85,33,431.31,94
66404,120,2013,49,0.9588,3.0608,0.8538,66.67,12,2.83,36
66404,121,2013,50,0.6611,3.0851,0.7263,76.4,19,1.63,161
66404,122,2013,51,147.4859,3.9055,0.8214,63.72,27,405.15,113
66404,123,2013,52,2.7252,2.4262,0.7654,0.0,9,404.54,77
66404,124,2014,1,2.7567,1.4269,0.7134,0.0,4,404.54,38
66404,125,2014,2,69.2216,2.5973,0.6822,0.0,14,404.54,74
66404,126,2014,3,1.0139,3.5681,0.7684,70.32,25,2.81,155
66404,127,2014,4,0.3377,1.721,0.6658,100.0,6,0.79,40
66404,128,2014,5,1.4261,3.7238,0.8122,72.73,24,5.7,110
66404,129,2014,6,1.2019,4.0241,0.7725,83.33,37,5.33,192
66404,130,2014,7,1.1652,4.7187,0.8361,75.81,50,5.35,215
66404,131,2014,8,0.9919,4.4695,0.7919,75.08,50,5.59,305
66404,132,2014,9,0.8914,4.3738,0.8111,74.22,42,4.89,256
66404,133,2014,10,500.438,5.7674,0.9442,20.18,69,1324.6,114
66404,134,2014,11,206.9227,5.5626,0.7705,0.0,149,1438.41,425
66404,135,2014,12,20.4795,4.361,0.831,67.26,38,129.91,113
66404,136,2014,13,18.9036,3.446,0.9313,90.0,13,121.04,40
66404,137,2014,14,0.0,0.0,0.0,100.0,1,0.75,1
66404,141,2014,18,0.0004,0.0,0.0,100.0,1,0.75,2
66404,142,2014,19,0.0,0.0,0.0,100.0,1,0.75,1
66404,144,2014,21,0.0,0.0,0.0,0.0,1,308.25,1
66404,145,2014,22,55.6895,2.1281,0.9165,0.0,5,305.85,7
66404,152,2014,29,0.0,0.0,0.0,0.0,1,671.27,1
66404,154,2014,31,0.0,0.0,0.0,0.0,1,120.99,1
66404,156,2014,33,0.0,0.0,0.0,0.0,1,3.54,1
66404,157,2014,34,0.0027,0.9183,0.9183,0.0,2,2.32,3
66404,161,2014,38,56.9912,1.585,1.0,0.0,3,119.24,3
66404,162,2014,39,0.0,0.0,0.0,100.0,1,0.52,1
66754,7,2011,40,49.324,2.5366,0.5869,83.77,20,244.12,2021
66754,8,2011,41,221.884,3.6608,0.7883,62.04,25,619.56,2645
66754,9,2011,42,269.8379,2.4949,0.5983,25.6,18,619.89,3106
66754,10,2011,43,4.258,2.3749,0.7149,48.15,10,21.81,2806
66754,11,2011,44,145.9744,1.3263,0.3834,85.7,11,746.76,2672
66754,12,2011,45,0.4102,2.034,0.5497,99.66,13,5.0,3212
66754,13,2011,46,0.4431,0.8314,0.2503,98.27,10,3.47,2840
66754,14,2011,47,271.8588,2.6683,0.6671,23.79,16,619.79,2480
66754,15,2011,48,0.4015,1.7219,0.574,99.77,8,1.52,3028
66754,16,2011,49,0.2895,1.1838,0.3563,100.0,10,0.73,2998
66754,17,2011,50,279.6385,2.6153,0.6157,66.91,19,619.49,2916
66754,18,2011,51,6.8598,2.002,0.5584,0.0,12,619.78,2599
66754,19,2011,52,12.2484,1.9231,0.6067,0.0,9,619.79,2410
66754,23,2012,4,0.156,0.4211,0.2105,100.0,4,0.63,1343
66754,24,2012,5,0.1566,1.9689,0.7013,100.0,7,0.74,2158
66754,25,2012,6,0.1422,1.3647,0.5877,100.0,5,0.74,2429
66754,26,2012,7,0.262,2.4428,0.6814,98.75,12,1.75,2395
66754,27,2012,8,43.6138,2.7334,0.8623,76.07,9,116.59,2336
66754,28,2012,9,24.3619,1.3089,0.5064,93.29,6,117.8,2101
66754,29,2012,10,213.0385,1.2098,0.4309,77.64,7,619.82,2460
66754,30,2012,11,34.9464,1.0108,0.4353,0.0,5,619.83,2458
66754,31,2012,12,54.2074,0.5007,0.2503,97.72,4,480.27,2105
66754,32,2012,13,1.0927,0.939,0.3345,90.0,7,6.61,2421
66754,33,2012,14,0.1202,0.3102,0.1551,98.9,4,1.67,1632
66754,34,2012,15,0.1458,0.7078,0.3539,100.0,4,0.75,2468
66754,35,2012,16,0.3659,0.8185,0.3525,97.73,5,2.83,2950
66754,36,2012,17,0.1038,0.4812,0.3036,100.0,3,0.74,2971
66754,37,2012,18,0.0881,0.2441,0.0944,97.34,6,1.15,1656
66754,38,2012,19,231.496,2.8776,0.6658,57.78,20,620.01,135
66754,39,2012,20,5.9701,2.7317,0.6551,0.0,18,627.64,105
66754,40,2012,21,357.3135,4.2408,0.7439,0.0,52,1619.36,180
66754,41,2012,22,545.8912,4.827,0.7986,0.0,66,1638.23,185
66754,42,2012,23,12.1938,4.3827,0.6953,0.0,79,623.38,333
66754,43,2012,24,6.2185,4.2668,0.8073,0.0,39,620.41,185
66754,44,2012,25,6.9316,3.7787,0.6695,0.0,50,655.11,224
66754,45,2012,26,11.4637,3.9411,0.8838,0.0,22,620.07,46
66754,47,2012,28,0.0,0.0,0.0,0.0,1,619.48,2
66754,48,2012,29,83.9207,3.0849,0.8605,1.89,12,620.11,53
66754,49,2012,30,39.5568,3.1283,0.6655,0.0,26,621.19,198
66754,50,2012,31,3.9331,2.6028,0.6662,0.0,15,620.11,171
66754,51,2012,32,386.6891,3.2312,0.8487,0.0,14,620.11,60
66754,52,2012,33,239.7621,2.2809,0.7603,0.0,8,620.12,32
66754,53,2012,34,0.3337,0.5266,0.5266,88.1,2,1.03,42
66754,54,2012,35,0.212,0.8931,0.4466,97.44,4,1.03,117
66754,55,2012,36,0.403,1.66,0.6422,94.94,6,1.59,79
66754,56,2012,37,0.2581,1.6392,0.8196,100.0,4,0.73,98
66754,57,2012,38,0.427,1.5684,0.9895,100.0,3,0.7,41
66754,58,2012,39,11.7691,2.3849,0.795,88.65,8,39.07,185
66754,59,2012,40,0.1192,1.2675,0.6337,100.0,4,0.72,138
66754,60,2012,41,0.1735,0.5573,0.3516,100.0,3,0.74,48
66754,61,2012,42,27.0953,2.8583,0.8604,0.0,10,620.07,227
66754,62,2012,43,24.485,1.371,0.5304,96.0,6,125.4,100
66754,63,2012,44,0.2042,0.8114,0.4057,97.07,4,1.03,205
66754,64,2012,45,0.2526,0.518,0.3268,100.0,3,0.74,77
66754,65,2012,46,0.4083,2.1268,0.916,100.0,5,0.75,168
66754,66,2012,47,190.5783,3.0285,0.6522,8.02,25,620.06,212
66754,67,2012,48,1.9257,2.3968,0.7561,96.77,9,12.91,124
66754,68,2012,49,0.1468,0.892,0.3451,98.27,6,1.48,231
66754,69,2012,50,221.7756,2.7505,0.6364,63.95,20,620.06,172
66754,70,2012,51,443.6968,3.3271,0.7698,0.0,20,1049.17,165
66754,71,2012,52,107.3973,1.1251,0.375,0.0,8,620.06,129
66754,72,2013,1,411.7975,0.8257,0.2605,0.0,9,1851.48,219
66754,73,2013,2,894.0798,3.4921,0.7951,0.0,21,1856.23,335
66754,74,2013,3,161.3628,1.5293,0.4266,77.6,12,620.05,308
66754,75,2013,4,0.1774,0.9454,0.3657,100.0,6,0.79,326
66754,76,2013,5,0.2051,1.1373,0.44,100.0,6,0.73,122
66754,77,2013,6,0.1643,0.9214,0.9214,100.0,2,0.73,107
66754,78,2013,7,0.2405,1.4624,0.6298,100.0,5,0.73,323
66754,79,2013,8,0.2533,2.0997,0.6321,100.0,10,0.74,181
66754,80,2013,9,0.2323,0.9675,0.9675,100.0,2,0.72,104
66754,84,2013,13,0.0027,0.0,0.0,100.0,1,0.47,47
66754,85,2013,14,18.6165,2.0624,0.7346,75.61,7,62.29,41
66754,86,2013,15,0.2915,0.6997,0.3498,92.31,4,1.11,117
66754,87,2013,16,0.2212,2.4081,0.8027,94.59,8,1.09,259
66754,88,2013,17,0.7691,1.4215,0.4738,88.65,8,2.97,141
66754,89,2013,18,0.1865,1.5679,0.9892,100.0,3,0.65,95
66754,90,2013,19,65.9741,2.5708,0.7431,61.05,11,145.72,190
66754,91,2013,20,2.2912,1.7041,0.5376,0.0,9,145.9,108
66754,92,2013,21,3.8706,3.177,0.6929,0.0,24,153.98,322
66754,93,2013,22,348.3808,4.0744,0.8077,0.0,33,747.27,190
66754,94,2013,23,124.4602,3.4467,0.7847,0.0,21,256.07,143
66754,95,2013,24,3.173,2.3268,0.7756,0.0,8,147.05,101
66754,96,2013,25,3.6942,3.3819,0.7476,0.0,23,153.32,217
66754,97,2013,26,72.5475,3.4998,0.728,0.0,28,268.91,224
66754,98,2013,27,69.805,2.5,0.6756,0.0,13,231.99,173
66754,99,2013,28,3.1905,1.9695,0.5494,0.0,12,147.04,156
66754,100,2013,29,12.4274,1.9074,0.5742,0.0,10,210.49,91
66754,101,2013,30,21.0824,2.2999,0.6923,0.0,10,206.52,82
66754,102,2013,31,3.5522,2.2901,0.6388,0.0,12,147.04,131
66754,103,2013,32,336.7761,4.2368,0.8328,0.0,34,619.51,139
66754,104,2013,33,44.7259,2.7221,0.8587,0.0,9,619.49,32
66754,105,2013,34,151.8814,3.0992,0.7296,0.0,19,619.71,100
66754,140,2014,17,0.0,0.0,0.0,100.0,1,0.7,1
66754,142,2014,19,0.0,0.0,0.0,0.0,1,100.29,1
66991,7,2011,40,0.3934,2.7785,0.8032,97.37,11,1.59,1784
66991,8,2011,41,339.3455,3.6211,0.6633,75.26,44,837.46,2344
66991,9,2011,42,346.862,3.7486,0.7044,11.19,40,837.92,2369
66991,10,2011,43,0.2894,3.0013,0.6546,100.0,24,0.88,2253
66991,11,2011,44,0.3408,3.1438,0.6857,100.0,24,0.79,2526
66991,12,2011,45,56.1516,2.8873,0.6297,92.37,24,219.91,2557
66991,13,2011,46,0.2841,2.7226,0.5792,99.96,26,0.97,2469
66991,14,2011,47,360.197,1.7923,0.3415,24.31,38,832.35,2250
66991,15,2011,48,21.9641,2.6028,0.7034,95.34,13,104.3,2209
66991,16,2011,49,0.2277,2.4702,0.6323,100.0,15,0.77,1793
66991,17,2011,50,411.2894,2.8869,0.6297,56.04,24,839.83,2243
66991,18,2011,51,20.2267,2.0573,0.476,0.0,20,848.89,2157
66991,19,2011,52,3.8723,2.7023,0.6152,0.0,21,834.11,1962
66991,20,2012,1,3.7605,2.2912,0.4874,0.0,26,836.07,2464
66991,21,2012,2,128.4793,1.8523,0.5354,0.0,11,3212.62,1143
66991,22,2012,3,0.3017,1.4239,0.4492,99.74,9,0.98,781
66991,23,2012,4,0.3618,2.8059,0.7827,100.0,12,0.89,3012
66991,24,2012,5,59.3145,2.5803,0.6188,99.54,18,914.26,2600
66991,25,2012,6,0.3906,2.5549,0.7127,85.89,12,1.16,2991
66991,26,2012,7,0.3279,2.5297,0.7615,100.0,10,0.96,2455
66991,27,2012,8,0.3706,2.6508,0.6627,98.51,16,1.2,2545
66991,28,2012,9,0.3274,3.0755,0.7002,99.26,21,1.47,2838
66991,29,2012,10,343.101,4.0282,0.8379,79.2,28,1005.99,2697
66991,30,2012,11,279.0336,3.3448,0.669,0.68,32,1127.75,2808
66991,31,2012,12,0.4501,3.3163,0.7437,99.06,22,1.58,1709
66991,32,2012,13,46.948,3.0723,0.7109,76.21,20,117.25,2446
66991,33,2012,14,0.7048,2.7678,0.7084,79.15,15,4.97,2412
66991,34,2012,15,1.0237,2.402,0.6309,72.14,14,5.21,1583
66991,35,2012,16,0.4375,2.756,0.7054,73.31,15,1.3,1787
66991,36,2012,17,46.6189,3.4697,0.8489,84.33,17,131.74,2100
66991,37,2012,18,0.4879,1.4135,0.6088,99.08,5,1.53,1199
66991,38,2012,19,293.8522,3.2493,0.6913,61.73,26,833.47,81
66991,39,2012,20,13.905,2.8516,0.6067,0.0,26,855.62,177
66991,40,2012,21,25.1443,3.2941,0.6713,0.0,30,836.36,214
66991,41,2012,22,25.7889,3.7445,0.7708,0.0,29,879.99,154
66991,42,2012,23,929.2627,3.6443,0.7224,0.0,33,2439.09,166
66991,43,2012,24,1543.5315,4.8003,0.8505,0.0,50,2436.92,153
66991,44,2012,25,11.5312,4.1999,0.84,0.0,32,834.32,185
66991,45,2012,26,170.9651,4.4079,0.8174,0.0,42,1098.75,154
66991,46,2012,27,238.0389,3.5568,0.6934,0.0,35,1099.19,183
66991,47,2012,28,7.7452,3.566,0.7883,0.0,23,836.02,179
66991,48,2012,29,49.2871,4.1411,0.7949,0.0,37,874.76,188
66991,49,2012,30,58.1874,3.0579,0.676,0.0,23,833.69,202
66991,50,2012,31,19.5304,3.1737,0.6675,0.0,27,869.39,190
66991,51,2012,32,5.8414,3.5182,0.8437,0.0,18,835.92,109
66991,52,2012,33,292.8884,2.8201,0.7621,69.88,13,833.5,83
66991,53,2012,34,0.4393,2.3073,0.606,90.58,14,1.8,138
66991,54,2012,35,12.0358,1.924,0.481,88.59,16,70.44,149
66991,55,2012,36,0.6942,2.116,0.637,85.29,10,3.82,102
66991,56,2012,37,0.3752,1.8229,0.6493,97.03,7,2.56,101
66991,57,2012,38,0.5526,1.8243,0.6498,94.55,7,3.87,55
66991,58,2012,39,0.6146,1.8391,0.5316,90.52,11,3.76,116
66991,59,2012,40,1.3887,3.0479,0.6835,80.9,22,8.25,199
66991,60,2012,41,68.8111,3.7063,0.6964,78.32,40,349.28,226
66991,61,2012,42,310.7221,5.563,0.859,36.63,89,833.48,172
66991,62,2012,43,16.4883,2.7429,0.6064,78.33,23,72.22,180
66991,63,2012,44,0.3636,2.9755,0.6885,95.35,20,1.51,172
66991,64,2012,45,0.4963,2.3156,0.6082,89.64,14,2.54,222
66991,65,2012,46,0.6316,2.4582,0.6292,91.56,15,5.22,225
66991,66,2012,47,351.534,5.4763,0.8522,18.36,86,841.77,256
66991,67,2012,48,0.479,2.6969,0.614,85.5,21,2.37,200
66991,68,2012,49,0.5006,3.3066,0.7035,89.76,26,2.22,205
66991,69,2012,50,368.001,3.9935,0.723,57.78,46,833.53,225
66991,70,2012,51,40.2466,4.3501,0.6787,0.0,85,958.35,438
66991,71,2012,52,27.0508,3.1949,0.618,0.0,36,950.14,158
66991,72,2013,1,1532.7496,5.8429,0.8776,0.0,101,2443.37,257
66991,73,2013,2,655.4794,6.3844,0.8709,0.0,161,1858.07,316
66991,74,2013,3,130.4429,4.2725,0.739,43.44,55,283.29,221
66991,75,2013,4,0.4073,2.3144,0.6254,91.16,13,1.57,147
66991,76,2013,5,0.4337,2.3438,0.6334,93.47,13,1.58,199
66991,77,2013,6,0.4685,2.7069,0.6263,88.93,20,2.74,271
66991,78,2013,7,0.777,2.4015,0.5759,95.68,18,4.97,278
66991,79,2013,8,0.4849,2.4695,0.6888,93.97,12,2.52,116
66991,80,2013,9,0.4485,2.3869,0.645,92.86,13,1.72,70
66991,81,2013,10,0.2233,0.3506,0.2212,96.43,3,1.78,56
66991,83,2013,12,0.3559,2.0348,0.5882,89.83,11,1.56,59
66991,84,2013,13,0.3581,1.5326,0.6601,86.49,5,1.55,37
66991,85,2013,14,0.3269,2.2388,0.8661,74.0,6,1.12,50
66991,86,2013,15,0.3248,0.9284,0.9284,65.62,2,1.1,32
66991,88,2013,17,0.4242,1.2364,0.7801,52.63,3,1.34,19
66991,89,2013,18,0.3274,1.7395,0.8697,71.74,4,1.35,46
66991,90,2013,19,0.2882,1.1212,0.7074,65.22,3,1.28,23
66991,91,2013,20,0.0,0.0,0.0,0.0,1,832.27,5
66991,92,2013,21,0.6971,1.518,0.6538,0.0,5,833.55,61
66991,104,2013,33,0.0006,0.0,0.0,0.0,1,832.31,15
66991,105,2013,34,0.001,0.0,0.0,0.0,1,832.31,7
66991,115,2013,44,0.1064,0.3138,0.3138,100.0,2,0.57,53
66991,116,2013,45,0.0,0.0,0.0,100.0,1,0.5,3
66991,159,2014,36,0.395,1.1916,0.7518,4.35,3,1.33,23
67947,8,2011,41,85.5648,1.5826,0.6816,88.27,5,342.86,162
67947,9,2011,42,146.9364,1.9362,0.4072,92.31,27,628.7,1093
67947,10,2011,43,1.9948,2.5082,0.6778,61.55,13,5.19,2338
67947,11,2011,44,0.2333,1.8785,0.7267,100.0,6,0.6,1703
67947,12,2011,45,0.5793,1.6309,0.5145,93.85,9,4.18,2131
67947,13,2011,46,1.3252,1.1449,0.3612,96.85,9,8.08,1935
67947,14,2011,47,48.2977,1.8313,0.3994,76.07,24,117.13,1759
67947,15,2011,48,0.1151,0.2621,0.0731,99.23,12,1.18,1691
67947,16,2011,49,0.1619,0.4893,0.3087,100.0,3,0.48,2144
67947,17,2011,50,653.4603,1.2769,0.3844,61.12,10,1351.7,2204
67947,18,2011,51,2.8335,2.8099,0.6874,0.0,17,1355.26,2139
67947,19,2011,52,3.8809,2.3648,0.5671,0.0,18,1363.49,1955
67947,20,2012,1,0.8199,0.815,0.2141,0.0,14,1352.78,2072
67947,21,2012,2,573.8378,2.175,0.4477,1.9,29,1352.76,2103
67947,22,2012,3,0.112,0.7228,0.2176,100.0,10,0.74,2077
67947,23,2012,4,0.3017,1.6393,0.5172,99.96,9,1.13,2446
67947,24,2012,5,0.2472,1.9478,0.5264,100.0,13,0.66,3051
67947,25,2012,6,0.3525,1.9719,0.5329,98.66,13,5.45,2908
67947,26,2012,7,0.7149,1.1127,0.3964,97.08,7,4.43,1574
67947,27,2012,8,0.1144,1.0881,0.5441,100.0,4,0.74,1854
67947,28,2012,9,0.3246,0.7201,0.24,96.11,8,1.62,3059
67947,29,2012,10,11.3431,0.5022,0.2163,99.04,5,116.55,2086
67947,30,2012,11,0.0904,0.224,0.224,100.0,2,0.48,2023
67947,31,2012,12,0.2972,1.3558,0.4277,95.67,9,0.95,2217
67947,32,2012,13,0.2282,1.3962,0.4654,100.0,8,0.54,2776
67947,33,2012,14,0.2215,1.6127,0.5376,100.0,8,0.75,2640
67947,37,2012,18,0.1389,1.4707,0.5689,100.0,6,0.74,703
67947,38,2012,19,0.1183,0.888,0.888,100.0,2,0.74,396
67947,42,2012,23,0.1213,0.7587,0.7587,100.0,2,0.71,812
67947,49,2012,30,0.0,0.0,0.0,100.0,1,0.73,2
67947,52,2012,33,0.0372,0.191,0.191,100.0,2,0.72,341
67947,53,2012,34,0.0,0.0,0.0,100.0,1,0.72,182
67947,54,2012,35,0.2624,1.9686,0.6562,100.0,8,0.75,686
68494,7,2011,40,0.9536,3.632,0.6435,94.6,50,5.93,2168
68494,8,2011,41,20.7054,3.6301,0.6432,80.85,50,116.78,2872
68494,9,2011,42,31.1814,3.92,0.6721,85.12,57,117.07,3166
68494,10,2011,43,1.9333,2.6301,0.5128,95.16,35,16.64,3307
68494,11,2011,44,0.6883,4.0912,0.7587,88.42,42,5.0,2479
68494,12,2011,45,45.2449,3.8418,0.6586,80.55,57,129.47,2766
68494,13,2011,46,335.7241,4.3476,0.6681,74.58,91,1039.87,2581
68494,14,2011,47,76.4772,3.3663,0.6027,87.73,48,622.7,3211
68494,15,2011,48,0.7596,2.742,0.5833,98.54,26,5.93,2811
68494,16,2011,49,0.3199,3.1528,0.6789,99.89,25,1.98,2720
68494,17,2011,50,53.6576,3.0614,0.5752,68.96,40,117.42,2358
68494,18,2011,51,699.4243,3.4336,0.6452,0.0,40,2863.95,3067
68494,19,2011,52,2.8152,2.9864,0.587,0.0,34,2823.2,2653
68494,20,2012,1,1.9135,2.8305,0.6257,0.0,23,2820.84,2260
68494,21,2012,2,548.5362,2.4422,0.4473,0.0,44,2917.43,1817
68494,22,2012,3,237.7074,4.426,0.7106,74.01,75,809.44,2497
68494,23,2012,4,0.6471,3.4413,0.7158,93.43,28,4.17,2405
68494,24,2012,5,1.1852,3.4608,0.6747,82.96,35,5.59,2436
68494,25,2012,6,0.7885,3.3405,0.6513,96.37,35,5.71,2648
68494,26,2012,7,18.8615,3.2541,0.6698,97.2,29,115.66,3070
68494,27,2012,8,15.2662,3.2863,0.6357,96.05,36,112.97,2230
68494,28,2012,9,0.832,3.9415,0.7814,91.61,33,5.64,3003
68494,29,2012,10,1.0492,2.8289,0.6254,87.73,23,5.82,2803
68494,30,2012,11,90.3963,3.388,0.6324,66.18,41,222.15,3013
68494,31,2012,12,1.1293,3.2994,0.7019,92.32,26,5.88,2827
68494,32,2012,13,0.8453,3.2097,0.6309,98.25,34,8.76,1425
68494,33,2012,14,0.3371,3.4074,0.636,99.38,41,1.42,2593
68494,34,2012,15,0.3735,3.6179,0.6627,98.87,44,1.96,3003
68494,35,2012,16,0.2708,2.6664,0.7438,100.0,12,0.74,1960
68494,38,2012,19,1.2205,2.7098,0.6775,73.89,16,4.36,180
68494,39,2012,20,3.2724,3.1424,0.5342,0.0,59,2832.27,559
68494,40,2012,21,5.6445,2.848,0.5646,0.0,33,2839.91,364
68494,41,2012,22,4.9299,3.1603,0.6161,0.0,35,2854.28,563
68494,42,2012,23,2.3654,2.5753,0.5301,0.0,29,2824.39,645
68494,43,2012,24,221.234,4.0806,0.6751,0.0,66,2888.3,603
68494,44,2012,25,22.0987,2.7227,0.5266,0.0,36,2917.71,553
68494,45,2012,26,349.7462,2.943,0.5608,0.0,38,2839.35,801
68494,46,2012,27,3.3715,2.7498,0.5451,0.0,33,2824.39,457
68494,47,2012,28,2.6999,2.6955,0.6044,0.0,22,2820.38,444
68494,48,2012,29,2.5495,3.199,0.6889,0.0,25,2820.49,348
68494,49,2012,30,7.6045,2.2846,0.4656,0.0,30,2863.45,607
68494,50,2012,31,855.4361,3.1102,0.5768,4.46,42,2862.98,359
68494,51,2012,32,5.4227,2.7517,0.7676,37.5,12,23.65,104
68494,52,2012,33,42.7204,4.107,0.7666,43.03,41,152.89,165
68494,53,2012,34,0.6231,2.1017,0.5862,87.23,12,2.63,274
68494,54,2012,35,0.4319,1.9875,0.627,95.14,9,2.25,247
68494,55,2012,36,0.6605,2.2307,0.5457,90.22,17,3.36,225
68494,56,2012,37,8.3192,3.0957,0.7048,81.77,21,31.8,203
68494,57,2012,38,0.1405,1.9125,0.7398,100.0,6,0.39,39
68494,58,2012,39,0.6733,3.3718,0.7173,96.15,26,4.47,260
68494,59,2012,40,69.3288,3.9251,0.7233,93.2,43,813.47,309
68494,60,2012,41,0.3616,3.7169,0.7306,97.76,34,1.77,312
68494,61,2012,42,0.823,2.7018,0.5748,95.14,26,5.05,288
68494,62,2012,43,1.7729,4.0269,0.721,87.93,48,9.07,348
68494,63,2012,44,0.2099,3.3637,0.7543,100.0,22,0.72,187
68494,64,2012,45,1525.6524,3.9626,0.7855,95.51,33,8947.02,267
68494,65,2012,46,962.9307,3.4246,0.7375,97.27,25,8947.02,256
68494,66,2012,47,600.4948,3.0155,0.6666,99.55,23,8947.02,221
68494,67,2012,48,0.222,3.2141,0.7437,100.0,20,0.61,126
68494,68,2012,49,1432.4525,2.8393,0.5906,97.37,28,8947.02,266
68494,69,2012,50,1343.9192,3.6518,0.6816,65.89,41,3075.81,343
68494,70,2012,51,26.2009,4.1721,0.698,0.0,63,2921.59,267
68494,71,2012,52,9.8104,1.6723,0.428,0.0,15,2921.59,259
68494,72,2013,1,2.1675,0.6312,0.3982,0.0,3,2817.54,33
68494,73,2013,2,650.2626,2.9259,0.923,0.0,9,2991.79,19
68494,74,2013,3,0.2128,2.1281,0.8233,100.0,6,0.45,14
68494,75,2013,4,0.1701,1.2776,0.6388,100.0,4,0.4,11
68494,76,2013,5,0.2795,2.4817,0.9601,100.0,6,0.73,11
68494,78,2013,7,35.9247,3.0297,0.9558,89.29,9,116.05,28
68494,79,2013,8,0.2378,1.1981,0.7559,100.0,3,0.6,14
68494,80,2013,9,0.1298,1.4885,0.7443,100.0,4,0.48,13
68494,81,2013,10,14.8159,2.9425,0.9283,73.91,9,52.61,23
68494,82,2013,11,201.6125,1.8911,0.9455,66.67,4,614.92,9
68494,83,2013,12,0.2744,2.5476,0.8492,100.0,8,0.91,26
68494,84,2013,13,0.1775,1.7905,0.7711,100.0,5,0.43,23
68494,85,2013,14,0.2762,0.7219,0.7219,100.0,2,0.75,5
68494,87,2013,16,0.3255,2.3788,0.9202,92.86,6,1.09,14
68494,88,2013,17,0.5227,2.6612,0.8011,88.89,10,1.84,27
68494,89,2013,18,0.087,1.1589,0.7312,100.0,3,0.36,15
68494,90,2013,19,0.2195,1.6409,0.8204,100.0,4,0.47,26
68494,91,2013,20,0.055,0.65,0.65,100.0,2,0.18,12
68494,92,2013,21,844.9026,1.1219,0.4832,10.0,5,2812.93,20
68494,95,2013,24,4.4184,4.6232,0.7493,0.0,72,133.39,458
68494,96,2013,25,2.1015,3.2099,0.6073,0.0,39,124.27,484
68494,97,2013,26,3.7611,5.3581,0.7705,0.0,124,130.71,586
68494,98,2013,27,3.9669,4.4615,0.7464,0.0,63,128.7,302
68494,99,2013,28,4.4118,4.6614,0.7312,0.0,83,125.24,423
68494,100,2013,29,49.6635,3.2393,0.8098,6.78,16,123.42,59
68494,101,2013,30,0.9729,2.4349,0.8116,0.0,8,123.58,23
68494,103,2013,32,56.2403,3.3464,0.9043,0.0,13,2934.37,20
68494,104,2013,33,5.2942,0.431,0.2719,0.0,3,2839.74,29
68494,105,2013,34,1323.0734,3.806,0.8665,0.0,21,2880.17,55
68494,106,2013,35,0.4175,3.347,0.8567,93.48,15,1.31,46
68494,107,2013,36,0.6769,3.45,0.9323,67.74,13,1.38,31
68494,108,2013,37,3.5726,2.2296,0.9602,50.0,5,8.22,12
68494,109,2013,38,0.0027,0.0,0.0,100.0,1,0.15,2
68494,110,2013,39,0.1477,0.9864,0.6224,100.0,3,0.49,9
68494,123,2013,52,1.4129,1.5059,0.6485,0.0,5,2811.91,13
68494,136,2014,13,0.0,0.0,0.0,100.0,1,0.14,1
68494,138,2014,15,0.003,0.0,0.0,100.0,1,0.14,2
68494,140,2014,17,0.5958,1.0,1.0,50.0,2,1.33,2
68494,141,2014,18,0.0169,1.0,1.0,100.0,2,0.41,2
68494,145,2014,22,0.0,0.0,0.0,0.0,1,2811.9,1
68494,157,2014,34,0.0021,0.0,0.0,100.0,1,0.12,2
68533,7,2011,40,0.2771,2.763,0.7467,99.09,13,1.22,1865
68533,8,2011,41,362.6247,2.5442,0.5705,87.35,22,1637.85,2063
68533,9,2011,42,611.4324,2.6654,0.5156,25.93,36,1567.43,2665
68533,10,2011,43,0.2946,2.3633,0.7455,100.0,9,0.71,2800
68533,11,2011,44,0.1393,1.5617,0.4927,100.0,9,0.79,2921
68533,12,2011,45,20.4099,2.0001,0.5579,96.22,12,116.53,2884
68533,13,2011,46,0.2404,1.4882,0.4302,99.96,11,1.48,2272
68533,14,2011,47,214.4144,2.8018,0.5655,30.31,31,500.97,2686
68533,15,2011,48,16.0484,1.3363,0.4023,97.87,10,125.11,2682
68533,16,2011,49,0.2873,2.164,0.6827,99.18,9,1.18,2318
68533,17,2011,50,199.7235,1.682,0.5306,93.35,9,950.03,1714
68533,18,2011,51,0.0,0.0,0.0,0.0,1,12083.51,350
68533,19,2011,52,1020.9006,1.8327,0.5298,0.0,11,1367.0,1692
68533,20,2012,1,295.1355,1.7568,0.4614,0.0,14,1363.75,2522
68533,21,2012,2,506.6696,2.5115,0.6023,2.92,18,1352.17,1745
68533,22,2012,3,0.1585,1.2763,0.6382,99.93,4,1.13,1431
68533,23,2012,4,0.0,0.0,0.0,100.0,1,0.28,1
68533,24,2012,5,0.1378,0.8113,0.8113,100.0,2,0.41,4
68533,25,2012,6,0.0,0.0,0.0,100.0,1,0.26,1
68533,28,2012,9,0.3393,1.5567,0.9821,100.0,3,0.78,7
68533,29,2012,10,1202.8936,2.2359,0.963,42.86,5,2429.77,7
68533,31,2012,12,0.0,0.0,0.0,100.0,1,0.26,2
68533,32,2012,13,0.3291,1.9183,0.9591,100.0,4,0.62,6
68533,33,2012,14,0.1392,1.0949,0.6908,100.0,3,0.39,14
68533,34,2012,15,0.5759,1.0,1.0,0.0,2,1851.06,2
68533,35,2012,16,0.4029,1.3355,0.6678,94.44,4,1.66,18
68533,36,2012,17,0.1143,1.1488,0.7248,100.0,3,0.39,7
68533,37,2012,18,54.8531,1.8911,0.9455,66.67,4,116.47,9
68533,38,2012,19,676.8591,2.6601,0.8867,52.94,8,1358.62,17
68533,39,2012,20,2.4236,0.8631,0.8631,0.0,2,1356.2,7
68533,40,2012,21,51.718,2.7534,0.9178,0.0,8,1536.15,14
68533,41,2012,22,0.0,0.0,0.0,0.0,1,1351.83,2
68533,42,2012,23,4.6992,1.4981,0.5795,0.0,6,1367.96,34
68533,43,2012,24,100.3518,2.2999,0.9905,0.0,5,1599.87,11
68533,44,2012,25,0.0,0.0,0.0,0.0,1,1642.19,11
68533,45,2012,26,7.1763,1.5724,0.7862,0.0,4,1645.93,21
68533,46,2012,27,34.9517,2.1403,0.7134,0.0,8,1642.21,30
68533,47,2012,28,5.5679,1.4056,0.8869,0.0,3,1642.21,16
68533,48,2012,29,2.8013,1.054,0.665,0.0,3,1646.09,20
68533,49,2012,30,29.99,1.4949,0.9432,0.0,3,1641.7,11
68533,50,2012,31,443.2225,3.3239,0.9608,0.0,11,1358.77,24
68533,51,2012,32,55.8354,2.2464,0.9675,0.0,5,1368.28,10
68533,52,2012,33,719.9651,1.5219,0.9602,0.0,3,1584.85,5
68533,53,2012,34,0.0018,0.0,0.0,100.0,1,0.41,7
68533,54,2012,35,0.0063,0.0,0.0,100.0,1,0.41,4
68533,55,2012,36,0.3385,1.2075,0.6038,91.67,4,1.18,12
68533,56,2012,37,0.0,0.0,0.0,100.0,1,0.39,14
68533,57,2012,38,0.0,0.0,0.0,100.0,1,0.39,14
68533,58,2012,39,0.2114,0.6769,0.6769,100.0,2,0.73,28
68533,59,2012,40,0.3525,1.4905,0.7452,100.0,4,1.06,20
68533,60,2012,41,151.3457,2.6556,0.8852,68.75,8,439.35,16
68533,61,2012,42,0.0003,0.0,0.0,100.0,1,0.37,2
68533,62,2012,43,0.2647,0.8366,0.8366,100.0,2,0.75,15
68533,63,2012,44,0.0763,1.7842,0.8921,100.0,4,0.38,12
68533,64,2012,45,0.6421,1.0141,0.6398,93.75,3,2.9,16
68533,65,2012,46,0.0744,1.0141,0.6398,100.0,3,0.56,16
68533,66,2012,47,663.855,2.733,0.8227,31.03,10,1364.22,29
68533,67,2012,48,0.1811,1.2389,0.7817,100.0,3,0.75,13
68533,68,2012,49,0.1451,1.5016,0.7508,100.0,4,0.42,16
68533,69,2012,50,175.638,2.2842,0.8836,58.33,6,501.23,12
68533,70,2012,51,0.4873,0.4395,0.4395,0.0,2,1351.83,11
68533,71,2012,52,3.4048,1.2495,0.5381,0.0,5,1359.63,21
68533,72,2013,1,800.7016,3.4912,0.8728,0.0,16,1857.82,56
68533,73,2013,2,873.5976,3.319,0.9594,10.34,11,1850.75,29
68533,74,2013,3,0.2604,1.1221,0.708,100.0,3,0.75,18
68533,75,2013,4,0.2984,2.1845,0.8451,96.0,6,1.49,25
68533,76,2013,5,292.9228,1.4299,0.715,85.71,4,839.85,14
68533,77,2013,6,0.135,1.7739,0.887,100.0,4,0.73,25
68533,78,2013,7,0.2724,1.4568,0.7284,95.45,4,1.43,22
68533,79,2013,8,0.0395,0.0,0.0,100.0,1,0.48,18
68533,80,2013,9,0.12,0.8404,0.8404,100.0,2,0.43,26
68533,81,2013,10,744.5842,2.1598,0.7693,57.69,7,1605.7,26
68533,82,2013,11,783.258,3.0823,0.9724,23.81,9,1653.68,21
68533,83,2013,12,0.2492,1.704,0.6592,100.0,6,0.74,29
68533,84,2013,13,357.6022,1.8327,0.7893,54.17,5,784.64,24
68533,85,2013,14,351.9366,2.6416,0.8805,66.67,8,785.61,18
68533,86,2013,15,0.3004,0.5665,0.5665,86.67,2,1.1,15
68533,87,2013,16,0.2603,0.999,0.4995,96.15,4,1.33,26
68533,88,2013,17,0.3457,1.5434,0.5971,88.89,6,1.34,27
68533,89,2013,18,0.3967,2.0402,0.7893,93.33,6,1.08,15
68533,90,2013,19,365.2366,1.8854,0.7294,86.36,6,1246.47,22
68533,91,2013,20,214.1945,3.1474,0.8779,0.0,12,1248.42,23
68533,92,2013,21,727.6978,2.4295,0.8098,0.0,8,1351.27,21
68533,94,2013,23,0.0037,0.0,0.0,0.0,1,5821.47,3
68533,100,2013,29,5.88,1.8962,0.8167,0.0,5,1365.3,12
68533,101,2013,30,134.8494,2.4131,0.9335,0.0,6,1634.94,11
68533,102,2013,31,9.0009,0.9142,0.4571,0.0,4,1374.56,18
68533,103,2013,32,304.8929,2.814,0.8471,0.0,10,1777.65,18
68533,104,2013,33,279.7911,3.0286,0.9554,0.0,9,1351.86,17
68533,105,2013,34,34.2775,2.8583,0.9017,27.78,9,72.03,18
68533,107,2013,36,0.1335,0.9183,0.9183,100.0,2,0.21,3
68533,138,2014,15,0.2652,0.8113,0.8113,100.0,2,0.57,4
68533,140,2014,17,1565.8695,1.0,1.0,0.0,2,3012.43,2
68533,141,2014,18,0.0,0.0,0.0,100.0,1,0.18,1
68533,142,2014,19,0.1926,0.9183,0.9183,100.0,2,0.59,3
68533,145,2014,22,2.4755,1.0,1.0,0.0,2,1352.02,2
68533,146,2014,23,0.296,1.0,1.0,0.0,2,3.16,2
68533,147,2014,24,1.3298,1.585,1.0,33.33,3,2.93,3
68533,149,2014,26,0.0,0.0,0.0,0.0,1,116.7,1
68533,152,2014,29,1522.7957,2.5216,0.9755,0.0,6,3105.4,7
68533,153,2014,30,0.0004,0.0,0.0,0.0,1,2.88,2
68533,154,2014,31,728.2284,1.585,1.0,0.0,3,1641.31,3
68533,155,2014,32,425.0336,1.9219,0.961,0.0,4,1815.43,5
68533,156,2014,33,0.0001,0.0,0.0,0.0,1,1351.28,2
68533,157,2014,34,584.3342,1.5,0.9464,0.0,3,1351.28,4
68533,158,2014,35,0.0031,0.0,0.0,0.0,1,2.9,2
68533,159,2014,36,0.7416,1.0,1.0,0.0,2,2.89,2
68533,160,2014,37,59.2396,2.0,1.0,0.0,4,126.27,4
68533,161,2014,38,1.2362,1.585,1.0,66.67,3,2.88,3
68533,162,2014,39,1.1385,0.8113,0.8113,25.0,2,2.89,4
68533,163,2014,40,0.5189,1.0,1.0,100.0,2,0.69,2
68533,164,2014,41,2.1371,1.5,0.9464,50.0,3,4.0,4
68533,165,2014,42,0.0,0.0,0.0,0.0,1,1224.32,1
68533,166,2014,43,259.9487,2.0,1.0,0.0,4,704.69,4
68533,167,2014,44,1.3707,1.0,1.0,50.0,2,2.88,2
68533,168,2014,45,1.2977,1.2516,0.7897,33.33,3,2.88,6
68533,169,2014,46,0.9498,0.9183,0.9183,0.0,2,2.87,3
68533,170,2014,47,0.0,0.0,0.0,0.0,1,2.88,1
68533,171,2014,48,675.3145,1.0,1.0,0.0,2,1351.28,2
68533,172,2014,49,0.5439,1.585,1.0,33.33,3,1.35,3
68533,173,2014,50,0.0007,0.0,0.0,100.0,1,0.56,2
68533,174,2014,51,1.1989,1.5,0.9464,25.0,3,2.87,4
68533,175,2014,52,95.1884,0.8113,0.8113,0.0,2,3086.81,4
68533,176,2015,1,0.0,0.0,0.0,0.0,1,1351.29,1
68533,177,2015,2,534.735,1.0,1.0,0.0,2,1351.28,2
68533,178,2015,3,0.0,0.0,0.0,0.0,1,2.79,1
68533,179,2015,4,1.2322,0.9183,0.9183,33.33,2,2.88,3
68533,180,2015,5,0.2117,1.585,1.0,100.0,3,0.4,3
68533,181,2015,6,0.1671,0.9183,0.9183,100.0,2,0.3,3
68633,8,2011,41,0.2196,1.5795,0.5626,100.0,7,0.76,1023
68633,9,2011,42,0.2612,1.231,0.3883,100.0,9,0.74,2024
68633,10,2011,43,0.1114,0.6503,0.3251,100.0,4,0.72,2397
68633,11,2011,44,0.2889,1.6761,0.5971,100.0,7,0.74,2293
68633,12,2011,45,0.3731,2.0518,0.6839,100.0,8,0.71,1762
68633,13,2011,46,0.1288,1.3343,0.3722,100.0,12,0.74,2189
68633,14,2011,47,61.4578,2.5865,0.5084,38.82,34,135.69,1757
68633,15,2011,48,25.6301,1.5645,0.4523,94.96,11,128.0,1846
68633,16,2011,49,3.5348,1.8581,0.6194,99.95,8,160.88,2069
68633,17,2011,50,701.8397,2.4808,0.7171,80.08,11,1756.89,1978
68633,18,2011,51,2.8098,1.7661,0.6832,0.0,6,1756.89,812
68633,19,2011,52,1.2482,1.7362,0.8681,0.0,4,1756.89,1373
68633,20,2012,1,1.5737,1.2779,0.5503,0.0,5,1758.44,2021
68633,21,2012,2,0.3567,1.2382,0.5333,0.0,5,1758.09,1805
68633,22,2012,3,530.2579,2.2007,0.6625,87.91,10,1756.89,2250
68633,23,2012,4,0.7803,2.1418,0.6191,97.49,11,4.36,2109
68633,24,2012,5,0.0022,0.9991,0.9991,100.0,2,0.67,1261
68633,25,2012,6,1.5753,1.7774,0.5607,90.97,9,5.11,1030
68633,26,2012,7,0.1769,0.9896,0.4262,100.0,5,0.74,1664
68633,27,2012,8,0.1039,0.5094,0.2194,100.0,5,0.74,2206
68633,28,2012,9,0.1535,1.4122,0.6082,100.0,5,0.67,1767
68633,29,2012,10,749.8671,2.8635,0.6741,70.71,19,1757.49,1707
68633,30,2012,11,635.721,2.7778,0.591,13.36,26,1763.45,2313
68633,31,2012,12,0.0791,1.7148,0.7385,100.0,5,0.73,1853
68633,32,2012,13,0.1323,1.6387,0.5837,100.0,7,0.67,2211
68633,33,2012,14,0.2419,2.1501,0.5998,100.0,12,0.75,2262
68633,34,2012,15,0.1544,1.7512,0.5524,100.0,9,0.67,1956
68633,35,2012,16,0.3201,1.0912,0.5456,100.0,4,0.67,614
68633,36,2012,17,586.3256,1.2252,0.3311,99.81,13,13479.23,2123
68633,37,2012,18,0.4256,1.7579,0.4216,99.85,18,1.47,658
68633,38,2012,19,0.8253,3.7287,0.8361,95.0,22,5.21,60
68633,39,2012,20,6.3444,3.412,0.853,83.33,16,37.51,36
68633,40,2012,21,736.5703,4.0831,0.8242,2.99,31,1760.33,67
68633,41,2012,22,0.7783,1.654,0.5892,0.0,7,1758.95,23
68633,42,2012,23,5.033,3.74,0.8157,0.0,24,1763.47,78
68633,43,2012,24,5.1771,3.0878,0.772,0.0,16,1757.38,41
68633,44,2012,25,1.3483,2.6995,0.8998,0.0,8,1756.91,28
68633,45,2012,26,1.3381,2.5327,0.7624,0.0,10,1757.58,47
68633,46,2012,27,6.021,4.0843,0.7675,0.0,40,1760.33,129
68633,47,2012,28,290.6413,3.1386,0.7847,0.0,16,1768.03,78
68633,48,2012,29,2.6661,2.8648,0.5383,0.0,40,1763.52,164
68633,49,2012,30,27.8535,3.4554,0.6538,0.0,39,1763.1,168
68633,50,2012,31,5.1602,1.2058,0.3364,0.0,12,1783.1,99
68633,51,2012,32,0.0751,0.7219,0.7219,0.0,2,1756.96,5
68633,54,2012,35,0.4672,3.0211,0.7935,95.52,14,1.59,67
68633,55,2012,36,0.3576,3.2241,0.734,96.84,21,1.18,95
68633,56,2012,37,147.0689,3.4073,0.7641,97.32,22,1563.86,112
68633,57,2012,38,1.3396,3.6831,0.7836,82.19,26,5.36,73
68633,58,2012,39,0.6925,2.9421,0.6926,94.68,19,4.03,94
68633,59,2012,40,0.2596,2.5317,0.7062,98.97,12,1.52,97
68633,60,2012,41,545.446,4.0665,0.7066,82.18,54,1757.6,303
68633,61,2012,42,554.6487,4.2308,0.7163,3.33,60,1763.16,210
68633,62,2012,43,0.2449,2.7052,0.5755,98.43,26,1.53,318
68633,63,2012,44,0.2615,2.9306,0.6235,97.93,26,1.44,386
68633,64,2012,45,0.344,2.8757,0.5982,98.37,28,1.85,246
68633,65,2012,46,0.3746,3.5199,0.704,98.05,32,1.48,205
68633,66,2012,47,0.8405,3.1321,0.5846,92.8,41,4.82,375
68633,67,2012,48,0.4374,3.2447,0.6613,95.44,30,4.8,307
68633,68,2012,49,0.3627,2.6593,0.7687,92.94,11,1.51,85
68633,69,2012,50,757.3105,4.6345,0.8298,60.14,48,1796.82,143
68633,70,2012,51,2.3766,3.5838,0.6199,0.0,55,1763.52,278
68633,71,2012,52,64.4044,2.4616,0.5696,0.0,20,1757.67,140
68633,72,2013,1,4.2666,2.3917,0.503,0.0,27,1768.92,303
68633,73,2013,2,316.4809,3.3249,0.57,0.0,57,1765.95,359
68633,74,2013,3,0.8479,3.4017,0.6436,95.97,39,6.64,347
68633,75,2013,4,0.3696,3.7628,0.7336,95.26,35,1.64,359
68633,76,2013,5,0.3439,3.4352,0.7948,92.41,20,1.58,145
68633,77,2013,6,0.3717,3.5368,0.7074,97.03,32,1.58,438
68633,78,2013,7,0.3416,3.0704,0.6697,95.63,24,1.69,206
68633,79,2013,8,2.9086,3.403,0.6935,90.34,30,16.4,207
68633,80,2013,9,0.3766,3.5145,0.7094,95.09,31,1.72,265
68633,81,2013,10,724.6574,4.3656,0.7197,72.92,67,1760.32,432
68633,82,2013,11,114.32,3.4809,0.6376,0.0,44,1763.6,143
68633,83,2013,12,0.569,3.5882,0.694,90.2,36,3.13,296
68633,84,2013,13,1.0145,2.8784,0.6054,91.03,27,4.47,234
68633,85,2013,14,0.2546,1.4837,0.9361,82.35,3,1.12,17
68633,86,2013,15,0.383,2.9575,0.6538,87.21,23,1.26,172
68633,87,2013,16,0.3605,3.0639,0.828,93.85,13,1.33,65
68633,88,2013,17,0.3004,2.9014,0.6606,94.06,21,1.34,219
68633,89,2013,18,0.3402,2.9223,0.561,94.11,37,1.36,492
68633,90,2013,19,0.5678,2.3718,0.5319,88.31,22,5.72,308
68633,91,2013,20,0.2884,2.627,0.6427,87.14,17,1.28,311
68633,92,2013,21,286.7976,2.6442,0.5115,0.0,36,1770.17,192
68633,93,2013,22,5.8626,3.4043,0.6199,0.0,45,1768.0,270
68633,94,2013,23,110.9702,2.451,0.5878,0.0,18,1758.25,236
68633,95,2013,24,1.0437,1.0652,0.6721,0.0,3,8933.24,61
68633,96,2013,25,0.0139,0.7554,0.7554,0.0,2,8933.23,23
68633,98,2013,27,0.0062,0.0,0.0,0.0,1,8933.23,2
68633,102,2013,31,0.0257,1.0,1.0,0.0,2,8933.23,2
68633,103,2013,32,124.211,3.397,0.6185,0.0,45,1764.32,145
68633,104,2013,33,5.0848,2.3394,0.4598,0.0,34,1758.28,310
68633,105,2013,34,826.1793,5.8933,0.8419,12.78,128,1762.84,352
68633,106,2013,35,305.9011,2.1996,0.5178,0.0,19,1763.65,120
68633,107,2013,36,0.0159,0.0,0.0,0.0,1,6563.34,39
68633,108,2013,37,0.0062,0.0,0.0,0.0,1,6563.34,10
68633,110,2013,39,0.0037,0.9154,0.5776,0.0,3,7663.26,59
68633,111,2013,40,278.0226,2.4693,0.8231,0.0,8,7850.17,72
68633,122,2013,51,423.5872,2.3215,0.8269,0.0,7,2421.69,40
68633,123,2013,52,102.8799,4.4675,0.7626,0.0,58,1986.34,140
68633,124,2014,1,2.141,2.384,0.665,0.0,12,1762.16,104
68633,125,2014,2,485.8571,1.7025,0.7332,0.0,5,1757.95,73
68633,126,2014,3,75.8509,4.7732,0.7814,65.92,69,1253.27,311
68633,127,2014,4,1.5297,4.2513,0.7495,76.84,51,5.7,393
68633,128,2014,5,0.5422,4.0274,0.7333,85.52,45,3.82,373
68633,129,2014,6,0.5203,3.6851,0.7074,86.3,37,1.62,292
68633,130,2014,7,0.9559,3.7065,0.671,82.9,46,7.21,497
68633,131,2014,8,1.0678,3.1759,0.5817,85.61,44,5.57,424
68633,134,2014,11,57.0537,6.0777,0.9433,33.06,87,123.55,124
68633,135,2014,12,1.4786,4.6571,0.7884,68.07,60,6.15,166
68633,136,2014,13,1.7464,4.6988,0.8369,57.89,49,7.17,152
68633,137,2014,14,0.7597,4.0673,0.7322,80.0,47,5.61,250
68633,138,2014,15,0.4469,4.2165,0.7819,90.58,42,1.36,191
68633,139,2014,16,2.3206,4.0436,0.9067,65.71,22,5.78,35
68633,140,2014,17,0.424,4.647,0.906,94.57,35,1.34,92
68633,141,2014,18,0.4177,4.2092,0.8756,94.92,28,1.15,59
68633,142,2014,19,1.7648,4.2195,0.8686,87.84,29,9.79,74
68633,143,2014,20,2.151,4.7529,0.851,86.82,48,10.2,129
68633,144,2014,21,862.809,4.7745,0.9033,19.67,39,1756.89,61
68633,145,2014,22,6.8113,3.9061,0.8411,0.0,25,1763.37,45
68633,146,2014,23,1.0768,1.9239,0.6413,0.0,8,1756.87,25
68633,147,2014,24,6.2024,5.1086,0.8836,0.0,55,1767.99,100
68633,148,2014,25,2.3064,1.6645,0.8322,0.0,4,1763.3,7
68633,149,2014,26,6.1188,4.7238,0.8937,0.0,39,1762.17,69
68633,150,2014,27,24.2139,6.7934,0.9585,0.0,136,1767.51,182
68633,151,2014,28,3.777,4.2396,0.8916,0.0,27,1760.66,51
68633,152,2014,29,82.9118,5.8784,0.9691,0.0,67,1986.97,89
68633,154,2014,31,8.343,5.3991,0.9426,0.0,53,1763.3,77
68633,155,2014,32,6.1782,4.8017,0.9085,0.0,39,1790.62,61
68633,156,2014,33,7.687,4.0541,0.8183,0.0,31,1761.56,53
68633,157,2014,34,664.8029,5.4499,0.9515,0.0,53,1763.34,67
68633,158,2014,35,8.0017,4.7937,0.7931,87.4,66,79.63,254
68633,159,2014,36,0.3377,3.7455,0.7362,97.09,34,1.29,172
68633,160,2014,37,0.4324,3.8143,0.7322,92.5,37,1.67,240
68633,161,2014,38,9.215,3.9768,0.7817,91.84,34,41.37,196
68633,162,2014,39,0.3032,3.7331,0.7535,100.0,31,1.22,148
68633,163,2014,40,0.3541,4.0193,0.7836,99.34,35,1.22,152
68633,164,2014,41,0.3592,3.8526,0.7573,97.88,34,1.56,189
68633,165,2014,42,0.3225,3.5785,0.8424,98.15,19,1.01,54
68633,175,2014,52,123.7366,5.7324,0.9666,0.0,61,1763.33,80
68633,176,2015,1,4.2064,4.2737,0.8472,0.0,33,1765.38,63
68633,177,2015,2,808.2411,5.0461,0.8852,14.1,52,1763.39,78
68633,178,2015,3,0.6982,3.4479,0.7027,92.86,30,4.39,126
68633,179,2015,4,1.1641,4.0584,0.7733,91.53,38,4.55,189
68633,180,2015,5,0.5212,3.9555,0.7651,91.82,36,1.62,220
68633,181,2015,6,0.428,3.8649,0.7877,96.35,30,1.29,137
68633,182,2015,7,0.357,3.9384,0.8481,98.68,25,1.29,76
68633,183,2015,8,0.3949,3.669,0.7716,96.83,27,1.64,126
68633,184,2015,9,0.435,2.8998,0.7836,95.16,13,1.29,62
68633,185,2015,10,0.4029,3.3554,0.8388,95.31,16,1.29,64
68633,186,2015,11,0.2807,2.3962,0.599,100.0,16,0.97,84
68633,187,2015,12,0.2942,3.4284,0.721,100.0,27,0.62,98
68633,188,2015,13,0.8837,3.8676,0.7084,88.61,44,3.25,158
68633,189,2015,14,1.3368,2.9566,0.6025,89.29,30,4.55,140
68633,190,2015,15,0.5851,3.6541,0.6776,95.67,42,3.85,208
68633,191,2015,16,0.3696,3.5677,0.7135,98.29,32,1.54,175
68633,192,2015,17,0.3342,2.7745,0.9248,100.0,8,0.86,21
69065,37,2012,18,1.2214,1.772,0.4943,86.92,12,7.33,130
69065,38,2012,19,0.5781,1.9305,0.4545,84.03,19,2.81,263
69065,39,2012,20,0.0089,0.0,0.0,100.0,1,0.46,4
69065,40,2012,21,13.2665,2.6865,0.6443,0.0,18,662.28,75
69065,41,2012,22,13.228,2.425,0.5521,0.0,21,660.5,164
69065,42,2012,23,683.9462,5.0026,0.8957,0.0,48,1530.45,129
69065,43,2012,24,223.0917,3.5177,0.7575,0.0,25,702.07,139
69065,44,2012,25,176.9565,3.5161,0.9,0.0,15,261.64,89
69065,45,2012,26,209.1964,4.0085,0.7753,0.0,36,849.5,209
69065,46,2012,27,398.4007,2.903,0.6834,0.0,19,856.92,146
69065,47,2012,28,229.4938,3.9096,0.7685,0.0,34,267.93,189
69065,48,2012,29,514.8512,3.9092,0.7561,0.0,36,1539.84,142
69065,49,2012,30,1.0055,0.8113,0.8113,0.0,2,1538.56,4
69065,50,2012,31,279.9589,2.2826,0.883,0.0,6,640.57,15
69065,51,2012,32,11.6135,0.9852,0.9852,0.0,2,642.56,7
69065,52,2012,33,0.357,1.0,1.0,100.0,2,0.42,2
69065,53,2012,34,0.3346,0.9183,0.9183,100.0,2,0.42,3
69065,54,2012,35,0.006,0.0,0.0,100.0,1,0.38,4
69065,55,2012,36,0.0111,1.0,1.0,100.0,2,0.38,4
69065,56,2012,37,0.2096,0.9864,0.6224,100.0,3,0.38,9
69065,57,2012,38,0.0062,0.8631,0.8631,100.0,2,0.37,7
69065,58,2012,39,0.2865,1.899,0.9495,100.0,4,0.38,19
69065,59,2012,40,0.0034,0.8113,0.8113,100.0,2,0.35,4
69065,60,2012,41,2.5531,2.1039,0.9061,69.23,5,5.43,13
69065,62,2012,43,0.3166,1.9056,0.9528,100.0,4,0.64,8
69065,63,2012,44,0.3634,2.171,0.935,90.0,5,0.94,10
69065,64,2012,45,0.0303,0.0,0.0,100.0,1,0.67,2
69065,65,2012,46,0.3001,1.4056,0.8869,100.0,3,0.38,8
69065,66,2012,47,311.8165,1.5,0.9464,50.0,3,623.75,8
69065,68,2012,49,0.2006,0.5436,0.5436,100.0,2,0.39,8
69065,69,2012,50,0.282,1.9056,0.8207,100.0,5,0.75,16
69065,70,2012,51,0.5334,0.8113,0.8113,0.0,2,624.61,4
69065,71,2012,52,19.0199,1.9746,0.8504,0.0,5,663.59,16
69065,72,2013,1,0.6797,0.8181,0.409,0.0,4,625.45,21
69065,74,2013,3,0.384,1.0,1.0,100.0,2,0.47,8
69065,77,2013,6,0.4388,3.1698,0.7217,99.6,21,1.54,247
69065,78,2013,7,24.2704,4.3872,0.7588,91.97,55,116.95,361
69065,79,2013,8,0.8113,4.3822,0.8027,89.74,44,4.98,302
69065,80,2013,9,0.3286,2.5966,0.7243,98.36,12,1.83,61
69065,81,2013,10,571.0615,3.9451,0.6793,84.23,56,3220.16,279
69065,82,2013,11,1475.5692,2.6516,0.5783,29.17,24,3247.43,168
69065,83,2013,12,0.3561,3.8035,0.7099,99.5,41,1.59,402
69065,84,2013,13,0.8278,3.5778,0.6594,96.9,43,7.78,355
69065,85,2013,14,0.732,4.0125,0.7702,85.37,37,2.84,164
69065,86,2013,15,0.4218,3.2339,0.6801,95.37,27,1.84,216
69065,87,2013,16,25.3191,3.8131,0.8112,92.39,26,102.9,184
69065,88,2013,17,0.6154,3.2995,0.5973,95.84,46,6.64,409
69065,89,2013,18,0.5072,3.6144,0.7047,92.98,35,1.82,299
69065,90,2013,19,256.3069,4.1786,0.7164,66.29,57,628.77,264
69065,91,2013,20,384.7024,2.9292,0.5114,0.0,53,1542.28,370
69065,92,2013,21,309.2973,3.3318,0.6396,0.0,37,1542.28,218
69065,93,2013,22,366.9382,5.6532,0.8258,0.0,115,1551.77,381
69065,94,2013,23,4.1433,2.3222,0.7326,0.0,9,922.79,136
69065,95,2013,24,0.363,2.211,0.7876,0.0,7,787.75,185
69065,97,2013,26,0.6265,0.65,0.65,0.0,2,252.15,6
69065,98,2013,27,0.0025,0.0,0.0,0.0,1,872.21,6
69065,99,2013,28,0.0,0.0,0.0,0.0,1,557.72,3
69065,100,2013,29,437.7258,2.3396,0.9051,0.0,6,1538.98,15
69065,121,2013,50,283.5943,1.771,0.7627,70.0,5,619.85,10
69065,122,2013,51,0.0002,0.0,0.0,0.0,1,623.8,3
69065,123,2013,52,0.9304,1.7028,0.8514,0.0,4,625.31,16
69065,124,2014,1,0.7672,0.7345,0.4634,0.0,3,625.33,14
69065,125,2014,2,25.3198,1.3448,0.5792,0.0,5,625.33,30
69065,126,2014,3,0.2893,1.4186,0.895,100.0,3,0.79,16
69065,127,2014,4,0.2561,0.8454,0.8454,100.0,2,0.79,11
69065,128,2014,5,0.3344,1.6805,0.7237,100.0,5,0.79,27
69065,129,2014,6,0.2603,1.4166,0.7083,100.0,4,0.78,20
69669,7,2011,40,0.8753,1.6313,0.5438,94.96,8,3.79,1626
69669,8,2011,41,1215.7661,3.0623,0.5143,74.12,62,2934.18,2968
69669,9,2011,42,1354.9525,2.5245,0.4846,64.68,37,2934.65,3055
69669,10,2011,43,0.5456,1.6858,0.5619,61.81,8,2.24,3192
69669,11,2011,44,0.313,1.7766,0.4956,85.59,12,1.59,2963
69669,12,2011,45,0.3549,1.5754,0.4742,98.81,10,2.22,2099
69669,13,2011,46,0.6751,1.0745,0.4627,98.02,5,4.81,3034
69669,14,2011,47,439.4468,3.4066,0.6539,30.54,37,909.92,2783
69669,15,2011,48,0.3235,1.5033,0.4346,99.5,11,2.82,2999
69669,36,2012,17,0.0,0.0,0.0,100.0,1,0.31,9
69669,37,2012,18,0.0364,0.0501,0.0501,100.0,2,0.74,178
70889,7,2011,40,0.2265,2.2588,0.4189,99.55,42,1.59,1557
70889,8,2011,41,113.7629,3.3548,0.48,87.44,127,668.01,1999
70889,9,2011,42,297.5234,1.0882,0.3276,20.12,10,741.64,2092
70889,10,2011,43,0.6973,3.1326,0.5704,96.52,45,5.61,2612
70889,11,2011,44,0.6122,2.6379,0.4628,96.63,52,5.59,2669
70889,12,2011,45,7.0101,2.2907,0.4222,95.26,43,254.37,2657
70889,13,2011,46,0.7433,2.3198,0.4826,89.93,28,4.5,1916
70889,14,2011,47,0.866,1.7622,0.3409,96.12,36,7.48,2529
70889,15,2011,48,0.1948,1.9074,0.3887,98.52,30,0.9,2156
70889,16,2011,49,0.1936,1.8883,0.3887,98.5,29,0.9,1672
70889,17,2011,50,260.4598,1.5978,0.4197,84.1,14,741.64,2195
70889,18,2011,51,0.0029,0.0,0.0,0.0,1,741.63,616
70889,20,2012,1,1.3549,0.7339,0.463,0.0,3,741.63,2379
70889,21,2012,2,260.5931,1.7756,0.5132,10.7,11,741.63,860
70889,22,2012,3,0.1622,1.1043,0.3934,100.0,7,0.6,2035
70889,23,2012,4,3.8867,0.847,0.3277,99.94,6,160.88,1709
70889,24,2012,5,0.3877,2.2134,0.6174,82.83,12,1.19,2563
70889,25,2012,6,0.2768,1.5259,0.5086,90.29,8,0.9,1504
70889,26,2012,7,0.2898,1.9753,0.7036,98.51,7,0.9,1743
70889,27,2012,8,0.0706,0.8035,0.507,100.0,3,0.27,841
70889,28,2012,9,0.3182,2.1317,0.7593,90.34,7,0.9,1998
70889,29,2012,10,314.8421,1.7376,0.6722,76.3,6,744.3,443
70889,30,2012,11,268.3014,0.9664,0.4162,7.46,5,741.62,1045
70889,31,2012,12,0.7859,2.1789,0.5723,92.58,14,4.49,2021
70889,32,2012,13,0.1409,1.4885,0.4962,99.78,8,0.91,894
70889,33,2012,14,1.3495,2.1061,0.5265,85.08,16,4.46,1615
70889,34,2012,15,0.1806,2.2185,0.6678,100.0,10,0.74,1113
70889,35,2012,16,0.4013,2.5026,0.7534,80.3,10,0.91,1457
70889,36,2012,17,0.2241,0.9897,0.6244,99.86,3,0.99,704
70889,37,2012,18,0.189,1.1534,0.3334,100.0,11,0.74,354
70889,38,2012,19,0.1768,1.6225,0.5408,100.0,8,0.6,52
70889,39,2012,20,3.6168,1.7917,0.6931,0.0,6,741.63,18
70889,40,2012,21,22.7606,1.5132,0.539,0.0,7,770.59,86
70889,41,2012,22,4.6929,2.5843,0.778,0.0,10,745.08,26
70889,42,2012,23,0.6484,0.469,0.469,0.0,2,741.62,10
70889,43,2012,24,0.0,0.0,0.0,0.0,1,741.62,1
70889,44,2012,25,4.865,1.042,0.6575,0.0,3,741.62,42
70889,45,2012,26,2.0628,1.1064,0.4765,0.0,5,741.62,29
70889,46,2012,27,6.2356,2.8401,0.6042,0.0,26,749.83,74
70889,47,2012,28,0.0,0.0,0.0,0.0,1,741.62,11
70889,48,2012,29,4.1225,2.5181,0.7279,0.0,11,741.65,36
70889,49,2012,30,5.7639,2.3226,0.5806,0.0,16,749.83,70
70889,50,2012,31,0.8041,0.951,0.6,0.0,3,741.63,25
70889,51,2012,32,4.0195,2.7976,0.6844,0.0,17,741.63,49
70889,52,2012,33,0.0138,0.0,0.0,100.0,1,0.23,5
70889,53,2012,34,13.3641,3.418,0.6513,84.83,38,160.88,145
70889,54,2012,35,0.2951,2.6627,0.6385,98.63,18,1.28,146
70889,55,2012,36,1.46,3.7228,0.7258,81.67,35,5.41,120
70889,56,2012,37,0.2824,1.3156,0.5666,100.0,5,1.1,31
70889,57,2012,38,0.2413,1.2776,0.6388,100.0,4,0.73,11
70889,60,2012,41,176.426,5.9842,0.983,0.0,68,776.79,80
70889,61,2012,42,356.3569,6.0054,0.8254,20.88,155,843.88,340
70889,62,2012,43,11.0817,3.6609,0.6789,86.73,42,160.88,211
70889,63,2012,44,0.3219,3.0735,0.5992,98.78,35,1.71,246
70889,64,2012,45,164.6028,4.8198,0.8033,60.93,64,372.79,215
70889,65,2012,46,0.5645,3.5332,0.6733,91.03,38,3.17,223
70889,66,2012,47,9.5479,3.3008,0.5942,88.85,47,160.88,287
70889,67,2012,48,0.9846,2.8859,0.5721,87.55,33,5.13,273
70889,68,2012,49,0.2399,2.8114,0.6215,99.47,23,1.11,189
70889,69,2012,50,185.6613,3.0604,0.579,79.25,39,751.03,241
70889,70,2012,51,4.0703,3.5565,0.7862,0.0,23,741.6,82
70889,71,2012,52,3.3022,1.4742,0.5251,0.0,7,751.04,68
70889,72,2013,1,101.7767,3.8034,0.6739,0.0,50,751.03,422
70889,73,2013,2,804.7709,7.2733,0.9144,0.0,248,3103.84,547
70889,74,2013,3,24.3546,3.6236,0.6678,82.14,43,125.47,224
70889,75,2013,4,10.716,2.9014,0.5913,83.11,30,160.88,225
70889,76,2013,5,1.6828,3.7781,0.7308,72.52,36,5.06,131
70889,77,2013,6,0.2407,2.3899,0.5359,97.4,22,0.94,231
70889,78,2013,7,2.3547,3.5677,0.6849,86.06,37,9.28,165
70889,79,2013,8,0.6476,3.0261,0.5999,93.06,33,3.05,173
70889,80,2013,9,1.119,3.5157,0.6295,83.71,48,4.85,307
70889,81,2013,10,595.1926,3.9274,0.6733,62.81,57,1316.52,242
70889,82,2013,11,154.1721,3.5693,0.6292,0.0,51,1143.68,295
70889,83,2013,12,1.1472,3.6062,0.6566,87.33,45,7.94,300
70889,84,2013,13,1.0554,3.0925,0.7416,67.92,18,2.9,106
70889,85,2013,14,0.8269,3.9638,0.8536,57.2,25,1.51,243
70889,86,2013,15,35.4669,3.0376,0.6131,68.57,31,87.76,245
70889,87,2013,16,0.9043,3.1084,0.6162,88.89,33,5.06,207
70889,88,2013,17,0.9985,3.0246,0.5763,87.06,38,5.26,255
70889,89,2013,18,0.371,2.95,0.5751,99.74,35,1.34,378
70889,90,2013,19,269.8015,5.1966,0.7377,64.52,132,742.9,403
70889,91,2013,20,4.1321,3.841,0.6738,0.0,52,749.38,215
70889,92,2013,21,7.1799,2.4778,0.5833,0.0,19,741.53,200
70889,93,2013,22,3.0659,3.4664,0.6605,0.0,38,742.28,279
70889,94,2013,23,5.9966,2.9714,0.6765,0.0,21,750.84,113
70889,95,2013,24,1.1932,0.9022,0.2846,0.0,9,741.7,137
70889,96,2013,25,3.7151,2.4052,0.5058,0.0,27,750.96,187
70889,97,2013,26,4.8924,3.2665,0.618,0.0,39,750.96,258
70889,98,2013,27,3.1225,1.761,0.5301,0.0,10,750.52,150
70889,99,2013,28,11.5472,1.736,0.4691,0.0,13,750.55,93
70889,100,2013,29,4.6193,2.8062,0.5238,0.0,41,750.75,293
70889,101,2013,30,4.0305,2.4094,0.5188,0.0,25,750.77,278
70889,102,2013,31,4.9564,3.2434,0.5777,0.0,49,750.8,356
70889,103,2013,32,6.5895,2.5333,0.5163,0.0,30,750.84,288
70889,104,2013,33,3.7916,2.1003,0.5138,0.0,17,750.84,176
70889,105,2013,34,13.1826,3.6283,0.6865,0.0,39,750.83,170
70889,149,2014,26,0.0,0.0,0.0,0.0,1,3.57,1
70889,156,2014,33,0.6079,1.0,1.0,0.0,2,749.68,2
70889,171,2014,48,0.0,0.0,0.0,100.0,1,0.26,1
71187,7,2011,40,0.7136,3.1848,0.616,96.37,36,3.36,1598
71187,8,2011,41,444.8864,3.497,0.6368,70.9,45,1015.39,2333
71187,9,2011,42,495.1786,3.0457,0.4647,35.11,94,1175.48,1974
71187,10,2011,43,14.7977,2.9467,0.5276,95.2,48,197.98,1958
71187,11,2011,44,0.8636,3.1122,0.513,93.07,67,4.77,2496
71187,12,2011,45,370.6522,4.5617,0.6881,53.98,99,853.68,2186
71187,13,2011,46,1.9538,3.037,0.553,90.99,45,39.68,1842
71187,14,2011,47,509.737,3.5878,0.5474,46.53,94,1039.79,2334
71187,15,2011,48,9.4391,3.0046,0.5572,93.1,42,116.14,2276
71187,16,2011,49,0.5116,2.2382,0.4476,95.51,32,5.52,2159
71187,17,2011,50,323.6371,2.4693,0.4291,83.49,54,1015.32,2429
71187,18,2011,51,10.1308,2.9532,0.5712,0.0,36,1039.73,1892
71187,19,2011,52,714.7526,4.0875,0.6813,0.0,64,1541.44,1709
71187,20,2012,1,7.9623,1.5022,0.3536,0.0,19,1039.75,1829
71187,21,2012,2,142.4931,3.081,0.6635,0.0,25,1033.91,566
71187,22,2012,3,0.8517,2.4416,0.4883,96.22,32,6.16,1560
71187,23,2012,4,0.5939,2.1472,0.4815,97.87,22,3.32,1126
71187,24,2012,5,0.2661,2.8093,0.6049,98.6,25,1.47,1283
71187,25,2012,6,0.3889,2.4397,0.4795,99.12,34,3.77,2148
71187,26,2012,7,0.4177,2.4267,0.4995,98.87,29,3.35,1588
71187,27,2012,8,0.3209,3.1547,0.7074,100.0,22,0.88,1126
71187,28,2012,9,0.6221,2.6116,0.5856,96.76,22,3.31,1421
71187,29,2012,10,521.9844,4.1528,0.6798,40.63,69,1038.23,1959
71187,30,2012,11,402.4979,3.2666,0.6594,60.92,31,840.38,1351
71187,31,2012,12,0.3605,2.6212,0.5968,99.53,21,4.42,2139
71187,32,2012,13,662.8638,2.3246,0.5687,76.91,17,1604.23,1425
71187,45,2012,26,63.0297,3.894,0.6466,0.0,65,1032.25,429
71187,46,2012,27,12.4141,4.0684,0.7037,0.0,55,1030.32,271
71187,47,2012,28,10.5247,3.685,0.6264,0.0,59,1039.9,448
71187,48,2012,29,12.0688,4.3929,0.7322,0.0,64,1040.15,311
71187,49,2012,30,8.1024,2.4892,0.5124,0.0,29,1037.8,353
71187,50,2012,31,11.4897,2.675,0.4993,0.0,41,1039.59,404
71187,51,2012,32,212.6278,2.8012,0.7003,0.0,16,1021.01,99
71187,52,2012,33,1.9202,2.6346,0.712,61.02,13,5.47,59
71187,53,2012,34,0.6714,3.0275,0.8751,73.53,11,1.69,34
71187,54,2012,35,539.6507,2.9881,0.8335,70.0,12,1275.88,30
71187,55,2012,36,1.2297,2.6626,0.8015,76.32,10,4.38,38
71187,56,2012,37,0.4774,3.1719,0.776,81.13,17,1.57,53
71187,57,2012,38,0.6924,2.2572,0.804,88.37,7,1.72,43
71187,58,2012,39,0.9769,2.9958,0.8096,68.18,13,3.86,66
71187,59,2012,40,50.5711,3.5663,0.8916,57.69,16,117.36,52
71187,60,2012,41,0.8565,2.8535,0.7495,83.33,14,2.97,60
71187,61,2012,42,1.5552,2.6553,0.7407,76.36,12,4.5,55
71187,62,2012,43,470.9591,3.4765,0.8337,62.67,18,1203.81,75
71187,63,2012,44,0.3917,2.2372,0.7057,91.11,9,1.03,45
71187,64,2012,45,0.6875,2.6717,0.6838,87.3,15,3.87,63
71187,65,2012,46,0.8765,2.7266,0.6817,79.73,16,2.97,74
71187,66,2012,47,518.8714,3.7137,0.9086,15.62,17,1016.53,32
71187,67,2012,48,0.4596,1.7467,0.6222,95.56,7,1.45,45
71187,68,2012,49,0.57,2.9578,0.7993,83.05,13,1.69,59
71187,69,2012,50,421.2641,4.0771,0.878,62.9,25,1014.57,62
71187,70,2012,51,25.9542,3.7394,0.8267,0.0,23,1063.08,71
71187,71,2012,52,15.6063,3.0037,0.9042,0.0,10,1038.92,20
71187,72,2013,1,0.641,1.371,0.865,0.0,3,1006.33,5
71187,73,2013,2,1.0254,1.4591,0.9206,0.0,3,1006.32,6
71187,74,2013,3,0.0,0.0,0.0,100.0,1,0.35,2
71187,81,2013,10,0.0,0.0,0.0,100.0,1,0.34,1
71518,8,2011,41,168.0102,2.5184,0.6806,17.2,13,339.54,837
71518,9,2011,42,107.4001,1.9502,0.4677,9.52,18,340.41,1523
71518,10,2011,43,0.1269,1.2136,0.7657,100.0,3,0.43,526
71518,11,2011,44,0.2015,0.6606,0.2084,94.83,9,1.51,1141
71518,12,2011,45,0.2806,1.4706,0.6334,99.71,5,1.06,1048
71518,13,2011,46,0.2043,0.7973,0.5031,100.0,3,0.74,933
71518,14,2011,47,0.0546,0.0599,0.0378,99.84,3,1.52,1277
71518,15,2011,48,0.7318,1.7523,0.6779,88.66,6,2.82,741
71518,16,2011,49,0.176,1.1046,0.6969,100.0,3,0.73,991
71518,17,2011,50,168.4795,1.8213,0.7844,54.9,5,339.24,1266
71518,18,2011,51,0.5038,0.2281,0.2281,0.0,2,339.25,1137
71518,19,2011,52,72.8197,2.5842,0.6983,0.0,13,338.35,1421
71518,20,2012,1,114.3311,1.7494,0.4595,0.0,14,338.35,1441
71518,21,2012,2,54.5017,0.9597,0.2594,0.0,13,339.37,1490
71518,22,2012,3,1.8212,1.8176,0.6474,73.09,7,5.44,1364
71518,23,2012,4,0.2206,1.792,0.896,100.0,4,0.49,1255
71518,24,2012,5,0.1959,0.5162,0.3257,100.0,3,0.72,1558
71518,25,2012,6,1.7195,2.1447,0.7149,86.55,8,6.88,1182
71518,26,2012,7,0.3144,1.2715,0.4919,100.0,6,0.74,1626
71518,27,2012,8,0.6728,1.9451,0.8377,64.47,5,1.12,836
71518,28,2012,9,0.5459,2.0448,0.791,88.5,6,2.23,1070
71518,29,2012,10,102.1469,2.4847,0.6931,51.77,12,338.5,1269
71518,30,2012,11,80.1562,1.2181,0.4339,2.52,7,338.5,954
71518,31,2012,12,0.428,2.0046,0.7755,91.76,6,1.16,934
71518,32,2012,13,0.1822,1.1348,0.4887,100.0,5,0.63,1420
71518,33,2012,14,0.4384,0.8844,0.4422,86.31,4,1.14,1308
71518,34,2012,15,36.9986,2.7723,0.6312,67.2,21,119.65,1375
71518,35,2012,16,0.6396,2.8681,0.8634,78.98,10,2.95,1698
71518,36,2012,17,0.4414,1.7221,0.6134,89.64,7,1.13,1863
71518,37,2012,18,0.7634,1.3508,0.4261,96.77,9,4.33,1206
71518,38,2012,19,154.2157,3.3672,0.7164,46.76,26,338.97,139
71518,39,2012,20,36.927,2.413,0.5263,0.0,24,343.53,108
71518,40,2012,21,1298.8165,3.6155,0.7786,0.0,25,2901.67,170
71518,41,2012,22,6.2918,3.945,0.727,0.0,43,2901.7,361
71518,42,2012,23,3.7945,3.823,0.7791,0.0,30,2897.98,138
71518,43,2012,24,7.1934,3.691,0.805,0.0,24,2897.39,188
71518,44,2012,25,1206.0229,4.3685,0.7955,0.0,45,2901.16,202
71518,45,2012,26,19.1942,1.7459,0.4586,0.0,14,360.62,103
71518,46,2012,27,1.483,1.3803,0.399,0.0,11,342.62,121
71518,47,2012,28,2614.1348,0.9441,0.4066,0.0,5,7511.92,74
71518,48,2012,29,13.4479,1.3337,0.4015,0.0,10,342.93,92
71518,49,2012,30,121.3594,3.5456,0.7838,0.0,23,384.85,63
71518,50,2012,31,5.7226,2.7555,0.6608,0.0,18,374.1,95
71518,51,2012,32,4.1603,1.6739,0.6476,0.0,6,348.85,55
71518,52,2012,33,124.4459,6.7715,0.9139,17.65,170,350.82,255
71518,53,2012,34,0.5574,2.5551,0.7127,85.81,12,1.47,155
71518,54,2012,35,0.8142,3.0393,0.7779,76.79,15,2.99,168
71518,55,2012,36,0.583,2.6612,0.6812,84.71,15,2.24,170
71518,56,2012,37,0.5774,2.8047,0.7179,91.77,15,1.57,158
71518,57,2012,38,0.6339,2.8867,0.8344,83.17,11,1.16,101
71518,58,2012,39,0.5249,2.3541,0.6362,96.15,13,1.69,156
71518,59,2012,40,0.6385,2.8155,0.7206,91.77,15,2.77,243
71518,60,2012,41,0.7288,3.1134,0.6982,92.38,22,4.44,328
71518,61,2012,42,33.4225,3.3041,0.6016,81.61,45,148.46,435
71518,62,2012,43,0.5629,2.9921,0.748,95.56,16,1.68,315
71518,63,2012,44,0.9677,3.1008,0.6319,91.82,30,7.77,391
71518,64,2012,45,0.8492,2.7662,0.5885,89.92,26,5.2,367
71518,65,2012,46,0.6731,3.0484,0.6739,87.69,23,1.71,398
71518,66,2012,47,7.856,3.2339,0.6528,78.48,31,64.1,330
71518,67,2012,48,1.0243,3.259,0.6779,86.59,28,5.13,425
71518,68,2012,49,3.4805,2.834,0.596,90.12,27,27.61,334
71518,69,2012,50,122.4241,4.1034,0.7659,59.26,41,339.34,216
71518,70,2012,51,13.9238,2.7835,0.6071,0.0,24,344.87,103
71518,71,2012,52,3.9251,3.0502,0.7057,0.0,20,347.35,116
71518,72,2013,1,813.0092,7.8232,0.9271,0.0,347,1857.47,1158
71518,73,2013,2,786.673,7.0988,0.9397,0.76,188,1836.71,263
71518,74,2013,3,0.7042,2.7078,0.7318,91.81,13,1.72,232
71518,75,2013,4,0.8995,3.3905,0.7213,85.52,26,5.06,366
71518,76,2013,5,0.6205,2.6042,0.651,93.06,16,2.38,360
71518,77,2013,6,0.645,2.812,0.6506,88.54,20,2.74,314
71518,78,2013,7,1.0596,3.5651,0.7416,88.44,28,7.17,346
71518,79,2013,8,0.8905,3.5521,0.7239,91.55,30,5.03,296
71518,80,2013,9,0.852,3.0903,0.6238,80.94,31,4.99,299
71518,81,2013,10,0.7872,3.0344,0.6618,87.7,24,2.38,252
71518,82,2013,11,0.8515,1.8504,0.557,95.35,10,3.61,215
71518,83,2013,12,0.7052,3.1641,0.8099,69.39,15,1.56,49
71518,84,2013,13,0.4978,3.9441,0.7516,90.4,38,1.66,177
71518,85,2013,14,0.0,0.0,0.0,100.0,1,0.05,18
71518,86,2013,15,0.6795,4.5754,0.8331,82.84,45,1.59,204
71518,87,2013,16,0.7078,2.1397,0.7622,90.24,7,1.21,41
71518,88,2013,17,2.2241,3.996,0.7791,69.9,35,7.09,196
71518,89,2013,18,0.3769,2.6474,0.7154,99.48,13,1.41,191
71518,90,2013,19,0.856,3.6624,0.7464,96.35,30,4.49,274
71518,91,2013,20,2674.1836,3.0772,0.5603,10.17,45,6958.36,236
71518,92,2013,21,0.0,0.0,0.0,0.0,1,6958.09,14
71518,94,2013,23,1210.8994,4.1878,0.7211,3.52,56,2906.28,199
71518,95,2013,24,7.8234,4.1014,0.7606,28.62,42,41.42,283
71518,96,2013,25,1.2852,3.0844,0.6818,35.47,23,3.37,327
71518,121,2013,50,0.9702,4.8417,0.81,84.29,63,3.61,210
71518,122,2013,51,149.7009,5.5101,0.8064,23.73,114,339.74,295
71518,123,2013,52,98.4951,5.5422,0.8173,0.0,110,340.38,242
71518,124,2014,1,1.3345,1.8726,0.7244,0.0,6,340.27,105
71518,125,2014,2,2.1097,3.2493,0.6689,0.0,29,342.87,185
71518,126,2014,3,43.713,3.6601,0.7534,74.51,29,117.42,102
71518,127,2014,4,0.4853,3.9922,0.8304,92.59,28,1.65,135
71518,128,2014,5,0.6912,4.1349,0.7823,86.22,39,7.3,254
71518,129,2014,6,0.5962,4.1609,0.8112,81.38,35,1.38,290
71518,130,2014,7,0.8461,4.4664,0.7997,70.83,48,2.74,168
71518,131,2014,8,0.7304,3.7807,0.7104,85.0,40,7.3,320
71518,132,2014,9,0.7578,4.2488,0.7737,88.89,45,7.3,216
71518,133,2014,10,54.2782,5.4167,0.8283,60.0,93,147.0,270
71518,134,2014,11,55.6548,6.1317,0.927,23.84,98,120.18,172
71518,135,2014,12,1.018,4.6045,0.8158,87.41,50,5.75,143
71518,136,2014,13,0.9424,5.0123,0.8836,89.19,51,4.78,148
71518,137,2014,14,1.1662,4.7408,0.8684,83.02,44,4.97,106
71518,138,2014,15,0.4323,4.4747,0.797,92.55,49,1.64,161
71518,139,2014,16,1.5672,5.0242,0.8541,52.41,59,6.94,187
71518,140,2014,17,0.5719,4.2328,0.7901,82.35,41,1.73,119
71518,141,2014,18,0.7811,4.3978,0.8321,90.28,39,6.5,144
71518,142,2014,19,767.5123,4.8348,0.8325,51.8,56,1585.93,139
71518,144,2014,21,1.3779,2.6601,0.8867,0.0,8,340.59,17
71518,145,2014,22,471.7125,6.3739,0.9245,0.0,119,814.55,199
71518,146,2014,23,3.2394,4.6384,0.8658,0.0,41,814.07,92
71518,147,2014,24,4.1085,5.2383,0.8436,0.0,74,817.22,193
71518,148,2014,25,21.2813,5.8317,0.8939,0.0,92,860.04,177
71518,149,2014,26,6.5557,5.1797,0.8479,0.0,69,837.44,157
71518,150,2014,27,399.5132,5.7254,0.9341,14.29,70,910.41,105
71518,151,2014,28,2.9767,4.8435,0.8103,0.0,63,816.24,184
71518,152,2014,29,4.4618,5.4243,0.863,0.0,78,832.2,201
71518,153,2014,30,25.7977,6.0079,0.8966,0.0,104,875.66,205
71518,154,2014,31,42.0714,5.0177,0.9191,0.0,44,859.2,73
71518,155,2014,32,316.145,6.1106,0.8943,10.76,114,833.99,223
71518,156,2014,33,6.7398,3.9303,0.7037,82.42,48,54.84,165
71518,157,2014,34,7.6921,4.4718,0.751,72.2,62,48.24,241
71518,158,2014,35,0.5728,4.5854,0.7828,86.31,58,1.74,241
71518,159,2014,36,0.6037,4.7061,0.8104,84.1,56,1.8,239
71518,160,2014,37,0.6815,3.7614,0.9202,85.71,17,2.41,35
71518,161,2014,38,0.6118,3.1219,0.9849,80.0,9,1.34,10
71518,162,2014,39,0.4623,4.2633,0.8124,92.74,38,1.3,124
71518,163,2014,40,0.8467,4.0684,0.7997,90.83,34,6.42,120
71518,164,2014,41,0.6556,4.8637,0.8532,88.59,52,2.78,184
71518,165,2014,42,261.1676,5.0953,0.84,73.83,67,904.75,149
71518,166,2014,43,558.0882,4.858,1.0,0.0,29,913.81,29
71518,167,2014,44,0.9136,4.2711,0.8395,71.88,34,4.54,96
71518,168,2014,45,0.8805,4.5159,0.8272,86.03,44,5.24,136
71518,169,2014,46,0.7795,4.5819,0.8204,85.62,48,3.76,153
71518,170,2014,47,0.7624,4.8827,0.8484,77.5,54,2.02,160
71518,171,2014,48,53.4053,5.0043,0.8867,49.46,50,122.77,93
71518,172,2014,49,1.0529,4.2731,0.7875,87.97,43,6.28,158
71518,173,2014,50,298.0453,4.2978,0.7872,81.03,44,910.68,116
71518,174,2014,51,87.9159,4.7972,0.9279,49.15,36,340.21,59
71518,175,2014,52,99.1857,4.0216,0.9467,0.0,19,344.67,28
71518,176,2015,1,0.6473,1.0,1.0,0.0,2,339.58,2
71518,177,2015,2,140.099,2.5216,0.9755,14.29,6,339.63,7
71518,178,2015,3,0.7289,3.436,0.8406,71.01,17,1.64,69
71518,179,2015,4,0.8777,4.1062,0.7942,76.13,36,4.66,155
71518,180,2015,5,0.7643,3.5215,0.7785,72.84,23,1.88,81
71518,181,2015,6,1.1166,3.5064,0.746,69.41,26,4.81,85
71518,182,2015,7,1.0779,4.1307,0.8788,78.18,26,4.54,55
71518,183,2015,8,0.8492,4.2559,0.8853,66.67,28,1.81,63
71518,184,2015,9,0.911,1.8424,0.9212,42.86,4,1.8,7
71518,185,2015,10,543.8803,4.0473,0.9528,58.62,19,1547.65,29
71518,186,2015,11,721.848,4.2776,0.9897,9.09,20,1550.59,22
71518,187,2015,12,1.0522,4.2087,0.9063,67.35,25,2.82,49
71518,188,2015,13,0.7162,3.7609,0.8434,87.23,22,1.29,47
71518,189,2015,14,49.8077,4.7022,0.9167,64.41,35,120.07,59
71518,190,2015,15,1.0391,3.7467,0.7971,90.16,26,4.88,61
71627,7,2011,40,0.3676,1.7499,0.7537,100.0,5,0.72,1215
71627,8,2011,41,80.2347,3.2628,0.7983,71.09,17,584.44,1951
71627,9,2011,42,59.8077,2.7414,0.5052,16.6,43,164.6,2120
71627,10,2011,43,0.3937,3.0083,0.7214,99.94,18,0.91,1787
71627,11,2011,44,0.2522,3.1596,0.7577,100.0,18,0.74,1928
71627,12,2011,45,0.4106,2.6749,0.8052,100.0,10,0.71,1237
71627,13,2011,46,0.2727,2.3663,0.6395,100.0,13,0.68,506
71627,14,2011,47,70.8868,3.9122,0.6678,27.42,58,173.08,1754
71627,15,2011,48,0.2055,1.6663,0.4377,100.0,14,0.77,1912
71627,16,2011,49,0.3822,1.3466,0.3229,98.24,18,2.83,1477
71627,17,2011,50,64.3031,3.2134,0.7104,78.68,23,157.43,1740
71627,18,2011,51,5.2259,3.1418,0.5596,0.0,49,168.94,2033
71627,19,2011,52,3.4595,1.9549,0.3946,0.0,31,164.58,2288
71627,20,2012,1,20.0198,2.6577,0.5269,0.0,33,163.25,2166
71627,21,2012,2,580.2625,3.1453,0.7278,0.0,20,1038.31,1627
71627,22,2012,3,324.9467,3.1428,0.5757,62.99,44,842.33,2029
71627,23,2012,4,292.4716,2.232,0.5164,85.32,20,842.33,1955
71627,24,2012,5,0.3584,1.8611,0.5602,91.87,10,1.56,2644
71627,25,2012,6,1.0086,2.1827,0.5234,95.38,18,7.45,1690
71627,26,2012,7,19.0131,2.3613,0.515,91.0,24,117.74,1812
71627,27,2012,8,10.8132,2.4505,0.773,82.77,9,41.39,1654
71627,28,2012,9,0.239,1.2496,0.6248,100.0,4,0.74,1455
71627,29,2012,10,61.919,3.1491,0.6868,64.86,24,157.6,2154
71627,30,2012,11,28.5219,2.8706,0.6437,0.0,22,163.38,2116
71627,31,2012,12,27.5222,2.8051,0.6863,77.15,17,157.59,1934
71627,32,2012,13,39.117,2.6448,0.5931,82.43,22,121.42,2510
71627,33,2012,14,68.4991,2.8747,0.4867,71.69,60,161.5,2155
71627,34,2012,15,0.6482,1.6397,0.3448,97.05,27,7.46,2781
71627,35,2012,16,0.5392,1.8407,0.3964,97.36,25,5.1,2801
71627,36,2012,17,0.8916,1.7961,0.3592,94.45,32,7.45,1783
71627,37,2012,18,0.457,2.2596,0.4866,93.98,25,4.38,1661
71627,38,2012,19,66.7682,5.0964,0.7931,44.33,86,165.93,291
71627,39,2012,20,27.7499,5.2389,0.7247,0.0,150,177.19,801
71627,40,2012,21,152.2325,6.6126,0.8193,0.0,269,1038.07,800
71627,41,2012,22,9.0906,4.935,0.9152,0.0,42,1051.33,63
71627,44,2012,25,393.7809,6.1307,0.8831,0.0,123,1051.43,257
71627,45,2012,26,2.709,3.1151,0.5777,0.0,42,802.83,795
71627,46,2012,27,18.7798,3.6614,0.6199,0.0,60,809.78,499
71627,47,2012,28,3.9218,2.7384,0.5181,0.0,39,803.92,760
71627,48,2012,29,1.9521,3.1049,0.6155,0.0,33,802.85,696
71627,49,2012,30,5.8188,3.7247,0.5943,0.0,77,802.86,1562
71627,50,2012,31,3.219,3.8926,0.6351,0.0,70,811.75,616
71627,51,2012,32,1.8017,3.4561,0.5851,0.0,60,803.19,1293
71627,52,2012,33,1.4274,2.4988,0.6563,0.0,14,802.77,84
71627,53,2012,34,0.2732,1.5794,0.7897,95.65,4,1.6,23
71627,54,2012,35,0.1476,0.7642,0.7642,100.0,2,0.72,18
71627,55,2012,36,21.1994,2.5969,0.6647,95.4,15,116.33,87
71627,56,2012,37,0.1748,1.1732,0.5053,86.96,5,1.12,23
71627,57,2012,38,0.386,2.5776,0.719,95.74,12,1.55,47
71627,58,2012,39,0.4441,2.0445,0.7909,100.0,6,1.06,23
71627,59,2012,40,38.9905,3.1402,0.8486,72.22,13,117.52,54
71627,60,2012,41,0.6626,2.3572,0.7857,95.0,8,3.56,40
71627,61,2012,42,1.0629,2.2148,0.6987,72.97,9,2.76,37
71627,62,2012,43,0.2097,2.0747,0.6545,100.0,9,0.75,46
71627,63,2012,44,0.4807,1.9294,0.5068,93.8,14,2.72,129
71627,64,2012,45,0.9386,3.1082,0.7454,78.26,18,3.87,69
71627,65,2012,46,0.4132,2.3384,0.6523,94.81,12,1.75,77
71627,66,2012,47,66.2116,2.3746,0.9186,23.53,6,164.03,17
71627,67,2012,48,0.1903,1.3124,0.8281,100.0,3,0.74,19
71627,68,2012,49,0.809,3.4357,0.8589,84.62,16,2.2,39
71627,69,2012,50,56.2181,2.947,0.7964,80.43,13,157.59,46
71627,70,2012,51,7.9608,1.8414,0.7124,0.0,6,160.41,32
71627,71,2012,52,319.4883,3.8715,0.9114,0.0,19,1033.04,42
71627,72,2013,1,464.0359,2.5482,0.8039,0.0,9,1029.18,48
71627,73,2013,2,71.5803,3.423,0.8209,0.0,18,164.48,59
71627,74,2013,3,1.42,3.2979,0.6789,78.91,29,5.05,147
71627,75,2013,4,379.7817,3.6685,0.7631,68.38,28,842.66,117
71627,76,2013,5,1.9632,2.5492,0.7369,83.9,11,5.07,118
71627,77,2013,6,9.6535,3.76,0.8097,82.08,25,32.51,106
71627,78,2013,7,0.427,3.3913,0.7605,93.51,22,1.96,77
71627,79,2013,8,2.7839,3.4972,0.7355,62.4,27,7.39,125
71627,80,2013,9,1.0951,2.9087,0.673,86.89,20,6.8,122
71627,81,2013,10,593.6079,2.9576,0.825,83.33,12,1593.43,72
71627,82,2013,11,424.2711,3.8839,0.8364,6.98,25,1637.43,86
71627,83,2013,12,0.1518,1.0914,0.3888,97.35,7,1.55,151
71627,86,2013,15,25.9235,4.9534,0.9737,11.36,34,69.68,44
71627,92,2013,21,0.8188,1.5,0.9464,0.0,3,163.11,4
71627,93,2013,22,3.337,3.3551,0.7763,0.0,20,165.15,50
71627,95,2013,24,779.7116,4.7531,0.8422,0.0,50,1548.36,145
71627,96,2013,25,492.6627,2.171,0.5867,0.0,13,1226.98,60
71627,101,2013,30,0.0,0.0,0.0,0.0,1,1282.01,3
71627,104,2013,33,11.4146,0.8113,0.8113,0.0,2,158.58,4
71627,112,2013,41,0.0691,0.65,0.65,0.0,2,0.95,6
71700,7,2011,40,0.2469,1.7039,0.4605,98.75,13,1.48,1839
71700,8,2011,41,42.3306,1.6614,0.5918,82.55,7,113.09,2149
71700,9,2011,42,37.9977,1.873,0.3855,12.2,29,136.05,2771
71700,10,2011,43,0.3393,1.7079,0.4937,99.08,11,0.91,1962
71700,11,2011,44,20.2918,2.3397,0.5508,55.13,19,42.19,1424
71700,12,2011,45,0.8225,1.6409,0.3736,93.44,21,5.21,2364
71700,13,2011,46,0.7182,1.576,0.4259,97.82,13,4.5,2472
71700,14,2011,47,49.8444,2.8326,0.6793,27.44,18,117.55,2642
71700,15,2011,48,35.304,1.7864,0.437,83.67,17,117.85,2792
71700,16,2011,49,0.319,1.7183,0.4296,98.52,16,1.62,1961
71700,17,2011,50,51.9315,3.1272,0.6147,61.7,34,112.49,2371
71700,18,2011,51,7.8123,1.4229,0.4489,0.0,9,116.34,1804
71700,19,2011,52,8.8747,2.3947,0.5637,0.0,19,133.96,2008
71700,20,2012,1,14.3745,2.0667,0.4865,0.0,19,156.88,2763
71700,21,2012,2,17.9791,2.4618,0.6867,0.48,12,113.63,1465
71700,22,2012,3,334.1474,2.3384,0.5169,77.89,23,840.98,2519
71700,23,2012,4,288.6007,2.6181,0.5446,85.06,28,841.13,2657
71700,24,2012,5,0.2024,2.1436,0.5793,100.0,13,0.76,2329
71700,25,2012,6,6.9908,2.6089,0.5317,90.45,30,42.78,2606
71700,26,2012,7,104.6859,2.9031,0.651,64.02,22,284.94,2510
71700,27,2012,8,1.1338,1.7811,0.6344,96.41,7,10.56,2838
71700,28,2012,9,0.2343,1.8416,0.5323,99.64,11,1.56,2492
71700,29,2012,10,0.4295,1.7723,0.8861,91.3,4,1.64,299
71700,40,2012,21,12.6868,2.5,0.9671,0.0,6,115.71,8
71700,41,2012,22,7.2832,1.4591,0.9206,0.0,3,112.47,6
71700,42,2012,23,8.0862,1.6692,0.8346,0.0,4,127.56,13
71700,43,2012,24,1.433,1.5,0.9464,0.0,3,140.78,4
71700,44,2012,25,484.3574,3.3502,0.9345,0.0,12,946.93,18
71700,45,2012,26,8.2798,1.9473,0.7533,0.0,6,116.5,12
71700,46,2012,27,4.9033,1.7296,0.8648,0.0,4,112.6,12
71700,47,2012,28,5.009,1.0892,0.5446,0.0,4,112.5,14
71700,48,2012,29,563.54,2.7551,0.9184,0.0,8,1368.8,19
71700,49,2012,30,671.5729,2.8554,0.9518,0.0,8,1637.02,12
71700,50,2012,31,5.4906,2.2784,0.8116,0.0,7,120.43,17
71700,51,2012,32,12.8364,2.6924,0.8975,0.0,8,116.92,14
71700,52,2012,33,1.0409,1.6267,0.7006,0.0,5,112.52,14
71700,53,2012,34,2.6334,1.8676,0.8043,72.73,5,5.47,11
71700,54,2012,35,15.7409,2.6922,0.8493,82.76,9,42.79,29
71700,55,2012,36,1.6315,2.6556,0.946,87.5,7,4.74,16
71700,56,2012,37,0.2364,2.106,0.7502,100.0,7,0.73,22
71700,57,2012,38,0.2697,2.6887,0.9577,100.0,7,0.73,12
71700,58,2012,39,0.3247,3.0169,0.9517,100.0,9,0.7,18
71700,59,2012,40,56.9417,2.1133,0.9101,33.33,5,121.38,9
71700,60,2012,41,0.3685,2.955,0.8895,100.0,10,0.74,24
71700,61,2012,42,2.0201,2.2359,0.963,57.14,5,4.46,7
71700,62,2012,43,0.3995,1.5219,0.9602,100.0,3,0.75,5
71700,63,2012,44,0.1646,1.5305,0.9656,100.0,3,0.73,9
71700,65,2012,46,0.8526,2.2025,0.8521,81.82,6,3.38,22
71700,66,2012,47,54.4368,3.716,0.9511,44.12,15,113.87,34
71700,67,2012,48,2.239,2.9363,0.8839,72.73,10,5.23,33
71700,68,2012,49,0.2071,1.9947,0.7105,100.0,7,0.74,28
71700,69,2012,50,51.5166,3.3035,0.9549,70.83,11,115.5,24
71700,70,2012,51,0.7019,1.7178,0.8589,0.0,4,113.87,18
71700,71,2012,52,6.2086,1.5589,0.6714,0.0,5,113.62,15
71700,72,2013,1,426.0823,3.1814,0.9577,0.0,10,1834.71,19
71700,73,2013,2,793.7746,1.571,0.7855,0.0,4,1836.77,10
71700,74,2013,3,1.9412,1.9219,0.961,60.0,4,3.56,5
71700,75,2013,4,418.2411,1.9056,0.9528,50.0,4,835.99,8
71700,76,2013,5,0.1676,1.0,1.0,100.0,2,0.73,4
71700,77,2013,6,0.3551,2.3516,0.9097,100.0,6,0.73,17
71700,78,2013,7,46.6657,3.9224,0.8555,75.0,24,115.4,96
71700,79,2013,8,0.2349,2.1607,0.8359,100.0,6,0.74,17
71700,81,2013,10,46.9577,3.1663,0.9153,80.0,11,129.18,35
71700,82,2013,11,0.0071,0.469,0.469,0.0,2,112.51,10
71700,83,2013,12,0.0,0.0,0.0,100.0,1,0.74,3
71700,87,2013,16,0.0,0.0,0.0,100.0,1,0.64,2
71782,59,2012,40,0.165,1.4936,0.7468,100.0,4,0.76,97
71782,60,2012,41,11.2442,2.2427,0.7476,99.09,8,118.27,110
71782,69,2012,50,338.3463,4.041,0.7757,59.87,37,736.77,152
71782,70,2012,51,3.4986,3.5537,0.6985,0.0,34,737.94,233
71782,71,2012,52,46.3949,4.4575,0.869,0.0,35,840.03,153
71782,72,2013,1,27.8549,4.7054,0.7813,0.0,65,843.66,257
71782,73,2013,2,394.7084,5.6616,0.8398,8.82,107,774.48,374
71782,74,2013,3,0.8829,3.2799,0.6206,91.1,39,5.04,427
71782,75,2013,4,0.9879,3.6056,0.7148,93.33,33,11.78,405
71782,76,2013,5,0.4698,3.3403,0.6566,95.51,34,2.74,379
71782,77,2013,6,0.3205,3.1971,0.7169,99.08,22,1.5,326
71782,78,2013,7,0.8583,3.3704,0.6681,94.09,33,5.73,423
71782,79,2013,8,0.3493,3.2975,0.7394,95.42,22,2.76,284
72746,7,2011,40,0.182,1.7839,0.3601,100.0,31,0.76,1071
72746,8,2011,41,62.3503,2.7155,0.4945,64.9,45,134.59,2695
72746,9,2011,42,60.8361,2.5561,0.4654,30.31,45,134.14,2907
72746,10,2011,43,0.3311,2.0763,0.3608,96.66,54,2.24,2338
72746,11,2011,44,0.2277,1.2598,0.2567,99.89,30,0.91,2694
72746,12,2011,45,0.3809,1.6896,0.3114,98.81,43,5.21,2949
72746,13,2011,46,0.2683,1.9542,0.3624,97.56,42,1.55,2380
72746,14,2011,47,61.4074,2.7554,0.4882,31.55,50,134.41,2821
72746,15,2011,48,0.1526,1.5655,0.3028,99.33,36,0.9,2840
72746,16,2011,49,0.2135,1.1547,0.2217,97.81,37,1.77,2827
72746,17,2011,50,62.056,2.396,0.4635,65.99,36,133.67,2861
72746,18,2011,51,5.1946,1.9837,0.4448,0.0,22,152.48,2740
72746,19,2011,52,10.7332,2.493,0.831,0.0,8,143.72,2027
72746,20,2012,1,18.6177,2.3513,0.8376,0.0,7,140.15,1548
72746,21,2012,2,1.2245,0.9944,0.3847,0.0,6,133.72,2910
72746,22,2012,3,33.6804,1.6989,0.8495,93.05,4,132.84,2533
72746,23,2012,4,0.8757,1.7685,0.7616,85.85,5,2.85,2826
72746,24,2012,5,0.2374,1.5602,0.7801,100.0,4,0.74,2185
72746,25,2012,6,0.258,1.612,0.6942,98.75,5,0.98,2485
72746,26,2012,7,0.1413,0.6765,0.4268,100.0,3,0.74,1280
72746,27,2012,8,0.2472,1.4927,0.5317,99.92,7,0.98,2374
72746,28,2012,9,0.3252,1.9246,0.7445,100.0,6,0.74,2460
72746,29,2012,10,0.2212,1.1855,0.5928,100.0,4,0.74,1421
72746,30,2012,11,0.0,0.0,0.0,0.0,1,130.61,3
72746,31,2012,12,0.3277,1.5655,0.6742,98.78,5,1.66,2303
72746,32,2012,13,0.2224,1.3396,0.8452,100.0,3,0.75,2332
72746,33,2012,14,57.4462,3.0037,0.7889,54.66,14,143.95,3222
72746,34,2012,15,57.3625,1.9063,0.7375,76.43,6,143.95,3250
72746,35,2012,16,0.2357,2.234,0.9621,100.0,5,0.73,1288
72746,36,2012,17,0.0627,0.7541,0.7541,100.0,2,0.41,803
72746,37,2012,18,0.2393,1.9163,0.7413,100.0,6,0.74,1451
72746,38,2012,19,35.6401,1.5457,0.3782,91.73,17,134.09,133
72746,39,2012,20,1.8692,3.5008,0.7066,0.0,31,134.64,167
72746,40,2012,21,8.7142,3.3185,0.7238,0.0,24,134.19,174
72746,41,2012,22,11.3377,3.8532,0.7146,0.0,42,134.7,197
72746,42,2012,23,11.2885,3.3689,0.7167,0.0,26,135.88,80
72746,43,2012,24,3.1453,4.7128,0.9604,0.0,30,134.81,40
72746,44,2012,25,6.8655,4.684,0.7807,0.0,64,149.96,256
72746,45,2012,26,6.2686,4.3835,0.7391,0.0,61,148.68,294
72746,46,2012,27,12.0491,4.9608,0.8094,0.0,70,149.44,197
72746,47,2012,28,10.8343,1.8239,0.6497,0.0,7,132.18,78
72746,48,2012,29,5.8935,4.5906,0.7804,0.0,59,138.41,201
72746,49,2012,30,3.1447,3.825,0.7093,0.0,42,141.22,260
72746,50,2012,31,3.0111,3.2378,0.6598,0.0,30,135.15,268
72746,51,2012,32,2.9473,4.0516,0.7777,0.0,37,134.29,154
72746,52,2012,33,45.3289,3.4047,0.7332,13.25,25,134.69,83
72746,53,2012,34,0.3153,3.0931,0.6746,98.58,24,1.16,141
72746,54,2012,35,0.2093,2.3311,0.63,100.0,13,0.75,129
72746,55,2012,36,0.5839,3.0699,0.7675,90.0,16,3.36,90
72746,56,2012,37,0.5686,4.0731,0.9004,98.68,23,4.4,152
72746,57,2012,38,0.3624,3.7841,0.805,90.91,26,1.7,99
72746,58,2012,39,0.2028,2.5245,0.6631,100.0,14,0.73,79
72746,59,2012,40,38.1008,3.1866,0.7642,87.62,18,115.99,105
72746,60,2012,41,71.6564,4.1044,0.7879,98.63,37,970.81,365
72746,61,2012,42,87.1348,3.3786,0.6641,12.6,34,228.72,262
72746,62,2012,43,1.15,3.5259,0.6498,89.45,43,4.73,218
72746,63,2012,44,0.3636,3.6197,0.7613,92.7,27,2.86,137
72746,64,2012,45,1.1647,2.9006,0.575,90.95,33,5.2,210
72746,65,2012,46,0.2499,2.9175,0.6868,96.45,19,1.27,169
72746,66,2012,47,44.0687,5.2648,0.8214,11.52,85,134.94,243
72746,67,2012,48,0.1831,2.7337,0.6224,100.0,21,0.74,263
72746,68,2012,49,0.1873,2.6897,0.658,100.0,17,0.75,169
72746,69,2012,50,55.9198,3.7023,0.8302,76.62,22,132.76,77
72746,70,2012,51,2.7129,4.6097,0.7973,0.0,55,134.7,221
72746,71,2012,52,17.8851,3.6931,0.6613,0.0,48,135.13,282
72746,72,2013,1,800.7491,7.0011,0.9084,0.0,209,1857.52,554
72746,73,2013,2,876.9216,6.5035,0.8829,2.29,165,1856.23,350
72746,74,2013,3,0.2721,2.8869,0.6296,94.06,24,1.64,202
72746,81,2013,10,0.0005,0.0,0.0,100.0,1,0.72,8
72746,83,2013,12,0.0456,0.1371,0.1371,100.0,2,0.74,104
72746,84,2013,13,0.1507,1.9528,0.6509,100.0,8,0.74,95
72746,85,2013,14,0.0,0.0,0.0,100.0,1,0.43,19
72746,86,2013,15,0.0487,0.9975,0.6293,100.0,3,0.57,57
72746,87,2013,16,0.0724,1.2807,0.808,100.0,3,0.64,12
72746,90,2013,19,0.8048,1.8817,0.6703,0.0,7,132.18,37
72746,91,2013,20,2.7639,3.9782,0.6513,0.0,69,136.54,313
72746,92,2013,21,5.7584,3.4769,0.6954,0.0,32,134.14,135
72746,93,2013,22,1.8943,3.1754,0.7475,0.0,19,134.15,71
72746,94,2013,23,0.8289,0.8663,0.5466,0.0,3,132.79,25
72746,95,2013,24,2.2766,4.3055,0.8611,0.0,32,134.61,160
72746,96,2013,25,2.2398,4.2584,0.7666,0.0,47,134.27,345
72746,97,2013,26,9.8164,4.0269,0.6763,0.0,62,134.65,367
72746,98,2013,27,1.9837,2.2511,0.5912,0.0,14,134.39,122
72746,99,2013,28,5.9564,2.2016,0.595,0.0,13,142.75,72
72746,100,2013,29,0.0,0.0,0.0,0.0,1,105.86,4
72746,101,2013,30,0.0,0.0,0.0,0.0,1,133.65,4
72746,102,2013,31,0.0,0.0,0.0,0.0,1,133.93,3
72746,103,2013,32,0.0,0.0,0.0,0.0,1,132.79,3
72746,105,2013,34,1.3084,1.8424,0.9212,0.0,4,3.61,7
72746,119,2013,48,13.3305,4.9893,0.8752,0.0,52,160.02,113
72746,120,2013,49,20.0234,2.6066,0.6846,87.88,14,132.16,99
72746,121,2013,50,0.6976,2.8181,0.6634,94.77,19,4.94,153
72746,122,2013,51,57.7467,2.6941,0.7281,70.97,13,132.3,62
72746,123,2013,52,2.5376,4.3363,0.7943,0.0,44,134.72,108
72746,124,2014,1,83.3471,3.9901,0.791,0.0,33,245.16,123
72746,125,2014,2,29.6464,3.8509,0.7449,4.4,36,134.3,91
72746,126,2014,3,0.8078,3.624,0.8691,87.5,18,4.66,40
72746,127,2014,4,0.1378,2.6099,0.87,100.0,8,0.54,29
72746,128,2014,5,0.1716,2.4667,0.8222,100.0,8,0.53,63
72746,133,2014,10,68.1329,3.9308,0.869,58.97,23,214.79,39
72746,134,2014,11,394.0962,5.2642,0.928,0.0,51,1283.23,74
72746,139,2014,16,64.9996,3.9884,0.7104,55.88,49,143.77,136
72746,140,2014,17,166.7884,3.8818,0.6494,61.43,63,440.51,223
72746,141,2014,18,14.2504,1.7557,0.3997,93.99,21,132.32,183
72746,142,2014,19,46.8459,3.4512,0.597,79.83,55,134.95,233
72746,143,2014,20,2.2073,3.7014,0.7699,0.0,28,133.96,78
72746,144,2014,21,1.0874,2.2614,0.5533,0.0,17,134.72,90
73175,7,2011,40,0.2949,1.9499,0.6946,100.0,7,0.45,1514
73175,8,2011,41,0.3076,1.8563,0.5588,99.48,10,1.56,2113
73175,9,2011,42,0.3353,1.7998,0.5999,96.74,8,1.41,2208
73175,10,2011,43,0.355,2.6932,0.7512,99.14,12,0.95,2091
73175,11,2011,44,1.493,2.1105,0.7035,97.61,8,17.78,2173
73175,12,2011,45,0.2683,1.2237,0.386,99.78,9,4.59,2284
73175,13,2011,46,0.0748,0.4783,0.2391,100.0,4,0.38,1780
73175,14,2011,47,320.3216,2.6879,0.7498,35.03,12,910.22,2218
73175,15,2011,48,2.0684,2.6883,0.6721,87.04,16,6.12,2214
73175,16,2011,49,0.3173,1.9707,0.6217,100.0,9,0.57,1352
73175,17,2011,50,313.4559,2.5343,0.5864,47.35,20,634.83,2133
73175,18,2011,51,3.8199,1.3297,0.8389,0.0,3,631.89,722
73175,19,2011,52,22.1029,0.2862,0.1431,0.0,4,769.01,931
73175,20,2012,1,4.6834,2.2558,0.8035,0.0,7,631.9,1777
73175,21,2012,2,8.4982,2.1809,0.5134,0.0,19,631.88,422
73175,22,2012,3,0.2848,2.0463,0.7916,100.0,6,0.69,1597
73175,23,2012,4,0.3175,2.0798,0.8046,100.0,6,0.59,2807
73175,24,2012,5,0.3573,2.4214,0.8625,100.0,7,0.72,2023
73175,25,2012,6,0.6972,2.5814,0.6976,87.48,13,1.59,1797
73175,26,2012,7,0.1474,1.843,0.7937,100.0,5,0.41,1682
73175,27,2012,8,0.4912,1.5575,0.9827,62.91,3,0.89,1135
73175,28,2012,9,0.023,0.5447,0.3437,100.0,3,0.2,716
73175,29,2012,10,68.6682,1.9789,0.7656,99.55,6,1028.96,894
73175,30,2012,11,341.8761,3.6093,0.6572,5.28,45,1040.68,1649
73175,31,2012,12,0.2786,2.0471,0.8816,100.0,5,0.73,1969
73175,32,2012,13,0.0894,0.6786,0.6786,100.0,2,0.17,580
73175,33,2012,14,308.0649,2.0325,0.5338,39.99,14,631.9,1508
73175,34,2012,15,309.8957,2.4591,0.6859,55.77,12,631.9,1013
73175,35,2012,16,518.3352,1.7989,0.6408,96.77,7,2930.32,1673
73175,36,2012,17,0.7778,1.888,0.7304,97.76,6,5.29,2495
73175,37,2012,18,0.3271,1.4221,0.4486,100.0,9,0.74,965
73175,38,2012,19,137.8688,2.7091,0.5371,77.92,33,534.1,154
73175,39,2012,20,6.703,3.0024,0.606,0.0,31,641.52,218
73175,40,2012,21,43.2499,4.2085,0.6938,0.0,67,891.54,211
73175,41,2012,22,6.9237,4.1281,0.7352,0.0,49,641.91,191
73175,42,2012,23,6.9009,3.9374,0.6976,0.0,50,645.17,188
73175,43,2012,24,6.9444,4.0262,0.7289,0.0,46,643.97,198
73175,44,2012,25,6.4362,2.9898,0.6918,0.0,20,641.76,74
73175,45,2012,26,8.6772,4.2455,0.952,0.0,22,641.76,33
73175,46,2012,27,11.3726,3.4333,0.7142,0.0,28,641.85,101
73175,47,2012,28,9.3408,2.7097,0.7323,0.0,13,641.75,55
73175,48,2012,29,5.8763,2.3053,0.7684,0.0,8,641.74,28
73175,49,2012,30,7.4688,2.786,0.8053,0.0,11,641.76,40
73175,50,2012,31,11.3843,3.9035,0.9032,0.0,20,641.79,58
73175,107,2013,36,0.6578,3.4644,0.665,75.52,37,1.29,290
73175,108,2013,37,0.4177,2.6832,0.5778,92.64,25,1.24,299
73175,109,2013,38,0.475,3.1679,0.6394,89.13,31,1.79,184
73175,110,2013,39,0.3045,2.6588,0.6259,97.98,19,1.12,99
73175,111,2013,40,0.5602,3.4529,0.7262,81.38,27,1.76,145
73175,112,2013,41,0.6044,2.8324,0.6792,73.17,18,1.09,123
73175,113,2013,42,113.1439,4.0964,0.7186,75.93,52,630.95,241
73175,114,2013,43,285.0936,3.5591,0.6643,21.6,41,633.02,213
73175,115,2013,44,0.3101,2.6252,0.5521,95.6,27,1.28,182
73175,116,2013,45,0.3682,2.2453,0.5385,92.93,18,1.1,99
73175,117,2013,46,0.38,3.0949,0.6307,91.58,30,1.34,202
73175,118,2013,47,0.2914,2.1186,0.5423,97.62,15,1.16,84
73175,119,2013,48,277.2213,4.3835,0.8353,20.0,38,631.91,80
73175,120,2013,49,46.3124,4.3123,0.8217,71.23,38,135.21,73
73175,121,2013,50,0.4577,2.5691,0.6161,88.89,18,1.17,90
73175,122,2013,51,314.5253,4.3039,0.7587,40.54,51,641.37,111
73175,123,2013,52,6.497,4.5376,0.8919,0.0,34,631.91,76
73175,124,2014,1,93.5902,5.4225,0.9512,0.0,52,913.37,82
73175,125,2014,2,7.7184,5.6404,0.9366,0.0,65,632.38,97
73175,126,2014,3,38.0891,4.9878,0.8138,52.8,70,125.43,125
73175,127,2014,4,0.355,2.6723,0.6291,94.87,19,1.24,78
73175,128,2014,5,0.4811,3.3508,0.8198,91.84,17,1.38,49
73175,129,2014,6,0.345,3.2121,0.8437,97.62,14,1.17,42
73175,130,2014,7,0.3513,3.0464,0.9171,95.24,10,1.19,21
73175,131,2014,8,0.1668,1.8123,0.5456,100.0,10,0.53,45
73175,132,2014,9,0.411,3.2744,0.8381,100.0,15,1.05,27
73175,133,2014,10,2.0645,3.7185,0.8604,91.84,20,10.64,49
73175,151,2014,28,0.0,0.0,0.0,0.0,1,4.84,1
73175,155,2014,32,0.0399,1.0,1.0,0.0,2,390.92,2
73175,164,2014,41,0.0,0.0,0.0,100.0,1,0.54,1
73303,7,2011,40,0.1471,1.4936,0.7468,100.0,4,0.73,1523
73303,8,2011,41,0.2728,2.0098,0.7159,92.3,7,0.89,2169
73303,9,2011,42,0.3012,1.2838,0.4967,97.62,6,1.66,2812
73303,10,2011,43,0.2715,1.2753,0.5493,95.19,5,1.51,2497
73303,11,2011,44,0.1271,0.7305,0.3653,100.0,4,0.74,2512
73303,12,2011,45,0.7779,1.8814,0.5935,82.58,9,2.22,2561
73303,13,2011,46,0.3995,2.0411,0.6804,90.81,8,2.87,2025
73303,14,2011,47,0.1684,1.0013,0.6317,100.0,3,0.42,2482
73303,15,2011,48,0.2722,1.2912,0.4995,94.88,6,0.98,2560
73303,16,2011,49,0.0762,0.4919,0.3104,100.0,3,0.35,1431
73303,17,2011,50,609.7504,2.6304,0.5532,36.75,27,1311.61,2335
73303,18,2011,51,3.5403,0.4909,0.2114,0.0,5,1247.81,3078
73303,19,2011,52,0.0269,0.975,0.975,0.0,2,1245.91,1550
73303,20,2012,1,3.4499,0.3664,0.1832,0.0,4,1247.81,2494
73303,21,2012,2,606.1173,2.102,0.568,3.44,13,1245.74,2180
73303,22,2012,3,0.2705,0.8366,0.2639,95.28,9,1.33,2628
73303,23,2012,4,6.1611,0.9687,0.28,94.94,11,82.64,2690
73303,24,2012,5,0.4332,1.9798,0.596,77.4,10,2.28,3098
73303,25,2012,6,0.414,1.8027,0.5687,90.99,9,1.11,1865
73303,26,2012,7,7.7868,2.4769,0.5831,85.8,19,30.4,2874
73303,27,2012,8,0.6575,0.6325,0.1995,92.74,9,2.85,1941
73303,28,2012,9,0.3723,1.1979,0.3779,90.36,9,3.27,2324
73303,29,2012,10,610.6993,1.6164,0.4672,53.25,11,1248.84,2402
73303,30,2012,11,0.0,0.0,0.0,0.0,1,1245.83,2
73303,31,2012,12,0.0206,0.0,0.0,100.0,1,0.08,2
73303,32,2012,13,0.1144,1.1488,0.7248,100.0,3,0.3,7
73303,33,2012,14,38.8781,1.4591,0.9206,66.67,3,82.51,12
73303,34,2012,15,0.4884,0.971,0.971,60.0,2,1.0,5
73303,36,2012,17,0.1391,0.5033,0.5033,100.0,2,0.39,9
73303,37,2012,18,0.2055,1.6922,0.7288,100.0,5,0.45,26
73303,38,2012,19,22.1041,2.2878,0.885,92.31,6,82.84,13
73303,39,2012,20,0.2491,2.1895,0.943,100.0,5,0.47,17
73303,40,2012,21,8.0291,0.9852,0.9852,0.0,2,1259.8,14
73303,41,2012,22,0.1055,0.9183,0.9183,0.0,2,1246.5,6
73303,42,2012,23,6.4924,1.7697,0.8849,0.0,4,1259.8,22
73303,43,2012,24,5.1242,1.4355,0.9057,0.0,3,1259.8,9
73303,44,2012,25,7.0676,1.2988,0.8194,0.0,3,1247.25,8
73303,45,2012,26,8.4128,1.4488,0.9141,0.0,3,1259.78,7
73303,46,2012,27,7.656,1.231,0.7766,0.0,3,1259.78,15
73303,47,2012,28,8.1057,1.0,1.0,0.0,2,1259.77,8
73303,48,2012,29,6.484,0.7219,0.7219,0.0,2,1259.78,15
73303,49,2012,30,6.8227,1.159,0.5795,0.0,4,1259.77,31
73303,50,2012,31,8.7894,1.4591,0.9206,0.0,3,1259.77,6
73303,51,2012,32,0.0,0.0,0.0,0.0,1,1245.7,9
73303,52,2012,33,385.0752,2.2916,0.8163,7.69,7,1259.8,26
73303,53,2012,34,0.002,0.0,0.0,100.0,1,0.41,5
73303,54,2012,35,0.0,0.0,0.0,100.0,1,0.41,5
73303,55,2012,36,0.3319,2.5567,0.9107,100.0,7,0.75,14
73303,56,2012,37,0.0641,1.371,0.865,100.0,3,0.4,5
73303,57,2012,38,0.0,0.0,0.0,100.0,1,0.39,12
73303,58,2012,39,0.3897,0.8167,0.5153,91.67,3,1.52,12
73303,59,2012,40,0.0265,0.3534,0.3534,100.0,2,0.38,15
73303,60,2012,41,0.0006,0.0,0.0,100.0,1,0.37,4
73303,61,2012,42,0.0011,0.469,0.469,100.0,2,0.37,10
73303,62,2012,43,0.0008,0.0,0.0,100.0,1,0.38,6
73303,63,2012,44,0.0998,1.0,1.0,100.0,2,0.38,2
73303,64,2012,45,0.2084,1.3788,0.8699,100.0,3,0.75,7
73303,65,2012,46,0.0016,0.0,0.0,100.0,1,0.39,15
73303,66,2012,47,0.5136,1.0,1.0,50.0,2,1.03,8
73303,67,2012,48,0.0009,0.7219,0.7219,100.0,2,0.42,5
73303,68,2012,49,0.0,0.0,0.0,100.0,1,0.42,1
73303,69,2012,50,559.9342,2.2301,0.7944,43.33,7,1311.68,30
73303,70,2012,51,0.0373,0.9968,0.9968,0.0,2,1245.92,15
73303,71,2012,52,3.2519,0.5665,0.5665,0.0,2,1245.84,15
73303,72,2013,1,0.0287,0.0,0.0,0.0,1,1245.76,14
73303,73,2013,2,3.1076,0.9913,0.6254,0.0,3,1245.66,13
73303,74,2013,3,0.9993,0.65,0.65,83.33,2,2.36,12
73303,75,2013,4,0.0757,1.2718,0.8024,100.0,3,0.44,16
73303,76,2013,5,0.0696,0.569,0.359,100.0,3,0.41,20
73303,77,2013,6,0.004,0.3712,0.3712,100.0,2,0.41,14
73303,78,2013,7,0.3283,1.1221,0.708,100.0,3,0.81,18
73303,79,2013,8,0.1458,0.4537,0.4537,100.0,2,0.48,21
73303,80,2013,9,0.2435,1.7613,0.8807,100.0,4,0.43,39
73303,81,2013,10,12.2727,1.21,0.5211,81.82,5,36.15,22
73303,82,2013,11,0.0009,0.0,0.0,100.0,1,0.44,25
73303,83,2013,12,0.2294,1.3716,0.6858,100.0,4,0.68,16
73303,84,2013,13,27.0427,1.5806,0.6807,91.67,5,135.48,24
73303,85,2013,14,0.5321,1.8586,0.9293,54.55,4,1.12,11
73303,86,2013,15,0.222,2.1465,0.8304,100.0,6,0.54,15
73303,87,2013,16,0.1012,0.9882,0.4941,100.0,4,0.34,21
73303,88,2013,17,0.4476,1.9259,0.8294,76.92,5,1.08,26
73303,89,2013,18,0.1574,1.3062,0.6531,100.0,4,0.36,23
73303,90,2013,19,408.7913,1.871,0.7238,65.0,6,1171.55,20
73303,91,2013,20,8.1359,1.1585,0.731,0.0,3,1259.78,25
73303,92,2013,21,6.7946,1.7472,0.8736,0.0,4,1259.75,18
73303,97,2013,26,4.5156,1.6135,0.8068,0.0,4,1248.86,19
73303,98,2013,27,8.4397,2.2623,0.9743,0.0,5,1259.78,28
73303,99,2013,28,4.7291,0.7706,0.7706,0.0,2,1259.78,31
73303,100,2013,29,5.4386,1.0562,0.6664,0.0,3,1259.79,36
73303,101,2013,30,6.6429,1.9415,0.6472,0.0,8,1259.78,105
73303,102,2013,31,4.2382,0.7911,0.3956,0.0,4,1259.78,81
73303,103,2013,32,4.6524,1.735,0.8675,0.0,4,1259.78,54
73303,104,2013,33,33.0489,1.9286,0.687,0.0,7,1259.78,78
73303,105,2013,34,11.9893,2.6636,0.8403,0.0,9,1285.11,61
73303,106,2013,35,0.9379,3.2533,0.8792,55.42,13,3.0,83
73303,107,2013,36,0.6646,2.6374,0.7939,78.46,10,1.77,65
73303,108,2013,37,0.9204,3.4095,0.7762,65.25,21,3.29,141
73303,109,2013,38,0.7322,3.1744,0.7936,69.32,16,1.77,88
73303,111,2013,40,0.6519,3.1586,0.6158,89.69,35,4.43,223
73303,112,2013,41,0.4933,3.7153,0.7904,89.25,26,2.0,93
73303,113,2013,42,0.5328,3.9081,0.7447,85.12,38,2.21,215
73303,114,2013,43,0.193,2.1678,0.8386,100.0,6,0.5,36
73303,115,2013,44,0.3868,2.9404,0.8852,86.21,10,0.83,29
73303,116,2013,45,0.6841,3.0529,0.6846,79.23,22,3.19,207
73303,117,2013,46,0.6105,3.5325,0.7199,77.18,30,1.73,355
73303,118,2013,47,0.5974,3.3001,0.6434,78.38,35,1.74,296
73303,119,2013,48,0.8489,3.6002,0.7753,71.36,25,4.95,206
73303,120,2013,49,0.7957,2.7808,0.8038,67.19,11,1.72,64
73303,121,2013,50,0.5972,2.6313,0.9373,47.06,7,1.17,17
73303,122,2013,51,87.9669,4.0019,0.8238,29.57,29,909.09,115
73303,124,2014,1,30.2647,2.877,0.636,0.0,23,1316.15,118
73303,125,2014,2,291.3201,3.0157,0.7232,5.81,18,1259.76,86
73303,126,2014,3,0.9985,3.4352,0.7071,80.56,29,4.74,216
73303,127,2014,4,0.7354,2.8852,0.647,85.37,22,3.86,205
73303,128,2014,5,0.9439,2.7876,0.5863,86.76,27,4.64,370
73303,129,2014,6,0.8332,3.4548,0.7187,74.5,28,3.86,200
73303,130,2014,7,0.6734,3.0747,0.7114,79.58,20,2.88,142
73303,131,2014,8,1.2172,3.3465,0.7206,67.43,25,4.74,175
73303,132,2014,9,1.0217,3.4583,0.7447,68.11,25,4.64,254
73303,133,2014,10,0.9566,2.4927,0.6953,88.12,12,3.82,101
73303,134,2014,11,0.5712,3.3914,0.6783,89.47,32,2.98,247
73303,135,2014,12,0.4821,3.6956,0.7042,85.92,38,1.73,277
73303,136,2014,13,0.7659,4.046,0.7411,78.41,44,3.81,301
73303,137,2014,14,1.1387,4.7101,0.8111,71.93,56,4.78,171
73303,138,2014,15,0.1353,1.5488,0.7744,100.0,4,0.33,8
73303,139,2014,16,0.1836,0.9183,0.9183,100.0,2,0.45,3
73303,140,2014,17,0.0008,0.0,0.0,100.0,1,0.08,2
73303,142,2014,19,290.2594,1.585,1.0,66.67,3,615.78,3
73303,144,2014,21,0.0,0.0,0.0,0.0,1,615.79,1
73303,145,2014,22,1.8313,2.0,1.0,0.0,4,619.71,4
73303,146,2014,23,1.8223,1.0,1.0,0.0,2,618.22,2
73303,147,2014,24,0.5689,1.0,1.0,0.0,2,615.76,2
73303,148,2014,25,0.0,0.0,0.0,0.0,1,615.78,1
73303,150,2014,27,0.8606,1.0,1.0,0.0,2,616.67,2
73303,151,2014,28,1.2316,1.4591,0.9206,0.0,3,618.57,6
73303,152,2014,29,0.0,0.0,0.0,0.0,1,615.78,1
73303,154,2014,31,5.698,1.585,1.0,0.0,3,619.31,3
73303,155,2014,32,0.0,0.0,0.0,0.0,1,619.14,1
74916,7,2011,40,0.3177,1.8462,0.4726,100.0,15,1.03,1878
74916,8,2011,41,467.1637,3.9287,0.6624,38.46,61,3109.71,2959
74916,9,2011,42,101.6138,3.7311,0.7604,0.28,30,972.67,727
74916,10,2011,43,1.0883,2.4226,0.8629,73.33,7,2.8,15
74916,11,2011,44,0.3004,2.25,0.969,100.0,5,0.77,8
74916,12,2011,45,6.8648,0.611,0.1704,99.21,12,121.26,890
74916,13,2011,46,0.2816,2.1259,0.4578,97.69,25,1.48,3165
74916,14,2011,47,432.0704,4.3201,0.6873,31.24,78,1028.38,3217
74916,15,2011,48,10.2411,2.2777,0.5035,88.28,23,152.11,3021
74916,16,2011,49,0.2787,1.8819,0.4705,98.16,16,1.78,3093
74916,17,2011,50,334.6415,2.6431,0.5112,81.56,36,974.16,3108
74916,18,2011,51,15.3286,3.5725,0.6625,0.0,42,974.18,2937
74916,19,2011,52,63.7296,3.9639,0.7399,0.0,41,1014.76,2609
74916,20,2012,1,10.2112,2.4294,0.7022,0.0,11,971.82,1920
74916,21,2012,2,49.7946,3.1609,0.6266,0.26,33,973.92,2335
74916,22,2012,3,1.0738,2.0423,0.5106,94.34,16,4.46,2950
74916,23,2012,4,0.2822,1.4801,0.3484,97.43,19,2.22,3224
74916,24,2012,5,0.4049,2.1285,0.4925,95.59,20,2.96,2605
74916,25,2012,6,0.692,3.3472,0.74,82.0,23,2.86,2983
74916,26,2012,7,0.2572,1.9698,0.7016,98.6,7,1.48,2143
74916,27,2012,8,0.5323,2.511,0.6595,92.83,14,3.85,2986
74916,28,2012,9,0.4651,3.159,0.6644,95.99,27,2.44,2745
74916,29,2012,10,437.1086,3.0042,0.547,70.2,45,974.64,3097
74916,30,2012,11,250.5316,4.6412,0.7498,0.0,73,1015.75,2784
74916,31,2012,12,0.5995,2.6809,0.807,87.12,10,1.66,3129
74916,32,2012,13,0.4151,2.3075,0.822,90.01,7,1.57,3042
74916,33,2012,14,0.2565,1.8757,0.6681,100.0,7,0.82,3077
74916,34,2012,15,0.3081,2.3186,0.6467,98.93,12,1.58,3354
74916,35,2012,16,0.4895,2.2569,0.5928,97.41,14,2.83,1740
74916,36,2012,17,0.1787,1.9901,0.7699,100.0,6,0.74,595
74916,37,2012,18,0.5575,2.7675,0.5959,97.98,25,3.78,595
74916,38,2012,19,0.3321,2.3088,0.7696,100.0,8,0.74,56
74916,39,2012,20,0.0,0.0,0.0,100.0,1,0.3,7
74916,40,2012,21,32.0618,3.2042,0.6988,0.0,24,1016.41,156
74916,41,2012,22,9.5822,2.2606,0.5786,0.0,15,1030.57,128
74916,42,2012,23,32.595,2.2174,0.955,0.0,5,1014.99,38
74916,43,2012,24,30.71,1.36,0.5857,0.0,5,1016.46,50
74916,44,2012,25,38.2948,1.2918,0.5563,0.0,5,1014.99,20
74916,45,2012,26,36.8361,2.0079,0.8647,0.0,5,1014.99,16
74916,46,2012,27,33.9631,1.2516,0.7897,0.0,3,1016.4,18
74916,47,2012,28,0.5119,0.8813,0.8813,0.0,2,1015.19,10
74916,48,2012,29,36.2878,2.4478,0.9469,0.0,6,1016.42,17
74916,49,2012,30,42.0358,2.6497,0.9439,0.0,7,1016.42,29
74916,50,2012,31,34.811,0.9852,0.9852,0.0,2,1014.99,7
74916,51,2012,32,36.2929,2.8769,0.959,0.0,8,1014.98,23
74916,52,2012,33,1.955,1.8464,0.9232,30.0,4,5.07,10
74916,53,2012,34,0.4134,2.0955,0.8106,86.21,6,1.03,29
74916,54,2012,35,0.2117,0.6666,0.6666,82.61,2,1.01,23
74916,55,2012,36,0.3128,1.6184,0.8092,82.35,4,1.01,17
74916,56,2012,37,0.7686,0.7871,0.7871,76.47,2,1.72,17
74916,57,2012,38,0.9098,2.616,0.9318,78.26,7,1.72,23
74916,58,2012,39,0.1304,0.4138,0.4138,100.0,2,0.73,12
74916,59,2012,40,0.4396,2.4282,0.9394,90.0,6,1.03,20
74916,60,2012,41,66.8633,2.6258,0.9353,66.67,7,141.57,12
74916,61,2012,42,290.1638,2.2464,0.9675,10.0,5,970.18,10
74916,62,2012,43,0.3398,1.8472,0.7956,100.0,5,0.75,24
74916,63,2012,44,0.0748,0.65,0.65,100.0,2,0.38,12
74916,64,2012,45,0.5218,1.3788,0.8699,100.0,3,1.06,21
74916,65,2012,46,0.1324,1.3016,0.8212,100.0,3,0.74,23
74916,66,2012,47,0.1033,0.5917,0.5917,100.0,2,0.74,7
74916,67,2012,48,0.4945,1.8622,0.802,89.29,5,1.45,28
74916,68,2012,49,0.4291,1.8608,0.9304,66.67,4,1.45,21
74916,69,2012,50,343.1873,3.1482,0.91,36.59,11,970.15,41
74916,70,2012,51,12.1149,3.8276,0.9364,0.0,17,984.96,40
74916,71,2012,52,12.6492,3.3976,0.9182,0.0,13,974.14,26
74916,72,2013,1,677.6276,3.3912,0.8907,0.0,14,1857.4,50
74916,73,2013,2,778.5103,2.6087,0.8696,0.0,8,1857.74,28
74916,74,2013,3,0.2239,1.1322,0.7143,100.0,3,0.74,45
74916,75,2013,4,3.0143,2.371,0.9172,82.61,6,14.35,23
74916,76,2013,5,0.1506,0.7642,0.7642,100.0,2,0.73,27
74916,77,2013,6,0.6055,1.4591,0.9206,100.0,3,0.79,12
74916,78,2013,7,0.5954,1.8113,0.9056,100.0,4,0.79,8
74916,79,2013,8,0.247,1.5306,0.9657,100.0,3,0.73,14
74916,80,2013,9,0.2241,0.9183,0.9183,100.0,2,0.72,6
74916,81,2013,10,0.0,0.0,0.0,100.0,1,0.34,1
74916,82,2013,11,0.0,0.0,0.0,0.0,1,966.79,2
74916,83,2013,12,0.1847,1.585,1.0,100.0,3,0.74,3
74916,85,2013,14,0.2245,0.8113,0.8113,100.0,2,0.58,4
74916,86,2013,15,0.0,0.0,0.0,100.0,1,0.58,4
74916,87,2013,16,0.0,0.0,0.0,100.0,1,0.34,1
74916,88,2013,17,0.0038,0.0,0.0,100.0,1,0.35,5
74916,89,2013,18,0.0,0.0,0.0,100.0,1,0.61,3
75178,7,2011,40,0.2229,1.2167,0.3517,100.0,11,0.76,1170
75178,8,2011,41,0.9367,1.7822,0.4681,97.09,14,7.47,1513
75178,9,2011,42,50.8823,2.5539,0.6537,74.56,15,117.05,912
75178,10,2011,43,0.2428,1.5757,0.5252,100.0,8,0.61,1974
75178,11,2011,44,0.2205,1.0286,0.278,100.0,13,0.53,1673
75178,12,2011,45,0.2797,1.8967,0.7337,100.0,6,0.74,2003
75178,13,2011,46,0.2518,2.1012,0.8128,100.0,6,0.62,2046
75178,14,2011,47,3.4913,1.1935,0.4617,88.6,6,11.03,1430
75178,15,2011,48,0.2469,1.182,0.7458,100.0,3,0.62,1434
75178,16,2011,49,0.2628,1.6499,0.3957,100.0,18,0.63,1268
75178,17,2011,50,58.7505,1.7643,0.6825,93.85,6,244.86,358
75178,18,2011,51,0.0,0.0,0.0,0.0,1,10651.26,3
75178,21,2012,2,0.0,0.0,0.0,0.0,1,6.16,28
75178,22,2012,3,1.5052,1.5637,0.6049,84.82,6,6.16,1278
75178,23,2012,4,0.1938,0.6906,0.6906,100.0,2,0.31,925
75178,24,2012,5,0.0901,0.9366,0.3623,100.0,6,0.41,1343
75178,25,2012,6,0.1253,1.1665,0.368,100.0,9,0.47,1086
75178,27,2012,8,0.0145,0.0,0.0,100.0,1,0.26,212
75178,37,2012,18,0.1747,1.2197,0.7696,100.0,3,0.29,44
75178,38,2012,19,0.2516,2.4017,0.6942,100.0,11,0.67,35
75178,40,2012,21,0.0,0.0,0.0,0.0,1,10651.19,2
75178,52,2012,33,0.2699,1.5,0.9464,100.0,3,0.42,4
75178,53,2012,34,0.2932,2.75,0.9796,100.0,7,0.72,8
75178,54,2012,35,0.3969,2.0,1.0,100.0,4,0.72,4
75178,55,2012,36,0.3449,1.9051,0.601,97.73,9,1.57,44
75178,56,2012,37,0.2962,1.5875,0.5292,100.0,8,1.1,36
75178,57,2012,38,0.224,1.3113,0.5647,100.0,5,0.58,16
75178,59,2012,40,0.2088,2.4601,0.615,100.0,16,0.63,82
75178,60,2012,41,0.4614,3.8622,0.753,93.44,35,2.3,122
75178,61,2012,42,0.4318,2.0194,0.6079,93.18,10,1.44,44
75178,62,2012,43,0.2549,2.8433,0.6473,100.0,21,0.73,88
75178,63,2012,44,0.2523,3.1055,0.6773,100.0,24,0.73,102
75178,64,2012,45,0.2712,2.7217,0.6527,100.0,18,1.01,82
75178,65,2012,46,0.2275,2.5241,0.5942,100.0,19,0.74,128
75178,66,2012,47,0.7344,2.6387,0.6328,85.71,18,2.07,126
75178,67,2012,48,0.2544,3.195,0.6719,100.0,27,0.75,124
75178,68,2012,49,0.2394,2.3088,0.5909,100.0,15,0.71,96
75178,69,2012,50,58.3058,3.9053,0.7676,62.75,34,141.48,102
75178,70,2012,51,0.0248,0.0,0.0,0.0,1,10651.28,7
75178,71,2012,52,0.0275,0.0,0.0,0.0,1,10651.26,6
75178,73,2013,2,4337.8482,1.5488,0.7744,0.0,4,10651.26,8
75178,74,2013,3,35.7921,4.0701,0.7501,87.12,43,141.38,132
75178,75,2013,4,0.2589,2.7433,0.7205,100.0,14,0.74,53
75178,76,2013,5,0.2828,3.5504,0.7645,100.0,25,0.73,70
75178,77,2013,6,0.3982,3.3864,0.7594,93.98,22,1.85,83
75178,78,2013,7,0.1939,2.7819,0.6806,100.0,17,0.76,70
75178,79,2013,8,0.2135,2.9184,0.747,100.0,15,0.67,52
75178,80,2013,9,0.2301,2.2939,0.6025,100.0,14,0.77,70
75178,81,2013,10,0.1417,1.4233,0.507,100.0,7,0.67,50
75178,82,2013,11,0.004,0.0,0.0,100.0,1,0.25,4
75178,83,2013,12,0.1839,2.1417,0.5136,100.0,18,0.61,133
75178,84,2013,13,39.5324,3.6183,0.6317,82.41,53,120.54,216
75178,85,2013,14,0.4737,1.9892,0.4973,99.31,16,5.0,144
75178,86,2013,15,0.1802,2.2605,0.5321,100.0,19,0.68,104
75178,87,2013,16,0.1951,2.624,0.5801,100.0,23,0.69,159
75178,88,2013,17,0.6714,2.6546,0.6142,93.8,20,3.58,129
75178,89,2013,18,0.2318,2.5346,0.5771,99.24,21,1.57,132
75178,90,2013,19,51.9246,2.8221,0.5696,88.89,31,249.53,234
75178,97,2013,26,578.5852,1.5656,0.9878,0.0,3,7658.98,15
75178,100,2013,29,0.048,1.361,0.8587,0.0,3,10651.32,10
75178,105,2013,34,5615.949,4.9419,0.9635,26.09,35,10651.8,46
75178,106,2013,35,0.8691,4.0109,0.928,68.75,20,2.97,32
75178,107,2013,36,0.8004,3.491,0.7114,73.66,30,3.16,243
75178,108,2013,37,0.5686,3.203,0.6814,83.47,26,4.59,248
75178,111,2013,40,0.5858,3.3207,0.8124,69.01,17,1.15,71
75178,112,2013,41,0.4979,2.2638,0.8758,57.14,6,1.12,14
75178,113,2013,42,1.7357,2.6733,0.5503,54.76,29,11.31,210
75178,114,2013,43,0.5277,1.7006,0.5365,57.65,9,1.1,85
75178,115,2013,44,0.5007,1.2867,0.8118,53.33,3,1.1,15
75178,116,2013,45,1.7655,1.9855,0.8551,75.0,5,5.46,20
75178,117,2013,46,0.6231,1.7426,0.4709,91.82,13,5.36,110
75178,118,2013,47,0.4243,2.4428,0.5751,89.52,19,1.27,105
75178,119,2013,48,0.4553,2.6091,0.7542,86.49,11,1.08,37
75178,120,2013,49,0.4325,2.6334,0.6199,88.57,19,1.27,105
75178,121,2013,50,0.3653,2.5619,0.8082,94.87,9,1.08,39
75178,122,2013,51,1.2425,3.2649,0.8823,50.0,13,4.8,30
75178,123,2013,52,0.4674,0.7129,0.2376,0.0,8,2.96,105
75178,124,2014,1,0.0025,0.0,0.0,0.0,1,1.69,14
75178,129,2014,6,0.4401,3.1697,0.7108,92.68,22,1.35,82
75178,130,2014,7,1.273,3.487,0.8531,84.62,17,7.3,39
75178,131,2014,8,0.4463,2.6267,0.6426,96.7,17,3.1,91
75178,132,2014,9,0.9518,3.092,0.704,98.47,21,7.3,131
75178,133,2014,10,1.6904,3.1757,0.6756,89.34,26,7.3,122
75178,134,2014,11,1.4785,1.1671,0.4157,96.05,7,7.3,76
75178,135,2014,12,0.8879,2.3059,0.5765,96.05,16,7.3,76
75178,136,2014,13,0.7046,1.6522,0.434,98.32,14,7.3,119
75178,137,2014,14,0.4277,3.0131,0.8142,88.24,13,1.15,34
75178,138,2014,15,0.6414,2.6369,0.5374,95.0,30,5.77,300
75178,139,2014,16,0.3256,2.0995,0.4708,94.9,22,1.17,196
75178,140,2014,17,0.2537,1.2676,0.3169,97.87,16,1.15,188
75178,141,2014,18,0.2608,2.3625,0.5298,98.01,22,1.14,251
75178,142,2014,19,72.3325,4.4646,0.9287,80.77,28,246.13,52
75178,143,2014,20,442.8434,1.0,1.0,0.0,2,11365.33,6
75178,144,2014,21,0.005,0.0,0.0,0.0,1,11365.32,5
75178,145,2014,22,0.0027,0.0,0.0,0.0,1,11365.31,3
75178,146,2014,23,0.004,0.0,0.0,0.0,1,11365.31,14
75178,147,2014,24,0.0043,0.0,0.0,0.0,1,11365.31,19
75178,148,2014,25,0.0,0.0,0.0,0.0,1,11365.31,1
75178,149,2014,26,0.0071,0.0,0.0,0.0,1,10651.32,6
75178,150,2014,27,0.0082,0.0,0.0,0.0,1,10651.32,3
75178,154,2014,31,0.0,0.0,0.0,0.0,1,10651.31,1
75178,156,2014,33,0.0,0.0,0.0,0.0,1,10651.32,1
75178,157,2014,34,32.5089,2.5396,0.5782,18.75,21,244.62,112
75178,158,2014,35,0.2459,3.0102,0.7705,100.0,15,0.75,47
75178,159,2014,36,0.2657,1.8515,0.3987,98.48,25,1.29,264
75178,160,2014,37,0.349,1.4757,0.3309,99.15,22,5.06,351
75178,161,2014,38,0.2196,1.6774,0.3761,100.0,22,0.75,346
75178,162,2014,39,0.3158,3.074,0.7236,98.73,19,1.38,79
75178,163,2014,40,0.253,2.3998,0.6142,99.01,15,1.01,202
75178,164,2014,41,0.2221,1.4528,0.3719,100.0,15,0.76,357
75178,165,2014,42,0.3652,1.9757,0.443,98.96,22,2.76,288
75178,166,2014,43,0.2953,0.6786,0.2043,95.8,10,1.44,119
75178,167,2014,44,0.244,2.8284,0.692,100.0,17,0.55,115
75178,168,2014,45,0.2597,3.0639,0.828,100.0,13,0.54,48
75178,169,2014,46,0.2478,1.82,0.4658,100.0,15,0.54,187
75178,170,2014,47,0.2567,1.4796,0.3423,98.57,20,1.18,280
75178,171,2014,48,0.2852,2.9259,0.8458,100.0,11,0.63,26
75178,172,2014,49,0.3419,2.7953,0.6019,95.8,25,1.2,143
75178,173,2014,50,0.3376,2.8801,0.8325,98.36,11,1.61,61
75178,174,2014,51,1626.1255,2.8451,0.5857,67.39,29,10651.32,92
75178,175,2014,52,0.0295,0.8366,0.8366,0.0,2,11365.42,15
75178,178,2015,3,38.9961,2.7036,0.5624,86.79,28,141.56,106
75178,179,2015,4,0.2185,2.1679,0.5199,100.0,18,0.75,135
75178,180,2015,5,1.7169,3.8078,0.9746,70.59,15,4.6,17
75178,181,2015,6,0.4798,3.4551,0.8638,100.0,16,1.18,67
75178,182,2015,7,0.3274,2.7847,0.6962,100.0,16,1.18,89
75178,189,2015,14,0.2612,2.162,0.6508,100.0,10,0.75,26
75178,190,2015,15,0.1951,2.8203,0.7867,100.0,12,0.41,35
75178,191,2015,16,0.2616,2.2629,0.5427,99.16,18,2.05,238
75178,192,2015,17,0.2357,2.0465,0.553,100.0,13,0.81,80
75261,8,2011,41,358.5839,1.9777,0.6239,74.5,9,824.85,1655
75261,9,2011,42,327.7303,4.03,0.7003,19.75,54,827.87,2557
75261,10,2011,43,0.8739,3.3775,0.7951,94.47,19,4.49,2080
75261,11,2011,44,5.9426,3.3636,0.8609,96.52,15,160.88,1465
75261,12,2011,45,0.4024,3.1772,0.693,88.27,24,1.5,2234
75261,13,2011,46,1.5265,3.7041,0.7705,83.1,28,9.19,2047
75261,14,2011,47,59.7539,3.6854,0.6265,14.42,59,172.95,1637
75261,15,2011,48,0.2778,2.1711,0.5023,93.36,20,1.27,2500
75261,16,2011,49,0.3194,1.9553,0.5005,92.27,15,1.16,2444
75261,17,2011,50,383.0665,3.7229,0.7146,64.16,37,824.19,2598
75261,18,2011,51,3.6236,3.0627,0.6868,0.0,22,828.1,3172
75261,19,2011,52,5.139,1.542,0.3363,0.0,24,840.09,2775
75261,20,2012,1,3.5658,1.6574,0.3001,0.0,46,842.17,2877
75261,21,2012,2,1.0121,1.585,1.0,0.0,3,822.05,3
75261,22,2012,3,0.1586,1.585,1.0,100.0,3,0.65,3
75261,23,2012,4,0.0,0.0,0.0,100.0,1,0.65,2
75261,25,2012,6,0.0063,0.0,0.0,100.0,1,0.65,7
75261,26,2012,7,0.0,0.0,0.0,100.0,1,0.54,2
75261,27,2012,8,0.0,0.0,0.0,100.0,1,0.65,1
75261,28,2012,9,0.0,0.0,0.0,100.0,1,0.66,1
75261,30,2012,11,441.8948,2.3219,1.0,0.0,5,821.05,5
75261,31,2012,12,0.0,0.0,0.0,100.0,1,0.65,1
75261,32,2012,13,0.2044,1.371,0.865,100.0,3,0.65,5
75261,34,2012,15,0.0004,0.0,0.0,100.0,1,0.65,5
75261,35,2012,16,0.2867,2.3554,0.9112,100.0,6,0.73,12
75261,36,2012,17,0.0,0.0,0.0,100.0,1,0.74,4
75261,37,2012,18,2.2372,1.6729,0.8365,80.0,4,5.07,15
75261,38,2012,19,293.5204,1.671,0.7196,85.0,5,822.02,20
75261,39,2012,20,0.4912,0.9183,0.9183,0.0,2,815.35,3
75261,40,2012,21,1799.8013,1.9508,0.8402,0.0,5,2897.79,12
75261,41,2012,22,3.7369,2.6995,0.9616,0.0,7,2891.99,14
75261,42,2012,23,1.2263,2.0202,0.7815,0.0,6,2893.07,22
75261,43,2012,24,47.8499,4.2566,0.9691,0.0,21,2909.24,30
75261,44,2012,25,7.1834,3.634,0.9301,0.0,15,2900.85,27
75261,45,2012,26,15.8994,3.0029,0.868,0.0,11,2899.21,30
75261,46,2012,27,3.3715,2.0546,0.8849,0.0,5,2892.25,12
75261,47,2012,28,71.1335,3.2943,0.9189,0.0,12,2930.84,28
75261,48,2012,29,3.7112,2.5736,0.9167,0.0,7,2891.89,15
75261,49,2012,30,1794.6803,2.3527,0.9102,0.0,6,2934.47,14
75261,50,2012,31,0.0,0.0,0.0,0.0,1,821.01,4
75261,51,2012,32,6.8079,1.371,0.865,0.0,3,821.01,10
75261,52,2012,33,0.7863,0.5917,0.5917,0.0,2,821.03,7
75261,53,2012,34,0.0705,1.0,1.0,100.0,2,0.72,10
75261,54,2012,35,0.8692,2.4662,0.8785,86.67,7,3.19,15
75261,55,2012,36,0.3919,2.4037,0.8012,100.0,8,0.71,14
75261,56,2012,37,0.3044,0.9219,0.5817,90.0,3,1.57,10
75261,57,2012,38,0.0433,1.1595,0.7316,100.0,3,0.7,27
75261,58,2012,39,1.7292,2.5074,0.97,84.62,6,5.06,13
75261,59,2012,40,41.9902,3.2488,0.9062,81.25,12,115.99,32
75261,60,2012,41,1.3399,2.4516,0.8733,90.48,7,4.17,21
75261,61,2012,42,157.9177,2.1309,0.759,80.77,7,821.01,26
75261,62,2012,43,0.3041,2.4419,0.8698,100.0,7,0.74,17
75261,63,2012,44,0.2705,2.4912,0.7859,100.0,9,0.75,38
75261,64,2012,45,0.3883,1.2988,0.8194,100.0,3,0.66,8
75261,65,2012,46,0.3022,1.0,1.0,100.0,2,0.38,2
75261,66,2012,47,78.8595,2.4508,0.873,41.67,7,164.51,12
75261,67,2012,48,0.2595,2.2359,0.963,100.0,5,0.67,7
75261,68,2012,49,0.3121,1.3568,0.6784,100.0,4,0.71,10
75261,69,2012,50,214.3191,1.9717,0.8492,72.73,5,560.21,11
75261,70,2012,51,1.3009,1.1568,0.7298,0.0,3,824.62,10
75261,71,2012,52,0.3985,1.0,1.0,0.0,2,820.55,4
75261,72,2013,1,569.3711,1.819,0.9095,0.0,4,1801.49,21
75261,73,2013,2,559.9503,1.9363,0.9681,0.0,4,1859.57,11
75261,74,2013,3,0.3998,0.9183,0.9183,100.0,2,0.73,9
75261,75,2013,4,0.0026,0.0,0.0,100.0,1,0.73,10
75261,76,2013,5,0.0004,0.0,0.0,100.0,1,0.73,9
75261,77,2013,6,0.6839,2.4677,0.9546,78.57,6,1.57,14
75261,78,2013,7,0.3032,1.7755,0.6324,93.75,7,1.6,48
75261,79,2013,8,0.0007,0.0,0.0,100.0,1,0.73,9
75261,80,2013,9,0.0,0.0,0.0,100.0,1,0.72,2
75261,81,2013,10,621.0323,2.3968,0.8538,81.25,7,1591.29,16
75261,82,2013,11,736.1215,2.1972,0.9463,0.0,5,1636.48,9
75261,83,2013,12,0.0004,0.0,0.0,100.0,1,0.65,2
75261,84,2013,13,0.3214,1.371,0.865,100.0,3,0.65,10
75261,86,2013,15,0.1801,0.8113,0.8113,100.0,2,0.79,4
75261,87,2013,16,0.3498,2.3496,0.8369,93.75,7,1.26,16
75261,88,2013,17,0.6475,3.8936,0.6675,87.14,57,3.67,412
75261,89,2013,18,0.6127,3.8377,0.68,90.22,50,4.2,409
75261,90,2013,19,373.0499,4.6203,0.684,51.88,108,904.41,426
75261,91,2013,20,7.8379,4.6122,0.7428,0.0,74,839.07,271
75261,92,2013,21,231.0904,3.902,0.6433,0.0,67,2957.77,267
75261,93,2013,22,6.3568,3.5793,0.6279,0.0,52,843.1,291
75261,94,2013,23,5.9429,3.6649,0.7544,0.0,29,841.96,83
75261,95,2013,24,19.6552,5.6846,0.8202,0.0,122,1027.38,337
75261,96,2013,25,299.8649,6.6579,0.8185,0.0,281,8504.3,749
75261,97,2013,26,273.8945,6.6993,0.8137,0.0,301,8081.13,755
75261,98,2013,27,11.7871,6.1757,0.8364,0.0,167,854.15,388
75261,99,2013,28,9.4988,6.0844,0.813,0.0,179,845.64,534
75261,100,2013,29,478.1231,5.7565,0.7862,0.0,160,1822.12,565
75261,101,2013,30,277.5237,4.582,0.7856,0.0,57,2470.95,140
75261,102,2013,31,8.1163,5.8559,0.7767,0.0,186,842.23,555
75261,103,2013,32,44.099,4.1414,0.7541,0.0,45,843.53,117
75261,104,2013,33,9.1331,5.4154,0.7309,0.0,170,843.58,589
75261,105,2013,34,80.9479,3.1537,0.5384,0.0,58,824.87,253
75261,115,2013,44,0.2004,1.1056,0.4762,100.0,5,0.63,30
75261,116,2013,45,0.303,1.3924,0.4025,98.61,11,1.28,72
75261,117,2013,46,1.0968,3.3842,0.6598,80.35,35,5.79,229
75261,118,2013,47,0.4284,3.615,0.7297,97.79,31,1.51,181
75466,7,2011,40,0.0168,0.6832,0.6832,0.0,2,10.38,452
75466,8,2011,41,861.683,3.5518,0.5965,15.89,62,10752.98,2518
75466,9,2011,42,549.429,2.9869,0.6029,0.0,31,1569.19,2575
75466,10,2011,43,3.7629,2.4687,0.4894,15.35,33,10.36,2456
75466,11,2011,44,107.9384,3.4046,0.537,14.49,81,286.3,2437
75466,12,2011,45,3.7848,2.3498,0.4743,15.59,31,10.38,2187
75466,13,2011,46,84.6235,2.486,0.5289,17.6,26,497.11,2568
75466,14,2011,47,2.7566,2.1013,0.4862,7.19,20,10.56,2588
75466,15,2011,48,4.5394,3.0018,0.6004,22.17,32,11.49,2016
75466,16,2011,49,4.5588,2.8219,0.5696,17.51,31,26.55,1913
75466,17,2011,50,2.9106,2.213,0.4708,6.88,26,14.99,2020
75466,18,2011,51,1.4352,1.2302,0.3149,0.0,15,15.06,2499
75466,19,2011,52,75.743,2.2616,0.4756,0.0,27,347.37,2685
75466,20,2012,1,42.2321,3.0688,0.5217,1.76,59,182.85,2393
75466,21,2012,2,53.5276,2.5237,0.4845,3.59,37,181.16,2644
75466,22,2012,3,3.8208,2.0608,0.416,83.75,31,10.34,2812
75466,23,2012,4,3.8926,1.7662,0.3905,83.47,23,12.51,2577
75466,24,2012,5,4.6089,2.4627,0.4971,72.75,31,10.36,2892
75466,25,2012,6,1.7531,1.7484,0.3466,94.82,33,10.34,2894
75466,26,2012,7,41.5122,2.7319,0.5416,73.82,33,1282.02,1929
75466,27,2012,8,3.6403,2.119,0.4131,84.64,35,11.37,2441
75466,28,2012,9,3.4996,3.7426,0.7081,86.33,39,10.33,2735
75466,29,2012,10,4.4126,4.1845,0.8094,77.18,36,12.67,2309
75466,30,2012,11,4.2225,2.6409,0.576,19.38,24,12.7,1878
75466,31,2012,12,3.3851,2.5143,0.5075,86.2,31,10.37,2638
75466,32,2012,13,4.219,2.2497,0.4844,78.7,25,12.25,1892
75466,33,2012,14,5.2115,2.5228,0.5306,57.78,27,10.35,2572
75466,34,2012,15,3.6434,2.4814,0.4877,85.41,34,10.37,2715
75466,35,2012,16,1.5279,2.4105,0.7256,96.67,10,10.34,1352
75466,36,2012,17,3.6822,2.7693,0.7274,85.99,14,10.3,2369
75466,37,2012,18,2.589,1.9049,0.4408,92.82,20,15.47,864
75466,38,2012,19,4.3328,4.0833,0.7525,18.31,43,12.53,213
75466,39,2012,20,1.3611,2.508,0.6587,0.7,14,12.45,143
75466,40,2012,21,0.5815,1.9465,0.586,0.0,10,11.57,212
75466,41,2012,22,262.748,3.4971,0.6229,0.0,49,1272.75,258
75466,42,2012,23,90.0891,3.9637,0.9171,0.0,20,1272.76,32
75466,43,2012,24,0.5274,2.0887,0.6962,0.0,8,11.95,136
75466,44,2012,25,1.7907,2.4247,0.5815,0.85,18,11.87,234
75466,45,2012,26,1.4686,2.2143,0.5668,1.1,15,11.87,272
75466,46,2012,27,0.0,0.0,0.0,0.0,1,10.37,1
75468,9,2011,42,550.2833,1.3244,0.4415,2.54,8,1328.89,630
75468,10,2011,43,0.0803,1.1324,0.4381,99.85,6,0.91,1303
75468,11,2011,44,0.0703,1.2994,0.6497,100.0,4,0.46,1561
75468,12,2011,45,0.284,1.6216,0.6273,100.0,6,0.59,1306
75468,13,2011,46,0.1636,0.6112,0.3056,100.0,4,0.77,1236
75468,14,2011,47,1.4513,0.95,0.4091,89.8,5,4.54,1813
75468,15,2011,48,0.023,0.0939,0.0404,100.0,5,0.58,1542
75468,16,2011,49,0.1125,1.1173,0.5586,100.0,4,0.48,647
75468,17,2011,50,435.0675,1.1105,0.3343,85.46,10,1328.89,1162
75468,18,2011,51,8.6045,1.8655,0.5885,0.0,9,1337.25,1347
75468,19,2011,52,47.9101,1.0464,0.2919,0.0,12,1336.43,1687
75468,20,2012,1,0.2601,0.2646,0.1323,0.0,4,1330.03,1622
75468,21,2012,2,0.0145,0.0,0.0,0.0,1,1328.9,484
75468,22,2012,3,0.1253,0.4893,0.4893,100.0,2,0.43,169
75468,23,2012,4,0.1499,0.4627,0.2314,100.0,4,0.54,803
75468,24,2012,5,0.2643,1.6105,0.623,100.0,6,0.62,1891
75468,25,2012,6,0.2093,0.421,0.421,100.0,2,0.7,995
75468,26,2012,7,0.0,0.0,0.0,100.0,1,0.43,103
75468,27,2012,8,0.1847,0.9905,0.9905,100.0,2,0.61,393
75468,28,2012,9,0.1786,0.948,0.948,100.0,2,0.74,622
75468,29,2012,10,0.2089,0.7843,0.3922,96.72,4,1.57,61
75468,31,2012,12,0.0284,0.9595,0.9595,100.0,2,0.43,369
75468,32,2012,13,0.0315,0.0594,0.0594,100.0,2,0.57,580
75468,33,2012,14,37.6235,1.6596,0.7148,84.94,5,113.0,1355
75468,34,2012,15,0.1651,0.8348,0.3595,100.0,5,0.73,1068
75468,37,2012,18,0.004,0.0,0.0,100.0,1,0.44,1446
75468,38,2012,19,0.158,1.1604,0.7322,100.0,3,0.44,818
75468,39,2012,20,16.2051,4.6739,0.8199,60.33,52,124.04,121
75468,40,2012,21,484.5409,3.6103,0.6574,4.48,45,1237.53,134
75468,41,2012,22,70.9341,3.087,0.7028,0.0,21,1330.04,115
75468,42,2012,23,1.817,2.3612,0.8411,0.0,7,1331.39,29
75468,43,2012,24,35.375,3.4696,0.7217,0.0,28,1346.71,121
75468,49,2012,30,24.8951,2.0,1.0,0.0,4,1257.29,4
75468,50,2012,31,93.8553,3.0214,0.659,0.0,24,1332.18,204
75468,51,2012,32,59.5991,3.2134,0.7009,0.0,24,1330.01,112
75468,52,2012,33,557.8219,4.399,0.8798,7.5,32,1198.51,80
75468,53,2012,34,0.2659,3.7302,0.8136,100.0,24,0.75,137
75468,54,2012,35,0.1774,2.1722,0.7241,100.0,8,0.75,31
75468,55,2012,36,0.5887,3.7621,0.7594,97.6,31,5.15,125
75468,56,2012,37,0.4071,3.5898,0.7637,96.09,26,1.72,128
75468,57,2012,38,0.3482,3.3369,0.7721,100.0,20,1.15,118
75468,58,2012,39,0.3509,3.8284,0.8463,100.0,23,0.73,121
75468,59,2012,40,0.4694,3.9379,0.8106,92.86,29,2.77,126
75468,60,2012,41,0.5514,4.2297,0.8181,91.56,36,2.56,154
75468,61,2012,42,99.4849,5.2896,0.8546,32.8,73,205.63,186
75468,62,2012,43,0.3191,3.0678,0.6606,96.8,25,1.75,219
75468,63,2012,44,0.4126,4.0152,0.8105,97.46,31,2.86,197
75468,65,2012,46,0.3875,4.0746,0.7822,94.74,37,1.81,228
75468,66,2012,47,0.4323,3.8614,0.7723,99.11,32,3.4,225
75468,67,2012,48,0.3447,3.5527,0.765,97.98,25,2.74,198
75468,68,2012,49,0.2844,3.3394,0.6805,100.0,30,0.81,230
75468,69,2012,50,335.6774,5.327,0.7886,74.61,108,1190.99,323
75468,70,2012,51,99.938,2.5329,0.6653,0.0,14,1329.48,54
75468,71,2012,52,40.7264,3.1999,0.5897,0.0,43,1330.03,244
75468,72,2013,1,86.2011,4.9463,0.8374,0.0,60,955.69,143
75468,73,2013,2,46.9852,3.9991,0.6982,0.0,53,1336.51,233
75468,74,2013,3,47.1671,4.7008,0.7415,73.67,81,117.59,338
75468,75,2013,4,6.4421,4.0545,0.7148,95.45,51,116.54,330
75468,76,2013,5,0.3636,3.8869,0.7461,95.45,37,1.71,286
75468,77,2013,6,0.3973,4.1138,0.7491,95.99,45,1.7,374
75468,78,2013,7,15.2858,4.5056,0.7376,91.84,69,301.4,392
75468,79,2013,8,0.4055,4.3377,0.7726,95.53,49,1.7,291
75468,80,2013,9,0.405,4.0117,0.7004,95.98,53,1.72,423
75468,81,2013,10,483.4225,4.6317,0.7691,74.87,65,1257.71,382
75468,82,2013,11,604.8621,2.9074,0.7857,38.3,13,1199.57,47
75468,83,2013,12,0.6896,2.9891,0.8078,85.37,13,3.65,123
75468,84,2013,13,1.4556,2.9493,0.8525,56.0,11,3.35,25
75468,85,2013,14,0.6988,2.9636,0.6857,79.56,20,1.94,181
75468,86,2013,15,0.7089,2.291,0.5728,80.2,16,5.01,197
75468,87,2013,16,0.5907,3.1885,0.7801,88.05,17,1.82,226
75468,88,2013,17,0.587,2.2227,0.6425,91.8,11,1.84,183
75468,89,2013,18,0.4566,4.1487,0.7795,93.07,40,1.69,303
75468,90,2013,19,0.8161,2.1997,0.563,95.59,15,5.02,204
75468,91,2013,20,1.8762,2.2576,0.5062,79.29,22,9.79,198
75468,92,2013,21,421.3331,3.7984,0.7137,27.27,40,889.02,198
75468,93,2013,22,677.9613,3.0334,0.6802,0.0,22,6062.17,283
75468,94,2013,23,659.674,3.1417,0.6607,0.0,27,6062.17,299
75468,95,2013,24,0.5763,2.3774,0.7157,0.0,10,889.04,206
75468,96,2013,25,0.7246,2.1494,0.7656,0.0,7,888.61,106
75468,97,2013,26,0.3978,1.2577,0.6288,0.0,4,888.32,106
75468,98,2013,27,0.4668,1.3021,0.5037,0.0,6,889.56,108
75468,99,2013,28,0.5674,1.5575,0.5548,0.0,7,889.41,119
75468,100,2013,29,0.6017,1.7063,0.6601,0.0,6,888.59,176
75468,101,2013,30,0.4998,1.3838,0.4613,0.0,8,889.68,179
75468,102,2013,31,0.6004,1.575,0.6093,0.0,6,888.53,113
76313,8,2011,41,72.6739,3.2092,0.6999,66.9,24,219.14,2378
76313,9,2011,42,95.4297,3.1203,0.8195,13.29,14,245.01,2566
76313,10,2011,43,0.2531,1.9778,0.6593,100.0,8,0.76,1626
76313,11,2011,44,0.3609,2.3574,0.7437,100.0,9,0.83,1809
76313,12,2011,45,0.2764,2.1685,0.7228,100.0,8,0.74,1374
76313,13,2011,46,0.3558,2.3737,0.7146,86.52,10,0.98,2151
76313,14,2011,47,71.3663,2.8255,0.6011,28.96,26,161.49,2148
76313,15,2011,48,49.013,2.5496,0.8499,87.26,8,147.19,2402
76313,16,2011,49,0.2507,2.0572,0.7328,100.0,7,0.76,2185
76313,17,2011,50,76.6613,2.0635,0.735,56.72,7,156.18,2375
76313,18,2011,51,0.9441,1.3789,0.4912,0.0,7,156.18,2513
76313,19,2011,52,25.5124,1.4493,0.4043,0.0,12,222.67,2411
76313,20,2012,1,68.8402,2.1538,0.5385,0.0,16,223.4,3040
76313,21,2012,2,1.4809,1.6956,0.5652,0.0,8,161.46,2351
76313,22,2012,3,33.848,1.9029,0.6778,90.85,7,154.84,2875
76313,23,2012,4,0.4134,2.0992,0.9041,93.03,5,1.13,2311
76313,24,2012,5,0.2756,2.1839,0.9405,100.0,5,0.74,2531
76313,25,2012,6,0.3737,2.7765,0.8358,87.61,10,0.98,2784
76313,26,2012,7,0.3887,2.425,0.765,98.23,9,1.48,2652
76313,27,2012,8,0.3284,3.0196,0.816,100.0,13,0.74,2435
76313,28,2012,9,0.3621,3.3659,0.8415,100.0,16,0.74,2671
76313,29,2012,10,88.2509,2.6374,0.7127,67.34,13,245.01,2710
76313,30,2012,11,10.7284,2.2063,0.7354,0.25,8,159.8,2781
76313,31,2012,12,2.31,3.0934,0.7568,89.51,17,8.2,2916
76313,32,2012,13,0.3166,2.0733,0.5603,99.52,13,2.22,2691
76313,33,2012,14,76.6246,2.3596,0.6197,55.63,14,156.55,3081
76313,34,2012,15,49.4739,2.225,0.6698,87.23,10,154.3,3086
76313,35,2012,16,0.4614,2.2935,0.6398,94.85,12,2.2,3183
76313,36,2012,17,0.2251,1.7142,0.5714,98.49,8,1.58,2980
76313,37,2012,18,0.8785,1.728,0.576,91.95,8,5.28,2870
76313,38,2012,19,65.7549,2.3988,0.614,73.55,15,163.24,2454
76313,39,2012,20,510.8313,2.9295,0.6569,0.0,22,1337.16,2877
76313,40,2012,21,2.6204,2.3724,0.5804,0.0,17,1345.01,2490
76313,41,2012,22,7.2058,3.127,0.6254,0.0,32,1362.84,227
76313,42,2012,23,2.8712,3.6033,0.6866,0.0,38,1345.33,264
76313,43,2012,24,2.9056,3.5851,0.7237,0.0,31,1344.57,365
76313,44,2012,25,629.4748,3.7937,0.7396,0.0,35,1369.32,217
76313,45,2012,26,2.7598,3.2969,0.6934,0.0,27,1348.75,327
76313,46,2012,27,316.8723,4.1065,0.7616,0.0,42,2565.93,338
76313,47,2012,28,2.3242,3.2132,0.7103,0.0,23,1339.54,150
76313,48,2012,29,2.4863,2.6702,0.6835,0.0,15,1339.53,119
76313,49,2012,30,325.3364,4.7718,0.7445,0.0,85,1364.74,356
76313,50,2012,31,24.1781,3.9679,0.6773,0.0,58,277.99,376
76313,51,2012,32,6.7697,3.8437,0.681,0.0,50,174.89,265
76313,52,2012,33,164.1703,4.3593,0.8569,25.78,34,394.36,128
76313,53,2012,34,0.3404,3.1993,0.7284,99.26,21,1.16,135
76313,54,2012,35,0.3336,3.1164,0.7336,100.0,19,0.79,134
76313,55,2012,36,1.1918,3.2478,0.6556,95.21,31,7.45,188
76313,56,2012,37,0.3208,2.9182,0.6208,99.36,26,0.96,157
76313,59,2012,40,0.4525,3.1577,0.7725,100.0,17,1.06,191
76313,60,2012,41,39.0284,3.7814,0.7866,87.18,28,154.61,117
76313,61,2012,42,74.6797,2.9815,0.6503,33.06,24,242.36,248
76313,62,2012,43,0.5617,2.4509,0.5671,98.72,20,5.17,312
76313,63,2012,44,4.9722,3.0384,0.639,92.7,27,80.28,274
76313,64,2012,45,0.2655,2.8601,0.6512,100.0,21,0.75,281
76313,65,2012,46,0.3971,3.3932,0.7219,100.0,26,1.08,386
76313,66,2012,47,67.4691,3.5609,0.6942,63.92,35,154.67,194
76313,67,2012,48,0.2733,2.7661,0.64,100.0,20,0.75,299
76313,68,2012,49,0.5842,2.8082,0.6297,98.4,22,4.47,374
76313,69,2012,50,70.7678,3.2913,0.6417,69.97,35,158.67,373
76313,70,2012,51,4.2482,2.3451,0.5624,0.0,18,160.11,189
76313,71,2012,52,4.5744,1.4285,0.5526,0.0,6,154.68,178
76313,72,2013,1,8.8424,0.7641,0.2956,0.0,6,156.45,156
76313,73,2013,2,21.2509,1.9918,0.5556,1.04,12,161.8,193
76313,74,2013,3,2.8225,3.2355,0.7057,98.4,24,22.25,187
76313,75,2013,4,0.897,2.9452,0.6342,98.08,25,7.45,364
76313,76,2013,5,0.5233,2.4535,0.5424,98.68,23,4.28,302
76313,77,2013,6,0.2749,2.8184,0.5996,99.74,26,1.24,382
76313,78,2013,7,10.242,2.6997,0.5888,97.35,24,94.67,339
76313,79,2013,8,0.4762,3.1589,0.6502,99.52,29,7.45,419
76313,80,2013,9,1.773,2.8738,0.5857,99.62,30,37.16,522
76313,81,2013,10,51.3212,2.8242,0.6333,86.79,22,154.74,280
76313,82,2013,11,40.795,1.9426,0.4972,0.33,15,245.1,303
76313,83,2013,12,1.124,3.0529,0.6495,98.56,26,14.26,348
76313,84,2013,13,79.3948,3.6268,0.7254,67.15,32,222.62,277
76313,85,2013,14,70.713,3.6485,0.8307,64.02,21,154.75,189
76313,86,2013,15,1.0936,3.2112,0.7559,94.81,19,8.52,212
76313,87,2013,16,3.6899,2.802,0.5656,99.12,31,67.82,340
76313,88,2013,17,0.4207,3.3874,0.6837,98.34,31,2.26,541
76313,89,2013,18,0.4193,3.3629,0.661,98.11,34,4.87,528
76313,90,2013,19,31.9941,3.3578,0.6985,85.54,28,154.77,401
76313,91,2013,20,37.9499,1.5671,0.4944,0.0,9,220.85,213
76313,92,2013,21,59.0206,3.9373,0.819,0.0,28,222.61,388
76313,93,2013,22,52.6807,3.8421,0.7321,0.0,38,223.47,321
76313,94,2013,23,6.2222,2.5466,0.514,0.0,31,223.03,418
76313,95,2013,24,8.0378,3.6698,0.7902,0.0,25,222.84,295
76313,96,2013,25,47.9473,3.7302,0.7009,0.0,40,661.9,344
76313,97,2013,26,28.1305,2.2936,0.6198,0.0,13,303.74,85
76313,98,2013,27,70.7218,4.0827,0.7671,0.0,40,220.78,350
76313,99,2013,28,33.9223,2.8861,0.6678,0.0,20,223.0,462
76313,100,2013,29,118.8216,3.0535,0.6496,0.0,26,395.24,414
76313,101,2013,30,51.4687,3.3757,0.6751,0.0,32,222.8,368
76313,102,2013,31,2.4062,2.6536,0.5866,0.0,23,158.24,573
76313,103,2013,32,14.4604,2.0534,0.5936,0.0,11,173.68,318
76313,104,2013,33,1.9258,2.9288,0.6474,0.0,23,158.72,598
76313,105,2013,34,2.4073,2.1646,0.9323,0.0,5,156.5,275
76313,121,2013,50,0.0,0.0,0.0,0.0,1,154.85,53
76313,122,2013,51,66.4799,0.9098,0.574,24.44,3,154.85,45
76313,128,2014,5,0.5648,3.5892,0.7315,83.8,30,1.68,179
76313,129,2014,6,0.9335,1.4486,0.516,92.31,7,5.75,39
76313,130,2014,7,0.3283,1.8259,0.5496,95.24,10,1.19,84
76313,131,2014,8,2.1704,3.8469,0.7694,80.54,32,17.0,149
76313,132,2014,9,1.3935,3.1498,0.6963,82.83,23,12.69,99
76313,133,2014,10,115.5606,4.2977,0.74,64.8,56,390.26,179
76313,134,2014,11,76.6064,4.759,0.7993,1.74,62,244.92,172
76313,135,2014,12,0.4976,3.6626,0.7464,91.0,30,1.65,200
76313,136,2014,13,0.603,3.5908,0.7639,78.92,26,1.64,166
76313,137,2014,14,0.521,3.8865,0.8592,84.09,23,1.55,88
76313,138,2014,15,2.2133,4.0536,0.7517,76.99,42,15.44,226
76313,139,2014,16,87.3831,4.0434,0.7452,51.59,43,223.54,157
76313,140,2014,17,63.5592,5.3047,0.844,63.68,78,159.75,234
76313,141,2014,18,0.6344,4.2438,0.7727,75.76,45,2.19,231
76313,142,2014,19,28.9713,4.9171,0.8359,76.26,59,154.9,198
76313,143,2014,20,2.9722,4.4469,0.792,0.0,49,163.36,140
76313,144,2014,21,21.9942,4.5874,0.8679,0.0,39,166.85,92
77023,7,2011,40,0.1574,1.4002,0.6031,100.0,5,0.76,852
77023,8,2011,41,380.895,2.1255,0.4375,79.94,29,1038.22,2109
77023,9,2011,42,512.4041,2.7468,0.6867,38.78,16,1032.09,2032
77023,10,2011,43,0.0786,0.85,0.2232,99.54,14,0.91,1976
77023,11,2011,44,0.1239,0.9344,0.3328,99.71,7,0.91,1051
77023,12,2011,45,0.1775,1.824,0.4929,100.0,13,0.74,743
77023,13,2011,46,0.2935,2.8298,0.6094,100.0,25,0.79,2186
77023,14,2011,47,0.2113,2.0681,0.4638,99.93,22,0.98,1495
77023,15,2011,48,0.2491,1.8375,0.4966,99.87,13,1.23,1566
77023,16,2011,49,0.25,2.0855,0.6579,100.0,9,0.74,1340
77023,17,2011,50,409.3157,2.6685,0.6529,76.4,17,1051.31,1746
77023,18,2011,51,6.6287,2.4718,0.6895,0.0,12,1031.86,1803
77023,19,2011,52,1689.805,2.2187,0.5134,0.0,20,11775.04,1532
77023,20,2012,1,6.3413,2.7802,0.6545,0.0,19,1031.85,1011
77023,21,2012,2,332.5318,3.4751,0.8334,0.0,18,1031.86,1489
77023,22,2012,3,29.8668,1.0932,0.3644,95.35,8,141.79,1698
77023,23,2012,4,0.2723,1.8964,0.4854,100.0,15,0.74,1777
77023,24,2012,5,0.2348,2.2975,0.6209,100.0,13,0.84,1823
77023,25,2012,6,0.2488,2.2555,0.679,100.0,10,0.76,1560
77023,26,2012,7,0.5718,1.814,0.506,98.34,12,4.43,1742
77023,27,2012,8,0.0997,1.475,0.4114,100.0,12,0.77,1690
77023,28,2012,9,0.0957,1.2328,0.3332,100.0,13,0.75,1674
77023,29,2012,10,494.4768,2.3512,0.7078,64.39,10,1038.02,1668
77023,30,2012,11,222.3309,2.9532,0.6952,0.0,19,1032.07,1868
77023,31,2012,12,4.1974,3.1631,0.7446,90.2,19,14.04,1755
77023,32,2012,13,0.3037,3.2385,0.6974,95.48,25,1.52,1749
77023,33,2012,14,7.1056,2.8641,0.5958,97.93,28,214.48,1840
77023,34,2012,15,0.2213,2.7048,0.5979,99.48,23,1.11,1932
77023,35,2012,16,0.2684,3.0115,0.6753,99.23,22,1.11,1820
77023,36,2012,17,0.2882,2.8723,0.6041,100.0,27,0.92,1968
77023,37,2012,18,0.3289,3.0542,0.7324,100.0,18,0.74,1739
77023,38,2012,19,422.9705,3.3624,0.6123,69.91,45,1030.1,1821
77023,39,2012,20,3.2985,1.6617,0.4065,0.0,17,1032.15,440
77023,40,2012,21,56.711,4.1779,0.7961,0.0,38,1032.39,109
77023,41,2012,22,248.9767,5.1827,0.8885,0.0,57,3225.92,109
77023,42,2012,23,6.0493,4.209,0.7963,0.0,39,1032.62,90
77023,43,2012,24,6.6081,3.8805,0.7988,0.0,29,1032.4,90
77023,44,2012,25,4.5494,3.7925,0.8504,0.0,22,1032.33,45
77023,45,2012,26,8.4144,4.2299,0.9787,0.0,20,1032.33,23
77023,46,2012,27,341.0494,3.2702,0.8001,12.5,17,1032.36,72
77023,50,2012,31,0.6309,0.65,0.65,0.0,2,1350.91,6
77023,92,2013,21,148.4297,3.1561,0.8078,0.0,15,1252.4,87
77023,93,2013,22,1.4902,2.7941,0.6836,0.0,17,1031.88,76
77023,139,2014,16,0.0,0.0,0.0,100.0,1,0.67,1
77023,151,2014,28,0.0011,0.0,0.0,0.0,1,1030.1,2
77023,155,2014,32,0.0,0.0,0.0,0.0,1,1030.1,1
77023,157,2014,34,486.8408,0.9183,0.9183,66.67,2,1031.87,3
77023,158,2014,35,0.0,0.0,0.0,100.0,1,0.62,1
77023,162,2014,39,0.0,0.0,0.0,100.0,1,0.62,1
77023,163,2014,40,0.0,0.0,0.0,100.0,1,0.24,1
77023,164,2014,41,0.0,0.0,0.0,100.0,1,0.4,1
77023,165,2014,42,225.0869,0.9183,0.9183,33.33,2,477.78,3
77023,166,2014,43,0.0,0.0,0.0,0.0,1,124.84,1
77023,168,2014,45,0.0,0.0,0.0,100.0,1,0.61,1
77023,169,2014,46,0.0,0.0,0.0,100.0,1,0.21,1
77023,170,2014,47,0.0,0.0,0.0,100.0,1,0.62,1
77023,182,2015,7,0.0,0.0,0.0,100.0,1,0.61,1
77291,8,2011,41,402.5235,3.9405,0.6879,68.06,53,920.88,2098
77291,9,2011,42,513.8003,4.1748,0.6642,42.4,78,2561.46,2547
77291,10,2011,43,0.7618,3.456,0.6451,91.71,41,5.19,2280
77291,11,2011,44,0.5361,1.7705,0.397,34.11,22,5.59,2375
77291,12,2011,45,1.13,3.1195,0.6297,91.87,31,5.57,2300
77291,13,2011,46,0.267,2.7034,0.5509,99.66,30,0.98,2907
77291,14,2011,47,421.3413,4.3498,0.6769,36.19,86,919.93,2277
77291,15,2011,48,12.1319,2.8832,0.5876,95.34,30,246.58,1909
77291,16,2011,49,0.2927,2.7501,0.6875,100.0,16,0.76,1402
77291,17,2011,50,0.1257,1.6273,0.7008,100.0,5,0.58,421
77291,18,2011,51,0.0,0.0,0.0,0.0,1,914.88,2
77291,19,2011,52,1.2471,1.8366,0.9183,0.0,4,914.87,9
77291,20,2012,1,8.9269,1.585,1.0,0.0,3,929.38,6
77291,21,2012,2,3.4315,1.5,0.9464,0.0,3,919.89,8
77291,22,2012,3,0.2837,1.8451,0.5147,97.42,12,1.18,271
77291,23,2012,4,0.5175,3.2624,0.6217,97.86,38,5.06,2714
77291,24,2012,5,0.907,3.2181,0.6274,96.86,35,5.44,2391
77291,25,2012,6,0.3877,3.4838,0.6503,96.12,41,2.25,2317
77291,26,2012,7,26.8985,3.3512,0.6297,93.56,40,1349.52,2517
77291,27,2012,8,0.3248,3.021,0.6098,100.0,31,1.08,1926
77291,28,2012,9,0.31,2.957,0.5765,98.99,35,1.08,2465
77291,29,2012,10,655.6472,4.9519,0.7686,62.65,87,1543.36,2166
77291,30,2012,11,612.6792,4.3479,0.6766,15.9,86,1543.36,2541
77291,31,2012,12,0.8538,3.4916,0.6754,96.92,36,4.82,2564
77291,32,2012,13,0.4164,3.225,0.6238,96.19,36,2.85,2443
77291,33,2012,14,457.5157,2.9336,0.6102,45.98,28,920.68,1940
77291,34,2012,15,309.4349,4.3713,0.7527,70.43,56,915.08,2127
77291,35,2012,16,0.373,3.106,0.5689,94.64,44,1.73,2498
77291,36,2012,17,0.2999,2.9013,0.5856,100.0,31,0.93,2271
77291,37,2012,18,0.8845,3.4958,0.7124,92.15,30,3.78,2191
77291,38,2012,19,85.7148,4.3135,0.8627,92.26,32,1114.04,168
77291,39,2012,20,51.4603,5.5282,0.8744,45.45,80,134.4,198
77291,40,2012,21,318.7236,4.6432,0.755,8.07,71,933.47,223
77291,41,2012,22,10.5451,4.1652,0.7995,0.0,37,926.87,127
77291,42,2012,23,8.0983,3.441,0.7012,0.0,30,929.91,131
77291,43,2012,24,57.9901,4.4347,0.7448,0.0,62,1113.35,202
77291,44,2012,25,8.7088,4.0392,0.6987,0.0,55,931.7,189
77291,45,2012,26,10.8336,4.4682,0.7475,0.0,63,931.84,220
77291,46,2012,27,413.8095,5.4763,0.8279,0.0,98,1545.68,257
77291,47,2012,28,8.9958,4.589,0.7462,0.0,71,931.1,238
77291,48,2012,29,283.6985,4.8292,0.7961,0.0,67,1043.57,175
77291,49,2012,30,10.0054,3.7802,0.7103,0.0,40,931.33,139
77291,50,2012,31,27.0483,4.3474,0.668,0.0,91,1113.91,390
77291,51,2012,32,6.9282,3.7496,0.7568,0.0,31,921.28,96
77291,53,2012,34,0.6706,3.874,0.8449,95.92,24,5.16,98
77291,54,2012,35,0.3096,2.3853,0.7951,93.94,8,1.68,33
77291,55,2012,36,0.2973,1.9658,0.7605,95.83,6,1.59,24
77291,56,2012,37,0.2,1.8879,0.944,100.0,4,0.71,12
77291,57,2012,38,0.2835,2.4801,0.6702,97.87,13,1.55,47
77291,58,2012,39,1.2713,3.0782,0.7695,90.91,16,5.0,55
77291,59,2012,40,0.2763,3.4031,0.9493,100.0,12,0.76,24
77291,60,2012,41,9.2183,2.5829,0.8148,50.0,9,19.52,22
77291,65,2012,46,0.3485,3.7413,0.7417,95.26,33,2.12,232
77291,66,2012,47,463.5637,5.139,0.82,30.8,77,926.7,263
77291,67,2012,48,0.2146,1.6076,0.5726,97.87,7,1.44,47
77291,68,2012,49,0.2108,1.2516,0.7897,83.33,3,1.08,6
77291,69,2012,50,378.7173,2.8366,0.9455,55.56,8,914.88,18
77291,70,2012,51,1.153,1.9183,0.9591,0.0,4,914.88,12
77291,72,2013,1,0.0101,0.8113,0.8113,0.0,2,914.89,8
77291,73,2013,2,1.06,0.8113,0.8113,0.0,2,914.89,4
77291,74,2013,3,0.0005,0.0,0.0,100.0,1,0.57,4
77291,76,2013,5,0.113,0.9183,0.9183,100.0,2,0.73,6
77291,77,2013,6,0.1045,0.8113,0.8113,100.0,2,0.73,4
77291,82,2013,11,0.4203,1.3788,0.8699,71.43,3,1.6,7
77291,85,2013,14,0.0386,0.9183,0.9183,100.0,2,0.64,3
77291,90,2013,19,0.3602,1.5219,0.9602,60.0,3,1.28,5
77824,8,2011,41,220.5763,2.6059,0.667,38.0,15,486.88,1192
77824,9,2011,42,187.3103,2.7683,0.5441,16.62,34,494.3,2370
77824,10,2011,43,0.2427,1.9383,0.4961,99.95,15,4.59,1865
77824,11,2011,44,0.1523,2.3838,0.5832,99.89,17,0.91,1766
77824,12,2011,45,0.134,1.329,0.3187,99.78,18,1.77,1819
77824,13,2011,46,0.3466,1.1746,0.4184,96.55,7,1.77,1712
77824,14,2011,47,30.761,2.6914,0.587,28.61,24,76.71,2195
77824,15,2011,48,0.3186,2.6886,0.5161,99.91,37,1.45,2117
77824,16,2011,49,0.2631,2.1092,0.4298,99.94,30,0.96,1630
77824,17,2011,50,148.1862,2.5144,0.416,85.38,66,494.12,2093
77824,18,2011,51,4.6044,2.6735,0.5995,0.0,22,494.24,2150
77824,19,2011,52,7.8435,2.7067,0.4682,0.0,55,509.87,2203
77824,20,2012,1,5.5844,2.1963,0.3703,0.0,61,496.02,2258
77824,21,2012,2,151.9694,3.6792,0.5562,2.13,98,2563.77,1830
77824,22,2012,3,0.1581,1.9274,0.389,99.9,31,1.13,1990
77824,23,2012,4,0.2073,2.3013,0.4562,99.78,33,1.47,1853
77824,24,2012,5,0.2942,3.0746,0.5739,98.87,41,1.56,1863
77824,25,2012,6,0.7353,3.3858,0.624,96.49,43,4.4,2308
77824,26,2012,7,0.2786,2.6929,0.5131,98.35,38,1.48,2363
77824,27,2012,8,0.3196,3.0729,0.5736,99.87,41,1.64,2382
77824,28,2012,9,0.2651,2.7109,0.5244,100.0,36,1.08,2355
77824,29,2012,10,224.5418,4.536,0.6756,64.68,105,505.27,2531
77824,30,2012,11,130.2484,3.2174,0.6046,3.05,40,501.32,853
77824,31,2012,12,0.3829,2.3472,0.5263,97.33,22,2.84,1123
77824,32,2012,13,0.2876,2.6639,0.5005,99.96,40,1.66,2460
77824,33,2012,14,63.8668,3.341,0.5833,69.86,53,151.08,2283
77824,34,2012,15,0.6435,1.2288,0.3552,95.52,11,5.21,1762
77824,35,2012,16,0.4721,2.2296,0.5707,96.74,15,1.66,1258
77824,36,2012,17,0.2752,1.1594,0.3234,99.0,12,1.66,1201
77824,37,2012,18,1.3169,2.5401,0.554,91.07,24,8.09,336
77824,38,2012,19,238.3552,4.969,0.8412,33.87,60,505.33,186
77824,39,2012,20,10.403,4.9492,0.797,0.0,74,505.35,431
77824,40,2012,21,16.0771,4.7571,0.799,0.0,62,539.85,311
77824,41,2012,22,107.0449,5.2553,0.8726,0.0,65,855.77,226
77824,42,2012,23,208.7901,3.6074,0.9019,0.0,16,855.87,38
77824,43,2012,24,24.6221,5.4382,0.903,0.0,65,505.29,211
77824,44,2012,25,116.9348,6.2878,0.8983,0.0,128,563.63,339
77824,45,2012,26,13.5559,5.6304,0.8352,0.0,107,511.59,346
77824,46,2012,27,116.1224,5.6109,0.8227,0.0,113,784.57,394
77824,47,2012,28,51.419,6.0939,0.856,0.0,139,570.86,417
77824,48,2012,29,71.0851,5.6477,0.8296,0.0,112,1044.06,424
77824,49,2012,30,87.9243,6.2388,0.8469,0.92,165,562.14,435
77824,50,2012,31,1.4485,3.4336,0.6452,81.43,40,6.38,280
77824,51,2012,32,1.2509,3.3375,0.6943,83.64,28,5.24,165
77824,52,2012,33,2.0162,5.1931,0.8903,59.24,57,7.16,157
77824,53,2012,34,0.7351,4.1218,0.8171,89.54,33,5.16,153
77824,54,2012,35,135.7853,4.4513,0.8309,79.26,41,1581.5,135
77824,55,2012,36,0.5866,4.0848,0.8029,88.0,34,2.35,100
77824,56,2012,37,0.4556,4.2441,0.8649,91.74,30,1.6,109
77824,57,2012,38,0.7731,4.6216,0.8684,84.38,40,4.46,128
77824,58,2012,39,0.4342,4.1443,0.8531,95.12,29,1.69,123
77824,59,2012,40,16.0873,4.3263,0.8817,93.0,30,115.42,100
77824,60,2012,41,0.5348,2.766,0.922,95.0,8,1.03,20
77824,61,2012,42,1.5113,2.1887,0.9426,58.33,5,5.13,12
77824,62,2012,43,0.8801,2.7391,0.6701,87.7,17,5.06,122
77824,63,2012,44,0.5726,2.7151,0.7574,86.47,12,2.72,170
77824,64,2012,45,0.4098,1.9323,0.7475,97.2,6,1.03,107
77824,65,2012,46,0.7469,2.6956,0.6739,90.24,16,5.21,164
77824,66,2012,47,153.7498,4.9039,0.7631,7.84,86,515.63,370
77824,67,2012,48,0.7246,2.2571,0.61,91.04,13,4.64,134
77824,68,2012,49,1.8072,3.2304,0.7244,78.53,22,12.46,163
77824,69,2012,50,138.7232,4.9928,0.856,8.12,57,508.27,197
77824,70,2012,51,10.7428,5.2669,0.7813,0.0,107,510.59,571
77824,71,2012,52,166.5778,5.0048,0.8193,0.0,69,505.51,307
77824,72,2013,1,304.9328,4.9212,0.7925,0.0,74,1813.06,440
77824,73,2013,2,0.0031,0.0,0.0,0.0,1,1813.06,4
78062,7,2011,40,0.3494,2.3198,0.6471,97.83,12,1.48,1428
78062,8,2011,41,1258.9013,3.4238,0.7201,76.44,27,3105.16,1906
78062,9,2011,42,1430.4843,3.5854,0.7628,24.82,26,3089.82,1857
78062,10,2011,43,0.3781,1.5083,0.4207,86.55,12,0.91,1889
78062,11,2011,44,0.4092,3.0096,0.7363,90.77,17,1.47,2036
78062,12,2011,45,0.3543,2.349,0.6012,95.71,15,1.68,1818
78062,13,2011,46,0.3245,2.4714,0.6679,100.0,13,0.77,2006
78062,14,2011,47,59.1512,2.5029,0.5791,71.84,20,139.99,1957
78062,15,2011,48,0.5645,2.4638,0.6471,84.63,14,1.49,1542
78062,16,2011,49,0.2903,1.8169,0.7029,99.66,6,1.45,878
78062,17,2011,50,1495.4606,2.9124,0.6196,56.96,26,3104.45,1113
78062,18,2011,51,440.0426,3.725,0.7262,0.0,35,3084.53,1621
78062,19,2011,52,29.328,1.3848,0.3462,0.0,16,2437.86,949
78062,20,2012,1,29.4261,3.2214,0.7026,0.0,24,3097.64,1782
78062,21,2012,2,11.5708,3.0993,0.6674,0.0,25,3109.54,947
78062,22,2012,3,0.352,2.2168,0.6673,92.15,10,0.98,1566
78062,23,2012,4,0.2867,1.8978,0.5294,97.66,12,1.47,1622
78062,24,2012,5,0.2671,1.8631,0.5035,98.86,13,0.98,2274
78062,25,2012,6,1.3521,1.6035,0.3923,92.53,17,5.11,1445
78062,26,2012,7,29.825,2.4961,0.5683,91.44,21,116.8,2172
78062,27,2012,8,0.2293,1.6765,0.6485,100.0,6,0.74,1482
78062,28,2012,9,0.4243,2.2945,0.6027,93.85,14,1.47,2048
78062,29,2012,10,1403.5755,2.9034,0.6418,64.79,23,3104.48,1903
78062,30,2012,11,620.4121,3.6945,0.6651,2.69,47,3108.54,2116
78062,31,2012,12,0.6147,2.0326,0.6412,98.27,9,4.42,1971
78062,32,2012,13,0.2569,1.5962,0.4453,97.01,12,1.07,1842
78062,33,2012,14,4.9968,2.2756,0.5689,66.77,16,12.21,1863
78062,34,2012,15,1.0773,2.3526,0.6358,93.65,13,5.21,2016
78062,35,2012,16,0.2268,1.2287,0.3876,98.84,9,1.53,2147
78062,36,2012,17,1.8235,2.3388,0.5847,90.68,16,9.97,2135
78062,37,2012,18,0.1998,1.3602,0.4291,99.21,9,1.58,382
78062,38,2012,19,1277.8434,3.4222,0.6619,58.68,36,3105.16,167
78062,39,2012,20,1402.4028,3.9203,0.7525,0.0,37,7790.31,155
78062,40,2012,21,1370.1143,2.5714,0.6167,0.0,18,6953.38,150
78062,41,2012,22,1883.7212,4.1524,0.7971,0.0,37,6884.8,168
78062,42,2012,23,50.7233,4.2862,0.7556,0.0,51,3109.54,178
78062,43,2012,24,10.8558,4.1466,0.7845,0.0,39,3109.54,178
78062,44,2012,25,46.3067,4.4142,0.8135,0.0,43,3091.63,135
78062,45,2012,26,27.2567,4.4055,0.817,0.0,42,3092.68,170
78062,46,2012,27,1545.9502,4.9133,0.8619,0.0,52,3086.4,96
78062,47,2012,28,35.9649,4.7905,0.8488,0.0,50,3091.59,141
78062,48,2012,29,9.4224,3.7753,0.8735,0.0,20,3092.67,76
78062,49,2012,30,66.0437,4.2473,0.8281,0.0,35,3084.77,110
78062,50,2012,31,148.4726,4.0354,0.8,0.0,33,3106.67,92
78062,51,2012,32,24.4869,4.7786,0.8304,0.0,54,3106.1,138
78062,52,2012,33,1176.8109,5.0618,0.888,4.95,52,3094.42,101
78062,53,2012,34,1.4416,2.3656,0.5914,82.93,16,10.0,82
78062,54,2012,35,0.3905,1.1909,0.4607,94.55,6,1.6,55
78062,55,2012,36,1.1473,2.1787,0.6077,86.46,12,5.15,96
78062,56,2012,37,0.5695,2.34,0.7044,93.88,10,2.61,49
78062,57,2012,38,0.4247,1.6576,0.5229,96.1,9,1.57,77
78062,58,2012,39,37.2937,2.5763,0.6303,78.95,17,126.66,95
78062,59,2012,40,0.3467,2.0795,0.626,97.31,10,1.52,186
78062,60,2012,41,1021.8913,3.199,0.6728,82.01,27,3091.7,239
78062,61,2012,42,24.2416,4.4896,0.7601,0.0,60,3108.51,234
78062,62,2012,43,18.6184,2.6297,0.6433,94.35,17,125.4,177
78062,63,2012,44,0.2578,2.3445,0.654,99.09,12,1.51,220
78062,64,2012,45,0.6041,2.1277,0.6712,92.31,9,2.32,78
78062,65,2012,46,1.4496,3.3678,0.8077,90.0,18,5.22,60
78062,66,2012,47,68.5281,4.1442,0.7591,39.13,44,140.74,184
78062,67,2012,48,1.2123,2.7626,0.6625,89.78,18,5.13,137
78062,68,2012,49,0.2191,1.4693,0.3859,98.0,14,1.49,200
78062,69,2012,50,1335.7506,3.7563,0.6558,58.04,53,3104.95,286
78062,70,2012,51,18.5413,5.115,0.7557,0.0,109,3105.51,441
78062,71,2012,52,1775.0002,5.084,0.7851,0.0,89,3091.65,302
78062,72,2013,1,2131.6715,5.0619,0.757,0.0,103,3104.58,615
78062,73,2013,2,783.6416,5.1182,0.7827,0.0,93,3104.99,268
78062,74,2013,3,1.5782,2.3422,0.5332,86.32,21,8.02,234
78062,75,2013,4,0.2899,2.7653,0.7078,99.55,15,0.99,220
78062,76,2013,5,0.2858,1.6907,0.4887,98.96,11,1.79,193
78062,77,2013,6,0.287,2.5462,0.6881,96.97,13,1.0,165
78062,78,2013,7,0.5789,2.6282,0.5591,90.94,26,3.65,265
78062,79,2013,8,0.2262,1.8828,0.5668,100.0,10,1.07,182
78062,80,2013,9,0.2796,1.6512,0.4606,96.54,12,1.6,231
78062,81,2013,10,1471.6751,3.9259,0.7029,59.42,48,3104.7,276
78062,82,2013,11,476.2715,3.973,0.697,0.0,52,3102.7,225
78062,83,2013,12,1.1307,1.9807,0.4952,97.17,16,8.65,212
78062,87,2013,16,0.521,3.2463,0.6682,79.67,29,1.33,241
78062,88,2013,17,0.6624,2.4429,0.6814,67.96,12,4.2,181
78062,89,2013,18,0.4108,3.0716,0.5988,92.54,35,1.46,456
78062,90,2013,19,1328.478,4.3781,0.7119,57.26,71,3106.7,379
78062,91,2013,20,504.4459,4.4438,0.7652,0.0,56,3106.19,198
78062,92,2013,21,3.0344,2.8354,0.6937,0.0,17,3084.69,80
78062,93,2013,22,4.3709,2.0464,0.8814,0.0,5,3082.37,10
78062,94,2013,23,0.2112,1.4488,0.9141,0.0,3,3082.73,7
78062,96,2013,25,0.0017,0.0,0.0,0.0,1,3082.72,4
78062,98,2013,27,0.1579,0.7219,0.7219,0.0,2,3082.72,5
78062,104,2013,33,0.0023,0.0,0.0,0.0,1,3082.72,4
78062,145,2014,22,0.2202,1.0,1.0,0.0,2,3082.71,2
78091,38,2012,19,0.0,0.0,0.0,0.0,1,2131.86,21
78091,39,2012,20,0.0617,0.3492,0.3492,0.0,2,2131.92,244
78091,40,2012,21,0.0769,0.319,0.319,0.0,2,2131.88,190
78638,7,2011,40,0.37,1.9705,0.4486,96.8,21,1.64,1375
78638,8,2011,41,141.9777,3.3194,0.538,62.52,72,332.79,2289
78638,9,2011,42,162.0163,3.8228,0.6324,44.83,66,899.92,2594
78638,10,2011,43,0.468,2.2602,0.4606,36.84,30,4.49,2310
78638,11,2011,44,3.2021,2.5429,0.4811,62.63,39,27.48,2695
78638,12,2011,45,392.4574,4.1283,0.5401,47.67,200,856.09,2425
78638,13,2011,46,7.0541,2.0776,0.4234,89.66,30,115.35,2408
78638,14,2011,47,404.2481,2.3976,0.4839,44.11,31,910.51,2011
78638,15,2011,48,0.3697,1.6075,0.4222,97.13,14,1.65,2406
78638,16,2011,49,0.7012,1.2991,0.3058,94.54,19,9.2,2088
78638,17,2011,50,141.6604,2.1261,0.3403,72.17,76,327.1,2706
78638,18,2011,51,4.4277,2.4931,0.444,0.0,49,335.4,3011
78638,19,2011,52,590.0446,3.5948,0.551,0.0,92,1546.48,2358
78638,20,2012,1,2.4077,1.8525,0.3813,0.0,29,335.39,2463
78638,21,2012,2,56.2107,2.6225,0.4696,0.0,48,335.39,2033
78638,22,2012,3,2.6993,1.6595,0.3778,93.84,21,19.22,1672
78638,26,2012,7,0.8968,3.2366,0.5795,91.78,48,5.45,2227
78638,27,2012,8,85.22,2.8305,0.4216,85.73,105,328.52,2487
78638,28,2012,9,0.8498,1.7453,0.346,94.97,33,5.43,3183
78638,29,2012,10,378.0515,2.5803,0.4424,68.78,57,912.4,2726
78638,30,2012,11,345.1855,3.582,0.5117,9.42,128,11711.28,2983
78638,31,2012,12,0.9834,1.3979,0.2704,93.29,36,8.22,3101
78638,32,2012,13,0.917,1.2139,0.2499,95.45,29,10.61,3184
78638,33,2012,14,159.0745,2.8904,0.4748,55.5,68,335.42,3070
78638,34,2012,15,48.3324,2.4953,0.3816,92.35,93,326.12,2981
78638,35,2012,16,0.6213,1.5486,0.3257,95.95,27,9.28,2938
78638,36,2012,17,0.9585,1.2986,0.2574,95.83,33,9.27,3047
78638,37,2012,18,3.1301,1.523,0.3135,96.1,29,94.52,1076
78638,38,2012,19,144.9437,4.6688,0.8231,53.3,51,334.01,182
78638,39,2012,20,115.9898,3.1629,0.4884,0.0,89,3079.6,938
78638,40,2012,21,3.6457,2.7614,0.4254,0.0,90,337.92,1256
78638,41,2012,22,1.8562,1.8001,0.5419,0.0,10,330.09,347
78638,42,2012,23,130.0518,3.4618,0.6044,0.0,53,1019.16,665
78638,43,2012,24,99.6091,4.7746,0.7531,0.0,81,836.24,507
78638,44,2012,25,2.2754,2.6411,0.4121,0.0,85,335.45,1052
78638,45,2012,26,170.2884,3.8894,0.5602,0.0,123,1759.4,963
78638,46,2012,27,158.4321,4.6539,0.6528,2.68,140,2419.44,672
78638,58,2012,39,0.5994,1.3347,0.8421,84.62,3,1.03,26
78638,59,2012,40,48.6434,2.0917,0.9008,76.92,5,115.98,26
78638,60,2012,41,0.6061,1.5262,0.9629,53.85,3,1.03,13
78638,61,2012,42,156.2387,2.4713,0.956,30.3,6,326.42,33
78638,62,2012,43,509.1775,3.1325,0.943,22.03,10,1214.18,59
78638,63,2012,44,0.8026,2.0076,0.6333,79.55,9,2.28,88
78638,64,2012,45,0.4138,1.5586,0.603,100.0,6,0.75,57
78638,65,2012,46,1.9968,2.8411,0.8963,64.44,9,5.14,45
78638,66,2012,47,2.164,1.7575,0.8787,0.0,4,326.39,17
78638,67,2012,48,0.5846,1.948,0.839,100.0,5,0.74,26
78638,68,2012,49,1.2814,3.267,0.9835,83.33,10,4.39,48
78638,69,2012,50,83.8724,1.8664,0.8038,68.97,5,331.56,29
78638,70,2012,51,10.2905,2.5546,0.9882,0.0,6,326.35,24
78638,71,2012,52,4.643,1.8262,0.9131,0.0,4,327.36,13
78638,72,2013,1,703.1915,3.5275,0.8819,0.0,16,1856.53,118
78638,73,2013,2,723.8492,3.0232,0.8739,1.72,11,1857.4,58
78638,74,2013,3,337.2571,2.086,0.807,73.47,6,842.16,49
78638,75,2013,4,414.9697,2.8243,0.9414,39.29,8,857.76,28
78638,76,2013,5,0.0017,0.0,0.0,100.0,1,0.73,20
78638,77,2013,6,0.1605,0.8684,0.5479,100.0,3,0.73,32
78638,78,2013,7,0.2418,1.6648,0.8324,100.0,4,0.74,29
78638,79,2013,8,0.3549,2.0202,0.87,87.1,5,1.0,31
78638,80,2013,9,1.9867,1.7414,0.75,82.0,5,4.99,50
78638,81,2013,10,0.0,0.0,0.0,100.0,1,0.72,2
78911,8,2011,41,56.9007,3.2939,0.5469,79.74,65,160.83,1550
78911,9,2011,42,476.0311,4.3842,0.5678,31.82,211,10668.84,2055
78911,10,2011,43,0.2841,3.4354,0.5942,94.24,55,0.98,2396
78911,11,2011,44,0.2459,3.1379,0.5714,96.71,45,0.92,2708
78911,12,2011,45,168.0111,2.9567,0.5162,81.42,53,2950.48,2460
78911,13,2011,46,0.2927,3.5363,0.6174,97.04,53,1.54,2467
78911,14,2011,47,76.0443,4.1636,0.5799,37.63,145,166.45,1762
78911,15,2011,48,0.2646,2.8017,0.5264,91.65,40,0.98,2322
78911,16,2011,49,0.2708,2.6822,0.6432,89.65,18,0.9,2571
78911,17,2011,50,66.3415,2.9034,0.6963,73.81,18,157.41,2314
78911,18,2011,51,4.1519,2.2785,0.6859,0.0,10,163.91,1199
78911,19,2011,52,5.3805,1.9009,0.5997,0.0,9,163.73,1591
78911,20,2012,1,65.435,1.3513,0.8526,0.0,3,157.44,1582
78911,21,2012,2,402.7097,4.0237,0.7845,0.0,35,1142.08,2874
78911,22,2012,3,50.9017,1.0152,0.3056,96.69,10,284.65,3024
78911,23,2012,4,0.2185,1.318,0.5676,100.0,5,0.69,2495
78911,24,2012,5,0.0604,0.3079,0.1539,100.0,4,0.74,3362
78911,25,2012,6,0.3761,1.9086,0.5324,96.07,12,1.11,3154
78911,26,2012,7,0.0093,0.0058,0.0058,100.0,2,0.74,2162
78911,27,2012,8,0.3436,0.7097,0.3057,96.05,5,1.12,2331
78911,28,2012,9,0.0339,0.2597,0.1638,100.0,3,0.74,2564
78911,29,2012,10,73.9524,1.6107,0.4493,65.33,12,157.43,2818
78911,30,2012,11,59.6615,2.1776,0.6555,5.19,10,163.4,3178
78911,31,2012,12,0.3364,2.5182,0.7279,100.0,11,0.74,3326
78911,32,2012,13,0.3147,2.0633,0.735,100.0,7,0.75,3137
78911,33,2012,14,75.5064,2.7692,0.7484,44.22,13,157.43,3164
78911,34,2012,15,50.2531,3.2483,0.7947,82.46,17,157.41,3335
78911,35,2012,16,0.3132,3.1004,0.7751,100.0,16,0.74,3037
78911,36,2012,17,0.3369,2.2118,0.553,100.0,16,0.74,3145
78911,37,2012,18,0.2755,2.2513,0.8709,100.0,6,0.74,2952
78911,38,2012,19,0.1825,1.4492,0.9143,100.0,3,0.74,3082
78911,39,2012,20,24.02,1.4821,0.5279,83.9,7,110.71,2422
78911,40,2012,21,24.6315,1.6347,0.3666,0.0,22,160.91,1204
78911,41,2012,22,89.9419,2.7082,0.6771,0.0,16,610.68,211
78911,42,2012,23,1.0873,2.4337,0.7035,0.0,11,159.59,84
78911,43,2012,24,6.2376,3.2824,0.7727,0.0,19,161.01,132
78911,44,2012,25,3.7982,3.6719,0.7907,0.0,25,163.82,76
78911,45,2012,26,6.0301,3.6506,0.6572,0.0,47,167.16,250
78911,46,2012,27,1.8592,2.5928,0.8179,0.0,9,169.66,59
78911,47,2012,28,7.3135,3.1692,0.6742,0.0,26,161.42,167
78911,48,2012,29,21.6981,4.7943,0.8452,0.0,51,163.43,191
78911,49,2012,30,3.7617,3.6873,0.6882,0.0,41,169.63,254
78911,50,2012,31,46.3674,4.3521,0.8354,0.0,37,217.88,124
78911,51,2012,32,40.1507,3.2173,0.8235,0.0,15,214.03,67
78911,52,2012,33,4.0696,2.568,0.8101,0.0,9,161.45,24
78911,53,2012,34,10.4154,3.9247,0.8164,84.81,28,43.75,79
78911,54,2012,35,0.3767,3.4491,0.798,95.65,20,1.01,69
78911,55,2012,36,1.0238,4.574,0.8482,79.56,42,4.41,137
78911,56,2012,37,0.3719,3.3721,0.7938,96.74,19,1.03,92
78911,57,2012,38,0.1628,1.8703,0.8055,100.0,5,0.73,14
78911,59,2012,40,0.4414,2.6566,0.9463,93.33,7,0.93,15
78911,60,2012,41,48.9863,4.5081,0.9016,63.33,32,158.11,60
78911,61,2012,42,77.9989,4.0714,0.8071,50.52,33,158.11,194
78911,62,2012,43,0.3556,3.6174,0.779,94.08,25,1.53,152
78911,63,2012,44,0.3479,3.0074,0.7698,88.73,15,1.45,71
78911,64,2012,45,0.2725,2.5929,0.9236,100.0,7,0.74,23
78911,65,2012,46,11.8797,4.1421,0.7893,87.56,38,106.34,201
78911,66,2012,47,11.7218,2.5583,0.7136,0.0,12,158.52,73
78911,67,2012,48,48.5528,4.722,0.841,76.67,49,157.41,120
78911,68,2012,49,0.3109,3.3114,0.8279,97.94,16,1.45,97
78911,69,2012,50,64.2672,4.7484,0.8176,68.62,56,158.65,239
78911,70,2012,51,0.276,1.75,0.875,0.0,4,157.5,8
78911,71,2012,52,0.3069,1.4041,0.8859,0.0,3,157.45,31
78911,73,2013,2,141.8793,3.6292,0.9532,0.0,14,883.43,22
78911,75,2013,4,0.3014,3.1129,0.6882,98.91,23,1.0,92
78911,76,2013,5,0.3085,3.6058,0.8086,98.57,22,0.92,70
78911,77,2013,6,0.4389,4.334,0.8259,89.11,38,1.79,248
78911,78,2013,7,0.4853,3.6901,0.7448,93.97,31,2.36,199
78911,79,2013,8,0.4546,3.7012,0.7784,83.87,27,2.75,124
78911,80,2013,9,0.3515,3.8426,0.7685,94.98,32,2.76,239
78911,81,2013,10,0.6698,3.705,0.7978,97.11,25,5.07,173
78911,82,2013,11,57.3609,3.7191,0.834,73.91,22,157.99,69
78911,83,2013,12,0.3338,3.6676,0.8224,98.28,22,1.49,116
78911,84,2013,13,0.1217,1.7819,0.891,100.0,4,0.74,15
78911,85,2013,14,0.2645,1.9046,0.6349,91.43,8,1.08,35
78911,86,2013,15,0.6048,3.5921,0.7941,69.23,23,1.16,182
78911,87,2013,16,0.3348,3.2309,0.8486,93.22,14,1.33,59
78911,88,2013,17,0.4102,1.9491,0.754,100.0,6,0.98,18
78911,89,2013,18,22.2214,2.5429,0.6357,90.68,16,117.45,161
78911,90,2013,19,0.4947,2.4939,0.5871,95.58,19,7.34,249
78911,91,2013,20,4.5851,4.6277,0.8331,71.81,47,36.84,259
78911,92,2013,21,51.1482,2.9171,0.5834,6.97,32,160.46,201
78911,93,2013,22,0.0,0.0,0.0,0.0,1,156.94,37
78911,94,2013,23,1.3275,3.9009,0.7874,28.18,31,7.1,181
78911,95,2013,24,0.6438,2.7336,0.7902,57.89,11,1.75,57
78911,96,2013,25,0.6341,2.2586,0.7529,66.67,8,1.68,21
78911,97,2013,26,1.7371,3.8447,0.6961,12.38,46,5.79,202
78911,98,2013,27,0.0,0.0,0.0,0.0,1,1.45,11
78911,99,2013,28,59.3392,5.7301,0.9318,4.42,71,149.28,113
78911,100,2013,29,1.2422,2.6973,0.635,27.56,19,7.31,127
78911,101,2013,30,0.6273,2.3553,0.657,38.17,12,1.72,131
78911,102,2013,31,0.9041,2.6665,0.6825,19.62,15,4.22,158
78911,103,2013,32,75.3589,2.8542,0.6845,10.22,18,157.43,137
78911,104,2013,33,4.52,3.4815,0.6377,0.0,44,164.97,232
78911,105,2013,34,76.8008,4.3101,0.7422,35.61,56,158.12,278
78911,106,2013,35,500.9537,1.783,0.4564,0.0,15,6640.64,546
78911,107,2013,36,0.0107,0.0,0.0,0.0,1,5821.93,4
78911,108,2013,37,0.3376,1.5546,0.7773,0.0,4,5821.94,15
78911,109,2013,38,0.1897,1.585,1.0,0.0,3,5821.93,3
78911,112,2013,41,0.0,0.0,0.0,0.0,1,5821.94,6
78911,113,2013,42,0.0194,1.0,1.0,0.0,2,5821.94,4
78911,118,2013,47,0.0007,0.0,0.0,0.0,1,5821.94,22
78911,119,2013,48,2.0931,1.529,0.7645,0.0,4,5821.94,22
78911,120,2013,49,0.0058,0.0,0.0,0.0,1,5821.94,14
78911,122,2013,51,0.0005,0.0,0.0,0.0,1,140.1,2
78911,123,2013,52,4.7649,2.7734,0.5652,0.0,30,161.1,246
78911,124,2014,1,49.0387,3.2579,0.6852,0.0,27,163.79,148
78911,125,2014,2,163.4436,4.1012,0.8358,1.82,30,725.9,55
78911,126,2014,3,0.4905,2.9411,0.7196,72.06,17,1.54,68
78911,127,2014,4,1.0088,3.491,0.7828,47.55,22,4.52,143
78911,128,2014,5,1.0221,3.2905,0.805,54.63,17,4.14,108
78911,129,2014,6,0.794,4.4498,0.8151,72.02,44,4.19,243
78911,130,2014,7,0.5222,2.9173,0.6542,84.0,22,2.15,125
78911,131,2014,8,0.589,4.1006,0.7511,77.63,44,3.82,304
78911,132,2014,9,0.4782,3.6543,0.7602,86.05,28,1.56,172
78911,133,2014,10,702.0413,5.4101,0.8797,48.6,71,1761.33,179
78911,134,2014,11,535.5406,3.1993,0.6655,6.42,28,1856.19,109
78911,135,2014,12,1.2151,3.9601,0.8637,67.65,24,4.65,136
78911,136,2014,13,0.7318,4.0536,0.7903,81.12,35,4.23,196
78911,137,2014,14,1.0922,3.6307,0.8142,63.33,22,4.23,150
78911,138,2014,15,0.6938,3.2427,0.7168,79.07,23,4.63,172
78911,139,2014,16,62.4286,4.3851,0.8851,48.57,31,158.16,175
78911,140,2014,17,55.0318,3.9646,0.8537,69.57,25,157.43,161
78911,141,2014,18,31.4538,3.8681,0.7883,66.67,30,117.24,126
78911,142,2014,19,0.696,3.0554,0.7069,86.41,20,4.23,206
78911,143,2014,20,0.8783,4.2504,0.8042,84.96,39,5.6,246
78911,144,2014,21,3681.0245,2.1579,0.7687,65.38,7,7474.69,26
78911,145,2014,22,52.6481,4.636,0.7914,52.1,58,118.06,167
78911,146,2014,23,0.5215,2.2302,0.7035,85.48,9,1.73,62
78911,147,2014,24,0.5183,1.8395,0.4708,88.46,15,1.73,104
78911,148,2014,25,1.0796,2.8935,0.6695,73.55,20,4.99,121
78911,149,2014,26,1.3501,3.0406,0.7158,77.67,19,4.99,103
78911,150,2014,27,41.969,3.46,0.6458,67.87,41,157.42,249
78911,151,2014,28,0.5467,2.2491,0.6274,82.09,12,1.74,67
78911,152,2014,29,55.3734,4.2727,0.7391,53.85,55,116.84,221
78911,153,2014,30,202.7646,3.4263,0.7928,41.53,20,409.86,183
78911,154,2014,31,110.5659,3.6712,0.7721,21.54,27,335.41,130
78911,155,2014,32,3.3112,2.2516,0.871,0.0,6,158.58,12
78911,156,2014,33,6.8061,2.281,0.5991,0.0,14,165.66,101
78911,157,2014,34,78.3798,3.7995,0.7092,50.44,41,165.4,226
78911,158,2014,35,0.2068,1.9471,0.5431,95.12,12,1.38,82
78911,159,2014,36,0.4854,3.325,0.6776,82.21,30,1.69,208
78911,160,2014,37,0.3696,0.8422,0.3627,96.0,5,2.86,50
78911,161,2014,38,0.7186,2.6914,0.8102,82.61,10,1.22,23
78911,162,2014,39,0.7213,4.2401,0.8406,77.4,33,1.8,146
78911,163,2014,40,0.6764,4.0626,0.7985,60.92,34,3.5,174
78911,164,2014,41,1.9901,4.2563,0.9055,51.11,26,5.12,90
78911,165,2014,42,0.4808,3.214,0.8035,71.43,16,1.71,56
78966,7,2011,40,0.5399,1.7481,0.5827,84.45,8,1.58,1839
78966,8,2011,41,269.9564,2.6896,0.5481,67.11,30,595.81,2314
78966,9,2011,42,242.7311,1.9131,0.4355,18.53,21,595.81,2510
78966,10,2011,43,0.3144,2.5717,0.695,97.74,13,0.95,2305
78966,11,2011,44,0.1603,0.7292,0.2821,99.7,6,1.66,2303
78966,12,2011,45,0.2057,1.6029,0.571,100.0,7,0.74,2716
78966,13,2011,46,0.4475,1.4721,0.5695,71.49,6,1.23,2501
78966,14,2011,47,267.2618,2.9783,0.5904,28.86,33,609.59,2516
78966,15,2011,48,0.2655,1.9483,0.6494,100.0,8,0.74,2434
78966,16,2011,49,0.1649,1.9688,0.5321,99.21,13,1.15,1762
78966,17,2011,50,218.7855,2.1963,0.5622,16.22,15,569.79,1523
78966,18,2011,51,11.2328,2.058,0.686,0.0,8,596.25,1830
78966,19,2011,52,27.1841,2.242,0.6749,0.0,10,609.63,1837
78966,20,2012,1,20.1872,1.7115,0.7371,0.0,5,596.42,1196
78966,21,2012,2,59.8439,1.5694,0.4537,0.0,11,608.84,2264
78966,22,2012,3,0.3157,3.0166,0.8152,99.88,13,4.46,2451
78966,23,2012,4,0.4336,2.3323,0.7774,77.72,8,1.52,2038
78966,24,2012,5,0.4367,2.0659,0.7992,99.53,6,1.2,1690
78966,25,2012,6,0.8779,1.7391,0.6728,96.83,6,4.6,1735
78966,26,2012,7,0.1549,0.637,0.2743,100.0,5,0.58,1203
78966,27,2012,8,0.377,2.2651,0.8069,100.0,7,0.93,1626
78966,28,2012,9,0.1035,1.6176,0.6966,98.29,5,0.9,1812
78966,29,2012,10,0.2051,0.9548,0.6024,100.0,3,0.73,209
78966,30,2012,11,80.1064,2.9033,0.6718,0.0,20,595.81,2069
78966,31,2012,12,0.2235,1.9761,0.8511,100.0,5,0.73,1245
78966,32,2012,13,0.0591,0.5365,0.2682,100.0,4,0.58,629
78966,33,2012,14,289.0613,2.4147,0.698,44.34,11,597.19,918
78966,34,2012,15,220.7507,2.1293,0.6717,80.74,9,595.8,2363
78966,35,2012,16,0.7213,1.3594,0.393,95.25,11,5.1,1664
78966,36,2012,17,0.4198,2.4321,0.8663,100.0,7,0.68,1141
78966,37,2012,18,0.358,2.2927,0.5068,97.0,23,2.98,500
78966,38,2012,19,268.5392,3.5822,0.7164,68.54,32,596.34,321
78966,39,2012,20,4.962,2.5886,0.5444,0.0,27,596.68,162
78966,40,2012,21,1.1024,1.9674,0.6206,0.0,9,597.6,123
78966,41,2012,22,3.0883,2.6023,0.5413,0.0,28,597.6,338
78966,42,2012,23,10.54,3.0355,0.5784,0.0,38,597.62,451
78966,43,2012,24,27.5138,2.3275,0.5479,0.0,19,824.82,435
78966,44,2012,25,11.2199,2.9357,0.5444,0.0,42,609.73,425
78966,45,2012,26,3.4934,2.7254,0.5501,0.0,31,597.62,315
78966,46,2012,27,14.2043,2.7125,0.6083,0.0,22,597.7,188
78966,47,2012,28,2.1967,2.76,0.6386,0.0,20,597.73,149
78966,48,2012,29,4.7145,2.8407,0.7677,0.0,13,597.61,84
78966,49,2012,30,11.7955,3.1489,0.619,0.0,34,597.61,245
78966,50,2012,31,214.0351,3.3407,0.8011,0.0,18,1020.24,101
78966,51,2012,32,0.8552,3.5067,0.921,0.0,14,1020.3,36
78966,54,2012,35,0.5385,3.4446,0.8261,94.74,18,2.77,76
78966,55,2012,36,0.3459,2.5617,0.6923,100.0,13,0.75,75
78966,56,2012,37,0.2718,3.4859,0.836,100.0,18,0.81,61
78966,57,2012,38,0.3561,3.0332,0.7583,100.0,16,0.95,63
78966,58,2012,39,0.275,2.9651,0.8271,100.0,12,0.73,28
78966,59,2012,40,0.1648,1.9418,0.5613,100.0,11,0.76,135
78966,60,2012,41,159.9055,3.6952,0.7093,88.21,37,596.39,280
78966,61,2012,42,193.4513,5.0844,0.8089,9.76,78,596.46,246
78966,62,2012,43,0.3245,3.4121,0.7259,99.59,26,2.57,246
78966,63,2012,44,8.8502,3.465,0.6811,84.53,34,37.11,181
78966,64,2012,45,0.304,2.8551,0.6312,100.0,23,0.75,200
78966,65,2012,46,0.0966,0.8476,0.4238,100.0,4,0.74,20
78966,66,2012,47,178.7176,5.1496,0.81,5.86,82,596.5,256
78966,67,2012,48,0.2647,3.1959,0.7065,99.48,23,0.95,193
78966,68,2012,49,0.0633,0.2918,0.2918,100.0,2,0.74,39
78966,69,2012,50,280.0875,4.1795,0.8359,48.7,32,600.42,115
78966,70,2012,51,18.6422,3.938,0.6978,0.0,50,596.52,320
78966,71,2012,52,14.7523,3.4382,0.7152,0.0,28,596.83,145
78966,72,2013,1,2.8224,2.7293,0.6315,0.0,20,600.45,128
78966,85,2013,14,0.5704,1.7103,0.8552,92.0,4,1.37,25
78966,86,2013,15,25.9968,4.4121,0.8034,44.44,45,63.0,144
78966,87,2013,16,0.1806,2.8713,0.7542,98.91,14,1.09,92
78966,88,2013,17,0.6,3.5351,0.6892,92.8,35,5.04,389
78966,89,2013,18,78.9097,3.7582,0.7818,95.63,28,540.02,229
78966,90,2013,19,278.7022,4.0278,0.6999,54.69,54,596.57,245
78966,91,2013,20,10.3649,3.1364,0.6218,0.0,33,596.18,324
78966,106,2013,35,0.245,3.3726,0.8858,98.41,14,0.91,63
78966,107,2013,36,0.3215,3.3146,0.8287,94.44,16,1.26,90
78966,108,2013,37,0.3701,3.8871,0.8478,90.77,24,1.69,130
78966,109,2013,38,0.428,3.7018,0.7785,89.92,27,1.31,119
78966,110,2013,39,0.3208,4.0924,0.8113,93.59,33,1.28,156
78966,111,2013,40,0.4718,3.8755,0.8062,92.47,28,1.27,93
78966,112,2013,41,0.5459,3.9945,0.9094,86.89,21,1.5,61
78966,113,2013,42,129.4692,3.9471,0.8211,66.67,28,458.71,75
78966,114,2013,43,99.8524,3.3203,0.6526,1.25,34,596.49,240
78966,115,2013,44,111.1652,4.418,0.8092,67.42,44,312.25,132
78966,116,2013,45,0.3453,3.3991,0.8498,97.06,16,1.28,68
78966,117,2013,46,0.4322,4.2276,0.831,88.77,34,1.71,187
78966,118,2013,47,0.3484,3.4027,0.8507,94.83,16,0.9,58
78966,119,2013,48,161.5276,4.5234,0.7568,3.2,63,596.16,125
78966,120,2013,49,0.7801,3.7103,0.7803,97.71,27,4.55,131
78966,121,2013,50,0.8263,3.4095,0.7342,92.31,25,4.32,156
78966,122,2013,51,262.5803,4.4397,0.8342,61.9,40,596.09,126
78966,123,2013,52,16.1962,3.195,0.618,0.0,36,597.72,192
78966,124,2014,1,5.3518,2.2331,0.487,0.0,24,597.75,111
78966,125,2014,2,226.3912,2.8248,0.6161,7.02,24,596.63,114
78966,126,2014,3,0.3305,3.5579,0.8704,88.37,17,1.31,43
78966,128,2014,5,0.3774,2.6738,0.6685,96.83,16,1.1,63
78966,129,2014,6,0.2764,2.7323,0.7176,100.0,14,0.59,104
78966,130,2014,7,1.7892,2.9676,0.8019,87.5,13,5.34,56
78966,131,2014,8,0.7349,3.118,0.734,95.73,19,4.28,117
78966,132,2014,9,0.6629,2.0826,0.5628,99.27,13,7.3,137
78966,133,2014,10,228.4704,4.0357,0.7868,73.46,35,595.82,162
78966,134,2014,11,68.9965,2.8105,0.6213,0.0,23,596.5,100
78966,135,2014,12,0.3111,2.6737,0.6412,98.73,18,0.92,157
78966,136,2014,13,0.2976,3.1332,0.7514,98.36,18,1.36,122
78966,140,2014,17,0.0015,0.0,0.0,100.0,1,0.57,2
78966,141,2014,18,0.0,0.0,0.0,100.0,1,0.57,1
78966,160,2014,37,0.0,0.0,0.0,100.0,1,0.62,1
78966,175,2014,52,0.0,0.0,0.0,0.0,1,595.79,1
79877,10,2011,43,1.1883,2.3228,0.6992,84.34,10,3.15,1347
79877,11,2011,44,0.2455,2.1263,0.4701,99.87,23,1.05,2228
79877,12,2011,45,1.102,0.7981,0.2043,92.82,15,5.0,1965
79877,13,2011,46,1.6253,1.4636,0.7318,84.03,4,4.6,2173
79877,14,2011,47,0.2258,1.768,0.6839,100.0,6,0.65,2500
79877,15,2011,48,0.4335,2.0765,0.6922,100.0,8,0.77,1327
79877,16,2011,49,0.2241,1.183,0.4576,100.0,6,0.76,898
79877,17,2011,50,237.6401,1.8797,0.593,44.16,9,499.74,1499
79877,18,2011,51,10.2434,2.0368,0.4884,0.0,18,506.33,2740
79877,19,2011,52,0.9115,0.8872,0.316,0.0,7,500.04,2598
79877,20,2012,1,6.3649,0.7289,0.1822,0.0,16,511.02,2526
79877,21,2012,2,58.3032,1.1696,0.3161,0.0,13,511.02,1783
79877,22,2012,3,0.4977,1.905,0.4876,97.97,15,5.05,1327
79877,23,2012,4,0.2213,1.2864,0.4058,100.0,9,0.74,2084
79877,24,2012,5,0.3226,1.4022,0.4221,98.71,10,1.46,1709
79877,25,2012,6,0.7749,1.7673,0.4524,93.55,15,4.6,2853
79877,26,2012,7,0.2935,1.9568,0.5009,98.82,15,1.14,2716
79877,27,2012,8,0.2242,1.2229,0.3305,99.37,13,1.49,2843
79877,28,2012,9,0.2865,1.7085,0.4487,98.89,14,1.62,2524
79877,29,2012,10,235.8399,2.6144,0.5438,59.4,28,499.72,2500
79877,30,2012,11,25.5754,2.0883,0.4616,0.0,23,529.33,2973
79877,31,2012,12,0.244,1.6724,0.4519,99.2,13,1.16,2122
79877,32,2012,13,0.1104,1.3798,0.5338,100.0,6,0.48,1729
79877,33,2012,14,0.2092,1.2151,0.4701,100.0,6,0.75,2234
79877,34,2012,15,0.3191,2.5452,0.8029,100.0,9,0.73,1606
79877,35,2012,16,0.2415,2.3466,0.6546,100.0,12,0.74,1539
79877,36,2012,17,0.2229,1.7621,0.4077,99.96,20,1.53,2846
79877,37,2012,18,0.2863,0.8907,0.2227,96.88,16,1.68,576
79877,38,2012,19,65.9335,2.3336,0.4854,87.37,28,220.27,198
79877,39,2012,20,113.8338,4.9612,0.7587,0.0,93,414.25,273
79877,40,2012,21,12.82,1.6888,0.4323,0.0,15,501.99,204
79877,41,2012,22,8.0825,2.9663,0.6983,0.0,19,507.09,200
79877,42,2012,23,1.9803,3.1718,0.683,0.0,25,506.22,259
79877,43,2012,24,1.7069,2.1865,0.5466,0.0,16,500.04,226
79877,44,2012,25,4.023,1.7151,0.5717,0.0,8,506.26,113
79877,45,2012,26,1346.3003,4.3704,0.7784,0.0,49,2901.97,187
79877,46,2012,27,18.1845,3.8673,0.7084,0.0,44,2895.26,171
79877,47,2012,28,18.182,4.1556,0.7757,0.0,41,2900.38,138
79877,48,2012,29,1260.9218,4.3014,0.7832,0.0,45,2897.43,124
79877,49,2012,30,1.5421,1.8974,0.5128,0.0,13,500.03,176
79877,50,2012,31,225.8921,4.5819,0.7637,1.74,64,500.08,172
79877,51,2012,32,52.8472,3.9995,0.7677,0.0,37,112.09,184
79877,52,2012,33,134.1156,4.6979,0.8554,40.2,45,500.02,102
79877,53,2012,34,5.1479,2.9311,0.6164,77.85,27,29.07,149
79877,54,2012,35,0.7228,2.2997,0.5157,92.66,22,4.21,177
79877,55,2012,36,0.4591,1.4448,0.4558,96.49,9,1.72,114
79877,56,2012,37,0.3503,1.2529,0.4847,100.0,6,1.1,88
79877,57,2012,38,1.2096,2.5126,0.6026,89.81,18,5.36,108
79877,58,2012,39,0.3691,2.0778,0.6255,100.0,10,1.06,69
79877,59,2012,40,0.2225,0.9665,0.4163,100.0,5,0.76,95
79877,60,2012,41,346.6108,5.3499,0.7668,49.06,126,1038.49,373
79877,61,2012,42,598.3568,6.0653,0.8304,16.7,158,1257.61,437
79877,62,2012,43,0.4684,2.2655,0.5799,94.38,15,3.34,178
79877,63,2012,44,103.7448,5.545,0.7691,40.0,148,252.8,430
79877,65,2012,46,128.3777,2.1011,0.5678,74.79,13,476.16,238
79877,66,2012,47,140.0289,2.6577,0.6373,3.95,18,500.09,152
79877,67,2012,48,5.2604,0.8909,0.297,97.57,8,82.87,247
79877,68,2012,49,0.1022,0.2934,0.1851,100.0,3,0.39,339
79877,69,2012,50,219.6673,1.6354,0.7043,73.83,5,501.3,149
79877,70,2012,51,3.1501,2.0613,0.5276,0.0,15,502.29,210
79877,72,2013,1,1.2795,1.685,0.5617,0.0,8,500.05,307
79877,73,2013,2,13.9369,2.1411,0.5353,0.0,16,511.89,210
79877,74,2013,3,0.6145,1.7452,0.5817,97.95,8,4.58,195
79877,75,2013,4,0.3777,2.2685,0.613,97.2,13,1.53,286
79877,76,2013,5,0.2015,0.2993,0.2993,100.0,2,0.79,245
79877,77,2013,6,0.4098,1.9098,0.6803,100.0,7,0.84,297
79877,78,2013,7,327.2015,2.8765,0.8659,90.06,10,5876.8,322
79877,79,2013,8,646.6459,2.1436,0.7636,98.78,7,5876.8,82
79877,80,2013,9,49.9019,1.9013,0.5496,75.93,11,116.94,378
79877,81,2013,10,122.9612,2.5673,0.5757,82.82,22,500.02,291
79877,82,2013,11,163.8614,2.6098,0.5852,8.91,22,500.5,460
79877,83,2013,12,0.2385,2.2833,0.5997,100.0,14,0.8,264
79877,84,2013,13,0.318,0.8129,0.4065,97.17,4,1.58,318
79877,85,2013,14,0.7118,1.8024,0.9012,41.67,4,1.51,72
79877,86,2013,15,0.1958,0.5819,0.2251,96.8,6,1.13,125
79877,87,2013,16,0.2132,0.4245,0.2122,96.18,4,1.09,157
79877,88,2013,17,0.1021,0.2911,0.1456,100.0,4,0.97,326
79877,90,2013,19,0.2108,0.5286,0.2643,100.0,4,0.94,80
80058,7,2011,40,0.8489,1.8396,0.5318,82.83,11,2.9,1054
80058,8,2011,41,101.3791,2.912,0.5994,71.16,29,244.28,2635
80058,9,2011,42,52.1449,2.4338,0.5837,17.57,18,143.07,2299
80058,10,2011,43,0.4347,2.4759,0.54,97.44,24,5.19,2655
80058,11,2011,44,159.9074,3.2013,0.7288,75.63,21,402.71,2433
80058,12,2011,45,83.0166,2.8008,0.5194,75.58,42,1589.19,2191
80058,13,2011,46,26.089,2.376,0.471,86.95,33,150.75,2582
80058,14,2011,47,65.3192,3.7203,0.7313,32.78,34,143.07,2636
80058,15,2011,48,0.8031,2.092,0.5495,91.38,14,2.97,3203
80058,16,2011,49,63.709,2.0799,0.4896,64.37,19,143.59,2551
80058,17,2011,50,62.8609,2.7809,0.7118,61.09,15,143.58,2778
80058,18,2011,51,3.1281,2.5627,0.6731,0.0,14,143.61,2174
80058,19,2011,52,8.182,3.1046,0.7445,0.0,18,143.61,2876
80058,20,2012,1,13.5597,2.8709,0.754,0.0,14,143.63,2954
80058,21,2012,2,23.0947,1.3842,0.3635,0.11,14,143.63,2708
80058,22,2012,3,0.597,2.4696,0.7139,90.22,11,2.54,3047
80058,23,2012,4,2.8544,2.153,0.6224,96.92,11,142.61,2563
80058,24,2012,5,58.1672,2.851,0.6597,68.0,20,143.63,2478
80058,25,2012,6,26.0656,1.9677,0.5168,92.15,14,135.72,2358
80058,26,2012,7,13.317,2.5346,0.707,88.24,12,160.88,2654
80058,27,2012,8,344.901,2.9863,0.6799,71.21,21,781.0,1924
80058,28,2012,9,150.5628,1.4925,0.3731,90.34,16,755.51,2826
80058,29,2012,10,485.164,3.2283,0.7137,76.74,23,1315.85,2377
80058,30,2012,11,47.3456,1.6503,0.3757,0.0,21,1315.85,2153
80058,31,2012,12,163.0249,2.2293,0.4999,73.09,22,778.5,2895
80058,32,2012,13,68.204,2.322,0.5805,38.19,16,154.08,2998
80058,33,2012,14,64.1325,3.1713,0.7928,60.07,16,154.08,3030
80058,34,2012,15,109.2803,2.4733,0.6331,65.89,15,215.76,2750
80058,35,2012,16,25.6798,2.2007,0.6139,91.77,12,215.76,2927
80058,36,2012,17,72.3211,2.8299,0.5517,59.64,35,163.34,2634
80058,37,2012,18,0.4562,2.1887,0.6327,98.83,11,4.38,1795
80058,38,2012,19,0.9526,1.9271,0.4715,93.75,17,5.15,256
80058,39,2012,20,3.9268,2.7814,0.585,75.66,27,31.79,189
80058,40,2012,21,6.4895,3.6145,0.6991,0.0,36,143.31,290
80058,41,2012,22,23.348,3.8551,0.9245,0.0,18,150.17,48
80058,42,2012,23,2.8637,2.8747,0.8654,0.0,10,141.21,52
80058,43,2012,24,7.1627,2.7356,0.7393,0.0,13,139.14,44
80058,44,2012,25,6.2403,2.3354,0.6751,0.0,11,148.52,45
80058,45,2012,26,5.7639,1.9406,0.6913,0.0,7,139.15,29
80058,46,2012,27,12.2088,1.0,1.0,0.0,2,138.53,6
80058,47,2012,28,16.7422,3.1518,0.8792,0.0,12,139.34,26
80058,48,2012,29,47.4134,2.5567,0.989,0.0,6,143.38,14
80058,49,2012,30,25.9877,0.3712,0.3712,0.0,2,346.99,28
80058,50,2012,31,18.5885,2.5739,0.858,0.0,8,143.66,29
80058,51,2012,32,2.4367,1.9403,0.7506,0.0,6,139.29,30
80058,52,2012,33,63.7491,2.4205,0.8622,48.0,7,135.66,25
80058,53,2012,34,0.1645,1.2249,0.6125,100.0,4,0.72,34
80058,54,2012,35,0.6395,1.6278,0.6297,86.96,6,1.65,23
80058,55,2012,36,1.2101,2.515,0.8383,64.52,8,2.98,31
80058,56,2012,37,1.0299,2.1418,0.9224,63.16,5,2.02,19
80058,57,2012,38,0.7367,2.1943,0.7816,81.58,7,1.7,38
80058,58,2012,39,0.347,1.8424,0.9212,100.0,4,0.79,7
80058,59,2012,40,1.3099,2.0917,0.7451,85.42,7,4.63,48
80058,60,2012,41,1.0155,1.2162,0.4705,81.58,6,2.98,38
80058,61,2012,42,28.7561,3.4508,0.8833,4.41,15,143.5,68
80058,62,2012,43,0.6031,3.3372,0.9647,64.71,11,1.56,17
80058,63,2012,44,0.7596,3.107,0.8981,85.96,11,3.16,57
80058,64,2012,45,0.1658,1.4112,0.6078,100.0,5,0.51,21
80058,65,2012,46,62.0573,1.3561,0.584,91.11,5,301.4,45
80058,66,2012,47,44.653,2.4678,0.879,12.5,7,135.73,24
80058,67,2012,48,0.2877,2.4075,0.7247,90.38,10,1.03,52
80058,68,2012,49,59.8804,2.4909,0.7858,67.86,9,137.69,28
80058,69,2012,50,65.5324,3.744,0.916,29.09,17,139.19,55
80058,70,2012,51,3.3844,2.6292,0.8764,0.0,8,142.3,22
80058,71,2012,52,3.3062,3.1545,0.9119,0.0,11,142.39,38
80058,72,2013,1,2.1199,2.7427,0.8652,0.0,9,139.4,53
80058,73,2013,2,45.4621,5.1544,0.8225,9.72,77,149.99,216
80058,74,2013,3,0.8236,2.5572,0.5577,86.45,24,3.11,369
80058,75,2013,4,0.4061,3.2501,0.6761,96.85,28,1.72,444
80058,76,2013,5,0.8647,2.672,0.629,90.15,19,5.07,274
80058,77,2013,6,0.9314,3.5242,0.7114,81.45,31,3.05,399
80058,78,2013,7,0.9594,2.9552,0.6957,81.31,19,3.02,412
80058,79,2013,8,12.6345,3.3064,0.6499,76.14,34,112.9,373
80058,80,2013,9,213.5042,3.9407,0.6408,62.13,71,495.97,441
80058,81,2013,10,434.0365,4.0273,0.6389,69.17,79,1267.75,373
80058,82,2013,11,291.8055,5.5499,0.8372,0.0,99,1320.45,209
80058,83,2013,12,26.162,3.6923,0.6416,75.29,54,150.77,348
80058,84,2013,13,67.2383,4.0495,0.707,47.97,53,143.01,344
80058,85,2013,14,48.9799,4.684,0.848,54.2,46,143.01,369
80058,86,2013,15,19.0916,4.3154,0.7646,51.51,50,85.99,431
80058,87,2013,16,1.2814,3.7235,0.7665,58.89,29,3.41,287
80058,88,2013,17,96.3915,4.6115,0.6897,54.09,103,243.42,464
80058,89,2013,18,7.1218,3.5027,0.7452,59.17,26,65.44,218
80058,90,2013,19,624.3359,4.2947,0.7301,57.89,59,12118.31,380
80058,91,2013,20,1.7422,3.6642,0.7202,53.29,34,5.04,304
80058,92,2013,21,66.4298,4.5535,0.7143,6.28,83,143.03,398
80058,93,2013,22,9.9448,3.3648,0.6201,0.0,43,143.03,406
80058,94,2013,23,58.0119,4.5628,0.6595,0.0,121,296.49,656
80058,95,2013,24,84.4003,3.712,0.7237,0.0,35,221.65,217
80058,96,2013,25,1360.5711,5.2095,0.8172,0.0,83,2945.07,306
80058,97,2013,26,1230.9329,4.6826,0.7144,0.0,94,2934.14,480
80058,98,2013,27,8.5542,3.7761,0.6592,0.0,53,147.0,368
80058,99,2013,28,0.0,0.0,0.0,0.0,1,1851.14,1
80058,123,2013,52,6.9045,3.952,0.8312,0.0,27,144.52,86
80058,126,2014,3,1.1503,4.1462,0.8219,71.79,33,4.51,117
80058,127,2014,4,0.8771,4.141,0.8614,85.98,28,3.48,107
80058,129,2014,6,0.7315,3.3908,0.9458,63.64,12,1.71,22
80058,130,2014,7,1.7428,3.7138,0.7901,76.71,26,6.4,73
80058,131,2014,8,1.244,3.6805,0.9201,61.29,16,2.8,31
80058,132,2014,9,0.2969,1.4293,0.7146,96.0,4,1.05,25
80058,133,2014,10,1.9055,2.1938,0.7814,0.0,7,1266.01,26
80058,134,2014,11,440.6862,3.2153,0.7569,8.51,19,1149.67,47
80058,135,2014,12,1.4302,4.0371,0.8074,53.85,32,4.05,143
80058,136,2014,13,0.5553,2.9427,0.8208,82.05,12,1.36,39
80058,139,2014,16,0.0013,0.0,0.0,100.0,1,0.18,2
80058,147,2014,24,0.0009,0.0,0.0,0.0,1,1300.68,2
80058,149,2014,26,0.0,0.0,0.0,0.0,1,1300.67,1
80058,154,2014,31,0.0027,0.0,0.0,0.0,1,1300.7,2
80058,156,2014,33,0.0,0.0,0.0,0.0,1,115.38,1
80058,157,2014,34,0.0,0.0,0.0,0.0,1,2.34,1
80058,165,2014,42,0.0,0.0,0.0,0.0,1,946.24,1
80058,166,2014,43,0.0,0.0,0.0,0.0,1,782.75,1
80058,168,2014,45,0.0027,1.0,1.0,100.0,2,0.28,2
80193,8,2011,41,264.2531,1.159,0.4992,92.13,5,981.92,178
80193,9,2011,42,453.2763,2.0005,0.6311,30.76,9,987.73,1372
80193,10,2011,43,0.0966,0.9896,0.4948,19.47,4,0.91,1787
80193,11,2011,44,0.2769,2.3461,0.782,68.92,8,0.99,830
80193,12,2011,45,0.2277,1.1453,0.5727,100.0,4,0.77,2019
80193,13,2011,46,0.2242,1.4332,0.6172,100.0,5,0.77,1644
80193,14,2011,47,376.0599,2.8384,0.6567,15.8,20,987.87,1759
80193,15,2011,48,72.4332,2.0669,0.5975,97.56,11,469.72,1354
80193,16,2011,49,0.2969,2.7735,0.8017,100.0,11,0.76,1151
80193,17,2011,50,60.2504,1.9324,0.5075,96.38,14,956.52,1326
80193,18,2011,51,12.0631,2.2397,0.548,0.0,17,995.14,2272
80193,19,2011,52,78.5654,1.2387,0.2916,0.0,19,1119.16,1721
80193,20,2012,1,2.4544,0.4802,0.2068,0.0,5,987.76,1697
80193,21,2012,2,200.7125,1.7778,0.3698,3.56,28,998.91,2053
80193,22,2012,3,399.6532,3.2566,0.6349,61.37,35,842.09,1227
80193,23,2012,4,362.3112,2.8842,0.6136,69.92,26,841.36,1576
80193,24,2012,5,0.2055,1.8111,0.5713,100.0,9,0.74,825
80193,25,2012,6,0.2538,1.6352,0.4922,100.0,10,0.74,1121
80193,26,2012,7,0.2047,2.3909,0.6461,100.0,13,0.74,1435
80193,27,2012,8,0.2027,2.4797,0.6199,100.0,16,0.74,1121
80193,28,2012,9,0.4161,2.624,0.6716,86.04,15,1.76,974
80193,29,2012,10,84.6919,1.7913,0.5651,98.9,9,981.37,273
80193,30,2012,11,396.4369,1.8288,0.5769,0.0,9,990.98,474
80193,31,2012,12,0.237,2.1142,0.5897,99.33,12,1.34,1197
80193,32,2012,13,0.2721,2.3547,0.6807,99.86,11,1.37,1387
80193,33,2012,14,295.3192,1.1015,0.3475,91.41,9,1111.73,163
80193,34,2012,15,340.2034,2.1685,0.8389,83.72,6,981.37,43
80193,35,2012,16,0.3973,2.6421,0.8807,91.67,8,1.38,24
80193,36,2012,17,0.1912,1.585,1.0,100.0,3,0.74,9
80193,37,2012,18,0.3427,2.2638,0.8758,85.71,6,1.34,14
80193,38,2012,19,0.5581,2.5547,0.8516,62.07,8,1.71,29
80193,39,2012,20,2.074,1.4911,0.7456,81.82,4,6.4,11
80193,40,2012,21,3.5787,3.8891,0.7523,0.0,36,997.69,207
80193,41,2012,22,104.0387,5.0905,0.8148,0.0,76,1020.29,243
80193,42,2012,23,19.0664,4.6241,0.7828,0.0,60,998.97,216
80193,43,2012,24,20.3906,4.3918,0.7907,0.0,47,1005.71,290
80193,44,2012,25,8.9729,4.4796,0.7553,0.0,61,1002.2,260
80193,45,2012,26,9.455,3.6633,0.6524,0.0,49,1029.91,331
80193,46,2012,27,42.9844,4.4271,0.7927,0.0,48,1013.28,164
80193,47,2012,28,2.8292,3.8016,0.6883,0.0,46,987.93,244
80193,48,2012,29,4.8302,3.7719,0.7137,0.0,39,999.29,258
80193,49,2012,30,2.7039,1.8556,0.7992,0.0,5,987.64,22
80193,67,2012,48,338.777,5.0786,0.9749,0.0,37,947.38,50
80193,68,2012,49,23.9634,4.4188,0.6876,86.39,86,141.27,441
80193,69,2012,50,501.3052,5.7108,0.7965,50.46,144,1038.24,545
80193,70,2012,51,5.9553,4.4732,0.6778,0.0,97,990.64,819
80193,71,2012,52,23.2949,4.1493,0.6621,0.0,77,988.5,670
80193,72,2013,1,10.4817,4.251,0.6668,0.0,83,1000.51,890
80193,73,2013,2,3.2183,3.9375,0.6424,0.0,70,991.52,814
80193,74,2013,3,273.5211,3.2492,0.6026,72.36,42,1038.44,322
80193,75,2013,4,0.2816,1.6393,0.6342,95.45,6,1.57,66
80193,76,2013,5,9.0019,3.315,0.6412,94.71,36,160.88,397
80193,77,2013,6,7.4153,3.6559,0.8767,99.14,18,80.36,116
80193,91,2013,20,0.5225,2.3239,0.581,6.09,16,3.77,115
80193,92,2013,21,215.8112,4.4382,0.6557,11.36,109,986.11,590
80193,93,2013,22,9.1956,3.0312,0.5153,0.0,59,1005.82,229
80193,94,2013,23,1603.2074,5.078,0.7766,0.0,93,8964.39,337
80193,95,2013,24,1187.39,4.7404,0.7302,0.0,90,2463.99,460
80193,96,2013,25,1.4507,2.1023,0.5143,0.0,17,983.69,128
80193,97,2013,26,24.666,1.681,0.506,0.0,10,984.11,40
80193,98,2013,27,41.3964,2.1493,0.9256,0.0,5,999.05,15
80193,99,2013,28,0.2959,0.3228,0.3228,0.0,2,981.34,17
80193,100,2013,29,1.0777,0.8842,0.5579,0.0,3,982.19,20
80193,101,2013,30,0.0012,0.0,0.0,0.0,1,981.34,36
80193,102,2013,31,51.5061,1.6745,0.5582,0.0,8,1014.99,34
80193,103,2013,32,79.5739,2.278,0.8812,0.0,6,1014.99,23
80193,104,2013,33,1.5131,1.1761,0.588,0.0,4,985.19,24
80193,105,2013,34,339.8274,3.3325,0.8331,51.16,16,981.34,43
80193,106,2013,35,0.4988,3.8569,0.8526,81.82,23,1.41,77
80193,107,2013,36,0.0879,0.7689,0.2739,98.39,7,0.87,186
80193,108,2013,37,0.5178,3.1844,0.8151,80.0,15,2.16,50
80193,109,2013,38,0.417,2.6914,0.8102,85.25,10,1.28,61
80193,110,2013,39,0.5366,3.1403,0.9078,84.38,11,1.53,32
80193,111,2013,40,1.0656,2.9459,0.8868,80.0,10,3.48,35
80193,112,2013,41,0.9669,2.7571,0.6491,84.62,19,4.62,78
80193,113,2013,42,490.7606,3.554,0.8885,41.18,16,981.72,34
80193,114,2013,43,0.7283,2.5967,0.8192,0.0,9,983.95,43
80193,115,2013,44,0.2183,2.5063,0.8928,81.58,7,0.83,38
80193,116,2013,45,0.3397,3.1341,0.8742,79.07,12,1.15,43
80193,117,2013,46,0.5333,3.1181,0.9013,72.73,11,1.28,22
80193,118,2013,47,0.6886,2.5894,0.8631,50.0,8,1.74,34
80193,119,2013,48,415.4221,2.7389,0.913,17.86,8,981.97,28
80193,120,2013,49,0.3567,2.6048,0.8683,89.47,8,1.12,19
82060,7,2011,40,0.2867,1.598,0.5327,100.0,8,0.72,713
82060,8,2011,41,675.795,2.4397,0.4719,84.55,36,2879.33,2188
82060,9,2011,42,733.4457,4.0149,0.655,18.74,70,2879.33,2641
82060,10,2011,43,0.6441,2.4123,0.7262,98.31,10,4.63,2072
82060,11,2011,44,0.25,2.3331,0.6744,83.1,11,1.55,2118
82060,12,2011,45,0.3672,2.3636,0.6387,97.99,13,0.97,2593
82060,13,2011,46,36.5818,2.6862,0.6116,99.82,21,863.61,2225
82060,14,2011,47,742.2411,3.908,0.696,36.11,49,1544.15,2841
82060,15,2011,48,419.4951,2.1264,0.4377,90.15,29,1543.61,2619
82060,16,2011,49,0.2507,1.4862,0.4016,95.47,13,0.9,2165
82060,17,2011,50,2140.3851,2.1391,0.4551,70.02,26,7994.12,1711
82060,18,2011,51,3329.6034,3.7176,0.6086,0.0,69,13259.09,3056
82060,19,2011,52,108.0239,3.372,0.5859,0.0,54,1543.17,2911
82060,20,2012,1,10.8841,3.2873,0.6264,0.0,38,1543.07,2067
82060,21,2012,2,796.3689,2.3167,0.4353,0.0,40,11988.73,2223
82060,22,2012,3,395.8862,1.599,0.446,91.13,12,1542.35,2142
82060,23,2012,4,0.1928,1.1522,0.3468,100.0,10,0.73,1445
82060,24,2012,5,0.5802,2.236,0.7054,96.56,9,3.26,1394
82060,25,2012,6,0.2796,2.688,0.672,98.56,16,1.11,2152
82060,26,2012,7,0.1359,2.2388,0.6739,100.0,10,0.74,1826
82060,27,2012,8,0.1618,1.8755,0.6252,100.0,8,0.74,1954
82060,28,2012,9,0.2799,2.1515,0.6787,100.0,9,0.89,1816
82060,29,2012,10,586.6938,3.2306,0.7605,82.14,19,1548.13,1909
82060,30,2012,11,138.7561,3.687,0.6928,0.0,40,1544.02,1400
82060,31,2012,12,1.0966,2.5198,0.63,91.15,16,4.42,2259
82060,32,2012,13,0.1028,1.218,0.3842,100.0,9,0.75,1910
82060,33,2012,14,0.2549,2.751,0.7952,100.0,11,0.75,1827
82060,34,2012,15,0.2536,2.0073,0.6332,100.0,9,0.65,980
82060,35,2012,16,0.247,1.1997,0.3999,93.66,8,1.27,710
82060,36,2012,17,0.1805,1.8445,0.5819,100.0,9,0.74,2007
82060,37,2012,18,0.2376,2.3315,0.4476,99.26,37,1.58,945
82060,38,2012,19,299.263,3.4905,0.6604,93.12,39,1547.57,320
82060,39,2012,20,54.5088,4.9485,0.7229,0.0,115,1583.64,344
82060,40,2012,21,126.3196,5.0626,0.7587,0.0,102,1574.2,330
82060,41,2012,22,243.2342,3.9051,0.6786,0.0,54,3074.67,148
82060,42,2012,23,430.3063,5.0154,0.7634,0.0,95,3074.67,354
82060,43,2012,24,24.0926,5.0191,0.7267,0.0,120,1548.24,434
82060,44,2012,25,424.1338,5.0408,0.7508,0.0,105,1546.69,384
82060,45,2012,26,20.0215,3.5901,0.5679,0.0,80,1548.07,527
82060,46,2012,27,127.1596,5.2636,0.7582,0.0,123,3074.68,446
82060,47,2012,28,509.135,5.1912,0.7883,7.51,96,1546.28,386
82060,48,2012,29,1.025,3.5446,0.7373,95.4,28,7.77,239
82060,49,2012,30,41.2947,3.2707,0.6958,82.89,26,120.51,152
82060,50,2012,31,0.3918,2.3715,0.6229,98.18,14,1.28,110
82060,51,2012,32,39.243,3.3472,0.6963,81.65,28,122.68,109
82060,52,2012,33,0.3675,1.6579,0.8289,100.0,4,0.76,17
82060,53,2012,34,0.2227,2.3856,0.7526,100.0,9,0.72,68
82060,54,2012,35,0.0136,0.9436,0.9436,100.0,2,0.43,36
82060,55,2012,36,8.6239,3.399,0.707,95.98,28,121.75,199
82060,56,2012,37,0.2418,2.604,0.7037,100.0,13,0.73,54
82060,57,2012,38,0.3195,3.0234,0.6511,97.97,25,2.53,148
82060,58,2012,39,0.3026,3.4907,0.7114,100.0,30,0.73,307
82060,59,2012,40,32.0532,3.1351,0.5932,92.65,39,395.44,313
82060,60,2012,41,199.1352,4.7254,0.761,86.5,74,1541.82,363
82060,61,2012,42,620.5728,4.9866,0.7368,16.34,109,1545.53,514
82060,62,2012,43,0.2988,3.08,0.5957,97.25,36,2.71,291
82060,63,2012,44,0.2772,3.2586,0.6405,99.33,34,1.15,297
82060,64,2012,45,0.5525,3.518,0.6805,97.06,36,5.09,306
82060,65,2012,46,0.3497,3.4378,0.6876,93.9,32,1.47,246
82060,66,2012,47,1379.0662,5.2628,0.735,21.48,143,2935.28,512
82060,67,2012,48,0.2689,3.1463,0.6237,99.7,33,1.03,337
82060,68,2012,49,0.3141,3.4069,0.6446,99.68,39,1.21,313
82060,69,2012,50,758.7948,5.2851,0.836,51.53,80,1542.37,295
82060,70,2012,51,65.067,5.8247,0.7826,0.0,174,1822.19,515
82060,71,2012,52,201.1037,4.695,0.7345,0.0,84,3074.42,361
82060,72,2013,1,495.6255,5.7654,0.8347,0.0,120,1851.84,570
82060,73,2013,2,147.3636,5.9209,0.8305,0.0,140,1851.97,470
82060,74,2013,3,544.954,4.2355,0.6739,81.9,78,1542.82,431
82060,75,2013,4,0.2859,2.6829,0.5523,99.4,29,1.0,331
82060,76,2013,5,0.2503,2.4317,0.5725,99.03,19,1.58,207
82060,77,2013,6,8.5489,2.8695,0.5166,89.84,47,51.91,305
82060,78,2013,7,101.4988,4.189,0.7008,69.89,63,950.07,362
82060,79,2013,8,11.296,3.1278,0.6439,86.29,29,93.12,175
82060,80,2013,9,810.3871,3.0902,0.6574,98.35,26,8945.82,363
82060,81,2013,10,735.5155,4.3223,0.6983,62.92,73,1567.46,480
82060,82,2013,11,218.6139,5.2763,0.727,2.01,153,1614.44,546
82060,83,2013,12,0.2897,2.803,0.6285,99.06,22,1.81,318
82060,84,2013,13,0.4642,2.6055,0.7268,92.57,12,1.8,202
82060,85,2013,14,0.2856,3.3041,0.7029,98.14,26,1.19,215
82060,86,2013,15,1.1008,2.5732,0.5858,87.78,21,5.21,221
82060,87,2013,16,0.4381,3.314,0.6315,93.58,38,1.75,327
82060,88,2013,17,8.07,3.1795,0.6545,95.55,29,137.89,292
82060,89,2013,18,1078.2968,2.6687,0.5678,98.44,26,12118.31,256
82060,90,2013,19,767.0578,4.5111,0.7288,46.11,73,1565.8,321
82060,91,2013,20,22.6585,2.2691,0.4264,0.0,40,1567.98,262
82060,92,2013,21,189.25,4.7031,0.6833,0.0,118,2910.06,361
82060,93,2013,22,26.1601,3.2735,0.6738,0.0,29,1516.57,115
82282,7,2011,40,0.3079,2.371,0.6069,100.0,15,0.76,2065
82282,8,2011,41,43.848,2.9939,0.5664,91.8,39,1033.47,3096
82282,9,2011,42,338.1629,3.1436,0.5691,5.99,46,1040.14,1819
82282,10,2011,43,0.6908,2.6071,0.5936,95.66,21,4.47,2837
82282,11,2011,44,0.2146,2.248,0.5904,100.0,14,0.62,2898
82282,12,2011,45,0.4135,2.7206,0.7146,98.24,14,2.22,2839
82282,13,2011,46,0.2736,1.6102,0.508,100.0,9,0.77,2560
82282,14,2011,47,166.7052,2.2119,0.581,75.28,14,396.49,1861
82282,15,2011,48,0.2604,1.8544,0.5582,99.97,10,2.81,2930
82282,16,2011,49,0.2765,2.3156,0.6693,100.0,11,0.76,1832
82282,17,2011,50,354.1393,1.7348,0.5015,79.57,11,893.82,2335
82282,18,2011,51,0.009,0.999,0.999,0.0,2,886.35,110
82282,19,2011,52,0.0896,0.413,0.2065,0.0,4,886.35,1114
82282,20,2012,1,0.0372,0.0488,0.0308,0.0,3,886.38,415
82282,21,2012,2,289.1147,1.4961,0.4325,87.52,11,893.82,665
82282,22,2012,3,1.0741,3.0746,0.6895,91.02,22,5.07,2896
82282,23,2012,4,0.4833,2.5639,0.5749,98.98,22,4.47,3147
82282,24,2012,5,0.2906,3.1296,0.6378,100.0,30,0.77,1893
82282,25,2012,6,0.265,2.3274,0.5385,99.59,20,1.66,2175
82282,26,2012,7,1.0145,2.1228,0.7076,85.25,8,5.15,2434
82282,27,2012,8,0.3385,2.3833,0.7944,100.0,8,0.74,2583
82282,28,2012,9,0.3378,1.5795,0.5265,100.0,8,0.89,2540
82282,29,2012,10,0.5904,1.4917,0.4972,95.19,8,2.94,2661
82282,30,2012,11,0.4907,1.7032,0.6589,96.46,6,5.44,2597
82282,31,2012,12,0.32,2.6205,0.8735,100.0,8,0.74,1836
82282,32,2012,13,0.3265,1.1469,0.3012,97.49,14,2.47,2195
82282,33,2012,14,1.0861,2.3312,0.63,78.6,13,2.71,2033
82282,34,2012,15,0.2236,1.5087,0.5836,100.0,6,0.74,2322
82282,35,2012,16,0.3915,2.3788,0.6089,98.47,15,1.53,2547
82282,36,2012,17,0.1841,0.4431,0.1908,100.0,5,0.88,499
82282,37,2012,18,2.2273,2.9399,0.885,75.0,10,5.94,60
82282,38,2012,19,0.939,2.3405,0.5991,95.6,15,4.47,91
82282,39,2012,20,0.6181,2.8545,0.7962,98.21,12,4.47,56
82282,40,2012,21,25.0162,3.2095,0.7,96.12,24,284.99,129
82282,41,2012,22,0.6855,2.366,0.6394,97.06,13,4.34,136
82282,42,2012,23,0.3893,1.9658,0.6553,100.0,8,0.73,62
82282,43,2012,24,0.4635,2.2943,0.8875,100.0,6,0.73,19
82282,63,2012,44,1.9274,2.7225,0.6806,81.38,16,5.43,188
82282,64,2012,45,1.509,0.8605,0.4302,90.96,4,5.09,166
82282,65,2012,46,0.5716,1.0134,0.6394,69.09,3,1.47,55
82282,66,2012,47,354.7959,4.2133,0.7765,15.22,43,885.66,184
82282,67,2012,48,7.8081,2.4562,0.8749,89.91,7,25.75,109
82282,68,2012,49,0.3438,2.498,0.6394,96.23,15,0.95,239
82282,69,2012,50,172.4071,3.0596,0.6588,89.18,25,842.33,194
82282,70,2012,51,0.422,1.7716,0.763,0.0,5,886.35,121
82282,71,2012,52,0.356,1.5925,0.5672,0.0,7,886.35,72
82282,72,2013,1,0.2395,1.5026,0.7513,0.0,4,886.35,93
82282,73,2013,2,282.5327,3.4341,0.7592,8.33,23,886.35,108
82282,74,2013,3,0.2675,2.2711,0.6137,100.0,13,0.9,144
82282,75,2013,4,0.6977,3.1981,0.6455,97.29,31,4.49,369
82282,76,2013,5,0.3373,3.0627,0.6868,99.62,22,1.24,265
82282,77,2013,6,0.2635,2.5,0.6116,100.0,17,0.74,202
82282,78,2013,7,0.4797,2.9469,0.6515,95.02,23,4.34,261
82282,79,2013,8,0.3692,2.9094,0.7862,99.02,13,1.35,204
82282,80,2013,9,0.3807,2.7287,0.5951,92.08,24,1.72,366
82282,81,2013,10,313.3429,3.8631,0.6623,82.97,57,1373.06,317
82282,82,2013,11,338.8882,3.1713,0.6528,3.66,29,1757.77,191
82282,83,2013,12,0.2149,0.998,0.998,100.0,2,0.32,38
82282,88,2013,17,0.616,2.0052,0.5593,84.21,12,1.83,57
82282,89,2013,18,0.9666,2.9018,0.5381,93.22,42,5.49,413
82282,90,2013,19,0.4953,3.3315,0.6178,95.95,42,1.46,420
82282,91,2013,20,229.5053,3.4823,0.6736,77.45,36,842.29,235
82282,92,2013,21,0.3797,1.4907,0.642,0.0,5,886.37,139
82282,93,2013,22,0.2714,0.7753,0.2999,0.0,6,886.37,393
82282,94,2013,23,0.3226,1.052,0.3507,0.0,8,886.37,340
82282,95,2013,24,0.2682,1.2091,0.4307,0.0,7,886.36,148
82282,96,2013,25,0.3144,0.985,0.3509,0.0,7,886.37,257
82282,97,2013,26,0.2157,0.5717,0.1906,0.0,8,886.49,250
82282,98,2013,27,0.2623,1.3627,0.4542,0.0,8,886.37,225
82282,99,2013,28,0.2298,0.6332,0.2111,0.0,8,886.36,342
82282,100,2013,29,0.2916,0.7344,0.2841,0.0,6,886.37,127
82282,101,2013,30,1287.6154,3.3468,0.6424,0.0,37,13562.76,303
82282,102,2013,31,3.3988,2.5388,0.4623,0.0,45,1041.19,478
82282,103,2013,32,242.042,3.8182,0.5568,0.0,116,1042.93,1056
82282,104,2013,33,0.3349,1.7167,0.5416,0.0,9,886.43,268
82282,105,2013,34,377.8417,4.6885,0.7222,51.46,90,886.36,410
82282,106,2013,35,0.7027,3.3665,0.7442,78.79,23,1.8,99
82282,107,2013,36,0.5304,1.8231,0.9115,90.91,4,1.24,11
82282,113,2013,42,0.5675,2.1575,0.6018,86.11,12,2.02,72
82282,114,2013,43,190.2949,3.2287,0.595,70.3,43,1098.61,165
82282,115,2013,44,1.0439,3.8266,0.6589,79.81,56,5.29,416
82282,116,2013,45,0.8085,2.7708,0.6043,90.98,24,5.23,133
82282,117,2013,46,0.6251,2.1275,0.9163,72.73,5,1.17,22
82282,118,2013,47,0.7777,1.9961,0.6009,90.24,10,3.46,41
82282,119,2013,48,0.5066,1.7838,0.6901,83.72,6,1.29,43
82282,120,2013,49,0.284,1.1245,0.4843,98.0,5,2.07,50
82282,121,2013,50,0.0243,0.5665,0.5665,100.0,2,0.3,15
82282,122,2013,51,426.2511,3.7901,0.6715,45.23,50,886.37,199
82282,123,2013,52,0.4282,1.9121,0.8235,0.0,5,886.36,94
82282,124,2014,1,0.4362,1.8589,0.6196,0.0,8,886.37,84
82282,125,2014,2,0.3749,1.7483,0.6228,0.0,7,886.37,137
82282,126,2014,3,199.5117,4.0899,0.7793,43.85,38,886.33,187
82282,127,2014,4,0.8983,2.9661,0.7415,46.67,16,1.56,45
82282,129,2014,6,521.7166,4.5293,0.8296,43.48,44,1268.64,207
82282,130,2014,7,0.7766,2.2156,0.6989,74.47,9,1.56,47
82282,131,2014,8,0.6084,1.8669,0.5889,86.89,9,1.55,61
82282,132,2014,9,1.0014,3.829,0.735,60.87,37,1.67,138
82282,133,2014,10,0.3145,0.7124,0.2756,4.08,6,1.56,49
82282,134,2014,11,1.5763,2.8349,0.5897,25.58,28,5.72,129
82282,135,2014,12,1.3581,2.9604,0.6639,43.16,22,5.75,95
82282,136,2014,13,1.1266,3.3062,0.7527,39.6,21,1.82,101
82282,137,2014,14,0.1116,1.1982,0.756,0.0,3,1.55,16
82282,138,2014,15,1.0009,3.6225,0.7618,50.86,27,1.88,116
82282,139,2014,16,0.9714,2.7243,0.6811,32.26,16,1.56,62
82282,140,2014,17,0.508,3.118,0.7795,92.16,16,1.74,51
82282,141,2014,18,0.9795,2.689,0.6883,28.57,15,1.56,63
82282,142,2014,19,36.2709,4.1084,0.7243,39.04,51,117.37,187
82282,143,2014,20,1.6055,3.4226,0.6128,23.59,48,5.6,195
82282,144,2014,21,0.004,0.0,0.0,0.0,1,1.55,4
82282,145,2014,22,0.003,0.0,0.0,0.0,1,1.55,3
82282,146,2014,23,0.2308,0.7229,0.4561,4.76,3,1.56,21
82282,147,2014,24,0.1323,0.4138,0.4138,0.0,2,1.56,12
82282,148,2014,25,1.055,2.3788,0.6089,30.95,15,1.56,84
82282,149,2014,26,2.2268,1.1885,0.2798,0.53,19,8.61,189
82282,150,2014,27,0.1001,0.3947,0.249,0.0,3,1.57,48
82282,151,2014,28,2.2703,2.152,0.5652,0.0,14,4.73,53
82282,152,2014,29,1.8909,1.5007,0.3941,7.03,14,6.46,128
82282,153,2014,30,0.2083,0.3507,0.1169,0.74,8,1.71,269
82282,154,2014,31,1.0468,0.6703,0.2388,1.16,7,4.83,86
82282,155,2014,32,415.2495,1.0655,0.2295,0.26,25,5817.79,392
82282,156,2014,33,1729.5428,3.3219,1.0,30.0,10,5645.72,10
82282,157,2014,34,0.5284,0.8244,0.2061,8.05,16,1.51,323
82282,158,2014,35,0.8753,2.6849,0.5045,32.09,40,1.72,349
82282,159,2014,36,1.1405,4.0885,0.7535,54.55,43,5.24,231
82282,160,2014,37,0.8766,2.5509,0.7374,38.24,11,1.72,34
82282,161,2014,38,0.9935,3.0284,0.7007,44.12,20,2.76,68
82282,162,2014,39,0.0324,0.0647,0.0647,0.76,2,1.51,131
82282,163,2014,40,0.885,3.3648,0.8412,77.08,16,1.91,48
82282,164,2014,41,1.4164,4.2701,0.898,72.22,27,4.87,72
82282,165,2014,42,382.8128,5.3253,0.8843,23.93,65,886.33,117
82282,166,2014,43,38.5573,1.8161,0.3701,0.0,30,886.48,342
82282,167,2014,44,58.2652,3.3632,0.8408,39.44,16,475.38,71
83184,7,2011,40,0.7069,2.2985,0.6037,82.53,14,3.79,2175
83184,8,2011,41,228.183,2.0184,0.6728,84.44,8,915.62,2577
83184,9,2011,42,404.1311,2.6239,0.7091,25.18,13,939.52,1990
83184,10,2011,43,0.1225,0.7467,0.4711,16.73,3,0.91,2498
83184,11,2011,44,0.4162,2.1062,0.8148,49.78,6,1.05,2491
83184,12,2011,45,0.6869,1.6508,0.5208,89.27,9,5.21,3095
83184,13,2011,46,0.339,2.8833,0.738,100.0,15,0.79,3026
83184,14,2011,47,87.7905,2.9883,0.8336,43.68,12,186.69,2525
83184,15,2011,48,4.2694,1.6601,0.5237,99.91,9,144.62,2290
83184,16,2011,49,0.3962,2.3382,0.7794,99.54,8,3.18,1088
83184,17,2011,50,443.2657,1.9406,0.7507,66.23,6,939.5,1143
83184,18,2011,51,0.294,0.6854,0.6854,0.0,2,939.5,2987
83184,19,2011,52,1.6509,1.4069,0.8877,0.0,3,939.48,868
83184,20,2012,1,2.4184,0.9221,0.3567,0.0,6,939.48,3216
83184,21,2012,2,0.606,0.5349,0.3375,0.0,3,939.48,2245
83184,22,2012,3,206.0939,1.0051,0.358,91.81,7,939.48,2430
83184,23,2012,4,0.5426,1.599,0.6886,81.97,5,1.13,2846
83184,24,2012,5,0.3354,1.8628,0.4657,92.37,16,1.52,2790
83184,25,2012,6,0.2967,1.9772,0.5061,98.67,15,1.52,3080
83184,26,2012,7,0.3053,1.7176,0.5418,97.8,9,1.11,3096
83184,27,2012,8,0.2938,1.6389,0.4304,98.44,14,2.24,3080
83184,28,2012,9,0.2681,1.7405,0.5491,98.18,9,1.12,3188
83184,29,2012,10,99.2604,1.4545,0.3931,98.56,13,1562.85,2976
83184,30,2012,11,541.529,1.572,0.3701,13.13,19,1577.0,2674
83184,31,2012,12,0.3315,1.5904,0.5665,94.29,7,1.58,2716
83184,32,2012,13,0.4534,1.6597,0.4996,95.79,10,2.95,2948
83184,33,2012,14,0.4082,1.9924,0.8581,86.6,5,1.0,2441
83184,34,2012,15,0.1773,1.0614,0.4571,100.0,5,0.75,2362
83184,35,2012,16,0.5305,2.337,0.7372,83.49,9,1.58,3089
83184,36,2012,17,0.3576,2.4579,0.7754,90.94,9,1.58,2815
83184,37,2012,18,0.3215,2.0564,0.7325,100.0,7,0.74,640
83184,38,2012,19,296.9601,2.3712,0.4786,78.69,31,939.56,291
83184,39,2012,20,3790.6694,1.895,0.485,0.0,15,11421.94,146
83184,50,2012,31,1.0927,0.7219,0.7219,0.0,2,939.24,15
83184,51,2012,32,3.0867,2.0157,0.5159,0.0,15,946.25,142
83184,52,2012,33,467.6308,2.672,0.7018,44.87,14,939.48,78
83184,53,2012,34,0.3738,2.1018,0.5863,98.19,12,2.77,166
83184,54,2012,35,0.1526,2.0707,0.5596,99.15,13,1.14,118
83184,55,2012,36,0.1979,0.9219,0.5817,100.0,3,0.75,10
83184,56,2012,37,0.283,2.2516,0.9697,100.0,5,0.57,6
83184,57,2012,38,0.0862,0.8113,0.8113,100.0,2,0.7,12
83184,58,2012,39,0.0032,0.0,0.0,100.0,1,0.57,3
83568,7,2011,40,9.8166,2.7699,0.8007,65.43,11,25.67,1539
83568,8,2011,41,108.8465,3.4077,0.6242,59.31,44,355.78,2878
83568,9,2011,42,255.999,2.86,0.497,54.94,54,665.58,2539
83568,10,2011,43,0.4372,1.8699,0.4911,31.56,14,0.98,2741
83568,11,2011,44,14.3541,2.6135,0.595,59.92,21,40.26,2540
83568,12,2011,45,395.6401,3.4239,0.5605,52.85,69,853.04,2912
83568,13,2011,46,10.7255,2.07,0.4642,81.76,22,187.38,2928
83568,14,2011,47,18.3464,3.5592,0.6481,27.54,45,41.68,2407
83568,15,2011,48,0.4497,1.421,0.384,99.33,13,2.82,2849
83568,16,2011,49,6.1024,1.6713,0.5031,90.07,10,25.67,1340
83568,17,2011,50,16.9781,2.4516,0.5771,62.1,19,45.59,2256
83568,18,2011,51,47.225,3.3262,0.625,0.0,40,201.49,2135
83568,19,2011,52,707.1492,2.9362,0.5595,0.0,38,1755.98,2071
83568,20,2012,1,839.4245,3.8078,0.7155,3.9,40,1755.95,2488
83568,21,2012,2,9.4343,1.5604,0.4511,0.0,11,40.63,2673
83568,22,2012,3,1.0339,1.9027,0.55,81.82,11,5.44,2574
83568,23,2012,4,19.5608,2.8248,0.6431,82.01,21,57.91,2407
83568,24,2012,5,5.3542,1.9274,0.5376,87.53,12,37.12,1908
83568,25,2012,6,0.4461,2.4016,0.649,98.1,13,1.61,2415
83568,26,2012,7,23.7605,2.5243,0.5661,88.62,22,116.82,1784
83568,27,2012,8,10.7179,2.275,0.5687,88.52,16,116.39,2343
83568,28,2012,9,0.4184,1.6468,0.5195,98.17,9,0.98,1909
83568,29,2012,10,547.2656,2.9405,0.5993,60.0,30,1574.17,1825
83568,30,2012,11,469.5879,4.6146,0.775,0.0,62,1986.22,1828
83568,31,2012,12,1.4474,2.0799,0.5324,87.68,15,14.04,2095
83568,32,2012,13,0.6445,1.7825,0.4817,95.34,13,3.9,2341
83568,33,2012,14,131.4298,2.851,0.4717,60.26,66,283.3,1963
83568,34,2012,15,14.0908,2.3981,0.5102,76.83,26,45.21,2257
83568,35,2012,16,1.9125,1.8253,0.4672,94.71,15,82.51,1967
83568,36,2012,17,0.4595,2.6908,0.8488,85.16,9,0.99,1866
83568,37,2012,18,2.0206,2.1372,0.4866,93.45,21,32.66,931
83568,38,2012,19,11.4623,3.7767,0.7623,73.52,31,34.31,253
83568,39,2012,20,9.1372,3.44,0.7081,66.26,29,35.85,246
83568,40,2012,21,14.9669,3.3296,0.6854,12.93,29,42.92,263
83568,41,2012,22,14.858,4.1437,0.7419,3.57,48,40.85,280
83568,42,2012,23,18.0493,4.8265,0.7823,14.45,72,82.35,429
83568,43,2012,24,31.2023,4.4853,0.7343,19.77,69,117.11,349
83568,44,2012,25,45.3273,4.5853,0.8124,10.45,50,190.75,220
83568,45,2012,26,56.0767,4.4612,0.7648,12.65,57,192.14,324
83568,46,2012,27,24.3541,4.3692,0.7742,15.65,50,117.05,230
83568,47,2012,28,19.5578,4.5784,0.8289,23.3,46,40.73,309
83568,48,2012,29,34.0619,4.3565,0.768,15.91,51,112.47,220
83568,49,2012,30,16.4088,4.3175,0.769,21.1,49,40.68,308
83568,50,2012,31,64.0547,5.2393,0.8012,15.2,93,242.96,421
83568,51,2012,32,17.9991,3.972,0.7151,0.79,47,40.69,253
83568,52,2012,33,17.5184,4.4146,0.8086,13.55,44,40.71,155
83568,53,2012,34,236.9148,5.2364,0.8008,6.02,93,914.09,299
83568,54,2012,35,650.2582,6.4858,0.8704,5.37,175,8947.02,410
83568,77,2013,6,0.0087,0.0,0.0,0.0,1,6576.85,19
83568,94,2013,23,523.5724,4.7059,0.8842,0.0,40,1048.2,104
83568,95,2013,24,0.0,0.0,0.0,0.0,1,1182.25,1
83568,96,2013,25,21.282,3.3797,0.7579,0.0,22,1232.98,203
83568,97,2013,26,38.1745,3.9959,0.701,0.0,52,1323.4,621
83568,98,2013,27,1.1098,3.3765,0.6185,0.0,44,1324.06,716
83568,99,2013,28,8.0343,3.6029,0.615,0.0,58,1321.85,760
83568,100,2013,29,14.6707,2.8944,0.6941,0.0,18,1329.9,409
83568,101,2013,30,23.5774,3.7796,0.7862,0.0,28,1387.25,269
83568,102,2013,31,310.2909,2.35,0.6793,0.0,11,2899.87,191
83568,103,2013,32,69.0938,5.6635,0.8243,0.0,117,1388.52,437
83568,104,2013,33,644.7344,4.7772,0.7514,0.0,82,1324.79,309
83568,105,2013,34,29.3474,3.4336,0.6216,1.51,46,118.67,265
83568,107,2013,36,1.9156,3.1895,0.6122,46.4,37,4.56,278
83568,108,2013,37,0.474,3.6131,0.7437,93.92,29,2.12,148
83568,109,2013,38,0.8472,4.4158,0.7865,83.95,49,6.23,162
83568,110,2013,39,0.0,0.0,0.0,100.0,1,0.42,13
83568,111,2013,40,117.4325,4.4093,0.7983,59.85,46,284.36,132
83568,112,2013,41,4.3511,4.1308,0.8189,74.0,33,25.89,100
83568,113,2013,42,245.3707,6.2665,0.9188,36.84,113,544.12,190
83568,114,2013,43,287.1252,6.0286,0.9054,5.64,101,829.85,195
83568,115,2013,44,0.4546,3.4523,0.7345,80.79,26,1.5,151
83568,116,2013,45,1.1198,3.5378,0.7716,77.17,24,3.79,92
83568,117,2013,46,8.3025,4.4552,0.8112,84.39,45,41.01,173
83568,118,2013,47,0.679,3.3475,0.7122,91.73,26,3.2,133
83568,119,2013,48,17.544,4.8835,0.7793,16.81,77,41.2,232
83568,120,2013,49,0.3512,3.5275,0.7505,94.25,26,1.36,87
83568,121,2013,50,0.4439,4.1394,0.7537,84.89,45,1.86,139
83568,122,2013,51,14.384,3.8613,0.7358,70.92,38,55.42,141
83568,123,2013,52,30.8281,3.4038,0.6808,0.0,32,116.88,141
83568,124,2014,1,134.6728,5.1762,0.7663,0.0,108,285.22,221
83568,125,2014,2,14.2588,2.9034,0.661,1.87,21,54.74,107
83568,126,2014,3,0.8649,3.8077,0.6818,74.9,48,4.83,259
83568,127,2014,4,96.1622,4.2072,0.7493,70.74,49,284.37,229
83568,128,2014,5,0.5231,3.9199,0.7705,91.55,34,3.29,213
83568,129,2014,6,0.3501,3.5221,0.7326,97.55,28,1.38,163
83568,130,2014,7,0.5178,3.6244,0.6721,92.26,42,3.32,168
83568,131,2014,8,0.7071,3.7291,0.696,92.95,41,5.27,241
83568,132,2014,9,1.0313,4.1288,0.7433,81.78,47,5.68,247
83568,133,2014,10,664.255,5.2338,0.8023,64.09,92,1653.74,259
83568,134,2014,11,492.0062,7.5234,0.9226,0.0,285,1859.77,472
83568,135,2014,12,6.9905,5.388,0.8733,70.97,72,29.71,217
83568,136,2014,13,0.7207,4.8003,0.9147,83.51,38,3.22,97
83568,138,2014,15,0.0,0.0,0.0,100.0,1,0.43,1
83568,139,2014,16,141.9672,1.0,1.0,50.0,2,284.37,2
83568,140,2014,17,0.0,0.0,0.0,100.0,1,0.43,1
83568,142,2014,19,0.0,0.0,0.0,100.0,1,0.43,1
83568,144,2014,21,0.0,0.0,0.0,0.0,1,284.36,1
83568,145,2014,22,0.0,0.0,0.0,0.0,1,40.64,1
83568,146,2014,23,0.0,0.0,0.0,0.0,1,672.29,1
83568,151,2014,28,0.0,0.0,0.0,0.0,1,481.54,1
83568,153,2014,30,0.0,0.0,0.0,0.0,1,481.53,1
83568,157,2014,34,0.0,0.0,0.0,100.0,1,0.2,1
83568,159,2014,36,0.0,0.0,0.0,100.0,1,0.14,1
83568,161,2014,38,485.7856,0.9183,0.9183,0.0,2,1029.03,3
83568,162,2014,39,0.0,0.0,0.0,0.0,1,466.38,1
83568,167,2014,44,0.0,0.0,0.0,100.0,1,0.14,1
83568,175,2014,52,0.0,0.0,0.0,0.0,1,31.6,1
84215,7,2011,40,0.0,0.0,0.0,100.0,1,0.14,74
84215,8,2011,41,392.4751,3.4018,0.752,77.45,23,1019.24,1996
84215,9,2011,42,501.4179,3.1108,0.7611,22.03,17,1028.52,1861
84215,10,2011,43,0.3954,2.6868,0.6717,96.61,16,1.59,2067
84215,11,2011,44,0.3854,2.242,0.7986,100.0,7,0.76,672
84215,14,2011,47,486.3443,2.9189,0.6139,2.6,27,1028.53,1539
84215,15,2011,48,2.8791,3.0567,0.7642,80.98,16,7.33,2214
84215,16,2011,49,0.3104,2.9933,0.835,100.0,12,0.68,2080
84215,17,2011,50,431.627,3.0365,0.7429,74.07,17,1028.49,1963
84215,18,2011,51,0.2258,1.1719,0.5047,0.0,5,1028.53,1518
84215,19,2011,52,5.5084,2.3592,0.5658,0.0,18,1028.48,1525
84215,20,2012,1,94.1672,1.6374,0.4733,0.0,11,1031.94,1433
84215,21,2012,2,308.8765,1.6679,0.4381,3.32,14,1028.53,1685
84215,22,2012,3,0.4304,2.7919,0.7788,91.5,12,1.36,1999
84215,23,2012,4,0.1986,2.5288,0.7613,100.0,10,0.67,1779
84215,24,2012,5,0.2048,2.1862,0.6098,100.0,12,0.67,1330
84215,34,2012,15,0.2713,2.5803,0.7459,100.0,11,0.81,776
84215,35,2012,16,0.1067,1.6009,0.5336,100.0,8,0.44,702
84215,36,2012,17,0.3406,1.2489,0.6244,100.0,4,0.78,393
84215,37,2012,18,0.2543,2.1849,0.4765,98.56,24,1.13,208
84215,38,2012,19,423.4606,3.9654,0.7401,70.37,41,1541.28,162
84215,39,2012,20,4.419,3.7176,0.7909,0.0,26,1033.5,123
84215,40,2012,21,0.3203,1.5,0.9464,0.0,3,1028.53,4
84215,41,2012,22,9.7909,2.9011,0.8386,0.0,11,1028.53,33
84215,42,2012,23,0.3556,1.4969,0.7485,0.0,4,1028.56,17
84215,43,2012,24,3.276,2.5949,0.865,0.0,8,1028.52,22
84215,44,2012,25,4.6122,2.8231,0.7415,0.0,14,1033.84,81
84215,45,2012,26,3.9393,2.965,0.8013,0.0,13,1028.53,40
84215,46,2012,27,0.3567,1.8676,0.9338,0.0,4,1028.5,11
84215,47,2012,28,3.4686,2.5139,0.7931,0.0,9,1028.5,35
84215,48,2012,29,5.7514,3.7379,0.8382,0.0,22,1033.86,127
84215,49,2012,30,4.596,3.7869,0.8057,0.0,26,1033.86,142
84215,50,2012,31,4.268,2.9838,0.73,0.0,17,1033.55,126
84215,51,2012,32,10.0013,3.3578,0.8053,0.0,18,1035.92,75
84215,52,2012,33,2.6841,1.5197,0.7599,0.0,4,1032.82,17
84215,53,2012,34,0.4503,3.3904,0.7603,95.74,22,1.69,141
84215,54,2012,35,1.4075,3.2081,0.7304,62.75,21,5.43,153
84215,55,2012,36,0.6926,2.371,0.6407,75.17,13,1.49,149
84215,56,2012,37,0.7512,3.0037,0.7688,74.49,15,1.72,98
84215,57,2012,38,0.5261,3.1068,0.7952,86.42,15,1.16,81
84215,58,2012,39,171.4844,2.5565,0.5733,96.94,22,2406.32,196
84215,59,2012,40,56.7438,5.4826,0.827,49.46,99,117.72,277
84215,60,2012,41,138.2505,4.4283,0.6856,79.72,88,559.24,360
84215,61,2012,42,199.613,5.1202,0.8741,36.89,58,513.68,103
84215,62,2012,43,0.276,2.6369,0.5546,99.48,27,1.12,192
84215,63,2012,44,0.303,2.6815,0.5363,98.07,32,1.51,259
84215,64,2012,45,0.3065,2.3568,0.5366,100.0,21,1.06,182
84215,65,2012,46,0.2781,2.8243,0.5599,99.4,33,1.7,336
84215,66,2012,47,514.9557,4.7439,0.7125,24.56,101,1030.02,395
84215,67,2012,48,1.1072,2.7751,0.5327,94.44,37,7.45,306
84215,68,2012,49,0.8234,2.7957,0.5451,93.49,35,5.16,261
84215,69,2012,50,522.627,4.0931,0.7146,37.29,53,1028.53,354
84215,70,2012,51,3.1961,2.734,0.5173,0.0,39,1030.03,488
84215,71,2012,52,3.4743,2.5447,0.5002,0.0,34,1031.82,301
84215,72,2013,1,6.6655,2.488,0.507,0.0,30,1031.86,524
84215,73,2013,2,275.4939,3.2371,0.5736,0.0,50,1028.54,430
84215,74,2013,3,7.3739,2.8661,0.5502,93.99,37,82.59,383
84215,75,2013,4,0.6463,2.8144,0.5288,97.64,40,5.03,381
84215,76,2013,5,0.2428,1.7814,0.562,100.0,9,0.68,83
84215,78,2013,7,0.1044,1.2988,0.8194,100.0,3,0.73,8
84215,79,2013,8,0.3822,2.6892,0.8964,100.0,8,0.79,29
84215,80,2013,9,0.8496,1.6785,0.4852,93.88,11,5.05,49
84215,81,2013,10,399.6593,1.4832,0.4679,18.57,9,1028.04,70
84215,82,2013,11,3.3962,1.1513,0.2947,0.0,15,1028.04,141
84215,83,2013,12,0.3621,2.0501,0.6467,92.68,9,0.96,41
84215,84,2013,13,0.3194,0.4427,0.2793,96.43,3,1.85,28
84215,85,2013,14,0.5809,2.0302,0.7854,73.08,6,1.19,26
84215,86,2013,15,0.5516,2.8108,0.6504,90.3,20,1.25,165
84215,87,2013,16,0.7034,3.0359,0.8776,84.09,11,1.33,44
84472,11,2011,44,1.0381,2.1025,0.5042,83.81,18,3.24,803
84472,12,2011,45,347.3492,3.1701,0.5138,48.43,72,1254.44,2288
84472,13,2011,46,3.5048,3.1248,0.6648,98.83,26,117.96,2481
84472,14,2011,47,111.2546,3.5521,0.6172,34.23,54,329.46,2489
84472,15,2011,48,0.3793,1.738,0.4848,88.96,12,1.16,2446
84472,16,2011,49,4.8467,2.2482,0.4254,89.44,39,219.69,2083
84472,17,2011,50,80.0813,2.6407,0.5436,68.06,29,194.65,2364
84472,18,2011,51,2.3285,2.7147,0.6181,0.0,21,185.72,2455
84472,19,2011,52,793.0648,3.2165,0.6044,0.0,40,1566.03,2264
84472,20,2012,1,8.1843,2.6833,0.5852,0.0,24,175.53,2837
84472,21,2012,2,2.2419,2.2657,0.5799,0.0,15,181.47,1573
84472,22,2012,3,0.4628,1.6887,0.5327,98.46,9,0.98,2270
84472,23,2012,4,12.4264,3.1536,0.6366,79.41,31,49.18,2462
84472,24,2012,5,0.3104,1.8986,0.3908,97.25,29,1.46,2328
84472,25,2012,6,0.3336,2.3584,0.4906,93.59,28,3.38,2482
84472,26,2012,7,112.5709,3.0707,0.6258,65.06,30,243.98,2705
84472,27,2012,8,37.2376,2.9274,0.4976,87.92,59,243.58,2583
84472,28,2012,9,314.5884,3.1724,0.7608,81.46,18,1575.73,2788
84472,29,2012,10,137.4237,2.6744,0.5997,69.87,22,419.56,1719
84472,30,2012,11,418.0803,3.3575,0.5862,2.03,53,842.76,2220
84472,31,2012,12,0.4453,1.7114,0.4029,99.27,19,4.42,2612
84472,32,2012,13,0.2746,2.3678,0.6219,100.0,14,0.75,2919
84472,33,2012,14,82.3176,2.181,0.4965,62.5,21,175.55,2224
84472,34,2012,15,4.4271,2.8573,0.5715,95.27,32,116.52,2877
84472,35,2012,16,3.085,3.0545,0.6578,99.05,25,160.88,2750
84472,36,2012,17,0.4405,2.5315,0.5763,93.48,21,1.76,2792
84472,37,2012,18,0.2695,2.4214,0.5092,99.2,27,2.16,746
84472,38,2012,19,84.3562,4.6482,0.7332,59.02,81,212.54,427
84472,39,2012,20,12.2397,3.4018,0.6091,0.0,48,181.26,313
84472,40,2012,21,3.9667,2.6135,0.5628,0.0,25,185.96,382
84472,41,2012,22,3.8976,3.1387,0.5898,0.0,40,185.96,363
84472,42,2012,23,2.5885,2.5919,0.4777,0.0,43,179.06,382
84472,43,2012,24,7.5354,3.1171,0.6029,0.0,36,185.85,344
84472,44,2012,25,2.9849,2.5571,0.4712,0.0,43,184.39,604
84472,45,2012,26,42.9208,3.0992,0.5549,0.0,48,330.98,440
84472,46,2012,27,427.5168,2.6758,0.5836,0.0,24,2987.62,212
84472,47,2012,28,259.8443,3.2224,0.6703,0.0,28,2987.62,233
84472,48,2012,29,0.0001,0.0,0.0,100.0,1,0.22,2
84472,49,2012,30,18.2026,3.3284,0.8321,0.0,16,175.56,60
84472,50,2012,31,492.6193,4.4375,0.8178,0.0,43,6578.63,188
84472,51,2012,32,26.1538,3.8121,0.7695,0.0,31,178.76,144
84472,52,2012,33,1.8279,3.6263,0.8537,23.29,19,4.98,73
84472,53,2012,34,0.842,4.4056,0.8119,81.4,43,4.25,258
84472,54,2012,35,3.3756,4.3751,0.8063,79.5,43,14.07,239
84472,55,2012,36,0.6643,3.9647,0.786,84.29,33,3.38,140
84472,56,2012,37,0.3943,2.9457,0.7064,95.71,18,1.57,70
84472,57,2012,38,0.6694,3.7711,0.7844,88.79,28,3.38,107
84472,58,2012,39,0.5642,3.2973,0.6859,85.82,28,2.76,134
84472,59,2012,40,0.576,3.3614,0.7653,77.22,21,1.53,79
84472,60,2012,41,0.6851,4.3418,0.7321,81.41,61,4.44,581
84472,61,2012,42,2.152,4.6285,0.7061,74.3,94,16.97,712
84472,62,2012,43,530.8898,5.9069,0.8816,46.32,104,1219.33,231
84472,63,2012,44,1.2044,4.7815,0.7969,78.26,64,5.2,207
84472,64,2012,45,0.8237,4.0909,0.7539,88.15,43,4.22,270
84472,65,2012,46,2.5709,4.8152,0.773,84.94,75,57.22,538
84472,66,2012,47,132.9047,4.7523,0.7753,34.36,70,337.4,422
84472,67,2012,48,0.6061,4.3165,0.7815,91.35,46,2.79,312
84472,68,2012,49,0.8766,4.7414,0.7762,88.02,69,5.12,484
84472,69,2012,50,85.6583,4.8818,0.7637,39.65,84,182.58,565
84472,70,2012,51,5.8488,3.7913,0.567,0.0,103,188.88,848
84472,71,2012,52,1.2116,3.0473,0.6737,0.0,23,175.56,100
84472,72,2013,1,370.6007,4.2261,0.6724,0.0,78,1825.34,1085
84625,7,2011,40,0.0,0.0,0.0,100.0,1,0.3,59
84625,8,2011,41,0.1644,1.9408,0.9704,100.0,4,0.56,1046
84625,23,2012,4,0.1761,0.5826,0.3676,100.0,3,0.58,413
84625,24,2012,5,0.0019,0.0,0.0,100.0,1,0.58,1237
84625,25,2012,6,0.0976,1.4806,0.7403,100.0,4,0.74,592
84625,26,2012,7,0.046,0.2821,0.2821,100.0,2,0.62,2062
84625,27,2012,8,0.252,1.5446,0.9746,100.0,3,0.6,1243
84625,28,2012,9,0.3225,1.0718,0.5359,100.0,4,0.71,463
84625,29,2012,10,45.744,1.6918,0.8459,84.84,4,127.55,587
84625,30,2012,11,4211.9935,2.2974,0.7247,0.0,9,13101.0,845
84625,31,2012,12,0.0003,0.0,0.0,100.0,1,0.58,122
84625,33,2012,14,0.0,0.0,0.0,0.0,1,127.52,55
84625,34,2012,15,0.0002,0.0,0.0,100.0,1,0.58,477
84625,36,2012,17,0.0406,0.3228,0.3228,100.0,2,0.74,153
84625,37,2012,18,0.0021,0.0,0.0,100.0,1,0.58,1254
84625,38,2012,19,1.0625,2.1234,0.6698,93.75,9,5.26,48
84625,39,2012,20,6.6983,3.585,1.0,0.0,12,128.66,12
84625,41,2012,22,6.0994,3.2879,0.9504,0.0,11,127.51,22
84625,44,2012,25,4.2982,3.3554,0.8388,0.0,16,128.04,56
84625,46,2012,27,12.1031,3.659,0.9365,0.0,15,135.54,22
84625,57,2012,38,0.0366,1.2516,0.7897,100.0,3,0.7,6
84625,58,2012,39,2.2519,2.6121,0.8707,88.0,8,7.29,25
84625,59,2012,40,0.0631,0.9056,0.5714,100.0,3,0.72,30
84625,61,2012,42,12.1895,4.4839,0.9912,0.0,23,127.74,25
84625,62,2012,43,1.6729,2.6515,0.6359,86.25,18,5.17,80
84625,63,2012,44,53.7481,3.2513,0.6445,66.02,33,130.48,103
84625,64,2012,45,0.0433,0.5412,0.3415,100.0,3,0.74,50
84625,65,2012,46,33.8591,2.0495,0.5717,98.72,12,301.4,78
84625,66,2012,47,58.2193,3.7645,0.7074,18.88,40,128.81,143
84625,67,2012,48,13.167,2.6155,0.5955,92.55,21,128.04,188
84625,68,2012,49,0.183,1.8683,0.5624,100.0,10,0.74,79
84625,69,2012,50,28.0916,2.9831,0.6079,90.97,30,130.05,144
84625,70,2012,51,3.8153,4.0153,0.9452,0.0,19,135.54,32
84625,82,2013,11,0.2345,0.7936,0.7936,0.0,2,127.91,46
84625,83,2013,12,0.7541,1.2512,0.4457,0.0,7,129.8,62
84625,91,2013,20,0.2426,0.9864,0.6224,0.0,3,127.69,9
84625,98,2013,27,8.9351,2.2359,0.963,0.0,5,127.42,7
84625,99,2013,28,2.8632,2.1133,0.9101,0.0,5,120.34,9
84841,7,2011,40,0.2368,2.0129,0.5287,99.45,14,0.96,901
84841,8,2011,41,524.0876,2.6426,0.6465,88.94,17,1825.29,2115
84841,9,2011,42,634.3918,1.5512,0.3227,0.08,28,1794.59,2476
84841,10,2011,43,0.2106,1.1003,0.5502,100.0,4,0.76,2958
84841,11,2011,44,61.8575,1.9604,0.5901,76.72,10,147.61,2410
84841,12,2011,45,52.7932,2.1906,0.9434,84.92,5,147.61,2838
84841,13,2011,46,1.1488,1.5522,0.5529,97.79,7,8.24,2348
84841,14,2011,47,81.2338,1.9734,0.4828,15.27,17,215.52,2908
84841,15,2011,48,43.9228,2.4929,0.7206,91.77,11,202.36,2759
84841,16,2011,49,0.2534,1.022,0.4401,99.39,5,1.65,1473
84841,17,2011,50,0.0,0.0,0.0,100.0,1,0.25,8
84841,18,2011,51,0.0,0.0,0.0,0.0,1,1764.02,2
84841,20,2012,1,7.2729,1.0,1.0,0.0,2,1778.48,4
84841,21,2012,2,0.0,0.0,0.0,0.0,1,1797.23,1
84841,29,2012,10,846.2352,3.1486,0.827,35.67,14,1772.65,1483
84841,31,2012,12,0.0745,0.2705,0.2705,100.0,2,0.41,1663
84841,32,2012,13,1.3214,1.7946,0.6942,89.8,6,3.99,2186
84841,33,2012,14,57.6932,2.6833,0.7048,61.01,14,129.11,2080
84841,34,2012,15,41.5852,1.9608,0.4397,68.01,22,120.96,1954
84841,35,2012,16,0.181,0.8746,0.3767,100.0,5,0.76,1618
84841,36,2012,17,0.6886,1.6651,0.7171,83.76,5,1.61,2297
84841,37,2012,18,0.4152,2.1351,0.826,91.05,6,1.13,2446
84841,38,2012,19,460.7657,1.885,0.4825,79.14,15,1765.42,163
84841,39,2012,20,5.3942,3.3035,0.6607,0.0,32,1785.76,221
84841,40,2012,21,2.7304,2.927,0.6025,0.0,29,1766.44,224
84841,41,2012,22,33.2127,4.242,0.7153,0.0,61,1865.41,247
84841,42,2012,23,317.529,3.683,0.7581,0.0,29,1825.3,182
84841,43,2012,24,511.6258,4.2321,0.7799,0.0,43,1018.02,192
84841,44,2012,25,1.2709,3.3693,0.7555,0.0,22,119.22,150
84841,45,2012,26,1.5614,3.7412,0.7782,0.0,28,120.03,115
84841,46,2012,27,571.9568,4.9472,0.9175,0.0,42,1038.4,94
84841,47,2012,28,1.6109,3.5339,0.7708,0.0,24,118.89,137
84841,48,2012,29,3.9673,4.195,0.8468,0.0,31,135.41,101
84841,49,2012,30,662.7867,4.1353,0.777,0.0,40,1763.53,172
84841,50,2012,31,20.791,3.7885,0.6679,0.0,51,1838.14,209
84841,51,2012,32,5.9884,1.8613,0.503,0.0,13,1786.36,46
84841,52,2012,33,788.0767,4.0084,0.7638,46.85,38,1765.51,143
84841,53,2012,34,0.5986,2.1377,0.5963,93.49,12,1.75,169
84841,54,2012,35,0.6231,2.5282,0.6185,92.61,17,1.74,176
84841,55,2012,36,0.8226,2.5225,0.5743,90.05,21,8.21,211
84841,56,2012,37,0.7183,2.3597,0.6821,90.91,11,4.4,121
84841,57,2012,38,1.0731,2.5544,0.6249,87.28,17,5.36,173
84841,58,2012,39,1.1101,2.645,0.6022,83.62,21,6.64,232
84841,59,2012,40,40.7659,3.287,0.6461,72.43,34,116.86,272
84841,60,2012,41,32.7276,3.3166,0.6151,80.79,42,141.56,354
84841,61,2012,42,174.7803,4.7605,0.7427,0.0,85,1839.91,339
84841,62,2012,43,2.4362,3.1742,0.6753,79.56,26,14.11,318
84841,63,2012,44,1.1534,3.9939,0.6734,89.76,61,6.05,371
84841,64,2012,45,1.7043,4.316,0.7193,81.17,64,8.84,308
84841,65,2012,46,1.0042,4.3125,0.7393,88.32,57,5.51,505
84841,66,2012,47,297.8949,4.5193,0.8278,40.62,44,667.06,160
84841,67,2012,48,0.3403,2.4923,0.6735,96.77,13,1.2,62
84841,68,2012,49,0.2568,2.8617,0.7733,100.0,13,0.72,53
84841,69,2012,50,882.9727,3.5163,0.8603,38.1,17,1764.03,42
84841,70,2012,51,3.1724,2.9172,0.7137,0.0,17,1764.83,70
84841,71,2012,52,0.6032,1.5379,0.5949,0.0,6,1764.83,40
84841,72,2013,1,38.836,6.1868,0.9141,0.0,109,1857.39,390
84841,73,2013,2,912.354,3.2327,0.8491,8.57,14,1764.02,35
84841,74,2013,3,918.1877,4.2604,0.8683,71.28,30,8947.02,94
84841,75,2013,4,357.8534,3.9726,0.7945,67.91,32,843.13,134
84841,76,2013,5,36.6567,3.4349,0.8403,62.37,17,119.61,93
84841,77,2013,6,1.1114,3.6289,0.8543,91.58,19,5.47,95
84841,78,2013,7,0.3728,3.3537,0.8043,96.52,18,1.35,115
84841,79,2013,8,20.7136,3.0764,0.8581,89.83,12,160.88,59
84841,80,2013,9,1.1866,3.4488,0.798,90.8,20,5.45,87
84841,81,2013,10,844.6765,4.7204,0.8931,44.09,39,1764.03,93
84841,82,2013,11,692.1278,3.1922,0.8171,6.78,15,1764.1,59
84841,83,2013,12,0.2417,1.9119,0.6373,100.0,8,0.8,50
84841,84,2013,13,0.2908,2.4536,0.6844,100.0,12,0.73,63
84841,85,2013,14,2256.3038,2.5518,0.6702,79.55,14,8947.09,88
84841,86,2013,15,25.3166,3.7277,0.784,77.69,27,117.63,121
84841,87,2013,16,1490.7877,3.8085,0.7762,85.14,30,8947.09,175
84841,88,2013,17,0.4106,3.2557,0.7664,97.67,19,1.2,86
84841,89,2013,18,1.617,4.2557,0.9054,74.55,26,4.94,55
84841,90,2013,19,746.1275,3.5955,0.7258,68.14,31,1800.08,113
84841,92,2013,21,0.5017,0.5917,0.5917,0.0,2,1764.01,7
84841,93,2013,22,5.0622,1.8183,0.7034,0.0,6,1766.28,22
84841,94,2013,23,427.6766,2.5734,0.7178,0.0,12,1840.17,26
84841,95,2013,24,0.9648,1.9338,0.7481,0.0,6,117.52,22
84841,96,2013,25,0.7017,2.3599,0.8406,0.0,7,117.52,14
84841,97,2013,26,1.4819,2.6031,0.7836,0.0,10,119.71,25
84841,98,2013,27,817.47,3.8402,0.9601,0.0,16,1817.22,30
84841,99,2013,28,20.8998,3.3275,0.8992,0.0,13,143.32,23
84841,100,2013,29,0.9529,2.4138,0.8598,0.0,7,117.5,14
84841,101,2013,30,1.0634,2.0349,0.7872,0.0,6,117.14,13
84841,104,2013,33,2.8602,1.1982,0.756,0.0,3,1764.02,13
84841,105,2013,34,886.8715,2.2709,0.8785,14.29,6,1764.02,14
84841,117,2013,46,0.7043,3.0375,0.7151,87.38,19,3.59,103
84841,118,2013,47,0.9817,4.6518,0.7696,74.18,66,3.42,275
84841,119,2013,48,8.0178,2.2384,0.7461,0.0,8,693.03,37
84841,120,2013,49,304.1139,6.2869,0.8709,43.04,149,702.97,316
84841,121,2013,50,0.1189,1.8437,0.6146,100.0,8,0.47,66
84841,122,2013,51,827.469,6.7791,0.8757,31.2,214,1785.68,484
84841,123,2013,52,14.837,5.353,0.8023,0.0,102,1795.77,268
84841,124,2014,1,13.949,5.9706,0.8839,0.0,108,1861.82,215
84841,125,2014,2,5.1492,4.9945,0.7424,0.0,106,1794.08,279
84841,126,2014,3,448.4368,5.8908,0.8026,51.92,162,1764.01,416
84841,127,2014,4,382.173,7.6555,0.915,23.43,330,850.22,589
84841,128,2014,5,0.3353,3.2984,0.7397,100.0,22,0.89,81
84841,150,2014,27,0.0,0.0,0.0,0.0,1,117.19,1
84841,155,2014,32,0.0,0.0,0.0,0.0,1,1541.05,1
85596,7,2011,40,0.5914,2.1777,0.572,99.5,14,8.05,2222
85596,8,2011,41,729.7831,2.9912,0.6157,65.89,29,1591.84,3043
85596,9,2011,42,742.3598,2.1808,0.4756,23.72,24,1591.84,3267
85596,10,2011,43,1.2743,2.2643,0.6545,97.62,11,8.04,3109
85596,11,2011,44,0.5063,2.3271,0.6727,92.52,11,2.07,2220
85596,12,2011,45,2.5027,1.8861,0.5261,89.72,12,8.08,2393
85596,13,2011,46,0.9038,1.8375,0.4826,85.87,14,4.94,2512
85596,14,2011,47,775.9242,2.8236,0.5505,29.25,35,1591.88,2950
85596,15,2011,48,0.2278,2.374,0.5493,98.38,20,4.56,3213
85596,16,2011,49,0.1621,1.2845,0.4052,98.49,9,0.96,2321
85596,17,2011,50,742.6505,2.4728,0.6182,63.33,16,1591.86,2836
85596,18,2011,51,2.9307,1.2426,0.392,0.0,9,1591.88,2191
85596,19,2011,52,2.1536,2.0703,0.5984,0.0,11,1594.28,3275
85596,20,2012,1,5.7286,1.4735,0.411,0.0,12,1591.89,2581
85596,21,2012,2,606.1592,1.9316,0.3736,0.0,36,1591.83,2800
85596,22,2012,3,0.6977,1.2976,0.4094,99.24,9,7.03,2907
85596,23,2012,4,0.1694,1.0347,0.5174,100.0,4,0.58,1599
85596,24,2012,5,0.274,2.0346,0.7247,90.63,7,1.15,3019
85596,25,2012,6,0.3377,1.6968,0.5108,99.94,10,1.11,1668
85596,26,2012,7,0.1782,1.5026,0.4523,99.78,10,1.48,3222
85596,27,2012,8,0.8319,1.9346,0.5592,98.92,11,7.52,3144
85596,28,2012,9,0.2333,1.249,0.4449,99.85,7,1.47,2742
85596,29,2012,10,741.7281,2.4056,0.5885,63.45,17,1591.47,2517
85596,30,2012,11,237.8622,1.3743,0.4335,2.29,9,1591.47,2840
85596,31,2012,12,0.4604,1.596,0.6174,99.84,6,1.0,2537
85596,32,2012,13,0.2183,1.1507,0.726,100.0,3,0.75,3268
85596,33,2012,14,81.3163,2.5897,0.6802,63.73,14,172.53,2967
85596,34,2012,15,62.1847,2.2563,0.8037,84.5,7,172.53,3012
85596,35,2012,16,2.8479,2.4005,0.6696,81.27,12,7.49,3016
85596,36,2012,17,0.2301,1.4627,0.7314,100.0,4,0.74,2228
85596,37,2012,18,0.1263,1.6092,0.4227,100.0,14,0.74,829
85596,38,2012,19,230.0755,5.1705,0.8327,31.44,74,499.61,229
85596,39,2012,20,380.5026,4.7337,0.7804,0.0,67,1591.88,243
85596,40,2012,21,297.4731,3.4675,0.676,0.0,35,1591.83,319
85596,41,2012,22,3.7812,3.2217,0.6095,0.0,39,1593.52,212
85596,42,2012,23,6.5288,3.9423,0.6329,0.0,75,1594.2,401
85596,43,2012,24,3.3047,3.9155,0.7216,0.0,43,1594.2,265
85596,44,2012,25,95.297,4.392,0.7051,0.0,75,1593.96,354
85596,45,2012,26,3.2764,4.013,0.6766,0.0,61,1593.96,274
85596,46,2012,27,3.164,3.1118,0.6342,0.0,30,1591.84,200
85596,47,2012,28,2.8291,2.9185,0.5837,0.0,32,1591.88,202
85596,48,2012,29,2.7307,3.0635,0.5838,0.0,38,1591.84,220
85596,49,2012,30,3.7255,3.5433,0.6571,0.0,42,1595.57,199
85596,50,2012,31,3.2337,3.2392,0.7264,0.0,22,1591.83,128
85596,51,2012,32,3.1447,3.6657,0.8104,0.0,23,1591.83,98
85596,52,2012,33,744.618,3.4537,0.813,53.23,19,1592.61,62
85596,53,2012,34,0.3049,3.4791,0.709,98.66,30,1.03,149
85596,54,2012,35,1.4215,2.9067,0.634,95.56,24,7.91,180
85596,55,2012,36,0.3432,3.304,0.6608,97.7,32,1.18,174
85596,56,2012,37,0.3032,3.2044,0.69,99.38,25,1.03,161
85596,57,2012,38,2.3345,3.7677,0.7129,85.71,39,7.85,175
85596,58,2012,39,294.0337,4.1008,0.7304,83.59,49,841.86,195
85596,59,2012,40,71.6428,3.3056,0.613,96.66,42,824.79,389
85596,60,2012,41,708.0187,4.9339,0.7527,70.13,94,1638.7,519
85596,61,2012,42,666.4021,4.575,0.7101,18.36,87,1636.78,403
85596,62,2012,43,675.7443,4.8236,0.772,54.4,76,1401.61,375
85596,63,2012,44,1.1143,2.6589,0.5878,94.86,23,6.5,311
85596,64,2012,45,1.5418,2.6882,0.6328,89.97,19,7.76,329
85596,65,2012,46,0.3709,2.3558,0.589,95.67,16,1.48,300
85596,66,2012,47,704.4072,4.1065,0.7477,21.36,45,1591.53,337
85596,67,2012,48,0.8489,2.3195,0.546,94.35,19,6.37,283
85596,68,2012,49,0.3711,3.9753,0.7631,99.49,37,1.69,390
85596,69,2012,50,787.7177,5.5205,0.7861,33.64,130,1647.11,431
85596,70,2012,51,4.068,4.4271,0.6708,0.0,97,1597.16,471
85596,71,2012,52,8.6024,4.0492,0.7036,0.0,54,1592.97,267
85596,72,2013,1,11.5554,3.8025,0.5948,0.0,84,1592.14,357
85596,73,2013,2,2.1191,2.5704,0.5011,0.0,35,1595.75,325
85596,74,2013,3,328.5405,3.5079,0.6465,91.07,43,1591.83,336
85596,75,2013,4,1.2791,3.725,0.6908,95.73,42,7.71,375
85596,76,2013,5,0.6955,3.464,0.665,98.84,37,7.71,431
85596,77,2013,6,0.2553,3.0867,0.6291,98.99,30,1.49,493
85596,78,2013,7,2.5761,3.9325,0.708,82.64,47,7.7,484
85596,79,2013,8,0.3613,3.5186,0.6612,98.61,40,1.76,431
85596,80,2013,9,2.0615,3.5008,0.6578,89.9,40,7.81,386
85596,81,2013,10,1030.2927,4.4046,0.7116,59.02,73,2147.06,510
85596,82,2013,11,1054.8537,4.6857,0.7391,0.0,81,2147.32,463
85596,83,2013,12,210.9805,3.9869,0.696,74.23,53,494.36,392
85596,84,2013,13,207.8307,5.5285,0.7711,40.55,144,494.41,434
85596,85,2013,14,64.6332,4.7035,0.744,67.34,80,167.39,346
85596,86,2013,15,18.498,4.6936,0.7212,65.92,91,301.4,449
85596,87,2013,16,18.6472,3.1021,0.6204,95.77,32,301.4,260
85596,88,2013,17,0.8968,2.9011,0.5489,95.03,39,8.68,382
85596,89,2013,18,884.9825,3.1229,0.7003,95.21,22,12118.31,188
85596,90,2013,19,837.1409,4.888,0.7872,41.15,74,2890.92,452
85596,91,2013,20,6.2924,4.0611,0.6768,0.0,64,1593.9,347
85596,97,2013,26,1394.7722,4.3033,0.7882,0.0,44,6640.58,120
85596,98,2013,27,404.5967,3.9533,0.6541,0.0,66,1600.56,348
85596,99,2013,28,4.2646,4.1643,0.705,24.01,60,30.22,379
85596,100,2013,29,3.747,4.288,0.6996,18.76,70,16.87,501
85596,101,2013,30,3.9173,4.1065,0.6656,20.61,72,17.04,495
85596,102,2013,31,6.8054,4.6153,0.6977,22.34,98,42.58,546
85596,103,2013,32,4.2908,3.9442,0.6953,23.84,51,30.83,302
85596,104,2013,33,644.4241,4.8873,0.7279,13.57,105,1591.84,420
85596,105,2013,34,560.6418,2.7278,0.4833,1.6,50,1591.83,250
85596,106,2013,35,0.1463,2.3171,0.6975,100.0,10,0.61,61
85596,107,2013,36,0.6632,3.6726,0.756,97.69,29,7.05,173
85596,108,2013,37,0.3765,4.5376,0.8919,97.04,34,1.01,135
85596,109,2013,38,0.282,3.4354,0.7949,94.29,20,1.28,70
85596,110,2013,39,2.5469,4.7931,0.8368,71.84,53,8.33,174
85596,111,2013,40,666.5127,6.4493,0.9199,12.27,129,1856.11,220
85596,112,2013,41,1.3551,3.6578,0.753,70.91,29,7.04,110
85596,113,2013,42,181.1428,4.4709,0.8141,88.39,45,1591.83,155
85596,114,2013,43,521.3759,2.7958,0.5698,3.6,30,1591.88,139
85596,115,2013,44,2.2753,4.9615,0.8791,77.18,50,10.27,149
85596,116,2013,45,1.0507,4.3761,0.8752,91.67,32,7.05,84
85596,117,2013,46,0.7412,4.1702,0.8267,89.08,33,4.55,119
85596,118,2013,47,1.0276,3.9639,0.8246,95.56,28,5.66,135
85596,119,2013,48,79.9072,3.7142,0.6484,30.94,53,167.17,181
85596,120,2013,49,2.261,3.7969,0.8785,89.38,20,7.08,113
85596,121,2013,50,3.0936,4.2245,0.8109,66.94,37,8.0,121
85596,122,2013,51,779.3162,5.4539,0.8532,26.9,84,1592.11,171
85596,123,2013,52,8.6389,2.8234,0.5141,0.0,45,1592.5,172
85596,124,2014,1,107.931,5.3042,0.849,0.0,76,1641.89,135
85596,125,2014,2,772.9677,4.1162,0.7027,0.0,58,1591.83,169
85596,126,2014,3,29.9441,3.6158,0.7443,91.72,29,155.93,157
85596,127,2014,4,0.3201,3.5424,0.7219,97.71,30,3.08,218
85596,128,2014,5,0.68,3.3789,0.6955,95.73,29,4.78,164
85596,129,2014,6,0.2075,3.3866,0.7972,98.51,19,1.08,134
85596,130,2014,7,2.0165,3.5676,0.6955,83.56,35,7.05,146
85596,131,2014,8,44.5139,4.9614,0.8543,72.84,56,118.75,162
85596,132,2014,9,101.9299,6.0256,0.907,39.73,100,221.32,219
85596,133,2014,10,1227.4513,5.6988,0.9121,62.58,76,2934.17,155
85596,134,2014,11,1280.2489,7.1576,0.9764,9.41,161,2934.19,202
85596,135,2014,12,1.2711,5.0384,0.8638,83.33,57,7.05,174
85596,136,2014,13,0.9741,3.5179,0.924,87.5,14,3.92,24
85596,137,2014,14,0.0391,0.9183,0.9183,100.0,2,0.48,3
85596,138,2014,15,0.0,0.0,0.0,100.0,1,0.52,1
85596,139,2014,16,782.2755,1.0,1.0,50.0,2,1563.5,2
85596,145,2014,22,0.0,0.0,0.0,0.0,1,1591.83,1
85970,7,2011,40,0.7068,2.8051,0.7825,90.3,12,1.9,1763
85970,8,2011,41,80.4339,2.9011,0.6713,72.13,20,189.76,2684
85970,9,2011,42,46.9198,1.8363,0.5122,6.38,12,196.9,2164
85970,10,2011,43,2.4136,3.0653,0.8051,85.24,14,16.64,2453
85970,11,2011,44,0.2541,1.9557,0.5455,99.38,12,1.66,2425
85970,12,2011,45,0.3864,2.5129,0.66,96.66,14,1.86,2545
85970,13,2011,46,0.313,2.2264,0.7024,100.0,9,0.75,1320
85970,14,2011,47,82.8648,1.9391,0.4848,26.04,16,216.2,2012
85970,15,2011,48,30.6167,2.5679,0.856,97.24,8,186.82,2388
85970,16,2011,49,0.2302,1.4917,0.6424,100.0,5,0.86,1135
85970,17,2011,50,94.5426,1.6618,0.6429,60.56,6,197.31,1364
85970,18,2011,51,1103.0522,2.7277,0.5674,0.0,28,3107.31,2387
85970,19,2011,52,1462.0324,2.9748,0.559,0.0,40,3109.32,2774
85970,20,2012,1,2.5781,0.8719,0.2625,0.0,10,200.06,2780
85970,21,2012,2,1.113,0.8397,0.2528,0.0,10,197.48,2668
85970,22,2012,3,36.0819,1.3423,0.4474,96.05,8,186.82,1571
85970,23,2012,4,0.2109,1.849,0.4733,99.76,15,2.13,2972
85970,24,2012,5,0.2607,1.6253,0.3898,99.28,18,3.54,2091
85970,25,2012,6,0.3233,2.1367,0.5774,97.76,13,3.54,2770
85970,26,2012,7,30.1696,2.5898,0.6336,89.54,17,125.0,1884
85970,27,2012,8,1.9597,2.9137,0.7458,63.84,15,4.72,1817
85970,28,2012,9,0.8964,2.3536,0.7085,96.21,10,4.72,1768
85970,29,2012,10,92.3359,1.8922,0.5696,57.42,10,188.82,1691
85970,30,2012,11,0.6461,0.1493,0.0432,0.0,11,196.04,2401
85970,31,2012,12,33.1852,1.7455,0.5254,96.41,10,186.82,2144
85970,32,2012,13,1.1765,2.0627,0.6209,94.18,10,5.02,2198
85970,33,2012,14,0.7633,1.7146,0.5409,97.7,9,5.02,827
85970,36,2012,17,0.0011,0.0,0.0,100.0,1,0.12,5
85970,37,2012,18,93.4295,4.2539,0.8293,46.92,35,215.41,130
85970,38,2012,19,57.6268,3.305,0.7117,90.91,25,209.45,143
85970,39,2012,20,627.3186,4.7212,0.7899,0.0,63,1542.33,164
85970,40,2012,21,599.9901,4.1655,0.6969,0.0,63,1549.96,229
85970,41,2012,22,5.5224,2.4401,0.5076,0.0,28,207.54,215
85970,42,2012,23,1.9978,2.908,0.5541,0.0,38,190.92,265
85970,43,2012,24,73.268,3.9545,0.7007,0.0,50,214.98,162
85970,44,2012,25,4.7203,2.9833,0.5644,0.0,39,201.97,241
85970,45,2012,26,197.5287,3.4954,0.6929,0.0,33,323.83,128
85970,46,2012,27,205.5367,4.3611,0.9512,0.0,24,372.91,36
85970,47,2012,28,20.0213,2.7776,0.6795,0.0,17,283.48,65
85970,48,2012,29,105.9359,4.3279,0.7668,0.0,50,208.64,162
85970,49,2012,30,83.0465,3.3941,0.6255,0.0,43,215.44,180
85970,50,2012,31,6.0955,2.4754,0.4432,0.0,48,215.46,318
85970,51,2012,32,1.2546,1.3045,0.823,0.0,3,188.72,85
85970,52,2012,33,4.8675,3.3682,0.6567,0.0,35,213.8,228
85970,53,2012,34,7.3985,3.6756,0.6223,83.67,60,160.88,490
85970,54,2012,35,0.3689,3.1045,0.6391,97.71,29,1.69,218
85970,55,2012,36,0.6342,4.0528,0.7257,89.61,48,5.62,414
85970,56,2012,37,0.3603,3.5383,0.6792,95.81,37,1.57,191
85970,57,2012,38,0.5218,3.4058,0.7428,89.67,24,1.64,184
85970,59,2012,40,0.2078,1.4488,0.9141,85.71,3,0.85,7
85970,60,2012,41,84.2182,2.5919,0.8176,65.38,9,186.87,52
85970,61,2012,42,90.6685,2.9652,0.8271,35.14,12,208.0,37
85970,62,2012,43,0.0566,1.361,0.8587,100.0,3,0.42,10
85970,63,2012,44,0.0027,0.0,0.0,100.0,1,0.38,20
85970,64,2012,45,0.0797,0.7496,0.7496,100.0,2,0.38,14
85970,65,2012,46,0.0324,0.2006,0.2006,100.0,2,0.38,32
85970,66,2012,47,139.9198,2.4654,0.8218,13.79,8,216.41,29
85970,67,2012,48,0.1164,0.5907,0.3727,100.0,3,0.75,19
85970,68,2012,49,0.2543,0.4395,0.4395,100.0,2,0.72,22
85970,69,2012,50,92.2428,1.6802,0.8401,45.83,4,185.46,24
85970,70,2012,51,162.475,1.7179,0.859,0.0,4,618.29,24
85970,71,2012,52,31.5377,1.585,1.0,0.0,3,944.73,3
85970,72,2013,1,625.0785,0.65,0.65,0.0,2,1856.22,6
85970,73,2013,2,448.5518,0.4138,0.4138,0.0,2,1801.49,12
85970,74,2013,3,0.003,0.0,0.0,100.0,1,0.35,5
85970,75,2013,4,0.308,1.371,0.865,100.0,3,0.73,5
85970,76,2013,5,0.0031,0.0,0.0,100.0,1,0.33,8
85970,77,2013,6,0.1322,1.4488,0.9141,100.0,3,0.4,7
85970,78,2013,7,0.2059,1.585,1.0,100.0,3,0.74,3
85970,79,2013,8,0.0912,1.1255,0.7101,100.0,3,0.41,21
85970,80,2013,9,0.1976,0.7642,0.7642,100.0,2,0.72,9
85970,81,2013,10,68.9865,1.0409,0.6567,83.33,3,185.44,12
85970,92,2013,21,1.5953,2.4847,0.9612,0.0,6,188.7,24
85970,93,2013,22,1.0732,1.4346,0.6178,0.0,5,187.3,24
85970,94,2013,23,1.8023,2.3678,0.747,0.0,9,190.97,114
85970,95,2013,24,2.4891,2.0144,0.7176,0.0,7,190.94,40
85970,96,2013,25,2.0913,1.8233,0.7853,0.0,5,189.26,23
85970,97,2013,26,1.366,1.3328,0.8409,0.0,3,188.85,17
85970,98,2013,27,226.2001,3.9156,0.9579,0.0,17,902.86,37
85970,99,2013,28,3.0748,1.695,0.73,0.0,5,192.14,24
85970,100,2013,29,1.4341,1.6894,0.8447,0.0,4,190.5,14
85970,101,2013,30,46.0596,2.8135,0.7848,0.0,12,281.85,38
85970,102,2013,31,1.9865,1.5,0.9464,0.0,3,188.89,8
85970,103,2013,32,4.0316,1.6714,0.7198,0.0,5,190.6,26
85970,104,2013,33,6.7205,2.1181,0.9122,0.0,5,200.61,11
85970,105,2013,34,17.7499,0.971,0.971,0.0,2,218.4,10
85970,122,2013,51,5.3366,0.7219,0.7219,0.0,2,199.93,5
85970,126,2014,3,0.9248,2.4029,0.5388,96.15,22,5.75,104
85970,127,2014,4,0.666,2.2346,0.6727,80.49,10,1.9,41
85970,128,2014,5,0.2353,0.7219,0.7219,100.0,2,0.49,20
85970,129,2014,6,1.9524,2.8089,0.6736,91.78,18,11.77,73
85970,130,2014,7,0.2743,3.1762,0.7021,100.0,23,0.91,139
85970,131,2014,8,84.1578,4.7796,0.8059,24.58,61,233.76,118
85970,132,2014,9,0.1699,1.8722,0.4917,100.0,14,0.58,60
85970,133,2014,10,310.1123,2.5406,0.6503,72.22,15,708.89,54
85970,134,2014,11,214.3295,8.2876,0.9845,4.3,342,708.89,395
85970,139,2014,16,94.6613,5.5834,0.7745,43.67,148,208.41,490
85970,140,2014,17,59.6158,4.6398,0.7046,72.02,96,189.28,386
85970,142,2014,19,0.2784,2.1293,0.5939,96.15,12,1.3,104
85970,148,2014,25,0.0,0.0,0.0,0.0,1,122.97,1
85970,149,2014,26,0.0,0.0,0.0,0.0,1,141.46,1
85970,154,2014,31,0.0011,0.0,0.0,0.0,1,153.7,2
85970,156,2014,33,10.9231,1.0,1.0,0.0,2,208.4,2
85970,157,2014,34,0.0,0.0,0.0,0.0,1,1.51,1
85970,158,2014,35,0.0039,0.0,0.0,0.0,1,1.51,3
86009,7,2011,40,0.4472,3.7153,0.6518,94.1,52,4.27,1645
86009,8,2011,41,213.7429,4.0374,0.6482,90.28,75,955.5,1801
86009,9,2011,42,469.7973,5.244,0.7335,35.8,142,957.36,1760
86009,10,2011,43,0.555,2.6198,0.6167,86.45,19,2.8,2583
86009,11,2011,44,0.4279,3.3434,0.5732,95.96,57,4.5,2351
86009,12,2011,45,1.4541,3.3804,0.5677,95.41,62,8.04,2595
86009,13,2011,46,0.9799,3.2679,0.5733,98.21,52,8.04,3024
86009,14,2011,47,66.4704,2.536,0.4047,41.47,77,141.67,2865
86009,15,2011,48,0.4413,2.2351,0.5262,96.14,19,1.65,2983
86009,16,2011,49,0.3786,2.1417,0.5354,95.41,16,1.65,2613
86009,17,2011,50,302.2434,3.2191,0.4729,74.66,112,834.36,2486
86009,18,2011,51,6.9128,2.0998,0.5857,0.0,12,841.73,2005
86009,19,2011,52,13.1388,2.7138,0.5033,0.0,42,837.16,3098
86009,20,2012,1,9.8683,3.1591,0.5208,0.0,67,841.75,2760
86009,21,2012,2,8.4472,2.076,0.3697,0.0,49,853.94,2907
86009,22,2012,3,232.2348,2.599,0.4917,83.53,39,832.26,3109
86009,23,2012,4,0.3505,1.9758,0.5189,98.96,14,1.65,3082
86009,24,2012,5,0.5436,1.8026,0.4506,95.88,16,5.06,3229
86009,25,2012,6,1.0569,1.8415,0.4416,97.02,18,9.15,2991
86009,26,2012,7,0.2205,1.3518,0.3771,99.61,12,1.48,2306
86009,27,2012,8,0.3527,1.7596,0.4908,96.02,12,1.49,1760
86009,28,2012,9,0.2393,1.5454,0.4059,99.57,14,2.23,2792
86009,29,2012,10,194.5797,2.092,0.5836,93.37,12,831.8,2276
86009,30,2012,11,340.9132,2.8045,0.7011,12.84,16,832.04,1565
86009,31,2012,12,0.3211,1.4185,0.5487,98.56,6,1.51,2229
86009,32,2012,13,125.6607,2.844,0.5981,72.38,27,305.58,2386
86009,33,2012,14,1.015,2.5464,0.6107,87.97,18,8.22,3034
86009,34,2012,15,0.4022,2.0671,0.5766,98.68,12,1.0,3022
86009,35,2012,16,0.5148,2.2416,0.5888,88.02,14,2.95,2787
86009,36,2012,17,18.7252,2.0274,0.4422,95.14,24,137.13,2899
86009,37,2012,18,12.2761,2.842,0.5792,97.99,30,120.28,993
86009,38,2012,19,198.8048,2.1606,0.5401,87.7,16,831.14,309
86009,39,2012,20,20.8931,3.4342,0.6369,0.0,42,841.6,275
86009,40,2012,21,101.227,4.0444,0.7203,0.0,49,1049.47,252
86009,41,2012,22,348.4297,2.8852,0.5939,0.0,29,2917.86,314
86009,42,2012,23,3.6814,3.2238,0.7229,0.0,22,2916.11,246
86009,43,2012,24,4.2376,3.0182,0.6583,0.0,24,2921.25,168
86009,44,2012,25,5.9212,3.2001,0.64,0.0,32,2937.5,257
86009,45,2012,26,4.4924,3.0913,0.6363,0.0,29,2938.18,317
86009,46,2012,27,12.1118,3.1228,0.6644,0.0,26,2940.58,156
86009,47,2012,28,27.8319,3.9752,0.7281,0.0,44,2982.1,212
86009,48,2012,29,10.2635,2.4939,0.6101,0.0,17,2979.74,140
86009,49,2012,30,6.1294,3.0364,0.7148,0.0,19,2917.89,128
86009,50,2012,31,737.0929,4.0911,0.8182,0.0,32,2920.67,177
86009,51,2012,32,161.051,3.8668,0.8043,0.0,28,1149.73,81
86009,52,2012,33,345.2711,1.8366,0.9183,22.22,4,834.94,9
86009,53,2012,34,0.7172,1.0141,0.6398,75.0,3,2.26,16
86009,54,2012,35,0.0401,0.4138,0.4138,100.0,2,0.41,12
86009,55,2012,36,0.2863,0.9464,0.5971,100.0,3,0.75,14
86009,56,2012,37,0.0151,0.8813,0.8813,100.0,2,0.4,10
86009,57,2012,38,0.1567,0.9183,0.9183,100.0,2,0.7,9
86009,58,2012,39,0.041,0.5917,0.5917,100.0,2,0.39,14
86009,59,2012,40,0.0363,1.2327,0.7777,100.0,3,0.38,18
86009,60,2012,41,0.472,2.4087,0.858,95.0,7,1.03,20
86009,61,2012,42,56.7422,1.9656,0.8465,46.67,5,115.14,15
86009,62,2012,43,0.1432,0.978,0.6171,100.0,3,0.73,17
86009,63,2012,44,1.0558,1.5219,0.9602,80.0,3,2.36,5
86009,64,2012,45,0.5201,1.4591,0.9206,83.33,3,1.03,6
86009,66,2012,47,345.1043,1.8911,0.9455,22.22,4,831.0,9
86009,67,2012,48,0.4373,1.2871,0.812,100.0,3,0.72,14
86009,68,2012,49,0.2383,1.3831,0.8726,100.0,3,0.75,17
86009,69,2012,50,380.0183,2.4919,0.8306,65.22,8,831.09,23
86009,70,2012,51,11.2664,2.1556,0.9284,0.0,5,831.9,8
86009,71,2012,52,142.2585,1.574,0.787,0.0,4,1149.43,17
86009,72,2013,1,579.4785,2.6892,0.7773,0.0,11,841.81,27
86009,73,2013,2,262.4801,3.0311,0.9125,0.0,10,832.17,19
86009,74,2013,3,0.1441,0.9637,0.6081,100.0,3,0.74,21
86009,75,2013,4,0.0402,1.2718,0.8024,100.0,3,0.44,16
86009,76,2013,5,0.2754,0.8113,0.8113,100.0,2,0.74,8
86009,77,2013,6,0.0715,0.971,0.971,100.0,2,0.41,10
86009,78,2013,7,0.107,0.5436,0.5436,100.0,2,0.41,8
86009,79,2013,8,0.2009,1.1452,0.5726,100.0,4,0.74,25
86009,80,2013,9,0.2012,1.1626,0.7335,100.0,3,0.82,23
86009,81,2013,10,400.2746,1.573,0.6775,63.33,5,832.22,30
86009,82,2013,11,70.9905,2.6619,0.8397,0.0,9,837.39,34
86009,83,2013,12,0.0027,0.0,0.0,100.0,1,0.44,13
86009,84,2013,13,0.2345,1.7296,0.8648,100.0,4,0.73,12
86009,85,2013,14,0.5135,2.4917,0.9639,87.5,6,1.11,24
86009,86,2013,15,0.0293,0.8631,0.8631,100.0,2,0.31,14
86009,87,2013,16,0.1626,1.5488,0.7744,100.0,4,0.35,8
86009,108,2013,37,43.7971,3.8715,0.8053,71.21,28,152.47,132
86009,109,2013,38,0.6553,4.1106,0.7777,85.11,39,3.67,262
86009,110,2013,39,0.9821,3.9254,0.8561,52.04,24,2.47,98
86009,111,2013,40,0.9961,3.9358,0.7736,53.94,34,4.07,241
86009,112,2013,41,0.8093,3.5987,0.9452,56.82,14,1.51,44
86009,113,2013,42,138.6065,4.6809,0.8681,55.45,42,836.38,110
86009,114,2013,43,326.8232,4.7283,0.8005,3.85,60,836.38,208
86009,115,2013,44,0.9992,4.772,0.8639,73.72,46,7.48,156
86009,116,2013,45,252.789,4.048,0.8171,41.67,31,540.81,84
86009,117,2013,46,0.7991,4.2983,0.838,65.19,35,2.95,135
86009,118,2013,47,0.6773,4.1174,0.7846,84.8,38,4.7,204
86009,119,2013,48,2.102,3.6773,0.7494,63.37,30,16.16,202
86009,120,2013,49,0.9974,4.4449,0.8598,61.29,36,3.43,155
86009,121,2013,50,0.4201,3.2594,0.7542,93.83,20,1.17,162
86009,122,2013,51,357.5974,4.3761,0.7715,48.9,51,832.62,272
86009,123,2013,52,80.6006,4.5919,0.8136,0.0,50,1150.18,216
86009,124,2014,1,3.8692,1.5919,0.796,0.0,4,841.98,16
86009,125,2014,2,12.7935,3.3964,0.7065,0.0,28,831.62,189
86009,126,2014,3,410.8604,4.2773,0.8273,38.27,36,831.63,162
86009,127,2014,4,0.543,3.283,0.7729,89.61,19,1.39,77
86009,128,2014,5,112.4131,4.4072,0.7694,67.86,53,283.47,168
86009,129,2014,6,0.5896,3.5876,0.7112,95.04,33,4.37,121
86009,130,2014,7,167.2995,5.3787,0.9034,57.5,62,441.1,120
86009,131,2014,8,0.6004,4.7055,0.8295,85.43,51,2.08,199
86009,132,2014,9,0.5181,4.8688,0.8541,88.05,52,1.67,226
86009,133,2014,10,268.6269,5.2605,0.8672,78.1,67,831.68,242
86009,134,2014,11,243.8615,5.784,0.825,7.44,129,918.74,336
86009,135,2014,12,0.5234,4.6133,0.8174,90.0,50,1.38,260
86009,136,2014,13,0.4663,4.2905,0.8832,94.44,29,1.35,72
86009,137,2014,14,0.0021,0.0,0.0,100.0,1,0.1,2
86009,138,2014,15,195.8097,1.0,1.0,50.0,2,391.62,2
86009,139,2014,16,445.772,1.5219,0.9602,40.0,3,909.54,5
86009,140,2014,17,0.0019,0.0,0.0,100.0,1,0.09,2
86009,143,2014,20,620.3858,1.9183,0.9591,0.0,4,830.24,6
86009,144,2014,21,2.8415,0.9183,0.9183,0.0,2,830.38,3
86009,145,2014,22,2.5515,1.75,0.875,0.0,4,830.39,8
86009,146,2014,23,619.6561,1.2516,0.7897,0.0,3,828.76,6
86009,147,2014,24,0.002,0.0,0.0,0.0,1,1.31,6
86009,148,2014,25,68.5941,2.2359,0.963,0.0,5,139.88,7
86009,150,2014,27,0.0025,0.0,0.0,0.0,1,1.31,3
86009,151,2014,28,0.329,0.7219,0.7219,80.0,2,1.3,5
86009,152,2014,29,0.0,0.0,0.0,100.0,1,0.75,1
86009,154,2014,31,0.5325,1.0,1.0,50.0,2,1.3,2
86009,155,2014,32,415.2593,1.5,0.9464,25.0,3,828.98,4
86009,156,2014,33,27.0249,1.5,0.9464,0.0,3,828.98,4
86009,157,2014,34,359.1215,0.8113,0.8113,25.0,2,828.98,4
86009,158,2014,35,0.2187,0.5917,0.5917,100.0,2,0.7,7
86009,159,2014,36,0.5072,1.5,0.9464,75.0,3,0.95,4
86009,160,2014,37,0.3667,0.9183,0.9183,100.0,2,0.85,3
86009,161,2014,38,0.0,0.0,0.0,100.0,1,0.09,1
86009,162,2014,39,0.2213,0.9183,0.9183,100.0,2,0.53,3
86009,163,2014,40,0.1973,0.9183,0.9183,100.0,2,0.85,3
86009,164,2014,41,0.0003,0.0,0.0,100.0,1,0.09,2
86009,165,2014,42,1240.7494,1.5,0.9464,50.0,3,2890.95,4
86009,166,2014,43,110.0098,1.0,1.0,0.0,2,3032.08,2
86009,167,2014,44,0.2014,2.1281,0.9165,100.0,5,0.52,7
86009,170,2014,47,1.0526,2.0,1.0,50.0,4,1.31,4
86009,171,2014,48,360.3928,2.0,1.0,25.0,4,831.51,4
86009,172,2014,49,0.6274,1.8424,0.9212,100.0,4,1.17,7
86009,173,2014,50,0.1814,1.585,1.0,100.0,3,0.54,3
86009,174,2014,51,204.8724,2.9219,0.974,0.0,8,835.05,10
86009,175,2014,52,3.0557,1.585,1.0,0.0,3,836.48,3
86009,176,2015,1,2.0775,1.8424,0.9212,0.0,4,836.49,7
86009,177,2015,2,275.8588,2.5,0.9671,0.0,6,836.49,8
86009,178,2015,3,0.3765,0.9183,0.9183,100.0,2,0.86,3
86009,179,2015,4,0.0,0.0,0.0,100.0,1,0.86,1
86009,180,2015,5,0.3978,1.0,1.0,100.0,2,0.86,2
86009,181,2015,6,0.5628,0.9183,0.9183,100.0,2,1.2,3
86237,7,2011,40,0.6577,1.9629,0.4907,98.22,16,4.87,1122
86237,8,2011,41,305.1082,3.1682,0.7004,69.53,23,742.39,1884
86237,9,2011,42,277.0834,2.3183,0.556,9.33,18,742.39,2314
86237,10,2011,43,0.2042,1.6797,0.4199,88.88,16,0.91,1681
86237,11,2011,44,0.2908,2.924,0.7902,82.0,13,1.29,1878
86237,12,2011,45,0.2063,1.4277,0.375,97.16,14,1.29,950
86237,13,2011,46,0.3327,2.1633,0.6824,100.0,9,0.77,1103
86237,14,2011,47,358.1323,3.3433,0.7736,36.72,20,742.35,1860
86237,15,2011,48,0.2288,2.2768,0.6581,100.0,11,0.74,1505
86237,16,2011,49,0.4299,2.1069,0.7505,100.0,7,0.77,682
86237,17,2011,50,361.6428,2.2397,0.8664,35.42,6,740.54,768
86237,18,2011,51,1.0272,1.2254,0.4365,0.0,7,737.08,919
86237,19,2011,52,1.9196,1.2269,0.7741,0.0,3,737.94,770
86237,20,2012,1,9.7067,1.5138,0.4376,0.0,11,745.48,1701
86237,21,2012,2,17.9177,1.5423,0.6642,0.0,5,736.27,1783
86237,22,2012,3,350.0935,1.8252,0.5494,65.47,10,735.93,921
86237,23,2012,4,0.2381,2.0655,0.7357,100.0,7,0.8,2621
86237,24,2012,5,0.2923,2.0029,0.7135,100.0,7,0.8,2319
86237,25,2012,6,0.1687,1.8089,0.6998,100.0,6,0.77,1691
86237,26,2012,7,0.2168,1.7831,0.6351,100.0,7,0.77,1533
86237,27,2012,8,0.0811,1.047,0.3729,100.0,7,0.54,1570
86237,28,2012,9,0.1646,1.8687,0.6657,100.0,7,0.76,1701
86237,29,2012,10,156.7605,2.7925,0.7789,79.51,12,735.98,2147
86237,30,2012,11,197.708,2.5057,0.7543,0.0,10,1048.3,2451
86237,31,2012,12,22.0256,2.0896,0.629,97.56,10,143.61,1601
86237,32,2012,13,0.4133,1.4149,0.6094,100.0,5,0.75,1802
86237,33,2012,14,293.3878,2.052,0.7938,80.43,6,741.65,1492
86237,34,2012,15,347.1891,2.4295,0.8098,65.72,8,742.33,2252
86237,35,2012,16,0.2876,2.24,0.6743,99.85,10,1.26,1313
86237,36,2012,17,0.221,1.4783,0.5719,100.0,6,0.74,1105
86237,37,2012,18,0.1904,1.8228,0.9114,100.0,4,0.74,921
86237,38,2012,19,93.5518,2.5181,0.7944,88.45,9,293.57,2311
86237,39,2012,20,0.1106,0.0209,0.0209,0.0,2,736.0,1989
86237,40,2012,21,301.6183,2.1316,0.6417,0.0,10,738.26,2485
86237,41,2012,22,168.4432,3.8985,0.76,0.0,35,740.61,159
86237,42,2012,23,3.1106,3.1038,0.7944,0.0,15,740.32,81
86237,43,2012,24,3.2602,3.5815,0.8154,0.0,21,740.33,89
86237,44,2012,25,4.1659,3.6925,0.8053,0.0,24,744.38,133
86237,45,2012,26,3.3027,3.3798,0.7471,0.0,23,740.63,114
86237,46,2012,27,2.7823,2.9676,0.802,0.0,13,738.24,66
86237,47,2012,28,4.0066,3.456,0.775,0.0,22,745.02,136
86237,48,2012,29,130.6492,4.4688,0.8644,0.0,36,818.66,70
86237,49,2012,30,3.9792,3.6077,0.7975,0.0,23,742.44,99
86237,50,2012,31,3.0959,3.5731,0.7793,0.0,24,742.33,97
86237,51,2012,32,599.9307,4.0903,0.8336,0.0,30,1353.76,73
86237,52,2012,33,700.0127,4.9877,0.9724,2.27,35,1266.55,44
86237,53,2012,34,0.9779,1.9267,0.6863,91.43,7,5.07,35
86237,54,2012,35,0.3888,2.1871,0.69,94.29,9,1.51,35
86237,55,2012,36,0.4347,2.8554,0.9518,100.0,8,0.71,12
86237,56,2012,37,0.9973,3.6785,0.8999,94.87,17,4.4,39
86237,57,2012,38,0.3434,3.5778,0.8945,100.0,16,0.73,32
86237,58,2012,39,0.9453,3.4285,0.9005,91.43,14,5.0,35
86237,59,2012,40,0.2245,3.0416,0.9156,100.0,10,0.72,21
86237,60,2012,41,0.303,2.3459,0.9075,100.0,6,0.62,13
86237,61,2012,42,324.7459,4.5113,0.8263,5.08,44,743.72,118
86237,62,2012,43,0.2172,2.0984,0.8118,100.0,6,0.75,29
86237,63,2012,44,0.8604,2.9105,0.7865,94.74,13,4.42,57
86237,64,2012,45,0.2916,2.7012,0.7535,100.0,12,0.74,52
86237,65,2012,46,0.2809,3.3601,0.7535,100.0,22,0.74,118
86237,66,2012,47,303.007,5.4386,0.802,13.6,110,740.5,250
86237,67,2012,48,0.7367,2.7806,0.6235,95.03,22,5.12,161
86237,68,2012,49,0.4677,3.16,0.7439,99.27,19,4.36,137
86237,69,2012,50,345.7792,4.1269,0.7075,49.47,57,740.48,281
86237,70,2012,51,4.7512,3.2097,0.6607,0.0,29,740.47,351
86237,71,2012,52,0.7801,1.1488,0.7248,0.0,3,946.88,7
86237,72,2013,1,9.9033,2.9218,0.5844,0.0,32,745.75,365
86237,73,2013,2,85.1881,3.7929,0.6503,0.0,57,1037.5,300
86237,74,2013,3,291.7527,4.6688,0.7428,60.55,78,737.01,256
86237,75,2013,4,0.2387,3.0186,0.8726,100.0,11,0.74,43
86237,76,2013,5,4.0496,2.7455,0.6864,98.8,16,37.17,83
86237,77,2013,6,0.2381,3.2381,0.7765,100.0,18,0.74,134
86237,78,2013,7,0.1914,2.6582,0.8386,100.0,9,0.73,36
86237,79,2013,8,1.4968,3.5189,0.7244,93.15,29,12.47,146
86237,80,2013,9,3.4398,3.4434,0.7326,94.26,26,37.16,122
86237,81,2013,10,319.1765,5.0578,0.8071,48.94,77,740.35,188
86237,82,2013,11,266.2666,4.7415,0.7589,7.81,76,746.94,192
86237,83,2013,12,0.3184,3.7747,0.7246,97.7,37,1.24,174
86237,84,2013,13,338.0847,5.224,0.8467,40.45,72,741.86,178
86237,85,2013,14,337.5859,4.8367,0.8031,36.05,65,738.48,172
86237,86,2013,15,0.301,3.2471,0.7282,93.64,22,1.08,110
86237,87,2013,16,0.1818,3.0269,0.7004,100.0,20,0.66,124
86237,88,2013,17,0.7782,3.3402,0.7605,94.29,21,5.06,105
86237,89,2013,18,0.4264,3.348,0.7747,97.34,20,1.34,188
86237,90,2013,19,292.2308,5.009,0.8172,51.53,70,736.96,163
86237,91,2013,20,2.6381,3.0596,0.8535,0.0,12,740.35,42
86237,92,2013,21,328.1196,4.8939,0.7596,0.0,87,741.93,296
86237,93,2013,22,272.4782,5.0561,0.7308,0.0,121,740.66,431
86237,94,2013,23,2.4782,3.3026,0.7519,0.0,21,741.44,175
86237,95,2013,24,2.7172,4.0187,0.7835,0.0,35,743.63,187
86237,96,2013,25,4.8755,4.4681,0.8396,0.0,40,740.87,150
86237,97,2013,26,1.2362,2.1499,0.7658,0.0,7,740.39,22
86352,7,2011,40,0.1871,1.7137,0.4501,100.0,14,0.76,2018
86352,8,2011,41,0.7803,1.7526,0.3155,97.06,47,5.65,2690
86352,9,2011,42,0.1403,0.8457,0.2221,100.0,14,0.76,2696
86352,10,2011,43,0.2314,1.315,0.4148,99.97,9,0.91,3052
86352,11,2011,44,0.6859,1.5353,0.4622,97.09,10,3.58,1994
86352,12,2011,45,0.312,2.0374,0.5889,100.0,11,0.74,3048
86352,13,2011,46,0.2691,0.8873,0.2958,100.0,8,0.77,2969
86352,14,2011,47,1.1332,2.3599,0.7445,97.75,9,7.01,3204
86352,15,2011,48,0.179,1.696,0.5653,100.0,8,0.74,2155
86352,16,2011,49,0.1998,0.8091,0.3485,100.0,5,0.63,1134
86352,17,2011,50,382.5405,1.585,1.0,33.33,3,812.9,6
86352,18,2011,51,1.8464,0.7376,0.3688,0.0,4,812.91,382
86352,19,2011,52,2.0943,1.5893,0.6845,0.0,5,812.91,2970
86352,20,2012,1,3.7529,1.7451,0.367,0.0,27,827.76,2561
86352,21,2012,2,2.9887,3.1762,0.813,0.0,15,812.92,1893
86352,22,2012,3,33.3624,1.5076,0.3769,95.59,16,804.99,2833
86352,23,2012,4,0.7629,0.8872,0.316,97.92,7,5.06,3121
86352,24,2012,5,0.3502,2.0056,0.7759,100.0,6,0.74,2125
86352,25,2012,6,0.3569,2.1393,0.762,93.59,7,1.48,2013
86352,26,2012,7,0.1674,1.472,0.4907,100.0,8,0.74,2130
86352,27,2012,8,0.3337,1.6904,0.6539,100.0,6,0.74,1819
86352,28,2012,9,0.5525,1.296,0.4088,94.68,9,1.62,2124
86352,29,2012,10,0.3517,1.6984,0.657,100.0,6,0.73,2107
86352,30,2012,11,0.0989,0.6303,0.3152,100.0,4,0.73,2575
86352,31,2012,12,0.2329,1.2547,0.4469,100.0,7,0.73,2316
86352,32,2012,13,0.3845,2.335,0.7783,100.0,8,0.75,2145
86352,33,2012,14,0.1867,1.5765,0.5616,100.0,7,0.75,1596
86352,34,2012,15,4.2348,2.1555,0.6231,79.63,11,10.07,1551
86352,35,2012,16,0.3608,1.2449,0.3473,94.89,12,1.6,2585
86352,36,2012,17,0.2012,2.0959,0.7466,100.0,7,0.74,1983
86352,37,2012,18,0.0786,0.6817,0.2272,100.0,8,0.74,183
86352,38,2012,19,0.3706,1.7985,0.5199,94.64,11,1.47,56
86352,39,2012,20,1.9396,2.0571,0.5033,0.0,17,814.26,295
86352,40,2012,21,2.3119,2.7916,0.6459,0.0,20,814.26,200
86352,41,2012,22,2.1957,2.5829,0.5792,0.0,22,814.24,358
86352,42,2012,23,23.5353,5.0307,0.7749,0.0,90,860.4,255
86352,43,2012,24,246.9956,4.1626,0.7338,4.41,51,822.77,227
86352,44,2012,25,10.4263,2.9065,0.5867,90.79,31,49.97,228
86352,45,2012,26,0.1956,1.9752,0.465,100.0,19,0.74,235
86352,46,2012,27,0.1667,1.3285,0.5721,100.0,5,0.74,23
86352,48,2012,29,0.5206,0.7029,0.3027,96.92,5,2.38,65
86352,49,2012,30,0.1373,1.5365,0.4847,100.0,9,0.74,88
86352,50,2012,31,0.002,0.0,0.0,100.0,1,0.58,4
86352,59,2012,40,1.0814,2.3465,0.5866,98.53,16,12.34,136
86352,60,2012,41,0.2763,2.9646,0.6979,99.32,19,1.03,146
86352,61,2012,42,247.1401,6.0321,0.7833,22.74,208,509.09,554
86352,62,2012,43,0.2378,2.6676,0.6073,99.66,21,1.53,297
86352,63,2012,44,0.2905,2.6558,0.6046,98.25,21,1.5,228
86352,64,2012,45,0.2686,2.2201,0.4908,100.0,23,1.07,363
86352,65,2012,46,0.6241,2.6309,0.5473,95.86,28,4.18,290
86352,66,2012,47,2.8821,2.4816,0.5009,87.72,31,12.46,342
86352,67,2012,48,0.2484,3.0026,0.7068,100.0,19,0.84,132
86352,68,2012,49,0.1889,2.2302,0.516,99.64,20,0.95,280
86352,69,2012,50,391.6464,3.5004,0.7362,37.06,27,827.58,143
86352,70,2012,51,1.4469,2.3353,0.5093,0.0,24,814.39,182
86352,71,2012,52,1.5082,2.81,0.6301,0.0,22,813.26,113
86352,72,2013,1,0.9385,1.5374,0.4444,0.0,11,812.8,89
86352,73,2013,2,341.5473,3.0417,0.7989,0.0,14,809.48,25
86352,74,2013,3,1.4808,2.6936,0.5251,96.76,35,24.68,463
86352,75,2013,4,0.1501,1.9291,0.643,100.0,8,0.73,119
86352,76,2013,5,1.0579,3.1664,0.6125,91.95,36,5.03,261
86352,86,2013,15,0.0061,0.0,0.0,100.0,1,0.57,4
86352,87,2013,16,0.1362,0.65,0.65,100.0,2,0.58,12
86352,88,2013,17,0.1442,1.2244,0.7725,100.0,3,0.62,9
86352,89,2013,18,0.0724,0.5917,0.5917,100.0,2,0.57,7
86352,90,2013,19,420.4684,2.4014,0.8005,46.15,8,872.62,26
86352,91,2013,20,0.006,0.0,0.0,0.0,1,872.62,3
86352,92,2013,21,0.1132,1.4354,0.9056,0.0,3,872.61,11
86352,93,2013,22,0.5372,1.7244,0.8622,0.0,4,872.61,14
86352,94,2013,23,0.0018,0.0,0.0,0.0,1,872.61,3
86352,96,2013,25,0.0015,0.0,0.0,0.0,1,809.29,2
86352,100,2013,29,0.0004,0.0,0.0,0.0,1,872.6,3
86352,107,2013,36,0.3686,1.9267,0.4932,94.55,15,2.16,202
86352,108,2013,37,0.3583,2.4702,0.7793,97.56,9,1.0,41
86352,109,2013,38,0.1785,2.2024,0.6143,98.59,12,0.89,71
86352,110,2013,39,0.1877,1.7408,0.4259,97.41,17,1.53,193
86352,111,2013,40,0.1552,1.091,0.5455,97.3,4,1.27,37
86352,113,2013,42,0.2848,2.4275,0.6771,95.89,12,1.27,73
86352,114,2013,43,0.2479,1.7411,0.5493,90.74,9,1.5,54
86352,117,2013,46,0.3909,2.3396,0.5724,88.98,17,1.61,118
86352,118,2013,47,0.1813,1.5266,0.5438,100.0,7,0.67,68
86352,119,2013,48,1.4516,1.3195,0.4163,97.22,9,8.39,72
86352,120,2013,49,0.396,1.6016,0.4328,98.45,13,3.19,129
86352,121,2013,50,0.1493,1.2851,0.5535,100.0,5,0.62,40
86352,122,2013,51,450.7798,6.6693,0.9086,13.36,162,855.29,232
86352,123,2013,52,12.4377,5.2547,0.7859,0.0,103,832.94,232
86352,124,2014,1,8.8734,1.6449,0.5189,0.0,9,852.99,82
86352,125,2014,2,0.8967,2.021,0.4601,0.0,21,811.13,120
86610,7,2011,40,0.5165,2.0525,0.5933,75.65,11,1.59,1232
86610,8,2011,41,22.5699,2.9032,0.7846,96.76,13,400.14,2191
86610,9,2011,42,161.849,2.3063,0.7276,82.54,9,537.85,716
86610,10,2011,43,0.3686,2.6623,0.6656,94.07,16,1.17,2022
86610,11,2011,44,0.2929,2.2799,0.4973,99.97,24,0.99,2987
86610,12,2011,45,0.2828,1.8906,0.5964,100.0,9,0.87,3078
86610,13,2011,46,142.8962,2.4297,0.6382,91.84,14,863.61,2058
86610,14,2011,47,756.0663,3.4974,0.7441,41.08,26,1599.81,3077
86610,15,2011,48,0.2581,1.934,0.5226,100.0,13,0.77,3228
86610,16,2011,49,0.2883,2.2719,0.5967,99.97,14,1.08,2985
86610,17,2011,50,499.2004,2.2148,0.7383,82.87,8,1519.41,2469
86610,18,2011,51,25.9956,3.1245,0.7644,0.0,17,1604.79,2800
86610,19,2011,52,21.1914,1.7086,0.5143,0.0,10,1604.79,1973
86610,20,2012,1,25.532,2.8065,0.8113,0.0,11,1534.42,2107
86610,21,2012,2,19.748,2.1305,0.7589,0.0,7,1592.7,1395
86610,22,2012,3,418.3726,1.0304,0.3986,91.86,6,1592.7,1806
86610,23,2012,4,2.1057,2.3355,0.9035,67.15,6,5.44,2125
86610,24,2012,5,0.48,1.9947,0.6649,83.25,8,1.62,2292
86610,25,2012,6,41.7105,2.5232,0.7038,81.68,12,116.87,1943
86610,26,2012,7,27.7009,1.6251,0.5417,85.12,8,116.87,2110
86610,27,2012,8,0.1646,0.9106,0.5745,100.0,3,0.74,2152
86610,28,2012,9,0.3112,1.2681,0.634,100.0,4,0.73,2671
86610,29,2012,10,569.5791,1.0878,0.3432,83.15,9,1525.0,2736
86610,30,2012,11,253.7226,2.813,0.6882,2.42,17,1523.5,1946
86610,31,2012,12,0.1966,1.1485,0.4443,99.66,6,1.0,1168
86610,32,2012,13,0.6203,1.6765,0.8382,82.82,4,1.47,2264
86610,33,2012,14,0.4567,1.4442,0.622,83.49,5,1.12,2290
86610,34,2012,15,0.1431,0.9918,0.9918,100.0,2,0.39,1921
86610,35,2012,16,0.2477,2.2544,0.9709,100.0,5,0.74,2213
86610,36,2012,17,0.3432,1.8393,0.9197,100.0,4,0.73,990
86610,37,2012,18,0.2525,2.6796,0.8453,100.0,9,0.46,29
86610,38,2012,19,490.5835,3.8672,0.748,78.26,36,1599.81,230
86610,39,2012,20,51.9269,4.3395,0.833,0.0,37,1585.29,166
86610,40,2012,21,211.788,3.4007,0.7742,0.0,21,1545.91,121
86610,41,2012,22,526.3785,3.9094,0.8418,39.53,25,1519.48,86
86610,42,2012,23,0.8406,3.5281,0.882,86.67,16,2.98,60
86610,43,2012,24,3.512,4.3118,0.8158,89.93,39,19.05,139
86610,44,2012,25,10.7585,4.1668,0.7727,94.3,42,149.92,193
86610,45,2012,26,75.0298,4.6643,0.865,34.15,42,170.72,123
86610,46,2012,27,1.4801,3.7721,0.8025,76.77,26,5.15,99
86610,47,2012,28,0.4399,3.203,0.8935,94.44,12,1.56,36
86610,48,2012,29,1.1956,3.4305,0.8393,90.2,17,6.64,51
86610,49,2012,30,42.7397,4.5263,0.8755,79.82,36,120.55,114
86610,50,2012,31,811.1326,5.0374,0.8881,58.02,51,1949.25,131
86610,51,2012,32,192.329,5.2425,0.8673,0.0,66,1949.61,175
86610,52,2012,33,733.4774,3.5976,0.9449,28.57,14,1519.47,28
86610,53,2012,34,1.5372,3.2928,0.8898,85.29,13,5.07,34
86610,54,2012,35,0.4613,3.2066,0.6601,94.42,29,1.69,233
86610,55,2012,36,13.9671,4.0049,0.7133,88.15,49,121.75,329
86610,56,2012,37,1.0979,4.0573,0.6986,87.83,56,5.39,304
86610,57,2012,38,0.4634,3.0218,0.7555,92.52,16,1.29,107
86610,58,2012,39,0.4392,3.5378,0.721,97.62,30,1.52,252
86610,59,2012,40,0.3968,3.5529,0.7651,98.76,25,1.52,161
86610,60,2012,41,0.4237,2.8613,0.7732,98.51,13,1.03,67
86610,61,2012,42,1475.0701,3.921,0.8342,92.79,26,10591.79,111
86610,62,2012,43,0.4291,3.2722,0.7571,100.0,20,0.98,125
86610,63,2012,44,0.4191,4.0638,0.7536,97.32,42,1.68,298
86610,64,2012,45,0.4543,2.5495,0.9082,100.0,7,1.01,14
86610,65,2012,46,0.5159,2.6813,0.8938,81.82,8,1.07,22
86610,66,2012,47,5.8886,1.3921,0.8783,0.0,3,1519.51,9
86610,67,2012,48,1.1539,3.0778,0.9265,75.0,10,4.04,16
86610,68,2012,49,0.1674,1.5052,0.9497,100.0,3,0.71,16
86610,69,2012,50,620.6685,2.9035,0.874,68.0,10,1541.53,25
86610,70,2012,51,57.3004,2.1736,0.9361,0.0,5,1566.05,15
86610,71,2012,52,47.6215,1.5219,0.9602,0.0,3,1599.81,10
86610,72,2013,1,0.0001,0.0,0.0,0.0,1,1518.99,8
86610,73,2013,2,6.7075,1.371,0.865,0.0,3,1834.72,5
86610,74,2013,3,0.1343,0.5917,0.5917,100.0,2,0.29,7
86610,75,2013,4,0.2401,1.2516,0.7897,100.0,3,0.78,6
86610,76,2013,5,0.2718,2.2222,0.8597,100.0,6,0.73,11
86610,77,2013,6,16.8486,2.1642,0.9321,78.26,5,42.15,23
86610,78,2013,7,53.2595,2.6214,0.827,80.77,9,166.83,26
86610,79,2013,8,0.7446,1.5567,0.9821,100.0,3,1.08,7
86610,80,2013,9,0.1512,0.9852,0.9852,100.0,2,0.72,7
86610,81,2013,10,751.0799,2.1085,0.9081,37.5,5,1519.52,16
86610,82,2013,11,681.8291,0.8454,0.8454,0.0,2,1528.14,11
86610,83,2013,12,0.3122,2.6995,0.9616,100.0,7,0.74,14
86610,84,2013,13,0.3561,2.2806,0.8823,100.0,6,0.74,16
86610,85,2013,14,0.3089,1.371,0.865,100.0,3,0.54,5
86610,87,2013,16,0.0881,0.9183,0.9183,100.0,2,0.35,3
86727,7,2011,40,0.0464,0.28,0.14,100.0,4,0.76,1792
86727,8,2011,41,359.5531,2.8586,0.5717,73.37,32,838.65,2647
86727,9,2011,42,380.1964,3.8238,0.6923,29.61,46,842.75,3080
86727,10,2011,43,0.2193,1.3748,0.313,99.29,21,1.76,2262
86727,11,2011,44,0.3434,1.9491,0.4989,95.64,15,1.47,2429
86727,12,2011,45,0.2713,1.2797,0.3699,98.74,11,2.22,2690
86727,13,2011,46,0.3554,1.6594,0.4629,94.01,12,1.48,2636
86727,14,2011,47,372.8902,2.7594,0.5025,27.86,45,840.67,2577
86727,15,2011,48,0.3558,1.6129,0.4855,99.74,10,0.98,2332
86727,16,2011,49,0.2056,0.9686,0.3229,100.0,8,0.76,1232
86727,17,2011,50,357.94,2.4498,0.662,74.66,13,833.73,2427
86727,18,2011,51,485.9271,2.3552,0.4899,0.0,28,1819.74,2215
86727,19,2011,52,4.6566,1.6579,0.3616,0.0,24,840.72,1518
86727,20,2012,1,2982.3624,1.1338,0.2581,0.0,21,11633.49,2170
86727,21,2012,2,51.4275,1.146,0.2748,0.0,18,855.12,1389
86727,22,2012,3,331.6721,1.783,0.3709,75.8,28,841.44,1818
86727,23,2012,4,161.4484,1.1955,0.3456,96.02,11,840.79,2010
86727,24,2012,5,0.2595,1.1616,0.4494,100.0,6,0.74,2651
86727,25,2012,6,0.2824,1.1918,0.4245,97.59,7,1.11,2654
86727,26,2012,7,0.2135,0.8752,0.3386,100.0,6,0.74,2576
86727,27,2012,8,0.1396,0.448,0.2827,100.0,3,0.74,2063
86727,28,2012,9,0.2146,1.2902,0.5557,99.91,5,0.98,2125
86727,29,2012,10,355.4803,2.4089,0.4818,72.84,32,835.9,2456
86727,30,2012,11,135.5592,0.826,0.2169,0.0,14,837.43,1511
86727,31,2012,12,13.932,1.526,0.5087,95.76,8,134.58,2786
86727,32,2012,13,0.5755,2.0839,0.6946,85.47,8,1.62,2313
86727,33,2012,14,0.5837,1.4516,0.4839,95.52,8,3.56,2659
86727,34,2012,15,0.1916,1.1429,0.4071,99.93,7,1.12,2841
86727,35,2012,16,0.4912,1.249,0.4832,98.65,6,6.18,1927
86727,36,2012,17,0.2061,1.2616,0.4881,99.62,6,0.97,2623
86727,37,2012,18,0.3046,1.4495,0.4043,99.52,12,4.38,1049
86727,38,2012,19,184.9598,2.6625,0.5191,83.55,35,833.76,231
86727,39,2012,20,39.8444,1.6945,0.5346,0.0,9,833.77,96
86727,40,2012,21,58.5689,3.9231,0.7777,0.0,33,839.02,133
86727,41,2012,22,37.5583,2.7785,0.6142,0.0,23,852.5,144
86727,42,2012,23,574.526,2.2339,0.5465,0.0,17,11441.64,345
86727,43,2012,24,40.5186,1.702,0.492,0.0,11,838.71,226
86727,44,2012,25,40.2261,2.0234,0.6745,0.0,8,838.36,137
86727,45,2012,26,39.7882,2.8803,0.587,0.0,30,856.27,317
86727,46,2012,27,40.0466,1.9702,0.5175,0.0,14,838.82,168
86727,47,2012,28,39.3524,2.4758,0.5637,0.0,21,840.25,210
86727,48,2012,29,38.4266,1.6577,0.8289,0.0,4,837.96,86
86727,49,2012,30,37.9912,2.231,0.4804,0.0,25,874.24,172
86727,50,2012,31,184.8064,3.4742,0.6326,0.0,45,1063.09,299
86727,51,2012,32,41.5427,2.0814,0.6566,0.0,9,839.59,53
86727,52,2012,33,398.7108,2.4709,0.6677,21.74,13,838.05,92
86727,53,2012,34,0.3454,2.8747,0.598,95.15,28,1.6,165
86727,54,2012,35,0.2156,2.4512,0.5581,100.0,21,0.76,198
86727,55,2012,36,0.2811,3.4297,0.7385,99.34,25,1.18,152
86727,56,2012,37,0.2923,3.197,0.7067,100.0,23,0.84,133
86727,57,2012,38,0.2402,2.86,0.6323,100.0,23,0.73,123
86727,58,2012,39,0.2484,3.105,0.6963,97.37,22,1.26,114
86727,59,2012,40,0.8388,3.2656,0.6592,95.79,31,4.65,190
86727,60,2012,41,337.2697,3.9389,0.6877,78.23,53,833.93,317
86727,61,2012,42,475.3921,4.115,0.6528,23.55,79,4291.41,484
86727,62,2012,43,0.2296,3.4136,0.7027,100.0,29,0.75,192
86727,63,2012,44,0.2752,3.2742,0.6285,96.99,37,1.51,399
86727,64,2012,45,0.4203,3.1673,0.608,99.36,37,5.12,314
86727,65,2012,46,2.8068,3.9321,0.7003,88.72,49,17.86,328
86727,66,2012,47,1524.2494,3.9974,0.6204,19.7,87,11441.57,528
86727,67,2012,48,14.6614,3.0141,0.627,98.19,28,122.87,277
86727,68,2012,49,0.2166,3.0887,0.6828,100.0,23,0.75,195
86727,69,2012,50,409.6895,4.4892,0.7253,54.26,73,845.45,387
86727,70,2012,51,4.3149,3.3446,0.537,0.0,75,845.52,774
86727,71,2012,52,6.065,3.5124,0.6075,0.0,55,845.24,330
86727,72,2013,1,4.8231,3.0784,0.5512,0.0,48,846.92,458
86727,73,2013,2,734.0636,4.6861,0.6773,0.0,121,10898.61,535
86727,74,2013,3,0.5778,2.8604,0.5533,97.68,36,4.58,388
86727,75,2013,4,404.5845,5.5291,0.7711,44.33,144,842.76,467
86727,76,2013,5,0.2031,2.7091,0.5834,100.0,25,0.74,360
86727,77,2013,6,0.1764,2.2919,0.514,100.0,22,0.74,262
86727,78,2013,7,0.2133,3.0728,0.6702,100.0,24,0.74,219
86727,79,2013,8,0.2542,3.2191,0.656,100.0,30,1.08,359
86727,80,2013,9,0.2015,2.6627,0.5734,99.74,25,1.02,391
86727,81,2013,10,373.7254,3.7253,0.6635,68.34,49,845.03,398
86727,82,2013,11,69.8282,2.9842,0.4902,0.5,68,844.94,603
86727,83,2013,12,0.2621,2.9706,0.5839,98.75,34,1.73,401
86727,84,2013,13,5.9314,2.689,0.5243,98.2,35,82.87,388
86727,85,2013,14,0.2548,2.6274,0.5465,97.61,28,1.9,293
86727,86,2013,15,730.0989,3.0745,0.6149,94.2,32,12118.31,276
86727,87,2013,16,0.5531,2.2817,0.4606,98.37,31,6.22,306
86727,88,2013,17,0.4716,2.6619,0.5002,96.33,40,3.74,381
86727,89,2013,18,0.2482,3.2075,0.6474,98.95,31,1.34,380
86727,90,2013,19,406.3208,4.1999,0.6852,51.63,70,845.35,492
86727,91,2013,20,17.0022,3.9224,0.6222,0.0,79,858.4,795
86727,92,2013,21,25.3779,3.8437,0.6134,0.0,77,915.57,652
86727,93,2013,22,4.7891,3.7702,0.6016,0.0,77,845.67,788
86727,94,2013,23,866.212,3.9068,0.6033,0.0,89,10898.53,687
86727,95,2013,24,33.7525,5.0017,0.7204,0.0,123,948.31,745
86727,96,2013,25,10.0858,3.6917,0.5909,0.0,76,956.71,795
86727,97,2013,26,4.6655,3.7873,0.6158,0.0,71,846.93,731
86727,98,2013,27,285.8622,3.9211,0.6722,0.0,57,1539.72,401
86727,99,2013,28,107.2875,4.697,0.6981,0.0,106,1066.44,714
86727,100,2013,29,1759.7296,4.3681,0.7057,0.0,73,11441.47,608
86727,101,2013,30,863.5657,4.1262,0.6404,0.0,87,10892.17,692
86727,102,2013,31,2346.7612,4.6457,0.7156,0.0,90,11441.47,554
86727,103,2013,32,1328.9914,3.8191,0.5928,0.0,87,11441.47,766
86727,104,2013,33,103.3823,4.2276,0.6222,0.0,111,3214.38,625
86727,105,2013,34,814.3476,4.9473,0.6662,7.04,172,7126.64,838
86727,106,2013,35,0.7662,2.5446,0.6513,83.93,15,3.65,56
86727,108,2013,37,0.3066,3.0909,0.7276,98.36,19,1.15,61
86727,109,2013,38,1.0137,3.4895,0.7825,89.19,22,6.33,74
86727,110,2013,39,1.0513,3.8706,0.8335,81.48,25,4.64,54
86727,111,2013,40,23.6754,4.0195,0.8453,61.96,27,63.67,92
86727,112,2013,41,0.9333,4.046,0.9211,78.05,21,3.34,41
86727,113,2013,42,137.7847,5.5598,0.9302,69.17,63,622.85,120
86727,114,2013,43,285.9389,4.9031,0.972,27.5,33,650.48,40
86727,115,2013,44,1.0882,2.9407,0.6804,91.49,20,4.64,47
86727,116,2013,45,1.3318,3.984,0.9218,79.07,20,4.56,43
86727,117,2013,46,0.8554,3.6108,0.7359,94.0,30,5.69,150
86727,118,2013,47,0.7175,4.2132,0.7917,92.26,40,3.62,168
86727,119,2013,48,367.5792,5.9165,0.8776,31.69,107,836.53,183
86727,120,2013,49,3.6725,3.7404,0.7867,96.64,27,35.24,119
86727,121,2013,50,0.713,4.0412,0.8236,91.43,30,2.93,105
86727,122,2013,51,252.244,5.4151,0.8615,68.62,78,836.15,188
86727,123,2013,52,7.2381,3.5666,0.6899,0.0,36,839.92,103
86727,124,2014,1,4.9065,2.2784,0.4792,0.0,27,842.16,130
86727,125,2014,2,285.1022,3.7495,0.6273,3.47,63,837.92,144
86727,126,2014,3,0.2088,2.7428,0.5705,100.0,28,0.7,173
86727,127,2014,4,231.7661,2.7421,0.7202,75.0,14,834.6,40
86727,136,2014,13,0.1043,1.5466,0.7733,100.0,4,0.49,13
86727,137,2014,14,0.9806,3.8637,0.8126,86.32,27,4.85,95
86727,138,2014,15,0.3814,3.5837,0.7717,94.44,25,1.16,108
86727,139,2014,16,0.282,2.5,0.9671,100.0,6,0.58,8
86727,140,2014,17,0.1566,1.9183,0.9591,100.0,4,0.54,6
86727,142,2014,19,107.6197,1.2516,0.7897,0.0,3,833.75,6
86727,143,2014,20,0.0166,1.0,1.0,0.0,2,1040.81,2
86727,144,2014,21,0.0028,0.0,0.0,0.0,1,833.75,3
86727,145,2014,22,1.4916,1.5,0.9464,0.0,3,520.06,4
86727,146,2014,23,245.5479,1.2955,0.8173,0.0,3,520.05,10
86727,147,2014,24,0.5849,1.0,1.0,0.0,2,520.86,2
86727,149,2014,26,0.0012,0.0,0.0,0.0,1,520.07,4
86727,151,2014,28,14.3408,0.9183,0.9183,0.0,2,520.06,3
86727,152,2014,29,91.2671,0.9183,0.9183,0.0,2,520.07,3
86727,154,2014,31,209.704,1.5,0.9464,0.0,3,833.75,4
86727,155,2014,32,393.1743,0.9183,0.9183,0.0,2,833.75,3
86727,156,2014,33,0.1935,1.6645,0.8322,100.0,4,0.55,7
86727,157,2014,34,0.0054,0.0,0.0,100.0,1,0.4,2
86727,158,2014,35,0.0026,0.0,0.0,100.0,1,0.38,3
86727,159,2014,36,0.0,0.0,0.0,100.0,1,0.38,1
86727,161,2014,38,0.1087,0.9183,0.9183,100.0,2,0.52,3
86727,163,2014,40,0.205,1.0,1.0,100.0,2,0.62,2
86727,165,2014,42,310.7344,1.2516,0.7897,83.33,3,833.75,6
86727,166,2014,43,15.415,1.0,1.0,0.0,2,858.12,2
86727,167,2014,44,0.0041,1.0,1.0,100.0,2,0.39,2
86727,169,2014,46,0.0023,0.0,0.0,100.0,1,0.39,2
86727,170,2014,47,0.0,0.0,0.0,100.0,1,0.39,1
86727,171,2014,48,0.0005,0.0,0.0,0.0,1,833.75,4
86727,172,2014,49,3.2121,1.0,1.0,0.0,2,248.0,2
86727,177,2015,2,181.4648,0.9183,0.9183,0.0,2,1063.07,3
86727,178,2015,3,0.0,0.0,0.0,100.0,1,0.46,1
86727,179,2015,4,0.0,0.0,0.0,100.0,1,0.56,1
88133,7,2011,40,0.0,0.0,0.0,0.0,1,1.12,2
88133,8,2011,41,0.0,0.0,0.0,100.0,1,0.26,3
88133,9,2011,42,0.478,0.7219,0.7219,80.0,2,1.2,5
88133,10,2011,43,0.1716,0.5436,0.5436,100.0,2,0.31,8
88133,11,2011,44,1.7446,2.2886,0.8152,80.63,7,4.58,537
88133,12,2011,45,0.2747,2.63,0.6908,100.0,14,0.79,1617
88133,13,2011,46,0.3646,3.0269,0.818,100.0,13,0.79,2221
88133,14,2011,47,0.1326,1.9764,0.8512,100.0,5,0.4,1522
88133,15,2011,48,0.2026,1.5452,0.7726,100.0,4,0.62,1065
88133,16,2011,49,0.2747,2.482,0.6205,100.0,16,0.8,1420
88133,17,2011,50,0.2832,1.5461,0.9755,100.0,3,0.55,593
88133,18,2011,51,5.2361,2.725,0.6667,0.0,17,1382.83,1490
88133,19,2011,52,76.6847,1.6546,0.4471,0.0,13,1385.18,1241
88133,21,2012,2,360.3885,0.5156,0.3253,0.0,3,1263.61,252
88133,22,2012,3,19.536,0.8057,0.2542,97.7,9,141.21,1957
88133,23,2012,4,0.3457,1.1306,0.3769,99.59,8,4.82,1945
88133,24,2012,5,205.9195,2.5342,0.7325,54.0,11,521.7,1076
88133,25,2012,6,18.7989,1.8924,0.547,99.62,11,521.7,2086
88133,26,2012,7,0.2355,1.7216,0.6132,99.85,7,1.56,1949
88133,27,2012,8,0.9462,0.924,0.3574,98.58,6,8.19,2177
88133,28,2012,9,0.3252,1.7728,0.6858,99.18,6,0.98,1829
88133,29,2012,10,44.2506,2.154,0.5821,75.3,13,105.7,1680
88133,30,2012,11,6.7294,1.4314,0.4309,0.11,10,105.68,1829
88133,31,2012,12,0.0811,1.0181,0.6424,100.0,3,0.74,442
88133,32,2012,13,0.2224,2.182,0.6086,100.0,12,0.63,2051
88133,33,2012,14,0.2711,2.0814,0.6016,100.0,11,0.65,2400
88133,34,2012,15,0.2555,1.4264,0.5518,100.0,6,0.63,973
88133,35,2012,16,0.2489,2.2541,0.6516,100.0,11,0.74,1421
88133,36,2012,17,0.3129,1.5246,0.5431,100.0,7,0.78,1364
88133,37,2012,18,0.9661,2.038,0.4986,94.83,17,4.46,174
88133,38,2012,19,0.5176,3.3372,0.7018,94.87,27,2.71,117
88133,39,2012,20,0.838,2.4001,0.5872,91.73,17,4.27,133
88133,40,2012,21,358.199,3.9163,0.6805,5.5,54,1385.6,291
88133,41,2012,22,48.5577,4.6324,0.7692,0.0,65,1382.04,314
88133,42,2012,23,1.7608,2.5318,0.5325,0.0,27,1272.6,212
88133,43,2012,24,216.5225,2.5287,0.7977,3.03,9,1270.97,33
88133,44,2012,25,1.2394,2.9137,0.6128,85.83,27,4.27,120
88133,45,2012,26,0.1961,2.7678,0.748,100.0,13,0.74,67
88133,46,2012,27,0.123,1.3788,0.8699,100.0,3,0.74,14
88133,47,2012,28,0.0881,1.3516,0.8528,100.0,3,0.74,9
88133,48,2012,29,0.1682,1.9219,0.961,100.0,4,0.74,5
88133,49,2012,30,0.1142,1.5219,0.9602,100.0,3,0.72,5
88133,50,2012,31,0.1092,1.371,0.865,100.0,3,0.72,5
88133,51,2012,32,0.756,2.0464,0.8814,80.0,5,1.65,10
88133,52,2012,33,0.4975,2.0588,0.8867,88.89,5,1.16,9
88133,53,2012,34,1.5075,1.4355,0.9057,55.56,3,3.3,9
88133,54,2012,35,0.4557,1.4911,0.7456,90.91,4,1.17,11
88133,55,2012,36,0.2518,0.8813,0.8813,100.0,2,0.38,10
88133,56,2012,37,0.0,0.0,0.0,100.0,1,0.25,1
88133,57,2012,38,0.3409,1.6758,0.8379,100.0,4,0.71,18
88133,58,2012,39,0.0,0.0,0.0,100.0,1,0.3,1
88133,59,2012,40,0.1974,0.7219,0.7219,100.0,2,0.33,5
88133,60,2012,41,0.2549,0.9183,0.9183,100.0,2,0.38,3
88133,61,2012,42,0.2221,0.8113,0.8113,100.0,2,0.39,4
88133,63,2012,44,0.0,0.0,0.0,100.0,1,0.38,2
88133,64,2012,45,0.3857,0.9183,0.9183,100.0,2,0.68,3
88133,66,2012,47,15.0908,1.3788,0.8699,0.0,3,194.59,7
88133,67,2012,48,1.2055,0.9183,0.9183,66.67,2,2.55,3
88133,68,2012,49,0.0,0.0,0.0,100.0,1,0.35,3
88133,70,2012,51,2.5573,1.371,0.865,0.0,3,1373.42,5
88133,71,2012,52,3.0871,1.75,0.875,0.0,4,1373.45,8
88133,72,2013,1,6.9375,1.4591,0.9206,0.0,3,1229.96,6
88133,73,2013,2,552.1155,1.8811,0.8101,0.0,5,1822.7,13
88133,74,2013,3,0.2153,0.971,0.971,100.0,2,0.35,5
88133,75,2013,4,0.2835,2.6258,0.9353,100.0,7,0.73,12
88133,76,2013,5,0.2164,1.0,1.0,100.0,2,0.33,6
88133,78,2013,7,0.3447,1.9751,0.8506,85.71,5,0.94,14
88133,79,2013,8,0.5437,1.0,1.0,100.0,2,0.99,4
88133,80,2013,9,0.228,1.8048,0.9024,100.0,4,0.45,21
88133,81,2013,10,1536.2987,1.8424,0.9212,57.14,4,3088.18,7
88133,82,2013,11,0.0,0.0,0.0,0.0,1,3101.05,2
88133,83,2013,12,0.1643,0.65,0.65,100.0,2,0.34,6
88133,84,2013,13,0.2626,1.5567,0.9821,100.0,3,0.54,7
88133,85,2013,14,1.5452,2.1556,0.9284,75.0,5,4.32,8
88133,86,2013,15,0.304,2.2097,0.7871,94.44,7,1.11,18
88133,87,2013,16,0.1931,0.8113,0.8113,100.0,2,0.63,4
88133,88,2013,17,0.4276,2.5423,0.8474,94.74,8,2.03,19
88133,89,2013,18,0.0507,0.3712,0.3712,100.0,2,0.34,14
88133,90,2013,19,0.5346,2.2464,0.9675,100.0,5,1.0,10
88133,91,2013,20,0.3432,0.9183,0.9183,100.0,2,0.88,3
88133,92,2013,21,4.5341,3.0851,0.9732,0.0,9,1379.77,13
88133,93,2013,22,3.2705,2.1997,0.9474,0.0,5,1373.46,13
88133,94,2013,23,2.6658,1.4886,0.6411,0.0,5,1377.52,22
88133,95,2013,24,0.9644,1.0,1.0,0.0,2,1366.65,4
88133,96,2013,25,1.0461,1.6645,0.8322,0.0,4,1360.71,7
88133,97,2013,26,13.8715,0.7642,0.7642,0.0,2,1360.71,9
88133,98,2013,27,0.0023,0.0,0.0,0.0,1,1360.7,7
88133,99,2013,28,0.0024,0.0,0.0,0.0,1,1360.7,15
88133,100,2013,29,0.0,0.0,0.0,0.0,1,1360.69,3
88133,101,2013,30,0.5283,0.8631,0.8631,0.0,2,1360.7,7
88133,102,2013,31,0.0,0.0,0.0,0.0,1,1360.67,3
88133,103,2013,32,3.1728,1.5,0.9464,0.0,3,1360.67,4
88133,104,2013,33,0.3491,1.3516,0.8528,0.0,3,1360.72,9
88133,105,2013,34,507.4993,1.585,0.6131,83.33,6,1360.73,24
88133,106,2013,35,0.6123,2.9863,0.6799,82.52,21,1.28,143
88133,120,2013,49,0.4776,1.371,0.865,80.0,3,1.36,5
88175,7,2011,40,3.2252,0.487,0.3073,90.98,3,15.75,1120
88175,8,2011,41,66.3647,2.889,0.7807,54.78,13,301.6,2607
88175,9,2011,42,21.986,1.6031,0.6904,0.0,5,132.16,1875
88175,10,2011,43,0.1659,1.5129,0.9545,79.14,3,0.91,1908
88175,11,2011,44,0.5029,2.1918,0.7306,100.0,8,1.09,1336
88175,12,2011,45,0.3505,1.848,0.7959,99.72,5,5.89,1441
88175,13,2011,46,0.2066,1.8281,0.9141,100.0,4,0.55,1264
88175,14,2011,47,29.0493,0.5705,0.36,9.03,3,101.81,421
88175,15,2011,48,8.7928,1.7999,0.6963,73.03,6,101.81,1216
88175,16,2011,49,0.2073,1.5266,0.9631,100.0,3,0.53,1320
88175,17,2011,50,38.9514,2.3683,0.622,63.49,14,81.49,1975
88175,18,2011,51,2.9684,0.4821,0.2411,0.0,4,105.67,1976
88175,19,2011,52,49.836,3.3188,0.8119,0.0,17,132.59,2030
88175,20,2012,1,21.3753,2.1157,0.6674,0.0,9,105.29,2385
88175,21,2012,2,0.0121,0.7964,0.7964,0.0,2,101.79,760
88175,22,2012,3,0.0391,0.2834,0.1788,100.0,3,0.54,927
88175,23,2012,4,0.1603,1.1936,0.5141,100.0,5,0.74,2094
88175,24,2012,5,0.3307,2.0406,0.6802,99.94,8,2.35,1597
88175,25,2012,6,5.702,2.2151,0.6668,84.08,10,17.84,1426
88175,26,2012,7,0.2064,1.4935,0.4317,99.57,11,1.48,931
88175,27,2012,8,55.7563,3.0011,0.7682,86.1,15,206.58,1986
88175,28,2012,9,16.6286,2.2054,0.8532,82.9,6,43.64,2480
88175,29,2012,10,29.9224,1.2234,0.4733,90.46,6,101.78,2002
88175,30,2012,11,0.1895,0.2898,0.1121,0.0,6,102.67,1170
88175,31,2012,12,0.3655,1.9118,0.7396,100.0,6,0.74,1219
88175,32,2012,13,11.113,1.6975,0.6047,98.01,7,79.36,2619
88175,33,2012,14,50.1243,2.9117,0.6437,47.19,23,102.56,2297
88175,34,2012,15,39.0851,2.2527,0.6781,66.33,10,101.81,2343
88175,35,2012,16,43.5053,2.1581,0.6808,61.48,9,101.77,1472
88175,36,2012,17,0.11,1.0244,0.6463,100.0,3,0.74,2068
88175,37,2012,18,0.1444,0.1155,0.0447,99.71,6,2.34,682
88175,38,2012,19,61.4651,3.7812,0.7632,39.02,31,153.26,82
88175,39,2012,20,24.4845,3.5782,0.7525,0.0,27,106.74,143
88175,40,2012,21,20.7627,3.2679,0.744,0.0,21,105.24,137
88175,41,2012,22,12.7666,3.5576,0.7661,0.0,25,125.17,166
88175,42,2012,23,2.2593,3.4015,0.8707,0.0,15,106.85,47
88175,43,2012,24,1.7401,1.8424,0.9212,0.0,4,103.94,7
88175,44,2012,25,1.3955,3.3615,0.8404,0.0,16,104.34,52
88175,45,2012,26,42.5412,3.9367,0.7397,0.0,40,476.29,171
88175,46,2012,27,22.4425,4.356,0.78,0.0,48,104.26,157
88175,47,2012,28,248.3509,4.7729,0.8256,0.0,55,1886.53,153
88175,48,2012,29,1.4263,3.0566,0.9642,0.0,9,105.71,15
88175,51,2012,32,18.7392,4.0231,0.9648,0.0,18,1573.61,23
88175,52,2012,33,47.8436,4.1884,0.9019,58.0,25,104.47,50
88175,53,2012,34,3.0059,3.5295,0.7509,86.84,26,16.66,76
88175,55,2012,36,5.4653,3.9599,0.792,84.21,32,28.94,76
88175,56,2012,37,251.4586,4.7195,0.8544,65.17,46,641.74,89
88175,57,2012,38,1.4752,3.8065,0.8536,75.51,22,5.24,49
88175,58,2012,39,0.4763,2.8799,0.8325,100.0,11,1.11,30
88175,60,2012,41,171.3289,4.6087,0.8847,52.05,37,614.69,73
88175,61,2012,42,234.2697,4.8981,0.9142,38.33,41,614.68,60
88175,62,2012,43,0.4063,3.9798,0.857,100.0,25,0.97,76
88175,63,2012,44,0.3443,3.6261,0.7808,96.67,25,1.04,90
88175,64,2012,45,0.4091,3.502,0.8755,89.13,16,1.03,46
88175,65,2012,46,77.9634,3.5114,0.7088,69.18,31,195.48,159
88175,66,2012,47,42.0363,3.5896,0.6943,13.85,36,103.89,231
88175,67,2012,48,92.6827,4.8828,0.8078,42.11,66,215.36,228
88175,68,2012,49,0.3784,2.4502,0.8167,99.03,8,1.03,103
88175,69,2012,50,97.0011,4.7976,0.8261,33.53,56,215.61,173
88175,70,2012,51,1.6185,2.8602,0.715,0.0,16,105.15,142
88175,71,2012,52,2.9532,2.4052,0.6013,0.0,16,105.01,132
88175,72,2013,1,3.2659,2.5183,0.6296,0.0,16,103.96,231
88175,73,2013,2,19.3395,3.2326,0.6525,1.53,31,103.96,262
88175,74,2013,3,0.3224,2.0135,0.5616,96.55,12,1.64,145
88175,75,2013,4,0.4365,2.5872,0.7217,83.84,12,1.79,99
88175,78,2013,7,0.4158,2.5967,0.682,100.0,14,0.91,88
88175,82,2013,11,0.8887,1.7813,0.4814,0.0,13,103.73,128
88175,83,2013,12,0.0777,1.3235,0.8351,100.0,3,0.71,19
88175,84,2013,13,51.0549,4.2042,0.79,28.86,40,103.67,149
88175,85,2013,14,42.1126,3.6495,0.7059,73.72,36,103.28,293
88175,86,2013,15,0.4929,2.7932,0.7548,82.72,13,1.84,81
88175,87,2013,16,0.262,1.6049,0.535,98.28,8,1.09,58
88175,88,2013,17,50.287,4.138,0.8134,41.95,34,106.7,174
88175,89,2013,18,0.2377,2.9895,0.6609,100.0,23,0.87,264
88175,90,2013,19,5.7486,2.1675,0.6838,84.48,9,16.75,58
88175,91,2013,20,22.8463,5.036,0.763,0.0,97,117.09,414
88175,92,2013,21,246.4602,3.7779,0.6028,0.0,77,1575.82,565
88175,93,2013,22,301.7326,4.3114,0.6658,0.0,89,1575.82,494
88175,94,2013,23,288.8581,4.5532,0.6676,0.0,113,1575.82,586
88175,95,2013,24,187.8627,4.1519,0.6147,0.0,108,1575.82,677
88175,97,2013,26,330.0789,4.3032,0.7045,0.0,69,2440.41,345
88175,98,2013,27,12.9271,3.3558,0.5805,0.0,55,105.23,368
88175,99,2013,28,354.0537,3.7959,0.7736,0.0,30,2440.41,128
88175,100,2013,29,58.9021,3.3552,0.6979,0.0,28,153.07,85
88175,101,2013,30,59.415,4.0852,0.6308,0.0,89,310.38,671
88175,102,2013,31,7.126,4.4145,0.663,0.0,101,117.74,510
88175,103,2013,32,234.6376,4.3035,0.712,0.0,66,1543.94,237
88175,104,2013,33,1.4263,3.553,0.7854,0.0,23,104.84,129
88175,105,2013,34,3.046,3.1701,0.7335,72.3,20,17.18,148
88175,107,2013,36,0.5952,3.0062,0.6068,95.21,31,4.71,188
88175,108,2013,37,55.114,4.2094,0.7217,79.68,57,154.36,251
88175,109,2013,38,0.571,3.5404,0.6796,91.33,37,3.79,150
88175,110,2013,39,3.0378,3.8419,0.6996,87.91,45,15.65,215
88175,111,2013,40,0.4491,3.0352,0.5966,96.81,34,2.6,188
88175,112,2013,41,4.0694,3.9334,0.8182,72.41,28,17.14,116
88175,113,2013,42,17.187,4.1171,0.7333,82.56,49,103.56,195
88175,114,2013,43,37.542,3.2241,0.5942,5.0,43,108.58,140
88175,115,2013,44,0.4068,2.6529,0.5865,94.57,23,1.78,221
88175,137,2014,14,0.0,0.0,0.0,100.0,1,0.54,1
88175,138,2014,15,0.0,0.0,0.0,100.0,1,0.53,1
88175,166,2014,43,0.0,0.0,0.0,0.0,1,1382.02,1
89827,7,2011,40,0.3872,1.9599,0.6183,83.47,9,1.2,835
89827,8,2011,41,0.9229,2.0383,0.5217,84.37,15,5.01,1907
89827,9,2011,42,1.3136,1.6058,0.572,93.24,7,5.14,296
89827,10,2011,43,0.0145,0.97,0.612,100.0,3,0.5,917
89827,11,2011,44,0.3188,2.007,0.4813,99.91,18,0.91,2159
89827,12,2011,45,0.4795,2.1759,0.5122,98.93,19,5.0,2055
89827,13,2011,46,0.3611,1.1753,0.3538,99.59,10,4.98,2213
89827,14,2011,47,472.1234,2.9882,0.6284,36.67,27,1001.31,1767
89827,15,2011,48,0.1315,1.1551,0.3644,99.3,9,1.45,1865
89827,16,2011,49,0.3831,1.4782,0.4123,93.77,12,1.8,963
89827,17,2011,50,492.9209,2.7206,0.5788,35.91,26,1014.46,2069
89827,18,2011,51,2.5901,1.2715,0.3828,0.0,10,992.62,1686
89827,19,2011,52,0.8805,0.6086,0.1759,0.0,11,1000.44,1504
89827,20,2012,1,1.7184,0.309,0.103,0.0,8,996.06,2202
89827,21,2012,2,173.6825,1.7025,0.3048,0.0,48,1029.41,2160
89827,22,2012,3,1.1535,2.0781,0.5797,99.6,12,18.07,2011
89827,23,2012,4,0.6459,2.8596,0.6084,97.69,26,5.06,1989
89827,24,2012,5,0.32,1.3123,0.4675,100.0,7,0.74,1716
89827,25,2012,6,0.4715,1.0509,0.4065,99.9,6,0.98,1971
89827,26,2012,7,0.2778,0.9558,0.3015,99.2,9,1.48,2258
89827,27,2012,8,0.2607,1.12,0.3733,99.47,8,1.66,2057
89827,28,2012,9,0.9794,2.2571,0.5928,87.35,14,5.12,2316
89827,29,2012,10,229.9316,2.5684,0.465,66.14,46,619.82,2073
89827,30,2012,11,43.521,1.6537,0.337,0.0,30,619.83,1892
89827,31,2012,12,80.2704,1.4086,0.3929,86.74,12,480.27,1742
89827,32,2012,13,0.1816,1.3211,0.4706,100.0,7,0.75,1896
89827,33,2012,14,0.1349,1.5106,0.4367,100.0,11,0.75,1836
89827,34,2012,15,0.252,1.2025,0.4008,100.0,8,0.61,1761
89827,35,2012,16,0.3588,2.4038,0.6153,98.91,15,1.9,2116
89827,36,2012,17,0.6854,2.7472,0.6255,90.68,21,2.94,2017
89827,37,2012,18,0.2907,2.9948,0.6929,99.88,20,1.13,864
89827,38,2012,19,345.2771,5.028,0.9155,47.62,45,993.67,84
89827,39,2012,20,4.3459,3.6282,0.7719,0.0,26,1000.42,79
89827,40,2012,21,3.031,2.8688,0.7172,0.0,16,995.51,113
89827,41,2012,22,3.8614,2.3292,0.6733,0.0,11,994.4,49
89827,42,2012,23,9.655,2.6466,0.7967,0.0,10,993.79,98
89827,43,2012,24,17.5838,3.2162,0.7322,0.0,21,1032.07,102
89827,44,2012,25,9.6398,3.2306,0.7355,0.0,21,995.29,148
89827,45,2012,26,9.1471,3.466,0.7289,0.0,27,993.8,196
89827,46,2012,27,8.5131,3.4363,0.7823,0.0,21,993.81,104
89827,47,2012,28,8.575,2.8551,0.7308,0.0,15,993.8,125
89827,48,2012,29,9.4891,3.3482,0.7402,0.0,23,995.16,146
89827,49,2012,30,8.5313,3.0961,0.7049,0.0,21,994.72,181
89827,50,2012,31,9.8287,3.7456,0.8817,0.0,19,993.82,77
89827,54,2012,35,0.9237,2.6329,0.7611,69.84,11,1.69,63
89827,55,2012,36,0.6945,2.1165,0.6118,86.76,11,3.82,68
89827,56,2012,37,0.2848,1.3972,0.6017,100.0,5,0.72,29
89827,57,2012,38,0.7942,2.9915,0.7857,87.5,14,3.64,72
89827,58,2012,39,1.1468,2.8836,0.7793,83.52,13,4.45,91
89827,59,2012,40,0.2699,1.569,0.6757,100.0,5,0.76,43
89827,60,2012,41,14.7139,3.9651,0.793,76.92,32,140.89,182
89827,61,2012,42,525.8426,4.1991,0.8254,0.0,34,1015.39,77
89827,62,2012,43,0.7439,3.1871,0.6374,87.12,32,4.62,163
89827,63,2012,44,0.6228,3.01,0.6853,91.24,21,2.27,137
89827,64,2012,45,0.698,3.0921,0.773,89.04,16,3.27,73
89827,65,2012,46,0.5679,3.2543,0.6844,92.55,27,3.86,255
89827,66,2012,47,383.9385,4.2256,0.7413,7.14,52,1015.38,182
89827,67,2012,48,0.8442,3.4953,0.7195,87.94,29,5.12,199
89827,68,2012,49,1.4043,3.866,0.7958,81.82,29,5.73,176
89827,69,2012,50,202.1525,3.2144,0.7011,82.41,24,993.31,108
89827,70,2012,51,1.9506,1.8996,0.6332,0.0,8,993.77,48
89827,71,2012,52,0.268,0.9183,0.9183,0.0,2,993.77,3
89827,72,2013,1,0.8337,1.5,0.9464,0.0,3,985.76,4
89827,73,2013,2,0.0,0.0,0.0,0.0,1,992.67,3
89827,74,2013,3,0.0024,0.0,0.0,100.0,1,0.74,6
89827,75,2013,4,1.3838,1.571,0.9912,70.0,3,3.0,10
89827,76,2013,5,0.0,0.0,0.0,100.0,1,0.73,4
89827,77,2013,6,0.0,0.0,0.0,100.0,1,0.74,4
89827,78,2013,7,0.2812,1.3092,0.6546,100.0,4,0.73,28
89827,79,2013,8,0.2707,1.371,0.865,100.0,3,0.73,10
89827,80,2013,9,0.5728,1.574,0.787,94.12,4,1.49,17
89827,81,2013,10,0.1526,1.4056,0.8869,100.0,3,0.72,8
89827,82,2013,11,339.7334,2.7193,0.9064,30.77,8,740.25,13
89827,83,2013,12,0.1399,0.8366,0.8366,100.0,2,0.74,15
89827,84,2013,13,0.3508,2.2806,0.8823,93.75,6,0.98,16
89827,85,2013,14,1.0782,2.7784,0.8364,88.46,10,4.93,26
89827,86,2013,15,0.779,2.1595,0.8354,60.71,6,1.13,28
89827,87,2013,16,0.2413,1.5219,0.9602,100.0,3,0.65,10
89827,88,2013,17,0.0012,0.0,0.0,100.0,1,0.62,17
89827,89,2013,18,0.1828,0.9852,0.9852,100.0,2,0.61,7
89827,90,2013,19,0.6563,0.9183,0.9183,0.0,2,992.48,3
89827,91,2013,20,9.0991,1.6344,0.7039,0.0,5,992.47,24
89827,92,2013,21,6.362,2.1887,0.9426,0.0,5,992.46,12
89827,93,2013,22,7.1909,2.6699,0.89,0.0,8,992.48,26
89827,94,2013,23,3.4301,2.217,0.9548,0.0,5,993.87,14
89827,95,2013,24,8.7745,2.6456,0.9424,0.0,7,992.36,14
89827,96,2013,25,8.577,3.5952,0.8988,0.0,16,993.2,39
89827,97,2013,26,6.8752,2.2339,0.8642,0.0,6,992.59,17
89827,98,2013,27,6.7504,1.5567,0.9821,0.0,3,992.63,7
89827,99,2013,28,3.3444,2.5895,0.9224,0.0,7,992.68,19
89827,100,2013,29,0.6075,0.8113,0.8113,0.0,2,992.71,4
89827,101,2013,30,0.0,0.0,0.0,0.0,1,987.12,2
89827,102,2013,31,0.5508,1.5488,0.7744,0.0,4,992.75,8
89827,103,2013,32,1814.2994,3.3191,0.9258,0.0,12,3104.59,25
89827,104,2013,33,2.9027,2.1626,0.9314,0.0,5,997.28,11
89827,105,2013,34,477.7056,1.5726,0.9922,36.36,3,992.77,11
89827,138,2014,15,0.5016,1.8699,0.374,98.68,32,6.88,1290
89827,139,2014,16,0.1041,1.8502,0.7158,100.0,6,0.51,78
89827,140,2014,17,0.4925,3.4008,0.5909,93.62,54,2.97,549
89827,141,2014,18,0.4503,2.9954,0.5708,99.34,38,4.84,912
89827,142,2014,19,258.0554,2.0577,0.4844,91.99,19,997.02,549
89827,143,2014,20,0.6145,3.002,0.8112,0.0,13,995.63,97
89827,144,2014,21,24.7185,5.2136,0.6729,0.0,215,1041.38,1089
89827,145,2014,22,8.0382,5.1609,0.8773,0.0,59,997.79,158
89827,146,2014,23,2.6268,1.8282,0.7874,0.0,5,992.59,19
89827,147,2014,24,5.0864,3.182,0.9579,0.0,10,994.29,14
89827,148,2014,25,4.3525,5.3346,0.9031,0.0,60,997.51,117
89827,149,2014,26,3.4178,3.1668,0.7917,0.0,16,997.36,34
89827,150,2014,27,2.8671,4.1012,0.9489,0.0,20,997.37,24
89827,151,2014,28,5.1915,4.5851,0.8801,0.0,37,997.37,63
89827,152,2014,29,3.1082,3.4686,0.911,0.0,14,997.37,23
89827,153,2014,30,3.5976,2.4753,0.7809,0.0,9,997.37,22
89827,154,2014,31,0.0052,0.0,0.0,0.0,1,992.58,2
89827,155,2014,32,8.9433,6.0579,0.9503,0.0,83,1001.64,125
89827,157,2014,34,2.2926,5.9406,0.9424,6.25,79,7.2,128
89827,158,2014,35,1.7069,5.0644,0.8473,11.46,63,5.31,253
89827,159,2014,36,1.2181,5.082,0.8751,23.36,56,4.68,107
89827,160,2014,37,67.0501,3.6645,0.9903,0.0,13,216.35,14
89827,162,2014,39,1.2056,4.3523,0.8959,48.21,29,4.55,56
89827,164,2014,41,0.9861,2.9968,0.7671,13.33,15,4.43,30
89827,166,2014,43,621.5588,3.3278,0.962,0.0,11,2565.95,16
89827,167,2014,44,0.4977,2.8371,0.7667,7.55,13,2.95,53
89827,168,2014,45,1.386,5.1336,0.7499,20.22,115,14.16,732
89827,169,2014,46,1.0118,5.0767,0.7963,13.9,83,4.77,446
89827,170,2014,47,1.0119,5.1817,0.8636,13.19,64,4.54,235
89827,171,2014,48,497.8199,6.1414,0.9005,1.71,113,1037.86,234
89827,173,2014,50,1.5025,4.8596,0.9809,42.11,31,4.54,38
89827,174,2014,51,0.5714,2.3219,1.0,60.0,5,1.8,5
95426,7,2011,40,0.4901,2.5883,0.5804,97.45,22,2.79,1649
95426,8,2011,41,356.6542,2.315,0.4985,70.8,25,825.72,2616
95426,9,2011,42,409.9255,3.0223,0.5056,34.29,63,899.92,3039
95426,10,2011,43,0.1439,0.962,0.2405,100.0,16,0.78,2422
95426,11,2011,44,0.385,2.3822,0.5266,97.73,23,3.71,2426
95426,12,2011,45,404.8688,3.1621,0.5077,47.87,75,1254.44,2701
95426,13,2011,46,36.6122,2.2359,0.5264,95.15,19,1254.44,2352
95426,14,2011,47,401.5993,3.1172,0.6484,36.65,28,832.51,2559
95426,15,2011,48,25.2209,2.283,0.5282,98.8,20,350.93,1582
95426,16,2011,49,0.2373,1.7711,0.5587,99.74,9,0.96,386
95426,17,2011,50,418.4666,1.478,0.6366,45.61,5,840.83,684
95426,18,2011,51,4.5962,2.4932,0.4861,0.0,35,824.45,2032
95426,19,2011,52,220.0727,0.2108,0.2108,0.0,2,1535.58,30
95426,20,2012,1,0.0,0.0,0.0,0.0,1,820.18,33
95426,21,2012,2,0.2911,0.8732,0.5509,0.0,3,820.2,835
95426,22,2012,3,0.0049,0.9354,0.9354,100.0,2,0.42,754
95426,23,2012,4,0.0012,0.0,0.0,100.0,1,0.42,587
95426,25,2012,6,0.0047,0.9501,0.9501,100.0,2,0.42,417
95426,26,2012,7,0.0142,1.38,0.8707,100.0,3,0.44,1026
95426,27,2012,8,0.0046,0.992,0.992,100.0,2,0.42,467
